trial,ablation_variant,algorithm,implementation,label,m,n,measurement_ratio,matrix_kind,coeff_mode,snr_db,noise_sigma,nmse,relative_l2_error,support_recall,support_precision,exact_support_recovery,runtime_sec,iterations,support_size,final_residual_norm,stop_reason,false_positive_count,false_negative_count,solver_time_sec,screening_pool_size_avg,used_incremental_solver,fallback_reason,solver_fallback_count,duplicate_candidate_hits,max_support_condition,rescue_attempted,rescue_accepted,used_tail_refinement,used_gain_reranking,used_forward_backward,used_two_phase_tail,used_cholesky_solver,peak_working_set_bytes,residual_bytes,x_hat_bytes,support_mask_bytes,solver_gram_bytes,solver_rhs_bytes,support_history_bytes,residual_history_bytes,support_size_history_bytes,candidate_size_history_bytes,group_size_history_bytes,support_condition_history_bytes,extra_array_bytes,correlation_time_sec,selection_time_sec,solve_time_sec,residual_update_time_sec,support_refinement_time_sec
0,full_suite,gOMP,optimized,gOMP (optimized),96,256,0.375,gaussian,gaussian,clean,0.0,0.0007163025634107458,0.026763829386146253,0.875,0.875,0,0.0044544970005517825,6,16.0,0.07457805932270245,target_sparsity_reached,2,2,0.001025348999974085,3.0,True,,0,0,2.252071783347957,0.0,0.0,0.0,0.0,0.0,0.0,0.0,1216.0,768.0,0.0,256.0,0.0,0.0,128.0,56.0,0.0,0.0,0.0,8.0,0.0,8.654499833937734e-05,0.001336251003522193,0.001025348999974085,6.686000051558949e-05,0.0
0,full_suite,gOMP+AdaptiveScreen,optimized,gOMP+AdaptiveScreen (optimized),96,256,0.375,gaussian,gaussian,clean,0.0,3.7225633829561334e-30,1.9293945638350216e-15,1.0,1.0,1,0.0019253749997005798,6,16.0,5.679590629028137e-15,residual_tol,0,0,0.0005786469992017373,0.0,False,,0,0,2.1123238876443993,1.0,1.0,0.0,0.0,1.0,0.0,1.0,3056.0,768.0,2048.0,0.0,0.0,0.0,128.0,56.0,48.0,0.0,0.0,8.0,0.0,4.30410000262782e-05,0.0008951379968493711,0.000542479996511247,7.42739975976292e-05,0.00013932400179328397
0,full_suite,gOMP+IncrementalSolver,optimized,gOMP+IncrementalSolver (optimized),96,256,0.375,gaussian,gaussian,clean,0.0,1.382709580547376e-20,1.1758867209673625e-10,1.0,1.0,1,0.001453963999665575,6,16.0,3.120410661598954e-10,residual_tol,0,0,0.0002674280040082522,0.0,True,,0,0,2.1123238876443993,1.0,1.0,0.0,0.0,1.0,0.0,1.0,5232.0,768.0,2048.0,0.0,2048.0,128.0,128.0,56.0,48.0,0.0,0.0,8.0,0.0,3.167500108247623e-05,0.0006618950028496329,0.0003999269974883646,5.9515994507819414e-05,0.00012279300062800758
0,full_suite,gOMP+NoiseAwareStop,optimized,gOMP+NoiseAwareStop (optimized),96,256,0.375,gaussian,gaussian,clean,0.0,3.7225633829561334e-30,1.9293945638350216e-15,1.0,1.0,1,0.001257451996934833,6,16.0,5.679590629028137e-15,residual_tol,0,0,0.00027246900208410807,0.0,False,,0,0,2.1123238876443993,1.0,1.0,0.0,0.0,1.0,0.0,1.0,3056.0,768.0,2048.0,0.0,0.0,0.0,128.0,56.0,48.0,0.0,0.0,8.0,0.0,2.8280006517888978e-05,0.00064608499451424,0.00023159500415204093,4.59850016341079e-05,0.0001296679984079674
0,full_suite,gOMP+Adaptive+Incremental,optimized,gOMP+Adaptive+Incremental (optimized),96,256,0.375,gaussian,gaussian,clean,0.0,1.382709580547376e-20,1.1758867209673625e-10,1.0,1.0,1,0.001114228998631006,6,16.0,3.120410661598954e-10,residual_tol,0,0,0.00013993199172546156,0.0,True,,0,0,2.1123238876443993,1.0,1.0,0.0,0.0,1.0,0.0,1.0,5232.0,768.0,2048.0,0.0,2048.0,128.0,128.0,56.0,48.0,0.0,0.0,8.0,0.0,2.511998900445178e-05,0.0005627630052913446,0.00023244900148711167,3.8269005017355084e-05,0.00011250498937442899
0,full_suite,gOMP+Adaptive+NoiseAware,optimized,gOMP+Adaptive+NoiseAware (optimized),96,256,0.375,gaussian,gaussian,clean,0.0,3.7225633829561334e-30,1.9293945638350216e-15,1.0,1.0,1,0.0010976180019497406,6,16.0,5.679590629028137e-15,residual_tol,0,0,0.00023258800501935184,0.0,False,,0,0,2.1123238876443993,1.0,1.0,0.0,0.0,1.0,0.0,1.0,3056.0,768.0,2048.0,0.0,0.0,0.0,128.0,56.0,48.0,0.0,0.0,8.0,0.0,2.5638004444772378e-05,0.000569386003917316,0.00019343999520060606,4.290400102036074e-05,0.00014076299703447148
0,full_suite,gOMP+Incremental+NoiseAware,optimized,gOMP+Incremental+NoiseAware (optimized),96,256,0.375,gaussian,gaussian,clean,0.0,1.382709580547376e-20,1.1758867209673625e-10,1.0,1.0,1,0.001209892001497792,6,16.0,3.120410661598954e-10,residual_tol,0,0,0.00013904200022807345,0.0,True,,0,0,2.1123238876443993,1.0,1.0,0.0,0.0,1.0,0.0,1.0,5232.0,768.0,2048.0,0.0,2048.0,128.0,128.0,56.0,48.0,0.0,0.0,8.0,0.0,2.9710005037486553e-05,0.0006033520003256854,0.000262408000708092,4.093100142199546e-05,0.0001106730051105842
0,full_suite,Improved-gOMP,optimized,Improved-gOMP (optimized),96,256,0.375,gaussian,gaussian,clean,0.0,1.382709580547376e-20,1.1758867209673625e-10,1.0,1.0,1,0.0011030099994968623,6,16.0,3.120410661598954e-10,residual_tol,0,0,0.0001276479961234145,0.0,True,,0,0,2.1123238876443993,1.0,1.0,0.0,0.0,1.0,0.0,1.0,5232.0,768.0,2048.0,0.0,2048.0,128.0,128.0,56.0,48.0,0.0,0.0,8.0,0.0,2.5733988877618685e-05,0.0005734510014008265,0.00021894000019528903,3.735200152732432e-05,0.0001136800019594375
1,full_suite,gOMP,optimized,gOMP (optimized),96,256,0.375,gaussian,gaussian,clean,0.0,0.0020507739244311103,0.04528547144980507,0.875,0.875,0,0.0002462519987602718,6,16.0,0.1612512228282901,target_sparsity_reached,2,2,8.496299778926186e-05,3.0,True,,0,0,2.318754483270795,0.0,0.0,0.0,0.0,0.0,0.0,0.0,1216.0,768.0,0.0,256.0,0.0,0.0,128.0,56.0,0.0,0.0,0.0,8.0,0.0,2.50429984589573e-05,5.1212002290412784e-05,8.496299778926186e-05,2.7776008209912106e-05,0.0
1,full_suite,gOMP+AdaptiveScreen,optimized,gOMP+AdaptiveScreen (optimized),96,256,0.375,gaussian,gaussian,clean,0.0,8.901054674330784e-31,9.434540091774895e-16,1.0,1.0,1,0.0013360919983824715,6,16.0,4.023261699095711e-15,residual_tol,0,0,0.00023483200129703619,0.0,False,,0,0,2.007829676830915,1.0,1.0,0.0,0.0,1.0,0.0,1.0,3056.0,768.0,2048.0,0.0,0.0,0.0,128.0,56.0,48.0,0.0,0.0,8.0,0.0,2.5833996915025637e-05,0.0005731130040658172,0.0002170469997508917,4.604699643095955e-05,0.00034955900264321826
1,full_suite,gOMP+IncrementalSolver,optimized,gOMP+IncrementalSolver (optimized),96,256,0.375,gaussian,gaussian,clean,0.0,8.901054674330784e-31,9.434540091774895e-16,1.0,1.0,1,0.0019263380017946474,6,16.0,4.023261699095711e-15,residual_tol,0,0,0.0002462250013195444,0.0,True,,0,0,2.007829676830915,1.0,1.0,0.0,0.0,1.0,0.0,1.0,5232.0,768.0,2048.0,0.0,2048.0,128.0,128.0,56.0,48.0,0.0,0.0,8.0,0.0,3.173399454681203e-05,0.0008470590037177317,0.0003723799964063801,5.7052995543926954e-05,0.00043437299973447807
1,full_suite,gOMP+NoiseAwareStop,optimized,gOMP+NoiseAwareStop (optimized),96,256,0.375,gaussian,gaussian,clean,0.0,8.901054674330784e-31,9.434540091774895e-16,1.0,1.0,1,0.00128482400032226,6,16.0,4.023261699095711e-15,residual_tol,0,0,0.0002232449987786822,0.0,False,,0,0,2.007829676830915,1.0,1.0,0.0,0.0,1.0,0.0,1.0,3056.0,768.0,2048.0,0.0,0.0,0.0,128.0,56.0,48.0,0.0,0.0,8.0,0.0,2.6261990569764748e-05,0.0005820770020363852,0.00019221999900764786,3.9521004509879276e-05,0.0003171639946231153
1,full_suite,gOMP+Adaptive+Incremental,optimized,gOMP+Adaptive+Incremental (optimized),96,256,0.375,gaussian,gaussian,clean,0.0,8.901054674330784e-31,9.434540091774895e-16,1.0,1.0,1,0.0018207339999207761,6,16.0,4.023261699095711e-15,residual_tol,0,0,0.00020076600048923865,0.0,True,,0,0,2.007829676830915,1.0,1.0,0.0,0.0,1.0,0.0,1.0,5232.0,768.0,2048.0,0.0,2048.0,128.0,128.0,56.0,48.0,0.0,0.0,8.0,0.0,2.7190999389858916e-05,0.0006209059938555583,0.00036600900421035476,5.376100307330489e-05,0.0006038280043867417
1,full_suite,gOMP+Adaptive+NoiseAware,optimized,gOMP+Adaptive+NoiseAware (optimized),96,256,0.375,gaussian,gaussian,clean,0.0,8.901054674330784e-31,9.434540091774895e-16,1.0,1.0,1,0.00158116000238806,6,16.0,4.023261699095711e-15,residual_tol,0,0,0.0003218729980289936,0.0,False,,0,0,2.007829676830915,1.0,1.0,0.0,0.0,1.0,0.0,1.0,3056.0,768.0,2048.0,0.0,0.0,0.0,128.0,56.0,48.0,0.0,0.0,8.0,0.0,3.529000241542235e-05,0.0006820320013503078,0.0002863630033971276,6.388000110746361e-05,0.00035238299824413843
1,full_suite,gOMP+Incremental+NoiseAware,optimized,gOMP+Incremental+NoiseAware (optimized),96,256,0.375,gaussian,gaussian,clean,0.0,8.901054674330784e-31,9.434540091774895e-16,1.0,1.0,1,0.0014428440008487087,6,16.0,4.023261699095711e-15,residual_tol,0,0,0.00013948399646324106,0.0,True,,0,0,2.007829676830915,1.0,1.0,0.0,0.0,1.0,0.0,1.0,5232.0,768.0,2048.0,0.0,2048.0,128.0,128.0,56.0,48.0,0.0,0.0,8.0,0.0,2.8873997507616878e-05,0.0005791789917566348,0.00023530899852630682,3.989200195064768e-05,0.000419351999880746
1,full_suite,Improved-gOMP,optimized,Improved-gOMP (optimized),96,256,0.375,gaussian,gaussian,clean,0.0,8.901054674330784e-31,9.434540091774895e-16,1.0,1.0,1,0.0014416640005947556,6,16.0,4.023261699095711e-15,residual_tol,0,0,0.00015174999862210825,0.0,True,,0,0,2.007829676830915,1.0,1.0,0.0,0.0,1.0,0.0,1.0,5232.0,768.0,2048.0,0.0,2048.0,128.0,128.0,56.0,48.0,0.0,0.0,8.0,0.0,3.5378998290980235e-05,0.0005655620007019024,0.00024139399829437025,3.983000715379603e-05,0.00041755799611564726
2,full_suite,gOMP,optimized,gOMP (optimized),96,256,0.375,gaussian,gaussian,clean,0.0,0.0002989106624342512,0.017289033010386996,0.9375,0.9375,0,0.0002306990027136635,6,16.0,0.04575912989471857,target_sparsity_reached,1,1,7.783099863445386e-05,3.0,True,,0,0,2.136257026212258,0.0,0.0,0.0,0.0,0.0,0.0,0.0,1216.0,768.0,0.0,256.0,0.0,0.0,128.0,56.0,0.0,0.0,0.0,8.0,0.0,2.307899558218196e-05,5.0167996960226446e-05,7.783099863445386e-05,2.7121001039631665e-05,0.0
2,full_suite,gOMP+AdaptiveScreen,optimized,gOMP+AdaptiveScreen (optimized),96,256,0.375,gaussian,gaussian,clean,0.0,0.0002989106624189889,0.01728903300994561,0.9375,0.9375,0,0.0010778220021165907,6,16.0,0.04575912989471855,target_sparsity_reached,1,1,0.00022496199744637124,0.0,False,,0,0,2.136257026212257,1.0,1.0,0.0,0.0,1.0,0.0,1.0,3056.0,768.0,2048.0,0.0,0.0,0.0,128.0,56.0,48.0,0.0,0.0,8.0,0.0,2.575200778665021e-05,0.0005675649954355322,0.00018699099382502027,3.812000068137422e-05,0.00013323100210982375
2,full_suite,gOMP+IncrementalSolver,optimized,gOMP+IncrementalSolver (optimized),96,256,0.375,gaussian,gaussian,clean,0.0,0.00029891066243425404,0.01728903301038708,0.9375,0.9375,0,0.0012782810008502565,6,16.0,0.04575912989471857,target_sparsity_reached,1,1,0.00015412100037792698,0.0,True,,0,0,2.136257026212257,1.0,1.0,0.0,0.0,1.0,0.0,1.0,5232.0,768.0,2048.0,0.0,2048.0,128.0,128.0,56.0,48.0,0.0,0.0,8.0,0.0,2.974800008814782e-05,0.0006902010027260985,0.00025312100115115754,4.2398001824039966e-05,0.00011553400327102281
2,full_suite,gOMP+NoiseAwareStop,optimized,gOMP+NoiseAwareStop (optimized),96,256,0.375,gaussian,gaussian,clean,0.0,0.0002989106624189889,0.01728903300994561,0.9375,0.9375,0,0.001085517000319669,6,16.0,0.04575912989471855,target_sparsity_reached,1,1,0.00023331600095843896,0.0,False,,0,0,2.136257026212257,1.0,1.0,0.0,0.0,1.0,0.0,1.0,3056.0,768.0,2048.0,0.0,0.0,0.0,128.0,56.0,48.0,0.0,0.0,8.0,0.0,2.5503999495413154e-05,0.0005815940021420829,0.00020147399482084438,4.0828996134223416e-05,0.00010752599700936116
2,full_suite,gOMP+Adaptive+Incremental,optimized,gOMP+Adaptive+Incremental (optimized),96,256,0.375,gaussian,gaussian,clean,0.0,0.00029891066243425404,0.01728903301038708,0.9375,0.9375,0,0.0010866769989661407,6,16.0,0.04575912989471857,target_sparsity_reached,1,1,0.00012742600301862694,0.0,True,,0,0,2.136257026212257,1.0,1.0,0.0,0.0,1.0,0.0,1.0,5232.0,768.0,2048.0,0.0,2048.0,128.0,128.0,56.0,48.0,0.0,0.0,8.0,0.0,2.4905002646846697e-05,0.0005648199949064292,0.00021854300211998634,3.582500357879326e-05,0.00011324900333420373
2,full_suite,gOMP+Adaptive+NoiseAware,optimized,gOMP+Adaptive+NoiseAware (optimized),96,256,0.375,gaussian,gaussian,clean,0.0,0.0002989106624189889,0.01728903300994561,0.9375,0.9375,0,0.0010711350005294662,6,16.0,0.04575912989471855,target_sparsity_reached,1,1,0.00023000899818725884,0.0,False,,0,0,2.136257026212257,1.0,1.0,0.0,0.0,1.0,0.0,1.0,3056.0,768.0,2048.0,0.0,0.0,0.0,128.0,56.0,48.0,0.0,0.0,8.0,0.0,2.6350993721280247e-05,0.0005552209950110409,0.00019320600040373392,3.7986999814165756e-05,0.00013124300312483683
2,full_suite,gOMP+Incremental+NoiseAware,optimized,gOMP+Incremental+NoiseAware (optimized),96,256,0.375,gaussian,gaussian,clean,0.0,0.00029891066243425404,0.01728903301038708,0.9375,0.9375,0,0.0018287300008523744,6,16.0,0.04575912989471857,target_sparsity_reached,1,1,0.00018707700291997753,0.0,True,,0,0,2.136257026212257,1.0,1.0,0.0,0.0,1.0,0.0,1.0,5232.0,768.0,2048.0,0.0,2048.0,128.0,128.0,56.0,48.0,0.0,0.0,8.0,0.0,4.7128996811807156e-05,0.0010256619934807532,0.000336883997078985,5.288900501909666e-05,0.00013274400407681242
2,full_suite,Improved-gOMP,optimized,Improved-gOMP (optimized),96,256,0.375,gaussian,gaussian,clean,0.0,0.00029891066243425404,0.01728903301038708,0.9375,0.9375,0,0.0011278480014880188,6,16.0,0.04575912989471857,target_sparsity_reached,1,1,0.0001369700075883884,0.0,True,,0,0,2.136257026212257,1.0,1.0,0.0,0.0,1.0,0.0,1.0,5232.0,768.0,2048.0,0.0,2048.0,128.0,128.0,56.0,48.0,0.0,0.0,8.0,0.0,2.655299977050163e-05,0.0005839939913130365,0.00022864400307298638,3.902700336766429e-05,0.00010881000343943015
3,full_suite,gOMP,optimized,gOMP (optimized),96,256,0.375,gaussian,gaussian,clean,0.0,1.3567746588820363e-20,1.1648067045145458e-10,1.0,1.0,1,0.00024422199930995703,6,16.0,2.883423440677423e-10,target_sparsity_reached,0,0,8.326200259034522e-05,3.0,True,,0,0,2.0198715755258494,0.0,0.0,0.0,0.0,0.0,0.0,0.0,1216.0,768.0,0.0,256.0,0.0,0.0,128.0,56.0,0.0,0.0,0.0,8.0,0.0,2.3403998056892306e-05,5.294999573379755e-05,8.326200259034522e-05,2.876499274861999e-05,0.0
3,full_suite,gOMP+AdaptiveScreen,optimized,gOMP+AdaptiveScreen (optimized),96,256,0.375,gaussian,gaussian,clean,0.0,0.007944850226217126,0.0891338893250885,0.9375,0.9375,0,0.0012476299998525064,6,16.0,0.1854455508105144,target_sparsity_reached,1,1,0.0002425659986329265,0.0,False,,0,0,2.1748543452722204,1.0,1.0,0.0,0.0,1.0,0.0,1.0,3056.0,768.0,2048.0,0.0,0.0,0.0,128.0,56.0,48.0,0.0,0.0,8.0,0.0,2.3502994736190885e-05,0.000657855998724699,0.00020859700089204125,4.037600228912197e-05,0.00011905000064871274
3,full_suite,gOMP+IncrementalSolver,optimized,gOMP+IncrementalSolver (optimized),96,256,0.375,gaussian,gaussian,clean,0.0,0.007944850223101475,0.08913388930761114,0.9375,0.9375,0,0.0011247600014030468,6,16.0,0.1854455508105144,target_sparsity_reached,1,1,0.00013362898971536197,0.0,True,,0,0,2.1748543452722204,1.0,1.0,0.0,0.0,1.0,0.0,1.0,5232.0,768.0,2048.0,0.0,2048.0,128.0,128.0,56.0,48.0,0.0,0.0,8.0,0.0,2.3950000468175858e-05,0.0005902280063310172,0.00023081200197339058,3.790199480135925e-05,0.00010156499774893746
3,full_suite,gOMP+NoiseAwareStop,optimized,gOMP+NoiseAwareStop (optimized),96,256,0.375,gaussian,gaussian,clean,0.0,0.007944850226217126,0.0891338893250885,0.9375,0.9375,0,0.0010993529976985883,6,16.0,0.1854455508105144,target_sparsity_reached,1,1,0.00024134999330271967,0.0,False,,0,0,2.1748543452722204,1.0,1.0,0.0,0.0,1.0,0.0,1.0,3056.0,768.0,2048.0,0.0,0.0,0.0,128.0,56.0,48.0,0.0,0.0,8.0,0.0,2.4118002329487354e-05,0.0005913030036026612,0.000208838999242289,3.962399568990804e-05,0.00011188500138814561
3,full_suite,gOMP+Adaptive+Incremental,optimized,gOMP+Adaptive+Incremental (optimized),96,256,0.375,gaussian,gaussian,clean,0.0,0.007944850223101475,0.08913388930761114,0.9375,0.9375,0,0.001129023999965284,6,16.0,0.1854455508105144,target_sparsity_reached,1,1,0.00013364800179260783,0.0,True,,0,0,2.1748543452722204,1.0,1.0,0.0,0.0,1.0,0.0,1.0,5232.0,768.0,2048.0,0.0,2048.0,128.0,128.0,56.0,48.0,0.0,0.0,8.0,0.0,2.20239999180194e-05,0.0005751179996877909,0.00022603600154980086,3.6435994843486696e-05,0.00012931699529872276
3,full_suite,gOMP+Adaptive+NoiseAware,optimized,gOMP+Adaptive+NoiseAware (optimized),96,256,0.375,gaussian,gaussian,clean,0.0,0.007944850226217126,0.0891338893250885,0.9375,0.9375,0,0.0009881520018097945,6,16.0,0.1854455508105144,target_sparsity_reached,1,1,0.00021377800658228807,0.0,False,,0,0,2.1748543452722204,1.0,1.0,0.0,0.0,1.0,0.0,1.0,3056.0,768.0,2048.0,0.0,0.0,0.0,128.0,56.0,48.0,0.0,0.0,8.0,0.0,2.17180022445973e-05,0.0005239130005065817,0.00018055299733532593,3.328800085000694e-05,0.00011539999104570597
3,full_suite,gOMP+Incremental+NoiseAware,optimized,gOMP+Incremental+NoiseAware (optimized),96,256,0.375,gaussian,gaussian,clean,0.0,0.007944850223101475,0.08913388930761114,0.9375,0.9375,0,0.0010912180005107075,6,16.0,0.1854455508105144,target_sparsity_reached,1,1,0.00012950499876751564,0.0,True,,0,0,2.1748543452722204,1.0,1.0,0.0,0.0,1.0,0.0,1.0,5232.0,768.0,2048.0,0.0,2048.0,128.0,128.0,56.0,48.0,0.0,0.0,8.0,0.0,2.20909969357308e-05,0.0005529519985429943,0.00021834900326211937,3.562799247447401e-05,0.000111135006591212
3,full_suite,Improved-gOMP,optimized,Improved-gOMP (optimized),96,256,0.375,gaussian,gaussian,clean,0.0,0.007944850223101475,0.08913388930761114,0.9375,0.9375,0,0.0011408520003897138,6,16.0,0.1854455508105144,target_sparsity_reached,1,1,0.00013091500295558944,0.0,True,,0,0,2.1748543452722204,1.0,1.0,0.0,0.0,1.0,0.0,1.0,5232.0,768.0,2048.0,0.0,2048.0,128.0,128.0,56.0,48.0,0.0,0.0,8.0,0.0,2.366000262554735e-05,0.0005798110032628756,0.00022359000286087394,4.4707001507049426e-05,0.0001277430019399617
4,full_suite,gOMP,optimized,gOMP (optimized),96,256,0.375,gaussian,gaussian,clean,0.0,0.0024572685979551982,0.049570844232827004,0.9375,0.9375,0,0.0003283890000602696,6,16.0,0.16014479146292837,target_sparsity_reached,1,1,0.00012421499559422955,3.0,True,,0,0,1.9809515069812114,0.0,0.0,0.0,0.0,0.0,0.0,0.0,1216.0,768.0,0.0,256.0,0.0,0.0,128.0,56.0,0.0,0.0,0.0,8.0,0.0,3.352899875608273e-05,6.448000203818083e-05,0.00012421499559422955,4.013500074506737e-05,0.0
4,full_suite,gOMP+AdaptiveScreen,optimized,gOMP+AdaptiveScreen (optimized),96,256,0.375,gaussian,gaussian,clean,0.0,0.002457268598656031,0.049570844239896,0.9375,0.9375,0,0.0010846080003830139,6,16.0,0.16014479146292834,target_sparsity_reached,1,1,0.00023320099353441037,0.0,False,,0,0,1.9809515069812111,1.0,1.0,0.0,0.0,1.0,0.0,1.0,3056.0,768.0,2048.0,0.0,0.0,0.0,128.0,56.0,48.0,0.0,0.0,8.0,0.0,2.5588997232262045e-05,0.0005652740073855966,0.00019482900097500533,4.3903000914724544e-05,0.00012926799900014885
4,full_suite,gOMP+IncrementalSolver,optimized,gOMP+IncrementalSolver (optimized),96,256,0.375,gaussian,gaussian,clean,0.0,0.0024572685979552013,0.04957084423282703,0.9375,0.9375,0,0.0010799060000863392,6,16.0,0.16014479146292834,target_sparsity_reached,1,1,0.00012656100079766475,0.0,True,,0,0,1.9809515069812111,1.0,1.0,0.0,0.0,1.0,0.0,1.0,5232.0,768.0,2048.0,0.0,2048.0,128.0,128.0,56.0,48.0,0.0,0.0,8.0,0.0,4.025600355817005e-05,0.0005535470045288093,0.00022202599575393833,3.6803998227696866e-05,9.789700561668724e-05
4,full_suite,gOMP+NoiseAwareStop,optimized,gOMP+NoiseAwareStop (optimized),96,256,0.375,gaussian,gaussian,clean,0.0,0.002457268598656031,0.049570844239896,0.9375,0.9375,0,0.0016378940017602872,6,16.0,0.16014479146292834,target_sparsity_reached,1,1,0.0002703460049815476,0.0,False,,0,0,1.9809515069812111,1.0,1.0,0.0,0.0,1.0,0.0,1.0,3056.0,768.0,2048.0,0.0,0.0,0.0,128.0,56.0,48.0,0.0,0.0,8.0,0.0,3.4980999771505594e-05,0.0010553559986874461,0.0002316939971933607,4.9642996600596234e-05,0.0001255349925486371
4,full_suite,gOMP+Adaptive+Incremental,optimized,gOMP+Adaptive+Incremental (optimized),96,256,0.375,gaussian,gaussian,clean,0.0,0.0024572685979552013,0.04957084423282703,0.9375,0.9375,0,0.0011533000033523422,6,16.0,0.16014479146292834,target_sparsity_reached,1,1,0.00013358799697016366,0.0,True,,0,0,1.9809515069812111,1.0,1.0,0.0,0.0,1.0,0.0,1.0,5232.0,768.0,2048.0,0.0,2048.0,128.0,128.0,56.0,48.0,0.0,0.0,8.0,0.0,2.6750996767077595e-05,0.0006023139940225519,0.00023368700567516498,4.765100311487913e-05,0.00010848600140889175
4,full_suite,gOMP+Adaptive+NoiseAware,optimized,gOMP+Adaptive+NoiseAware (optimized),96,256,0.375,gaussian,gaussian,clean,0.0,0.002457268598656031,0.049570844239896,0.9375,0.9375,0,0.000988904997939244,6,16.0,0.16014479146292834,target_sparsity_reached,1,1,0.00021292099336278625,0.0,False,,0,0,1.9809515069812111,1.0,1.0,0.0,0.0,1.0,0.0,1.0,3056.0,768.0,2048.0,0.0,0.0,0.0,128.0,56.0,48.0,0.0,0.0,8.0,0.0,2.4077999114524573e-05,0.0005146139956195839,0.0001774869961082004,3.524499697959982e-05,0.0001247309919563122
4,full_suite,gOMP+Incremental+NoiseAware,optimized,gOMP+Incremental+NoiseAware (optimized),96,256,0.375,gaussian,gaussian,clean,0.0,0.0024572685979552013,0.04957084423282703,0.9375,0.9375,0,0.0010325449984520674,6,16.0,0.16014479146292834,target_sparsity_reached,1,1,0.0001350390048173722,0.0,True,,0,0,1.9809515069812111,1.0,1.0,0.0,0.0,1.0,0.0,1.0,5232.0,768.0,2048.0,0.0,2048.0,128.0,128.0,56.0,48.0,0.0,0.0,8.0,0.0,2.4224998924182728e-05,0.0005223450025368948,0.00021987600121065043,3.71429996448569e-05,9.740799578139558e-05
4,full_suite,Improved-gOMP,optimized,Improved-gOMP (optimized),96,256,0.375,gaussian,gaussian,clean,0.0,0.0024572685979552013,0.04957084423282703,0.9375,0.9375,0,0.001015361998724984,6,16.0,0.16014479146292834,target_sparsity_reached,1,1,0.00011328300388413481,0.0,True,,0,0,1.9809515069812111,1.0,1.0,0.0,0.0,1.0,0.0,1.0,5232.0,768.0,2048.0,0.0,2048.0,128.0,128.0,56.0,48.0,0.0,0.0,8.0,0.0,2.4057004338828847e-05,0.0005349519960873295,0.0001935050095198676,3.5596003726823255e-05,0.00010255500455969013
5,full_suite,gOMP,optimized,gOMP (optimized),96,256,0.375,gaussian,gaussian,clean,0.0,0.0007742293573027715,0.027824977220166264,0.9375,0.9375,0,0.0002944830011983868,6,16.0,0.10463319161542164,target_sparsity_reached,1,1,9.766600123839453e-05,3.0,True,,0,0,2.17272874712288,0.0,0.0,0.0,0.0,0.0,0.0,0.0,1216.0,768.0,0.0,256.0,0.0,0.0,128.0,56.0,0.0,0.0,0.0,8.0,0.0,3.857600313494913e-05,6.2801998865325e-05,9.766600123839453e-05,3.3628999517532066e-05,0.0
5,full_suite,gOMP+AdaptiveScreen,optimized,gOMP+AdaptiveScreen (optimized),96,256,0.375,gaussian,gaussian,clean,0.0,4.812421124718864e-30,2.193723119429356e-15,1.0,1.0,1,0.0014415130026463885,7,16.0,9.992093957423753e-15,residual_tol,0,0,0.0002675399991858285,0.0,False,,0,0,2.150362704374352,1.0,1.0,0.0,0.0,1.0,0.0,1.0,3072.0,768.0,2048.0,0.0,0.0,0.0,128.0,64.0,56.0,0.0,0.0,8.0,0.0,2.676099757081829e-05,0.0006716030002280604,0.00023407999833580106,4.967600398231298e-05,0.00031868000587564893
5,full_suite,gOMP+IncrementalSolver,optimized,gOMP+IncrementalSolver (optimized),96,256,0.375,gaussian,gaussian,clean,0.0,2.3598218001332896e-20,1.536171149362365e-10,1.0,1.0,1,0.0014088070020079613,7,16.0,5.894580792242518e-10,residual_tol,0,0,0.00014634000035584904,0.0,True,,0,0,2.150362704374352,1.0,1.0,0.0,0.0,1.0,0.0,1.0,5248.0,768.0,2048.0,0.0,2048.0,128.0,128.0,64.0,56.0,0.0,0.0,8.0,0.0,2.5928995455615222e-05,0.0006715070012432989,0.00023878800129750744,4.2225005017826334e-05,0.0002921000086644199
5,full_suite,gOMP+NoiseAwareStop,optimized,gOMP+NoiseAwareStop (optimized),96,256,0.375,gaussian,gaussian,clean,0.0,4.812421124718864e-30,2.193723119429356e-15,1.0,1.0,1,0.001266678998945281,7,16.0,9.992093957423753e-15,residual_tol,0,0,0.00022990800061961636,0.0,False,,0,0,2.150362704374352,1.0,1.0,0.0,0.0,1.0,0.0,1.0,3072.0,768.0,2048.0,0.0,0.0,0.0,128.0,64.0,56.0,0.0,0.0,8.0,0.0,2.459299867041409e-05,0.0005735329978051595,0.0002013769990298897,3.728100273292512e-05,0.0002984450002259109
5,full_suite,gOMP+Adaptive+Incremental,optimized,gOMP+Adaptive+Incremental (optimized),96,256,0.375,gaussian,gaussian,clean,0.0,2.3598218001332896e-20,1.536171149362365e-10,1.0,1.0,1,0.0012752190013998188,7,16.0,5.894580792242518e-10,residual_tol,0,0,0.00013402999320533127,0.0,True,,0,0,2.150362704374352,1.0,1.0,0.0,0.0,1.0,0.0,1.0,5248.0,768.0,2048.0,0.0,2048.0,128.0,128.0,64.0,56.0,0.0,0.0,8.0,0.0,2.4247994588222355e-05,0.0005697119995602407,0.00021960900267004035,3.9190006646094844e-05,0.00029089499366818927
5,full_suite,gOMP+Adaptive+NoiseAware,optimized,gOMP+Adaptive+NoiseAware (optimized),96,256,0.375,gaussian,gaussian,clean,0.0,4.812421124718864e-30,2.193723119429356e-15,1.0,1.0,1,0.0013871460032532923,7,16.0,9.992093957423753e-15,residual_tol,0,0,0.000258715997915715,0.0,False,,0,0,2.150362704374352,1.0,1.0,0.0,0.0,1.0,0.0,1.0,3072.0,768.0,2048.0,0.0,0.0,0.0,128.0,64.0,56.0,0.0,0.0,8.0,0.0,2.579500142019242e-05,0.0006299850028881337,0.00022460999753093347,4.470899875741452e-05,0.0003216740078642033
5,full_suite,gOMP+Incremental+NoiseAware,optimized,gOMP+Incremental+NoiseAware (optimized),96,256,0.375,gaussian,gaussian,clean,0.0,2.3598218001332896e-20,1.536171149362365e-10,1.0,1.0,1,0.0014296299996203743,7,16.0,5.894580792242518e-10,residual_tol,0,0,0.00015226000323309563,0.0,True,,0,0,2.150362704374352,1.0,1.0,0.0,0.0,1.0,0.0,1.0,5248.0,768.0,2048.0,0.0,2048.0,128.0,128.0,64.0,56.0,0.0,0.0,8.0,0.0,2.7949998184340075e-05,0.0006626760005019605,0.00024817999656079337,4.288499621907249e-05,0.0002999880016432144
5,full_suite,Improved-gOMP,optimized,Improved-gOMP (optimized),96,256,0.375,gaussian,gaussian,clean,0.0,2.3598218001332896e-20,1.536171149362365e-10,1.0,1.0,1,0.0013629679997393396,7,16.0,5.894580792242518e-10,residual_tol,0,0,0.00015481500304304063,0.0,True,,0,0,2.150362704374352,1.0,1.0,0.0,0.0,1.0,0.0,1.0,5248.0,768.0,2048.0,0.0,2048.0,128.0,128.0,64.0,56.0,0.0,0.0,8.0,0.0,2.52900026680436e-05,0.0006054840014257934,0.0002444560013827868,4.0205999539466575e-05,0.0003075420027016662
6,full_suite,gOMP,optimized,gOMP (optimized),96,256,0.375,gaussian,gaussian,clean,0.0,6.831691665068301e-06,0.002613750497860938,0.9375,0.9375,0,0.00022972599981585518,6,16.0,0.007843910079265796,target_sparsity_reached,1,1,7.729300341452472e-05,3.0,True,,0,0,2.279259097195161,0.0,0.0,0.0,0.0,0.0,0.0,0.0,1216.0,768.0,0.0,256.0,0.0,0.0,128.0,56.0,0.0,0.0,0.0,8.0,0.0,2.5990000722231343e-05,4.9124995712190866e-05,7.729300341452472e-05,2.5417000870220363e-05,0.0
6,full_suite,gOMP+AdaptiveScreen,optimized,gOMP+AdaptiveScreen (optimized),96,256,0.375,gaussian,gaussian,clean,0.0,6.902852178172106e-06,0.0026273279540575257,0.9375,0.9375,0,0.0010236540001642425,6,16.0,0.007815664865725512,target_sparsity_reached,1,1,0.00021227899924269877,0.0,False,,0,0,2.3832757908808846,1.0,1.0,0.0,0.0,1.0,0.0,1.0,3056.0,768.0,2048.0,0.0,0.0,0.0,128.0,56.0,48.0,0.0,0.0,8.0,0.0,2.3829001293051988e-05,0.0005242539955361281,0.000176267003553221,5.5864002206362784e-05,0.00012963900007889606
6,full_suite,gOMP+IncrementalSolver,optimized,gOMP+IncrementalSolver (optimized),96,256,0.375,gaussian,gaussian,clean,0.0,6.90285217294709e-06,0.0026273279530631666,0.9375,0.9375,0,0.0010803639997902792,6,16.0,0.007815664865725581,target_sparsity_reached,1,1,0.00012664599853451364,0.0,True,,0,0,2.3832757908808846,1.0,1.0,0.0,0.0,1.0,0.0,1.0,5232.0,768.0,2048.0,0.0,2048.0,128.0,128.0,56.0,48.0,0.0,0.0,8.0,0.0,2.5350000214530155e-05,0.0005452620025607757,0.00021522300085052848,3.8249003409873694e-05,0.00010471399946254678
6,full_suite,gOMP+NoiseAwareStop,optimized,gOMP+NoiseAwareStop (optimized),96,256,0.375,gaussian,gaussian,clean,0.0,6.902852178172106e-06,0.0026273279540575257,0.9375,0.9375,0,0.0011381880030967295,6,16.0,0.007815664865725512,target_sparsity_reached,1,1,0.00024364299315493554,0.0,False,,0,0,2.3832757908808846,1.0,1.0,0.0,0.0,1.0,0.0,1.0,3056.0,768.0,2048.0,0.0,0.0,0.0,128.0,56.0,48.0,0.0,0.0,8.0,0.0,2.632000541780144e-05,0.0005940840019320603,0.00020381699869176373,3.95499992009718e-05,0.00013620200115838088
6,full_suite,gOMP+Adaptive+Incremental,optimized,gOMP+Adaptive+Incremental (optimized),96,256,0.375,gaussian,gaussian,clean,0.0,6.90285217294709e-06,0.0026273279530631666,0.9375,0.9375,0,0.0010339219988964032,6,16.0,0.007815664865725581,target_sparsity_reached,1,1,0.00012210299973958172,0.0,True,,0,0,2.3832757908808846,1.0,1.0,0.0,0.0,1.0,0.0,1.0,5232.0,768.0,2048.0,0.0,2048.0,128.0,128.0,56.0,48.0,0.0,0.0,8.0,0.0,2.376500196987763e-05,0.0005387550008890685,0.00020770400078617968,3.607700273278169e-05,0.00010017099339165725
6,full_suite,gOMP+Adaptive+NoiseAware,optimized,gOMP+Adaptive+NoiseAware (optimized),96,256,0.375,gaussian,gaussian,clean,0.0,6.902852178172106e-06,0.0026273279540575257,0.9375,0.9375,0,0.0012552239968499634,6,16.0,0.007815664865725512,target_sparsity_reached,1,1,0.00024338700677617453,0.0,False,,0,0,2.3832757908808846,1.0,1.0,0.0,0.0,1.0,0.0,1.0,3056.0,768.0,2048.0,0.0,0.0,0.0,128.0,56.0,48.0,0.0,0.0,8.0,0.0,2.3933996999403462e-05,0.0005352170010155533,0.00018065100448438898,3.8977002986939624e-05,0.0002750229978119023
6,full_suite,gOMP+Incremental+NoiseAware,optimized,gOMP+Incremental+NoiseAware (optimized),96,256,0.375,gaussian,gaussian,clean,0.0,6.90285217294709e-06,0.0026273279530631666,0.9375,0.9375,0,0.0018038980015262496,6,16.0,0.007815664865725581,target_sparsity_reached,1,1,0.0002348380039620679,0.0,True,,0,0,2.3832757908808846,1.0,1.0,0.0,0.0,1.0,0.0,1.0,5232.0,768.0,2048.0,0.0,2048.0,128.0,128.0,56.0,48.0,0.0,0.0,8.0,0.0,8.642899774713442e-05,0.0008056160004343837,0.0003919280025002081,0.00011551399802556261,0.00021393199858721346
6,full_suite,Improved-gOMP,optimized,Improved-gOMP (optimized),96,256,0.375,gaussian,gaussian,clean,0.0,6.90285217294709e-06,0.0026273279530631666,0.9375,0.9375,0,0.001216459000715986,6,16.0,0.007815664865725581,target_sparsity_reached,1,1,0.0001295669972023461,0.0,True,,0,0,2.3832757908808846,1.0,1.0,0.0,0.0,1.0,0.0,1.0,5232.0,768.0,2048.0,0.0,2048.0,128.0,128.0,56.0,48.0,0.0,0.0,8.0,0.0,2.7087000489700586e-05,0.0005884120000700932,0.00022215200078790076,3.849499626085162e-05,0.00011383299352019094
7,full_suite,gOMP,optimized,gOMP (optimized),96,256,0.375,gaussian,gaussian,clean,0.0,4.4905079130644526e-05,0.00670112521377153,0.9375,0.9375,0,0.00024907500119297765,6,16.0,0.019945195942428107,target_sparsity_reached,1,1,8.554399391869083e-05,3.0,True,,0,0,1.9123344724029256,0.0,0.0,0.0,0.0,0.0,0.0,0.0,1216.0,768.0,0.0,256.0,0.0,0.0,128.0,56.0,0.0,0.0,0.0,8.0,0.0,2.338100239285268e-05,5.186300404602662e-05,8.554399391869083e-05,2.8637001378228888e-05,0.0
7,full_suite,gOMP+AdaptiveScreen,optimized,gOMP+AdaptiveScreen (optimized),96,256,0.375,gaussian,gaussian,clean,0.0,4.490507909363255e-05,0.006701125211009905,0.9375,0.9375,0,0.0010855859982257243,6,16.0,0.01994519594242815,target_sparsity_reached,1,1,0.00022359200011123903,0.0,False,,0,0,1.912334472402925,1.0,1.0,0.0,0.0,1.0,0.0,1.0,3056.0,768.0,2048.0,0.0,0.0,0.0,128.0,56.0,48.0,0.0,0.0,8.0,0.0,2.16510052268859e-05,0.0005943010000919458,0.00019124800019199029,4.128299769945443e-05,0.0001140710010076873
7,full_suite,gOMP+IncrementalSolver,optimized,gOMP+IncrementalSolver (optimized),96,256,0.375,gaussian,gaussian,clean,0.0,4.4905079130643984e-05,0.006701125213771489,0.9375,0.9375,0,0.0010878600005526096,6,16.0,0.01994519594242815,target_sparsity_reached,1,1,0.00012650499775190838,0.0,True,,0,0,1.912334472402925,1.0,1.0,0.0,0.0,1.0,0.0,1.0,5232.0,768.0,2048.0,0.0,2048.0,128.0,128.0,56.0,48.0,0.0,0.0,8.0,0.0,2.1583000489044935e-05,0.0005525400010810699,0.0002254089995403774,3.955500142183155e-05,0.0001166929978353437
7,full_suite,gOMP+NoiseAwareStop,optimized,gOMP+NoiseAwareStop (optimized),96,256,0.375,gaussian,gaussian,clean,0.0,4.490507909363255e-05,0.006701125211009905,0.9375,0.9375,0,0.0010489759988558944,6,16.0,0.01994519594242815,target_sparsity_reached,1,1,0.00022166199778439477,0.0,False,,0,0,1.912334472402925,1.0,1.0,0.0,0.0,1.0,0.0,1.0,3056.0,768.0,2048.0,0.0,0.0,0.0,128.0,56.0,48.0,0.0,0.0,8.0,0.0,2.1293002646416426e-05,0.0005594419963017572,0.0001840090008045081,3.619500421336852e-05,0.00012651400174945593
7,full_suite,gOMP+Adaptive+Incremental,optimized,gOMP+Adaptive+Incremental (optimized),96,256,0.375,gaussian,gaussian,clean,0.0,4.4905079130643984e-05,0.006701125213771489,0.9375,0.9375,0,0.0010482130019227043,6,16.0,0.01994519594242815,target_sparsity_reached,1,1,0.00013331699665286578,0.0,True,,0,0,1.912334472402925,1.0,1.0,0.0,0.0,1.0,0.0,1.0,5232.0,768.0,2048.0,0.0,2048.0,128.0,128.0,56.0,48.0,0.0,0.0,8.0,0.0,2.212799881817773e-05,0.0005214169977989513,0.00021826300508109853,3.52120005118195e-05,0.00011694201020873152
7,full_suite,gOMP+Adaptive+NoiseAware,optimized,gOMP+Adaptive+NoiseAware (optimized),96,256,0.375,gaussian,gaussian,clean,0.0,4.490507909363255e-05,0.006701125211009905,0.9375,0.9375,0,0.0010001729970099404,6,16.0,0.01994519594242815,target_sparsity_reached,1,1,0.00020786599998245947,0.0,False,,0,0,1.912334472402925,1.0,1.0,0.0,0.0,1.0,0.0,1.0,3056.0,768.0,2048.0,0.0,0.0,0.0,128.0,56.0,48.0,0.0,0.0,8.0,0.0,2.1003997972002253e-05,0.0005293679969327059,0.00017605900211492553,3.353500142111443e-05,0.00011157999688293785
7,full_suite,gOMP+Incremental+NoiseAware,optimized,gOMP+Incremental+NoiseAware (optimized),96,256,0.375,gaussian,gaussian,clean,0.0,4.4905079130643984e-05,0.006701125213771489,0.9375,0.9375,0,0.0011131089995615184,6,16.0,0.01994519594242815,target_sparsity_reached,1,1,0.0001701259971014224,0.0,True,,0,0,1.912334472402925,1.0,1.0,0.0,0.0,1.0,0.0,1.0,5232.0,768.0,2048.0,0.0,2048.0,128.0,128.0,56.0,48.0,0.0,0.0,8.0,0.0,2.1780004317406565e-05,0.0005691229926014785,0.00025790499785216525,3.7445999623741955e-05,9.639999916544184e-05
7,full_suite,Improved-gOMP,optimized,Improved-gOMP (optimized),96,256,0.375,gaussian,gaussian,clean,0.0,4.4905079130643984e-05,0.006701125213771489,0.9375,0.9375,0,0.0011031180001737084,6,16.0,0.01994519594242815,target_sparsity_reached,1,1,0.00013767800555797294,0.0,True,,0,0,1.912334472402925,1.0,1.0,0.0,0.0,1.0,0.0,1.0,5232.0,768.0,2048.0,0.0,2048.0,128.0,128.0,56.0,48.0,0.0,0.0,8.0,0.0,2.2392996470443904e-05,0.0005425200033641886,0.0002448450031806715,3.789799666265026e-05,0.00011271600305917673
8,full_suite,gOMP,optimized,gOMP (optimized),96,256,0.375,gaussian,gaussian,clean,0.0,0.0020990778227525857,0.04581569406603578,0.9375,0.9375,0,0.00022636599896941334,6,16.0,0.16824712406267708,target_sparsity_reached,1,1,7.511899821111001e-05,3.0,True,,0,0,2.2076037025847994,0.0,0.0,0.0,0.0,0.0,0.0,0.0,1216.0,768.0,0.0,256.0,0.0,0.0,128.0,56.0,0.0,0.0,0.0,8.0,0.0,2.4798002414172515e-05,4.7398003516718745e-05,7.511899821111001e-05,2.6155001251026988e-05,0.0
8,full_suite,gOMP+AdaptiveScreen,optimized,gOMP+AdaptiveScreen (optimized),96,256,0.375,gaussian,gaussian,clean,0.0,0.003234543012925962,0.05687304293710652,0.9375,0.9375,0,0.0010976669982483145,6,16.0,0.17469613315745125,target_sparsity_reached,1,1,0.00023447600324288942,0.0,False,,0,0,2.1454148721763073,1.0,1.0,0.0,0.0,1.0,0.0,1.0,3056.0,768.0,2048.0,0.0,0.0,0.0,128.0,56.0,48.0,0.0,0.0,8.0,0.0,2.5403001927770674e-05,0.0005912789929425344,0.0001900509960250929,3.778700192924589e-05,0.00013119400318828411
8,full_suite,gOMP+IncrementalSolver,optimized,gOMP+IncrementalSolver (optimized),96,256,0.375,gaussian,gaussian,clean,0.0,0.0032345430114088473,0.05687304292376879,0.9375,0.9375,0,0.0017909489979501814,6,16.0,0.17469613315745125,target_sparsity_reached,1,1,0.00018070399892167188,0.0,True,,0,0,2.1454148721763073,1.0,1.0,0.0,0.0,1.0,0.0,1.0,5232.0,768.0,2048.0,0.0,2048.0,128.0,128.0,56.0,48.0,0.0,0.0,8.0,0.0,3.57469980372116e-05,0.001000993994239252,0.00034132400469388813,5.569199856836349e-05,0.00010288100384059362
8,full_suite,gOMP+NoiseAwareStop,optimized,gOMP+NoiseAwareStop (optimized),96,256,0.375,gaussian,gaussian,clean,0.0,0.003234543012925962,0.05687304293710652,0.9375,0.9375,0,0.0016672700003255159,6,16.0,0.17469613315745125,target_sparsity_reached,1,1,0.0003940740025427658,0.0,False,,0,0,2.1454148721763073,1.0,1.0,0.0,0.0,1.0,0.0,1.0,3056.0,768.0,2048.0,0.0,0.0,0.0,128.0,56.0,48.0,0.0,0.0,8.0,0.0,2.993000452988781e-05,0.0008894480051822029,0.0003071729952353053,5.221500396146439e-05,0.00021745100093539804
8,full_suite,gOMP+Adaptive+Incremental,optimized,gOMP+Adaptive+Incremental (optimized),96,256,0.375,gaussian,gaussian,clean,0.0,0.0032345430114088473,0.05687304292376879,0.9375,0.9375,0,0.0011777830004575662,6,16.0,0.17469613315745125,target_sparsity_reached,1,1,0.00013487800242728554,0.0,True,,0,0,2.1454148721763073,1.0,1.0,0.0,0.0,1.0,0.0,1.0,5232.0,768.0,2048.0,0.0,2048.0,128.0,128.0,56.0,48.0,0.0,0.0,8.0,0.0,2.677000520634465e-05,0.000619193997408729,0.00023094499920262024,4.0544993680668995e-05,0.00011923800047952682
8,full_suite,gOMP+Adaptive+NoiseAware,optimized,gOMP+Adaptive+NoiseAware (optimized),96,256,0.375,gaussian,gaussian,clean,0.0,0.003234543012925962,0.05687304293710652,0.9375,0.9375,0,0.0012552380030683707,6,16.0,0.17469613315745125,target_sparsity_reached,1,1,0.00023543099450762384,0.0,False,,0,0,2.1454148721763073,1.0,1.0,0.0,0.0,1.0,0.0,1.0,3056.0,768.0,2048.0,0.0,0.0,0.0,128.0,56.0,48.0,0.0,0.0,8.0,0.0,3.0019004043424502e-05,0.0007336290036619175,0.00020174100063741207,4.323800385463983e-05,0.00011767999603762291
8,full_suite,gOMP+Incremental+NoiseAware,optimized,gOMP+Incremental+NoiseAware (optimized),96,256,0.375,gaussian,gaussian,clean,0.0,0.0032345430114088473,0.05687304292376879,0.9375,0.9375,0,0.001152469001681311,6,16.0,0.17469613315745125,target_sparsity_reached,1,1,0.00013302899969858117,0.0,True,,0,0,2.1454148721763073,1.0,1.0,0.0,0.0,1.0,0.0,1.0,5232.0,768.0,2048.0,0.0,2048.0,128.0,128.0,56.0,48.0,0.0,0.0,8.0,0.0,2.9423998057609424e-05,0.0005814080068375915,0.00022599299700232223,6.667100024060346e-05,0.00010613999256747775
8,full_suite,Improved-gOMP,optimized,Improved-gOMP (optimized),96,256,0.375,gaussian,gaussian,clean,0.0,0.0032345430114088473,0.05687304292376879,0.9375,0.9375,0,0.0011596160002227407,6,16.0,0.17469613315745125,target_sparsity_reached,1,1,0.00013444200521917082,0.0,True,,0,0,2.1454148721763073,1.0,1.0,0.0,0.0,1.0,0.0,1.0,5232.0,768.0,2048.0,0.0,2048.0,128.0,128.0,56.0,48.0,0.0,0.0,8.0,0.0,2.4984001356642693e-05,0.0005778220038337167,0.0002032449992839247,3.466899579507299e-05,0.0001789759953680914
9,full_suite,gOMP,optimized,gOMP (optimized),96,256,0.375,gaussian,gaussian,clean,0.0,0.0008752119956678072,0.029583982079290933,0.9375,0.9375,0,0.0002448720006213989,6,16.0,0.1032968697641914,target_sparsity_reached,1,1,8.070699914242141e-05,3.0,True,,0,0,2.194543843763113,0.0,0.0,0.0,0.0,0.0,0.0,0.0,1216.0,768.0,0.0,256.0,0.0,0.0,128.0,56.0,0.0,0.0,0.0,8.0,0.0,2.8957001632079482e-05,5.31109981238842e-05,8.070699914242141e-05,2.7168996894033626e-05,0.0
9,full_suite,gOMP+AdaptiveScreen,optimized,gOMP+AdaptiveScreen (optimized),96,256,0.375,gaussian,gaussian,clean,0.0,2.069263926412671e-30,1.4384936309948234e-15,1.0,1.0,1,0.001341338997008279,6,16.0,5.891263950529457e-15,residual_tol,0,0,0.0002846179959306028,0.0,False,,0,0,2.0593736375066913,1.0,1.0,0.0,0.0,1.0,0.0,1.0,3056.0,768.0,2048.0,0.0,0.0,0.0,128.0,56.0,48.0,0.0,0.0,8.0,0.0,2.1011997887399048e-05,0.0005469090028782375,0.0002525690033507999,4.319699291954748e-05,0.00035714699697564356
9,full_suite,gOMP+IncrementalSolver,optimized,gOMP+IncrementalSolver (optimized),96,256,0.375,gaussian,gaussian,clean,0.0,2.069263926412671e-30,1.4384936309948234e-15,1.0,1.0,1,0.0014460880011029076,6,16.0,5.891263950529457e-15,residual_tol,0,0,0.0001459869963582605,0.0,True,,0,0,2.0593736375066913,1.0,1.0,0.0,0.0,1.0,0.0,1.0,5232.0,768.0,2048.0,0.0,2048.0,128.0,128.0,56.0,48.0,0.0,0.0,8.0,0.0,2.5571007427060977e-05,0.0005777130063506775,0.0002427709987387061,4.288699710741639e-05,0.00041807000161497854
9,full_suite,gOMP+NoiseAwareStop,optimized,gOMP+NoiseAwareStop (optimized),96,256,0.375,gaussian,gaussian,clean,0.0,2.069263926412671e-30,1.4384936309948234e-15,1.0,1.0,1,0.0012575920009112451,6,16.0,5.891263950529457e-15,residual_tol,0,0,0.00024855399897205643,0.0,False,,0,0,2.0593736375066913,1.0,1.0,0.0,0.0,1.0,0.0,1.0,3056.0,768.0,2048.0,0.0,0.0,0.0,128.0,56.0,48.0,0.0,0.0,8.0,0.0,2.3047996364766732e-05,0.0005611449996649753,0.0002213970037701074,4.026000533485785e-05,0.00028676900183199905
9,full_suite,gOMP+Adaptive+Incremental,optimized,gOMP+Adaptive+Incremental (optimized),96,256,0.375,gaussian,gaussian,clean,0.0,2.069263926412671e-30,1.4384936309948234e-15,1.0,1.0,1,0.0012871449980593752,6,16.0,5.891263950529457e-15,residual_tol,0,0,0.00012331500329310074,0.0,True,,0,0,2.0593736375066913,1.0,1.0,0.0,0.0,1.0,0.0,1.0,5232.0,768.0,2048.0,0.0,2048.0,128.0,128.0,56.0,48.0,0.0,0.0,8.0,0.0,2.0184001186862588e-05,0.0005326210048224311,0.0002015270001720637,3.275500421295874e-05,0.0003807809989666566
9,full_suite,gOMP+Adaptive+NoiseAware,optimized,gOMP+Adaptive+NoiseAware (optimized),96,256,0.375,gaussian,gaussian,clean,0.0,2.069263926412671e-30,1.4384936309948234e-15,1.0,1.0,1,0.0012360330001683906,6,16.0,5.891263950529457e-15,residual_tol,0,0,0.0002182440039177891,0.0,False,,0,0,2.0593736375066913,1.0,1.0,0.0,0.0,1.0,0.0,1.0,3056.0,768.0,2048.0,0.0,0.0,0.0,128.0,56.0,48.0,0.0,0.0,8.0,0.0,2.144300378859043e-05,0.0005401410053309519,0.00018424099835101515,3.63670005754102e-05,0.0003192999938619323
9,full_suite,gOMP+Incremental+NoiseAware,optimized,gOMP+Incremental+NoiseAware (optimized),96,256,0.375,gaussian,gaussian,clean,0.0,2.069263926412671e-30,1.4384936309948234e-15,1.0,1.0,1,0.0014989060000516474,6,16.0,5.891263950529457e-15,residual_tol,0,0,0.00013770899749943055,0.0,True,,0,0,2.0593736375066913,1.0,1.0,0.0,0.0,1.0,0.0,1.0,5232.0,768.0,2048.0,0.0,2048.0,128.0,128.0,56.0,48.0,0.0,0.0,8.0,0.0,2.4289001885335892e-05,0.000639665999187855,0.0002449289968353696,4.0211991290561855e-05,0.0004084670035808813
9,full_suite,Improved-gOMP,optimized,Improved-gOMP (optimized),96,256,0.375,gaussian,gaussian,clean,0.0,2.069263926412671e-30,1.4384936309948234e-15,1.0,1.0,1,0.0013784679977106862,6,16.0,5.891263950529457e-15,residual_tol,0,0,0.0001291230037168134,0.0,True,,0,0,2.0593736375066913,1.0,1.0,0.0,0.0,1.0,0.0,1.0,5232.0,768.0,2048.0,0.0,2048.0,128.0,128.0,56.0,48.0,0.0,0.0,8.0,0.0,2.3649001377634704e-05,0.0005729419972340111,0.00022167800489114597,3.595100497477688e-05,0.000389690998417791
10,full_suite,gOMP,optimized,gOMP (optimized),96,256,0.375,gaussian,gaussian,clean,0.0,0.0030749779967239885,0.055452484134833745,0.9375,0.9375,0,0.0002388969987805467,6,16.0,0.19205349768593663,target_sparsity_reached,1,1,8.172699745045975e-05,3.0,True,,0,0,2.142455264429513,0.0,0.0,0.0,0.0,0.0,0.0,0.0,1216.0,768.0,0.0,256.0,0.0,0.0,128.0,56.0,0.0,0.0,0.0,8.0,0.0,2.5331995857413858e-05,4.957000055583194e-05,8.172699745045975e-05,2.7223999495618045e-05,0.0
10,full_suite,gOMP+AdaptiveScreen,optimized,gOMP+AdaptiveScreen (optimized),96,256,0.375,gaussian,gaussian,clean,0.0,3.7718716852003604e-30,1.9421307075478623e-15,1.0,1.0,1,0.0013511099969036877,6,16.0,8.16952729922578e-15,residual_tol,0,0,0.0002717730021686293,0.0,False,,0,0,1.9898560343298277,1.0,1.0,0.0,0.0,1.0,0.0,1.0,3056.0,768.0,2048.0,0.0,0.0,0.0,128.0,56.0,48.0,0.0,0.0,8.0,0.0,2.615699850139208e-05,0.0005788279995613266,0.00024114700136124156,5.161499939276837e-05,0.00031780700373928994
10,full_suite,gOMP+IncrementalSolver,optimized,gOMP+IncrementalSolver (optimized),96,256,0.375,gaussian,gaussian,clean,0.0,3.7718716852003604e-30,1.9421307075478623e-15,1.0,1.0,1,0.0013980399999127258,6,16.0,8.16952729922578e-15,residual_tol,0,0,0.0001330619961663615,0.0,True,,0,0,1.9898560343298277,1.0,1.0,0.0,0.0,1.0,0.0,1.0,5232.0,768.0,2048.0,0.0,2048.0,128.0,128.0,56.0,48.0,0.0,0.0,8.0,0.0,2.62970024778042e-05,0.0005715769984817598,0.00022182300017448142,3.901000309269875e-05,0.0004053110060340259
10,full_suite,gOMP+NoiseAwareStop,optimized,gOMP+NoiseAwareStop (optimized),96,256,0.375,gaussian,gaussian,clean,0.0,3.7718716852003604e-30,1.9421307075478623e-15,1.0,1.0,1,0.0011938520001422148,6,16.0,8.16952729922578e-15,residual_tol,0,0,0.00021365799693739973,0.0,False,,0,0,1.9898560343298277,1.0,1.0,0.0,0.0,1.0,0.0,1.0,3056.0,768.0,2048.0,0.0,0.0,0.0,128.0,56.0,48.0,0.0,0.0,8.0,0.0,2.5579000066500157e-05,0.0005408439974416979,0.00018174899742007256,3.5882996598957106e-05,0.0002922360035881866
10,full_suite,gOMP+Adaptive+Incremental,optimized,gOMP+Adaptive+Incremental (optimized),96,256,0.375,gaussian,gaussian,clean,0.0,3.7718716852003604e-30,1.9421307075478623e-15,1.0,1.0,1,0.0014432829993893392,6,16.0,8.16952729922578e-15,residual_tol,0,0,0.00012751300164381973,0.0,True,,0,0,1.9898560343298277,1.0,1.0,0.0,0.0,1.0,0.0,1.0,5232.0,768.0,2048.0,0.0,2048.0,128.0,128.0,56.0,48.0,0.0,0.0,8.0,0.0,2.4504002794856206e-05,0.0006095290045777801,0.0002162119999411516,4.022000575787388e-05,0.0004008779942523688
10,full_suite,gOMP+Adaptive+NoiseAware,optimized,gOMP+Adaptive+NoiseAware (optimized),96,256,0.375,gaussian,gaussian,clean,0.0,3.7718716852003604e-30,1.9421307075478623e-15,1.0,1.0,1,0.0012093799996364396,6,16.0,8.16952729922578e-15,residual_tol,0,0,0.00021155799549887888,0.0,False,,0,0,1.9898560343298277,1.0,1.0,0.0,0.0,1.0,0.0,1.0,3056.0,768.0,2048.0,0.0,0.0,0.0,128.0,56.0,48.0,0.0,0.0,8.0,0.0,2.3914002667879686e-05,0.000537240004632622,0.00018084399562212639,3.544599894667044e-05,0.00031205499908537604
10,full_suite,gOMP+Incremental+NoiseAware,optimized,gOMP+Incremental+NoiseAware (optimized),96,256,0.375,gaussian,gaussian,clean,0.0,3.7718716852003604e-30,1.9421307075478623e-15,1.0,1.0,1,0.0013743039999098983,6,16.0,8.16952729922578e-15,residual_tol,0,0,0.00012844699813285843,0.0,True,,0,0,1.9898560343298277,1.0,1.0,0.0,0.0,1.0,0.0,1.0,5232.0,768.0,2048.0,0.0,2048.0,128.0,128.0,56.0,48.0,0.0,0.0,8.0,0.0,2.7828995371237397e-05,0.0005485460023919586,0.00021848100368515588,3.781600753427483e-05,0.00040621100197313353
10,full_suite,Improved-gOMP,optimized,Improved-gOMP (optimized),96,256,0.375,gaussian,gaussian,clean,0.0,3.7718716852003604e-30,1.9421307075478623e-15,1.0,1.0,1,0.0013193490012781695,6,16.0,8.16952729922578e-15,residual_tol,0,0,0.00012101900574634783,0.0,True,,0,0,1.9898560343298277,1.0,1.0,0.0,0.0,1.0,0.0,1.0,5232.0,768.0,2048.0,0.0,2048.0,128.0,128.0,56.0,48.0,0.0,0.0,8.0,0.0,2.3971995688043535e-05,0.000548598007299006,0.00021259099958115257,3.5472003219183534e-05,0.0003726249997271225
11,full_suite,gOMP,optimized,gOMP (optimized),96,256,0.375,gaussian,gaussian,clean,0.0,1.1125851270997405e-20,1.0547915088299396e-10,1.0,1.0,1,0.00023027399947750382,6,16.0,3.4463236517658705e-10,target_sparsity_reached,0,0,8.380899816984311e-05,3.0,True,,0,0,2.2181846111112224,0.0,0.0,0.0,0.0,0.0,0.0,0.0,1216.0,768.0,0.0,256.0,0.0,0.0,128.0,56.0,0.0,0.0,0.0,8.0,0.0,2.025900175794959e-05,4.909499693894759e-05,8.380899816984311e-05,2.6041001547127962e-05,0.0
11,full_suite,gOMP+AdaptiveScreen,optimized,gOMP+AdaptiveScreen (optimized),96,256,0.375,gaussian,gaussian,clean,0.0,2.7492315656227744e-30,1.6580806873076998e-15,1.0,1.0,1,0.0013908509972679894,7,16.0,7.056877274678525e-15,residual_tol,0,0,0.00024612499692011625,0.0,False,,0,0,2.2181846111112224,1.0,1.0,0.0,0.0,1.0,0.0,1.0,3072.0,768.0,2048.0,0.0,0.0,0.0,128.0,64.0,56.0,0.0,0.0,8.0,0.0,2.58879954344593e-05,0.0006180910022521857,0.00021259299319353886,4.4177995732752606e-05,0.00035468099304125644
11,full_suite,gOMP+IncrementalSolver,optimized,gOMP+IncrementalSolver (optimized),96,256,0.375,gaussian,gaussian,clean,0.0,1.1125914514363758e-20,1.0547945067340728e-10,1.0,1.0,1,0.0014348859986057505,7,16.0,3.446330735857201e-10,residual_tol,0,0,0.0001532279929961078,0.0,True,,0,0,2.2181846111112224,1.0,1.0,0.0,0.0,1.0,0.0,1.0,5248.0,768.0,2048.0,0.0,2048.0,128.0,128.0,64.0,56.0,0.0,0.0,8.0,0.0,2.8781996661564335e-05,0.0006738869960827287,0.0002518359979148954,4.0801001887302846e-05,0.00027842500276165083
11,full_suite,gOMP+NoiseAwareStop,optimized,gOMP+NoiseAwareStop (optimized),96,256,0.375,gaussian,gaussian,clean,0.0,2.7492315656227744e-30,1.6580806873076998e-15,1.0,1.0,1,0.0014190570000209846,7,16.0,7.056877274678525e-15,residual_tol,0,0,0.00026415999673190527,0.0,False,,0,0,2.2181846111112224,1.0,1.0,0.0,0.0,1.0,0.0,1.0,3072.0,768.0,2048.0,0.0,0.0,0.0,128.0,64.0,56.0,0.0,0.0,8.0,0.0,2.797599881887436e-05,0.0006615360034629703,0.00022919199909665622,4.5087002945365384e-05,0.00031461400430998765
11,full_suite,gOMP+Adaptive+Incremental,optimized,gOMP+Adaptive+Incremental (optimized),96,256,0.375,gaussian,gaussian,clean,0.0,1.1125914514363758e-20,1.0547945067340728e-10,1.0,1.0,1,0.001308808001340367,7,16.0,3.446330735857201e-10,residual_tol,0,0,0.000137691997224465,0.0,True,,0,0,2.2181846111112224,1.0,1.0,0.0,0.0,1.0,0.0,1.0,5248.0,768.0,2048.0,0.0,2048.0,128.0,128.0,64.0,56.0,0.0,0.0,8.0,0.0,2.485600271029398e-05,0.0006119339996075723,0.00022561899822903797,3.7870991945965216e-05,0.00027591700199991465
11,full_suite,gOMP+Adaptive+NoiseAware,optimized,gOMP+Adaptive+NoiseAware (optimized),96,256,0.375,gaussian,gaussian,clean,0.0,2.7492315656227744e-30,1.6580806873076998e-15,1.0,1.0,1,0.0013072649999230634,7,16.0,7.056877274678525e-15,residual_tol,0,0,0.00023534400315838866,0.0,False,,0,0,2.2181846111112224,1.0,1.0,0.0,0.0,1.0,0.0,1.0,3072.0,768.0,2048.0,0.0,0.0,0.0,128.0,64.0,56.0,0.0,0.0,8.0,0.0,3.369200203451328e-05,0.0006077270008972846,0.00020304900681367144,3.8697999116266146e-05,0.00028941299387952313
11,full_suite,gOMP+Incremental+NoiseAware,optimized,gOMP+Incremental+NoiseAware (optimized),96,256,0.375,gaussian,gaussian,clean,0.0,1.1125914514363758e-20,1.0547945067340728e-10,1.0,1.0,1,0.00143864100027713,7,16.0,3.446330735857201e-10,residual_tol,0,0,0.00014509799802908674,0.0,True,,0,0,2.2181846111112224,1.0,1.0,0.0,0.0,1.0,0.0,1.0,5248.0,768.0,2048.0,0.0,2048.0,128.0,128.0,64.0,56.0,0.0,0.0,8.0,0.0,2.54239967034664e-05,0.00071145800393424,0.000240704004681902,4.385599459055811e-05,0.00027236900132265873
11,full_suite,Improved-gOMP,optimized,Improved-gOMP (optimized),96,256,0.375,gaussian,gaussian,clean,0.0,1.1125914514363758e-20,1.0547945067340728e-10,1.0,1.0,1,0.001265110000531422,7,16.0,3.446330735857201e-10,residual_tol,0,0,0.00014302300041890703,0.0,True,,0,0,2.2181846111112224,1.0,1.0,0.0,0.0,1.0,0.0,1.0,5248.0,768.0,2048.0,0.0,2048.0,128.0,128.0,64.0,56.0,0.0,0.0,8.0,0.0,2.4976998247439042e-05,0.000580517003982095,0.00022894399808137678,3.972900231019594e-05,0.00025354200624860823
12,full_suite,gOMP,optimized,gOMP (optimized),96,256,0.375,gaussian,gaussian,clean,0.0,1.5682902854602547e-20,1.2523139723968007e-10,1.0,1.0,1,0.0002638379992276896,6,16.0,4.3679529900183984e-10,target_sparsity_reached,0,0,9.502899774815887e-05,3.0,True,,0,0,2.192442187639418,0.0,0.0,0.0,0.0,0.0,0.0,0.0,1216.0,768.0,0.0,256.0,0.0,0.0,128.0,56.0,0.0,0.0,0.0,8.0,0.0,2.7731002774089575e-05,5.772499571321532e-05,9.502899774815887e-05,2.8291997296037152e-05,0.0
12,full_suite,gOMP+AdaptiveScreen,optimized,gOMP+AdaptiveScreen (optimized),96,256,0.375,gaussian,gaussian,clean,0.0,0.002247828836599661,0.04741127330709081,0.9375,0.9375,0,0.0010646239970810711,6,16.0,0.17368133703019084,target_sparsity_reached,1,1,0.000220515994442394,0.0,False,,0,0,2.302294038717813,1.0,1.0,0.0,0.0,1.0,0.0,1.0,3056.0,768.0,2048.0,0.0,0.0,0.0,128.0,56.0,48.0,0.0,0.0,8.0,0.0,2.3848002456361428e-05,0.0005817640048917383,0.00018692899902816862,3.781000486924313e-05,0.00011844399705296382
12,full_suite,gOMP+IncrementalSolver,optimized,gOMP+IncrementalSolver (optimized),96,256,0.375,gaussian,gaussian,clean,0.0,0.002247828837841624,0.047411273320188574,0.9375,0.9375,0,0.0009692270032246597,6,16.0,0.17368133703019087,target_sparsity_reached,1,1,0.0001147659968410153,0.0,True,,0,0,2.302294038717813,1.0,1.0,0.0,0.0,1.0,0.0,1.0,5232.0,768.0,2048.0,0.0,2048.0,128.0,128.0,56.0,48.0,0.0,0.0,8.0,0.0,2.2976004402153194e-05,0.0005023620033171028,0.0001984349983104039,3.329099854454398e-05,9.347599916509353e-05
12,full_suite,gOMP+NoiseAwareStop,optimized,gOMP+NoiseAwareStop (optimized),96,256,0.375,gaussian,gaussian,clean,0.0,0.002247828836599661,0.04741127330709081,0.9375,0.9375,0,0.00104750899845385,6,16.0,0.17368133703019084,target_sparsity_reached,1,1,0.00022081299903220497,0.0,False,,0,0,2.302294038717813,1.0,1.0,0.0,0.0,1.0,0.0,1.0,3056.0,768.0,2048.0,0.0,0.0,0.0,128.0,56.0,48.0,0.0,0.0,8.0,0.0,2.4101002054521814e-05,0.0005394159998104442,0.00018007900143857114,3.7006993807153776e-05,0.0001357729925075546
12,full_suite,gOMP+Adaptive+Incremental,optimized,gOMP+Adaptive+Incremental (optimized),96,256,0.375,gaussian,gaussian,clean,0.0,0.002247828837841624,0.047411273320188574,0.9375,0.9375,0,0.0011968079998041503,6,16.0,0.17368133703019087,target_sparsity_reached,1,1,0.0001394319988321513,0.0,True,,0,0,2.302294038717813,1.0,1.0,0.0,0.0,1.0,0.0,1.0,5232.0,768.0,2048.0,0.0,2048.0,128.0,128.0,56.0,48.0,0.0,0.0,8.0,0.0,2.6366004021838307e-05,0.0006350840048980899,0.0002369030044064857,4.0226001146947965e-05,0.00011639700460364111
12,full_suite,gOMP+Adaptive+NoiseAware,optimized,gOMP+Adaptive+NoiseAware (optimized),96,256,0.375,gaussian,gaussian,clean,0.0,0.002247828836599661,0.04741127330709081,0.9375,0.9375,0,0.001034846998663852,6,16.0,0.17368133703019084,target_sparsity_reached,1,1,0.0002168339997297153,0.0,False,,0,0,2.302294038717813,1.0,1.0,0.0,0.0,1.0,0.0,1.0,3056.0,768.0,2048.0,0.0,0.0,0.0,128.0,56.0,48.0,0.0,0.0,8.0,0.0,2.5985995307564735e-05,0.0005551300055230968,0.0001841689954744652,3.678900611703284e-05,0.00011558899495867081
12,full_suite,gOMP+Incremental+NoiseAware,optimized,gOMP+Incremental+NoiseAware (optimized),96,256,0.375,gaussian,gaussian,clean,0.0,0.002247828837841624,0.047411273320188574,0.9375,0.9375,0,0.0010047520008811262,6,16.0,0.17368133703019087,target_sparsity_reached,1,1,0.00013174400373827666,0.0,True,,0,0,2.302294038717813,1.0,1.0,0.0,0.0,1.0,0.0,1.0,5232.0,768.0,2048.0,0.0,2048.0,128.0,128.0,56.0,48.0,0.0,0.0,8.0,0.0,2.353099625906907e-05,0.0005094970001664478,0.00021612599812215194,3.6306002584751695e-05,9.649999992689118e-05
12,full_suite,Improved-gOMP,optimized,Improved-gOMP (optimized),96,256,0.375,gaussian,gaussian,clean,0.0,0.002247828837841624,0.047411273320188574,0.9375,0.9375,0,0.0009953660010069143,6,16.0,0.17368133703019087,target_sparsity_reached,1,1,0.00011595899923122488,0.0,True,,0,0,2.302294038717813,1.0,1.0,0.0,0.0,1.0,0.0,1.0,5232.0,768.0,2048.0,0.0,2048.0,128.0,128.0,56.0,48.0,0.0,0.0,8.0,0.0,2.3652002710150555e-05,0.0005095280030218419,0.00019835300190607086,3.429999924264848e-05,0.00010500099961063825
13,full_suite,gOMP,optimized,gOMP (optimized),96,256,0.375,gaussian,gaussian,clean,0.0,2.5172942039659318e-20,1.5865983121023202e-10,1.0,1.0,1,0.00022710999837727286,6,16.0,4.3345552841406787e-10,target_sparsity_reached,0,0,7.894200462033041e-05,3.0,True,,0,0,2.2231988450467264,0.0,0.0,0.0,0.0,0.0,0.0,0.0,1216.0,768.0,0.0,256.0,0.0,0.0,128.0,56.0,0.0,0.0,0.0,8.0,0.0,1.907700061565265e-05,4.866899689659476e-05,7.894200462033041e-05,2.6529000024311244e-05,0.0
13,full_suite,gOMP+AdaptiveScreen,optimized,gOMP+AdaptiveScreen (optimized),96,256,0.375,gaussian,gaussian,clean,0.0,1.3742503826245123e-30,1.1722842584563321e-15,1.0,1.0,1,0.0013619119999930263,6,16.0,4.306351364339504e-15,residual_tol,0,0,0.00024105800184770487,0.0,False,,0,0,2.2231988450467264,1.0,1.0,0.0,0.0,1.0,0.0,1.0,3056.0,768.0,2048.0,0.0,0.0,0.0,128.0,56.0,48.0,0.0,0.0,8.0,0.0,2.3010994482319802e-05,0.0006149649998405948,0.00020676300482591614,4.1273004171671346e-05,0.00034807799966074526
13,full_suite,gOMP+IncrementalSolver,optimized,gOMP+IncrementalSolver (optimized),96,256,0.375,gaussian,gaussian,clean,0.0,2.5172919859051966e-20,1.5865976131033338e-10,1.0,1.0,1,0.0012856670000473969,6,16.0,4.3345565588878535e-10,residual_tol,0,0,0.00012941000022692606,0.0,True,,0,0,2.2231988450467264,1.0,1.0,0.0,0.0,1.0,0.0,1.0,5232.0,768.0,2048.0,0.0,2048.0,128.0,128.0,56.0,48.0,0.0,0.0,8.0,0.0,2.6236997655360028e-05,0.000581639997108141,0.00022256799275055528,3.6154993722448125e-05,0.0002869000018108636
13,full_suite,gOMP+NoiseAwareStop,optimized,gOMP+NoiseAwareStop (optimized),96,256,0.375,gaussian,gaussian,clean,0.0,1.3742503826245123e-30,1.1722842584563321e-15,1.0,1.0,1,0.0011947370003326796,6,16.0,4.306351364339504e-15,residual_tol,0,0,0.00021072600065963343,0.0,False,,0,0,2.2231988450467264,1.0,1.0,0.0,0.0,1.0,0.0,1.0,3056.0,768.0,2048.0,0.0,0.0,0.0,128.0,56.0,48.0,0.0,0.0,8.0,0.0,2.1153005945961922e-05,0.0005334760062396526,0.00017739299801178277,3.41220002155751e-05,0.00031083900830708444
13,full_suite,gOMP+Adaptive+Incremental,optimized,gOMP+Adaptive+Incremental (optimized),96,256,0.375,gaussian,gaussian,clean,0.0,2.5172919859051966e-20,1.5865976131033338e-10,1.0,1.0,1,0.0012568110032589175,6,16.0,4.3345565588878535e-10,residual_tol,0,0,0.00012317600339883938,0.0,True,,0,0,2.2231988450467264,1.0,1.0,0.0,0.0,1.0,0.0,1.0,5232.0,768.0,2048.0,0.0,2048.0,128.0,128.0,56.0,48.0,0.0,0.0,8.0,0.0,2.116800533258356e-05,0.0005760510030086152,0.00020903399854432791,3.324000499560498e-05,0.0002957560027425643
13,full_suite,gOMP+Adaptive+NoiseAware,optimized,gOMP+Adaptive+NoiseAware (optimized),96,256,0.375,gaussian,gaussian,clean,0.0,1.3742503826245123e-30,1.1722842584563321e-15,1.0,1.0,1,0.0012392390017339494,6,16.0,4.306351364339504e-15,residual_tol,0,0,0.00021577499865088612,0.0,False,,0,0,2.2231988450467264,1.0,1.0,0.0,0.0,1.0,0.0,1.0,3056.0,768.0,2048.0,0.0,0.0,0.0,128.0,56.0,48.0,0.0,0.0,8.0,0.0,2.2117994376458228e-05,0.0005800490034744143,0.00018025399913312867,3.6341993109090254e-05,0.00029872099912608974
13,full_suite,gOMP+Incremental+NoiseAware,optimized,gOMP+Incremental+NoiseAware (optimized),96,256,0.375,gaussian,gaussian,clean,0.0,2.5172919859051966e-20,1.5865976131033338e-10,1.0,1.0,1,0.0013020709993725177,6,16.0,4.3345565588878535e-10,residual_tol,0,0,0.00012875099491793662,0.0,True,,0,0,2.2231988450467264,1.0,1.0,0.0,0.0,1.0,0.0,1.0,5232.0,768.0,2048.0,0.0,2048.0,128.0,128.0,56.0,48.0,0.0,0.0,8.0,0.0,2.1730993466917425e-05,0.0005650909988617059,0.00021958700017421506,3.4980999771505594e-05,0.00029783000354655087
13,full_suite,Improved-gOMP,optimized,Improved-gOMP (optimized),96,256,0.375,gaussian,gaussian,clean,0.0,2.5172919859051966e-20,1.5865976131033338e-10,1.0,1.0,1,0.0012737520009977743,6,16.0,4.3345565588878535e-10,residual_tol,0,0,0.00012243000674061477,0.0,True,,0,0,2.2231988450467264,1.0,1.0,0.0,0.0,1.0,0.0,1.0,5232.0,768.0,2048.0,0.0,2048.0,128.0,128.0,56.0,48.0,0.0,0.0,8.0,0.0,2.143199526472017e-05,0.0005706660012947395,0.00020577499890350737,3.189200288034044e-05,0.0003150420052406844
14,full_suite,gOMP,optimized,gOMP (optimized),96,256,0.375,gaussian,gaussian,clean,0.0,0.0007645715704512768,0.027650887335694617,0.9375,0.9375,0,0.00022546599939232692,6,16.0,0.08659025100098869,target_sparsity_reached,1,1,7.725399700575508e-05,3.0,True,,0,0,2.435816572302885,0.0,0.0,0.0,0.0,0.0,0.0,0.0,1216.0,768.0,0.0,256.0,0.0,0.0,128.0,56.0,0.0,0.0,0.0,8.0,0.0,2.2243002604227513e-05,4.877600440522656e-05,7.725399700575508e-05,2.5226996513083577e-05,0.0
14,full_suite,gOMP+AdaptiveScreen,optimized,gOMP+AdaptiveScreen (optimized),96,256,0.375,gaussian,gaussian,clean,0.0,9.727631545585186e-31,9.86287561798545e-16,1.0,1.0,1,0.0010145670021302067,6,16.0,4.883586430952059e-15,residual_tol,0,0,0.00021467399710672908,0.0,False,,0,0,2.500531775690878,1.0,1.0,0.0,0.0,1.0,0.0,1.0,3056.0,768.0,2048.0,0.0,0.0,0.0,128.0,56.0,48.0,0.0,0.0,8.0,0.0,2.402099926257506e-05,0.0005444019916467369,0.0001808339984563645,3.6006000300403684e-05,0.00011421500676078722
14,full_suite,gOMP+IncrementalSolver,optimized,gOMP+IncrementalSolver (optimized),96,256,0.375,gaussian,gaussian,clean,0.0,1.8991900895957747e-20,1.378111058512983e-10,1.0,1.0,1,0.0010629470016283449,6,16.0,4.699360879496198e-10,residual_tol,0,0,0.00012419699487509206,0.0,True,,0,0,2.500531775690878,1.0,1.0,0.0,0.0,1.0,0.0,1.0,5232.0,768.0,2048.0,0.0,2048.0,128.0,128.0,56.0,48.0,0.0,0.0,8.0,0.0,2.409300213912502e-05,0.0005630050000036135,0.0002100790043186862,3.571399793145247e-05,0.00010104299508384429
14,full_suite,gOMP+NoiseAwareStop,optimized,gOMP+NoiseAwareStop (optimized),96,256,0.375,gaussian,gaussian,clean,0.0,9.727631545585186e-31,9.86287561798545e-16,1.0,1.0,1,0.0010632619996613357,6,16.0,4.883586430952059e-15,residual_tol,0,0,0.00022897799863130786,0.0,False,,0,0,2.500531775690878,1.0,1.0,0.0,0.0,1.0,0.0,1.0,3056.0,768.0,2048.0,0.0,0.0,0.0,128.0,56.0,48.0,0.0,0.0,8.0,0.0,2.5215002096956596e-05,0.0005753429977630731,0.0001968320029845927,3.842899968731217e-05,0.000108555999759119
14,full_suite,gOMP+Adaptive+Incremental,optimized,gOMP+Adaptive+Incremental (optimized),96,256,0.375,gaussian,gaussian,clean,0.0,1.8991900895957747e-20,1.378111058512983e-10,1.0,1.0,1,0.0009782460001588333,6,16.0,4.699360879496198e-10,residual_tol,0,0,0.0001171200055978261,0.0,True,,0,0,2.500531775690878,1.0,1.0,0.0,0.0,1.0,0.0,1.0,5232.0,768.0,2048.0,0.0,2048.0,128.0,128.0,56.0,48.0,0.0,0.0,8.0,0.0,2.3745004000375047e-05,0.0005043389937782194,0.00019982599769718945,3.365800512256101e-05,0.00010117700003320351
14,full_suite,gOMP+Adaptive+NoiseAware,optimized,gOMP+Adaptive+NoiseAware (optimized),96,256,0.375,gaussian,gaussian,clean,0.0,9.727631545585186e-31,9.86287561798545e-16,1.0,1.0,1,0.001606262998393504,6,16.0,4.883586430952059e-15,residual_tol,0,0,0.0003468180002528243,0.0,False,,0,0,2.500531775690878,1.0,1.0,0.0,0.0,1.0,0.0,1.0,3056.0,768.0,2048.0,0.0,0.0,0.0,128.0,56.0,48.0,0.0,0.0,8.0,0.0,3.563800055417232e-05,0.0008770420063228812,0.00030405200232053176,6.658799975411966e-05,0.00014850200022920035
14,full_suite,gOMP+Incremental+NoiseAware,optimized,gOMP+Incremental+NoiseAware (optimized),96,256,0.375,gaussian,gaussian,clean,0.0,1.8991900895957747e-20,1.378111058512983e-10,1.0,1.0,1,0.0011162180016981438,6,16.0,4.699360879496198e-10,residual_tol,0,0,0.00014750900299986824,0.0,True,,0,0,2.500531775690878,1.0,1.0,0.0,0.0,1.0,0.0,1.0,5232.0,768.0,2048.0,0.0,2048.0,128.0,128.0,56.0,48.0,0.0,0.0,8.0,0.0,2.499500260455534e-05,0.0005503150023287162,0.00023379599224426784,3.7578996852971613e-05,0.00013269400005810894
14,full_suite,Improved-gOMP,optimized,Improved-gOMP (optimized),96,256,0.375,gaussian,gaussian,clean,0.0,1.8991900895957747e-20,1.378111058512983e-10,1.0,1.0,1,0.00102173000050243,6,16.0,4.699360879496198e-10,residual_tol,0,0,0.00011549000191735104,0.0,True,,0,0,2.500531775690878,1.0,1.0,0.0,0.0,1.0,0.0,1.0,5232.0,768.0,2048.0,0.0,2048.0,128.0,128.0,56.0,48.0,0.0,0.0,8.0,0.0,2.429999949526973e-05,0.0005329249979695305,0.00019854499623761512,3.474599725450389e-05,0.00010254800145048648
15,full_suite,gOMP,optimized,gOMP (optimized),96,256,0.375,gaussian,gaussian,clean,0.0,0.004406352292598981,0.06638036074471862,0.875,0.875,0,0.00024407000091741793,6,16.0,0.17821528585510155,target_sparsity_reached,2,2,7.715600077062845e-05,3.0,True,,0,0,2.168140423784144,0.0,0.0,0.0,0.0,0.0,0.0,0.0,1216.0,768.0,0.0,256.0,0.0,0.0,128.0,56.0,0.0,0.0,0.0,8.0,0.0,2.2463005734607577e-05,4.72089959657751e-05,7.715600077062845e-05,2.7002002752851695e-05,0.0
15,full_suite,gOMP+AdaptiveScreen,optimized,gOMP+AdaptiveScreen (optimized),96,256,0.375,gaussian,gaussian,clean,0.0,0.0015842883330257432,0.03980311963936675,0.9375,0.9375,0,0.0010657689999789,6,16.0,0.12249928341357631,target_sparsity_reached,1,1,0.00024195300284191035,0.0,False,,0,0,2.2317384567617853,1.0,1.0,0.0,0.0,1.0,0.0,1.0,3056.0,768.0,2048.0,0.0,0.0,0.0,128.0,56.0,48.0,0.0,0.0,8.0,0.0,2.120599674526602e-05,0.0005458699997689109,0.00020647400378948078,4.260399873601273e-05,0.00012750199675792828
15,full_suite,gOMP+IncrementalSolver,optimized,gOMP+IncrementalSolver (optimized),96,256,0.375,gaussian,gaussian,clean,0.0,0.0015842883338309402,0.0398031196494815,0.9375,0.9375,0,0.001120107997849118,6,16.0,0.12249928341357624,target_sparsity_reached,1,1,0.00013204800052335486,0.0,True,,0,0,2.2317384567617853,1.0,1.0,0.0,0.0,1.0,0.0,1.0,5232.0,768.0,2048.0,0.0,2048.0,128.0,128.0,56.0,48.0,0.0,0.0,8.0,0.0,2.2246003936743364e-05,0.000591132997215027,0.00023108099776436575,3.739900057553314e-05,0.00010710599963204004
15,full_suite,gOMP+NoiseAwareStop,optimized,gOMP+NoiseAwareStop (optimized),96,256,0.375,gaussian,gaussian,clean,0.0,0.0015842883330257432,0.03980311963936675,0.9375,0.9375,0,0.0009726079988467973,6,16.0,0.12249928341357631,target_sparsity_reached,1,1,0.00020916800349368714,0.0,False,,0,0,2.2317384567617853,1.0,1.0,0.0,0.0,1.0,0.0,1.0,3056.0,768.0,2048.0,0.0,0.0,0.0,128.0,56.0,48.0,0.0,0.0,8.0,0.0,2.1129999367985874e-05,0.0005111609971208964,0.00017661899983067997,3.484499757178128e-05,0.00011208199794054963
15,full_suite,gOMP+Adaptive+Incremental,optimized,gOMP+Adaptive+Incremental (optimized),96,256,0.375,gaussian,gaussian,clean,0.0,0.0015842883338309402,0.0398031196494815,0.9375,0.9375,0,0.001635623997572111,6,16.0,0.12249928341357624,target_sparsity_reached,1,1,0.00025295499654021114,0.0,True,,0,0,2.2317384567617853,1.0,1.0,0.0,0.0,1.0,0.0,1.0,5232.0,768.0,2048.0,0.0,2048.0,128.0,128.0,56.0,48.0,0.0,0.0,8.0,0.0,2.4688000848982483e-05,0.0006821270035288762,0.0003890100015269127,6.77679963700939e-05,0.00026754900318337604
15,full_suite,gOMP+Adaptive+NoiseAware,optimized,gOMP+Adaptive+NoiseAware (optimized),96,256,0.375,gaussian,gaussian,clean,0.0,0.0015842883330257432,0.03980311963936675,0.9375,0.9375,0,0.0011947019993385766,6,16.0,0.12249928341357631,target_sparsity_reached,1,1,0.0002373650022491347,0.0,False,,0,0,2.2317384567617853,1.0,1.0,0.0,0.0,1.0,0.0,1.0,3056.0,768.0,2048.0,0.0,0.0,0.0,128.0,56.0,48.0,0.0,0.0,8.0,0.0,4.501799776335247e-05,0.000611228995694546,0.00020052099353051744,5.131300349603407e-05,0.00013733200830756687
15,full_suite,gOMP+Incremental+NoiseAware,optimized,gOMP+Incremental+NoiseAware (optimized),96,256,0.375,gaussian,gaussian,clean,0.0,0.0015842883338309402,0.0398031196494815,0.9375,0.9375,0,0.0010614860002533533,6,16.0,0.12249928341357624,target_sparsity_reached,1,1,0.0001268679989152588,0.0,True,,0,0,2.2317384567617853,1.0,1.0,0.0,0.0,1.0,0.0,1.0,5232.0,768.0,2048.0,0.0,2048.0,128.0,128.0,56.0,48.0,0.0,0.0,8.0,0.0,2.250899706268683e-05,0.0005605090045719407,0.00021714300601161085,3.378300243639387e-05,9.802599379327148e-05
15,full_suite,Improved-gOMP,optimized,Improved-gOMP (optimized),96,256,0.375,gaussian,gaussian,clean,0.0,0.0015842883338309402,0.0398031196494815,0.9375,0.9375,0,0.0009780430009413976,6,16.0,0.12249928341357624,target_sparsity_reached,1,1,0.00011213099423912354,0.0,True,,0,0,2.2317384567617853,1.0,1.0,0.0,0.0,1.0,0.0,1.0,5232.0,768.0,2048.0,0.0,2048.0,128.0,128.0,56.0,48.0,0.0,0.0,8.0,0.0,2.0579002011800185e-05,0.0005067680067440961,0.00019602900647441857,3.151399869238958e-05,9.932100147125311e-05
16,full_suite,gOMP,optimized,gOMP (optimized),96,256,0.375,gaussian,gaussian,clean,0.0,1.5306804902447374e-20,1.2372067289845855e-10,1.0,1.0,1,0.00025954000011552125,6,16.0,5.023306232923012e-10,target_sparsity_reached,0,0,9.396099994773977e-05,3.0,True,,0,0,2.0814849935340285,0.0,0.0,0.0,0.0,0.0,0.0,0.0,1216.0,768.0,0.0,256.0,0.0,0.0,128.0,56.0,0.0,0.0,0.0,8.0,0.0,2.3449996660929173e-05,4.9884994950843975e-05,9.396099994773977e-05,3.6560999433277175e-05,0.0
16,full_suite,gOMP+AdaptiveScreen,optimized,gOMP+AdaptiveScreen (optimized),96,256,0.375,gaussian,gaussian,clean,0.0,0.00014433500629989514,0.01201395048682552,0.9375,0.9375,0,0.0011544829976628534,6,16.0,0.05062598621725047,target_sparsity_reached,1,1,0.0002359790014452301,0.0,False,,0,0,2.1912716351036488,1.0,1.0,0.0,0.0,1.0,0.0,1.0,3056.0,768.0,2048.0,0.0,0.0,0.0,128.0,56.0,48.0,0.0,0.0,8.0,0.0,2.5148001441266388e-05,0.0006275150008150376,0.00019660700127133168,3.9168000512290746e-05,0.00014025799828232266
16,full_suite,gOMP+IncrementalSolver,optimized,gOMP+IncrementalSolver (optimized),96,256,0.375,gaussian,gaussian,clean,0.0,0.00014433500652845946,0.012013950496337975,0.9375,0.9375,0,0.0010348280011385214,6,16.0,0.050625986217250396,target_sparsity_reached,1,1,0.00012228600098751485,0.0,True,,0,0,2.1912716351036488,1.0,1.0,0.0,0.0,1.0,0.0,1.0,5232.0,768.0,2048.0,0.0,2048.0,128.0,128.0,56.0,48.0,0.0,0.0,8.0,0.0,2.3864002287155017e-05,0.0005440419954538811,0.0002111510002578143,3.536100120982155e-05,9.379899711348116e-05
16,full_suite,gOMP+NoiseAwareStop,optimized,gOMP+NoiseAwareStop (optimized),96,256,0.375,gaussian,gaussian,clean,0.0,0.00014433500629989514,0.01201395048682552,0.9375,0.9375,0,0.0010798109979077708,6,16.0,0.05062598621725047,target_sparsity_reached,1,1,0.00026744000206235796,0.0,False,,0,0,2.1912716351036488,1.0,1.0,0.0,0.0,1.0,0.0,1.0,3056.0,768.0,2048.0,0.0,0.0,0.0,128.0,56.0,48.0,0.0,0.0,8.0,0.0,2.4847999156918377e-05,0.0005478740022226702,0.0002322390027984511,4.026599708595313e-05,0.00011458400331321172
16,full_suite,gOMP+Adaptive+Incremental,optimized,gOMP+Adaptive+Incremental (optimized),96,256,0.375,gaussian,gaussian,clean,0.0,0.00014433500652845946,0.012013950496337975,0.9375,0.9375,0,0.0010312310005247127,6,16.0,0.050625986217250396,target_sparsity_reached,1,1,0.0001226170061272569,0.0,True,,0,0,2.1912716351036488,1.0,1.0,0.0,0.0,1.0,0.0,1.0,5232.0,768.0,2048.0,0.0,2048.0,128.0,128.0,56.0,48.0,0.0,0.0,8.0,0.0,2.4018001568038017e-05,0.0005320380041666795,0.00021389999892562628,3.4610995498951524e-05,0.00010192699846811593
16,full_suite,gOMP+Adaptive+NoiseAware,optimized,gOMP+Adaptive+NoiseAware (optimized),96,256,0.375,gaussian,gaussian,clean,0.0,0.00014433500629989514,0.01201395048682552,0.9375,0.9375,0,0.0010166379979636986,6,16.0,0.05062598621725047,target_sparsity_reached,1,1,0.0002278829961142037,0.0,False,,0,0,2.1912716351036488,1.0,1.0,0.0,0.0,1.0,0.0,1.0,3056.0,768.0,2048.0,0.0,0.0,0.0,128.0,56.0,48.0,0.0,0.0,8.0,0.0,2.465600482537411e-05,0.0005173159988771658,0.00019249999968451448,3.8309008232317865e-05,0.00011872400136780925
16,full_suite,gOMP+Incremental+NoiseAware,optimized,gOMP+Incremental+NoiseAware (optimized),96,256,0.375,gaussian,gaussian,clean,0.0,0.00014433500652845946,0.012013950496337975,0.9375,0.9375,0,0.0011302320017421152,6,16.0,0.050625986217250396,target_sparsity_reached,1,1,0.00013532200318877585,0.0,True,,0,0,2.1912716351036488,1.0,1.0,0.0,0.0,1.0,0.0,1.0,5232.0,768.0,2048.0,0.0,2048.0,128.0,128.0,56.0,48.0,0.0,0.0,8.0,0.0,2.5549994461471215e-05,0.0005519439946510829,0.0002229229976364877,3.936799839721061e-05,0.0001380400026391726
16,full_suite,Improved-gOMP,optimized,Improved-gOMP (optimized),96,256,0.375,gaussian,gaussian,clean,0.0,0.00014433500652845946,0.012013950496337975,0.9375,0.9375,0,0.0010902739995799493,6,16.0,0.050625986217250396,target_sparsity_reached,1,1,0.00012829399929614738,0.0,True,,0,0,2.1912716351036488,1.0,1.0,0.0,0.0,1.0,0.0,1.0,5232.0,768.0,2048.0,0.0,2048.0,128.0,128.0,56.0,48.0,0.0,0.0,8.0,0.0,2.507599856471643e-05,0.0005615710069832858,0.00021290600125212222,3.7566998798865825e-05,0.00010690400085877627
17,full_suite,gOMP,optimized,gOMP (optimized),96,256,0.375,gaussian,gaussian,clean,0.0,1.666779740602223e-05,0.004082621389012484,0.9375,0.9375,0,0.00023649099966860376,6,16.0,0.017205587967118838,target_sparsity_reached,1,1,7.34429995645769e-05,3.0,True,,0,0,2.190283431487999,0.0,0.0,0.0,0.0,0.0,0.0,0.0,1216.0,768.0,0.0,256.0,0.0,0.0,128.0,56.0,0.0,0.0,0.0,8.0,0.0,2.1436004317365587e-05,4.718799391412176e-05,7.34429995645769e-05,2.4960998416645452e-05,0.0
17,full_suite,gOMP+AdaptiveScreen,optimized,gOMP+AdaptiveScreen (optimized),96,256,0.375,gaussian,gaussian,clean,0.0,1.798277454018773e-30,1.340998677858697e-15,1.0,1.0,1,0.001656100997934118,7,16.0,5.807809637596861e-15,residual_tol,0,0,0.00026619600248523057,0.0,False,,0,0,2.034168670043428,1.0,1.0,0.0,0.0,1.0,0.0,1.0,3072.0,768.0,2048.0,0.0,0.0,0.0,128.0,64.0,56.0,0.0,0.0,8.0,0.0,2.594699981273152e-05,0.0006497729955299292,0.00023328400129685178,4.636200537788682e-05,0.000550267992366571
17,full_suite,gOMP+IncrementalSolver,optimized,gOMP+IncrementalSolver (optimized),96,256,0.375,gaussian,gaussian,clean,0.0,1.713092450829706e-20,1.308851577081873e-10,1.0,1.0,1,0.001581170999997994,7,16.0,5.235483639791748e-10,residual_tol,0,0,0.00014706900037708692,0.0,True,,0,0,2.034168670043428,1.0,1.0,0.0,0.0,1.0,0.0,1.0,5248.0,768.0,2048.0,0.0,2048.0,128.0,128.0,64.0,56.0,0.0,0.0,8.0,0.0,2.7565998607315123e-05,0.0006682519997411873,0.00024368199592572637,4.0975002775667235e-05,0.0004423620011948515
17,full_suite,gOMP+NoiseAwareStop,optimized,gOMP+NoiseAwareStop (optimized),96,256,0.375,gaussian,gaussian,clean,0.0,1.798277454018773e-30,1.340998677858697e-15,1.0,1.0,1,0.0014172939991112798,7,16.0,5.807809637596861e-15,residual_tol,0,0,0.00026222899396088906,0.0,False,,0,0,2.034168670043428,1.0,1.0,0.0,0.0,1.0,0.0,1.0,3072.0,768.0,2048.0,0.0,0.0,0.0,128.0,64.0,56.0,0.0,0.0,8.0,0.0,2.7042002329835668e-05,0.0006623610024689697,0.00023166799655882642,4.3238997022854164e-05,0.00031263899290934205
17,full_suite,gOMP+Adaptive+Incremental,optimized,gOMP+Adaptive+Incremental (optimized),96,256,0.375,gaussian,gaussian,clean,0.0,1.713092450829706e-20,1.308851577081873e-10,1.0,1.0,1,0.0013384869998844806,7,16.0,5.235483639791748e-10,residual_tol,0,0,0.0001385810028295964,0.0,True,,0,0,2.034168670043428,1.0,1.0,0.0,0.0,1.0,0.0,1.0,5248.0,768.0,2048.0,0.0,2048.0,128.0,128.0,64.0,56.0,0.0,0.0,8.0,0.0,2.548600605223328e-05,0.0005980610039841849,0.00022850799359730445,3.805699816439301e-05,0.00029128900132491253
17,full_suite,gOMP+Adaptive+NoiseAware,optimized,gOMP+Adaptive+NoiseAware (optimized),96,256,0.375,gaussian,gaussian,clean,0.0,1.798277454018773e-30,1.340998677858697e-15,1.0,1.0,1,0.00132069500250509,7,16.0,5.807809637596861e-15,residual_tol,0,0,0.0002449990024615545,0.0,False,,0,0,2.034168670043428,1.0,1.0,0.0,0.0,1.0,0.0,1.0,3072.0,768.0,2048.0,0.0,0.0,0.0,128.0,64.0,56.0,0.0,0.0,8.0,0.0,2.5323002773802727e-05,0.000595391004026169,0.00021536000713240355,4.160899334237911e-05,0.0003117099986411631
17,full_suite,gOMP+Incremental+NoiseAware,optimized,gOMP+Incremental+NoiseAware (optimized),96,256,0.375,gaussian,gaussian,clean,0.0,1.713092450829706e-20,1.308851577081873e-10,1.0,1.0,1,0.0014168569978210144,7,16.0,5.235483639791748e-10,residual_tol,0,0,0.00014294799984782003,0.0,True,,0,0,2.034168670043428,1.0,1.0,0.0,0.0,1.0,0.0,1.0,5248.0,768.0,2048.0,0.0,2048.0,128.0,128.0,64.0,56.0,0.0,0.0,8.0,0.0,2.4823009880492464e-05,0.0006783070020901505,0.0002345180073461961,4.253699808032252e-05,0.00029296299544512294
17,full_suite,Improved-gOMP,optimized,Improved-gOMP (optimized),96,256,0.375,gaussian,gaussian,clean,0.0,1.713092450829706e-20,1.308851577081873e-10,1.0,1.0,1,0.0013501469984475989,7,16.0,5.235483639791748e-10,residual_tol,0,0,0.000152832995809149,0.0,True,,0,0,2.034168670043428,1.0,1.0,0.0,0.0,1.0,0.0,1.0,5248.0,768.0,2048.0,0.0,2048.0,128.0,128.0,64.0,56.0,0.0,0.0,8.0,0.0,2.5015997380251065e-05,0.0006047450006008148,0.00022762000662623905,3.8327998481690884e-05,0.0003105830037384294
18,full_suite,gOMP,optimized,gOMP (optimized),96,256,0.375,gaussian,gaussian,clean,0.0,0.005739618733920766,0.07576027147470345,0.9375,0.9375,0,0.0002905710025515873,6,16.0,0.2520086083716844,target_sparsity_reached,1,1,9.840399798122235e-05,3.0,True,,0,0,1.968888463257903,0.0,0.0,0.0,0.0,0.0,0.0,0.0,1216.0,768.0,0.0,256.0,0.0,0.0,128.0,56.0,0.0,0.0,0.0,8.0,0.0,2.962699727504514e-05,7.047699182294309e-05,9.840399798122235e-05,3.4014003176707774e-05,0.0
18,full_suite,gOMP+AdaptiveScreen,optimized,gOMP+AdaptiveScreen (optimized),96,256,0.375,gaussian,gaussian,clean,0.0,6.9735257071207945e-31,8.350763861540328e-16,1.0,1.0,1,0.0013027659988438245,6,16.0,3.974493398470506e-15,residual_tol,0,0,0.00022103499941295013,0.0,False,,0,0,2.144935385416178,1.0,1.0,0.0,0.0,1.0,0.0,1.0,3056.0,768.0,2048.0,0.0,0.0,0.0,128.0,56.0,48.0,0.0,0.0,8.0,0.0,2.999600110342726e-05,0.0006012179983372334,0.0001900309944176115,4.383300256449729e-05,0.0003182069995091297
18,full_suite,gOMP+IncrementalSolver,optimized,gOMP+IncrementalSolver (optimized),96,256,0.375,gaussian,gaussian,clean,0.0,6.9735257071207945e-31,8.350763861540328e-16,1.0,1.0,1,0.0012931499986734707,6,16.0,3.974493398470506e-15,residual_tol,0,0,0.0001229599911312107,0.0,True,,0,0,2.144935385416178,1.0,1.0,0.0,0.0,1.0,0.0,1.0,5232.0,768.0,2048.0,0.0,2048.0,128.0,128.0,56.0,48.0,0.0,0.0,8.0,0.0,2.4082997697405517e-05,0.0005080299961264245,0.00021701399964513257,3.5720007872441784e-05,0.0003834169947367627
18,full_suite,gOMP+NoiseAwareStop,optimized,gOMP+NoiseAwareStop (optimized),96,256,0.375,gaussian,gaussian,clean,0.0,6.9735257071207945e-31,8.350763861540328e-16,1.0,1.0,1,0.0013174949999665841,6,16.0,3.974493398470506e-15,residual_tol,0,0,0.00021158799427212216,0.0,False,,0,0,2.144935385416178,1.0,1.0,0.0,0.0,1.0,0.0,1.0,3056.0,768.0,2048.0,0.0,0.0,0.0,128.0,56.0,48.0,0.0,0.0,8.0,0.0,2.9078000807203352e-05,0.0005431669997051358,0.00017977999596041627,3.60690028173849e-05,0.0003848039996228181
18,full_suite,gOMP+Adaptive+Incremental,optimized,gOMP+Adaptive+Incremental (optimized),96,256,0.375,gaussian,gaussian,clean,0.0,6.9735257071207945e-31,8.350763861540328e-16,1.0,1.0,1,0.0015593620009894948,6,16.0,3.974493398470506e-15,residual_tol,0,0,0.00015325299682444893,0.0,True,,0,0,2.144935385416178,1.0,1.0,0.0,0.0,1.0,0.0,1.0,5232.0,768.0,2048.0,0.0,2048.0,128.0,128.0,56.0,48.0,0.0,0.0,8.0,0.0,2.9454004106810316e-05,0.0006434899987652898,0.0002559420099714771,4.164999336353503e-05,0.0004274809980415739
18,full_suite,gOMP+Adaptive+NoiseAware,optimized,gOMP+Adaptive+NoiseAware (optimized),96,256,0.375,gaussian,gaussian,clean,0.0,6.9735257071207945e-31,8.350763861540328e-16,1.0,1.0,1,0.0012826720012526494,6,16.0,3.974493398470506e-15,residual_tol,0,0,0.0002156750015274156,0.0,False,,0,0,2.144935385416178,1.0,1.0,0.0,0.0,1.0,0.0,1.0,3056.0,768.0,2048.0,0.0,0.0,0.0,128.0,56.0,48.0,0.0,0.0,8.0,0.0,2.9132996132830158e-05,0.000582501004828373,0.00018572799672256224,3.905899575329386e-05,0.00030578000587411225
18,full_suite,gOMP+Incremental+NoiseAware,optimized,gOMP+Incremental+NoiseAware (optimized),96,256,0.375,gaussian,gaussian,clean,0.0,6.9735257071207945e-31,8.350763861540328e-16,1.0,1.0,1,0.0013790209995931946,6,16.0,3.974493398470506e-15,residual_tol,0,0,0.00012489900109358132,0.0,True,,0,0,2.144935385416178,1.0,1.0,0.0,0.0,1.0,0.0,1.0,5232.0,768.0,2048.0,0.0,2048.0,128.0,128.0,56.0,48.0,0.0,0.0,8.0,0.0,2.4601999029982835e-05,0.0005522920037037693,0.00021282099623931572,3.57329954567831e-05,0.00042152299647568725
18,full_suite,Improved-gOMP,optimized,Improved-gOMP (optimized),96,256,0.375,gaussian,gaussian,clean,0.0,6.9735257071207945e-31,8.350763861540328e-16,1.0,1.0,1,0.0013988120008434635,6,16.0,3.974493398470506e-15,residual_tol,0,0,0.00012687900016317144,0.0,True,,0,0,2.144935385416178,1.0,1.0,0.0,0.0,1.0,0.0,1.0,5232.0,768.0,2048.0,0.0,2048.0,128.0,128.0,56.0,48.0,0.0,0.0,8.0,0.0,2.5662997359177098e-05,0.0005716989981010556,0.0002092199974867981,3.787100285990164e-05,0.0004185510078968946
19,full_suite,gOMP,optimized,gOMP (optimized),96,256,0.375,gaussian,gaussian,clean,0.0,1.8676245385245187e-20,1.3666106023752774e-10,1.0,1.0,1,0.00030737899942323565,6,16.0,4.136577220853878e-10,target_sparsity_reached,0,0,0.00014544699661200866,3.0,True,,0,0,1.8984767859452072,0.0,0.0,0.0,0.0,0.0,0.0,0.0,1216.0,768.0,0.0,256.0,0.0,0.0,128.0,56.0,0.0,0.0,0.0,8.0,0.0,2.5074001314351335e-05,5.3432999266078696e-05,0.00014544699661200866,3.088600351475179e-05,0.0
19,full_suite,gOMP+AdaptiveScreen,optimized,gOMP+AdaptiveScreen (optimized),96,256,0.375,gaussian,gaussian,clean,0.0,2.2059194840482253e-30,1.485233814605709e-15,1.0,1.0,1,0.0010196679977525491,6,16.0,5.722657922758827e-15,residual_tol,0,0,0.0002177440001105424,0.0,False,,0,0,1.898476785945207,1.0,1.0,0.0,0.0,1.0,0.0,1.0,3056.0,768.0,2048.0,0.0,0.0,0.0,128.0,56.0,48.0,0.0,0.0,8.0,0.0,2.0452000171644613e-05,0.0005497480015037581,0.00018270900181960315,3.679600195027888e-05,0.00011813599485321902
19,full_suite,gOMP+IncrementalSolver,optimized,gOMP+IncrementalSolver (optimized),96,256,0.375,gaussian,gaussian,clean,0.0,1.8676270525392254e-20,1.3666115221741785e-10,1.0,1.0,1,0.0011233510012971237,6,16.0,4.136579557536204e-10,residual_tol,0,0,0.0001640330046939198,0.0,True,,0,0,1.898476785945207,1.0,1.0,0.0,0.0,1.0,0.0,1.0,5232.0,768.0,2048.0,0.0,2048.0,128.0,128.0,56.0,48.0,0.0,0.0,8.0,0.0,2.230099926237017e-05,0.0005750890013587195,0.0002573570018284954,4.21900003857445e-05,9.522499749436975e-05
19,full_suite,gOMP+NoiseAwareStop,optimized,gOMP+NoiseAwareStop (optimized),96,256,0.375,gaussian,gaussian,clean,0.0,2.2059194840482253e-30,1.485233814605709e-15,1.0,1.0,1,0.0009981120019801892,6,16.0,5.722657922758827e-15,residual_tol,0,0,0.00022165800328366458,0.0,False,,0,0,1.898476785945207,1.0,1.0,0.0,0.0,1.0,0.0,1.0,3056.0,768.0,2048.0,0.0,0.0,0.0,128.0,56.0,48.0,0.0,0.0,8.0,0.0,2.094500814564526e-05,0.0005315850030456204,0.00018331899627810344,3.3786000130930915e-05,0.00011387700214982033
19,full_suite,gOMP+Adaptive+Incremental,optimized,gOMP+Adaptive+Incremental (optimized),96,256,0.375,gaussian,gaussian,clean,0.0,1.8676270525392254e-20,1.3666115221741785e-10,1.0,1.0,1,0.0010412400006316602,6,16.0,4.136579557536204e-10,residual_tol,0,0,0.00012445199536159635,0.0,True,,0,0,1.898476785945207,1.0,1.0,0.0,0.0,1.0,0.0,1.0,5232.0,768.0,2048.0,0.0,2048.0,128.0,128.0,56.0,48.0,0.0,0.0,8.0,0.0,2.074200165225193e-05,0.0005377239976951387,0.00020901399693684652,3.445999391260557e-05,0.00011812299635494128
19,full_suite,gOMP+Adaptive+NoiseAware,optimized,gOMP+Adaptive+NoiseAware (optimized),96,256,0.375,gaussian,gaussian,clean,0.0,2.2059194840482253e-30,1.485233814605709e-15,1.0,1.0,1,0.0009827779977058526,6,16.0,5.722657922758827e-15,residual_tol,0,0,0.0002264399990963284,0.0,False,,0,0,1.898476785945207,1.0,1.0,0.0,0.0,1.0,0.0,1.0,3056.0,768.0,2048.0,0.0,0.0,0.0,128.0,56.0,48.0,0.0,0.0,8.0,0.0,2.0522002159850672e-05,0.0004978049983037636,0.0001912219959194772,3.8170997868292034e-05,0.00012521300232037902
19,full_suite,gOMP+Incremental+NoiseAware,optimized,gOMP+Incremental+NoiseAware (optimized),96,256,0.375,gaussian,gaussian,clean,0.0,1.8676270525392254e-20,1.3666115221741785e-10,1.0,1.0,1,0.0010292070001014508,6,16.0,4.136579557536204e-10,residual_tol,0,0,0.00012243600576766767,0.0,True,,0,0,1.898476785945207,1.0,1.0,0.0,0.0,1.0,0.0,1.0,5232.0,768.0,2048.0,0.0,2048.0,128.0,128.0,56.0,48.0,0.0,0.0,8.0,0.0,2.053400021395646e-05,0.0005453340054373257,0.00020698600201285444,3.315100184408948e-05,9.567300003254786e-05
19,full_suite,Improved-gOMP,optimized,Improved-gOMP (optimized),96,256,0.375,gaussian,gaussian,clean,0.0,1.8676270525392254e-20,1.3666115221741785e-10,1.0,1.0,1,0.0012455010000849143,6,16.0,4.136579557536204e-10,residual_tol,0,0,0.00015615099982824177,0.0,True,,0,0,1.898476785945207,1.0,1.0,0.0,0.0,1.0,0.0,1.0,5232.0,768.0,2048.0,0.0,2048.0,128.0,128.0,56.0,48.0,0.0,0.0,8.0,0.0,2.0793992007384077e-05,0.0005420099951152224,0.00019479799448163249,3.207500049029477e-05,0.000296904006972909
20,full_suite,gOMP,optimized,gOMP (optimized),96,256,0.375,gaussian,gaussian,clean,0.0,2.246265580531769e-20,1.4987546765671056e-10,1.0,1.0,1,0.0002509769983589649,6,16.0,3.3213492298043826e-10,target_sparsity_reached,0,0,8.639700536150485e-05,3.0,True,,0,0,2.1310044648751614,0.0,0.0,0.0,0.0,0.0,0.0,0.0,1216.0,768.0,0.0,256.0,0.0,0.0,128.0,56.0,0.0,0.0,0.0,8.0,0.0,2.2180003725225106e-05,5.467699156724848e-05,8.639700536150485e-05,2.9701001039939e-05,0.0
20,full_suite,gOMP+AdaptiveScreen,optimized,gOMP+AdaptiveScreen (optimized),96,256,0.375,gaussian,gaussian,clean,0.0,1.8971665474784033e-30,1.377376690480278e-15,1.0,1.0,1,0.002218420002463972,7,16.0,3.619571097312795e-15,residual_tol,0,0,0.00039210101022035815,0.0,False,,0,0,2.1310044648751623,1.0,1.0,0.0,0.0,1.0,0.0,1.0,3072.0,768.0,2048.0,0.0,0.0,0.0,128.0,64.0,56.0,0.0,0.0,8.0,0.0,3.688600190798752e-05,0.0011962680000578985,0.0003553989954525605,6.990900146774948e-05,0.00035265300175524317
20,full_suite,gOMP+IncrementalSolver,optimized,gOMP+IncrementalSolver (optimized),96,256,0.375,gaussian,gaussian,clean,0.0,2.246267474230098e-20,1.4987553083242434e-10,1.0,1.0,1,0.0013368510008149315,7,16.0,3.3213490805497275e-10,residual_tol,0,0,0.00014542200369760394,0.0,True,,0,0,2.1310044648751623,1.0,1.0,0.0,0.0,1.0,0.0,1.0,5248.0,768.0,2048.0,0.0,2048.0,128.0,128.0,64.0,56.0,0.0,0.0,8.0,0.0,2.5321001885458827e-05,0.000588381000852678,0.000253458994848188,3.918800939572975e-05,0.00029557299421867356
20,full_suite,gOMP+NoiseAwareStop,optimized,gOMP+NoiseAwareStop (optimized),96,256,0.375,gaussian,gaussian,clean,0.0,1.8971665474784033e-30,1.377376690480278e-15,1.0,1.0,1,0.0013638020027428865,7,16.0,3.619571097312795e-15,residual_tol,0,0,0.00025002300390042365,0.0,False,,0,0,2.1310044648751623,1.0,1.0,0.0,0.0,1.0,0.0,1.0,3072.0,768.0,2048.0,0.0,0.0,0.0,128.0,64.0,56.0,0.0,0.0,8.0,0.0,2.548600241425447e-05,0.00058048999926541,0.00021847199968760833,4.000499757239595e-05,0.0002950309935840778
20,full_suite,gOMP+Adaptive+Incremental,optimized,gOMP+Adaptive+Incremental (optimized),96,256,0.375,gaussian,gaussian,clean,0.0,2.246267474230098e-20,1.4987553083242434e-10,1.0,1.0,1,0.0014789720007684082,7,16.0,3.3213490805497275e-10,residual_tol,0,0,0.00014894500418449752,0.0,True,,0,0,2.1310044648751623,1.0,1.0,0.0,0.0,1.0,0.0,1.0,5248.0,768.0,2048.0,0.0,2048.0,128.0,128.0,64.0,56.0,0.0,0.0,8.0,0.0,2.821000452968292e-05,0.0006442269950639457,0.00024570199457230046,5.1573999371612445e-05,0.0003308099912828766
20,full_suite,gOMP+Adaptive+NoiseAware,optimized,gOMP+Adaptive+NoiseAware (optimized),96,256,0.375,gaussian,gaussian,clean,0.0,1.8971665474784033e-30,1.377376690480278e-15,1.0,1.0,1,0.001375111001834739,7,16.0,3.619571097312795e-15,residual_tol,0,0,0.0002444119963911362,0.0,False,,0,0,2.1310044648751623,1.0,1.0,0.0,0.0,1.0,0.0,1.0,3072.0,768.0,2048.0,0.0,0.0,0.0,128.0,64.0,56.0,0.0,0.0,8.0,0.0,2.7797999791800976e-05,0.0006577289968845434,0.00021390099209384061,4.90079983137548e-05,0.00029098999948473647
20,full_suite,gOMP+Incremental+NoiseAware,optimized,gOMP+Incremental+NoiseAware (optimized),96,256,0.375,gaussian,gaussian,clean,0.0,2.246267474230098e-20,1.4987553083242434e-10,1.0,1.0,1,0.001337934001639951,7,16.0,3.3213490805497275e-10,residual_tol,0,0,0.00015240199718391523,0.0,True,,0,0,2.1310044648751623,1.0,1.0,0.0,0.0,1.0,0.0,1.0,5248.0,768.0,2048.0,0.0,2048.0,128.0,128.0,64.0,56.0,0.0,0.0,8.0,0.0,2.5171997549477965e-05,0.0005906829974264838,0.00024106999990181066,3.983800343121402e-05,0.00030288700145320036
20,full_suite,Improved-gOMP,optimized,Improved-gOMP (optimized),96,256,0.375,gaussian,gaussian,clean,0.0,2.246267474230098e-20,1.4987553083242434e-10,1.0,1.0,1,0.0013918399999965914,7,16.0,3.3213490805497275e-10,residual_tol,0,0,0.00013971299267723225,0.0,True,,0,0,2.1310044648751623,1.0,1.0,0.0,0.0,1.0,0.0,1.0,5248.0,768.0,2048.0,0.0,2048.0,128.0,128.0,64.0,56.0,0.0,0.0,8.0,0.0,2.4891996872611344e-05,0.0006301860012172256,0.00022996800180408172,4.027099930681288e-05,0.00032504400951438583
21,full_suite,gOMP,optimized,gOMP (optimized),96,256,0.375,gaussian,gaussian,clean,0.0,2.0585485066522282e-20,1.4347642686700238e-10,1.0,1.0,1,0.0003347999991092365,6,16.0,3.922127407132646e-10,target_sparsity_reached,0,0,0.00011618699863902293,3.0,True,,0,0,2.0979784076519348,0.0,0.0,0.0,0.0,0.0,0.0,0.0,1216.0,768.0,0.0,256.0,0.0,0.0,128.0,56.0,0.0,0.0,0.0,8.0,0.0,2.7378995582694188e-05,8.821200026432052e-05,0.00011618699863902293,3.8740992749808356e-05,0.0
21,full_suite,gOMP+AdaptiveScreen,optimized,gOMP+AdaptiveScreen (optimized),96,256,0.375,gaussian,gaussian,clean,0.0,0.00022216190398173023,0.014905096577403657,0.9375,0.9375,0,0.0011303240025881678,6,16.0,0.04005286377393656,target_sparsity_reached,1,1,0.0002337990044907201,0.0,False,,0,0,2.0195303548436896,1.0,1.0,0.0,0.0,1.0,0.0,1.0,3056.0,768.0,2048.0,0.0,0.0,0.0,128.0,56.0,48.0,0.0,0.0,8.0,0.0,2.8655995265580714e-05,0.0005960650014458224,0.00020008099818369374,4.655599332181737e-05,0.00012970999887329526
21,full_suite,gOMP+IncrementalSolver,optimized,gOMP+IncrementalSolver (optimized),96,256,0.375,gaussian,gaussian,clean,0.0,0.00022216190485776314,0.014905096606790683,0.9375,0.9375,0,0.001863556000898825,6,16.0,0.04005286377393657,target_sparsity_reached,1,1,0.00023055599012877792,0.0,True,,0,0,2.0195303548436896,1.0,1.0,0.0,0.0,1.0,0.0,1.0,5232.0,768.0,2048.0,0.0,2048.0,128.0,128.0,56.0,48.0,0.0,0.0,8.0,0.0,4.955899203196168e-05,0.0008715459989616647,0.0003458729952399153,0.00011572400035220198,0.00011610900037339889
21,full_suite,gOMP+NoiseAwareStop,optimized,gOMP+NoiseAwareStop (optimized),96,256,0.375,gaussian,gaussian,clean,0.0,0.00022216190398173023,0.014905096577403657,0.9375,0.9375,0,0.001174629000161076,6,16.0,0.04005286377393656,target_sparsity_reached,1,1,0.0003076899956795387,0.0,False,,0,0,2.0195303548436896,1.0,1.0,0.0,0.0,1.0,0.0,1.0,3056.0,768.0,2048.0,0.0,0.0,0.0,128.0,56.0,48.0,0.0,0.0,8.0,0.0,2.592999953776598e-05,0.0005260259931674227,0.0002576590050011873,5.1241997425677255e-05,0.00018870899293688126
21,full_suite,gOMP+Adaptive+Incremental,optimized,gOMP+Adaptive+Incremental (optimized),96,256,0.375,gaussian,gaussian,clean,0.0,0.00022216190485776314,0.014905096606790683,0.9375,0.9375,0,0.0011260370010859333,6,16.0,0.04005286377393657,target_sparsity_reached,1,1,0.00013554700126405805,0.0,True,,0,0,2.0195303548436896,1.0,1.0,0.0,0.0,1.0,0.0,1.0,5232.0,768.0,2048.0,0.0,2048.0,128.0,128.0,56.0,48.0,0.0,0.0,8.0,0.0,2.4879995180526748e-05,0.0005571250003413297,0.000221839000005275,4.413399801705964e-05,0.00013424099597614259
21,full_suite,gOMP+Adaptive+NoiseAware,optimized,gOMP+Adaptive+NoiseAware (optimized),96,256,0.375,gaussian,gaussian,clean,0.0,0.00022216190398173023,0.014905096577403657,0.9375,0.9375,0,0.0010483040023245849,6,16.0,0.04005286377393656,target_sparsity_reached,1,1,0.000220765003177803,0.0,False,,0,0,2.0195303548436896,1.0,1.0,0.0,0.0,1.0,0.0,1.0,3056.0,768.0,2048.0,0.0,0.0,0.0,128.0,56.0,48.0,0.0,0.0,8.0,0.0,2.5284003640990704e-05,0.0005573589987761807,0.00018845099839381874,3.7877998693147674e-05,0.00011384500248823315
21,full_suite,gOMP+Incremental+NoiseAware,optimized,gOMP+Incremental+NoiseAware (optimized),96,256,0.375,gaussian,gaussian,clean,0.0,0.00022216190485776314,0.014905096606790683,0.9375,0.9375,0,0.0010837110021384433,6,16.0,0.04005286377393657,target_sparsity_reached,1,1,0.00016357800268451683,0.0,True,,0,0,2.0195303548436896,1.0,1.0,0.0,0.0,1.0,0.0,1.0,5232.0,768.0,2048.0,0.0,2048.0,128.0,128.0,56.0,48.0,0.0,0.0,8.0,0.0,2.3975997464731336e-05,0.0005386470038502011,0.0002487780002411455,3.6541998269967735e-05,0.00010746700718300417
21,full_suite,Improved-gOMP,optimized,Improved-gOMP (optimized),96,256,0.375,gaussian,gaussian,clean,0.0,0.00022216190485776314,0.014905096606790683,0.9375,0.9375,0,0.0010005559997807723,6,16.0,0.04005286377393657,target_sparsity_reached,1,1,0.00011526900198077783,0.0,True,,0,0,2.0195303548436896,1.0,1.0,0.0,0.0,1.0,0.0,1.0,5232.0,768.0,2048.0,0.0,2048.0,128.0,128.0,56.0,48.0,0.0,0.0,8.0,0.0,2.5953999283956364e-05,0.0005129030032549053,0.00019718800103873946,3.416599429328926e-05,0.0001004129990178626
22,full_suite,gOMP,optimized,gOMP (optimized),96,256,0.375,gaussian,gaussian,clean,0.0,0.0005027586968510896,0.022422281258852535,0.9375,0.9375,0,0.00030059900018386543,6,16.0,0.09738904153254768,target_sparsity_reached,1,1,0.00012483100726967677,3.0,True,,0,0,2.1765224277836945,0.0,0.0,0.0,0.0,0.0,0.0,0.0,1216.0,768.0,0.0,256.0,0.0,0.0,128.0,56.0,0.0,0.0,0.0,8.0,0.0,2.1568001102423295e-05,5.515000520972535e-05,0.00012483100726967677,4.097399869351648e-05,0.0
22,full_suite,gOMP+AdaptiveScreen,optimized,gOMP+AdaptiveScreen (optimized),96,256,0.375,gaussian,gaussian,clean,0.0,0.0016541880337230367,0.040671710484353085,0.875,0.875,0,0.0010766109990072437,6,16.0,0.15957240399602685,target_sparsity_reached,2,2,0.00023167400286183693,0.0,False,,0,0,2.2139438479534297,1.0,1.0,0.0,0.0,1.0,0.0,1.0,3056.0,768.0,2048.0,0.0,0.0,0.0,128.0,56.0,48.0,0.0,0.0,8.0,0.0,2.1553005353780463e-05,0.0005728099968109746,0.0001903650008898694,3.500700040603988e-05,0.00013574200420407578
22,full_suite,gOMP+IncrementalSolver,optimized,gOMP+IncrementalSolver (optimized),96,256,0.375,gaussian,gaussian,clean,0.0,0.001654188036152679,0.04067171051422203,0.875,0.875,0,0.0010778240030049346,6,16.0,0.1595724039960269,target_sparsity_reached,2,2,0.00012707199857686646,0.0,True,,0,0,2.2139438479534297,1.0,1.0,0.0,0.0,1.0,0.0,1.0,5232.0,768.0,2048.0,0.0,2048.0,128.0,128.0,56.0,48.0,0.0,0.0,8.0,0.0,2.247600059490651e-05,0.0005597369927272666,0.00023591900753672235,3.486900095595047e-05,9.661299918661825e-05
22,full_suite,gOMP+NoiseAwareStop,optimized,gOMP+NoiseAwareStop (optimized),96,256,0.375,gaussian,gaussian,clean,0.0,0.0016541880337230367,0.040671710484353085,0.875,0.875,0,0.0010098780003318097,6,16.0,0.15957240399602685,target_sparsity_reached,2,2,0.00021654500233125873,0.0,False,,0,0,2.2139438479534297,1.0,1.0,0.0,0.0,1.0,0.0,1.0,3056.0,768.0,2048.0,0.0,0.0,0.0,128.0,56.0,48.0,0.0,0.0,8.0,0.0,2.1253003069432452e-05,0.0005207920039538294,0.00017921299513545819,3.363299765624106e-05,0.0001323059987043962
22,full_suite,gOMP+Adaptive+Incremental,optimized,gOMP+Adaptive+Incremental (optimized),96,256,0.375,gaussian,gaussian,clean,0.0,0.001654188036152679,0.04067171051422203,0.875,0.875,0,0.001089366000087466,6,16.0,0.1595724039960269,target_sparsity_reached,2,2,0.00012552399493870325,0.0,True,,0,0,2.2139438479534297,1.0,1.0,0.0,0.0,1.0,0.0,1.0,5232.0,768.0,2048.0,0.0,2048.0,128.0,128.0,56.0,48.0,0.0,0.0,8.0,0.0,2.1497999114217237e-05,0.0005888929990760516,0.0002125040045939386,3.4120002965210006e-05,0.00010247799946228042
22,full_suite,gOMP+Adaptive+NoiseAware,optimized,gOMP+Adaptive+NoiseAware (optimized),96,256,0.375,gaussian,gaussian,clean,0.0,0.0016541880337230367,0.040671710484353085,0.875,0.875,0,0.0010643069981597364,6,16.0,0.15957240399602685,target_sparsity_reached,2,2,0.00025133000599453226,0.0,False,,0,0,2.2139438479534297,1.0,1.0,0.0,0.0,1.0,0.0,1.0,3056.0,768.0,2048.0,0.0,0.0,0.0,128.0,56.0,48.0,0.0,0.0,8.0,0.0,2.262699490529485e-05,0.0005426749994512647,0.0002144879981642589,4.0036000427789986e-05,0.00012122200132580474
22,full_suite,gOMP+Incremental+NoiseAware,optimized,gOMP+Incremental+NoiseAware (optimized),96,256,0.375,gaussian,gaussian,clean,0.0,0.001654188036152679,0.04067171051422203,0.875,0.875,0,0.0014015870001458097,6,16.0,0.1595724039960269,target_sparsity_reached,2,2,0.00018050900325761177,0.0,True,,0,0,2.2139438479534297,1.0,1.0,0.0,0.0,1.0,0.0,1.0,5232.0,768.0,2048.0,0.0,2048.0,128.0,128.0,56.0,48.0,0.0,0.0,8.0,0.0,2.216900247731246e-05,0.0006945189961697906,0.00024219799524871632,3.7344001611927524e-05,0.00021524499607039616
22,full_suite,Improved-gOMP,optimized,Improved-gOMP (optimized),96,256,0.375,gaussian,gaussian,clean,0.0,0.001654188036152679,0.04067171051422203,0.875,0.875,0,0.0012337219995970372,6,16.0,0.1595724039960269,target_sparsity_reached,2,2,0.0001397260020894464,0.0,True,,0,0,2.2139438479534297,1.0,1.0,0.0,0.0,1.0,0.0,1.0,5232.0,768.0,2048.0,0.0,2048.0,128.0,128.0,56.0,48.0,0.0,0.0,8.0,0.0,2.8670001483988017e-05,0.0006648009948548861,0.00023738799791317433,3.7286998121999204e-05,0.00010675400699255988
23,full_suite,gOMP,optimized,gOMP (optimized),96,256,0.375,gaussian,gaussian,clean,0.0,0.060084207461386846,0.245120801772079,0.75,0.75,0,0.0002827419993991498,6,16.0,0.5900091542924997,target_sparsity_reached,4,4,9.208199844579212e-05,3.0,True,,0,0,2.271982035523605,0.0,0.0,0.0,0.0,0.0,0.0,0.0,1216.0,768.0,0.0,256.0,0.0,0.0,128.0,56.0,0.0,0.0,0.0,8.0,0.0,2.51400051638484e-05,5.680499816662632e-05,9.208199844579212e-05,3.183900116709992e-05,0.0
23,full_suite,gOMP+AdaptiveScreen,optimized,gOMP+AdaptiveScreen (optimized),96,256,0.375,gaussian,gaussian,clean,0.0,0.06008420744409092,0.2451208017367986,0.75,0.75,0,0.0009873479975794908,5,16.0,0.5900091542924997,target_sparsity_reached,4,4,0.000193544001376722,0.0,False,,0,0,2.271982035523605,1.0,1.0,0.0,0.0,1.0,0.0,1.0,3040.0,768.0,2048.0,0.0,0.0,0.0,128.0,48.0,40.0,0.0,0.0,8.0,0.0,4.052800068166107e-05,0.0005053350032540038,0.0001563540026836563,4.492299922276288e-05,0.00012921500456286594
23,full_suite,gOMP+IncrementalSolver,optimized,gOMP+IncrementalSolver (optimized),96,256,0.375,gaussian,gaussian,clean,0.0,0.06008420746138682,0.24512080177207896,0.75,0.75,0,0.0009238959974027239,5,16.0,0.5900091542924997,target_sparsity_reached,4,4,0.0001067100020009093,0.0,True,,0,0,2.271982035523605,1.0,1.0,0.0,0.0,1.0,0.0,1.0,5216.0,768.0,2048.0,0.0,2048.0,128.0,128.0,48.0,40.0,0.0,0.0,8.0,0.0,1.9998999050585553e-05,0.0004747220009448938,0.00018855099551728927,2.9196999093983322e-05,0.00010003100760513917
23,full_suite,gOMP+NoiseAwareStop,optimized,gOMP+NoiseAwareStop (optimized),96,256,0.375,gaussian,gaussian,clean,0.0,0.06008420744409092,0.2451208017367986,0.75,0.75,0,0.0010993479991157074,5,16.0,0.5900091542924997,target_sparsity_reached,4,4,0.00024330900123459287,0.0,False,,0,0,2.271982035523605,1.0,1.0,0.0,0.0,1.0,0.0,1.0,3040.0,768.0,2048.0,0.0,0.0,0.0,128.0,48.0,40.0,0.0,0.0,8.0,0.0,2.234399289591238e-05,0.0005875450042367447,0.00020358899928396568,3.8169997424120083e-05,0.00012364800568320788
23,full_suite,gOMP+Adaptive+Incremental,optimized,gOMP+Adaptive+Incremental (optimized),96,256,0.375,gaussian,gaussian,clean,0.0,0.06008420746138682,0.24512080177207896,0.75,0.75,0,0.002049975999398157,5,16.0,0.5900091542924997,target_sparsity_reached,4,4,0.00024529600341338664,0.0,True,,0,0,2.271982035523605,1.0,1.0,0.0,0.0,1.0,0.0,1.0,5216.0,768.0,2048.0,0.0,2048.0,128.0,128.0,48.0,40.0,0.0,0.0,8.0,0.0,2.6970996259478852e-05,0.0011195379993296228,0.00047786300274310634,5.5943997722351924e-05,0.00016672899801051244
23,full_suite,gOMP+Adaptive+NoiseAware,optimized,gOMP+Adaptive+NoiseAware (optimized),96,256,0.375,gaussian,gaussian,clean,0.0,0.06008420744409092,0.2451208017367986,0.75,0.75,0,0.0009400849994563032,5,16.0,0.5900091542924997,target_sparsity_reached,4,4,0.0001990309974644333,0.0,False,,0,0,2.271982035523605,1.0,1.0,0.0,0.0,1.0,0.0,1.0,3040.0,768.0,2048.0,0.0,0.0,0.0,128.0,48.0,40.0,0.0,0.0,8.0,0.0,2.1882002329220995e-05,0.0004898940023849718,0.00016182599938474596,3.161700442433357e-05,0.0001237949909409508
23,full_suite,gOMP+Incremental+NoiseAware,optimized,gOMP+Incremental+NoiseAware (optimized),96,256,0.375,gaussian,gaussian,clean,0.0,0.06008420746138682,0.24512080177207896,0.75,0.75,0,0.0011699429996951949,5,16.0,0.5900091542924997,target_sparsity_reached,4,4,0.00012238799899932928,0.0,True,,0,0,2.271982035523605,1.0,1.0,0.0,0.0,1.0,0.0,1.0,5216.0,768.0,2048.0,0.0,2048.0,128.0,128.0,48.0,40.0,0.0,0.0,8.0,0.0,2.2696000087307766e-05,0.0006524089985759929,0.0002165340047213249,3.465100235189311e-05,0.00010231100168311968
23,full_suite,Improved-gOMP,optimized,Improved-gOMP (optimized),96,256,0.375,gaussian,gaussian,clean,0.0,0.06008420746138682,0.24512080177207896,0.75,0.75,0,0.0009377900023537222,5,16.0,0.5900091542924997,target_sparsity_reached,4,4,0.00010270200436934829,0.0,True,,0,0,2.271982035523605,1.0,1.0,0.0,0.0,1.0,0.0,1.0,5216.0,768.0,2048.0,0.0,2048.0,128.0,128.0,48.0,40.0,0.0,0.0,8.0,0.0,2.0107003365410492e-05,0.0004840809997403994,0.00018346100114285946,2.951400529127568e-05,0.00010568500147201121
24,full_suite,gOMP,optimized,gOMP (optimized),96,256,0.375,gaussian,gaussian,clean,0.0,0.00017279100848587928,0.013144999371847807,0.875,0.875,0,0.00024887400286388583,6,16.0,0.04065037060514282,target_sparsity_reached,2,2,8.02890099294018e-05,3.0,True,,0,0,2.2575391739245525,0.0,0.0,0.0,0.0,0.0,0.0,0.0,1216.0,768.0,0.0,256.0,0.0,0.0,128.0,56.0,0.0,0.0,0.0,8.0,0.0,2.4406992451986298e-05,5.464000059873797e-05,8.02890099294018e-05,2.9062000976409763e-05,0.0
24,full_suite,gOMP+AdaptiveScreen,optimized,gOMP+AdaptiveScreen (optimized),96,256,0.375,gaussian,gaussian,clean,0.0,3.406647455125253e-05,0.00583664925717252,0.9375,0.9375,0,0.0010572020000836346,6,16.0,0.019374409594215127,target_sparsity_reached,1,1,0.0002334080018044915,0.0,False,,0,0,2.28760523882659,1.0,1.0,0.0,0.0,1.0,0.0,1.0,3056.0,768.0,2048.0,0.0,0.0,0.0,128.0,56.0,48.0,0.0,0.0,8.0,0.0,2.2418003936763853e-05,0.0005595580041699577,0.00020095099534955807,4.118599827052094e-05,0.00011403499593143351
24,full_suite,gOMP+IncrementalSolver,optimized,gOMP+IncrementalSolver (optimized),96,256,0.375,gaussian,gaussian,clean,0.0,3.4066474289507315e-05,0.005836649234749962,0.9375,0.9375,0,0.0010375609999755397,6,16.0,0.01937440959421509,target_sparsity_reached,1,1,0.0001223940053023398,0.0,True,,0,0,2.28760523882659,1.0,1.0,0.0,0.0,1.0,0.0,1.0,5232.0,768.0,2048.0,0.0,2048.0,128.0,128.0,56.0,48.0,0.0,0.0,8.0,0.0,2.0220002625137568e-05,0.0005582650046562776,0.0002085699961753562,3.340599869261496e-05,9.56839976424817e-05
24,full_suite,gOMP+NoiseAwareStop,optimized,gOMP+NoiseAwareStop (optimized),96,256,0.375,gaussian,gaussian,clean,0.0,3.406647455125253e-05,0.00583664925717252,0.9375,0.9375,0,0.0016529099993931595,6,16.0,0.019374409594215127,target_sparsity_reached,1,1,0.0003377570064913016,0.0,False,,0,0,2.28760523882659,1.0,1.0,0.0,0.0,1.0,0.0,1.0,3056.0,768.0,2048.0,0.0,0.0,0.0,128.0,56.0,48.0,0.0,0.0,8.0,0.0,3.937699875677936e-05,0.0008661659994686488,0.000246043004153762,4.914899545838125e-05,0.00022927999452804215
24,full_suite,gOMP+Adaptive+Incremental,optimized,gOMP+Adaptive+Incremental (optimized),96,256,0.375,gaussian,gaussian,clean,0.0,3.4066474289507315e-05,0.005836649234749962,0.9375,0.9375,0,0.001130286000261549,6,16.0,0.01937440959421509,target_sparsity_reached,1,1,0.00013233599747763947,0.0,True,,0,0,2.28760523882659,1.0,1.0,0.0,0.0,1.0,0.0,1.0,5232.0,768.0,2048.0,0.0,2048.0,128.0,128.0,56.0,48.0,0.0,0.0,8.0,0.0,2.8212998586241156e-05,0.0005929310027568135,0.00022678799359709956,3.600100171752274e-05,0.00010083899906021543
24,full_suite,gOMP+Adaptive+NoiseAware,optimized,gOMP+Adaptive+NoiseAware (optimized),96,256,0.375,gaussian,gaussian,clean,0.0,3.406647455125253e-05,0.00583664925717252,0.9375,0.9375,0,0.0011098249997303355,6,16.0,0.019374409594215127,target_sparsity_reached,1,1,0.00024938100614235736,0.0,False,,0,0,2.28760523882659,1.0,1.0,0.0,0.0,1.0,0.0,1.0,3056.0,768.0,2048.0,0.0,0.0,0.0,128.0,56.0,48.0,0.0,0.0,8.0,0.0,2.659199890331365e-05,0.0005749269948864821,0.0002165770019928459,3.9806000131648034e-05,0.00011588199777179398
24,full_suite,gOMP+Incremental+NoiseAware,optimized,gOMP+Incremental+NoiseAware (optimized),96,256,0.375,gaussian,gaussian,clean,0.0,3.4066474289507315e-05,0.005836649234749962,0.9375,0.9375,0,0.0010065019996545743,6,16.0,0.01937440959421509,target_sparsity_reached,1,1,0.00012056200284860097,0.0,True,,0,0,2.28760523882659,1.0,1.0,0.0,0.0,1.0,0.0,1.0,5232.0,768.0,2048.0,0.0,2048.0,128.0,128.0,56.0,48.0,0.0,0.0,8.0,0.0,2.1099000150570646e-05,0.000522419999470003,0.00020482199761318043,3.3856002119136974e-05,9.974500062526204e-05
24,full_suite,Improved-gOMP,optimized,Improved-gOMP (optimized),96,256,0.375,gaussian,gaussian,clean,0.0,3.4066474289507315e-05,0.005836649234749962,0.9375,0.9375,0,0.001014637997286627,6,16.0,0.01937440959421509,target_sparsity_reached,1,1,0.000113436999527039,0.0,True,,0,0,2.28760523882659,1.0,1.0,0.0,0.0,1.0,0.0,1.0,5232.0,768.0,2048.0,0.0,2048.0,128.0,128.0,56.0,48.0,0.0,0.0,8.0,0.0,2.4363998818444088e-05,0.00051971299762954,0.00020645900440285914,3.429600110393949e-05,0.00010017100430559367
25,full_suite,gOMP,optimized,gOMP (optimized),96,256,0.375,gaussian,gaussian,clean,0.0,9.932847634765731e-06,0.003151642053718304,0.9375,0.9375,0,0.0002583700006653089,6,16.0,0.008768560005755013,target_sparsity_reached,1,1,9.877000047708862e-05,3.0,True,,0,0,2.1821565326077152,0.0,0.0,0.0,0.0,0.0,0.0,0.0,1216.0,768.0,0.0,256.0,0.0,0.0,128.0,56.0,0.0,0.0,0.0,8.0,0.0,2.4256998585769907e-05,5.1266000809846446e-05,9.877000047708862e-05,2.8360002033878118e-05,0.0
25,full_suite,gOMP+AdaptiveScreen,optimized,gOMP+AdaptiveScreen (optimized),96,256,0.375,gaussian,gaussian,clean,0.0,1.324998451612558e-30,1.1510857707454113e-15,1.0,1.0,1,0.0010638929998094682,6,16.0,4.5070826747102145e-15,residual_tol,0,0,0.000220951005758252,0.0,False,,0,0,2.1622990833729774,1.0,1.0,0.0,0.0,1.0,0.0,1.0,3056.0,768.0,2048.0,0.0,0.0,0.0,128.0,56.0,48.0,0.0,0.0,8.0,0.0,2.38819993683137e-05,0.0005792999982077163,0.0001854230031312909,3.769099566852674e-05,0.00011988700498477556
25,full_suite,gOMP+IncrementalSolver,optimized,gOMP+IncrementalSolver (optimized),96,256,0.375,gaussian,gaussian,clean,0.0,1.4686136490201326e-20,1.2118637089294045e-10,1.0,1.0,1,0.0016365410010621417,6,16.0,3.877624356693942e-10,residual_tol,0,0,0.0003084009986196179,0.0,True,,0,0,2.1622990833729774,1.0,1.0,0.0,0.0,1.0,0.0,1.0,5232.0,768.0,2048.0,0.0,2048.0,128.0,128.0,56.0,48.0,0.0,0.0,8.0,0.0,9.011899237520993e-05,0.000742121999792289,0.0004466270038392395,6.234500324353576e-05,0.0001183949971164111
25,full_suite,gOMP+NoiseAwareStop,optimized,gOMP+NoiseAwareStop (optimized),96,256,0.375,gaussian,gaussian,clean,0.0,1.324998451612558e-30,1.1510857707454113e-15,1.0,1.0,1,0.0010598290027701296,6,16.0,4.5070826747102145e-15,residual_tol,0,0,0.00022173399702296592,0.0,False,,0,0,2.1622990833729774,1.0,1.0,0.0,0.0,1.0,0.0,1.0,3056.0,768.0,2048.0,0.0,0.0,0.0,128.0,56.0,48.0,0.0,0.0,8.0,0.0,2.754900197032839e-05,0.0005509569964488037,0.00018601599367684685,5.4801999795017764e-05,0.0001150940042862203
25,full_suite,gOMP+Adaptive+Incremental,optimized,gOMP+Adaptive+Incremental (optimized),96,256,0.375,gaussian,gaussian,clean,0.0,1.4686136490201326e-20,1.2118637089294045e-10,1.0,1.0,1,0.0010430660004203673,6,16.0,3.877624356693942e-10,residual_tol,0,0,0.0001212070019391831,0.0,True,,0,0,2.1622990833729774,1.0,1.0,0.0,0.0,1.0,0.0,1.0,5232.0,768.0,2048.0,0.0,2048.0,128.0,128.0,56.0,48.0,0.0,0.0,8.0,0.0,2.3452994355466217e-05,0.0005361019975680392,0.00022381899907486513,3.525800275383517e-05,0.0001007410028250888
25,full_suite,gOMP+Adaptive+NoiseAware,optimized,gOMP+Adaptive+NoiseAware (optimized),96,256,0.375,gaussian,gaussian,clean,0.0,1.324998451612558e-30,1.1510857707454113e-15,1.0,1.0,1,0.0010326089977752417,6,16.0,4.5070826747102145e-15,residual_tol,0,0,0.0002234049970866181,0.0,False,,0,0,2.1622990833729774,1.0,1.0,0.0,0.0,1.0,0.0,1.0,3056.0,768.0,2048.0,0.0,0.0,0.0,128.0,56.0,48.0,0.0,0.0,8.0,0.0,2.4471995857311413e-05,0.0005499899998540059,0.00018940199879580177,3.677499989862554e-05,0.00011596699914662167
25,full_suite,gOMP+Incremental+NoiseAware,optimized,gOMP+Incremental+NoiseAware (optimized),96,256,0.375,gaussian,gaussian,clean,0.0,1.4686136490201326e-20,1.2118637089294045e-10,1.0,1.0,1,0.0009794260004127864,6,16.0,3.877624356693942e-10,residual_tol,0,0,0.00011764000009861775,0.0,True,,0,0,2.1622990833729774,1.0,1.0,0.0,0.0,1.0,0.0,1.0,5232.0,768.0,2048.0,0.0,2048.0,128.0,128.0,56.0,48.0,0.0,0.0,8.0,0.0,2.335999670322053e-05,0.0004995089984731749,0.0001990589989873115,3.395000021555461e-05,9.660700015956536e-05
25,full_suite,Improved-gOMP,optimized,Improved-gOMP (optimized),96,256,0.375,gaussian,gaussian,clean,0.0,1.4686136490201326e-20,1.2118637089294045e-10,1.0,1.0,1,0.0011249620001763105,6,16.0,3.877624356693942e-10,residual_tol,0,0,0.00012180700286990032,0.0,True,,0,0,2.1622990833729774,1.0,1.0,0.0,0.0,1.0,0.0,1.0,5232.0,768.0,2048.0,0.0,2048.0,128.0,128.0,56.0,48.0,0.0,0.0,8.0,0.0,2.561599831096828e-05,0.0005690129983122461,0.0002233929953945335,3.8413996662711725e-05,0.00011566000102902763
26,full_suite,gOMP,optimized,gOMP (optimized),96,256,0.375,gaussian,gaussian,clean,0.0,0.00025759813907064914,0.016049864144928115,0.9375,0.9375,0,0.0002511240018066019,6,16.0,0.05300366020881146,target_sparsity_reached,1,1,8.590200013713911e-05,3.0,True,,0,0,1.9292816274882685,0.0,0.0,0.0,0.0,0.0,0.0,0.0,1216.0,768.0,0.0,256.0,0.0,0.0,128.0,56.0,0.0,0.0,0.0,8.0,0.0,2.229899837402627e-05,5.381298979045823e-05,8.590200013713911e-05,2.9430000722641125e-05,0.0
26,full_suite,gOMP+AdaptiveScreen,optimized,gOMP+AdaptiveScreen (optimized),96,256,0.375,gaussian,gaussian,clean,0.0,8.341922952277494e-31,9.13341280807864e-16,1.0,1.0,1,0.0010922399997070897,6,16.0,3.4298075894016617e-15,residual_tol,0,0,0.00024350599778699689,0.0,False,,0,0,1.9604555248401883,1.0,1.0,0.0,0.0,1.0,0.0,1.0,3056.0,768.0,2048.0,0.0,0.0,0.0,128.0,56.0,48.0,0.0,0.0,8.0,0.0,2.3302000045077875e-05,0.0005612799977825489,0.000209597001230577,4.25770012952853e-05,0.00011528000686666928
26,full_suite,gOMP+IncrementalSolver,optimized,gOMP+IncrementalSolver (optimized),96,256,0.375,gaussian,gaussian,clean,0.0,1.2996190471425158e-20,1.1400083539792661e-10,1.0,1.0,1,0.0010478530020918697,6,16.0,4.4713224136381635e-10,residual_tol,0,0,0.00012293199688429013,0.0,True,,0,0,1.9604555248401883,1.0,1.0,0.0,0.0,1.0,0.0,1.0,5232.0,768.0,2048.0,0.0,2048.0,128.0,128.0,56.0,48.0,0.0,0.0,8.0,0.0,2.1183997887419537e-05,0.0005608259962173179,0.0002099880039168056,3.3055999665521085e-05,0.0001010429987218231
26,full_suite,gOMP+NoiseAwareStop,optimized,gOMP+NoiseAwareStop (optimized),96,256,0.375,gaussian,gaussian,clean,0.0,8.341922952277494e-31,9.13341280807864e-16,1.0,1.0,1,0.0010023009999713395,6,16.0,3.4298075894016617e-15,residual_tol,0,0,0.0002542709917179309,0.0,False,,0,0,1.9604555248401883,1.0,1.0,0.0,0.0,1.0,0.0,1.0,3056.0,768.0,2048.0,0.0,0.0,0.0,128.0,56.0,48.0,0.0,0.0,8.0,0.0,2.1396004740381613e-05,0.000501484999404056,0.00021468799968715757,3.641600051196292e-05,0.00011359100244590081
26,full_suite,gOMP+Adaptive+Incremental,optimized,gOMP+Adaptive+Incremental (optimized),96,256,0.375,gaussian,gaussian,clean,0.0,1.2996190471425158e-20,1.1400083539792661e-10,1.0,1.0,1,0.0012965909991180524,6,16.0,4.4713224136381635e-10,residual_tol,0,0,0.00014902100156177767,0.0,True,,0,0,1.9604555248401883,1.0,1.0,0.0,0.0,1.0,0.0,1.0,5232.0,768.0,2048.0,0.0,2048.0,128.0,128.0,56.0,48.0,0.0,0.0,8.0,0.0,2.3211996449390426e-05,0.0007107890050974675,0.0002508649995434098,3.812699651462026e-05,0.0001257049989362713
26,full_suite,gOMP+Adaptive+NoiseAware,optimized,gOMP+Adaptive+NoiseAware (optimized),96,256,0.375,gaussian,gaussian,clean,0.0,8.341922952277494e-31,9.13341280807864e-16,1.0,1.0,1,0.0011597720003919676,6,16.0,3.4298075894016617e-15,residual_tol,0,0,0.00025070199990295805,0.0,False,,0,0,1.9604555248401883,1.0,1.0,0.0,0.0,1.0,0.0,1.0,3056.0,768.0,2048.0,0.0,0.0,0.0,128.0,56.0,48.0,0.0,0.0,8.0,0.0,2.2154999896883965e-05,0.000556081002287101,0.0001900690003822092,3.464399924268946e-05,0.00022315200112643652
26,full_suite,gOMP+Incremental+NoiseAware,optimized,gOMP+Incremental+NoiseAware (optimized),96,256,0.375,gaussian,gaussian,clean,0.0,1.2996190471425158e-20,1.1400083539792661e-10,1.0,1.0,1,0.0011063109996030107,6,16.0,4.4713224136381635e-10,residual_tol,0,0,0.00012825100930058397,0.0,True,,0,0,1.9604555248401883,1.0,1.0,0.0,0.0,1.0,0.0,1.0,5232.0,768.0,2048.0,0.0,2048.0,128.0,128.0,56.0,48.0,0.0,0.0,8.0,0.0,2.2134994651423767e-05,0.0005655709937855136,0.0002249730023322627,3.493200347293168e-05,0.00011472299956949428
26,full_suite,Improved-gOMP,optimized,Improved-gOMP (optimized),96,256,0.375,gaussian,gaussian,clean,0.0,1.2996190471425158e-20,1.1400083539792661e-10,1.0,1.0,1,0.0010873659994103946,6,16.0,4.4713224136381635e-10,residual_tol,0,0,0.00012231599612277932,0.0,True,,0,0,1.9604555248401883,1.0,1.0,0.0,0.0,1.0,0.0,1.0,5232.0,768.0,2048.0,0.0,2048.0,128.0,128.0,56.0,48.0,0.0,0.0,8.0,0.0,3.4529999538790435e-05,0.000570651998714311,0.00020934600615873933,3.269999797339551e-05,0.00010431600094307214
27,full_suite,gOMP,optimized,gOMP (optimized),96,256,0.375,gaussian,gaussian,clean,0.0,0.013778140107097827,0.11738032248676873,0.9375,0.9375,0,0.0003430619981372729,6,16.0,0.4113443821079272,target_sparsity_reached,1,1,9.326399958808906e-05,3.0,True,,0,0,2.227709959159482,0.0,0.0,0.0,0.0,0.0,0.0,0.0,1216.0,768.0,0.0,256.0,0.0,0.0,128.0,56.0,0.0,0.0,0.0,8.0,0.0,3.5308996302774176e-05,0.00011883399565704167,9.326399958808906e-05,3.1887997465673834e-05,0.0
27,full_suite,gOMP+AdaptiveScreen,optimized,gOMP+AdaptiveScreen (optimized),96,256,0.375,gaussian,gaussian,clean,0.0,2.717411973803154e-30,1.6484574528337556e-15,1.0,1.0,1,0.0015061030026117805,6,16.0,7.202551817621125e-15,residual_tol,0,0,0.0002905809960793704,0.0,False,,0,0,2.0189084994784148,1.0,1.0,0.0,0.0,1.0,0.0,1.0,3056.0,768.0,2048.0,0.0,0.0,0.0,128.0,56.0,48.0,0.0,0.0,8.0,0.0,3.371799539308995e-05,0.0008519069961039349,0.0002569800053606741,5.390200385591015e-05,0.00013041700003668666
27,full_suite,gOMP+IncrementalSolver,optimized,gOMP+IncrementalSolver (optimized),96,256,0.375,gaussian,gaussian,clean,0.0,1.638154483609436e-20,1.2799040915668001e-10,1.0,1.0,1,0.0012538890005089343,6,16.0,4.659677685544327e-10,residual_tol,0,0,0.0001416449922544416,0.0,True,,0,0,2.0189084994784148,1.0,1.0,0.0,0.0,1.0,0.0,1.0,5232.0,768.0,2048.0,0.0,2048.0,128.0,128.0,56.0,48.0,0.0,0.0,8.0,0.0,2.7116999262943864e-05,0.0006481820018962026,0.00024236299577751197,4.269000419299118e-05,0.00013838300583302043
27,full_suite,gOMP+NoiseAwareStop,optimized,gOMP+NoiseAwareStop (optimized),96,256,0.375,gaussian,gaussian,clean,0.0,2.717411973803154e-30,1.6484574528337556e-15,1.0,1.0,1,0.0012451399998099077,6,16.0,7.202551817621125e-15,residual_tol,0,0,0.0002745220008364413,0.0,False,,0,0,2.0189084994784148,1.0,1.0,0.0,0.0,1.0,0.0,1.0,3056.0,768.0,2048.0,0.0,0.0,0.0,128.0,56.0,48.0,0.0,0.0,8.0,0.0,2.929699985543266e-05,0.0006192009968799539,0.0002087339962599799,4.59950024378486e-05,0.00017409599968232214
27,full_suite,gOMP+Adaptive+Incremental,optimized,gOMP+Adaptive+Incremental (optimized),96,256,0.375,gaussian,gaussian,clean,0.0,1.638154483609436e-20,1.2799040915668001e-10,1.0,1.0,1,0.0010922599976765923,6,16.0,4.659677685544327e-10,residual_tol,0,0,0.00012698100545094348,0.0,True,,0,0,2.0189084994784148,1.0,1.0,0.0,0.0,1.0,0.0,1.0,5232.0,768.0,2048.0,0.0,2048.0,128.0,128.0,56.0,48.0,0.0,0.0,8.0,0.0,2.6649995561456308e-05,0.000575344998651417,0.00021585899594356306,3.643100353656337e-05,0.00010495400420040824
27,full_suite,gOMP+Adaptive+NoiseAware,optimized,gOMP+Adaptive+NoiseAware (optimized),96,256,0.375,gaussian,gaussian,clean,0.0,2.717411973803154e-30,1.6484574528337556e-15,1.0,1.0,1,0.0010655660007614642,6,16.0,7.202551817621125e-15,residual_tol,0,0,0.00025115999233094044,0.0,False,,0,0,2.0189084994784148,1.0,1.0,0.0,0.0,1.0,0.0,1.0,3056.0,768.0,2048.0,0.0,0.0,0.0,128.0,56.0,48.0,0.0,0.0,8.0,0.0,2.4698001652723178e-05,0.0005327859980752692,0.00020515200230875053,3.906400525011122e-05,0.00013862699779565446
27,full_suite,gOMP+Incremental+NoiseAware,optimized,gOMP+Incremental+NoiseAware (optimized),96,256,0.375,gaussian,gaussian,clean,0.0,1.638154483609436e-20,1.2799040915668001e-10,1.0,1.0,1,0.0011717439992935397,6,16.0,4.659677685544327e-10,residual_tol,0,0,0.0001691370016487781,0.0,True,,0,0,2.0189084994784148,1.0,1.0,0.0,0.0,1.0,0.0,1.0,5232.0,768.0,2048.0,0.0,2048.0,128.0,128.0,56.0,48.0,0.0,0.0,8.0,0.0,2.5198005459969863e-05,0.0005824070030939765,0.000260278997302521,4.229699698043987e-05,0.00012012899969704449
27,full_suite,Improved-gOMP,optimized,Improved-gOMP (optimized),96,256,0.375,gaussian,gaussian,clean,0.0,1.638154483609436e-20,1.2799040915668001e-10,1.0,1.0,1,0.0010564759977569338,6,16.0,4.659677685544327e-10,residual_tol,0,0,0.00011948400060646236,0.0,True,,0,0,2.0189084994784148,1.0,1.0,0.0,0.0,1.0,0.0,1.0,5232.0,768.0,2048.0,0.0,2048.0,128.0,128.0,56.0,48.0,0.0,0.0,8.0,0.0,2.558000778662972e-05,0.0005458639971038792,0.00020560900156851858,3.551400368451141e-05,0.00011058099698857404
28,full_suite,gOMP,optimized,gOMP (optimized),96,256,0.375,gaussian,gaussian,clean,0.0,4.340352972164216e-05,0.006588135526963767,0.9375,0.9375,0,0.00027568199948291294,6,16.0,0.02863386109735137,target_sparsity_reached,1,1,9.454900282435119e-05,3.0,True,,0,0,2.032877235399435,0.0,0.0,0.0,0.0,0.0,0.0,0.0,1216.0,768.0,0.0,256.0,0.0,0.0,128.0,56.0,0.0,0.0,0.0,8.0,0.0,2.5027002266142517e-05,6.2494000303559e-05,9.454900282435119e-05,3.236799602746032e-05,0.0
28,full_suite,gOMP+AdaptiveScreen,optimized,gOMP+AdaptiveScreen (optimized),96,256,0.375,gaussian,gaussian,clean,0.0,9.981066949767332e-30,3.1592826637968517e-15,1.0,1.0,1,0.0011388080019969493,6,16.0,1.9030006034763517e-14,residual_tol,0,0,0.00026028999491245486,0.0,False,,0,0,1.9324658558947514,1.0,1.0,0.0,0.0,1.0,0.0,1.0,3056.0,768.0,2048.0,0.0,0.0,0.0,128.0,56.0,48.0,0.0,0.0,8.0,0.0,2.2882999473949894e-05,0.0005820139958814252,0.00021152099725441076,3.872500019497238e-05,0.00014055000428925268
28,full_suite,gOMP+IncrementalSolver,optimized,gOMP+IncrementalSolver (optimized),96,256,0.375,gaussian,gaussian,clean,0.0,7.846028174539305e-21,8.85778085896197e-11,1.0,1.0,1,0.0009841069986578077,6,16.0,4.664410267203229e-10,residual_tol,0,0,0.0001195150070998352,0.0,True,,0,0,1.9324658558947514,1.0,1.0,0.0,0.0,1.0,0.0,1.0,5232.0,768.0,2048.0,0.0,2048.0,128.0,128.0,56.0,48.0,0.0,0.0,8.0,0.0,2.1150997781660408e-05,0.0005059639915998559,0.0002016119979089126,3.1773000955581665e-05,9.980299364542589e-05
28,full_suite,gOMP+NoiseAwareStop,optimized,gOMP+NoiseAwareStop (optimized),96,256,0.375,gaussian,gaussian,clean,0.0,9.981066949767332e-30,3.1592826637968517e-15,1.0,1.0,1,0.0010619770000630524,6,16.0,1.9030006034763517e-14,residual_tol,0,0,0.00022831900059827603,0.0,False,,0,0,1.9324658558947514,1.0,1.0,0.0,0.0,1.0,0.0,1.0,3056.0,768.0,2048.0,0.0,0.0,0.0,128.0,56.0,48.0,0.0,0.0,8.0,0.0,2.3904998670332134e-05,0.0005687550110451411,0.00019350900402059779,3.6718000046676025e-05,0.00010916899918811396
28,full_suite,gOMP+Adaptive+Incremental,optimized,gOMP+Adaptive+Incremental (optimized),96,256,0.375,gaussian,gaussian,clean,0.0,7.846028174539305e-21,8.85778085896197e-11,1.0,1.0,1,0.0010053420010081027,6,16.0,4.664410267203229e-10,residual_tol,0,0,0.00012014100138912909,0.0,True,,0,0,1.9324658558947514,1.0,1.0,0.0,0.0,1.0,0.0,1.0,5232.0,768.0,2048.0,0.0,2048.0,128.0,128.0,56.0,48.0,0.0,0.0,8.0,0.0,2.1178006136324257e-05,0.0005271990012261085,0.00020606200632755645,3.178300175932236e-05,9.87879975582473e-05
28,full_suite,gOMP+Adaptive+NoiseAware,optimized,gOMP+Adaptive+NoiseAware (optimized),96,256,0.375,gaussian,gaussian,clean,0.0,9.981066949767332e-30,3.1592826637968517e-15,1.0,1.0,1,0.0013327810011105612,6,16.0,1.9030006034763517e-14,residual_tol,0,0,0.00027372099430067465,0.0,False,,0,0,1.9324658558947514,1.0,1.0,0.0,0.0,1.0,0.0,1.0,3056.0,768.0,2048.0,0.0,0.0,0.0,128.0,56.0,48.0,0.0,0.0,8.0,0.0,2.297599712619558e-05,0.0006973990093683824,0.0002248270066047553,4.118399738217704e-05,0.00014910000027157366
28,full_suite,gOMP+Incremental+NoiseAware,optimized,gOMP+Incremental+NoiseAware (optimized),96,256,0.375,gaussian,gaussian,clean,0.0,7.846028174539305e-21,8.85778085896197e-11,1.0,1.0,1,0.0012463990024116356,6,16.0,4.664410267203229e-10,residual_tol,0,0,0.0001426739981980063,0.0,True,,0,0,1.9324658558947514,1.0,1.0,0.0,0.0,1.0,0.0,1.0,5232.0,768.0,2048.0,0.0,2048.0,128.0,128.0,56.0,48.0,0.0,0.0,8.0,0.0,2.607300120871514e-05,0.0006797959977120627,0.00024516700068488717,4.122700192965567e-05,0.0001052330044331029
28,full_suite,Improved-gOMP,optimized,Improved-gOMP (optimized),96,256,0.375,gaussian,gaussian,clean,0.0,7.846028174539305e-21,8.85778085896197e-11,1.0,1.0,1,0.0010864950018003583,6,16.0,4.664410267203229e-10,residual_tol,0,0,0.00012802900528186,0.0,True,,0,0,1.9324658558947514,1.0,1.0,0.0,0.0,1.0,0.0,1.0,5232.0,768.0,2048.0,0.0,2048.0,128.0,128.0,56.0,48.0,0.0,0.0,8.0,0.0,2.305000089108944e-05,0.000563015004445333,0.0002135579961759504,3.661100345198065e-05,0.00011556399840628728
29,full_suite,gOMP,optimized,gOMP (optimized),96,256,0.375,gaussian,gaussian,clean,0.0,1.0922871441614846e-20,1.0451254203020251e-10,1.0,1.0,1,0.00028576000113389455,6,16.0,4.081837081368423e-10,target_sparsity_reached,0,0,9.768100426299497e-05,3.0,True,,0,0,2.0946992407589695,0.0,0.0,0.0,0.0,0.0,0.0,0.0,1216.0,768.0,0.0,256.0,0.0,0.0,128.0,56.0,0.0,0.0,0.0,8.0,0.0,2.7745998522732407e-05,5.886499639018439e-05,9.768100426299497e-05,4.139900192967616e-05,0.0
29,full_suite,gOMP+AdaptiveScreen,optimized,gOMP+AdaptiveScreen (optimized),96,256,0.375,gaussian,gaussian,clean,0.0,7.445987079931155e-30,2.7287336036944236e-15,1.0,1.0,1,0.0014472750008280855,7,16.0,1.2636171617941469e-14,residual_tol,0,0,0.000267052004346624,0.0,False,,0,0,2.0946992407589695,1.0,1.0,0.0,0.0,1.0,0.0,1.0,3072.0,768.0,2048.0,0.0,0.0,0.0,128.0,64.0,56.0,0.0,0.0,8.0,0.0,3.155399826937355e-05,0.0006842929979029577,0.00023190700812847354,5.0692000513663515e-05,0.00031148800189839676
29,full_suite,gOMP+IncrementalSolver,optimized,gOMP+IncrementalSolver (optimized),96,256,0.375,gaussian,gaussian,clean,0.0,1.0922889823663972e-20,1.0451262997199894e-10,1.0,1.0,1,0.0013723669981118292,7,16.0,4.081842506681387e-10,residual_tol,0,0,0.00013186099749873392,0.0,True,,0,0,2.0946992407589695,1.0,1.0,0.0,0.0,1.0,0.0,1.0,5248.0,768.0,2048.0,0.0,2048.0,128.0,128.0,64.0,56.0,0.0,0.0,8.0,0.0,2.8234000637894496e-05,0.0005865599996468518,0.0002183579963457305,4.129399894736707e-05,0.00035636099710245617
29,full_suite,gOMP+NoiseAwareStop,optimized,gOMP+NoiseAwareStop (optimized),96,256,0.375,gaussian,gaussian,clean,0.0,7.445987079931155e-30,2.7287336036944236e-15,1.0,1.0,1,0.0013449079997371882,7,16.0,1.2636171617941469e-14,residual_tol,0,0,0.00024022299839998595,0.0,False,,0,0,2.0946992407589695,1.0,1.0,0.0,0.0,1.0,0.0,1.0,3072.0,768.0,2048.0,0.0,0.0,0.0,128.0,64.0,56.0,0.0,0.0,8.0,0.0,2.8821999876527116e-05,0.0006279679982981179,0.0002045290093519725,4.517499837675132e-05,0.0003021669981535524
29,full_suite,gOMP+Adaptive+Incremental,optimized,gOMP+Adaptive+Incremental (optimized),96,256,0.375,gaussian,gaussian,clean,0.0,1.0922889823663972e-20,1.0451262997199894e-10,1.0,1.0,1,0.0015307539979403373,7,16.0,4.081842506681387e-10,residual_tol,0,0,0.00015222400543279946,0.0,True,,0,0,2.0946992407589695,1.0,1.0,0.0,0.0,1.0,0.0,1.0,5248.0,768.0,2048.0,0.0,2048.0,128.0,128.0,64.0,56.0,0.0,0.0,8.0,0.0,3.1839997973293066e-05,0.0007068059967423324,0.0002546499999880325,5.0951988669112325e-05,0.00033805000202846713
29,full_suite,gOMP+Adaptive+NoiseAware,optimized,gOMP+Adaptive+NoiseAware (optimized),96,256,0.375,gaussian,gaussian,clean,0.0,7.445987079931155e-30,2.7287336036944236e-15,1.0,1.0,1,0.0013584679982159287,7,16.0,1.2636171617941469e-14,residual_tol,0,0,0.00023652700474485755,0.0,False,,0,0,2.0946992407589695,1.0,1.0,0.0,0.0,1.0,0.0,1.0,3072.0,768.0,2048.0,0.0,0.0,0.0,128.0,64.0,56.0,0.0,0.0,8.0,0.0,2.8790000214939937e-05,0.0006285439958446659,0.00020740800027851947,4.4165000872453675e-05,0.000317212994559668
29,full_suite,gOMP+Incremental+NoiseAware,optimized,gOMP+Incremental+NoiseAware (optimized),96,256,0.375,gaussian,gaussian,clean,0.0,1.0922889823663972e-20,1.0451262997199894e-10,1.0,1.0,1,0.0013787619973300025,7,16.0,4.081842506681387e-10,residual_tol,0,0,0.0001516739939688705,0.0,True,,0,0,2.0946992407589695,1.0,1.0,0.0,0.0,1.0,0.0,1.0,5248.0,768.0,2048.0,0.0,2048.0,128.0,128.0,64.0,56.0,0.0,0.0,8.0,0.0,2.8999002097407356e-05,0.0006054900040908251,0.00023988699831534177,4.372499824967235e-05,0.0003182559958077036
29,full_suite,Improved-gOMP,optimized,Improved-gOMP (optimized),96,256,0.375,gaussian,gaussian,clean,0.0,1.0922889823663972e-20,1.0451262997199894e-10,1.0,1.0,1,0.0015209660014079418,7,16.0,4.081842506681387e-10,residual_tol,0,0,0.00015465899559785612,0.0,True,,0,0,2.0946992407589695,1.0,1.0,0.0,0.0,1.0,0.0,1.0,5248.0,768.0,2048.0,0.0,2048.0,128.0,128.0,64.0,56.0,0.0,0.0,8.0,0.0,3.017999915755354e-05,0.0005964460033283103,0.0002458119961374905,4.4358002924127504e-05,0.00044614200669457205
