k,trial,algorithm,implementation,peak_working_set_bytes,residual_bytes,x_hat_bytes,support_mask_bytes,solver_gram_bytes,solver_rhs_bytes,support_history_bytes,residual_history_bytes,support_size_history_bytes,candidate_size_history_bytes,group_size_history_bytes,support_condition_history_bytes,extra_array_bytes
4,0,OMP,baseline,2968.0,768.0,2048.0,0.0,0.0,0.0,80.0,40.0,0.0,0.0,0.0,32.0,0.0
4,0,OMP,optimized,1264.0,768.0,0.0,256.0,128.0,32.0,32.0,40.0,0.0,0.0,0.0,8.0,0.0
4,1,OMP,baseline,2968.0,768.0,2048.0,0.0,0.0,0.0,80.0,40.0,0.0,0.0,0.0,32.0,0.0
4,1,OMP,optimized,1264.0,768.0,0.0,256.0,128.0,32.0,32.0,40.0,0.0,0.0,0.0,8.0,0.0
4,2,OMP,baseline,2968.0,768.0,2048.0,0.0,0.0,0.0,80.0,40.0,0.0,0.0,0.0,32.0,0.0
4,2,OMP,optimized,1264.0,768.0,0.0,256.0,128.0,32.0,32.0,40.0,0.0,0.0,0.0,8.0,0.0
4,3,OMP,baseline,2968.0,768.0,2048.0,0.0,0.0,0.0,80.0,40.0,0.0,0.0,0.0,32.0,0.0
4,3,OMP,optimized,1264.0,768.0,0.0,256.0,128.0,32.0,32.0,40.0,0.0,0.0,0.0,8.0,0.0
4,4,OMP,baseline,2968.0,768.0,2048.0,0.0,0.0,0.0,80.0,40.0,0.0,0.0,0.0,32.0,0.0
4,4,OMP,optimized,1264.0,768.0,0.0,256.0,128.0,32.0,32.0,40.0,0.0,0.0,0.0,8.0,0.0
4,5,OMP,baseline,2968.0,768.0,2048.0,0.0,0.0,0.0,80.0,40.0,0.0,0.0,0.0,32.0,0.0
4,5,OMP,optimized,1264.0,768.0,0.0,256.0,128.0,32.0,32.0,40.0,0.0,0.0,0.0,8.0,0.0
4,6,OMP,baseline,2968.0,768.0,2048.0,0.0,0.0,0.0,80.0,40.0,0.0,0.0,0.0,32.0,0.0
4,6,OMP,optimized,1264.0,768.0,0.0,256.0,128.0,32.0,32.0,40.0,0.0,0.0,0.0,8.0,0.0
4,7,OMP,baseline,2968.0,768.0,2048.0,0.0,0.0,0.0,80.0,40.0,0.0,0.0,0.0,32.0,0.0
4,7,OMP,optimized,1264.0,768.0,0.0,256.0,128.0,32.0,32.0,40.0,0.0,0.0,0.0,8.0,0.0
4,8,OMP,baseline,2968.0,768.0,2048.0,0.0,0.0,0.0,80.0,40.0,0.0,0.0,0.0,32.0,0.0
4,8,OMP,optimized,1264.0,768.0,0.0,256.0,128.0,32.0,32.0,40.0,0.0,0.0,0.0,8.0,0.0
4,9,OMP,baseline,2968.0,768.0,2048.0,0.0,0.0,0.0,80.0,40.0,0.0,0.0,0.0,32.0,0.0
4,9,OMP,optimized,1264.0,768.0,0.0,256.0,128.0,32.0,32.0,40.0,0.0,0.0,0.0,8.0,0.0
4,10,OMP,baseline,2968.0,768.0,2048.0,0.0,0.0,0.0,80.0,40.0,0.0,0.0,0.0,32.0,0.0
4,10,OMP,optimized,1264.0,768.0,0.0,256.0,128.0,32.0,32.0,40.0,0.0,0.0,0.0,8.0,0.0
4,11,OMP,baseline,2968.0,768.0,2048.0,0.0,0.0,0.0,80.0,40.0,0.0,0.0,0.0,32.0,0.0
4,11,OMP,optimized,1264.0,768.0,0.0,256.0,128.0,32.0,32.0,40.0,0.0,0.0,0.0,8.0,0.0
4,12,OMP,baseline,2968.0,768.0,2048.0,0.0,0.0,0.0,80.0,40.0,0.0,0.0,0.0,32.0,0.0
4,12,OMP,optimized,1264.0,768.0,0.0,256.0,128.0,32.0,32.0,40.0,0.0,0.0,0.0,8.0,0.0
4,13,OMP,baseline,2968.0,768.0,2048.0,0.0,0.0,0.0,80.0,40.0,0.0,0.0,0.0,32.0,0.0
4,13,OMP,optimized,1264.0,768.0,0.0,256.0,128.0,32.0,32.0,40.0,0.0,0.0,0.0,8.0,0.0
4,14,OMP,baseline,2968.0,768.0,2048.0,0.0,0.0,0.0,80.0,40.0,0.0,0.0,0.0,32.0,0.0
4,14,OMP,optimized,1264.0,768.0,0.0,256.0,128.0,32.0,32.0,40.0,0.0,0.0,0.0,8.0,0.0
4,15,OMP,baseline,2968.0,768.0,2048.0,0.0,0.0,0.0,80.0,40.0,0.0,0.0,0.0,32.0,0.0
4,15,OMP,optimized,1264.0,768.0,0.0,256.0,128.0,32.0,32.0,40.0,0.0,0.0,0.0,8.0,0.0
4,16,OMP,baseline,2968.0,768.0,2048.0,0.0,0.0,0.0,80.0,40.0,0.0,0.0,0.0,32.0,0.0
4,16,OMP,optimized,1264.0,768.0,0.0,256.0,128.0,32.0,32.0,40.0,0.0,0.0,0.0,8.0,0.0
4,17,OMP,baseline,2968.0,768.0,2048.0,0.0,0.0,0.0,80.0,40.0,0.0,0.0,0.0,32.0,0.0
4,17,OMP,optimized,1264.0,768.0,0.0,256.0,128.0,32.0,32.0,40.0,0.0,0.0,0.0,8.0,0.0
4,18,OMP,baseline,2968.0,768.0,2048.0,0.0,0.0,0.0,80.0,40.0,0.0,0.0,0.0,32.0,0.0
4,18,OMP,optimized,1264.0,768.0,0.0,256.0,128.0,32.0,32.0,40.0,0.0,0.0,0.0,8.0,0.0
4,19,OMP,baseline,2968.0,768.0,2048.0,0.0,0.0,0.0,80.0,40.0,0.0,0.0,0.0,32.0,0.0
4,19,OMP,optimized,1264.0,768.0,0.0,256.0,128.0,32.0,32.0,40.0,0.0,0.0,0.0,8.0,0.0
4,20,OMP,baseline,2968.0,768.0,2048.0,0.0,0.0,0.0,80.0,40.0,0.0,0.0,0.0,32.0,0.0
4,20,OMP,optimized,1264.0,768.0,0.0,256.0,128.0,32.0,32.0,40.0,0.0,0.0,0.0,8.0,0.0
4,21,OMP,baseline,2968.0,768.0,2048.0,0.0,0.0,0.0,80.0,40.0,0.0,0.0,0.0,32.0,0.0
4,21,OMP,optimized,1264.0,768.0,0.0,256.0,128.0,32.0,32.0,40.0,0.0,0.0,0.0,8.0,0.0
4,22,OMP,baseline,2968.0,768.0,2048.0,0.0,0.0,0.0,80.0,40.0,0.0,0.0,0.0,32.0,0.0
4,22,OMP,optimized,1264.0,768.0,0.0,256.0,128.0,32.0,32.0,40.0,0.0,0.0,0.0,8.0,0.0
4,23,OMP,baseline,2968.0,768.0,2048.0,0.0,0.0,0.0,80.0,40.0,0.0,0.0,0.0,32.0,0.0
4,23,OMP,optimized,1264.0,768.0,0.0,256.0,128.0,32.0,32.0,40.0,0.0,0.0,0.0,8.0,0.0
4,24,OMP,baseline,2968.0,768.0,2048.0,0.0,0.0,0.0,80.0,40.0,0.0,0.0,0.0,32.0,0.0
4,24,OMP,optimized,1264.0,768.0,0.0,256.0,128.0,32.0,32.0,40.0,0.0,0.0,0.0,8.0,0.0
4,25,OMP,baseline,2968.0,768.0,2048.0,0.0,0.0,0.0,80.0,40.0,0.0,0.0,0.0,32.0,0.0
4,25,OMP,optimized,1264.0,768.0,0.0,256.0,128.0,32.0,32.0,40.0,0.0,0.0,0.0,8.0,0.0
4,26,OMP,baseline,2968.0,768.0,2048.0,0.0,0.0,0.0,80.0,40.0,0.0,0.0,0.0,32.0,0.0
4,26,OMP,optimized,1264.0,768.0,0.0,256.0,128.0,32.0,32.0,40.0,0.0,0.0,0.0,8.0,0.0
4,27,OMP,baseline,2968.0,768.0,2048.0,0.0,0.0,0.0,80.0,40.0,0.0,0.0,0.0,32.0,0.0
4,27,OMP,optimized,1264.0,768.0,0.0,256.0,128.0,32.0,32.0,40.0,0.0,0.0,0.0,8.0,0.0
4,28,OMP,baseline,2968.0,768.0,2048.0,0.0,0.0,0.0,80.0,40.0,0.0,0.0,0.0,32.0,0.0
4,28,OMP,optimized,1264.0,768.0,0.0,256.0,128.0,32.0,32.0,40.0,0.0,0.0,0.0,8.0,0.0
4,29,OMP,baseline,2968.0,768.0,2048.0,0.0,0.0,0.0,80.0,40.0,0.0,0.0,0.0,32.0,0.0
4,29,OMP,optimized,1264.0,768.0,0.0,256.0,128.0,32.0,32.0,40.0,0.0,0.0,0.0,8.0,0.0
4,30,OMP,baseline,2968.0,768.0,2048.0,0.0,0.0,0.0,80.0,40.0,0.0,0.0,0.0,32.0,0.0
4,30,OMP,optimized,1264.0,768.0,0.0,256.0,128.0,32.0,32.0,40.0,0.0,0.0,0.0,8.0,0.0
4,31,OMP,baseline,2968.0,768.0,2048.0,0.0,0.0,0.0,80.0,40.0,0.0,0.0,0.0,32.0,0.0
4,31,OMP,optimized,1264.0,768.0,0.0,256.0,128.0,32.0,32.0,40.0,0.0,0.0,0.0,8.0,0.0
4,32,OMP,baseline,2968.0,768.0,2048.0,0.0,0.0,0.0,80.0,40.0,0.0,0.0,0.0,32.0,0.0
4,32,OMP,optimized,1264.0,768.0,0.0,256.0,128.0,32.0,32.0,40.0,0.0,0.0,0.0,8.0,0.0
4,33,OMP,baseline,2968.0,768.0,2048.0,0.0,0.0,0.0,80.0,40.0,0.0,0.0,0.0,32.0,0.0
4,33,OMP,optimized,1264.0,768.0,0.0,256.0,128.0,32.0,32.0,40.0,0.0,0.0,0.0,8.0,0.0
4,34,OMP,baseline,2968.0,768.0,2048.0,0.0,0.0,0.0,80.0,40.0,0.0,0.0,0.0,32.0,0.0
4,34,OMP,optimized,1264.0,768.0,0.0,256.0,128.0,32.0,32.0,40.0,0.0,0.0,0.0,8.0,0.0
4,35,OMP,baseline,2968.0,768.0,2048.0,0.0,0.0,0.0,80.0,40.0,0.0,0.0,0.0,32.0,0.0
4,35,OMP,optimized,1264.0,768.0,0.0,256.0,128.0,32.0,32.0,40.0,0.0,0.0,0.0,8.0,0.0
4,36,OMP,baseline,2968.0,768.0,2048.0,0.0,0.0,0.0,80.0,40.0,0.0,0.0,0.0,32.0,0.0
4,36,OMP,optimized,1264.0,768.0,0.0,256.0,128.0,32.0,32.0,40.0,0.0,0.0,0.0,8.0,0.0
4,37,OMP,baseline,2968.0,768.0,2048.0,0.0,0.0,0.0,80.0,40.0,0.0,0.0,0.0,32.0,0.0
4,37,OMP,optimized,1264.0,768.0,0.0,256.0,128.0,32.0,32.0,40.0,0.0,0.0,0.0,8.0,0.0
4,38,OMP,baseline,2968.0,768.0,2048.0,0.0,0.0,0.0,80.0,40.0,0.0,0.0,0.0,32.0,0.0
4,38,OMP,optimized,1264.0,768.0,0.0,256.0,128.0,32.0,32.0,40.0,0.0,0.0,0.0,8.0,0.0
4,39,OMP,baseline,2968.0,768.0,2048.0,0.0,0.0,0.0,80.0,40.0,0.0,0.0,0.0,32.0,0.0
4,39,OMP,optimized,1264.0,768.0,0.0,256.0,128.0,32.0,32.0,40.0,0.0,0.0,0.0,8.0,0.0
4,40,OMP,baseline,2968.0,768.0,2048.0,0.0,0.0,0.0,80.0,40.0,0.0,0.0,0.0,32.0,0.0
4,40,OMP,optimized,1264.0,768.0,0.0,256.0,128.0,32.0,32.0,40.0,0.0,0.0,0.0,8.0,0.0
4,41,OMP,baseline,2968.0,768.0,2048.0,0.0,0.0,0.0,80.0,40.0,0.0,0.0,0.0,32.0,0.0
4,41,OMP,optimized,1264.0,768.0,0.0,256.0,128.0,32.0,32.0,40.0,0.0,0.0,0.0,8.0,0.0
4,42,OMP,baseline,2968.0,768.0,2048.0,0.0,0.0,0.0,80.0,40.0,0.0,0.0,0.0,32.0,0.0
4,42,OMP,optimized,1264.0,768.0,0.0,256.0,128.0,32.0,32.0,40.0,0.0,0.0,0.0,8.0,0.0
4,43,OMP,baseline,2968.0,768.0,2048.0,0.0,0.0,0.0,80.0,40.0,0.0,0.0,0.0,32.0,0.0
4,43,OMP,optimized,1264.0,768.0,0.0,256.0,128.0,32.0,32.0,40.0,0.0,0.0,0.0,8.0,0.0
4,44,OMP,baseline,2968.0,768.0,2048.0,0.0,0.0,0.0,80.0,40.0,0.0,0.0,0.0,32.0,0.0
4,44,OMP,optimized,1264.0,768.0,0.0,256.0,128.0,32.0,32.0,40.0,0.0,0.0,0.0,8.0,0.0
4,45,OMP,baseline,2968.0,768.0,2048.0,0.0,0.0,0.0,80.0,40.0,0.0,0.0,0.0,32.0,0.0
4,45,OMP,optimized,1264.0,768.0,0.0,256.0,128.0,32.0,32.0,40.0,0.0,0.0,0.0,8.0,0.0
4,46,OMP,baseline,2968.0,768.0,2048.0,0.0,0.0,0.0,80.0,40.0,0.0,0.0,0.0,32.0,0.0
4,46,OMP,optimized,1264.0,768.0,0.0,256.0,128.0,32.0,32.0,40.0,0.0,0.0,0.0,8.0,0.0
4,47,OMP,baseline,2968.0,768.0,2048.0,0.0,0.0,0.0,80.0,40.0,0.0,0.0,0.0,32.0,0.0
4,47,OMP,optimized,1264.0,768.0,0.0,256.0,128.0,32.0,32.0,40.0,0.0,0.0,0.0,8.0,0.0
4,48,OMP,baseline,2968.0,768.0,2048.0,0.0,0.0,0.0,80.0,40.0,0.0,0.0,0.0,32.0,0.0
4,48,OMP,optimized,1264.0,768.0,0.0,256.0,128.0,32.0,32.0,40.0,0.0,0.0,0.0,8.0,0.0
4,49,OMP,baseline,2968.0,768.0,2048.0,0.0,0.0,0.0,80.0,40.0,0.0,0.0,0.0,32.0,0.0
4,49,OMP,optimized,1264.0,768.0,0.0,256.0,128.0,32.0,32.0,40.0,0.0,0.0,0.0,8.0,0.0
4,50,OMP,baseline,2968.0,768.0,2048.0,0.0,0.0,0.0,80.0,40.0,0.0,0.0,0.0,32.0,0.0
4,50,OMP,optimized,1264.0,768.0,0.0,256.0,128.0,32.0,32.0,40.0,0.0,0.0,0.0,8.0,0.0
4,51,OMP,baseline,2968.0,768.0,2048.0,0.0,0.0,0.0,80.0,40.0,0.0,0.0,0.0,32.0,0.0
4,51,OMP,optimized,1264.0,768.0,0.0,256.0,128.0,32.0,32.0,40.0,0.0,0.0,0.0,8.0,0.0
4,52,OMP,baseline,2968.0,768.0,2048.0,0.0,0.0,0.0,80.0,40.0,0.0,0.0,0.0,32.0,0.0
4,52,OMP,optimized,1264.0,768.0,0.0,256.0,128.0,32.0,32.0,40.0,0.0,0.0,0.0,8.0,0.0
4,53,OMP,baseline,2968.0,768.0,2048.0,0.0,0.0,0.0,80.0,40.0,0.0,0.0,0.0,32.0,0.0
4,53,OMP,optimized,1264.0,768.0,0.0,256.0,128.0,32.0,32.0,40.0,0.0,0.0,0.0,8.0,0.0
4,54,OMP,baseline,2968.0,768.0,2048.0,0.0,0.0,0.0,80.0,40.0,0.0,0.0,0.0,32.0,0.0
4,54,OMP,optimized,1264.0,768.0,0.0,256.0,128.0,32.0,32.0,40.0,0.0,0.0,0.0,8.0,0.0
4,55,OMP,baseline,2968.0,768.0,2048.0,0.0,0.0,0.0,80.0,40.0,0.0,0.0,0.0,32.0,0.0
4,55,OMP,optimized,1264.0,768.0,0.0,256.0,128.0,32.0,32.0,40.0,0.0,0.0,0.0,8.0,0.0
4,56,OMP,baseline,2968.0,768.0,2048.0,0.0,0.0,0.0,80.0,40.0,0.0,0.0,0.0,32.0,0.0
4,56,OMP,optimized,1264.0,768.0,0.0,256.0,128.0,32.0,32.0,40.0,0.0,0.0,0.0,8.0,0.0
4,57,OMP,baseline,2968.0,768.0,2048.0,0.0,0.0,0.0,80.0,40.0,0.0,0.0,0.0,32.0,0.0
4,57,OMP,optimized,1264.0,768.0,0.0,256.0,128.0,32.0,32.0,40.0,0.0,0.0,0.0,8.0,0.0
4,58,OMP,baseline,2968.0,768.0,2048.0,0.0,0.0,0.0,80.0,40.0,0.0,0.0,0.0,32.0,0.0
4,58,OMP,optimized,1264.0,768.0,0.0,256.0,128.0,32.0,32.0,40.0,0.0,0.0,0.0,8.0,0.0
4,59,OMP,baseline,2968.0,768.0,2048.0,0.0,0.0,0.0,80.0,40.0,0.0,0.0,0.0,32.0,0.0
4,59,OMP,optimized,1264.0,768.0,0.0,256.0,128.0,32.0,32.0,40.0,0.0,0.0,0.0,8.0,0.0
4,60,OMP,baseline,2968.0,768.0,2048.0,0.0,0.0,0.0,80.0,40.0,0.0,0.0,0.0,32.0,0.0
4,60,OMP,optimized,1264.0,768.0,0.0,256.0,128.0,32.0,32.0,40.0,0.0,0.0,0.0,8.0,0.0
4,61,OMP,baseline,2968.0,768.0,2048.0,0.0,0.0,0.0,80.0,40.0,0.0,0.0,0.0,32.0,0.0
4,61,OMP,optimized,1264.0,768.0,0.0,256.0,128.0,32.0,32.0,40.0,0.0,0.0,0.0,8.0,0.0
4,62,OMP,baseline,2968.0,768.0,2048.0,0.0,0.0,0.0,80.0,40.0,0.0,0.0,0.0,32.0,0.0
4,62,OMP,optimized,1264.0,768.0,0.0,256.0,128.0,32.0,32.0,40.0,0.0,0.0,0.0,8.0,0.0
4,63,OMP,baseline,2968.0,768.0,2048.0,0.0,0.0,0.0,80.0,40.0,0.0,0.0,0.0,32.0,0.0
4,63,OMP,optimized,1264.0,768.0,0.0,256.0,128.0,32.0,32.0,40.0,0.0,0.0,0.0,8.0,0.0
4,64,OMP,baseline,2968.0,768.0,2048.0,0.0,0.0,0.0,80.0,40.0,0.0,0.0,0.0,32.0,0.0
4,64,OMP,optimized,1264.0,768.0,0.0,256.0,128.0,32.0,32.0,40.0,0.0,0.0,0.0,8.0,0.0
4,65,OMP,baseline,2968.0,768.0,2048.0,0.0,0.0,0.0,80.0,40.0,0.0,0.0,0.0,32.0,0.0
4,65,OMP,optimized,1264.0,768.0,0.0,256.0,128.0,32.0,32.0,40.0,0.0,0.0,0.0,8.0,0.0
4,66,OMP,baseline,2968.0,768.0,2048.0,0.0,0.0,0.0,80.0,40.0,0.0,0.0,0.0,32.0,0.0
4,66,OMP,optimized,1264.0,768.0,0.0,256.0,128.0,32.0,32.0,40.0,0.0,0.0,0.0,8.0,0.0
4,67,OMP,baseline,2968.0,768.0,2048.0,0.0,0.0,0.0,80.0,40.0,0.0,0.0,0.0,32.0,0.0
4,67,OMP,optimized,1264.0,768.0,0.0,256.0,128.0,32.0,32.0,40.0,0.0,0.0,0.0,8.0,0.0
4,68,OMP,baseline,2968.0,768.0,2048.0,0.0,0.0,0.0,80.0,40.0,0.0,0.0,0.0,32.0,0.0
4,68,OMP,optimized,1264.0,768.0,0.0,256.0,128.0,32.0,32.0,40.0,0.0,0.0,0.0,8.0,0.0
4,69,OMP,baseline,2968.0,768.0,2048.0,0.0,0.0,0.0,80.0,40.0,0.0,0.0,0.0,32.0,0.0
4,69,OMP,optimized,1264.0,768.0,0.0,256.0,128.0,32.0,32.0,40.0,0.0,0.0,0.0,8.0,0.0
4,70,OMP,baseline,2968.0,768.0,2048.0,0.0,0.0,0.0,80.0,40.0,0.0,0.0,0.0,32.0,0.0
4,70,OMP,optimized,1264.0,768.0,0.0,256.0,128.0,32.0,32.0,40.0,0.0,0.0,0.0,8.0,0.0
4,71,OMP,baseline,2968.0,768.0,2048.0,0.0,0.0,0.0,80.0,40.0,0.0,0.0,0.0,32.0,0.0
4,71,OMP,optimized,1264.0,768.0,0.0,256.0,128.0,32.0,32.0,40.0,0.0,0.0,0.0,8.0,0.0
4,72,OMP,baseline,2968.0,768.0,2048.0,0.0,0.0,0.0,80.0,40.0,0.0,0.0,0.0,32.0,0.0
4,72,OMP,optimized,1264.0,768.0,0.0,256.0,128.0,32.0,32.0,40.0,0.0,0.0,0.0,8.0,0.0
4,73,OMP,baseline,2968.0,768.0,2048.0,0.0,0.0,0.0,80.0,40.0,0.0,0.0,0.0,32.0,0.0
4,73,OMP,optimized,1264.0,768.0,0.0,256.0,128.0,32.0,32.0,40.0,0.0,0.0,0.0,8.0,0.0
4,74,OMP,baseline,2968.0,768.0,2048.0,0.0,0.0,0.0,80.0,40.0,0.0,0.0,0.0,32.0,0.0
4,74,OMP,optimized,1264.0,768.0,0.0,256.0,128.0,32.0,32.0,40.0,0.0,0.0,0.0,8.0,0.0
4,75,OMP,baseline,2968.0,768.0,2048.0,0.0,0.0,0.0,80.0,40.0,0.0,0.0,0.0,32.0,0.0
4,75,OMP,optimized,1264.0,768.0,0.0,256.0,128.0,32.0,32.0,40.0,0.0,0.0,0.0,8.0,0.0
4,76,OMP,baseline,2968.0,768.0,2048.0,0.0,0.0,0.0,80.0,40.0,0.0,0.0,0.0,32.0,0.0
4,76,OMP,optimized,1264.0,768.0,0.0,256.0,128.0,32.0,32.0,40.0,0.0,0.0,0.0,8.0,0.0
4,77,OMP,baseline,2968.0,768.0,2048.0,0.0,0.0,0.0,80.0,40.0,0.0,0.0,0.0,32.0,0.0
4,77,OMP,optimized,1264.0,768.0,0.0,256.0,128.0,32.0,32.0,40.0,0.0,0.0,0.0,8.0,0.0
4,78,OMP,baseline,2968.0,768.0,2048.0,0.0,0.0,0.0,80.0,40.0,0.0,0.0,0.0,32.0,0.0
4,78,OMP,optimized,1264.0,768.0,0.0,256.0,128.0,32.0,32.0,40.0,0.0,0.0,0.0,8.0,0.0
4,79,OMP,baseline,2968.0,768.0,2048.0,0.0,0.0,0.0,80.0,40.0,0.0,0.0,0.0,32.0,0.0
4,79,OMP,optimized,1264.0,768.0,0.0,256.0,128.0,32.0,32.0,40.0,0.0,0.0,0.0,8.0,0.0
4,80,OMP,baseline,2968.0,768.0,2048.0,0.0,0.0,0.0,80.0,40.0,0.0,0.0,0.0,32.0,0.0
4,80,OMP,optimized,1264.0,768.0,0.0,256.0,128.0,32.0,32.0,40.0,0.0,0.0,0.0,8.0,0.0
4,81,OMP,baseline,2968.0,768.0,2048.0,0.0,0.0,0.0,80.0,40.0,0.0,0.0,0.0,32.0,0.0
4,81,OMP,optimized,1264.0,768.0,0.0,256.0,128.0,32.0,32.0,40.0,0.0,0.0,0.0,8.0,0.0
4,82,OMP,baseline,2968.0,768.0,2048.0,0.0,0.0,0.0,80.0,40.0,0.0,0.0,0.0,32.0,0.0
4,82,OMP,optimized,1264.0,768.0,0.0,256.0,128.0,32.0,32.0,40.0,0.0,0.0,0.0,8.0,0.0
4,83,OMP,baseline,2968.0,768.0,2048.0,0.0,0.0,0.0,80.0,40.0,0.0,0.0,0.0,32.0,0.0
4,83,OMP,optimized,1264.0,768.0,0.0,256.0,128.0,32.0,32.0,40.0,0.0,0.0,0.0,8.0,0.0
4,84,OMP,baseline,2968.0,768.0,2048.0,0.0,0.0,0.0,80.0,40.0,0.0,0.0,0.0,32.0,0.0
4,84,OMP,optimized,1264.0,768.0,0.0,256.0,128.0,32.0,32.0,40.0,0.0,0.0,0.0,8.0,0.0
4,85,OMP,baseline,2968.0,768.0,2048.0,0.0,0.0,0.0,80.0,40.0,0.0,0.0,0.0,32.0,0.0
4,85,OMP,optimized,1264.0,768.0,0.0,256.0,128.0,32.0,32.0,40.0,0.0,0.0,0.0,8.0,0.0
4,86,OMP,baseline,2968.0,768.0,2048.0,0.0,0.0,0.0,80.0,40.0,0.0,0.0,0.0,32.0,0.0
4,86,OMP,optimized,1264.0,768.0,0.0,256.0,128.0,32.0,32.0,40.0,0.0,0.0,0.0,8.0,0.0
4,87,OMP,baseline,2968.0,768.0,2048.0,0.0,0.0,0.0,80.0,40.0,0.0,0.0,0.0,32.0,0.0
4,87,OMP,optimized,1264.0,768.0,0.0,256.0,128.0,32.0,32.0,40.0,0.0,0.0,0.0,8.0,0.0
4,88,OMP,baseline,2968.0,768.0,2048.0,0.0,0.0,0.0,80.0,40.0,0.0,0.0,0.0,32.0,0.0
4,88,OMP,optimized,1264.0,768.0,0.0,256.0,128.0,32.0,32.0,40.0,0.0,0.0,0.0,8.0,0.0
4,89,OMP,baseline,2968.0,768.0,2048.0,0.0,0.0,0.0,80.0,40.0,0.0,0.0,0.0,32.0,0.0
4,89,OMP,optimized,1264.0,768.0,0.0,256.0,128.0,32.0,32.0,40.0,0.0,0.0,0.0,8.0,0.0
4,90,OMP,baseline,2968.0,768.0,2048.0,0.0,0.0,0.0,80.0,40.0,0.0,0.0,0.0,32.0,0.0
4,90,OMP,optimized,1264.0,768.0,0.0,256.0,128.0,32.0,32.0,40.0,0.0,0.0,0.0,8.0,0.0
4,91,OMP,baseline,2968.0,768.0,2048.0,0.0,0.0,0.0,80.0,40.0,0.0,0.0,0.0,32.0,0.0
4,91,OMP,optimized,1264.0,768.0,0.0,256.0,128.0,32.0,32.0,40.0,0.0,0.0,0.0,8.0,0.0
4,92,OMP,baseline,2968.0,768.0,2048.0,0.0,0.0,0.0,80.0,40.0,0.0,0.0,0.0,32.0,0.0
4,92,OMP,optimized,1264.0,768.0,0.0,256.0,128.0,32.0,32.0,40.0,0.0,0.0,0.0,8.0,0.0
4,93,OMP,baseline,2968.0,768.0,2048.0,0.0,0.0,0.0,80.0,40.0,0.0,0.0,0.0,32.0,0.0
4,93,OMP,optimized,1264.0,768.0,0.0,256.0,128.0,32.0,32.0,40.0,0.0,0.0,0.0,8.0,0.0
4,94,OMP,baseline,2968.0,768.0,2048.0,0.0,0.0,0.0,80.0,40.0,0.0,0.0,0.0,32.0,0.0
4,94,OMP,optimized,1264.0,768.0,0.0,256.0,128.0,32.0,32.0,40.0,0.0,0.0,0.0,8.0,0.0
4,95,OMP,baseline,2968.0,768.0,2048.0,0.0,0.0,0.0,80.0,40.0,0.0,0.0,0.0,32.0,0.0
4,95,OMP,optimized,1264.0,768.0,0.0,256.0,128.0,32.0,32.0,40.0,0.0,0.0,0.0,8.0,0.0
4,96,OMP,baseline,2968.0,768.0,2048.0,0.0,0.0,0.0,80.0,40.0,0.0,0.0,0.0,32.0,0.0
4,96,OMP,optimized,1264.0,768.0,0.0,256.0,128.0,32.0,32.0,40.0,0.0,0.0,0.0,8.0,0.0
4,97,OMP,baseline,2968.0,768.0,2048.0,0.0,0.0,0.0,80.0,40.0,0.0,0.0,0.0,32.0,0.0
4,97,OMP,optimized,1264.0,768.0,0.0,256.0,128.0,32.0,32.0,40.0,0.0,0.0,0.0,8.0,0.0
4,98,OMP,baseline,2968.0,768.0,2048.0,0.0,0.0,0.0,80.0,40.0,0.0,0.0,0.0,32.0,0.0
4,98,OMP,optimized,1264.0,768.0,0.0,256.0,128.0,32.0,32.0,40.0,0.0,0.0,0.0,8.0,0.0
4,99,OMP,baseline,2968.0,768.0,2048.0,0.0,0.0,0.0,80.0,40.0,0.0,0.0,0.0,32.0,0.0
4,99,OMP,optimized,1264.0,768.0,0.0,256.0,128.0,32.0,32.0,40.0,0.0,0.0,0.0,8.0,0.0
4,100,OMP,baseline,2968.0,768.0,2048.0,0.0,0.0,0.0,80.0,40.0,0.0,0.0,0.0,32.0,0.0
4,100,OMP,optimized,1264.0,768.0,0.0,256.0,128.0,32.0,32.0,40.0,0.0,0.0,0.0,8.0,0.0
4,101,OMP,baseline,2968.0,768.0,2048.0,0.0,0.0,0.0,80.0,40.0,0.0,0.0,0.0,32.0,0.0
4,101,OMP,optimized,1264.0,768.0,0.0,256.0,128.0,32.0,32.0,40.0,0.0,0.0,0.0,8.0,0.0
4,102,OMP,baseline,2968.0,768.0,2048.0,0.0,0.0,0.0,80.0,40.0,0.0,0.0,0.0,32.0,0.0
4,102,OMP,optimized,1264.0,768.0,0.0,256.0,128.0,32.0,32.0,40.0,0.0,0.0,0.0,8.0,0.0
4,103,OMP,baseline,2968.0,768.0,2048.0,0.0,0.0,0.0,80.0,40.0,0.0,0.0,0.0,32.0,0.0
4,103,OMP,optimized,1264.0,768.0,0.0,256.0,128.0,32.0,32.0,40.0,0.0,0.0,0.0,8.0,0.0
4,104,OMP,baseline,2968.0,768.0,2048.0,0.0,0.0,0.0,80.0,40.0,0.0,0.0,0.0,32.0,0.0
4,104,OMP,optimized,1264.0,768.0,0.0,256.0,128.0,32.0,32.0,40.0,0.0,0.0,0.0,8.0,0.0
4,105,OMP,baseline,2968.0,768.0,2048.0,0.0,0.0,0.0,80.0,40.0,0.0,0.0,0.0,32.0,0.0
4,105,OMP,optimized,1264.0,768.0,0.0,256.0,128.0,32.0,32.0,40.0,0.0,0.0,0.0,8.0,0.0
4,106,OMP,baseline,2968.0,768.0,2048.0,0.0,0.0,0.0,80.0,40.0,0.0,0.0,0.0,32.0,0.0
4,106,OMP,optimized,1264.0,768.0,0.0,256.0,128.0,32.0,32.0,40.0,0.0,0.0,0.0,8.0,0.0
4,107,OMP,baseline,2968.0,768.0,2048.0,0.0,0.0,0.0,80.0,40.0,0.0,0.0,0.0,32.0,0.0
4,107,OMP,optimized,1264.0,768.0,0.0,256.0,128.0,32.0,32.0,40.0,0.0,0.0,0.0,8.0,0.0
4,108,OMP,baseline,2968.0,768.0,2048.0,0.0,0.0,0.0,80.0,40.0,0.0,0.0,0.0,32.0,0.0
4,108,OMP,optimized,1264.0,768.0,0.0,256.0,128.0,32.0,32.0,40.0,0.0,0.0,0.0,8.0,0.0
4,109,OMP,baseline,2968.0,768.0,2048.0,0.0,0.0,0.0,80.0,40.0,0.0,0.0,0.0,32.0,0.0
4,109,OMP,optimized,1264.0,768.0,0.0,256.0,128.0,32.0,32.0,40.0,0.0,0.0,0.0,8.0,0.0
4,110,OMP,baseline,2968.0,768.0,2048.0,0.0,0.0,0.0,80.0,40.0,0.0,0.0,0.0,32.0,0.0
4,110,OMP,optimized,1264.0,768.0,0.0,256.0,128.0,32.0,32.0,40.0,0.0,0.0,0.0,8.0,0.0
4,111,OMP,baseline,2968.0,768.0,2048.0,0.0,0.0,0.0,80.0,40.0,0.0,0.0,0.0,32.0,0.0
4,111,OMP,optimized,1264.0,768.0,0.0,256.0,128.0,32.0,32.0,40.0,0.0,0.0,0.0,8.0,0.0
4,112,OMP,baseline,2968.0,768.0,2048.0,0.0,0.0,0.0,80.0,40.0,0.0,0.0,0.0,32.0,0.0
4,112,OMP,optimized,1264.0,768.0,0.0,256.0,128.0,32.0,32.0,40.0,0.0,0.0,0.0,8.0,0.0
4,113,OMP,baseline,2968.0,768.0,2048.0,0.0,0.0,0.0,80.0,40.0,0.0,0.0,0.0,32.0,0.0
4,113,OMP,optimized,1264.0,768.0,0.0,256.0,128.0,32.0,32.0,40.0,0.0,0.0,0.0,8.0,0.0
4,114,OMP,baseline,2968.0,768.0,2048.0,0.0,0.0,0.0,80.0,40.0,0.0,0.0,0.0,32.0,0.0
4,114,OMP,optimized,1264.0,768.0,0.0,256.0,128.0,32.0,32.0,40.0,0.0,0.0,0.0,8.0,0.0
4,115,OMP,baseline,2968.0,768.0,2048.0,0.0,0.0,0.0,80.0,40.0,0.0,0.0,0.0,32.0,0.0
4,115,OMP,optimized,1264.0,768.0,0.0,256.0,128.0,32.0,32.0,40.0,0.0,0.0,0.0,8.0,0.0
4,116,OMP,baseline,2968.0,768.0,2048.0,0.0,0.0,0.0,80.0,40.0,0.0,0.0,0.0,32.0,0.0
4,116,OMP,optimized,1264.0,768.0,0.0,256.0,128.0,32.0,32.0,40.0,0.0,0.0,0.0,8.0,0.0
4,117,OMP,baseline,2968.0,768.0,2048.0,0.0,0.0,0.0,80.0,40.0,0.0,0.0,0.0,32.0,0.0
4,117,OMP,optimized,1264.0,768.0,0.0,256.0,128.0,32.0,32.0,40.0,0.0,0.0,0.0,8.0,0.0
4,118,OMP,baseline,2968.0,768.0,2048.0,0.0,0.0,0.0,80.0,40.0,0.0,0.0,0.0,32.0,0.0
4,118,OMP,optimized,1264.0,768.0,0.0,256.0,128.0,32.0,32.0,40.0,0.0,0.0,0.0,8.0,0.0
4,119,OMP,baseline,2968.0,768.0,2048.0,0.0,0.0,0.0,80.0,40.0,0.0,0.0,0.0,32.0,0.0
4,119,OMP,optimized,1264.0,768.0,0.0,256.0,128.0,32.0,32.0,40.0,0.0,0.0,0.0,8.0,0.0
4,120,OMP,baseline,2968.0,768.0,2048.0,0.0,0.0,0.0,80.0,40.0,0.0,0.0,0.0,32.0,0.0
4,120,OMP,optimized,1264.0,768.0,0.0,256.0,128.0,32.0,32.0,40.0,0.0,0.0,0.0,8.0,0.0
4,121,OMP,baseline,2968.0,768.0,2048.0,0.0,0.0,0.0,80.0,40.0,0.0,0.0,0.0,32.0,0.0
4,121,OMP,optimized,1264.0,768.0,0.0,256.0,128.0,32.0,32.0,40.0,0.0,0.0,0.0,8.0,0.0
4,122,OMP,baseline,2968.0,768.0,2048.0,0.0,0.0,0.0,80.0,40.0,0.0,0.0,0.0,32.0,0.0
4,122,OMP,optimized,1264.0,768.0,0.0,256.0,128.0,32.0,32.0,40.0,0.0,0.0,0.0,8.0,0.0
4,123,OMP,baseline,2968.0,768.0,2048.0,0.0,0.0,0.0,80.0,40.0,0.0,0.0,0.0,32.0,0.0
4,123,OMP,optimized,1264.0,768.0,0.0,256.0,128.0,32.0,32.0,40.0,0.0,0.0,0.0,8.0,0.0
4,124,OMP,baseline,2968.0,768.0,2048.0,0.0,0.0,0.0,80.0,40.0,0.0,0.0,0.0,32.0,0.0
4,124,OMP,optimized,1264.0,768.0,0.0,256.0,128.0,32.0,32.0,40.0,0.0,0.0,0.0,8.0,0.0
4,125,OMP,baseline,2968.0,768.0,2048.0,0.0,0.0,0.0,80.0,40.0,0.0,0.0,0.0,32.0,0.0
4,125,OMP,optimized,1264.0,768.0,0.0,256.0,128.0,32.0,32.0,40.0,0.0,0.0,0.0,8.0,0.0
4,126,OMP,baseline,2968.0,768.0,2048.0,0.0,0.0,0.0,80.0,40.0,0.0,0.0,0.0,32.0,0.0
4,126,OMP,optimized,1264.0,768.0,0.0,256.0,128.0,32.0,32.0,40.0,0.0,0.0,0.0,8.0,0.0
4,127,OMP,baseline,2968.0,768.0,2048.0,0.0,0.0,0.0,80.0,40.0,0.0,0.0,0.0,32.0,0.0
4,127,OMP,optimized,1264.0,768.0,0.0,256.0,128.0,32.0,32.0,40.0,0.0,0.0,0.0,8.0,0.0
4,128,OMP,baseline,2968.0,768.0,2048.0,0.0,0.0,0.0,80.0,40.0,0.0,0.0,0.0,32.0,0.0
4,128,OMP,optimized,1264.0,768.0,0.0,256.0,128.0,32.0,32.0,40.0,0.0,0.0,0.0,8.0,0.0
4,129,OMP,baseline,2968.0,768.0,2048.0,0.0,0.0,0.0,80.0,40.0,0.0,0.0,0.0,32.0,0.0
4,129,OMP,optimized,1264.0,768.0,0.0,256.0,128.0,32.0,32.0,40.0,0.0,0.0,0.0,8.0,0.0
4,130,OMP,baseline,2968.0,768.0,2048.0,0.0,0.0,0.0,80.0,40.0,0.0,0.0,0.0,32.0,0.0
4,130,OMP,optimized,1264.0,768.0,0.0,256.0,128.0,32.0,32.0,40.0,0.0,0.0,0.0,8.0,0.0
4,131,OMP,baseline,2968.0,768.0,2048.0,0.0,0.0,0.0,80.0,40.0,0.0,0.0,0.0,32.0,0.0
4,131,OMP,optimized,1264.0,768.0,0.0,256.0,128.0,32.0,32.0,40.0,0.0,0.0,0.0,8.0,0.0
4,132,OMP,baseline,2968.0,768.0,2048.0,0.0,0.0,0.0,80.0,40.0,0.0,0.0,0.0,32.0,0.0
4,132,OMP,optimized,1264.0,768.0,0.0,256.0,128.0,32.0,32.0,40.0,0.0,0.0,0.0,8.0,0.0
4,133,OMP,baseline,2968.0,768.0,2048.0,0.0,0.0,0.0,80.0,40.0,0.0,0.0,0.0,32.0,0.0
4,133,OMP,optimized,1264.0,768.0,0.0,256.0,128.0,32.0,32.0,40.0,0.0,0.0,0.0,8.0,0.0
4,134,OMP,baseline,2968.0,768.0,2048.0,0.0,0.0,0.0,80.0,40.0,0.0,0.0,0.0,32.0,0.0
4,134,OMP,optimized,1264.0,768.0,0.0,256.0,128.0,32.0,32.0,40.0,0.0,0.0,0.0,8.0,0.0
4,135,OMP,baseline,2968.0,768.0,2048.0,0.0,0.0,0.0,80.0,40.0,0.0,0.0,0.0,32.0,0.0
4,135,OMP,optimized,1264.0,768.0,0.0,256.0,128.0,32.0,32.0,40.0,0.0,0.0,0.0,8.0,0.0
4,136,OMP,baseline,2968.0,768.0,2048.0,0.0,0.0,0.0,80.0,40.0,0.0,0.0,0.0,32.0,0.0
4,136,OMP,optimized,1264.0,768.0,0.0,256.0,128.0,32.0,32.0,40.0,0.0,0.0,0.0,8.0,0.0
4,137,OMP,baseline,2968.0,768.0,2048.0,0.0,0.0,0.0,80.0,40.0,0.0,0.0,0.0,32.0,0.0
4,137,OMP,optimized,1264.0,768.0,0.0,256.0,128.0,32.0,32.0,40.0,0.0,0.0,0.0,8.0,0.0
4,138,OMP,baseline,2968.0,768.0,2048.0,0.0,0.0,0.0,80.0,40.0,0.0,0.0,0.0,32.0,0.0
4,138,OMP,optimized,1264.0,768.0,0.0,256.0,128.0,32.0,32.0,40.0,0.0,0.0,0.0,8.0,0.0
4,139,OMP,baseline,2968.0,768.0,2048.0,0.0,0.0,0.0,80.0,40.0,0.0,0.0,0.0,32.0,0.0
4,139,OMP,optimized,1264.0,768.0,0.0,256.0,128.0,32.0,32.0,40.0,0.0,0.0,0.0,8.0,0.0
4,140,OMP,baseline,2968.0,768.0,2048.0,0.0,0.0,0.0,80.0,40.0,0.0,0.0,0.0,32.0,0.0
4,140,OMP,optimized,1264.0,768.0,0.0,256.0,128.0,32.0,32.0,40.0,0.0,0.0,0.0,8.0,0.0
4,141,OMP,baseline,2968.0,768.0,2048.0,0.0,0.0,0.0,80.0,40.0,0.0,0.0,0.0,32.0,0.0
4,141,OMP,optimized,1264.0,768.0,0.0,256.0,128.0,32.0,32.0,40.0,0.0,0.0,0.0,8.0,0.0
4,142,OMP,baseline,2968.0,768.0,2048.0,0.0,0.0,0.0,80.0,40.0,0.0,0.0,0.0,32.0,0.0
4,142,OMP,optimized,1264.0,768.0,0.0,256.0,128.0,32.0,32.0,40.0,0.0,0.0,0.0,8.0,0.0
4,143,OMP,baseline,2968.0,768.0,2048.0,0.0,0.0,0.0,80.0,40.0,0.0,0.0,0.0,32.0,0.0
4,143,OMP,optimized,1264.0,768.0,0.0,256.0,128.0,32.0,32.0,40.0,0.0,0.0,0.0,8.0,0.0
4,144,OMP,baseline,2968.0,768.0,2048.0,0.0,0.0,0.0,80.0,40.0,0.0,0.0,0.0,32.0,0.0
4,144,OMP,optimized,1264.0,768.0,0.0,256.0,128.0,32.0,32.0,40.0,0.0,0.0,0.0,8.0,0.0
4,145,OMP,baseline,2968.0,768.0,2048.0,0.0,0.0,0.0,80.0,40.0,0.0,0.0,0.0,32.0,0.0
4,145,OMP,optimized,1264.0,768.0,0.0,256.0,128.0,32.0,32.0,40.0,0.0,0.0,0.0,8.0,0.0
4,146,OMP,baseline,2968.0,768.0,2048.0,0.0,0.0,0.0,80.0,40.0,0.0,0.0,0.0,32.0,0.0
4,146,OMP,optimized,1264.0,768.0,0.0,256.0,128.0,32.0,32.0,40.0,0.0,0.0,0.0,8.0,0.0
4,147,OMP,baseline,2968.0,768.0,2048.0,0.0,0.0,0.0,80.0,40.0,0.0,0.0,0.0,32.0,0.0
4,147,OMP,optimized,1264.0,768.0,0.0,256.0,128.0,32.0,32.0,40.0,0.0,0.0,0.0,8.0,0.0
4,148,OMP,baseline,2968.0,768.0,2048.0,0.0,0.0,0.0,80.0,40.0,0.0,0.0,0.0,32.0,0.0
4,148,OMP,optimized,1264.0,768.0,0.0,256.0,128.0,32.0,32.0,40.0,0.0,0.0,0.0,8.0,0.0
4,149,OMP,baseline,2968.0,768.0,2048.0,0.0,0.0,0.0,80.0,40.0,0.0,0.0,0.0,32.0,0.0
4,149,OMP,optimized,1264.0,768.0,0.0,256.0,128.0,32.0,32.0,40.0,0.0,0.0,0.0,8.0,0.0
4,150,OMP,baseline,2968.0,768.0,2048.0,0.0,0.0,0.0,80.0,40.0,0.0,0.0,0.0,32.0,0.0
4,150,OMP,optimized,1264.0,768.0,0.0,256.0,128.0,32.0,32.0,40.0,0.0,0.0,0.0,8.0,0.0
4,151,OMP,baseline,2968.0,768.0,2048.0,0.0,0.0,0.0,80.0,40.0,0.0,0.0,0.0,32.0,0.0
4,151,OMP,optimized,1264.0,768.0,0.0,256.0,128.0,32.0,32.0,40.0,0.0,0.0,0.0,8.0,0.0
4,152,OMP,baseline,2968.0,768.0,2048.0,0.0,0.0,0.0,80.0,40.0,0.0,0.0,0.0,32.0,0.0
4,152,OMP,optimized,1264.0,768.0,0.0,256.0,128.0,32.0,32.0,40.0,0.0,0.0,0.0,8.0,0.0
4,153,OMP,baseline,2968.0,768.0,2048.0,0.0,0.0,0.0,80.0,40.0,0.0,0.0,0.0,32.0,0.0
4,153,OMP,optimized,1264.0,768.0,0.0,256.0,128.0,32.0,32.0,40.0,0.0,0.0,0.0,8.0,0.0
4,154,OMP,baseline,2968.0,768.0,2048.0,0.0,0.0,0.0,80.0,40.0,0.0,0.0,0.0,32.0,0.0
4,154,OMP,optimized,1264.0,768.0,0.0,256.0,128.0,32.0,32.0,40.0,0.0,0.0,0.0,8.0,0.0
4,155,OMP,baseline,2968.0,768.0,2048.0,0.0,0.0,0.0,80.0,40.0,0.0,0.0,0.0,32.0,0.0
4,155,OMP,optimized,1264.0,768.0,0.0,256.0,128.0,32.0,32.0,40.0,0.0,0.0,0.0,8.0,0.0
4,156,OMP,baseline,2968.0,768.0,2048.0,0.0,0.0,0.0,80.0,40.0,0.0,0.0,0.0,32.0,0.0
4,156,OMP,optimized,1264.0,768.0,0.0,256.0,128.0,32.0,32.0,40.0,0.0,0.0,0.0,8.0,0.0
4,157,OMP,baseline,2968.0,768.0,2048.0,0.0,0.0,0.0,80.0,40.0,0.0,0.0,0.0,32.0,0.0
4,157,OMP,optimized,1264.0,768.0,0.0,256.0,128.0,32.0,32.0,40.0,0.0,0.0,0.0,8.0,0.0
4,158,OMP,baseline,2968.0,768.0,2048.0,0.0,0.0,0.0,80.0,40.0,0.0,0.0,0.0,32.0,0.0
4,158,OMP,optimized,1264.0,768.0,0.0,256.0,128.0,32.0,32.0,40.0,0.0,0.0,0.0,8.0,0.0
4,159,OMP,baseline,2968.0,768.0,2048.0,0.0,0.0,0.0,80.0,40.0,0.0,0.0,0.0,32.0,0.0
4,159,OMP,optimized,1264.0,768.0,0.0,256.0,128.0,32.0,32.0,40.0,0.0,0.0,0.0,8.0,0.0
4,160,OMP,baseline,2968.0,768.0,2048.0,0.0,0.0,0.0,80.0,40.0,0.0,0.0,0.0,32.0,0.0
4,160,OMP,optimized,1264.0,768.0,0.0,256.0,128.0,32.0,32.0,40.0,0.0,0.0,0.0,8.0,0.0
4,161,OMP,baseline,2968.0,768.0,2048.0,0.0,0.0,0.0,80.0,40.0,0.0,0.0,0.0,32.0,0.0
4,161,OMP,optimized,1264.0,768.0,0.0,256.0,128.0,32.0,32.0,40.0,0.0,0.0,0.0,8.0,0.0
4,162,OMP,baseline,2968.0,768.0,2048.0,0.0,0.0,0.0,80.0,40.0,0.0,0.0,0.0,32.0,0.0
4,162,OMP,optimized,1264.0,768.0,0.0,256.0,128.0,32.0,32.0,40.0,0.0,0.0,0.0,8.0,0.0
4,163,OMP,baseline,2968.0,768.0,2048.0,0.0,0.0,0.0,80.0,40.0,0.0,0.0,0.0,32.0,0.0
4,163,OMP,optimized,1264.0,768.0,0.0,256.0,128.0,32.0,32.0,40.0,0.0,0.0,0.0,8.0,0.0
4,164,OMP,baseline,2968.0,768.0,2048.0,0.0,0.0,0.0,80.0,40.0,0.0,0.0,0.0,32.0,0.0
4,164,OMP,optimized,1264.0,768.0,0.0,256.0,128.0,32.0,32.0,40.0,0.0,0.0,0.0,8.0,0.0
4,165,OMP,baseline,2968.0,768.0,2048.0,0.0,0.0,0.0,80.0,40.0,0.0,0.0,0.0,32.0,0.0
4,165,OMP,optimized,1264.0,768.0,0.0,256.0,128.0,32.0,32.0,40.0,0.0,0.0,0.0,8.0,0.0
4,166,OMP,baseline,2968.0,768.0,2048.0,0.0,0.0,0.0,80.0,40.0,0.0,0.0,0.0,32.0,0.0
4,166,OMP,optimized,1264.0,768.0,0.0,256.0,128.0,32.0,32.0,40.0,0.0,0.0,0.0,8.0,0.0
4,167,OMP,baseline,2968.0,768.0,2048.0,0.0,0.0,0.0,80.0,40.0,0.0,0.0,0.0,32.0,0.0
4,167,OMP,optimized,1264.0,768.0,0.0,256.0,128.0,32.0,32.0,40.0,0.0,0.0,0.0,8.0,0.0
4,168,OMP,baseline,2968.0,768.0,2048.0,0.0,0.0,0.0,80.0,40.0,0.0,0.0,0.0,32.0,0.0
4,168,OMP,optimized,1264.0,768.0,0.0,256.0,128.0,32.0,32.0,40.0,0.0,0.0,0.0,8.0,0.0
4,169,OMP,baseline,2968.0,768.0,2048.0,0.0,0.0,0.0,80.0,40.0,0.0,0.0,0.0,32.0,0.0
4,169,OMP,optimized,1264.0,768.0,0.0,256.0,128.0,32.0,32.0,40.0,0.0,0.0,0.0,8.0,0.0
4,170,OMP,baseline,2968.0,768.0,2048.0,0.0,0.0,0.0,80.0,40.0,0.0,0.0,0.0,32.0,0.0
4,170,OMP,optimized,1264.0,768.0,0.0,256.0,128.0,32.0,32.0,40.0,0.0,0.0,0.0,8.0,0.0
4,171,OMP,baseline,2968.0,768.0,2048.0,0.0,0.0,0.0,80.0,40.0,0.0,0.0,0.0,32.0,0.0
4,171,OMP,optimized,1264.0,768.0,0.0,256.0,128.0,32.0,32.0,40.0,0.0,0.0,0.0,8.0,0.0
4,172,OMP,baseline,2968.0,768.0,2048.0,0.0,0.0,0.0,80.0,40.0,0.0,0.0,0.0,32.0,0.0
4,172,OMP,optimized,1264.0,768.0,0.0,256.0,128.0,32.0,32.0,40.0,0.0,0.0,0.0,8.0,0.0
4,173,OMP,baseline,2968.0,768.0,2048.0,0.0,0.0,0.0,80.0,40.0,0.0,0.0,0.0,32.0,0.0
4,173,OMP,optimized,1264.0,768.0,0.0,256.0,128.0,32.0,32.0,40.0,0.0,0.0,0.0,8.0,0.0
4,174,OMP,baseline,2968.0,768.0,2048.0,0.0,0.0,0.0,80.0,40.0,0.0,0.0,0.0,32.0,0.0
4,174,OMP,optimized,1264.0,768.0,0.0,256.0,128.0,32.0,32.0,40.0,0.0,0.0,0.0,8.0,0.0
4,175,OMP,baseline,2968.0,768.0,2048.0,0.0,0.0,0.0,80.0,40.0,0.0,0.0,0.0,32.0,0.0
4,175,OMP,optimized,1264.0,768.0,0.0,256.0,128.0,32.0,32.0,40.0,0.0,0.0,0.0,8.0,0.0
4,176,OMP,baseline,2968.0,768.0,2048.0,0.0,0.0,0.0,80.0,40.0,0.0,0.0,0.0,32.0,0.0
4,176,OMP,optimized,1264.0,768.0,0.0,256.0,128.0,32.0,32.0,40.0,0.0,0.0,0.0,8.0,0.0
4,177,OMP,baseline,2968.0,768.0,2048.0,0.0,0.0,0.0,80.0,40.0,0.0,0.0,0.0,32.0,0.0
4,177,OMP,optimized,1264.0,768.0,0.0,256.0,128.0,32.0,32.0,40.0,0.0,0.0,0.0,8.0,0.0
4,178,OMP,baseline,2968.0,768.0,2048.0,0.0,0.0,0.0,80.0,40.0,0.0,0.0,0.0,32.0,0.0
4,178,OMP,optimized,1264.0,768.0,0.0,256.0,128.0,32.0,32.0,40.0,0.0,0.0,0.0,8.0,0.0
4,179,OMP,baseline,2968.0,768.0,2048.0,0.0,0.0,0.0,80.0,40.0,0.0,0.0,0.0,32.0,0.0
4,179,OMP,optimized,1264.0,768.0,0.0,256.0,128.0,32.0,32.0,40.0,0.0,0.0,0.0,8.0,0.0
4,180,OMP,baseline,2968.0,768.0,2048.0,0.0,0.0,0.0,80.0,40.0,0.0,0.0,0.0,32.0,0.0
4,180,OMP,optimized,1264.0,768.0,0.0,256.0,128.0,32.0,32.0,40.0,0.0,0.0,0.0,8.0,0.0
4,181,OMP,baseline,2968.0,768.0,2048.0,0.0,0.0,0.0,80.0,40.0,0.0,0.0,0.0,32.0,0.0
4,181,OMP,optimized,1264.0,768.0,0.0,256.0,128.0,32.0,32.0,40.0,0.0,0.0,0.0,8.0,0.0
4,182,OMP,baseline,2968.0,768.0,2048.0,0.0,0.0,0.0,80.0,40.0,0.0,0.0,0.0,32.0,0.0
4,182,OMP,optimized,1264.0,768.0,0.0,256.0,128.0,32.0,32.0,40.0,0.0,0.0,0.0,8.0,0.0
4,183,OMP,baseline,2968.0,768.0,2048.0,0.0,0.0,0.0,80.0,40.0,0.0,0.0,0.0,32.0,0.0
4,183,OMP,optimized,1264.0,768.0,0.0,256.0,128.0,32.0,32.0,40.0,0.0,0.0,0.0,8.0,0.0
4,184,OMP,baseline,2968.0,768.0,2048.0,0.0,0.0,0.0,80.0,40.0,0.0,0.0,0.0,32.0,0.0
4,184,OMP,optimized,1264.0,768.0,0.0,256.0,128.0,32.0,32.0,40.0,0.0,0.0,0.0,8.0,0.0
4,185,OMP,baseline,2968.0,768.0,2048.0,0.0,0.0,0.0,80.0,40.0,0.0,0.0,0.0,32.0,0.0
4,185,OMP,optimized,1264.0,768.0,0.0,256.0,128.0,32.0,32.0,40.0,0.0,0.0,0.0,8.0,0.0
4,186,OMP,baseline,2968.0,768.0,2048.0,0.0,0.0,0.0,80.0,40.0,0.0,0.0,0.0,32.0,0.0
4,186,OMP,optimized,1264.0,768.0,0.0,256.0,128.0,32.0,32.0,40.0,0.0,0.0,0.0,8.0,0.0
4,187,OMP,baseline,2968.0,768.0,2048.0,0.0,0.0,0.0,80.0,40.0,0.0,0.0,0.0,32.0,0.0
4,187,OMP,optimized,1264.0,768.0,0.0,256.0,128.0,32.0,32.0,40.0,0.0,0.0,0.0,8.0,0.0
4,188,OMP,baseline,2968.0,768.0,2048.0,0.0,0.0,0.0,80.0,40.0,0.0,0.0,0.0,32.0,0.0
4,188,OMP,optimized,1264.0,768.0,0.0,256.0,128.0,32.0,32.0,40.0,0.0,0.0,0.0,8.0,0.0
4,189,OMP,baseline,2968.0,768.0,2048.0,0.0,0.0,0.0,80.0,40.0,0.0,0.0,0.0,32.0,0.0
4,189,OMP,optimized,1264.0,768.0,0.0,256.0,128.0,32.0,32.0,40.0,0.0,0.0,0.0,8.0,0.0
4,190,OMP,baseline,2968.0,768.0,2048.0,0.0,0.0,0.0,80.0,40.0,0.0,0.0,0.0,32.0,0.0
4,190,OMP,optimized,1264.0,768.0,0.0,256.0,128.0,32.0,32.0,40.0,0.0,0.0,0.0,8.0,0.0
4,191,OMP,baseline,2968.0,768.0,2048.0,0.0,0.0,0.0,80.0,40.0,0.0,0.0,0.0,32.0,0.0
4,191,OMP,optimized,1264.0,768.0,0.0,256.0,128.0,32.0,32.0,40.0,0.0,0.0,0.0,8.0,0.0
4,192,OMP,baseline,2968.0,768.0,2048.0,0.0,0.0,0.0,80.0,40.0,0.0,0.0,0.0,32.0,0.0
4,192,OMP,optimized,1264.0,768.0,0.0,256.0,128.0,32.0,32.0,40.0,0.0,0.0,0.0,8.0,0.0
4,193,OMP,baseline,2968.0,768.0,2048.0,0.0,0.0,0.0,80.0,40.0,0.0,0.0,0.0,32.0,0.0
4,193,OMP,optimized,1264.0,768.0,0.0,256.0,128.0,32.0,32.0,40.0,0.0,0.0,0.0,8.0,0.0
4,194,OMP,baseline,2968.0,768.0,2048.0,0.0,0.0,0.0,80.0,40.0,0.0,0.0,0.0,32.0,0.0
4,194,OMP,optimized,1264.0,768.0,0.0,256.0,128.0,32.0,32.0,40.0,0.0,0.0,0.0,8.0,0.0
4,195,OMP,baseline,2968.0,768.0,2048.0,0.0,0.0,0.0,80.0,40.0,0.0,0.0,0.0,32.0,0.0
4,195,OMP,optimized,1264.0,768.0,0.0,256.0,128.0,32.0,32.0,40.0,0.0,0.0,0.0,8.0,0.0
4,196,OMP,baseline,2968.0,768.0,2048.0,0.0,0.0,0.0,80.0,40.0,0.0,0.0,0.0,32.0,0.0
4,196,OMP,optimized,1264.0,768.0,0.0,256.0,128.0,32.0,32.0,40.0,0.0,0.0,0.0,8.0,0.0
4,197,OMP,baseline,2968.0,768.0,2048.0,0.0,0.0,0.0,80.0,40.0,0.0,0.0,0.0,32.0,0.0
4,197,OMP,optimized,1264.0,768.0,0.0,256.0,128.0,32.0,32.0,40.0,0.0,0.0,0.0,8.0,0.0
4,198,OMP,baseline,2968.0,768.0,2048.0,0.0,0.0,0.0,80.0,40.0,0.0,0.0,0.0,32.0,0.0
4,198,OMP,optimized,1264.0,768.0,0.0,256.0,128.0,32.0,32.0,40.0,0.0,0.0,0.0,8.0,0.0
4,199,OMP,baseline,2968.0,768.0,2048.0,0.0,0.0,0.0,80.0,40.0,0.0,0.0,0.0,32.0,0.0
4,199,OMP,optimized,1264.0,768.0,0.0,256.0,128.0,32.0,32.0,40.0,0.0,0.0,0.0,8.0,0.0
4,200,OMP,baseline,2968.0,768.0,2048.0,0.0,0.0,0.0,80.0,40.0,0.0,0.0,0.0,32.0,0.0
4,200,OMP,optimized,1264.0,768.0,0.0,256.0,128.0,32.0,32.0,40.0,0.0,0.0,0.0,8.0,0.0
4,201,OMP,baseline,2968.0,768.0,2048.0,0.0,0.0,0.0,80.0,40.0,0.0,0.0,0.0,32.0,0.0
4,201,OMP,optimized,1264.0,768.0,0.0,256.0,128.0,32.0,32.0,40.0,0.0,0.0,0.0,8.0,0.0
4,202,OMP,baseline,2968.0,768.0,2048.0,0.0,0.0,0.0,80.0,40.0,0.0,0.0,0.0,32.0,0.0
4,202,OMP,optimized,1264.0,768.0,0.0,256.0,128.0,32.0,32.0,40.0,0.0,0.0,0.0,8.0,0.0
4,203,OMP,baseline,2968.0,768.0,2048.0,0.0,0.0,0.0,80.0,40.0,0.0,0.0,0.0,32.0,0.0
4,203,OMP,optimized,1264.0,768.0,0.0,256.0,128.0,32.0,32.0,40.0,0.0,0.0,0.0,8.0,0.0
4,204,OMP,baseline,2968.0,768.0,2048.0,0.0,0.0,0.0,80.0,40.0,0.0,0.0,0.0,32.0,0.0
4,204,OMP,optimized,1264.0,768.0,0.0,256.0,128.0,32.0,32.0,40.0,0.0,0.0,0.0,8.0,0.0
4,205,OMP,baseline,2968.0,768.0,2048.0,0.0,0.0,0.0,80.0,40.0,0.0,0.0,0.0,32.0,0.0
4,205,OMP,optimized,1264.0,768.0,0.0,256.0,128.0,32.0,32.0,40.0,0.0,0.0,0.0,8.0,0.0
4,206,OMP,baseline,2968.0,768.0,2048.0,0.0,0.0,0.0,80.0,40.0,0.0,0.0,0.0,32.0,0.0
4,206,OMP,optimized,1264.0,768.0,0.0,256.0,128.0,32.0,32.0,40.0,0.0,0.0,0.0,8.0,0.0
4,207,OMP,baseline,2968.0,768.0,2048.0,0.0,0.0,0.0,80.0,40.0,0.0,0.0,0.0,32.0,0.0
4,207,OMP,optimized,1264.0,768.0,0.0,256.0,128.0,32.0,32.0,40.0,0.0,0.0,0.0,8.0,0.0
4,208,OMP,baseline,2968.0,768.0,2048.0,0.0,0.0,0.0,80.0,40.0,0.0,0.0,0.0,32.0,0.0
4,208,OMP,optimized,1264.0,768.0,0.0,256.0,128.0,32.0,32.0,40.0,0.0,0.0,0.0,8.0,0.0
4,209,OMP,baseline,2968.0,768.0,2048.0,0.0,0.0,0.0,80.0,40.0,0.0,0.0,0.0,32.0,0.0
4,209,OMP,optimized,1264.0,768.0,0.0,256.0,128.0,32.0,32.0,40.0,0.0,0.0,0.0,8.0,0.0
4,210,OMP,baseline,2968.0,768.0,2048.0,0.0,0.0,0.0,80.0,40.0,0.0,0.0,0.0,32.0,0.0
4,210,OMP,optimized,1264.0,768.0,0.0,256.0,128.0,32.0,32.0,40.0,0.0,0.0,0.0,8.0,0.0
4,211,OMP,baseline,2968.0,768.0,2048.0,0.0,0.0,0.0,80.0,40.0,0.0,0.0,0.0,32.0,0.0
4,211,OMP,optimized,1264.0,768.0,0.0,256.0,128.0,32.0,32.0,40.0,0.0,0.0,0.0,8.0,0.0
4,212,OMP,baseline,2968.0,768.0,2048.0,0.0,0.0,0.0,80.0,40.0,0.0,0.0,0.0,32.0,0.0
4,212,OMP,optimized,1264.0,768.0,0.0,256.0,128.0,32.0,32.0,40.0,0.0,0.0,0.0,8.0,0.0
4,213,OMP,baseline,2968.0,768.0,2048.0,0.0,0.0,0.0,80.0,40.0,0.0,0.0,0.0,32.0,0.0
4,213,OMP,optimized,1264.0,768.0,0.0,256.0,128.0,32.0,32.0,40.0,0.0,0.0,0.0,8.0,0.0
4,214,OMP,baseline,2968.0,768.0,2048.0,0.0,0.0,0.0,80.0,40.0,0.0,0.0,0.0,32.0,0.0
4,214,OMP,optimized,1264.0,768.0,0.0,256.0,128.0,32.0,32.0,40.0,0.0,0.0,0.0,8.0,0.0
4,215,OMP,baseline,2968.0,768.0,2048.0,0.0,0.0,0.0,80.0,40.0,0.0,0.0,0.0,32.0,0.0
4,215,OMP,optimized,1264.0,768.0,0.0,256.0,128.0,32.0,32.0,40.0,0.0,0.0,0.0,8.0,0.0
4,216,OMP,baseline,2968.0,768.0,2048.0,0.0,0.0,0.0,80.0,40.0,0.0,0.0,0.0,32.0,0.0
4,216,OMP,optimized,1264.0,768.0,0.0,256.0,128.0,32.0,32.0,40.0,0.0,0.0,0.0,8.0,0.0
4,217,OMP,baseline,2968.0,768.0,2048.0,0.0,0.0,0.0,80.0,40.0,0.0,0.0,0.0,32.0,0.0
4,217,OMP,optimized,1264.0,768.0,0.0,256.0,128.0,32.0,32.0,40.0,0.0,0.0,0.0,8.0,0.0
4,218,OMP,baseline,2968.0,768.0,2048.0,0.0,0.0,0.0,80.0,40.0,0.0,0.0,0.0,32.0,0.0
4,218,OMP,optimized,1264.0,768.0,0.0,256.0,128.0,32.0,32.0,40.0,0.0,0.0,0.0,8.0,0.0
4,219,OMP,baseline,2968.0,768.0,2048.0,0.0,0.0,0.0,80.0,40.0,0.0,0.0,0.0,32.0,0.0
4,219,OMP,optimized,1264.0,768.0,0.0,256.0,128.0,32.0,32.0,40.0,0.0,0.0,0.0,8.0,0.0
4,220,OMP,baseline,2968.0,768.0,2048.0,0.0,0.0,0.0,80.0,40.0,0.0,0.0,0.0,32.0,0.0
4,220,OMP,optimized,1264.0,768.0,0.0,256.0,128.0,32.0,32.0,40.0,0.0,0.0,0.0,8.0,0.0
4,221,OMP,baseline,2968.0,768.0,2048.0,0.0,0.0,0.0,80.0,40.0,0.0,0.0,0.0,32.0,0.0
4,221,OMP,optimized,1264.0,768.0,0.0,256.0,128.0,32.0,32.0,40.0,0.0,0.0,0.0,8.0,0.0
4,222,OMP,baseline,2968.0,768.0,2048.0,0.0,0.0,0.0,80.0,40.0,0.0,0.0,0.0,32.0,0.0
4,222,OMP,optimized,1264.0,768.0,0.0,256.0,128.0,32.0,32.0,40.0,0.0,0.0,0.0,8.0,0.0
4,223,OMP,baseline,2968.0,768.0,2048.0,0.0,0.0,0.0,80.0,40.0,0.0,0.0,0.0,32.0,0.0
4,223,OMP,optimized,1264.0,768.0,0.0,256.0,128.0,32.0,32.0,40.0,0.0,0.0,0.0,8.0,0.0
4,224,OMP,baseline,2968.0,768.0,2048.0,0.0,0.0,0.0,80.0,40.0,0.0,0.0,0.0,32.0,0.0
4,224,OMP,optimized,1264.0,768.0,0.0,256.0,128.0,32.0,32.0,40.0,0.0,0.0,0.0,8.0,0.0
4,225,OMP,baseline,2968.0,768.0,2048.0,0.0,0.0,0.0,80.0,40.0,0.0,0.0,0.0,32.0,0.0
4,225,OMP,optimized,1264.0,768.0,0.0,256.0,128.0,32.0,32.0,40.0,0.0,0.0,0.0,8.0,0.0
4,226,OMP,baseline,2968.0,768.0,2048.0,0.0,0.0,0.0,80.0,40.0,0.0,0.0,0.0,32.0,0.0
4,226,OMP,optimized,1264.0,768.0,0.0,256.0,128.0,32.0,32.0,40.0,0.0,0.0,0.0,8.0,0.0
4,227,OMP,baseline,2968.0,768.0,2048.0,0.0,0.0,0.0,80.0,40.0,0.0,0.0,0.0,32.0,0.0
4,227,OMP,optimized,1264.0,768.0,0.0,256.0,128.0,32.0,32.0,40.0,0.0,0.0,0.0,8.0,0.0
4,228,OMP,baseline,2968.0,768.0,2048.0,0.0,0.0,0.0,80.0,40.0,0.0,0.0,0.0,32.0,0.0
4,228,OMP,optimized,1264.0,768.0,0.0,256.0,128.0,32.0,32.0,40.0,0.0,0.0,0.0,8.0,0.0
4,229,OMP,baseline,2968.0,768.0,2048.0,0.0,0.0,0.0,80.0,40.0,0.0,0.0,0.0,32.0,0.0
4,229,OMP,optimized,1264.0,768.0,0.0,256.0,128.0,32.0,32.0,40.0,0.0,0.0,0.0,8.0,0.0
4,230,OMP,baseline,2968.0,768.0,2048.0,0.0,0.0,0.0,80.0,40.0,0.0,0.0,0.0,32.0,0.0
4,230,OMP,optimized,1264.0,768.0,0.0,256.0,128.0,32.0,32.0,40.0,0.0,0.0,0.0,8.0,0.0
4,231,OMP,baseline,2968.0,768.0,2048.0,0.0,0.0,0.0,80.0,40.0,0.0,0.0,0.0,32.0,0.0
4,231,OMP,optimized,1264.0,768.0,0.0,256.0,128.0,32.0,32.0,40.0,0.0,0.0,0.0,8.0,0.0
4,232,OMP,baseline,2968.0,768.0,2048.0,0.0,0.0,0.0,80.0,40.0,0.0,0.0,0.0,32.0,0.0
4,232,OMP,optimized,1264.0,768.0,0.0,256.0,128.0,32.0,32.0,40.0,0.0,0.0,0.0,8.0,0.0
4,233,OMP,baseline,2968.0,768.0,2048.0,0.0,0.0,0.0,80.0,40.0,0.0,0.0,0.0,32.0,0.0
4,233,OMP,optimized,1264.0,768.0,0.0,256.0,128.0,32.0,32.0,40.0,0.0,0.0,0.0,8.0,0.0
4,234,OMP,baseline,2968.0,768.0,2048.0,0.0,0.0,0.0,80.0,40.0,0.0,0.0,0.0,32.0,0.0
4,234,OMP,optimized,1264.0,768.0,0.0,256.0,128.0,32.0,32.0,40.0,0.0,0.0,0.0,8.0,0.0
4,235,OMP,baseline,2968.0,768.0,2048.0,0.0,0.0,0.0,80.0,40.0,0.0,0.0,0.0,32.0,0.0
4,235,OMP,optimized,1264.0,768.0,0.0,256.0,128.0,32.0,32.0,40.0,0.0,0.0,0.0,8.0,0.0
4,236,OMP,baseline,2968.0,768.0,2048.0,0.0,0.0,0.0,80.0,40.0,0.0,0.0,0.0,32.0,0.0
4,236,OMP,optimized,1264.0,768.0,0.0,256.0,128.0,32.0,32.0,40.0,0.0,0.0,0.0,8.0,0.0
4,237,OMP,baseline,2968.0,768.0,2048.0,0.0,0.0,0.0,80.0,40.0,0.0,0.0,0.0,32.0,0.0
4,237,OMP,optimized,1264.0,768.0,0.0,256.0,128.0,32.0,32.0,40.0,0.0,0.0,0.0,8.0,0.0
4,238,OMP,baseline,2968.0,768.0,2048.0,0.0,0.0,0.0,80.0,40.0,0.0,0.0,0.0,32.0,0.0
4,238,OMP,optimized,1264.0,768.0,0.0,256.0,128.0,32.0,32.0,40.0,0.0,0.0,0.0,8.0,0.0
4,239,OMP,baseline,2968.0,768.0,2048.0,0.0,0.0,0.0,80.0,40.0,0.0,0.0,0.0,32.0,0.0
4,239,OMP,optimized,1264.0,768.0,0.0,256.0,128.0,32.0,32.0,40.0,0.0,0.0,0.0,8.0,0.0
4,240,OMP,baseline,2968.0,768.0,2048.0,0.0,0.0,0.0,80.0,40.0,0.0,0.0,0.0,32.0,0.0
4,240,OMP,optimized,1264.0,768.0,0.0,256.0,128.0,32.0,32.0,40.0,0.0,0.0,0.0,8.0,0.0
4,241,OMP,baseline,2968.0,768.0,2048.0,0.0,0.0,0.0,80.0,40.0,0.0,0.0,0.0,32.0,0.0
4,241,OMP,optimized,1264.0,768.0,0.0,256.0,128.0,32.0,32.0,40.0,0.0,0.0,0.0,8.0,0.0
4,242,OMP,baseline,2968.0,768.0,2048.0,0.0,0.0,0.0,80.0,40.0,0.0,0.0,0.0,32.0,0.0
4,242,OMP,optimized,1264.0,768.0,0.0,256.0,128.0,32.0,32.0,40.0,0.0,0.0,0.0,8.0,0.0
4,243,OMP,baseline,2968.0,768.0,2048.0,0.0,0.0,0.0,80.0,40.0,0.0,0.0,0.0,32.0,0.0
4,243,OMP,optimized,1264.0,768.0,0.0,256.0,128.0,32.0,32.0,40.0,0.0,0.0,0.0,8.0,0.0
4,244,OMP,baseline,2968.0,768.0,2048.0,0.0,0.0,0.0,80.0,40.0,0.0,0.0,0.0,32.0,0.0
4,244,OMP,optimized,1264.0,768.0,0.0,256.0,128.0,32.0,32.0,40.0,0.0,0.0,0.0,8.0,0.0
4,245,OMP,baseline,2968.0,768.0,2048.0,0.0,0.0,0.0,80.0,40.0,0.0,0.0,0.0,32.0,0.0
4,245,OMP,optimized,1264.0,768.0,0.0,256.0,128.0,32.0,32.0,40.0,0.0,0.0,0.0,8.0,0.0
4,246,OMP,baseline,2968.0,768.0,2048.0,0.0,0.0,0.0,80.0,40.0,0.0,0.0,0.0,32.0,0.0
4,246,OMP,optimized,1264.0,768.0,0.0,256.0,128.0,32.0,32.0,40.0,0.0,0.0,0.0,8.0,0.0
4,247,OMP,baseline,2968.0,768.0,2048.0,0.0,0.0,0.0,80.0,40.0,0.0,0.0,0.0,32.0,0.0
4,247,OMP,optimized,1264.0,768.0,0.0,256.0,128.0,32.0,32.0,40.0,0.0,0.0,0.0,8.0,0.0
4,248,OMP,baseline,2968.0,768.0,2048.0,0.0,0.0,0.0,80.0,40.0,0.0,0.0,0.0,32.0,0.0
4,248,OMP,optimized,1264.0,768.0,0.0,256.0,128.0,32.0,32.0,40.0,0.0,0.0,0.0,8.0,0.0
4,249,OMP,baseline,2968.0,768.0,2048.0,0.0,0.0,0.0,80.0,40.0,0.0,0.0,0.0,32.0,0.0
4,249,OMP,optimized,1264.0,768.0,0.0,256.0,128.0,32.0,32.0,40.0,0.0,0.0,0.0,8.0,0.0
4,250,OMP,baseline,2968.0,768.0,2048.0,0.0,0.0,0.0,80.0,40.0,0.0,0.0,0.0,32.0,0.0
4,250,OMP,optimized,1264.0,768.0,0.0,256.0,128.0,32.0,32.0,40.0,0.0,0.0,0.0,8.0,0.0
4,251,OMP,baseline,2968.0,768.0,2048.0,0.0,0.0,0.0,80.0,40.0,0.0,0.0,0.0,32.0,0.0
4,251,OMP,optimized,1264.0,768.0,0.0,256.0,128.0,32.0,32.0,40.0,0.0,0.0,0.0,8.0,0.0
4,252,OMP,baseline,2968.0,768.0,2048.0,0.0,0.0,0.0,80.0,40.0,0.0,0.0,0.0,32.0,0.0
4,252,OMP,optimized,1264.0,768.0,0.0,256.0,128.0,32.0,32.0,40.0,0.0,0.0,0.0,8.0,0.0
4,253,OMP,baseline,2968.0,768.0,2048.0,0.0,0.0,0.0,80.0,40.0,0.0,0.0,0.0,32.0,0.0
4,253,OMP,optimized,1264.0,768.0,0.0,256.0,128.0,32.0,32.0,40.0,0.0,0.0,0.0,8.0,0.0
4,254,OMP,baseline,2968.0,768.0,2048.0,0.0,0.0,0.0,80.0,40.0,0.0,0.0,0.0,32.0,0.0
4,254,OMP,optimized,1264.0,768.0,0.0,256.0,128.0,32.0,32.0,40.0,0.0,0.0,0.0,8.0,0.0
4,255,OMP,baseline,2968.0,768.0,2048.0,0.0,0.0,0.0,80.0,40.0,0.0,0.0,0.0,32.0,0.0
4,255,OMP,optimized,1264.0,768.0,0.0,256.0,128.0,32.0,32.0,40.0,0.0,0.0,0.0,8.0,0.0
4,256,OMP,baseline,2968.0,768.0,2048.0,0.0,0.0,0.0,80.0,40.0,0.0,0.0,0.0,32.0,0.0
4,256,OMP,optimized,1264.0,768.0,0.0,256.0,128.0,32.0,32.0,40.0,0.0,0.0,0.0,8.0,0.0
4,257,OMP,baseline,2968.0,768.0,2048.0,0.0,0.0,0.0,80.0,40.0,0.0,0.0,0.0,32.0,0.0
4,257,OMP,optimized,1264.0,768.0,0.0,256.0,128.0,32.0,32.0,40.0,0.0,0.0,0.0,8.0,0.0
4,258,OMP,baseline,2968.0,768.0,2048.0,0.0,0.0,0.0,80.0,40.0,0.0,0.0,0.0,32.0,0.0
4,258,OMP,optimized,1264.0,768.0,0.0,256.0,128.0,32.0,32.0,40.0,0.0,0.0,0.0,8.0,0.0
4,259,OMP,baseline,2968.0,768.0,2048.0,0.0,0.0,0.0,80.0,40.0,0.0,0.0,0.0,32.0,0.0
4,259,OMP,optimized,1264.0,768.0,0.0,256.0,128.0,32.0,32.0,40.0,0.0,0.0,0.0,8.0,0.0
4,260,OMP,baseline,2968.0,768.0,2048.0,0.0,0.0,0.0,80.0,40.0,0.0,0.0,0.0,32.0,0.0
4,260,OMP,optimized,1264.0,768.0,0.0,256.0,128.0,32.0,32.0,40.0,0.0,0.0,0.0,8.0,0.0
4,261,OMP,baseline,2968.0,768.0,2048.0,0.0,0.0,0.0,80.0,40.0,0.0,0.0,0.0,32.0,0.0
4,261,OMP,optimized,1264.0,768.0,0.0,256.0,128.0,32.0,32.0,40.0,0.0,0.0,0.0,8.0,0.0
4,262,OMP,baseline,2968.0,768.0,2048.0,0.0,0.0,0.0,80.0,40.0,0.0,0.0,0.0,32.0,0.0
4,262,OMP,optimized,1264.0,768.0,0.0,256.0,128.0,32.0,32.0,40.0,0.0,0.0,0.0,8.0,0.0
4,263,OMP,baseline,2968.0,768.0,2048.0,0.0,0.0,0.0,80.0,40.0,0.0,0.0,0.0,32.0,0.0
4,263,OMP,optimized,1264.0,768.0,0.0,256.0,128.0,32.0,32.0,40.0,0.0,0.0,0.0,8.0,0.0
4,264,OMP,baseline,2968.0,768.0,2048.0,0.0,0.0,0.0,80.0,40.0,0.0,0.0,0.0,32.0,0.0
4,264,OMP,optimized,1264.0,768.0,0.0,256.0,128.0,32.0,32.0,40.0,0.0,0.0,0.0,8.0,0.0
4,265,OMP,baseline,2968.0,768.0,2048.0,0.0,0.0,0.0,80.0,40.0,0.0,0.0,0.0,32.0,0.0
4,265,OMP,optimized,1264.0,768.0,0.0,256.0,128.0,32.0,32.0,40.0,0.0,0.0,0.0,8.0,0.0
4,266,OMP,baseline,2968.0,768.0,2048.0,0.0,0.0,0.0,80.0,40.0,0.0,0.0,0.0,32.0,0.0
4,266,OMP,optimized,1264.0,768.0,0.0,256.0,128.0,32.0,32.0,40.0,0.0,0.0,0.0,8.0,0.0
4,267,OMP,baseline,2968.0,768.0,2048.0,0.0,0.0,0.0,80.0,40.0,0.0,0.0,0.0,32.0,0.0
4,267,OMP,optimized,1264.0,768.0,0.0,256.0,128.0,32.0,32.0,40.0,0.0,0.0,0.0,8.0,0.0
4,268,OMP,baseline,2968.0,768.0,2048.0,0.0,0.0,0.0,80.0,40.0,0.0,0.0,0.0,32.0,0.0
4,268,OMP,optimized,1264.0,768.0,0.0,256.0,128.0,32.0,32.0,40.0,0.0,0.0,0.0,8.0,0.0
4,269,OMP,baseline,2968.0,768.0,2048.0,0.0,0.0,0.0,80.0,40.0,0.0,0.0,0.0,32.0,0.0
4,269,OMP,optimized,1264.0,768.0,0.0,256.0,128.0,32.0,32.0,40.0,0.0,0.0,0.0,8.0,0.0
4,270,OMP,baseline,2968.0,768.0,2048.0,0.0,0.0,0.0,80.0,40.0,0.0,0.0,0.0,32.0,0.0
4,270,OMP,optimized,1264.0,768.0,0.0,256.0,128.0,32.0,32.0,40.0,0.0,0.0,0.0,8.0,0.0
4,271,OMP,baseline,2968.0,768.0,2048.0,0.0,0.0,0.0,80.0,40.0,0.0,0.0,0.0,32.0,0.0
4,271,OMP,optimized,1264.0,768.0,0.0,256.0,128.0,32.0,32.0,40.0,0.0,0.0,0.0,8.0,0.0
4,272,OMP,baseline,2968.0,768.0,2048.0,0.0,0.0,0.0,80.0,40.0,0.0,0.0,0.0,32.0,0.0
4,272,OMP,optimized,1264.0,768.0,0.0,256.0,128.0,32.0,32.0,40.0,0.0,0.0,0.0,8.0,0.0
4,273,OMP,baseline,2968.0,768.0,2048.0,0.0,0.0,0.0,80.0,40.0,0.0,0.0,0.0,32.0,0.0
4,273,OMP,optimized,1264.0,768.0,0.0,256.0,128.0,32.0,32.0,40.0,0.0,0.0,0.0,8.0,0.0
4,274,OMP,baseline,2968.0,768.0,2048.0,0.0,0.0,0.0,80.0,40.0,0.0,0.0,0.0,32.0,0.0
4,274,OMP,optimized,1264.0,768.0,0.0,256.0,128.0,32.0,32.0,40.0,0.0,0.0,0.0,8.0,0.0
4,275,OMP,baseline,2968.0,768.0,2048.0,0.0,0.0,0.0,80.0,40.0,0.0,0.0,0.0,32.0,0.0
4,275,OMP,optimized,1264.0,768.0,0.0,256.0,128.0,32.0,32.0,40.0,0.0,0.0,0.0,8.0,0.0
4,276,OMP,baseline,2968.0,768.0,2048.0,0.0,0.0,0.0,80.0,40.0,0.0,0.0,0.0,32.0,0.0
4,276,OMP,optimized,1264.0,768.0,0.0,256.0,128.0,32.0,32.0,40.0,0.0,0.0,0.0,8.0,0.0
4,277,OMP,baseline,2968.0,768.0,2048.0,0.0,0.0,0.0,80.0,40.0,0.0,0.0,0.0,32.0,0.0
4,277,OMP,optimized,1264.0,768.0,0.0,256.0,128.0,32.0,32.0,40.0,0.0,0.0,0.0,8.0,0.0
4,278,OMP,baseline,2968.0,768.0,2048.0,0.0,0.0,0.0,80.0,40.0,0.0,0.0,0.0,32.0,0.0
4,278,OMP,optimized,1264.0,768.0,0.0,256.0,128.0,32.0,32.0,40.0,0.0,0.0,0.0,8.0,0.0
4,279,OMP,baseline,2968.0,768.0,2048.0,0.0,0.0,0.0,80.0,40.0,0.0,0.0,0.0,32.0,0.0
4,279,OMP,optimized,1264.0,768.0,0.0,256.0,128.0,32.0,32.0,40.0,0.0,0.0,0.0,8.0,0.0
4,280,OMP,baseline,2968.0,768.0,2048.0,0.0,0.0,0.0,80.0,40.0,0.0,0.0,0.0,32.0,0.0
4,280,OMP,optimized,1264.0,768.0,0.0,256.0,128.0,32.0,32.0,40.0,0.0,0.0,0.0,8.0,0.0
4,281,OMP,baseline,2968.0,768.0,2048.0,0.0,0.0,0.0,80.0,40.0,0.0,0.0,0.0,32.0,0.0
4,281,OMP,optimized,1264.0,768.0,0.0,256.0,128.0,32.0,32.0,40.0,0.0,0.0,0.0,8.0,0.0
4,282,OMP,baseline,2968.0,768.0,2048.0,0.0,0.0,0.0,80.0,40.0,0.0,0.0,0.0,32.0,0.0
4,282,OMP,optimized,1264.0,768.0,0.0,256.0,128.0,32.0,32.0,40.0,0.0,0.0,0.0,8.0,0.0
4,283,OMP,baseline,2968.0,768.0,2048.0,0.0,0.0,0.0,80.0,40.0,0.0,0.0,0.0,32.0,0.0
4,283,OMP,optimized,1264.0,768.0,0.0,256.0,128.0,32.0,32.0,40.0,0.0,0.0,0.0,8.0,0.0
4,284,OMP,baseline,2968.0,768.0,2048.0,0.0,0.0,0.0,80.0,40.0,0.0,0.0,0.0,32.0,0.0
4,284,OMP,optimized,1264.0,768.0,0.0,256.0,128.0,32.0,32.0,40.0,0.0,0.0,0.0,8.0,0.0
4,285,OMP,baseline,2968.0,768.0,2048.0,0.0,0.0,0.0,80.0,40.0,0.0,0.0,0.0,32.0,0.0
4,285,OMP,optimized,1264.0,768.0,0.0,256.0,128.0,32.0,32.0,40.0,0.0,0.0,0.0,8.0,0.0
4,286,OMP,baseline,2968.0,768.0,2048.0,0.0,0.0,0.0,80.0,40.0,0.0,0.0,0.0,32.0,0.0
4,286,OMP,optimized,1264.0,768.0,0.0,256.0,128.0,32.0,32.0,40.0,0.0,0.0,0.0,8.0,0.0
4,287,OMP,baseline,2968.0,768.0,2048.0,0.0,0.0,0.0,80.0,40.0,0.0,0.0,0.0,32.0,0.0
4,287,OMP,optimized,1264.0,768.0,0.0,256.0,128.0,32.0,32.0,40.0,0.0,0.0,0.0,8.0,0.0
4,288,OMP,baseline,2968.0,768.0,2048.0,0.0,0.0,0.0,80.0,40.0,0.0,0.0,0.0,32.0,0.0
4,288,OMP,optimized,1264.0,768.0,0.0,256.0,128.0,32.0,32.0,40.0,0.0,0.0,0.0,8.0,0.0
4,289,OMP,baseline,2968.0,768.0,2048.0,0.0,0.0,0.0,80.0,40.0,0.0,0.0,0.0,32.0,0.0
4,289,OMP,optimized,1264.0,768.0,0.0,256.0,128.0,32.0,32.0,40.0,0.0,0.0,0.0,8.0,0.0
4,290,OMP,baseline,2968.0,768.0,2048.0,0.0,0.0,0.0,80.0,40.0,0.0,0.0,0.0,32.0,0.0
4,290,OMP,optimized,1264.0,768.0,0.0,256.0,128.0,32.0,32.0,40.0,0.0,0.0,0.0,8.0,0.0
4,291,OMP,baseline,2968.0,768.0,2048.0,0.0,0.0,0.0,80.0,40.0,0.0,0.0,0.0,32.0,0.0
4,291,OMP,optimized,1264.0,768.0,0.0,256.0,128.0,32.0,32.0,40.0,0.0,0.0,0.0,8.0,0.0
4,292,OMP,baseline,2968.0,768.0,2048.0,0.0,0.0,0.0,80.0,40.0,0.0,0.0,0.0,32.0,0.0
4,292,OMP,optimized,1264.0,768.0,0.0,256.0,128.0,32.0,32.0,40.0,0.0,0.0,0.0,8.0,0.0
4,293,OMP,baseline,2968.0,768.0,2048.0,0.0,0.0,0.0,80.0,40.0,0.0,0.0,0.0,32.0,0.0
4,293,OMP,optimized,1264.0,768.0,0.0,256.0,128.0,32.0,32.0,40.0,0.0,0.0,0.0,8.0,0.0
4,294,OMP,baseline,2968.0,768.0,2048.0,0.0,0.0,0.0,80.0,40.0,0.0,0.0,0.0,32.0,0.0
4,294,OMP,optimized,1264.0,768.0,0.0,256.0,128.0,32.0,32.0,40.0,0.0,0.0,0.0,8.0,0.0
4,295,OMP,baseline,2968.0,768.0,2048.0,0.0,0.0,0.0,80.0,40.0,0.0,0.0,0.0,32.0,0.0
4,295,OMP,optimized,1264.0,768.0,0.0,256.0,128.0,32.0,32.0,40.0,0.0,0.0,0.0,8.0,0.0
4,296,OMP,baseline,2968.0,768.0,2048.0,0.0,0.0,0.0,80.0,40.0,0.0,0.0,0.0,32.0,0.0
4,296,OMP,optimized,1264.0,768.0,0.0,256.0,128.0,32.0,32.0,40.0,0.0,0.0,0.0,8.0,0.0
4,297,OMP,baseline,2968.0,768.0,2048.0,0.0,0.0,0.0,80.0,40.0,0.0,0.0,0.0,32.0,0.0
4,297,OMP,optimized,1264.0,768.0,0.0,256.0,128.0,32.0,32.0,40.0,0.0,0.0,0.0,8.0,0.0
4,298,OMP,baseline,2968.0,768.0,2048.0,0.0,0.0,0.0,80.0,40.0,0.0,0.0,0.0,32.0,0.0
4,298,OMP,optimized,1264.0,768.0,0.0,256.0,128.0,32.0,32.0,40.0,0.0,0.0,0.0,8.0,0.0
4,299,OMP,baseline,2968.0,768.0,2048.0,0.0,0.0,0.0,80.0,40.0,0.0,0.0,0.0,32.0,0.0
4,299,OMP,optimized,1264.0,768.0,0.0,256.0,128.0,32.0,32.0,40.0,0.0,0.0,0.0,8.0,0.0
8,0,OMP,baseline,3240.0,768.0,2048.0,0.0,0.0,0.0,288.0,72.0,0.0,0.0,0.0,64.0,0.0
8,0,OMP,optimized,1744.0,768.0,0.0,256.0,512.0,64.0,64.0,72.0,0.0,0.0,0.0,8.0,0.0
8,1,OMP,baseline,3240.0,768.0,2048.0,0.0,0.0,0.0,288.0,72.0,0.0,0.0,0.0,64.0,0.0
8,1,OMP,optimized,1744.0,768.0,0.0,256.0,512.0,64.0,64.0,72.0,0.0,0.0,0.0,8.0,0.0
8,2,OMP,baseline,3240.0,768.0,2048.0,0.0,0.0,0.0,288.0,72.0,0.0,0.0,0.0,64.0,0.0
8,2,OMP,optimized,1744.0,768.0,0.0,256.0,512.0,64.0,64.0,72.0,0.0,0.0,0.0,8.0,0.0
8,3,OMP,baseline,3240.0,768.0,2048.0,0.0,0.0,0.0,288.0,72.0,0.0,0.0,0.0,64.0,0.0
8,3,OMP,optimized,1744.0,768.0,0.0,256.0,512.0,64.0,64.0,72.0,0.0,0.0,0.0,8.0,0.0
8,4,OMP,baseline,3240.0,768.0,2048.0,0.0,0.0,0.0,288.0,72.0,0.0,0.0,0.0,64.0,0.0
8,4,OMP,optimized,1744.0,768.0,0.0,256.0,512.0,64.0,64.0,72.0,0.0,0.0,0.0,8.0,0.0
8,5,OMP,baseline,3240.0,768.0,2048.0,0.0,0.0,0.0,288.0,72.0,0.0,0.0,0.0,64.0,0.0
8,5,OMP,optimized,1744.0,768.0,0.0,256.0,512.0,64.0,64.0,72.0,0.0,0.0,0.0,8.0,0.0
8,6,OMP,baseline,3240.0,768.0,2048.0,0.0,0.0,0.0,288.0,72.0,0.0,0.0,0.0,64.0,0.0
8,6,OMP,optimized,1744.0,768.0,0.0,256.0,512.0,64.0,64.0,72.0,0.0,0.0,0.0,8.0,0.0
8,7,OMP,baseline,3240.0,768.0,2048.0,0.0,0.0,0.0,288.0,72.0,0.0,0.0,0.0,64.0,0.0
8,7,OMP,optimized,1744.0,768.0,0.0,256.0,512.0,64.0,64.0,72.0,0.0,0.0,0.0,8.0,0.0
8,8,OMP,baseline,3240.0,768.0,2048.0,0.0,0.0,0.0,288.0,72.0,0.0,0.0,0.0,64.0,0.0
8,8,OMP,optimized,1744.0,768.0,0.0,256.0,512.0,64.0,64.0,72.0,0.0,0.0,0.0,8.0,0.0
8,9,OMP,baseline,3240.0,768.0,2048.0,0.0,0.0,0.0,288.0,72.0,0.0,0.0,0.0,64.0,0.0
8,9,OMP,optimized,1744.0,768.0,0.0,256.0,512.0,64.0,64.0,72.0,0.0,0.0,0.0,8.0,0.0
8,10,OMP,baseline,3240.0,768.0,2048.0,0.0,0.0,0.0,288.0,72.0,0.0,0.0,0.0,64.0,0.0
8,10,OMP,optimized,1744.0,768.0,0.0,256.0,512.0,64.0,64.0,72.0,0.0,0.0,0.0,8.0,0.0
8,11,OMP,baseline,3240.0,768.0,2048.0,0.0,0.0,0.0,288.0,72.0,0.0,0.0,0.0,64.0,0.0
8,11,OMP,optimized,1744.0,768.0,0.0,256.0,512.0,64.0,64.0,72.0,0.0,0.0,0.0,8.0,0.0
8,12,OMP,baseline,3240.0,768.0,2048.0,0.0,0.0,0.0,288.0,72.0,0.0,0.0,0.0,64.0,0.0
8,12,OMP,optimized,1744.0,768.0,0.0,256.0,512.0,64.0,64.0,72.0,0.0,0.0,0.0,8.0,0.0
8,13,OMP,baseline,3240.0,768.0,2048.0,0.0,0.0,0.0,288.0,72.0,0.0,0.0,0.0,64.0,0.0
8,13,OMP,optimized,1744.0,768.0,0.0,256.0,512.0,64.0,64.0,72.0,0.0,0.0,0.0,8.0,0.0
8,14,OMP,baseline,3240.0,768.0,2048.0,0.0,0.0,0.0,288.0,72.0,0.0,0.0,0.0,64.0,0.0
8,14,OMP,optimized,1744.0,768.0,0.0,256.0,512.0,64.0,64.0,72.0,0.0,0.0,0.0,8.0,0.0
8,15,OMP,baseline,3240.0,768.0,2048.0,0.0,0.0,0.0,288.0,72.0,0.0,0.0,0.0,64.0,0.0
8,15,OMP,optimized,1744.0,768.0,0.0,256.0,512.0,64.0,64.0,72.0,0.0,0.0,0.0,8.0,0.0
8,16,OMP,baseline,3240.0,768.0,2048.0,0.0,0.0,0.0,288.0,72.0,0.0,0.0,0.0,64.0,0.0
8,16,OMP,optimized,1744.0,768.0,0.0,256.0,512.0,64.0,64.0,72.0,0.0,0.0,0.0,8.0,0.0
8,17,OMP,baseline,3240.0,768.0,2048.0,0.0,0.0,0.0,288.0,72.0,0.0,0.0,0.0,64.0,0.0
8,17,OMP,optimized,1744.0,768.0,0.0,256.0,512.0,64.0,64.0,72.0,0.0,0.0,0.0,8.0,0.0
8,18,OMP,baseline,3240.0,768.0,2048.0,0.0,0.0,0.0,288.0,72.0,0.0,0.0,0.0,64.0,0.0
8,18,OMP,optimized,1744.0,768.0,0.0,256.0,512.0,64.0,64.0,72.0,0.0,0.0,0.0,8.0,0.0
8,19,OMP,baseline,3240.0,768.0,2048.0,0.0,0.0,0.0,288.0,72.0,0.0,0.0,0.0,64.0,0.0
8,19,OMP,optimized,1744.0,768.0,0.0,256.0,512.0,64.0,64.0,72.0,0.0,0.0,0.0,8.0,0.0
8,20,OMP,baseline,3240.0,768.0,2048.0,0.0,0.0,0.0,288.0,72.0,0.0,0.0,0.0,64.0,0.0
8,20,OMP,optimized,1744.0,768.0,0.0,256.0,512.0,64.0,64.0,72.0,0.0,0.0,0.0,8.0,0.0
8,21,OMP,baseline,3240.0,768.0,2048.0,0.0,0.0,0.0,288.0,72.0,0.0,0.0,0.0,64.0,0.0
8,21,OMP,optimized,1744.0,768.0,0.0,256.0,512.0,64.0,64.0,72.0,0.0,0.0,0.0,8.0,0.0
8,22,OMP,baseline,3240.0,768.0,2048.0,0.0,0.0,0.0,288.0,72.0,0.0,0.0,0.0,64.0,0.0
8,22,OMP,optimized,1744.0,768.0,0.0,256.0,512.0,64.0,64.0,72.0,0.0,0.0,0.0,8.0,0.0
8,23,OMP,baseline,3240.0,768.0,2048.0,0.0,0.0,0.0,288.0,72.0,0.0,0.0,0.0,64.0,0.0
8,23,OMP,optimized,1744.0,768.0,0.0,256.0,512.0,64.0,64.0,72.0,0.0,0.0,0.0,8.0,0.0
8,24,OMP,baseline,3240.0,768.0,2048.0,0.0,0.0,0.0,288.0,72.0,0.0,0.0,0.0,64.0,0.0
8,24,OMP,optimized,1744.0,768.0,0.0,256.0,512.0,64.0,64.0,72.0,0.0,0.0,0.0,8.0,0.0
8,25,OMP,baseline,3240.0,768.0,2048.0,0.0,0.0,0.0,288.0,72.0,0.0,0.0,0.0,64.0,0.0
8,25,OMP,optimized,1744.0,768.0,0.0,256.0,512.0,64.0,64.0,72.0,0.0,0.0,0.0,8.0,0.0
8,26,OMP,baseline,3240.0,768.0,2048.0,0.0,0.0,0.0,288.0,72.0,0.0,0.0,0.0,64.0,0.0
8,26,OMP,optimized,1744.0,768.0,0.0,256.0,512.0,64.0,64.0,72.0,0.0,0.0,0.0,8.0,0.0
8,27,OMP,baseline,3240.0,768.0,2048.0,0.0,0.0,0.0,288.0,72.0,0.0,0.0,0.0,64.0,0.0
8,27,OMP,optimized,1744.0,768.0,0.0,256.0,512.0,64.0,64.0,72.0,0.0,0.0,0.0,8.0,0.0
8,28,OMP,baseline,3240.0,768.0,2048.0,0.0,0.0,0.0,288.0,72.0,0.0,0.0,0.0,64.0,0.0
8,28,OMP,optimized,1744.0,768.0,0.0,256.0,512.0,64.0,64.0,72.0,0.0,0.0,0.0,8.0,0.0
8,29,OMP,baseline,3240.0,768.0,2048.0,0.0,0.0,0.0,288.0,72.0,0.0,0.0,0.0,64.0,0.0
8,29,OMP,optimized,1744.0,768.0,0.0,256.0,512.0,64.0,64.0,72.0,0.0,0.0,0.0,8.0,0.0
8,30,OMP,baseline,3240.0,768.0,2048.0,0.0,0.0,0.0,288.0,72.0,0.0,0.0,0.0,64.0,0.0
8,30,OMP,optimized,1744.0,768.0,0.0,256.0,512.0,64.0,64.0,72.0,0.0,0.0,0.0,8.0,0.0
8,31,OMP,baseline,3240.0,768.0,2048.0,0.0,0.0,0.0,288.0,72.0,0.0,0.0,0.0,64.0,0.0
8,31,OMP,optimized,1744.0,768.0,0.0,256.0,512.0,64.0,64.0,72.0,0.0,0.0,0.0,8.0,0.0
8,32,OMP,baseline,3240.0,768.0,2048.0,0.0,0.0,0.0,288.0,72.0,0.0,0.0,0.0,64.0,0.0
8,32,OMP,optimized,1744.0,768.0,0.0,256.0,512.0,64.0,64.0,72.0,0.0,0.0,0.0,8.0,0.0
8,33,OMP,baseline,3240.0,768.0,2048.0,0.0,0.0,0.0,288.0,72.0,0.0,0.0,0.0,64.0,0.0
8,33,OMP,optimized,1744.0,768.0,0.0,256.0,512.0,64.0,64.0,72.0,0.0,0.0,0.0,8.0,0.0
8,34,OMP,baseline,3240.0,768.0,2048.0,0.0,0.0,0.0,288.0,72.0,0.0,0.0,0.0,64.0,0.0
8,34,OMP,optimized,1744.0,768.0,0.0,256.0,512.0,64.0,64.0,72.0,0.0,0.0,0.0,8.0,0.0
8,35,OMP,baseline,3240.0,768.0,2048.0,0.0,0.0,0.0,288.0,72.0,0.0,0.0,0.0,64.0,0.0
8,35,OMP,optimized,1744.0,768.0,0.0,256.0,512.0,64.0,64.0,72.0,0.0,0.0,0.0,8.0,0.0
8,36,OMP,baseline,3240.0,768.0,2048.0,0.0,0.0,0.0,288.0,72.0,0.0,0.0,0.0,64.0,0.0
8,36,OMP,optimized,1744.0,768.0,0.0,256.0,512.0,64.0,64.0,72.0,0.0,0.0,0.0,8.0,0.0
8,37,OMP,baseline,3240.0,768.0,2048.0,0.0,0.0,0.0,288.0,72.0,0.0,0.0,0.0,64.0,0.0
8,37,OMP,optimized,1744.0,768.0,0.0,256.0,512.0,64.0,64.0,72.0,0.0,0.0,0.0,8.0,0.0
8,38,OMP,baseline,3240.0,768.0,2048.0,0.0,0.0,0.0,288.0,72.0,0.0,0.0,0.0,64.0,0.0
8,38,OMP,optimized,1744.0,768.0,0.0,256.0,512.0,64.0,64.0,72.0,0.0,0.0,0.0,8.0,0.0
8,39,OMP,baseline,3240.0,768.0,2048.0,0.0,0.0,0.0,288.0,72.0,0.0,0.0,0.0,64.0,0.0
8,39,OMP,optimized,1744.0,768.0,0.0,256.0,512.0,64.0,64.0,72.0,0.0,0.0,0.0,8.0,0.0
8,40,OMP,baseline,3240.0,768.0,2048.0,0.0,0.0,0.0,288.0,72.0,0.0,0.0,0.0,64.0,0.0
8,40,OMP,optimized,1744.0,768.0,0.0,256.0,512.0,64.0,64.0,72.0,0.0,0.0,0.0,8.0,0.0
8,41,OMP,baseline,3240.0,768.0,2048.0,0.0,0.0,0.0,288.0,72.0,0.0,0.0,0.0,64.0,0.0
8,41,OMP,optimized,1744.0,768.0,0.0,256.0,512.0,64.0,64.0,72.0,0.0,0.0,0.0,8.0,0.0
8,42,OMP,baseline,3240.0,768.0,2048.0,0.0,0.0,0.0,288.0,72.0,0.0,0.0,0.0,64.0,0.0
8,42,OMP,optimized,1744.0,768.0,0.0,256.0,512.0,64.0,64.0,72.0,0.0,0.0,0.0,8.0,0.0
8,43,OMP,baseline,3240.0,768.0,2048.0,0.0,0.0,0.0,288.0,72.0,0.0,0.0,0.0,64.0,0.0
8,43,OMP,optimized,1744.0,768.0,0.0,256.0,512.0,64.0,64.0,72.0,0.0,0.0,0.0,8.0,0.0
8,44,OMP,baseline,3240.0,768.0,2048.0,0.0,0.0,0.0,288.0,72.0,0.0,0.0,0.0,64.0,0.0
8,44,OMP,optimized,1744.0,768.0,0.0,256.0,512.0,64.0,64.0,72.0,0.0,0.0,0.0,8.0,0.0
8,45,OMP,baseline,3240.0,768.0,2048.0,0.0,0.0,0.0,288.0,72.0,0.0,0.0,0.0,64.0,0.0
8,45,OMP,optimized,1744.0,768.0,0.0,256.0,512.0,64.0,64.0,72.0,0.0,0.0,0.0,8.0,0.0
8,46,OMP,baseline,3240.0,768.0,2048.0,0.0,0.0,0.0,288.0,72.0,0.0,0.0,0.0,64.0,0.0
8,46,OMP,optimized,1744.0,768.0,0.0,256.0,512.0,64.0,64.0,72.0,0.0,0.0,0.0,8.0,0.0
8,47,OMP,baseline,3240.0,768.0,2048.0,0.0,0.0,0.0,288.0,72.0,0.0,0.0,0.0,64.0,0.0
8,47,OMP,optimized,1744.0,768.0,0.0,256.0,512.0,64.0,64.0,72.0,0.0,0.0,0.0,8.0,0.0
8,48,OMP,baseline,3240.0,768.0,2048.0,0.0,0.0,0.0,288.0,72.0,0.0,0.0,0.0,64.0,0.0
8,48,OMP,optimized,1744.0,768.0,0.0,256.0,512.0,64.0,64.0,72.0,0.0,0.0,0.0,8.0,0.0
8,49,OMP,baseline,3240.0,768.0,2048.0,0.0,0.0,0.0,288.0,72.0,0.0,0.0,0.0,64.0,0.0
8,49,OMP,optimized,1744.0,768.0,0.0,256.0,512.0,64.0,64.0,72.0,0.0,0.0,0.0,8.0,0.0
8,50,OMP,baseline,3240.0,768.0,2048.0,0.0,0.0,0.0,288.0,72.0,0.0,0.0,0.0,64.0,0.0
8,50,OMP,optimized,1744.0,768.0,0.0,256.0,512.0,64.0,64.0,72.0,0.0,0.0,0.0,8.0,0.0
8,51,OMP,baseline,3240.0,768.0,2048.0,0.0,0.0,0.0,288.0,72.0,0.0,0.0,0.0,64.0,0.0
8,51,OMP,optimized,1744.0,768.0,0.0,256.0,512.0,64.0,64.0,72.0,0.0,0.0,0.0,8.0,0.0
8,52,OMP,baseline,3240.0,768.0,2048.0,0.0,0.0,0.0,288.0,72.0,0.0,0.0,0.0,64.0,0.0
8,52,OMP,optimized,1744.0,768.0,0.0,256.0,512.0,64.0,64.0,72.0,0.0,0.0,0.0,8.0,0.0
8,53,OMP,baseline,3240.0,768.0,2048.0,0.0,0.0,0.0,288.0,72.0,0.0,0.0,0.0,64.0,0.0
8,53,OMP,optimized,1744.0,768.0,0.0,256.0,512.0,64.0,64.0,72.0,0.0,0.0,0.0,8.0,0.0
8,54,OMP,baseline,3240.0,768.0,2048.0,0.0,0.0,0.0,288.0,72.0,0.0,0.0,0.0,64.0,0.0
8,54,OMP,optimized,1744.0,768.0,0.0,256.0,512.0,64.0,64.0,72.0,0.0,0.0,0.0,8.0,0.0
8,55,OMP,baseline,3240.0,768.0,2048.0,0.0,0.0,0.0,288.0,72.0,0.0,0.0,0.0,64.0,0.0
8,55,OMP,optimized,1744.0,768.0,0.0,256.0,512.0,64.0,64.0,72.0,0.0,0.0,0.0,8.0,0.0
8,56,OMP,baseline,3240.0,768.0,2048.0,0.0,0.0,0.0,288.0,72.0,0.0,0.0,0.0,64.0,0.0
8,56,OMP,optimized,1744.0,768.0,0.0,256.0,512.0,64.0,64.0,72.0,0.0,0.0,0.0,8.0,0.0
8,57,OMP,baseline,3240.0,768.0,2048.0,0.0,0.0,0.0,288.0,72.0,0.0,0.0,0.0,64.0,0.0
8,57,OMP,optimized,1744.0,768.0,0.0,256.0,512.0,64.0,64.0,72.0,0.0,0.0,0.0,8.0,0.0
8,58,OMP,baseline,3240.0,768.0,2048.0,0.0,0.0,0.0,288.0,72.0,0.0,0.0,0.0,64.0,0.0
8,58,OMP,optimized,1744.0,768.0,0.0,256.0,512.0,64.0,64.0,72.0,0.0,0.0,0.0,8.0,0.0
8,59,OMP,baseline,3240.0,768.0,2048.0,0.0,0.0,0.0,288.0,72.0,0.0,0.0,0.0,64.0,0.0
8,59,OMP,optimized,1744.0,768.0,0.0,256.0,512.0,64.0,64.0,72.0,0.0,0.0,0.0,8.0,0.0
8,60,OMP,baseline,3240.0,768.0,2048.0,0.0,0.0,0.0,288.0,72.0,0.0,0.0,0.0,64.0,0.0
8,60,OMP,optimized,1744.0,768.0,0.0,256.0,512.0,64.0,64.0,72.0,0.0,0.0,0.0,8.0,0.0
8,61,OMP,baseline,3240.0,768.0,2048.0,0.0,0.0,0.0,288.0,72.0,0.0,0.0,0.0,64.0,0.0
8,61,OMP,optimized,1744.0,768.0,0.0,256.0,512.0,64.0,64.0,72.0,0.0,0.0,0.0,8.0,0.0
8,62,OMP,baseline,3240.0,768.0,2048.0,0.0,0.0,0.0,288.0,72.0,0.0,0.0,0.0,64.0,0.0
8,62,OMP,optimized,1744.0,768.0,0.0,256.0,512.0,64.0,64.0,72.0,0.0,0.0,0.0,8.0,0.0
8,63,OMP,baseline,3240.0,768.0,2048.0,0.0,0.0,0.0,288.0,72.0,0.0,0.0,0.0,64.0,0.0
8,63,OMP,optimized,1744.0,768.0,0.0,256.0,512.0,64.0,64.0,72.0,0.0,0.0,0.0,8.0,0.0
8,64,OMP,baseline,3240.0,768.0,2048.0,0.0,0.0,0.0,288.0,72.0,0.0,0.0,0.0,64.0,0.0
8,64,OMP,optimized,1744.0,768.0,0.0,256.0,512.0,64.0,64.0,72.0,0.0,0.0,0.0,8.0,0.0
8,65,OMP,baseline,3240.0,768.0,2048.0,0.0,0.0,0.0,288.0,72.0,0.0,0.0,0.0,64.0,0.0
8,65,OMP,optimized,1744.0,768.0,0.0,256.0,512.0,64.0,64.0,72.0,0.0,0.0,0.0,8.0,0.0
8,66,OMP,baseline,3240.0,768.0,2048.0,0.0,0.0,0.0,288.0,72.0,0.0,0.0,0.0,64.0,0.0
8,66,OMP,optimized,1744.0,768.0,0.0,256.0,512.0,64.0,64.0,72.0,0.0,0.0,0.0,8.0,0.0
8,67,OMP,baseline,3240.0,768.0,2048.0,0.0,0.0,0.0,288.0,72.0,0.0,0.0,0.0,64.0,0.0
8,67,OMP,optimized,1744.0,768.0,0.0,256.0,512.0,64.0,64.0,72.0,0.0,0.0,0.0,8.0,0.0
8,68,OMP,baseline,3240.0,768.0,2048.0,0.0,0.0,0.0,288.0,72.0,0.0,0.0,0.0,64.0,0.0
8,68,OMP,optimized,1744.0,768.0,0.0,256.0,512.0,64.0,64.0,72.0,0.0,0.0,0.0,8.0,0.0
8,69,OMP,baseline,3240.0,768.0,2048.0,0.0,0.0,0.0,288.0,72.0,0.0,0.0,0.0,64.0,0.0
8,69,OMP,optimized,1744.0,768.0,0.0,256.0,512.0,64.0,64.0,72.0,0.0,0.0,0.0,8.0,0.0
8,70,OMP,baseline,3240.0,768.0,2048.0,0.0,0.0,0.0,288.0,72.0,0.0,0.0,0.0,64.0,0.0
8,70,OMP,optimized,1744.0,768.0,0.0,256.0,512.0,64.0,64.0,72.0,0.0,0.0,0.0,8.0,0.0
8,71,OMP,baseline,3240.0,768.0,2048.0,0.0,0.0,0.0,288.0,72.0,0.0,0.0,0.0,64.0,0.0
8,71,OMP,optimized,1744.0,768.0,0.0,256.0,512.0,64.0,64.0,72.0,0.0,0.0,0.0,8.0,0.0
8,72,OMP,baseline,3240.0,768.0,2048.0,0.0,0.0,0.0,288.0,72.0,0.0,0.0,0.0,64.0,0.0
8,72,OMP,optimized,1744.0,768.0,0.0,256.0,512.0,64.0,64.0,72.0,0.0,0.0,0.0,8.0,0.0
8,73,OMP,baseline,3240.0,768.0,2048.0,0.0,0.0,0.0,288.0,72.0,0.0,0.0,0.0,64.0,0.0
8,73,OMP,optimized,1744.0,768.0,0.0,256.0,512.0,64.0,64.0,72.0,0.0,0.0,0.0,8.0,0.0
8,74,OMP,baseline,3240.0,768.0,2048.0,0.0,0.0,0.0,288.0,72.0,0.0,0.0,0.0,64.0,0.0
8,74,OMP,optimized,1744.0,768.0,0.0,256.0,512.0,64.0,64.0,72.0,0.0,0.0,0.0,8.0,0.0
8,75,OMP,baseline,3240.0,768.0,2048.0,0.0,0.0,0.0,288.0,72.0,0.0,0.0,0.0,64.0,0.0
8,75,OMP,optimized,1744.0,768.0,0.0,256.0,512.0,64.0,64.0,72.0,0.0,0.0,0.0,8.0,0.0
8,76,OMP,baseline,3240.0,768.0,2048.0,0.0,0.0,0.0,288.0,72.0,0.0,0.0,0.0,64.0,0.0
8,76,OMP,optimized,1744.0,768.0,0.0,256.0,512.0,64.0,64.0,72.0,0.0,0.0,0.0,8.0,0.0
8,77,OMP,baseline,3240.0,768.0,2048.0,0.0,0.0,0.0,288.0,72.0,0.0,0.0,0.0,64.0,0.0
8,77,OMP,optimized,1744.0,768.0,0.0,256.0,512.0,64.0,64.0,72.0,0.0,0.0,0.0,8.0,0.0
8,78,OMP,baseline,3240.0,768.0,2048.0,0.0,0.0,0.0,288.0,72.0,0.0,0.0,0.0,64.0,0.0
8,78,OMP,optimized,1744.0,768.0,0.0,256.0,512.0,64.0,64.0,72.0,0.0,0.0,0.0,8.0,0.0
8,79,OMP,baseline,3240.0,768.0,2048.0,0.0,0.0,0.0,288.0,72.0,0.0,0.0,0.0,64.0,0.0
8,79,OMP,optimized,1744.0,768.0,0.0,256.0,512.0,64.0,64.0,72.0,0.0,0.0,0.0,8.0,0.0
8,80,OMP,baseline,3240.0,768.0,2048.0,0.0,0.0,0.0,288.0,72.0,0.0,0.0,0.0,64.0,0.0
8,80,OMP,optimized,1744.0,768.0,0.0,256.0,512.0,64.0,64.0,72.0,0.0,0.0,0.0,8.0,0.0
8,81,OMP,baseline,3240.0,768.0,2048.0,0.0,0.0,0.0,288.0,72.0,0.0,0.0,0.0,64.0,0.0
8,81,OMP,optimized,1744.0,768.0,0.0,256.0,512.0,64.0,64.0,72.0,0.0,0.0,0.0,8.0,0.0
8,82,OMP,baseline,3240.0,768.0,2048.0,0.0,0.0,0.0,288.0,72.0,0.0,0.0,0.0,64.0,0.0
8,82,OMP,optimized,1744.0,768.0,0.0,256.0,512.0,64.0,64.0,72.0,0.0,0.0,0.0,8.0,0.0
8,83,OMP,baseline,3240.0,768.0,2048.0,0.0,0.0,0.0,288.0,72.0,0.0,0.0,0.0,64.0,0.0
8,83,OMP,optimized,1744.0,768.0,0.0,256.0,512.0,64.0,64.0,72.0,0.0,0.0,0.0,8.0,0.0
8,84,OMP,baseline,3240.0,768.0,2048.0,0.0,0.0,0.0,288.0,72.0,0.0,0.0,0.0,64.0,0.0
8,84,OMP,optimized,1744.0,768.0,0.0,256.0,512.0,64.0,64.0,72.0,0.0,0.0,0.0,8.0,0.0
8,85,OMP,baseline,3240.0,768.0,2048.0,0.0,0.0,0.0,288.0,72.0,0.0,0.0,0.0,64.0,0.0
8,85,OMP,optimized,1744.0,768.0,0.0,256.0,512.0,64.0,64.0,72.0,0.0,0.0,0.0,8.0,0.0
8,86,OMP,baseline,3240.0,768.0,2048.0,0.0,0.0,0.0,288.0,72.0,0.0,0.0,0.0,64.0,0.0
8,86,OMP,optimized,1744.0,768.0,0.0,256.0,512.0,64.0,64.0,72.0,0.0,0.0,0.0,8.0,0.0
8,87,OMP,baseline,3240.0,768.0,2048.0,0.0,0.0,0.0,288.0,72.0,0.0,0.0,0.0,64.0,0.0
8,87,OMP,optimized,1744.0,768.0,0.0,256.0,512.0,64.0,64.0,72.0,0.0,0.0,0.0,8.0,0.0
8,88,OMP,baseline,3240.0,768.0,2048.0,0.0,0.0,0.0,288.0,72.0,0.0,0.0,0.0,64.0,0.0
8,88,OMP,optimized,1744.0,768.0,0.0,256.0,512.0,64.0,64.0,72.0,0.0,0.0,0.0,8.0,0.0
8,89,OMP,baseline,3240.0,768.0,2048.0,0.0,0.0,0.0,288.0,72.0,0.0,0.0,0.0,64.0,0.0
8,89,OMP,optimized,1744.0,768.0,0.0,256.0,512.0,64.0,64.0,72.0,0.0,0.0,0.0,8.0,0.0
8,90,OMP,baseline,3240.0,768.0,2048.0,0.0,0.0,0.0,288.0,72.0,0.0,0.0,0.0,64.0,0.0
8,90,OMP,optimized,1744.0,768.0,0.0,256.0,512.0,64.0,64.0,72.0,0.0,0.0,0.0,8.0,0.0
8,91,OMP,baseline,3240.0,768.0,2048.0,0.0,0.0,0.0,288.0,72.0,0.0,0.0,0.0,64.0,0.0
8,91,OMP,optimized,1744.0,768.0,0.0,256.0,512.0,64.0,64.0,72.0,0.0,0.0,0.0,8.0,0.0
8,92,OMP,baseline,3240.0,768.0,2048.0,0.0,0.0,0.0,288.0,72.0,0.0,0.0,0.0,64.0,0.0
8,92,OMP,optimized,1744.0,768.0,0.0,256.0,512.0,64.0,64.0,72.0,0.0,0.0,0.0,8.0,0.0
8,93,OMP,baseline,3240.0,768.0,2048.0,0.0,0.0,0.0,288.0,72.0,0.0,0.0,0.0,64.0,0.0
8,93,OMP,optimized,1744.0,768.0,0.0,256.0,512.0,64.0,64.0,72.0,0.0,0.0,0.0,8.0,0.0
8,94,OMP,baseline,3240.0,768.0,2048.0,0.0,0.0,0.0,288.0,72.0,0.0,0.0,0.0,64.0,0.0
8,94,OMP,optimized,1744.0,768.0,0.0,256.0,512.0,64.0,64.0,72.0,0.0,0.0,0.0,8.0,0.0
8,95,OMP,baseline,3240.0,768.0,2048.0,0.0,0.0,0.0,288.0,72.0,0.0,0.0,0.0,64.0,0.0
8,95,OMP,optimized,1744.0,768.0,0.0,256.0,512.0,64.0,64.0,72.0,0.0,0.0,0.0,8.0,0.0
8,96,OMP,baseline,3240.0,768.0,2048.0,0.0,0.0,0.0,288.0,72.0,0.0,0.0,0.0,64.0,0.0
8,96,OMP,optimized,1744.0,768.0,0.0,256.0,512.0,64.0,64.0,72.0,0.0,0.0,0.0,8.0,0.0
8,97,OMP,baseline,3240.0,768.0,2048.0,0.0,0.0,0.0,288.0,72.0,0.0,0.0,0.0,64.0,0.0
8,97,OMP,optimized,1744.0,768.0,0.0,256.0,512.0,64.0,64.0,72.0,0.0,0.0,0.0,8.0,0.0
8,98,OMP,baseline,3240.0,768.0,2048.0,0.0,0.0,0.0,288.0,72.0,0.0,0.0,0.0,64.0,0.0
8,98,OMP,optimized,1744.0,768.0,0.0,256.0,512.0,64.0,64.0,72.0,0.0,0.0,0.0,8.0,0.0
8,99,OMP,baseline,3240.0,768.0,2048.0,0.0,0.0,0.0,288.0,72.0,0.0,0.0,0.0,64.0,0.0
8,99,OMP,optimized,1744.0,768.0,0.0,256.0,512.0,64.0,64.0,72.0,0.0,0.0,0.0,8.0,0.0
8,100,OMP,baseline,3240.0,768.0,2048.0,0.0,0.0,0.0,288.0,72.0,0.0,0.0,0.0,64.0,0.0
8,100,OMP,optimized,1744.0,768.0,0.0,256.0,512.0,64.0,64.0,72.0,0.0,0.0,0.0,8.0,0.0
8,101,OMP,baseline,3240.0,768.0,2048.0,0.0,0.0,0.0,288.0,72.0,0.0,0.0,0.0,64.0,0.0
8,101,OMP,optimized,1744.0,768.0,0.0,256.0,512.0,64.0,64.0,72.0,0.0,0.0,0.0,8.0,0.0
8,102,OMP,baseline,3240.0,768.0,2048.0,0.0,0.0,0.0,288.0,72.0,0.0,0.0,0.0,64.0,0.0
8,102,OMP,optimized,1744.0,768.0,0.0,256.0,512.0,64.0,64.0,72.0,0.0,0.0,0.0,8.0,0.0
8,103,OMP,baseline,3240.0,768.0,2048.0,0.0,0.0,0.0,288.0,72.0,0.0,0.0,0.0,64.0,0.0
8,103,OMP,optimized,1744.0,768.0,0.0,256.0,512.0,64.0,64.0,72.0,0.0,0.0,0.0,8.0,0.0
8,104,OMP,baseline,3240.0,768.0,2048.0,0.0,0.0,0.0,288.0,72.0,0.0,0.0,0.0,64.0,0.0
8,104,OMP,optimized,1744.0,768.0,0.0,256.0,512.0,64.0,64.0,72.0,0.0,0.0,0.0,8.0,0.0
8,105,OMP,baseline,3240.0,768.0,2048.0,0.0,0.0,0.0,288.0,72.0,0.0,0.0,0.0,64.0,0.0
8,105,OMP,optimized,1744.0,768.0,0.0,256.0,512.0,64.0,64.0,72.0,0.0,0.0,0.0,8.0,0.0
8,106,OMP,baseline,3240.0,768.0,2048.0,0.0,0.0,0.0,288.0,72.0,0.0,0.0,0.0,64.0,0.0
8,106,OMP,optimized,1744.0,768.0,0.0,256.0,512.0,64.0,64.0,72.0,0.0,0.0,0.0,8.0,0.0
8,107,OMP,baseline,3240.0,768.0,2048.0,0.0,0.0,0.0,288.0,72.0,0.0,0.0,0.0,64.0,0.0
8,107,OMP,optimized,1744.0,768.0,0.0,256.0,512.0,64.0,64.0,72.0,0.0,0.0,0.0,8.0,0.0
8,108,OMP,baseline,3240.0,768.0,2048.0,0.0,0.0,0.0,288.0,72.0,0.0,0.0,0.0,64.0,0.0
8,108,OMP,optimized,1744.0,768.0,0.0,256.0,512.0,64.0,64.0,72.0,0.0,0.0,0.0,8.0,0.0
8,109,OMP,baseline,3240.0,768.0,2048.0,0.0,0.0,0.0,288.0,72.0,0.0,0.0,0.0,64.0,0.0
8,109,OMP,optimized,1744.0,768.0,0.0,256.0,512.0,64.0,64.0,72.0,0.0,0.0,0.0,8.0,0.0
8,110,OMP,baseline,3240.0,768.0,2048.0,0.0,0.0,0.0,288.0,72.0,0.0,0.0,0.0,64.0,0.0
8,110,OMP,optimized,1744.0,768.0,0.0,256.0,512.0,64.0,64.0,72.0,0.0,0.0,0.0,8.0,0.0
8,111,OMP,baseline,3240.0,768.0,2048.0,0.0,0.0,0.0,288.0,72.0,0.0,0.0,0.0,64.0,0.0
8,111,OMP,optimized,1744.0,768.0,0.0,256.0,512.0,64.0,64.0,72.0,0.0,0.0,0.0,8.0,0.0
8,112,OMP,baseline,3240.0,768.0,2048.0,0.0,0.0,0.0,288.0,72.0,0.0,0.0,0.0,64.0,0.0
8,112,OMP,optimized,1744.0,768.0,0.0,256.0,512.0,64.0,64.0,72.0,0.0,0.0,0.0,8.0,0.0
8,113,OMP,baseline,3240.0,768.0,2048.0,0.0,0.0,0.0,288.0,72.0,0.0,0.0,0.0,64.0,0.0
8,113,OMP,optimized,1744.0,768.0,0.0,256.0,512.0,64.0,64.0,72.0,0.0,0.0,0.0,8.0,0.0
8,114,OMP,baseline,3240.0,768.0,2048.0,0.0,0.0,0.0,288.0,72.0,0.0,0.0,0.0,64.0,0.0
8,114,OMP,optimized,1744.0,768.0,0.0,256.0,512.0,64.0,64.0,72.0,0.0,0.0,0.0,8.0,0.0
8,115,OMP,baseline,3240.0,768.0,2048.0,0.0,0.0,0.0,288.0,72.0,0.0,0.0,0.0,64.0,0.0
8,115,OMP,optimized,1744.0,768.0,0.0,256.0,512.0,64.0,64.0,72.0,0.0,0.0,0.0,8.0,0.0
8,116,OMP,baseline,3240.0,768.0,2048.0,0.0,0.0,0.0,288.0,72.0,0.0,0.0,0.0,64.0,0.0
8,116,OMP,optimized,1744.0,768.0,0.0,256.0,512.0,64.0,64.0,72.0,0.0,0.0,0.0,8.0,0.0
8,117,OMP,baseline,3240.0,768.0,2048.0,0.0,0.0,0.0,288.0,72.0,0.0,0.0,0.0,64.0,0.0
8,117,OMP,optimized,1744.0,768.0,0.0,256.0,512.0,64.0,64.0,72.0,0.0,0.0,0.0,8.0,0.0
8,118,OMP,baseline,3240.0,768.0,2048.0,0.0,0.0,0.0,288.0,72.0,0.0,0.0,0.0,64.0,0.0
8,118,OMP,optimized,1744.0,768.0,0.0,256.0,512.0,64.0,64.0,72.0,0.0,0.0,0.0,8.0,0.0
8,119,OMP,baseline,3240.0,768.0,2048.0,0.0,0.0,0.0,288.0,72.0,0.0,0.0,0.0,64.0,0.0
8,119,OMP,optimized,1744.0,768.0,0.0,256.0,512.0,64.0,64.0,72.0,0.0,0.0,0.0,8.0,0.0
8,120,OMP,baseline,3240.0,768.0,2048.0,0.0,0.0,0.0,288.0,72.0,0.0,0.0,0.0,64.0,0.0
8,120,OMP,optimized,1744.0,768.0,0.0,256.0,512.0,64.0,64.0,72.0,0.0,0.0,0.0,8.0,0.0
8,121,OMP,baseline,3240.0,768.0,2048.0,0.0,0.0,0.0,288.0,72.0,0.0,0.0,0.0,64.0,0.0
8,121,OMP,optimized,1744.0,768.0,0.0,256.0,512.0,64.0,64.0,72.0,0.0,0.0,0.0,8.0,0.0
8,122,OMP,baseline,3240.0,768.0,2048.0,0.0,0.0,0.0,288.0,72.0,0.0,0.0,0.0,64.0,0.0
8,122,OMP,optimized,1744.0,768.0,0.0,256.0,512.0,64.0,64.0,72.0,0.0,0.0,0.0,8.0,0.0
8,123,OMP,baseline,3240.0,768.0,2048.0,0.0,0.0,0.0,288.0,72.0,0.0,0.0,0.0,64.0,0.0
8,123,OMP,optimized,1744.0,768.0,0.0,256.0,512.0,64.0,64.0,72.0,0.0,0.0,0.0,8.0,0.0
8,124,OMP,baseline,3240.0,768.0,2048.0,0.0,0.0,0.0,288.0,72.0,0.0,0.0,0.0,64.0,0.0
8,124,OMP,optimized,1744.0,768.0,0.0,256.0,512.0,64.0,64.0,72.0,0.0,0.0,0.0,8.0,0.0
8,125,OMP,baseline,3240.0,768.0,2048.0,0.0,0.0,0.0,288.0,72.0,0.0,0.0,0.0,64.0,0.0
8,125,OMP,optimized,1744.0,768.0,0.0,256.0,512.0,64.0,64.0,72.0,0.0,0.0,0.0,8.0,0.0
8,126,OMP,baseline,3240.0,768.0,2048.0,0.0,0.0,0.0,288.0,72.0,0.0,0.0,0.0,64.0,0.0
8,126,OMP,optimized,1744.0,768.0,0.0,256.0,512.0,64.0,64.0,72.0,0.0,0.0,0.0,8.0,0.0
8,127,OMP,baseline,3240.0,768.0,2048.0,0.0,0.0,0.0,288.0,72.0,0.0,0.0,0.0,64.0,0.0
8,127,OMP,optimized,1744.0,768.0,0.0,256.0,512.0,64.0,64.0,72.0,0.0,0.0,0.0,8.0,0.0
8,128,OMP,baseline,3240.0,768.0,2048.0,0.0,0.0,0.0,288.0,72.0,0.0,0.0,0.0,64.0,0.0
8,128,OMP,optimized,1744.0,768.0,0.0,256.0,512.0,64.0,64.0,72.0,0.0,0.0,0.0,8.0,0.0
8,129,OMP,baseline,3240.0,768.0,2048.0,0.0,0.0,0.0,288.0,72.0,0.0,0.0,0.0,64.0,0.0
8,129,OMP,optimized,1744.0,768.0,0.0,256.0,512.0,64.0,64.0,72.0,0.0,0.0,0.0,8.0,0.0
8,130,OMP,baseline,3240.0,768.0,2048.0,0.0,0.0,0.0,288.0,72.0,0.0,0.0,0.0,64.0,0.0
8,130,OMP,optimized,1744.0,768.0,0.0,256.0,512.0,64.0,64.0,72.0,0.0,0.0,0.0,8.0,0.0
8,131,OMP,baseline,3240.0,768.0,2048.0,0.0,0.0,0.0,288.0,72.0,0.0,0.0,0.0,64.0,0.0
8,131,OMP,optimized,1744.0,768.0,0.0,256.0,512.0,64.0,64.0,72.0,0.0,0.0,0.0,8.0,0.0
8,132,OMP,baseline,3240.0,768.0,2048.0,0.0,0.0,0.0,288.0,72.0,0.0,0.0,0.0,64.0,0.0
8,132,OMP,optimized,1744.0,768.0,0.0,256.0,512.0,64.0,64.0,72.0,0.0,0.0,0.0,8.0,0.0
8,133,OMP,baseline,3240.0,768.0,2048.0,0.0,0.0,0.0,288.0,72.0,0.0,0.0,0.0,64.0,0.0
8,133,OMP,optimized,1744.0,768.0,0.0,256.0,512.0,64.0,64.0,72.0,0.0,0.0,0.0,8.0,0.0
8,134,OMP,baseline,3240.0,768.0,2048.0,0.0,0.0,0.0,288.0,72.0,0.0,0.0,0.0,64.0,0.0
8,134,OMP,optimized,1744.0,768.0,0.0,256.0,512.0,64.0,64.0,72.0,0.0,0.0,0.0,8.0,0.0
8,135,OMP,baseline,3240.0,768.0,2048.0,0.0,0.0,0.0,288.0,72.0,0.0,0.0,0.0,64.0,0.0
8,135,OMP,optimized,1744.0,768.0,0.0,256.0,512.0,64.0,64.0,72.0,0.0,0.0,0.0,8.0,0.0
8,136,OMP,baseline,3240.0,768.0,2048.0,0.0,0.0,0.0,288.0,72.0,0.0,0.0,0.0,64.0,0.0
8,136,OMP,optimized,1744.0,768.0,0.0,256.0,512.0,64.0,64.0,72.0,0.0,0.0,0.0,8.0,0.0
8,137,OMP,baseline,3240.0,768.0,2048.0,0.0,0.0,0.0,288.0,72.0,0.0,0.0,0.0,64.0,0.0
8,137,OMP,optimized,1744.0,768.0,0.0,256.0,512.0,64.0,64.0,72.0,0.0,0.0,0.0,8.0,0.0
8,138,OMP,baseline,3240.0,768.0,2048.0,0.0,0.0,0.0,288.0,72.0,0.0,0.0,0.0,64.0,0.0
8,138,OMP,optimized,1744.0,768.0,0.0,256.0,512.0,64.0,64.0,72.0,0.0,0.0,0.0,8.0,0.0
8,139,OMP,baseline,3240.0,768.0,2048.0,0.0,0.0,0.0,288.0,72.0,0.0,0.0,0.0,64.0,0.0
8,139,OMP,optimized,1744.0,768.0,0.0,256.0,512.0,64.0,64.0,72.0,0.0,0.0,0.0,8.0,0.0
8,140,OMP,baseline,3240.0,768.0,2048.0,0.0,0.0,0.0,288.0,72.0,0.0,0.0,0.0,64.0,0.0
8,140,OMP,optimized,1744.0,768.0,0.0,256.0,512.0,64.0,64.0,72.0,0.0,0.0,0.0,8.0,0.0
8,141,OMP,baseline,3240.0,768.0,2048.0,0.0,0.0,0.0,288.0,72.0,0.0,0.0,0.0,64.0,0.0
8,141,OMP,optimized,1744.0,768.0,0.0,256.0,512.0,64.0,64.0,72.0,0.0,0.0,0.0,8.0,0.0
8,142,OMP,baseline,3240.0,768.0,2048.0,0.0,0.0,0.0,288.0,72.0,0.0,0.0,0.0,64.0,0.0
8,142,OMP,optimized,1744.0,768.0,0.0,256.0,512.0,64.0,64.0,72.0,0.0,0.0,0.0,8.0,0.0
8,143,OMP,baseline,3240.0,768.0,2048.0,0.0,0.0,0.0,288.0,72.0,0.0,0.0,0.0,64.0,0.0
8,143,OMP,optimized,1744.0,768.0,0.0,256.0,512.0,64.0,64.0,72.0,0.0,0.0,0.0,8.0,0.0
8,144,OMP,baseline,3240.0,768.0,2048.0,0.0,0.0,0.0,288.0,72.0,0.0,0.0,0.0,64.0,0.0
8,144,OMP,optimized,1744.0,768.0,0.0,256.0,512.0,64.0,64.0,72.0,0.0,0.0,0.0,8.0,0.0
8,145,OMP,baseline,3240.0,768.0,2048.0,0.0,0.0,0.0,288.0,72.0,0.0,0.0,0.0,64.0,0.0
8,145,OMP,optimized,1744.0,768.0,0.0,256.0,512.0,64.0,64.0,72.0,0.0,0.0,0.0,8.0,0.0
8,146,OMP,baseline,3240.0,768.0,2048.0,0.0,0.0,0.0,288.0,72.0,0.0,0.0,0.0,64.0,0.0
8,146,OMP,optimized,1744.0,768.0,0.0,256.0,512.0,64.0,64.0,72.0,0.0,0.0,0.0,8.0,0.0
8,147,OMP,baseline,3240.0,768.0,2048.0,0.0,0.0,0.0,288.0,72.0,0.0,0.0,0.0,64.0,0.0
8,147,OMP,optimized,1744.0,768.0,0.0,256.0,512.0,64.0,64.0,72.0,0.0,0.0,0.0,8.0,0.0
8,148,OMP,baseline,3240.0,768.0,2048.0,0.0,0.0,0.0,288.0,72.0,0.0,0.0,0.0,64.0,0.0
8,148,OMP,optimized,1744.0,768.0,0.0,256.0,512.0,64.0,64.0,72.0,0.0,0.0,0.0,8.0,0.0
8,149,OMP,baseline,3240.0,768.0,2048.0,0.0,0.0,0.0,288.0,72.0,0.0,0.0,0.0,64.0,0.0
8,149,OMP,optimized,1744.0,768.0,0.0,256.0,512.0,64.0,64.0,72.0,0.0,0.0,0.0,8.0,0.0
8,150,OMP,baseline,3240.0,768.0,2048.0,0.0,0.0,0.0,288.0,72.0,0.0,0.0,0.0,64.0,0.0
8,150,OMP,optimized,1744.0,768.0,0.0,256.0,512.0,64.0,64.0,72.0,0.0,0.0,0.0,8.0,0.0
8,151,OMP,baseline,3240.0,768.0,2048.0,0.0,0.0,0.0,288.0,72.0,0.0,0.0,0.0,64.0,0.0
8,151,OMP,optimized,1744.0,768.0,0.0,256.0,512.0,64.0,64.0,72.0,0.0,0.0,0.0,8.0,0.0
8,152,OMP,baseline,3240.0,768.0,2048.0,0.0,0.0,0.0,288.0,72.0,0.0,0.0,0.0,64.0,0.0
8,152,OMP,optimized,1744.0,768.0,0.0,256.0,512.0,64.0,64.0,72.0,0.0,0.0,0.0,8.0,0.0
8,153,OMP,baseline,3240.0,768.0,2048.0,0.0,0.0,0.0,288.0,72.0,0.0,0.0,0.0,64.0,0.0
8,153,OMP,optimized,1744.0,768.0,0.0,256.0,512.0,64.0,64.0,72.0,0.0,0.0,0.0,8.0,0.0
8,154,OMP,baseline,3240.0,768.0,2048.0,0.0,0.0,0.0,288.0,72.0,0.0,0.0,0.0,64.0,0.0
8,154,OMP,optimized,1744.0,768.0,0.0,256.0,512.0,64.0,64.0,72.0,0.0,0.0,0.0,8.0,0.0
8,155,OMP,baseline,3240.0,768.0,2048.0,0.0,0.0,0.0,288.0,72.0,0.0,0.0,0.0,64.0,0.0
8,155,OMP,optimized,1744.0,768.0,0.0,256.0,512.0,64.0,64.0,72.0,0.0,0.0,0.0,8.0,0.0
8,156,OMP,baseline,3240.0,768.0,2048.0,0.0,0.0,0.0,288.0,72.0,0.0,0.0,0.0,64.0,0.0
8,156,OMP,optimized,1744.0,768.0,0.0,256.0,512.0,64.0,64.0,72.0,0.0,0.0,0.0,8.0,0.0
8,157,OMP,baseline,3240.0,768.0,2048.0,0.0,0.0,0.0,288.0,72.0,0.0,0.0,0.0,64.0,0.0
8,157,OMP,optimized,1744.0,768.0,0.0,256.0,512.0,64.0,64.0,72.0,0.0,0.0,0.0,8.0,0.0
8,158,OMP,baseline,3240.0,768.0,2048.0,0.0,0.0,0.0,288.0,72.0,0.0,0.0,0.0,64.0,0.0
8,158,OMP,optimized,1744.0,768.0,0.0,256.0,512.0,64.0,64.0,72.0,0.0,0.0,0.0,8.0,0.0
8,159,OMP,baseline,3240.0,768.0,2048.0,0.0,0.0,0.0,288.0,72.0,0.0,0.0,0.0,64.0,0.0
8,159,OMP,optimized,1744.0,768.0,0.0,256.0,512.0,64.0,64.0,72.0,0.0,0.0,0.0,8.0,0.0
8,160,OMP,baseline,3240.0,768.0,2048.0,0.0,0.0,0.0,288.0,72.0,0.0,0.0,0.0,64.0,0.0
8,160,OMP,optimized,1744.0,768.0,0.0,256.0,512.0,64.0,64.0,72.0,0.0,0.0,0.0,8.0,0.0
8,161,OMP,baseline,3240.0,768.0,2048.0,0.0,0.0,0.0,288.0,72.0,0.0,0.0,0.0,64.0,0.0
8,161,OMP,optimized,1744.0,768.0,0.0,256.0,512.0,64.0,64.0,72.0,0.0,0.0,0.0,8.0,0.0
8,162,OMP,baseline,3240.0,768.0,2048.0,0.0,0.0,0.0,288.0,72.0,0.0,0.0,0.0,64.0,0.0
8,162,OMP,optimized,1744.0,768.0,0.0,256.0,512.0,64.0,64.0,72.0,0.0,0.0,0.0,8.0,0.0
8,163,OMP,baseline,3240.0,768.0,2048.0,0.0,0.0,0.0,288.0,72.0,0.0,0.0,0.0,64.0,0.0
8,163,OMP,optimized,1744.0,768.0,0.0,256.0,512.0,64.0,64.0,72.0,0.0,0.0,0.0,8.0,0.0
8,164,OMP,baseline,3240.0,768.0,2048.0,0.0,0.0,0.0,288.0,72.0,0.0,0.0,0.0,64.0,0.0
8,164,OMP,optimized,1744.0,768.0,0.0,256.0,512.0,64.0,64.0,72.0,0.0,0.0,0.0,8.0,0.0
8,165,OMP,baseline,3240.0,768.0,2048.0,0.0,0.0,0.0,288.0,72.0,0.0,0.0,0.0,64.0,0.0
8,165,OMP,optimized,1744.0,768.0,0.0,256.0,512.0,64.0,64.0,72.0,0.0,0.0,0.0,8.0,0.0
8,166,OMP,baseline,3240.0,768.0,2048.0,0.0,0.0,0.0,288.0,72.0,0.0,0.0,0.0,64.0,0.0
8,166,OMP,optimized,1744.0,768.0,0.0,256.0,512.0,64.0,64.0,72.0,0.0,0.0,0.0,8.0,0.0
8,167,OMP,baseline,3240.0,768.0,2048.0,0.0,0.0,0.0,288.0,72.0,0.0,0.0,0.0,64.0,0.0
8,167,OMP,optimized,1744.0,768.0,0.0,256.0,512.0,64.0,64.0,72.0,0.0,0.0,0.0,8.0,0.0
8,168,OMP,baseline,3240.0,768.0,2048.0,0.0,0.0,0.0,288.0,72.0,0.0,0.0,0.0,64.0,0.0
8,168,OMP,optimized,1744.0,768.0,0.0,256.0,512.0,64.0,64.0,72.0,0.0,0.0,0.0,8.0,0.0
8,169,OMP,baseline,3240.0,768.0,2048.0,0.0,0.0,0.0,288.0,72.0,0.0,0.0,0.0,64.0,0.0
8,169,OMP,optimized,1744.0,768.0,0.0,256.0,512.0,64.0,64.0,72.0,0.0,0.0,0.0,8.0,0.0
8,170,OMP,baseline,3240.0,768.0,2048.0,0.0,0.0,0.0,288.0,72.0,0.0,0.0,0.0,64.0,0.0
8,170,OMP,optimized,1744.0,768.0,0.0,256.0,512.0,64.0,64.0,72.0,0.0,0.0,0.0,8.0,0.0
8,171,OMP,baseline,3240.0,768.0,2048.0,0.0,0.0,0.0,288.0,72.0,0.0,0.0,0.0,64.0,0.0
8,171,OMP,optimized,1744.0,768.0,0.0,256.0,512.0,64.0,64.0,72.0,0.0,0.0,0.0,8.0,0.0
8,172,OMP,baseline,3240.0,768.0,2048.0,0.0,0.0,0.0,288.0,72.0,0.0,0.0,0.0,64.0,0.0
8,172,OMP,optimized,1744.0,768.0,0.0,256.0,512.0,64.0,64.0,72.0,0.0,0.0,0.0,8.0,0.0
8,173,OMP,baseline,3240.0,768.0,2048.0,0.0,0.0,0.0,288.0,72.0,0.0,0.0,0.0,64.0,0.0
8,173,OMP,optimized,1744.0,768.0,0.0,256.0,512.0,64.0,64.0,72.0,0.0,0.0,0.0,8.0,0.0
8,174,OMP,baseline,3240.0,768.0,2048.0,0.0,0.0,0.0,288.0,72.0,0.0,0.0,0.0,64.0,0.0
8,174,OMP,optimized,1744.0,768.0,0.0,256.0,512.0,64.0,64.0,72.0,0.0,0.0,0.0,8.0,0.0
8,175,OMP,baseline,3240.0,768.0,2048.0,0.0,0.0,0.0,288.0,72.0,0.0,0.0,0.0,64.0,0.0
8,175,OMP,optimized,1744.0,768.0,0.0,256.0,512.0,64.0,64.0,72.0,0.0,0.0,0.0,8.0,0.0
8,176,OMP,baseline,3240.0,768.0,2048.0,0.0,0.0,0.0,288.0,72.0,0.0,0.0,0.0,64.0,0.0
8,176,OMP,optimized,1744.0,768.0,0.0,256.0,512.0,64.0,64.0,72.0,0.0,0.0,0.0,8.0,0.0
8,177,OMP,baseline,3240.0,768.0,2048.0,0.0,0.0,0.0,288.0,72.0,0.0,0.0,0.0,64.0,0.0
8,177,OMP,optimized,1744.0,768.0,0.0,256.0,512.0,64.0,64.0,72.0,0.0,0.0,0.0,8.0,0.0
8,178,OMP,baseline,3240.0,768.0,2048.0,0.0,0.0,0.0,288.0,72.0,0.0,0.0,0.0,64.0,0.0
8,178,OMP,optimized,1744.0,768.0,0.0,256.0,512.0,64.0,64.0,72.0,0.0,0.0,0.0,8.0,0.0
8,179,OMP,baseline,3240.0,768.0,2048.0,0.0,0.0,0.0,288.0,72.0,0.0,0.0,0.0,64.0,0.0
8,179,OMP,optimized,1744.0,768.0,0.0,256.0,512.0,64.0,64.0,72.0,0.0,0.0,0.0,8.0,0.0
8,180,OMP,baseline,3240.0,768.0,2048.0,0.0,0.0,0.0,288.0,72.0,0.0,0.0,0.0,64.0,0.0
8,180,OMP,optimized,1744.0,768.0,0.0,256.0,512.0,64.0,64.0,72.0,0.0,0.0,0.0,8.0,0.0
8,181,OMP,baseline,3240.0,768.0,2048.0,0.0,0.0,0.0,288.0,72.0,0.0,0.0,0.0,64.0,0.0
8,181,OMP,optimized,1744.0,768.0,0.0,256.0,512.0,64.0,64.0,72.0,0.0,0.0,0.0,8.0,0.0
8,182,OMP,baseline,3240.0,768.0,2048.0,0.0,0.0,0.0,288.0,72.0,0.0,0.0,0.0,64.0,0.0
8,182,OMP,optimized,1744.0,768.0,0.0,256.0,512.0,64.0,64.0,72.0,0.0,0.0,0.0,8.0,0.0
8,183,OMP,baseline,3240.0,768.0,2048.0,0.0,0.0,0.0,288.0,72.0,0.0,0.0,0.0,64.0,0.0
8,183,OMP,optimized,1744.0,768.0,0.0,256.0,512.0,64.0,64.0,72.0,0.0,0.0,0.0,8.0,0.0
8,184,OMP,baseline,3240.0,768.0,2048.0,0.0,0.0,0.0,288.0,72.0,0.0,0.0,0.0,64.0,0.0
8,184,OMP,optimized,1744.0,768.0,0.0,256.0,512.0,64.0,64.0,72.0,0.0,0.0,0.0,8.0,0.0
8,185,OMP,baseline,3240.0,768.0,2048.0,0.0,0.0,0.0,288.0,72.0,0.0,0.0,0.0,64.0,0.0
8,185,OMP,optimized,1744.0,768.0,0.0,256.0,512.0,64.0,64.0,72.0,0.0,0.0,0.0,8.0,0.0
8,186,OMP,baseline,3240.0,768.0,2048.0,0.0,0.0,0.0,288.0,72.0,0.0,0.0,0.0,64.0,0.0
8,186,OMP,optimized,1744.0,768.0,0.0,256.0,512.0,64.0,64.0,72.0,0.0,0.0,0.0,8.0,0.0
8,187,OMP,baseline,3240.0,768.0,2048.0,0.0,0.0,0.0,288.0,72.0,0.0,0.0,0.0,64.0,0.0
8,187,OMP,optimized,1744.0,768.0,0.0,256.0,512.0,64.0,64.0,72.0,0.0,0.0,0.0,8.0,0.0
8,188,OMP,baseline,3240.0,768.0,2048.0,0.0,0.0,0.0,288.0,72.0,0.0,0.0,0.0,64.0,0.0
8,188,OMP,optimized,1744.0,768.0,0.0,256.0,512.0,64.0,64.0,72.0,0.0,0.0,0.0,8.0,0.0
8,189,OMP,baseline,3240.0,768.0,2048.0,0.0,0.0,0.0,288.0,72.0,0.0,0.0,0.0,64.0,0.0
8,189,OMP,optimized,1744.0,768.0,0.0,256.0,512.0,64.0,64.0,72.0,0.0,0.0,0.0,8.0,0.0
8,190,OMP,baseline,3240.0,768.0,2048.0,0.0,0.0,0.0,288.0,72.0,0.0,0.0,0.0,64.0,0.0
8,190,OMP,optimized,1744.0,768.0,0.0,256.0,512.0,64.0,64.0,72.0,0.0,0.0,0.0,8.0,0.0
8,191,OMP,baseline,3240.0,768.0,2048.0,0.0,0.0,0.0,288.0,72.0,0.0,0.0,0.0,64.0,0.0
8,191,OMP,optimized,1744.0,768.0,0.0,256.0,512.0,64.0,64.0,72.0,0.0,0.0,0.0,8.0,0.0
8,192,OMP,baseline,3240.0,768.0,2048.0,0.0,0.0,0.0,288.0,72.0,0.0,0.0,0.0,64.0,0.0
8,192,OMP,optimized,1744.0,768.0,0.0,256.0,512.0,64.0,64.0,72.0,0.0,0.0,0.0,8.0,0.0
8,193,OMP,baseline,3240.0,768.0,2048.0,0.0,0.0,0.0,288.0,72.0,0.0,0.0,0.0,64.0,0.0
8,193,OMP,optimized,1744.0,768.0,0.0,256.0,512.0,64.0,64.0,72.0,0.0,0.0,0.0,8.0,0.0
8,194,OMP,baseline,3240.0,768.0,2048.0,0.0,0.0,0.0,288.0,72.0,0.0,0.0,0.0,64.0,0.0
8,194,OMP,optimized,1744.0,768.0,0.0,256.0,512.0,64.0,64.0,72.0,0.0,0.0,0.0,8.0,0.0
8,195,OMP,baseline,3240.0,768.0,2048.0,0.0,0.0,0.0,288.0,72.0,0.0,0.0,0.0,64.0,0.0
8,195,OMP,optimized,1744.0,768.0,0.0,256.0,512.0,64.0,64.0,72.0,0.0,0.0,0.0,8.0,0.0
8,196,OMP,baseline,3240.0,768.0,2048.0,0.0,0.0,0.0,288.0,72.0,0.0,0.0,0.0,64.0,0.0
8,196,OMP,optimized,1744.0,768.0,0.0,256.0,512.0,64.0,64.0,72.0,0.0,0.0,0.0,8.0,0.0
8,197,OMP,baseline,3240.0,768.0,2048.0,0.0,0.0,0.0,288.0,72.0,0.0,0.0,0.0,64.0,0.0
8,197,OMP,optimized,1744.0,768.0,0.0,256.0,512.0,64.0,64.0,72.0,0.0,0.0,0.0,8.0,0.0
8,198,OMP,baseline,3240.0,768.0,2048.0,0.0,0.0,0.0,288.0,72.0,0.0,0.0,0.0,64.0,0.0
8,198,OMP,optimized,1744.0,768.0,0.0,256.0,512.0,64.0,64.0,72.0,0.0,0.0,0.0,8.0,0.0
8,199,OMP,baseline,3240.0,768.0,2048.0,0.0,0.0,0.0,288.0,72.0,0.0,0.0,0.0,64.0,0.0
8,199,OMP,optimized,1744.0,768.0,0.0,256.0,512.0,64.0,64.0,72.0,0.0,0.0,0.0,8.0,0.0
8,200,OMP,baseline,3240.0,768.0,2048.0,0.0,0.0,0.0,288.0,72.0,0.0,0.0,0.0,64.0,0.0
8,200,OMP,optimized,1744.0,768.0,0.0,256.0,512.0,64.0,64.0,72.0,0.0,0.0,0.0,8.0,0.0
8,201,OMP,baseline,3240.0,768.0,2048.0,0.0,0.0,0.0,288.0,72.0,0.0,0.0,0.0,64.0,0.0
8,201,OMP,optimized,1744.0,768.0,0.0,256.0,512.0,64.0,64.0,72.0,0.0,0.0,0.0,8.0,0.0
8,202,OMP,baseline,3240.0,768.0,2048.0,0.0,0.0,0.0,288.0,72.0,0.0,0.0,0.0,64.0,0.0
8,202,OMP,optimized,1744.0,768.0,0.0,256.0,512.0,64.0,64.0,72.0,0.0,0.0,0.0,8.0,0.0
8,203,OMP,baseline,3240.0,768.0,2048.0,0.0,0.0,0.0,288.0,72.0,0.0,0.0,0.0,64.0,0.0
8,203,OMP,optimized,1744.0,768.0,0.0,256.0,512.0,64.0,64.0,72.0,0.0,0.0,0.0,8.0,0.0
8,204,OMP,baseline,3240.0,768.0,2048.0,0.0,0.0,0.0,288.0,72.0,0.0,0.0,0.0,64.0,0.0
8,204,OMP,optimized,1744.0,768.0,0.0,256.0,512.0,64.0,64.0,72.0,0.0,0.0,0.0,8.0,0.0
8,205,OMP,baseline,3240.0,768.0,2048.0,0.0,0.0,0.0,288.0,72.0,0.0,0.0,0.0,64.0,0.0
8,205,OMP,optimized,1744.0,768.0,0.0,256.0,512.0,64.0,64.0,72.0,0.0,0.0,0.0,8.0,0.0
8,206,OMP,baseline,3240.0,768.0,2048.0,0.0,0.0,0.0,288.0,72.0,0.0,0.0,0.0,64.0,0.0
8,206,OMP,optimized,1744.0,768.0,0.0,256.0,512.0,64.0,64.0,72.0,0.0,0.0,0.0,8.0,0.0
8,207,OMP,baseline,3240.0,768.0,2048.0,0.0,0.0,0.0,288.0,72.0,0.0,0.0,0.0,64.0,0.0
8,207,OMP,optimized,1744.0,768.0,0.0,256.0,512.0,64.0,64.0,72.0,0.0,0.0,0.0,8.0,0.0
8,208,OMP,baseline,3240.0,768.0,2048.0,0.0,0.0,0.0,288.0,72.0,0.0,0.0,0.0,64.0,0.0
8,208,OMP,optimized,1744.0,768.0,0.0,256.0,512.0,64.0,64.0,72.0,0.0,0.0,0.0,8.0,0.0
8,209,OMP,baseline,3240.0,768.0,2048.0,0.0,0.0,0.0,288.0,72.0,0.0,0.0,0.0,64.0,0.0
8,209,OMP,optimized,1744.0,768.0,0.0,256.0,512.0,64.0,64.0,72.0,0.0,0.0,0.0,8.0,0.0
8,210,OMP,baseline,3240.0,768.0,2048.0,0.0,0.0,0.0,288.0,72.0,0.0,0.0,0.0,64.0,0.0
8,210,OMP,optimized,1744.0,768.0,0.0,256.0,512.0,64.0,64.0,72.0,0.0,0.0,0.0,8.0,0.0
8,211,OMP,baseline,3240.0,768.0,2048.0,0.0,0.0,0.0,288.0,72.0,0.0,0.0,0.0,64.0,0.0
8,211,OMP,optimized,1744.0,768.0,0.0,256.0,512.0,64.0,64.0,72.0,0.0,0.0,0.0,8.0,0.0
8,212,OMP,baseline,3240.0,768.0,2048.0,0.0,0.0,0.0,288.0,72.0,0.0,0.0,0.0,64.0,0.0
8,212,OMP,optimized,1744.0,768.0,0.0,256.0,512.0,64.0,64.0,72.0,0.0,0.0,0.0,8.0,0.0
8,213,OMP,baseline,3240.0,768.0,2048.0,0.0,0.0,0.0,288.0,72.0,0.0,0.0,0.0,64.0,0.0
8,213,OMP,optimized,1744.0,768.0,0.0,256.0,512.0,64.0,64.0,72.0,0.0,0.0,0.0,8.0,0.0
8,214,OMP,baseline,3240.0,768.0,2048.0,0.0,0.0,0.0,288.0,72.0,0.0,0.0,0.0,64.0,0.0
8,214,OMP,optimized,1744.0,768.0,0.0,256.0,512.0,64.0,64.0,72.0,0.0,0.0,0.0,8.0,0.0
8,215,OMP,baseline,3240.0,768.0,2048.0,0.0,0.0,0.0,288.0,72.0,0.0,0.0,0.0,64.0,0.0
8,215,OMP,optimized,1744.0,768.0,0.0,256.0,512.0,64.0,64.0,72.0,0.0,0.0,0.0,8.0,0.0
8,216,OMP,baseline,3240.0,768.0,2048.0,0.0,0.0,0.0,288.0,72.0,0.0,0.0,0.0,64.0,0.0
8,216,OMP,optimized,1744.0,768.0,0.0,256.0,512.0,64.0,64.0,72.0,0.0,0.0,0.0,8.0,0.0
8,217,OMP,baseline,3240.0,768.0,2048.0,0.0,0.0,0.0,288.0,72.0,0.0,0.0,0.0,64.0,0.0
8,217,OMP,optimized,1744.0,768.0,0.0,256.0,512.0,64.0,64.0,72.0,0.0,0.0,0.0,8.0,0.0
8,218,OMP,baseline,3240.0,768.0,2048.0,0.0,0.0,0.0,288.0,72.0,0.0,0.0,0.0,64.0,0.0
8,218,OMP,optimized,1744.0,768.0,0.0,256.0,512.0,64.0,64.0,72.0,0.0,0.0,0.0,8.0,0.0
8,219,OMP,baseline,3240.0,768.0,2048.0,0.0,0.0,0.0,288.0,72.0,0.0,0.0,0.0,64.0,0.0
8,219,OMP,optimized,1744.0,768.0,0.0,256.0,512.0,64.0,64.0,72.0,0.0,0.0,0.0,8.0,0.0
8,220,OMP,baseline,3240.0,768.0,2048.0,0.0,0.0,0.0,288.0,72.0,0.0,0.0,0.0,64.0,0.0
8,220,OMP,optimized,1744.0,768.0,0.0,256.0,512.0,64.0,64.0,72.0,0.0,0.0,0.0,8.0,0.0
8,221,OMP,baseline,3240.0,768.0,2048.0,0.0,0.0,0.0,288.0,72.0,0.0,0.0,0.0,64.0,0.0
8,221,OMP,optimized,1744.0,768.0,0.0,256.0,512.0,64.0,64.0,72.0,0.0,0.0,0.0,8.0,0.0
8,222,OMP,baseline,3240.0,768.0,2048.0,0.0,0.0,0.0,288.0,72.0,0.0,0.0,0.0,64.0,0.0
8,222,OMP,optimized,1744.0,768.0,0.0,256.0,512.0,64.0,64.0,72.0,0.0,0.0,0.0,8.0,0.0
8,223,OMP,baseline,3240.0,768.0,2048.0,0.0,0.0,0.0,288.0,72.0,0.0,0.0,0.0,64.0,0.0
8,223,OMP,optimized,1744.0,768.0,0.0,256.0,512.0,64.0,64.0,72.0,0.0,0.0,0.0,8.0,0.0
8,224,OMP,baseline,3240.0,768.0,2048.0,0.0,0.0,0.0,288.0,72.0,0.0,0.0,0.0,64.0,0.0
8,224,OMP,optimized,1744.0,768.0,0.0,256.0,512.0,64.0,64.0,72.0,0.0,0.0,0.0,8.0,0.0
8,225,OMP,baseline,3240.0,768.0,2048.0,0.0,0.0,0.0,288.0,72.0,0.0,0.0,0.0,64.0,0.0
8,225,OMP,optimized,1744.0,768.0,0.0,256.0,512.0,64.0,64.0,72.0,0.0,0.0,0.0,8.0,0.0
8,226,OMP,baseline,3240.0,768.0,2048.0,0.0,0.0,0.0,288.0,72.0,0.0,0.0,0.0,64.0,0.0
8,226,OMP,optimized,1744.0,768.0,0.0,256.0,512.0,64.0,64.0,72.0,0.0,0.0,0.0,8.0,0.0
8,227,OMP,baseline,3240.0,768.0,2048.0,0.0,0.0,0.0,288.0,72.0,0.0,0.0,0.0,64.0,0.0
8,227,OMP,optimized,1744.0,768.0,0.0,256.0,512.0,64.0,64.0,72.0,0.0,0.0,0.0,8.0,0.0
8,228,OMP,baseline,3240.0,768.0,2048.0,0.0,0.0,0.0,288.0,72.0,0.0,0.0,0.0,64.0,0.0
8,228,OMP,optimized,1744.0,768.0,0.0,256.0,512.0,64.0,64.0,72.0,0.0,0.0,0.0,8.0,0.0
8,229,OMP,baseline,3240.0,768.0,2048.0,0.0,0.0,0.0,288.0,72.0,0.0,0.0,0.0,64.0,0.0
8,229,OMP,optimized,1744.0,768.0,0.0,256.0,512.0,64.0,64.0,72.0,0.0,0.0,0.0,8.0,0.0
8,230,OMP,baseline,3240.0,768.0,2048.0,0.0,0.0,0.0,288.0,72.0,0.0,0.0,0.0,64.0,0.0
8,230,OMP,optimized,1744.0,768.0,0.0,256.0,512.0,64.0,64.0,72.0,0.0,0.0,0.0,8.0,0.0
8,231,OMP,baseline,3240.0,768.0,2048.0,0.0,0.0,0.0,288.0,72.0,0.0,0.0,0.0,64.0,0.0
8,231,OMP,optimized,1744.0,768.0,0.0,256.0,512.0,64.0,64.0,72.0,0.0,0.0,0.0,8.0,0.0
8,232,OMP,baseline,3240.0,768.0,2048.0,0.0,0.0,0.0,288.0,72.0,0.0,0.0,0.0,64.0,0.0
8,232,OMP,optimized,1744.0,768.0,0.0,256.0,512.0,64.0,64.0,72.0,0.0,0.0,0.0,8.0,0.0
8,233,OMP,baseline,3240.0,768.0,2048.0,0.0,0.0,0.0,288.0,72.0,0.0,0.0,0.0,64.0,0.0
8,233,OMP,optimized,1744.0,768.0,0.0,256.0,512.0,64.0,64.0,72.0,0.0,0.0,0.0,8.0,0.0
8,234,OMP,baseline,3240.0,768.0,2048.0,0.0,0.0,0.0,288.0,72.0,0.0,0.0,0.0,64.0,0.0
8,234,OMP,optimized,1744.0,768.0,0.0,256.0,512.0,64.0,64.0,72.0,0.0,0.0,0.0,8.0,0.0
8,235,OMP,baseline,3240.0,768.0,2048.0,0.0,0.0,0.0,288.0,72.0,0.0,0.0,0.0,64.0,0.0
8,235,OMP,optimized,1744.0,768.0,0.0,256.0,512.0,64.0,64.0,72.0,0.0,0.0,0.0,8.0,0.0
8,236,OMP,baseline,3240.0,768.0,2048.0,0.0,0.0,0.0,288.0,72.0,0.0,0.0,0.0,64.0,0.0
8,236,OMP,optimized,1744.0,768.0,0.0,256.0,512.0,64.0,64.0,72.0,0.0,0.0,0.0,8.0,0.0
8,237,OMP,baseline,3240.0,768.0,2048.0,0.0,0.0,0.0,288.0,72.0,0.0,0.0,0.0,64.0,0.0
8,237,OMP,optimized,1744.0,768.0,0.0,256.0,512.0,64.0,64.0,72.0,0.0,0.0,0.0,8.0,0.0
8,238,OMP,baseline,3240.0,768.0,2048.0,0.0,0.0,0.0,288.0,72.0,0.0,0.0,0.0,64.0,0.0
8,238,OMP,optimized,1744.0,768.0,0.0,256.0,512.0,64.0,64.0,72.0,0.0,0.0,0.0,8.0,0.0
8,239,OMP,baseline,3240.0,768.0,2048.0,0.0,0.0,0.0,288.0,72.0,0.0,0.0,0.0,64.0,0.0
8,239,OMP,optimized,1744.0,768.0,0.0,256.0,512.0,64.0,64.0,72.0,0.0,0.0,0.0,8.0,0.0
8,240,OMP,baseline,3240.0,768.0,2048.0,0.0,0.0,0.0,288.0,72.0,0.0,0.0,0.0,64.0,0.0
8,240,OMP,optimized,1744.0,768.0,0.0,256.0,512.0,64.0,64.0,72.0,0.0,0.0,0.0,8.0,0.0
8,241,OMP,baseline,3240.0,768.0,2048.0,0.0,0.0,0.0,288.0,72.0,0.0,0.0,0.0,64.0,0.0
8,241,OMP,optimized,1744.0,768.0,0.0,256.0,512.0,64.0,64.0,72.0,0.0,0.0,0.0,8.0,0.0
8,242,OMP,baseline,3240.0,768.0,2048.0,0.0,0.0,0.0,288.0,72.0,0.0,0.0,0.0,64.0,0.0
8,242,OMP,optimized,1744.0,768.0,0.0,256.0,512.0,64.0,64.0,72.0,0.0,0.0,0.0,8.0,0.0
8,243,OMP,baseline,3240.0,768.0,2048.0,0.0,0.0,0.0,288.0,72.0,0.0,0.0,0.0,64.0,0.0
8,243,OMP,optimized,1744.0,768.0,0.0,256.0,512.0,64.0,64.0,72.0,0.0,0.0,0.0,8.0,0.0
8,244,OMP,baseline,3240.0,768.0,2048.0,0.0,0.0,0.0,288.0,72.0,0.0,0.0,0.0,64.0,0.0
8,244,OMP,optimized,1744.0,768.0,0.0,256.0,512.0,64.0,64.0,72.0,0.0,0.0,0.0,8.0,0.0
8,245,OMP,baseline,3240.0,768.0,2048.0,0.0,0.0,0.0,288.0,72.0,0.0,0.0,0.0,64.0,0.0
8,245,OMP,optimized,1744.0,768.0,0.0,256.0,512.0,64.0,64.0,72.0,0.0,0.0,0.0,8.0,0.0
8,246,OMP,baseline,3240.0,768.0,2048.0,0.0,0.0,0.0,288.0,72.0,0.0,0.0,0.0,64.0,0.0
8,246,OMP,optimized,1744.0,768.0,0.0,256.0,512.0,64.0,64.0,72.0,0.0,0.0,0.0,8.0,0.0
8,247,OMP,baseline,3240.0,768.0,2048.0,0.0,0.0,0.0,288.0,72.0,0.0,0.0,0.0,64.0,0.0
8,247,OMP,optimized,1744.0,768.0,0.0,256.0,512.0,64.0,64.0,72.0,0.0,0.0,0.0,8.0,0.0
8,248,OMP,baseline,3240.0,768.0,2048.0,0.0,0.0,0.0,288.0,72.0,0.0,0.0,0.0,64.0,0.0
8,248,OMP,optimized,1744.0,768.0,0.0,256.0,512.0,64.0,64.0,72.0,0.0,0.0,0.0,8.0,0.0
8,249,OMP,baseline,3240.0,768.0,2048.0,0.0,0.0,0.0,288.0,72.0,0.0,0.0,0.0,64.0,0.0
8,249,OMP,optimized,1744.0,768.0,0.0,256.0,512.0,64.0,64.0,72.0,0.0,0.0,0.0,8.0,0.0
8,250,OMP,baseline,3240.0,768.0,2048.0,0.0,0.0,0.0,288.0,72.0,0.0,0.0,0.0,64.0,0.0
8,250,OMP,optimized,1744.0,768.0,0.0,256.0,512.0,64.0,64.0,72.0,0.0,0.0,0.0,8.0,0.0
8,251,OMP,baseline,3240.0,768.0,2048.0,0.0,0.0,0.0,288.0,72.0,0.0,0.0,0.0,64.0,0.0
8,251,OMP,optimized,1744.0,768.0,0.0,256.0,512.0,64.0,64.0,72.0,0.0,0.0,0.0,8.0,0.0
8,252,OMP,baseline,3240.0,768.0,2048.0,0.0,0.0,0.0,288.0,72.0,0.0,0.0,0.0,64.0,0.0
8,252,OMP,optimized,1744.0,768.0,0.0,256.0,512.0,64.0,64.0,72.0,0.0,0.0,0.0,8.0,0.0
8,253,OMP,baseline,3240.0,768.0,2048.0,0.0,0.0,0.0,288.0,72.0,0.0,0.0,0.0,64.0,0.0
8,253,OMP,optimized,1744.0,768.0,0.0,256.0,512.0,64.0,64.0,72.0,0.0,0.0,0.0,8.0,0.0
8,254,OMP,baseline,3240.0,768.0,2048.0,0.0,0.0,0.0,288.0,72.0,0.0,0.0,0.0,64.0,0.0
8,254,OMP,optimized,1744.0,768.0,0.0,256.0,512.0,64.0,64.0,72.0,0.0,0.0,0.0,8.0,0.0
8,255,OMP,baseline,3240.0,768.0,2048.0,0.0,0.0,0.0,288.0,72.0,0.0,0.0,0.0,64.0,0.0
8,255,OMP,optimized,1744.0,768.0,0.0,256.0,512.0,64.0,64.0,72.0,0.0,0.0,0.0,8.0,0.0
8,256,OMP,baseline,3240.0,768.0,2048.0,0.0,0.0,0.0,288.0,72.0,0.0,0.0,0.0,64.0,0.0
8,256,OMP,optimized,1744.0,768.0,0.0,256.0,512.0,64.0,64.0,72.0,0.0,0.0,0.0,8.0,0.0
8,257,OMP,baseline,3240.0,768.0,2048.0,0.0,0.0,0.0,288.0,72.0,0.0,0.0,0.0,64.0,0.0
8,257,OMP,optimized,1744.0,768.0,0.0,256.0,512.0,64.0,64.0,72.0,0.0,0.0,0.0,8.0,0.0
8,258,OMP,baseline,3240.0,768.0,2048.0,0.0,0.0,0.0,288.0,72.0,0.0,0.0,0.0,64.0,0.0
8,258,OMP,optimized,1744.0,768.0,0.0,256.0,512.0,64.0,64.0,72.0,0.0,0.0,0.0,8.0,0.0
8,259,OMP,baseline,3240.0,768.0,2048.0,0.0,0.0,0.0,288.0,72.0,0.0,0.0,0.0,64.0,0.0
8,259,OMP,optimized,1744.0,768.0,0.0,256.0,512.0,64.0,64.0,72.0,0.0,0.0,0.0,8.0,0.0
8,260,OMP,baseline,3240.0,768.0,2048.0,0.0,0.0,0.0,288.0,72.0,0.0,0.0,0.0,64.0,0.0
8,260,OMP,optimized,1744.0,768.0,0.0,256.0,512.0,64.0,64.0,72.0,0.0,0.0,0.0,8.0,0.0
8,261,OMP,baseline,3240.0,768.0,2048.0,0.0,0.0,0.0,288.0,72.0,0.0,0.0,0.0,64.0,0.0
8,261,OMP,optimized,1744.0,768.0,0.0,256.0,512.0,64.0,64.0,72.0,0.0,0.0,0.0,8.0,0.0
8,262,OMP,baseline,3240.0,768.0,2048.0,0.0,0.0,0.0,288.0,72.0,0.0,0.0,0.0,64.0,0.0
8,262,OMP,optimized,1744.0,768.0,0.0,256.0,512.0,64.0,64.0,72.0,0.0,0.0,0.0,8.0,0.0
8,263,OMP,baseline,3240.0,768.0,2048.0,0.0,0.0,0.0,288.0,72.0,0.0,0.0,0.0,64.0,0.0
8,263,OMP,optimized,1744.0,768.0,0.0,256.0,512.0,64.0,64.0,72.0,0.0,0.0,0.0,8.0,0.0
8,264,OMP,baseline,3240.0,768.0,2048.0,0.0,0.0,0.0,288.0,72.0,0.0,0.0,0.0,64.0,0.0
8,264,OMP,optimized,1744.0,768.0,0.0,256.0,512.0,64.0,64.0,72.0,0.0,0.0,0.0,8.0,0.0
8,265,OMP,baseline,3240.0,768.0,2048.0,0.0,0.0,0.0,288.0,72.0,0.0,0.0,0.0,64.0,0.0
8,265,OMP,optimized,1744.0,768.0,0.0,256.0,512.0,64.0,64.0,72.0,0.0,0.0,0.0,8.0,0.0
8,266,OMP,baseline,3240.0,768.0,2048.0,0.0,0.0,0.0,288.0,72.0,0.0,0.0,0.0,64.0,0.0
8,266,OMP,optimized,1744.0,768.0,0.0,256.0,512.0,64.0,64.0,72.0,0.0,0.0,0.0,8.0,0.0
8,267,OMP,baseline,3240.0,768.0,2048.0,0.0,0.0,0.0,288.0,72.0,0.0,0.0,0.0,64.0,0.0
8,267,OMP,optimized,1744.0,768.0,0.0,256.0,512.0,64.0,64.0,72.0,0.0,0.0,0.0,8.0,0.0
8,268,OMP,baseline,3240.0,768.0,2048.0,0.0,0.0,0.0,288.0,72.0,0.0,0.0,0.0,64.0,0.0
8,268,OMP,optimized,1744.0,768.0,0.0,256.0,512.0,64.0,64.0,72.0,0.0,0.0,0.0,8.0,0.0
8,269,OMP,baseline,3240.0,768.0,2048.0,0.0,0.0,0.0,288.0,72.0,0.0,0.0,0.0,64.0,0.0
8,269,OMP,optimized,1744.0,768.0,0.0,256.0,512.0,64.0,64.0,72.0,0.0,0.0,0.0,8.0,0.0
8,270,OMP,baseline,3240.0,768.0,2048.0,0.0,0.0,0.0,288.0,72.0,0.0,0.0,0.0,64.0,0.0
8,270,OMP,optimized,1744.0,768.0,0.0,256.0,512.0,64.0,64.0,72.0,0.0,0.0,0.0,8.0,0.0
8,271,OMP,baseline,3240.0,768.0,2048.0,0.0,0.0,0.0,288.0,72.0,0.0,0.0,0.0,64.0,0.0
8,271,OMP,optimized,1744.0,768.0,0.0,256.0,512.0,64.0,64.0,72.0,0.0,0.0,0.0,8.0,0.0
8,272,OMP,baseline,3240.0,768.0,2048.0,0.0,0.0,0.0,288.0,72.0,0.0,0.0,0.0,64.0,0.0
8,272,OMP,optimized,1744.0,768.0,0.0,256.0,512.0,64.0,64.0,72.0,0.0,0.0,0.0,8.0,0.0
8,273,OMP,baseline,3240.0,768.0,2048.0,0.0,0.0,0.0,288.0,72.0,0.0,0.0,0.0,64.0,0.0
8,273,OMP,optimized,1744.0,768.0,0.0,256.0,512.0,64.0,64.0,72.0,0.0,0.0,0.0,8.0,0.0
8,274,OMP,baseline,3240.0,768.0,2048.0,0.0,0.0,0.0,288.0,72.0,0.0,0.0,0.0,64.0,0.0
8,274,OMP,optimized,1744.0,768.0,0.0,256.0,512.0,64.0,64.0,72.0,0.0,0.0,0.0,8.0,0.0
8,275,OMP,baseline,3240.0,768.0,2048.0,0.0,0.0,0.0,288.0,72.0,0.0,0.0,0.0,64.0,0.0
8,275,OMP,optimized,1744.0,768.0,0.0,256.0,512.0,64.0,64.0,72.0,0.0,0.0,0.0,8.0,0.0
8,276,OMP,baseline,3240.0,768.0,2048.0,0.0,0.0,0.0,288.0,72.0,0.0,0.0,0.0,64.0,0.0
8,276,OMP,optimized,1744.0,768.0,0.0,256.0,512.0,64.0,64.0,72.0,0.0,0.0,0.0,8.0,0.0
8,277,OMP,baseline,3240.0,768.0,2048.0,0.0,0.0,0.0,288.0,72.0,0.0,0.0,0.0,64.0,0.0
8,277,OMP,optimized,1744.0,768.0,0.0,256.0,512.0,64.0,64.0,72.0,0.0,0.0,0.0,8.0,0.0
8,278,OMP,baseline,3240.0,768.0,2048.0,0.0,0.0,0.0,288.0,72.0,0.0,0.0,0.0,64.0,0.0
8,278,OMP,optimized,1744.0,768.0,0.0,256.0,512.0,64.0,64.0,72.0,0.0,0.0,0.0,8.0,0.0
8,279,OMP,baseline,3240.0,768.0,2048.0,0.0,0.0,0.0,288.0,72.0,0.0,0.0,0.0,64.0,0.0
8,279,OMP,optimized,1744.0,768.0,0.0,256.0,512.0,64.0,64.0,72.0,0.0,0.0,0.0,8.0,0.0
8,280,OMP,baseline,3240.0,768.0,2048.0,0.0,0.0,0.0,288.0,72.0,0.0,0.0,0.0,64.0,0.0
8,280,OMP,optimized,1744.0,768.0,0.0,256.0,512.0,64.0,64.0,72.0,0.0,0.0,0.0,8.0,0.0
8,281,OMP,baseline,3240.0,768.0,2048.0,0.0,0.0,0.0,288.0,72.0,0.0,0.0,0.0,64.0,0.0
8,281,OMP,optimized,1744.0,768.0,0.0,256.0,512.0,64.0,64.0,72.0,0.0,0.0,0.0,8.0,0.0
8,282,OMP,baseline,3240.0,768.0,2048.0,0.0,0.0,0.0,288.0,72.0,0.0,0.0,0.0,64.0,0.0
8,282,OMP,optimized,1744.0,768.0,0.0,256.0,512.0,64.0,64.0,72.0,0.0,0.0,0.0,8.0,0.0
8,283,OMP,baseline,3240.0,768.0,2048.0,0.0,0.0,0.0,288.0,72.0,0.0,0.0,0.0,64.0,0.0
8,283,OMP,optimized,1744.0,768.0,0.0,256.0,512.0,64.0,64.0,72.0,0.0,0.0,0.0,8.0,0.0
8,284,OMP,baseline,3240.0,768.0,2048.0,0.0,0.0,0.0,288.0,72.0,0.0,0.0,0.0,64.0,0.0
8,284,OMP,optimized,1744.0,768.0,0.0,256.0,512.0,64.0,64.0,72.0,0.0,0.0,0.0,8.0,0.0
8,285,OMP,baseline,3240.0,768.0,2048.0,0.0,0.0,0.0,288.0,72.0,0.0,0.0,0.0,64.0,0.0
8,285,OMP,optimized,1744.0,768.0,0.0,256.0,512.0,64.0,64.0,72.0,0.0,0.0,0.0,8.0,0.0
8,286,OMP,baseline,3240.0,768.0,2048.0,0.0,0.0,0.0,288.0,72.0,0.0,0.0,0.0,64.0,0.0
8,286,OMP,optimized,1744.0,768.0,0.0,256.0,512.0,64.0,64.0,72.0,0.0,0.0,0.0,8.0,0.0
8,287,OMP,baseline,3240.0,768.0,2048.0,0.0,0.0,0.0,288.0,72.0,0.0,0.0,0.0,64.0,0.0
8,287,OMP,optimized,1744.0,768.0,0.0,256.0,512.0,64.0,64.0,72.0,0.0,0.0,0.0,8.0,0.0
8,288,OMP,baseline,3240.0,768.0,2048.0,0.0,0.0,0.0,288.0,72.0,0.0,0.0,0.0,64.0,0.0
8,288,OMP,optimized,1744.0,768.0,0.0,256.0,512.0,64.0,64.0,72.0,0.0,0.0,0.0,8.0,0.0
8,289,OMP,baseline,3240.0,768.0,2048.0,0.0,0.0,0.0,288.0,72.0,0.0,0.0,0.0,64.0,0.0
8,289,OMP,optimized,1744.0,768.0,0.0,256.0,512.0,64.0,64.0,72.0,0.0,0.0,0.0,8.0,0.0
8,290,OMP,baseline,3240.0,768.0,2048.0,0.0,0.0,0.0,288.0,72.0,0.0,0.0,0.0,64.0,0.0
8,290,OMP,optimized,1744.0,768.0,0.0,256.0,512.0,64.0,64.0,72.0,0.0,0.0,0.0,8.0,0.0
8,291,OMP,baseline,3240.0,768.0,2048.0,0.0,0.0,0.0,288.0,72.0,0.0,0.0,0.0,64.0,0.0
8,291,OMP,optimized,1744.0,768.0,0.0,256.0,512.0,64.0,64.0,72.0,0.0,0.0,0.0,8.0,0.0
8,292,OMP,baseline,3240.0,768.0,2048.0,0.0,0.0,0.0,288.0,72.0,0.0,0.0,0.0,64.0,0.0
8,292,OMP,optimized,1744.0,768.0,0.0,256.0,512.0,64.0,64.0,72.0,0.0,0.0,0.0,8.0,0.0
8,293,OMP,baseline,3240.0,768.0,2048.0,0.0,0.0,0.0,288.0,72.0,0.0,0.0,0.0,64.0,0.0
8,293,OMP,optimized,1744.0,768.0,0.0,256.0,512.0,64.0,64.0,72.0,0.0,0.0,0.0,8.0,0.0
8,294,OMP,baseline,3240.0,768.0,2048.0,0.0,0.0,0.0,288.0,72.0,0.0,0.0,0.0,64.0,0.0
8,294,OMP,optimized,1744.0,768.0,0.0,256.0,512.0,64.0,64.0,72.0,0.0,0.0,0.0,8.0,0.0
8,295,OMP,baseline,3240.0,768.0,2048.0,0.0,0.0,0.0,288.0,72.0,0.0,0.0,0.0,64.0,0.0
8,295,OMP,optimized,1744.0,768.0,0.0,256.0,512.0,64.0,64.0,72.0,0.0,0.0,0.0,8.0,0.0
8,296,OMP,baseline,3240.0,768.0,2048.0,0.0,0.0,0.0,288.0,72.0,0.0,0.0,0.0,64.0,0.0
8,296,OMP,optimized,1744.0,768.0,0.0,256.0,512.0,64.0,64.0,72.0,0.0,0.0,0.0,8.0,0.0
8,297,OMP,baseline,3240.0,768.0,2048.0,0.0,0.0,0.0,288.0,72.0,0.0,0.0,0.0,64.0,0.0
8,297,OMP,optimized,1744.0,768.0,0.0,256.0,512.0,64.0,64.0,72.0,0.0,0.0,0.0,8.0,0.0
8,298,OMP,baseline,3240.0,768.0,2048.0,0.0,0.0,0.0,288.0,72.0,0.0,0.0,0.0,64.0,0.0
8,298,OMP,optimized,1744.0,768.0,0.0,256.0,512.0,64.0,64.0,72.0,0.0,0.0,0.0,8.0,0.0
8,299,OMP,baseline,3240.0,768.0,2048.0,0.0,0.0,0.0,288.0,72.0,0.0,0.0,0.0,64.0,0.0
8,299,OMP,optimized,1744.0,768.0,0.0,256.0,512.0,64.0,64.0,72.0,0.0,0.0,0.0,8.0,0.0
12,0,OMP,baseline,3640.0,768.0,2048.0,0.0,0.0,0.0,624.0,104.0,0.0,0.0,0.0,96.0,0.0
12,0,OMP,optimized,2480.0,768.0,0.0,256.0,1152.0,96.0,96.0,104.0,0.0,0.0,0.0,8.0,0.0
12,1,OMP,baseline,3640.0,768.0,2048.0,0.0,0.0,0.0,624.0,104.0,0.0,0.0,0.0,96.0,0.0
12,1,OMP,optimized,2480.0,768.0,0.0,256.0,1152.0,96.0,96.0,104.0,0.0,0.0,0.0,8.0,0.0
12,2,OMP,baseline,3640.0,768.0,2048.0,0.0,0.0,0.0,624.0,104.0,0.0,0.0,0.0,96.0,0.0
12,2,OMP,optimized,2480.0,768.0,0.0,256.0,1152.0,96.0,96.0,104.0,0.0,0.0,0.0,8.0,0.0
12,3,OMP,baseline,3640.0,768.0,2048.0,0.0,0.0,0.0,624.0,104.0,0.0,0.0,0.0,96.0,0.0
12,3,OMP,optimized,2480.0,768.0,0.0,256.0,1152.0,96.0,96.0,104.0,0.0,0.0,0.0,8.0,0.0
12,4,OMP,baseline,3640.0,768.0,2048.0,0.0,0.0,0.0,624.0,104.0,0.0,0.0,0.0,96.0,0.0
12,4,OMP,optimized,2480.0,768.0,0.0,256.0,1152.0,96.0,96.0,104.0,0.0,0.0,0.0,8.0,0.0
12,5,OMP,baseline,3640.0,768.0,2048.0,0.0,0.0,0.0,624.0,104.0,0.0,0.0,0.0,96.0,0.0
12,5,OMP,optimized,2480.0,768.0,0.0,256.0,1152.0,96.0,96.0,104.0,0.0,0.0,0.0,8.0,0.0
12,6,OMP,baseline,3640.0,768.0,2048.0,0.0,0.0,0.0,624.0,104.0,0.0,0.0,0.0,96.0,0.0
12,6,OMP,optimized,2480.0,768.0,0.0,256.0,1152.0,96.0,96.0,104.0,0.0,0.0,0.0,8.0,0.0
12,7,OMP,baseline,3640.0,768.0,2048.0,0.0,0.0,0.0,624.0,104.0,0.0,0.0,0.0,96.0,0.0
12,7,OMP,optimized,2480.0,768.0,0.0,256.0,1152.0,96.0,96.0,104.0,0.0,0.0,0.0,8.0,0.0
12,8,OMP,baseline,3640.0,768.0,2048.0,0.0,0.0,0.0,624.0,104.0,0.0,0.0,0.0,96.0,0.0
12,8,OMP,optimized,2480.0,768.0,0.0,256.0,1152.0,96.0,96.0,104.0,0.0,0.0,0.0,8.0,0.0
12,9,OMP,baseline,3640.0,768.0,2048.0,0.0,0.0,0.0,624.0,104.0,0.0,0.0,0.0,96.0,0.0
12,9,OMP,optimized,2480.0,768.0,0.0,256.0,1152.0,96.0,96.0,104.0,0.0,0.0,0.0,8.0,0.0
12,10,OMP,baseline,3640.0,768.0,2048.0,0.0,0.0,0.0,624.0,104.0,0.0,0.0,0.0,96.0,0.0
12,10,OMP,optimized,2480.0,768.0,0.0,256.0,1152.0,96.0,96.0,104.0,0.0,0.0,0.0,8.0,0.0
12,11,OMP,baseline,3640.0,768.0,2048.0,0.0,0.0,0.0,624.0,104.0,0.0,0.0,0.0,96.0,0.0
12,11,OMP,optimized,2480.0,768.0,0.0,256.0,1152.0,96.0,96.0,104.0,0.0,0.0,0.0,8.0,0.0
12,12,OMP,baseline,3640.0,768.0,2048.0,0.0,0.0,0.0,624.0,104.0,0.0,0.0,0.0,96.0,0.0
12,12,OMP,optimized,2480.0,768.0,0.0,256.0,1152.0,96.0,96.0,104.0,0.0,0.0,0.0,8.0,0.0
12,13,OMP,baseline,3640.0,768.0,2048.0,0.0,0.0,0.0,624.0,104.0,0.0,0.0,0.0,96.0,0.0
12,13,OMP,optimized,2480.0,768.0,0.0,256.0,1152.0,96.0,96.0,104.0,0.0,0.0,0.0,8.0,0.0
12,14,OMP,baseline,3640.0,768.0,2048.0,0.0,0.0,0.0,624.0,104.0,0.0,0.0,0.0,96.0,0.0
12,14,OMP,optimized,2480.0,768.0,0.0,256.0,1152.0,96.0,96.0,104.0,0.0,0.0,0.0,8.0,0.0
12,15,OMP,baseline,3640.0,768.0,2048.0,0.0,0.0,0.0,624.0,104.0,0.0,0.0,0.0,96.0,0.0
12,15,OMP,optimized,2480.0,768.0,0.0,256.0,1152.0,96.0,96.0,104.0,0.0,0.0,0.0,8.0,0.0
12,16,OMP,baseline,3640.0,768.0,2048.0,0.0,0.0,0.0,624.0,104.0,0.0,0.0,0.0,96.0,0.0
12,16,OMP,optimized,2480.0,768.0,0.0,256.0,1152.0,96.0,96.0,104.0,0.0,0.0,0.0,8.0,0.0
12,17,OMP,baseline,3640.0,768.0,2048.0,0.0,0.0,0.0,624.0,104.0,0.0,0.0,0.0,96.0,0.0
12,17,OMP,optimized,2480.0,768.0,0.0,256.0,1152.0,96.0,96.0,104.0,0.0,0.0,0.0,8.0,0.0
12,18,OMP,baseline,3640.0,768.0,2048.0,0.0,0.0,0.0,624.0,104.0,0.0,0.0,0.0,96.0,0.0
12,18,OMP,optimized,2480.0,768.0,0.0,256.0,1152.0,96.0,96.0,104.0,0.0,0.0,0.0,8.0,0.0
12,19,OMP,baseline,3640.0,768.0,2048.0,0.0,0.0,0.0,624.0,104.0,0.0,0.0,0.0,96.0,0.0
12,19,OMP,optimized,2480.0,768.0,0.0,256.0,1152.0,96.0,96.0,104.0,0.0,0.0,0.0,8.0,0.0
12,20,OMP,baseline,3640.0,768.0,2048.0,0.0,0.0,0.0,624.0,104.0,0.0,0.0,0.0,96.0,0.0
12,20,OMP,optimized,2480.0,768.0,0.0,256.0,1152.0,96.0,96.0,104.0,0.0,0.0,0.0,8.0,0.0
12,21,OMP,baseline,3640.0,768.0,2048.0,0.0,0.0,0.0,624.0,104.0,0.0,0.0,0.0,96.0,0.0
12,21,OMP,optimized,2480.0,768.0,0.0,256.0,1152.0,96.0,96.0,104.0,0.0,0.0,0.0,8.0,0.0
12,22,OMP,baseline,3640.0,768.0,2048.0,0.0,0.0,0.0,624.0,104.0,0.0,0.0,0.0,96.0,0.0
12,22,OMP,optimized,2480.0,768.0,0.0,256.0,1152.0,96.0,96.0,104.0,0.0,0.0,0.0,8.0,0.0
12,23,OMP,baseline,3640.0,768.0,2048.0,0.0,0.0,0.0,624.0,104.0,0.0,0.0,0.0,96.0,0.0
12,23,OMP,optimized,2480.0,768.0,0.0,256.0,1152.0,96.0,96.0,104.0,0.0,0.0,0.0,8.0,0.0
12,24,OMP,baseline,3640.0,768.0,2048.0,0.0,0.0,0.0,624.0,104.0,0.0,0.0,0.0,96.0,0.0
12,24,OMP,optimized,2480.0,768.0,0.0,256.0,1152.0,96.0,96.0,104.0,0.0,0.0,0.0,8.0,0.0
12,25,OMP,baseline,3640.0,768.0,2048.0,0.0,0.0,0.0,624.0,104.0,0.0,0.0,0.0,96.0,0.0
12,25,OMP,optimized,2480.0,768.0,0.0,256.0,1152.0,96.0,96.0,104.0,0.0,0.0,0.0,8.0,0.0
12,26,OMP,baseline,3640.0,768.0,2048.0,0.0,0.0,0.0,624.0,104.0,0.0,0.0,0.0,96.0,0.0
12,26,OMP,optimized,2480.0,768.0,0.0,256.0,1152.0,96.0,96.0,104.0,0.0,0.0,0.0,8.0,0.0
12,27,OMP,baseline,3640.0,768.0,2048.0,0.0,0.0,0.0,624.0,104.0,0.0,0.0,0.0,96.0,0.0
12,27,OMP,optimized,2480.0,768.0,0.0,256.0,1152.0,96.0,96.0,104.0,0.0,0.0,0.0,8.0,0.0
12,28,OMP,baseline,3640.0,768.0,2048.0,0.0,0.0,0.0,624.0,104.0,0.0,0.0,0.0,96.0,0.0
12,28,OMP,optimized,2480.0,768.0,0.0,256.0,1152.0,96.0,96.0,104.0,0.0,0.0,0.0,8.0,0.0
12,29,OMP,baseline,3640.0,768.0,2048.0,0.0,0.0,0.0,624.0,104.0,0.0,0.0,0.0,96.0,0.0
12,29,OMP,optimized,2480.0,768.0,0.0,256.0,1152.0,96.0,96.0,104.0,0.0,0.0,0.0,8.0,0.0
12,30,OMP,baseline,3640.0,768.0,2048.0,0.0,0.0,0.0,624.0,104.0,0.0,0.0,0.0,96.0,0.0
12,30,OMP,optimized,2480.0,768.0,0.0,256.0,1152.0,96.0,96.0,104.0,0.0,0.0,0.0,8.0,0.0
12,31,OMP,baseline,3640.0,768.0,2048.0,0.0,0.0,0.0,624.0,104.0,0.0,0.0,0.0,96.0,0.0
12,31,OMP,optimized,2480.0,768.0,0.0,256.0,1152.0,96.0,96.0,104.0,0.0,0.0,0.0,8.0,0.0
12,32,OMP,baseline,3640.0,768.0,2048.0,0.0,0.0,0.0,624.0,104.0,0.0,0.0,0.0,96.0,0.0
12,32,OMP,optimized,2480.0,768.0,0.0,256.0,1152.0,96.0,96.0,104.0,0.0,0.0,0.0,8.0,0.0
12,33,OMP,baseline,3640.0,768.0,2048.0,0.0,0.0,0.0,624.0,104.0,0.0,0.0,0.0,96.0,0.0
12,33,OMP,optimized,2480.0,768.0,0.0,256.0,1152.0,96.0,96.0,104.0,0.0,0.0,0.0,8.0,0.0
12,34,OMP,baseline,3640.0,768.0,2048.0,0.0,0.0,0.0,624.0,104.0,0.0,0.0,0.0,96.0,0.0
12,34,OMP,optimized,2480.0,768.0,0.0,256.0,1152.0,96.0,96.0,104.0,0.0,0.0,0.0,8.0,0.0
12,35,OMP,baseline,3640.0,768.0,2048.0,0.0,0.0,0.0,624.0,104.0,0.0,0.0,0.0,96.0,0.0
12,35,OMP,optimized,2480.0,768.0,0.0,256.0,1152.0,96.0,96.0,104.0,0.0,0.0,0.0,8.0,0.0
12,36,OMP,baseline,3640.0,768.0,2048.0,0.0,0.0,0.0,624.0,104.0,0.0,0.0,0.0,96.0,0.0
12,36,OMP,optimized,2480.0,768.0,0.0,256.0,1152.0,96.0,96.0,104.0,0.0,0.0,0.0,8.0,0.0
12,37,OMP,baseline,3640.0,768.0,2048.0,0.0,0.0,0.0,624.0,104.0,0.0,0.0,0.0,96.0,0.0
12,37,OMP,optimized,2480.0,768.0,0.0,256.0,1152.0,96.0,96.0,104.0,0.0,0.0,0.0,8.0,0.0
12,38,OMP,baseline,3640.0,768.0,2048.0,0.0,0.0,0.0,624.0,104.0,0.0,0.0,0.0,96.0,0.0
12,38,OMP,optimized,2480.0,768.0,0.0,256.0,1152.0,96.0,96.0,104.0,0.0,0.0,0.0,8.0,0.0
12,39,OMP,baseline,3640.0,768.0,2048.0,0.0,0.0,0.0,624.0,104.0,0.0,0.0,0.0,96.0,0.0
12,39,OMP,optimized,2480.0,768.0,0.0,256.0,1152.0,96.0,96.0,104.0,0.0,0.0,0.0,8.0,0.0
12,40,OMP,baseline,3640.0,768.0,2048.0,0.0,0.0,0.0,624.0,104.0,0.0,0.0,0.0,96.0,0.0
12,40,OMP,optimized,2480.0,768.0,0.0,256.0,1152.0,96.0,96.0,104.0,0.0,0.0,0.0,8.0,0.0
12,41,OMP,baseline,3640.0,768.0,2048.0,0.0,0.0,0.0,624.0,104.0,0.0,0.0,0.0,96.0,0.0
12,41,OMP,optimized,2480.0,768.0,0.0,256.0,1152.0,96.0,96.0,104.0,0.0,0.0,0.0,8.0,0.0
12,42,OMP,baseline,3640.0,768.0,2048.0,0.0,0.0,0.0,624.0,104.0,0.0,0.0,0.0,96.0,0.0
12,42,OMP,optimized,2480.0,768.0,0.0,256.0,1152.0,96.0,96.0,104.0,0.0,0.0,0.0,8.0,0.0
12,43,OMP,baseline,3640.0,768.0,2048.0,0.0,0.0,0.0,624.0,104.0,0.0,0.0,0.0,96.0,0.0
12,43,OMP,optimized,2480.0,768.0,0.0,256.0,1152.0,96.0,96.0,104.0,0.0,0.0,0.0,8.0,0.0
12,44,OMP,baseline,3640.0,768.0,2048.0,0.0,0.0,0.0,624.0,104.0,0.0,0.0,0.0,96.0,0.0
12,44,OMP,optimized,2480.0,768.0,0.0,256.0,1152.0,96.0,96.0,104.0,0.0,0.0,0.0,8.0,0.0
12,45,OMP,baseline,3640.0,768.0,2048.0,0.0,0.0,0.0,624.0,104.0,0.0,0.0,0.0,96.0,0.0
12,45,OMP,optimized,2480.0,768.0,0.0,256.0,1152.0,96.0,96.0,104.0,0.0,0.0,0.0,8.0,0.0
12,46,OMP,baseline,3640.0,768.0,2048.0,0.0,0.0,0.0,624.0,104.0,0.0,0.0,0.0,96.0,0.0
12,46,OMP,optimized,2480.0,768.0,0.0,256.0,1152.0,96.0,96.0,104.0,0.0,0.0,0.0,8.0,0.0
12,47,OMP,baseline,3640.0,768.0,2048.0,0.0,0.0,0.0,624.0,104.0,0.0,0.0,0.0,96.0,0.0
12,47,OMP,optimized,2480.0,768.0,0.0,256.0,1152.0,96.0,96.0,104.0,0.0,0.0,0.0,8.0,0.0
12,48,OMP,baseline,3640.0,768.0,2048.0,0.0,0.0,0.0,624.0,104.0,0.0,0.0,0.0,96.0,0.0
12,48,OMP,optimized,2480.0,768.0,0.0,256.0,1152.0,96.0,96.0,104.0,0.0,0.0,0.0,8.0,0.0
12,49,OMP,baseline,3640.0,768.0,2048.0,0.0,0.0,0.0,624.0,104.0,0.0,0.0,0.0,96.0,0.0
12,49,OMP,optimized,2480.0,768.0,0.0,256.0,1152.0,96.0,96.0,104.0,0.0,0.0,0.0,8.0,0.0
12,50,OMP,baseline,3640.0,768.0,2048.0,0.0,0.0,0.0,624.0,104.0,0.0,0.0,0.0,96.0,0.0
12,50,OMP,optimized,2480.0,768.0,0.0,256.0,1152.0,96.0,96.0,104.0,0.0,0.0,0.0,8.0,0.0
12,51,OMP,baseline,3640.0,768.0,2048.0,0.0,0.0,0.0,624.0,104.0,0.0,0.0,0.0,96.0,0.0
12,51,OMP,optimized,2480.0,768.0,0.0,256.0,1152.0,96.0,96.0,104.0,0.0,0.0,0.0,8.0,0.0
12,52,OMP,baseline,3640.0,768.0,2048.0,0.0,0.0,0.0,624.0,104.0,0.0,0.0,0.0,96.0,0.0
12,52,OMP,optimized,2480.0,768.0,0.0,256.0,1152.0,96.0,96.0,104.0,0.0,0.0,0.0,8.0,0.0
12,53,OMP,baseline,3640.0,768.0,2048.0,0.0,0.0,0.0,624.0,104.0,0.0,0.0,0.0,96.0,0.0
12,53,OMP,optimized,2480.0,768.0,0.0,256.0,1152.0,96.0,96.0,104.0,0.0,0.0,0.0,8.0,0.0
12,54,OMP,baseline,3640.0,768.0,2048.0,0.0,0.0,0.0,624.0,104.0,0.0,0.0,0.0,96.0,0.0
12,54,OMP,optimized,2480.0,768.0,0.0,256.0,1152.0,96.0,96.0,104.0,0.0,0.0,0.0,8.0,0.0
12,55,OMP,baseline,3640.0,768.0,2048.0,0.0,0.0,0.0,624.0,104.0,0.0,0.0,0.0,96.0,0.0
12,55,OMP,optimized,2480.0,768.0,0.0,256.0,1152.0,96.0,96.0,104.0,0.0,0.0,0.0,8.0,0.0
12,56,OMP,baseline,3640.0,768.0,2048.0,0.0,0.0,0.0,624.0,104.0,0.0,0.0,0.0,96.0,0.0
12,56,OMP,optimized,2480.0,768.0,0.0,256.0,1152.0,96.0,96.0,104.0,0.0,0.0,0.0,8.0,0.0
12,57,OMP,baseline,3640.0,768.0,2048.0,0.0,0.0,0.0,624.0,104.0,0.0,0.0,0.0,96.0,0.0
12,57,OMP,optimized,2480.0,768.0,0.0,256.0,1152.0,96.0,96.0,104.0,0.0,0.0,0.0,8.0,0.0
12,58,OMP,baseline,3640.0,768.0,2048.0,0.0,0.0,0.0,624.0,104.0,0.0,0.0,0.0,96.0,0.0
12,58,OMP,optimized,2480.0,768.0,0.0,256.0,1152.0,96.0,96.0,104.0,0.0,0.0,0.0,8.0,0.0
12,59,OMP,baseline,3640.0,768.0,2048.0,0.0,0.0,0.0,624.0,104.0,0.0,0.0,0.0,96.0,0.0
12,59,OMP,optimized,2480.0,768.0,0.0,256.0,1152.0,96.0,96.0,104.0,0.0,0.0,0.0,8.0,0.0
12,60,OMP,baseline,3640.0,768.0,2048.0,0.0,0.0,0.0,624.0,104.0,0.0,0.0,0.0,96.0,0.0
12,60,OMP,optimized,2480.0,768.0,0.0,256.0,1152.0,96.0,96.0,104.0,0.0,0.0,0.0,8.0,0.0
12,61,OMP,baseline,3640.0,768.0,2048.0,0.0,0.0,0.0,624.0,104.0,0.0,0.0,0.0,96.0,0.0
12,61,OMP,optimized,2480.0,768.0,0.0,256.0,1152.0,96.0,96.0,104.0,0.0,0.0,0.0,8.0,0.0
12,62,OMP,baseline,3640.0,768.0,2048.0,0.0,0.0,0.0,624.0,104.0,0.0,0.0,0.0,96.0,0.0
12,62,OMP,optimized,2480.0,768.0,0.0,256.0,1152.0,96.0,96.0,104.0,0.0,0.0,0.0,8.0,0.0
12,63,OMP,baseline,3640.0,768.0,2048.0,0.0,0.0,0.0,624.0,104.0,0.0,0.0,0.0,96.0,0.0
12,63,OMP,optimized,2480.0,768.0,0.0,256.0,1152.0,96.0,96.0,104.0,0.0,0.0,0.0,8.0,0.0
12,64,OMP,baseline,3640.0,768.0,2048.0,0.0,0.0,0.0,624.0,104.0,0.0,0.0,0.0,96.0,0.0
12,64,OMP,optimized,2480.0,768.0,0.0,256.0,1152.0,96.0,96.0,104.0,0.0,0.0,0.0,8.0,0.0
12,65,OMP,baseline,3640.0,768.0,2048.0,0.0,0.0,0.0,624.0,104.0,0.0,0.0,0.0,96.0,0.0
12,65,OMP,optimized,2480.0,768.0,0.0,256.0,1152.0,96.0,96.0,104.0,0.0,0.0,0.0,8.0,0.0
12,66,OMP,baseline,3640.0,768.0,2048.0,0.0,0.0,0.0,624.0,104.0,0.0,0.0,0.0,96.0,0.0
12,66,OMP,optimized,2480.0,768.0,0.0,256.0,1152.0,96.0,96.0,104.0,0.0,0.0,0.0,8.0,0.0
12,67,OMP,baseline,3640.0,768.0,2048.0,0.0,0.0,0.0,624.0,104.0,0.0,0.0,0.0,96.0,0.0
12,67,OMP,optimized,2480.0,768.0,0.0,256.0,1152.0,96.0,96.0,104.0,0.0,0.0,0.0,8.0,0.0
12,68,OMP,baseline,3640.0,768.0,2048.0,0.0,0.0,0.0,624.0,104.0,0.0,0.0,0.0,96.0,0.0
12,68,OMP,optimized,2480.0,768.0,0.0,256.0,1152.0,96.0,96.0,104.0,0.0,0.0,0.0,8.0,0.0
12,69,OMP,baseline,3640.0,768.0,2048.0,0.0,0.0,0.0,624.0,104.0,0.0,0.0,0.0,96.0,0.0
12,69,OMP,optimized,2480.0,768.0,0.0,256.0,1152.0,96.0,96.0,104.0,0.0,0.0,0.0,8.0,0.0
12,70,OMP,baseline,3640.0,768.0,2048.0,0.0,0.0,0.0,624.0,104.0,0.0,0.0,0.0,96.0,0.0
12,70,OMP,optimized,2480.0,768.0,0.0,256.0,1152.0,96.0,96.0,104.0,0.0,0.0,0.0,8.0,0.0
12,71,OMP,baseline,3640.0,768.0,2048.0,0.0,0.0,0.0,624.0,104.0,0.0,0.0,0.0,96.0,0.0
12,71,OMP,optimized,2480.0,768.0,0.0,256.0,1152.0,96.0,96.0,104.0,0.0,0.0,0.0,8.0,0.0
12,72,OMP,baseline,3640.0,768.0,2048.0,0.0,0.0,0.0,624.0,104.0,0.0,0.0,0.0,96.0,0.0
12,72,OMP,optimized,2480.0,768.0,0.0,256.0,1152.0,96.0,96.0,104.0,0.0,0.0,0.0,8.0,0.0
12,73,OMP,baseline,3640.0,768.0,2048.0,0.0,0.0,0.0,624.0,104.0,0.0,0.0,0.0,96.0,0.0
12,73,OMP,optimized,2480.0,768.0,0.0,256.0,1152.0,96.0,96.0,104.0,0.0,0.0,0.0,8.0,0.0
12,74,OMP,baseline,3640.0,768.0,2048.0,0.0,0.0,0.0,624.0,104.0,0.0,0.0,0.0,96.0,0.0
12,74,OMP,optimized,2480.0,768.0,0.0,256.0,1152.0,96.0,96.0,104.0,0.0,0.0,0.0,8.0,0.0
12,75,OMP,baseline,3640.0,768.0,2048.0,0.0,0.0,0.0,624.0,104.0,0.0,0.0,0.0,96.0,0.0
12,75,OMP,optimized,2480.0,768.0,0.0,256.0,1152.0,96.0,96.0,104.0,0.0,0.0,0.0,8.0,0.0
12,76,OMP,baseline,3640.0,768.0,2048.0,0.0,0.0,0.0,624.0,104.0,0.0,0.0,0.0,96.0,0.0
12,76,OMP,optimized,2480.0,768.0,0.0,256.0,1152.0,96.0,96.0,104.0,0.0,0.0,0.0,8.0,0.0
12,77,OMP,baseline,3640.0,768.0,2048.0,0.0,0.0,0.0,624.0,104.0,0.0,0.0,0.0,96.0,0.0
12,77,OMP,optimized,2480.0,768.0,0.0,256.0,1152.0,96.0,96.0,104.0,0.0,0.0,0.0,8.0,0.0
12,78,OMP,baseline,3640.0,768.0,2048.0,0.0,0.0,0.0,624.0,104.0,0.0,0.0,0.0,96.0,0.0
12,78,OMP,optimized,2480.0,768.0,0.0,256.0,1152.0,96.0,96.0,104.0,0.0,0.0,0.0,8.0,0.0
12,79,OMP,baseline,3640.0,768.0,2048.0,0.0,0.0,0.0,624.0,104.0,0.0,0.0,0.0,96.0,0.0
12,79,OMP,optimized,2480.0,768.0,0.0,256.0,1152.0,96.0,96.0,104.0,0.0,0.0,0.0,8.0,0.0
12,80,OMP,baseline,3640.0,768.0,2048.0,0.0,0.0,0.0,624.0,104.0,0.0,0.0,0.0,96.0,0.0
12,80,OMP,optimized,2480.0,768.0,0.0,256.0,1152.0,96.0,96.0,104.0,0.0,0.0,0.0,8.0,0.0
12,81,OMP,baseline,3640.0,768.0,2048.0,0.0,0.0,0.0,624.0,104.0,0.0,0.0,0.0,96.0,0.0
12,81,OMP,optimized,2480.0,768.0,0.0,256.0,1152.0,96.0,96.0,104.0,0.0,0.0,0.0,8.0,0.0
12,82,OMP,baseline,3640.0,768.0,2048.0,0.0,0.0,0.0,624.0,104.0,0.0,0.0,0.0,96.0,0.0
12,82,OMP,optimized,2480.0,768.0,0.0,256.0,1152.0,96.0,96.0,104.0,0.0,0.0,0.0,8.0,0.0
12,83,OMP,baseline,3640.0,768.0,2048.0,0.0,0.0,0.0,624.0,104.0,0.0,0.0,0.0,96.0,0.0
12,83,OMP,optimized,2480.0,768.0,0.0,256.0,1152.0,96.0,96.0,104.0,0.0,0.0,0.0,8.0,0.0
12,84,OMP,baseline,3640.0,768.0,2048.0,0.0,0.0,0.0,624.0,104.0,0.0,0.0,0.0,96.0,0.0
12,84,OMP,optimized,2480.0,768.0,0.0,256.0,1152.0,96.0,96.0,104.0,0.0,0.0,0.0,8.0,0.0
12,85,OMP,baseline,3640.0,768.0,2048.0,0.0,0.0,0.0,624.0,104.0,0.0,0.0,0.0,96.0,0.0
12,85,OMP,optimized,2480.0,768.0,0.0,256.0,1152.0,96.0,96.0,104.0,0.0,0.0,0.0,8.0,0.0
12,86,OMP,baseline,3640.0,768.0,2048.0,0.0,0.0,0.0,624.0,104.0,0.0,0.0,0.0,96.0,0.0
12,86,OMP,optimized,2480.0,768.0,0.0,256.0,1152.0,96.0,96.0,104.0,0.0,0.0,0.0,8.0,0.0
12,87,OMP,baseline,3640.0,768.0,2048.0,0.0,0.0,0.0,624.0,104.0,0.0,0.0,0.0,96.0,0.0
12,87,OMP,optimized,2480.0,768.0,0.0,256.0,1152.0,96.0,96.0,104.0,0.0,0.0,0.0,8.0,0.0
12,88,OMP,baseline,3640.0,768.0,2048.0,0.0,0.0,0.0,624.0,104.0,0.0,0.0,0.0,96.0,0.0
12,88,OMP,optimized,2480.0,768.0,0.0,256.0,1152.0,96.0,96.0,104.0,0.0,0.0,0.0,8.0,0.0
12,89,OMP,baseline,3640.0,768.0,2048.0,0.0,0.0,0.0,624.0,104.0,0.0,0.0,0.0,96.0,0.0
12,89,OMP,optimized,2480.0,768.0,0.0,256.0,1152.0,96.0,96.0,104.0,0.0,0.0,0.0,8.0,0.0
12,90,OMP,baseline,3640.0,768.0,2048.0,0.0,0.0,0.0,624.0,104.0,0.0,0.0,0.0,96.0,0.0
12,90,OMP,optimized,2480.0,768.0,0.0,256.0,1152.0,96.0,96.0,104.0,0.0,0.0,0.0,8.0,0.0
12,91,OMP,baseline,3640.0,768.0,2048.0,0.0,0.0,0.0,624.0,104.0,0.0,0.0,0.0,96.0,0.0
12,91,OMP,optimized,2480.0,768.0,0.0,256.0,1152.0,96.0,96.0,104.0,0.0,0.0,0.0,8.0,0.0
12,92,OMP,baseline,3640.0,768.0,2048.0,0.0,0.0,0.0,624.0,104.0,0.0,0.0,0.0,96.0,0.0
12,92,OMP,optimized,2480.0,768.0,0.0,256.0,1152.0,96.0,96.0,104.0,0.0,0.0,0.0,8.0,0.0
12,93,OMP,baseline,3640.0,768.0,2048.0,0.0,0.0,0.0,624.0,104.0,0.0,0.0,0.0,96.0,0.0
12,93,OMP,optimized,2480.0,768.0,0.0,256.0,1152.0,96.0,96.0,104.0,0.0,0.0,0.0,8.0,0.0
12,94,OMP,baseline,3640.0,768.0,2048.0,0.0,0.0,0.0,624.0,104.0,0.0,0.0,0.0,96.0,0.0
12,94,OMP,optimized,2480.0,768.0,0.0,256.0,1152.0,96.0,96.0,104.0,0.0,0.0,0.0,8.0,0.0
12,95,OMP,baseline,3640.0,768.0,2048.0,0.0,0.0,0.0,624.0,104.0,0.0,0.0,0.0,96.0,0.0
12,95,OMP,optimized,2480.0,768.0,0.0,256.0,1152.0,96.0,96.0,104.0,0.0,0.0,0.0,8.0,0.0
12,96,OMP,baseline,3640.0,768.0,2048.0,0.0,0.0,0.0,624.0,104.0,0.0,0.0,0.0,96.0,0.0
12,96,OMP,optimized,2480.0,768.0,0.0,256.0,1152.0,96.0,96.0,104.0,0.0,0.0,0.0,8.0,0.0
12,97,OMP,baseline,3640.0,768.0,2048.0,0.0,0.0,0.0,624.0,104.0,0.0,0.0,0.0,96.0,0.0
12,97,OMP,optimized,2480.0,768.0,0.0,256.0,1152.0,96.0,96.0,104.0,0.0,0.0,0.0,8.0,0.0
12,98,OMP,baseline,3640.0,768.0,2048.0,0.0,0.0,0.0,624.0,104.0,0.0,0.0,0.0,96.0,0.0
12,98,OMP,optimized,2480.0,768.0,0.0,256.0,1152.0,96.0,96.0,104.0,0.0,0.0,0.0,8.0,0.0
12,99,OMP,baseline,3640.0,768.0,2048.0,0.0,0.0,0.0,624.0,104.0,0.0,0.0,0.0,96.0,0.0
12,99,OMP,optimized,2480.0,768.0,0.0,256.0,1152.0,96.0,96.0,104.0,0.0,0.0,0.0,8.0,0.0
12,100,OMP,baseline,3640.0,768.0,2048.0,0.0,0.0,0.0,624.0,104.0,0.0,0.0,0.0,96.0,0.0
12,100,OMP,optimized,2480.0,768.0,0.0,256.0,1152.0,96.0,96.0,104.0,0.0,0.0,0.0,8.0,0.0
12,101,OMP,baseline,3640.0,768.0,2048.0,0.0,0.0,0.0,624.0,104.0,0.0,0.0,0.0,96.0,0.0
12,101,OMP,optimized,2480.0,768.0,0.0,256.0,1152.0,96.0,96.0,104.0,0.0,0.0,0.0,8.0,0.0
12,102,OMP,baseline,3640.0,768.0,2048.0,0.0,0.0,0.0,624.0,104.0,0.0,0.0,0.0,96.0,0.0
12,102,OMP,optimized,2480.0,768.0,0.0,256.0,1152.0,96.0,96.0,104.0,0.0,0.0,0.0,8.0,0.0
12,103,OMP,baseline,3640.0,768.0,2048.0,0.0,0.0,0.0,624.0,104.0,0.0,0.0,0.0,96.0,0.0
12,103,OMP,optimized,2480.0,768.0,0.0,256.0,1152.0,96.0,96.0,104.0,0.0,0.0,0.0,8.0,0.0
12,104,OMP,baseline,3640.0,768.0,2048.0,0.0,0.0,0.0,624.0,104.0,0.0,0.0,0.0,96.0,0.0
12,104,OMP,optimized,2480.0,768.0,0.0,256.0,1152.0,96.0,96.0,104.0,0.0,0.0,0.0,8.0,0.0
12,105,OMP,baseline,3640.0,768.0,2048.0,0.0,0.0,0.0,624.0,104.0,0.0,0.0,0.0,96.0,0.0
12,105,OMP,optimized,2480.0,768.0,0.0,256.0,1152.0,96.0,96.0,104.0,0.0,0.0,0.0,8.0,0.0
12,106,OMP,baseline,3640.0,768.0,2048.0,0.0,0.0,0.0,624.0,104.0,0.0,0.0,0.0,96.0,0.0
12,106,OMP,optimized,2480.0,768.0,0.0,256.0,1152.0,96.0,96.0,104.0,0.0,0.0,0.0,8.0,0.0
12,107,OMP,baseline,3640.0,768.0,2048.0,0.0,0.0,0.0,624.0,104.0,0.0,0.0,0.0,96.0,0.0
12,107,OMP,optimized,2480.0,768.0,0.0,256.0,1152.0,96.0,96.0,104.0,0.0,0.0,0.0,8.0,0.0
12,108,OMP,baseline,3640.0,768.0,2048.0,0.0,0.0,0.0,624.0,104.0,0.0,0.0,0.0,96.0,0.0
12,108,OMP,optimized,2480.0,768.0,0.0,256.0,1152.0,96.0,96.0,104.0,0.0,0.0,0.0,8.0,0.0
12,109,OMP,baseline,3640.0,768.0,2048.0,0.0,0.0,0.0,624.0,104.0,0.0,0.0,0.0,96.0,0.0
12,109,OMP,optimized,2480.0,768.0,0.0,256.0,1152.0,96.0,96.0,104.0,0.0,0.0,0.0,8.0,0.0
12,110,OMP,baseline,3640.0,768.0,2048.0,0.0,0.0,0.0,624.0,104.0,0.0,0.0,0.0,96.0,0.0
12,110,OMP,optimized,2480.0,768.0,0.0,256.0,1152.0,96.0,96.0,104.0,0.0,0.0,0.0,8.0,0.0
12,111,OMP,baseline,3640.0,768.0,2048.0,0.0,0.0,0.0,624.0,104.0,0.0,0.0,0.0,96.0,0.0
12,111,OMP,optimized,2480.0,768.0,0.0,256.0,1152.0,96.0,96.0,104.0,0.0,0.0,0.0,8.0,0.0
12,112,OMP,baseline,3640.0,768.0,2048.0,0.0,0.0,0.0,624.0,104.0,0.0,0.0,0.0,96.0,0.0
12,112,OMP,optimized,2480.0,768.0,0.0,256.0,1152.0,96.0,96.0,104.0,0.0,0.0,0.0,8.0,0.0
12,113,OMP,baseline,3640.0,768.0,2048.0,0.0,0.0,0.0,624.0,104.0,0.0,0.0,0.0,96.0,0.0
12,113,OMP,optimized,2480.0,768.0,0.0,256.0,1152.0,96.0,96.0,104.0,0.0,0.0,0.0,8.0,0.0
12,114,OMP,baseline,3640.0,768.0,2048.0,0.0,0.0,0.0,624.0,104.0,0.0,0.0,0.0,96.0,0.0
12,114,OMP,optimized,2480.0,768.0,0.0,256.0,1152.0,96.0,96.0,104.0,0.0,0.0,0.0,8.0,0.0
12,115,OMP,baseline,3640.0,768.0,2048.0,0.0,0.0,0.0,624.0,104.0,0.0,0.0,0.0,96.0,0.0
12,115,OMP,optimized,2480.0,768.0,0.0,256.0,1152.0,96.0,96.0,104.0,0.0,0.0,0.0,8.0,0.0
12,116,OMP,baseline,3640.0,768.0,2048.0,0.0,0.0,0.0,624.0,104.0,0.0,0.0,0.0,96.0,0.0
12,116,OMP,optimized,2480.0,768.0,0.0,256.0,1152.0,96.0,96.0,104.0,0.0,0.0,0.0,8.0,0.0
12,117,OMP,baseline,3640.0,768.0,2048.0,0.0,0.0,0.0,624.0,104.0,0.0,0.0,0.0,96.0,0.0
12,117,OMP,optimized,2480.0,768.0,0.0,256.0,1152.0,96.0,96.0,104.0,0.0,0.0,0.0,8.0,0.0
12,118,OMP,baseline,3640.0,768.0,2048.0,0.0,0.0,0.0,624.0,104.0,0.0,0.0,0.0,96.0,0.0
12,118,OMP,optimized,2480.0,768.0,0.0,256.0,1152.0,96.0,96.0,104.0,0.0,0.0,0.0,8.0,0.0
12,119,OMP,baseline,3640.0,768.0,2048.0,0.0,0.0,0.0,624.0,104.0,0.0,0.0,0.0,96.0,0.0
12,119,OMP,optimized,2480.0,768.0,0.0,256.0,1152.0,96.0,96.0,104.0,0.0,0.0,0.0,8.0,0.0
12,120,OMP,baseline,3640.0,768.0,2048.0,0.0,0.0,0.0,624.0,104.0,0.0,0.0,0.0,96.0,0.0
12,120,OMP,optimized,2480.0,768.0,0.0,256.0,1152.0,96.0,96.0,104.0,0.0,0.0,0.0,8.0,0.0
12,121,OMP,baseline,3640.0,768.0,2048.0,0.0,0.0,0.0,624.0,104.0,0.0,0.0,0.0,96.0,0.0
12,121,OMP,optimized,2480.0,768.0,0.0,256.0,1152.0,96.0,96.0,104.0,0.0,0.0,0.0,8.0,0.0
12,122,OMP,baseline,3640.0,768.0,2048.0,0.0,0.0,0.0,624.0,104.0,0.0,0.0,0.0,96.0,0.0
12,122,OMP,optimized,2480.0,768.0,0.0,256.0,1152.0,96.0,96.0,104.0,0.0,0.0,0.0,8.0,0.0
12,123,OMP,baseline,3640.0,768.0,2048.0,0.0,0.0,0.0,624.0,104.0,0.0,0.0,0.0,96.0,0.0
12,123,OMP,optimized,2480.0,768.0,0.0,256.0,1152.0,96.0,96.0,104.0,0.0,0.0,0.0,8.0,0.0
12,124,OMP,baseline,3640.0,768.0,2048.0,0.0,0.0,0.0,624.0,104.0,0.0,0.0,0.0,96.0,0.0
12,124,OMP,optimized,2480.0,768.0,0.0,256.0,1152.0,96.0,96.0,104.0,0.0,0.0,0.0,8.0,0.0
12,125,OMP,baseline,3640.0,768.0,2048.0,0.0,0.0,0.0,624.0,104.0,0.0,0.0,0.0,96.0,0.0
12,125,OMP,optimized,2480.0,768.0,0.0,256.0,1152.0,96.0,96.0,104.0,0.0,0.0,0.0,8.0,0.0
12,126,OMP,baseline,3640.0,768.0,2048.0,0.0,0.0,0.0,624.0,104.0,0.0,0.0,0.0,96.0,0.0
12,126,OMP,optimized,2480.0,768.0,0.0,256.0,1152.0,96.0,96.0,104.0,0.0,0.0,0.0,8.0,0.0
12,127,OMP,baseline,3640.0,768.0,2048.0,0.0,0.0,0.0,624.0,104.0,0.0,0.0,0.0,96.0,0.0
12,127,OMP,optimized,2480.0,768.0,0.0,256.0,1152.0,96.0,96.0,104.0,0.0,0.0,0.0,8.0,0.0
12,128,OMP,baseline,3640.0,768.0,2048.0,0.0,0.0,0.0,624.0,104.0,0.0,0.0,0.0,96.0,0.0
12,128,OMP,optimized,2480.0,768.0,0.0,256.0,1152.0,96.0,96.0,104.0,0.0,0.0,0.0,8.0,0.0
12,129,OMP,baseline,3640.0,768.0,2048.0,0.0,0.0,0.0,624.0,104.0,0.0,0.0,0.0,96.0,0.0
12,129,OMP,optimized,2480.0,768.0,0.0,256.0,1152.0,96.0,96.0,104.0,0.0,0.0,0.0,8.0,0.0
12,130,OMP,baseline,3640.0,768.0,2048.0,0.0,0.0,0.0,624.0,104.0,0.0,0.0,0.0,96.0,0.0
12,130,OMP,optimized,2480.0,768.0,0.0,256.0,1152.0,96.0,96.0,104.0,0.0,0.0,0.0,8.0,0.0
12,131,OMP,baseline,3640.0,768.0,2048.0,0.0,0.0,0.0,624.0,104.0,0.0,0.0,0.0,96.0,0.0
12,131,OMP,optimized,2480.0,768.0,0.0,256.0,1152.0,96.0,96.0,104.0,0.0,0.0,0.0,8.0,0.0
12,132,OMP,baseline,3640.0,768.0,2048.0,0.0,0.0,0.0,624.0,104.0,0.0,0.0,0.0,96.0,0.0
12,132,OMP,optimized,2480.0,768.0,0.0,256.0,1152.0,96.0,96.0,104.0,0.0,0.0,0.0,8.0,0.0
12,133,OMP,baseline,3640.0,768.0,2048.0,0.0,0.0,0.0,624.0,104.0,0.0,0.0,0.0,96.0,0.0
12,133,OMP,optimized,2480.0,768.0,0.0,256.0,1152.0,96.0,96.0,104.0,0.0,0.0,0.0,8.0,0.0
12,134,OMP,baseline,3640.0,768.0,2048.0,0.0,0.0,0.0,624.0,104.0,0.0,0.0,0.0,96.0,0.0
12,134,OMP,optimized,2480.0,768.0,0.0,256.0,1152.0,96.0,96.0,104.0,0.0,0.0,0.0,8.0,0.0
12,135,OMP,baseline,3640.0,768.0,2048.0,0.0,0.0,0.0,624.0,104.0,0.0,0.0,0.0,96.0,0.0
12,135,OMP,optimized,2480.0,768.0,0.0,256.0,1152.0,96.0,96.0,104.0,0.0,0.0,0.0,8.0,0.0
12,136,OMP,baseline,3640.0,768.0,2048.0,0.0,0.0,0.0,624.0,104.0,0.0,0.0,0.0,96.0,0.0
12,136,OMP,optimized,2480.0,768.0,0.0,256.0,1152.0,96.0,96.0,104.0,0.0,0.0,0.0,8.0,0.0
12,137,OMP,baseline,3640.0,768.0,2048.0,0.0,0.0,0.0,624.0,104.0,0.0,0.0,0.0,96.0,0.0
12,137,OMP,optimized,2480.0,768.0,0.0,256.0,1152.0,96.0,96.0,104.0,0.0,0.0,0.0,8.0,0.0
12,138,OMP,baseline,3640.0,768.0,2048.0,0.0,0.0,0.0,624.0,104.0,0.0,0.0,0.0,96.0,0.0
12,138,OMP,optimized,2480.0,768.0,0.0,256.0,1152.0,96.0,96.0,104.0,0.0,0.0,0.0,8.0,0.0
12,139,OMP,baseline,3640.0,768.0,2048.0,0.0,0.0,0.0,624.0,104.0,0.0,0.0,0.0,96.0,0.0
12,139,OMP,optimized,2480.0,768.0,0.0,256.0,1152.0,96.0,96.0,104.0,0.0,0.0,0.0,8.0,0.0
12,140,OMP,baseline,3640.0,768.0,2048.0,0.0,0.0,0.0,624.0,104.0,0.0,0.0,0.0,96.0,0.0
12,140,OMP,optimized,2480.0,768.0,0.0,256.0,1152.0,96.0,96.0,104.0,0.0,0.0,0.0,8.0,0.0
12,141,OMP,baseline,3640.0,768.0,2048.0,0.0,0.0,0.0,624.0,104.0,0.0,0.0,0.0,96.0,0.0
12,141,OMP,optimized,2480.0,768.0,0.0,256.0,1152.0,96.0,96.0,104.0,0.0,0.0,0.0,8.0,0.0
12,142,OMP,baseline,3640.0,768.0,2048.0,0.0,0.0,0.0,624.0,104.0,0.0,0.0,0.0,96.0,0.0
12,142,OMP,optimized,2480.0,768.0,0.0,256.0,1152.0,96.0,96.0,104.0,0.0,0.0,0.0,8.0,0.0
12,143,OMP,baseline,3640.0,768.0,2048.0,0.0,0.0,0.0,624.0,104.0,0.0,0.0,0.0,96.0,0.0
12,143,OMP,optimized,2480.0,768.0,0.0,256.0,1152.0,96.0,96.0,104.0,0.0,0.0,0.0,8.0,0.0
12,144,OMP,baseline,3640.0,768.0,2048.0,0.0,0.0,0.0,624.0,104.0,0.0,0.0,0.0,96.0,0.0
12,144,OMP,optimized,2480.0,768.0,0.0,256.0,1152.0,96.0,96.0,104.0,0.0,0.0,0.0,8.0,0.0
12,145,OMP,baseline,3640.0,768.0,2048.0,0.0,0.0,0.0,624.0,104.0,0.0,0.0,0.0,96.0,0.0
12,145,OMP,optimized,2480.0,768.0,0.0,256.0,1152.0,96.0,96.0,104.0,0.0,0.0,0.0,8.0,0.0
12,146,OMP,baseline,3640.0,768.0,2048.0,0.0,0.0,0.0,624.0,104.0,0.0,0.0,0.0,96.0,0.0
12,146,OMP,optimized,2480.0,768.0,0.0,256.0,1152.0,96.0,96.0,104.0,0.0,0.0,0.0,8.0,0.0
12,147,OMP,baseline,3640.0,768.0,2048.0,0.0,0.0,0.0,624.0,104.0,0.0,0.0,0.0,96.0,0.0
12,147,OMP,optimized,2480.0,768.0,0.0,256.0,1152.0,96.0,96.0,104.0,0.0,0.0,0.0,8.0,0.0
12,148,OMP,baseline,3640.0,768.0,2048.0,0.0,0.0,0.0,624.0,104.0,0.0,0.0,0.0,96.0,0.0
12,148,OMP,optimized,2480.0,768.0,0.0,256.0,1152.0,96.0,96.0,104.0,0.0,0.0,0.0,8.0,0.0
12,149,OMP,baseline,3640.0,768.0,2048.0,0.0,0.0,0.0,624.0,104.0,0.0,0.0,0.0,96.0,0.0
12,149,OMP,optimized,2480.0,768.0,0.0,256.0,1152.0,96.0,96.0,104.0,0.0,0.0,0.0,8.0,0.0
12,150,OMP,baseline,3640.0,768.0,2048.0,0.0,0.0,0.0,624.0,104.0,0.0,0.0,0.0,96.0,0.0
12,150,OMP,optimized,2480.0,768.0,0.0,256.0,1152.0,96.0,96.0,104.0,0.0,0.0,0.0,8.0,0.0
12,151,OMP,baseline,3640.0,768.0,2048.0,0.0,0.0,0.0,624.0,104.0,0.0,0.0,0.0,96.0,0.0
12,151,OMP,optimized,2480.0,768.0,0.0,256.0,1152.0,96.0,96.0,104.0,0.0,0.0,0.0,8.0,0.0
12,152,OMP,baseline,3640.0,768.0,2048.0,0.0,0.0,0.0,624.0,104.0,0.0,0.0,0.0,96.0,0.0
12,152,OMP,optimized,2480.0,768.0,0.0,256.0,1152.0,96.0,96.0,104.0,0.0,0.0,0.0,8.0,0.0
12,153,OMP,baseline,3640.0,768.0,2048.0,0.0,0.0,0.0,624.0,104.0,0.0,0.0,0.0,96.0,0.0
12,153,OMP,optimized,2480.0,768.0,0.0,256.0,1152.0,96.0,96.0,104.0,0.0,0.0,0.0,8.0,0.0
12,154,OMP,baseline,3640.0,768.0,2048.0,0.0,0.0,0.0,624.0,104.0,0.0,0.0,0.0,96.0,0.0
12,154,OMP,optimized,2480.0,768.0,0.0,256.0,1152.0,96.0,96.0,104.0,0.0,0.0,0.0,8.0,0.0
12,155,OMP,baseline,3640.0,768.0,2048.0,0.0,0.0,0.0,624.0,104.0,0.0,0.0,0.0,96.0,0.0
12,155,OMP,optimized,2480.0,768.0,0.0,256.0,1152.0,96.0,96.0,104.0,0.0,0.0,0.0,8.0,0.0
12,156,OMP,baseline,3640.0,768.0,2048.0,0.0,0.0,0.0,624.0,104.0,0.0,0.0,0.0,96.0,0.0
12,156,OMP,optimized,2480.0,768.0,0.0,256.0,1152.0,96.0,96.0,104.0,0.0,0.0,0.0,8.0,0.0
12,157,OMP,baseline,3640.0,768.0,2048.0,0.0,0.0,0.0,624.0,104.0,0.0,0.0,0.0,96.0,0.0
12,157,OMP,optimized,2480.0,768.0,0.0,256.0,1152.0,96.0,96.0,104.0,0.0,0.0,0.0,8.0,0.0
12,158,OMP,baseline,3640.0,768.0,2048.0,0.0,0.0,0.0,624.0,104.0,0.0,0.0,0.0,96.0,0.0
12,158,OMP,optimized,2480.0,768.0,0.0,256.0,1152.0,96.0,96.0,104.0,0.0,0.0,0.0,8.0,0.0
12,159,OMP,baseline,3640.0,768.0,2048.0,0.0,0.0,0.0,624.0,104.0,0.0,0.0,0.0,96.0,0.0
12,159,OMP,optimized,2480.0,768.0,0.0,256.0,1152.0,96.0,96.0,104.0,0.0,0.0,0.0,8.0,0.0
12,160,OMP,baseline,3640.0,768.0,2048.0,0.0,0.0,0.0,624.0,104.0,0.0,0.0,0.0,96.0,0.0
12,160,OMP,optimized,2480.0,768.0,0.0,256.0,1152.0,96.0,96.0,104.0,0.0,0.0,0.0,8.0,0.0
12,161,OMP,baseline,3640.0,768.0,2048.0,0.0,0.0,0.0,624.0,104.0,0.0,0.0,0.0,96.0,0.0
12,161,OMP,optimized,2480.0,768.0,0.0,256.0,1152.0,96.0,96.0,104.0,0.0,0.0,0.0,8.0,0.0
12,162,OMP,baseline,3640.0,768.0,2048.0,0.0,0.0,0.0,624.0,104.0,0.0,0.0,0.0,96.0,0.0
12,162,OMP,optimized,2480.0,768.0,0.0,256.0,1152.0,96.0,96.0,104.0,0.0,0.0,0.0,8.0,0.0
12,163,OMP,baseline,3640.0,768.0,2048.0,0.0,0.0,0.0,624.0,104.0,0.0,0.0,0.0,96.0,0.0
12,163,OMP,optimized,2480.0,768.0,0.0,256.0,1152.0,96.0,96.0,104.0,0.0,0.0,0.0,8.0,0.0
12,164,OMP,baseline,3640.0,768.0,2048.0,0.0,0.0,0.0,624.0,104.0,0.0,0.0,0.0,96.0,0.0
12,164,OMP,optimized,2480.0,768.0,0.0,256.0,1152.0,96.0,96.0,104.0,0.0,0.0,0.0,8.0,0.0
12,165,OMP,baseline,3640.0,768.0,2048.0,0.0,0.0,0.0,624.0,104.0,0.0,0.0,0.0,96.0,0.0
12,165,OMP,optimized,2480.0,768.0,0.0,256.0,1152.0,96.0,96.0,104.0,0.0,0.0,0.0,8.0,0.0
12,166,OMP,baseline,3640.0,768.0,2048.0,0.0,0.0,0.0,624.0,104.0,0.0,0.0,0.0,96.0,0.0
12,166,OMP,optimized,2480.0,768.0,0.0,256.0,1152.0,96.0,96.0,104.0,0.0,0.0,0.0,8.0,0.0
12,167,OMP,baseline,3640.0,768.0,2048.0,0.0,0.0,0.0,624.0,104.0,0.0,0.0,0.0,96.0,0.0
12,167,OMP,optimized,2480.0,768.0,0.0,256.0,1152.0,96.0,96.0,104.0,0.0,0.0,0.0,8.0,0.0
12,168,OMP,baseline,3640.0,768.0,2048.0,0.0,0.0,0.0,624.0,104.0,0.0,0.0,0.0,96.0,0.0
12,168,OMP,optimized,2480.0,768.0,0.0,256.0,1152.0,96.0,96.0,104.0,0.0,0.0,0.0,8.0,0.0
12,169,OMP,baseline,3640.0,768.0,2048.0,0.0,0.0,0.0,624.0,104.0,0.0,0.0,0.0,96.0,0.0
12,169,OMP,optimized,2480.0,768.0,0.0,256.0,1152.0,96.0,96.0,104.0,0.0,0.0,0.0,8.0,0.0
12,170,OMP,baseline,3640.0,768.0,2048.0,0.0,0.0,0.0,624.0,104.0,0.0,0.0,0.0,96.0,0.0
12,170,OMP,optimized,2480.0,768.0,0.0,256.0,1152.0,96.0,96.0,104.0,0.0,0.0,0.0,8.0,0.0
12,171,OMP,baseline,3640.0,768.0,2048.0,0.0,0.0,0.0,624.0,104.0,0.0,0.0,0.0,96.0,0.0
12,171,OMP,optimized,2480.0,768.0,0.0,256.0,1152.0,96.0,96.0,104.0,0.0,0.0,0.0,8.0,0.0
12,172,OMP,baseline,3640.0,768.0,2048.0,0.0,0.0,0.0,624.0,104.0,0.0,0.0,0.0,96.0,0.0
12,172,OMP,optimized,2480.0,768.0,0.0,256.0,1152.0,96.0,96.0,104.0,0.0,0.0,0.0,8.0,0.0
12,173,OMP,baseline,3640.0,768.0,2048.0,0.0,0.0,0.0,624.0,104.0,0.0,0.0,0.0,96.0,0.0
12,173,OMP,optimized,2480.0,768.0,0.0,256.0,1152.0,96.0,96.0,104.0,0.0,0.0,0.0,8.0,0.0
12,174,OMP,baseline,3640.0,768.0,2048.0,0.0,0.0,0.0,624.0,104.0,0.0,0.0,0.0,96.0,0.0
12,174,OMP,optimized,2480.0,768.0,0.0,256.0,1152.0,96.0,96.0,104.0,0.0,0.0,0.0,8.0,0.0
12,175,OMP,baseline,3640.0,768.0,2048.0,0.0,0.0,0.0,624.0,104.0,0.0,0.0,0.0,96.0,0.0
12,175,OMP,optimized,2480.0,768.0,0.0,256.0,1152.0,96.0,96.0,104.0,0.0,0.0,0.0,8.0,0.0
12,176,OMP,baseline,3640.0,768.0,2048.0,0.0,0.0,0.0,624.0,104.0,0.0,0.0,0.0,96.0,0.0
12,176,OMP,optimized,2480.0,768.0,0.0,256.0,1152.0,96.0,96.0,104.0,0.0,0.0,0.0,8.0,0.0
12,177,OMP,baseline,3640.0,768.0,2048.0,0.0,0.0,0.0,624.0,104.0,0.0,0.0,0.0,96.0,0.0
12,177,OMP,optimized,2480.0,768.0,0.0,256.0,1152.0,96.0,96.0,104.0,0.0,0.0,0.0,8.0,0.0
12,178,OMP,baseline,3640.0,768.0,2048.0,0.0,0.0,0.0,624.0,104.0,0.0,0.0,0.0,96.0,0.0
12,178,OMP,optimized,2480.0,768.0,0.0,256.0,1152.0,96.0,96.0,104.0,0.0,0.0,0.0,8.0,0.0
12,179,OMP,baseline,3640.0,768.0,2048.0,0.0,0.0,0.0,624.0,104.0,0.0,0.0,0.0,96.0,0.0
12,179,OMP,optimized,2480.0,768.0,0.0,256.0,1152.0,96.0,96.0,104.0,0.0,0.0,0.0,8.0,0.0
12,180,OMP,baseline,3640.0,768.0,2048.0,0.0,0.0,0.0,624.0,104.0,0.0,0.0,0.0,96.0,0.0
12,180,OMP,optimized,2480.0,768.0,0.0,256.0,1152.0,96.0,96.0,104.0,0.0,0.0,0.0,8.0,0.0
12,181,OMP,baseline,3640.0,768.0,2048.0,0.0,0.0,0.0,624.0,104.0,0.0,0.0,0.0,96.0,0.0
12,181,OMP,optimized,2480.0,768.0,0.0,256.0,1152.0,96.0,96.0,104.0,0.0,0.0,0.0,8.0,0.0
12,182,OMP,baseline,3640.0,768.0,2048.0,0.0,0.0,0.0,624.0,104.0,0.0,0.0,0.0,96.0,0.0
12,182,OMP,optimized,2480.0,768.0,0.0,256.0,1152.0,96.0,96.0,104.0,0.0,0.0,0.0,8.0,0.0
12,183,OMP,baseline,3640.0,768.0,2048.0,0.0,0.0,0.0,624.0,104.0,0.0,0.0,0.0,96.0,0.0
12,183,OMP,optimized,2480.0,768.0,0.0,256.0,1152.0,96.0,96.0,104.0,0.0,0.0,0.0,8.0,0.0
12,184,OMP,baseline,3640.0,768.0,2048.0,0.0,0.0,0.0,624.0,104.0,0.0,0.0,0.0,96.0,0.0
12,184,OMP,optimized,2480.0,768.0,0.0,256.0,1152.0,96.0,96.0,104.0,0.0,0.0,0.0,8.0,0.0
12,185,OMP,baseline,3640.0,768.0,2048.0,0.0,0.0,0.0,624.0,104.0,0.0,0.0,0.0,96.0,0.0
12,185,OMP,optimized,2480.0,768.0,0.0,256.0,1152.0,96.0,96.0,104.0,0.0,0.0,0.0,8.0,0.0
12,186,OMP,baseline,3640.0,768.0,2048.0,0.0,0.0,0.0,624.0,104.0,0.0,0.0,0.0,96.0,0.0
12,186,OMP,optimized,2480.0,768.0,0.0,256.0,1152.0,96.0,96.0,104.0,0.0,0.0,0.0,8.0,0.0
12,187,OMP,baseline,3640.0,768.0,2048.0,0.0,0.0,0.0,624.0,104.0,0.0,0.0,0.0,96.0,0.0
12,187,OMP,optimized,2480.0,768.0,0.0,256.0,1152.0,96.0,96.0,104.0,0.0,0.0,0.0,8.0,0.0
12,188,OMP,baseline,3640.0,768.0,2048.0,0.0,0.0,0.0,624.0,104.0,0.0,0.0,0.0,96.0,0.0
12,188,OMP,optimized,2480.0,768.0,0.0,256.0,1152.0,96.0,96.0,104.0,0.0,0.0,0.0,8.0,0.0
12,189,OMP,baseline,3640.0,768.0,2048.0,0.0,0.0,0.0,624.0,104.0,0.0,0.0,0.0,96.0,0.0
12,189,OMP,optimized,2480.0,768.0,0.0,256.0,1152.0,96.0,96.0,104.0,0.0,0.0,0.0,8.0,0.0
12,190,OMP,baseline,3640.0,768.0,2048.0,0.0,0.0,0.0,624.0,104.0,0.0,0.0,0.0,96.0,0.0
12,190,OMP,optimized,2480.0,768.0,0.0,256.0,1152.0,96.0,96.0,104.0,0.0,0.0,0.0,8.0,0.0
12,191,OMP,baseline,3640.0,768.0,2048.0,0.0,0.0,0.0,624.0,104.0,0.0,0.0,0.0,96.0,0.0
12,191,OMP,optimized,2480.0,768.0,0.0,256.0,1152.0,96.0,96.0,104.0,0.0,0.0,0.0,8.0,0.0
12,192,OMP,baseline,3640.0,768.0,2048.0,0.0,0.0,0.0,624.0,104.0,0.0,0.0,0.0,96.0,0.0
12,192,OMP,optimized,2480.0,768.0,0.0,256.0,1152.0,96.0,96.0,104.0,0.0,0.0,0.0,8.0,0.0
12,193,OMP,baseline,3640.0,768.0,2048.0,0.0,0.0,0.0,624.0,104.0,0.0,0.0,0.0,96.0,0.0
12,193,OMP,optimized,2480.0,768.0,0.0,256.0,1152.0,96.0,96.0,104.0,0.0,0.0,0.0,8.0,0.0
12,194,OMP,baseline,3640.0,768.0,2048.0,0.0,0.0,0.0,624.0,104.0,0.0,0.0,0.0,96.0,0.0
12,194,OMP,optimized,2480.0,768.0,0.0,256.0,1152.0,96.0,96.0,104.0,0.0,0.0,0.0,8.0,0.0
12,195,OMP,baseline,3640.0,768.0,2048.0,0.0,0.0,0.0,624.0,104.0,0.0,0.0,0.0,96.0,0.0
12,195,OMP,optimized,2480.0,768.0,0.0,256.0,1152.0,96.0,96.0,104.0,0.0,0.0,0.0,8.0,0.0
12,196,OMP,baseline,3640.0,768.0,2048.0,0.0,0.0,0.0,624.0,104.0,0.0,0.0,0.0,96.0,0.0
12,196,OMP,optimized,2480.0,768.0,0.0,256.0,1152.0,96.0,96.0,104.0,0.0,0.0,0.0,8.0,0.0
12,197,OMP,baseline,3640.0,768.0,2048.0,0.0,0.0,0.0,624.0,104.0,0.0,0.0,0.0,96.0,0.0
12,197,OMP,optimized,2480.0,768.0,0.0,256.0,1152.0,96.0,96.0,104.0,0.0,0.0,0.0,8.0,0.0
12,198,OMP,baseline,3640.0,768.0,2048.0,0.0,0.0,0.0,624.0,104.0,0.0,0.0,0.0,96.0,0.0
12,198,OMP,optimized,2480.0,768.0,0.0,256.0,1152.0,96.0,96.0,104.0,0.0,0.0,0.0,8.0,0.0
12,199,OMP,baseline,3640.0,768.0,2048.0,0.0,0.0,0.0,624.0,104.0,0.0,0.0,0.0,96.0,0.0
12,199,OMP,optimized,2480.0,768.0,0.0,256.0,1152.0,96.0,96.0,104.0,0.0,0.0,0.0,8.0,0.0
12,200,OMP,baseline,3640.0,768.0,2048.0,0.0,0.0,0.0,624.0,104.0,0.0,0.0,0.0,96.0,0.0
12,200,OMP,optimized,2480.0,768.0,0.0,256.0,1152.0,96.0,96.0,104.0,0.0,0.0,0.0,8.0,0.0
12,201,OMP,baseline,3640.0,768.0,2048.0,0.0,0.0,0.0,624.0,104.0,0.0,0.0,0.0,96.0,0.0
12,201,OMP,optimized,2480.0,768.0,0.0,256.0,1152.0,96.0,96.0,104.0,0.0,0.0,0.0,8.0,0.0
12,202,OMP,baseline,3640.0,768.0,2048.0,0.0,0.0,0.0,624.0,104.0,0.0,0.0,0.0,96.0,0.0
12,202,OMP,optimized,2480.0,768.0,0.0,256.0,1152.0,96.0,96.0,104.0,0.0,0.0,0.0,8.0,0.0
12,203,OMP,baseline,3640.0,768.0,2048.0,0.0,0.0,0.0,624.0,104.0,0.0,0.0,0.0,96.0,0.0
12,203,OMP,optimized,2480.0,768.0,0.0,256.0,1152.0,96.0,96.0,104.0,0.0,0.0,0.0,8.0,0.0
12,204,OMP,baseline,3640.0,768.0,2048.0,0.0,0.0,0.0,624.0,104.0,0.0,0.0,0.0,96.0,0.0
12,204,OMP,optimized,2480.0,768.0,0.0,256.0,1152.0,96.0,96.0,104.0,0.0,0.0,0.0,8.0,0.0
12,205,OMP,baseline,3640.0,768.0,2048.0,0.0,0.0,0.0,624.0,104.0,0.0,0.0,0.0,96.0,0.0
12,205,OMP,optimized,2480.0,768.0,0.0,256.0,1152.0,96.0,96.0,104.0,0.0,0.0,0.0,8.0,0.0
12,206,OMP,baseline,3640.0,768.0,2048.0,0.0,0.0,0.0,624.0,104.0,0.0,0.0,0.0,96.0,0.0
12,206,OMP,optimized,2480.0,768.0,0.0,256.0,1152.0,96.0,96.0,104.0,0.0,0.0,0.0,8.0,0.0
12,207,OMP,baseline,3640.0,768.0,2048.0,0.0,0.0,0.0,624.0,104.0,0.0,0.0,0.0,96.0,0.0
12,207,OMP,optimized,2480.0,768.0,0.0,256.0,1152.0,96.0,96.0,104.0,0.0,0.0,0.0,8.0,0.0
12,208,OMP,baseline,3640.0,768.0,2048.0,0.0,0.0,0.0,624.0,104.0,0.0,0.0,0.0,96.0,0.0
12,208,OMP,optimized,2480.0,768.0,0.0,256.0,1152.0,96.0,96.0,104.0,0.0,0.0,0.0,8.0,0.0
12,209,OMP,baseline,3640.0,768.0,2048.0,0.0,0.0,0.0,624.0,104.0,0.0,0.0,0.0,96.0,0.0
12,209,OMP,optimized,2480.0,768.0,0.0,256.0,1152.0,96.0,96.0,104.0,0.0,0.0,0.0,8.0,0.0
12,210,OMP,baseline,3640.0,768.0,2048.0,0.0,0.0,0.0,624.0,104.0,0.0,0.0,0.0,96.0,0.0
12,210,OMP,optimized,2480.0,768.0,0.0,256.0,1152.0,96.0,96.0,104.0,0.0,0.0,0.0,8.0,0.0
12,211,OMP,baseline,3640.0,768.0,2048.0,0.0,0.0,0.0,624.0,104.0,0.0,0.0,0.0,96.0,0.0
12,211,OMP,optimized,2480.0,768.0,0.0,256.0,1152.0,96.0,96.0,104.0,0.0,0.0,0.0,8.0,0.0
12,212,OMP,baseline,3640.0,768.0,2048.0,0.0,0.0,0.0,624.0,104.0,0.0,0.0,0.0,96.0,0.0
12,212,OMP,optimized,2480.0,768.0,0.0,256.0,1152.0,96.0,96.0,104.0,0.0,0.0,0.0,8.0,0.0
12,213,OMP,baseline,3640.0,768.0,2048.0,0.0,0.0,0.0,624.0,104.0,0.0,0.0,0.0,96.0,0.0
12,213,OMP,optimized,2480.0,768.0,0.0,256.0,1152.0,96.0,96.0,104.0,0.0,0.0,0.0,8.0,0.0
12,214,OMP,baseline,3640.0,768.0,2048.0,0.0,0.0,0.0,624.0,104.0,0.0,0.0,0.0,96.0,0.0
12,214,OMP,optimized,2480.0,768.0,0.0,256.0,1152.0,96.0,96.0,104.0,0.0,0.0,0.0,8.0,0.0
12,215,OMP,baseline,3640.0,768.0,2048.0,0.0,0.0,0.0,624.0,104.0,0.0,0.0,0.0,96.0,0.0
12,215,OMP,optimized,2480.0,768.0,0.0,256.0,1152.0,96.0,96.0,104.0,0.0,0.0,0.0,8.0,0.0
12,216,OMP,baseline,3640.0,768.0,2048.0,0.0,0.0,0.0,624.0,104.0,0.0,0.0,0.0,96.0,0.0
12,216,OMP,optimized,2480.0,768.0,0.0,256.0,1152.0,96.0,96.0,104.0,0.0,0.0,0.0,8.0,0.0
12,217,OMP,baseline,3640.0,768.0,2048.0,0.0,0.0,0.0,624.0,104.0,0.0,0.0,0.0,96.0,0.0
12,217,OMP,optimized,2480.0,768.0,0.0,256.0,1152.0,96.0,96.0,104.0,0.0,0.0,0.0,8.0,0.0
12,218,OMP,baseline,3640.0,768.0,2048.0,0.0,0.0,0.0,624.0,104.0,0.0,0.0,0.0,96.0,0.0
12,218,OMP,optimized,2480.0,768.0,0.0,256.0,1152.0,96.0,96.0,104.0,0.0,0.0,0.0,8.0,0.0
12,219,OMP,baseline,3640.0,768.0,2048.0,0.0,0.0,0.0,624.0,104.0,0.0,0.0,0.0,96.0,0.0
12,219,OMP,optimized,2480.0,768.0,0.0,256.0,1152.0,96.0,96.0,104.0,0.0,0.0,0.0,8.0,0.0
12,220,OMP,baseline,3640.0,768.0,2048.0,0.0,0.0,0.0,624.0,104.0,0.0,0.0,0.0,96.0,0.0
12,220,OMP,optimized,2480.0,768.0,0.0,256.0,1152.0,96.0,96.0,104.0,0.0,0.0,0.0,8.0,0.0
12,221,OMP,baseline,3640.0,768.0,2048.0,0.0,0.0,0.0,624.0,104.0,0.0,0.0,0.0,96.0,0.0
12,221,OMP,optimized,2480.0,768.0,0.0,256.0,1152.0,96.0,96.0,104.0,0.0,0.0,0.0,8.0,0.0
12,222,OMP,baseline,3640.0,768.0,2048.0,0.0,0.0,0.0,624.0,104.0,0.0,0.0,0.0,96.0,0.0
12,222,OMP,optimized,2480.0,768.0,0.0,256.0,1152.0,96.0,96.0,104.0,0.0,0.0,0.0,8.0,0.0
12,223,OMP,baseline,3640.0,768.0,2048.0,0.0,0.0,0.0,624.0,104.0,0.0,0.0,0.0,96.0,0.0
12,223,OMP,optimized,2480.0,768.0,0.0,256.0,1152.0,96.0,96.0,104.0,0.0,0.0,0.0,8.0,0.0
12,224,OMP,baseline,3640.0,768.0,2048.0,0.0,0.0,0.0,624.0,104.0,0.0,0.0,0.0,96.0,0.0
12,224,OMP,optimized,2480.0,768.0,0.0,256.0,1152.0,96.0,96.0,104.0,0.0,0.0,0.0,8.0,0.0
12,225,OMP,baseline,3640.0,768.0,2048.0,0.0,0.0,0.0,624.0,104.0,0.0,0.0,0.0,96.0,0.0
12,225,OMP,optimized,2480.0,768.0,0.0,256.0,1152.0,96.0,96.0,104.0,0.0,0.0,0.0,8.0,0.0
12,226,OMP,baseline,3640.0,768.0,2048.0,0.0,0.0,0.0,624.0,104.0,0.0,0.0,0.0,96.0,0.0
12,226,OMP,optimized,2480.0,768.0,0.0,256.0,1152.0,96.0,96.0,104.0,0.0,0.0,0.0,8.0,0.0
12,227,OMP,baseline,3640.0,768.0,2048.0,0.0,0.0,0.0,624.0,104.0,0.0,0.0,0.0,96.0,0.0
12,227,OMP,optimized,2480.0,768.0,0.0,256.0,1152.0,96.0,96.0,104.0,0.0,0.0,0.0,8.0,0.0
12,228,OMP,baseline,3640.0,768.0,2048.0,0.0,0.0,0.0,624.0,104.0,0.0,0.0,0.0,96.0,0.0
12,228,OMP,optimized,2480.0,768.0,0.0,256.0,1152.0,96.0,96.0,104.0,0.0,0.0,0.0,8.0,0.0
12,229,OMP,baseline,3640.0,768.0,2048.0,0.0,0.0,0.0,624.0,104.0,0.0,0.0,0.0,96.0,0.0
12,229,OMP,optimized,2480.0,768.0,0.0,256.0,1152.0,96.0,96.0,104.0,0.0,0.0,0.0,8.0,0.0
12,230,OMP,baseline,3640.0,768.0,2048.0,0.0,0.0,0.0,624.0,104.0,0.0,0.0,0.0,96.0,0.0
12,230,OMP,optimized,2480.0,768.0,0.0,256.0,1152.0,96.0,96.0,104.0,0.0,0.0,0.0,8.0,0.0
12,231,OMP,baseline,3640.0,768.0,2048.0,0.0,0.0,0.0,624.0,104.0,0.0,0.0,0.0,96.0,0.0
12,231,OMP,optimized,2480.0,768.0,0.0,256.0,1152.0,96.0,96.0,104.0,0.0,0.0,0.0,8.0,0.0
12,232,OMP,baseline,3640.0,768.0,2048.0,0.0,0.0,0.0,624.0,104.0,0.0,0.0,0.0,96.0,0.0
12,232,OMP,optimized,2480.0,768.0,0.0,256.0,1152.0,96.0,96.0,104.0,0.0,0.0,0.0,8.0,0.0
12,233,OMP,baseline,3640.0,768.0,2048.0,0.0,0.0,0.0,624.0,104.0,0.0,0.0,0.0,96.0,0.0
12,233,OMP,optimized,2480.0,768.0,0.0,256.0,1152.0,96.0,96.0,104.0,0.0,0.0,0.0,8.0,0.0
12,234,OMP,baseline,3640.0,768.0,2048.0,0.0,0.0,0.0,624.0,104.0,0.0,0.0,0.0,96.0,0.0
12,234,OMP,optimized,2480.0,768.0,0.0,256.0,1152.0,96.0,96.0,104.0,0.0,0.0,0.0,8.0,0.0
12,235,OMP,baseline,3640.0,768.0,2048.0,0.0,0.0,0.0,624.0,104.0,0.0,0.0,0.0,96.0,0.0
12,235,OMP,optimized,2480.0,768.0,0.0,256.0,1152.0,96.0,96.0,104.0,0.0,0.0,0.0,8.0,0.0
12,236,OMP,baseline,3640.0,768.0,2048.0,0.0,0.0,0.0,624.0,104.0,0.0,0.0,0.0,96.0,0.0
12,236,OMP,optimized,2480.0,768.0,0.0,256.0,1152.0,96.0,96.0,104.0,0.0,0.0,0.0,8.0,0.0
12,237,OMP,baseline,3640.0,768.0,2048.0,0.0,0.0,0.0,624.0,104.0,0.0,0.0,0.0,96.0,0.0
12,237,OMP,optimized,2480.0,768.0,0.0,256.0,1152.0,96.0,96.0,104.0,0.0,0.0,0.0,8.0,0.0
12,238,OMP,baseline,3640.0,768.0,2048.0,0.0,0.0,0.0,624.0,104.0,0.0,0.0,0.0,96.0,0.0
12,238,OMP,optimized,2480.0,768.0,0.0,256.0,1152.0,96.0,96.0,104.0,0.0,0.0,0.0,8.0,0.0
12,239,OMP,baseline,3640.0,768.0,2048.0,0.0,0.0,0.0,624.0,104.0,0.0,0.0,0.0,96.0,0.0
12,239,OMP,optimized,2480.0,768.0,0.0,256.0,1152.0,96.0,96.0,104.0,0.0,0.0,0.0,8.0,0.0
12,240,OMP,baseline,3640.0,768.0,2048.0,0.0,0.0,0.0,624.0,104.0,0.0,0.0,0.0,96.0,0.0
12,240,OMP,optimized,2480.0,768.0,0.0,256.0,1152.0,96.0,96.0,104.0,0.0,0.0,0.0,8.0,0.0
12,241,OMP,baseline,3640.0,768.0,2048.0,0.0,0.0,0.0,624.0,104.0,0.0,0.0,0.0,96.0,0.0
12,241,OMP,optimized,2480.0,768.0,0.0,256.0,1152.0,96.0,96.0,104.0,0.0,0.0,0.0,8.0,0.0
12,242,OMP,baseline,3640.0,768.0,2048.0,0.0,0.0,0.0,624.0,104.0,0.0,0.0,0.0,96.0,0.0
12,242,OMP,optimized,2480.0,768.0,0.0,256.0,1152.0,96.0,96.0,104.0,0.0,0.0,0.0,8.0,0.0
12,243,OMP,baseline,3640.0,768.0,2048.0,0.0,0.0,0.0,624.0,104.0,0.0,0.0,0.0,96.0,0.0
12,243,OMP,optimized,2480.0,768.0,0.0,256.0,1152.0,96.0,96.0,104.0,0.0,0.0,0.0,8.0,0.0
12,244,OMP,baseline,3640.0,768.0,2048.0,0.0,0.0,0.0,624.0,104.0,0.0,0.0,0.0,96.0,0.0
12,244,OMP,optimized,2480.0,768.0,0.0,256.0,1152.0,96.0,96.0,104.0,0.0,0.0,0.0,8.0,0.0
12,245,OMP,baseline,3640.0,768.0,2048.0,0.0,0.0,0.0,624.0,104.0,0.0,0.0,0.0,96.0,0.0
12,245,OMP,optimized,2480.0,768.0,0.0,256.0,1152.0,96.0,96.0,104.0,0.0,0.0,0.0,8.0,0.0
12,246,OMP,baseline,3640.0,768.0,2048.0,0.0,0.0,0.0,624.0,104.0,0.0,0.0,0.0,96.0,0.0
12,246,OMP,optimized,2480.0,768.0,0.0,256.0,1152.0,96.0,96.0,104.0,0.0,0.0,0.0,8.0,0.0
12,247,OMP,baseline,3640.0,768.0,2048.0,0.0,0.0,0.0,624.0,104.0,0.0,0.0,0.0,96.0,0.0
12,247,OMP,optimized,2480.0,768.0,0.0,256.0,1152.0,96.0,96.0,104.0,0.0,0.0,0.0,8.0,0.0
12,248,OMP,baseline,3640.0,768.0,2048.0,0.0,0.0,0.0,624.0,104.0,0.0,0.0,0.0,96.0,0.0
12,248,OMP,optimized,2480.0,768.0,0.0,256.0,1152.0,96.0,96.0,104.0,0.0,0.0,0.0,8.0,0.0
12,249,OMP,baseline,3640.0,768.0,2048.0,0.0,0.0,0.0,624.0,104.0,0.0,0.0,0.0,96.0,0.0
12,249,OMP,optimized,2480.0,768.0,0.0,256.0,1152.0,96.0,96.0,104.0,0.0,0.0,0.0,8.0,0.0
12,250,OMP,baseline,3640.0,768.0,2048.0,0.0,0.0,0.0,624.0,104.0,0.0,0.0,0.0,96.0,0.0
12,250,OMP,optimized,2480.0,768.0,0.0,256.0,1152.0,96.0,96.0,104.0,0.0,0.0,0.0,8.0,0.0
12,251,OMP,baseline,3640.0,768.0,2048.0,0.0,0.0,0.0,624.0,104.0,0.0,0.0,0.0,96.0,0.0
12,251,OMP,optimized,2480.0,768.0,0.0,256.0,1152.0,96.0,96.0,104.0,0.0,0.0,0.0,8.0,0.0
12,252,OMP,baseline,3640.0,768.0,2048.0,0.0,0.0,0.0,624.0,104.0,0.0,0.0,0.0,96.0,0.0
12,252,OMP,optimized,2480.0,768.0,0.0,256.0,1152.0,96.0,96.0,104.0,0.0,0.0,0.0,8.0,0.0
12,253,OMP,baseline,3640.0,768.0,2048.0,0.0,0.0,0.0,624.0,104.0,0.0,0.0,0.0,96.0,0.0
12,253,OMP,optimized,2480.0,768.0,0.0,256.0,1152.0,96.0,96.0,104.0,0.0,0.0,0.0,8.0,0.0
12,254,OMP,baseline,3640.0,768.0,2048.0,0.0,0.0,0.0,624.0,104.0,0.0,0.0,0.0,96.0,0.0
12,254,OMP,optimized,2480.0,768.0,0.0,256.0,1152.0,96.0,96.0,104.0,0.0,0.0,0.0,8.0,0.0
12,255,OMP,baseline,3640.0,768.0,2048.0,0.0,0.0,0.0,624.0,104.0,0.0,0.0,0.0,96.0,0.0
12,255,OMP,optimized,2480.0,768.0,0.0,256.0,1152.0,96.0,96.0,104.0,0.0,0.0,0.0,8.0,0.0
12,256,OMP,baseline,3640.0,768.0,2048.0,0.0,0.0,0.0,624.0,104.0,0.0,0.0,0.0,96.0,0.0
12,256,OMP,optimized,2480.0,768.0,0.0,256.0,1152.0,96.0,96.0,104.0,0.0,0.0,0.0,8.0,0.0
12,257,OMP,baseline,3640.0,768.0,2048.0,0.0,0.0,0.0,624.0,104.0,0.0,0.0,0.0,96.0,0.0
12,257,OMP,optimized,2480.0,768.0,0.0,256.0,1152.0,96.0,96.0,104.0,0.0,0.0,0.0,8.0,0.0
12,258,OMP,baseline,3640.0,768.0,2048.0,0.0,0.0,0.0,624.0,104.0,0.0,0.0,0.0,96.0,0.0
12,258,OMP,optimized,2480.0,768.0,0.0,256.0,1152.0,96.0,96.0,104.0,0.0,0.0,0.0,8.0,0.0
12,259,OMP,baseline,3640.0,768.0,2048.0,0.0,0.0,0.0,624.0,104.0,0.0,0.0,0.0,96.0,0.0
12,259,OMP,optimized,2480.0,768.0,0.0,256.0,1152.0,96.0,96.0,104.0,0.0,0.0,0.0,8.0,0.0
12,260,OMP,baseline,3640.0,768.0,2048.0,0.0,0.0,0.0,624.0,104.0,0.0,0.0,0.0,96.0,0.0
12,260,OMP,optimized,2480.0,768.0,0.0,256.0,1152.0,96.0,96.0,104.0,0.0,0.0,0.0,8.0,0.0
12,261,OMP,baseline,3640.0,768.0,2048.0,0.0,0.0,0.0,624.0,104.0,0.0,0.0,0.0,96.0,0.0
12,261,OMP,optimized,2480.0,768.0,0.0,256.0,1152.0,96.0,96.0,104.0,0.0,0.0,0.0,8.0,0.0
12,262,OMP,baseline,3640.0,768.0,2048.0,0.0,0.0,0.0,624.0,104.0,0.0,0.0,0.0,96.0,0.0
12,262,OMP,optimized,2480.0,768.0,0.0,256.0,1152.0,96.0,96.0,104.0,0.0,0.0,0.0,8.0,0.0
12,263,OMP,baseline,3640.0,768.0,2048.0,0.0,0.0,0.0,624.0,104.0,0.0,0.0,0.0,96.0,0.0
12,263,OMP,optimized,2480.0,768.0,0.0,256.0,1152.0,96.0,96.0,104.0,0.0,0.0,0.0,8.0,0.0
12,264,OMP,baseline,3640.0,768.0,2048.0,0.0,0.0,0.0,624.0,104.0,0.0,0.0,0.0,96.0,0.0
12,264,OMP,optimized,2480.0,768.0,0.0,256.0,1152.0,96.0,96.0,104.0,0.0,0.0,0.0,8.0,0.0
12,265,OMP,baseline,3640.0,768.0,2048.0,0.0,0.0,0.0,624.0,104.0,0.0,0.0,0.0,96.0,0.0
12,265,OMP,optimized,2480.0,768.0,0.0,256.0,1152.0,96.0,96.0,104.0,0.0,0.0,0.0,8.0,0.0
12,266,OMP,baseline,3640.0,768.0,2048.0,0.0,0.0,0.0,624.0,104.0,0.0,0.0,0.0,96.0,0.0
12,266,OMP,optimized,2480.0,768.0,0.0,256.0,1152.0,96.0,96.0,104.0,0.0,0.0,0.0,8.0,0.0
12,267,OMP,baseline,3640.0,768.0,2048.0,0.0,0.0,0.0,624.0,104.0,0.0,0.0,0.0,96.0,0.0
12,267,OMP,optimized,2480.0,768.0,0.0,256.0,1152.0,96.0,96.0,104.0,0.0,0.0,0.0,8.0,0.0
12,268,OMP,baseline,3640.0,768.0,2048.0,0.0,0.0,0.0,624.0,104.0,0.0,0.0,0.0,96.0,0.0
12,268,OMP,optimized,2480.0,768.0,0.0,256.0,1152.0,96.0,96.0,104.0,0.0,0.0,0.0,8.0,0.0
12,269,OMP,baseline,3640.0,768.0,2048.0,0.0,0.0,0.0,624.0,104.0,0.0,0.0,0.0,96.0,0.0
12,269,OMP,optimized,2480.0,768.0,0.0,256.0,1152.0,96.0,96.0,104.0,0.0,0.0,0.0,8.0,0.0
12,270,OMP,baseline,3640.0,768.0,2048.0,0.0,0.0,0.0,624.0,104.0,0.0,0.0,0.0,96.0,0.0
12,270,OMP,optimized,2480.0,768.0,0.0,256.0,1152.0,96.0,96.0,104.0,0.0,0.0,0.0,8.0,0.0
12,271,OMP,baseline,3640.0,768.0,2048.0,0.0,0.0,0.0,624.0,104.0,0.0,0.0,0.0,96.0,0.0
12,271,OMP,optimized,2480.0,768.0,0.0,256.0,1152.0,96.0,96.0,104.0,0.0,0.0,0.0,8.0,0.0
12,272,OMP,baseline,3640.0,768.0,2048.0,0.0,0.0,0.0,624.0,104.0,0.0,0.0,0.0,96.0,0.0
12,272,OMP,optimized,2480.0,768.0,0.0,256.0,1152.0,96.0,96.0,104.0,0.0,0.0,0.0,8.0,0.0
12,273,OMP,baseline,3640.0,768.0,2048.0,0.0,0.0,0.0,624.0,104.0,0.0,0.0,0.0,96.0,0.0
12,273,OMP,optimized,2480.0,768.0,0.0,256.0,1152.0,96.0,96.0,104.0,0.0,0.0,0.0,8.0,0.0
12,274,OMP,baseline,3640.0,768.0,2048.0,0.0,0.0,0.0,624.0,104.0,0.0,0.0,0.0,96.0,0.0
12,274,OMP,optimized,2480.0,768.0,0.0,256.0,1152.0,96.0,96.0,104.0,0.0,0.0,0.0,8.0,0.0
12,275,OMP,baseline,3640.0,768.0,2048.0,0.0,0.0,0.0,624.0,104.0,0.0,0.0,0.0,96.0,0.0
12,275,OMP,optimized,2480.0,768.0,0.0,256.0,1152.0,96.0,96.0,104.0,0.0,0.0,0.0,8.0,0.0
12,276,OMP,baseline,3640.0,768.0,2048.0,0.0,0.0,0.0,624.0,104.0,0.0,0.0,0.0,96.0,0.0
12,276,OMP,optimized,2480.0,768.0,0.0,256.0,1152.0,96.0,96.0,104.0,0.0,0.0,0.0,8.0,0.0
12,277,OMP,baseline,3640.0,768.0,2048.0,0.0,0.0,0.0,624.0,104.0,0.0,0.0,0.0,96.0,0.0
12,277,OMP,optimized,2480.0,768.0,0.0,256.0,1152.0,96.0,96.0,104.0,0.0,0.0,0.0,8.0,0.0
12,278,OMP,baseline,3640.0,768.0,2048.0,0.0,0.0,0.0,624.0,104.0,0.0,0.0,0.0,96.0,0.0
12,278,OMP,optimized,2480.0,768.0,0.0,256.0,1152.0,96.0,96.0,104.0,0.0,0.0,0.0,8.0,0.0
12,279,OMP,baseline,3640.0,768.0,2048.0,0.0,0.0,0.0,624.0,104.0,0.0,0.0,0.0,96.0,0.0
12,279,OMP,optimized,2480.0,768.0,0.0,256.0,1152.0,96.0,96.0,104.0,0.0,0.0,0.0,8.0,0.0
12,280,OMP,baseline,3640.0,768.0,2048.0,0.0,0.0,0.0,624.0,104.0,0.0,0.0,0.0,96.0,0.0
12,280,OMP,optimized,2480.0,768.0,0.0,256.0,1152.0,96.0,96.0,104.0,0.0,0.0,0.0,8.0,0.0
12,281,OMP,baseline,3640.0,768.0,2048.0,0.0,0.0,0.0,624.0,104.0,0.0,0.0,0.0,96.0,0.0
12,281,OMP,optimized,2480.0,768.0,0.0,256.0,1152.0,96.0,96.0,104.0,0.0,0.0,0.0,8.0,0.0
12,282,OMP,baseline,3640.0,768.0,2048.0,0.0,0.0,0.0,624.0,104.0,0.0,0.0,0.0,96.0,0.0
12,282,OMP,optimized,2480.0,768.0,0.0,256.0,1152.0,96.0,96.0,104.0,0.0,0.0,0.0,8.0,0.0
12,283,OMP,baseline,3640.0,768.0,2048.0,0.0,0.0,0.0,624.0,104.0,0.0,0.0,0.0,96.0,0.0
12,283,OMP,optimized,2480.0,768.0,0.0,256.0,1152.0,96.0,96.0,104.0,0.0,0.0,0.0,8.0,0.0
12,284,OMP,baseline,3640.0,768.0,2048.0,0.0,0.0,0.0,624.0,104.0,0.0,0.0,0.0,96.0,0.0
12,284,OMP,optimized,2480.0,768.0,0.0,256.0,1152.0,96.0,96.0,104.0,0.0,0.0,0.0,8.0,0.0
12,285,OMP,baseline,3640.0,768.0,2048.0,0.0,0.0,0.0,624.0,104.0,0.0,0.0,0.0,96.0,0.0
12,285,OMP,optimized,2480.0,768.0,0.0,256.0,1152.0,96.0,96.0,104.0,0.0,0.0,0.0,8.0,0.0
12,286,OMP,baseline,3640.0,768.0,2048.0,0.0,0.0,0.0,624.0,104.0,0.0,0.0,0.0,96.0,0.0
12,286,OMP,optimized,2480.0,768.0,0.0,256.0,1152.0,96.0,96.0,104.0,0.0,0.0,0.0,8.0,0.0
12,287,OMP,baseline,3640.0,768.0,2048.0,0.0,0.0,0.0,624.0,104.0,0.0,0.0,0.0,96.0,0.0
12,287,OMP,optimized,2480.0,768.0,0.0,256.0,1152.0,96.0,96.0,104.0,0.0,0.0,0.0,8.0,0.0
12,288,OMP,baseline,3640.0,768.0,2048.0,0.0,0.0,0.0,624.0,104.0,0.0,0.0,0.0,96.0,0.0
12,288,OMP,optimized,2480.0,768.0,0.0,256.0,1152.0,96.0,96.0,104.0,0.0,0.0,0.0,8.0,0.0
12,289,OMP,baseline,3640.0,768.0,2048.0,0.0,0.0,0.0,624.0,104.0,0.0,0.0,0.0,96.0,0.0
12,289,OMP,optimized,2480.0,768.0,0.0,256.0,1152.0,96.0,96.0,104.0,0.0,0.0,0.0,8.0,0.0
12,290,OMP,baseline,3640.0,768.0,2048.0,0.0,0.0,0.0,624.0,104.0,0.0,0.0,0.0,96.0,0.0
12,290,OMP,optimized,2480.0,768.0,0.0,256.0,1152.0,96.0,96.0,104.0,0.0,0.0,0.0,8.0,0.0
12,291,OMP,baseline,3640.0,768.0,2048.0,0.0,0.0,0.0,624.0,104.0,0.0,0.0,0.0,96.0,0.0
12,291,OMP,optimized,2480.0,768.0,0.0,256.0,1152.0,96.0,96.0,104.0,0.0,0.0,0.0,8.0,0.0
12,292,OMP,baseline,3640.0,768.0,2048.0,0.0,0.0,0.0,624.0,104.0,0.0,0.0,0.0,96.0,0.0
12,292,OMP,optimized,2480.0,768.0,0.0,256.0,1152.0,96.0,96.0,104.0,0.0,0.0,0.0,8.0,0.0
12,293,OMP,baseline,3640.0,768.0,2048.0,0.0,0.0,0.0,624.0,104.0,0.0,0.0,0.0,96.0,0.0
12,293,OMP,optimized,2480.0,768.0,0.0,256.0,1152.0,96.0,96.0,104.0,0.0,0.0,0.0,8.0,0.0
12,294,OMP,baseline,3640.0,768.0,2048.0,0.0,0.0,0.0,624.0,104.0,0.0,0.0,0.0,96.0,0.0
12,294,OMP,optimized,2480.0,768.0,0.0,256.0,1152.0,96.0,96.0,104.0,0.0,0.0,0.0,8.0,0.0
12,295,OMP,baseline,3640.0,768.0,2048.0,0.0,0.0,0.0,624.0,104.0,0.0,0.0,0.0,96.0,0.0
12,295,OMP,optimized,2480.0,768.0,0.0,256.0,1152.0,96.0,96.0,104.0,0.0,0.0,0.0,8.0,0.0
12,296,OMP,baseline,3640.0,768.0,2048.0,0.0,0.0,0.0,624.0,104.0,0.0,0.0,0.0,96.0,0.0
12,296,OMP,optimized,2480.0,768.0,0.0,256.0,1152.0,96.0,96.0,104.0,0.0,0.0,0.0,8.0,0.0
12,297,OMP,baseline,3640.0,768.0,2048.0,0.0,0.0,0.0,624.0,104.0,0.0,0.0,0.0,96.0,0.0
12,297,OMP,optimized,2480.0,768.0,0.0,256.0,1152.0,96.0,96.0,104.0,0.0,0.0,0.0,8.0,0.0
12,298,OMP,baseline,3640.0,768.0,2048.0,0.0,0.0,0.0,624.0,104.0,0.0,0.0,0.0,96.0,0.0
12,298,OMP,optimized,2480.0,768.0,0.0,256.0,1152.0,96.0,96.0,104.0,0.0,0.0,0.0,8.0,0.0
12,299,OMP,baseline,3640.0,768.0,2048.0,0.0,0.0,0.0,624.0,104.0,0.0,0.0,0.0,96.0,0.0
12,299,OMP,optimized,2480.0,768.0,0.0,256.0,1152.0,96.0,96.0,104.0,0.0,0.0,0.0,8.0,0.0
16,0,OMP,baseline,4168.0,768.0,2048.0,0.0,0.0,0.0,1088.0,136.0,0.0,0.0,0.0,128.0,0.0
16,0,OMP,optimized,3472.0,768.0,0.0,256.0,2048.0,128.0,128.0,136.0,0.0,0.0,0.0,8.0,0.0
16,1,OMP,baseline,4168.0,768.0,2048.0,0.0,0.0,0.0,1088.0,136.0,0.0,0.0,0.0,128.0,0.0
16,1,OMP,optimized,3472.0,768.0,0.0,256.0,2048.0,128.0,128.0,136.0,0.0,0.0,0.0,8.0,0.0
16,2,OMP,baseline,4168.0,768.0,2048.0,0.0,0.0,0.0,1088.0,136.0,0.0,0.0,0.0,128.0,0.0
16,2,OMP,optimized,3472.0,768.0,0.0,256.0,2048.0,128.0,128.0,136.0,0.0,0.0,0.0,8.0,0.0
16,3,OMP,baseline,4168.0,768.0,2048.0,0.0,0.0,0.0,1088.0,136.0,0.0,0.0,0.0,128.0,0.0
16,3,OMP,optimized,3472.0,768.0,0.0,256.0,2048.0,128.0,128.0,136.0,0.0,0.0,0.0,8.0,0.0
16,4,OMP,baseline,4168.0,768.0,2048.0,0.0,0.0,0.0,1088.0,136.0,0.0,0.0,0.0,128.0,0.0
16,4,OMP,optimized,3472.0,768.0,0.0,256.0,2048.0,128.0,128.0,136.0,0.0,0.0,0.0,8.0,0.0
16,5,OMP,baseline,4168.0,768.0,2048.0,0.0,0.0,0.0,1088.0,136.0,0.0,0.0,0.0,128.0,0.0
16,5,OMP,optimized,3472.0,768.0,0.0,256.0,2048.0,128.0,128.0,136.0,0.0,0.0,0.0,8.0,0.0
16,6,OMP,baseline,4168.0,768.0,2048.0,0.0,0.0,0.0,1088.0,136.0,0.0,0.0,0.0,128.0,0.0
16,6,OMP,optimized,3472.0,768.0,0.0,256.0,2048.0,128.0,128.0,136.0,0.0,0.0,0.0,8.0,0.0
16,7,OMP,baseline,4168.0,768.0,2048.0,0.0,0.0,0.0,1088.0,136.0,0.0,0.0,0.0,128.0,0.0
16,7,OMP,optimized,3472.0,768.0,0.0,256.0,2048.0,128.0,128.0,136.0,0.0,0.0,0.0,8.0,0.0
16,8,OMP,baseline,4168.0,768.0,2048.0,0.0,0.0,0.0,1088.0,136.0,0.0,0.0,0.0,128.0,0.0
16,8,OMP,optimized,3472.0,768.0,0.0,256.0,2048.0,128.0,128.0,136.0,0.0,0.0,0.0,8.0,0.0
16,9,OMP,baseline,4168.0,768.0,2048.0,0.0,0.0,0.0,1088.0,136.0,0.0,0.0,0.0,128.0,0.0
16,9,OMP,optimized,3472.0,768.0,0.0,256.0,2048.0,128.0,128.0,136.0,0.0,0.0,0.0,8.0,0.0
16,10,OMP,baseline,4168.0,768.0,2048.0,0.0,0.0,0.0,1088.0,136.0,0.0,0.0,0.0,128.0,0.0
16,10,OMP,optimized,3472.0,768.0,0.0,256.0,2048.0,128.0,128.0,136.0,0.0,0.0,0.0,8.0,0.0
16,11,OMP,baseline,4168.0,768.0,2048.0,0.0,0.0,0.0,1088.0,136.0,0.0,0.0,0.0,128.0,0.0
16,11,OMP,optimized,3472.0,768.0,0.0,256.0,2048.0,128.0,128.0,136.0,0.0,0.0,0.0,8.0,0.0
16,12,OMP,baseline,4168.0,768.0,2048.0,0.0,0.0,0.0,1088.0,136.0,0.0,0.0,0.0,128.0,0.0
16,12,OMP,optimized,3472.0,768.0,0.0,256.0,2048.0,128.0,128.0,136.0,0.0,0.0,0.0,8.0,0.0
16,13,OMP,baseline,4168.0,768.0,2048.0,0.0,0.0,0.0,1088.0,136.0,0.0,0.0,0.0,128.0,0.0
16,13,OMP,optimized,3472.0,768.0,0.0,256.0,2048.0,128.0,128.0,136.0,0.0,0.0,0.0,8.0,0.0
16,14,OMP,baseline,4168.0,768.0,2048.0,0.0,0.0,0.0,1088.0,136.0,0.0,0.0,0.0,128.0,0.0
16,14,OMP,optimized,3472.0,768.0,0.0,256.0,2048.0,128.0,128.0,136.0,0.0,0.0,0.0,8.0,0.0
16,15,OMP,baseline,4168.0,768.0,2048.0,0.0,0.0,0.0,1088.0,136.0,0.0,0.0,0.0,128.0,0.0
16,15,OMP,optimized,3472.0,768.0,0.0,256.0,2048.0,128.0,128.0,136.0,0.0,0.0,0.0,8.0,0.0
16,16,OMP,baseline,4168.0,768.0,2048.0,0.0,0.0,0.0,1088.0,136.0,0.0,0.0,0.0,128.0,0.0
16,16,OMP,optimized,3472.0,768.0,0.0,256.0,2048.0,128.0,128.0,136.0,0.0,0.0,0.0,8.0,0.0
16,17,OMP,baseline,4168.0,768.0,2048.0,0.0,0.0,0.0,1088.0,136.0,0.0,0.0,0.0,128.0,0.0
16,17,OMP,optimized,3472.0,768.0,0.0,256.0,2048.0,128.0,128.0,136.0,0.0,0.0,0.0,8.0,0.0
16,18,OMP,baseline,4168.0,768.0,2048.0,0.0,0.0,0.0,1088.0,136.0,0.0,0.0,0.0,128.0,0.0
16,18,OMP,optimized,3472.0,768.0,0.0,256.0,2048.0,128.0,128.0,136.0,0.0,0.0,0.0,8.0,0.0
16,19,OMP,baseline,4168.0,768.0,2048.0,0.0,0.0,0.0,1088.0,136.0,0.0,0.0,0.0,128.0,0.0
16,19,OMP,optimized,3472.0,768.0,0.0,256.0,2048.0,128.0,128.0,136.0,0.0,0.0,0.0,8.0,0.0
16,20,OMP,baseline,4168.0,768.0,2048.0,0.0,0.0,0.0,1088.0,136.0,0.0,0.0,0.0,128.0,0.0
16,20,OMP,optimized,3472.0,768.0,0.0,256.0,2048.0,128.0,128.0,136.0,0.0,0.0,0.0,8.0,0.0
16,21,OMP,baseline,4168.0,768.0,2048.0,0.0,0.0,0.0,1088.0,136.0,0.0,0.0,0.0,128.0,0.0
16,21,OMP,optimized,3472.0,768.0,0.0,256.0,2048.0,128.0,128.0,136.0,0.0,0.0,0.0,8.0,0.0
16,22,OMP,baseline,4168.0,768.0,2048.0,0.0,0.0,0.0,1088.0,136.0,0.0,0.0,0.0,128.0,0.0
16,22,OMP,optimized,3472.0,768.0,0.0,256.0,2048.0,128.0,128.0,136.0,0.0,0.0,0.0,8.0,0.0
16,23,OMP,baseline,4168.0,768.0,2048.0,0.0,0.0,0.0,1088.0,136.0,0.0,0.0,0.0,128.0,0.0
16,23,OMP,optimized,3472.0,768.0,0.0,256.0,2048.0,128.0,128.0,136.0,0.0,0.0,0.0,8.0,0.0
16,24,OMP,baseline,4168.0,768.0,2048.0,0.0,0.0,0.0,1088.0,136.0,0.0,0.0,0.0,128.0,0.0
16,24,OMP,optimized,3472.0,768.0,0.0,256.0,2048.0,128.0,128.0,136.0,0.0,0.0,0.0,8.0,0.0
16,25,OMP,baseline,4168.0,768.0,2048.0,0.0,0.0,0.0,1088.0,136.0,0.0,0.0,0.0,128.0,0.0
16,25,OMP,optimized,3472.0,768.0,0.0,256.0,2048.0,128.0,128.0,136.0,0.0,0.0,0.0,8.0,0.0
16,26,OMP,baseline,4168.0,768.0,2048.0,0.0,0.0,0.0,1088.0,136.0,0.0,0.0,0.0,128.0,0.0
16,26,OMP,optimized,3472.0,768.0,0.0,256.0,2048.0,128.0,128.0,136.0,0.0,0.0,0.0,8.0,0.0
16,27,OMP,baseline,4168.0,768.0,2048.0,0.0,0.0,0.0,1088.0,136.0,0.0,0.0,0.0,128.0,0.0
16,27,OMP,optimized,3472.0,768.0,0.0,256.0,2048.0,128.0,128.0,136.0,0.0,0.0,0.0,8.0,0.0
16,28,OMP,baseline,4168.0,768.0,2048.0,0.0,0.0,0.0,1088.0,136.0,0.0,0.0,0.0,128.0,0.0
16,28,OMP,optimized,3472.0,768.0,0.0,256.0,2048.0,128.0,128.0,136.0,0.0,0.0,0.0,8.0,0.0
16,29,OMP,baseline,4168.0,768.0,2048.0,0.0,0.0,0.0,1088.0,136.0,0.0,0.0,0.0,128.0,0.0
16,29,OMP,optimized,3472.0,768.0,0.0,256.0,2048.0,128.0,128.0,136.0,0.0,0.0,0.0,8.0,0.0
16,30,OMP,baseline,4168.0,768.0,2048.0,0.0,0.0,0.0,1088.0,136.0,0.0,0.0,0.0,128.0,0.0
16,30,OMP,optimized,3472.0,768.0,0.0,256.0,2048.0,128.0,128.0,136.0,0.0,0.0,0.0,8.0,0.0
16,31,OMP,baseline,4168.0,768.0,2048.0,0.0,0.0,0.0,1088.0,136.0,0.0,0.0,0.0,128.0,0.0
16,31,OMP,optimized,3472.0,768.0,0.0,256.0,2048.0,128.0,128.0,136.0,0.0,0.0,0.0,8.0,0.0
16,32,OMP,baseline,4168.0,768.0,2048.0,0.0,0.0,0.0,1088.0,136.0,0.0,0.0,0.0,128.0,0.0
16,32,OMP,optimized,3472.0,768.0,0.0,256.0,2048.0,128.0,128.0,136.0,0.0,0.0,0.0,8.0,0.0
16,33,OMP,baseline,4168.0,768.0,2048.0,0.0,0.0,0.0,1088.0,136.0,0.0,0.0,0.0,128.0,0.0
16,33,OMP,optimized,3472.0,768.0,0.0,256.0,2048.0,128.0,128.0,136.0,0.0,0.0,0.0,8.0,0.0
16,34,OMP,baseline,4168.0,768.0,2048.0,0.0,0.0,0.0,1088.0,136.0,0.0,0.0,0.0,128.0,0.0
16,34,OMP,optimized,3472.0,768.0,0.0,256.0,2048.0,128.0,128.0,136.0,0.0,0.0,0.0,8.0,0.0
16,35,OMP,baseline,4168.0,768.0,2048.0,0.0,0.0,0.0,1088.0,136.0,0.0,0.0,0.0,128.0,0.0
16,35,OMP,optimized,3472.0,768.0,0.0,256.0,2048.0,128.0,128.0,136.0,0.0,0.0,0.0,8.0,0.0
16,36,OMP,baseline,4168.0,768.0,2048.0,0.0,0.0,0.0,1088.0,136.0,0.0,0.0,0.0,128.0,0.0
16,36,OMP,optimized,3472.0,768.0,0.0,256.0,2048.0,128.0,128.0,136.0,0.0,0.0,0.0,8.0,0.0
16,37,OMP,baseline,4168.0,768.0,2048.0,0.0,0.0,0.0,1088.0,136.0,0.0,0.0,0.0,128.0,0.0
16,37,OMP,optimized,3472.0,768.0,0.0,256.0,2048.0,128.0,128.0,136.0,0.0,0.0,0.0,8.0,0.0
16,38,OMP,baseline,4168.0,768.0,2048.0,0.0,0.0,0.0,1088.0,136.0,0.0,0.0,0.0,128.0,0.0
16,38,OMP,optimized,3472.0,768.0,0.0,256.0,2048.0,128.0,128.0,136.0,0.0,0.0,0.0,8.0,0.0
16,39,OMP,baseline,4168.0,768.0,2048.0,0.0,0.0,0.0,1088.0,136.0,0.0,0.0,0.0,128.0,0.0
16,39,OMP,optimized,3472.0,768.0,0.0,256.0,2048.0,128.0,128.0,136.0,0.0,0.0,0.0,8.0,0.0
16,40,OMP,baseline,4168.0,768.0,2048.0,0.0,0.0,0.0,1088.0,136.0,0.0,0.0,0.0,128.0,0.0
16,40,OMP,optimized,3472.0,768.0,0.0,256.0,2048.0,128.0,128.0,136.0,0.0,0.0,0.0,8.0,0.0
16,41,OMP,baseline,4168.0,768.0,2048.0,0.0,0.0,0.0,1088.0,136.0,0.0,0.0,0.0,128.0,0.0
16,41,OMP,optimized,3472.0,768.0,0.0,256.0,2048.0,128.0,128.0,136.0,0.0,0.0,0.0,8.0,0.0
16,42,OMP,baseline,4168.0,768.0,2048.0,0.0,0.0,0.0,1088.0,136.0,0.0,0.0,0.0,128.0,0.0
16,42,OMP,optimized,3472.0,768.0,0.0,256.0,2048.0,128.0,128.0,136.0,0.0,0.0,0.0,8.0,0.0
16,43,OMP,baseline,4168.0,768.0,2048.0,0.0,0.0,0.0,1088.0,136.0,0.0,0.0,0.0,128.0,0.0
16,43,OMP,optimized,3472.0,768.0,0.0,256.0,2048.0,128.0,128.0,136.0,0.0,0.0,0.0,8.0,0.0
16,44,OMP,baseline,4168.0,768.0,2048.0,0.0,0.0,0.0,1088.0,136.0,0.0,0.0,0.0,128.0,0.0
16,44,OMP,optimized,3472.0,768.0,0.0,256.0,2048.0,128.0,128.0,136.0,0.0,0.0,0.0,8.0,0.0
16,45,OMP,baseline,4168.0,768.0,2048.0,0.0,0.0,0.0,1088.0,136.0,0.0,0.0,0.0,128.0,0.0
16,45,OMP,optimized,3472.0,768.0,0.0,256.0,2048.0,128.0,128.0,136.0,0.0,0.0,0.0,8.0,0.0
16,46,OMP,baseline,4168.0,768.0,2048.0,0.0,0.0,0.0,1088.0,136.0,0.0,0.0,0.0,128.0,0.0
16,46,OMP,optimized,3472.0,768.0,0.0,256.0,2048.0,128.0,128.0,136.0,0.0,0.0,0.0,8.0,0.0
16,47,OMP,baseline,4168.0,768.0,2048.0,0.0,0.0,0.0,1088.0,136.0,0.0,0.0,0.0,128.0,0.0
16,47,OMP,optimized,3472.0,768.0,0.0,256.0,2048.0,128.0,128.0,136.0,0.0,0.0,0.0,8.0,0.0
16,48,OMP,baseline,4168.0,768.0,2048.0,0.0,0.0,0.0,1088.0,136.0,0.0,0.0,0.0,128.0,0.0
16,48,OMP,optimized,3472.0,768.0,0.0,256.0,2048.0,128.0,128.0,136.0,0.0,0.0,0.0,8.0,0.0
16,49,OMP,baseline,4168.0,768.0,2048.0,0.0,0.0,0.0,1088.0,136.0,0.0,0.0,0.0,128.0,0.0
16,49,OMP,optimized,3472.0,768.0,0.0,256.0,2048.0,128.0,128.0,136.0,0.0,0.0,0.0,8.0,0.0
16,50,OMP,baseline,4168.0,768.0,2048.0,0.0,0.0,0.0,1088.0,136.0,0.0,0.0,0.0,128.0,0.0
16,50,OMP,optimized,3472.0,768.0,0.0,256.0,2048.0,128.0,128.0,136.0,0.0,0.0,0.0,8.0,0.0
16,51,OMP,baseline,4168.0,768.0,2048.0,0.0,0.0,0.0,1088.0,136.0,0.0,0.0,0.0,128.0,0.0
16,51,OMP,optimized,3472.0,768.0,0.0,256.0,2048.0,128.0,128.0,136.0,0.0,0.0,0.0,8.0,0.0
16,52,OMP,baseline,4168.0,768.0,2048.0,0.0,0.0,0.0,1088.0,136.0,0.0,0.0,0.0,128.0,0.0
16,52,OMP,optimized,3472.0,768.0,0.0,256.0,2048.0,128.0,128.0,136.0,0.0,0.0,0.0,8.0,0.0
16,53,OMP,baseline,4168.0,768.0,2048.0,0.0,0.0,0.0,1088.0,136.0,0.0,0.0,0.0,128.0,0.0
16,53,OMP,optimized,3472.0,768.0,0.0,256.0,2048.0,128.0,128.0,136.0,0.0,0.0,0.0,8.0,0.0
16,54,OMP,baseline,4168.0,768.0,2048.0,0.0,0.0,0.0,1088.0,136.0,0.0,0.0,0.0,128.0,0.0
16,54,OMP,optimized,3472.0,768.0,0.0,256.0,2048.0,128.0,128.0,136.0,0.0,0.0,0.0,8.0,0.0
16,55,OMP,baseline,4168.0,768.0,2048.0,0.0,0.0,0.0,1088.0,136.0,0.0,0.0,0.0,128.0,0.0
16,55,OMP,optimized,3472.0,768.0,0.0,256.0,2048.0,128.0,128.0,136.0,0.0,0.0,0.0,8.0,0.0
16,56,OMP,baseline,4168.0,768.0,2048.0,0.0,0.0,0.0,1088.0,136.0,0.0,0.0,0.0,128.0,0.0
16,56,OMP,optimized,3472.0,768.0,0.0,256.0,2048.0,128.0,128.0,136.0,0.0,0.0,0.0,8.0,0.0
16,57,OMP,baseline,4168.0,768.0,2048.0,0.0,0.0,0.0,1088.0,136.0,0.0,0.0,0.0,128.0,0.0
16,57,OMP,optimized,3472.0,768.0,0.0,256.0,2048.0,128.0,128.0,136.0,0.0,0.0,0.0,8.0,0.0
16,58,OMP,baseline,4168.0,768.0,2048.0,0.0,0.0,0.0,1088.0,136.0,0.0,0.0,0.0,128.0,0.0
16,58,OMP,optimized,3472.0,768.0,0.0,256.0,2048.0,128.0,128.0,136.0,0.0,0.0,0.0,8.0,0.0
16,59,OMP,baseline,4168.0,768.0,2048.0,0.0,0.0,0.0,1088.0,136.0,0.0,0.0,0.0,128.0,0.0
16,59,OMP,optimized,3472.0,768.0,0.0,256.0,2048.0,128.0,128.0,136.0,0.0,0.0,0.0,8.0,0.0
16,60,OMP,baseline,4168.0,768.0,2048.0,0.0,0.0,0.0,1088.0,136.0,0.0,0.0,0.0,128.0,0.0
16,60,OMP,optimized,3472.0,768.0,0.0,256.0,2048.0,128.0,128.0,136.0,0.0,0.0,0.0,8.0,0.0
16,61,OMP,baseline,4168.0,768.0,2048.0,0.0,0.0,0.0,1088.0,136.0,0.0,0.0,0.0,128.0,0.0
16,61,OMP,optimized,3472.0,768.0,0.0,256.0,2048.0,128.0,128.0,136.0,0.0,0.0,0.0,8.0,0.0
16,62,OMP,baseline,4168.0,768.0,2048.0,0.0,0.0,0.0,1088.0,136.0,0.0,0.0,0.0,128.0,0.0
16,62,OMP,optimized,3472.0,768.0,0.0,256.0,2048.0,128.0,128.0,136.0,0.0,0.0,0.0,8.0,0.0
16,63,OMP,baseline,4168.0,768.0,2048.0,0.0,0.0,0.0,1088.0,136.0,0.0,0.0,0.0,128.0,0.0
16,63,OMP,optimized,3472.0,768.0,0.0,256.0,2048.0,128.0,128.0,136.0,0.0,0.0,0.0,8.0,0.0
16,64,OMP,baseline,4168.0,768.0,2048.0,0.0,0.0,0.0,1088.0,136.0,0.0,0.0,0.0,128.0,0.0
16,64,OMP,optimized,3472.0,768.0,0.0,256.0,2048.0,128.0,128.0,136.0,0.0,0.0,0.0,8.0,0.0
16,65,OMP,baseline,4168.0,768.0,2048.0,0.0,0.0,0.0,1088.0,136.0,0.0,0.0,0.0,128.0,0.0
16,65,OMP,optimized,3472.0,768.0,0.0,256.0,2048.0,128.0,128.0,136.0,0.0,0.0,0.0,8.0,0.0
16,66,OMP,baseline,4168.0,768.0,2048.0,0.0,0.0,0.0,1088.0,136.0,0.0,0.0,0.0,128.0,0.0
16,66,OMP,optimized,3472.0,768.0,0.0,256.0,2048.0,128.0,128.0,136.0,0.0,0.0,0.0,8.0,0.0
16,67,OMP,baseline,4168.0,768.0,2048.0,0.0,0.0,0.0,1088.0,136.0,0.0,0.0,0.0,128.0,0.0
16,67,OMP,optimized,3472.0,768.0,0.0,256.0,2048.0,128.0,128.0,136.0,0.0,0.0,0.0,8.0,0.0
16,68,OMP,baseline,4168.0,768.0,2048.0,0.0,0.0,0.0,1088.0,136.0,0.0,0.0,0.0,128.0,0.0
16,68,OMP,optimized,3472.0,768.0,0.0,256.0,2048.0,128.0,128.0,136.0,0.0,0.0,0.0,8.0,0.0
16,69,OMP,baseline,4168.0,768.0,2048.0,0.0,0.0,0.0,1088.0,136.0,0.0,0.0,0.0,128.0,0.0
16,69,OMP,optimized,3472.0,768.0,0.0,256.0,2048.0,128.0,128.0,136.0,0.0,0.0,0.0,8.0,0.0
16,70,OMP,baseline,4168.0,768.0,2048.0,0.0,0.0,0.0,1088.0,136.0,0.0,0.0,0.0,128.0,0.0
16,70,OMP,optimized,3472.0,768.0,0.0,256.0,2048.0,128.0,128.0,136.0,0.0,0.0,0.0,8.0,0.0
16,71,OMP,baseline,4168.0,768.0,2048.0,0.0,0.0,0.0,1088.0,136.0,0.0,0.0,0.0,128.0,0.0
16,71,OMP,optimized,3472.0,768.0,0.0,256.0,2048.0,128.0,128.0,136.0,0.0,0.0,0.0,8.0,0.0
16,72,OMP,baseline,4168.0,768.0,2048.0,0.0,0.0,0.0,1088.0,136.0,0.0,0.0,0.0,128.0,0.0
16,72,OMP,optimized,3472.0,768.0,0.0,256.0,2048.0,128.0,128.0,136.0,0.0,0.0,0.0,8.0,0.0
16,73,OMP,baseline,4168.0,768.0,2048.0,0.0,0.0,0.0,1088.0,136.0,0.0,0.0,0.0,128.0,0.0
16,73,OMP,optimized,3472.0,768.0,0.0,256.0,2048.0,128.0,128.0,136.0,0.0,0.0,0.0,8.0,0.0
16,74,OMP,baseline,4168.0,768.0,2048.0,0.0,0.0,0.0,1088.0,136.0,0.0,0.0,0.0,128.0,0.0
16,74,OMP,optimized,3472.0,768.0,0.0,256.0,2048.0,128.0,128.0,136.0,0.0,0.0,0.0,8.0,0.0
16,75,OMP,baseline,4168.0,768.0,2048.0,0.0,0.0,0.0,1088.0,136.0,0.0,0.0,0.0,128.0,0.0
16,75,OMP,optimized,3472.0,768.0,0.0,256.0,2048.0,128.0,128.0,136.0,0.0,0.0,0.0,8.0,0.0
16,76,OMP,baseline,4168.0,768.0,2048.0,0.0,0.0,0.0,1088.0,136.0,0.0,0.0,0.0,128.0,0.0
16,76,OMP,optimized,3472.0,768.0,0.0,256.0,2048.0,128.0,128.0,136.0,0.0,0.0,0.0,8.0,0.0
16,77,OMP,baseline,4168.0,768.0,2048.0,0.0,0.0,0.0,1088.0,136.0,0.0,0.0,0.0,128.0,0.0
16,77,OMP,optimized,3472.0,768.0,0.0,256.0,2048.0,128.0,128.0,136.0,0.0,0.0,0.0,8.0,0.0
16,78,OMP,baseline,4168.0,768.0,2048.0,0.0,0.0,0.0,1088.0,136.0,0.0,0.0,0.0,128.0,0.0
16,78,OMP,optimized,3472.0,768.0,0.0,256.0,2048.0,128.0,128.0,136.0,0.0,0.0,0.0,8.0,0.0
16,79,OMP,baseline,4168.0,768.0,2048.0,0.0,0.0,0.0,1088.0,136.0,0.0,0.0,0.0,128.0,0.0
16,79,OMP,optimized,3472.0,768.0,0.0,256.0,2048.0,128.0,128.0,136.0,0.0,0.0,0.0,8.0,0.0
16,80,OMP,baseline,4168.0,768.0,2048.0,0.0,0.0,0.0,1088.0,136.0,0.0,0.0,0.0,128.0,0.0
16,80,OMP,optimized,3472.0,768.0,0.0,256.0,2048.0,128.0,128.0,136.0,0.0,0.0,0.0,8.0,0.0
16,81,OMP,baseline,4168.0,768.0,2048.0,0.0,0.0,0.0,1088.0,136.0,0.0,0.0,0.0,128.0,0.0
16,81,OMP,optimized,3472.0,768.0,0.0,256.0,2048.0,128.0,128.0,136.0,0.0,0.0,0.0,8.0,0.0
16,82,OMP,baseline,4168.0,768.0,2048.0,0.0,0.0,0.0,1088.0,136.0,0.0,0.0,0.0,128.0,0.0
16,82,OMP,optimized,3472.0,768.0,0.0,256.0,2048.0,128.0,128.0,136.0,0.0,0.0,0.0,8.0,0.0
16,83,OMP,baseline,4168.0,768.0,2048.0,0.0,0.0,0.0,1088.0,136.0,0.0,0.0,0.0,128.0,0.0
16,83,OMP,optimized,3472.0,768.0,0.0,256.0,2048.0,128.0,128.0,136.0,0.0,0.0,0.0,8.0,0.0
16,84,OMP,baseline,4168.0,768.0,2048.0,0.0,0.0,0.0,1088.0,136.0,0.0,0.0,0.0,128.0,0.0
16,84,OMP,optimized,3472.0,768.0,0.0,256.0,2048.0,128.0,128.0,136.0,0.0,0.0,0.0,8.0,0.0
16,85,OMP,baseline,4168.0,768.0,2048.0,0.0,0.0,0.0,1088.0,136.0,0.0,0.0,0.0,128.0,0.0
16,85,OMP,optimized,3472.0,768.0,0.0,256.0,2048.0,128.0,128.0,136.0,0.0,0.0,0.0,8.0,0.0
16,86,OMP,baseline,4168.0,768.0,2048.0,0.0,0.0,0.0,1088.0,136.0,0.0,0.0,0.0,128.0,0.0
16,86,OMP,optimized,3472.0,768.0,0.0,256.0,2048.0,128.0,128.0,136.0,0.0,0.0,0.0,8.0,0.0
16,87,OMP,baseline,4168.0,768.0,2048.0,0.0,0.0,0.0,1088.0,136.0,0.0,0.0,0.0,128.0,0.0
16,87,OMP,optimized,3472.0,768.0,0.0,256.0,2048.0,128.0,128.0,136.0,0.0,0.0,0.0,8.0,0.0
16,88,OMP,baseline,4168.0,768.0,2048.0,0.0,0.0,0.0,1088.0,136.0,0.0,0.0,0.0,128.0,0.0
16,88,OMP,optimized,3472.0,768.0,0.0,256.0,2048.0,128.0,128.0,136.0,0.0,0.0,0.0,8.0,0.0
16,89,OMP,baseline,4168.0,768.0,2048.0,0.0,0.0,0.0,1088.0,136.0,0.0,0.0,0.0,128.0,0.0
16,89,OMP,optimized,3472.0,768.0,0.0,256.0,2048.0,128.0,128.0,136.0,0.0,0.0,0.0,8.0,0.0
16,90,OMP,baseline,4168.0,768.0,2048.0,0.0,0.0,0.0,1088.0,136.0,0.0,0.0,0.0,128.0,0.0
16,90,OMP,optimized,3472.0,768.0,0.0,256.0,2048.0,128.0,128.0,136.0,0.0,0.0,0.0,8.0,0.0
16,91,OMP,baseline,4168.0,768.0,2048.0,0.0,0.0,0.0,1088.0,136.0,0.0,0.0,0.0,128.0,0.0
16,91,OMP,optimized,3472.0,768.0,0.0,256.0,2048.0,128.0,128.0,136.0,0.0,0.0,0.0,8.0,0.0
16,92,OMP,baseline,4168.0,768.0,2048.0,0.0,0.0,0.0,1088.0,136.0,0.0,0.0,0.0,128.0,0.0
16,92,OMP,optimized,3472.0,768.0,0.0,256.0,2048.0,128.0,128.0,136.0,0.0,0.0,0.0,8.0,0.0
16,93,OMP,baseline,4168.0,768.0,2048.0,0.0,0.0,0.0,1088.0,136.0,0.0,0.0,0.0,128.0,0.0
16,93,OMP,optimized,3472.0,768.0,0.0,256.0,2048.0,128.0,128.0,136.0,0.0,0.0,0.0,8.0,0.0
16,94,OMP,baseline,4168.0,768.0,2048.0,0.0,0.0,0.0,1088.0,136.0,0.0,0.0,0.0,128.0,0.0
16,94,OMP,optimized,3472.0,768.0,0.0,256.0,2048.0,128.0,128.0,136.0,0.0,0.0,0.0,8.0,0.0
16,95,OMP,baseline,4168.0,768.0,2048.0,0.0,0.0,0.0,1088.0,136.0,0.0,0.0,0.0,128.0,0.0
16,95,OMP,optimized,3472.0,768.0,0.0,256.0,2048.0,128.0,128.0,136.0,0.0,0.0,0.0,8.0,0.0
16,96,OMP,baseline,4168.0,768.0,2048.0,0.0,0.0,0.0,1088.0,136.0,0.0,0.0,0.0,128.0,0.0
16,96,OMP,optimized,3472.0,768.0,0.0,256.0,2048.0,128.0,128.0,136.0,0.0,0.0,0.0,8.0,0.0
16,97,OMP,baseline,4168.0,768.0,2048.0,0.0,0.0,0.0,1088.0,136.0,0.0,0.0,0.0,128.0,0.0
16,97,OMP,optimized,3472.0,768.0,0.0,256.0,2048.0,128.0,128.0,136.0,0.0,0.0,0.0,8.0,0.0
16,98,OMP,baseline,4168.0,768.0,2048.0,0.0,0.0,0.0,1088.0,136.0,0.0,0.0,0.0,128.0,0.0
16,98,OMP,optimized,3472.0,768.0,0.0,256.0,2048.0,128.0,128.0,136.0,0.0,0.0,0.0,8.0,0.0
16,99,OMP,baseline,4168.0,768.0,2048.0,0.0,0.0,0.0,1088.0,136.0,0.0,0.0,0.0,128.0,0.0
16,99,OMP,optimized,3472.0,768.0,0.0,256.0,2048.0,128.0,128.0,136.0,0.0,0.0,0.0,8.0,0.0
16,100,OMP,baseline,4168.0,768.0,2048.0,0.0,0.0,0.0,1088.0,136.0,0.0,0.0,0.0,128.0,0.0
16,100,OMP,optimized,3472.0,768.0,0.0,256.0,2048.0,128.0,128.0,136.0,0.0,0.0,0.0,8.0,0.0
16,101,OMP,baseline,4168.0,768.0,2048.0,0.0,0.0,0.0,1088.0,136.0,0.0,0.0,0.0,128.0,0.0
16,101,OMP,optimized,3472.0,768.0,0.0,256.0,2048.0,128.0,128.0,136.0,0.0,0.0,0.0,8.0,0.0
16,102,OMP,baseline,4168.0,768.0,2048.0,0.0,0.0,0.0,1088.0,136.0,0.0,0.0,0.0,128.0,0.0
16,102,OMP,optimized,3472.0,768.0,0.0,256.0,2048.0,128.0,128.0,136.0,0.0,0.0,0.0,8.0,0.0
16,103,OMP,baseline,4168.0,768.0,2048.0,0.0,0.0,0.0,1088.0,136.0,0.0,0.0,0.0,128.0,0.0
16,103,OMP,optimized,3472.0,768.0,0.0,256.0,2048.0,128.0,128.0,136.0,0.0,0.0,0.0,8.0,0.0
16,104,OMP,baseline,4168.0,768.0,2048.0,0.0,0.0,0.0,1088.0,136.0,0.0,0.0,0.0,128.0,0.0
16,104,OMP,optimized,3472.0,768.0,0.0,256.0,2048.0,128.0,128.0,136.0,0.0,0.0,0.0,8.0,0.0
16,105,OMP,baseline,4168.0,768.0,2048.0,0.0,0.0,0.0,1088.0,136.0,0.0,0.0,0.0,128.0,0.0
16,105,OMP,optimized,3472.0,768.0,0.0,256.0,2048.0,128.0,128.0,136.0,0.0,0.0,0.0,8.0,0.0
16,106,OMP,baseline,4168.0,768.0,2048.0,0.0,0.0,0.0,1088.0,136.0,0.0,0.0,0.0,128.0,0.0
16,106,OMP,optimized,3472.0,768.0,0.0,256.0,2048.0,128.0,128.0,136.0,0.0,0.0,0.0,8.0,0.0
16,107,OMP,baseline,4168.0,768.0,2048.0,0.0,0.0,0.0,1088.0,136.0,0.0,0.0,0.0,128.0,0.0
16,107,OMP,optimized,3472.0,768.0,0.0,256.0,2048.0,128.0,128.0,136.0,0.0,0.0,0.0,8.0,0.0
16,108,OMP,baseline,4168.0,768.0,2048.0,0.0,0.0,0.0,1088.0,136.0,0.0,0.0,0.0,128.0,0.0
16,108,OMP,optimized,3472.0,768.0,0.0,256.0,2048.0,128.0,128.0,136.0,0.0,0.0,0.0,8.0,0.0
16,109,OMP,baseline,4168.0,768.0,2048.0,0.0,0.0,0.0,1088.0,136.0,0.0,0.0,0.0,128.0,0.0
16,109,OMP,optimized,3472.0,768.0,0.0,256.0,2048.0,128.0,128.0,136.0,0.0,0.0,0.0,8.0,0.0
16,110,OMP,baseline,4168.0,768.0,2048.0,0.0,0.0,0.0,1088.0,136.0,0.0,0.0,0.0,128.0,0.0
16,110,OMP,optimized,3472.0,768.0,0.0,256.0,2048.0,128.0,128.0,136.0,0.0,0.0,0.0,8.0,0.0
16,111,OMP,baseline,4168.0,768.0,2048.0,0.0,0.0,0.0,1088.0,136.0,0.0,0.0,0.0,128.0,0.0
16,111,OMP,optimized,3472.0,768.0,0.0,256.0,2048.0,128.0,128.0,136.0,0.0,0.0,0.0,8.0,0.0
16,112,OMP,baseline,4168.0,768.0,2048.0,0.0,0.0,0.0,1088.0,136.0,0.0,0.0,0.0,128.0,0.0
16,112,OMP,optimized,3472.0,768.0,0.0,256.0,2048.0,128.0,128.0,136.0,0.0,0.0,0.0,8.0,0.0
16,113,OMP,baseline,4168.0,768.0,2048.0,0.0,0.0,0.0,1088.0,136.0,0.0,0.0,0.0,128.0,0.0
16,113,OMP,optimized,3472.0,768.0,0.0,256.0,2048.0,128.0,128.0,136.0,0.0,0.0,0.0,8.0,0.0
16,114,OMP,baseline,4168.0,768.0,2048.0,0.0,0.0,0.0,1088.0,136.0,0.0,0.0,0.0,128.0,0.0
16,114,OMP,optimized,3472.0,768.0,0.0,256.0,2048.0,128.0,128.0,136.0,0.0,0.0,0.0,8.0,0.0
16,115,OMP,baseline,4168.0,768.0,2048.0,0.0,0.0,0.0,1088.0,136.0,0.0,0.0,0.0,128.0,0.0
16,115,OMP,optimized,3472.0,768.0,0.0,256.0,2048.0,128.0,128.0,136.0,0.0,0.0,0.0,8.0,0.0
16,116,OMP,baseline,4168.0,768.0,2048.0,0.0,0.0,0.0,1088.0,136.0,0.0,0.0,0.0,128.0,0.0
16,116,OMP,optimized,3472.0,768.0,0.0,256.0,2048.0,128.0,128.0,136.0,0.0,0.0,0.0,8.0,0.0
16,117,OMP,baseline,4168.0,768.0,2048.0,0.0,0.0,0.0,1088.0,136.0,0.0,0.0,0.0,128.0,0.0
16,117,OMP,optimized,3472.0,768.0,0.0,256.0,2048.0,128.0,128.0,136.0,0.0,0.0,0.0,8.0,0.0
16,118,OMP,baseline,4168.0,768.0,2048.0,0.0,0.0,0.0,1088.0,136.0,0.0,0.0,0.0,128.0,0.0
16,118,OMP,optimized,3472.0,768.0,0.0,256.0,2048.0,128.0,128.0,136.0,0.0,0.0,0.0,8.0,0.0
16,119,OMP,baseline,4168.0,768.0,2048.0,0.0,0.0,0.0,1088.0,136.0,0.0,0.0,0.0,128.0,0.0
16,119,OMP,optimized,3472.0,768.0,0.0,256.0,2048.0,128.0,128.0,136.0,0.0,0.0,0.0,8.0,0.0
16,120,OMP,baseline,4168.0,768.0,2048.0,0.0,0.0,0.0,1088.0,136.0,0.0,0.0,0.0,128.0,0.0
16,120,OMP,optimized,3472.0,768.0,0.0,256.0,2048.0,128.0,128.0,136.0,0.0,0.0,0.0,8.0,0.0
16,121,OMP,baseline,4168.0,768.0,2048.0,0.0,0.0,0.0,1088.0,136.0,0.0,0.0,0.0,128.0,0.0
16,121,OMP,optimized,3472.0,768.0,0.0,256.0,2048.0,128.0,128.0,136.0,0.0,0.0,0.0,8.0,0.0
16,122,OMP,baseline,4168.0,768.0,2048.0,0.0,0.0,0.0,1088.0,136.0,0.0,0.0,0.0,128.0,0.0
16,122,OMP,optimized,3472.0,768.0,0.0,256.0,2048.0,128.0,128.0,136.0,0.0,0.0,0.0,8.0,0.0
16,123,OMP,baseline,4168.0,768.0,2048.0,0.0,0.0,0.0,1088.0,136.0,0.0,0.0,0.0,128.0,0.0
16,123,OMP,optimized,3472.0,768.0,0.0,256.0,2048.0,128.0,128.0,136.0,0.0,0.0,0.0,8.0,0.0
16,124,OMP,baseline,4168.0,768.0,2048.0,0.0,0.0,0.0,1088.0,136.0,0.0,0.0,0.0,128.0,0.0
16,124,OMP,optimized,3472.0,768.0,0.0,256.0,2048.0,128.0,128.0,136.0,0.0,0.0,0.0,8.0,0.0
16,125,OMP,baseline,4168.0,768.0,2048.0,0.0,0.0,0.0,1088.0,136.0,0.0,0.0,0.0,128.0,0.0
16,125,OMP,optimized,3472.0,768.0,0.0,256.0,2048.0,128.0,128.0,136.0,0.0,0.0,0.0,8.0,0.0
16,126,OMP,baseline,4168.0,768.0,2048.0,0.0,0.0,0.0,1088.0,136.0,0.0,0.0,0.0,128.0,0.0
16,126,OMP,optimized,3472.0,768.0,0.0,256.0,2048.0,128.0,128.0,136.0,0.0,0.0,0.0,8.0,0.0
16,127,OMP,baseline,4168.0,768.0,2048.0,0.0,0.0,0.0,1088.0,136.0,0.0,0.0,0.0,128.0,0.0
16,127,OMP,optimized,3472.0,768.0,0.0,256.0,2048.0,128.0,128.0,136.0,0.0,0.0,0.0,8.0,0.0
16,128,OMP,baseline,4168.0,768.0,2048.0,0.0,0.0,0.0,1088.0,136.0,0.0,0.0,0.0,128.0,0.0
16,128,OMP,optimized,3472.0,768.0,0.0,256.0,2048.0,128.0,128.0,136.0,0.0,0.0,0.0,8.0,0.0
16,129,OMP,baseline,4168.0,768.0,2048.0,0.0,0.0,0.0,1088.0,136.0,0.0,0.0,0.0,128.0,0.0
16,129,OMP,optimized,3472.0,768.0,0.0,256.0,2048.0,128.0,128.0,136.0,0.0,0.0,0.0,8.0,0.0
16,130,OMP,baseline,4168.0,768.0,2048.0,0.0,0.0,0.0,1088.0,136.0,0.0,0.0,0.0,128.0,0.0
16,130,OMP,optimized,3472.0,768.0,0.0,256.0,2048.0,128.0,128.0,136.0,0.0,0.0,0.0,8.0,0.0
16,131,OMP,baseline,4168.0,768.0,2048.0,0.0,0.0,0.0,1088.0,136.0,0.0,0.0,0.0,128.0,0.0
16,131,OMP,optimized,3472.0,768.0,0.0,256.0,2048.0,128.0,128.0,136.0,0.0,0.0,0.0,8.0,0.0
16,132,OMP,baseline,4168.0,768.0,2048.0,0.0,0.0,0.0,1088.0,136.0,0.0,0.0,0.0,128.0,0.0
16,132,OMP,optimized,3472.0,768.0,0.0,256.0,2048.0,128.0,128.0,136.0,0.0,0.0,0.0,8.0,0.0
16,133,OMP,baseline,4168.0,768.0,2048.0,0.0,0.0,0.0,1088.0,136.0,0.0,0.0,0.0,128.0,0.0
16,133,OMP,optimized,3472.0,768.0,0.0,256.0,2048.0,128.0,128.0,136.0,0.0,0.0,0.0,8.0,0.0
16,134,OMP,baseline,4168.0,768.0,2048.0,0.0,0.0,0.0,1088.0,136.0,0.0,0.0,0.0,128.0,0.0
16,134,OMP,optimized,3472.0,768.0,0.0,256.0,2048.0,128.0,128.0,136.0,0.0,0.0,0.0,8.0,0.0
16,135,OMP,baseline,4168.0,768.0,2048.0,0.0,0.0,0.0,1088.0,136.0,0.0,0.0,0.0,128.0,0.0
16,135,OMP,optimized,3472.0,768.0,0.0,256.0,2048.0,128.0,128.0,136.0,0.0,0.0,0.0,8.0,0.0
16,136,OMP,baseline,4168.0,768.0,2048.0,0.0,0.0,0.0,1088.0,136.0,0.0,0.0,0.0,128.0,0.0
16,136,OMP,optimized,3472.0,768.0,0.0,256.0,2048.0,128.0,128.0,136.0,0.0,0.0,0.0,8.0,0.0
16,137,OMP,baseline,4168.0,768.0,2048.0,0.0,0.0,0.0,1088.0,136.0,0.0,0.0,0.0,128.0,0.0
16,137,OMP,optimized,3472.0,768.0,0.0,256.0,2048.0,128.0,128.0,136.0,0.0,0.0,0.0,8.0,0.0
16,138,OMP,baseline,4168.0,768.0,2048.0,0.0,0.0,0.0,1088.0,136.0,0.0,0.0,0.0,128.0,0.0
16,138,OMP,optimized,3472.0,768.0,0.0,256.0,2048.0,128.0,128.0,136.0,0.0,0.0,0.0,8.0,0.0
16,139,OMP,baseline,4168.0,768.0,2048.0,0.0,0.0,0.0,1088.0,136.0,0.0,0.0,0.0,128.0,0.0
16,139,OMP,optimized,3472.0,768.0,0.0,256.0,2048.0,128.0,128.0,136.0,0.0,0.0,0.0,8.0,0.0
16,140,OMP,baseline,4168.0,768.0,2048.0,0.0,0.0,0.0,1088.0,136.0,0.0,0.0,0.0,128.0,0.0
16,140,OMP,optimized,3472.0,768.0,0.0,256.0,2048.0,128.0,128.0,136.0,0.0,0.0,0.0,8.0,0.0
16,141,OMP,baseline,4168.0,768.0,2048.0,0.0,0.0,0.0,1088.0,136.0,0.0,0.0,0.0,128.0,0.0
16,141,OMP,optimized,3472.0,768.0,0.0,256.0,2048.0,128.0,128.0,136.0,0.0,0.0,0.0,8.0,0.0
16,142,OMP,baseline,4168.0,768.0,2048.0,0.0,0.0,0.0,1088.0,136.0,0.0,0.0,0.0,128.0,0.0
16,142,OMP,optimized,3472.0,768.0,0.0,256.0,2048.0,128.0,128.0,136.0,0.0,0.0,0.0,8.0,0.0
16,143,OMP,baseline,4168.0,768.0,2048.0,0.0,0.0,0.0,1088.0,136.0,0.0,0.0,0.0,128.0,0.0
16,143,OMP,optimized,3472.0,768.0,0.0,256.0,2048.0,128.0,128.0,136.0,0.0,0.0,0.0,8.0,0.0
16,144,OMP,baseline,4168.0,768.0,2048.0,0.0,0.0,0.0,1088.0,136.0,0.0,0.0,0.0,128.0,0.0
16,144,OMP,optimized,3472.0,768.0,0.0,256.0,2048.0,128.0,128.0,136.0,0.0,0.0,0.0,8.0,0.0
16,145,OMP,baseline,4168.0,768.0,2048.0,0.0,0.0,0.0,1088.0,136.0,0.0,0.0,0.0,128.0,0.0
16,145,OMP,optimized,3472.0,768.0,0.0,256.0,2048.0,128.0,128.0,136.0,0.0,0.0,0.0,8.0,0.0
16,146,OMP,baseline,4168.0,768.0,2048.0,0.0,0.0,0.0,1088.0,136.0,0.0,0.0,0.0,128.0,0.0
16,146,OMP,optimized,3472.0,768.0,0.0,256.0,2048.0,128.0,128.0,136.0,0.0,0.0,0.0,8.0,0.0
16,147,OMP,baseline,4168.0,768.0,2048.0,0.0,0.0,0.0,1088.0,136.0,0.0,0.0,0.0,128.0,0.0
16,147,OMP,optimized,3472.0,768.0,0.0,256.0,2048.0,128.0,128.0,136.0,0.0,0.0,0.0,8.0,0.0
16,148,OMP,baseline,4168.0,768.0,2048.0,0.0,0.0,0.0,1088.0,136.0,0.0,0.0,0.0,128.0,0.0
16,148,OMP,optimized,3472.0,768.0,0.0,256.0,2048.0,128.0,128.0,136.0,0.0,0.0,0.0,8.0,0.0
16,149,OMP,baseline,4168.0,768.0,2048.0,0.0,0.0,0.0,1088.0,136.0,0.0,0.0,0.0,128.0,0.0
16,149,OMP,optimized,3472.0,768.0,0.0,256.0,2048.0,128.0,128.0,136.0,0.0,0.0,0.0,8.0,0.0
16,150,OMP,baseline,4168.0,768.0,2048.0,0.0,0.0,0.0,1088.0,136.0,0.0,0.0,0.0,128.0,0.0
16,150,OMP,optimized,3472.0,768.0,0.0,256.0,2048.0,128.0,128.0,136.0,0.0,0.0,0.0,8.0,0.0
16,151,OMP,baseline,4168.0,768.0,2048.0,0.0,0.0,0.0,1088.0,136.0,0.0,0.0,0.0,128.0,0.0
16,151,OMP,optimized,3472.0,768.0,0.0,256.0,2048.0,128.0,128.0,136.0,0.0,0.0,0.0,8.0,0.0
16,152,OMP,baseline,4168.0,768.0,2048.0,0.0,0.0,0.0,1088.0,136.0,0.0,0.0,0.0,128.0,0.0
16,152,OMP,optimized,3472.0,768.0,0.0,256.0,2048.0,128.0,128.0,136.0,0.0,0.0,0.0,8.0,0.0
16,153,OMP,baseline,4168.0,768.0,2048.0,0.0,0.0,0.0,1088.0,136.0,0.0,0.0,0.0,128.0,0.0
16,153,OMP,optimized,3472.0,768.0,0.0,256.0,2048.0,128.0,128.0,136.0,0.0,0.0,0.0,8.0,0.0
16,154,OMP,baseline,4168.0,768.0,2048.0,0.0,0.0,0.0,1088.0,136.0,0.0,0.0,0.0,128.0,0.0
16,154,OMP,optimized,3472.0,768.0,0.0,256.0,2048.0,128.0,128.0,136.0,0.0,0.0,0.0,8.0,0.0
16,155,OMP,baseline,4168.0,768.0,2048.0,0.0,0.0,0.0,1088.0,136.0,0.0,0.0,0.0,128.0,0.0
16,155,OMP,optimized,3472.0,768.0,0.0,256.0,2048.0,128.0,128.0,136.0,0.0,0.0,0.0,8.0,0.0
16,156,OMP,baseline,4168.0,768.0,2048.0,0.0,0.0,0.0,1088.0,136.0,0.0,0.0,0.0,128.0,0.0
16,156,OMP,optimized,3472.0,768.0,0.0,256.0,2048.0,128.0,128.0,136.0,0.0,0.0,0.0,8.0,0.0
16,157,OMP,baseline,4168.0,768.0,2048.0,0.0,0.0,0.0,1088.0,136.0,0.0,0.0,0.0,128.0,0.0
16,157,OMP,optimized,3472.0,768.0,0.0,256.0,2048.0,128.0,128.0,136.0,0.0,0.0,0.0,8.0,0.0
16,158,OMP,baseline,4168.0,768.0,2048.0,0.0,0.0,0.0,1088.0,136.0,0.0,0.0,0.0,128.0,0.0
16,158,OMP,optimized,3472.0,768.0,0.0,256.0,2048.0,128.0,128.0,136.0,0.0,0.0,0.0,8.0,0.0
16,159,OMP,baseline,4168.0,768.0,2048.0,0.0,0.0,0.0,1088.0,136.0,0.0,0.0,0.0,128.0,0.0
16,159,OMP,optimized,3472.0,768.0,0.0,256.0,2048.0,128.0,128.0,136.0,0.0,0.0,0.0,8.0,0.0
16,160,OMP,baseline,4168.0,768.0,2048.0,0.0,0.0,0.0,1088.0,136.0,0.0,0.0,0.0,128.0,0.0
16,160,OMP,optimized,3472.0,768.0,0.0,256.0,2048.0,128.0,128.0,136.0,0.0,0.0,0.0,8.0,0.0
16,161,OMP,baseline,4168.0,768.0,2048.0,0.0,0.0,0.0,1088.0,136.0,0.0,0.0,0.0,128.0,0.0
16,161,OMP,optimized,3472.0,768.0,0.0,256.0,2048.0,128.0,128.0,136.0,0.0,0.0,0.0,8.0,0.0
16,162,OMP,baseline,4168.0,768.0,2048.0,0.0,0.0,0.0,1088.0,136.0,0.0,0.0,0.0,128.0,0.0
16,162,OMP,optimized,3472.0,768.0,0.0,256.0,2048.0,128.0,128.0,136.0,0.0,0.0,0.0,8.0,0.0
16,163,OMP,baseline,4168.0,768.0,2048.0,0.0,0.0,0.0,1088.0,136.0,0.0,0.0,0.0,128.0,0.0
16,163,OMP,optimized,3472.0,768.0,0.0,256.0,2048.0,128.0,128.0,136.0,0.0,0.0,0.0,8.0,0.0
16,164,OMP,baseline,4168.0,768.0,2048.0,0.0,0.0,0.0,1088.0,136.0,0.0,0.0,0.0,128.0,0.0
16,164,OMP,optimized,3472.0,768.0,0.0,256.0,2048.0,128.0,128.0,136.0,0.0,0.0,0.0,8.0,0.0
16,165,OMP,baseline,4168.0,768.0,2048.0,0.0,0.0,0.0,1088.0,136.0,0.0,0.0,0.0,128.0,0.0
16,165,OMP,optimized,3472.0,768.0,0.0,256.0,2048.0,128.0,128.0,136.0,0.0,0.0,0.0,8.0,0.0
16,166,OMP,baseline,4168.0,768.0,2048.0,0.0,0.0,0.0,1088.0,136.0,0.0,0.0,0.0,128.0,0.0
16,166,OMP,optimized,3472.0,768.0,0.0,256.0,2048.0,128.0,128.0,136.0,0.0,0.0,0.0,8.0,0.0
16,167,OMP,baseline,4168.0,768.0,2048.0,0.0,0.0,0.0,1088.0,136.0,0.0,0.0,0.0,128.0,0.0
16,167,OMP,optimized,3472.0,768.0,0.0,256.0,2048.0,128.0,128.0,136.0,0.0,0.0,0.0,8.0,0.0
16,168,OMP,baseline,4168.0,768.0,2048.0,0.0,0.0,0.0,1088.0,136.0,0.0,0.0,0.0,128.0,0.0
16,168,OMP,optimized,3472.0,768.0,0.0,256.0,2048.0,128.0,128.0,136.0,0.0,0.0,0.0,8.0,0.0
16,169,OMP,baseline,4168.0,768.0,2048.0,0.0,0.0,0.0,1088.0,136.0,0.0,0.0,0.0,128.0,0.0
16,169,OMP,optimized,3472.0,768.0,0.0,256.0,2048.0,128.0,128.0,136.0,0.0,0.0,0.0,8.0,0.0
16,170,OMP,baseline,4168.0,768.0,2048.0,0.0,0.0,0.0,1088.0,136.0,0.0,0.0,0.0,128.0,0.0
16,170,OMP,optimized,3472.0,768.0,0.0,256.0,2048.0,128.0,128.0,136.0,0.0,0.0,0.0,8.0,0.0
16,171,OMP,baseline,4168.0,768.0,2048.0,0.0,0.0,0.0,1088.0,136.0,0.0,0.0,0.0,128.0,0.0
16,171,OMP,optimized,3472.0,768.0,0.0,256.0,2048.0,128.0,128.0,136.0,0.0,0.0,0.0,8.0,0.0
16,172,OMP,baseline,4168.0,768.0,2048.0,0.0,0.0,0.0,1088.0,136.0,0.0,0.0,0.0,128.0,0.0
16,172,OMP,optimized,3472.0,768.0,0.0,256.0,2048.0,128.0,128.0,136.0,0.0,0.0,0.0,8.0,0.0
16,173,OMP,baseline,4168.0,768.0,2048.0,0.0,0.0,0.0,1088.0,136.0,0.0,0.0,0.0,128.0,0.0
16,173,OMP,optimized,3472.0,768.0,0.0,256.0,2048.0,128.0,128.0,136.0,0.0,0.0,0.0,8.0,0.0
16,174,OMP,baseline,4168.0,768.0,2048.0,0.0,0.0,0.0,1088.0,136.0,0.0,0.0,0.0,128.0,0.0
16,174,OMP,optimized,3472.0,768.0,0.0,256.0,2048.0,128.0,128.0,136.0,0.0,0.0,0.0,8.0,0.0
16,175,OMP,baseline,4168.0,768.0,2048.0,0.0,0.0,0.0,1088.0,136.0,0.0,0.0,0.0,128.0,0.0
16,175,OMP,optimized,3472.0,768.0,0.0,256.0,2048.0,128.0,128.0,136.0,0.0,0.0,0.0,8.0,0.0
16,176,OMP,baseline,4168.0,768.0,2048.0,0.0,0.0,0.0,1088.0,136.0,0.0,0.0,0.0,128.0,0.0
16,176,OMP,optimized,3472.0,768.0,0.0,256.0,2048.0,128.0,128.0,136.0,0.0,0.0,0.0,8.0,0.0
16,177,OMP,baseline,4168.0,768.0,2048.0,0.0,0.0,0.0,1088.0,136.0,0.0,0.0,0.0,128.0,0.0
16,177,OMP,optimized,3472.0,768.0,0.0,256.0,2048.0,128.0,128.0,136.0,0.0,0.0,0.0,8.0,0.0
16,178,OMP,baseline,4168.0,768.0,2048.0,0.0,0.0,0.0,1088.0,136.0,0.0,0.0,0.0,128.0,0.0
16,178,OMP,optimized,3472.0,768.0,0.0,256.0,2048.0,128.0,128.0,136.0,0.0,0.0,0.0,8.0,0.0
16,179,OMP,baseline,4168.0,768.0,2048.0,0.0,0.0,0.0,1088.0,136.0,0.0,0.0,0.0,128.0,0.0
16,179,OMP,optimized,3472.0,768.0,0.0,256.0,2048.0,128.0,128.0,136.0,0.0,0.0,0.0,8.0,0.0
16,180,OMP,baseline,4168.0,768.0,2048.0,0.0,0.0,0.0,1088.0,136.0,0.0,0.0,0.0,128.0,0.0
16,180,OMP,optimized,3472.0,768.0,0.0,256.0,2048.0,128.0,128.0,136.0,0.0,0.0,0.0,8.0,0.0
16,181,OMP,baseline,4168.0,768.0,2048.0,0.0,0.0,0.0,1088.0,136.0,0.0,0.0,0.0,128.0,0.0
16,181,OMP,optimized,3472.0,768.0,0.0,256.0,2048.0,128.0,128.0,136.0,0.0,0.0,0.0,8.0,0.0
16,182,OMP,baseline,4168.0,768.0,2048.0,0.0,0.0,0.0,1088.0,136.0,0.0,0.0,0.0,128.0,0.0
16,182,OMP,optimized,3472.0,768.0,0.0,256.0,2048.0,128.0,128.0,136.0,0.0,0.0,0.0,8.0,0.0
16,183,OMP,baseline,4168.0,768.0,2048.0,0.0,0.0,0.0,1088.0,136.0,0.0,0.0,0.0,128.0,0.0
16,183,OMP,optimized,3472.0,768.0,0.0,256.0,2048.0,128.0,128.0,136.0,0.0,0.0,0.0,8.0,0.0
16,184,OMP,baseline,4168.0,768.0,2048.0,0.0,0.0,0.0,1088.0,136.0,0.0,0.0,0.0,128.0,0.0
16,184,OMP,optimized,3472.0,768.0,0.0,256.0,2048.0,128.0,128.0,136.0,0.0,0.0,0.0,8.0,0.0
16,185,OMP,baseline,4168.0,768.0,2048.0,0.0,0.0,0.0,1088.0,136.0,0.0,0.0,0.0,128.0,0.0
16,185,OMP,optimized,3472.0,768.0,0.0,256.0,2048.0,128.0,128.0,136.0,0.0,0.0,0.0,8.0,0.0
16,186,OMP,baseline,4168.0,768.0,2048.0,0.0,0.0,0.0,1088.0,136.0,0.0,0.0,0.0,128.0,0.0
16,186,OMP,optimized,3472.0,768.0,0.0,256.0,2048.0,128.0,128.0,136.0,0.0,0.0,0.0,8.0,0.0
16,187,OMP,baseline,4168.0,768.0,2048.0,0.0,0.0,0.0,1088.0,136.0,0.0,0.0,0.0,128.0,0.0
16,187,OMP,optimized,3472.0,768.0,0.0,256.0,2048.0,128.0,128.0,136.0,0.0,0.0,0.0,8.0,0.0
16,188,OMP,baseline,4168.0,768.0,2048.0,0.0,0.0,0.0,1088.0,136.0,0.0,0.0,0.0,128.0,0.0
16,188,OMP,optimized,3472.0,768.0,0.0,256.0,2048.0,128.0,128.0,136.0,0.0,0.0,0.0,8.0,0.0
16,189,OMP,baseline,4168.0,768.0,2048.0,0.0,0.0,0.0,1088.0,136.0,0.0,0.0,0.0,128.0,0.0
16,189,OMP,optimized,3472.0,768.0,0.0,256.0,2048.0,128.0,128.0,136.0,0.0,0.0,0.0,8.0,0.0
16,190,OMP,baseline,4168.0,768.0,2048.0,0.0,0.0,0.0,1088.0,136.0,0.0,0.0,0.0,128.0,0.0
16,190,OMP,optimized,3472.0,768.0,0.0,256.0,2048.0,128.0,128.0,136.0,0.0,0.0,0.0,8.0,0.0
16,191,OMP,baseline,4168.0,768.0,2048.0,0.0,0.0,0.0,1088.0,136.0,0.0,0.0,0.0,128.0,0.0
16,191,OMP,optimized,3472.0,768.0,0.0,256.0,2048.0,128.0,128.0,136.0,0.0,0.0,0.0,8.0,0.0
16,192,OMP,baseline,4168.0,768.0,2048.0,0.0,0.0,0.0,1088.0,136.0,0.0,0.0,0.0,128.0,0.0
16,192,OMP,optimized,3472.0,768.0,0.0,256.0,2048.0,128.0,128.0,136.0,0.0,0.0,0.0,8.0,0.0
16,193,OMP,baseline,4168.0,768.0,2048.0,0.0,0.0,0.0,1088.0,136.0,0.0,0.0,0.0,128.0,0.0
16,193,OMP,optimized,3472.0,768.0,0.0,256.0,2048.0,128.0,128.0,136.0,0.0,0.0,0.0,8.0,0.0
16,194,OMP,baseline,4168.0,768.0,2048.0,0.0,0.0,0.0,1088.0,136.0,0.0,0.0,0.0,128.0,0.0
16,194,OMP,optimized,3472.0,768.0,0.0,256.0,2048.0,128.0,128.0,136.0,0.0,0.0,0.0,8.0,0.0
16,195,OMP,baseline,4168.0,768.0,2048.0,0.0,0.0,0.0,1088.0,136.0,0.0,0.0,0.0,128.0,0.0
16,195,OMP,optimized,3472.0,768.0,0.0,256.0,2048.0,128.0,128.0,136.0,0.0,0.0,0.0,8.0,0.0
16,196,OMP,baseline,4168.0,768.0,2048.0,0.0,0.0,0.0,1088.0,136.0,0.0,0.0,0.0,128.0,0.0
16,196,OMP,optimized,3472.0,768.0,0.0,256.0,2048.0,128.0,128.0,136.0,0.0,0.0,0.0,8.0,0.0
16,197,OMP,baseline,4168.0,768.0,2048.0,0.0,0.0,0.0,1088.0,136.0,0.0,0.0,0.0,128.0,0.0
16,197,OMP,optimized,3472.0,768.0,0.0,256.0,2048.0,128.0,128.0,136.0,0.0,0.0,0.0,8.0,0.0
16,198,OMP,baseline,4168.0,768.0,2048.0,0.0,0.0,0.0,1088.0,136.0,0.0,0.0,0.0,128.0,0.0
16,198,OMP,optimized,3472.0,768.0,0.0,256.0,2048.0,128.0,128.0,136.0,0.0,0.0,0.0,8.0,0.0
16,199,OMP,baseline,4168.0,768.0,2048.0,0.0,0.0,0.0,1088.0,136.0,0.0,0.0,0.0,128.0,0.0
16,199,OMP,optimized,3472.0,768.0,0.0,256.0,2048.0,128.0,128.0,136.0,0.0,0.0,0.0,8.0,0.0
16,200,OMP,baseline,4168.0,768.0,2048.0,0.0,0.0,0.0,1088.0,136.0,0.0,0.0,0.0,128.0,0.0
16,200,OMP,optimized,3472.0,768.0,0.0,256.0,2048.0,128.0,128.0,136.0,0.0,0.0,0.0,8.0,0.0
16,201,OMP,baseline,4168.0,768.0,2048.0,0.0,0.0,0.0,1088.0,136.0,0.0,0.0,0.0,128.0,0.0
16,201,OMP,optimized,3472.0,768.0,0.0,256.0,2048.0,128.0,128.0,136.0,0.0,0.0,0.0,8.0,0.0
16,202,OMP,baseline,4168.0,768.0,2048.0,0.0,0.0,0.0,1088.0,136.0,0.0,0.0,0.0,128.0,0.0
16,202,OMP,optimized,3472.0,768.0,0.0,256.0,2048.0,128.0,128.0,136.0,0.0,0.0,0.0,8.0,0.0
16,203,OMP,baseline,4168.0,768.0,2048.0,0.0,0.0,0.0,1088.0,136.0,0.0,0.0,0.0,128.0,0.0
16,203,OMP,optimized,3472.0,768.0,0.0,256.0,2048.0,128.0,128.0,136.0,0.0,0.0,0.0,8.0,0.0
16,204,OMP,baseline,4168.0,768.0,2048.0,0.0,0.0,0.0,1088.0,136.0,0.0,0.0,0.0,128.0,0.0
16,204,OMP,optimized,3472.0,768.0,0.0,256.0,2048.0,128.0,128.0,136.0,0.0,0.0,0.0,8.0,0.0
16,205,OMP,baseline,4168.0,768.0,2048.0,0.0,0.0,0.0,1088.0,136.0,0.0,0.0,0.0,128.0,0.0
16,205,OMP,optimized,3472.0,768.0,0.0,256.0,2048.0,128.0,128.0,136.0,0.0,0.0,0.0,8.0,0.0
16,206,OMP,baseline,4168.0,768.0,2048.0,0.0,0.0,0.0,1088.0,136.0,0.0,0.0,0.0,128.0,0.0
16,206,OMP,optimized,3472.0,768.0,0.0,256.0,2048.0,128.0,128.0,136.0,0.0,0.0,0.0,8.0,0.0
16,207,OMP,baseline,4168.0,768.0,2048.0,0.0,0.0,0.0,1088.0,136.0,0.0,0.0,0.0,128.0,0.0
16,207,OMP,optimized,3472.0,768.0,0.0,256.0,2048.0,128.0,128.0,136.0,0.0,0.0,0.0,8.0,0.0
16,208,OMP,baseline,4168.0,768.0,2048.0,0.0,0.0,0.0,1088.0,136.0,0.0,0.0,0.0,128.0,0.0
16,208,OMP,optimized,3472.0,768.0,0.0,256.0,2048.0,128.0,128.0,136.0,0.0,0.0,0.0,8.0,0.0
16,209,OMP,baseline,4168.0,768.0,2048.0,0.0,0.0,0.0,1088.0,136.0,0.0,0.0,0.0,128.0,0.0
16,209,OMP,optimized,3472.0,768.0,0.0,256.0,2048.0,128.0,128.0,136.0,0.0,0.0,0.0,8.0,0.0
16,210,OMP,baseline,4168.0,768.0,2048.0,0.0,0.0,0.0,1088.0,136.0,0.0,0.0,0.0,128.0,0.0
16,210,OMP,optimized,3472.0,768.0,0.0,256.0,2048.0,128.0,128.0,136.0,0.0,0.0,0.0,8.0,0.0
16,211,OMP,baseline,4168.0,768.0,2048.0,0.0,0.0,0.0,1088.0,136.0,0.0,0.0,0.0,128.0,0.0
16,211,OMP,optimized,3472.0,768.0,0.0,256.0,2048.0,128.0,128.0,136.0,0.0,0.0,0.0,8.0,0.0
16,212,OMP,baseline,4168.0,768.0,2048.0,0.0,0.0,0.0,1088.0,136.0,0.0,0.0,0.0,128.0,0.0
16,212,OMP,optimized,3472.0,768.0,0.0,256.0,2048.0,128.0,128.0,136.0,0.0,0.0,0.0,8.0,0.0
16,213,OMP,baseline,4168.0,768.0,2048.0,0.0,0.0,0.0,1088.0,136.0,0.0,0.0,0.0,128.0,0.0
16,213,OMP,optimized,3472.0,768.0,0.0,256.0,2048.0,128.0,128.0,136.0,0.0,0.0,0.0,8.0,0.0
16,214,OMP,baseline,4168.0,768.0,2048.0,0.0,0.0,0.0,1088.0,136.0,0.0,0.0,0.0,128.0,0.0
16,214,OMP,optimized,3472.0,768.0,0.0,256.0,2048.0,128.0,128.0,136.0,0.0,0.0,0.0,8.0,0.0
16,215,OMP,baseline,4168.0,768.0,2048.0,0.0,0.0,0.0,1088.0,136.0,0.0,0.0,0.0,128.0,0.0
16,215,OMP,optimized,3472.0,768.0,0.0,256.0,2048.0,128.0,128.0,136.0,0.0,0.0,0.0,8.0,0.0
16,216,OMP,baseline,4168.0,768.0,2048.0,0.0,0.0,0.0,1088.0,136.0,0.0,0.0,0.0,128.0,0.0
16,216,OMP,optimized,3472.0,768.0,0.0,256.0,2048.0,128.0,128.0,136.0,0.0,0.0,0.0,8.0,0.0
16,217,OMP,baseline,4168.0,768.0,2048.0,0.0,0.0,0.0,1088.0,136.0,0.0,0.0,0.0,128.0,0.0
16,217,OMP,optimized,3472.0,768.0,0.0,256.0,2048.0,128.0,128.0,136.0,0.0,0.0,0.0,8.0,0.0
16,218,OMP,baseline,4168.0,768.0,2048.0,0.0,0.0,0.0,1088.0,136.0,0.0,0.0,0.0,128.0,0.0
16,218,OMP,optimized,3472.0,768.0,0.0,256.0,2048.0,128.0,128.0,136.0,0.0,0.0,0.0,8.0,0.0
16,219,OMP,baseline,4168.0,768.0,2048.0,0.0,0.0,0.0,1088.0,136.0,0.0,0.0,0.0,128.0,0.0
16,219,OMP,optimized,3472.0,768.0,0.0,256.0,2048.0,128.0,128.0,136.0,0.0,0.0,0.0,8.0,0.0
16,220,OMP,baseline,4168.0,768.0,2048.0,0.0,0.0,0.0,1088.0,136.0,0.0,0.0,0.0,128.0,0.0
16,220,OMP,optimized,3472.0,768.0,0.0,256.0,2048.0,128.0,128.0,136.0,0.0,0.0,0.0,8.0,0.0
16,221,OMP,baseline,4168.0,768.0,2048.0,0.0,0.0,0.0,1088.0,136.0,0.0,0.0,0.0,128.0,0.0
16,221,OMP,optimized,3472.0,768.0,0.0,256.0,2048.0,128.0,128.0,136.0,0.0,0.0,0.0,8.0,0.0
16,222,OMP,baseline,4168.0,768.0,2048.0,0.0,0.0,0.0,1088.0,136.0,0.0,0.0,0.0,128.0,0.0
16,222,OMP,optimized,3472.0,768.0,0.0,256.0,2048.0,128.0,128.0,136.0,0.0,0.0,0.0,8.0,0.0
16,223,OMP,baseline,4168.0,768.0,2048.0,0.0,0.0,0.0,1088.0,136.0,0.0,0.0,0.0,128.0,0.0
16,223,OMP,optimized,3472.0,768.0,0.0,256.0,2048.0,128.0,128.0,136.0,0.0,0.0,0.0,8.0,0.0
16,224,OMP,baseline,4168.0,768.0,2048.0,0.0,0.0,0.0,1088.0,136.0,0.0,0.0,0.0,128.0,0.0
16,224,OMP,optimized,3472.0,768.0,0.0,256.0,2048.0,128.0,128.0,136.0,0.0,0.0,0.0,8.0,0.0
16,225,OMP,baseline,4168.0,768.0,2048.0,0.0,0.0,0.0,1088.0,136.0,0.0,0.0,0.0,128.0,0.0
16,225,OMP,optimized,3472.0,768.0,0.0,256.0,2048.0,128.0,128.0,136.0,0.0,0.0,0.0,8.0,0.0
16,226,OMP,baseline,4168.0,768.0,2048.0,0.0,0.0,0.0,1088.0,136.0,0.0,0.0,0.0,128.0,0.0
16,226,OMP,optimized,3472.0,768.0,0.0,256.0,2048.0,128.0,128.0,136.0,0.0,0.0,0.0,8.0,0.0
16,227,OMP,baseline,4168.0,768.0,2048.0,0.0,0.0,0.0,1088.0,136.0,0.0,0.0,0.0,128.0,0.0
16,227,OMP,optimized,3472.0,768.0,0.0,256.0,2048.0,128.0,128.0,136.0,0.0,0.0,0.0,8.0,0.0
16,228,OMP,baseline,4168.0,768.0,2048.0,0.0,0.0,0.0,1088.0,136.0,0.0,0.0,0.0,128.0,0.0
16,228,OMP,optimized,3472.0,768.0,0.0,256.0,2048.0,128.0,128.0,136.0,0.0,0.0,0.0,8.0,0.0
16,229,OMP,baseline,4168.0,768.0,2048.0,0.0,0.0,0.0,1088.0,136.0,0.0,0.0,0.0,128.0,0.0
16,229,OMP,optimized,3472.0,768.0,0.0,256.0,2048.0,128.0,128.0,136.0,0.0,0.0,0.0,8.0,0.0
16,230,OMP,baseline,4168.0,768.0,2048.0,0.0,0.0,0.0,1088.0,136.0,0.0,0.0,0.0,128.0,0.0
16,230,OMP,optimized,3472.0,768.0,0.0,256.0,2048.0,128.0,128.0,136.0,0.0,0.0,0.0,8.0,0.0
16,231,OMP,baseline,4168.0,768.0,2048.0,0.0,0.0,0.0,1088.0,136.0,0.0,0.0,0.0,128.0,0.0
16,231,OMP,optimized,3472.0,768.0,0.0,256.0,2048.0,128.0,128.0,136.0,0.0,0.0,0.0,8.0,0.0
16,232,OMP,baseline,4168.0,768.0,2048.0,0.0,0.0,0.0,1088.0,136.0,0.0,0.0,0.0,128.0,0.0
16,232,OMP,optimized,3472.0,768.0,0.0,256.0,2048.0,128.0,128.0,136.0,0.0,0.0,0.0,8.0,0.0
16,233,OMP,baseline,4168.0,768.0,2048.0,0.0,0.0,0.0,1088.0,136.0,0.0,0.0,0.0,128.0,0.0
16,233,OMP,optimized,3472.0,768.0,0.0,256.0,2048.0,128.0,128.0,136.0,0.0,0.0,0.0,8.0,0.0
16,234,OMP,baseline,4168.0,768.0,2048.0,0.0,0.0,0.0,1088.0,136.0,0.0,0.0,0.0,128.0,0.0
16,234,OMP,optimized,3472.0,768.0,0.0,256.0,2048.0,128.0,128.0,136.0,0.0,0.0,0.0,8.0,0.0
16,235,OMP,baseline,4168.0,768.0,2048.0,0.0,0.0,0.0,1088.0,136.0,0.0,0.0,0.0,128.0,0.0
16,235,OMP,optimized,3472.0,768.0,0.0,256.0,2048.0,128.0,128.0,136.0,0.0,0.0,0.0,8.0,0.0
16,236,OMP,baseline,4168.0,768.0,2048.0,0.0,0.0,0.0,1088.0,136.0,0.0,0.0,0.0,128.0,0.0
16,236,OMP,optimized,3472.0,768.0,0.0,256.0,2048.0,128.0,128.0,136.0,0.0,0.0,0.0,8.0,0.0
16,237,OMP,baseline,4168.0,768.0,2048.0,0.0,0.0,0.0,1088.0,136.0,0.0,0.0,0.0,128.0,0.0
16,237,OMP,optimized,3472.0,768.0,0.0,256.0,2048.0,128.0,128.0,136.0,0.0,0.0,0.0,8.0,0.0
16,238,OMP,baseline,4168.0,768.0,2048.0,0.0,0.0,0.0,1088.0,136.0,0.0,0.0,0.0,128.0,0.0
16,238,OMP,optimized,3472.0,768.0,0.0,256.0,2048.0,128.0,128.0,136.0,0.0,0.0,0.0,8.0,0.0
16,239,OMP,baseline,4168.0,768.0,2048.0,0.0,0.0,0.0,1088.0,136.0,0.0,0.0,0.0,128.0,0.0
16,239,OMP,optimized,3472.0,768.0,0.0,256.0,2048.0,128.0,128.0,136.0,0.0,0.0,0.0,8.0,0.0
16,240,OMP,baseline,4168.0,768.0,2048.0,0.0,0.0,0.0,1088.0,136.0,0.0,0.0,0.0,128.0,0.0
16,240,OMP,optimized,3472.0,768.0,0.0,256.0,2048.0,128.0,128.0,136.0,0.0,0.0,0.0,8.0,0.0
16,241,OMP,baseline,4168.0,768.0,2048.0,0.0,0.0,0.0,1088.0,136.0,0.0,0.0,0.0,128.0,0.0
16,241,OMP,optimized,3472.0,768.0,0.0,256.0,2048.0,128.0,128.0,136.0,0.0,0.0,0.0,8.0,0.0
16,242,OMP,baseline,4168.0,768.0,2048.0,0.0,0.0,0.0,1088.0,136.0,0.0,0.0,0.0,128.0,0.0
16,242,OMP,optimized,3472.0,768.0,0.0,256.0,2048.0,128.0,128.0,136.0,0.0,0.0,0.0,8.0,0.0
16,243,OMP,baseline,4168.0,768.0,2048.0,0.0,0.0,0.0,1088.0,136.0,0.0,0.0,0.0,128.0,0.0
16,243,OMP,optimized,3472.0,768.0,0.0,256.0,2048.0,128.0,128.0,136.0,0.0,0.0,0.0,8.0,0.0
16,244,OMP,baseline,4168.0,768.0,2048.0,0.0,0.0,0.0,1088.0,136.0,0.0,0.0,0.0,128.0,0.0
16,244,OMP,optimized,3472.0,768.0,0.0,256.0,2048.0,128.0,128.0,136.0,0.0,0.0,0.0,8.0,0.0
16,245,OMP,baseline,4168.0,768.0,2048.0,0.0,0.0,0.0,1088.0,136.0,0.0,0.0,0.0,128.0,0.0
16,245,OMP,optimized,3472.0,768.0,0.0,256.0,2048.0,128.0,128.0,136.0,0.0,0.0,0.0,8.0,0.0
16,246,OMP,baseline,4168.0,768.0,2048.0,0.0,0.0,0.0,1088.0,136.0,0.0,0.0,0.0,128.0,0.0
16,246,OMP,optimized,3472.0,768.0,0.0,256.0,2048.0,128.0,128.0,136.0,0.0,0.0,0.0,8.0,0.0
16,247,OMP,baseline,4168.0,768.0,2048.0,0.0,0.0,0.0,1088.0,136.0,0.0,0.0,0.0,128.0,0.0
16,247,OMP,optimized,3472.0,768.0,0.0,256.0,2048.0,128.0,128.0,136.0,0.0,0.0,0.0,8.0,0.0
16,248,OMP,baseline,4168.0,768.0,2048.0,0.0,0.0,0.0,1088.0,136.0,0.0,0.0,0.0,128.0,0.0
16,248,OMP,optimized,3472.0,768.0,0.0,256.0,2048.0,128.0,128.0,136.0,0.0,0.0,0.0,8.0,0.0
16,249,OMP,baseline,4168.0,768.0,2048.0,0.0,0.0,0.0,1088.0,136.0,0.0,0.0,0.0,128.0,0.0
16,249,OMP,optimized,3472.0,768.0,0.0,256.0,2048.0,128.0,128.0,136.0,0.0,0.0,0.0,8.0,0.0
16,250,OMP,baseline,4168.0,768.0,2048.0,0.0,0.0,0.0,1088.0,136.0,0.0,0.0,0.0,128.0,0.0
16,250,OMP,optimized,3472.0,768.0,0.0,256.0,2048.0,128.0,128.0,136.0,0.0,0.0,0.0,8.0,0.0
16,251,OMP,baseline,4168.0,768.0,2048.0,0.0,0.0,0.0,1088.0,136.0,0.0,0.0,0.0,128.0,0.0
16,251,OMP,optimized,3472.0,768.0,0.0,256.0,2048.0,128.0,128.0,136.0,0.0,0.0,0.0,8.0,0.0
16,252,OMP,baseline,4168.0,768.0,2048.0,0.0,0.0,0.0,1088.0,136.0,0.0,0.0,0.0,128.0,0.0
16,252,OMP,optimized,3472.0,768.0,0.0,256.0,2048.0,128.0,128.0,136.0,0.0,0.0,0.0,8.0,0.0
16,253,OMP,baseline,4168.0,768.0,2048.0,0.0,0.0,0.0,1088.0,136.0,0.0,0.0,0.0,128.0,0.0
16,253,OMP,optimized,3472.0,768.0,0.0,256.0,2048.0,128.0,128.0,136.0,0.0,0.0,0.0,8.0,0.0
16,254,OMP,baseline,4168.0,768.0,2048.0,0.0,0.0,0.0,1088.0,136.0,0.0,0.0,0.0,128.0,0.0
16,254,OMP,optimized,3472.0,768.0,0.0,256.0,2048.0,128.0,128.0,136.0,0.0,0.0,0.0,8.0,0.0
16,255,OMP,baseline,4168.0,768.0,2048.0,0.0,0.0,0.0,1088.0,136.0,0.0,0.0,0.0,128.0,0.0
16,255,OMP,optimized,3472.0,768.0,0.0,256.0,2048.0,128.0,128.0,136.0,0.0,0.0,0.0,8.0,0.0
16,256,OMP,baseline,4168.0,768.0,2048.0,0.0,0.0,0.0,1088.0,136.0,0.0,0.0,0.0,128.0,0.0
16,256,OMP,optimized,3472.0,768.0,0.0,256.0,2048.0,128.0,128.0,136.0,0.0,0.0,0.0,8.0,0.0
16,257,OMP,baseline,4168.0,768.0,2048.0,0.0,0.0,0.0,1088.0,136.0,0.0,0.0,0.0,128.0,0.0
16,257,OMP,optimized,3472.0,768.0,0.0,256.0,2048.0,128.0,128.0,136.0,0.0,0.0,0.0,8.0,0.0
16,258,OMP,baseline,4168.0,768.0,2048.0,0.0,0.0,0.0,1088.0,136.0,0.0,0.0,0.0,128.0,0.0
16,258,OMP,optimized,3472.0,768.0,0.0,256.0,2048.0,128.0,128.0,136.0,0.0,0.0,0.0,8.0,0.0
16,259,OMP,baseline,4168.0,768.0,2048.0,0.0,0.0,0.0,1088.0,136.0,0.0,0.0,0.0,128.0,0.0
16,259,OMP,optimized,3472.0,768.0,0.0,256.0,2048.0,128.0,128.0,136.0,0.0,0.0,0.0,8.0,0.0
16,260,OMP,baseline,4168.0,768.0,2048.0,0.0,0.0,0.0,1088.0,136.0,0.0,0.0,0.0,128.0,0.0
16,260,OMP,optimized,3472.0,768.0,0.0,256.0,2048.0,128.0,128.0,136.0,0.0,0.0,0.0,8.0,0.0
16,261,OMP,baseline,4168.0,768.0,2048.0,0.0,0.0,0.0,1088.0,136.0,0.0,0.0,0.0,128.0,0.0
16,261,OMP,optimized,3472.0,768.0,0.0,256.0,2048.0,128.0,128.0,136.0,0.0,0.0,0.0,8.0,0.0
16,262,OMP,baseline,4168.0,768.0,2048.0,0.0,0.0,0.0,1088.0,136.0,0.0,0.0,0.0,128.0,0.0
16,262,OMP,optimized,3472.0,768.0,0.0,256.0,2048.0,128.0,128.0,136.0,0.0,0.0,0.0,8.0,0.0
16,263,OMP,baseline,4168.0,768.0,2048.0,0.0,0.0,0.0,1088.0,136.0,0.0,0.0,0.0,128.0,0.0
16,263,OMP,optimized,3472.0,768.0,0.0,256.0,2048.0,128.0,128.0,136.0,0.0,0.0,0.0,8.0,0.0
16,264,OMP,baseline,4168.0,768.0,2048.0,0.0,0.0,0.0,1088.0,136.0,0.0,0.0,0.0,128.0,0.0
16,264,OMP,optimized,3472.0,768.0,0.0,256.0,2048.0,128.0,128.0,136.0,0.0,0.0,0.0,8.0,0.0
16,265,OMP,baseline,4168.0,768.0,2048.0,0.0,0.0,0.0,1088.0,136.0,0.0,0.0,0.0,128.0,0.0
16,265,OMP,optimized,3472.0,768.0,0.0,256.0,2048.0,128.0,128.0,136.0,0.0,0.0,0.0,8.0,0.0
16,266,OMP,baseline,4168.0,768.0,2048.0,0.0,0.0,0.0,1088.0,136.0,0.0,0.0,0.0,128.0,0.0
16,266,OMP,optimized,3472.0,768.0,0.0,256.0,2048.0,128.0,128.0,136.0,0.0,0.0,0.0,8.0,0.0
16,267,OMP,baseline,4168.0,768.0,2048.0,0.0,0.0,0.0,1088.0,136.0,0.0,0.0,0.0,128.0,0.0
16,267,OMP,optimized,3472.0,768.0,0.0,256.0,2048.0,128.0,128.0,136.0,0.0,0.0,0.0,8.0,0.0
16,268,OMP,baseline,4168.0,768.0,2048.0,0.0,0.0,0.0,1088.0,136.0,0.0,0.0,0.0,128.0,0.0
16,268,OMP,optimized,3472.0,768.0,0.0,256.0,2048.0,128.0,128.0,136.0,0.0,0.0,0.0,8.0,0.0
16,269,OMP,baseline,4168.0,768.0,2048.0,0.0,0.0,0.0,1088.0,136.0,0.0,0.0,0.0,128.0,0.0
16,269,OMP,optimized,3472.0,768.0,0.0,256.0,2048.0,128.0,128.0,136.0,0.0,0.0,0.0,8.0,0.0
16,270,OMP,baseline,4168.0,768.0,2048.0,0.0,0.0,0.0,1088.0,136.0,0.0,0.0,0.0,128.0,0.0
16,270,OMP,optimized,3472.0,768.0,0.0,256.0,2048.0,128.0,128.0,136.0,0.0,0.0,0.0,8.0,0.0
16,271,OMP,baseline,4168.0,768.0,2048.0,0.0,0.0,0.0,1088.0,136.0,0.0,0.0,0.0,128.0,0.0
16,271,OMP,optimized,3472.0,768.0,0.0,256.0,2048.0,128.0,128.0,136.0,0.0,0.0,0.0,8.0,0.0
16,272,OMP,baseline,4168.0,768.0,2048.0,0.0,0.0,0.0,1088.0,136.0,0.0,0.0,0.0,128.0,0.0
16,272,OMP,optimized,3472.0,768.0,0.0,256.0,2048.0,128.0,128.0,136.0,0.0,0.0,0.0,8.0,0.0
16,273,OMP,baseline,4168.0,768.0,2048.0,0.0,0.0,0.0,1088.0,136.0,0.0,0.0,0.0,128.0,0.0
16,273,OMP,optimized,3472.0,768.0,0.0,256.0,2048.0,128.0,128.0,136.0,0.0,0.0,0.0,8.0,0.0
16,274,OMP,baseline,4168.0,768.0,2048.0,0.0,0.0,0.0,1088.0,136.0,0.0,0.0,0.0,128.0,0.0
16,274,OMP,optimized,3472.0,768.0,0.0,256.0,2048.0,128.0,128.0,136.0,0.0,0.0,0.0,8.0,0.0
16,275,OMP,baseline,4168.0,768.0,2048.0,0.0,0.0,0.0,1088.0,136.0,0.0,0.0,0.0,128.0,0.0
16,275,OMP,optimized,3472.0,768.0,0.0,256.0,2048.0,128.0,128.0,136.0,0.0,0.0,0.0,8.0,0.0
16,276,OMP,baseline,4168.0,768.0,2048.0,0.0,0.0,0.0,1088.0,136.0,0.0,0.0,0.0,128.0,0.0
16,276,OMP,optimized,3472.0,768.0,0.0,256.0,2048.0,128.0,128.0,136.0,0.0,0.0,0.0,8.0,0.0
16,277,OMP,baseline,4168.0,768.0,2048.0,0.0,0.0,0.0,1088.0,136.0,0.0,0.0,0.0,128.0,0.0
16,277,OMP,optimized,3472.0,768.0,0.0,256.0,2048.0,128.0,128.0,136.0,0.0,0.0,0.0,8.0,0.0
16,278,OMP,baseline,4168.0,768.0,2048.0,0.0,0.0,0.0,1088.0,136.0,0.0,0.0,0.0,128.0,0.0
16,278,OMP,optimized,3472.0,768.0,0.0,256.0,2048.0,128.0,128.0,136.0,0.0,0.0,0.0,8.0,0.0
16,279,OMP,baseline,4168.0,768.0,2048.0,0.0,0.0,0.0,1088.0,136.0,0.0,0.0,0.0,128.0,0.0
16,279,OMP,optimized,3472.0,768.0,0.0,256.0,2048.0,128.0,128.0,136.0,0.0,0.0,0.0,8.0,0.0
16,280,OMP,baseline,4168.0,768.0,2048.0,0.0,0.0,0.0,1088.0,136.0,0.0,0.0,0.0,128.0,0.0
16,280,OMP,optimized,3472.0,768.0,0.0,256.0,2048.0,128.0,128.0,136.0,0.0,0.0,0.0,8.0,0.0
16,281,OMP,baseline,4168.0,768.0,2048.0,0.0,0.0,0.0,1088.0,136.0,0.0,0.0,0.0,128.0,0.0
16,281,OMP,optimized,3472.0,768.0,0.0,256.0,2048.0,128.0,128.0,136.0,0.0,0.0,0.0,8.0,0.0
16,282,OMP,baseline,4168.0,768.0,2048.0,0.0,0.0,0.0,1088.0,136.0,0.0,0.0,0.0,128.0,0.0
16,282,OMP,optimized,3472.0,768.0,0.0,256.0,2048.0,128.0,128.0,136.0,0.0,0.0,0.0,8.0,0.0
16,283,OMP,baseline,4168.0,768.0,2048.0,0.0,0.0,0.0,1088.0,136.0,0.0,0.0,0.0,128.0,0.0
16,283,OMP,optimized,3472.0,768.0,0.0,256.0,2048.0,128.0,128.0,136.0,0.0,0.0,0.0,8.0,0.0
16,284,OMP,baseline,4168.0,768.0,2048.0,0.0,0.0,0.0,1088.0,136.0,0.0,0.0,0.0,128.0,0.0
16,284,OMP,optimized,3472.0,768.0,0.0,256.0,2048.0,128.0,128.0,136.0,0.0,0.0,0.0,8.0,0.0
16,285,OMP,baseline,4168.0,768.0,2048.0,0.0,0.0,0.0,1088.0,136.0,0.0,0.0,0.0,128.0,0.0
16,285,OMP,optimized,3472.0,768.0,0.0,256.0,2048.0,128.0,128.0,136.0,0.0,0.0,0.0,8.0,0.0
16,286,OMP,baseline,4168.0,768.0,2048.0,0.0,0.0,0.0,1088.0,136.0,0.0,0.0,0.0,128.0,0.0
16,286,OMP,optimized,3472.0,768.0,0.0,256.0,2048.0,128.0,128.0,136.0,0.0,0.0,0.0,8.0,0.0
16,287,OMP,baseline,4168.0,768.0,2048.0,0.0,0.0,0.0,1088.0,136.0,0.0,0.0,0.0,128.0,0.0
16,287,OMP,optimized,3472.0,768.0,0.0,256.0,2048.0,128.0,128.0,136.0,0.0,0.0,0.0,8.0,0.0
16,288,OMP,baseline,4168.0,768.0,2048.0,0.0,0.0,0.0,1088.0,136.0,0.0,0.0,0.0,128.0,0.0
16,288,OMP,optimized,3472.0,768.0,0.0,256.0,2048.0,128.0,128.0,136.0,0.0,0.0,0.0,8.0,0.0
16,289,OMP,baseline,4168.0,768.0,2048.0,0.0,0.0,0.0,1088.0,136.0,0.0,0.0,0.0,128.0,0.0
16,289,OMP,optimized,3472.0,768.0,0.0,256.0,2048.0,128.0,128.0,136.0,0.0,0.0,0.0,8.0,0.0
16,290,OMP,baseline,4168.0,768.0,2048.0,0.0,0.0,0.0,1088.0,136.0,0.0,0.0,0.0,128.0,0.0
16,290,OMP,optimized,3472.0,768.0,0.0,256.0,2048.0,128.0,128.0,136.0,0.0,0.0,0.0,8.0,0.0
16,291,OMP,baseline,4168.0,768.0,2048.0,0.0,0.0,0.0,1088.0,136.0,0.0,0.0,0.0,128.0,0.0
16,291,OMP,optimized,3472.0,768.0,0.0,256.0,2048.0,128.0,128.0,136.0,0.0,0.0,0.0,8.0,0.0
16,292,OMP,baseline,4168.0,768.0,2048.0,0.0,0.0,0.0,1088.0,136.0,0.0,0.0,0.0,128.0,0.0
16,292,OMP,optimized,3472.0,768.0,0.0,256.0,2048.0,128.0,128.0,136.0,0.0,0.0,0.0,8.0,0.0
16,293,OMP,baseline,4168.0,768.0,2048.0,0.0,0.0,0.0,1088.0,136.0,0.0,0.0,0.0,128.0,0.0
16,293,OMP,optimized,3472.0,768.0,0.0,256.0,2048.0,128.0,128.0,136.0,0.0,0.0,0.0,8.0,0.0
16,294,OMP,baseline,4168.0,768.0,2048.0,0.0,0.0,0.0,1088.0,136.0,0.0,0.0,0.0,128.0,0.0
16,294,OMP,optimized,3472.0,768.0,0.0,256.0,2048.0,128.0,128.0,136.0,0.0,0.0,0.0,8.0,0.0
16,295,OMP,baseline,4168.0,768.0,2048.0,0.0,0.0,0.0,1088.0,136.0,0.0,0.0,0.0,128.0,0.0
16,295,OMP,optimized,3472.0,768.0,0.0,256.0,2048.0,128.0,128.0,136.0,0.0,0.0,0.0,8.0,0.0
16,296,OMP,baseline,4168.0,768.0,2048.0,0.0,0.0,0.0,1088.0,136.0,0.0,0.0,0.0,128.0,0.0
16,296,OMP,optimized,3472.0,768.0,0.0,256.0,2048.0,128.0,128.0,136.0,0.0,0.0,0.0,8.0,0.0
16,297,OMP,baseline,4168.0,768.0,2048.0,0.0,0.0,0.0,1088.0,136.0,0.0,0.0,0.0,128.0,0.0
16,297,OMP,optimized,3472.0,768.0,0.0,256.0,2048.0,128.0,128.0,136.0,0.0,0.0,0.0,8.0,0.0
16,298,OMP,baseline,4168.0,768.0,2048.0,0.0,0.0,0.0,1088.0,136.0,0.0,0.0,0.0,128.0,0.0
16,298,OMP,optimized,3472.0,768.0,0.0,256.0,2048.0,128.0,128.0,136.0,0.0,0.0,0.0,8.0,0.0
16,299,OMP,baseline,4168.0,768.0,2048.0,0.0,0.0,0.0,1088.0,136.0,0.0,0.0,0.0,128.0,0.0
16,299,OMP,optimized,3472.0,768.0,0.0,256.0,2048.0,128.0,128.0,136.0,0.0,0.0,0.0,8.0,0.0
20,0,OMP,baseline,4824.0,768.0,2048.0,0.0,0.0,0.0,1680.0,168.0,0.0,0.0,0.0,160.0,0.0
20,0,OMP,optimized,4720.0,768.0,0.0,256.0,3200.0,160.0,160.0,168.0,0.0,0.0,0.0,8.0,0.0
20,1,OMP,baseline,4824.0,768.0,2048.0,0.0,0.0,0.0,1680.0,168.0,0.0,0.0,0.0,160.0,0.0
20,1,OMP,optimized,4720.0,768.0,0.0,256.0,3200.0,160.0,160.0,168.0,0.0,0.0,0.0,8.0,0.0
20,2,OMP,baseline,4824.0,768.0,2048.0,0.0,0.0,0.0,1680.0,168.0,0.0,0.0,0.0,160.0,0.0
20,2,OMP,optimized,4720.0,768.0,0.0,256.0,3200.0,160.0,160.0,168.0,0.0,0.0,0.0,8.0,0.0
20,3,OMP,baseline,4824.0,768.0,2048.0,0.0,0.0,0.0,1680.0,168.0,0.0,0.0,0.0,160.0,0.0
20,3,OMP,optimized,4720.0,768.0,0.0,256.0,3200.0,160.0,160.0,168.0,0.0,0.0,0.0,8.0,0.0
20,4,OMP,baseline,4824.0,768.0,2048.0,0.0,0.0,0.0,1680.0,168.0,0.0,0.0,0.0,160.0,0.0
20,4,OMP,optimized,4720.0,768.0,0.0,256.0,3200.0,160.0,160.0,168.0,0.0,0.0,0.0,8.0,0.0
20,5,OMP,baseline,4824.0,768.0,2048.0,0.0,0.0,0.0,1680.0,168.0,0.0,0.0,0.0,160.0,0.0
20,5,OMP,optimized,4720.0,768.0,0.0,256.0,3200.0,160.0,160.0,168.0,0.0,0.0,0.0,8.0,0.0
20,6,OMP,baseline,4824.0,768.0,2048.0,0.0,0.0,0.0,1680.0,168.0,0.0,0.0,0.0,160.0,0.0
20,6,OMP,optimized,4720.0,768.0,0.0,256.0,3200.0,160.0,160.0,168.0,0.0,0.0,0.0,8.0,0.0
20,7,OMP,baseline,4824.0,768.0,2048.0,0.0,0.0,0.0,1680.0,168.0,0.0,0.0,0.0,160.0,0.0
20,7,OMP,optimized,4720.0,768.0,0.0,256.0,3200.0,160.0,160.0,168.0,0.0,0.0,0.0,8.0,0.0
20,8,OMP,baseline,4824.0,768.0,2048.0,0.0,0.0,0.0,1680.0,168.0,0.0,0.0,0.0,160.0,0.0
20,8,OMP,optimized,4720.0,768.0,0.0,256.0,3200.0,160.0,160.0,168.0,0.0,0.0,0.0,8.0,0.0
20,9,OMP,baseline,4824.0,768.0,2048.0,0.0,0.0,0.0,1680.0,168.0,0.0,0.0,0.0,160.0,0.0
20,9,OMP,optimized,4720.0,768.0,0.0,256.0,3200.0,160.0,160.0,168.0,0.0,0.0,0.0,8.0,0.0
20,10,OMP,baseline,4824.0,768.0,2048.0,0.0,0.0,0.0,1680.0,168.0,0.0,0.0,0.0,160.0,0.0
20,10,OMP,optimized,4720.0,768.0,0.0,256.0,3200.0,160.0,160.0,168.0,0.0,0.0,0.0,8.0,0.0
20,11,OMP,baseline,4824.0,768.0,2048.0,0.0,0.0,0.0,1680.0,168.0,0.0,0.0,0.0,160.0,0.0
20,11,OMP,optimized,4720.0,768.0,0.0,256.0,3200.0,160.0,160.0,168.0,0.0,0.0,0.0,8.0,0.0
20,12,OMP,baseline,4824.0,768.0,2048.0,0.0,0.0,0.0,1680.0,168.0,0.0,0.0,0.0,160.0,0.0
20,12,OMP,optimized,4720.0,768.0,0.0,256.0,3200.0,160.0,160.0,168.0,0.0,0.0,0.0,8.0,0.0
20,13,OMP,baseline,4824.0,768.0,2048.0,0.0,0.0,0.0,1680.0,168.0,0.0,0.0,0.0,160.0,0.0
20,13,OMP,optimized,4720.0,768.0,0.0,256.0,3200.0,160.0,160.0,168.0,0.0,0.0,0.0,8.0,0.0
20,14,OMP,baseline,4824.0,768.0,2048.0,0.0,0.0,0.0,1680.0,168.0,0.0,0.0,0.0,160.0,0.0
20,14,OMP,optimized,4720.0,768.0,0.0,256.0,3200.0,160.0,160.0,168.0,0.0,0.0,0.0,8.0,0.0
20,15,OMP,baseline,4824.0,768.0,2048.0,0.0,0.0,0.0,1680.0,168.0,0.0,0.0,0.0,160.0,0.0
20,15,OMP,optimized,4720.0,768.0,0.0,256.0,3200.0,160.0,160.0,168.0,0.0,0.0,0.0,8.0,0.0
20,16,OMP,baseline,4824.0,768.0,2048.0,0.0,0.0,0.0,1680.0,168.0,0.0,0.0,0.0,160.0,0.0
20,16,OMP,optimized,4720.0,768.0,0.0,256.0,3200.0,160.0,160.0,168.0,0.0,0.0,0.0,8.0,0.0
20,17,OMP,baseline,4824.0,768.0,2048.0,0.0,0.0,0.0,1680.0,168.0,0.0,0.0,0.0,160.0,0.0
20,17,OMP,optimized,4720.0,768.0,0.0,256.0,3200.0,160.0,160.0,168.0,0.0,0.0,0.0,8.0,0.0
20,18,OMP,baseline,4824.0,768.0,2048.0,0.0,0.0,0.0,1680.0,168.0,0.0,0.0,0.0,160.0,0.0
20,18,OMP,optimized,4720.0,768.0,0.0,256.0,3200.0,160.0,160.0,168.0,0.0,0.0,0.0,8.0,0.0
20,19,OMP,baseline,4824.0,768.0,2048.0,0.0,0.0,0.0,1680.0,168.0,0.0,0.0,0.0,160.0,0.0
20,19,OMP,optimized,4720.0,768.0,0.0,256.0,3200.0,160.0,160.0,168.0,0.0,0.0,0.0,8.0,0.0
20,20,OMP,baseline,4824.0,768.0,2048.0,0.0,0.0,0.0,1680.0,168.0,0.0,0.0,0.0,160.0,0.0
20,20,OMP,optimized,4720.0,768.0,0.0,256.0,3200.0,160.0,160.0,168.0,0.0,0.0,0.0,8.0,0.0
20,21,OMP,baseline,4824.0,768.0,2048.0,0.0,0.0,0.0,1680.0,168.0,0.0,0.0,0.0,160.0,0.0
20,21,OMP,optimized,4720.0,768.0,0.0,256.0,3200.0,160.0,160.0,168.0,0.0,0.0,0.0,8.0,0.0
20,22,OMP,baseline,4824.0,768.0,2048.0,0.0,0.0,0.0,1680.0,168.0,0.0,0.0,0.0,160.0,0.0
20,22,OMP,optimized,4720.0,768.0,0.0,256.0,3200.0,160.0,160.0,168.0,0.0,0.0,0.0,8.0,0.0
20,23,OMP,baseline,4824.0,768.0,2048.0,0.0,0.0,0.0,1680.0,168.0,0.0,0.0,0.0,160.0,0.0
20,23,OMP,optimized,4720.0,768.0,0.0,256.0,3200.0,160.0,160.0,168.0,0.0,0.0,0.0,8.0,0.0
20,24,OMP,baseline,4824.0,768.0,2048.0,0.0,0.0,0.0,1680.0,168.0,0.0,0.0,0.0,160.0,0.0
20,24,OMP,optimized,4720.0,768.0,0.0,256.0,3200.0,160.0,160.0,168.0,0.0,0.0,0.0,8.0,0.0
20,25,OMP,baseline,4824.0,768.0,2048.0,0.0,0.0,0.0,1680.0,168.0,0.0,0.0,0.0,160.0,0.0
20,25,OMP,optimized,4720.0,768.0,0.0,256.0,3200.0,160.0,160.0,168.0,0.0,0.0,0.0,8.0,0.0
20,26,OMP,baseline,4824.0,768.0,2048.0,0.0,0.0,0.0,1680.0,168.0,0.0,0.0,0.0,160.0,0.0
20,26,OMP,optimized,4720.0,768.0,0.0,256.0,3200.0,160.0,160.0,168.0,0.0,0.0,0.0,8.0,0.0
20,27,OMP,baseline,4824.0,768.0,2048.0,0.0,0.0,0.0,1680.0,168.0,0.0,0.0,0.0,160.0,0.0
20,27,OMP,optimized,4720.0,768.0,0.0,256.0,3200.0,160.0,160.0,168.0,0.0,0.0,0.0,8.0,0.0
20,28,OMP,baseline,4824.0,768.0,2048.0,0.0,0.0,0.0,1680.0,168.0,0.0,0.0,0.0,160.0,0.0
20,28,OMP,optimized,4720.0,768.0,0.0,256.0,3200.0,160.0,160.0,168.0,0.0,0.0,0.0,8.0,0.0
20,29,OMP,baseline,4824.0,768.0,2048.0,0.0,0.0,0.0,1680.0,168.0,0.0,0.0,0.0,160.0,0.0
20,29,OMP,optimized,4720.0,768.0,0.0,256.0,3200.0,160.0,160.0,168.0,0.0,0.0,0.0,8.0,0.0
20,30,OMP,baseline,4824.0,768.0,2048.0,0.0,0.0,0.0,1680.0,168.0,0.0,0.0,0.0,160.0,0.0
20,30,OMP,optimized,4720.0,768.0,0.0,256.0,3200.0,160.0,160.0,168.0,0.0,0.0,0.0,8.0,0.0
20,31,OMP,baseline,4824.0,768.0,2048.0,0.0,0.0,0.0,1680.0,168.0,0.0,0.0,0.0,160.0,0.0
20,31,OMP,optimized,4720.0,768.0,0.0,256.0,3200.0,160.0,160.0,168.0,0.0,0.0,0.0,8.0,0.0
20,32,OMP,baseline,4824.0,768.0,2048.0,0.0,0.0,0.0,1680.0,168.0,0.0,0.0,0.0,160.0,0.0
20,32,OMP,optimized,4720.0,768.0,0.0,256.0,3200.0,160.0,160.0,168.0,0.0,0.0,0.0,8.0,0.0
20,33,OMP,baseline,4824.0,768.0,2048.0,0.0,0.0,0.0,1680.0,168.0,0.0,0.0,0.0,160.0,0.0
20,33,OMP,optimized,4720.0,768.0,0.0,256.0,3200.0,160.0,160.0,168.0,0.0,0.0,0.0,8.0,0.0
20,34,OMP,baseline,4824.0,768.0,2048.0,0.0,0.0,0.0,1680.0,168.0,0.0,0.0,0.0,160.0,0.0
20,34,OMP,optimized,4720.0,768.0,0.0,256.0,3200.0,160.0,160.0,168.0,0.0,0.0,0.0,8.0,0.0
20,35,OMP,baseline,4824.0,768.0,2048.0,0.0,0.0,0.0,1680.0,168.0,0.0,0.0,0.0,160.0,0.0
20,35,OMP,optimized,4720.0,768.0,0.0,256.0,3200.0,160.0,160.0,168.0,0.0,0.0,0.0,8.0,0.0
20,36,OMP,baseline,4824.0,768.0,2048.0,0.0,0.0,0.0,1680.0,168.0,0.0,0.0,0.0,160.0,0.0
20,36,OMP,optimized,4720.0,768.0,0.0,256.0,3200.0,160.0,160.0,168.0,0.0,0.0,0.0,8.0,0.0
20,37,OMP,baseline,4824.0,768.0,2048.0,0.0,0.0,0.0,1680.0,168.0,0.0,0.0,0.0,160.0,0.0
20,37,OMP,optimized,4720.0,768.0,0.0,256.0,3200.0,160.0,160.0,168.0,0.0,0.0,0.0,8.0,0.0
20,38,OMP,baseline,4824.0,768.0,2048.0,0.0,0.0,0.0,1680.0,168.0,0.0,0.0,0.0,160.0,0.0
20,38,OMP,optimized,4720.0,768.0,0.0,256.0,3200.0,160.0,160.0,168.0,0.0,0.0,0.0,8.0,0.0
20,39,OMP,baseline,4824.0,768.0,2048.0,0.0,0.0,0.0,1680.0,168.0,0.0,0.0,0.0,160.0,0.0
20,39,OMP,optimized,4720.0,768.0,0.0,256.0,3200.0,160.0,160.0,168.0,0.0,0.0,0.0,8.0,0.0
20,40,OMP,baseline,4824.0,768.0,2048.0,0.0,0.0,0.0,1680.0,168.0,0.0,0.0,0.0,160.0,0.0
20,40,OMP,optimized,4720.0,768.0,0.0,256.0,3200.0,160.0,160.0,168.0,0.0,0.0,0.0,8.0,0.0
20,41,OMP,baseline,4824.0,768.0,2048.0,0.0,0.0,0.0,1680.0,168.0,0.0,0.0,0.0,160.0,0.0
20,41,OMP,optimized,4720.0,768.0,0.0,256.0,3200.0,160.0,160.0,168.0,0.0,0.0,0.0,8.0,0.0
20,42,OMP,baseline,4824.0,768.0,2048.0,0.0,0.0,0.0,1680.0,168.0,0.0,0.0,0.0,160.0,0.0
20,42,OMP,optimized,4720.0,768.0,0.0,256.0,3200.0,160.0,160.0,168.0,0.0,0.0,0.0,8.0,0.0
20,43,OMP,baseline,4824.0,768.0,2048.0,0.0,0.0,0.0,1680.0,168.0,0.0,0.0,0.0,160.0,0.0
20,43,OMP,optimized,4720.0,768.0,0.0,256.0,3200.0,160.0,160.0,168.0,0.0,0.0,0.0,8.0,0.0
20,44,OMP,baseline,4824.0,768.0,2048.0,0.0,0.0,0.0,1680.0,168.0,0.0,0.0,0.0,160.0,0.0
20,44,OMP,optimized,4720.0,768.0,0.0,256.0,3200.0,160.0,160.0,168.0,0.0,0.0,0.0,8.0,0.0
20,45,OMP,baseline,4824.0,768.0,2048.0,0.0,0.0,0.0,1680.0,168.0,0.0,0.0,0.0,160.0,0.0
20,45,OMP,optimized,4720.0,768.0,0.0,256.0,3200.0,160.0,160.0,168.0,0.0,0.0,0.0,8.0,0.0
20,46,OMP,baseline,4824.0,768.0,2048.0,0.0,0.0,0.0,1680.0,168.0,0.0,0.0,0.0,160.0,0.0
20,46,OMP,optimized,4720.0,768.0,0.0,256.0,3200.0,160.0,160.0,168.0,0.0,0.0,0.0,8.0,0.0
20,47,OMP,baseline,4824.0,768.0,2048.0,0.0,0.0,0.0,1680.0,168.0,0.0,0.0,0.0,160.0,0.0
20,47,OMP,optimized,4720.0,768.0,0.0,256.0,3200.0,160.0,160.0,168.0,0.0,0.0,0.0,8.0,0.0
20,48,OMP,baseline,4824.0,768.0,2048.0,0.0,0.0,0.0,1680.0,168.0,0.0,0.0,0.0,160.0,0.0
20,48,OMP,optimized,4720.0,768.0,0.0,256.0,3200.0,160.0,160.0,168.0,0.0,0.0,0.0,8.0,0.0
20,49,OMP,baseline,4824.0,768.0,2048.0,0.0,0.0,0.0,1680.0,168.0,0.0,0.0,0.0,160.0,0.0
20,49,OMP,optimized,4720.0,768.0,0.0,256.0,3200.0,160.0,160.0,168.0,0.0,0.0,0.0,8.0,0.0
20,50,OMP,baseline,4824.0,768.0,2048.0,0.0,0.0,0.0,1680.0,168.0,0.0,0.0,0.0,160.0,0.0
20,50,OMP,optimized,4720.0,768.0,0.0,256.0,3200.0,160.0,160.0,168.0,0.0,0.0,0.0,8.0,0.0
20,51,OMP,baseline,4824.0,768.0,2048.0,0.0,0.0,0.0,1680.0,168.0,0.0,0.0,0.0,160.0,0.0
20,51,OMP,optimized,4720.0,768.0,0.0,256.0,3200.0,160.0,160.0,168.0,0.0,0.0,0.0,8.0,0.0
20,52,OMP,baseline,4824.0,768.0,2048.0,0.0,0.0,0.0,1680.0,168.0,0.0,0.0,0.0,160.0,0.0
20,52,OMP,optimized,4720.0,768.0,0.0,256.0,3200.0,160.0,160.0,168.0,0.0,0.0,0.0,8.0,0.0
20,53,OMP,baseline,4824.0,768.0,2048.0,0.0,0.0,0.0,1680.0,168.0,0.0,0.0,0.0,160.0,0.0
20,53,OMP,optimized,4720.0,768.0,0.0,256.0,3200.0,160.0,160.0,168.0,0.0,0.0,0.0,8.0,0.0
20,54,OMP,baseline,4824.0,768.0,2048.0,0.0,0.0,0.0,1680.0,168.0,0.0,0.0,0.0,160.0,0.0
20,54,OMP,optimized,4720.0,768.0,0.0,256.0,3200.0,160.0,160.0,168.0,0.0,0.0,0.0,8.0,0.0
20,55,OMP,baseline,4824.0,768.0,2048.0,0.0,0.0,0.0,1680.0,168.0,0.0,0.0,0.0,160.0,0.0
20,55,OMP,optimized,4720.0,768.0,0.0,256.0,3200.0,160.0,160.0,168.0,0.0,0.0,0.0,8.0,0.0
20,56,OMP,baseline,4824.0,768.0,2048.0,0.0,0.0,0.0,1680.0,168.0,0.0,0.0,0.0,160.0,0.0
20,56,OMP,optimized,4720.0,768.0,0.0,256.0,3200.0,160.0,160.0,168.0,0.0,0.0,0.0,8.0,0.0
20,57,OMP,baseline,4824.0,768.0,2048.0,0.0,0.0,0.0,1680.0,168.0,0.0,0.0,0.0,160.0,0.0
20,57,OMP,optimized,4720.0,768.0,0.0,256.0,3200.0,160.0,160.0,168.0,0.0,0.0,0.0,8.0,0.0
20,58,OMP,baseline,4824.0,768.0,2048.0,0.0,0.0,0.0,1680.0,168.0,0.0,0.0,0.0,160.0,0.0
20,58,OMP,optimized,4720.0,768.0,0.0,256.0,3200.0,160.0,160.0,168.0,0.0,0.0,0.0,8.0,0.0
20,59,OMP,baseline,4824.0,768.0,2048.0,0.0,0.0,0.0,1680.0,168.0,0.0,0.0,0.0,160.0,0.0
20,59,OMP,optimized,4720.0,768.0,0.0,256.0,3200.0,160.0,160.0,168.0,0.0,0.0,0.0,8.0,0.0
20,60,OMP,baseline,4824.0,768.0,2048.0,0.0,0.0,0.0,1680.0,168.0,0.0,0.0,0.0,160.0,0.0
20,60,OMP,optimized,4720.0,768.0,0.0,256.0,3200.0,160.0,160.0,168.0,0.0,0.0,0.0,8.0,0.0
20,61,OMP,baseline,4824.0,768.0,2048.0,0.0,0.0,0.0,1680.0,168.0,0.0,0.0,0.0,160.0,0.0
20,61,OMP,optimized,4720.0,768.0,0.0,256.0,3200.0,160.0,160.0,168.0,0.0,0.0,0.0,8.0,0.0
20,62,OMP,baseline,4824.0,768.0,2048.0,0.0,0.0,0.0,1680.0,168.0,0.0,0.0,0.0,160.0,0.0
20,62,OMP,optimized,4720.0,768.0,0.0,256.0,3200.0,160.0,160.0,168.0,0.0,0.0,0.0,8.0,0.0
20,63,OMP,baseline,4824.0,768.0,2048.0,0.0,0.0,0.0,1680.0,168.0,0.0,0.0,0.0,160.0,0.0
20,63,OMP,optimized,4720.0,768.0,0.0,256.0,3200.0,160.0,160.0,168.0,0.0,0.0,0.0,8.0,0.0
20,64,OMP,baseline,4824.0,768.0,2048.0,0.0,0.0,0.0,1680.0,168.0,0.0,0.0,0.0,160.0,0.0
20,64,OMP,optimized,4720.0,768.0,0.0,256.0,3200.0,160.0,160.0,168.0,0.0,0.0,0.0,8.0,0.0
20,65,OMP,baseline,4824.0,768.0,2048.0,0.0,0.0,0.0,1680.0,168.0,0.0,0.0,0.0,160.0,0.0
20,65,OMP,optimized,4720.0,768.0,0.0,256.0,3200.0,160.0,160.0,168.0,0.0,0.0,0.0,8.0,0.0
20,66,OMP,baseline,4824.0,768.0,2048.0,0.0,0.0,0.0,1680.0,168.0,0.0,0.0,0.0,160.0,0.0
20,66,OMP,optimized,4720.0,768.0,0.0,256.0,3200.0,160.0,160.0,168.0,0.0,0.0,0.0,8.0,0.0
20,67,OMP,baseline,4824.0,768.0,2048.0,0.0,0.0,0.0,1680.0,168.0,0.0,0.0,0.0,160.0,0.0
20,67,OMP,optimized,4720.0,768.0,0.0,256.0,3200.0,160.0,160.0,168.0,0.0,0.0,0.0,8.0,0.0
20,68,OMP,baseline,4824.0,768.0,2048.0,0.0,0.0,0.0,1680.0,168.0,0.0,0.0,0.0,160.0,0.0
20,68,OMP,optimized,4720.0,768.0,0.0,256.0,3200.0,160.0,160.0,168.0,0.0,0.0,0.0,8.0,0.0
20,69,OMP,baseline,4824.0,768.0,2048.0,0.0,0.0,0.0,1680.0,168.0,0.0,0.0,0.0,160.0,0.0
20,69,OMP,optimized,4720.0,768.0,0.0,256.0,3200.0,160.0,160.0,168.0,0.0,0.0,0.0,8.0,0.0
20,70,OMP,baseline,4824.0,768.0,2048.0,0.0,0.0,0.0,1680.0,168.0,0.0,0.0,0.0,160.0,0.0
20,70,OMP,optimized,4720.0,768.0,0.0,256.0,3200.0,160.0,160.0,168.0,0.0,0.0,0.0,8.0,0.0
20,71,OMP,baseline,4824.0,768.0,2048.0,0.0,0.0,0.0,1680.0,168.0,0.0,0.0,0.0,160.0,0.0
20,71,OMP,optimized,4720.0,768.0,0.0,256.0,3200.0,160.0,160.0,168.0,0.0,0.0,0.0,8.0,0.0
20,72,OMP,baseline,4824.0,768.0,2048.0,0.0,0.0,0.0,1680.0,168.0,0.0,0.0,0.0,160.0,0.0
20,72,OMP,optimized,4720.0,768.0,0.0,256.0,3200.0,160.0,160.0,168.0,0.0,0.0,0.0,8.0,0.0
20,73,OMP,baseline,4824.0,768.0,2048.0,0.0,0.0,0.0,1680.0,168.0,0.0,0.0,0.0,160.0,0.0
20,73,OMP,optimized,4720.0,768.0,0.0,256.0,3200.0,160.0,160.0,168.0,0.0,0.0,0.0,8.0,0.0
20,74,OMP,baseline,4824.0,768.0,2048.0,0.0,0.0,0.0,1680.0,168.0,0.0,0.0,0.0,160.0,0.0
20,74,OMP,optimized,4720.0,768.0,0.0,256.0,3200.0,160.0,160.0,168.0,0.0,0.0,0.0,8.0,0.0
20,75,OMP,baseline,4824.0,768.0,2048.0,0.0,0.0,0.0,1680.0,168.0,0.0,0.0,0.0,160.0,0.0
20,75,OMP,optimized,4720.0,768.0,0.0,256.0,3200.0,160.0,160.0,168.0,0.0,0.0,0.0,8.0,0.0
20,76,OMP,baseline,4824.0,768.0,2048.0,0.0,0.0,0.0,1680.0,168.0,0.0,0.0,0.0,160.0,0.0
20,76,OMP,optimized,4720.0,768.0,0.0,256.0,3200.0,160.0,160.0,168.0,0.0,0.0,0.0,8.0,0.0
20,77,OMP,baseline,4824.0,768.0,2048.0,0.0,0.0,0.0,1680.0,168.0,0.0,0.0,0.0,160.0,0.0
20,77,OMP,optimized,4720.0,768.0,0.0,256.0,3200.0,160.0,160.0,168.0,0.0,0.0,0.0,8.0,0.0
20,78,OMP,baseline,4824.0,768.0,2048.0,0.0,0.0,0.0,1680.0,168.0,0.0,0.0,0.0,160.0,0.0
20,78,OMP,optimized,4720.0,768.0,0.0,256.0,3200.0,160.0,160.0,168.0,0.0,0.0,0.0,8.0,0.0
20,79,OMP,baseline,4824.0,768.0,2048.0,0.0,0.0,0.0,1680.0,168.0,0.0,0.0,0.0,160.0,0.0
20,79,OMP,optimized,4720.0,768.0,0.0,256.0,3200.0,160.0,160.0,168.0,0.0,0.0,0.0,8.0,0.0
20,80,OMP,baseline,4824.0,768.0,2048.0,0.0,0.0,0.0,1680.0,168.0,0.0,0.0,0.0,160.0,0.0
20,80,OMP,optimized,4720.0,768.0,0.0,256.0,3200.0,160.0,160.0,168.0,0.0,0.0,0.0,8.0,0.0
20,81,OMP,baseline,4824.0,768.0,2048.0,0.0,0.0,0.0,1680.0,168.0,0.0,0.0,0.0,160.0,0.0
20,81,OMP,optimized,4720.0,768.0,0.0,256.0,3200.0,160.0,160.0,168.0,0.0,0.0,0.0,8.0,0.0
20,82,OMP,baseline,4824.0,768.0,2048.0,0.0,0.0,0.0,1680.0,168.0,0.0,0.0,0.0,160.0,0.0
20,82,OMP,optimized,4720.0,768.0,0.0,256.0,3200.0,160.0,160.0,168.0,0.0,0.0,0.0,8.0,0.0
20,83,OMP,baseline,4824.0,768.0,2048.0,0.0,0.0,0.0,1680.0,168.0,0.0,0.0,0.0,160.0,0.0
20,83,OMP,optimized,4720.0,768.0,0.0,256.0,3200.0,160.0,160.0,168.0,0.0,0.0,0.0,8.0,0.0
20,84,OMP,baseline,4824.0,768.0,2048.0,0.0,0.0,0.0,1680.0,168.0,0.0,0.0,0.0,160.0,0.0
20,84,OMP,optimized,4720.0,768.0,0.0,256.0,3200.0,160.0,160.0,168.0,0.0,0.0,0.0,8.0,0.0
20,85,OMP,baseline,4824.0,768.0,2048.0,0.0,0.0,0.0,1680.0,168.0,0.0,0.0,0.0,160.0,0.0
20,85,OMP,optimized,4720.0,768.0,0.0,256.0,3200.0,160.0,160.0,168.0,0.0,0.0,0.0,8.0,0.0
20,86,OMP,baseline,4824.0,768.0,2048.0,0.0,0.0,0.0,1680.0,168.0,0.0,0.0,0.0,160.0,0.0
20,86,OMP,optimized,4720.0,768.0,0.0,256.0,3200.0,160.0,160.0,168.0,0.0,0.0,0.0,8.0,0.0
20,87,OMP,baseline,4824.0,768.0,2048.0,0.0,0.0,0.0,1680.0,168.0,0.0,0.0,0.0,160.0,0.0
20,87,OMP,optimized,4720.0,768.0,0.0,256.0,3200.0,160.0,160.0,168.0,0.0,0.0,0.0,8.0,0.0
20,88,OMP,baseline,4824.0,768.0,2048.0,0.0,0.0,0.0,1680.0,168.0,0.0,0.0,0.0,160.0,0.0
20,88,OMP,optimized,4720.0,768.0,0.0,256.0,3200.0,160.0,160.0,168.0,0.0,0.0,0.0,8.0,0.0
20,89,OMP,baseline,4824.0,768.0,2048.0,0.0,0.0,0.0,1680.0,168.0,0.0,0.0,0.0,160.0,0.0
20,89,OMP,optimized,4720.0,768.0,0.0,256.0,3200.0,160.0,160.0,168.0,0.0,0.0,0.0,8.0,0.0
20,90,OMP,baseline,4824.0,768.0,2048.0,0.0,0.0,0.0,1680.0,168.0,0.0,0.0,0.0,160.0,0.0
20,90,OMP,optimized,4720.0,768.0,0.0,256.0,3200.0,160.0,160.0,168.0,0.0,0.0,0.0,8.0,0.0
20,91,OMP,baseline,4824.0,768.0,2048.0,0.0,0.0,0.0,1680.0,168.0,0.0,0.0,0.0,160.0,0.0
20,91,OMP,optimized,4720.0,768.0,0.0,256.0,3200.0,160.0,160.0,168.0,0.0,0.0,0.0,8.0,0.0
20,92,OMP,baseline,4824.0,768.0,2048.0,0.0,0.0,0.0,1680.0,168.0,0.0,0.0,0.0,160.0,0.0
20,92,OMP,optimized,4720.0,768.0,0.0,256.0,3200.0,160.0,160.0,168.0,0.0,0.0,0.0,8.0,0.0
20,93,OMP,baseline,4824.0,768.0,2048.0,0.0,0.0,0.0,1680.0,168.0,0.0,0.0,0.0,160.0,0.0
20,93,OMP,optimized,4720.0,768.0,0.0,256.0,3200.0,160.0,160.0,168.0,0.0,0.0,0.0,8.0,0.0
20,94,OMP,baseline,4824.0,768.0,2048.0,0.0,0.0,0.0,1680.0,168.0,0.0,0.0,0.0,160.0,0.0
20,94,OMP,optimized,4720.0,768.0,0.0,256.0,3200.0,160.0,160.0,168.0,0.0,0.0,0.0,8.0,0.0
20,95,OMP,baseline,4824.0,768.0,2048.0,0.0,0.0,0.0,1680.0,168.0,0.0,0.0,0.0,160.0,0.0
20,95,OMP,optimized,4720.0,768.0,0.0,256.0,3200.0,160.0,160.0,168.0,0.0,0.0,0.0,8.0,0.0
20,96,OMP,baseline,4824.0,768.0,2048.0,0.0,0.0,0.0,1680.0,168.0,0.0,0.0,0.0,160.0,0.0
20,96,OMP,optimized,4720.0,768.0,0.0,256.0,3200.0,160.0,160.0,168.0,0.0,0.0,0.0,8.0,0.0
20,97,OMP,baseline,4824.0,768.0,2048.0,0.0,0.0,0.0,1680.0,168.0,0.0,0.0,0.0,160.0,0.0
20,97,OMP,optimized,4720.0,768.0,0.0,256.0,3200.0,160.0,160.0,168.0,0.0,0.0,0.0,8.0,0.0
20,98,OMP,baseline,4824.0,768.0,2048.0,0.0,0.0,0.0,1680.0,168.0,0.0,0.0,0.0,160.0,0.0
20,98,OMP,optimized,4720.0,768.0,0.0,256.0,3200.0,160.0,160.0,168.0,0.0,0.0,0.0,8.0,0.0
20,99,OMP,baseline,4824.0,768.0,2048.0,0.0,0.0,0.0,1680.0,168.0,0.0,0.0,0.0,160.0,0.0
20,99,OMP,optimized,4720.0,768.0,0.0,256.0,3200.0,160.0,160.0,168.0,0.0,0.0,0.0,8.0,0.0
20,100,OMP,baseline,4824.0,768.0,2048.0,0.0,0.0,0.0,1680.0,168.0,0.0,0.0,0.0,160.0,0.0
20,100,OMP,optimized,4720.0,768.0,0.0,256.0,3200.0,160.0,160.0,168.0,0.0,0.0,0.0,8.0,0.0
20,101,OMP,baseline,4824.0,768.0,2048.0,0.0,0.0,0.0,1680.0,168.0,0.0,0.0,0.0,160.0,0.0
20,101,OMP,optimized,4720.0,768.0,0.0,256.0,3200.0,160.0,160.0,168.0,0.0,0.0,0.0,8.0,0.0
20,102,OMP,baseline,4824.0,768.0,2048.0,0.0,0.0,0.0,1680.0,168.0,0.0,0.0,0.0,160.0,0.0
20,102,OMP,optimized,4720.0,768.0,0.0,256.0,3200.0,160.0,160.0,168.0,0.0,0.0,0.0,8.0,0.0
20,103,OMP,baseline,4824.0,768.0,2048.0,0.0,0.0,0.0,1680.0,168.0,0.0,0.0,0.0,160.0,0.0
20,103,OMP,optimized,4720.0,768.0,0.0,256.0,3200.0,160.0,160.0,168.0,0.0,0.0,0.0,8.0,0.0
20,104,OMP,baseline,4824.0,768.0,2048.0,0.0,0.0,0.0,1680.0,168.0,0.0,0.0,0.0,160.0,0.0
20,104,OMP,optimized,4720.0,768.0,0.0,256.0,3200.0,160.0,160.0,168.0,0.0,0.0,0.0,8.0,0.0
20,105,OMP,baseline,4824.0,768.0,2048.0,0.0,0.0,0.0,1680.0,168.0,0.0,0.0,0.0,160.0,0.0
20,105,OMP,optimized,4720.0,768.0,0.0,256.0,3200.0,160.0,160.0,168.0,0.0,0.0,0.0,8.0,0.0
20,106,OMP,baseline,4824.0,768.0,2048.0,0.0,0.0,0.0,1680.0,168.0,0.0,0.0,0.0,160.0,0.0
20,106,OMP,optimized,4720.0,768.0,0.0,256.0,3200.0,160.0,160.0,168.0,0.0,0.0,0.0,8.0,0.0
20,107,OMP,baseline,4824.0,768.0,2048.0,0.0,0.0,0.0,1680.0,168.0,0.0,0.0,0.0,160.0,0.0
20,107,OMP,optimized,4720.0,768.0,0.0,256.0,3200.0,160.0,160.0,168.0,0.0,0.0,0.0,8.0,0.0
20,108,OMP,baseline,4824.0,768.0,2048.0,0.0,0.0,0.0,1680.0,168.0,0.0,0.0,0.0,160.0,0.0
20,108,OMP,optimized,4720.0,768.0,0.0,256.0,3200.0,160.0,160.0,168.0,0.0,0.0,0.0,8.0,0.0
20,109,OMP,baseline,4824.0,768.0,2048.0,0.0,0.0,0.0,1680.0,168.0,0.0,0.0,0.0,160.0,0.0
20,109,OMP,optimized,4720.0,768.0,0.0,256.0,3200.0,160.0,160.0,168.0,0.0,0.0,0.0,8.0,0.0
20,110,OMP,baseline,4824.0,768.0,2048.0,0.0,0.0,0.0,1680.0,168.0,0.0,0.0,0.0,160.0,0.0
20,110,OMP,optimized,4720.0,768.0,0.0,256.0,3200.0,160.0,160.0,168.0,0.0,0.0,0.0,8.0,0.0
20,111,OMP,baseline,4824.0,768.0,2048.0,0.0,0.0,0.0,1680.0,168.0,0.0,0.0,0.0,160.0,0.0
20,111,OMP,optimized,4720.0,768.0,0.0,256.0,3200.0,160.0,160.0,168.0,0.0,0.0,0.0,8.0,0.0
20,112,OMP,baseline,4824.0,768.0,2048.0,0.0,0.0,0.0,1680.0,168.0,0.0,0.0,0.0,160.0,0.0
20,112,OMP,optimized,4720.0,768.0,0.0,256.0,3200.0,160.0,160.0,168.0,0.0,0.0,0.0,8.0,0.0
20,113,OMP,baseline,4824.0,768.0,2048.0,0.0,0.0,0.0,1680.0,168.0,0.0,0.0,0.0,160.0,0.0
20,113,OMP,optimized,4720.0,768.0,0.0,256.0,3200.0,160.0,160.0,168.0,0.0,0.0,0.0,8.0,0.0
20,114,OMP,baseline,4824.0,768.0,2048.0,0.0,0.0,0.0,1680.0,168.0,0.0,0.0,0.0,160.0,0.0
20,114,OMP,optimized,4720.0,768.0,0.0,256.0,3200.0,160.0,160.0,168.0,0.0,0.0,0.0,8.0,0.0
20,115,OMP,baseline,4824.0,768.0,2048.0,0.0,0.0,0.0,1680.0,168.0,0.0,0.0,0.0,160.0,0.0
20,115,OMP,optimized,4720.0,768.0,0.0,256.0,3200.0,160.0,160.0,168.0,0.0,0.0,0.0,8.0,0.0
20,116,OMP,baseline,4824.0,768.0,2048.0,0.0,0.0,0.0,1680.0,168.0,0.0,0.0,0.0,160.0,0.0
20,116,OMP,optimized,4720.0,768.0,0.0,256.0,3200.0,160.0,160.0,168.0,0.0,0.0,0.0,8.0,0.0
20,117,OMP,baseline,4824.0,768.0,2048.0,0.0,0.0,0.0,1680.0,168.0,0.0,0.0,0.0,160.0,0.0
20,117,OMP,optimized,4720.0,768.0,0.0,256.0,3200.0,160.0,160.0,168.0,0.0,0.0,0.0,8.0,0.0
20,118,OMP,baseline,4824.0,768.0,2048.0,0.0,0.0,0.0,1680.0,168.0,0.0,0.0,0.0,160.0,0.0
20,118,OMP,optimized,4720.0,768.0,0.0,256.0,3200.0,160.0,160.0,168.0,0.0,0.0,0.0,8.0,0.0
20,119,OMP,baseline,4824.0,768.0,2048.0,0.0,0.0,0.0,1680.0,168.0,0.0,0.0,0.0,160.0,0.0
20,119,OMP,optimized,4720.0,768.0,0.0,256.0,3200.0,160.0,160.0,168.0,0.0,0.0,0.0,8.0,0.0
20,120,OMP,baseline,4824.0,768.0,2048.0,0.0,0.0,0.0,1680.0,168.0,0.0,0.0,0.0,160.0,0.0
20,120,OMP,optimized,4720.0,768.0,0.0,256.0,3200.0,160.0,160.0,168.0,0.0,0.0,0.0,8.0,0.0
20,121,OMP,baseline,4824.0,768.0,2048.0,0.0,0.0,0.0,1680.0,168.0,0.0,0.0,0.0,160.0,0.0
20,121,OMP,optimized,4720.0,768.0,0.0,256.0,3200.0,160.0,160.0,168.0,0.0,0.0,0.0,8.0,0.0
20,122,OMP,baseline,4824.0,768.0,2048.0,0.0,0.0,0.0,1680.0,168.0,0.0,0.0,0.0,160.0,0.0
20,122,OMP,optimized,4720.0,768.0,0.0,256.0,3200.0,160.0,160.0,168.0,0.0,0.0,0.0,8.0,0.0
20,123,OMP,baseline,4824.0,768.0,2048.0,0.0,0.0,0.0,1680.0,168.0,0.0,0.0,0.0,160.0,0.0
20,123,OMP,optimized,4720.0,768.0,0.0,256.0,3200.0,160.0,160.0,168.0,0.0,0.0,0.0,8.0,0.0
20,124,OMP,baseline,4824.0,768.0,2048.0,0.0,0.0,0.0,1680.0,168.0,0.0,0.0,0.0,160.0,0.0
20,124,OMP,optimized,4720.0,768.0,0.0,256.0,3200.0,160.0,160.0,168.0,0.0,0.0,0.0,8.0,0.0
20,125,OMP,baseline,4824.0,768.0,2048.0,0.0,0.0,0.0,1680.0,168.0,0.0,0.0,0.0,160.0,0.0
20,125,OMP,optimized,4720.0,768.0,0.0,256.0,3200.0,160.0,160.0,168.0,0.0,0.0,0.0,8.0,0.0
20,126,OMP,baseline,4824.0,768.0,2048.0,0.0,0.0,0.0,1680.0,168.0,0.0,0.0,0.0,160.0,0.0
20,126,OMP,optimized,4720.0,768.0,0.0,256.0,3200.0,160.0,160.0,168.0,0.0,0.0,0.0,8.0,0.0
20,127,OMP,baseline,4824.0,768.0,2048.0,0.0,0.0,0.0,1680.0,168.0,0.0,0.0,0.0,160.0,0.0
20,127,OMP,optimized,4720.0,768.0,0.0,256.0,3200.0,160.0,160.0,168.0,0.0,0.0,0.0,8.0,0.0
20,128,OMP,baseline,4824.0,768.0,2048.0,0.0,0.0,0.0,1680.0,168.0,0.0,0.0,0.0,160.0,0.0
20,128,OMP,optimized,4720.0,768.0,0.0,256.0,3200.0,160.0,160.0,168.0,0.0,0.0,0.0,8.0,0.0
20,129,OMP,baseline,4824.0,768.0,2048.0,0.0,0.0,0.0,1680.0,168.0,0.0,0.0,0.0,160.0,0.0
20,129,OMP,optimized,4720.0,768.0,0.0,256.0,3200.0,160.0,160.0,168.0,0.0,0.0,0.0,8.0,0.0
20,130,OMP,baseline,4824.0,768.0,2048.0,0.0,0.0,0.0,1680.0,168.0,0.0,0.0,0.0,160.0,0.0
20,130,OMP,optimized,4720.0,768.0,0.0,256.0,3200.0,160.0,160.0,168.0,0.0,0.0,0.0,8.0,0.0
20,131,OMP,baseline,4824.0,768.0,2048.0,0.0,0.0,0.0,1680.0,168.0,0.0,0.0,0.0,160.0,0.0
20,131,OMP,optimized,4720.0,768.0,0.0,256.0,3200.0,160.0,160.0,168.0,0.0,0.0,0.0,8.0,0.0
20,132,OMP,baseline,4824.0,768.0,2048.0,0.0,0.0,0.0,1680.0,168.0,0.0,0.0,0.0,160.0,0.0
20,132,OMP,optimized,4720.0,768.0,0.0,256.0,3200.0,160.0,160.0,168.0,0.0,0.0,0.0,8.0,0.0
20,133,OMP,baseline,4824.0,768.0,2048.0,0.0,0.0,0.0,1680.0,168.0,0.0,0.0,0.0,160.0,0.0
20,133,OMP,optimized,4720.0,768.0,0.0,256.0,3200.0,160.0,160.0,168.0,0.0,0.0,0.0,8.0,0.0
20,134,OMP,baseline,4824.0,768.0,2048.0,0.0,0.0,0.0,1680.0,168.0,0.0,0.0,0.0,160.0,0.0
20,134,OMP,optimized,4720.0,768.0,0.0,256.0,3200.0,160.0,160.0,168.0,0.0,0.0,0.0,8.0,0.0
20,135,OMP,baseline,4824.0,768.0,2048.0,0.0,0.0,0.0,1680.0,168.0,0.0,0.0,0.0,160.0,0.0
20,135,OMP,optimized,4720.0,768.0,0.0,256.0,3200.0,160.0,160.0,168.0,0.0,0.0,0.0,8.0,0.0
20,136,OMP,baseline,4824.0,768.0,2048.0,0.0,0.0,0.0,1680.0,168.0,0.0,0.0,0.0,160.0,0.0
20,136,OMP,optimized,4720.0,768.0,0.0,256.0,3200.0,160.0,160.0,168.0,0.0,0.0,0.0,8.0,0.0
20,137,OMP,baseline,4824.0,768.0,2048.0,0.0,0.0,0.0,1680.0,168.0,0.0,0.0,0.0,160.0,0.0
20,137,OMP,optimized,4720.0,768.0,0.0,256.0,3200.0,160.0,160.0,168.0,0.0,0.0,0.0,8.0,0.0
20,138,OMP,baseline,4824.0,768.0,2048.0,0.0,0.0,0.0,1680.0,168.0,0.0,0.0,0.0,160.0,0.0
20,138,OMP,optimized,4720.0,768.0,0.0,256.0,3200.0,160.0,160.0,168.0,0.0,0.0,0.0,8.0,0.0
20,139,OMP,baseline,4824.0,768.0,2048.0,0.0,0.0,0.0,1680.0,168.0,0.0,0.0,0.0,160.0,0.0
20,139,OMP,optimized,4720.0,768.0,0.0,256.0,3200.0,160.0,160.0,168.0,0.0,0.0,0.0,8.0,0.0
20,140,OMP,baseline,4824.0,768.0,2048.0,0.0,0.0,0.0,1680.0,168.0,0.0,0.0,0.0,160.0,0.0
20,140,OMP,optimized,4720.0,768.0,0.0,256.0,3200.0,160.0,160.0,168.0,0.0,0.0,0.0,8.0,0.0
20,141,OMP,baseline,4824.0,768.0,2048.0,0.0,0.0,0.0,1680.0,168.0,0.0,0.0,0.0,160.0,0.0
20,141,OMP,optimized,4720.0,768.0,0.0,256.0,3200.0,160.0,160.0,168.0,0.0,0.0,0.0,8.0,0.0
20,142,OMP,baseline,4824.0,768.0,2048.0,0.0,0.0,0.0,1680.0,168.0,0.0,0.0,0.0,160.0,0.0
20,142,OMP,optimized,4720.0,768.0,0.0,256.0,3200.0,160.0,160.0,168.0,0.0,0.0,0.0,8.0,0.0
20,143,OMP,baseline,4824.0,768.0,2048.0,0.0,0.0,0.0,1680.0,168.0,0.0,0.0,0.0,160.0,0.0
20,143,OMP,optimized,4720.0,768.0,0.0,256.0,3200.0,160.0,160.0,168.0,0.0,0.0,0.0,8.0,0.0
20,144,OMP,baseline,4824.0,768.0,2048.0,0.0,0.0,0.0,1680.0,168.0,0.0,0.0,0.0,160.0,0.0
20,144,OMP,optimized,4720.0,768.0,0.0,256.0,3200.0,160.0,160.0,168.0,0.0,0.0,0.0,8.0,0.0
20,145,OMP,baseline,4824.0,768.0,2048.0,0.0,0.0,0.0,1680.0,168.0,0.0,0.0,0.0,160.0,0.0
20,145,OMP,optimized,4720.0,768.0,0.0,256.0,3200.0,160.0,160.0,168.0,0.0,0.0,0.0,8.0,0.0
20,146,OMP,baseline,4824.0,768.0,2048.0,0.0,0.0,0.0,1680.0,168.0,0.0,0.0,0.0,160.0,0.0
20,146,OMP,optimized,4720.0,768.0,0.0,256.0,3200.0,160.0,160.0,168.0,0.0,0.0,0.0,8.0,0.0
20,147,OMP,baseline,4824.0,768.0,2048.0,0.0,0.0,0.0,1680.0,168.0,0.0,0.0,0.0,160.0,0.0
20,147,OMP,optimized,4720.0,768.0,0.0,256.0,3200.0,160.0,160.0,168.0,0.0,0.0,0.0,8.0,0.0
20,148,OMP,baseline,4824.0,768.0,2048.0,0.0,0.0,0.0,1680.0,168.0,0.0,0.0,0.0,160.0,0.0
20,148,OMP,optimized,4720.0,768.0,0.0,256.0,3200.0,160.0,160.0,168.0,0.0,0.0,0.0,8.0,0.0
20,149,OMP,baseline,4824.0,768.0,2048.0,0.0,0.0,0.0,1680.0,168.0,0.0,0.0,0.0,160.0,0.0
20,149,OMP,optimized,4720.0,768.0,0.0,256.0,3200.0,160.0,160.0,168.0,0.0,0.0,0.0,8.0,0.0
20,150,OMP,baseline,4824.0,768.0,2048.0,0.0,0.0,0.0,1680.0,168.0,0.0,0.0,0.0,160.0,0.0
20,150,OMP,optimized,4720.0,768.0,0.0,256.0,3200.0,160.0,160.0,168.0,0.0,0.0,0.0,8.0,0.0
20,151,OMP,baseline,4824.0,768.0,2048.0,0.0,0.0,0.0,1680.0,168.0,0.0,0.0,0.0,160.0,0.0
20,151,OMP,optimized,4720.0,768.0,0.0,256.0,3200.0,160.0,160.0,168.0,0.0,0.0,0.0,8.0,0.0
20,152,OMP,baseline,4824.0,768.0,2048.0,0.0,0.0,0.0,1680.0,168.0,0.0,0.0,0.0,160.0,0.0
20,152,OMP,optimized,4720.0,768.0,0.0,256.0,3200.0,160.0,160.0,168.0,0.0,0.0,0.0,8.0,0.0
20,153,OMP,baseline,4824.0,768.0,2048.0,0.0,0.0,0.0,1680.0,168.0,0.0,0.0,0.0,160.0,0.0
20,153,OMP,optimized,4720.0,768.0,0.0,256.0,3200.0,160.0,160.0,168.0,0.0,0.0,0.0,8.0,0.0
20,154,OMP,baseline,4824.0,768.0,2048.0,0.0,0.0,0.0,1680.0,168.0,0.0,0.0,0.0,160.0,0.0
20,154,OMP,optimized,4720.0,768.0,0.0,256.0,3200.0,160.0,160.0,168.0,0.0,0.0,0.0,8.0,0.0
20,155,OMP,baseline,4824.0,768.0,2048.0,0.0,0.0,0.0,1680.0,168.0,0.0,0.0,0.0,160.0,0.0
20,155,OMP,optimized,4720.0,768.0,0.0,256.0,3200.0,160.0,160.0,168.0,0.0,0.0,0.0,8.0,0.0
20,156,OMP,baseline,4824.0,768.0,2048.0,0.0,0.0,0.0,1680.0,168.0,0.0,0.0,0.0,160.0,0.0
20,156,OMP,optimized,4720.0,768.0,0.0,256.0,3200.0,160.0,160.0,168.0,0.0,0.0,0.0,8.0,0.0
20,157,OMP,baseline,4824.0,768.0,2048.0,0.0,0.0,0.0,1680.0,168.0,0.0,0.0,0.0,160.0,0.0
20,157,OMP,optimized,4720.0,768.0,0.0,256.0,3200.0,160.0,160.0,168.0,0.0,0.0,0.0,8.0,0.0
20,158,OMP,baseline,4824.0,768.0,2048.0,0.0,0.0,0.0,1680.0,168.0,0.0,0.0,0.0,160.0,0.0
20,158,OMP,optimized,4720.0,768.0,0.0,256.0,3200.0,160.0,160.0,168.0,0.0,0.0,0.0,8.0,0.0
20,159,OMP,baseline,4824.0,768.0,2048.0,0.0,0.0,0.0,1680.0,168.0,0.0,0.0,0.0,160.0,0.0
20,159,OMP,optimized,4720.0,768.0,0.0,256.0,3200.0,160.0,160.0,168.0,0.0,0.0,0.0,8.0,0.0
20,160,OMP,baseline,4824.0,768.0,2048.0,0.0,0.0,0.0,1680.0,168.0,0.0,0.0,0.0,160.0,0.0
20,160,OMP,optimized,4720.0,768.0,0.0,256.0,3200.0,160.0,160.0,168.0,0.0,0.0,0.0,8.0,0.0
20,161,OMP,baseline,4824.0,768.0,2048.0,0.0,0.0,0.0,1680.0,168.0,0.0,0.0,0.0,160.0,0.0
20,161,OMP,optimized,4720.0,768.0,0.0,256.0,3200.0,160.0,160.0,168.0,0.0,0.0,0.0,8.0,0.0
20,162,OMP,baseline,4824.0,768.0,2048.0,0.0,0.0,0.0,1680.0,168.0,0.0,0.0,0.0,160.0,0.0
20,162,OMP,optimized,4720.0,768.0,0.0,256.0,3200.0,160.0,160.0,168.0,0.0,0.0,0.0,8.0,0.0
20,163,OMP,baseline,4824.0,768.0,2048.0,0.0,0.0,0.0,1680.0,168.0,0.0,0.0,0.0,160.0,0.0
20,163,OMP,optimized,4720.0,768.0,0.0,256.0,3200.0,160.0,160.0,168.0,0.0,0.0,0.0,8.0,0.0
20,164,OMP,baseline,4824.0,768.0,2048.0,0.0,0.0,0.0,1680.0,168.0,0.0,0.0,0.0,160.0,0.0
20,164,OMP,optimized,4720.0,768.0,0.0,256.0,3200.0,160.0,160.0,168.0,0.0,0.0,0.0,8.0,0.0
20,165,OMP,baseline,4824.0,768.0,2048.0,0.0,0.0,0.0,1680.0,168.0,0.0,0.0,0.0,160.0,0.0
20,165,OMP,optimized,4720.0,768.0,0.0,256.0,3200.0,160.0,160.0,168.0,0.0,0.0,0.0,8.0,0.0
20,166,OMP,baseline,4824.0,768.0,2048.0,0.0,0.0,0.0,1680.0,168.0,0.0,0.0,0.0,160.0,0.0
20,166,OMP,optimized,4720.0,768.0,0.0,256.0,3200.0,160.0,160.0,168.0,0.0,0.0,0.0,8.0,0.0
20,167,OMP,baseline,4824.0,768.0,2048.0,0.0,0.0,0.0,1680.0,168.0,0.0,0.0,0.0,160.0,0.0
20,167,OMP,optimized,4720.0,768.0,0.0,256.0,3200.0,160.0,160.0,168.0,0.0,0.0,0.0,8.0,0.0
20,168,OMP,baseline,4824.0,768.0,2048.0,0.0,0.0,0.0,1680.0,168.0,0.0,0.0,0.0,160.0,0.0
20,168,OMP,optimized,4720.0,768.0,0.0,256.0,3200.0,160.0,160.0,168.0,0.0,0.0,0.0,8.0,0.0
20,169,OMP,baseline,4824.0,768.0,2048.0,0.0,0.0,0.0,1680.0,168.0,0.0,0.0,0.0,160.0,0.0
20,169,OMP,optimized,4720.0,768.0,0.0,256.0,3200.0,160.0,160.0,168.0,0.0,0.0,0.0,8.0,0.0
20,170,OMP,baseline,4824.0,768.0,2048.0,0.0,0.0,0.0,1680.0,168.0,0.0,0.0,0.0,160.0,0.0
20,170,OMP,optimized,4720.0,768.0,0.0,256.0,3200.0,160.0,160.0,168.0,0.0,0.0,0.0,8.0,0.0
20,171,OMP,baseline,4824.0,768.0,2048.0,0.0,0.0,0.0,1680.0,168.0,0.0,0.0,0.0,160.0,0.0
20,171,OMP,optimized,4720.0,768.0,0.0,256.0,3200.0,160.0,160.0,168.0,0.0,0.0,0.0,8.0,0.0
20,172,OMP,baseline,4824.0,768.0,2048.0,0.0,0.0,0.0,1680.0,168.0,0.0,0.0,0.0,160.0,0.0
20,172,OMP,optimized,4720.0,768.0,0.0,256.0,3200.0,160.0,160.0,168.0,0.0,0.0,0.0,8.0,0.0
20,173,OMP,baseline,4824.0,768.0,2048.0,0.0,0.0,0.0,1680.0,168.0,0.0,0.0,0.0,160.0,0.0
20,173,OMP,optimized,4720.0,768.0,0.0,256.0,3200.0,160.0,160.0,168.0,0.0,0.0,0.0,8.0,0.0
20,174,OMP,baseline,4824.0,768.0,2048.0,0.0,0.0,0.0,1680.0,168.0,0.0,0.0,0.0,160.0,0.0
20,174,OMP,optimized,4720.0,768.0,0.0,256.0,3200.0,160.0,160.0,168.0,0.0,0.0,0.0,8.0,0.0
20,175,OMP,baseline,4824.0,768.0,2048.0,0.0,0.0,0.0,1680.0,168.0,0.0,0.0,0.0,160.0,0.0
20,175,OMP,optimized,4720.0,768.0,0.0,256.0,3200.0,160.0,160.0,168.0,0.0,0.0,0.0,8.0,0.0
20,176,OMP,baseline,4824.0,768.0,2048.0,0.0,0.0,0.0,1680.0,168.0,0.0,0.0,0.0,160.0,0.0
20,176,OMP,optimized,4720.0,768.0,0.0,256.0,3200.0,160.0,160.0,168.0,0.0,0.0,0.0,8.0,0.0
20,177,OMP,baseline,4824.0,768.0,2048.0,0.0,0.0,0.0,1680.0,168.0,0.0,0.0,0.0,160.0,0.0
20,177,OMP,optimized,4720.0,768.0,0.0,256.0,3200.0,160.0,160.0,168.0,0.0,0.0,0.0,8.0,0.0
20,178,OMP,baseline,4824.0,768.0,2048.0,0.0,0.0,0.0,1680.0,168.0,0.0,0.0,0.0,160.0,0.0
20,178,OMP,optimized,4720.0,768.0,0.0,256.0,3200.0,160.0,160.0,168.0,0.0,0.0,0.0,8.0,0.0
20,179,OMP,baseline,4824.0,768.0,2048.0,0.0,0.0,0.0,1680.0,168.0,0.0,0.0,0.0,160.0,0.0
20,179,OMP,optimized,4720.0,768.0,0.0,256.0,3200.0,160.0,160.0,168.0,0.0,0.0,0.0,8.0,0.0
20,180,OMP,baseline,4824.0,768.0,2048.0,0.0,0.0,0.0,1680.0,168.0,0.0,0.0,0.0,160.0,0.0
20,180,OMP,optimized,4720.0,768.0,0.0,256.0,3200.0,160.0,160.0,168.0,0.0,0.0,0.0,8.0,0.0
20,181,OMP,baseline,4824.0,768.0,2048.0,0.0,0.0,0.0,1680.0,168.0,0.0,0.0,0.0,160.0,0.0
20,181,OMP,optimized,4720.0,768.0,0.0,256.0,3200.0,160.0,160.0,168.0,0.0,0.0,0.0,8.0,0.0
20,182,OMP,baseline,4824.0,768.0,2048.0,0.0,0.0,0.0,1680.0,168.0,0.0,0.0,0.0,160.0,0.0
20,182,OMP,optimized,4720.0,768.0,0.0,256.0,3200.0,160.0,160.0,168.0,0.0,0.0,0.0,8.0,0.0
20,183,OMP,baseline,4824.0,768.0,2048.0,0.0,0.0,0.0,1680.0,168.0,0.0,0.0,0.0,160.0,0.0
20,183,OMP,optimized,4720.0,768.0,0.0,256.0,3200.0,160.0,160.0,168.0,0.0,0.0,0.0,8.0,0.0
20,184,OMP,baseline,4824.0,768.0,2048.0,0.0,0.0,0.0,1680.0,168.0,0.0,0.0,0.0,160.0,0.0
20,184,OMP,optimized,4720.0,768.0,0.0,256.0,3200.0,160.0,160.0,168.0,0.0,0.0,0.0,8.0,0.0
20,185,OMP,baseline,4824.0,768.0,2048.0,0.0,0.0,0.0,1680.0,168.0,0.0,0.0,0.0,160.0,0.0
20,185,OMP,optimized,4720.0,768.0,0.0,256.0,3200.0,160.0,160.0,168.0,0.0,0.0,0.0,8.0,0.0
20,186,OMP,baseline,4824.0,768.0,2048.0,0.0,0.0,0.0,1680.0,168.0,0.0,0.0,0.0,160.0,0.0
20,186,OMP,optimized,4720.0,768.0,0.0,256.0,3200.0,160.0,160.0,168.0,0.0,0.0,0.0,8.0,0.0
20,187,OMP,baseline,4824.0,768.0,2048.0,0.0,0.0,0.0,1680.0,168.0,0.0,0.0,0.0,160.0,0.0
20,187,OMP,optimized,4720.0,768.0,0.0,256.0,3200.0,160.0,160.0,168.0,0.0,0.0,0.0,8.0,0.0
20,188,OMP,baseline,4824.0,768.0,2048.0,0.0,0.0,0.0,1680.0,168.0,0.0,0.0,0.0,160.0,0.0
20,188,OMP,optimized,4720.0,768.0,0.0,256.0,3200.0,160.0,160.0,168.0,0.0,0.0,0.0,8.0,0.0
20,189,OMP,baseline,4824.0,768.0,2048.0,0.0,0.0,0.0,1680.0,168.0,0.0,0.0,0.0,160.0,0.0
20,189,OMP,optimized,4720.0,768.0,0.0,256.0,3200.0,160.0,160.0,168.0,0.0,0.0,0.0,8.0,0.0
20,190,OMP,baseline,4824.0,768.0,2048.0,0.0,0.0,0.0,1680.0,168.0,0.0,0.0,0.0,160.0,0.0
20,190,OMP,optimized,4720.0,768.0,0.0,256.0,3200.0,160.0,160.0,168.0,0.0,0.0,0.0,8.0,0.0
20,191,OMP,baseline,4824.0,768.0,2048.0,0.0,0.0,0.0,1680.0,168.0,0.0,0.0,0.0,160.0,0.0
20,191,OMP,optimized,4720.0,768.0,0.0,256.0,3200.0,160.0,160.0,168.0,0.0,0.0,0.0,8.0,0.0
20,192,OMP,baseline,4824.0,768.0,2048.0,0.0,0.0,0.0,1680.0,168.0,0.0,0.0,0.0,160.0,0.0
20,192,OMP,optimized,4720.0,768.0,0.0,256.0,3200.0,160.0,160.0,168.0,0.0,0.0,0.0,8.0,0.0
20,193,OMP,baseline,4824.0,768.0,2048.0,0.0,0.0,0.0,1680.0,168.0,0.0,0.0,0.0,160.0,0.0
20,193,OMP,optimized,4720.0,768.0,0.0,256.0,3200.0,160.0,160.0,168.0,0.0,0.0,0.0,8.0,0.0
20,194,OMP,baseline,4824.0,768.0,2048.0,0.0,0.0,0.0,1680.0,168.0,0.0,0.0,0.0,160.0,0.0
20,194,OMP,optimized,4720.0,768.0,0.0,256.0,3200.0,160.0,160.0,168.0,0.0,0.0,0.0,8.0,0.0
20,195,OMP,baseline,4824.0,768.0,2048.0,0.0,0.0,0.0,1680.0,168.0,0.0,0.0,0.0,160.0,0.0
20,195,OMP,optimized,4720.0,768.0,0.0,256.0,3200.0,160.0,160.0,168.0,0.0,0.0,0.0,8.0,0.0
20,196,OMP,baseline,4824.0,768.0,2048.0,0.0,0.0,0.0,1680.0,168.0,0.0,0.0,0.0,160.0,0.0
20,196,OMP,optimized,4720.0,768.0,0.0,256.0,3200.0,160.0,160.0,168.0,0.0,0.0,0.0,8.0,0.0
20,197,OMP,baseline,4824.0,768.0,2048.0,0.0,0.0,0.0,1680.0,168.0,0.0,0.0,0.0,160.0,0.0
20,197,OMP,optimized,4720.0,768.0,0.0,256.0,3200.0,160.0,160.0,168.0,0.0,0.0,0.0,8.0,0.0
20,198,OMP,baseline,4824.0,768.0,2048.0,0.0,0.0,0.0,1680.0,168.0,0.0,0.0,0.0,160.0,0.0
20,198,OMP,optimized,4720.0,768.0,0.0,256.0,3200.0,160.0,160.0,168.0,0.0,0.0,0.0,8.0,0.0
20,199,OMP,baseline,4824.0,768.0,2048.0,0.0,0.0,0.0,1680.0,168.0,0.0,0.0,0.0,160.0,0.0
20,199,OMP,optimized,4720.0,768.0,0.0,256.0,3200.0,160.0,160.0,168.0,0.0,0.0,0.0,8.0,0.0
20,200,OMP,baseline,4824.0,768.0,2048.0,0.0,0.0,0.0,1680.0,168.0,0.0,0.0,0.0,160.0,0.0
20,200,OMP,optimized,4720.0,768.0,0.0,256.0,3200.0,160.0,160.0,168.0,0.0,0.0,0.0,8.0,0.0
20,201,OMP,baseline,4824.0,768.0,2048.0,0.0,0.0,0.0,1680.0,168.0,0.0,0.0,0.0,160.0,0.0
20,201,OMP,optimized,4720.0,768.0,0.0,256.0,3200.0,160.0,160.0,168.0,0.0,0.0,0.0,8.0,0.0
20,202,OMP,baseline,4824.0,768.0,2048.0,0.0,0.0,0.0,1680.0,168.0,0.0,0.0,0.0,160.0,0.0
20,202,OMP,optimized,4720.0,768.0,0.0,256.0,3200.0,160.0,160.0,168.0,0.0,0.0,0.0,8.0,0.0
20,203,OMP,baseline,4824.0,768.0,2048.0,0.0,0.0,0.0,1680.0,168.0,0.0,0.0,0.0,160.0,0.0
20,203,OMP,optimized,4720.0,768.0,0.0,256.0,3200.0,160.0,160.0,168.0,0.0,0.0,0.0,8.0,0.0
20,204,OMP,baseline,4824.0,768.0,2048.0,0.0,0.0,0.0,1680.0,168.0,0.0,0.0,0.0,160.0,0.0
20,204,OMP,optimized,4720.0,768.0,0.0,256.0,3200.0,160.0,160.0,168.0,0.0,0.0,0.0,8.0,0.0
20,205,OMP,baseline,4824.0,768.0,2048.0,0.0,0.0,0.0,1680.0,168.0,0.0,0.0,0.0,160.0,0.0
20,205,OMP,optimized,4720.0,768.0,0.0,256.0,3200.0,160.0,160.0,168.0,0.0,0.0,0.0,8.0,0.0
20,206,OMP,baseline,4824.0,768.0,2048.0,0.0,0.0,0.0,1680.0,168.0,0.0,0.0,0.0,160.0,0.0
20,206,OMP,optimized,4720.0,768.0,0.0,256.0,3200.0,160.0,160.0,168.0,0.0,0.0,0.0,8.0,0.0
20,207,OMP,baseline,4824.0,768.0,2048.0,0.0,0.0,0.0,1680.0,168.0,0.0,0.0,0.0,160.0,0.0
20,207,OMP,optimized,4720.0,768.0,0.0,256.0,3200.0,160.0,160.0,168.0,0.0,0.0,0.0,8.0,0.0
20,208,OMP,baseline,4824.0,768.0,2048.0,0.0,0.0,0.0,1680.0,168.0,0.0,0.0,0.0,160.0,0.0
20,208,OMP,optimized,4720.0,768.0,0.0,256.0,3200.0,160.0,160.0,168.0,0.0,0.0,0.0,8.0,0.0
20,209,OMP,baseline,4824.0,768.0,2048.0,0.0,0.0,0.0,1680.0,168.0,0.0,0.0,0.0,160.0,0.0
20,209,OMP,optimized,4720.0,768.0,0.0,256.0,3200.0,160.0,160.0,168.0,0.0,0.0,0.0,8.0,0.0
20,210,OMP,baseline,4824.0,768.0,2048.0,0.0,0.0,0.0,1680.0,168.0,0.0,0.0,0.0,160.0,0.0
20,210,OMP,optimized,4720.0,768.0,0.0,256.0,3200.0,160.0,160.0,168.0,0.0,0.0,0.0,8.0,0.0
20,211,OMP,baseline,4824.0,768.0,2048.0,0.0,0.0,0.0,1680.0,168.0,0.0,0.0,0.0,160.0,0.0
20,211,OMP,optimized,4720.0,768.0,0.0,256.0,3200.0,160.0,160.0,168.0,0.0,0.0,0.0,8.0,0.0
20,212,OMP,baseline,4824.0,768.0,2048.0,0.0,0.0,0.0,1680.0,168.0,0.0,0.0,0.0,160.0,0.0
20,212,OMP,optimized,4720.0,768.0,0.0,256.0,3200.0,160.0,160.0,168.0,0.0,0.0,0.0,8.0,0.0
20,213,OMP,baseline,4824.0,768.0,2048.0,0.0,0.0,0.0,1680.0,168.0,0.0,0.0,0.0,160.0,0.0
20,213,OMP,optimized,4720.0,768.0,0.0,256.0,3200.0,160.0,160.0,168.0,0.0,0.0,0.0,8.0,0.0
20,214,OMP,baseline,4824.0,768.0,2048.0,0.0,0.0,0.0,1680.0,168.0,0.0,0.0,0.0,160.0,0.0
20,214,OMP,optimized,4720.0,768.0,0.0,256.0,3200.0,160.0,160.0,168.0,0.0,0.0,0.0,8.0,0.0
20,215,OMP,baseline,4824.0,768.0,2048.0,0.0,0.0,0.0,1680.0,168.0,0.0,0.0,0.0,160.0,0.0
20,215,OMP,optimized,4720.0,768.0,0.0,256.0,3200.0,160.0,160.0,168.0,0.0,0.0,0.0,8.0,0.0
20,216,OMP,baseline,4824.0,768.0,2048.0,0.0,0.0,0.0,1680.0,168.0,0.0,0.0,0.0,160.0,0.0
20,216,OMP,optimized,4720.0,768.0,0.0,256.0,3200.0,160.0,160.0,168.0,0.0,0.0,0.0,8.0,0.0
20,217,OMP,baseline,4824.0,768.0,2048.0,0.0,0.0,0.0,1680.0,168.0,0.0,0.0,0.0,160.0,0.0
20,217,OMP,optimized,4720.0,768.0,0.0,256.0,3200.0,160.0,160.0,168.0,0.0,0.0,0.0,8.0,0.0
20,218,OMP,baseline,4824.0,768.0,2048.0,0.0,0.0,0.0,1680.0,168.0,0.0,0.0,0.0,160.0,0.0
20,218,OMP,optimized,4720.0,768.0,0.0,256.0,3200.0,160.0,160.0,168.0,0.0,0.0,0.0,8.0,0.0
20,219,OMP,baseline,4824.0,768.0,2048.0,0.0,0.0,0.0,1680.0,168.0,0.0,0.0,0.0,160.0,0.0
20,219,OMP,optimized,4720.0,768.0,0.0,256.0,3200.0,160.0,160.0,168.0,0.0,0.0,0.0,8.0,0.0
20,220,OMP,baseline,4824.0,768.0,2048.0,0.0,0.0,0.0,1680.0,168.0,0.0,0.0,0.0,160.0,0.0
20,220,OMP,optimized,4720.0,768.0,0.0,256.0,3200.0,160.0,160.0,168.0,0.0,0.0,0.0,8.0,0.0
20,221,OMP,baseline,4824.0,768.0,2048.0,0.0,0.0,0.0,1680.0,168.0,0.0,0.0,0.0,160.0,0.0
20,221,OMP,optimized,4720.0,768.0,0.0,256.0,3200.0,160.0,160.0,168.0,0.0,0.0,0.0,8.0,0.0
20,222,OMP,baseline,4824.0,768.0,2048.0,0.0,0.0,0.0,1680.0,168.0,0.0,0.0,0.0,160.0,0.0
20,222,OMP,optimized,4720.0,768.0,0.0,256.0,3200.0,160.0,160.0,168.0,0.0,0.0,0.0,8.0,0.0
20,223,OMP,baseline,4824.0,768.0,2048.0,0.0,0.0,0.0,1680.0,168.0,0.0,0.0,0.0,160.0,0.0
20,223,OMP,optimized,4720.0,768.0,0.0,256.0,3200.0,160.0,160.0,168.0,0.0,0.0,0.0,8.0,0.0
20,224,OMP,baseline,4824.0,768.0,2048.0,0.0,0.0,0.0,1680.0,168.0,0.0,0.0,0.0,160.0,0.0
20,224,OMP,optimized,4720.0,768.0,0.0,256.0,3200.0,160.0,160.0,168.0,0.0,0.0,0.0,8.0,0.0
20,225,OMP,baseline,4824.0,768.0,2048.0,0.0,0.0,0.0,1680.0,168.0,0.0,0.0,0.0,160.0,0.0
20,225,OMP,optimized,4720.0,768.0,0.0,256.0,3200.0,160.0,160.0,168.0,0.0,0.0,0.0,8.0,0.0
20,226,OMP,baseline,4824.0,768.0,2048.0,0.0,0.0,0.0,1680.0,168.0,0.0,0.0,0.0,160.0,0.0
20,226,OMP,optimized,4720.0,768.0,0.0,256.0,3200.0,160.0,160.0,168.0,0.0,0.0,0.0,8.0,0.0
20,227,OMP,baseline,4824.0,768.0,2048.0,0.0,0.0,0.0,1680.0,168.0,0.0,0.0,0.0,160.0,0.0
20,227,OMP,optimized,4720.0,768.0,0.0,256.0,3200.0,160.0,160.0,168.0,0.0,0.0,0.0,8.0,0.0
20,228,OMP,baseline,4824.0,768.0,2048.0,0.0,0.0,0.0,1680.0,168.0,0.0,0.0,0.0,160.0,0.0
20,228,OMP,optimized,4720.0,768.0,0.0,256.0,3200.0,160.0,160.0,168.0,0.0,0.0,0.0,8.0,0.0
20,229,OMP,baseline,4824.0,768.0,2048.0,0.0,0.0,0.0,1680.0,168.0,0.0,0.0,0.0,160.0,0.0
20,229,OMP,optimized,4720.0,768.0,0.0,256.0,3200.0,160.0,160.0,168.0,0.0,0.0,0.0,8.0,0.0
20,230,OMP,baseline,4824.0,768.0,2048.0,0.0,0.0,0.0,1680.0,168.0,0.0,0.0,0.0,160.0,0.0
20,230,OMP,optimized,4720.0,768.0,0.0,256.0,3200.0,160.0,160.0,168.0,0.0,0.0,0.0,8.0,0.0
20,231,OMP,baseline,4824.0,768.0,2048.0,0.0,0.0,0.0,1680.0,168.0,0.0,0.0,0.0,160.0,0.0
20,231,OMP,optimized,4720.0,768.0,0.0,256.0,3200.0,160.0,160.0,168.0,0.0,0.0,0.0,8.0,0.0
20,232,OMP,baseline,4824.0,768.0,2048.0,0.0,0.0,0.0,1680.0,168.0,0.0,0.0,0.0,160.0,0.0
20,232,OMP,optimized,4720.0,768.0,0.0,256.0,3200.0,160.0,160.0,168.0,0.0,0.0,0.0,8.0,0.0
20,233,OMP,baseline,4824.0,768.0,2048.0,0.0,0.0,0.0,1680.0,168.0,0.0,0.0,0.0,160.0,0.0
20,233,OMP,optimized,4720.0,768.0,0.0,256.0,3200.0,160.0,160.0,168.0,0.0,0.0,0.0,8.0,0.0
20,234,OMP,baseline,4824.0,768.0,2048.0,0.0,0.0,0.0,1680.0,168.0,0.0,0.0,0.0,160.0,0.0
20,234,OMP,optimized,4720.0,768.0,0.0,256.0,3200.0,160.0,160.0,168.0,0.0,0.0,0.0,8.0,0.0
20,235,OMP,baseline,4824.0,768.0,2048.0,0.0,0.0,0.0,1680.0,168.0,0.0,0.0,0.0,160.0,0.0
20,235,OMP,optimized,4720.0,768.0,0.0,256.0,3200.0,160.0,160.0,168.0,0.0,0.0,0.0,8.0,0.0
20,236,OMP,baseline,4824.0,768.0,2048.0,0.0,0.0,0.0,1680.0,168.0,0.0,0.0,0.0,160.0,0.0
20,236,OMP,optimized,4720.0,768.0,0.0,256.0,3200.0,160.0,160.0,168.0,0.0,0.0,0.0,8.0,0.0
20,237,OMP,baseline,4824.0,768.0,2048.0,0.0,0.0,0.0,1680.0,168.0,0.0,0.0,0.0,160.0,0.0
20,237,OMP,optimized,4720.0,768.0,0.0,256.0,3200.0,160.0,160.0,168.0,0.0,0.0,0.0,8.0,0.0
20,238,OMP,baseline,4824.0,768.0,2048.0,0.0,0.0,0.0,1680.0,168.0,0.0,0.0,0.0,160.0,0.0
20,238,OMP,optimized,4720.0,768.0,0.0,256.0,3200.0,160.0,160.0,168.0,0.0,0.0,0.0,8.0,0.0
20,239,OMP,baseline,4824.0,768.0,2048.0,0.0,0.0,0.0,1680.0,168.0,0.0,0.0,0.0,160.0,0.0
20,239,OMP,optimized,4720.0,768.0,0.0,256.0,3200.0,160.0,160.0,168.0,0.0,0.0,0.0,8.0,0.0
20,240,OMP,baseline,4824.0,768.0,2048.0,0.0,0.0,0.0,1680.0,168.0,0.0,0.0,0.0,160.0,0.0
20,240,OMP,optimized,4720.0,768.0,0.0,256.0,3200.0,160.0,160.0,168.0,0.0,0.0,0.0,8.0,0.0
20,241,OMP,baseline,4824.0,768.0,2048.0,0.0,0.0,0.0,1680.0,168.0,0.0,0.0,0.0,160.0,0.0
20,241,OMP,optimized,4720.0,768.0,0.0,256.0,3200.0,160.0,160.0,168.0,0.0,0.0,0.0,8.0,0.0
20,242,OMP,baseline,4824.0,768.0,2048.0,0.0,0.0,0.0,1680.0,168.0,0.0,0.0,0.0,160.0,0.0
20,242,OMP,optimized,4720.0,768.0,0.0,256.0,3200.0,160.0,160.0,168.0,0.0,0.0,0.0,8.0,0.0
20,243,OMP,baseline,4824.0,768.0,2048.0,0.0,0.0,0.0,1680.0,168.0,0.0,0.0,0.0,160.0,0.0
20,243,OMP,optimized,4720.0,768.0,0.0,256.0,3200.0,160.0,160.0,168.0,0.0,0.0,0.0,8.0,0.0
20,244,OMP,baseline,4824.0,768.0,2048.0,0.0,0.0,0.0,1680.0,168.0,0.0,0.0,0.0,160.0,0.0
20,244,OMP,optimized,4720.0,768.0,0.0,256.0,3200.0,160.0,160.0,168.0,0.0,0.0,0.0,8.0,0.0
20,245,OMP,baseline,4824.0,768.0,2048.0,0.0,0.0,0.0,1680.0,168.0,0.0,0.0,0.0,160.0,0.0
20,245,OMP,optimized,4720.0,768.0,0.0,256.0,3200.0,160.0,160.0,168.0,0.0,0.0,0.0,8.0,0.0
20,246,OMP,baseline,4824.0,768.0,2048.0,0.0,0.0,0.0,1680.0,168.0,0.0,0.0,0.0,160.0,0.0
20,246,OMP,optimized,4720.0,768.0,0.0,256.0,3200.0,160.0,160.0,168.0,0.0,0.0,0.0,8.0,0.0
20,247,OMP,baseline,4824.0,768.0,2048.0,0.0,0.0,0.0,1680.0,168.0,0.0,0.0,0.0,160.0,0.0
20,247,OMP,optimized,4720.0,768.0,0.0,256.0,3200.0,160.0,160.0,168.0,0.0,0.0,0.0,8.0,0.0
20,248,OMP,baseline,4824.0,768.0,2048.0,0.0,0.0,0.0,1680.0,168.0,0.0,0.0,0.0,160.0,0.0
20,248,OMP,optimized,4720.0,768.0,0.0,256.0,3200.0,160.0,160.0,168.0,0.0,0.0,0.0,8.0,0.0
20,249,OMP,baseline,4824.0,768.0,2048.0,0.0,0.0,0.0,1680.0,168.0,0.0,0.0,0.0,160.0,0.0
20,249,OMP,optimized,4720.0,768.0,0.0,256.0,3200.0,160.0,160.0,168.0,0.0,0.0,0.0,8.0,0.0
20,250,OMP,baseline,4824.0,768.0,2048.0,0.0,0.0,0.0,1680.0,168.0,0.0,0.0,0.0,160.0,0.0
20,250,OMP,optimized,4720.0,768.0,0.0,256.0,3200.0,160.0,160.0,168.0,0.0,0.0,0.0,8.0,0.0
20,251,OMP,baseline,4824.0,768.0,2048.0,0.0,0.0,0.0,1680.0,168.0,0.0,0.0,0.0,160.0,0.0
20,251,OMP,optimized,4720.0,768.0,0.0,256.0,3200.0,160.0,160.0,168.0,0.0,0.0,0.0,8.0,0.0
20,252,OMP,baseline,4824.0,768.0,2048.0,0.0,0.0,0.0,1680.0,168.0,0.0,0.0,0.0,160.0,0.0
20,252,OMP,optimized,4720.0,768.0,0.0,256.0,3200.0,160.0,160.0,168.0,0.0,0.0,0.0,8.0,0.0
20,253,OMP,baseline,4824.0,768.0,2048.0,0.0,0.0,0.0,1680.0,168.0,0.0,0.0,0.0,160.0,0.0
20,253,OMP,optimized,4720.0,768.0,0.0,256.0,3200.0,160.0,160.0,168.0,0.0,0.0,0.0,8.0,0.0
20,254,OMP,baseline,4824.0,768.0,2048.0,0.0,0.0,0.0,1680.0,168.0,0.0,0.0,0.0,160.0,0.0
20,254,OMP,optimized,4720.0,768.0,0.0,256.0,3200.0,160.0,160.0,168.0,0.0,0.0,0.0,8.0,0.0
20,255,OMP,baseline,4824.0,768.0,2048.0,0.0,0.0,0.0,1680.0,168.0,0.0,0.0,0.0,160.0,0.0
20,255,OMP,optimized,4720.0,768.0,0.0,256.0,3200.0,160.0,160.0,168.0,0.0,0.0,0.0,8.0,0.0
20,256,OMP,baseline,4824.0,768.0,2048.0,0.0,0.0,0.0,1680.0,168.0,0.0,0.0,0.0,160.0,0.0
20,256,OMP,optimized,4720.0,768.0,0.0,256.0,3200.0,160.0,160.0,168.0,0.0,0.0,0.0,8.0,0.0
20,257,OMP,baseline,4824.0,768.0,2048.0,0.0,0.0,0.0,1680.0,168.0,0.0,0.0,0.0,160.0,0.0
20,257,OMP,optimized,4720.0,768.0,0.0,256.0,3200.0,160.0,160.0,168.0,0.0,0.0,0.0,8.0,0.0
20,258,OMP,baseline,4824.0,768.0,2048.0,0.0,0.0,0.0,1680.0,168.0,0.0,0.0,0.0,160.0,0.0
20,258,OMP,optimized,4720.0,768.0,0.0,256.0,3200.0,160.0,160.0,168.0,0.0,0.0,0.0,8.0,0.0
20,259,OMP,baseline,4824.0,768.0,2048.0,0.0,0.0,0.0,1680.0,168.0,0.0,0.0,0.0,160.0,0.0
20,259,OMP,optimized,4720.0,768.0,0.0,256.0,3200.0,160.0,160.0,168.0,0.0,0.0,0.0,8.0,0.0
20,260,OMP,baseline,4824.0,768.0,2048.0,0.0,0.0,0.0,1680.0,168.0,0.0,0.0,0.0,160.0,0.0
20,260,OMP,optimized,4720.0,768.0,0.0,256.0,3200.0,160.0,160.0,168.0,0.0,0.0,0.0,8.0,0.0
20,261,OMP,baseline,4824.0,768.0,2048.0,0.0,0.0,0.0,1680.0,168.0,0.0,0.0,0.0,160.0,0.0
20,261,OMP,optimized,4720.0,768.0,0.0,256.0,3200.0,160.0,160.0,168.0,0.0,0.0,0.0,8.0,0.0
20,262,OMP,baseline,4824.0,768.0,2048.0,0.0,0.0,0.0,1680.0,168.0,0.0,0.0,0.0,160.0,0.0
20,262,OMP,optimized,4720.0,768.0,0.0,256.0,3200.0,160.0,160.0,168.0,0.0,0.0,0.0,8.0,0.0
20,263,OMP,baseline,4824.0,768.0,2048.0,0.0,0.0,0.0,1680.0,168.0,0.0,0.0,0.0,160.0,0.0
20,263,OMP,optimized,4720.0,768.0,0.0,256.0,3200.0,160.0,160.0,168.0,0.0,0.0,0.0,8.0,0.0
20,264,OMP,baseline,4824.0,768.0,2048.0,0.0,0.0,0.0,1680.0,168.0,0.0,0.0,0.0,160.0,0.0
20,264,OMP,optimized,4720.0,768.0,0.0,256.0,3200.0,160.0,160.0,168.0,0.0,0.0,0.0,8.0,0.0
20,265,OMP,baseline,4824.0,768.0,2048.0,0.0,0.0,0.0,1680.0,168.0,0.0,0.0,0.0,160.0,0.0
20,265,OMP,optimized,4720.0,768.0,0.0,256.0,3200.0,160.0,160.0,168.0,0.0,0.0,0.0,8.0,0.0
20,266,OMP,baseline,4824.0,768.0,2048.0,0.0,0.0,0.0,1680.0,168.0,0.0,0.0,0.0,160.0,0.0
20,266,OMP,optimized,4720.0,768.0,0.0,256.0,3200.0,160.0,160.0,168.0,0.0,0.0,0.0,8.0,0.0
20,267,OMP,baseline,4824.0,768.0,2048.0,0.0,0.0,0.0,1680.0,168.0,0.0,0.0,0.0,160.0,0.0
20,267,OMP,optimized,4720.0,768.0,0.0,256.0,3200.0,160.0,160.0,168.0,0.0,0.0,0.0,8.0,0.0
20,268,OMP,baseline,4824.0,768.0,2048.0,0.0,0.0,0.0,1680.0,168.0,0.0,0.0,0.0,160.0,0.0
20,268,OMP,optimized,4720.0,768.0,0.0,256.0,3200.0,160.0,160.0,168.0,0.0,0.0,0.0,8.0,0.0
20,269,OMP,baseline,4824.0,768.0,2048.0,0.0,0.0,0.0,1680.0,168.0,0.0,0.0,0.0,160.0,0.0
20,269,OMP,optimized,4720.0,768.0,0.0,256.0,3200.0,160.0,160.0,168.0,0.0,0.0,0.0,8.0,0.0
20,270,OMP,baseline,4824.0,768.0,2048.0,0.0,0.0,0.0,1680.0,168.0,0.0,0.0,0.0,160.0,0.0
20,270,OMP,optimized,4720.0,768.0,0.0,256.0,3200.0,160.0,160.0,168.0,0.0,0.0,0.0,8.0,0.0
20,271,OMP,baseline,4824.0,768.0,2048.0,0.0,0.0,0.0,1680.0,168.0,0.0,0.0,0.0,160.0,0.0
20,271,OMP,optimized,4720.0,768.0,0.0,256.0,3200.0,160.0,160.0,168.0,0.0,0.0,0.0,8.0,0.0
20,272,OMP,baseline,4824.0,768.0,2048.0,0.0,0.0,0.0,1680.0,168.0,0.0,0.0,0.0,160.0,0.0
20,272,OMP,optimized,4720.0,768.0,0.0,256.0,3200.0,160.0,160.0,168.0,0.0,0.0,0.0,8.0,0.0
20,273,OMP,baseline,4824.0,768.0,2048.0,0.0,0.0,0.0,1680.0,168.0,0.0,0.0,0.0,160.0,0.0
20,273,OMP,optimized,4720.0,768.0,0.0,256.0,3200.0,160.0,160.0,168.0,0.0,0.0,0.0,8.0,0.0
20,274,OMP,baseline,4824.0,768.0,2048.0,0.0,0.0,0.0,1680.0,168.0,0.0,0.0,0.0,160.0,0.0
20,274,OMP,optimized,4720.0,768.0,0.0,256.0,3200.0,160.0,160.0,168.0,0.0,0.0,0.0,8.0,0.0
20,275,OMP,baseline,4824.0,768.0,2048.0,0.0,0.0,0.0,1680.0,168.0,0.0,0.0,0.0,160.0,0.0
20,275,OMP,optimized,4720.0,768.0,0.0,256.0,3200.0,160.0,160.0,168.0,0.0,0.0,0.0,8.0,0.0
20,276,OMP,baseline,4824.0,768.0,2048.0,0.0,0.0,0.0,1680.0,168.0,0.0,0.0,0.0,160.0,0.0
20,276,OMP,optimized,4720.0,768.0,0.0,256.0,3200.0,160.0,160.0,168.0,0.0,0.0,0.0,8.0,0.0
20,277,OMP,baseline,4824.0,768.0,2048.0,0.0,0.0,0.0,1680.0,168.0,0.0,0.0,0.0,160.0,0.0
20,277,OMP,optimized,4720.0,768.0,0.0,256.0,3200.0,160.0,160.0,168.0,0.0,0.0,0.0,8.0,0.0
20,278,OMP,baseline,4824.0,768.0,2048.0,0.0,0.0,0.0,1680.0,168.0,0.0,0.0,0.0,160.0,0.0
20,278,OMP,optimized,4720.0,768.0,0.0,256.0,3200.0,160.0,160.0,168.0,0.0,0.0,0.0,8.0,0.0
20,279,OMP,baseline,4824.0,768.0,2048.0,0.0,0.0,0.0,1680.0,168.0,0.0,0.0,0.0,160.0,0.0
20,279,OMP,optimized,4720.0,768.0,0.0,256.0,3200.0,160.0,160.0,168.0,0.0,0.0,0.0,8.0,0.0
20,280,OMP,baseline,4824.0,768.0,2048.0,0.0,0.0,0.0,1680.0,168.0,0.0,0.0,0.0,160.0,0.0
20,280,OMP,optimized,4720.0,768.0,0.0,256.0,3200.0,160.0,160.0,168.0,0.0,0.0,0.0,8.0,0.0
20,281,OMP,baseline,4824.0,768.0,2048.0,0.0,0.0,0.0,1680.0,168.0,0.0,0.0,0.0,160.0,0.0
20,281,OMP,optimized,4720.0,768.0,0.0,256.0,3200.0,160.0,160.0,168.0,0.0,0.0,0.0,8.0,0.0
20,282,OMP,baseline,4824.0,768.0,2048.0,0.0,0.0,0.0,1680.0,168.0,0.0,0.0,0.0,160.0,0.0
20,282,OMP,optimized,4720.0,768.0,0.0,256.0,3200.0,160.0,160.0,168.0,0.0,0.0,0.0,8.0,0.0
20,283,OMP,baseline,4824.0,768.0,2048.0,0.0,0.0,0.0,1680.0,168.0,0.0,0.0,0.0,160.0,0.0
20,283,OMP,optimized,4720.0,768.0,0.0,256.0,3200.0,160.0,160.0,168.0,0.0,0.0,0.0,8.0,0.0
20,284,OMP,baseline,4824.0,768.0,2048.0,0.0,0.0,0.0,1680.0,168.0,0.0,0.0,0.0,160.0,0.0
20,284,OMP,optimized,4720.0,768.0,0.0,256.0,3200.0,160.0,160.0,168.0,0.0,0.0,0.0,8.0,0.0
20,285,OMP,baseline,4824.0,768.0,2048.0,0.0,0.0,0.0,1680.0,168.0,0.0,0.0,0.0,160.0,0.0
20,285,OMP,optimized,4720.0,768.0,0.0,256.0,3200.0,160.0,160.0,168.0,0.0,0.0,0.0,8.0,0.0
20,286,OMP,baseline,4824.0,768.0,2048.0,0.0,0.0,0.0,1680.0,168.0,0.0,0.0,0.0,160.0,0.0
20,286,OMP,optimized,4720.0,768.0,0.0,256.0,3200.0,160.0,160.0,168.0,0.0,0.0,0.0,8.0,0.0
20,287,OMP,baseline,4824.0,768.0,2048.0,0.0,0.0,0.0,1680.0,168.0,0.0,0.0,0.0,160.0,0.0
20,287,OMP,optimized,4720.0,768.0,0.0,256.0,3200.0,160.0,160.0,168.0,0.0,0.0,0.0,8.0,0.0
20,288,OMP,baseline,4824.0,768.0,2048.0,0.0,0.0,0.0,1680.0,168.0,0.0,0.0,0.0,160.0,0.0
20,288,OMP,optimized,4720.0,768.0,0.0,256.0,3200.0,160.0,160.0,168.0,0.0,0.0,0.0,8.0,0.0
20,289,OMP,baseline,4824.0,768.0,2048.0,0.0,0.0,0.0,1680.0,168.0,0.0,0.0,0.0,160.0,0.0
20,289,OMP,optimized,4720.0,768.0,0.0,256.0,3200.0,160.0,160.0,168.0,0.0,0.0,0.0,8.0,0.0
20,290,OMP,baseline,4824.0,768.0,2048.0,0.0,0.0,0.0,1680.0,168.0,0.0,0.0,0.0,160.0,0.0
20,290,OMP,optimized,4720.0,768.0,0.0,256.0,3200.0,160.0,160.0,168.0,0.0,0.0,0.0,8.0,0.0
20,291,OMP,baseline,4824.0,768.0,2048.0,0.0,0.0,0.0,1680.0,168.0,0.0,0.0,0.0,160.0,0.0
20,291,OMP,optimized,4720.0,768.0,0.0,256.0,3200.0,160.0,160.0,168.0,0.0,0.0,0.0,8.0,0.0
20,292,OMP,baseline,4824.0,768.0,2048.0,0.0,0.0,0.0,1680.0,168.0,0.0,0.0,0.0,160.0,0.0
20,292,OMP,optimized,4720.0,768.0,0.0,256.0,3200.0,160.0,160.0,168.0,0.0,0.0,0.0,8.0,0.0
20,293,OMP,baseline,4824.0,768.0,2048.0,0.0,0.0,0.0,1680.0,168.0,0.0,0.0,0.0,160.0,0.0
20,293,OMP,optimized,4720.0,768.0,0.0,256.0,3200.0,160.0,160.0,168.0,0.0,0.0,0.0,8.0,0.0
20,294,OMP,baseline,4824.0,768.0,2048.0,0.0,0.0,0.0,1680.0,168.0,0.0,0.0,0.0,160.0,0.0
20,294,OMP,optimized,4720.0,768.0,0.0,256.0,3200.0,160.0,160.0,168.0,0.0,0.0,0.0,8.0,0.0
20,295,OMP,baseline,4824.0,768.0,2048.0,0.0,0.0,0.0,1680.0,168.0,0.0,0.0,0.0,160.0,0.0
20,295,OMP,optimized,4720.0,768.0,0.0,256.0,3200.0,160.0,160.0,168.0,0.0,0.0,0.0,8.0,0.0
20,296,OMP,baseline,4824.0,768.0,2048.0,0.0,0.0,0.0,1680.0,168.0,0.0,0.0,0.0,160.0,0.0
20,296,OMP,optimized,4720.0,768.0,0.0,256.0,3200.0,160.0,160.0,168.0,0.0,0.0,0.0,8.0,0.0
20,297,OMP,baseline,4824.0,768.0,2048.0,0.0,0.0,0.0,1680.0,168.0,0.0,0.0,0.0,160.0,0.0
20,297,OMP,optimized,4720.0,768.0,0.0,256.0,3200.0,160.0,160.0,168.0,0.0,0.0,0.0,8.0,0.0
20,298,OMP,baseline,4824.0,768.0,2048.0,0.0,0.0,0.0,1680.0,168.0,0.0,0.0,0.0,160.0,0.0
20,298,OMP,optimized,4720.0,768.0,0.0,256.0,3200.0,160.0,160.0,168.0,0.0,0.0,0.0,8.0,0.0
20,299,OMP,baseline,4824.0,768.0,2048.0,0.0,0.0,0.0,1680.0,168.0,0.0,0.0,0.0,160.0,0.0
20,299,OMP,optimized,4720.0,768.0,0.0,256.0,3200.0,160.0,160.0,168.0,0.0,0.0,0.0,8.0,0.0
24,0,OMP,baseline,5608.0,768.0,2048.0,0.0,0.0,0.0,2400.0,200.0,0.0,0.0,0.0,192.0,0.0
24,0,OMP,optimized,6224.0,768.0,0.0,256.0,4608.0,192.0,192.0,200.0,0.0,0.0,0.0,8.0,0.0
24,1,OMP,baseline,5608.0,768.0,2048.0,0.0,0.0,0.0,2400.0,200.0,0.0,0.0,0.0,192.0,0.0
24,1,OMP,optimized,6224.0,768.0,0.0,256.0,4608.0,192.0,192.0,200.0,0.0,0.0,0.0,8.0,0.0
24,2,OMP,baseline,5608.0,768.0,2048.0,0.0,0.0,0.0,2400.0,200.0,0.0,0.0,0.0,192.0,0.0
24,2,OMP,optimized,6224.0,768.0,0.0,256.0,4608.0,192.0,192.0,200.0,0.0,0.0,0.0,8.0,0.0
24,3,OMP,baseline,5608.0,768.0,2048.0,0.0,0.0,0.0,2400.0,200.0,0.0,0.0,0.0,192.0,0.0
24,3,OMP,optimized,6224.0,768.0,0.0,256.0,4608.0,192.0,192.0,200.0,0.0,0.0,0.0,8.0,0.0
24,4,OMP,baseline,5608.0,768.0,2048.0,0.0,0.0,0.0,2400.0,200.0,0.0,0.0,0.0,192.0,0.0
24,4,OMP,optimized,6224.0,768.0,0.0,256.0,4608.0,192.0,192.0,200.0,0.0,0.0,0.0,8.0,0.0
24,5,OMP,baseline,5608.0,768.0,2048.0,0.0,0.0,0.0,2400.0,200.0,0.0,0.0,0.0,192.0,0.0
24,5,OMP,optimized,6224.0,768.0,0.0,256.0,4608.0,192.0,192.0,200.0,0.0,0.0,0.0,8.0,0.0
24,6,OMP,baseline,5608.0,768.0,2048.0,0.0,0.0,0.0,2400.0,200.0,0.0,0.0,0.0,192.0,0.0
24,6,OMP,optimized,6224.0,768.0,0.0,256.0,4608.0,192.0,192.0,200.0,0.0,0.0,0.0,8.0,0.0
24,7,OMP,baseline,5608.0,768.0,2048.0,0.0,0.0,0.0,2400.0,200.0,0.0,0.0,0.0,192.0,0.0
24,7,OMP,optimized,6224.0,768.0,0.0,256.0,4608.0,192.0,192.0,200.0,0.0,0.0,0.0,8.0,0.0
24,8,OMP,baseline,5608.0,768.0,2048.0,0.0,0.0,0.0,2400.0,200.0,0.0,0.0,0.0,192.0,0.0
24,8,OMP,optimized,6224.0,768.0,0.0,256.0,4608.0,192.0,192.0,200.0,0.0,0.0,0.0,8.0,0.0
24,9,OMP,baseline,5608.0,768.0,2048.0,0.0,0.0,0.0,2400.0,200.0,0.0,0.0,0.0,192.0,0.0
24,9,OMP,optimized,6224.0,768.0,0.0,256.0,4608.0,192.0,192.0,200.0,0.0,0.0,0.0,8.0,0.0
24,10,OMP,baseline,5608.0,768.0,2048.0,0.0,0.0,0.0,2400.0,200.0,0.0,0.0,0.0,192.0,0.0
24,10,OMP,optimized,6224.0,768.0,0.0,256.0,4608.0,192.0,192.0,200.0,0.0,0.0,0.0,8.0,0.0
24,11,OMP,baseline,5608.0,768.0,2048.0,0.0,0.0,0.0,2400.0,200.0,0.0,0.0,0.0,192.0,0.0
24,11,OMP,optimized,6224.0,768.0,0.0,256.0,4608.0,192.0,192.0,200.0,0.0,0.0,0.0,8.0,0.0
24,12,OMP,baseline,5608.0,768.0,2048.0,0.0,0.0,0.0,2400.0,200.0,0.0,0.0,0.0,192.0,0.0
24,12,OMP,optimized,6224.0,768.0,0.0,256.0,4608.0,192.0,192.0,200.0,0.0,0.0,0.0,8.0,0.0
24,13,OMP,baseline,5608.0,768.0,2048.0,0.0,0.0,0.0,2400.0,200.0,0.0,0.0,0.0,192.0,0.0
24,13,OMP,optimized,6224.0,768.0,0.0,256.0,4608.0,192.0,192.0,200.0,0.0,0.0,0.0,8.0,0.0
24,14,OMP,baseline,5608.0,768.0,2048.0,0.0,0.0,0.0,2400.0,200.0,0.0,0.0,0.0,192.0,0.0
24,14,OMP,optimized,6224.0,768.0,0.0,256.0,4608.0,192.0,192.0,200.0,0.0,0.0,0.0,8.0,0.0
24,15,OMP,baseline,5608.0,768.0,2048.0,0.0,0.0,0.0,2400.0,200.0,0.0,0.0,0.0,192.0,0.0
24,15,OMP,optimized,6224.0,768.0,0.0,256.0,4608.0,192.0,192.0,200.0,0.0,0.0,0.0,8.0,0.0
24,16,OMP,baseline,5608.0,768.0,2048.0,0.0,0.0,0.0,2400.0,200.0,0.0,0.0,0.0,192.0,0.0
24,16,OMP,optimized,6224.0,768.0,0.0,256.0,4608.0,192.0,192.0,200.0,0.0,0.0,0.0,8.0,0.0
24,17,OMP,baseline,5608.0,768.0,2048.0,0.0,0.0,0.0,2400.0,200.0,0.0,0.0,0.0,192.0,0.0
24,17,OMP,optimized,6224.0,768.0,0.0,256.0,4608.0,192.0,192.0,200.0,0.0,0.0,0.0,8.0,0.0
24,18,OMP,baseline,5608.0,768.0,2048.0,0.0,0.0,0.0,2400.0,200.0,0.0,0.0,0.0,192.0,0.0
24,18,OMP,optimized,6224.0,768.0,0.0,256.0,4608.0,192.0,192.0,200.0,0.0,0.0,0.0,8.0,0.0
24,19,OMP,baseline,5608.0,768.0,2048.0,0.0,0.0,0.0,2400.0,200.0,0.0,0.0,0.0,192.0,0.0
24,19,OMP,optimized,6224.0,768.0,0.0,256.0,4608.0,192.0,192.0,200.0,0.0,0.0,0.0,8.0,0.0
24,20,OMP,baseline,5608.0,768.0,2048.0,0.0,0.0,0.0,2400.0,200.0,0.0,0.0,0.0,192.0,0.0
24,20,OMP,optimized,6224.0,768.0,0.0,256.0,4608.0,192.0,192.0,200.0,0.0,0.0,0.0,8.0,0.0
24,21,OMP,baseline,5608.0,768.0,2048.0,0.0,0.0,0.0,2400.0,200.0,0.0,0.0,0.0,192.0,0.0
24,21,OMP,optimized,6224.0,768.0,0.0,256.0,4608.0,192.0,192.0,200.0,0.0,0.0,0.0,8.0,0.0
24,22,OMP,baseline,5608.0,768.0,2048.0,0.0,0.0,0.0,2400.0,200.0,0.0,0.0,0.0,192.0,0.0
24,22,OMP,optimized,6224.0,768.0,0.0,256.0,4608.0,192.0,192.0,200.0,0.0,0.0,0.0,8.0,0.0
24,23,OMP,baseline,5608.0,768.0,2048.0,0.0,0.0,0.0,2400.0,200.0,0.0,0.0,0.0,192.0,0.0
24,23,OMP,optimized,6224.0,768.0,0.0,256.0,4608.0,192.0,192.0,200.0,0.0,0.0,0.0,8.0,0.0
24,24,OMP,baseline,5608.0,768.0,2048.0,0.0,0.0,0.0,2400.0,200.0,0.0,0.0,0.0,192.0,0.0
24,24,OMP,optimized,6224.0,768.0,0.0,256.0,4608.0,192.0,192.0,200.0,0.0,0.0,0.0,8.0,0.0
24,25,OMP,baseline,5608.0,768.0,2048.0,0.0,0.0,0.0,2400.0,200.0,0.0,0.0,0.0,192.0,0.0
24,25,OMP,optimized,6224.0,768.0,0.0,256.0,4608.0,192.0,192.0,200.0,0.0,0.0,0.0,8.0,0.0
24,26,OMP,baseline,5608.0,768.0,2048.0,0.0,0.0,0.0,2400.0,200.0,0.0,0.0,0.0,192.0,0.0
24,26,OMP,optimized,6224.0,768.0,0.0,256.0,4608.0,192.0,192.0,200.0,0.0,0.0,0.0,8.0,0.0
24,27,OMP,baseline,5608.0,768.0,2048.0,0.0,0.0,0.0,2400.0,200.0,0.0,0.0,0.0,192.0,0.0
24,27,OMP,optimized,6224.0,768.0,0.0,256.0,4608.0,192.0,192.0,200.0,0.0,0.0,0.0,8.0,0.0
24,28,OMP,baseline,5608.0,768.0,2048.0,0.0,0.0,0.0,2400.0,200.0,0.0,0.0,0.0,192.0,0.0
24,28,OMP,optimized,6224.0,768.0,0.0,256.0,4608.0,192.0,192.0,200.0,0.0,0.0,0.0,8.0,0.0
24,29,OMP,baseline,5608.0,768.0,2048.0,0.0,0.0,0.0,2400.0,200.0,0.0,0.0,0.0,192.0,0.0
24,29,OMP,optimized,6224.0,768.0,0.0,256.0,4608.0,192.0,192.0,200.0,0.0,0.0,0.0,8.0,0.0
24,30,OMP,baseline,5608.0,768.0,2048.0,0.0,0.0,0.0,2400.0,200.0,0.0,0.0,0.0,192.0,0.0
24,30,OMP,optimized,6224.0,768.0,0.0,256.0,4608.0,192.0,192.0,200.0,0.0,0.0,0.0,8.0,0.0
24,31,OMP,baseline,5608.0,768.0,2048.0,0.0,0.0,0.0,2400.0,200.0,0.0,0.0,0.0,192.0,0.0
24,31,OMP,optimized,6224.0,768.0,0.0,256.0,4608.0,192.0,192.0,200.0,0.0,0.0,0.0,8.0,0.0
24,32,OMP,baseline,5608.0,768.0,2048.0,0.0,0.0,0.0,2400.0,200.0,0.0,0.0,0.0,192.0,0.0
24,32,OMP,optimized,6224.0,768.0,0.0,256.0,4608.0,192.0,192.0,200.0,0.0,0.0,0.0,8.0,0.0
24,33,OMP,baseline,5608.0,768.0,2048.0,0.0,0.0,0.0,2400.0,200.0,0.0,0.0,0.0,192.0,0.0
24,33,OMP,optimized,6224.0,768.0,0.0,256.0,4608.0,192.0,192.0,200.0,0.0,0.0,0.0,8.0,0.0
24,34,OMP,baseline,5608.0,768.0,2048.0,0.0,0.0,0.0,2400.0,200.0,0.0,0.0,0.0,192.0,0.0
24,34,OMP,optimized,6224.0,768.0,0.0,256.0,4608.0,192.0,192.0,200.0,0.0,0.0,0.0,8.0,0.0
24,35,OMP,baseline,5608.0,768.0,2048.0,0.0,0.0,0.0,2400.0,200.0,0.0,0.0,0.0,192.0,0.0
24,35,OMP,optimized,6224.0,768.0,0.0,256.0,4608.0,192.0,192.0,200.0,0.0,0.0,0.0,8.0,0.0
24,36,OMP,baseline,5608.0,768.0,2048.0,0.0,0.0,0.0,2400.0,200.0,0.0,0.0,0.0,192.0,0.0
24,36,OMP,optimized,6224.0,768.0,0.0,256.0,4608.0,192.0,192.0,200.0,0.0,0.0,0.0,8.0,0.0
24,37,OMP,baseline,5608.0,768.0,2048.0,0.0,0.0,0.0,2400.0,200.0,0.0,0.0,0.0,192.0,0.0
24,37,OMP,optimized,6224.0,768.0,0.0,256.0,4608.0,192.0,192.0,200.0,0.0,0.0,0.0,8.0,0.0
24,38,OMP,baseline,5608.0,768.0,2048.0,0.0,0.0,0.0,2400.0,200.0,0.0,0.0,0.0,192.0,0.0
24,38,OMP,optimized,6224.0,768.0,0.0,256.0,4608.0,192.0,192.0,200.0,0.0,0.0,0.0,8.0,0.0
24,39,OMP,baseline,5608.0,768.0,2048.0,0.0,0.0,0.0,2400.0,200.0,0.0,0.0,0.0,192.0,0.0
24,39,OMP,optimized,6224.0,768.0,0.0,256.0,4608.0,192.0,192.0,200.0,0.0,0.0,0.0,8.0,0.0
24,40,OMP,baseline,5608.0,768.0,2048.0,0.0,0.0,0.0,2400.0,200.0,0.0,0.0,0.0,192.0,0.0
24,40,OMP,optimized,6224.0,768.0,0.0,256.0,4608.0,192.0,192.0,200.0,0.0,0.0,0.0,8.0,0.0
24,41,OMP,baseline,5608.0,768.0,2048.0,0.0,0.0,0.0,2400.0,200.0,0.0,0.0,0.0,192.0,0.0
24,41,OMP,optimized,6224.0,768.0,0.0,256.0,4608.0,192.0,192.0,200.0,0.0,0.0,0.0,8.0,0.0
24,42,OMP,baseline,5608.0,768.0,2048.0,0.0,0.0,0.0,2400.0,200.0,0.0,0.0,0.0,192.0,0.0
24,42,OMP,optimized,6224.0,768.0,0.0,256.0,4608.0,192.0,192.0,200.0,0.0,0.0,0.0,8.0,0.0
24,43,OMP,baseline,5608.0,768.0,2048.0,0.0,0.0,0.0,2400.0,200.0,0.0,0.0,0.0,192.0,0.0
24,43,OMP,optimized,6224.0,768.0,0.0,256.0,4608.0,192.0,192.0,200.0,0.0,0.0,0.0,8.0,0.0
24,44,OMP,baseline,5608.0,768.0,2048.0,0.0,0.0,0.0,2400.0,200.0,0.0,0.0,0.0,192.0,0.0
24,44,OMP,optimized,6224.0,768.0,0.0,256.0,4608.0,192.0,192.0,200.0,0.0,0.0,0.0,8.0,0.0
24,45,OMP,baseline,5608.0,768.0,2048.0,0.0,0.0,0.0,2400.0,200.0,0.0,0.0,0.0,192.0,0.0
24,45,OMP,optimized,6224.0,768.0,0.0,256.0,4608.0,192.0,192.0,200.0,0.0,0.0,0.0,8.0,0.0
24,46,OMP,baseline,5608.0,768.0,2048.0,0.0,0.0,0.0,2400.0,200.0,0.0,0.0,0.0,192.0,0.0
24,46,OMP,optimized,6224.0,768.0,0.0,256.0,4608.0,192.0,192.0,200.0,0.0,0.0,0.0,8.0,0.0
24,47,OMP,baseline,5608.0,768.0,2048.0,0.0,0.0,0.0,2400.0,200.0,0.0,0.0,0.0,192.0,0.0
24,47,OMP,optimized,6224.0,768.0,0.0,256.0,4608.0,192.0,192.0,200.0,0.0,0.0,0.0,8.0,0.0
24,48,OMP,baseline,5608.0,768.0,2048.0,0.0,0.0,0.0,2400.0,200.0,0.0,0.0,0.0,192.0,0.0
24,48,OMP,optimized,6224.0,768.0,0.0,256.0,4608.0,192.0,192.0,200.0,0.0,0.0,0.0,8.0,0.0
24,49,OMP,baseline,5608.0,768.0,2048.0,0.0,0.0,0.0,2400.0,200.0,0.0,0.0,0.0,192.0,0.0
24,49,OMP,optimized,6224.0,768.0,0.0,256.0,4608.0,192.0,192.0,200.0,0.0,0.0,0.0,8.0,0.0
24,50,OMP,baseline,5608.0,768.0,2048.0,0.0,0.0,0.0,2400.0,200.0,0.0,0.0,0.0,192.0,0.0
24,50,OMP,optimized,6224.0,768.0,0.0,256.0,4608.0,192.0,192.0,200.0,0.0,0.0,0.0,8.0,0.0
24,51,OMP,baseline,5608.0,768.0,2048.0,0.0,0.0,0.0,2400.0,200.0,0.0,0.0,0.0,192.0,0.0
24,51,OMP,optimized,6224.0,768.0,0.0,256.0,4608.0,192.0,192.0,200.0,0.0,0.0,0.0,8.0,0.0
24,52,OMP,baseline,5608.0,768.0,2048.0,0.0,0.0,0.0,2400.0,200.0,0.0,0.0,0.0,192.0,0.0
24,52,OMP,optimized,6224.0,768.0,0.0,256.0,4608.0,192.0,192.0,200.0,0.0,0.0,0.0,8.0,0.0
24,53,OMP,baseline,5608.0,768.0,2048.0,0.0,0.0,0.0,2400.0,200.0,0.0,0.0,0.0,192.0,0.0
24,53,OMP,optimized,6224.0,768.0,0.0,256.0,4608.0,192.0,192.0,200.0,0.0,0.0,0.0,8.0,0.0
24,54,OMP,baseline,5608.0,768.0,2048.0,0.0,0.0,0.0,2400.0,200.0,0.0,0.0,0.0,192.0,0.0
24,54,OMP,optimized,6224.0,768.0,0.0,256.0,4608.0,192.0,192.0,200.0,0.0,0.0,0.0,8.0,0.0
24,55,OMP,baseline,5608.0,768.0,2048.0,0.0,0.0,0.0,2400.0,200.0,0.0,0.0,0.0,192.0,0.0
24,55,OMP,optimized,6224.0,768.0,0.0,256.0,4608.0,192.0,192.0,200.0,0.0,0.0,0.0,8.0,0.0
24,56,OMP,baseline,5608.0,768.0,2048.0,0.0,0.0,0.0,2400.0,200.0,0.0,0.0,0.0,192.0,0.0
24,56,OMP,optimized,6224.0,768.0,0.0,256.0,4608.0,192.0,192.0,200.0,0.0,0.0,0.0,8.0,0.0
24,57,OMP,baseline,5608.0,768.0,2048.0,0.0,0.0,0.0,2400.0,200.0,0.0,0.0,0.0,192.0,0.0
24,57,OMP,optimized,6224.0,768.0,0.0,256.0,4608.0,192.0,192.0,200.0,0.0,0.0,0.0,8.0,0.0
24,58,OMP,baseline,5608.0,768.0,2048.0,0.0,0.0,0.0,2400.0,200.0,0.0,0.0,0.0,192.0,0.0
24,58,OMP,optimized,6224.0,768.0,0.0,256.0,4608.0,192.0,192.0,200.0,0.0,0.0,0.0,8.0,0.0
24,59,OMP,baseline,5608.0,768.0,2048.0,0.0,0.0,0.0,2400.0,200.0,0.0,0.0,0.0,192.0,0.0
24,59,OMP,optimized,6224.0,768.0,0.0,256.0,4608.0,192.0,192.0,200.0,0.0,0.0,0.0,8.0,0.0
24,60,OMP,baseline,5608.0,768.0,2048.0,0.0,0.0,0.0,2400.0,200.0,0.0,0.0,0.0,192.0,0.0
24,60,OMP,optimized,6224.0,768.0,0.0,256.0,4608.0,192.0,192.0,200.0,0.0,0.0,0.0,8.0,0.0
24,61,OMP,baseline,5608.0,768.0,2048.0,0.0,0.0,0.0,2400.0,200.0,0.0,0.0,0.0,192.0,0.0
24,61,OMP,optimized,6224.0,768.0,0.0,256.0,4608.0,192.0,192.0,200.0,0.0,0.0,0.0,8.0,0.0
24,62,OMP,baseline,5608.0,768.0,2048.0,0.0,0.0,0.0,2400.0,200.0,0.0,0.0,0.0,192.0,0.0
24,62,OMP,optimized,6224.0,768.0,0.0,256.0,4608.0,192.0,192.0,200.0,0.0,0.0,0.0,8.0,0.0
24,63,OMP,baseline,5608.0,768.0,2048.0,0.0,0.0,0.0,2400.0,200.0,0.0,0.0,0.0,192.0,0.0
24,63,OMP,optimized,6224.0,768.0,0.0,256.0,4608.0,192.0,192.0,200.0,0.0,0.0,0.0,8.0,0.0
24,64,OMP,baseline,5608.0,768.0,2048.0,0.0,0.0,0.0,2400.0,200.0,0.0,0.0,0.0,192.0,0.0
24,64,OMP,optimized,6224.0,768.0,0.0,256.0,4608.0,192.0,192.0,200.0,0.0,0.0,0.0,8.0,0.0
24,65,OMP,baseline,5608.0,768.0,2048.0,0.0,0.0,0.0,2400.0,200.0,0.0,0.0,0.0,192.0,0.0
24,65,OMP,optimized,6224.0,768.0,0.0,256.0,4608.0,192.0,192.0,200.0,0.0,0.0,0.0,8.0,0.0
24,66,OMP,baseline,5608.0,768.0,2048.0,0.0,0.0,0.0,2400.0,200.0,0.0,0.0,0.0,192.0,0.0
24,66,OMP,optimized,6224.0,768.0,0.0,256.0,4608.0,192.0,192.0,200.0,0.0,0.0,0.0,8.0,0.0
24,67,OMP,baseline,5608.0,768.0,2048.0,0.0,0.0,0.0,2400.0,200.0,0.0,0.0,0.0,192.0,0.0
24,67,OMP,optimized,6224.0,768.0,0.0,256.0,4608.0,192.0,192.0,200.0,0.0,0.0,0.0,8.0,0.0
24,68,OMP,baseline,5608.0,768.0,2048.0,0.0,0.0,0.0,2400.0,200.0,0.0,0.0,0.0,192.0,0.0
24,68,OMP,optimized,6224.0,768.0,0.0,256.0,4608.0,192.0,192.0,200.0,0.0,0.0,0.0,8.0,0.0
24,69,OMP,baseline,5608.0,768.0,2048.0,0.0,0.0,0.0,2400.0,200.0,0.0,0.0,0.0,192.0,0.0
24,69,OMP,optimized,6224.0,768.0,0.0,256.0,4608.0,192.0,192.0,200.0,0.0,0.0,0.0,8.0,0.0
24,70,OMP,baseline,5608.0,768.0,2048.0,0.0,0.0,0.0,2400.0,200.0,0.0,0.0,0.0,192.0,0.0
24,70,OMP,optimized,6224.0,768.0,0.0,256.0,4608.0,192.0,192.0,200.0,0.0,0.0,0.0,8.0,0.0
24,71,OMP,baseline,5608.0,768.0,2048.0,0.0,0.0,0.0,2400.0,200.0,0.0,0.0,0.0,192.0,0.0
24,71,OMP,optimized,6224.0,768.0,0.0,256.0,4608.0,192.0,192.0,200.0,0.0,0.0,0.0,8.0,0.0
24,72,OMP,baseline,5608.0,768.0,2048.0,0.0,0.0,0.0,2400.0,200.0,0.0,0.0,0.0,192.0,0.0
24,72,OMP,optimized,6224.0,768.0,0.0,256.0,4608.0,192.0,192.0,200.0,0.0,0.0,0.0,8.0,0.0
24,73,OMP,baseline,5608.0,768.0,2048.0,0.0,0.0,0.0,2400.0,200.0,0.0,0.0,0.0,192.0,0.0
24,73,OMP,optimized,6224.0,768.0,0.0,256.0,4608.0,192.0,192.0,200.0,0.0,0.0,0.0,8.0,0.0
24,74,OMP,baseline,5608.0,768.0,2048.0,0.0,0.0,0.0,2400.0,200.0,0.0,0.0,0.0,192.0,0.0
24,74,OMP,optimized,6224.0,768.0,0.0,256.0,4608.0,192.0,192.0,200.0,0.0,0.0,0.0,8.0,0.0
24,75,OMP,baseline,5608.0,768.0,2048.0,0.0,0.0,0.0,2400.0,200.0,0.0,0.0,0.0,192.0,0.0
24,75,OMP,optimized,6224.0,768.0,0.0,256.0,4608.0,192.0,192.0,200.0,0.0,0.0,0.0,8.0,0.0
24,76,OMP,baseline,5608.0,768.0,2048.0,0.0,0.0,0.0,2400.0,200.0,0.0,0.0,0.0,192.0,0.0
24,76,OMP,optimized,6224.0,768.0,0.0,256.0,4608.0,192.0,192.0,200.0,0.0,0.0,0.0,8.0,0.0
24,77,OMP,baseline,5608.0,768.0,2048.0,0.0,0.0,0.0,2400.0,200.0,0.0,0.0,0.0,192.0,0.0
24,77,OMP,optimized,6224.0,768.0,0.0,256.0,4608.0,192.0,192.0,200.0,0.0,0.0,0.0,8.0,0.0
24,78,OMP,baseline,5608.0,768.0,2048.0,0.0,0.0,0.0,2400.0,200.0,0.0,0.0,0.0,192.0,0.0
24,78,OMP,optimized,6224.0,768.0,0.0,256.0,4608.0,192.0,192.0,200.0,0.0,0.0,0.0,8.0,0.0
24,79,OMP,baseline,5608.0,768.0,2048.0,0.0,0.0,0.0,2400.0,200.0,0.0,0.0,0.0,192.0,0.0
24,79,OMP,optimized,6224.0,768.0,0.0,256.0,4608.0,192.0,192.0,200.0,0.0,0.0,0.0,8.0,0.0
24,80,OMP,baseline,5608.0,768.0,2048.0,0.0,0.0,0.0,2400.0,200.0,0.0,0.0,0.0,192.0,0.0
24,80,OMP,optimized,6224.0,768.0,0.0,256.0,4608.0,192.0,192.0,200.0,0.0,0.0,0.0,8.0,0.0
24,81,OMP,baseline,5608.0,768.0,2048.0,0.0,0.0,0.0,2400.0,200.0,0.0,0.0,0.0,192.0,0.0
24,81,OMP,optimized,6224.0,768.0,0.0,256.0,4608.0,192.0,192.0,200.0,0.0,0.0,0.0,8.0,0.0
24,82,OMP,baseline,5608.0,768.0,2048.0,0.0,0.0,0.0,2400.0,200.0,0.0,0.0,0.0,192.0,0.0
24,82,OMP,optimized,6224.0,768.0,0.0,256.0,4608.0,192.0,192.0,200.0,0.0,0.0,0.0,8.0,0.0
24,83,OMP,baseline,5608.0,768.0,2048.0,0.0,0.0,0.0,2400.0,200.0,0.0,0.0,0.0,192.0,0.0
24,83,OMP,optimized,6224.0,768.0,0.0,256.0,4608.0,192.0,192.0,200.0,0.0,0.0,0.0,8.0,0.0
24,84,OMP,baseline,5608.0,768.0,2048.0,0.0,0.0,0.0,2400.0,200.0,0.0,0.0,0.0,192.0,0.0
24,84,OMP,optimized,6224.0,768.0,0.0,256.0,4608.0,192.0,192.0,200.0,0.0,0.0,0.0,8.0,0.0
24,85,OMP,baseline,5608.0,768.0,2048.0,0.0,0.0,0.0,2400.0,200.0,0.0,0.0,0.0,192.0,0.0
24,85,OMP,optimized,6224.0,768.0,0.0,256.0,4608.0,192.0,192.0,200.0,0.0,0.0,0.0,8.0,0.0
24,86,OMP,baseline,5608.0,768.0,2048.0,0.0,0.0,0.0,2400.0,200.0,0.0,0.0,0.0,192.0,0.0
24,86,OMP,optimized,6224.0,768.0,0.0,256.0,4608.0,192.0,192.0,200.0,0.0,0.0,0.0,8.0,0.0
24,87,OMP,baseline,5608.0,768.0,2048.0,0.0,0.0,0.0,2400.0,200.0,0.0,0.0,0.0,192.0,0.0
24,87,OMP,optimized,6224.0,768.0,0.0,256.0,4608.0,192.0,192.0,200.0,0.0,0.0,0.0,8.0,0.0
24,88,OMP,baseline,5608.0,768.0,2048.0,0.0,0.0,0.0,2400.0,200.0,0.0,0.0,0.0,192.0,0.0
24,88,OMP,optimized,6224.0,768.0,0.0,256.0,4608.0,192.0,192.0,200.0,0.0,0.0,0.0,8.0,0.0
24,89,OMP,baseline,5608.0,768.0,2048.0,0.0,0.0,0.0,2400.0,200.0,0.0,0.0,0.0,192.0,0.0
24,89,OMP,optimized,6224.0,768.0,0.0,256.0,4608.0,192.0,192.0,200.0,0.0,0.0,0.0,8.0,0.0
24,90,OMP,baseline,5608.0,768.0,2048.0,0.0,0.0,0.0,2400.0,200.0,0.0,0.0,0.0,192.0,0.0
24,90,OMP,optimized,6224.0,768.0,0.0,256.0,4608.0,192.0,192.0,200.0,0.0,0.0,0.0,8.0,0.0
24,91,OMP,baseline,5608.0,768.0,2048.0,0.0,0.0,0.0,2400.0,200.0,0.0,0.0,0.0,192.0,0.0
24,91,OMP,optimized,6224.0,768.0,0.0,256.0,4608.0,192.0,192.0,200.0,0.0,0.0,0.0,8.0,0.0
24,92,OMP,baseline,5608.0,768.0,2048.0,0.0,0.0,0.0,2400.0,200.0,0.0,0.0,0.0,192.0,0.0
24,92,OMP,optimized,6224.0,768.0,0.0,256.0,4608.0,192.0,192.0,200.0,0.0,0.0,0.0,8.0,0.0
24,93,OMP,baseline,5608.0,768.0,2048.0,0.0,0.0,0.0,2400.0,200.0,0.0,0.0,0.0,192.0,0.0
24,93,OMP,optimized,6224.0,768.0,0.0,256.0,4608.0,192.0,192.0,200.0,0.0,0.0,0.0,8.0,0.0
24,94,OMP,baseline,5608.0,768.0,2048.0,0.0,0.0,0.0,2400.0,200.0,0.0,0.0,0.0,192.0,0.0
24,94,OMP,optimized,6224.0,768.0,0.0,256.0,4608.0,192.0,192.0,200.0,0.0,0.0,0.0,8.0,0.0
24,95,OMP,baseline,5608.0,768.0,2048.0,0.0,0.0,0.0,2400.0,200.0,0.0,0.0,0.0,192.0,0.0
24,95,OMP,optimized,6224.0,768.0,0.0,256.0,4608.0,192.0,192.0,200.0,0.0,0.0,0.0,8.0,0.0
24,96,OMP,baseline,5608.0,768.0,2048.0,0.0,0.0,0.0,2400.0,200.0,0.0,0.0,0.0,192.0,0.0
24,96,OMP,optimized,6224.0,768.0,0.0,256.0,4608.0,192.0,192.0,200.0,0.0,0.0,0.0,8.0,0.0
24,97,OMP,baseline,5608.0,768.0,2048.0,0.0,0.0,0.0,2400.0,200.0,0.0,0.0,0.0,192.0,0.0
24,97,OMP,optimized,6224.0,768.0,0.0,256.0,4608.0,192.0,192.0,200.0,0.0,0.0,0.0,8.0,0.0
24,98,OMP,baseline,5608.0,768.0,2048.0,0.0,0.0,0.0,2400.0,200.0,0.0,0.0,0.0,192.0,0.0
24,98,OMP,optimized,6224.0,768.0,0.0,256.0,4608.0,192.0,192.0,200.0,0.0,0.0,0.0,8.0,0.0
24,99,OMP,baseline,5608.0,768.0,2048.0,0.0,0.0,0.0,2400.0,200.0,0.0,0.0,0.0,192.0,0.0
24,99,OMP,optimized,6224.0,768.0,0.0,256.0,4608.0,192.0,192.0,200.0,0.0,0.0,0.0,8.0,0.0
24,100,OMP,baseline,5608.0,768.0,2048.0,0.0,0.0,0.0,2400.0,200.0,0.0,0.0,0.0,192.0,0.0
24,100,OMP,optimized,6224.0,768.0,0.0,256.0,4608.0,192.0,192.0,200.0,0.0,0.0,0.0,8.0,0.0
24,101,OMP,baseline,5608.0,768.0,2048.0,0.0,0.0,0.0,2400.0,200.0,0.0,0.0,0.0,192.0,0.0
24,101,OMP,optimized,6224.0,768.0,0.0,256.0,4608.0,192.0,192.0,200.0,0.0,0.0,0.0,8.0,0.0
24,102,OMP,baseline,5608.0,768.0,2048.0,0.0,0.0,0.0,2400.0,200.0,0.0,0.0,0.0,192.0,0.0
24,102,OMP,optimized,6224.0,768.0,0.0,256.0,4608.0,192.0,192.0,200.0,0.0,0.0,0.0,8.0,0.0
24,103,OMP,baseline,5608.0,768.0,2048.0,0.0,0.0,0.0,2400.0,200.0,0.0,0.0,0.0,192.0,0.0
24,103,OMP,optimized,6224.0,768.0,0.0,256.0,4608.0,192.0,192.0,200.0,0.0,0.0,0.0,8.0,0.0
24,104,OMP,baseline,5608.0,768.0,2048.0,0.0,0.0,0.0,2400.0,200.0,0.0,0.0,0.0,192.0,0.0
24,104,OMP,optimized,6224.0,768.0,0.0,256.0,4608.0,192.0,192.0,200.0,0.0,0.0,0.0,8.0,0.0
24,105,OMP,baseline,5608.0,768.0,2048.0,0.0,0.0,0.0,2400.0,200.0,0.0,0.0,0.0,192.0,0.0
24,105,OMP,optimized,6224.0,768.0,0.0,256.0,4608.0,192.0,192.0,200.0,0.0,0.0,0.0,8.0,0.0
24,106,OMP,baseline,5608.0,768.0,2048.0,0.0,0.0,0.0,2400.0,200.0,0.0,0.0,0.0,192.0,0.0
24,106,OMP,optimized,6224.0,768.0,0.0,256.0,4608.0,192.0,192.0,200.0,0.0,0.0,0.0,8.0,0.0
24,107,OMP,baseline,5608.0,768.0,2048.0,0.0,0.0,0.0,2400.0,200.0,0.0,0.0,0.0,192.0,0.0
24,107,OMP,optimized,6224.0,768.0,0.0,256.0,4608.0,192.0,192.0,200.0,0.0,0.0,0.0,8.0,0.0
24,108,OMP,baseline,5608.0,768.0,2048.0,0.0,0.0,0.0,2400.0,200.0,0.0,0.0,0.0,192.0,0.0
24,108,OMP,optimized,6224.0,768.0,0.0,256.0,4608.0,192.0,192.0,200.0,0.0,0.0,0.0,8.0,0.0
24,109,OMP,baseline,5608.0,768.0,2048.0,0.0,0.0,0.0,2400.0,200.0,0.0,0.0,0.0,192.0,0.0
24,109,OMP,optimized,6224.0,768.0,0.0,256.0,4608.0,192.0,192.0,200.0,0.0,0.0,0.0,8.0,0.0
24,110,OMP,baseline,5608.0,768.0,2048.0,0.0,0.0,0.0,2400.0,200.0,0.0,0.0,0.0,192.0,0.0
24,110,OMP,optimized,6224.0,768.0,0.0,256.0,4608.0,192.0,192.0,200.0,0.0,0.0,0.0,8.0,0.0
24,111,OMP,baseline,5608.0,768.0,2048.0,0.0,0.0,0.0,2400.0,200.0,0.0,0.0,0.0,192.0,0.0
24,111,OMP,optimized,6224.0,768.0,0.0,256.0,4608.0,192.0,192.0,200.0,0.0,0.0,0.0,8.0,0.0
24,112,OMP,baseline,5608.0,768.0,2048.0,0.0,0.0,0.0,2400.0,200.0,0.0,0.0,0.0,192.0,0.0
24,112,OMP,optimized,6224.0,768.0,0.0,256.0,4608.0,192.0,192.0,200.0,0.0,0.0,0.0,8.0,0.0
24,113,OMP,baseline,5608.0,768.0,2048.0,0.0,0.0,0.0,2400.0,200.0,0.0,0.0,0.0,192.0,0.0
24,113,OMP,optimized,6224.0,768.0,0.0,256.0,4608.0,192.0,192.0,200.0,0.0,0.0,0.0,8.0,0.0
24,114,OMP,baseline,5608.0,768.0,2048.0,0.0,0.0,0.0,2400.0,200.0,0.0,0.0,0.0,192.0,0.0
24,114,OMP,optimized,6224.0,768.0,0.0,256.0,4608.0,192.0,192.0,200.0,0.0,0.0,0.0,8.0,0.0
24,115,OMP,baseline,5608.0,768.0,2048.0,0.0,0.0,0.0,2400.0,200.0,0.0,0.0,0.0,192.0,0.0
24,115,OMP,optimized,6224.0,768.0,0.0,256.0,4608.0,192.0,192.0,200.0,0.0,0.0,0.0,8.0,0.0
24,116,OMP,baseline,5608.0,768.0,2048.0,0.0,0.0,0.0,2400.0,200.0,0.0,0.0,0.0,192.0,0.0
24,116,OMP,optimized,6224.0,768.0,0.0,256.0,4608.0,192.0,192.0,200.0,0.0,0.0,0.0,8.0,0.0
24,117,OMP,baseline,5608.0,768.0,2048.0,0.0,0.0,0.0,2400.0,200.0,0.0,0.0,0.0,192.0,0.0
24,117,OMP,optimized,6224.0,768.0,0.0,256.0,4608.0,192.0,192.0,200.0,0.0,0.0,0.0,8.0,0.0
24,118,OMP,baseline,5608.0,768.0,2048.0,0.0,0.0,0.0,2400.0,200.0,0.0,0.0,0.0,192.0,0.0
24,118,OMP,optimized,6224.0,768.0,0.0,256.0,4608.0,192.0,192.0,200.0,0.0,0.0,0.0,8.0,0.0
24,119,OMP,baseline,5608.0,768.0,2048.0,0.0,0.0,0.0,2400.0,200.0,0.0,0.0,0.0,192.0,0.0
24,119,OMP,optimized,6224.0,768.0,0.0,256.0,4608.0,192.0,192.0,200.0,0.0,0.0,0.0,8.0,0.0
24,120,OMP,baseline,5608.0,768.0,2048.0,0.0,0.0,0.0,2400.0,200.0,0.0,0.0,0.0,192.0,0.0
24,120,OMP,optimized,6224.0,768.0,0.0,256.0,4608.0,192.0,192.0,200.0,0.0,0.0,0.0,8.0,0.0
24,121,OMP,baseline,5608.0,768.0,2048.0,0.0,0.0,0.0,2400.0,200.0,0.0,0.0,0.0,192.0,0.0
24,121,OMP,optimized,6224.0,768.0,0.0,256.0,4608.0,192.0,192.0,200.0,0.0,0.0,0.0,8.0,0.0
24,122,OMP,baseline,5608.0,768.0,2048.0,0.0,0.0,0.0,2400.0,200.0,0.0,0.0,0.0,192.0,0.0
24,122,OMP,optimized,6224.0,768.0,0.0,256.0,4608.0,192.0,192.0,200.0,0.0,0.0,0.0,8.0,0.0
24,123,OMP,baseline,5608.0,768.0,2048.0,0.0,0.0,0.0,2400.0,200.0,0.0,0.0,0.0,192.0,0.0
24,123,OMP,optimized,6224.0,768.0,0.0,256.0,4608.0,192.0,192.0,200.0,0.0,0.0,0.0,8.0,0.0
24,124,OMP,baseline,5608.0,768.0,2048.0,0.0,0.0,0.0,2400.0,200.0,0.0,0.0,0.0,192.0,0.0
24,124,OMP,optimized,6224.0,768.0,0.0,256.0,4608.0,192.0,192.0,200.0,0.0,0.0,0.0,8.0,0.0
24,125,OMP,baseline,5608.0,768.0,2048.0,0.0,0.0,0.0,2400.0,200.0,0.0,0.0,0.0,192.0,0.0
24,125,OMP,optimized,6224.0,768.0,0.0,256.0,4608.0,192.0,192.0,200.0,0.0,0.0,0.0,8.0,0.0
24,126,OMP,baseline,5608.0,768.0,2048.0,0.0,0.0,0.0,2400.0,200.0,0.0,0.0,0.0,192.0,0.0
24,126,OMP,optimized,6224.0,768.0,0.0,256.0,4608.0,192.0,192.0,200.0,0.0,0.0,0.0,8.0,0.0
24,127,OMP,baseline,5608.0,768.0,2048.0,0.0,0.0,0.0,2400.0,200.0,0.0,0.0,0.0,192.0,0.0
24,127,OMP,optimized,6224.0,768.0,0.0,256.0,4608.0,192.0,192.0,200.0,0.0,0.0,0.0,8.0,0.0
24,128,OMP,baseline,5608.0,768.0,2048.0,0.0,0.0,0.0,2400.0,200.0,0.0,0.0,0.0,192.0,0.0
24,128,OMP,optimized,6224.0,768.0,0.0,256.0,4608.0,192.0,192.0,200.0,0.0,0.0,0.0,8.0,0.0
24,129,OMP,baseline,5608.0,768.0,2048.0,0.0,0.0,0.0,2400.0,200.0,0.0,0.0,0.0,192.0,0.0
24,129,OMP,optimized,6224.0,768.0,0.0,256.0,4608.0,192.0,192.0,200.0,0.0,0.0,0.0,8.0,0.0
24,130,OMP,baseline,5608.0,768.0,2048.0,0.0,0.0,0.0,2400.0,200.0,0.0,0.0,0.0,192.0,0.0
24,130,OMP,optimized,6224.0,768.0,0.0,256.0,4608.0,192.0,192.0,200.0,0.0,0.0,0.0,8.0,0.0
24,131,OMP,baseline,5608.0,768.0,2048.0,0.0,0.0,0.0,2400.0,200.0,0.0,0.0,0.0,192.0,0.0
24,131,OMP,optimized,6224.0,768.0,0.0,256.0,4608.0,192.0,192.0,200.0,0.0,0.0,0.0,8.0,0.0
24,132,OMP,baseline,5608.0,768.0,2048.0,0.0,0.0,0.0,2400.0,200.0,0.0,0.0,0.0,192.0,0.0
24,132,OMP,optimized,6224.0,768.0,0.0,256.0,4608.0,192.0,192.0,200.0,0.0,0.0,0.0,8.0,0.0
24,133,OMP,baseline,5608.0,768.0,2048.0,0.0,0.0,0.0,2400.0,200.0,0.0,0.0,0.0,192.0,0.0
24,133,OMP,optimized,6224.0,768.0,0.0,256.0,4608.0,192.0,192.0,200.0,0.0,0.0,0.0,8.0,0.0
24,134,OMP,baseline,5608.0,768.0,2048.0,0.0,0.0,0.0,2400.0,200.0,0.0,0.0,0.0,192.0,0.0
24,134,OMP,optimized,6224.0,768.0,0.0,256.0,4608.0,192.0,192.0,200.0,0.0,0.0,0.0,8.0,0.0
24,135,OMP,baseline,5608.0,768.0,2048.0,0.0,0.0,0.0,2400.0,200.0,0.0,0.0,0.0,192.0,0.0
24,135,OMP,optimized,6224.0,768.0,0.0,256.0,4608.0,192.0,192.0,200.0,0.0,0.0,0.0,8.0,0.0
24,136,OMP,baseline,5608.0,768.0,2048.0,0.0,0.0,0.0,2400.0,200.0,0.0,0.0,0.0,192.0,0.0
24,136,OMP,optimized,6224.0,768.0,0.0,256.0,4608.0,192.0,192.0,200.0,0.0,0.0,0.0,8.0,0.0
24,137,OMP,baseline,5608.0,768.0,2048.0,0.0,0.0,0.0,2400.0,200.0,0.0,0.0,0.0,192.0,0.0
24,137,OMP,optimized,6224.0,768.0,0.0,256.0,4608.0,192.0,192.0,200.0,0.0,0.0,0.0,8.0,0.0
24,138,OMP,baseline,5608.0,768.0,2048.0,0.0,0.0,0.0,2400.0,200.0,0.0,0.0,0.0,192.0,0.0
24,138,OMP,optimized,6224.0,768.0,0.0,256.0,4608.0,192.0,192.0,200.0,0.0,0.0,0.0,8.0,0.0
24,139,OMP,baseline,5608.0,768.0,2048.0,0.0,0.0,0.0,2400.0,200.0,0.0,0.0,0.0,192.0,0.0
24,139,OMP,optimized,6224.0,768.0,0.0,256.0,4608.0,192.0,192.0,200.0,0.0,0.0,0.0,8.0,0.0
24,140,OMP,baseline,5608.0,768.0,2048.0,0.0,0.0,0.0,2400.0,200.0,0.0,0.0,0.0,192.0,0.0
24,140,OMP,optimized,6224.0,768.0,0.0,256.0,4608.0,192.0,192.0,200.0,0.0,0.0,0.0,8.0,0.0
24,141,OMP,baseline,5608.0,768.0,2048.0,0.0,0.0,0.0,2400.0,200.0,0.0,0.0,0.0,192.0,0.0
24,141,OMP,optimized,6224.0,768.0,0.0,256.0,4608.0,192.0,192.0,200.0,0.0,0.0,0.0,8.0,0.0
24,142,OMP,baseline,5608.0,768.0,2048.0,0.0,0.0,0.0,2400.0,200.0,0.0,0.0,0.0,192.0,0.0
24,142,OMP,optimized,6224.0,768.0,0.0,256.0,4608.0,192.0,192.0,200.0,0.0,0.0,0.0,8.0,0.0
24,143,OMP,baseline,5608.0,768.0,2048.0,0.0,0.0,0.0,2400.0,200.0,0.0,0.0,0.0,192.0,0.0
24,143,OMP,optimized,6224.0,768.0,0.0,256.0,4608.0,192.0,192.0,200.0,0.0,0.0,0.0,8.0,0.0
24,144,OMP,baseline,5608.0,768.0,2048.0,0.0,0.0,0.0,2400.0,200.0,0.0,0.0,0.0,192.0,0.0
24,144,OMP,optimized,6224.0,768.0,0.0,256.0,4608.0,192.0,192.0,200.0,0.0,0.0,0.0,8.0,0.0
24,145,OMP,baseline,5608.0,768.0,2048.0,0.0,0.0,0.0,2400.0,200.0,0.0,0.0,0.0,192.0,0.0
24,145,OMP,optimized,6224.0,768.0,0.0,256.0,4608.0,192.0,192.0,200.0,0.0,0.0,0.0,8.0,0.0
24,146,OMP,baseline,5608.0,768.0,2048.0,0.0,0.0,0.0,2400.0,200.0,0.0,0.0,0.0,192.0,0.0
24,146,OMP,optimized,6224.0,768.0,0.0,256.0,4608.0,192.0,192.0,200.0,0.0,0.0,0.0,8.0,0.0
24,147,OMP,baseline,5608.0,768.0,2048.0,0.0,0.0,0.0,2400.0,200.0,0.0,0.0,0.0,192.0,0.0
24,147,OMP,optimized,6224.0,768.0,0.0,256.0,4608.0,192.0,192.0,200.0,0.0,0.0,0.0,8.0,0.0
24,148,OMP,baseline,5608.0,768.0,2048.0,0.0,0.0,0.0,2400.0,200.0,0.0,0.0,0.0,192.0,0.0
24,148,OMP,optimized,6224.0,768.0,0.0,256.0,4608.0,192.0,192.0,200.0,0.0,0.0,0.0,8.0,0.0
24,149,OMP,baseline,5608.0,768.0,2048.0,0.0,0.0,0.0,2400.0,200.0,0.0,0.0,0.0,192.0,0.0
24,149,OMP,optimized,6224.0,768.0,0.0,256.0,4608.0,192.0,192.0,200.0,0.0,0.0,0.0,8.0,0.0
24,150,OMP,baseline,5608.0,768.0,2048.0,0.0,0.0,0.0,2400.0,200.0,0.0,0.0,0.0,192.0,0.0
24,150,OMP,optimized,6224.0,768.0,0.0,256.0,4608.0,192.0,192.0,200.0,0.0,0.0,0.0,8.0,0.0
24,151,OMP,baseline,5608.0,768.0,2048.0,0.0,0.0,0.0,2400.0,200.0,0.0,0.0,0.0,192.0,0.0
24,151,OMP,optimized,6224.0,768.0,0.0,256.0,4608.0,192.0,192.0,200.0,0.0,0.0,0.0,8.0,0.0
24,152,OMP,baseline,5608.0,768.0,2048.0,0.0,0.0,0.0,2400.0,200.0,0.0,0.0,0.0,192.0,0.0
24,152,OMP,optimized,6224.0,768.0,0.0,256.0,4608.0,192.0,192.0,200.0,0.0,0.0,0.0,8.0,0.0
24,153,OMP,baseline,5608.0,768.0,2048.0,0.0,0.0,0.0,2400.0,200.0,0.0,0.0,0.0,192.0,0.0
24,153,OMP,optimized,6224.0,768.0,0.0,256.0,4608.0,192.0,192.0,200.0,0.0,0.0,0.0,8.0,0.0
24,154,OMP,baseline,5608.0,768.0,2048.0,0.0,0.0,0.0,2400.0,200.0,0.0,0.0,0.0,192.0,0.0
24,154,OMP,optimized,6224.0,768.0,0.0,256.0,4608.0,192.0,192.0,200.0,0.0,0.0,0.0,8.0,0.0
24,155,OMP,baseline,5608.0,768.0,2048.0,0.0,0.0,0.0,2400.0,200.0,0.0,0.0,0.0,192.0,0.0
24,155,OMP,optimized,6224.0,768.0,0.0,256.0,4608.0,192.0,192.0,200.0,0.0,0.0,0.0,8.0,0.0
24,156,OMP,baseline,5608.0,768.0,2048.0,0.0,0.0,0.0,2400.0,200.0,0.0,0.0,0.0,192.0,0.0
24,156,OMP,optimized,6224.0,768.0,0.0,256.0,4608.0,192.0,192.0,200.0,0.0,0.0,0.0,8.0,0.0
24,157,OMP,baseline,5608.0,768.0,2048.0,0.0,0.0,0.0,2400.0,200.0,0.0,0.0,0.0,192.0,0.0
24,157,OMP,optimized,6224.0,768.0,0.0,256.0,4608.0,192.0,192.0,200.0,0.0,0.0,0.0,8.0,0.0
24,158,OMP,baseline,5608.0,768.0,2048.0,0.0,0.0,0.0,2400.0,200.0,0.0,0.0,0.0,192.0,0.0
24,158,OMP,optimized,6224.0,768.0,0.0,256.0,4608.0,192.0,192.0,200.0,0.0,0.0,0.0,8.0,0.0
24,159,OMP,baseline,5608.0,768.0,2048.0,0.0,0.0,0.0,2400.0,200.0,0.0,0.0,0.0,192.0,0.0
24,159,OMP,optimized,6224.0,768.0,0.0,256.0,4608.0,192.0,192.0,200.0,0.0,0.0,0.0,8.0,0.0
24,160,OMP,baseline,5608.0,768.0,2048.0,0.0,0.0,0.0,2400.0,200.0,0.0,0.0,0.0,192.0,0.0
24,160,OMP,optimized,6224.0,768.0,0.0,256.0,4608.0,192.0,192.0,200.0,0.0,0.0,0.0,8.0,0.0
24,161,OMP,baseline,5608.0,768.0,2048.0,0.0,0.0,0.0,2400.0,200.0,0.0,0.0,0.0,192.0,0.0
24,161,OMP,optimized,6224.0,768.0,0.0,256.0,4608.0,192.0,192.0,200.0,0.0,0.0,0.0,8.0,0.0
24,162,OMP,baseline,5608.0,768.0,2048.0,0.0,0.0,0.0,2400.0,200.0,0.0,0.0,0.0,192.0,0.0
24,162,OMP,optimized,6224.0,768.0,0.0,256.0,4608.0,192.0,192.0,200.0,0.0,0.0,0.0,8.0,0.0
24,163,OMP,baseline,5608.0,768.0,2048.0,0.0,0.0,0.0,2400.0,200.0,0.0,0.0,0.0,192.0,0.0
24,163,OMP,optimized,6224.0,768.0,0.0,256.0,4608.0,192.0,192.0,200.0,0.0,0.0,0.0,8.0,0.0
24,164,OMP,baseline,5608.0,768.0,2048.0,0.0,0.0,0.0,2400.0,200.0,0.0,0.0,0.0,192.0,0.0
24,164,OMP,optimized,6224.0,768.0,0.0,256.0,4608.0,192.0,192.0,200.0,0.0,0.0,0.0,8.0,0.0
24,165,OMP,baseline,5608.0,768.0,2048.0,0.0,0.0,0.0,2400.0,200.0,0.0,0.0,0.0,192.0,0.0
24,165,OMP,optimized,6224.0,768.0,0.0,256.0,4608.0,192.0,192.0,200.0,0.0,0.0,0.0,8.0,0.0
24,166,OMP,baseline,5608.0,768.0,2048.0,0.0,0.0,0.0,2400.0,200.0,0.0,0.0,0.0,192.0,0.0
24,166,OMP,optimized,6224.0,768.0,0.0,256.0,4608.0,192.0,192.0,200.0,0.0,0.0,0.0,8.0,0.0
24,167,OMP,baseline,5608.0,768.0,2048.0,0.0,0.0,0.0,2400.0,200.0,0.0,0.0,0.0,192.0,0.0
24,167,OMP,optimized,6224.0,768.0,0.0,256.0,4608.0,192.0,192.0,200.0,0.0,0.0,0.0,8.0,0.0
24,168,OMP,baseline,5608.0,768.0,2048.0,0.0,0.0,0.0,2400.0,200.0,0.0,0.0,0.0,192.0,0.0
24,168,OMP,optimized,6224.0,768.0,0.0,256.0,4608.0,192.0,192.0,200.0,0.0,0.0,0.0,8.0,0.0
24,169,OMP,baseline,5608.0,768.0,2048.0,0.0,0.0,0.0,2400.0,200.0,0.0,0.0,0.0,192.0,0.0
24,169,OMP,optimized,6224.0,768.0,0.0,256.0,4608.0,192.0,192.0,200.0,0.0,0.0,0.0,8.0,0.0
24,170,OMP,baseline,5608.0,768.0,2048.0,0.0,0.0,0.0,2400.0,200.0,0.0,0.0,0.0,192.0,0.0
24,170,OMP,optimized,6224.0,768.0,0.0,256.0,4608.0,192.0,192.0,200.0,0.0,0.0,0.0,8.0,0.0
24,171,OMP,baseline,5608.0,768.0,2048.0,0.0,0.0,0.0,2400.0,200.0,0.0,0.0,0.0,192.0,0.0
24,171,OMP,optimized,6224.0,768.0,0.0,256.0,4608.0,192.0,192.0,200.0,0.0,0.0,0.0,8.0,0.0
24,172,OMP,baseline,5608.0,768.0,2048.0,0.0,0.0,0.0,2400.0,200.0,0.0,0.0,0.0,192.0,0.0
24,172,OMP,optimized,6224.0,768.0,0.0,256.0,4608.0,192.0,192.0,200.0,0.0,0.0,0.0,8.0,0.0
24,173,OMP,baseline,5608.0,768.0,2048.0,0.0,0.0,0.0,2400.0,200.0,0.0,0.0,0.0,192.0,0.0
24,173,OMP,optimized,6224.0,768.0,0.0,256.0,4608.0,192.0,192.0,200.0,0.0,0.0,0.0,8.0,0.0
24,174,OMP,baseline,5608.0,768.0,2048.0,0.0,0.0,0.0,2400.0,200.0,0.0,0.0,0.0,192.0,0.0
24,174,OMP,optimized,6224.0,768.0,0.0,256.0,4608.0,192.0,192.0,200.0,0.0,0.0,0.0,8.0,0.0
24,175,OMP,baseline,5608.0,768.0,2048.0,0.0,0.0,0.0,2400.0,200.0,0.0,0.0,0.0,192.0,0.0
24,175,OMP,optimized,6224.0,768.0,0.0,256.0,4608.0,192.0,192.0,200.0,0.0,0.0,0.0,8.0,0.0
24,176,OMP,baseline,5608.0,768.0,2048.0,0.0,0.0,0.0,2400.0,200.0,0.0,0.0,0.0,192.0,0.0
24,176,OMP,optimized,6224.0,768.0,0.0,256.0,4608.0,192.0,192.0,200.0,0.0,0.0,0.0,8.0,0.0
24,177,OMP,baseline,5608.0,768.0,2048.0,0.0,0.0,0.0,2400.0,200.0,0.0,0.0,0.0,192.0,0.0
24,177,OMP,optimized,6224.0,768.0,0.0,256.0,4608.0,192.0,192.0,200.0,0.0,0.0,0.0,8.0,0.0
24,178,OMP,baseline,5608.0,768.0,2048.0,0.0,0.0,0.0,2400.0,200.0,0.0,0.0,0.0,192.0,0.0
24,178,OMP,optimized,6224.0,768.0,0.0,256.0,4608.0,192.0,192.0,200.0,0.0,0.0,0.0,8.0,0.0
24,179,OMP,baseline,5608.0,768.0,2048.0,0.0,0.0,0.0,2400.0,200.0,0.0,0.0,0.0,192.0,0.0
24,179,OMP,optimized,6224.0,768.0,0.0,256.0,4608.0,192.0,192.0,200.0,0.0,0.0,0.0,8.0,0.0
24,180,OMP,baseline,5608.0,768.0,2048.0,0.0,0.0,0.0,2400.0,200.0,0.0,0.0,0.0,192.0,0.0
24,180,OMP,optimized,6224.0,768.0,0.0,256.0,4608.0,192.0,192.0,200.0,0.0,0.0,0.0,8.0,0.0
24,181,OMP,baseline,5608.0,768.0,2048.0,0.0,0.0,0.0,2400.0,200.0,0.0,0.0,0.0,192.0,0.0
24,181,OMP,optimized,6224.0,768.0,0.0,256.0,4608.0,192.0,192.0,200.0,0.0,0.0,0.0,8.0,0.0
24,182,OMP,baseline,5608.0,768.0,2048.0,0.0,0.0,0.0,2400.0,200.0,0.0,0.0,0.0,192.0,0.0
24,182,OMP,optimized,6224.0,768.0,0.0,256.0,4608.0,192.0,192.0,200.0,0.0,0.0,0.0,8.0,0.0
24,183,OMP,baseline,5608.0,768.0,2048.0,0.0,0.0,0.0,2400.0,200.0,0.0,0.0,0.0,192.0,0.0
24,183,OMP,optimized,6224.0,768.0,0.0,256.0,4608.0,192.0,192.0,200.0,0.0,0.0,0.0,8.0,0.0
24,184,OMP,baseline,5608.0,768.0,2048.0,0.0,0.0,0.0,2400.0,200.0,0.0,0.0,0.0,192.0,0.0
24,184,OMP,optimized,6224.0,768.0,0.0,256.0,4608.0,192.0,192.0,200.0,0.0,0.0,0.0,8.0,0.0
24,185,OMP,baseline,5608.0,768.0,2048.0,0.0,0.0,0.0,2400.0,200.0,0.0,0.0,0.0,192.0,0.0
24,185,OMP,optimized,6224.0,768.0,0.0,256.0,4608.0,192.0,192.0,200.0,0.0,0.0,0.0,8.0,0.0
24,186,OMP,baseline,5608.0,768.0,2048.0,0.0,0.0,0.0,2400.0,200.0,0.0,0.0,0.0,192.0,0.0
24,186,OMP,optimized,6224.0,768.0,0.0,256.0,4608.0,192.0,192.0,200.0,0.0,0.0,0.0,8.0,0.0
24,187,OMP,baseline,5608.0,768.0,2048.0,0.0,0.0,0.0,2400.0,200.0,0.0,0.0,0.0,192.0,0.0
24,187,OMP,optimized,6224.0,768.0,0.0,256.0,4608.0,192.0,192.0,200.0,0.0,0.0,0.0,8.0,0.0
24,188,OMP,baseline,5608.0,768.0,2048.0,0.0,0.0,0.0,2400.0,200.0,0.0,0.0,0.0,192.0,0.0
24,188,OMP,optimized,6224.0,768.0,0.0,256.0,4608.0,192.0,192.0,200.0,0.0,0.0,0.0,8.0,0.0
24,189,OMP,baseline,5608.0,768.0,2048.0,0.0,0.0,0.0,2400.0,200.0,0.0,0.0,0.0,192.0,0.0
24,189,OMP,optimized,6224.0,768.0,0.0,256.0,4608.0,192.0,192.0,200.0,0.0,0.0,0.0,8.0,0.0
24,190,OMP,baseline,5608.0,768.0,2048.0,0.0,0.0,0.0,2400.0,200.0,0.0,0.0,0.0,192.0,0.0
24,190,OMP,optimized,6224.0,768.0,0.0,256.0,4608.0,192.0,192.0,200.0,0.0,0.0,0.0,8.0,0.0
24,191,OMP,baseline,5608.0,768.0,2048.0,0.0,0.0,0.0,2400.0,200.0,0.0,0.0,0.0,192.0,0.0
24,191,OMP,optimized,6224.0,768.0,0.0,256.0,4608.0,192.0,192.0,200.0,0.0,0.0,0.0,8.0,0.0
24,192,OMP,baseline,5608.0,768.0,2048.0,0.0,0.0,0.0,2400.0,200.0,0.0,0.0,0.0,192.0,0.0
24,192,OMP,optimized,6224.0,768.0,0.0,256.0,4608.0,192.0,192.0,200.0,0.0,0.0,0.0,8.0,0.0
24,193,OMP,baseline,5608.0,768.0,2048.0,0.0,0.0,0.0,2400.0,200.0,0.0,0.0,0.0,192.0,0.0
24,193,OMP,optimized,6224.0,768.0,0.0,256.0,4608.0,192.0,192.0,200.0,0.0,0.0,0.0,8.0,0.0
24,194,OMP,baseline,5608.0,768.0,2048.0,0.0,0.0,0.0,2400.0,200.0,0.0,0.0,0.0,192.0,0.0
24,194,OMP,optimized,6224.0,768.0,0.0,256.0,4608.0,192.0,192.0,200.0,0.0,0.0,0.0,8.0,0.0
24,195,OMP,baseline,5608.0,768.0,2048.0,0.0,0.0,0.0,2400.0,200.0,0.0,0.0,0.0,192.0,0.0
24,195,OMP,optimized,6224.0,768.0,0.0,256.0,4608.0,192.0,192.0,200.0,0.0,0.0,0.0,8.0,0.0
24,196,OMP,baseline,5608.0,768.0,2048.0,0.0,0.0,0.0,2400.0,200.0,0.0,0.0,0.0,192.0,0.0
24,196,OMP,optimized,6224.0,768.0,0.0,256.0,4608.0,192.0,192.0,200.0,0.0,0.0,0.0,8.0,0.0
24,197,OMP,baseline,5608.0,768.0,2048.0,0.0,0.0,0.0,2400.0,200.0,0.0,0.0,0.0,192.0,0.0
24,197,OMP,optimized,6224.0,768.0,0.0,256.0,4608.0,192.0,192.0,200.0,0.0,0.0,0.0,8.0,0.0
24,198,OMP,baseline,5608.0,768.0,2048.0,0.0,0.0,0.0,2400.0,200.0,0.0,0.0,0.0,192.0,0.0
24,198,OMP,optimized,6224.0,768.0,0.0,256.0,4608.0,192.0,192.0,200.0,0.0,0.0,0.0,8.0,0.0
24,199,OMP,baseline,5608.0,768.0,2048.0,0.0,0.0,0.0,2400.0,200.0,0.0,0.0,0.0,192.0,0.0
24,199,OMP,optimized,6224.0,768.0,0.0,256.0,4608.0,192.0,192.0,200.0,0.0,0.0,0.0,8.0,0.0
24,200,OMP,baseline,5608.0,768.0,2048.0,0.0,0.0,0.0,2400.0,200.0,0.0,0.0,0.0,192.0,0.0
24,200,OMP,optimized,6224.0,768.0,0.0,256.0,4608.0,192.0,192.0,200.0,0.0,0.0,0.0,8.0,0.0
24,201,OMP,baseline,5608.0,768.0,2048.0,0.0,0.0,0.0,2400.0,200.0,0.0,0.0,0.0,192.0,0.0
24,201,OMP,optimized,6224.0,768.0,0.0,256.0,4608.0,192.0,192.0,200.0,0.0,0.0,0.0,8.0,0.0
24,202,OMP,baseline,5608.0,768.0,2048.0,0.0,0.0,0.0,2400.0,200.0,0.0,0.0,0.0,192.0,0.0
24,202,OMP,optimized,6224.0,768.0,0.0,256.0,4608.0,192.0,192.0,200.0,0.0,0.0,0.0,8.0,0.0
24,203,OMP,baseline,5608.0,768.0,2048.0,0.0,0.0,0.0,2400.0,200.0,0.0,0.0,0.0,192.0,0.0
24,203,OMP,optimized,6224.0,768.0,0.0,256.0,4608.0,192.0,192.0,200.0,0.0,0.0,0.0,8.0,0.0
24,204,OMP,baseline,5608.0,768.0,2048.0,0.0,0.0,0.0,2400.0,200.0,0.0,0.0,0.0,192.0,0.0
24,204,OMP,optimized,6224.0,768.0,0.0,256.0,4608.0,192.0,192.0,200.0,0.0,0.0,0.0,8.0,0.0
24,205,OMP,baseline,5608.0,768.0,2048.0,0.0,0.0,0.0,2400.0,200.0,0.0,0.0,0.0,192.0,0.0
24,205,OMP,optimized,6224.0,768.0,0.0,256.0,4608.0,192.0,192.0,200.0,0.0,0.0,0.0,8.0,0.0
24,206,OMP,baseline,5608.0,768.0,2048.0,0.0,0.0,0.0,2400.0,200.0,0.0,0.0,0.0,192.0,0.0
24,206,OMP,optimized,6224.0,768.0,0.0,256.0,4608.0,192.0,192.0,200.0,0.0,0.0,0.0,8.0,0.0
24,207,OMP,baseline,5608.0,768.0,2048.0,0.0,0.0,0.0,2400.0,200.0,0.0,0.0,0.0,192.0,0.0
24,207,OMP,optimized,6224.0,768.0,0.0,256.0,4608.0,192.0,192.0,200.0,0.0,0.0,0.0,8.0,0.0
24,208,OMP,baseline,5608.0,768.0,2048.0,0.0,0.0,0.0,2400.0,200.0,0.0,0.0,0.0,192.0,0.0
24,208,OMP,optimized,6224.0,768.0,0.0,256.0,4608.0,192.0,192.0,200.0,0.0,0.0,0.0,8.0,0.0
24,209,OMP,baseline,5608.0,768.0,2048.0,0.0,0.0,0.0,2400.0,200.0,0.0,0.0,0.0,192.0,0.0
24,209,OMP,optimized,6224.0,768.0,0.0,256.0,4608.0,192.0,192.0,200.0,0.0,0.0,0.0,8.0,0.0
24,210,OMP,baseline,5608.0,768.0,2048.0,0.0,0.0,0.0,2400.0,200.0,0.0,0.0,0.0,192.0,0.0
24,210,OMP,optimized,6224.0,768.0,0.0,256.0,4608.0,192.0,192.0,200.0,0.0,0.0,0.0,8.0,0.0
24,211,OMP,baseline,5608.0,768.0,2048.0,0.0,0.0,0.0,2400.0,200.0,0.0,0.0,0.0,192.0,0.0
24,211,OMP,optimized,6224.0,768.0,0.0,256.0,4608.0,192.0,192.0,200.0,0.0,0.0,0.0,8.0,0.0
24,212,OMP,baseline,5608.0,768.0,2048.0,0.0,0.0,0.0,2400.0,200.0,0.0,0.0,0.0,192.0,0.0
24,212,OMP,optimized,6224.0,768.0,0.0,256.0,4608.0,192.0,192.0,200.0,0.0,0.0,0.0,8.0,0.0
24,213,OMP,baseline,5608.0,768.0,2048.0,0.0,0.0,0.0,2400.0,200.0,0.0,0.0,0.0,192.0,0.0
24,213,OMP,optimized,6224.0,768.0,0.0,256.0,4608.0,192.0,192.0,200.0,0.0,0.0,0.0,8.0,0.0
24,214,OMP,baseline,5608.0,768.0,2048.0,0.0,0.0,0.0,2400.0,200.0,0.0,0.0,0.0,192.0,0.0
24,214,OMP,optimized,6224.0,768.0,0.0,256.0,4608.0,192.0,192.0,200.0,0.0,0.0,0.0,8.0,0.0
24,215,OMP,baseline,5608.0,768.0,2048.0,0.0,0.0,0.0,2400.0,200.0,0.0,0.0,0.0,192.0,0.0
24,215,OMP,optimized,6224.0,768.0,0.0,256.0,4608.0,192.0,192.0,200.0,0.0,0.0,0.0,8.0,0.0
24,216,OMP,baseline,5608.0,768.0,2048.0,0.0,0.0,0.0,2400.0,200.0,0.0,0.0,0.0,192.0,0.0
24,216,OMP,optimized,6224.0,768.0,0.0,256.0,4608.0,192.0,192.0,200.0,0.0,0.0,0.0,8.0,0.0
24,217,OMP,baseline,5608.0,768.0,2048.0,0.0,0.0,0.0,2400.0,200.0,0.0,0.0,0.0,192.0,0.0
24,217,OMP,optimized,6224.0,768.0,0.0,256.0,4608.0,192.0,192.0,200.0,0.0,0.0,0.0,8.0,0.0
24,218,OMP,baseline,5608.0,768.0,2048.0,0.0,0.0,0.0,2400.0,200.0,0.0,0.0,0.0,192.0,0.0
24,218,OMP,optimized,6224.0,768.0,0.0,256.0,4608.0,192.0,192.0,200.0,0.0,0.0,0.0,8.0,0.0
24,219,OMP,baseline,5608.0,768.0,2048.0,0.0,0.0,0.0,2400.0,200.0,0.0,0.0,0.0,192.0,0.0
24,219,OMP,optimized,6224.0,768.0,0.0,256.0,4608.0,192.0,192.0,200.0,0.0,0.0,0.0,8.0,0.0
24,220,OMP,baseline,5608.0,768.0,2048.0,0.0,0.0,0.0,2400.0,200.0,0.0,0.0,0.0,192.0,0.0
24,220,OMP,optimized,6224.0,768.0,0.0,256.0,4608.0,192.0,192.0,200.0,0.0,0.0,0.0,8.0,0.0
24,221,OMP,baseline,5608.0,768.0,2048.0,0.0,0.0,0.0,2400.0,200.0,0.0,0.0,0.0,192.0,0.0
24,221,OMP,optimized,6224.0,768.0,0.0,256.0,4608.0,192.0,192.0,200.0,0.0,0.0,0.0,8.0,0.0
24,222,OMP,baseline,5608.0,768.0,2048.0,0.0,0.0,0.0,2400.0,200.0,0.0,0.0,0.0,192.0,0.0
24,222,OMP,optimized,6224.0,768.0,0.0,256.0,4608.0,192.0,192.0,200.0,0.0,0.0,0.0,8.0,0.0
24,223,OMP,baseline,5608.0,768.0,2048.0,0.0,0.0,0.0,2400.0,200.0,0.0,0.0,0.0,192.0,0.0
24,223,OMP,optimized,6224.0,768.0,0.0,256.0,4608.0,192.0,192.0,200.0,0.0,0.0,0.0,8.0,0.0
24,224,OMP,baseline,5608.0,768.0,2048.0,0.0,0.0,0.0,2400.0,200.0,0.0,0.0,0.0,192.0,0.0
24,224,OMP,optimized,6224.0,768.0,0.0,256.0,4608.0,192.0,192.0,200.0,0.0,0.0,0.0,8.0,0.0
24,225,OMP,baseline,5608.0,768.0,2048.0,0.0,0.0,0.0,2400.0,200.0,0.0,0.0,0.0,192.0,0.0
24,225,OMP,optimized,6224.0,768.0,0.0,256.0,4608.0,192.0,192.0,200.0,0.0,0.0,0.0,8.0,0.0
24,226,OMP,baseline,5608.0,768.0,2048.0,0.0,0.0,0.0,2400.0,200.0,0.0,0.0,0.0,192.0,0.0
24,226,OMP,optimized,6224.0,768.0,0.0,256.0,4608.0,192.0,192.0,200.0,0.0,0.0,0.0,8.0,0.0
24,227,OMP,baseline,5608.0,768.0,2048.0,0.0,0.0,0.0,2400.0,200.0,0.0,0.0,0.0,192.0,0.0
24,227,OMP,optimized,6224.0,768.0,0.0,256.0,4608.0,192.0,192.0,200.0,0.0,0.0,0.0,8.0,0.0
24,228,OMP,baseline,5608.0,768.0,2048.0,0.0,0.0,0.0,2400.0,200.0,0.0,0.0,0.0,192.0,0.0
24,228,OMP,optimized,6224.0,768.0,0.0,256.0,4608.0,192.0,192.0,200.0,0.0,0.0,0.0,8.0,0.0
24,229,OMP,baseline,5608.0,768.0,2048.0,0.0,0.0,0.0,2400.0,200.0,0.0,0.0,0.0,192.0,0.0
24,229,OMP,optimized,6224.0,768.0,0.0,256.0,4608.0,192.0,192.0,200.0,0.0,0.0,0.0,8.0,0.0
24,230,OMP,baseline,5608.0,768.0,2048.0,0.0,0.0,0.0,2400.0,200.0,0.0,0.0,0.0,192.0,0.0
24,230,OMP,optimized,6224.0,768.0,0.0,256.0,4608.0,192.0,192.0,200.0,0.0,0.0,0.0,8.0,0.0
24,231,OMP,baseline,5608.0,768.0,2048.0,0.0,0.0,0.0,2400.0,200.0,0.0,0.0,0.0,192.0,0.0
24,231,OMP,optimized,6224.0,768.0,0.0,256.0,4608.0,192.0,192.0,200.0,0.0,0.0,0.0,8.0,0.0
24,232,OMP,baseline,5608.0,768.0,2048.0,0.0,0.0,0.0,2400.0,200.0,0.0,0.0,0.0,192.0,0.0
24,232,OMP,optimized,6224.0,768.0,0.0,256.0,4608.0,192.0,192.0,200.0,0.0,0.0,0.0,8.0,0.0
24,233,OMP,baseline,5608.0,768.0,2048.0,0.0,0.0,0.0,2400.0,200.0,0.0,0.0,0.0,192.0,0.0
24,233,OMP,optimized,6224.0,768.0,0.0,256.0,4608.0,192.0,192.0,200.0,0.0,0.0,0.0,8.0,0.0
24,234,OMP,baseline,5608.0,768.0,2048.0,0.0,0.0,0.0,2400.0,200.0,0.0,0.0,0.0,192.0,0.0
24,234,OMP,optimized,6224.0,768.0,0.0,256.0,4608.0,192.0,192.0,200.0,0.0,0.0,0.0,8.0,0.0
24,235,OMP,baseline,5608.0,768.0,2048.0,0.0,0.0,0.0,2400.0,200.0,0.0,0.0,0.0,192.0,0.0
24,235,OMP,optimized,6224.0,768.0,0.0,256.0,4608.0,192.0,192.0,200.0,0.0,0.0,0.0,8.0,0.0
24,236,OMP,baseline,5608.0,768.0,2048.0,0.0,0.0,0.0,2400.0,200.0,0.0,0.0,0.0,192.0,0.0
24,236,OMP,optimized,6224.0,768.0,0.0,256.0,4608.0,192.0,192.0,200.0,0.0,0.0,0.0,8.0,0.0
24,237,OMP,baseline,5608.0,768.0,2048.0,0.0,0.0,0.0,2400.0,200.0,0.0,0.0,0.0,192.0,0.0
24,237,OMP,optimized,6224.0,768.0,0.0,256.0,4608.0,192.0,192.0,200.0,0.0,0.0,0.0,8.0,0.0
24,238,OMP,baseline,5608.0,768.0,2048.0,0.0,0.0,0.0,2400.0,200.0,0.0,0.0,0.0,192.0,0.0
24,238,OMP,optimized,6224.0,768.0,0.0,256.0,4608.0,192.0,192.0,200.0,0.0,0.0,0.0,8.0,0.0
24,239,OMP,baseline,5608.0,768.0,2048.0,0.0,0.0,0.0,2400.0,200.0,0.0,0.0,0.0,192.0,0.0
24,239,OMP,optimized,6224.0,768.0,0.0,256.0,4608.0,192.0,192.0,200.0,0.0,0.0,0.0,8.0,0.0
24,240,OMP,baseline,5608.0,768.0,2048.0,0.0,0.0,0.0,2400.0,200.0,0.0,0.0,0.0,192.0,0.0
24,240,OMP,optimized,6224.0,768.0,0.0,256.0,4608.0,192.0,192.0,200.0,0.0,0.0,0.0,8.0,0.0
24,241,OMP,baseline,5608.0,768.0,2048.0,0.0,0.0,0.0,2400.0,200.0,0.0,0.0,0.0,192.0,0.0
24,241,OMP,optimized,6224.0,768.0,0.0,256.0,4608.0,192.0,192.0,200.0,0.0,0.0,0.0,8.0,0.0
24,242,OMP,baseline,5608.0,768.0,2048.0,0.0,0.0,0.0,2400.0,200.0,0.0,0.0,0.0,192.0,0.0
24,242,OMP,optimized,6224.0,768.0,0.0,256.0,4608.0,192.0,192.0,200.0,0.0,0.0,0.0,8.0,0.0
24,243,OMP,baseline,5608.0,768.0,2048.0,0.0,0.0,0.0,2400.0,200.0,0.0,0.0,0.0,192.0,0.0
24,243,OMP,optimized,6224.0,768.0,0.0,256.0,4608.0,192.0,192.0,200.0,0.0,0.0,0.0,8.0,0.0
24,244,OMP,baseline,5608.0,768.0,2048.0,0.0,0.0,0.0,2400.0,200.0,0.0,0.0,0.0,192.0,0.0
24,244,OMP,optimized,6224.0,768.0,0.0,256.0,4608.0,192.0,192.0,200.0,0.0,0.0,0.0,8.0,0.0
24,245,OMP,baseline,5608.0,768.0,2048.0,0.0,0.0,0.0,2400.0,200.0,0.0,0.0,0.0,192.0,0.0
24,245,OMP,optimized,6224.0,768.0,0.0,256.0,4608.0,192.0,192.0,200.0,0.0,0.0,0.0,8.0,0.0
24,246,OMP,baseline,5608.0,768.0,2048.0,0.0,0.0,0.0,2400.0,200.0,0.0,0.0,0.0,192.0,0.0
24,246,OMP,optimized,6224.0,768.0,0.0,256.0,4608.0,192.0,192.0,200.0,0.0,0.0,0.0,8.0,0.0
24,247,OMP,baseline,5608.0,768.0,2048.0,0.0,0.0,0.0,2400.0,200.0,0.0,0.0,0.0,192.0,0.0
24,247,OMP,optimized,6224.0,768.0,0.0,256.0,4608.0,192.0,192.0,200.0,0.0,0.0,0.0,8.0,0.0
24,248,OMP,baseline,5608.0,768.0,2048.0,0.0,0.0,0.0,2400.0,200.0,0.0,0.0,0.0,192.0,0.0
24,248,OMP,optimized,6224.0,768.0,0.0,256.0,4608.0,192.0,192.0,200.0,0.0,0.0,0.0,8.0,0.0
24,249,OMP,baseline,5608.0,768.0,2048.0,0.0,0.0,0.0,2400.0,200.0,0.0,0.0,0.0,192.0,0.0
24,249,OMP,optimized,6224.0,768.0,0.0,256.0,4608.0,192.0,192.0,200.0,0.0,0.0,0.0,8.0,0.0
24,250,OMP,baseline,5608.0,768.0,2048.0,0.0,0.0,0.0,2400.0,200.0,0.0,0.0,0.0,192.0,0.0
24,250,OMP,optimized,6224.0,768.0,0.0,256.0,4608.0,192.0,192.0,200.0,0.0,0.0,0.0,8.0,0.0
24,251,OMP,baseline,5608.0,768.0,2048.0,0.0,0.0,0.0,2400.0,200.0,0.0,0.0,0.0,192.0,0.0
24,251,OMP,optimized,6224.0,768.0,0.0,256.0,4608.0,192.0,192.0,200.0,0.0,0.0,0.0,8.0,0.0
24,252,OMP,baseline,5608.0,768.0,2048.0,0.0,0.0,0.0,2400.0,200.0,0.0,0.0,0.0,192.0,0.0
24,252,OMP,optimized,6224.0,768.0,0.0,256.0,4608.0,192.0,192.0,200.0,0.0,0.0,0.0,8.0,0.0
24,253,OMP,baseline,5608.0,768.0,2048.0,0.0,0.0,0.0,2400.0,200.0,0.0,0.0,0.0,192.0,0.0
24,253,OMP,optimized,6224.0,768.0,0.0,256.0,4608.0,192.0,192.0,200.0,0.0,0.0,0.0,8.0,0.0
24,254,OMP,baseline,5608.0,768.0,2048.0,0.0,0.0,0.0,2400.0,200.0,0.0,0.0,0.0,192.0,0.0
24,254,OMP,optimized,6224.0,768.0,0.0,256.0,4608.0,192.0,192.0,200.0,0.0,0.0,0.0,8.0,0.0
24,255,OMP,baseline,5608.0,768.0,2048.0,0.0,0.0,0.0,2400.0,200.0,0.0,0.0,0.0,192.0,0.0
24,255,OMP,optimized,6224.0,768.0,0.0,256.0,4608.0,192.0,192.0,200.0,0.0,0.0,0.0,8.0,0.0
24,256,OMP,baseline,5608.0,768.0,2048.0,0.0,0.0,0.0,2400.0,200.0,0.0,0.0,0.0,192.0,0.0
24,256,OMP,optimized,6224.0,768.0,0.0,256.0,4608.0,192.0,192.0,200.0,0.0,0.0,0.0,8.0,0.0
24,257,OMP,baseline,5608.0,768.0,2048.0,0.0,0.0,0.0,2400.0,200.0,0.0,0.0,0.0,192.0,0.0
24,257,OMP,optimized,6224.0,768.0,0.0,256.0,4608.0,192.0,192.0,200.0,0.0,0.0,0.0,8.0,0.0
24,258,OMP,baseline,5608.0,768.0,2048.0,0.0,0.0,0.0,2400.0,200.0,0.0,0.0,0.0,192.0,0.0
24,258,OMP,optimized,6224.0,768.0,0.0,256.0,4608.0,192.0,192.0,200.0,0.0,0.0,0.0,8.0,0.0
24,259,OMP,baseline,5608.0,768.0,2048.0,0.0,0.0,0.0,2400.0,200.0,0.0,0.0,0.0,192.0,0.0
24,259,OMP,optimized,6224.0,768.0,0.0,256.0,4608.0,192.0,192.0,200.0,0.0,0.0,0.0,8.0,0.0
24,260,OMP,baseline,5608.0,768.0,2048.0,0.0,0.0,0.0,2400.0,200.0,0.0,0.0,0.0,192.0,0.0
24,260,OMP,optimized,6224.0,768.0,0.0,256.0,4608.0,192.0,192.0,200.0,0.0,0.0,0.0,8.0,0.0
24,261,OMP,baseline,5608.0,768.0,2048.0,0.0,0.0,0.0,2400.0,200.0,0.0,0.0,0.0,192.0,0.0
24,261,OMP,optimized,6224.0,768.0,0.0,256.0,4608.0,192.0,192.0,200.0,0.0,0.0,0.0,8.0,0.0
24,262,OMP,baseline,5608.0,768.0,2048.0,0.0,0.0,0.0,2400.0,200.0,0.0,0.0,0.0,192.0,0.0
24,262,OMP,optimized,6224.0,768.0,0.0,256.0,4608.0,192.0,192.0,200.0,0.0,0.0,0.0,8.0,0.0
24,263,OMP,baseline,5608.0,768.0,2048.0,0.0,0.0,0.0,2400.0,200.0,0.0,0.0,0.0,192.0,0.0
24,263,OMP,optimized,6224.0,768.0,0.0,256.0,4608.0,192.0,192.0,200.0,0.0,0.0,0.0,8.0,0.0
24,264,OMP,baseline,5608.0,768.0,2048.0,0.0,0.0,0.0,2400.0,200.0,0.0,0.0,0.0,192.0,0.0
24,264,OMP,optimized,6224.0,768.0,0.0,256.0,4608.0,192.0,192.0,200.0,0.0,0.0,0.0,8.0,0.0
24,265,OMP,baseline,5608.0,768.0,2048.0,0.0,0.0,0.0,2400.0,200.0,0.0,0.0,0.0,192.0,0.0
24,265,OMP,optimized,6224.0,768.0,0.0,256.0,4608.0,192.0,192.0,200.0,0.0,0.0,0.0,8.0,0.0
24,266,OMP,baseline,5608.0,768.0,2048.0,0.0,0.0,0.0,2400.0,200.0,0.0,0.0,0.0,192.0,0.0
24,266,OMP,optimized,6224.0,768.0,0.0,256.0,4608.0,192.0,192.0,200.0,0.0,0.0,0.0,8.0,0.0
24,267,OMP,baseline,5608.0,768.0,2048.0,0.0,0.0,0.0,2400.0,200.0,0.0,0.0,0.0,192.0,0.0
24,267,OMP,optimized,6224.0,768.0,0.0,256.0,4608.0,192.0,192.0,200.0,0.0,0.0,0.0,8.0,0.0
24,268,OMP,baseline,5608.0,768.0,2048.0,0.0,0.0,0.0,2400.0,200.0,0.0,0.0,0.0,192.0,0.0
24,268,OMP,optimized,6224.0,768.0,0.0,256.0,4608.0,192.0,192.0,200.0,0.0,0.0,0.0,8.0,0.0
24,269,OMP,baseline,5608.0,768.0,2048.0,0.0,0.0,0.0,2400.0,200.0,0.0,0.0,0.0,192.0,0.0
24,269,OMP,optimized,6224.0,768.0,0.0,256.0,4608.0,192.0,192.0,200.0,0.0,0.0,0.0,8.0,0.0
24,270,OMP,baseline,5608.0,768.0,2048.0,0.0,0.0,0.0,2400.0,200.0,0.0,0.0,0.0,192.0,0.0
24,270,OMP,optimized,6224.0,768.0,0.0,256.0,4608.0,192.0,192.0,200.0,0.0,0.0,0.0,8.0,0.0
24,271,OMP,baseline,5608.0,768.0,2048.0,0.0,0.0,0.0,2400.0,200.0,0.0,0.0,0.0,192.0,0.0
24,271,OMP,optimized,6224.0,768.0,0.0,256.0,4608.0,192.0,192.0,200.0,0.0,0.0,0.0,8.0,0.0
24,272,OMP,baseline,5608.0,768.0,2048.0,0.0,0.0,0.0,2400.0,200.0,0.0,0.0,0.0,192.0,0.0
24,272,OMP,optimized,6224.0,768.0,0.0,256.0,4608.0,192.0,192.0,200.0,0.0,0.0,0.0,8.0,0.0
24,273,OMP,baseline,5608.0,768.0,2048.0,0.0,0.0,0.0,2400.0,200.0,0.0,0.0,0.0,192.0,0.0
24,273,OMP,optimized,6224.0,768.0,0.0,256.0,4608.0,192.0,192.0,200.0,0.0,0.0,0.0,8.0,0.0
24,274,OMP,baseline,5608.0,768.0,2048.0,0.0,0.0,0.0,2400.0,200.0,0.0,0.0,0.0,192.0,0.0
24,274,OMP,optimized,6224.0,768.0,0.0,256.0,4608.0,192.0,192.0,200.0,0.0,0.0,0.0,8.0,0.0
24,275,OMP,baseline,5608.0,768.0,2048.0,0.0,0.0,0.0,2400.0,200.0,0.0,0.0,0.0,192.0,0.0
24,275,OMP,optimized,6224.0,768.0,0.0,256.0,4608.0,192.0,192.0,200.0,0.0,0.0,0.0,8.0,0.0
24,276,OMP,baseline,5608.0,768.0,2048.0,0.0,0.0,0.0,2400.0,200.0,0.0,0.0,0.0,192.0,0.0
24,276,OMP,optimized,6224.0,768.0,0.0,256.0,4608.0,192.0,192.0,200.0,0.0,0.0,0.0,8.0,0.0
24,277,OMP,baseline,5608.0,768.0,2048.0,0.0,0.0,0.0,2400.0,200.0,0.0,0.0,0.0,192.0,0.0
24,277,OMP,optimized,6224.0,768.0,0.0,256.0,4608.0,192.0,192.0,200.0,0.0,0.0,0.0,8.0,0.0
24,278,OMP,baseline,5608.0,768.0,2048.0,0.0,0.0,0.0,2400.0,200.0,0.0,0.0,0.0,192.0,0.0
24,278,OMP,optimized,6224.0,768.0,0.0,256.0,4608.0,192.0,192.0,200.0,0.0,0.0,0.0,8.0,0.0
24,279,OMP,baseline,5608.0,768.0,2048.0,0.0,0.0,0.0,2400.0,200.0,0.0,0.0,0.0,192.0,0.0
24,279,OMP,optimized,6224.0,768.0,0.0,256.0,4608.0,192.0,192.0,200.0,0.0,0.0,0.0,8.0,0.0
24,280,OMP,baseline,5608.0,768.0,2048.0,0.0,0.0,0.0,2400.0,200.0,0.0,0.0,0.0,192.0,0.0
24,280,OMP,optimized,6224.0,768.0,0.0,256.0,4608.0,192.0,192.0,200.0,0.0,0.0,0.0,8.0,0.0
24,281,OMP,baseline,5608.0,768.0,2048.0,0.0,0.0,0.0,2400.0,200.0,0.0,0.0,0.0,192.0,0.0
24,281,OMP,optimized,6224.0,768.0,0.0,256.0,4608.0,192.0,192.0,200.0,0.0,0.0,0.0,8.0,0.0
24,282,OMP,baseline,5608.0,768.0,2048.0,0.0,0.0,0.0,2400.0,200.0,0.0,0.0,0.0,192.0,0.0
24,282,OMP,optimized,6224.0,768.0,0.0,256.0,4608.0,192.0,192.0,200.0,0.0,0.0,0.0,8.0,0.0
24,283,OMP,baseline,5608.0,768.0,2048.0,0.0,0.0,0.0,2400.0,200.0,0.0,0.0,0.0,192.0,0.0
24,283,OMP,optimized,6224.0,768.0,0.0,256.0,4608.0,192.0,192.0,200.0,0.0,0.0,0.0,8.0,0.0
24,284,OMP,baseline,5608.0,768.0,2048.0,0.0,0.0,0.0,2400.0,200.0,0.0,0.0,0.0,192.0,0.0
24,284,OMP,optimized,6224.0,768.0,0.0,256.0,4608.0,192.0,192.0,200.0,0.0,0.0,0.0,8.0,0.0
24,285,OMP,baseline,5608.0,768.0,2048.0,0.0,0.0,0.0,2400.0,200.0,0.0,0.0,0.0,192.0,0.0
24,285,OMP,optimized,6224.0,768.0,0.0,256.0,4608.0,192.0,192.0,200.0,0.0,0.0,0.0,8.0,0.0
24,286,OMP,baseline,5608.0,768.0,2048.0,0.0,0.0,0.0,2400.0,200.0,0.0,0.0,0.0,192.0,0.0
24,286,OMP,optimized,6224.0,768.0,0.0,256.0,4608.0,192.0,192.0,200.0,0.0,0.0,0.0,8.0,0.0
24,287,OMP,baseline,5608.0,768.0,2048.0,0.0,0.0,0.0,2400.0,200.0,0.0,0.0,0.0,192.0,0.0
24,287,OMP,optimized,6224.0,768.0,0.0,256.0,4608.0,192.0,192.0,200.0,0.0,0.0,0.0,8.0,0.0
24,288,OMP,baseline,5608.0,768.0,2048.0,0.0,0.0,0.0,2400.0,200.0,0.0,0.0,0.0,192.0,0.0
24,288,OMP,optimized,6224.0,768.0,0.0,256.0,4608.0,192.0,192.0,200.0,0.0,0.0,0.0,8.0,0.0
24,289,OMP,baseline,5608.0,768.0,2048.0,0.0,0.0,0.0,2400.0,200.0,0.0,0.0,0.0,192.0,0.0
24,289,OMP,optimized,6224.0,768.0,0.0,256.0,4608.0,192.0,192.0,200.0,0.0,0.0,0.0,8.0,0.0
24,290,OMP,baseline,5608.0,768.0,2048.0,0.0,0.0,0.0,2400.0,200.0,0.0,0.0,0.0,192.0,0.0
24,290,OMP,optimized,6224.0,768.0,0.0,256.0,4608.0,192.0,192.0,200.0,0.0,0.0,0.0,8.0,0.0
24,291,OMP,baseline,5608.0,768.0,2048.0,0.0,0.0,0.0,2400.0,200.0,0.0,0.0,0.0,192.0,0.0
24,291,OMP,optimized,6224.0,768.0,0.0,256.0,4608.0,192.0,192.0,200.0,0.0,0.0,0.0,8.0,0.0
24,292,OMP,baseline,5608.0,768.0,2048.0,0.0,0.0,0.0,2400.0,200.0,0.0,0.0,0.0,192.0,0.0
24,292,OMP,optimized,6224.0,768.0,0.0,256.0,4608.0,192.0,192.0,200.0,0.0,0.0,0.0,8.0,0.0
24,293,OMP,baseline,5608.0,768.0,2048.0,0.0,0.0,0.0,2400.0,200.0,0.0,0.0,0.0,192.0,0.0
24,293,OMP,optimized,6224.0,768.0,0.0,256.0,4608.0,192.0,192.0,200.0,0.0,0.0,0.0,8.0,0.0
24,294,OMP,baseline,5608.0,768.0,2048.0,0.0,0.0,0.0,2400.0,200.0,0.0,0.0,0.0,192.0,0.0
24,294,OMP,optimized,6224.0,768.0,0.0,256.0,4608.0,192.0,192.0,200.0,0.0,0.0,0.0,8.0,0.0
24,295,OMP,baseline,5608.0,768.0,2048.0,0.0,0.0,0.0,2400.0,200.0,0.0,0.0,0.0,192.0,0.0
24,295,OMP,optimized,6224.0,768.0,0.0,256.0,4608.0,192.0,192.0,200.0,0.0,0.0,0.0,8.0,0.0
24,296,OMP,baseline,5608.0,768.0,2048.0,0.0,0.0,0.0,2400.0,200.0,0.0,0.0,0.0,192.0,0.0
24,296,OMP,optimized,6224.0,768.0,0.0,256.0,4608.0,192.0,192.0,200.0,0.0,0.0,0.0,8.0,0.0
24,297,OMP,baseline,5608.0,768.0,2048.0,0.0,0.0,0.0,2400.0,200.0,0.0,0.0,0.0,192.0,0.0
24,297,OMP,optimized,6224.0,768.0,0.0,256.0,4608.0,192.0,192.0,200.0,0.0,0.0,0.0,8.0,0.0
24,298,OMP,baseline,5608.0,768.0,2048.0,0.0,0.0,0.0,2400.0,200.0,0.0,0.0,0.0,192.0,0.0
24,298,OMP,optimized,6224.0,768.0,0.0,256.0,4608.0,192.0,192.0,200.0,0.0,0.0,0.0,8.0,0.0
24,299,OMP,baseline,5608.0,768.0,2048.0,0.0,0.0,0.0,2400.0,200.0,0.0,0.0,0.0,192.0,0.0
24,299,OMP,optimized,6224.0,768.0,0.0,256.0,4608.0,192.0,192.0,200.0,0.0,0.0,0.0,8.0,0.0
28,0,OMP,baseline,6520.0,768.0,2048.0,0.0,0.0,0.0,3248.0,232.0,0.0,0.0,0.0,224.0,0.0
28,0,OMP,optimized,7984.0,768.0,0.0,256.0,6272.0,224.0,224.0,232.0,0.0,0.0,0.0,8.0,0.0
28,1,OMP,baseline,6520.0,768.0,2048.0,0.0,0.0,0.0,3248.0,232.0,0.0,0.0,0.0,224.0,0.0
28,1,OMP,optimized,7984.0,768.0,0.0,256.0,6272.0,224.0,224.0,232.0,0.0,0.0,0.0,8.0,0.0
28,2,OMP,baseline,6520.0,768.0,2048.0,0.0,0.0,0.0,3248.0,232.0,0.0,0.0,0.0,224.0,0.0
28,2,OMP,optimized,7984.0,768.0,0.0,256.0,6272.0,224.0,224.0,232.0,0.0,0.0,0.0,8.0,0.0
28,3,OMP,baseline,6520.0,768.0,2048.0,0.0,0.0,0.0,3248.0,232.0,0.0,0.0,0.0,224.0,0.0
28,3,OMP,optimized,7984.0,768.0,0.0,256.0,6272.0,224.0,224.0,232.0,0.0,0.0,0.0,8.0,0.0
28,4,OMP,baseline,6520.0,768.0,2048.0,0.0,0.0,0.0,3248.0,232.0,0.0,0.0,0.0,224.0,0.0
28,4,OMP,optimized,7984.0,768.0,0.0,256.0,6272.0,224.0,224.0,232.0,0.0,0.0,0.0,8.0,0.0
28,5,OMP,baseline,6520.0,768.0,2048.0,0.0,0.0,0.0,3248.0,232.0,0.0,0.0,0.0,224.0,0.0
28,5,OMP,optimized,7984.0,768.0,0.0,256.0,6272.0,224.0,224.0,232.0,0.0,0.0,0.0,8.0,0.0
28,6,OMP,baseline,6520.0,768.0,2048.0,0.0,0.0,0.0,3248.0,232.0,0.0,0.0,0.0,224.0,0.0
28,6,OMP,optimized,7984.0,768.0,0.0,256.0,6272.0,224.0,224.0,232.0,0.0,0.0,0.0,8.0,0.0
28,7,OMP,baseline,6520.0,768.0,2048.0,0.0,0.0,0.0,3248.0,232.0,0.0,0.0,0.0,224.0,0.0
28,7,OMP,optimized,7984.0,768.0,0.0,256.0,6272.0,224.0,224.0,232.0,0.0,0.0,0.0,8.0,0.0
28,8,OMP,baseline,6520.0,768.0,2048.0,0.0,0.0,0.0,3248.0,232.0,0.0,0.0,0.0,224.0,0.0
28,8,OMP,optimized,7984.0,768.0,0.0,256.0,6272.0,224.0,224.0,232.0,0.0,0.0,0.0,8.0,0.0
28,9,OMP,baseline,6520.0,768.0,2048.0,0.0,0.0,0.0,3248.0,232.0,0.0,0.0,0.0,224.0,0.0
28,9,OMP,optimized,7984.0,768.0,0.0,256.0,6272.0,224.0,224.0,232.0,0.0,0.0,0.0,8.0,0.0
28,10,OMP,baseline,6520.0,768.0,2048.0,0.0,0.0,0.0,3248.0,232.0,0.0,0.0,0.0,224.0,0.0
28,10,OMP,optimized,7984.0,768.0,0.0,256.0,6272.0,224.0,224.0,232.0,0.0,0.0,0.0,8.0,0.0
28,11,OMP,baseline,6520.0,768.0,2048.0,0.0,0.0,0.0,3248.0,232.0,0.0,0.0,0.0,224.0,0.0
28,11,OMP,optimized,7984.0,768.0,0.0,256.0,6272.0,224.0,224.0,232.0,0.0,0.0,0.0,8.0,0.0
28,12,OMP,baseline,6520.0,768.0,2048.0,0.0,0.0,0.0,3248.0,232.0,0.0,0.0,0.0,224.0,0.0
28,12,OMP,optimized,7984.0,768.0,0.0,256.0,6272.0,224.0,224.0,232.0,0.0,0.0,0.0,8.0,0.0
28,13,OMP,baseline,6520.0,768.0,2048.0,0.0,0.0,0.0,3248.0,232.0,0.0,0.0,0.0,224.0,0.0
28,13,OMP,optimized,7984.0,768.0,0.0,256.0,6272.0,224.0,224.0,232.0,0.0,0.0,0.0,8.0,0.0
28,14,OMP,baseline,6520.0,768.0,2048.0,0.0,0.0,0.0,3248.0,232.0,0.0,0.0,0.0,224.0,0.0
28,14,OMP,optimized,7984.0,768.0,0.0,256.0,6272.0,224.0,224.0,232.0,0.0,0.0,0.0,8.0,0.0
28,15,OMP,baseline,6520.0,768.0,2048.0,0.0,0.0,0.0,3248.0,232.0,0.0,0.0,0.0,224.0,0.0
28,15,OMP,optimized,7984.0,768.0,0.0,256.0,6272.0,224.0,224.0,232.0,0.0,0.0,0.0,8.0,0.0
28,16,OMP,baseline,6520.0,768.0,2048.0,0.0,0.0,0.0,3248.0,232.0,0.0,0.0,0.0,224.0,0.0
28,16,OMP,optimized,7984.0,768.0,0.0,256.0,6272.0,224.0,224.0,232.0,0.0,0.0,0.0,8.0,0.0
28,17,OMP,baseline,6520.0,768.0,2048.0,0.0,0.0,0.0,3248.0,232.0,0.0,0.0,0.0,224.0,0.0
28,17,OMP,optimized,7984.0,768.0,0.0,256.0,6272.0,224.0,224.0,232.0,0.0,0.0,0.0,8.0,0.0
28,18,OMP,baseline,6520.0,768.0,2048.0,0.0,0.0,0.0,3248.0,232.0,0.0,0.0,0.0,224.0,0.0
28,18,OMP,optimized,7984.0,768.0,0.0,256.0,6272.0,224.0,224.0,232.0,0.0,0.0,0.0,8.0,0.0
28,19,OMP,baseline,6520.0,768.0,2048.0,0.0,0.0,0.0,3248.0,232.0,0.0,0.0,0.0,224.0,0.0
28,19,OMP,optimized,7984.0,768.0,0.0,256.0,6272.0,224.0,224.0,232.0,0.0,0.0,0.0,8.0,0.0
28,20,OMP,baseline,6520.0,768.0,2048.0,0.0,0.0,0.0,3248.0,232.0,0.0,0.0,0.0,224.0,0.0
28,20,OMP,optimized,7984.0,768.0,0.0,256.0,6272.0,224.0,224.0,232.0,0.0,0.0,0.0,8.0,0.0
28,21,OMP,baseline,6520.0,768.0,2048.0,0.0,0.0,0.0,3248.0,232.0,0.0,0.0,0.0,224.0,0.0
28,21,OMP,optimized,7984.0,768.0,0.0,256.0,6272.0,224.0,224.0,232.0,0.0,0.0,0.0,8.0,0.0
28,22,OMP,baseline,6520.0,768.0,2048.0,0.0,0.0,0.0,3248.0,232.0,0.0,0.0,0.0,224.0,0.0
28,22,OMP,optimized,7984.0,768.0,0.0,256.0,6272.0,224.0,224.0,232.0,0.0,0.0,0.0,8.0,0.0
28,23,OMP,baseline,6520.0,768.0,2048.0,0.0,0.0,0.0,3248.0,232.0,0.0,0.0,0.0,224.0,0.0
28,23,OMP,optimized,7984.0,768.0,0.0,256.0,6272.0,224.0,224.0,232.0,0.0,0.0,0.0,8.0,0.0
28,24,OMP,baseline,6520.0,768.0,2048.0,0.0,0.0,0.0,3248.0,232.0,0.0,0.0,0.0,224.0,0.0
28,24,OMP,optimized,7984.0,768.0,0.0,256.0,6272.0,224.0,224.0,232.0,0.0,0.0,0.0,8.0,0.0
28,25,OMP,baseline,6520.0,768.0,2048.0,0.0,0.0,0.0,3248.0,232.0,0.0,0.0,0.0,224.0,0.0
28,25,OMP,optimized,7984.0,768.0,0.0,256.0,6272.0,224.0,224.0,232.0,0.0,0.0,0.0,8.0,0.0
28,26,OMP,baseline,6520.0,768.0,2048.0,0.0,0.0,0.0,3248.0,232.0,0.0,0.0,0.0,224.0,0.0
28,26,OMP,optimized,7984.0,768.0,0.0,256.0,6272.0,224.0,224.0,232.0,0.0,0.0,0.0,8.0,0.0
28,27,OMP,baseline,6520.0,768.0,2048.0,0.0,0.0,0.0,3248.0,232.0,0.0,0.0,0.0,224.0,0.0
28,27,OMP,optimized,7984.0,768.0,0.0,256.0,6272.0,224.0,224.0,232.0,0.0,0.0,0.0,8.0,0.0
28,28,OMP,baseline,6520.0,768.0,2048.0,0.0,0.0,0.0,3248.0,232.0,0.0,0.0,0.0,224.0,0.0
28,28,OMP,optimized,7984.0,768.0,0.0,256.0,6272.0,224.0,224.0,232.0,0.0,0.0,0.0,8.0,0.0
28,29,OMP,baseline,6520.0,768.0,2048.0,0.0,0.0,0.0,3248.0,232.0,0.0,0.0,0.0,224.0,0.0
28,29,OMP,optimized,7984.0,768.0,0.0,256.0,6272.0,224.0,224.0,232.0,0.0,0.0,0.0,8.0,0.0
28,30,OMP,baseline,6520.0,768.0,2048.0,0.0,0.0,0.0,3248.0,232.0,0.0,0.0,0.0,224.0,0.0
28,30,OMP,optimized,7984.0,768.0,0.0,256.0,6272.0,224.0,224.0,232.0,0.0,0.0,0.0,8.0,0.0
28,31,OMP,baseline,6520.0,768.0,2048.0,0.0,0.0,0.0,3248.0,232.0,0.0,0.0,0.0,224.0,0.0
28,31,OMP,optimized,7984.0,768.0,0.0,256.0,6272.0,224.0,224.0,232.0,0.0,0.0,0.0,8.0,0.0
28,32,OMP,baseline,6520.0,768.0,2048.0,0.0,0.0,0.0,3248.0,232.0,0.0,0.0,0.0,224.0,0.0
28,32,OMP,optimized,7984.0,768.0,0.0,256.0,6272.0,224.0,224.0,232.0,0.0,0.0,0.0,8.0,0.0
28,33,OMP,baseline,6520.0,768.0,2048.0,0.0,0.0,0.0,3248.0,232.0,0.0,0.0,0.0,224.0,0.0
28,33,OMP,optimized,7984.0,768.0,0.0,256.0,6272.0,224.0,224.0,232.0,0.0,0.0,0.0,8.0,0.0
28,34,OMP,baseline,6520.0,768.0,2048.0,0.0,0.0,0.0,3248.0,232.0,0.0,0.0,0.0,224.0,0.0
28,34,OMP,optimized,7984.0,768.0,0.0,256.0,6272.0,224.0,224.0,232.0,0.0,0.0,0.0,8.0,0.0
28,35,OMP,baseline,6520.0,768.0,2048.0,0.0,0.0,0.0,3248.0,232.0,0.0,0.0,0.0,224.0,0.0
28,35,OMP,optimized,7984.0,768.0,0.0,256.0,6272.0,224.0,224.0,232.0,0.0,0.0,0.0,8.0,0.0
28,36,OMP,baseline,6520.0,768.0,2048.0,0.0,0.0,0.0,3248.0,232.0,0.0,0.0,0.0,224.0,0.0
28,36,OMP,optimized,7984.0,768.0,0.0,256.0,6272.0,224.0,224.0,232.0,0.0,0.0,0.0,8.0,0.0
28,37,OMP,baseline,6520.0,768.0,2048.0,0.0,0.0,0.0,3248.0,232.0,0.0,0.0,0.0,224.0,0.0
28,37,OMP,optimized,7984.0,768.0,0.0,256.0,6272.0,224.0,224.0,232.0,0.0,0.0,0.0,8.0,0.0
28,38,OMP,baseline,6520.0,768.0,2048.0,0.0,0.0,0.0,3248.0,232.0,0.0,0.0,0.0,224.0,0.0
28,38,OMP,optimized,7984.0,768.0,0.0,256.0,6272.0,224.0,224.0,232.0,0.0,0.0,0.0,8.0,0.0
28,39,OMP,baseline,6520.0,768.0,2048.0,0.0,0.0,0.0,3248.0,232.0,0.0,0.0,0.0,224.0,0.0
28,39,OMP,optimized,7984.0,768.0,0.0,256.0,6272.0,224.0,224.0,232.0,0.0,0.0,0.0,8.0,0.0
28,40,OMP,baseline,6520.0,768.0,2048.0,0.0,0.0,0.0,3248.0,232.0,0.0,0.0,0.0,224.0,0.0
28,40,OMP,optimized,7984.0,768.0,0.0,256.0,6272.0,224.0,224.0,232.0,0.0,0.0,0.0,8.0,0.0
28,41,OMP,baseline,6520.0,768.0,2048.0,0.0,0.0,0.0,3248.0,232.0,0.0,0.0,0.0,224.0,0.0
28,41,OMP,optimized,7984.0,768.0,0.0,256.0,6272.0,224.0,224.0,232.0,0.0,0.0,0.0,8.0,0.0
28,42,OMP,baseline,6520.0,768.0,2048.0,0.0,0.0,0.0,3248.0,232.0,0.0,0.0,0.0,224.0,0.0
28,42,OMP,optimized,7984.0,768.0,0.0,256.0,6272.0,224.0,224.0,232.0,0.0,0.0,0.0,8.0,0.0
28,43,OMP,baseline,6520.0,768.0,2048.0,0.0,0.0,0.0,3248.0,232.0,0.0,0.0,0.0,224.0,0.0
28,43,OMP,optimized,7984.0,768.0,0.0,256.0,6272.0,224.0,224.0,232.0,0.0,0.0,0.0,8.0,0.0
28,44,OMP,baseline,6520.0,768.0,2048.0,0.0,0.0,0.0,3248.0,232.0,0.0,0.0,0.0,224.0,0.0
28,44,OMP,optimized,7984.0,768.0,0.0,256.0,6272.0,224.0,224.0,232.0,0.0,0.0,0.0,8.0,0.0
28,45,OMP,baseline,6520.0,768.0,2048.0,0.0,0.0,0.0,3248.0,232.0,0.0,0.0,0.0,224.0,0.0
28,45,OMP,optimized,7984.0,768.0,0.0,256.0,6272.0,224.0,224.0,232.0,0.0,0.0,0.0,8.0,0.0
28,46,OMP,baseline,6520.0,768.0,2048.0,0.0,0.0,0.0,3248.0,232.0,0.0,0.0,0.0,224.0,0.0
28,46,OMP,optimized,7984.0,768.0,0.0,256.0,6272.0,224.0,224.0,232.0,0.0,0.0,0.0,8.0,0.0
28,47,OMP,baseline,6520.0,768.0,2048.0,0.0,0.0,0.0,3248.0,232.0,0.0,0.0,0.0,224.0,0.0
28,47,OMP,optimized,7984.0,768.0,0.0,256.0,6272.0,224.0,224.0,232.0,0.0,0.0,0.0,8.0,0.0
28,48,OMP,baseline,6520.0,768.0,2048.0,0.0,0.0,0.0,3248.0,232.0,0.0,0.0,0.0,224.0,0.0
28,48,OMP,optimized,7984.0,768.0,0.0,256.0,6272.0,224.0,224.0,232.0,0.0,0.0,0.0,8.0,0.0
28,49,OMP,baseline,6520.0,768.0,2048.0,0.0,0.0,0.0,3248.0,232.0,0.0,0.0,0.0,224.0,0.0
28,49,OMP,optimized,7984.0,768.0,0.0,256.0,6272.0,224.0,224.0,232.0,0.0,0.0,0.0,8.0,0.0
28,50,OMP,baseline,6520.0,768.0,2048.0,0.0,0.0,0.0,3248.0,232.0,0.0,0.0,0.0,224.0,0.0
28,50,OMP,optimized,7984.0,768.0,0.0,256.0,6272.0,224.0,224.0,232.0,0.0,0.0,0.0,8.0,0.0
28,51,OMP,baseline,6520.0,768.0,2048.0,0.0,0.0,0.0,3248.0,232.0,0.0,0.0,0.0,224.0,0.0
28,51,OMP,optimized,7984.0,768.0,0.0,256.0,6272.0,224.0,224.0,232.0,0.0,0.0,0.0,8.0,0.0
28,52,OMP,baseline,6520.0,768.0,2048.0,0.0,0.0,0.0,3248.0,232.0,0.0,0.0,0.0,224.0,0.0
28,52,OMP,optimized,7984.0,768.0,0.0,256.0,6272.0,224.0,224.0,232.0,0.0,0.0,0.0,8.0,0.0
28,53,OMP,baseline,6520.0,768.0,2048.0,0.0,0.0,0.0,3248.0,232.0,0.0,0.0,0.0,224.0,0.0
28,53,OMP,optimized,7984.0,768.0,0.0,256.0,6272.0,224.0,224.0,232.0,0.0,0.0,0.0,8.0,0.0
28,54,OMP,baseline,6520.0,768.0,2048.0,0.0,0.0,0.0,3248.0,232.0,0.0,0.0,0.0,224.0,0.0
28,54,OMP,optimized,7984.0,768.0,0.0,256.0,6272.0,224.0,224.0,232.0,0.0,0.0,0.0,8.0,0.0
28,55,OMP,baseline,6520.0,768.0,2048.0,0.0,0.0,0.0,3248.0,232.0,0.0,0.0,0.0,224.0,0.0
28,55,OMP,optimized,7984.0,768.0,0.0,256.0,6272.0,224.0,224.0,232.0,0.0,0.0,0.0,8.0,0.0
28,56,OMP,baseline,6520.0,768.0,2048.0,0.0,0.0,0.0,3248.0,232.0,0.0,0.0,0.0,224.0,0.0
28,56,OMP,optimized,7984.0,768.0,0.0,256.0,6272.0,224.0,224.0,232.0,0.0,0.0,0.0,8.0,0.0
28,57,OMP,baseline,6520.0,768.0,2048.0,0.0,0.0,0.0,3248.0,232.0,0.0,0.0,0.0,224.0,0.0
28,57,OMP,optimized,7984.0,768.0,0.0,256.0,6272.0,224.0,224.0,232.0,0.0,0.0,0.0,8.0,0.0
28,58,OMP,baseline,6520.0,768.0,2048.0,0.0,0.0,0.0,3248.0,232.0,0.0,0.0,0.0,224.0,0.0
28,58,OMP,optimized,7984.0,768.0,0.0,256.0,6272.0,224.0,224.0,232.0,0.0,0.0,0.0,8.0,0.0
28,59,OMP,baseline,6520.0,768.0,2048.0,0.0,0.0,0.0,3248.0,232.0,0.0,0.0,0.0,224.0,0.0
28,59,OMP,optimized,7984.0,768.0,0.0,256.0,6272.0,224.0,224.0,232.0,0.0,0.0,0.0,8.0,0.0
28,60,OMP,baseline,6520.0,768.0,2048.0,0.0,0.0,0.0,3248.0,232.0,0.0,0.0,0.0,224.0,0.0
28,60,OMP,optimized,7984.0,768.0,0.0,256.0,6272.0,224.0,224.0,232.0,0.0,0.0,0.0,8.0,0.0
28,61,OMP,baseline,6520.0,768.0,2048.0,0.0,0.0,0.0,3248.0,232.0,0.0,0.0,0.0,224.0,0.0
28,61,OMP,optimized,7984.0,768.0,0.0,256.0,6272.0,224.0,224.0,232.0,0.0,0.0,0.0,8.0,0.0
28,62,OMP,baseline,6520.0,768.0,2048.0,0.0,0.0,0.0,3248.0,232.0,0.0,0.0,0.0,224.0,0.0
28,62,OMP,optimized,7984.0,768.0,0.0,256.0,6272.0,224.0,224.0,232.0,0.0,0.0,0.0,8.0,0.0
28,63,OMP,baseline,6520.0,768.0,2048.0,0.0,0.0,0.0,3248.0,232.0,0.0,0.0,0.0,224.0,0.0
28,63,OMP,optimized,7984.0,768.0,0.0,256.0,6272.0,224.0,224.0,232.0,0.0,0.0,0.0,8.0,0.0
28,64,OMP,baseline,6520.0,768.0,2048.0,0.0,0.0,0.0,3248.0,232.0,0.0,0.0,0.0,224.0,0.0
28,64,OMP,optimized,7984.0,768.0,0.0,256.0,6272.0,224.0,224.0,232.0,0.0,0.0,0.0,8.0,0.0
28,65,OMP,baseline,6520.0,768.0,2048.0,0.0,0.0,0.0,3248.0,232.0,0.0,0.0,0.0,224.0,0.0
28,65,OMP,optimized,7984.0,768.0,0.0,256.0,6272.0,224.0,224.0,232.0,0.0,0.0,0.0,8.0,0.0
28,66,OMP,baseline,6520.0,768.0,2048.0,0.0,0.0,0.0,3248.0,232.0,0.0,0.0,0.0,224.0,0.0
28,66,OMP,optimized,7984.0,768.0,0.0,256.0,6272.0,224.0,224.0,232.0,0.0,0.0,0.0,8.0,0.0
28,67,OMP,baseline,6520.0,768.0,2048.0,0.0,0.0,0.0,3248.0,232.0,0.0,0.0,0.0,224.0,0.0
28,67,OMP,optimized,7984.0,768.0,0.0,256.0,6272.0,224.0,224.0,232.0,0.0,0.0,0.0,8.0,0.0
28,68,OMP,baseline,6520.0,768.0,2048.0,0.0,0.0,0.0,3248.0,232.0,0.0,0.0,0.0,224.0,0.0
28,68,OMP,optimized,7984.0,768.0,0.0,256.0,6272.0,224.0,224.0,232.0,0.0,0.0,0.0,8.0,0.0
28,69,OMP,baseline,6520.0,768.0,2048.0,0.0,0.0,0.0,3248.0,232.0,0.0,0.0,0.0,224.0,0.0
28,69,OMP,optimized,7984.0,768.0,0.0,256.0,6272.0,224.0,224.0,232.0,0.0,0.0,0.0,8.0,0.0
28,70,OMP,baseline,6520.0,768.0,2048.0,0.0,0.0,0.0,3248.0,232.0,0.0,0.0,0.0,224.0,0.0
28,70,OMP,optimized,7984.0,768.0,0.0,256.0,6272.0,224.0,224.0,232.0,0.0,0.0,0.0,8.0,0.0
28,71,OMP,baseline,6520.0,768.0,2048.0,0.0,0.0,0.0,3248.0,232.0,0.0,0.0,0.0,224.0,0.0
28,71,OMP,optimized,7984.0,768.0,0.0,256.0,6272.0,224.0,224.0,232.0,0.0,0.0,0.0,8.0,0.0
28,72,OMP,baseline,6520.0,768.0,2048.0,0.0,0.0,0.0,3248.0,232.0,0.0,0.0,0.0,224.0,0.0
28,72,OMP,optimized,7984.0,768.0,0.0,256.0,6272.0,224.0,224.0,232.0,0.0,0.0,0.0,8.0,0.0
28,73,OMP,baseline,6520.0,768.0,2048.0,0.0,0.0,0.0,3248.0,232.0,0.0,0.0,0.0,224.0,0.0
28,73,OMP,optimized,7984.0,768.0,0.0,256.0,6272.0,224.0,224.0,232.0,0.0,0.0,0.0,8.0,0.0
28,74,OMP,baseline,6520.0,768.0,2048.0,0.0,0.0,0.0,3248.0,232.0,0.0,0.0,0.0,224.0,0.0
28,74,OMP,optimized,7984.0,768.0,0.0,256.0,6272.0,224.0,224.0,232.0,0.0,0.0,0.0,8.0,0.0
28,75,OMP,baseline,6520.0,768.0,2048.0,0.0,0.0,0.0,3248.0,232.0,0.0,0.0,0.0,224.0,0.0
28,75,OMP,optimized,7984.0,768.0,0.0,256.0,6272.0,224.0,224.0,232.0,0.0,0.0,0.0,8.0,0.0
28,76,OMP,baseline,6520.0,768.0,2048.0,0.0,0.0,0.0,3248.0,232.0,0.0,0.0,0.0,224.0,0.0
28,76,OMP,optimized,7984.0,768.0,0.0,256.0,6272.0,224.0,224.0,232.0,0.0,0.0,0.0,8.0,0.0
28,77,OMP,baseline,6520.0,768.0,2048.0,0.0,0.0,0.0,3248.0,232.0,0.0,0.0,0.0,224.0,0.0
28,77,OMP,optimized,7984.0,768.0,0.0,256.0,6272.0,224.0,224.0,232.0,0.0,0.0,0.0,8.0,0.0
28,78,OMP,baseline,6520.0,768.0,2048.0,0.0,0.0,0.0,3248.0,232.0,0.0,0.0,0.0,224.0,0.0
28,78,OMP,optimized,7984.0,768.0,0.0,256.0,6272.0,224.0,224.0,232.0,0.0,0.0,0.0,8.0,0.0
28,79,OMP,baseline,6520.0,768.0,2048.0,0.0,0.0,0.0,3248.0,232.0,0.0,0.0,0.0,224.0,0.0
28,79,OMP,optimized,7984.0,768.0,0.0,256.0,6272.0,224.0,224.0,232.0,0.0,0.0,0.0,8.0,0.0
28,80,OMP,baseline,6520.0,768.0,2048.0,0.0,0.0,0.0,3248.0,232.0,0.0,0.0,0.0,224.0,0.0
28,80,OMP,optimized,7984.0,768.0,0.0,256.0,6272.0,224.0,224.0,232.0,0.0,0.0,0.0,8.0,0.0
28,81,OMP,baseline,6520.0,768.0,2048.0,0.0,0.0,0.0,3248.0,232.0,0.0,0.0,0.0,224.0,0.0
28,81,OMP,optimized,7984.0,768.0,0.0,256.0,6272.0,224.0,224.0,232.0,0.0,0.0,0.0,8.0,0.0
28,82,OMP,baseline,6520.0,768.0,2048.0,0.0,0.0,0.0,3248.0,232.0,0.0,0.0,0.0,224.0,0.0
28,82,OMP,optimized,7984.0,768.0,0.0,256.0,6272.0,224.0,224.0,232.0,0.0,0.0,0.0,8.0,0.0
28,83,OMP,baseline,6520.0,768.0,2048.0,0.0,0.0,0.0,3248.0,232.0,0.0,0.0,0.0,224.0,0.0
28,83,OMP,optimized,7984.0,768.0,0.0,256.0,6272.0,224.0,224.0,232.0,0.0,0.0,0.0,8.0,0.0
28,84,OMP,baseline,6520.0,768.0,2048.0,0.0,0.0,0.0,3248.0,232.0,0.0,0.0,0.0,224.0,0.0
28,84,OMP,optimized,7984.0,768.0,0.0,256.0,6272.0,224.0,224.0,232.0,0.0,0.0,0.0,8.0,0.0
28,85,OMP,baseline,6520.0,768.0,2048.0,0.0,0.0,0.0,3248.0,232.0,0.0,0.0,0.0,224.0,0.0
28,85,OMP,optimized,7984.0,768.0,0.0,256.0,6272.0,224.0,224.0,232.0,0.0,0.0,0.0,8.0,0.0
28,86,OMP,baseline,6520.0,768.0,2048.0,0.0,0.0,0.0,3248.0,232.0,0.0,0.0,0.0,224.0,0.0
28,86,OMP,optimized,7984.0,768.0,0.0,256.0,6272.0,224.0,224.0,232.0,0.0,0.0,0.0,8.0,0.0
28,87,OMP,baseline,6520.0,768.0,2048.0,0.0,0.0,0.0,3248.0,232.0,0.0,0.0,0.0,224.0,0.0
28,87,OMP,optimized,7984.0,768.0,0.0,256.0,6272.0,224.0,224.0,232.0,0.0,0.0,0.0,8.0,0.0
28,88,OMP,baseline,6520.0,768.0,2048.0,0.0,0.0,0.0,3248.0,232.0,0.0,0.0,0.0,224.0,0.0
28,88,OMP,optimized,7984.0,768.0,0.0,256.0,6272.0,224.0,224.0,232.0,0.0,0.0,0.0,8.0,0.0
28,89,OMP,baseline,6520.0,768.0,2048.0,0.0,0.0,0.0,3248.0,232.0,0.0,0.0,0.0,224.0,0.0
28,89,OMP,optimized,7984.0,768.0,0.0,256.0,6272.0,224.0,224.0,232.0,0.0,0.0,0.0,8.0,0.0
28,90,OMP,baseline,6520.0,768.0,2048.0,0.0,0.0,0.0,3248.0,232.0,0.0,0.0,0.0,224.0,0.0
28,90,OMP,optimized,7984.0,768.0,0.0,256.0,6272.0,224.0,224.0,232.0,0.0,0.0,0.0,8.0,0.0
28,91,OMP,baseline,6520.0,768.0,2048.0,0.0,0.0,0.0,3248.0,232.0,0.0,0.0,0.0,224.0,0.0
28,91,OMP,optimized,7984.0,768.0,0.0,256.0,6272.0,224.0,224.0,232.0,0.0,0.0,0.0,8.0,0.0
28,92,OMP,baseline,6520.0,768.0,2048.0,0.0,0.0,0.0,3248.0,232.0,0.0,0.0,0.0,224.0,0.0
28,92,OMP,optimized,7984.0,768.0,0.0,256.0,6272.0,224.0,224.0,232.0,0.0,0.0,0.0,8.0,0.0
28,93,OMP,baseline,6520.0,768.0,2048.0,0.0,0.0,0.0,3248.0,232.0,0.0,0.0,0.0,224.0,0.0
28,93,OMP,optimized,7984.0,768.0,0.0,256.0,6272.0,224.0,224.0,232.0,0.0,0.0,0.0,8.0,0.0
28,94,OMP,baseline,6520.0,768.0,2048.0,0.0,0.0,0.0,3248.0,232.0,0.0,0.0,0.0,224.0,0.0
28,94,OMP,optimized,7984.0,768.0,0.0,256.0,6272.0,224.0,224.0,232.0,0.0,0.0,0.0,8.0,0.0
28,95,OMP,baseline,6520.0,768.0,2048.0,0.0,0.0,0.0,3248.0,232.0,0.0,0.0,0.0,224.0,0.0
28,95,OMP,optimized,7984.0,768.0,0.0,256.0,6272.0,224.0,224.0,232.0,0.0,0.0,0.0,8.0,0.0
28,96,OMP,baseline,6520.0,768.0,2048.0,0.0,0.0,0.0,3248.0,232.0,0.0,0.0,0.0,224.0,0.0
28,96,OMP,optimized,7984.0,768.0,0.0,256.0,6272.0,224.0,224.0,232.0,0.0,0.0,0.0,8.0,0.0
28,97,OMP,baseline,6520.0,768.0,2048.0,0.0,0.0,0.0,3248.0,232.0,0.0,0.0,0.0,224.0,0.0
28,97,OMP,optimized,7984.0,768.0,0.0,256.0,6272.0,224.0,224.0,232.0,0.0,0.0,0.0,8.0,0.0
28,98,OMP,baseline,6520.0,768.0,2048.0,0.0,0.0,0.0,3248.0,232.0,0.0,0.0,0.0,224.0,0.0
28,98,OMP,optimized,7984.0,768.0,0.0,256.0,6272.0,224.0,224.0,232.0,0.0,0.0,0.0,8.0,0.0
28,99,OMP,baseline,6520.0,768.0,2048.0,0.0,0.0,0.0,3248.0,232.0,0.0,0.0,0.0,224.0,0.0
28,99,OMP,optimized,7984.0,768.0,0.0,256.0,6272.0,224.0,224.0,232.0,0.0,0.0,0.0,8.0,0.0
28,100,OMP,baseline,6520.0,768.0,2048.0,0.0,0.0,0.0,3248.0,232.0,0.0,0.0,0.0,224.0,0.0
28,100,OMP,optimized,7984.0,768.0,0.0,256.0,6272.0,224.0,224.0,232.0,0.0,0.0,0.0,8.0,0.0
28,101,OMP,baseline,6520.0,768.0,2048.0,0.0,0.0,0.0,3248.0,232.0,0.0,0.0,0.0,224.0,0.0
28,101,OMP,optimized,7984.0,768.0,0.0,256.0,6272.0,224.0,224.0,232.0,0.0,0.0,0.0,8.0,0.0
28,102,OMP,baseline,6520.0,768.0,2048.0,0.0,0.0,0.0,3248.0,232.0,0.0,0.0,0.0,224.0,0.0
28,102,OMP,optimized,7984.0,768.0,0.0,256.0,6272.0,224.0,224.0,232.0,0.0,0.0,0.0,8.0,0.0
28,103,OMP,baseline,6520.0,768.0,2048.0,0.0,0.0,0.0,3248.0,232.0,0.0,0.0,0.0,224.0,0.0
28,103,OMP,optimized,7984.0,768.0,0.0,256.0,6272.0,224.0,224.0,232.0,0.0,0.0,0.0,8.0,0.0
28,104,OMP,baseline,6520.0,768.0,2048.0,0.0,0.0,0.0,3248.0,232.0,0.0,0.0,0.0,224.0,0.0
28,104,OMP,optimized,7984.0,768.0,0.0,256.0,6272.0,224.0,224.0,232.0,0.0,0.0,0.0,8.0,0.0
28,105,OMP,baseline,6520.0,768.0,2048.0,0.0,0.0,0.0,3248.0,232.0,0.0,0.0,0.0,224.0,0.0
28,105,OMP,optimized,7984.0,768.0,0.0,256.0,6272.0,224.0,224.0,232.0,0.0,0.0,0.0,8.0,0.0
28,106,OMP,baseline,6520.0,768.0,2048.0,0.0,0.0,0.0,3248.0,232.0,0.0,0.0,0.0,224.0,0.0
28,106,OMP,optimized,7984.0,768.0,0.0,256.0,6272.0,224.0,224.0,232.0,0.0,0.0,0.0,8.0,0.0
28,107,OMP,baseline,6520.0,768.0,2048.0,0.0,0.0,0.0,3248.0,232.0,0.0,0.0,0.0,224.0,0.0
28,107,OMP,optimized,7984.0,768.0,0.0,256.0,6272.0,224.0,224.0,232.0,0.0,0.0,0.0,8.0,0.0
28,108,OMP,baseline,6520.0,768.0,2048.0,0.0,0.0,0.0,3248.0,232.0,0.0,0.0,0.0,224.0,0.0
28,108,OMP,optimized,7984.0,768.0,0.0,256.0,6272.0,224.0,224.0,232.0,0.0,0.0,0.0,8.0,0.0
28,109,OMP,baseline,6520.0,768.0,2048.0,0.0,0.0,0.0,3248.0,232.0,0.0,0.0,0.0,224.0,0.0
28,109,OMP,optimized,7984.0,768.0,0.0,256.0,6272.0,224.0,224.0,232.0,0.0,0.0,0.0,8.0,0.0
28,110,OMP,baseline,6520.0,768.0,2048.0,0.0,0.0,0.0,3248.0,232.0,0.0,0.0,0.0,224.0,0.0
28,110,OMP,optimized,7984.0,768.0,0.0,256.0,6272.0,224.0,224.0,232.0,0.0,0.0,0.0,8.0,0.0
28,111,OMP,baseline,6520.0,768.0,2048.0,0.0,0.0,0.0,3248.0,232.0,0.0,0.0,0.0,224.0,0.0
28,111,OMP,optimized,7984.0,768.0,0.0,256.0,6272.0,224.0,224.0,232.0,0.0,0.0,0.0,8.0,0.0
28,112,OMP,baseline,6520.0,768.0,2048.0,0.0,0.0,0.0,3248.0,232.0,0.0,0.0,0.0,224.0,0.0
28,112,OMP,optimized,7984.0,768.0,0.0,256.0,6272.0,224.0,224.0,232.0,0.0,0.0,0.0,8.0,0.0
28,113,OMP,baseline,6520.0,768.0,2048.0,0.0,0.0,0.0,3248.0,232.0,0.0,0.0,0.0,224.0,0.0
28,113,OMP,optimized,7984.0,768.0,0.0,256.0,6272.0,224.0,224.0,232.0,0.0,0.0,0.0,8.0,0.0
28,114,OMP,baseline,6520.0,768.0,2048.0,0.0,0.0,0.0,3248.0,232.0,0.0,0.0,0.0,224.0,0.0
28,114,OMP,optimized,7984.0,768.0,0.0,256.0,6272.0,224.0,224.0,232.0,0.0,0.0,0.0,8.0,0.0
28,115,OMP,baseline,6520.0,768.0,2048.0,0.0,0.0,0.0,3248.0,232.0,0.0,0.0,0.0,224.0,0.0
28,115,OMP,optimized,7984.0,768.0,0.0,256.0,6272.0,224.0,224.0,232.0,0.0,0.0,0.0,8.0,0.0
28,116,OMP,baseline,6520.0,768.0,2048.0,0.0,0.0,0.0,3248.0,232.0,0.0,0.0,0.0,224.0,0.0
28,116,OMP,optimized,7984.0,768.0,0.0,256.0,6272.0,224.0,224.0,232.0,0.0,0.0,0.0,8.0,0.0
28,117,OMP,baseline,6520.0,768.0,2048.0,0.0,0.0,0.0,3248.0,232.0,0.0,0.0,0.0,224.0,0.0
28,117,OMP,optimized,7984.0,768.0,0.0,256.0,6272.0,224.0,224.0,232.0,0.0,0.0,0.0,8.0,0.0
28,118,OMP,baseline,6520.0,768.0,2048.0,0.0,0.0,0.0,3248.0,232.0,0.0,0.0,0.0,224.0,0.0
28,118,OMP,optimized,7984.0,768.0,0.0,256.0,6272.0,224.0,224.0,232.0,0.0,0.0,0.0,8.0,0.0
28,119,OMP,baseline,6520.0,768.0,2048.0,0.0,0.0,0.0,3248.0,232.0,0.0,0.0,0.0,224.0,0.0
28,119,OMP,optimized,7984.0,768.0,0.0,256.0,6272.0,224.0,224.0,232.0,0.0,0.0,0.0,8.0,0.0
28,120,OMP,baseline,6520.0,768.0,2048.0,0.0,0.0,0.0,3248.0,232.0,0.0,0.0,0.0,224.0,0.0
28,120,OMP,optimized,7984.0,768.0,0.0,256.0,6272.0,224.0,224.0,232.0,0.0,0.0,0.0,8.0,0.0
28,121,OMP,baseline,6520.0,768.0,2048.0,0.0,0.0,0.0,3248.0,232.0,0.0,0.0,0.0,224.0,0.0
28,121,OMP,optimized,7984.0,768.0,0.0,256.0,6272.0,224.0,224.0,232.0,0.0,0.0,0.0,8.0,0.0
28,122,OMP,baseline,6520.0,768.0,2048.0,0.0,0.0,0.0,3248.0,232.0,0.0,0.0,0.0,224.0,0.0
28,122,OMP,optimized,7984.0,768.0,0.0,256.0,6272.0,224.0,224.0,232.0,0.0,0.0,0.0,8.0,0.0
28,123,OMP,baseline,6520.0,768.0,2048.0,0.0,0.0,0.0,3248.0,232.0,0.0,0.0,0.0,224.0,0.0
28,123,OMP,optimized,7984.0,768.0,0.0,256.0,6272.0,224.0,224.0,232.0,0.0,0.0,0.0,8.0,0.0
28,124,OMP,baseline,6520.0,768.0,2048.0,0.0,0.0,0.0,3248.0,232.0,0.0,0.0,0.0,224.0,0.0
28,124,OMP,optimized,7984.0,768.0,0.0,256.0,6272.0,224.0,224.0,232.0,0.0,0.0,0.0,8.0,0.0
28,125,OMP,baseline,6520.0,768.0,2048.0,0.0,0.0,0.0,3248.0,232.0,0.0,0.0,0.0,224.0,0.0
28,125,OMP,optimized,7984.0,768.0,0.0,256.0,6272.0,224.0,224.0,232.0,0.0,0.0,0.0,8.0,0.0
28,126,OMP,baseline,6520.0,768.0,2048.0,0.0,0.0,0.0,3248.0,232.0,0.0,0.0,0.0,224.0,0.0
28,126,OMP,optimized,7984.0,768.0,0.0,256.0,6272.0,224.0,224.0,232.0,0.0,0.0,0.0,8.0,0.0
28,127,OMP,baseline,6520.0,768.0,2048.0,0.0,0.0,0.0,3248.0,232.0,0.0,0.0,0.0,224.0,0.0
28,127,OMP,optimized,7984.0,768.0,0.0,256.0,6272.0,224.0,224.0,232.0,0.0,0.0,0.0,8.0,0.0
28,128,OMP,baseline,6520.0,768.0,2048.0,0.0,0.0,0.0,3248.0,232.0,0.0,0.0,0.0,224.0,0.0
28,128,OMP,optimized,7984.0,768.0,0.0,256.0,6272.0,224.0,224.0,232.0,0.0,0.0,0.0,8.0,0.0
28,129,OMP,baseline,6520.0,768.0,2048.0,0.0,0.0,0.0,3248.0,232.0,0.0,0.0,0.0,224.0,0.0
28,129,OMP,optimized,7984.0,768.0,0.0,256.0,6272.0,224.0,224.0,232.0,0.0,0.0,0.0,8.0,0.0
28,130,OMP,baseline,6520.0,768.0,2048.0,0.0,0.0,0.0,3248.0,232.0,0.0,0.0,0.0,224.0,0.0
28,130,OMP,optimized,7984.0,768.0,0.0,256.0,6272.0,224.0,224.0,232.0,0.0,0.0,0.0,8.0,0.0
28,131,OMP,baseline,6520.0,768.0,2048.0,0.0,0.0,0.0,3248.0,232.0,0.0,0.0,0.0,224.0,0.0
28,131,OMP,optimized,7984.0,768.0,0.0,256.0,6272.0,224.0,224.0,232.0,0.0,0.0,0.0,8.0,0.0
28,132,OMP,baseline,6520.0,768.0,2048.0,0.0,0.0,0.0,3248.0,232.0,0.0,0.0,0.0,224.0,0.0
28,132,OMP,optimized,7984.0,768.0,0.0,256.0,6272.0,224.0,224.0,232.0,0.0,0.0,0.0,8.0,0.0
28,133,OMP,baseline,6520.0,768.0,2048.0,0.0,0.0,0.0,3248.0,232.0,0.0,0.0,0.0,224.0,0.0
28,133,OMP,optimized,7984.0,768.0,0.0,256.0,6272.0,224.0,224.0,232.0,0.0,0.0,0.0,8.0,0.0
28,134,OMP,baseline,6520.0,768.0,2048.0,0.0,0.0,0.0,3248.0,232.0,0.0,0.0,0.0,224.0,0.0
28,134,OMP,optimized,7984.0,768.0,0.0,256.0,6272.0,224.0,224.0,232.0,0.0,0.0,0.0,8.0,0.0
28,135,OMP,baseline,6520.0,768.0,2048.0,0.0,0.0,0.0,3248.0,232.0,0.0,0.0,0.0,224.0,0.0
28,135,OMP,optimized,7984.0,768.0,0.0,256.0,6272.0,224.0,224.0,232.0,0.0,0.0,0.0,8.0,0.0
28,136,OMP,baseline,6520.0,768.0,2048.0,0.0,0.0,0.0,3248.0,232.0,0.0,0.0,0.0,224.0,0.0
28,136,OMP,optimized,7984.0,768.0,0.0,256.0,6272.0,224.0,224.0,232.0,0.0,0.0,0.0,8.0,0.0
28,137,OMP,baseline,6520.0,768.0,2048.0,0.0,0.0,0.0,3248.0,232.0,0.0,0.0,0.0,224.0,0.0
28,137,OMP,optimized,7984.0,768.0,0.0,256.0,6272.0,224.0,224.0,232.0,0.0,0.0,0.0,8.0,0.0
28,138,OMP,baseline,6520.0,768.0,2048.0,0.0,0.0,0.0,3248.0,232.0,0.0,0.0,0.0,224.0,0.0
28,138,OMP,optimized,7984.0,768.0,0.0,256.0,6272.0,224.0,224.0,232.0,0.0,0.0,0.0,8.0,0.0
28,139,OMP,baseline,6520.0,768.0,2048.0,0.0,0.0,0.0,3248.0,232.0,0.0,0.0,0.0,224.0,0.0
28,139,OMP,optimized,7984.0,768.0,0.0,256.0,6272.0,224.0,224.0,232.0,0.0,0.0,0.0,8.0,0.0
28,140,OMP,baseline,6520.0,768.0,2048.0,0.0,0.0,0.0,3248.0,232.0,0.0,0.0,0.0,224.0,0.0
28,140,OMP,optimized,7984.0,768.0,0.0,256.0,6272.0,224.0,224.0,232.0,0.0,0.0,0.0,8.0,0.0
28,141,OMP,baseline,6520.0,768.0,2048.0,0.0,0.0,0.0,3248.0,232.0,0.0,0.0,0.0,224.0,0.0
28,141,OMP,optimized,7984.0,768.0,0.0,256.0,6272.0,224.0,224.0,232.0,0.0,0.0,0.0,8.0,0.0
28,142,OMP,baseline,6520.0,768.0,2048.0,0.0,0.0,0.0,3248.0,232.0,0.0,0.0,0.0,224.0,0.0
28,142,OMP,optimized,7984.0,768.0,0.0,256.0,6272.0,224.0,224.0,232.0,0.0,0.0,0.0,8.0,0.0
28,143,OMP,baseline,6520.0,768.0,2048.0,0.0,0.0,0.0,3248.0,232.0,0.0,0.0,0.0,224.0,0.0
28,143,OMP,optimized,7984.0,768.0,0.0,256.0,6272.0,224.0,224.0,232.0,0.0,0.0,0.0,8.0,0.0
28,144,OMP,baseline,6520.0,768.0,2048.0,0.0,0.0,0.0,3248.0,232.0,0.0,0.0,0.0,224.0,0.0
28,144,OMP,optimized,7984.0,768.0,0.0,256.0,6272.0,224.0,224.0,232.0,0.0,0.0,0.0,8.0,0.0
28,145,OMP,baseline,6520.0,768.0,2048.0,0.0,0.0,0.0,3248.0,232.0,0.0,0.0,0.0,224.0,0.0
28,145,OMP,optimized,7984.0,768.0,0.0,256.0,6272.0,224.0,224.0,232.0,0.0,0.0,0.0,8.0,0.0
28,146,OMP,baseline,6520.0,768.0,2048.0,0.0,0.0,0.0,3248.0,232.0,0.0,0.0,0.0,224.0,0.0
28,146,OMP,optimized,7984.0,768.0,0.0,256.0,6272.0,224.0,224.0,232.0,0.0,0.0,0.0,8.0,0.0
28,147,OMP,baseline,6520.0,768.0,2048.0,0.0,0.0,0.0,3248.0,232.0,0.0,0.0,0.0,224.0,0.0
28,147,OMP,optimized,7984.0,768.0,0.0,256.0,6272.0,224.0,224.0,232.0,0.0,0.0,0.0,8.0,0.0
28,148,OMP,baseline,6520.0,768.0,2048.0,0.0,0.0,0.0,3248.0,232.0,0.0,0.0,0.0,224.0,0.0
28,148,OMP,optimized,7984.0,768.0,0.0,256.0,6272.0,224.0,224.0,232.0,0.0,0.0,0.0,8.0,0.0
28,149,OMP,baseline,6520.0,768.0,2048.0,0.0,0.0,0.0,3248.0,232.0,0.0,0.0,0.0,224.0,0.0
28,149,OMP,optimized,7984.0,768.0,0.0,256.0,6272.0,224.0,224.0,232.0,0.0,0.0,0.0,8.0,0.0
28,150,OMP,baseline,6520.0,768.0,2048.0,0.0,0.0,0.0,3248.0,232.0,0.0,0.0,0.0,224.0,0.0
28,150,OMP,optimized,7984.0,768.0,0.0,256.0,6272.0,224.0,224.0,232.0,0.0,0.0,0.0,8.0,0.0
28,151,OMP,baseline,6520.0,768.0,2048.0,0.0,0.0,0.0,3248.0,232.0,0.0,0.0,0.0,224.0,0.0
28,151,OMP,optimized,7984.0,768.0,0.0,256.0,6272.0,224.0,224.0,232.0,0.0,0.0,0.0,8.0,0.0
28,152,OMP,baseline,6520.0,768.0,2048.0,0.0,0.0,0.0,3248.0,232.0,0.0,0.0,0.0,224.0,0.0
28,152,OMP,optimized,7984.0,768.0,0.0,256.0,6272.0,224.0,224.0,232.0,0.0,0.0,0.0,8.0,0.0
28,153,OMP,baseline,6520.0,768.0,2048.0,0.0,0.0,0.0,3248.0,232.0,0.0,0.0,0.0,224.0,0.0
28,153,OMP,optimized,7984.0,768.0,0.0,256.0,6272.0,224.0,224.0,232.0,0.0,0.0,0.0,8.0,0.0
28,154,OMP,baseline,6520.0,768.0,2048.0,0.0,0.0,0.0,3248.0,232.0,0.0,0.0,0.0,224.0,0.0
28,154,OMP,optimized,7984.0,768.0,0.0,256.0,6272.0,224.0,224.0,232.0,0.0,0.0,0.0,8.0,0.0
28,155,OMP,baseline,6520.0,768.0,2048.0,0.0,0.0,0.0,3248.0,232.0,0.0,0.0,0.0,224.0,0.0
28,155,OMP,optimized,7984.0,768.0,0.0,256.0,6272.0,224.0,224.0,232.0,0.0,0.0,0.0,8.0,0.0
28,156,OMP,baseline,6520.0,768.0,2048.0,0.0,0.0,0.0,3248.0,232.0,0.0,0.0,0.0,224.0,0.0
28,156,OMP,optimized,7984.0,768.0,0.0,256.0,6272.0,224.0,224.0,232.0,0.0,0.0,0.0,8.0,0.0
28,157,OMP,baseline,6520.0,768.0,2048.0,0.0,0.0,0.0,3248.0,232.0,0.0,0.0,0.0,224.0,0.0
28,157,OMP,optimized,7984.0,768.0,0.0,256.0,6272.0,224.0,224.0,232.0,0.0,0.0,0.0,8.0,0.0
28,158,OMP,baseline,6520.0,768.0,2048.0,0.0,0.0,0.0,3248.0,232.0,0.0,0.0,0.0,224.0,0.0
28,158,OMP,optimized,7984.0,768.0,0.0,256.0,6272.0,224.0,224.0,232.0,0.0,0.0,0.0,8.0,0.0
28,159,OMP,baseline,6520.0,768.0,2048.0,0.0,0.0,0.0,3248.0,232.0,0.0,0.0,0.0,224.0,0.0
28,159,OMP,optimized,7984.0,768.0,0.0,256.0,6272.0,224.0,224.0,232.0,0.0,0.0,0.0,8.0,0.0
28,160,OMP,baseline,6520.0,768.0,2048.0,0.0,0.0,0.0,3248.0,232.0,0.0,0.0,0.0,224.0,0.0
28,160,OMP,optimized,7984.0,768.0,0.0,256.0,6272.0,224.0,224.0,232.0,0.0,0.0,0.0,8.0,0.0
28,161,OMP,baseline,6520.0,768.0,2048.0,0.0,0.0,0.0,3248.0,232.0,0.0,0.0,0.0,224.0,0.0
28,161,OMP,optimized,7984.0,768.0,0.0,256.0,6272.0,224.0,224.0,232.0,0.0,0.0,0.0,8.0,0.0
28,162,OMP,baseline,6520.0,768.0,2048.0,0.0,0.0,0.0,3248.0,232.0,0.0,0.0,0.0,224.0,0.0
28,162,OMP,optimized,7984.0,768.0,0.0,256.0,6272.0,224.0,224.0,232.0,0.0,0.0,0.0,8.0,0.0
28,163,OMP,baseline,6520.0,768.0,2048.0,0.0,0.0,0.0,3248.0,232.0,0.0,0.0,0.0,224.0,0.0
28,163,OMP,optimized,7984.0,768.0,0.0,256.0,6272.0,224.0,224.0,232.0,0.0,0.0,0.0,8.0,0.0
28,164,OMP,baseline,6520.0,768.0,2048.0,0.0,0.0,0.0,3248.0,232.0,0.0,0.0,0.0,224.0,0.0
28,164,OMP,optimized,7984.0,768.0,0.0,256.0,6272.0,224.0,224.0,232.0,0.0,0.0,0.0,8.0,0.0
28,165,OMP,baseline,6520.0,768.0,2048.0,0.0,0.0,0.0,3248.0,232.0,0.0,0.0,0.0,224.0,0.0
28,165,OMP,optimized,7984.0,768.0,0.0,256.0,6272.0,224.0,224.0,232.0,0.0,0.0,0.0,8.0,0.0
28,166,OMP,baseline,6520.0,768.0,2048.0,0.0,0.0,0.0,3248.0,232.0,0.0,0.0,0.0,224.0,0.0
28,166,OMP,optimized,7984.0,768.0,0.0,256.0,6272.0,224.0,224.0,232.0,0.0,0.0,0.0,8.0,0.0
28,167,OMP,baseline,6520.0,768.0,2048.0,0.0,0.0,0.0,3248.0,232.0,0.0,0.0,0.0,224.0,0.0
28,167,OMP,optimized,7984.0,768.0,0.0,256.0,6272.0,224.0,224.0,232.0,0.0,0.0,0.0,8.0,0.0
28,168,OMP,baseline,6520.0,768.0,2048.0,0.0,0.0,0.0,3248.0,232.0,0.0,0.0,0.0,224.0,0.0
28,168,OMP,optimized,7984.0,768.0,0.0,256.0,6272.0,224.0,224.0,232.0,0.0,0.0,0.0,8.0,0.0
28,169,OMP,baseline,6520.0,768.0,2048.0,0.0,0.0,0.0,3248.0,232.0,0.0,0.0,0.0,224.0,0.0
28,169,OMP,optimized,7984.0,768.0,0.0,256.0,6272.0,224.0,224.0,232.0,0.0,0.0,0.0,8.0,0.0
28,170,OMP,baseline,6520.0,768.0,2048.0,0.0,0.0,0.0,3248.0,232.0,0.0,0.0,0.0,224.0,0.0
28,170,OMP,optimized,7984.0,768.0,0.0,256.0,6272.0,224.0,224.0,232.0,0.0,0.0,0.0,8.0,0.0
28,171,OMP,baseline,6520.0,768.0,2048.0,0.0,0.0,0.0,3248.0,232.0,0.0,0.0,0.0,224.0,0.0
28,171,OMP,optimized,7984.0,768.0,0.0,256.0,6272.0,224.0,224.0,232.0,0.0,0.0,0.0,8.0,0.0
28,172,OMP,baseline,6520.0,768.0,2048.0,0.0,0.0,0.0,3248.0,232.0,0.0,0.0,0.0,224.0,0.0
28,172,OMP,optimized,7984.0,768.0,0.0,256.0,6272.0,224.0,224.0,232.0,0.0,0.0,0.0,8.0,0.0
28,173,OMP,baseline,6520.0,768.0,2048.0,0.0,0.0,0.0,3248.0,232.0,0.0,0.0,0.0,224.0,0.0
28,173,OMP,optimized,7984.0,768.0,0.0,256.0,6272.0,224.0,224.0,232.0,0.0,0.0,0.0,8.0,0.0
28,174,OMP,baseline,6520.0,768.0,2048.0,0.0,0.0,0.0,3248.0,232.0,0.0,0.0,0.0,224.0,0.0
28,174,OMP,optimized,7984.0,768.0,0.0,256.0,6272.0,224.0,224.0,232.0,0.0,0.0,0.0,8.0,0.0
28,175,OMP,baseline,6520.0,768.0,2048.0,0.0,0.0,0.0,3248.0,232.0,0.0,0.0,0.0,224.0,0.0
28,175,OMP,optimized,7984.0,768.0,0.0,256.0,6272.0,224.0,224.0,232.0,0.0,0.0,0.0,8.0,0.0
28,176,OMP,baseline,6520.0,768.0,2048.0,0.0,0.0,0.0,3248.0,232.0,0.0,0.0,0.0,224.0,0.0
28,176,OMP,optimized,7984.0,768.0,0.0,256.0,6272.0,224.0,224.0,232.0,0.0,0.0,0.0,8.0,0.0
28,177,OMP,baseline,6520.0,768.0,2048.0,0.0,0.0,0.0,3248.0,232.0,0.0,0.0,0.0,224.0,0.0
28,177,OMP,optimized,7984.0,768.0,0.0,256.0,6272.0,224.0,224.0,232.0,0.0,0.0,0.0,8.0,0.0
28,178,OMP,baseline,6520.0,768.0,2048.0,0.0,0.0,0.0,3248.0,232.0,0.0,0.0,0.0,224.0,0.0
28,178,OMP,optimized,7984.0,768.0,0.0,256.0,6272.0,224.0,224.0,232.0,0.0,0.0,0.0,8.0,0.0
28,179,OMP,baseline,6520.0,768.0,2048.0,0.0,0.0,0.0,3248.0,232.0,0.0,0.0,0.0,224.0,0.0
28,179,OMP,optimized,7984.0,768.0,0.0,256.0,6272.0,224.0,224.0,232.0,0.0,0.0,0.0,8.0,0.0
28,180,OMP,baseline,6520.0,768.0,2048.0,0.0,0.0,0.0,3248.0,232.0,0.0,0.0,0.0,224.0,0.0
28,180,OMP,optimized,7984.0,768.0,0.0,256.0,6272.0,224.0,224.0,232.0,0.0,0.0,0.0,8.0,0.0
28,181,OMP,baseline,6520.0,768.0,2048.0,0.0,0.0,0.0,3248.0,232.0,0.0,0.0,0.0,224.0,0.0
28,181,OMP,optimized,7984.0,768.0,0.0,256.0,6272.0,224.0,224.0,232.0,0.0,0.0,0.0,8.0,0.0
28,182,OMP,baseline,6520.0,768.0,2048.0,0.0,0.0,0.0,3248.0,232.0,0.0,0.0,0.0,224.0,0.0
28,182,OMP,optimized,7984.0,768.0,0.0,256.0,6272.0,224.0,224.0,232.0,0.0,0.0,0.0,8.0,0.0
28,183,OMP,baseline,6520.0,768.0,2048.0,0.0,0.0,0.0,3248.0,232.0,0.0,0.0,0.0,224.0,0.0
28,183,OMP,optimized,7984.0,768.0,0.0,256.0,6272.0,224.0,224.0,232.0,0.0,0.0,0.0,8.0,0.0
28,184,OMP,baseline,6520.0,768.0,2048.0,0.0,0.0,0.0,3248.0,232.0,0.0,0.0,0.0,224.0,0.0
28,184,OMP,optimized,7984.0,768.0,0.0,256.0,6272.0,224.0,224.0,232.0,0.0,0.0,0.0,8.0,0.0
28,185,OMP,baseline,6520.0,768.0,2048.0,0.0,0.0,0.0,3248.0,232.0,0.0,0.0,0.0,224.0,0.0
28,185,OMP,optimized,7984.0,768.0,0.0,256.0,6272.0,224.0,224.0,232.0,0.0,0.0,0.0,8.0,0.0
28,186,OMP,baseline,6520.0,768.0,2048.0,0.0,0.0,0.0,3248.0,232.0,0.0,0.0,0.0,224.0,0.0
28,186,OMP,optimized,7984.0,768.0,0.0,256.0,6272.0,224.0,224.0,232.0,0.0,0.0,0.0,8.0,0.0
28,187,OMP,baseline,6520.0,768.0,2048.0,0.0,0.0,0.0,3248.0,232.0,0.0,0.0,0.0,224.0,0.0
28,187,OMP,optimized,7984.0,768.0,0.0,256.0,6272.0,224.0,224.0,232.0,0.0,0.0,0.0,8.0,0.0
28,188,OMP,baseline,6520.0,768.0,2048.0,0.0,0.0,0.0,3248.0,232.0,0.0,0.0,0.0,224.0,0.0
28,188,OMP,optimized,7984.0,768.0,0.0,256.0,6272.0,224.0,224.0,232.0,0.0,0.0,0.0,8.0,0.0
28,189,OMP,baseline,6520.0,768.0,2048.0,0.0,0.0,0.0,3248.0,232.0,0.0,0.0,0.0,224.0,0.0
28,189,OMP,optimized,7984.0,768.0,0.0,256.0,6272.0,224.0,224.0,232.0,0.0,0.0,0.0,8.0,0.0
28,190,OMP,baseline,6520.0,768.0,2048.0,0.0,0.0,0.0,3248.0,232.0,0.0,0.0,0.0,224.0,0.0
28,190,OMP,optimized,7984.0,768.0,0.0,256.0,6272.0,224.0,224.0,232.0,0.0,0.0,0.0,8.0,0.0
28,191,OMP,baseline,6520.0,768.0,2048.0,0.0,0.0,0.0,3248.0,232.0,0.0,0.0,0.0,224.0,0.0
28,191,OMP,optimized,7984.0,768.0,0.0,256.0,6272.0,224.0,224.0,232.0,0.0,0.0,0.0,8.0,0.0
28,192,OMP,baseline,6520.0,768.0,2048.0,0.0,0.0,0.0,3248.0,232.0,0.0,0.0,0.0,224.0,0.0
28,192,OMP,optimized,7984.0,768.0,0.0,256.0,6272.0,224.0,224.0,232.0,0.0,0.0,0.0,8.0,0.0
28,193,OMP,baseline,6520.0,768.0,2048.0,0.0,0.0,0.0,3248.0,232.0,0.0,0.0,0.0,224.0,0.0
28,193,OMP,optimized,7984.0,768.0,0.0,256.0,6272.0,224.0,224.0,232.0,0.0,0.0,0.0,8.0,0.0
28,194,OMP,baseline,6520.0,768.0,2048.0,0.0,0.0,0.0,3248.0,232.0,0.0,0.0,0.0,224.0,0.0
28,194,OMP,optimized,7984.0,768.0,0.0,256.0,6272.0,224.0,224.0,232.0,0.0,0.0,0.0,8.0,0.0
28,195,OMP,baseline,6520.0,768.0,2048.0,0.0,0.0,0.0,3248.0,232.0,0.0,0.0,0.0,224.0,0.0
28,195,OMP,optimized,7984.0,768.0,0.0,256.0,6272.0,224.0,224.0,232.0,0.0,0.0,0.0,8.0,0.0
28,196,OMP,baseline,6520.0,768.0,2048.0,0.0,0.0,0.0,3248.0,232.0,0.0,0.0,0.0,224.0,0.0
28,196,OMP,optimized,7984.0,768.0,0.0,256.0,6272.0,224.0,224.0,232.0,0.0,0.0,0.0,8.0,0.0
28,197,OMP,baseline,6520.0,768.0,2048.0,0.0,0.0,0.0,3248.0,232.0,0.0,0.0,0.0,224.0,0.0
28,197,OMP,optimized,7984.0,768.0,0.0,256.0,6272.0,224.0,224.0,232.0,0.0,0.0,0.0,8.0,0.0
28,198,OMP,baseline,6520.0,768.0,2048.0,0.0,0.0,0.0,3248.0,232.0,0.0,0.0,0.0,224.0,0.0
28,198,OMP,optimized,7984.0,768.0,0.0,256.0,6272.0,224.0,224.0,232.0,0.0,0.0,0.0,8.0,0.0
28,199,OMP,baseline,6520.0,768.0,2048.0,0.0,0.0,0.0,3248.0,232.0,0.0,0.0,0.0,224.0,0.0
28,199,OMP,optimized,7984.0,768.0,0.0,256.0,6272.0,224.0,224.0,232.0,0.0,0.0,0.0,8.0,0.0
28,200,OMP,baseline,6520.0,768.0,2048.0,0.0,0.0,0.0,3248.0,232.0,0.0,0.0,0.0,224.0,0.0
28,200,OMP,optimized,7984.0,768.0,0.0,256.0,6272.0,224.0,224.0,232.0,0.0,0.0,0.0,8.0,0.0
28,201,OMP,baseline,6520.0,768.0,2048.0,0.0,0.0,0.0,3248.0,232.0,0.0,0.0,0.0,224.0,0.0
28,201,OMP,optimized,7984.0,768.0,0.0,256.0,6272.0,224.0,224.0,232.0,0.0,0.0,0.0,8.0,0.0
28,202,OMP,baseline,6520.0,768.0,2048.0,0.0,0.0,0.0,3248.0,232.0,0.0,0.0,0.0,224.0,0.0
28,202,OMP,optimized,7984.0,768.0,0.0,256.0,6272.0,224.0,224.0,232.0,0.0,0.0,0.0,8.0,0.0
28,203,OMP,baseline,6520.0,768.0,2048.0,0.0,0.0,0.0,3248.0,232.0,0.0,0.0,0.0,224.0,0.0
28,203,OMP,optimized,7984.0,768.0,0.0,256.0,6272.0,224.0,224.0,232.0,0.0,0.0,0.0,8.0,0.0
28,204,OMP,baseline,6520.0,768.0,2048.0,0.0,0.0,0.0,3248.0,232.0,0.0,0.0,0.0,224.0,0.0
28,204,OMP,optimized,7984.0,768.0,0.0,256.0,6272.0,224.0,224.0,232.0,0.0,0.0,0.0,8.0,0.0
28,205,OMP,baseline,6520.0,768.0,2048.0,0.0,0.0,0.0,3248.0,232.0,0.0,0.0,0.0,224.0,0.0
28,205,OMP,optimized,7984.0,768.0,0.0,256.0,6272.0,224.0,224.0,232.0,0.0,0.0,0.0,8.0,0.0
28,206,OMP,baseline,6520.0,768.0,2048.0,0.0,0.0,0.0,3248.0,232.0,0.0,0.0,0.0,224.0,0.0
28,206,OMP,optimized,7984.0,768.0,0.0,256.0,6272.0,224.0,224.0,232.0,0.0,0.0,0.0,8.0,0.0
28,207,OMP,baseline,6520.0,768.0,2048.0,0.0,0.0,0.0,3248.0,232.0,0.0,0.0,0.0,224.0,0.0
28,207,OMP,optimized,7984.0,768.0,0.0,256.0,6272.0,224.0,224.0,232.0,0.0,0.0,0.0,8.0,0.0
28,208,OMP,baseline,6520.0,768.0,2048.0,0.0,0.0,0.0,3248.0,232.0,0.0,0.0,0.0,224.0,0.0
28,208,OMP,optimized,7984.0,768.0,0.0,256.0,6272.0,224.0,224.0,232.0,0.0,0.0,0.0,8.0,0.0
28,209,OMP,baseline,6520.0,768.0,2048.0,0.0,0.0,0.0,3248.0,232.0,0.0,0.0,0.0,224.0,0.0
28,209,OMP,optimized,7984.0,768.0,0.0,256.0,6272.0,224.0,224.0,232.0,0.0,0.0,0.0,8.0,0.0
28,210,OMP,baseline,6520.0,768.0,2048.0,0.0,0.0,0.0,3248.0,232.0,0.0,0.0,0.0,224.0,0.0
28,210,OMP,optimized,7984.0,768.0,0.0,256.0,6272.0,224.0,224.0,232.0,0.0,0.0,0.0,8.0,0.0
28,211,OMP,baseline,6520.0,768.0,2048.0,0.0,0.0,0.0,3248.0,232.0,0.0,0.0,0.0,224.0,0.0
28,211,OMP,optimized,7984.0,768.0,0.0,256.0,6272.0,224.0,224.0,232.0,0.0,0.0,0.0,8.0,0.0
28,212,OMP,baseline,6520.0,768.0,2048.0,0.0,0.0,0.0,3248.0,232.0,0.0,0.0,0.0,224.0,0.0
28,212,OMP,optimized,7984.0,768.0,0.0,256.0,6272.0,224.0,224.0,232.0,0.0,0.0,0.0,8.0,0.0
28,213,OMP,baseline,6520.0,768.0,2048.0,0.0,0.0,0.0,3248.0,232.0,0.0,0.0,0.0,224.0,0.0
28,213,OMP,optimized,7984.0,768.0,0.0,256.0,6272.0,224.0,224.0,232.0,0.0,0.0,0.0,8.0,0.0
28,214,OMP,baseline,6520.0,768.0,2048.0,0.0,0.0,0.0,3248.0,232.0,0.0,0.0,0.0,224.0,0.0
28,214,OMP,optimized,7984.0,768.0,0.0,256.0,6272.0,224.0,224.0,232.0,0.0,0.0,0.0,8.0,0.0
28,215,OMP,baseline,6520.0,768.0,2048.0,0.0,0.0,0.0,3248.0,232.0,0.0,0.0,0.0,224.0,0.0
28,215,OMP,optimized,7984.0,768.0,0.0,256.0,6272.0,224.0,224.0,232.0,0.0,0.0,0.0,8.0,0.0
28,216,OMP,baseline,6520.0,768.0,2048.0,0.0,0.0,0.0,3248.0,232.0,0.0,0.0,0.0,224.0,0.0
28,216,OMP,optimized,7984.0,768.0,0.0,256.0,6272.0,224.0,224.0,232.0,0.0,0.0,0.0,8.0,0.0
28,217,OMP,baseline,6520.0,768.0,2048.0,0.0,0.0,0.0,3248.0,232.0,0.0,0.0,0.0,224.0,0.0
28,217,OMP,optimized,7984.0,768.0,0.0,256.0,6272.0,224.0,224.0,232.0,0.0,0.0,0.0,8.0,0.0
28,218,OMP,baseline,6520.0,768.0,2048.0,0.0,0.0,0.0,3248.0,232.0,0.0,0.0,0.0,224.0,0.0
28,218,OMP,optimized,7984.0,768.0,0.0,256.0,6272.0,224.0,224.0,232.0,0.0,0.0,0.0,8.0,0.0
28,219,OMP,baseline,6520.0,768.0,2048.0,0.0,0.0,0.0,3248.0,232.0,0.0,0.0,0.0,224.0,0.0
28,219,OMP,optimized,7984.0,768.0,0.0,256.0,6272.0,224.0,224.0,232.0,0.0,0.0,0.0,8.0,0.0
28,220,OMP,baseline,6520.0,768.0,2048.0,0.0,0.0,0.0,3248.0,232.0,0.0,0.0,0.0,224.0,0.0
28,220,OMP,optimized,7984.0,768.0,0.0,256.0,6272.0,224.0,224.0,232.0,0.0,0.0,0.0,8.0,0.0
28,221,OMP,baseline,6520.0,768.0,2048.0,0.0,0.0,0.0,3248.0,232.0,0.0,0.0,0.0,224.0,0.0
28,221,OMP,optimized,7984.0,768.0,0.0,256.0,6272.0,224.0,224.0,232.0,0.0,0.0,0.0,8.0,0.0
28,222,OMP,baseline,6520.0,768.0,2048.0,0.0,0.0,0.0,3248.0,232.0,0.0,0.0,0.0,224.0,0.0
28,222,OMP,optimized,7984.0,768.0,0.0,256.0,6272.0,224.0,224.0,232.0,0.0,0.0,0.0,8.0,0.0
28,223,OMP,baseline,6520.0,768.0,2048.0,0.0,0.0,0.0,3248.0,232.0,0.0,0.0,0.0,224.0,0.0
28,223,OMP,optimized,7984.0,768.0,0.0,256.0,6272.0,224.0,224.0,232.0,0.0,0.0,0.0,8.0,0.0
28,224,OMP,baseline,6520.0,768.0,2048.0,0.0,0.0,0.0,3248.0,232.0,0.0,0.0,0.0,224.0,0.0
28,224,OMP,optimized,7984.0,768.0,0.0,256.0,6272.0,224.0,224.0,232.0,0.0,0.0,0.0,8.0,0.0
28,225,OMP,baseline,6520.0,768.0,2048.0,0.0,0.0,0.0,3248.0,232.0,0.0,0.0,0.0,224.0,0.0
28,225,OMP,optimized,7984.0,768.0,0.0,256.0,6272.0,224.0,224.0,232.0,0.0,0.0,0.0,8.0,0.0
28,226,OMP,baseline,6520.0,768.0,2048.0,0.0,0.0,0.0,3248.0,232.0,0.0,0.0,0.0,224.0,0.0
28,226,OMP,optimized,7984.0,768.0,0.0,256.0,6272.0,224.0,224.0,232.0,0.0,0.0,0.0,8.0,0.0
28,227,OMP,baseline,6520.0,768.0,2048.0,0.0,0.0,0.0,3248.0,232.0,0.0,0.0,0.0,224.0,0.0
28,227,OMP,optimized,7984.0,768.0,0.0,256.0,6272.0,224.0,224.0,232.0,0.0,0.0,0.0,8.0,0.0
28,228,OMP,baseline,6520.0,768.0,2048.0,0.0,0.0,0.0,3248.0,232.0,0.0,0.0,0.0,224.0,0.0
28,228,OMP,optimized,7984.0,768.0,0.0,256.0,6272.0,224.0,224.0,232.0,0.0,0.0,0.0,8.0,0.0
28,229,OMP,baseline,6520.0,768.0,2048.0,0.0,0.0,0.0,3248.0,232.0,0.0,0.0,0.0,224.0,0.0
28,229,OMP,optimized,7984.0,768.0,0.0,256.0,6272.0,224.0,224.0,232.0,0.0,0.0,0.0,8.0,0.0
28,230,OMP,baseline,6520.0,768.0,2048.0,0.0,0.0,0.0,3248.0,232.0,0.0,0.0,0.0,224.0,0.0
28,230,OMP,optimized,7984.0,768.0,0.0,256.0,6272.0,224.0,224.0,232.0,0.0,0.0,0.0,8.0,0.0
28,231,OMP,baseline,6520.0,768.0,2048.0,0.0,0.0,0.0,3248.0,232.0,0.0,0.0,0.0,224.0,0.0
28,231,OMP,optimized,7984.0,768.0,0.0,256.0,6272.0,224.0,224.0,232.0,0.0,0.0,0.0,8.0,0.0
28,232,OMP,baseline,6520.0,768.0,2048.0,0.0,0.0,0.0,3248.0,232.0,0.0,0.0,0.0,224.0,0.0
28,232,OMP,optimized,7984.0,768.0,0.0,256.0,6272.0,224.0,224.0,232.0,0.0,0.0,0.0,8.0,0.0
28,233,OMP,baseline,6520.0,768.0,2048.0,0.0,0.0,0.0,3248.0,232.0,0.0,0.0,0.0,224.0,0.0
28,233,OMP,optimized,7984.0,768.0,0.0,256.0,6272.0,224.0,224.0,232.0,0.0,0.0,0.0,8.0,0.0
28,234,OMP,baseline,6520.0,768.0,2048.0,0.0,0.0,0.0,3248.0,232.0,0.0,0.0,0.0,224.0,0.0
28,234,OMP,optimized,7984.0,768.0,0.0,256.0,6272.0,224.0,224.0,232.0,0.0,0.0,0.0,8.0,0.0
28,235,OMP,baseline,6520.0,768.0,2048.0,0.0,0.0,0.0,3248.0,232.0,0.0,0.0,0.0,224.0,0.0
28,235,OMP,optimized,7984.0,768.0,0.0,256.0,6272.0,224.0,224.0,232.0,0.0,0.0,0.0,8.0,0.0
28,236,OMP,baseline,6520.0,768.0,2048.0,0.0,0.0,0.0,3248.0,232.0,0.0,0.0,0.0,224.0,0.0
28,236,OMP,optimized,7984.0,768.0,0.0,256.0,6272.0,224.0,224.0,232.0,0.0,0.0,0.0,8.0,0.0
28,237,OMP,baseline,6520.0,768.0,2048.0,0.0,0.0,0.0,3248.0,232.0,0.0,0.0,0.0,224.0,0.0
28,237,OMP,optimized,7984.0,768.0,0.0,256.0,6272.0,224.0,224.0,232.0,0.0,0.0,0.0,8.0,0.0
28,238,OMP,baseline,6520.0,768.0,2048.0,0.0,0.0,0.0,3248.0,232.0,0.0,0.0,0.0,224.0,0.0
28,238,OMP,optimized,7984.0,768.0,0.0,256.0,6272.0,224.0,224.0,232.0,0.0,0.0,0.0,8.0,0.0
28,239,OMP,baseline,6520.0,768.0,2048.0,0.0,0.0,0.0,3248.0,232.0,0.0,0.0,0.0,224.0,0.0
28,239,OMP,optimized,7984.0,768.0,0.0,256.0,6272.0,224.0,224.0,232.0,0.0,0.0,0.0,8.0,0.0
28,240,OMP,baseline,6520.0,768.0,2048.0,0.0,0.0,0.0,3248.0,232.0,0.0,0.0,0.0,224.0,0.0
28,240,OMP,optimized,7984.0,768.0,0.0,256.0,6272.0,224.0,224.0,232.0,0.0,0.0,0.0,8.0,0.0
28,241,OMP,baseline,6520.0,768.0,2048.0,0.0,0.0,0.0,3248.0,232.0,0.0,0.0,0.0,224.0,0.0
28,241,OMP,optimized,7984.0,768.0,0.0,256.0,6272.0,224.0,224.0,232.0,0.0,0.0,0.0,8.0,0.0
28,242,OMP,baseline,6520.0,768.0,2048.0,0.0,0.0,0.0,3248.0,232.0,0.0,0.0,0.0,224.0,0.0
28,242,OMP,optimized,7984.0,768.0,0.0,256.0,6272.0,224.0,224.0,232.0,0.0,0.0,0.0,8.0,0.0
28,243,OMP,baseline,6520.0,768.0,2048.0,0.0,0.0,0.0,3248.0,232.0,0.0,0.0,0.0,224.0,0.0
28,243,OMP,optimized,7984.0,768.0,0.0,256.0,6272.0,224.0,224.0,232.0,0.0,0.0,0.0,8.0,0.0
28,244,OMP,baseline,6520.0,768.0,2048.0,0.0,0.0,0.0,3248.0,232.0,0.0,0.0,0.0,224.0,0.0
28,244,OMP,optimized,7984.0,768.0,0.0,256.0,6272.0,224.0,224.0,232.0,0.0,0.0,0.0,8.0,0.0
28,245,OMP,baseline,6520.0,768.0,2048.0,0.0,0.0,0.0,3248.0,232.0,0.0,0.0,0.0,224.0,0.0
28,245,OMP,optimized,7984.0,768.0,0.0,256.0,6272.0,224.0,224.0,232.0,0.0,0.0,0.0,8.0,0.0
28,246,OMP,baseline,6520.0,768.0,2048.0,0.0,0.0,0.0,3248.0,232.0,0.0,0.0,0.0,224.0,0.0
28,246,OMP,optimized,7984.0,768.0,0.0,256.0,6272.0,224.0,224.0,232.0,0.0,0.0,0.0,8.0,0.0
28,247,OMP,baseline,6520.0,768.0,2048.0,0.0,0.0,0.0,3248.0,232.0,0.0,0.0,0.0,224.0,0.0
28,247,OMP,optimized,7984.0,768.0,0.0,256.0,6272.0,224.0,224.0,232.0,0.0,0.0,0.0,8.0,0.0
28,248,OMP,baseline,6520.0,768.0,2048.0,0.0,0.0,0.0,3248.0,232.0,0.0,0.0,0.0,224.0,0.0
28,248,OMP,optimized,7984.0,768.0,0.0,256.0,6272.0,224.0,224.0,232.0,0.0,0.0,0.0,8.0,0.0
28,249,OMP,baseline,6520.0,768.0,2048.0,0.0,0.0,0.0,3248.0,232.0,0.0,0.0,0.0,224.0,0.0
28,249,OMP,optimized,7984.0,768.0,0.0,256.0,6272.0,224.0,224.0,232.0,0.0,0.0,0.0,8.0,0.0
28,250,OMP,baseline,6520.0,768.0,2048.0,0.0,0.0,0.0,3248.0,232.0,0.0,0.0,0.0,224.0,0.0
28,250,OMP,optimized,7984.0,768.0,0.0,256.0,6272.0,224.0,224.0,232.0,0.0,0.0,0.0,8.0,0.0
28,251,OMP,baseline,6520.0,768.0,2048.0,0.0,0.0,0.0,3248.0,232.0,0.0,0.0,0.0,224.0,0.0
28,251,OMP,optimized,7984.0,768.0,0.0,256.0,6272.0,224.0,224.0,232.0,0.0,0.0,0.0,8.0,0.0
28,252,OMP,baseline,6520.0,768.0,2048.0,0.0,0.0,0.0,3248.0,232.0,0.0,0.0,0.0,224.0,0.0
28,252,OMP,optimized,7984.0,768.0,0.0,256.0,6272.0,224.0,224.0,232.0,0.0,0.0,0.0,8.0,0.0
28,253,OMP,baseline,6520.0,768.0,2048.0,0.0,0.0,0.0,3248.0,232.0,0.0,0.0,0.0,224.0,0.0
28,253,OMP,optimized,7984.0,768.0,0.0,256.0,6272.0,224.0,224.0,232.0,0.0,0.0,0.0,8.0,0.0
28,254,OMP,baseline,6520.0,768.0,2048.0,0.0,0.0,0.0,3248.0,232.0,0.0,0.0,0.0,224.0,0.0
28,254,OMP,optimized,7984.0,768.0,0.0,256.0,6272.0,224.0,224.0,232.0,0.0,0.0,0.0,8.0,0.0
28,255,OMP,baseline,6520.0,768.0,2048.0,0.0,0.0,0.0,3248.0,232.0,0.0,0.0,0.0,224.0,0.0
28,255,OMP,optimized,7984.0,768.0,0.0,256.0,6272.0,224.0,224.0,232.0,0.0,0.0,0.0,8.0,0.0
28,256,OMP,baseline,6520.0,768.0,2048.0,0.0,0.0,0.0,3248.0,232.0,0.0,0.0,0.0,224.0,0.0
28,256,OMP,optimized,7984.0,768.0,0.0,256.0,6272.0,224.0,224.0,232.0,0.0,0.0,0.0,8.0,0.0
28,257,OMP,baseline,6520.0,768.0,2048.0,0.0,0.0,0.0,3248.0,232.0,0.0,0.0,0.0,224.0,0.0
28,257,OMP,optimized,7984.0,768.0,0.0,256.0,6272.0,224.0,224.0,232.0,0.0,0.0,0.0,8.0,0.0
28,258,OMP,baseline,6520.0,768.0,2048.0,0.0,0.0,0.0,3248.0,232.0,0.0,0.0,0.0,224.0,0.0
28,258,OMP,optimized,7984.0,768.0,0.0,256.0,6272.0,224.0,224.0,232.0,0.0,0.0,0.0,8.0,0.0
28,259,OMP,baseline,6520.0,768.0,2048.0,0.0,0.0,0.0,3248.0,232.0,0.0,0.0,0.0,224.0,0.0
28,259,OMP,optimized,7984.0,768.0,0.0,256.0,6272.0,224.0,224.0,232.0,0.0,0.0,0.0,8.0,0.0
28,260,OMP,baseline,6520.0,768.0,2048.0,0.0,0.0,0.0,3248.0,232.0,0.0,0.0,0.0,224.0,0.0
28,260,OMP,optimized,7984.0,768.0,0.0,256.0,6272.0,224.0,224.0,232.0,0.0,0.0,0.0,8.0,0.0
28,261,OMP,baseline,6520.0,768.0,2048.0,0.0,0.0,0.0,3248.0,232.0,0.0,0.0,0.0,224.0,0.0
28,261,OMP,optimized,7984.0,768.0,0.0,256.0,6272.0,224.0,224.0,232.0,0.0,0.0,0.0,8.0,0.0
28,262,OMP,baseline,6520.0,768.0,2048.0,0.0,0.0,0.0,3248.0,232.0,0.0,0.0,0.0,224.0,0.0
28,262,OMP,optimized,7984.0,768.0,0.0,256.0,6272.0,224.0,224.0,232.0,0.0,0.0,0.0,8.0,0.0
28,263,OMP,baseline,6520.0,768.0,2048.0,0.0,0.0,0.0,3248.0,232.0,0.0,0.0,0.0,224.0,0.0
28,263,OMP,optimized,7984.0,768.0,0.0,256.0,6272.0,224.0,224.0,232.0,0.0,0.0,0.0,8.0,0.0
28,264,OMP,baseline,6520.0,768.0,2048.0,0.0,0.0,0.0,3248.0,232.0,0.0,0.0,0.0,224.0,0.0
28,264,OMP,optimized,7984.0,768.0,0.0,256.0,6272.0,224.0,224.0,232.0,0.0,0.0,0.0,8.0,0.0
28,265,OMP,baseline,6520.0,768.0,2048.0,0.0,0.0,0.0,3248.0,232.0,0.0,0.0,0.0,224.0,0.0
28,265,OMP,optimized,7984.0,768.0,0.0,256.0,6272.0,224.0,224.0,232.0,0.0,0.0,0.0,8.0,0.0
28,266,OMP,baseline,6520.0,768.0,2048.0,0.0,0.0,0.0,3248.0,232.0,0.0,0.0,0.0,224.0,0.0
28,266,OMP,optimized,7984.0,768.0,0.0,256.0,6272.0,224.0,224.0,232.0,0.0,0.0,0.0,8.0,0.0
28,267,OMP,baseline,6520.0,768.0,2048.0,0.0,0.0,0.0,3248.0,232.0,0.0,0.0,0.0,224.0,0.0
28,267,OMP,optimized,7984.0,768.0,0.0,256.0,6272.0,224.0,224.0,232.0,0.0,0.0,0.0,8.0,0.0
28,268,OMP,baseline,6520.0,768.0,2048.0,0.0,0.0,0.0,3248.0,232.0,0.0,0.0,0.0,224.0,0.0
28,268,OMP,optimized,7984.0,768.0,0.0,256.0,6272.0,224.0,224.0,232.0,0.0,0.0,0.0,8.0,0.0
28,269,OMP,baseline,6520.0,768.0,2048.0,0.0,0.0,0.0,3248.0,232.0,0.0,0.0,0.0,224.0,0.0
28,269,OMP,optimized,7984.0,768.0,0.0,256.0,6272.0,224.0,224.0,232.0,0.0,0.0,0.0,8.0,0.0
28,270,OMP,baseline,6520.0,768.0,2048.0,0.0,0.0,0.0,3248.0,232.0,0.0,0.0,0.0,224.0,0.0
28,270,OMP,optimized,7984.0,768.0,0.0,256.0,6272.0,224.0,224.0,232.0,0.0,0.0,0.0,8.0,0.0
28,271,OMP,baseline,6520.0,768.0,2048.0,0.0,0.0,0.0,3248.0,232.0,0.0,0.0,0.0,224.0,0.0
28,271,OMP,optimized,7984.0,768.0,0.0,256.0,6272.0,224.0,224.0,232.0,0.0,0.0,0.0,8.0,0.0
28,272,OMP,baseline,6520.0,768.0,2048.0,0.0,0.0,0.0,3248.0,232.0,0.0,0.0,0.0,224.0,0.0
28,272,OMP,optimized,7984.0,768.0,0.0,256.0,6272.0,224.0,224.0,232.0,0.0,0.0,0.0,8.0,0.0
28,273,OMP,baseline,6520.0,768.0,2048.0,0.0,0.0,0.0,3248.0,232.0,0.0,0.0,0.0,224.0,0.0
28,273,OMP,optimized,7984.0,768.0,0.0,256.0,6272.0,224.0,224.0,232.0,0.0,0.0,0.0,8.0,0.0
28,274,OMP,baseline,6520.0,768.0,2048.0,0.0,0.0,0.0,3248.0,232.0,0.0,0.0,0.0,224.0,0.0
28,274,OMP,optimized,7984.0,768.0,0.0,256.0,6272.0,224.0,224.0,232.0,0.0,0.0,0.0,8.0,0.0
28,275,OMP,baseline,6520.0,768.0,2048.0,0.0,0.0,0.0,3248.0,232.0,0.0,0.0,0.0,224.0,0.0
28,275,OMP,optimized,7984.0,768.0,0.0,256.0,6272.0,224.0,224.0,232.0,0.0,0.0,0.0,8.0,0.0
28,276,OMP,baseline,6520.0,768.0,2048.0,0.0,0.0,0.0,3248.0,232.0,0.0,0.0,0.0,224.0,0.0
28,276,OMP,optimized,7984.0,768.0,0.0,256.0,6272.0,224.0,224.0,232.0,0.0,0.0,0.0,8.0,0.0
28,277,OMP,baseline,6520.0,768.0,2048.0,0.0,0.0,0.0,3248.0,232.0,0.0,0.0,0.0,224.0,0.0
28,277,OMP,optimized,7984.0,768.0,0.0,256.0,6272.0,224.0,224.0,232.0,0.0,0.0,0.0,8.0,0.0
28,278,OMP,baseline,6520.0,768.0,2048.0,0.0,0.0,0.0,3248.0,232.0,0.0,0.0,0.0,224.0,0.0
28,278,OMP,optimized,7984.0,768.0,0.0,256.0,6272.0,224.0,224.0,232.0,0.0,0.0,0.0,8.0,0.0
28,279,OMP,baseline,6520.0,768.0,2048.0,0.0,0.0,0.0,3248.0,232.0,0.0,0.0,0.0,224.0,0.0
28,279,OMP,optimized,7984.0,768.0,0.0,256.0,6272.0,224.0,224.0,232.0,0.0,0.0,0.0,8.0,0.0
28,280,OMP,baseline,6520.0,768.0,2048.0,0.0,0.0,0.0,3248.0,232.0,0.0,0.0,0.0,224.0,0.0
28,280,OMP,optimized,7984.0,768.0,0.0,256.0,6272.0,224.0,224.0,232.0,0.0,0.0,0.0,8.0,0.0
28,281,OMP,baseline,6520.0,768.0,2048.0,0.0,0.0,0.0,3248.0,232.0,0.0,0.0,0.0,224.0,0.0
28,281,OMP,optimized,7984.0,768.0,0.0,256.0,6272.0,224.0,224.0,232.0,0.0,0.0,0.0,8.0,0.0
28,282,OMP,baseline,6520.0,768.0,2048.0,0.0,0.0,0.0,3248.0,232.0,0.0,0.0,0.0,224.0,0.0
28,282,OMP,optimized,7984.0,768.0,0.0,256.0,6272.0,224.0,224.0,232.0,0.0,0.0,0.0,8.0,0.0
28,283,OMP,baseline,6520.0,768.0,2048.0,0.0,0.0,0.0,3248.0,232.0,0.0,0.0,0.0,224.0,0.0
28,283,OMP,optimized,7984.0,768.0,0.0,256.0,6272.0,224.0,224.0,232.0,0.0,0.0,0.0,8.0,0.0
28,284,OMP,baseline,6520.0,768.0,2048.0,0.0,0.0,0.0,3248.0,232.0,0.0,0.0,0.0,224.0,0.0
28,284,OMP,optimized,7984.0,768.0,0.0,256.0,6272.0,224.0,224.0,232.0,0.0,0.0,0.0,8.0,0.0
28,285,OMP,baseline,6520.0,768.0,2048.0,0.0,0.0,0.0,3248.0,232.0,0.0,0.0,0.0,224.0,0.0
28,285,OMP,optimized,7984.0,768.0,0.0,256.0,6272.0,224.0,224.0,232.0,0.0,0.0,0.0,8.0,0.0
28,286,OMP,baseline,6520.0,768.0,2048.0,0.0,0.0,0.0,3248.0,232.0,0.0,0.0,0.0,224.0,0.0
28,286,OMP,optimized,7984.0,768.0,0.0,256.0,6272.0,224.0,224.0,232.0,0.0,0.0,0.0,8.0,0.0
28,287,OMP,baseline,6520.0,768.0,2048.0,0.0,0.0,0.0,3248.0,232.0,0.0,0.0,0.0,224.0,0.0
28,287,OMP,optimized,7984.0,768.0,0.0,256.0,6272.0,224.0,224.0,232.0,0.0,0.0,0.0,8.0,0.0
28,288,OMP,baseline,6520.0,768.0,2048.0,0.0,0.0,0.0,3248.0,232.0,0.0,0.0,0.0,224.0,0.0
28,288,OMP,optimized,7984.0,768.0,0.0,256.0,6272.0,224.0,224.0,232.0,0.0,0.0,0.0,8.0,0.0
28,289,OMP,baseline,6520.0,768.0,2048.0,0.0,0.0,0.0,3248.0,232.0,0.0,0.0,0.0,224.0,0.0
28,289,OMP,optimized,7984.0,768.0,0.0,256.0,6272.0,224.0,224.0,232.0,0.0,0.0,0.0,8.0,0.0
28,290,OMP,baseline,6520.0,768.0,2048.0,0.0,0.0,0.0,3248.0,232.0,0.0,0.0,0.0,224.0,0.0
28,290,OMP,optimized,7984.0,768.0,0.0,256.0,6272.0,224.0,224.0,232.0,0.0,0.0,0.0,8.0,0.0
28,291,OMP,baseline,6520.0,768.0,2048.0,0.0,0.0,0.0,3248.0,232.0,0.0,0.0,0.0,224.0,0.0
28,291,OMP,optimized,7984.0,768.0,0.0,256.0,6272.0,224.0,224.0,232.0,0.0,0.0,0.0,8.0,0.0
28,292,OMP,baseline,6520.0,768.0,2048.0,0.0,0.0,0.0,3248.0,232.0,0.0,0.0,0.0,224.0,0.0
28,292,OMP,optimized,7984.0,768.0,0.0,256.0,6272.0,224.0,224.0,232.0,0.0,0.0,0.0,8.0,0.0
28,293,OMP,baseline,6520.0,768.0,2048.0,0.0,0.0,0.0,3248.0,232.0,0.0,0.0,0.0,224.0,0.0
28,293,OMP,optimized,7984.0,768.0,0.0,256.0,6272.0,224.0,224.0,232.0,0.0,0.0,0.0,8.0,0.0
28,294,OMP,baseline,6520.0,768.0,2048.0,0.0,0.0,0.0,3248.0,232.0,0.0,0.0,0.0,224.0,0.0
28,294,OMP,optimized,7984.0,768.0,0.0,256.0,6272.0,224.0,224.0,232.0,0.0,0.0,0.0,8.0,0.0
28,295,OMP,baseline,6520.0,768.0,2048.0,0.0,0.0,0.0,3248.0,232.0,0.0,0.0,0.0,224.0,0.0
28,295,OMP,optimized,7984.0,768.0,0.0,256.0,6272.0,224.0,224.0,232.0,0.0,0.0,0.0,8.0,0.0
28,296,OMP,baseline,6520.0,768.0,2048.0,0.0,0.0,0.0,3248.0,232.0,0.0,0.0,0.0,224.0,0.0
28,296,OMP,optimized,7984.0,768.0,0.0,256.0,6272.0,224.0,224.0,232.0,0.0,0.0,0.0,8.0,0.0
28,297,OMP,baseline,6520.0,768.0,2048.0,0.0,0.0,0.0,3248.0,232.0,0.0,0.0,0.0,224.0,0.0
28,297,OMP,optimized,7984.0,768.0,0.0,256.0,6272.0,224.0,224.0,232.0,0.0,0.0,0.0,8.0,0.0
28,298,OMP,baseline,6520.0,768.0,2048.0,0.0,0.0,0.0,3248.0,232.0,0.0,0.0,0.0,224.0,0.0
28,298,OMP,optimized,7984.0,768.0,0.0,256.0,6272.0,224.0,224.0,232.0,0.0,0.0,0.0,8.0,0.0
28,299,OMP,baseline,6520.0,768.0,2048.0,0.0,0.0,0.0,3248.0,232.0,0.0,0.0,0.0,224.0,0.0
28,299,OMP,optimized,7984.0,768.0,0.0,256.0,6272.0,224.0,224.0,232.0,0.0,0.0,0.0,8.0,0.0
32,0,OMP,baseline,7560.0,768.0,2048.0,0.0,0.0,0.0,4224.0,264.0,0.0,0.0,0.0,256.0,0.0
32,0,OMP,optimized,10000.0,768.0,0.0,256.0,8192.0,256.0,256.0,264.0,0.0,0.0,0.0,8.0,0.0
32,1,OMP,baseline,7560.0,768.0,2048.0,0.0,0.0,0.0,4224.0,264.0,0.0,0.0,0.0,256.0,0.0
32,1,OMP,optimized,10000.0,768.0,0.0,256.0,8192.0,256.0,256.0,264.0,0.0,0.0,0.0,8.0,0.0
32,2,OMP,baseline,7560.0,768.0,2048.0,0.0,0.0,0.0,4224.0,264.0,0.0,0.0,0.0,256.0,0.0
32,2,OMP,optimized,10000.0,768.0,0.0,256.0,8192.0,256.0,256.0,264.0,0.0,0.0,0.0,8.0,0.0
32,3,OMP,baseline,7560.0,768.0,2048.0,0.0,0.0,0.0,4224.0,264.0,0.0,0.0,0.0,256.0,0.0
32,3,OMP,optimized,10000.0,768.0,0.0,256.0,8192.0,256.0,256.0,264.0,0.0,0.0,0.0,8.0,0.0
32,4,OMP,baseline,7560.0,768.0,2048.0,0.0,0.0,0.0,4224.0,264.0,0.0,0.0,0.0,256.0,0.0
32,4,OMP,optimized,10000.0,768.0,0.0,256.0,8192.0,256.0,256.0,264.0,0.0,0.0,0.0,8.0,0.0
32,5,OMP,baseline,7560.0,768.0,2048.0,0.0,0.0,0.0,4224.0,264.0,0.0,0.0,0.0,256.0,0.0
32,5,OMP,optimized,10000.0,768.0,0.0,256.0,8192.0,256.0,256.0,264.0,0.0,0.0,0.0,8.0,0.0
32,6,OMP,baseline,7560.0,768.0,2048.0,0.0,0.0,0.0,4224.0,264.0,0.0,0.0,0.0,256.0,0.0
32,6,OMP,optimized,10000.0,768.0,0.0,256.0,8192.0,256.0,256.0,264.0,0.0,0.0,0.0,8.0,0.0
32,7,OMP,baseline,7560.0,768.0,2048.0,0.0,0.0,0.0,4224.0,264.0,0.0,0.0,0.0,256.0,0.0
32,7,OMP,optimized,10000.0,768.0,0.0,256.0,8192.0,256.0,256.0,264.0,0.0,0.0,0.0,8.0,0.0
32,8,OMP,baseline,7560.0,768.0,2048.0,0.0,0.0,0.0,4224.0,264.0,0.0,0.0,0.0,256.0,0.0
32,8,OMP,optimized,10000.0,768.0,0.0,256.0,8192.0,256.0,256.0,264.0,0.0,0.0,0.0,8.0,0.0
32,9,OMP,baseline,7560.0,768.0,2048.0,0.0,0.0,0.0,4224.0,264.0,0.0,0.0,0.0,256.0,0.0
32,9,OMP,optimized,10000.0,768.0,0.0,256.0,8192.0,256.0,256.0,264.0,0.0,0.0,0.0,8.0,0.0
32,10,OMP,baseline,7560.0,768.0,2048.0,0.0,0.0,0.0,4224.0,264.0,0.0,0.0,0.0,256.0,0.0
32,10,OMP,optimized,10000.0,768.0,0.0,256.0,8192.0,256.0,256.0,264.0,0.0,0.0,0.0,8.0,0.0
32,11,OMP,baseline,7560.0,768.0,2048.0,0.0,0.0,0.0,4224.0,264.0,0.0,0.0,0.0,256.0,0.0
32,11,OMP,optimized,10000.0,768.0,0.0,256.0,8192.0,256.0,256.0,264.0,0.0,0.0,0.0,8.0,0.0
32,12,OMP,baseline,7560.0,768.0,2048.0,0.0,0.0,0.0,4224.0,264.0,0.0,0.0,0.0,256.0,0.0
32,12,OMP,optimized,10000.0,768.0,0.0,256.0,8192.0,256.0,256.0,264.0,0.0,0.0,0.0,8.0,0.0
32,13,OMP,baseline,7560.0,768.0,2048.0,0.0,0.0,0.0,4224.0,264.0,0.0,0.0,0.0,256.0,0.0
32,13,OMP,optimized,10000.0,768.0,0.0,256.0,8192.0,256.0,256.0,264.0,0.0,0.0,0.0,8.0,0.0
32,14,OMP,baseline,7560.0,768.0,2048.0,0.0,0.0,0.0,4224.0,264.0,0.0,0.0,0.0,256.0,0.0
32,14,OMP,optimized,10000.0,768.0,0.0,256.0,8192.0,256.0,256.0,264.0,0.0,0.0,0.0,8.0,0.0
32,15,OMP,baseline,7560.0,768.0,2048.0,0.0,0.0,0.0,4224.0,264.0,0.0,0.0,0.0,256.0,0.0
32,15,OMP,optimized,10000.0,768.0,0.0,256.0,8192.0,256.0,256.0,264.0,0.0,0.0,0.0,8.0,0.0
32,16,OMP,baseline,7560.0,768.0,2048.0,0.0,0.0,0.0,4224.0,264.0,0.0,0.0,0.0,256.0,0.0
32,16,OMP,optimized,10000.0,768.0,0.0,256.0,8192.0,256.0,256.0,264.0,0.0,0.0,0.0,8.0,0.0
32,17,OMP,baseline,7560.0,768.0,2048.0,0.0,0.0,0.0,4224.0,264.0,0.0,0.0,0.0,256.0,0.0
32,17,OMP,optimized,10000.0,768.0,0.0,256.0,8192.0,256.0,256.0,264.0,0.0,0.0,0.0,8.0,0.0
32,18,OMP,baseline,7560.0,768.0,2048.0,0.0,0.0,0.0,4224.0,264.0,0.0,0.0,0.0,256.0,0.0
32,18,OMP,optimized,10000.0,768.0,0.0,256.0,8192.0,256.0,256.0,264.0,0.0,0.0,0.0,8.0,0.0
32,19,OMP,baseline,7560.0,768.0,2048.0,0.0,0.0,0.0,4224.0,264.0,0.0,0.0,0.0,256.0,0.0
32,19,OMP,optimized,10000.0,768.0,0.0,256.0,8192.0,256.0,256.0,264.0,0.0,0.0,0.0,8.0,0.0
32,20,OMP,baseline,7560.0,768.0,2048.0,0.0,0.0,0.0,4224.0,264.0,0.0,0.0,0.0,256.0,0.0
32,20,OMP,optimized,10000.0,768.0,0.0,256.0,8192.0,256.0,256.0,264.0,0.0,0.0,0.0,8.0,0.0
32,21,OMP,baseline,7560.0,768.0,2048.0,0.0,0.0,0.0,4224.0,264.0,0.0,0.0,0.0,256.0,0.0
32,21,OMP,optimized,10000.0,768.0,0.0,256.0,8192.0,256.0,256.0,264.0,0.0,0.0,0.0,8.0,0.0
32,22,OMP,baseline,7560.0,768.0,2048.0,0.0,0.0,0.0,4224.0,264.0,0.0,0.0,0.0,256.0,0.0
32,22,OMP,optimized,10000.0,768.0,0.0,256.0,8192.0,256.0,256.0,264.0,0.0,0.0,0.0,8.0,0.0
32,23,OMP,baseline,7560.0,768.0,2048.0,0.0,0.0,0.0,4224.0,264.0,0.0,0.0,0.0,256.0,0.0
32,23,OMP,optimized,10000.0,768.0,0.0,256.0,8192.0,256.0,256.0,264.0,0.0,0.0,0.0,8.0,0.0
32,24,OMP,baseline,7560.0,768.0,2048.0,0.0,0.0,0.0,4224.0,264.0,0.0,0.0,0.0,256.0,0.0
32,24,OMP,optimized,10000.0,768.0,0.0,256.0,8192.0,256.0,256.0,264.0,0.0,0.0,0.0,8.0,0.0
32,25,OMP,baseline,7560.0,768.0,2048.0,0.0,0.0,0.0,4224.0,264.0,0.0,0.0,0.0,256.0,0.0
32,25,OMP,optimized,10000.0,768.0,0.0,256.0,8192.0,256.0,256.0,264.0,0.0,0.0,0.0,8.0,0.0
32,26,OMP,baseline,7560.0,768.0,2048.0,0.0,0.0,0.0,4224.0,264.0,0.0,0.0,0.0,256.0,0.0
32,26,OMP,optimized,10000.0,768.0,0.0,256.0,8192.0,256.0,256.0,264.0,0.0,0.0,0.0,8.0,0.0
32,27,OMP,baseline,7560.0,768.0,2048.0,0.0,0.0,0.0,4224.0,264.0,0.0,0.0,0.0,256.0,0.0
32,27,OMP,optimized,10000.0,768.0,0.0,256.0,8192.0,256.0,256.0,264.0,0.0,0.0,0.0,8.0,0.0
32,28,OMP,baseline,7560.0,768.0,2048.0,0.0,0.0,0.0,4224.0,264.0,0.0,0.0,0.0,256.0,0.0
32,28,OMP,optimized,10000.0,768.0,0.0,256.0,8192.0,256.0,256.0,264.0,0.0,0.0,0.0,8.0,0.0
32,29,OMP,baseline,7560.0,768.0,2048.0,0.0,0.0,0.0,4224.0,264.0,0.0,0.0,0.0,256.0,0.0
32,29,OMP,optimized,10000.0,768.0,0.0,256.0,8192.0,256.0,256.0,264.0,0.0,0.0,0.0,8.0,0.0
32,30,OMP,baseline,7560.0,768.0,2048.0,0.0,0.0,0.0,4224.0,264.0,0.0,0.0,0.0,256.0,0.0
32,30,OMP,optimized,10000.0,768.0,0.0,256.0,8192.0,256.0,256.0,264.0,0.0,0.0,0.0,8.0,0.0
32,31,OMP,baseline,7560.0,768.0,2048.0,0.0,0.0,0.0,4224.0,264.0,0.0,0.0,0.0,256.0,0.0
32,31,OMP,optimized,10000.0,768.0,0.0,256.0,8192.0,256.0,256.0,264.0,0.0,0.0,0.0,8.0,0.0
32,32,OMP,baseline,7560.0,768.0,2048.0,0.0,0.0,0.0,4224.0,264.0,0.0,0.0,0.0,256.0,0.0
32,32,OMP,optimized,10000.0,768.0,0.0,256.0,8192.0,256.0,256.0,264.0,0.0,0.0,0.0,8.0,0.0
32,33,OMP,baseline,7560.0,768.0,2048.0,0.0,0.0,0.0,4224.0,264.0,0.0,0.0,0.0,256.0,0.0
32,33,OMP,optimized,10000.0,768.0,0.0,256.0,8192.0,256.0,256.0,264.0,0.0,0.0,0.0,8.0,0.0
32,34,OMP,baseline,7560.0,768.0,2048.0,0.0,0.0,0.0,4224.0,264.0,0.0,0.0,0.0,256.0,0.0
32,34,OMP,optimized,10000.0,768.0,0.0,256.0,8192.0,256.0,256.0,264.0,0.0,0.0,0.0,8.0,0.0
32,35,OMP,baseline,7560.0,768.0,2048.0,0.0,0.0,0.0,4224.0,264.0,0.0,0.0,0.0,256.0,0.0
32,35,OMP,optimized,10000.0,768.0,0.0,256.0,8192.0,256.0,256.0,264.0,0.0,0.0,0.0,8.0,0.0
32,36,OMP,baseline,7560.0,768.0,2048.0,0.0,0.0,0.0,4224.0,264.0,0.0,0.0,0.0,256.0,0.0
32,36,OMP,optimized,10000.0,768.0,0.0,256.0,8192.0,256.0,256.0,264.0,0.0,0.0,0.0,8.0,0.0
32,37,OMP,baseline,7560.0,768.0,2048.0,0.0,0.0,0.0,4224.0,264.0,0.0,0.0,0.0,256.0,0.0
32,37,OMP,optimized,10000.0,768.0,0.0,256.0,8192.0,256.0,256.0,264.0,0.0,0.0,0.0,8.0,0.0
32,38,OMP,baseline,7560.0,768.0,2048.0,0.0,0.0,0.0,4224.0,264.0,0.0,0.0,0.0,256.0,0.0
32,38,OMP,optimized,10000.0,768.0,0.0,256.0,8192.0,256.0,256.0,264.0,0.0,0.0,0.0,8.0,0.0
32,39,OMP,baseline,7560.0,768.0,2048.0,0.0,0.0,0.0,4224.0,264.0,0.0,0.0,0.0,256.0,0.0
32,39,OMP,optimized,10000.0,768.0,0.0,256.0,8192.0,256.0,256.0,264.0,0.0,0.0,0.0,8.0,0.0
32,40,OMP,baseline,7560.0,768.0,2048.0,0.0,0.0,0.0,4224.0,264.0,0.0,0.0,0.0,256.0,0.0
32,40,OMP,optimized,10000.0,768.0,0.0,256.0,8192.0,256.0,256.0,264.0,0.0,0.0,0.0,8.0,0.0
32,41,OMP,baseline,7560.0,768.0,2048.0,0.0,0.0,0.0,4224.0,264.0,0.0,0.0,0.0,256.0,0.0
32,41,OMP,optimized,10000.0,768.0,0.0,256.0,8192.0,256.0,256.0,264.0,0.0,0.0,0.0,8.0,0.0
32,42,OMP,baseline,7560.0,768.0,2048.0,0.0,0.0,0.0,4224.0,264.0,0.0,0.0,0.0,256.0,0.0
32,42,OMP,optimized,10000.0,768.0,0.0,256.0,8192.0,256.0,256.0,264.0,0.0,0.0,0.0,8.0,0.0
32,43,OMP,baseline,7560.0,768.0,2048.0,0.0,0.0,0.0,4224.0,264.0,0.0,0.0,0.0,256.0,0.0
32,43,OMP,optimized,10000.0,768.0,0.0,256.0,8192.0,256.0,256.0,264.0,0.0,0.0,0.0,8.0,0.0
32,44,OMP,baseline,7560.0,768.0,2048.0,0.0,0.0,0.0,4224.0,264.0,0.0,0.0,0.0,256.0,0.0
32,44,OMP,optimized,10000.0,768.0,0.0,256.0,8192.0,256.0,256.0,264.0,0.0,0.0,0.0,8.0,0.0
32,45,OMP,baseline,7560.0,768.0,2048.0,0.0,0.0,0.0,4224.0,264.0,0.0,0.0,0.0,256.0,0.0
32,45,OMP,optimized,10000.0,768.0,0.0,256.0,8192.0,256.0,256.0,264.0,0.0,0.0,0.0,8.0,0.0
32,46,OMP,baseline,7560.0,768.0,2048.0,0.0,0.0,0.0,4224.0,264.0,0.0,0.0,0.0,256.0,0.0
32,46,OMP,optimized,10000.0,768.0,0.0,256.0,8192.0,256.0,256.0,264.0,0.0,0.0,0.0,8.0,0.0
32,47,OMP,baseline,7560.0,768.0,2048.0,0.0,0.0,0.0,4224.0,264.0,0.0,0.0,0.0,256.0,0.0
32,47,OMP,optimized,10000.0,768.0,0.0,256.0,8192.0,256.0,256.0,264.0,0.0,0.0,0.0,8.0,0.0
32,48,OMP,baseline,7560.0,768.0,2048.0,0.0,0.0,0.0,4224.0,264.0,0.0,0.0,0.0,256.0,0.0
32,48,OMP,optimized,10000.0,768.0,0.0,256.0,8192.0,256.0,256.0,264.0,0.0,0.0,0.0,8.0,0.0
32,49,OMP,baseline,7560.0,768.0,2048.0,0.0,0.0,0.0,4224.0,264.0,0.0,0.0,0.0,256.0,0.0
32,49,OMP,optimized,10000.0,768.0,0.0,256.0,8192.0,256.0,256.0,264.0,0.0,0.0,0.0,8.0,0.0
32,50,OMP,baseline,7560.0,768.0,2048.0,0.0,0.0,0.0,4224.0,264.0,0.0,0.0,0.0,256.0,0.0
32,50,OMP,optimized,10000.0,768.0,0.0,256.0,8192.0,256.0,256.0,264.0,0.0,0.0,0.0,8.0,0.0
32,51,OMP,baseline,7560.0,768.0,2048.0,0.0,0.0,0.0,4224.0,264.0,0.0,0.0,0.0,256.0,0.0
32,51,OMP,optimized,10000.0,768.0,0.0,256.0,8192.0,256.0,256.0,264.0,0.0,0.0,0.0,8.0,0.0
32,52,OMP,baseline,7560.0,768.0,2048.0,0.0,0.0,0.0,4224.0,264.0,0.0,0.0,0.0,256.0,0.0
32,52,OMP,optimized,10000.0,768.0,0.0,256.0,8192.0,256.0,256.0,264.0,0.0,0.0,0.0,8.0,0.0
32,53,OMP,baseline,7560.0,768.0,2048.0,0.0,0.0,0.0,4224.0,264.0,0.0,0.0,0.0,256.0,0.0
32,53,OMP,optimized,10000.0,768.0,0.0,256.0,8192.0,256.0,256.0,264.0,0.0,0.0,0.0,8.0,0.0
32,54,OMP,baseline,7560.0,768.0,2048.0,0.0,0.0,0.0,4224.0,264.0,0.0,0.0,0.0,256.0,0.0
32,54,OMP,optimized,10000.0,768.0,0.0,256.0,8192.0,256.0,256.0,264.0,0.0,0.0,0.0,8.0,0.0
32,55,OMP,baseline,7560.0,768.0,2048.0,0.0,0.0,0.0,4224.0,264.0,0.0,0.0,0.0,256.0,0.0
32,55,OMP,optimized,10000.0,768.0,0.0,256.0,8192.0,256.0,256.0,264.0,0.0,0.0,0.0,8.0,0.0
32,56,OMP,baseline,7560.0,768.0,2048.0,0.0,0.0,0.0,4224.0,264.0,0.0,0.0,0.0,256.0,0.0
32,56,OMP,optimized,10000.0,768.0,0.0,256.0,8192.0,256.0,256.0,264.0,0.0,0.0,0.0,8.0,0.0
32,57,OMP,baseline,7560.0,768.0,2048.0,0.0,0.0,0.0,4224.0,264.0,0.0,0.0,0.0,256.0,0.0
32,57,OMP,optimized,10000.0,768.0,0.0,256.0,8192.0,256.0,256.0,264.0,0.0,0.0,0.0,8.0,0.0
32,58,OMP,baseline,7560.0,768.0,2048.0,0.0,0.0,0.0,4224.0,264.0,0.0,0.0,0.0,256.0,0.0
32,58,OMP,optimized,10000.0,768.0,0.0,256.0,8192.0,256.0,256.0,264.0,0.0,0.0,0.0,8.0,0.0
32,59,OMP,baseline,7560.0,768.0,2048.0,0.0,0.0,0.0,4224.0,264.0,0.0,0.0,0.0,256.0,0.0
32,59,OMP,optimized,10000.0,768.0,0.0,256.0,8192.0,256.0,256.0,264.0,0.0,0.0,0.0,8.0,0.0
32,60,OMP,baseline,7560.0,768.0,2048.0,0.0,0.0,0.0,4224.0,264.0,0.0,0.0,0.0,256.0,0.0
32,60,OMP,optimized,10000.0,768.0,0.0,256.0,8192.0,256.0,256.0,264.0,0.0,0.0,0.0,8.0,0.0
32,61,OMP,baseline,7560.0,768.0,2048.0,0.0,0.0,0.0,4224.0,264.0,0.0,0.0,0.0,256.0,0.0
32,61,OMP,optimized,10000.0,768.0,0.0,256.0,8192.0,256.0,256.0,264.0,0.0,0.0,0.0,8.0,0.0
32,62,OMP,baseline,7560.0,768.0,2048.0,0.0,0.0,0.0,4224.0,264.0,0.0,0.0,0.0,256.0,0.0
32,62,OMP,optimized,10000.0,768.0,0.0,256.0,8192.0,256.0,256.0,264.0,0.0,0.0,0.0,8.0,0.0
32,63,OMP,baseline,7560.0,768.0,2048.0,0.0,0.0,0.0,4224.0,264.0,0.0,0.0,0.0,256.0,0.0
32,63,OMP,optimized,10000.0,768.0,0.0,256.0,8192.0,256.0,256.0,264.0,0.0,0.0,0.0,8.0,0.0
32,64,OMP,baseline,7560.0,768.0,2048.0,0.0,0.0,0.0,4224.0,264.0,0.0,0.0,0.0,256.0,0.0
32,64,OMP,optimized,10000.0,768.0,0.0,256.0,8192.0,256.0,256.0,264.0,0.0,0.0,0.0,8.0,0.0
32,65,OMP,baseline,7560.0,768.0,2048.0,0.0,0.0,0.0,4224.0,264.0,0.0,0.0,0.0,256.0,0.0
32,65,OMP,optimized,10000.0,768.0,0.0,256.0,8192.0,256.0,256.0,264.0,0.0,0.0,0.0,8.0,0.0
32,66,OMP,baseline,7560.0,768.0,2048.0,0.0,0.0,0.0,4224.0,264.0,0.0,0.0,0.0,256.0,0.0
32,66,OMP,optimized,10000.0,768.0,0.0,256.0,8192.0,256.0,256.0,264.0,0.0,0.0,0.0,8.0,0.0
32,67,OMP,baseline,7560.0,768.0,2048.0,0.0,0.0,0.0,4224.0,264.0,0.0,0.0,0.0,256.0,0.0
32,67,OMP,optimized,10000.0,768.0,0.0,256.0,8192.0,256.0,256.0,264.0,0.0,0.0,0.0,8.0,0.0
32,68,OMP,baseline,7560.0,768.0,2048.0,0.0,0.0,0.0,4224.0,264.0,0.0,0.0,0.0,256.0,0.0
32,68,OMP,optimized,10000.0,768.0,0.0,256.0,8192.0,256.0,256.0,264.0,0.0,0.0,0.0,8.0,0.0
32,69,OMP,baseline,7560.0,768.0,2048.0,0.0,0.0,0.0,4224.0,264.0,0.0,0.0,0.0,256.0,0.0
32,69,OMP,optimized,10000.0,768.0,0.0,256.0,8192.0,256.0,256.0,264.0,0.0,0.0,0.0,8.0,0.0
32,70,OMP,baseline,7560.0,768.0,2048.0,0.0,0.0,0.0,4224.0,264.0,0.0,0.0,0.0,256.0,0.0
32,70,OMP,optimized,10000.0,768.0,0.0,256.0,8192.0,256.0,256.0,264.0,0.0,0.0,0.0,8.0,0.0
32,71,OMP,baseline,7560.0,768.0,2048.0,0.0,0.0,0.0,4224.0,264.0,0.0,0.0,0.0,256.0,0.0
32,71,OMP,optimized,10000.0,768.0,0.0,256.0,8192.0,256.0,256.0,264.0,0.0,0.0,0.0,8.0,0.0
32,72,OMP,baseline,7560.0,768.0,2048.0,0.0,0.0,0.0,4224.0,264.0,0.0,0.0,0.0,256.0,0.0
32,72,OMP,optimized,10000.0,768.0,0.0,256.0,8192.0,256.0,256.0,264.0,0.0,0.0,0.0,8.0,0.0
32,73,OMP,baseline,7560.0,768.0,2048.0,0.0,0.0,0.0,4224.0,264.0,0.0,0.0,0.0,256.0,0.0
32,73,OMP,optimized,10000.0,768.0,0.0,256.0,8192.0,256.0,256.0,264.0,0.0,0.0,0.0,8.0,0.0
32,74,OMP,baseline,7560.0,768.0,2048.0,0.0,0.0,0.0,4224.0,264.0,0.0,0.0,0.0,256.0,0.0
32,74,OMP,optimized,10000.0,768.0,0.0,256.0,8192.0,256.0,256.0,264.0,0.0,0.0,0.0,8.0,0.0
32,75,OMP,baseline,7560.0,768.0,2048.0,0.0,0.0,0.0,4224.0,264.0,0.0,0.0,0.0,256.0,0.0
32,75,OMP,optimized,10000.0,768.0,0.0,256.0,8192.0,256.0,256.0,264.0,0.0,0.0,0.0,8.0,0.0
32,76,OMP,baseline,7560.0,768.0,2048.0,0.0,0.0,0.0,4224.0,264.0,0.0,0.0,0.0,256.0,0.0
32,76,OMP,optimized,10000.0,768.0,0.0,256.0,8192.0,256.0,256.0,264.0,0.0,0.0,0.0,8.0,0.0
32,77,OMP,baseline,7560.0,768.0,2048.0,0.0,0.0,0.0,4224.0,264.0,0.0,0.0,0.0,256.0,0.0
32,77,OMP,optimized,10000.0,768.0,0.0,256.0,8192.0,256.0,256.0,264.0,0.0,0.0,0.0,8.0,0.0
32,78,OMP,baseline,7560.0,768.0,2048.0,0.0,0.0,0.0,4224.0,264.0,0.0,0.0,0.0,256.0,0.0
32,78,OMP,optimized,10000.0,768.0,0.0,256.0,8192.0,256.0,256.0,264.0,0.0,0.0,0.0,8.0,0.0
32,79,OMP,baseline,7560.0,768.0,2048.0,0.0,0.0,0.0,4224.0,264.0,0.0,0.0,0.0,256.0,0.0
32,79,OMP,optimized,10000.0,768.0,0.0,256.0,8192.0,256.0,256.0,264.0,0.0,0.0,0.0,8.0,0.0
32,80,OMP,baseline,7560.0,768.0,2048.0,0.0,0.0,0.0,4224.0,264.0,0.0,0.0,0.0,256.0,0.0
32,80,OMP,optimized,10000.0,768.0,0.0,256.0,8192.0,256.0,256.0,264.0,0.0,0.0,0.0,8.0,0.0
32,81,OMP,baseline,7560.0,768.0,2048.0,0.0,0.0,0.0,4224.0,264.0,0.0,0.0,0.0,256.0,0.0
32,81,OMP,optimized,10000.0,768.0,0.0,256.0,8192.0,256.0,256.0,264.0,0.0,0.0,0.0,8.0,0.0
32,82,OMP,baseline,7560.0,768.0,2048.0,0.0,0.0,0.0,4224.0,264.0,0.0,0.0,0.0,256.0,0.0
32,82,OMP,optimized,10000.0,768.0,0.0,256.0,8192.0,256.0,256.0,264.0,0.0,0.0,0.0,8.0,0.0
32,83,OMP,baseline,7560.0,768.0,2048.0,0.0,0.0,0.0,4224.0,264.0,0.0,0.0,0.0,256.0,0.0
32,83,OMP,optimized,10000.0,768.0,0.0,256.0,8192.0,256.0,256.0,264.0,0.0,0.0,0.0,8.0,0.0
32,84,OMP,baseline,7560.0,768.0,2048.0,0.0,0.0,0.0,4224.0,264.0,0.0,0.0,0.0,256.0,0.0
32,84,OMP,optimized,10000.0,768.0,0.0,256.0,8192.0,256.0,256.0,264.0,0.0,0.0,0.0,8.0,0.0
32,85,OMP,baseline,7560.0,768.0,2048.0,0.0,0.0,0.0,4224.0,264.0,0.0,0.0,0.0,256.0,0.0
32,85,OMP,optimized,10000.0,768.0,0.0,256.0,8192.0,256.0,256.0,264.0,0.0,0.0,0.0,8.0,0.0
32,86,OMP,baseline,7560.0,768.0,2048.0,0.0,0.0,0.0,4224.0,264.0,0.0,0.0,0.0,256.0,0.0
32,86,OMP,optimized,10000.0,768.0,0.0,256.0,8192.0,256.0,256.0,264.0,0.0,0.0,0.0,8.0,0.0
32,87,OMP,baseline,7560.0,768.0,2048.0,0.0,0.0,0.0,4224.0,264.0,0.0,0.0,0.0,256.0,0.0
32,87,OMP,optimized,10000.0,768.0,0.0,256.0,8192.0,256.0,256.0,264.0,0.0,0.0,0.0,8.0,0.0
32,88,OMP,baseline,7560.0,768.0,2048.0,0.0,0.0,0.0,4224.0,264.0,0.0,0.0,0.0,256.0,0.0
32,88,OMP,optimized,10000.0,768.0,0.0,256.0,8192.0,256.0,256.0,264.0,0.0,0.0,0.0,8.0,0.0
32,89,OMP,baseline,7560.0,768.0,2048.0,0.0,0.0,0.0,4224.0,264.0,0.0,0.0,0.0,256.0,0.0
32,89,OMP,optimized,10000.0,768.0,0.0,256.0,8192.0,256.0,256.0,264.0,0.0,0.0,0.0,8.0,0.0
32,90,OMP,baseline,7560.0,768.0,2048.0,0.0,0.0,0.0,4224.0,264.0,0.0,0.0,0.0,256.0,0.0
32,90,OMP,optimized,10000.0,768.0,0.0,256.0,8192.0,256.0,256.0,264.0,0.0,0.0,0.0,8.0,0.0
32,91,OMP,baseline,7560.0,768.0,2048.0,0.0,0.0,0.0,4224.0,264.0,0.0,0.0,0.0,256.0,0.0
32,91,OMP,optimized,10000.0,768.0,0.0,256.0,8192.0,256.0,256.0,264.0,0.0,0.0,0.0,8.0,0.0
32,92,OMP,baseline,7560.0,768.0,2048.0,0.0,0.0,0.0,4224.0,264.0,0.0,0.0,0.0,256.0,0.0
32,92,OMP,optimized,10000.0,768.0,0.0,256.0,8192.0,256.0,256.0,264.0,0.0,0.0,0.0,8.0,0.0
32,93,OMP,baseline,7560.0,768.0,2048.0,0.0,0.0,0.0,4224.0,264.0,0.0,0.0,0.0,256.0,0.0
32,93,OMP,optimized,10000.0,768.0,0.0,256.0,8192.0,256.0,256.0,264.0,0.0,0.0,0.0,8.0,0.0
32,94,OMP,baseline,7560.0,768.0,2048.0,0.0,0.0,0.0,4224.0,264.0,0.0,0.0,0.0,256.0,0.0
32,94,OMP,optimized,10000.0,768.0,0.0,256.0,8192.0,256.0,256.0,264.0,0.0,0.0,0.0,8.0,0.0
32,95,OMP,baseline,7560.0,768.0,2048.0,0.0,0.0,0.0,4224.0,264.0,0.0,0.0,0.0,256.0,0.0
32,95,OMP,optimized,10000.0,768.0,0.0,256.0,8192.0,256.0,256.0,264.0,0.0,0.0,0.0,8.0,0.0
32,96,OMP,baseline,7560.0,768.0,2048.0,0.0,0.0,0.0,4224.0,264.0,0.0,0.0,0.0,256.0,0.0
32,96,OMP,optimized,10000.0,768.0,0.0,256.0,8192.0,256.0,256.0,264.0,0.0,0.0,0.0,8.0,0.0
32,97,OMP,baseline,7560.0,768.0,2048.0,0.0,0.0,0.0,4224.0,264.0,0.0,0.0,0.0,256.0,0.0
32,97,OMP,optimized,10000.0,768.0,0.0,256.0,8192.0,256.0,256.0,264.0,0.0,0.0,0.0,8.0,0.0
32,98,OMP,baseline,7560.0,768.0,2048.0,0.0,0.0,0.0,4224.0,264.0,0.0,0.0,0.0,256.0,0.0
32,98,OMP,optimized,10000.0,768.0,0.0,256.0,8192.0,256.0,256.0,264.0,0.0,0.0,0.0,8.0,0.0
32,99,OMP,baseline,7560.0,768.0,2048.0,0.0,0.0,0.0,4224.0,264.0,0.0,0.0,0.0,256.0,0.0
32,99,OMP,optimized,10000.0,768.0,0.0,256.0,8192.0,256.0,256.0,264.0,0.0,0.0,0.0,8.0,0.0
32,100,OMP,baseline,7560.0,768.0,2048.0,0.0,0.0,0.0,4224.0,264.0,0.0,0.0,0.0,256.0,0.0
32,100,OMP,optimized,10000.0,768.0,0.0,256.0,8192.0,256.0,256.0,264.0,0.0,0.0,0.0,8.0,0.0
32,101,OMP,baseline,7560.0,768.0,2048.0,0.0,0.0,0.0,4224.0,264.0,0.0,0.0,0.0,256.0,0.0
32,101,OMP,optimized,10000.0,768.0,0.0,256.0,8192.0,256.0,256.0,264.0,0.0,0.0,0.0,8.0,0.0
32,102,OMP,baseline,7560.0,768.0,2048.0,0.0,0.0,0.0,4224.0,264.0,0.0,0.0,0.0,256.0,0.0
32,102,OMP,optimized,10000.0,768.0,0.0,256.0,8192.0,256.0,256.0,264.0,0.0,0.0,0.0,8.0,0.0
32,103,OMP,baseline,7560.0,768.0,2048.0,0.0,0.0,0.0,4224.0,264.0,0.0,0.0,0.0,256.0,0.0
32,103,OMP,optimized,10000.0,768.0,0.0,256.0,8192.0,256.0,256.0,264.0,0.0,0.0,0.0,8.0,0.0
32,104,OMP,baseline,7560.0,768.0,2048.0,0.0,0.0,0.0,4224.0,264.0,0.0,0.0,0.0,256.0,0.0
32,104,OMP,optimized,10000.0,768.0,0.0,256.0,8192.0,256.0,256.0,264.0,0.0,0.0,0.0,8.0,0.0
32,105,OMP,baseline,7560.0,768.0,2048.0,0.0,0.0,0.0,4224.0,264.0,0.0,0.0,0.0,256.0,0.0
32,105,OMP,optimized,10000.0,768.0,0.0,256.0,8192.0,256.0,256.0,264.0,0.0,0.0,0.0,8.0,0.0
32,106,OMP,baseline,7560.0,768.0,2048.0,0.0,0.0,0.0,4224.0,264.0,0.0,0.0,0.0,256.0,0.0
32,106,OMP,optimized,10000.0,768.0,0.0,256.0,8192.0,256.0,256.0,264.0,0.0,0.0,0.0,8.0,0.0
32,107,OMP,baseline,7560.0,768.0,2048.0,0.0,0.0,0.0,4224.0,264.0,0.0,0.0,0.0,256.0,0.0
32,107,OMP,optimized,10000.0,768.0,0.0,256.0,8192.0,256.0,256.0,264.0,0.0,0.0,0.0,8.0,0.0
32,108,OMP,baseline,7560.0,768.0,2048.0,0.0,0.0,0.0,4224.0,264.0,0.0,0.0,0.0,256.0,0.0
32,108,OMP,optimized,10000.0,768.0,0.0,256.0,8192.0,256.0,256.0,264.0,0.0,0.0,0.0,8.0,0.0
32,109,OMP,baseline,7560.0,768.0,2048.0,0.0,0.0,0.0,4224.0,264.0,0.0,0.0,0.0,256.0,0.0
32,109,OMP,optimized,10000.0,768.0,0.0,256.0,8192.0,256.0,256.0,264.0,0.0,0.0,0.0,8.0,0.0
32,110,OMP,baseline,7560.0,768.0,2048.0,0.0,0.0,0.0,4224.0,264.0,0.0,0.0,0.0,256.0,0.0
32,110,OMP,optimized,10000.0,768.0,0.0,256.0,8192.0,256.0,256.0,264.0,0.0,0.0,0.0,8.0,0.0
32,111,OMP,baseline,7560.0,768.0,2048.0,0.0,0.0,0.0,4224.0,264.0,0.0,0.0,0.0,256.0,0.0
32,111,OMP,optimized,10000.0,768.0,0.0,256.0,8192.0,256.0,256.0,264.0,0.0,0.0,0.0,8.0,0.0
32,112,OMP,baseline,7560.0,768.0,2048.0,0.0,0.0,0.0,4224.0,264.0,0.0,0.0,0.0,256.0,0.0
32,112,OMP,optimized,10000.0,768.0,0.0,256.0,8192.0,256.0,256.0,264.0,0.0,0.0,0.0,8.0,0.0
32,113,OMP,baseline,7560.0,768.0,2048.0,0.0,0.0,0.0,4224.0,264.0,0.0,0.0,0.0,256.0,0.0
32,113,OMP,optimized,10000.0,768.0,0.0,256.0,8192.0,256.0,256.0,264.0,0.0,0.0,0.0,8.0,0.0
32,114,OMP,baseline,7560.0,768.0,2048.0,0.0,0.0,0.0,4224.0,264.0,0.0,0.0,0.0,256.0,0.0
32,114,OMP,optimized,10000.0,768.0,0.0,256.0,8192.0,256.0,256.0,264.0,0.0,0.0,0.0,8.0,0.0
32,115,OMP,baseline,7560.0,768.0,2048.0,0.0,0.0,0.0,4224.0,264.0,0.0,0.0,0.0,256.0,0.0
32,115,OMP,optimized,10000.0,768.0,0.0,256.0,8192.0,256.0,256.0,264.0,0.0,0.0,0.0,8.0,0.0
32,116,OMP,baseline,7560.0,768.0,2048.0,0.0,0.0,0.0,4224.0,264.0,0.0,0.0,0.0,256.0,0.0
32,116,OMP,optimized,10000.0,768.0,0.0,256.0,8192.0,256.0,256.0,264.0,0.0,0.0,0.0,8.0,0.0
32,117,OMP,baseline,7560.0,768.0,2048.0,0.0,0.0,0.0,4224.0,264.0,0.0,0.0,0.0,256.0,0.0
32,117,OMP,optimized,10000.0,768.0,0.0,256.0,8192.0,256.0,256.0,264.0,0.0,0.0,0.0,8.0,0.0
32,118,OMP,baseline,7560.0,768.0,2048.0,0.0,0.0,0.0,4224.0,264.0,0.0,0.0,0.0,256.0,0.0
32,118,OMP,optimized,10000.0,768.0,0.0,256.0,8192.0,256.0,256.0,264.0,0.0,0.0,0.0,8.0,0.0
32,119,OMP,baseline,7560.0,768.0,2048.0,0.0,0.0,0.0,4224.0,264.0,0.0,0.0,0.0,256.0,0.0
32,119,OMP,optimized,10000.0,768.0,0.0,256.0,8192.0,256.0,256.0,264.0,0.0,0.0,0.0,8.0,0.0
32,120,OMP,baseline,7560.0,768.0,2048.0,0.0,0.0,0.0,4224.0,264.0,0.0,0.0,0.0,256.0,0.0
32,120,OMP,optimized,10000.0,768.0,0.0,256.0,8192.0,256.0,256.0,264.0,0.0,0.0,0.0,8.0,0.0
32,121,OMP,baseline,7560.0,768.0,2048.0,0.0,0.0,0.0,4224.0,264.0,0.0,0.0,0.0,256.0,0.0
32,121,OMP,optimized,10000.0,768.0,0.0,256.0,8192.0,256.0,256.0,264.0,0.0,0.0,0.0,8.0,0.0
32,122,OMP,baseline,7560.0,768.0,2048.0,0.0,0.0,0.0,4224.0,264.0,0.0,0.0,0.0,256.0,0.0
32,122,OMP,optimized,10000.0,768.0,0.0,256.0,8192.0,256.0,256.0,264.0,0.0,0.0,0.0,8.0,0.0
32,123,OMP,baseline,7560.0,768.0,2048.0,0.0,0.0,0.0,4224.0,264.0,0.0,0.0,0.0,256.0,0.0
32,123,OMP,optimized,10000.0,768.0,0.0,256.0,8192.0,256.0,256.0,264.0,0.0,0.0,0.0,8.0,0.0
32,124,OMP,baseline,7560.0,768.0,2048.0,0.0,0.0,0.0,4224.0,264.0,0.0,0.0,0.0,256.0,0.0
32,124,OMP,optimized,10000.0,768.0,0.0,256.0,8192.0,256.0,256.0,264.0,0.0,0.0,0.0,8.0,0.0
32,125,OMP,baseline,7560.0,768.0,2048.0,0.0,0.0,0.0,4224.0,264.0,0.0,0.0,0.0,256.0,0.0
32,125,OMP,optimized,10000.0,768.0,0.0,256.0,8192.0,256.0,256.0,264.0,0.0,0.0,0.0,8.0,0.0
32,126,OMP,baseline,7560.0,768.0,2048.0,0.0,0.0,0.0,4224.0,264.0,0.0,0.0,0.0,256.0,0.0
32,126,OMP,optimized,10000.0,768.0,0.0,256.0,8192.0,256.0,256.0,264.0,0.0,0.0,0.0,8.0,0.0
32,127,OMP,baseline,7560.0,768.0,2048.0,0.0,0.0,0.0,4224.0,264.0,0.0,0.0,0.0,256.0,0.0
32,127,OMP,optimized,10000.0,768.0,0.0,256.0,8192.0,256.0,256.0,264.0,0.0,0.0,0.0,8.0,0.0
32,128,OMP,baseline,7560.0,768.0,2048.0,0.0,0.0,0.0,4224.0,264.0,0.0,0.0,0.0,256.0,0.0
32,128,OMP,optimized,10000.0,768.0,0.0,256.0,8192.0,256.0,256.0,264.0,0.0,0.0,0.0,8.0,0.0
32,129,OMP,baseline,7560.0,768.0,2048.0,0.0,0.0,0.0,4224.0,264.0,0.0,0.0,0.0,256.0,0.0
32,129,OMP,optimized,10000.0,768.0,0.0,256.0,8192.0,256.0,256.0,264.0,0.0,0.0,0.0,8.0,0.0
32,130,OMP,baseline,7560.0,768.0,2048.0,0.0,0.0,0.0,4224.0,264.0,0.0,0.0,0.0,256.0,0.0
32,130,OMP,optimized,10000.0,768.0,0.0,256.0,8192.0,256.0,256.0,264.0,0.0,0.0,0.0,8.0,0.0
32,131,OMP,baseline,7560.0,768.0,2048.0,0.0,0.0,0.0,4224.0,264.0,0.0,0.0,0.0,256.0,0.0
32,131,OMP,optimized,10000.0,768.0,0.0,256.0,8192.0,256.0,256.0,264.0,0.0,0.0,0.0,8.0,0.0
32,132,OMP,baseline,7560.0,768.0,2048.0,0.0,0.0,0.0,4224.0,264.0,0.0,0.0,0.0,256.0,0.0
32,132,OMP,optimized,10000.0,768.0,0.0,256.0,8192.0,256.0,256.0,264.0,0.0,0.0,0.0,8.0,0.0
32,133,OMP,baseline,7560.0,768.0,2048.0,0.0,0.0,0.0,4224.0,264.0,0.0,0.0,0.0,256.0,0.0
32,133,OMP,optimized,10000.0,768.0,0.0,256.0,8192.0,256.0,256.0,264.0,0.0,0.0,0.0,8.0,0.0
32,134,OMP,baseline,7560.0,768.0,2048.0,0.0,0.0,0.0,4224.0,264.0,0.0,0.0,0.0,256.0,0.0
32,134,OMP,optimized,10000.0,768.0,0.0,256.0,8192.0,256.0,256.0,264.0,0.0,0.0,0.0,8.0,0.0
32,135,OMP,baseline,7560.0,768.0,2048.0,0.0,0.0,0.0,4224.0,264.0,0.0,0.0,0.0,256.0,0.0
32,135,OMP,optimized,10000.0,768.0,0.0,256.0,8192.0,256.0,256.0,264.0,0.0,0.0,0.0,8.0,0.0
32,136,OMP,baseline,7560.0,768.0,2048.0,0.0,0.0,0.0,4224.0,264.0,0.0,0.0,0.0,256.0,0.0
32,136,OMP,optimized,10000.0,768.0,0.0,256.0,8192.0,256.0,256.0,264.0,0.0,0.0,0.0,8.0,0.0
32,137,OMP,baseline,7560.0,768.0,2048.0,0.0,0.0,0.0,4224.0,264.0,0.0,0.0,0.0,256.0,0.0
32,137,OMP,optimized,10000.0,768.0,0.0,256.0,8192.0,256.0,256.0,264.0,0.0,0.0,0.0,8.0,0.0
32,138,OMP,baseline,7560.0,768.0,2048.0,0.0,0.0,0.0,4224.0,264.0,0.0,0.0,0.0,256.0,0.0
32,138,OMP,optimized,10000.0,768.0,0.0,256.0,8192.0,256.0,256.0,264.0,0.0,0.0,0.0,8.0,0.0
32,139,OMP,baseline,7560.0,768.0,2048.0,0.0,0.0,0.0,4224.0,264.0,0.0,0.0,0.0,256.0,0.0
32,139,OMP,optimized,10000.0,768.0,0.0,256.0,8192.0,256.0,256.0,264.0,0.0,0.0,0.0,8.0,0.0
32,140,OMP,baseline,7560.0,768.0,2048.0,0.0,0.0,0.0,4224.0,264.0,0.0,0.0,0.0,256.0,0.0
32,140,OMP,optimized,10000.0,768.0,0.0,256.0,8192.0,256.0,256.0,264.0,0.0,0.0,0.0,8.0,0.0
32,141,OMP,baseline,7560.0,768.0,2048.0,0.0,0.0,0.0,4224.0,264.0,0.0,0.0,0.0,256.0,0.0
32,141,OMP,optimized,10000.0,768.0,0.0,256.0,8192.0,256.0,256.0,264.0,0.0,0.0,0.0,8.0,0.0
32,142,OMP,baseline,7560.0,768.0,2048.0,0.0,0.0,0.0,4224.0,264.0,0.0,0.0,0.0,256.0,0.0
32,142,OMP,optimized,10000.0,768.0,0.0,256.0,8192.0,256.0,256.0,264.0,0.0,0.0,0.0,8.0,0.0
32,143,OMP,baseline,7560.0,768.0,2048.0,0.0,0.0,0.0,4224.0,264.0,0.0,0.0,0.0,256.0,0.0
32,143,OMP,optimized,10000.0,768.0,0.0,256.0,8192.0,256.0,256.0,264.0,0.0,0.0,0.0,8.0,0.0
32,144,OMP,baseline,7560.0,768.0,2048.0,0.0,0.0,0.0,4224.0,264.0,0.0,0.0,0.0,256.0,0.0
32,144,OMP,optimized,10000.0,768.0,0.0,256.0,8192.0,256.0,256.0,264.0,0.0,0.0,0.0,8.0,0.0
32,145,OMP,baseline,7560.0,768.0,2048.0,0.0,0.0,0.0,4224.0,264.0,0.0,0.0,0.0,256.0,0.0
32,145,OMP,optimized,10000.0,768.0,0.0,256.0,8192.0,256.0,256.0,264.0,0.0,0.0,0.0,8.0,0.0
32,146,OMP,baseline,7560.0,768.0,2048.0,0.0,0.0,0.0,4224.0,264.0,0.0,0.0,0.0,256.0,0.0
32,146,OMP,optimized,10000.0,768.0,0.0,256.0,8192.0,256.0,256.0,264.0,0.0,0.0,0.0,8.0,0.0
32,147,OMP,baseline,7560.0,768.0,2048.0,0.0,0.0,0.0,4224.0,264.0,0.0,0.0,0.0,256.0,0.0
32,147,OMP,optimized,10000.0,768.0,0.0,256.0,8192.0,256.0,256.0,264.0,0.0,0.0,0.0,8.0,0.0
32,148,OMP,baseline,7560.0,768.0,2048.0,0.0,0.0,0.0,4224.0,264.0,0.0,0.0,0.0,256.0,0.0
32,148,OMP,optimized,10000.0,768.0,0.0,256.0,8192.0,256.0,256.0,264.0,0.0,0.0,0.0,8.0,0.0
32,149,OMP,baseline,7560.0,768.0,2048.0,0.0,0.0,0.0,4224.0,264.0,0.0,0.0,0.0,256.0,0.0
32,149,OMP,optimized,10000.0,768.0,0.0,256.0,8192.0,256.0,256.0,264.0,0.0,0.0,0.0,8.0,0.0
32,150,OMP,baseline,7560.0,768.0,2048.0,0.0,0.0,0.0,4224.0,264.0,0.0,0.0,0.0,256.0,0.0
32,150,OMP,optimized,10000.0,768.0,0.0,256.0,8192.0,256.0,256.0,264.0,0.0,0.0,0.0,8.0,0.0
32,151,OMP,baseline,7560.0,768.0,2048.0,0.0,0.0,0.0,4224.0,264.0,0.0,0.0,0.0,256.0,0.0
32,151,OMP,optimized,10000.0,768.0,0.0,256.0,8192.0,256.0,256.0,264.0,0.0,0.0,0.0,8.0,0.0
32,152,OMP,baseline,7560.0,768.0,2048.0,0.0,0.0,0.0,4224.0,264.0,0.0,0.0,0.0,256.0,0.0
32,152,OMP,optimized,10000.0,768.0,0.0,256.0,8192.0,256.0,256.0,264.0,0.0,0.0,0.0,8.0,0.0
32,153,OMP,baseline,7560.0,768.0,2048.0,0.0,0.0,0.0,4224.0,264.0,0.0,0.0,0.0,256.0,0.0
32,153,OMP,optimized,10000.0,768.0,0.0,256.0,8192.0,256.0,256.0,264.0,0.0,0.0,0.0,8.0,0.0
32,154,OMP,baseline,7560.0,768.0,2048.0,0.0,0.0,0.0,4224.0,264.0,0.0,0.0,0.0,256.0,0.0
32,154,OMP,optimized,10000.0,768.0,0.0,256.0,8192.0,256.0,256.0,264.0,0.0,0.0,0.0,8.0,0.0
32,155,OMP,baseline,7560.0,768.0,2048.0,0.0,0.0,0.0,4224.0,264.0,0.0,0.0,0.0,256.0,0.0
32,155,OMP,optimized,10000.0,768.0,0.0,256.0,8192.0,256.0,256.0,264.0,0.0,0.0,0.0,8.0,0.0
32,156,OMP,baseline,7560.0,768.0,2048.0,0.0,0.0,0.0,4224.0,264.0,0.0,0.0,0.0,256.0,0.0
32,156,OMP,optimized,10000.0,768.0,0.0,256.0,8192.0,256.0,256.0,264.0,0.0,0.0,0.0,8.0,0.0
32,157,OMP,baseline,7560.0,768.0,2048.0,0.0,0.0,0.0,4224.0,264.0,0.0,0.0,0.0,256.0,0.0
32,157,OMP,optimized,10000.0,768.0,0.0,256.0,8192.0,256.0,256.0,264.0,0.0,0.0,0.0,8.0,0.0
32,158,OMP,baseline,7560.0,768.0,2048.0,0.0,0.0,0.0,4224.0,264.0,0.0,0.0,0.0,256.0,0.0
32,158,OMP,optimized,10000.0,768.0,0.0,256.0,8192.0,256.0,256.0,264.0,0.0,0.0,0.0,8.0,0.0
32,159,OMP,baseline,7560.0,768.0,2048.0,0.0,0.0,0.0,4224.0,264.0,0.0,0.0,0.0,256.0,0.0
32,159,OMP,optimized,10000.0,768.0,0.0,256.0,8192.0,256.0,256.0,264.0,0.0,0.0,0.0,8.0,0.0
32,160,OMP,baseline,7560.0,768.0,2048.0,0.0,0.0,0.0,4224.0,264.0,0.0,0.0,0.0,256.0,0.0
32,160,OMP,optimized,10000.0,768.0,0.0,256.0,8192.0,256.0,256.0,264.0,0.0,0.0,0.0,8.0,0.0
32,161,OMP,baseline,7560.0,768.0,2048.0,0.0,0.0,0.0,4224.0,264.0,0.0,0.0,0.0,256.0,0.0
32,161,OMP,optimized,10000.0,768.0,0.0,256.0,8192.0,256.0,256.0,264.0,0.0,0.0,0.0,8.0,0.0
32,162,OMP,baseline,7560.0,768.0,2048.0,0.0,0.0,0.0,4224.0,264.0,0.0,0.0,0.0,256.0,0.0
32,162,OMP,optimized,10000.0,768.0,0.0,256.0,8192.0,256.0,256.0,264.0,0.0,0.0,0.0,8.0,0.0
32,163,OMP,baseline,7560.0,768.0,2048.0,0.0,0.0,0.0,4224.0,264.0,0.0,0.0,0.0,256.0,0.0
32,163,OMP,optimized,10000.0,768.0,0.0,256.0,8192.0,256.0,256.0,264.0,0.0,0.0,0.0,8.0,0.0
32,164,OMP,baseline,7560.0,768.0,2048.0,0.0,0.0,0.0,4224.0,264.0,0.0,0.0,0.0,256.0,0.0
32,164,OMP,optimized,10000.0,768.0,0.0,256.0,8192.0,256.0,256.0,264.0,0.0,0.0,0.0,8.0,0.0
32,165,OMP,baseline,7560.0,768.0,2048.0,0.0,0.0,0.0,4224.0,264.0,0.0,0.0,0.0,256.0,0.0
32,165,OMP,optimized,10000.0,768.0,0.0,256.0,8192.0,256.0,256.0,264.0,0.0,0.0,0.0,8.0,0.0
32,166,OMP,baseline,7560.0,768.0,2048.0,0.0,0.0,0.0,4224.0,264.0,0.0,0.0,0.0,256.0,0.0
32,166,OMP,optimized,10000.0,768.0,0.0,256.0,8192.0,256.0,256.0,264.0,0.0,0.0,0.0,8.0,0.0
32,167,OMP,baseline,7560.0,768.0,2048.0,0.0,0.0,0.0,4224.0,264.0,0.0,0.0,0.0,256.0,0.0
32,167,OMP,optimized,10000.0,768.0,0.0,256.0,8192.0,256.0,256.0,264.0,0.0,0.0,0.0,8.0,0.0
32,168,OMP,baseline,7560.0,768.0,2048.0,0.0,0.0,0.0,4224.0,264.0,0.0,0.0,0.0,256.0,0.0
32,168,OMP,optimized,10000.0,768.0,0.0,256.0,8192.0,256.0,256.0,264.0,0.0,0.0,0.0,8.0,0.0
32,169,OMP,baseline,7560.0,768.0,2048.0,0.0,0.0,0.0,4224.0,264.0,0.0,0.0,0.0,256.0,0.0
32,169,OMP,optimized,10000.0,768.0,0.0,256.0,8192.0,256.0,256.0,264.0,0.0,0.0,0.0,8.0,0.0
32,170,OMP,baseline,7560.0,768.0,2048.0,0.0,0.0,0.0,4224.0,264.0,0.0,0.0,0.0,256.0,0.0
32,170,OMP,optimized,10000.0,768.0,0.0,256.0,8192.0,256.0,256.0,264.0,0.0,0.0,0.0,8.0,0.0
32,171,OMP,baseline,7560.0,768.0,2048.0,0.0,0.0,0.0,4224.0,264.0,0.0,0.0,0.0,256.0,0.0
32,171,OMP,optimized,10000.0,768.0,0.0,256.0,8192.0,256.0,256.0,264.0,0.0,0.0,0.0,8.0,0.0
32,172,OMP,baseline,7560.0,768.0,2048.0,0.0,0.0,0.0,4224.0,264.0,0.0,0.0,0.0,256.0,0.0
32,172,OMP,optimized,10000.0,768.0,0.0,256.0,8192.0,256.0,256.0,264.0,0.0,0.0,0.0,8.0,0.0
32,173,OMP,baseline,7560.0,768.0,2048.0,0.0,0.0,0.0,4224.0,264.0,0.0,0.0,0.0,256.0,0.0
32,173,OMP,optimized,10000.0,768.0,0.0,256.0,8192.0,256.0,256.0,264.0,0.0,0.0,0.0,8.0,0.0
32,174,OMP,baseline,7560.0,768.0,2048.0,0.0,0.0,0.0,4224.0,264.0,0.0,0.0,0.0,256.0,0.0
32,174,OMP,optimized,10000.0,768.0,0.0,256.0,8192.0,256.0,256.0,264.0,0.0,0.0,0.0,8.0,0.0
32,175,OMP,baseline,7560.0,768.0,2048.0,0.0,0.0,0.0,4224.0,264.0,0.0,0.0,0.0,256.0,0.0
32,175,OMP,optimized,10000.0,768.0,0.0,256.0,8192.0,256.0,256.0,264.0,0.0,0.0,0.0,8.0,0.0
32,176,OMP,baseline,7560.0,768.0,2048.0,0.0,0.0,0.0,4224.0,264.0,0.0,0.0,0.0,256.0,0.0
32,176,OMP,optimized,10000.0,768.0,0.0,256.0,8192.0,256.0,256.0,264.0,0.0,0.0,0.0,8.0,0.0
32,177,OMP,baseline,7560.0,768.0,2048.0,0.0,0.0,0.0,4224.0,264.0,0.0,0.0,0.0,256.0,0.0
32,177,OMP,optimized,10000.0,768.0,0.0,256.0,8192.0,256.0,256.0,264.0,0.0,0.0,0.0,8.0,0.0
32,178,OMP,baseline,7560.0,768.0,2048.0,0.0,0.0,0.0,4224.0,264.0,0.0,0.0,0.0,256.0,0.0
32,178,OMP,optimized,10000.0,768.0,0.0,256.0,8192.0,256.0,256.0,264.0,0.0,0.0,0.0,8.0,0.0
32,179,OMP,baseline,7560.0,768.0,2048.0,0.0,0.0,0.0,4224.0,264.0,0.0,0.0,0.0,256.0,0.0
32,179,OMP,optimized,10000.0,768.0,0.0,256.0,8192.0,256.0,256.0,264.0,0.0,0.0,0.0,8.0,0.0
32,180,OMP,baseline,7560.0,768.0,2048.0,0.0,0.0,0.0,4224.0,264.0,0.0,0.0,0.0,256.0,0.0
32,180,OMP,optimized,10000.0,768.0,0.0,256.0,8192.0,256.0,256.0,264.0,0.0,0.0,0.0,8.0,0.0
32,181,OMP,baseline,7560.0,768.0,2048.0,0.0,0.0,0.0,4224.0,264.0,0.0,0.0,0.0,256.0,0.0
32,181,OMP,optimized,10000.0,768.0,0.0,256.0,8192.0,256.0,256.0,264.0,0.0,0.0,0.0,8.0,0.0
32,182,OMP,baseline,7560.0,768.0,2048.0,0.0,0.0,0.0,4224.0,264.0,0.0,0.0,0.0,256.0,0.0
32,182,OMP,optimized,10000.0,768.0,0.0,256.0,8192.0,256.0,256.0,264.0,0.0,0.0,0.0,8.0,0.0
32,183,OMP,baseline,7560.0,768.0,2048.0,0.0,0.0,0.0,4224.0,264.0,0.0,0.0,0.0,256.0,0.0
32,183,OMP,optimized,10000.0,768.0,0.0,256.0,8192.0,256.0,256.0,264.0,0.0,0.0,0.0,8.0,0.0
32,184,OMP,baseline,7560.0,768.0,2048.0,0.0,0.0,0.0,4224.0,264.0,0.0,0.0,0.0,256.0,0.0
32,184,OMP,optimized,10000.0,768.0,0.0,256.0,8192.0,256.0,256.0,264.0,0.0,0.0,0.0,8.0,0.0
32,185,OMP,baseline,7560.0,768.0,2048.0,0.0,0.0,0.0,4224.0,264.0,0.0,0.0,0.0,256.0,0.0
32,185,OMP,optimized,10000.0,768.0,0.0,256.0,8192.0,256.0,256.0,264.0,0.0,0.0,0.0,8.0,0.0
32,186,OMP,baseline,7560.0,768.0,2048.0,0.0,0.0,0.0,4224.0,264.0,0.0,0.0,0.0,256.0,0.0
32,186,OMP,optimized,10000.0,768.0,0.0,256.0,8192.0,256.0,256.0,264.0,0.0,0.0,0.0,8.0,0.0
32,187,OMP,baseline,7560.0,768.0,2048.0,0.0,0.0,0.0,4224.0,264.0,0.0,0.0,0.0,256.0,0.0
32,187,OMP,optimized,10000.0,768.0,0.0,256.0,8192.0,256.0,256.0,264.0,0.0,0.0,0.0,8.0,0.0
32,188,OMP,baseline,7560.0,768.0,2048.0,0.0,0.0,0.0,4224.0,264.0,0.0,0.0,0.0,256.0,0.0
32,188,OMP,optimized,10000.0,768.0,0.0,256.0,8192.0,256.0,256.0,264.0,0.0,0.0,0.0,8.0,0.0
32,189,OMP,baseline,7560.0,768.0,2048.0,0.0,0.0,0.0,4224.0,264.0,0.0,0.0,0.0,256.0,0.0
32,189,OMP,optimized,10000.0,768.0,0.0,256.0,8192.0,256.0,256.0,264.0,0.0,0.0,0.0,8.0,0.0
32,190,OMP,baseline,7560.0,768.0,2048.0,0.0,0.0,0.0,4224.0,264.0,0.0,0.0,0.0,256.0,0.0
32,190,OMP,optimized,10000.0,768.0,0.0,256.0,8192.0,256.0,256.0,264.0,0.0,0.0,0.0,8.0,0.0
32,191,OMP,baseline,7560.0,768.0,2048.0,0.0,0.0,0.0,4224.0,264.0,0.0,0.0,0.0,256.0,0.0
32,191,OMP,optimized,10000.0,768.0,0.0,256.0,8192.0,256.0,256.0,264.0,0.0,0.0,0.0,8.0,0.0
32,192,OMP,baseline,7560.0,768.0,2048.0,0.0,0.0,0.0,4224.0,264.0,0.0,0.0,0.0,256.0,0.0
32,192,OMP,optimized,10000.0,768.0,0.0,256.0,8192.0,256.0,256.0,264.0,0.0,0.0,0.0,8.0,0.0
32,193,OMP,baseline,7560.0,768.0,2048.0,0.0,0.0,0.0,4224.0,264.0,0.0,0.0,0.0,256.0,0.0
32,193,OMP,optimized,10000.0,768.0,0.0,256.0,8192.0,256.0,256.0,264.0,0.0,0.0,0.0,8.0,0.0
32,194,OMP,baseline,7560.0,768.0,2048.0,0.0,0.0,0.0,4224.0,264.0,0.0,0.0,0.0,256.0,0.0
32,194,OMP,optimized,10000.0,768.0,0.0,256.0,8192.0,256.0,256.0,264.0,0.0,0.0,0.0,8.0,0.0
32,195,OMP,baseline,7560.0,768.0,2048.0,0.0,0.0,0.0,4224.0,264.0,0.0,0.0,0.0,256.0,0.0
32,195,OMP,optimized,10000.0,768.0,0.0,256.0,8192.0,256.0,256.0,264.0,0.0,0.0,0.0,8.0,0.0
32,196,OMP,baseline,7560.0,768.0,2048.0,0.0,0.0,0.0,4224.0,264.0,0.0,0.0,0.0,256.0,0.0
32,196,OMP,optimized,10000.0,768.0,0.0,256.0,8192.0,256.0,256.0,264.0,0.0,0.0,0.0,8.0,0.0
32,197,OMP,baseline,7560.0,768.0,2048.0,0.0,0.0,0.0,4224.0,264.0,0.0,0.0,0.0,256.0,0.0
32,197,OMP,optimized,10000.0,768.0,0.0,256.0,8192.0,256.0,256.0,264.0,0.0,0.0,0.0,8.0,0.0
32,198,OMP,baseline,7560.0,768.0,2048.0,0.0,0.0,0.0,4224.0,264.0,0.0,0.0,0.0,256.0,0.0
32,198,OMP,optimized,10000.0,768.0,0.0,256.0,8192.0,256.0,256.0,264.0,0.0,0.0,0.0,8.0,0.0
32,199,OMP,baseline,7560.0,768.0,2048.0,0.0,0.0,0.0,4224.0,264.0,0.0,0.0,0.0,256.0,0.0
32,199,OMP,optimized,10000.0,768.0,0.0,256.0,8192.0,256.0,256.0,264.0,0.0,0.0,0.0,8.0,0.0
32,200,OMP,baseline,7560.0,768.0,2048.0,0.0,0.0,0.0,4224.0,264.0,0.0,0.0,0.0,256.0,0.0
32,200,OMP,optimized,10000.0,768.0,0.0,256.0,8192.0,256.0,256.0,264.0,0.0,0.0,0.0,8.0,0.0
32,201,OMP,baseline,7560.0,768.0,2048.0,0.0,0.0,0.0,4224.0,264.0,0.0,0.0,0.0,256.0,0.0
32,201,OMP,optimized,10000.0,768.0,0.0,256.0,8192.0,256.0,256.0,264.0,0.0,0.0,0.0,8.0,0.0
32,202,OMP,baseline,7560.0,768.0,2048.0,0.0,0.0,0.0,4224.0,264.0,0.0,0.0,0.0,256.0,0.0
32,202,OMP,optimized,10000.0,768.0,0.0,256.0,8192.0,256.0,256.0,264.0,0.0,0.0,0.0,8.0,0.0
32,203,OMP,baseline,7560.0,768.0,2048.0,0.0,0.0,0.0,4224.0,264.0,0.0,0.0,0.0,256.0,0.0
32,203,OMP,optimized,10000.0,768.0,0.0,256.0,8192.0,256.0,256.0,264.0,0.0,0.0,0.0,8.0,0.0
32,204,OMP,baseline,7560.0,768.0,2048.0,0.0,0.0,0.0,4224.0,264.0,0.0,0.0,0.0,256.0,0.0
32,204,OMP,optimized,10000.0,768.0,0.0,256.0,8192.0,256.0,256.0,264.0,0.0,0.0,0.0,8.0,0.0
32,205,OMP,baseline,7560.0,768.0,2048.0,0.0,0.0,0.0,4224.0,264.0,0.0,0.0,0.0,256.0,0.0
32,205,OMP,optimized,10000.0,768.0,0.0,256.0,8192.0,256.0,256.0,264.0,0.0,0.0,0.0,8.0,0.0
32,206,OMP,baseline,7560.0,768.0,2048.0,0.0,0.0,0.0,4224.0,264.0,0.0,0.0,0.0,256.0,0.0
32,206,OMP,optimized,10000.0,768.0,0.0,256.0,8192.0,256.0,256.0,264.0,0.0,0.0,0.0,8.0,0.0
32,207,OMP,baseline,7560.0,768.0,2048.0,0.0,0.0,0.0,4224.0,264.0,0.0,0.0,0.0,256.0,0.0
32,207,OMP,optimized,10000.0,768.0,0.0,256.0,8192.0,256.0,256.0,264.0,0.0,0.0,0.0,8.0,0.0
32,208,OMP,baseline,7560.0,768.0,2048.0,0.0,0.0,0.0,4224.0,264.0,0.0,0.0,0.0,256.0,0.0
32,208,OMP,optimized,10000.0,768.0,0.0,256.0,8192.0,256.0,256.0,264.0,0.0,0.0,0.0,8.0,0.0
32,209,OMP,baseline,7560.0,768.0,2048.0,0.0,0.0,0.0,4224.0,264.0,0.0,0.0,0.0,256.0,0.0
32,209,OMP,optimized,10000.0,768.0,0.0,256.0,8192.0,256.0,256.0,264.0,0.0,0.0,0.0,8.0,0.0
32,210,OMP,baseline,7560.0,768.0,2048.0,0.0,0.0,0.0,4224.0,264.0,0.0,0.0,0.0,256.0,0.0
32,210,OMP,optimized,10000.0,768.0,0.0,256.0,8192.0,256.0,256.0,264.0,0.0,0.0,0.0,8.0,0.0
32,211,OMP,baseline,7560.0,768.0,2048.0,0.0,0.0,0.0,4224.0,264.0,0.0,0.0,0.0,256.0,0.0
32,211,OMP,optimized,10000.0,768.0,0.0,256.0,8192.0,256.0,256.0,264.0,0.0,0.0,0.0,8.0,0.0
32,212,OMP,baseline,7560.0,768.0,2048.0,0.0,0.0,0.0,4224.0,264.0,0.0,0.0,0.0,256.0,0.0
32,212,OMP,optimized,10000.0,768.0,0.0,256.0,8192.0,256.0,256.0,264.0,0.0,0.0,0.0,8.0,0.0
32,213,OMP,baseline,7560.0,768.0,2048.0,0.0,0.0,0.0,4224.0,264.0,0.0,0.0,0.0,256.0,0.0
32,213,OMP,optimized,10000.0,768.0,0.0,256.0,8192.0,256.0,256.0,264.0,0.0,0.0,0.0,8.0,0.0
32,214,OMP,baseline,7560.0,768.0,2048.0,0.0,0.0,0.0,4224.0,264.0,0.0,0.0,0.0,256.0,0.0
32,214,OMP,optimized,10000.0,768.0,0.0,256.0,8192.0,256.0,256.0,264.0,0.0,0.0,0.0,8.0,0.0
32,215,OMP,baseline,7560.0,768.0,2048.0,0.0,0.0,0.0,4224.0,264.0,0.0,0.0,0.0,256.0,0.0
32,215,OMP,optimized,10000.0,768.0,0.0,256.0,8192.0,256.0,256.0,264.0,0.0,0.0,0.0,8.0,0.0
32,216,OMP,baseline,7560.0,768.0,2048.0,0.0,0.0,0.0,4224.0,264.0,0.0,0.0,0.0,256.0,0.0
32,216,OMP,optimized,10000.0,768.0,0.0,256.0,8192.0,256.0,256.0,264.0,0.0,0.0,0.0,8.0,0.0
32,217,OMP,baseline,7560.0,768.0,2048.0,0.0,0.0,0.0,4224.0,264.0,0.0,0.0,0.0,256.0,0.0
32,217,OMP,optimized,10000.0,768.0,0.0,256.0,8192.0,256.0,256.0,264.0,0.0,0.0,0.0,8.0,0.0
32,218,OMP,baseline,7560.0,768.0,2048.0,0.0,0.0,0.0,4224.0,264.0,0.0,0.0,0.0,256.0,0.0
32,218,OMP,optimized,10000.0,768.0,0.0,256.0,8192.0,256.0,256.0,264.0,0.0,0.0,0.0,8.0,0.0
32,219,OMP,baseline,7560.0,768.0,2048.0,0.0,0.0,0.0,4224.0,264.0,0.0,0.0,0.0,256.0,0.0
32,219,OMP,optimized,10000.0,768.0,0.0,256.0,8192.0,256.0,256.0,264.0,0.0,0.0,0.0,8.0,0.0
32,220,OMP,baseline,7560.0,768.0,2048.0,0.0,0.0,0.0,4224.0,264.0,0.0,0.0,0.0,256.0,0.0
32,220,OMP,optimized,10000.0,768.0,0.0,256.0,8192.0,256.0,256.0,264.0,0.0,0.0,0.0,8.0,0.0
32,221,OMP,baseline,7560.0,768.0,2048.0,0.0,0.0,0.0,4224.0,264.0,0.0,0.0,0.0,256.0,0.0
32,221,OMP,optimized,10000.0,768.0,0.0,256.0,8192.0,256.0,256.0,264.0,0.0,0.0,0.0,8.0,0.0
32,222,OMP,baseline,7560.0,768.0,2048.0,0.0,0.0,0.0,4224.0,264.0,0.0,0.0,0.0,256.0,0.0
32,222,OMP,optimized,10000.0,768.0,0.0,256.0,8192.0,256.0,256.0,264.0,0.0,0.0,0.0,8.0,0.0
32,223,OMP,baseline,7560.0,768.0,2048.0,0.0,0.0,0.0,4224.0,264.0,0.0,0.0,0.0,256.0,0.0
32,223,OMP,optimized,10000.0,768.0,0.0,256.0,8192.0,256.0,256.0,264.0,0.0,0.0,0.0,8.0,0.0
32,224,OMP,baseline,7560.0,768.0,2048.0,0.0,0.0,0.0,4224.0,264.0,0.0,0.0,0.0,256.0,0.0
32,224,OMP,optimized,10000.0,768.0,0.0,256.0,8192.0,256.0,256.0,264.0,0.0,0.0,0.0,8.0,0.0
32,225,OMP,baseline,7560.0,768.0,2048.0,0.0,0.0,0.0,4224.0,264.0,0.0,0.0,0.0,256.0,0.0
32,225,OMP,optimized,10000.0,768.0,0.0,256.0,8192.0,256.0,256.0,264.0,0.0,0.0,0.0,8.0,0.0
32,226,OMP,baseline,7560.0,768.0,2048.0,0.0,0.0,0.0,4224.0,264.0,0.0,0.0,0.0,256.0,0.0
32,226,OMP,optimized,10000.0,768.0,0.0,256.0,8192.0,256.0,256.0,264.0,0.0,0.0,0.0,8.0,0.0
32,227,OMP,baseline,7560.0,768.0,2048.0,0.0,0.0,0.0,4224.0,264.0,0.0,0.0,0.0,256.0,0.0
32,227,OMP,optimized,10000.0,768.0,0.0,256.0,8192.0,256.0,256.0,264.0,0.0,0.0,0.0,8.0,0.0
32,228,OMP,baseline,7560.0,768.0,2048.0,0.0,0.0,0.0,4224.0,264.0,0.0,0.0,0.0,256.0,0.0
32,228,OMP,optimized,10000.0,768.0,0.0,256.0,8192.0,256.0,256.0,264.0,0.0,0.0,0.0,8.0,0.0
32,229,OMP,baseline,7560.0,768.0,2048.0,0.0,0.0,0.0,4224.0,264.0,0.0,0.0,0.0,256.0,0.0
32,229,OMP,optimized,10000.0,768.0,0.0,256.0,8192.0,256.0,256.0,264.0,0.0,0.0,0.0,8.0,0.0
32,230,OMP,baseline,7560.0,768.0,2048.0,0.0,0.0,0.0,4224.0,264.0,0.0,0.0,0.0,256.0,0.0
32,230,OMP,optimized,10000.0,768.0,0.0,256.0,8192.0,256.0,256.0,264.0,0.0,0.0,0.0,8.0,0.0
32,231,OMP,baseline,7560.0,768.0,2048.0,0.0,0.0,0.0,4224.0,264.0,0.0,0.0,0.0,256.0,0.0
32,231,OMP,optimized,10000.0,768.0,0.0,256.0,8192.0,256.0,256.0,264.0,0.0,0.0,0.0,8.0,0.0
32,232,OMP,baseline,7560.0,768.0,2048.0,0.0,0.0,0.0,4224.0,264.0,0.0,0.0,0.0,256.0,0.0
32,232,OMP,optimized,10000.0,768.0,0.0,256.0,8192.0,256.0,256.0,264.0,0.0,0.0,0.0,8.0,0.0
32,233,OMP,baseline,7560.0,768.0,2048.0,0.0,0.0,0.0,4224.0,264.0,0.0,0.0,0.0,256.0,0.0
32,233,OMP,optimized,10000.0,768.0,0.0,256.0,8192.0,256.0,256.0,264.0,0.0,0.0,0.0,8.0,0.0
32,234,OMP,baseline,7560.0,768.0,2048.0,0.0,0.0,0.0,4224.0,264.0,0.0,0.0,0.0,256.0,0.0
32,234,OMP,optimized,10000.0,768.0,0.0,256.0,8192.0,256.0,256.0,264.0,0.0,0.0,0.0,8.0,0.0
32,235,OMP,baseline,7560.0,768.0,2048.0,0.0,0.0,0.0,4224.0,264.0,0.0,0.0,0.0,256.0,0.0
32,235,OMP,optimized,10000.0,768.0,0.0,256.0,8192.0,256.0,256.0,264.0,0.0,0.0,0.0,8.0,0.0
32,236,OMP,baseline,7560.0,768.0,2048.0,0.0,0.0,0.0,4224.0,264.0,0.0,0.0,0.0,256.0,0.0
32,236,OMP,optimized,10000.0,768.0,0.0,256.0,8192.0,256.0,256.0,264.0,0.0,0.0,0.0,8.0,0.0
32,237,OMP,baseline,7560.0,768.0,2048.0,0.0,0.0,0.0,4224.0,264.0,0.0,0.0,0.0,256.0,0.0
32,237,OMP,optimized,10000.0,768.0,0.0,256.0,8192.0,256.0,256.0,264.0,0.0,0.0,0.0,8.0,0.0
32,238,OMP,baseline,7560.0,768.0,2048.0,0.0,0.0,0.0,4224.0,264.0,0.0,0.0,0.0,256.0,0.0
32,238,OMP,optimized,10000.0,768.0,0.0,256.0,8192.0,256.0,256.0,264.0,0.0,0.0,0.0,8.0,0.0
32,239,OMP,baseline,7560.0,768.0,2048.0,0.0,0.0,0.0,4224.0,264.0,0.0,0.0,0.0,256.0,0.0
32,239,OMP,optimized,10000.0,768.0,0.0,256.0,8192.0,256.0,256.0,264.0,0.0,0.0,0.0,8.0,0.0
32,240,OMP,baseline,7560.0,768.0,2048.0,0.0,0.0,0.0,4224.0,264.0,0.0,0.0,0.0,256.0,0.0
32,240,OMP,optimized,10000.0,768.0,0.0,256.0,8192.0,256.0,256.0,264.0,0.0,0.0,0.0,8.0,0.0
32,241,OMP,baseline,7560.0,768.0,2048.0,0.0,0.0,0.0,4224.0,264.0,0.0,0.0,0.0,256.0,0.0
32,241,OMP,optimized,10000.0,768.0,0.0,256.0,8192.0,256.0,256.0,264.0,0.0,0.0,0.0,8.0,0.0
32,242,OMP,baseline,7560.0,768.0,2048.0,0.0,0.0,0.0,4224.0,264.0,0.0,0.0,0.0,256.0,0.0
32,242,OMP,optimized,10000.0,768.0,0.0,256.0,8192.0,256.0,256.0,264.0,0.0,0.0,0.0,8.0,0.0
32,243,OMP,baseline,7560.0,768.0,2048.0,0.0,0.0,0.0,4224.0,264.0,0.0,0.0,0.0,256.0,0.0
32,243,OMP,optimized,10000.0,768.0,0.0,256.0,8192.0,256.0,256.0,264.0,0.0,0.0,0.0,8.0,0.0
32,244,OMP,baseline,7560.0,768.0,2048.0,0.0,0.0,0.0,4224.0,264.0,0.0,0.0,0.0,256.0,0.0
32,244,OMP,optimized,10000.0,768.0,0.0,256.0,8192.0,256.0,256.0,264.0,0.0,0.0,0.0,8.0,0.0
32,245,OMP,baseline,7560.0,768.0,2048.0,0.0,0.0,0.0,4224.0,264.0,0.0,0.0,0.0,256.0,0.0
32,245,OMP,optimized,10000.0,768.0,0.0,256.0,8192.0,256.0,256.0,264.0,0.0,0.0,0.0,8.0,0.0
32,246,OMP,baseline,7560.0,768.0,2048.0,0.0,0.0,0.0,4224.0,264.0,0.0,0.0,0.0,256.0,0.0
32,246,OMP,optimized,10000.0,768.0,0.0,256.0,8192.0,256.0,256.0,264.0,0.0,0.0,0.0,8.0,0.0
32,247,OMP,baseline,7560.0,768.0,2048.0,0.0,0.0,0.0,4224.0,264.0,0.0,0.0,0.0,256.0,0.0
32,247,OMP,optimized,10000.0,768.0,0.0,256.0,8192.0,256.0,256.0,264.0,0.0,0.0,0.0,8.0,0.0
32,248,OMP,baseline,7560.0,768.0,2048.0,0.0,0.0,0.0,4224.0,264.0,0.0,0.0,0.0,256.0,0.0
32,248,OMP,optimized,10000.0,768.0,0.0,256.0,8192.0,256.0,256.0,264.0,0.0,0.0,0.0,8.0,0.0
32,249,OMP,baseline,7560.0,768.0,2048.0,0.0,0.0,0.0,4224.0,264.0,0.0,0.0,0.0,256.0,0.0
32,249,OMP,optimized,10000.0,768.0,0.0,256.0,8192.0,256.0,256.0,264.0,0.0,0.0,0.0,8.0,0.0
32,250,OMP,baseline,7560.0,768.0,2048.0,0.0,0.0,0.0,4224.0,264.0,0.0,0.0,0.0,256.0,0.0
32,250,OMP,optimized,10000.0,768.0,0.0,256.0,8192.0,256.0,256.0,264.0,0.0,0.0,0.0,8.0,0.0
32,251,OMP,baseline,7560.0,768.0,2048.0,0.0,0.0,0.0,4224.0,264.0,0.0,0.0,0.0,256.0,0.0
32,251,OMP,optimized,10000.0,768.0,0.0,256.0,8192.0,256.0,256.0,264.0,0.0,0.0,0.0,8.0,0.0
32,252,OMP,baseline,7560.0,768.0,2048.0,0.0,0.0,0.0,4224.0,264.0,0.0,0.0,0.0,256.0,0.0
32,252,OMP,optimized,10000.0,768.0,0.0,256.0,8192.0,256.0,256.0,264.0,0.0,0.0,0.0,8.0,0.0
32,253,OMP,baseline,7560.0,768.0,2048.0,0.0,0.0,0.0,4224.0,264.0,0.0,0.0,0.0,256.0,0.0
32,253,OMP,optimized,10000.0,768.0,0.0,256.0,8192.0,256.0,256.0,264.0,0.0,0.0,0.0,8.0,0.0
32,254,OMP,baseline,7560.0,768.0,2048.0,0.0,0.0,0.0,4224.0,264.0,0.0,0.0,0.0,256.0,0.0
32,254,OMP,optimized,10000.0,768.0,0.0,256.0,8192.0,256.0,256.0,264.0,0.0,0.0,0.0,8.0,0.0
32,255,OMP,baseline,7560.0,768.0,2048.0,0.0,0.0,0.0,4224.0,264.0,0.0,0.0,0.0,256.0,0.0
32,255,OMP,optimized,10000.0,768.0,0.0,256.0,8192.0,256.0,256.0,264.0,0.0,0.0,0.0,8.0,0.0
32,256,OMP,baseline,7560.0,768.0,2048.0,0.0,0.0,0.0,4224.0,264.0,0.0,0.0,0.0,256.0,0.0
32,256,OMP,optimized,10000.0,768.0,0.0,256.0,8192.0,256.0,256.0,264.0,0.0,0.0,0.0,8.0,0.0
32,257,OMP,baseline,7560.0,768.0,2048.0,0.0,0.0,0.0,4224.0,264.0,0.0,0.0,0.0,256.0,0.0
32,257,OMP,optimized,10000.0,768.0,0.0,256.0,8192.0,256.0,256.0,264.0,0.0,0.0,0.0,8.0,0.0
32,258,OMP,baseline,7560.0,768.0,2048.0,0.0,0.0,0.0,4224.0,264.0,0.0,0.0,0.0,256.0,0.0
32,258,OMP,optimized,10000.0,768.0,0.0,256.0,8192.0,256.0,256.0,264.0,0.0,0.0,0.0,8.0,0.0
32,259,OMP,baseline,7560.0,768.0,2048.0,0.0,0.0,0.0,4224.0,264.0,0.0,0.0,0.0,256.0,0.0
32,259,OMP,optimized,10000.0,768.0,0.0,256.0,8192.0,256.0,256.0,264.0,0.0,0.0,0.0,8.0,0.0
32,260,OMP,baseline,7560.0,768.0,2048.0,0.0,0.0,0.0,4224.0,264.0,0.0,0.0,0.0,256.0,0.0
32,260,OMP,optimized,10000.0,768.0,0.0,256.0,8192.0,256.0,256.0,264.0,0.0,0.0,0.0,8.0,0.0
32,261,OMP,baseline,7560.0,768.0,2048.0,0.0,0.0,0.0,4224.0,264.0,0.0,0.0,0.0,256.0,0.0
32,261,OMP,optimized,10000.0,768.0,0.0,256.0,8192.0,256.0,256.0,264.0,0.0,0.0,0.0,8.0,0.0
32,262,OMP,baseline,7560.0,768.0,2048.0,0.0,0.0,0.0,4224.0,264.0,0.0,0.0,0.0,256.0,0.0
32,262,OMP,optimized,10000.0,768.0,0.0,256.0,8192.0,256.0,256.0,264.0,0.0,0.0,0.0,8.0,0.0
32,263,OMP,baseline,7560.0,768.0,2048.0,0.0,0.0,0.0,4224.0,264.0,0.0,0.0,0.0,256.0,0.0
32,263,OMP,optimized,10000.0,768.0,0.0,256.0,8192.0,256.0,256.0,264.0,0.0,0.0,0.0,8.0,0.0
32,264,OMP,baseline,7560.0,768.0,2048.0,0.0,0.0,0.0,4224.0,264.0,0.0,0.0,0.0,256.0,0.0
32,264,OMP,optimized,10000.0,768.0,0.0,256.0,8192.0,256.0,256.0,264.0,0.0,0.0,0.0,8.0,0.0
32,265,OMP,baseline,7560.0,768.0,2048.0,0.0,0.0,0.0,4224.0,264.0,0.0,0.0,0.0,256.0,0.0
32,265,OMP,optimized,10000.0,768.0,0.0,256.0,8192.0,256.0,256.0,264.0,0.0,0.0,0.0,8.0,0.0
32,266,OMP,baseline,7560.0,768.0,2048.0,0.0,0.0,0.0,4224.0,264.0,0.0,0.0,0.0,256.0,0.0
32,266,OMP,optimized,10000.0,768.0,0.0,256.0,8192.0,256.0,256.0,264.0,0.0,0.0,0.0,8.0,0.0
32,267,OMP,baseline,7560.0,768.0,2048.0,0.0,0.0,0.0,4224.0,264.0,0.0,0.0,0.0,256.0,0.0
32,267,OMP,optimized,10000.0,768.0,0.0,256.0,8192.0,256.0,256.0,264.0,0.0,0.0,0.0,8.0,0.0
32,268,OMP,baseline,7560.0,768.0,2048.0,0.0,0.0,0.0,4224.0,264.0,0.0,0.0,0.0,256.0,0.0
32,268,OMP,optimized,10000.0,768.0,0.0,256.0,8192.0,256.0,256.0,264.0,0.0,0.0,0.0,8.0,0.0
32,269,OMP,baseline,7560.0,768.0,2048.0,0.0,0.0,0.0,4224.0,264.0,0.0,0.0,0.0,256.0,0.0
32,269,OMP,optimized,10000.0,768.0,0.0,256.0,8192.0,256.0,256.0,264.0,0.0,0.0,0.0,8.0,0.0
32,270,OMP,baseline,7560.0,768.0,2048.0,0.0,0.0,0.0,4224.0,264.0,0.0,0.0,0.0,256.0,0.0
32,270,OMP,optimized,10000.0,768.0,0.0,256.0,8192.0,256.0,256.0,264.0,0.0,0.0,0.0,8.0,0.0
32,271,OMP,baseline,7560.0,768.0,2048.0,0.0,0.0,0.0,4224.0,264.0,0.0,0.0,0.0,256.0,0.0
32,271,OMP,optimized,10000.0,768.0,0.0,256.0,8192.0,256.0,256.0,264.0,0.0,0.0,0.0,8.0,0.0
32,272,OMP,baseline,7560.0,768.0,2048.0,0.0,0.0,0.0,4224.0,264.0,0.0,0.0,0.0,256.0,0.0
32,272,OMP,optimized,10000.0,768.0,0.0,256.0,8192.0,256.0,256.0,264.0,0.0,0.0,0.0,8.0,0.0
32,273,OMP,baseline,7560.0,768.0,2048.0,0.0,0.0,0.0,4224.0,264.0,0.0,0.0,0.0,256.0,0.0
32,273,OMP,optimized,10000.0,768.0,0.0,256.0,8192.0,256.0,256.0,264.0,0.0,0.0,0.0,8.0,0.0
32,274,OMP,baseline,7560.0,768.0,2048.0,0.0,0.0,0.0,4224.0,264.0,0.0,0.0,0.0,256.0,0.0
32,274,OMP,optimized,10000.0,768.0,0.0,256.0,8192.0,256.0,256.0,264.0,0.0,0.0,0.0,8.0,0.0
32,275,OMP,baseline,7560.0,768.0,2048.0,0.0,0.0,0.0,4224.0,264.0,0.0,0.0,0.0,256.0,0.0
32,275,OMP,optimized,10000.0,768.0,0.0,256.0,8192.0,256.0,256.0,264.0,0.0,0.0,0.0,8.0,0.0
32,276,OMP,baseline,7560.0,768.0,2048.0,0.0,0.0,0.0,4224.0,264.0,0.0,0.0,0.0,256.0,0.0
32,276,OMP,optimized,10000.0,768.0,0.0,256.0,8192.0,256.0,256.0,264.0,0.0,0.0,0.0,8.0,0.0
32,277,OMP,baseline,7560.0,768.0,2048.0,0.0,0.0,0.0,4224.0,264.0,0.0,0.0,0.0,256.0,0.0
32,277,OMP,optimized,10000.0,768.0,0.0,256.0,8192.0,256.0,256.0,264.0,0.0,0.0,0.0,8.0,0.0
32,278,OMP,baseline,7560.0,768.0,2048.0,0.0,0.0,0.0,4224.0,264.0,0.0,0.0,0.0,256.0,0.0
32,278,OMP,optimized,10000.0,768.0,0.0,256.0,8192.0,256.0,256.0,264.0,0.0,0.0,0.0,8.0,0.0
32,279,OMP,baseline,7560.0,768.0,2048.0,0.0,0.0,0.0,4224.0,264.0,0.0,0.0,0.0,256.0,0.0
32,279,OMP,optimized,10000.0,768.0,0.0,256.0,8192.0,256.0,256.0,264.0,0.0,0.0,0.0,8.0,0.0
32,280,OMP,baseline,7560.0,768.0,2048.0,0.0,0.0,0.0,4224.0,264.0,0.0,0.0,0.0,256.0,0.0
32,280,OMP,optimized,10000.0,768.0,0.0,256.0,8192.0,256.0,256.0,264.0,0.0,0.0,0.0,8.0,0.0
32,281,OMP,baseline,7560.0,768.0,2048.0,0.0,0.0,0.0,4224.0,264.0,0.0,0.0,0.0,256.0,0.0
32,281,OMP,optimized,10000.0,768.0,0.0,256.0,8192.0,256.0,256.0,264.0,0.0,0.0,0.0,8.0,0.0
32,282,OMP,baseline,7560.0,768.0,2048.0,0.0,0.0,0.0,4224.0,264.0,0.0,0.0,0.0,256.0,0.0
32,282,OMP,optimized,10000.0,768.0,0.0,256.0,8192.0,256.0,256.0,264.0,0.0,0.0,0.0,8.0,0.0
32,283,OMP,baseline,7560.0,768.0,2048.0,0.0,0.0,0.0,4224.0,264.0,0.0,0.0,0.0,256.0,0.0
32,283,OMP,optimized,10000.0,768.0,0.0,256.0,8192.0,256.0,256.0,264.0,0.0,0.0,0.0,8.0,0.0
32,284,OMP,baseline,7560.0,768.0,2048.0,0.0,0.0,0.0,4224.0,264.0,0.0,0.0,0.0,256.0,0.0
32,284,OMP,optimized,10000.0,768.0,0.0,256.0,8192.0,256.0,256.0,264.0,0.0,0.0,0.0,8.0,0.0
32,285,OMP,baseline,7560.0,768.0,2048.0,0.0,0.0,0.0,4224.0,264.0,0.0,0.0,0.0,256.0,0.0
32,285,OMP,optimized,10000.0,768.0,0.0,256.0,8192.0,256.0,256.0,264.0,0.0,0.0,0.0,8.0,0.0
32,286,OMP,baseline,7560.0,768.0,2048.0,0.0,0.0,0.0,4224.0,264.0,0.0,0.0,0.0,256.0,0.0
32,286,OMP,optimized,10000.0,768.0,0.0,256.0,8192.0,256.0,256.0,264.0,0.0,0.0,0.0,8.0,0.0
32,287,OMP,baseline,7560.0,768.0,2048.0,0.0,0.0,0.0,4224.0,264.0,0.0,0.0,0.0,256.0,0.0
32,287,OMP,optimized,10000.0,768.0,0.0,256.0,8192.0,256.0,256.0,264.0,0.0,0.0,0.0,8.0,0.0
32,288,OMP,baseline,7560.0,768.0,2048.0,0.0,0.0,0.0,4224.0,264.0,0.0,0.0,0.0,256.0,0.0
32,288,OMP,optimized,10000.0,768.0,0.0,256.0,8192.0,256.0,256.0,264.0,0.0,0.0,0.0,8.0,0.0
32,289,OMP,baseline,7560.0,768.0,2048.0,0.0,0.0,0.0,4224.0,264.0,0.0,0.0,0.0,256.0,0.0
32,289,OMP,optimized,10000.0,768.0,0.0,256.0,8192.0,256.0,256.0,264.0,0.0,0.0,0.0,8.0,0.0
32,290,OMP,baseline,7560.0,768.0,2048.0,0.0,0.0,0.0,4224.0,264.0,0.0,0.0,0.0,256.0,0.0
32,290,OMP,optimized,10000.0,768.0,0.0,256.0,8192.0,256.0,256.0,264.0,0.0,0.0,0.0,8.0,0.0
32,291,OMP,baseline,7560.0,768.0,2048.0,0.0,0.0,0.0,4224.0,264.0,0.0,0.0,0.0,256.0,0.0
32,291,OMP,optimized,10000.0,768.0,0.0,256.0,8192.0,256.0,256.0,264.0,0.0,0.0,0.0,8.0,0.0
32,292,OMP,baseline,7560.0,768.0,2048.0,0.0,0.0,0.0,4224.0,264.0,0.0,0.0,0.0,256.0,0.0
32,292,OMP,optimized,10000.0,768.0,0.0,256.0,8192.0,256.0,256.0,264.0,0.0,0.0,0.0,8.0,0.0
32,293,OMP,baseline,7560.0,768.0,2048.0,0.0,0.0,0.0,4224.0,264.0,0.0,0.0,0.0,256.0,0.0
32,293,OMP,optimized,10000.0,768.0,0.0,256.0,8192.0,256.0,256.0,264.0,0.0,0.0,0.0,8.0,0.0
32,294,OMP,baseline,7560.0,768.0,2048.0,0.0,0.0,0.0,4224.0,264.0,0.0,0.0,0.0,256.0,0.0
32,294,OMP,optimized,10000.0,768.0,0.0,256.0,8192.0,256.0,256.0,264.0,0.0,0.0,0.0,8.0,0.0
32,295,OMP,baseline,7560.0,768.0,2048.0,0.0,0.0,0.0,4224.0,264.0,0.0,0.0,0.0,256.0,0.0
32,295,OMP,optimized,10000.0,768.0,0.0,256.0,8192.0,256.0,256.0,264.0,0.0,0.0,0.0,8.0,0.0
32,296,OMP,baseline,7560.0,768.0,2048.0,0.0,0.0,0.0,4224.0,264.0,0.0,0.0,0.0,256.0,0.0
32,296,OMP,optimized,10000.0,768.0,0.0,256.0,8192.0,256.0,256.0,264.0,0.0,0.0,0.0,8.0,0.0
32,297,OMP,baseline,7560.0,768.0,2048.0,0.0,0.0,0.0,4224.0,264.0,0.0,0.0,0.0,256.0,0.0
32,297,OMP,optimized,10000.0,768.0,0.0,256.0,8192.0,256.0,256.0,264.0,0.0,0.0,0.0,8.0,0.0
32,298,OMP,baseline,7560.0,768.0,2048.0,0.0,0.0,0.0,4224.0,264.0,0.0,0.0,0.0,256.0,0.0
32,298,OMP,optimized,10000.0,768.0,0.0,256.0,8192.0,256.0,256.0,264.0,0.0,0.0,0.0,8.0,0.0
32,299,OMP,baseline,7560.0,768.0,2048.0,0.0,0.0,0.0,4224.0,264.0,0.0,0.0,0.0,256.0,0.0
32,299,OMP,optimized,10000.0,768.0,0.0,256.0,8192.0,256.0,256.0,264.0,0.0,0.0,0.0,8.0,0.0
36,0,OMP,baseline,8728.0,768.0,2048.0,0.0,0.0,0.0,5328.0,296.0,0.0,0.0,0.0,288.0,0.0
36,0,OMP,optimized,12272.0,768.0,0.0,256.0,10368.0,288.0,288.0,296.0,0.0,0.0,0.0,8.0,0.0
36,1,OMP,baseline,8728.0,768.0,2048.0,0.0,0.0,0.0,5328.0,296.0,0.0,0.0,0.0,288.0,0.0
36,1,OMP,optimized,12272.0,768.0,0.0,256.0,10368.0,288.0,288.0,296.0,0.0,0.0,0.0,8.0,0.0
36,2,OMP,baseline,8728.0,768.0,2048.0,0.0,0.0,0.0,5328.0,296.0,0.0,0.0,0.0,288.0,0.0
36,2,OMP,optimized,12272.0,768.0,0.0,256.0,10368.0,288.0,288.0,296.0,0.0,0.0,0.0,8.0,0.0
36,3,OMP,baseline,8728.0,768.0,2048.0,0.0,0.0,0.0,5328.0,296.0,0.0,0.0,0.0,288.0,0.0
36,3,OMP,optimized,12272.0,768.0,0.0,256.0,10368.0,288.0,288.0,296.0,0.0,0.0,0.0,8.0,0.0
36,4,OMP,baseline,8728.0,768.0,2048.0,0.0,0.0,0.0,5328.0,296.0,0.0,0.0,0.0,288.0,0.0
36,4,OMP,optimized,12272.0,768.0,0.0,256.0,10368.0,288.0,288.0,296.0,0.0,0.0,0.0,8.0,0.0
36,5,OMP,baseline,8728.0,768.0,2048.0,0.0,0.0,0.0,5328.0,296.0,0.0,0.0,0.0,288.0,0.0
36,5,OMP,optimized,12272.0,768.0,0.0,256.0,10368.0,288.0,288.0,296.0,0.0,0.0,0.0,8.0,0.0
36,6,OMP,baseline,8728.0,768.0,2048.0,0.0,0.0,0.0,5328.0,296.0,0.0,0.0,0.0,288.0,0.0
36,6,OMP,optimized,12272.0,768.0,0.0,256.0,10368.0,288.0,288.0,296.0,0.0,0.0,0.0,8.0,0.0
36,7,OMP,baseline,8728.0,768.0,2048.0,0.0,0.0,0.0,5328.0,296.0,0.0,0.0,0.0,288.0,0.0
36,7,OMP,optimized,12272.0,768.0,0.0,256.0,10368.0,288.0,288.0,296.0,0.0,0.0,0.0,8.0,0.0
36,8,OMP,baseline,8728.0,768.0,2048.0,0.0,0.0,0.0,5328.0,296.0,0.0,0.0,0.0,288.0,0.0
36,8,OMP,optimized,12272.0,768.0,0.0,256.0,10368.0,288.0,288.0,296.0,0.0,0.0,0.0,8.0,0.0
36,9,OMP,baseline,8728.0,768.0,2048.0,0.0,0.0,0.0,5328.0,296.0,0.0,0.0,0.0,288.0,0.0
36,9,OMP,optimized,12272.0,768.0,0.0,256.0,10368.0,288.0,288.0,296.0,0.0,0.0,0.0,8.0,0.0
36,10,OMP,baseline,8728.0,768.0,2048.0,0.0,0.0,0.0,5328.0,296.0,0.0,0.0,0.0,288.0,0.0
36,10,OMP,optimized,12272.0,768.0,0.0,256.0,10368.0,288.0,288.0,296.0,0.0,0.0,0.0,8.0,0.0
36,11,OMP,baseline,8728.0,768.0,2048.0,0.0,0.0,0.0,5328.0,296.0,0.0,0.0,0.0,288.0,0.0
36,11,OMP,optimized,12272.0,768.0,0.0,256.0,10368.0,288.0,288.0,296.0,0.0,0.0,0.0,8.0,0.0
36,12,OMP,baseline,8728.0,768.0,2048.0,0.0,0.0,0.0,5328.0,296.0,0.0,0.0,0.0,288.0,0.0
36,12,OMP,optimized,12272.0,768.0,0.0,256.0,10368.0,288.0,288.0,296.0,0.0,0.0,0.0,8.0,0.0
36,13,OMP,baseline,8728.0,768.0,2048.0,0.0,0.0,0.0,5328.0,296.0,0.0,0.0,0.0,288.0,0.0
36,13,OMP,optimized,12272.0,768.0,0.0,256.0,10368.0,288.0,288.0,296.0,0.0,0.0,0.0,8.0,0.0
36,14,OMP,baseline,8728.0,768.0,2048.0,0.0,0.0,0.0,5328.0,296.0,0.0,0.0,0.0,288.0,0.0
36,14,OMP,optimized,12272.0,768.0,0.0,256.0,10368.0,288.0,288.0,296.0,0.0,0.0,0.0,8.0,0.0
36,15,OMP,baseline,8728.0,768.0,2048.0,0.0,0.0,0.0,5328.0,296.0,0.0,0.0,0.0,288.0,0.0
36,15,OMP,optimized,12272.0,768.0,0.0,256.0,10368.0,288.0,288.0,296.0,0.0,0.0,0.0,8.0,0.0
36,16,OMP,baseline,8728.0,768.0,2048.0,0.0,0.0,0.0,5328.0,296.0,0.0,0.0,0.0,288.0,0.0
36,16,OMP,optimized,12272.0,768.0,0.0,256.0,10368.0,288.0,288.0,296.0,0.0,0.0,0.0,8.0,0.0
36,17,OMP,baseline,8728.0,768.0,2048.0,0.0,0.0,0.0,5328.0,296.0,0.0,0.0,0.0,288.0,0.0
36,17,OMP,optimized,12272.0,768.0,0.0,256.0,10368.0,288.0,288.0,296.0,0.0,0.0,0.0,8.0,0.0
36,18,OMP,baseline,8728.0,768.0,2048.0,0.0,0.0,0.0,5328.0,296.0,0.0,0.0,0.0,288.0,0.0
36,18,OMP,optimized,12272.0,768.0,0.0,256.0,10368.0,288.0,288.0,296.0,0.0,0.0,0.0,8.0,0.0
36,19,OMP,baseline,8728.0,768.0,2048.0,0.0,0.0,0.0,5328.0,296.0,0.0,0.0,0.0,288.0,0.0
36,19,OMP,optimized,12272.0,768.0,0.0,256.0,10368.0,288.0,288.0,296.0,0.0,0.0,0.0,8.0,0.0
36,20,OMP,baseline,8728.0,768.0,2048.0,0.0,0.0,0.0,5328.0,296.0,0.0,0.0,0.0,288.0,0.0
36,20,OMP,optimized,12272.0,768.0,0.0,256.0,10368.0,288.0,288.0,296.0,0.0,0.0,0.0,8.0,0.0
36,21,OMP,baseline,8728.0,768.0,2048.0,0.0,0.0,0.0,5328.0,296.0,0.0,0.0,0.0,288.0,0.0
36,21,OMP,optimized,12272.0,768.0,0.0,256.0,10368.0,288.0,288.0,296.0,0.0,0.0,0.0,8.0,0.0
36,22,OMP,baseline,8728.0,768.0,2048.0,0.0,0.0,0.0,5328.0,296.0,0.0,0.0,0.0,288.0,0.0
36,22,OMP,optimized,12272.0,768.0,0.0,256.0,10368.0,288.0,288.0,296.0,0.0,0.0,0.0,8.0,0.0
36,23,OMP,baseline,8728.0,768.0,2048.0,0.0,0.0,0.0,5328.0,296.0,0.0,0.0,0.0,288.0,0.0
36,23,OMP,optimized,12272.0,768.0,0.0,256.0,10368.0,288.0,288.0,296.0,0.0,0.0,0.0,8.0,0.0
36,24,OMP,baseline,8728.0,768.0,2048.0,0.0,0.0,0.0,5328.0,296.0,0.0,0.0,0.0,288.0,0.0
36,24,OMP,optimized,12272.0,768.0,0.0,256.0,10368.0,288.0,288.0,296.0,0.0,0.0,0.0,8.0,0.0
36,25,OMP,baseline,8728.0,768.0,2048.0,0.0,0.0,0.0,5328.0,296.0,0.0,0.0,0.0,288.0,0.0
36,25,OMP,optimized,12272.0,768.0,0.0,256.0,10368.0,288.0,288.0,296.0,0.0,0.0,0.0,8.0,0.0
36,26,OMP,baseline,8728.0,768.0,2048.0,0.0,0.0,0.0,5328.0,296.0,0.0,0.0,0.0,288.0,0.0
36,26,OMP,optimized,12272.0,768.0,0.0,256.0,10368.0,288.0,288.0,296.0,0.0,0.0,0.0,8.0,0.0
36,27,OMP,baseline,8728.0,768.0,2048.0,0.0,0.0,0.0,5328.0,296.0,0.0,0.0,0.0,288.0,0.0
36,27,OMP,optimized,12272.0,768.0,0.0,256.0,10368.0,288.0,288.0,296.0,0.0,0.0,0.0,8.0,0.0
36,28,OMP,baseline,8728.0,768.0,2048.0,0.0,0.0,0.0,5328.0,296.0,0.0,0.0,0.0,288.0,0.0
36,28,OMP,optimized,12272.0,768.0,0.0,256.0,10368.0,288.0,288.0,296.0,0.0,0.0,0.0,8.0,0.0
36,29,OMP,baseline,8728.0,768.0,2048.0,0.0,0.0,0.0,5328.0,296.0,0.0,0.0,0.0,288.0,0.0
36,29,OMP,optimized,12272.0,768.0,0.0,256.0,10368.0,288.0,288.0,296.0,0.0,0.0,0.0,8.0,0.0
36,30,OMP,baseline,8728.0,768.0,2048.0,0.0,0.0,0.0,5328.0,296.0,0.0,0.0,0.0,288.0,0.0
36,30,OMP,optimized,12272.0,768.0,0.0,256.0,10368.0,288.0,288.0,296.0,0.0,0.0,0.0,8.0,0.0
36,31,OMP,baseline,8728.0,768.0,2048.0,0.0,0.0,0.0,5328.0,296.0,0.0,0.0,0.0,288.0,0.0
36,31,OMP,optimized,12272.0,768.0,0.0,256.0,10368.0,288.0,288.0,296.0,0.0,0.0,0.0,8.0,0.0
36,32,OMP,baseline,8728.0,768.0,2048.0,0.0,0.0,0.0,5328.0,296.0,0.0,0.0,0.0,288.0,0.0
36,32,OMP,optimized,12272.0,768.0,0.0,256.0,10368.0,288.0,288.0,296.0,0.0,0.0,0.0,8.0,0.0
36,33,OMP,baseline,8728.0,768.0,2048.0,0.0,0.0,0.0,5328.0,296.0,0.0,0.0,0.0,288.0,0.0
36,33,OMP,optimized,12272.0,768.0,0.0,256.0,10368.0,288.0,288.0,296.0,0.0,0.0,0.0,8.0,0.0
36,34,OMP,baseline,8728.0,768.0,2048.0,0.0,0.0,0.0,5328.0,296.0,0.0,0.0,0.0,288.0,0.0
36,34,OMP,optimized,12272.0,768.0,0.0,256.0,10368.0,288.0,288.0,296.0,0.0,0.0,0.0,8.0,0.0
36,35,OMP,baseline,8728.0,768.0,2048.0,0.0,0.0,0.0,5328.0,296.0,0.0,0.0,0.0,288.0,0.0
36,35,OMP,optimized,12272.0,768.0,0.0,256.0,10368.0,288.0,288.0,296.0,0.0,0.0,0.0,8.0,0.0
36,36,OMP,baseline,8728.0,768.0,2048.0,0.0,0.0,0.0,5328.0,296.0,0.0,0.0,0.0,288.0,0.0
36,36,OMP,optimized,12272.0,768.0,0.0,256.0,10368.0,288.0,288.0,296.0,0.0,0.0,0.0,8.0,0.0
36,37,OMP,baseline,8728.0,768.0,2048.0,0.0,0.0,0.0,5328.0,296.0,0.0,0.0,0.0,288.0,0.0
36,37,OMP,optimized,12272.0,768.0,0.0,256.0,10368.0,288.0,288.0,296.0,0.0,0.0,0.0,8.0,0.0
36,38,OMP,baseline,8728.0,768.0,2048.0,0.0,0.0,0.0,5328.0,296.0,0.0,0.0,0.0,288.0,0.0
36,38,OMP,optimized,12272.0,768.0,0.0,256.0,10368.0,288.0,288.0,296.0,0.0,0.0,0.0,8.0,0.0
36,39,OMP,baseline,8728.0,768.0,2048.0,0.0,0.0,0.0,5328.0,296.0,0.0,0.0,0.0,288.0,0.0
36,39,OMP,optimized,12272.0,768.0,0.0,256.0,10368.0,288.0,288.0,296.0,0.0,0.0,0.0,8.0,0.0
36,40,OMP,baseline,8728.0,768.0,2048.0,0.0,0.0,0.0,5328.0,296.0,0.0,0.0,0.0,288.0,0.0
36,40,OMP,optimized,12272.0,768.0,0.0,256.0,10368.0,288.0,288.0,296.0,0.0,0.0,0.0,8.0,0.0
36,41,OMP,baseline,8728.0,768.0,2048.0,0.0,0.0,0.0,5328.0,296.0,0.0,0.0,0.0,288.0,0.0
36,41,OMP,optimized,12272.0,768.0,0.0,256.0,10368.0,288.0,288.0,296.0,0.0,0.0,0.0,8.0,0.0
36,42,OMP,baseline,8728.0,768.0,2048.0,0.0,0.0,0.0,5328.0,296.0,0.0,0.0,0.0,288.0,0.0
36,42,OMP,optimized,12272.0,768.0,0.0,256.0,10368.0,288.0,288.0,296.0,0.0,0.0,0.0,8.0,0.0
36,43,OMP,baseline,8728.0,768.0,2048.0,0.0,0.0,0.0,5328.0,296.0,0.0,0.0,0.0,288.0,0.0
36,43,OMP,optimized,12272.0,768.0,0.0,256.0,10368.0,288.0,288.0,296.0,0.0,0.0,0.0,8.0,0.0
36,44,OMP,baseline,8728.0,768.0,2048.0,0.0,0.0,0.0,5328.0,296.0,0.0,0.0,0.0,288.0,0.0
36,44,OMP,optimized,12272.0,768.0,0.0,256.0,10368.0,288.0,288.0,296.0,0.0,0.0,0.0,8.0,0.0
36,45,OMP,baseline,8728.0,768.0,2048.0,0.0,0.0,0.0,5328.0,296.0,0.0,0.0,0.0,288.0,0.0
36,45,OMP,optimized,12272.0,768.0,0.0,256.0,10368.0,288.0,288.0,296.0,0.0,0.0,0.0,8.0,0.0
36,46,OMP,baseline,8728.0,768.0,2048.0,0.0,0.0,0.0,5328.0,296.0,0.0,0.0,0.0,288.0,0.0
36,46,OMP,optimized,12272.0,768.0,0.0,256.0,10368.0,288.0,288.0,296.0,0.0,0.0,0.0,8.0,0.0
36,47,OMP,baseline,8728.0,768.0,2048.0,0.0,0.0,0.0,5328.0,296.0,0.0,0.0,0.0,288.0,0.0
36,47,OMP,optimized,12272.0,768.0,0.0,256.0,10368.0,288.0,288.0,296.0,0.0,0.0,0.0,8.0,0.0
36,48,OMP,baseline,8728.0,768.0,2048.0,0.0,0.0,0.0,5328.0,296.0,0.0,0.0,0.0,288.0,0.0
36,48,OMP,optimized,12272.0,768.0,0.0,256.0,10368.0,288.0,288.0,296.0,0.0,0.0,0.0,8.0,0.0
36,49,OMP,baseline,8728.0,768.0,2048.0,0.0,0.0,0.0,5328.0,296.0,0.0,0.0,0.0,288.0,0.0
36,49,OMP,optimized,12272.0,768.0,0.0,256.0,10368.0,288.0,288.0,296.0,0.0,0.0,0.0,8.0,0.0
36,50,OMP,baseline,8728.0,768.0,2048.0,0.0,0.0,0.0,5328.0,296.0,0.0,0.0,0.0,288.0,0.0
36,50,OMP,optimized,12272.0,768.0,0.0,256.0,10368.0,288.0,288.0,296.0,0.0,0.0,0.0,8.0,0.0
36,51,OMP,baseline,8728.0,768.0,2048.0,0.0,0.0,0.0,5328.0,296.0,0.0,0.0,0.0,288.0,0.0
36,51,OMP,optimized,12272.0,768.0,0.0,256.0,10368.0,288.0,288.0,296.0,0.0,0.0,0.0,8.0,0.0
36,52,OMP,baseline,8728.0,768.0,2048.0,0.0,0.0,0.0,5328.0,296.0,0.0,0.0,0.0,288.0,0.0
36,52,OMP,optimized,12272.0,768.0,0.0,256.0,10368.0,288.0,288.0,296.0,0.0,0.0,0.0,8.0,0.0
36,53,OMP,baseline,8728.0,768.0,2048.0,0.0,0.0,0.0,5328.0,296.0,0.0,0.0,0.0,288.0,0.0
36,53,OMP,optimized,12272.0,768.0,0.0,256.0,10368.0,288.0,288.0,296.0,0.0,0.0,0.0,8.0,0.0
36,54,OMP,baseline,8728.0,768.0,2048.0,0.0,0.0,0.0,5328.0,296.0,0.0,0.0,0.0,288.0,0.0
36,54,OMP,optimized,12272.0,768.0,0.0,256.0,10368.0,288.0,288.0,296.0,0.0,0.0,0.0,8.0,0.0
36,55,OMP,baseline,8728.0,768.0,2048.0,0.0,0.0,0.0,5328.0,296.0,0.0,0.0,0.0,288.0,0.0
36,55,OMP,optimized,12272.0,768.0,0.0,256.0,10368.0,288.0,288.0,296.0,0.0,0.0,0.0,8.0,0.0
36,56,OMP,baseline,8728.0,768.0,2048.0,0.0,0.0,0.0,5328.0,296.0,0.0,0.0,0.0,288.0,0.0
36,56,OMP,optimized,12272.0,768.0,0.0,256.0,10368.0,288.0,288.0,296.0,0.0,0.0,0.0,8.0,0.0
36,57,OMP,baseline,8728.0,768.0,2048.0,0.0,0.0,0.0,5328.0,296.0,0.0,0.0,0.0,288.0,0.0
36,57,OMP,optimized,12272.0,768.0,0.0,256.0,10368.0,288.0,288.0,296.0,0.0,0.0,0.0,8.0,0.0
36,58,OMP,baseline,8728.0,768.0,2048.0,0.0,0.0,0.0,5328.0,296.0,0.0,0.0,0.0,288.0,0.0
36,58,OMP,optimized,12272.0,768.0,0.0,256.0,10368.0,288.0,288.0,296.0,0.0,0.0,0.0,8.0,0.0
36,59,OMP,baseline,8728.0,768.0,2048.0,0.0,0.0,0.0,5328.0,296.0,0.0,0.0,0.0,288.0,0.0
36,59,OMP,optimized,12272.0,768.0,0.0,256.0,10368.0,288.0,288.0,296.0,0.0,0.0,0.0,8.0,0.0
36,60,OMP,baseline,8728.0,768.0,2048.0,0.0,0.0,0.0,5328.0,296.0,0.0,0.0,0.0,288.0,0.0
36,60,OMP,optimized,12272.0,768.0,0.0,256.0,10368.0,288.0,288.0,296.0,0.0,0.0,0.0,8.0,0.0
36,61,OMP,baseline,8728.0,768.0,2048.0,0.0,0.0,0.0,5328.0,296.0,0.0,0.0,0.0,288.0,0.0
36,61,OMP,optimized,12272.0,768.0,0.0,256.0,10368.0,288.0,288.0,296.0,0.0,0.0,0.0,8.0,0.0
36,62,OMP,baseline,8728.0,768.0,2048.0,0.0,0.0,0.0,5328.0,296.0,0.0,0.0,0.0,288.0,0.0
36,62,OMP,optimized,12272.0,768.0,0.0,256.0,10368.0,288.0,288.0,296.0,0.0,0.0,0.0,8.0,0.0
36,63,OMP,baseline,8728.0,768.0,2048.0,0.0,0.0,0.0,5328.0,296.0,0.0,0.0,0.0,288.0,0.0
36,63,OMP,optimized,12272.0,768.0,0.0,256.0,10368.0,288.0,288.0,296.0,0.0,0.0,0.0,8.0,0.0
36,64,OMP,baseline,8728.0,768.0,2048.0,0.0,0.0,0.0,5328.0,296.0,0.0,0.0,0.0,288.0,0.0
36,64,OMP,optimized,12272.0,768.0,0.0,256.0,10368.0,288.0,288.0,296.0,0.0,0.0,0.0,8.0,0.0
36,65,OMP,baseline,8728.0,768.0,2048.0,0.0,0.0,0.0,5328.0,296.0,0.0,0.0,0.0,288.0,0.0
36,65,OMP,optimized,12272.0,768.0,0.0,256.0,10368.0,288.0,288.0,296.0,0.0,0.0,0.0,8.0,0.0
36,66,OMP,baseline,8728.0,768.0,2048.0,0.0,0.0,0.0,5328.0,296.0,0.0,0.0,0.0,288.0,0.0
36,66,OMP,optimized,12272.0,768.0,0.0,256.0,10368.0,288.0,288.0,296.0,0.0,0.0,0.0,8.0,0.0
36,67,OMP,baseline,8728.0,768.0,2048.0,0.0,0.0,0.0,5328.0,296.0,0.0,0.0,0.0,288.0,0.0
36,67,OMP,optimized,12272.0,768.0,0.0,256.0,10368.0,288.0,288.0,296.0,0.0,0.0,0.0,8.0,0.0
36,68,OMP,baseline,8728.0,768.0,2048.0,0.0,0.0,0.0,5328.0,296.0,0.0,0.0,0.0,288.0,0.0
36,68,OMP,optimized,12272.0,768.0,0.0,256.0,10368.0,288.0,288.0,296.0,0.0,0.0,0.0,8.0,0.0
36,69,OMP,baseline,8728.0,768.0,2048.0,0.0,0.0,0.0,5328.0,296.0,0.0,0.0,0.0,288.0,0.0
36,69,OMP,optimized,12272.0,768.0,0.0,256.0,10368.0,288.0,288.0,296.0,0.0,0.0,0.0,8.0,0.0
36,70,OMP,baseline,8728.0,768.0,2048.0,0.0,0.0,0.0,5328.0,296.0,0.0,0.0,0.0,288.0,0.0
36,70,OMP,optimized,12272.0,768.0,0.0,256.0,10368.0,288.0,288.0,296.0,0.0,0.0,0.0,8.0,0.0
36,71,OMP,baseline,8728.0,768.0,2048.0,0.0,0.0,0.0,5328.0,296.0,0.0,0.0,0.0,288.0,0.0
36,71,OMP,optimized,12272.0,768.0,0.0,256.0,10368.0,288.0,288.0,296.0,0.0,0.0,0.0,8.0,0.0
36,72,OMP,baseline,8728.0,768.0,2048.0,0.0,0.0,0.0,5328.0,296.0,0.0,0.0,0.0,288.0,0.0
36,72,OMP,optimized,12272.0,768.0,0.0,256.0,10368.0,288.0,288.0,296.0,0.0,0.0,0.0,8.0,0.0
36,73,OMP,baseline,8728.0,768.0,2048.0,0.0,0.0,0.0,5328.0,296.0,0.0,0.0,0.0,288.0,0.0
36,73,OMP,optimized,12272.0,768.0,0.0,256.0,10368.0,288.0,288.0,296.0,0.0,0.0,0.0,8.0,0.0
36,74,OMP,baseline,8728.0,768.0,2048.0,0.0,0.0,0.0,5328.0,296.0,0.0,0.0,0.0,288.0,0.0
36,74,OMP,optimized,12272.0,768.0,0.0,256.0,10368.0,288.0,288.0,296.0,0.0,0.0,0.0,8.0,0.0
36,75,OMP,baseline,8728.0,768.0,2048.0,0.0,0.0,0.0,5328.0,296.0,0.0,0.0,0.0,288.0,0.0
36,75,OMP,optimized,12272.0,768.0,0.0,256.0,10368.0,288.0,288.0,296.0,0.0,0.0,0.0,8.0,0.0
36,76,OMP,baseline,8728.0,768.0,2048.0,0.0,0.0,0.0,5328.0,296.0,0.0,0.0,0.0,288.0,0.0
36,76,OMP,optimized,12272.0,768.0,0.0,256.0,10368.0,288.0,288.0,296.0,0.0,0.0,0.0,8.0,0.0
36,77,OMP,baseline,8728.0,768.0,2048.0,0.0,0.0,0.0,5328.0,296.0,0.0,0.0,0.0,288.0,0.0
36,77,OMP,optimized,12272.0,768.0,0.0,256.0,10368.0,288.0,288.0,296.0,0.0,0.0,0.0,8.0,0.0
36,78,OMP,baseline,8728.0,768.0,2048.0,0.0,0.0,0.0,5328.0,296.0,0.0,0.0,0.0,288.0,0.0
36,78,OMP,optimized,12272.0,768.0,0.0,256.0,10368.0,288.0,288.0,296.0,0.0,0.0,0.0,8.0,0.0
36,79,OMP,baseline,8728.0,768.0,2048.0,0.0,0.0,0.0,5328.0,296.0,0.0,0.0,0.0,288.0,0.0
36,79,OMP,optimized,12272.0,768.0,0.0,256.0,10368.0,288.0,288.0,296.0,0.0,0.0,0.0,8.0,0.0
36,80,OMP,baseline,8728.0,768.0,2048.0,0.0,0.0,0.0,5328.0,296.0,0.0,0.0,0.0,288.0,0.0
36,80,OMP,optimized,12272.0,768.0,0.0,256.0,10368.0,288.0,288.0,296.0,0.0,0.0,0.0,8.0,0.0
36,81,OMP,baseline,8728.0,768.0,2048.0,0.0,0.0,0.0,5328.0,296.0,0.0,0.0,0.0,288.0,0.0
36,81,OMP,optimized,12272.0,768.0,0.0,256.0,10368.0,288.0,288.0,296.0,0.0,0.0,0.0,8.0,0.0
36,82,OMP,baseline,8728.0,768.0,2048.0,0.0,0.0,0.0,5328.0,296.0,0.0,0.0,0.0,288.0,0.0
36,82,OMP,optimized,12272.0,768.0,0.0,256.0,10368.0,288.0,288.0,296.0,0.0,0.0,0.0,8.0,0.0
36,83,OMP,baseline,8728.0,768.0,2048.0,0.0,0.0,0.0,5328.0,296.0,0.0,0.0,0.0,288.0,0.0
36,83,OMP,optimized,12272.0,768.0,0.0,256.0,10368.0,288.0,288.0,296.0,0.0,0.0,0.0,8.0,0.0
36,84,OMP,baseline,8728.0,768.0,2048.0,0.0,0.0,0.0,5328.0,296.0,0.0,0.0,0.0,288.0,0.0
36,84,OMP,optimized,12272.0,768.0,0.0,256.0,10368.0,288.0,288.0,296.0,0.0,0.0,0.0,8.0,0.0
36,85,OMP,baseline,8728.0,768.0,2048.0,0.0,0.0,0.0,5328.0,296.0,0.0,0.0,0.0,288.0,0.0
36,85,OMP,optimized,12272.0,768.0,0.0,256.0,10368.0,288.0,288.0,296.0,0.0,0.0,0.0,8.0,0.0
36,86,OMP,baseline,8728.0,768.0,2048.0,0.0,0.0,0.0,5328.0,296.0,0.0,0.0,0.0,288.0,0.0
36,86,OMP,optimized,12272.0,768.0,0.0,256.0,10368.0,288.0,288.0,296.0,0.0,0.0,0.0,8.0,0.0
36,87,OMP,baseline,8728.0,768.0,2048.0,0.0,0.0,0.0,5328.0,296.0,0.0,0.0,0.0,288.0,0.0
36,87,OMP,optimized,12272.0,768.0,0.0,256.0,10368.0,288.0,288.0,296.0,0.0,0.0,0.0,8.0,0.0
36,88,OMP,baseline,8728.0,768.0,2048.0,0.0,0.0,0.0,5328.0,296.0,0.0,0.0,0.0,288.0,0.0
36,88,OMP,optimized,12272.0,768.0,0.0,256.0,10368.0,288.0,288.0,296.0,0.0,0.0,0.0,8.0,0.0
36,89,OMP,baseline,8728.0,768.0,2048.0,0.0,0.0,0.0,5328.0,296.0,0.0,0.0,0.0,288.0,0.0
36,89,OMP,optimized,12272.0,768.0,0.0,256.0,10368.0,288.0,288.0,296.0,0.0,0.0,0.0,8.0,0.0
36,90,OMP,baseline,8728.0,768.0,2048.0,0.0,0.0,0.0,5328.0,296.0,0.0,0.0,0.0,288.0,0.0
36,90,OMP,optimized,12272.0,768.0,0.0,256.0,10368.0,288.0,288.0,296.0,0.0,0.0,0.0,8.0,0.0
36,91,OMP,baseline,8728.0,768.0,2048.0,0.0,0.0,0.0,5328.0,296.0,0.0,0.0,0.0,288.0,0.0
36,91,OMP,optimized,12272.0,768.0,0.0,256.0,10368.0,288.0,288.0,296.0,0.0,0.0,0.0,8.0,0.0
36,92,OMP,baseline,8728.0,768.0,2048.0,0.0,0.0,0.0,5328.0,296.0,0.0,0.0,0.0,288.0,0.0
36,92,OMP,optimized,12272.0,768.0,0.0,256.0,10368.0,288.0,288.0,296.0,0.0,0.0,0.0,8.0,0.0
36,93,OMP,baseline,8728.0,768.0,2048.0,0.0,0.0,0.0,5328.0,296.0,0.0,0.0,0.0,288.0,0.0
36,93,OMP,optimized,12272.0,768.0,0.0,256.0,10368.0,288.0,288.0,296.0,0.0,0.0,0.0,8.0,0.0
36,94,OMP,baseline,8728.0,768.0,2048.0,0.0,0.0,0.0,5328.0,296.0,0.0,0.0,0.0,288.0,0.0
36,94,OMP,optimized,12272.0,768.0,0.0,256.0,10368.0,288.0,288.0,296.0,0.0,0.0,0.0,8.0,0.0
36,95,OMP,baseline,8728.0,768.0,2048.0,0.0,0.0,0.0,5328.0,296.0,0.0,0.0,0.0,288.0,0.0
36,95,OMP,optimized,12272.0,768.0,0.0,256.0,10368.0,288.0,288.0,296.0,0.0,0.0,0.0,8.0,0.0
36,96,OMP,baseline,8728.0,768.0,2048.0,0.0,0.0,0.0,5328.0,296.0,0.0,0.0,0.0,288.0,0.0
36,96,OMP,optimized,12272.0,768.0,0.0,256.0,10368.0,288.0,288.0,296.0,0.0,0.0,0.0,8.0,0.0
36,97,OMP,baseline,8728.0,768.0,2048.0,0.0,0.0,0.0,5328.0,296.0,0.0,0.0,0.0,288.0,0.0
36,97,OMP,optimized,12272.0,768.0,0.0,256.0,10368.0,288.0,288.0,296.0,0.0,0.0,0.0,8.0,0.0
36,98,OMP,baseline,8728.0,768.0,2048.0,0.0,0.0,0.0,5328.0,296.0,0.0,0.0,0.0,288.0,0.0
36,98,OMP,optimized,12272.0,768.0,0.0,256.0,10368.0,288.0,288.0,296.0,0.0,0.0,0.0,8.0,0.0
36,99,OMP,baseline,8728.0,768.0,2048.0,0.0,0.0,0.0,5328.0,296.0,0.0,0.0,0.0,288.0,0.0
36,99,OMP,optimized,12272.0,768.0,0.0,256.0,10368.0,288.0,288.0,296.0,0.0,0.0,0.0,8.0,0.0
36,100,OMP,baseline,8728.0,768.0,2048.0,0.0,0.0,0.0,5328.0,296.0,0.0,0.0,0.0,288.0,0.0
36,100,OMP,optimized,12272.0,768.0,0.0,256.0,10368.0,288.0,288.0,296.0,0.0,0.0,0.0,8.0,0.0
36,101,OMP,baseline,8728.0,768.0,2048.0,0.0,0.0,0.0,5328.0,296.0,0.0,0.0,0.0,288.0,0.0
36,101,OMP,optimized,12272.0,768.0,0.0,256.0,10368.0,288.0,288.0,296.0,0.0,0.0,0.0,8.0,0.0
36,102,OMP,baseline,8728.0,768.0,2048.0,0.0,0.0,0.0,5328.0,296.0,0.0,0.0,0.0,288.0,0.0
36,102,OMP,optimized,12272.0,768.0,0.0,256.0,10368.0,288.0,288.0,296.0,0.0,0.0,0.0,8.0,0.0
36,103,OMP,baseline,8728.0,768.0,2048.0,0.0,0.0,0.0,5328.0,296.0,0.0,0.0,0.0,288.0,0.0
36,103,OMP,optimized,12272.0,768.0,0.0,256.0,10368.0,288.0,288.0,296.0,0.0,0.0,0.0,8.0,0.0
36,104,OMP,baseline,8728.0,768.0,2048.0,0.0,0.0,0.0,5328.0,296.0,0.0,0.0,0.0,288.0,0.0
36,104,OMP,optimized,12272.0,768.0,0.0,256.0,10368.0,288.0,288.0,296.0,0.0,0.0,0.0,8.0,0.0
36,105,OMP,baseline,8728.0,768.0,2048.0,0.0,0.0,0.0,5328.0,296.0,0.0,0.0,0.0,288.0,0.0
36,105,OMP,optimized,12272.0,768.0,0.0,256.0,10368.0,288.0,288.0,296.0,0.0,0.0,0.0,8.0,0.0
36,106,OMP,baseline,8728.0,768.0,2048.0,0.0,0.0,0.0,5328.0,296.0,0.0,0.0,0.0,288.0,0.0
36,106,OMP,optimized,12272.0,768.0,0.0,256.0,10368.0,288.0,288.0,296.0,0.0,0.0,0.0,8.0,0.0
36,107,OMP,baseline,8728.0,768.0,2048.0,0.0,0.0,0.0,5328.0,296.0,0.0,0.0,0.0,288.0,0.0
36,107,OMP,optimized,12272.0,768.0,0.0,256.0,10368.0,288.0,288.0,296.0,0.0,0.0,0.0,8.0,0.0
36,108,OMP,baseline,8728.0,768.0,2048.0,0.0,0.0,0.0,5328.0,296.0,0.0,0.0,0.0,288.0,0.0
36,108,OMP,optimized,12272.0,768.0,0.0,256.0,10368.0,288.0,288.0,296.0,0.0,0.0,0.0,8.0,0.0
36,109,OMP,baseline,8728.0,768.0,2048.0,0.0,0.0,0.0,5328.0,296.0,0.0,0.0,0.0,288.0,0.0
36,109,OMP,optimized,12272.0,768.0,0.0,256.0,10368.0,288.0,288.0,296.0,0.0,0.0,0.0,8.0,0.0
36,110,OMP,baseline,8728.0,768.0,2048.0,0.0,0.0,0.0,5328.0,296.0,0.0,0.0,0.0,288.0,0.0
36,110,OMP,optimized,12272.0,768.0,0.0,256.0,10368.0,288.0,288.0,296.0,0.0,0.0,0.0,8.0,0.0
36,111,OMP,baseline,8728.0,768.0,2048.0,0.0,0.0,0.0,5328.0,296.0,0.0,0.0,0.0,288.0,0.0
36,111,OMP,optimized,12272.0,768.0,0.0,256.0,10368.0,288.0,288.0,296.0,0.0,0.0,0.0,8.0,0.0
36,112,OMP,baseline,8728.0,768.0,2048.0,0.0,0.0,0.0,5328.0,296.0,0.0,0.0,0.0,288.0,0.0
36,112,OMP,optimized,12272.0,768.0,0.0,256.0,10368.0,288.0,288.0,296.0,0.0,0.0,0.0,8.0,0.0
36,113,OMP,baseline,8728.0,768.0,2048.0,0.0,0.0,0.0,5328.0,296.0,0.0,0.0,0.0,288.0,0.0
36,113,OMP,optimized,12272.0,768.0,0.0,256.0,10368.0,288.0,288.0,296.0,0.0,0.0,0.0,8.0,0.0
36,114,OMP,baseline,8728.0,768.0,2048.0,0.0,0.0,0.0,5328.0,296.0,0.0,0.0,0.0,288.0,0.0
36,114,OMP,optimized,12272.0,768.0,0.0,256.0,10368.0,288.0,288.0,296.0,0.0,0.0,0.0,8.0,0.0
36,115,OMP,baseline,8728.0,768.0,2048.0,0.0,0.0,0.0,5328.0,296.0,0.0,0.0,0.0,288.0,0.0
36,115,OMP,optimized,12272.0,768.0,0.0,256.0,10368.0,288.0,288.0,296.0,0.0,0.0,0.0,8.0,0.0
36,116,OMP,baseline,8728.0,768.0,2048.0,0.0,0.0,0.0,5328.0,296.0,0.0,0.0,0.0,288.0,0.0
36,116,OMP,optimized,12272.0,768.0,0.0,256.0,10368.0,288.0,288.0,296.0,0.0,0.0,0.0,8.0,0.0
36,117,OMP,baseline,8728.0,768.0,2048.0,0.0,0.0,0.0,5328.0,296.0,0.0,0.0,0.0,288.0,0.0
36,117,OMP,optimized,12272.0,768.0,0.0,256.0,10368.0,288.0,288.0,296.0,0.0,0.0,0.0,8.0,0.0
36,118,OMP,baseline,8728.0,768.0,2048.0,0.0,0.0,0.0,5328.0,296.0,0.0,0.0,0.0,288.0,0.0
36,118,OMP,optimized,12272.0,768.0,0.0,256.0,10368.0,288.0,288.0,296.0,0.0,0.0,0.0,8.0,0.0
36,119,OMP,baseline,8728.0,768.0,2048.0,0.0,0.0,0.0,5328.0,296.0,0.0,0.0,0.0,288.0,0.0
36,119,OMP,optimized,12272.0,768.0,0.0,256.0,10368.0,288.0,288.0,296.0,0.0,0.0,0.0,8.0,0.0
36,120,OMP,baseline,8728.0,768.0,2048.0,0.0,0.0,0.0,5328.0,296.0,0.0,0.0,0.0,288.0,0.0
36,120,OMP,optimized,12272.0,768.0,0.0,256.0,10368.0,288.0,288.0,296.0,0.0,0.0,0.0,8.0,0.0
36,121,OMP,baseline,8728.0,768.0,2048.0,0.0,0.0,0.0,5328.0,296.0,0.0,0.0,0.0,288.0,0.0
36,121,OMP,optimized,12272.0,768.0,0.0,256.0,10368.0,288.0,288.0,296.0,0.0,0.0,0.0,8.0,0.0
36,122,OMP,baseline,8728.0,768.0,2048.0,0.0,0.0,0.0,5328.0,296.0,0.0,0.0,0.0,288.0,0.0
36,122,OMP,optimized,12272.0,768.0,0.0,256.0,10368.0,288.0,288.0,296.0,0.0,0.0,0.0,8.0,0.0
36,123,OMP,baseline,8728.0,768.0,2048.0,0.0,0.0,0.0,5328.0,296.0,0.0,0.0,0.0,288.0,0.0
36,123,OMP,optimized,12272.0,768.0,0.0,256.0,10368.0,288.0,288.0,296.0,0.0,0.0,0.0,8.0,0.0
36,124,OMP,baseline,8728.0,768.0,2048.0,0.0,0.0,0.0,5328.0,296.0,0.0,0.0,0.0,288.0,0.0
36,124,OMP,optimized,12272.0,768.0,0.0,256.0,10368.0,288.0,288.0,296.0,0.0,0.0,0.0,8.0,0.0
36,125,OMP,baseline,8728.0,768.0,2048.0,0.0,0.0,0.0,5328.0,296.0,0.0,0.0,0.0,288.0,0.0
36,125,OMP,optimized,12272.0,768.0,0.0,256.0,10368.0,288.0,288.0,296.0,0.0,0.0,0.0,8.0,0.0
36,126,OMP,baseline,8728.0,768.0,2048.0,0.0,0.0,0.0,5328.0,296.0,0.0,0.0,0.0,288.0,0.0
36,126,OMP,optimized,12272.0,768.0,0.0,256.0,10368.0,288.0,288.0,296.0,0.0,0.0,0.0,8.0,0.0
36,127,OMP,baseline,8728.0,768.0,2048.0,0.0,0.0,0.0,5328.0,296.0,0.0,0.0,0.0,288.0,0.0
36,127,OMP,optimized,12272.0,768.0,0.0,256.0,10368.0,288.0,288.0,296.0,0.0,0.0,0.0,8.0,0.0
36,128,OMP,baseline,8728.0,768.0,2048.0,0.0,0.0,0.0,5328.0,296.0,0.0,0.0,0.0,288.0,0.0
36,128,OMP,optimized,12272.0,768.0,0.0,256.0,10368.0,288.0,288.0,296.0,0.0,0.0,0.0,8.0,0.0
36,129,OMP,baseline,8728.0,768.0,2048.0,0.0,0.0,0.0,5328.0,296.0,0.0,0.0,0.0,288.0,0.0
36,129,OMP,optimized,12272.0,768.0,0.0,256.0,10368.0,288.0,288.0,296.0,0.0,0.0,0.0,8.0,0.0
36,130,OMP,baseline,8728.0,768.0,2048.0,0.0,0.0,0.0,5328.0,296.0,0.0,0.0,0.0,288.0,0.0
36,130,OMP,optimized,12272.0,768.0,0.0,256.0,10368.0,288.0,288.0,296.0,0.0,0.0,0.0,8.0,0.0
36,131,OMP,baseline,8728.0,768.0,2048.0,0.0,0.0,0.0,5328.0,296.0,0.0,0.0,0.0,288.0,0.0
36,131,OMP,optimized,12272.0,768.0,0.0,256.0,10368.0,288.0,288.0,296.0,0.0,0.0,0.0,8.0,0.0
36,132,OMP,baseline,8728.0,768.0,2048.0,0.0,0.0,0.0,5328.0,296.0,0.0,0.0,0.0,288.0,0.0
36,132,OMP,optimized,12272.0,768.0,0.0,256.0,10368.0,288.0,288.0,296.0,0.0,0.0,0.0,8.0,0.0
36,133,OMP,baseline,8728.0,768.0,2048.0,0.0,0.0,0.0,5328.0,296.0,0.0,0.0,0.0,288.0,0.0
36,133,OMP,optimized,12272.0,768.0,0.0,256.0,10368.0,288.0,288.0,296.0,0.0,0.0,0.0,8.0,0.0
36,134,OMP,baseline,8728.0,768.0,2048.0,0.0,0.0,0.0,5328.0,296.0,0.0,0.0,0.0,288.0,0.0
36,134,OMP,optimized,12272.0,768.0,0.0,256.0,10368.0,288.0,288.0,296.0,0.0,0.0,0.0,8.0,0.0
36,135,OMP,baseline,8728.0,768.0,2048.0,0.0,0.0,0.0,5328.0,296.0,0.0,0.0,0.0,288.0,0.0
36,135,OMP,optimized,12272.0,768.0,0.0,256.0,10368.0,288.0,288.0,296.0,0.0,0.0,0.0,8.0,0.0
36,136,OMP,baseline,8728.0,768.0,2048.0,0.0,0.0,0.0,5328.0,296.0,0.0,0.0,0.0,288.0,0.0
36,136,OMP,optimized,12272.0,768.0,0.0,256.0,10368.0,288.0,288.0,296.0,0.0,0.0,0.0,8.0,0.0
36,137,OMP,baseline,8728.0,768.0,2048.0,0.0,0.0,0.0,5328.0,296.0,0.0,0.0,0.0,288.0,0.0
36,137,OMP,optimized,12272.0,768.0,0.0,256.0,10368.0,288.0,288.0,296.0,0.0,0.0,0.0,8.0,0.0
36,138,OMP,baseline,8728.0,768.0,2048.0,0.0,0.0,0.0,5328.0,296.0,0.0,0.0,0.0,288.0,0.0
36,138,OMP,optimized,12272.0,768.0,0.0,256.0,10368.0,288.0,288.0,296.0,0.0,0.0,0.0,8.0,0.0
36,139,OMP,baseline,8728.0,768.0,2048.0,0.0,0.0,0.0,5328.0,296.0,0.0,0.0,0.0,288.0,0.0
36,139,OMP,optimized,12272.0,768.0,0.0,256.0,10368.0,288.0,288.0,296.0,0.0,0.0,0.0,8.0,0.0
36,140,OMP,baseline,8728.0,768.0,2048.0,0.0,0.0,0.0,5328.0,296.0,0.0,0.0,0.0,288.0,0.0
36,140,OMP,optimized,12272.0,768.0,0.0,256.0,10368.0,288.0,288.0,296.0,0.0,0.0,0.0,8.0,0.0
36,141,OMP,baseline,8728.0,768.0,2048.0,0.0,0.0,0.0,5328.0,296.0,0.0,0.0,0.0,288.0,0.0
36,141,OMP,optimized,12272.0,768.0,0.0,256.0,10368.0,288.0,288.0,296.0,0.0,0.0,0.0,8.0,0.0
36,142,OMP,baseline,8728.0,768.0,2048.0,0.0,0.0,0.0,5328.0,296.0,0.0,0.0,0.0,288.0,0.0
36,142,OMP,optimized,12272.0,768.0,0.0,256.0,10368.0,288.0,288.0,296.0,0.0,0.0,0.0,8.0,0.0
36,143,OMP,baseline,8728.0,768.0,2048.0,0.0,0.0,0.0,5328.0,296.0,0.0,0.0,0.0,288.0,0.0
36,143,OMP,optimized,12272.0,768.0,0.0,256.0,10368.0,288.0,288.0,296.0,0.0,0.0,0.0,8.0,0.0
36,144,OMP,baseline,8728.0,768.0,2048.0,0.0,0.0,0.0,5328.0,296.0,0.0,0.0,0.0,288.0,0.0
36,144,OMP,optimized,12272.0,768.0,0.0,256.0,10368.0,288.0,288.0,296.0,0.0,0.0,0.0,8.0,0.0
36,145,OMP,baseline,8728.0,768.0,2048.0,0.0,0.0,0.0,5328.0,296.0,0.0,0.0,0.0,288.0,0.0
36,145,OMP,optimized,12272.0,768.0,0.0,256.0,10368.0,288.0,288.0,296.0,0.0,0.0,0.0,8.0,0.0
36,146,OMP,baseline,8728.0,768.0,2048.0,0.0,0.0,0.0,5328.0,296.0,0.0,0.0,0.0,288.0,0.0
36,146,OMP,optimized,12272.0,768.0,0.0,256.0,10368.0,288.0,288.0,296.0,0.0,0.0,0.0,8.0,0.0
36,147,OMP,baseline,8728.0,768.0,2048.0,0.0,0.0,0.0,5328.0,296.0,0.0,0.0,0.0,288.0,0.0
36,147,OMP,optimized,12272.0,768.0,0.0,256.0,10368.0,288.0,288.0,296.0,0.0,0.0,0.0,8.0,0.0
36,148,OMP,baseline,8728.0,768.0,2048.0,0.0,0.0,0.0,5328.0,296.0,0.0,0.0,0.0,288.0,0.0
36,148,OMP,optimized,12272.0,768.0,0.0,256.0,10368.0,288.0,288.0,296.0,0.0,0.0,0.0,8.0,0.0
36,149,OMP,baseline,8728.0,768.0,2048.0,0.0,0.0,0.0,5328.0,296.0,0.0,0.0,0.0,288.0,0.0
36,149,OMP,optimized,12272.0,768.0,0.0,256.0,10368.0,288.0,288.0,296.0,0.0,0.0,0.0,8.0,0.0
36,150,OMP,baseline,8728.0,768.0,2048.0,0.0,0.0,0.0,5328.0,296.0,0.0,0.0,0.0,288.0,0.0
36,150,OMP,optimized,12272.0,768.0,0.0,256.0,10368.0,288.0,288.0,296.0,0.0,0.0,0.0,8.0,0.0
36,151,OMP,baseline,8728.0,768.0,2048.0,0.0,0.0,0.0,5328.0,296.0,0.0,0.0,0.0,288.0,0.0
36,151,OMP,optimized,12272.0,768.0,0.0,256.0,10368.0,288.0,288.0,296.0,0.0,0.0,0.0,8.0,0.0
36,152,OMP,baseline,8728.0,768.0,2048.0,0.0,0.0,0.0,5328.0,296.0,0.0,0.0,0.0,288.0,0.0
36,152,OMP,optimized,12272.0,768.0,0.0,256.0,10368.0,288.0,288.0,296.0,0.0,0.0,0.0,8.0,0.0
36,153,OMP,baseline,8728.0,768.0,2048.0,0.0,0.0,0.0,5328.0,296.0,0.0,0.0,0.0,288.0,0.0
36,153,OMP,optimized,12272.0,768.0,0.0,256.0,10368.0,288.0,288.0,296.0,0.0,0.0,0.0,8.0,0.0
36,154,OMP,baseline,8728.0,768.0,2048.0,0.0,0.0,0.0,5328.0,296.0,0.0,0.0,0.0,288.0,0.0
36,154,OMP,optimized,12272.0,768.0,0.0,256.0,10368.0,288.0,288.0,296.0,0.0,0.0,0.0,8.0,0.0
36,155,OMP,baseline,8728.0,768.0,2048.0,0.0,0.0,0.0,5328.0,296.0,0.0,0.0,0.0,288.0,0.0
36,155,OMP,optimized,12272.0,768.0,0.0,256.0,10368.0,288.0,288.0,296.0,0.0,0.0,0.0,8.0,0.0
36,156,OMP,baseline,8728.0,768.0,2048.0,0.0,0.0,0.0,5328.0,296.0,0.0,0.0,0.0,288.0,0.0
36,156,OMP,optimized,12272.0,768.0,0.0,256.0,10368.0,288.0,288.0,296.0,0.0,0.0,0.0,8.0,0.0
36,157,OMP,baseline,8728.0,768.0,2048.0,0.0,0.0,0.0,5328.0,296.0,0.0,0.0,0.0,288.0,0.0
36,157,OMP,optimized,12272.0,768.0,0.0,256.0,10368.0,288.0,288.0,296.0,0.0,0.0,0.0,8.0,0.0
36,158,OMP,baseline,8728.0,768.0,2048.0,0.0,0.0,0.0,5328.0,296.0,0.0,0.0,0.0,288.0,0.0
36,158,OMP,optimized,12272.0,768.0,0.0,256.0,10368.0,288.0,288.0,296.0,0.0,0.0,0.0,8.0,0.0
36,159,OMP,baseline,8728.0,768.0,2048.0,0.0,0.0,0.0,5328.0,296.0,0.0,0.0,0.0,288.0,0.0
36,159,OMP,optimized,12272.0,768.0,0.0,256.0,10368.0,288.0,288.0,296.0,0.0,0.0,0.0,8.0,0.0
36,160,OMP,baseline,8728.0,768.0,2048.0,0.0,0.0,0.0,5328.0,296.0,0.0,0.0,0.0,288.0,0.0
36,160,OMP,optimized,12272.0,768.0,0.0,256.0,10368.0,288.0,288.0,296.0,0.0,0.0,0.0,8.0,0.0
36,161,OMP,baseline,8728.0,768.0,2048.0,0.0,0.0,0.0,5328.0,296.0,0.0,0.0,0.0,288.0,0.0
36,161,OMP,optimized,12272.0,768.0,0.0,256.0,10368.0,288.0,288.0,296.0,0.0,0.0,0.0,8.0,0.0
36,162,OMP,baseline,8728.0,768.0,2048.0,0.0,0.0,0.0,5328.0,296.0,0.0,0.0,0.0,288.0,0.0
36,162,OMP,optimized,12272.0,768.0,0.0,256.0,10368.0,288.0,288.0,296.0,0.0,0.0,0.0,8.0,0.0
36,163,OMP,baseline,8728.0,768.0,2048.0,0.0,0.0,0.0,5328.0,296.0,0.0,0.0,0.0,288.0,0.0
36,163,OMP,optimized,12272.0,768.0,0.0,256.0,10368.0,288.0,288.0,296.0,0.0,0.0,0.0,8.0,0.0
36,164,OMP,baseline,8728.0,768.0,2048.0,0.0,0.0,0.0,5328.0,296.0,0.0,0.0,0.0,288.0,0.0
36,164,OMP,optimized,12272.0,768.0,0.0,256.0,10368.0,288.0,288.0,296.0,0.0,0.0,0.0,8.0,0.0
36,165,OMP,baseline,8728.0,768.0,2048.0,0.0,0.0,0.0,5328.0,296.0,0.0,0.0,0.0,288.0,0.0
36,165,OMP,optimized,12272.0,768.0,0.0,256.0,10368.0,288.0,288.0,296.0,0.0,0.0,0.0,8.0,0.0
36,166,OMP,baseline,8728.0,768.0,2048.0,0.0,0.0,0.0,5328.0,296.0,0.0,0.0,0.0,288.0,0.0
36,166,OMP,optimized,12272.0,768.0,0.0,256.0,10368.0,288.0,288.0,296.0,0.0,0.0,0.0,8.0,0.0
36,167,OMP,baseline,8728.0,768.0,2048.0,0.0,0.0,0.0,5328.0,296.0,0.0,0.0,0.0,288.0,0.0
36,167,OMP,optimized,12272.0,768.0,0.0,256.0,10368.0,288.0,288.0,296.0,0.0,0.0,0.0,8.0,0.0
36,168,OMP,baseline,8728.0,768.0,2048.0,0.0,0.0,0.0,5328.0,296.0,0.0,0.0,0.0,288.0,0.0
36,168,OMP,optimized,12272.0,768.0,0.0,256.0,10368.0,288.0,288.0,296.0,0.0,0.0,0.0,8.0,0.0
36,169,OMP,baseline,8728.0,768.0,2048.0,0.0,0.0,0.0,5328.0,296.0,0.0,0.0,0.0,288.0,0.0
36,169,OMP,optimized,12272.0,768.0,0.0,256.0,10368.0,288.0,288.0,296.0,0.0,0.0,0.0,8.0,0.0
36,170,OMP,baseline,8728.0,768.0,2048.0,0.0,0.0,0.0,5328.0,296.0,0.0,0.0,0.0,288.0,0.0
36,170,OMP,optimized,12272.0,768.0,0.0,256.0,10368.0,288.0,288.0,296.0,0.0,0.0,0.0,8.0,0.0
36,171,OMP,baseline,8728.0,768.0,2048.0,0.0,0.0,0.0,5328.0,296.0,0.0,0.0,0.0,288.0,0.0
36,171,OMP,optimized,12272.0,768.0,0.0,256.0,10368.0,288.0,288.0,296.0,0.0,0.0,0.0,8.0,0.0
36,172,OMP,baseline,8728.0,768.0,2048.0,0.0,0.0,0.0,5328.0,296.0,0.0,0.0,0.0,288.0,0.0
36,172,OMP,optimized,12272.0,768.0,0.0,256.0,10368.0,288.0,288.0,296.0,0.0,0.0,0.0,8.0,0.0
36,173,OMP,baseline,8728.0,768.0,2048.0,0.0,0.0,0.0,5328.0,296.0,0.0,0.0,0.0,288.0,0.0
36,173,OMP,optimized,12272.0,768.0,0.0,256.0,10368.0,288.0,288.0,296.0,0.0,0.0,0.0,8.0,0.0
36,174,OMP,baseline,8728.0,768.0,2048.0,0.0,0.0,0.0,5328.0,296.0,0.0,0.0,0.0,288.0,0.0
36,174,OMP,optimized,12272.0,768.0,0.0,256.0,10368.0,288.0,288.0,296.0,0.0,0.0,0.0,8.0,0.0
36,175,OMP,baseline,8728.0,768.0,2048.0,0.0,0.0,0.0,5328.0,296.0,0.0,0.0,0.0,288.0,0.0
36,175,OMP,optimized,12272.0,768.0,0.0,256.0,10368.0,288.0,288.0,296.0,0.0,0.0,0.0,8.0,0.0
36,176,OMP,baseline,8728.0,768.0,2048.0,0.0,0.0,0.0,5328.0,296.0,0.0,0.0,0.0,288.0,0.0
36,176,OMP,optimized,12272.0,768.0,0.0,256.0,10368.0,288.0,288.0,296.0,0.0,0.0,0.0,8.0,0.0
36,177,OMP,baseline,8728.0,768.0,2048.0,0.0,0.0,0.0,5328.0,296.0,0.0,0.0,0.0,288.0,0.0
36,177,OMP,optimized,12272.0,768.0,0.0,256.0,10368.0,288.0,288.0,296.0,0.0,0.0,0.0,8.0,0.0
36,178,OMP,baseline,8728.0,768.0,2048.0,0.0,0.0,0.0,5328.0,296.0,0.0,0.0,0.0,288.0,0.0
36,178,OMP,optimized,12272.0,768.0,0.0,256.0,10368.0,288.0,288.0,296.0,0.0,0.0,0.0,8.0,0.0
36,179,OMP,baseline,8728.0,768.0,2048.0,0.0,0.0,0.0,5328.0,296.0,0.0,0.0,0.0,288.0,0.0
36,179,OMP,optimized,12272.0,768.0,0.0,256.0,10368.0,288.0,288.0,296.0,0.0,0.0,0.0,8.0,0.0
36,180,OMP,baseline,8728.0,768.0,2048.0,0.0,0.0,0.0,5328.0,296.0,0.0,0.0,0.0,288.0,0.0
36,180,OMP,optimized,12272.0,768.0,0.0,256.0,10368.0,288.0,288.0,296.0,0.0,0.0,0.0,8.0,0.0
36,181,OMP,baseline,8728.0,768.0,2048.0,0.0,0.0,0.0,5328.0,296.0,0.0,0.0,0.0,288.0,0.0
36,181,OMP,optimized,12272.0,768.0,0.0,256.0,10368.0,288.0,288.0,296.0,0.0,0.0,0.0,8.0,0.0
36,182,OMP,baseline,8728.0,768.0,2048.0,0.0,0.0,0.0,5328.0,296.0,0.0,0.0,0.0,288.0,0.0
36,182,OMP,optimized,12272.0,768.0,0.0,256.0,10368.0,288.0,288.0,296.0,0.0,0.0,0.0,8.0,0.0
36,183,OMP,baseline,8728.0,768.0,2048.0,0.0,0.0,0.0,5328.0,296.0,0.0,0.0,0.0,288.0,0.0
36,183,OMP,optimized,12272.0,768.0,0.0,256.0,10368.0,288.0,288.0,296.0,0.0,0.0,0.0,8.0,0.0
36,184,OMP,baseline,8728.0,768.0,2048.0,0.0,0.0,0.0,5328.0,296.0,0.0,0.0,0.0,288.0,0.0
36,184,OMP,optimized,12272.0,768.0,0.0,256.0,10368.0,288.0,288.0,296.0,0.0,0.0,0.0,8.0,0.0
36,185,OMP,baseline,8728.0,768.0,2048.0,0.0,0.0,0.0,5328.0,296.0,0.0,0.0,0.0,288.0,0.0
36,185,OMP,optimized,12272.0,768.0,0.0,256.0,10368.0,288.0,288.0,296.0,0.0,0.0,0.0,8.0,0.0
36,186,OMP,baseline,8728.0,768.0,2048.0,0.0,0.0,0.0,5328.0,296.0,0.0,0.0,0.0,288.0,0.0
36,186,OMP,optimized,12272.0,768.0,0.0,256.0,10368.0,288.0,288.0,296.0,0.0,0.0,0.0,8.0,0.0
36,187,OMP,baseline,8728.0,768.0,2048.0,0.0,0.0,0.0,5328.0,296.0,0.0,0.0,0.0,288.0,0.0
36,187,OMP,optimized,12272.0,768.0,0.0,256.0,10368.0,288.0,288.0,296.0,0.0,0.0,0.0,8.0,0.0
36,188,OMP,baseline,8728.0,768.0,2048.0,0.0,0.0,0.0,5328.0,296.0,0.0,0.0,0.0,288.0,0.0
36,188,OMP,optimized,12272.0,768.0,0.0,256.0,10368.0,288.0,288.0,296.0,0.0,0.0,0.0,8.0,0.0
36,189,OMP,baseline,8728.0,768.0,2048.0,0.0,0.0,0.0,5328.0,296.0,0.0,0.0,0.0,288.0,0.0
36,189,OMP,optimized,12272.0,768.0,0.0,256.0,10368.0,288.0,288.0,296.0,0.0,0.0,0.0,8.0,0.0
36,190,OMP,baseline,8728.0,768.0,2048.0,0.0,0.0,0.0,5328.0,296.0,0.0,0.0,0.0,288.0,0.0
36,190,OMP,optimized,12272.0,768.0,0.0,256.0,10368.0,288.0,288.0,296.0,0.0,0.0,0.0,8.0,0.0
36,191,OMP,baseline,8728.0,768.0,2048.0,0.0,0.0,0.0,5328.0,296.0,0.0,0.0,0.0,288.0,0.0
36,191,OMP,optimized,12272.0,768.0,0.0,256.0,10368.0,288.0,288.0,296.0,0.0,0.0,0.0,8.0,0.0
36,192,OMP,baseline,8728.0,768.0,2048.0,0.0,0.0,0.0,5328.0,296.0,0.0,0.0,0.0,288.0,0.0
36,192,OMP,optimized,12272.0,768.0,0.0,256.0,10368.0,288.0,288.0,296.0,0.0,0.0,0.0,8.0,0.0
36,193,OMP,baseline,8728.0,768.0,2048.0,0.0,0.0,0.0,5328.0,296.0,0.0,0.0,0.0,288.0,0.0
36,193,OMP,optimized,12272.0,768.0,0.0,256.0,10368.0,288.0,288.0,296.0,0.0,0.0,0.0,8.0,0.0
36,194,OMP,baseline,8728.0,768.0,2048.0,0.0,0.0,0.0,5328.0,296.0,0.0,0.0,0.0,288.0,0.0
36,194,OMP,optimized,12272.0,768.0,0.0,256.0,10368.0,288.0,288.0,296.0,0.0,0.0,0.0,8.0,0.0
36,195,OMP,baseline,8728.0,768.0,2048.0,0.0,0.0,0.0,5328.0,296.0,0.0,0.0,0.0,288.0,0.0
36,195,OMP,optimized,12272.0,768.0,0.0,256.0,10368.0,288.0,288.0,296.0,0.0,0.0,0.0,8.0,0.0
36,196,OMP,baseline,8728.0,768.0,2048.0,0.0,0.0,0.0,5328.0,296.0,0.0,0.0,0.0,288.0,0.0
36,196,OMP,optimized,12272.0,768.0,0.0,256.0,10368.0,288.0,288.0,296.0,0.0,0.0,0.0,8.0,0.0
36,197,OMP,baseline,8728.0,768.0,2048.0,0.0,0.0,0.0,5328.0,296.0,0.0,0.0,0.0,288.0,0.0
36,197,OMP,optimized,12272.0,768.0,0.0,256.0,10368.0,288.0,288.0,296.0,0.0,0.0,0.0,8.0,0.0
36,198,OMP,baseline,8728.0,768.0,2048.0,0.0,0.0,0.0,5328.0,296.0,0.0,0.0,0.0,288.0,0.0
36,198,OMP,optimized,12272.0,768.0,0.0,256.0,10368.0,288.0,288.0,296.0,0.0,0.0,0.0,8.0,0.0
36,199,OMP,baseline,8728.0,768.0,2048.0,0.0,0.0,0.0,5328.0,296.0,0.0,0.0,0.0,288.0,0.0
36,199,OMP,optimized,12272.0,768.0,0.0,256.0,10368.0,288.0,288.0,296.0,0.0,0.0,0.0,8.0,0.0
36,200,OMP,baseline,8728.0,768.0,2048.0,0.0,0.0,0.0,5328.0,296.0,0.0,0.0,0.0,288.0,0.0
36,200,OMP,optimized,12272.0,768.0,0.0,256.0,10368.0,288.0,288.0,296.0,0.0,0.0,0.0,8.0,0.0
36,201,OMP,baseline,8728.0,768.0,2048.0,0.0,0.0,0.0,5328.0,296.0,0.0,0.0,0.0,288.0,0.0
36,201,OMP,optimized,12272.0,768.0,0.0,256.0,10368.0,288.0,288.0,296.0,0.0,0.0,0.0,8.0,0.0
36,202,OMP,baseline,8728.0,768.0,2048.0,0.0,0.0,0.0,5328.0,296.0,0.0,0.0,0.0,288.0,0.0
36,202,OMP,optimized,12272.0,768.0,0.0,256.0,10368.0,288.0,288.0,296.0,0.0,0.0,0.0,8.0,0.0
36,203,OMP,baseline,8728.0,768.0,2048.0,0.0,0.0,0.0,5328.0,296.0,0.0,0.0,0.0,288.0,0.0
36,203,OMP,optimized,12272.0,768.0,0.0,256.0,10368.0,288.0,288.0,296.0,0.0,0.0,0.0,8.0,0.0
36,204,OMP,baseline,8728.0,768.0,2048.0,0.0,0.0,0.0,5328.0,296.0,0.0,0.0,0.0,288.0,0.0
36,204,OMP,optimized,12272.0,768.0,0.0,256.0,10368.0,288.0,288.0,296.0,0.0,0.0,0.0,8.0,0.0
36,205,OMP,baseline,8728.0,768.0,2048.0,0.0,0.0,0.0,5328.0,296.0,0.0,0.0,0.0,288.0,0.0
36,205,OMP,optimized,12272.0,768.0,0.0,256.0,10368.0,288.0,288.0,296.0,0.0,0.0,0.0,8.0,0.0
36,206,OMP,baseline,8728.0,768.0,2048.0,0.0,0.0,0.0,5328.0,296.0,0.0,0.0,0.0,288.0,0.0
36,206,OMP,optimized,12272.0,768.0,0.0,256.0,10368.0,288.0,288.0,296.0,0.0,0.0,0.0,8.0,0.0
36,207,OMP,baseline,8728.0,768.0,2048.0,0.0,0.0,0.0,5328.0,296.0,0.0,0.0,0.0,288.0,0.0
36,207,OMP,optimized,12272.0,768.0,0.0,256.0,10368.0,288.0,288.0,296.0,0.0,0.0,0.0,8.0,0.0
36,208,OMP,baseline,8728.0,768.0,2048.0,0.0,0.0,0.0,5328.0,296.0,0.0,0.0,0.0,288.0,0.0
36,208,OMP,optimized,12272.0,768.0,0.0,256.0,10368.0,288.0,288.0,296.0,0.0,0.0,0.0,8.0,0.0
36,209,OMP,baseline,8728.0,768.0,2048.0,0.0,0.0,0.0,5328.0,296.0,0.0,0.0,0.0,288.0,0.0
36,209,OMP,optimized,12272.0,768.0,0.0,256.0,10368.0,288.0,288.0,296.0,0.0,0.0,0.0,8.0,0.0
36,210,OMP,baseline,8728.0,768.0,2048.0,0.0,0.0,0.0,5328.0,296.0,0.0,0.0,0.0,288.0,0.0
36,210,OMP,optimized,12272.0,768.0,0.0,256.0,10368.0,288.0,288.0,296.0,0.0,0.0,0.0,8.0,0.0
36,211,OMP,baseline,8728.0,768.0,2048.0,0.0,0.0,0.0,5328.0,296.0,0.0,0.0,0.0,288.0,0.0
36,211,OMP,optimized,12272.0,768.0,0.0,256.0,10368.0,288.0,288.0,296.0,0.0,0.0,0.0,8.0,0.0
36,212,OMP,baseline,8728.0,768.0,2048.0,0.0,0.0,0.0,5328.0,296.0,0.0,0.0,0.0,288.0,0.0
36,212,OMP,optimized,12272.0,768.0,0.0,256.0,10368.0,288.0,288.0,296.0,0.0,0.0,0.0,8.0,0.0
36,213,OMP,baseline,8728.0,768.0,2048.0,0.0,0.0,0.0,5328.0,296.0,0.0,0.0,0.0,288.0,0.0
36,213,OMP,optimized,12272.0,768.0,0.0,256.0,10368.0,288.0,288.0,296.0,0.0,0.0,0.0,8.0,0.0
36,214,OMP,baseline,8728.0,768.0,2048.0,0.0,0.0,0.0,5328.0,296.0,0.0,0.0,0.0,288.0,0.0
36,214,OMP,optimized,12272.0,768.0,0.0,256.0,10368.0,288.0,288.0,296.0,0.0,0.0,0.0,8.0,0.0
36,215,OMP,baseline,8728.0,768.0,2048.0,0.0,0.0,0.0,5328.0,296.0,0.0,0.0,0.0,288.0,0.0
36,215,OMP,optimized,12272.0,768.0,0.0,256.0,10368.0,288.0,288.0,296.0,0.0,0.0,0.0,8.0,0.0
36,216,OMP,baseline,8728.0,768.0,2048.0,0.0,0.0,0.0,5328.0,296.0,0.0,0.0,0.0,288.0,0.0
36,216,OMP,optimized,12272.0,768.0,0.0,256.0,10368.0,288.0,288.0,296.0,0.0,0.0,0.0,8.0,0.0
36,217,OMP,baseline,8728.0,768.0,2048.0,0.0,0.0,0.0,5328.0,296.0,0.0,0.0,0.0,288.0,0.0
36,217,OMP,optimized,12272.0,768.0,0.0,256.0,10368.0,288.0,288.0,296.0,0.0,0.0,0.0,8.0,0.0
36,218,OMP,baseline,8728.0,768.0,2048.0,0.0,0.0,0.0,5328.0,296.0,0.0,0.0,0.0,288.0,0.0
36,218,OMP,optimized,12272.0,768.0,0.0,256.0,10368.0,288.0,288.0,296.0,0.0,0.0,0.0,8.0,0.0
36,219,OMP,baseline,8728.0,768.0,2048.0,0.0,0.0,0.0,5328.0,296.0,0.0,0.0,0.0,288.0,0.0
36,219,OMP,optimized,12272.0,768.0,0.0,256.0,10368.0,288.0,288.0,296.0,0.0,0.0,0.0,8.0,0.0
36,220,OMP,baseline,8728.0,768.0,2048.0,0.0,0.0,0.0,5328.0,296.0,0.0,0.0,0.0,288.0,0.0
36,220,OMP,optimized,12272.0,768.0,0.0,256.0,10368.0,288.0,288.0,296.0,0.0,0.0,0.0,8.0,0.0
36,221,OMP,baseline,8728.0,768.0,2048.0,0.0,0.0,0.0,5328.0,296.0,0.0,0.0,0.0,288.0,0.0
36,221,OMP,optimized,12272.0,768.0,0.0,256.0,10368.0,288.0,288.0,296.0,0.0,0.0,0.0,8.0,0.0
36,222,OMP,baseline,8728.0,768.0,2048.0,0.0,0.0,0.0,5328.0,296.0,0.0,0.0,0.0,288.0,0.0
36,222,OMP,optimized,12272.0,768.0,0.0,256.0,10368.0,288.0,288.0,296.0,0.0,0.0,0.0,8.0,0.0
36,223,OMP,baseline,8728.0,768.0,2048.0,0.0,0.0,0.0,5328.0,296.0,0.0,0.0,0.0,288.0,0.0
36,223,OMP,optimized,12272.0,768.0,0.0,256.0,10368.0,288.0,288.0,296.0,0.0,0.0,0.0,8.0,0.0
36,224,OMP,baseline,8728.0,768.0,2048.0,0.0,0.0,0.0,5328.0,296.0,0.0,0.0,0.0,288.0,0.0
36,224,OMP,optimized,12272.0,768.0,0.0,256.0,10368.0,288.0,288.0,296.0,0.0,0.0,0.0,8.0,0.0
36,225,OMP,baseline,8728.0,768.0,2048.0,0.0,0.0,0.0,5328.0,296.0,0.0,0.0,0.0,288.0,0.0
36,225,OMP,optimized,12272.0,768.0,0.0,256.0,10368.0,288.0,288.0,296.0,0.0,0.0,0.0,8.0,0.0
36,226,OMP,baseline,8728.0,768.0,2048.0,0.0,0.0,0.0,5328.0,296.0,0.0,0.0,0.0,288.0,0.0
36,226,OMP,optimized,12272.0,768.0,0.0,256.0,10368.0,288.0,288.0,296.0,0.0,0.0,0.0,8.0,0.0
36,227,OMP,baseline,8728.0,768.0,2048.0,0.0,0.0,0.0,5328.0,296.0,0.0,0.0,0.0,288.0,0.0
36,227,OMP,optimized,12272.0,768.0,0.0,256.0,10368.0,288.0,288.0,296.0,0.0,0.0,0.0,8.0,0.0
36,228,OMP,baseline,8728.0,768.0,2048.0,0.0,0.0,0.0,5328.0,296.0,0.0,0.0,0.0,288.0,0.0
36,228,OMP,optimized,12272.0,768.0,0.0,256.0,10368.0,288.0,288.0,296.0,0.0,0.0,0.0,8.0,0.0
36,229,OMP,baseline,8728.0,768.0,2048.0,0.0,0.0,0.0,5328.0,296.0,0.0,0.0,0.0,288.0,0.0
36,229,OMP,optimized,12272.0,768.0,0.0,256.0,10368.0,288.0,288.0,296.0,0.0,0.0,0.0,8.0,0.0
36,230,OMP,baseline,8728.0,768.0,2048.0,0.0,0.0,0.0,5328.0,296.0,0.0,0.0,0.0,288.0,0.0
36,230,OMP,optimized,12272.0,768.0,0.0,256.0,10368.0,288.0,288.0,296.0,0.0,0.0,0.0,8.0,0.0
36,231,OMP,baseline,8728.0,768.0,2048.0,0.0,0.0,0.0,5328.0,296.0,0.0,0.0,0.0,288.0,0.0
36,231,OMP,optimized,12272.0,768.0,0.0,256.0,10368.0,288.0,288.0,296.0,0.0,0.0,0.0,8.0,0.0
36,232,OMP,baseline,8728.0,768.0,2048.0,0.0,0.0,0.0,5328.0,296.0,0.0,0.0,0.0,288.0,0.0
36,232,OMP,optimized,12272.0,768.0,0.0,256.0,10368.0,288.0,288.0,296.0,0.0,0.0,0.0,8.0,0.0
36,233,OMP,baseline,8728.0,768.0,2048.0,0.0,0.0,0.0,5328.0,296.0,0.0,0.0,0.0,288.0,0.0
36,233,OMP,optimized,12272.0,768.0,0.0,256.0,10368.0,288.0,288.0,296.0,0.0,0.0,0.0,8.0,0.0
36,234,OMP,baseline,8728.0,768.0,2048.0,0.0,0.0,0.0,5328.0,296.0,0.0,0.0,0.0,288.0,0.0
36,234,OMP,optimized,12272.0,768.0,0.0,256.0,10368.0,288.0,288.0,296.0,0.0,0.0,0.0,8.0,0.0
36,235,OMP,baseline,8728.0,768.0,2048.0,0.0,0.0,0.0,5328.0,296.0,0.0,0.0,0.0,288.0,0.0
36,235,OMP,optimized,12272.0,768.0,0.0,256.0,10368.0,288.0,288.0,296.0,0.0,0.0,0.0,8.0,0.0
36,236,OMP,baseline,8728.0,768.0,2048.0,0.0,0.0,0.0,5328.0,296.0,0.0,0.0,0.0,288.0,0.0
36,236,OMP,optimized,12272.0,768.0,0.0,256.0,10368.0,288.0,288.0,296.0,0.0,0.0,0.0,8.0,0.0
36,237,OMP,baseline,8728.0,768.0,2048.0,0.0,0.0,0.0,5328.0,296.0,0.0,0.0,0.0,288.0,0.0
36,237,OMP,optimized,12272.0,768.0,0.0,256.0,10368.0,288.0,288.0,296.0,0.0,0.0,0.0,8.0,0.0
36,238,OMP,baseline,8728.0,768.0,2048.0,0.0,0.0,0.0,5328.0,296.0,0.0,0.0,0.0,288.0,0.0
36,238,OMP,optimized,12272.0,768.0,0.0,256.0,10368.0,288.0,288.0,296.0,0.0,0.0,0.0,8.0,0.0
36,239,OMP,baseline,8728.0,768.0,2048.0,0.0,0.0,0.0,5328.0,296.0,0.0,0.0,0.0,288.0,0.0
36,239,OMP,optimized,12272.0,768.0,0.0,256.0,10368.0,288.0,288.0,296.0,0.0,0.0,0.0,8.0,0.0
36,240,OMP,baseline,8728.0,768.0,2048.0,0.0,0.0,0.0,5328.0,296.0,0.0,0.0,0.0,288.0,0.0
36,240,OMP,optimized,12272.0,768.0,0.0,256.0,10368.0,288.0,288.0,296.0,0.0,0.0,0.0,8.0,0.0
36,241,OMP,baseline,8728.0,768.0,2048.0,0.0,0.0,0.0,5328.0,296.0,0.0,0.0,0.0,288.0,0.0
36,241,OMP,optimized,12272.0,768.0,0.0,256.0,10368.0,288.0,288.0,296.0,0.0,0.0,0.0,8.0,0.0
36,242,OMP,baseline,8728.0,768.0,2048.0,0.0,0.0,0.0,5328.0,296.0,0.0,0.0,0.0,288.0,0.0
36,242,OMP,optimized,12272.0,768.0,0.0,256.0,10368.0,288.0,288.0,296.0,0.0,0.0,0.0,8.0,0.0
36,243,OMP,baseline,8728.0,768.0,2048.0,0.0,0.0,0.0,5328.0,296.0,0.0,0.0,0.0,288.0,0.0
36,243,OMP,optimized,12272.0,768.0,0.0,256.0,10368.0,288.0,288.0,296.0,0.0,0.0,0.0,8.0,0.0
36,244,OMP,baseline,8728.0,768.0,2048.0,0.0,0.0,0.0,5328.0,296.0,0.0,0.0,0.0,288.0,0.0
36,244,OMP,optimized,12272.0,768.0,0.0,256.0,10368.0,288.0,288.0,296.0,0.0,0.0,0.0,8.0,0.0
36,245,OMP,baseline,8728.0,768.0,2048.0,0.0,0.0,0.0,5328.0,296.0,0.0,0.0,0.0,288.0,0.0
36,245,OMP,optimized,12272.0,768.0,0.0,256.0,10368.0,288.0,288.0,296.0,0.0,0.0,0.0,8.0,0.0
36,246,OMP,baseline,8728.0,768.0,2048.0,0.0,0.0,0.0,5328.0,296.0,0.0,0.0,0.0,288.0,0.0
36,246,OMP,optimized,12272.0,768.0,0.0,256.0,10368.0,288.0,288.0,296.0,0.0,0.0,0.0,8.0,0.0
36,247,OMP,baseline,8728.0,768.0,2048.0,0.0,0.0,0.0,5328.0,296.0,0.0,0.0,0.0,288.0,0.0
36,247,OMP,optimized,12272.0,768.0,0.0,256.0,10368.0,288.0,288.0,296.0,0.0,0.0,0.0,8.0,0.0
36,248,OMP,baseline,8728.0,768.0,2048.0,0.0,0.0,0.0,5328.0,296.0,0.0,0.0,0.0,288.0,0.0
36,248,OMP,optimized,12272.0,768.0,0.0,256.0,10368.0,288.0,288.0,296.0,0.0,0.0,0.0,8.0,0.0
36,249,OMP,baseline,8728.0,768.0,2048.0,0.0,0.0,0.0,5328.0,296.0,0.0,0.0,0.0,288.0,0.0
36,249,OMP,optimized,12272.0,768.0,0.0,256.0,10368.0,288.0,288.0,296.0,0.0,0.0,0.0,8.0,0.0
36,250,OMP,baseline,8728.0,768.0,2048.0,0.0,0.0,0.0,5328.0,296.0,0.0,0.0,0.0,288.0,0.0
36,250,OMP,optimized,12272.0,768.0,0.0,256.0,10368.0,288.0,288.0,296.0,0.0,0.0,0.0,8.0,0.0
36,251,OMP,baseline,8728.0,768.0,2048.0,0.0,0.0,0.0,5328.0,296.0,0.0,0.0,0.0,288.0,0.0
36,251,OMP,optimized,12272.0,768.0,0.0,256.0,10368.0,288.0,288.0,296.0,0.0,0.0,0.0,8.0,0.0
36,252,OMP,baseline,8728.0,768.0,2048.0,0.0,0.0,0.0,5328.0,296.0,0.0,0.0,0.0,288.0,0.0
36,252,OMP,optimized,12272.0,768.0,0.0,256.0,10368.0,288.0,288.0,296.0,0.0,0.0,0.0,8.0,0.0
36,253,OMP,baseline,8728.0,768.0,2048.0,0.0,0.0,0.0,5328.0,296.0,0.0,0.0,0.0,288.0,0.0
36,253,OMP,optimized,12272.0,768.0,0.0,256.0,10368.0,288.0,288.0,296.0,0.0,0.0,0.0,8.0,0.0
36,254,OMP,baseline,8728.0,768.0,2048.0,0.0,0.0,0.0,5328.0,296.0,0.0,0.0,0.0,288.0,0.0
36,254,OMP,optimized,12272.0,768.0,0.0,256.0,10368.0,288.0,288.0,296.0,0.0,0.0,0.0,8.0,0.0
36,255,OMP,baseline,8728.0,768.0,2048.0,0.0,0.0,0.0,5328.0,296.0,0.0,0.0,0.0,288.0,0.0
36,255,OMP,optimized,12272.0,768.0,0.0,256.0,10368.0,288.0,288.0,296.0,0.0,0.0,0.0,8.0,0.0
36,256,OMP,baseline,8728.0,768.0,2048.0,0.0,0.0,0.0,5328.0,296.0,0.0,0.0,0.0,288.0,0.0
36,256,OMP,optimized,12272.0,768.0,0.0,256.0,10368.0,288.0,288.0,296.0,0.0,0.0,0.0,8.0,0.0
36,257,OMP,baseline,8728.0,768.0,2048.0,0.0,0.0,0.0,5328.0,296.0,0.0,0.0,0.0,288.0,0.0
36,257,OMP,optimized,12272.0,768.0,0.0,256.0,10368.0,288.0,288.0,296.0,0.0,0.0,0.0,8.0,0.0
36,258,OMP,baseline,8728.0,768.0,2048.0,0.0,0.0,0.0,5328.0,296.0,0.0,0.0,0.0,288.0,0.0
36,258,OMP,optimized,12272.0,768.0,0.0,256.0,10368.0,288.0,288.0,296.0,0.0,0.0,0.0,8.0,0.0
36,259,OMP,baseline,8728.0,768.0,2048.0,0.0,0.0,0.0,5328.0,296.0,0.0,0.0,0.0,288.0,0.0
36,259,OMP,optimized,12272.0,768.0,0.0,256.0,10368.0,288.0,288.0,296.0,0.0,0.0,0.0,8.0,0.0
36,260,OMP,baseline,8728.0,768.0,2048.0,0.0,0.0,0.0,5328.0,296.0,0.0,0.0,0.0,288.0,0.0
36,260,OMP,optimized,12272.0,768.0,0.0,256.0,10368.0,288.0,288.0,296.0,0.0,0.0,0.0,8.0,0.0
36,261,OMP,baseline,8728.0,768.0,2048.0,0.0,0.0,0.0,5328.0,296.0,0.0,0.0,0.0,288.0,0.0
36,261,OMP,optimized,12272.0,768.0,0.0,256.0,10368.0,288.0,288.0,296.0,0.0,0.0,0.0,8.0,0.0
36,262,OMP,baseline,8728.0,768.0,2048.0,0.0,0.0,0.0,5328.0,296.0,0.0,0.0,0.0,288.0,0.0
36,262,OMP,optimized,12272.0,768.0,0.0,256.0,10368.0,288.0,288.0,296.0,0.0,0.0,0.0,8.0,0.0
36,263,OMP,baseline,8728.0,768.0,2048.0,0.0,0.0,0.0,5328.0,296.0,0.0,0.0,0.0,288.0,0.0
36,263,OMP,optimized,12272.0,768.0,0.0,256.0,10368.0,288.0,288.0,296.0,0.0,0.0,0.0,8.0,0.0
36,264,OMP,baseline,8728.0,768.0,2048.0,0.0,0.0,0.0,5328.0,296.0,0.0,0.0,0.0,288.0,0.0
36,264,OMP,optimized,12272.0,768.0,0.0,256.0,10368.0,288.0,288.0,296.0,0.0,0.0,0.0,8.0,0.0
36,265,OMP,baseline,8728.0,768.0,2048.0,0.0,0.0,0.0,5328.0,296.0,0.0,0.0,0.0,288.0,0.0
36,265,OMP,optimized,12272.0,768.0,0.0,256.0,10368.0,288.0,288.0,296.0,0.0,0.0,0.0,8.0,0.0
36,266,OMP,baseline,8728.0,768.0,2048.0,0.0,0.0,0.0,5328.0,296.0,0.0,0.0,0.0,288.0,0.0
36,266,OMP,optimized,12272.0,768.0,0.0,256.0,10368.0,288.0,288.0,296.0,0.0,0.0,0.0,8.0,0.0
36,267,OMP,baseline,8728.0,768.0,2048.0,0.0,0.0,0.0,5328.0,296.0,0.0,0.0,0.0,288.0,0.0
36,267,OMP,optimized,12272.0,768.0,0.0,256.0,10368.0,288.0,288.0,296.0,0.0,0.0,0.0,8.0,0.0
36,268,OMP,baseline,8728.0,768.0,2048.0,0.0,0.0,0.0,5328.0,296.0,0.0,0.0,0.0,288.0,0.0
36,268,OMP,optimized,12272.0,768.0,0.0,256.0,10368.0,288.0,288.0,296.0,0.0,0.0,0.0,8.0,0.0
36,269,OMP,baseline,8728.0,768.0,2048.0,0.0,0.0,0.0,5328.0,296.0,0.0,0.0,0.0,288.0,0.0
36,269,OMP,optimized,12272.0,768.0,0.0,256.0,10368.0,288.0,288.0,296.0,0.0,0.0,0.0,8.0,0.0
36,270,OMP,baseline,8728.0,768.0,2048.0,0.0,0.0,0.0,5328.0,296.0,0.0,0.0,0.0,288.0,0.0
36,270,OMP,optimized,12272.0,768.0,0.0,256.0,10368.0,288.0,288.0,296.0,0.0,0.0,0.0,8.0,0.0
36,271,OMP,baseline,8728.0,768.0,2048.0,0.0,0.0,0.0,5328.0,296.0,0.0,0.0,0.0,288.0,0.0
36,271,OMP,optimized,12272.0,768.0,0.0,256.0,10368.0,288.0,288.0,296.0,0.0,0.0,0.0,8.0,0.0
36,272,OMP,baseline,8728.0,768.0,2048.0,0.0,0.0,0.0,5328.0,296.0,0.0,0.0,0.0,288.0,0.0
36,272,OMP,optimized,12272.0,768.0,0.0,256.0,10368.0,288.0,288.0,296.0,0.0,0.0,0.0,8.0,0.0
36,273,OMP,baseline,8728.0,768.0,2048.0,0.0,0.0,0.0,5328.0,296.0,0.0,0.0,0.0,288.0,0.0
36,273,OMP,optimized,12272.0,768.0,0.0,256.0,10368.0,288.0,288.0,296.0,0.0,0.0,0.0,8.0,0.0
36,274,OMP,baseline,8728.0,768.0,2048.0,0.0,0.0,0.0,5328.0,296.0,0.0,0.0,0.0,288.0,0.0
36,274,OMP,optimized,12272.0,768.0,0.0,256.0,10368.0,288.0,288.0,296.0,0.0,0.0,0.0,8.0,0.0
36,275,OMP,baseline,8728.0,768.0,2048.0,0.0,0.0,0.0,5328.0,296.0,0.0,0.0,0.0,288.0,0.0
36,275,OMP,optimized,12272.0,768.0,0.0,256.0,10368.0,288.0,288.0,296.0,0.0,0.0,0.0,8.0,0.0
36,276,OMP,baseline,8728.0,768.0,2048.0,0.0,0.0,0.0,5328.0,296.0,0.0,0.0,0.0,288.0,0.0
36,276,OMP,optimized,12272.0,768.0,0.0,256.0,10368.0,288.0,288.0,296.0,0.0,0.0,0.0,8.0,0.0
36,277,OMP,baseline,8728.0,768.0,2048.0,0.0,0.0,0.0,5328.0,296.0,0.0,0.0,0.0,288.0,0.0
36,277,OMP,optimized,12272.0,768.0,0.0,256.0,10368.0,288.0,288.0,296.0,0.0,0.0,0.0,8.0,0.0
36,278,OMP,baseline,8728.0,768.0,2048.0,0.0,0.0,0.0,5328.0,296.0,0.0,0.0,0.0,288.0,0.0
36,278,OMP,optimized,12272.0,768.0,0.0,256.0,10368.0,288.0,288.0,296.0,0.0,0.0,0.0,8.0,0.0
36,279,OMP,baseline,8728.0,768.0,2048.0,0.0,0.0,0.0,5328.0,296.0,0.0,0.0,0.0,288.0,0.0
36,279,OMP,optimized,12272.0,768.0,0.0,256.0,10368.0,288.0,288.0,296.0,0.0,0.0,0.0,8.0,0.0
36,280,OMP,baseline,8728.0,768.0,2048.0,0.0,0.0,0.0,5328.0,296.0,0.0,0.0,0.0,288.0,0.0
36,280,OMP,optimized,12272.0,768.0,0.0,256.0,10368.0,288.0,288.0,296.0,0.0,0.0,0.0,8.0,0.0
36,281,OMP,baseline,8728.0,768.0,2048.0,0.0,0.0,0.0,5328.0,296.0,0.0,0.0,0.0,288.0,0.0
36,281,OMP,optimized,12272.0,768.0,0.0,256.0,10368.0,288.0,288.0,296.0,0.0,0.0,0.0,8.0,0.0
36,282,OMP,baseline,8728.0,768.0,2048.0,0.0,0.0,0.0,5328.0,296.0,0.0,0.0,0.0,288.0,0.0
36,282,OMP,optimized,12272.0,768.0,0.0,256.0,10368.0,288.0,288.0,296.0,0.0,0.0,0.0,8.0,0.0
36,283,OMP,baseline,8728.0,768.0,2048.0,0.0,0.0,0.0,5328.0,296.0,0.0,0.0,0.0,288.0,0.0
36,283,OMP,optimized,12272.0,768.0,0.0,256.0,10368.0,288.0,288.0,296.0,0.0,0.0,0.0,8.0,0.0
36,284,OMP,baseline,8728.0,768.0,2048.0,0.0,0.0,0.0,5328.0,296.0,0.0,0.0,0.0,288.0,0.0
36,284,OMP,optimized,12272.0,768.0,0.0,256.0,10368.0,288.0,288.0,296.0,0.0,0.0,0.0,8.0,0.0
36,285,OMP,baseline,8728.0,768.0,2048.0,0.0,0.0,0.0,5328.0,296.0,0.0,0.0,0.0,288.0,0.0
36,285,OMP,optimized,12272.0,768.0,0.0,256.0,10368.0,288.0,288.0,296.0,0.0,0.0,0.0,8.0,0.0
36,286,OMP,baseline,8728.0,768.0,2048.0,0.0,0.0,0.0,5328.0,296.0,0.0,0.0,0.0,288.0,0.0
36,286,OMP,optimized,12272.0,768.0,0.0,256.0,10368.0,288.0,288.0,296.0,0.0,0.0,0.0,8.0,0.0
36,287,OMP,baseline,8728.0,768.0,2048.0,0.0,0.0,0.0,5328.0,296.0,0.0,0.0,0.0,288.0,0.0
36,287,OMP,optimized,12272.0,768.0,0.0,256.0,10368.0,288.0,288.0,296.0,0.0,0.0,0.0,8.0,0.0
36,288,OMP,baseline,8728.0,768.0,2048.0,0.0,0.0,0.0,5328.0,296.0,0.0,0.0,0.0,288.0,0.0
36,288,OMP,optimized,12272.0,768.0,0.0,256.0,10368.0,288.0,288.0,296.0,0.0,0.0,0.0,8.0,0.0
36,289,OMP,baseline,8728.0,768.0,2048.0,0.0,0.0,0.0,5328.0,296.0,0.0,0.0,0.0,288.0,0.0
36,289,OMP,optimized,12272.0,768.0,0.0,256.0,10368.0,288.0,288.0,296.0,0.0,0.0,0.0,8.0,0.0
36,290,OMP,baseline,8728.0,768.0,2048.0,0.0,0.0,0.0,5328.0,296.0,0.0,0.0,0.0,288.0,0.0
36,290,OMP,optimized,12272.0,768.0,0.0,256.0,10368.0,288.0,288.0,296.0,0.0,0.0,0.0,8.0,0.0
36,291,OMP,baseline,8728.0,768.0,2048.0,0.0,0.0,0.0,5328.0,296.0,0.0,0.0,0.0,288.0,0.0
36,291,OMP,optimized,12272.0,768.0,0.0,256.0,10368.0,288.0,288.0,296.0,0.0,0.0,0.0,8.0,0.0
36,292,OMP,baseline,8728.0,768.0,2048.0,0.0,0.0,0.0,5328.0,296.0,0.0,0.0,0.0,288.0,0.0
36,292,OMP,optimized,12272.0,768.0,0.0,256.0,10368.0,288.0,288.0,296.0,0.0,0.0,0.0,8.0,0.0
36,293,OMP,baseline,8728.0,768.0,2048.0,0.0,0.0,0.0,5328.0,296.0,0.0,0.0,0.0,288.0,0.0
36,293,OMP,optimized,12272.0,768.0,0.0,256.0,10368.0,288.0,288.0,296.0,0.0,0.0,0.0,8.0,0.0
36,294,OMP,baseline,8728.0,768.0,2048.0,0.0,0.0,0.0,5328.0,296.0,0.0,0.0,0.0,288.0,0.0
36,294,OMP,optimized,12272.0,768.0,0.0,256.0,10368.0,288.0,288.0,296.0,0.0,0.0,0.0,8.0,0.0
36,295,OMP,baseline,8728.0,768.0,2048.0,0.0,0.0,0.0,5328.0,296.0,0.0,0.0,0.0,288.0,0.0
36,295,OMP,optimized,12272.0,768.0,0.0,256.0,10368.0,288.0,288.0,296.0,0.0,0.0,0.0,8.0,0.0
36,296,OMP,baseline,8728.0,768.0,2048.0,0.0,0.0,0.0,5328.0,296.0,0.0,0.0,0.0,288.0,0.0
36,296,OMP,optimized,12272.0,768.0,0.0,256.0,10368.0,288.0,288.0,296.0,0.0,0.0,0.0,8.0,0.0
36,297,OMP,baseline,8728.0,768.0,2048.0,0.0,0.0,0.0,5328.0,296.0,0.0,0.0,0.0,288.0,0.0
36,297,OMP,optimized,12272.0,768.0,0.0,256.0,10368.0,288.0,288.0,296.0,0.0,0.0,0.0,8.0,0.0
36,298,OMP,baseline,8728.0,768.0,2048.0,0.0,0.0,0.0,5328.0,296.0,0.0,0.0,0.0,288.0,0.0
36,298,OMP,optimized,12272.0,768.0,0.0,256.0,10368.0,288.0,288.0,296.0,0.0,0.0,0.0,8.0,0.0
36,299,OMP,baseline,8728.0,768.0,2048.0,0.0,0.0,0.0,5328.0,296.0,0.0,0.0,0.0,288.0,0.0
36,299,OMP,optimized,12272.0,768.0,0.0,256.0,10368.0,288.0,288.0,296.0,0.0,0.0,0.0,8.0,0.0
40,0,OMP,baseline,10024.0,768.0,2048.0,0.0,0.0,0.0,6560.0,328.0,0.0,0.0,0.0,320.0,0.0
40,0,OMP,optimized,14800.0,768.0,0.0,256.0,12800.0,320.0,320.0,328.0,0.0,0.0,0.0,8.0,0.0
40,1,OMP,baseline,10024.0,768.0,2048.0,0.0,0.0,0.0,6560.0,328.0,0.0,0.0,0.0,320.0,0.0
40,1,OMP,optimized,14800.0,768.0,0.0,256.0,12800.0,320.0,320.0,328.0,0.0,0.0,0.0,8.0,0.0
40,2,OMP,baseline,10024.0,768.0,2048.0,0.0,0.0,0.0,6560.0,328.0,0.0,0.0,0.0,320.0,0.0
40,2,OMP,optimized,14800.0,768.0,0.0,256.0,12800.0,320.0,320.0,328.0,0.0,0.0,0.0,8.0,0.0
40,3,OMP,baseline,10024.0,768.0,2048.0,0.0,0.0,0.0,6560.0,328.0,0.0,0.0,0.0,320.0,0.0
40,3,OMP,optimized,14800.0,768.0,0.0,256.0,12800.0,320.0,320.0,328.0,0.0,0.0,0.0,8.0,0.0
40,4,OMP,baseline,10024.0,768.0,2048.0,0.0,0.0,0.0,6560.0,328.0,0.0,0.0,0.0,320.0,0.0
40,4,OMP,optimized,14800.0,768.0,0.0,256.0,12800.0,320.0,320.0,328.0,0.0,0.0,0.0,8.0,0.0
40,5,OMP,baseline,10024.0,768.0,2048.0,0.0,0.0,0.0,6560.0,328.0,0.0,0.0,0.0,320.0,0.0
40,5,OMP,optimized,14800.0,768.0,0.0,256.0,12800.0,320.0,320.0,328.0,0.0,0.0,0.0,8.0,0.0
40,6,OMP,baseline,10024.0,768.0,2048.0,0.0,0.0,0.0,6560.0,328.0,0.0,0.0,0.0,320.0,0.0
40,6,OMP,optimized,14800.0,768.0,0.0,256.0,12800.0,320.0,320.0,328.0,0.0,0.0,0.0,8.0,0.0
40,7,OMP,baseline,10024.0,768.0,2048.0,0.0,0.0,0.0,6560.0,328.0,0.0,0.0,0.0,320.0,0.0
40,7,OMP,optimized,14800.0,768.0,0.0,256.0,12800.0,320.0,320.0,328.0,0.0,0.0,0.0,8.0,0.0
40,8,OMP,baseline,10024.0,768.0,2048.0,0.0,0.0,0.0,6560.0,328.0,0.0,0.0,0.0,320.0,0.0
40,8,OMP,optimized,14800.0,768.0,0.0,256.0,12800.0,320.0,320.0,328.0,0.0,0.0,0.0,8.0,0.0
40,9,OMP,baseline,10024.0,768.0,2048.0,0.0,0.0,0.0,6560.0,328.0,0.0,0.0,0.0,320.0,0.0
40,9,OMP,optimized,14800.0,768.0,0.0,256.0,12800.0,320.0,320.0,328.0,0.0,0.0,0.0,8.0,0.0
40,10,OMP,baseline,10024.0,768.0,2048.0,0.0,0.0,0.0,6560.0,328.0,0.0,0.0,0.0,320.0,0.0
40,10,OMP,optimized,14800.0,768.0,0.0,256.0,12800.0,320.0,320.0,328.0,0.0,0.0,0.0,8.0,0.0
40,11,OMP,baseline,10024.0,768.0,2048.0,0.0,0.0,0.0,6560.0,328.0,0.0,0.0,0.0,320.0,0.0
40,11,OMP,optimized,14800.0,768.0,0.0,256.0,12800.0,320.0,320.0,328.0,0.0,0.0,0.0,8.0,0.0
40,12,OMP,baseline,10024.0,768.0,2048.0,0.0,0.0,0.0,6560.0,328.0,0.0,0.0,0.0,320.0,0.0
40,12,OMP,optimized,14800.0,768.0,0.0,256.0,12800.0,320.0,320.0,328.0,0.0,0.0,0.0,8.0,0.0
40,13,OMP,baseline,10024.0,768.0,2048.0,0.0,0.0,0.0,6560.0,328.0,0.0,0.0,0.0,320.0,0.0
40,13,OMP,optimized,14800.0,768.0,0.0,256.0,12800.0,320.0,320.0,328.0,0.0,0.0,0.0,8.0,0.0
40,14,OMP,baseline,10024.0,768.0,2048.0,0.0,0.0,0.0,6560.0,328.0,0.0,0.0,0.0,320.0,0.0
40,14,OMP,optimized,14800.0,768.0,0.0,256.0,12800.0,320.0,320.0,328.0,0.0,0.0,0.0,8.0,0.0
40,15,OMP,baseline,10024.0,768.0,2048.0,0.0,0.0,0.0,6560.0,328.0,0.0,0.0,0.0,320.0,0.0
40,15,OMP,optimized,14800.0,768.0,0.0,256.0,12800.0,320.0,320.0,328.0,0.0,0.0,0.0,8.0,0.0
40,16,OMP,baseline,10024.0,768.0,2048.0,0.0,0.0,0.0,6560.0,328.0,0.0,0.0,0.0,320.0,0.0
40,16,OMP,optimized,14800.0,768.0,0.0,256.0,12800.0,320.0,320.0,328.0,0.0,0.0,0.0,8.0,0.0
40,17,OMP,baseline,10024.0,768.0,2048.0,0.0,0.0,0.0,6560.0,328.0,0.0,0.0,0.0,320.0,0.0
40,17,OMP,optimized,14800.0,768.0,0.0,256.0,12800.0,320.0,320.0,328.0,0.0,0.0,0.0,8.0,0.0
40,18,OMP,baseline,10024.0,768.0,2048.0,0.0,0.0,0.0,6560.0,328.0,0.0,0.0,0.0,320.0,0.0
40,18,OMP,optimized,14800.0,768.0,0.0,256.0,12800.0,320.0,320.0,328.0,0.0,0.0,0.0,8.0,0.0
40,19,OMP,baseline,10024.0,768.0,2048.0,0.0,0.0,0.0,6560.0,328.0,0.0,0.0,0.0,320.0,0.0
40,19,OMP,optimized,14800.0,768.0,0.0,256.0,12800.0,320.0,320.0,328.0,0.0,0.0,0.0,8.0,0.0
40,20,OMP,baseline,10024.0,768.0,2048.0,0.0,0.0,0.0,6560.0,328.0,0.0,0.0,0.0,320.0,0.0
40,20,OMP,optimized,14800.0,768.0,0.0,256.0,12800.0,320.0,320.0,328.0,0.0,0.0,0.0,8.0,0.0
40,21,OMP,baseline,10024.0,768.0,2048.0,0.0,0.0,0.0,6560.0,328.0,0.0,0.0,0.0,320.0,0.0
40,21,OMP,optimized,14800.0,768.0,0.0,256.0,12800.0,320.0,320.0,328.0,0.0,0.0,0.0,8.0,0.0
40,22,OMP,baseline,10024.0,768.0,2048.0,0.0,0.0,0.0,6560.0,328.0,0.0,0.0,0.0,320.0,0.0
40,22,OMP,optimized,14800.0,768.0,0.0,256.0,12800.0,320.0,320.0,328.0,0.0,0.0,0.0,8.0,0.0
40,23,OMP,baseline,10024.0,768.0,2048.0,0.0,0.0,0.0,6560.0,328.0,0.0,0.0,0.0,320.0,0.0
40,23,OMP,optimized,14800.0,768.0,0.0,256.0,12800.0,320.0,320.0,328.0,0.0,0.0,0.0,8.0,0.0
40,24,OMP,baseline,10024.0,768.0,2048.0,0.0,0.0,0.0,6560.0,328.0,0.0,0.0,0.0,320.0,0.0
40,24,OMP,optimized,14800.0,768.0,0.0,256.0,12800.0,320.0,320.0,328.0,0.0,0.0,0.0,8.0,0.0
40,25,OMP,baseline,10024.0,768.0,2048.0,0.0,0.0,0.0,6560.0,328.0,0.0,0.0,0.0,320.0,0.0
40,25,OMP,optimized,14800.0,768.0,0.0,256.0,12800.0,320.0,320.0,328.0,0.0,0.0,0.0,8.0,0.0
40,26,OMP,baseline,10024.0,768.0,2048.0,0.0,0.0,0.0,6560.0,328.0,0.0,0.0,0.0,320.0,0.0
40,26,OMP,optimized,14800.0,768.0,0.0,256.0,12800.0,320.0,320.0,328.0,0.0,0.0,0.0,8.0,0.0
40,27,OMP,baseline,10024.0,768.0,2048.0,0.0,0.0,0.0,6560.0,328.0,0.0,0.0,0.0,320.0,0.0
40,27,OMP,optimized,14800.0,768.0,0.0,256.0,12800.0,320.0,320.0,328.0,0.0,0.0,0.0,8.0,0.0
40,28,OMP,baseline,10024.0,768.0,2048.0,0.0,0.0,0.0,6560.0,328.0,0.0,0.0,0.0,320.0,0.0
40,28,OMP,optimized,14800.0,768.0,0.0,256.0,12800.0,320.0,320.0,328.0,0.0,0.0,0.0,8.0,0.0
40,29,OMP,baseline,10024.0,768.0,2048.0,0.0,0.0,0.0,6560.0,328.0,0.0,0.0,0.0,320.0,0.0
40,29,OMP,optimized,14800.0,768.0,0.0,256.0,12800.0,320.0,320.0,328.0,0.0,0.0,0.0,8.0,0.0
40,30,OMP,baseline,10024.0,768.0,2048.0,0.0,0.0,0.0,6560.0,328.0,0.0,0.0,0.0,320.0,0.0
40,30,OMP,optimized,14800.0,768.0,0.0,256.0,12800.0,320.0,320.0,328.0,0.0,0.0,0.0,8.0,0.0
40,31,OMP,baseline,10024.0,768.0,2048.0,0.0,0.0,0.0,6560.0,328.0,0.0,0.0,0.0,320.0,0.0
40,31,OMP,optimized,14800.0,768.0,0.0,256.0,12800.0,320.0,320.0,328.0,0.0,0.0,0.0,8.0,0.0
40,32,OMP,baseline,10024.0,768.0,2048.0,0.0,0.0,0.0,6560.0,328.0,0.0,0.0,0.0,320.0,0.0
40,32,OMP,optimized,14800.0,768.0,0.0,256.0,12800.0,320.0,320.0,328.0,0.0,0.0,0.0,8.0,0.0
40,33,OMP,baseline,10024.0,768.0,2048.0,0.0,0.0,0.0,6560.0,328.0,0.0,0.0,0.0,320.0,0.0
40,33,OMP,optimized,14800.0,768.0,0.0,256.0,12800.0,320.0,320.0,328.0,0.0,0.0,0.0,8.0,0.0
40,34,OMP,baseline,10024.0,768.0,2048.0,0.0,0.0,0.0,6560.0,328.0,0.0,0.0,0.0,320.0,0.0
40,34,OMP,optimized,14800.0,768.0,0.0,256.0,12800.0,320.0,320.0,328.0,0.0,0.0,0.0,8.0,0.0
40,35,OMP,baseline,10024.0,768.0,2048.0,0.0,0.0,0.0,6560.0,328.0,0.0,0.0,0.0,320.0,0.0
40,35,OMP,optimized,14800.0,768.0,0.0,256.0,12800.0,320.0,320.0,328.0,0.0,0.0,0.0,8.0,0.0
40,36,OMP,baseline,10024.0,768.0,2048.0,0.0,0.0,0.0,6560.0,328.0,0.0,0.0,0.0,320.0,0.0
40,36,OMP,optimized,14800.0,768.0,0.0,256.0,12800.0,320.0,320.0,328.0,0.0,0.0,0.0,8.0,0.0
40,37,OMP,baseline,10024.0,768.0,2048.0,0.0,0.0,0.0,6560.0,328.0,0.0,0.0,0.0,320.0,0.0
40,37,OMP,optimized,14800.0,768.0,0.0,256.0,12800.0,320.0,320.0,328.0,0.0,0.0,0.0,8.0,0.0
40,38,OMP,baseline,10024.0,768.0,2048.0,0.0,0.0,0.0,6560.0,328.0,0.0,0.0,0.0,320.0,0.0
40,38,OMP,optimized,14800.0,768.0,0.0,256.0,12800.0,320.0,320.0,328.0,0.0,0.0,0.0,8.0,0.0
40,39,OMP,baseline,10024.0,768.0,2048.0,0.0,0.0,0.0,6560.0,328.0,0.0,0.0,0.0,320.0,0.0
40,39,OMP,optimized,14800.0,768.0,0.0,256.0,12800.0,320.0,320.0,328.0,0.0,0.0,0.0,8.0,0.0
40,40,OMP,baseline,10024.0,768.0,2048.0,0.0,0.0,0.0,6560.0,328.0,0.0,0.0,0.0,320.0,0.0
40,40,OMP,optimized,14800.0,768.0,0.0,256.0,12800.0,320.0,320.0,328.0,0.0,0.0,0.0,8.0,0.0
40,41,OMP,baseline,10024.0,768.0,2048.0,0.0,0.0,0.0,6560.0,328.0,0.0,0.0,0.0,320.0,0.0
40,41,OMP,optimized,14800.0,768.0,0.0,256.0,12800.0,320.0,320.0,328.0,0.0,0.0,0.0,8.0,0.0
40,42,OMP,baseline,10024.0,768.0,2048.0,0.0,0.0,0.0,6560.0,328.0,0.0,0.0,0.0,320.0,0.0
40,42,OMP,optimized,14800.0,768.0,0.0,256.0,12800.0,320.0,320.0,328.0,0.0,0.0,0.0,8.0,0.0
40,43,OMP,baseline,10024.0,768.0,2048.0,0.0,0.0,0.0,6560.0,328.0,0.0,0.0,0.0,320.0,0.0
40,43,OMP,optimized,14800.0,768.0,0.0,256.0,12800.0,320.0,320.0,328.0,0.0,0.0,0.0,8.0,0.0
40,44,OMP,baseline,10024.0,768.0,2048.0,0.0,0.0,0.0,6560.0,328.0,0.0,0.0,0.0,320.0,0.0
40,44,OMP,optimized,14800.0,768.0,0.0,256.0,12800.0,320.0,320.0,328.0,0.0,0.0,0.0,8.0,0.0
40,45,OMP,baseline,10024.0,768.0,2048.0,0.0,0.0,0.0,6560.0,328.0,0.0,0.0,0.0,320.0,0.0
40,45,OMP,optimized,14800.0,768.0,0.0,256.0,12800.0,320.0,320.0,328.0,0.0,0.0,0.0,8.0,0.0
40,46,OMP,baseline,10024.0,768.0,2048.0,0.0,0.0,0.0,6560.0,328.0,0.0,0.0,0.0,320.0,0.0
40,46,OMP,optimized,14800.0,768.0,0.0,256.0,12800.0,320.0,320.0,328.0,0.0,0.0,0.0,8.0,0.0
40,47,OMP,baseline,10024.0,768.0,2048.0,0.0,0.0,0.0,6560.0,328.0,0.0,0.0,0.0,320.0,0.0
40,47,OMP,optimized,14800.0,768.0,0.0,256.0,12800.0,320.0,320.0,328.0,0.0,0.0,0.0,8.0,0.0
40,48,OMP,baseline,10024.0,768.0,2048.0,0.0,0.0,0.0,6560.0,328.0,0.0,0.0,0.0,320.0,0.0
40,48,OMP,optimized,14800.0,768.0,0.0,256.0,12800.0,320.0,320.0,328.0,0.0,0.0,0.0,8.0,0.0
40,49,OMP,baseline,10024.0,768.0,2048.0,0.0,0.0,0.0,6560.0,328.0,0.0,0.0,0.0,320.0,0.0
40,49,OMP,optimized,14800.0,768.0,0.0,256.0,12800.0,320.0,320.0,328.0,0.0,0.0,0.0,8.0,0.0
40,50,OMP,baseline,10024.0,768.0,2048.0,0.0,0.0,0.0,6560.0,328.0,0.0,0.0,0.0,320.0,0.0
40,50,OMP,optimized,14800.0,768.0,0.0,256.0,12800.0,320.0,320.0,328.0,0.0,0.0,0.0,8.0,0.0
40,51,OMP,baseline,10024.0,768.0,2048.0,0.0,0.0,0.0,6560.0,328.0,0.0,0.0,0.0,320.0,0.0
40,51,OMP,optimized,14800.0,768.0,0.0,256.0,12800.0,320.0,320.0,328.0,0.0,0.0,0.0,8.0,0.0
40,52,OMP,baseline,10024.0,768.0,2048.0,0.0,0.0,0.0,6560.0,328.0,0.0,0.0,0.0,320.0,0.0
40,52,OMP,optimized,14800.0,768.0,0.0,256.0,12800.0,320.0,320.0,328.0,0.0,0.0,0.0,8.0,0.0
40,53,OMP,baseline,10024.0,768.0,2048.0,0.0,0.0,0.0,6560.0,328.0,0.0,0.0,0.0,320.0,0.0
40,53,OMP,optimized,14800.0,768.0,0.0,256.0,12800.0,320.0,320.0,328.0,0.0,0.0,0.0,8.0,0.0
40,54,OMP,baseline,10024.0,768.0,2048.0,0.0,0.0,0.0,6560.0,328.0,0.0,0.0,0.0,320.0,0.0
40,54,OMP,optimized,14800.0,768.0,0.0,256.0,12800.0,320.0,320.0,328.0,0.0,0.0,0.0,8.0,0.0
40,55,OMP,baseline,10024.0,768.0,2048.0,0.0,0.0,0.0,6560.0,328.0,0.0,0.0,0.0,320.0,0.0
40,55,OMP,optimized,14800.0,768.0,0.0,256.0,12800.0,320.0,320.0,328.0,0.0,0.0,0.0,8.0,0.0
40,56,OMP,baseline,10024.0,768.0,2048.0,0.0,0.0,0.0,6560.0,328.0,0.0,0.0,0.0,320.0,0.0
40,56,OMP,optimized,14800.0,768.0,0.0,256.0,12800.0,320.0,320.0,328.0,0.0,0.0,0.0,8.0,0.0
40,57,OMP,baseline,10024.0,768.0,2048.0,0.0,0.0,0.0,6560.0,328.0,0.0,0.0,0.0,320.0,0.0
40,57,OMP,optimized,14800.0,768.0,0.0,256.0,12800.0,320.0,320.0,328.0,0.0,0.0,0.0,8.0,0.0
40,58,OMP,baseline,10024.0,768.0,2048.0,0.0,0.0,0.0,6560.0,328.0,0.0,0.0,0.0,320.0,0.0
40,58,OMP,optimized,14800.0,768.0,0.0,256.0,12800.0,320.0,320.0,328.0,0.0,0.0,0.0,8.0,0.0
40,59,OMP,baseline,10024.0,768.0,2048.0,0.0,0.0,0.0,6560.0,328.0,0.0,0.0,0.0,320.0,0.0
40,59,OMP,optimized,14800.0,768.0,0.0,256.0,12800.0,320.0,320.0,328.0,0.0,0.0,0.0,8.0,0.0
40,60,OMP,baseline,10024.0,768.0,2048.0,0.0,0.0,0.0,6560.0,328.0,0.0,0.0,0.0,320.0,0.0
40,60,OMP,optimized,14800.0,768.0,0.0,256.0,12800.0,320.0,320.0,328.0,0.0,0.0,0.0,8.0,0.0
40,61,OMP,baseline,10024.0,768.0,2048.0,0.0,0.0,0.0,6560.0,328.0,0.0,0.0,0.0,320.0,0.0
40,61,OMP,optimized,14800.0,768.0,0.0,256.0,12800.0,320.0,320.0,328.0,0.0,0.0,0.0,8.0,0.0
40,62,OMP,baseline,10024.0,768.0,2048.0,0.0,0.0,0.0,6560.0,328.0,0.0,0.0,0.0,320.0,0.0
40,62,OMP,optimized,14800.0,768.0,0.0,256.0,12800.0,320.0,320.0,328.0,0.0,0.0,0.0,8.0,0.0
40,63,OMP,baseline,10024.0,768.0,2048.0,0.0,0.0,0.0,6560.0,328.0,0.0,0.0,0.0,320.0,0.0
40,63,OMP,optimized,14800.0,768.0,0.0,256.0,12800.0,320.0,320.0,328.0,0.0,0.0,0.0,8.0,0.0
40,64,OMP,baseline,10024.0,768.0,2048.0,0.0,0.0,0.0,6560.0,328.0,0.0,0.0,0.0,320.0,0.0
40,64,OMP,optimized,14800.0,768.0,0.0,256.0,12800.0,320.0,320.0,328.0,0.0,0.0,0.0,8.0,0.0
40,65,OMP,baseline,10024.0,768.0,2048.0,0.0,0.0,0.0,6560.0,328.0,0.0,0.0,0.0,320.0,0.0
40,65,OMP,optimized,14800.0,768.0,0.0,256.0,12800.0,320.0,320.0,328.0,0.0,0.0,0.0,8.0,0.0
40,66,OMP,baseline,10024.0,768.0,2048.0,0.0,0.0,0.0,6560.0,328.0,0.0,0.0,0.0,320.0,0.0
40,66,OMP,optimized,14800.0,768.0,0.0,256.0,12800.0,320.0,320.0,328.0,0.0,0.0,0.0,8.0,0.0
40,67,OMP,baseline,10024.0,768.0,2048.0,0.0,0.0,0.0,6560.0,328.0,0.0,0.0,0.0,320.0,0.0
40,67,OMP,optimized,14800.0,768.0,0.0,256.0,12800.0,320.0,320.0,328.0,0.0,0.0,0.0,8.0,0.0
40,68,OMP,baseline,10024.0,768.0,2048.0,0.0,0.0,0.0,6560.0,328.0,0.0,0.0,0.0,320.0,0.0
40,68,OMP,optimized,14800.0,768.0,0.0,256.0,12800.0,320.0,320.0,328.0,0.0,0.0,0.0,8.0,0.0
40,69,OMP,baseline,10024.0,768.0,2048.0,0.0,0.0,0.0,6560.0,328.0,0.0,0.0,0.0,320.0,0.0
40,69,OMP,optimized,14800.0,768.0,0.0,256.0,12800.0,320.0,320.0,328.0,0.0,0.0,0.0,8.0,0.0
40,70,OMP,baseline,10024.0,768.0,2048.0,0.0,0.0,0.0,6560.0,328.0,0.0,0.0,0.0,320.0,0.0
40,70,OMP,optimized,14800.0,768.0,0.0,256.0,12800.0,320.0,320.0,328.0,0.0,0.0,0.0,8.0,0.0
40,71,OMP,baseline,10024.0,768.0,2048.0,0.0,0.0,0.0,6560.0,328.0,0.0,0.0,0.0,320.0,0.0
40,71,OMP,optimized,14800.0,768.0,0.0,256.0,12800.0,320.0,320.0,328.0,0.0,0.0,0.0,8.0,0.0
40,72,OMP,baseline,10024.0,768.0,2048.0,0.0,0.0,0.0,6560.0,328.0,0.0,0.0,0.0,320.0,0.0
40,72,OMP,optimized,14800.0,768.0,0.0,256.0,12800.0,320.0,320.0,328.0,0.0,0.0,0.0,8.0,0.0
40,73,OMP,baseline,10024.0,768.0,2048.0,0.0,0.0,0.0,6560.0,328.0,0.0,0.0,0.0,320.0,0.0
40,73,OMP,optimized,14800.0,768.0,0.0,256.0,12800.0,320.0,320.0,328.0,0.0,0.0,0.0,8.0,0.0
40,74,OMP,baseline,10024.0,768.0,2048.0,0.0,0.0,0.0,6560.0,328.0,0.0,0.0,0.0,320.0,0.0
40,74,OMP,optimized,14800.0,768.0,0.0,256.0,12800.0,320.0,320.0,328.0,0.0,0.0,0.0,8.0,0.0
40,75,OMP,baseline,10024.0,768.0,2048.0,0.0,0.0,0.0,6560.0,328.0,0.0,0.0,0.0,320.0,0.0
40,75,OMP,optimized,14800.0,768.0,0.0,256.0,12800.0,320.0,320.0,328.0,0.0,0.0,0.0,8.0,0.0
40,76,OMP,baseline,10024.0,768.0,2048.0,0.0,0.0,0.0,6560.0,328.0,0.0,0.0,0.0,320.0,0.0
40,76,OMP,optimized,14800.0,768.0,0.0,256.0,12800.0,320.0,320.0,328.0,0.0,0.0,0.0,8.0,0.0
40,77,OMP,baseline,10024.0,768.0,2048.0,0.0,0.0,0.0,6560.0,328.0,0.0,0.0,0.0,320.0,0.0
40,77,OMP,optimized,14800.0,768.0,0.0,256.0,12800.0,320.0,320.0,328.0,0.0,0.0,0.0,8.0,0.0
40,78,OMP,baseline,10024.0,768.0,2048.0,0.0,0.0,0.0,6560.0,328.0,0.0,0.0,0.0,320.0,0.0
40,78,OMP,optimized,14800.0,768.0,0.0,256.0,12800.0,320.0,320.0,328.0,0.0,0.0,0.0,8.0,0.0
40,79,OMP,baseline,10024.0,768.0,2048.0,0.0,0.0,0.0,6560.0,328.0,0.0,0.0,0.0,320.0,0.0
40,79,OMP,optimized,14800.0,768.0,0.0,256.0,12800.0,320.0,320.0,328.0,0.0,0.0,0.0,8.0,0.0
40,80,OMP,baseline,10024.0,768.0,2048.0,0.0,0.0,0.0,6560.0,328.0,0.0,0.0,0.0,320.0,0.0
40,80,OMP,optimized,14800.0,768.0,0.0,256.0,12800.0,320.0,320.0,328.0,0.0,0.0,0.0,8.0,0.0
40,81,OMP,baseline,10024.0,768.0,2048.0,0.0,0.0,0.0,6560.0,328.0,0.0,0.0,0.0,320.0,0.0
40,81,OMP,optimized,14800.0,768.0,0.0,256.0,12800.0,320.0,320.0,328.0,0.0,0.0,0.0,8.0,0.0
40,82,OMP,baseline,10024.0,768.0,2048.0,0.0,0.0,0.0,6560.0,328.0,0.0,0.0,0.0,320.0,0.0
40,82,OMP,optimized,14800.0,768.0,0.0,256.0,12800.0,320.0,320.0,328.0,0.0,0.0,0.0,8.0,0.0
40,83,OMP,baseline,10024.0,768.0,2048.0,0.0,0.0,0.0,6560.0,328.0,0.0,0.0,0.0,320.0,0.0
40,83,OMP,optimized,14800.0,768.0,0.0,256.0,12800.0,320.0,320.0,328.0,0.0,0.0,0.0,8.0,0.0
40,84,OMP,baseline,10024.0,768.0,2048.0,0.0,0.0,0.0,6560.0,328.0,0.0,0.0,0.0,320.0,0.0
40,84,OMP,optimized,14800.0,768.0,0.0,256.0,12800.0,320.0,320.0,328.0,0.0,0.0,0.0,8.0,0.0
40,85,OMP,baseline,10024.0,768.0,2048.0,0.0,0.0,0.0,6560.0,328.0,0.0,0.0,0.0,320.0,0.0
40,85,OMP,optimized,14800.0,768.0,0.0,256.0,12800.0,320.0,320.0,328.0,0.0,0.0,0.0,8.0,0.0
40,86,OMP,baseline,10024.0,768.0,2048.0,0.0,0.0,0.0,6560.0,328.0,0.0,0.0,0.0,320.0,0.0
40,86,OMP,optimized,14800.0,768.0,0.0,256.0,12800.0,320.0,320.0,328.0,0.0,0.0,0.0,8.0,0.0
40,87,OMP,baseline,10024.0,768.0,2048.0,0.0,0.0,0.0,6560.0,328.0,0.0,0.0,0.0,320.0,0.0
40,87,OMP,optimized,14800.0,768.0,0.0,256.0,12800.0,320.0,320.0,328.0,0.0,0.0,0.0,8.0,0.0
40,88,OMP,baseline,10024.0,768.0,2048.0,0.0,0.0,0.0,6560.0,328.0,0.0,0.0,0.0,320.0,0.0
40,88,OMP,optimized,14800.0,768.0,0.0,256.0,12800.0,320.0,320.0,328.0,0.0,0.0,0.0,8.0,0.0
40,89,OMP,baseline,10024.0,768.0,2048.0,0.0,0.0,0.0,6560.0,328.0,0.0,0.0,0.0,320.0,0.0
40,89,OMP,optimized,14800.0,768.0,0.0,256.0,12800.0,320.0,320.0,328.0,0.0,0.0,0.0,8.0,0.0
40,90,OMP,baseline,10024.0,768.0,2048.0,0.0,0.0,0.0,6560.0,328.0,0.0,0.0,0.0,320.0,0.0
40,90,OMP,optimized,14800.0,768.0,0.0,256.0,12800.0,320.0,320.0,328.0,0.0,0.0,0.0,8.0,0.0
40,91,OMP,baseline,10024.0,768.0,2048.0,0.0,0.0,0.0,6560.0,328.0,0.0,0.0,0.0,320.0,0.0
40,91,OMP,optimized,14800.0,768.0,0.0,256.0,12800.0,320.0,320.0,328.0,0.0,0.0,0.0,8.0,0.0
40,92,OMP,baseline,10024.0,768.0,2048.0,0.0,0.0,0.0,6560.0,328.0,0.0,0.0,0.0,320.0,0.0
40,92,OMP,optimized,14800.0,768.0,0.0,256.0,12800.0,320.0,320.0,328.0,0.0,0.0,0.0,8.0,0.0
40,93,OMP,baseline,10024.0,768.0,2048.0,0.0,0.0,0.0,6560.0,328.0,0.0,0.0,0.0,320.0,0.0
40,93,OMP,optimized,14800.0,768.0,0.0,256.0,12800.0,320.0,320.0,328.0,0.0,0.0,0.0,8.0,0.0
40,94,OMP,baseline,10024.0,768.0,2048.0,0.0,0.0,0.0,6560.0,328.0,0.0,0.0,0.0,320.0,0.0
40,94,OMP,optimized,14800.0,768.0,0.0,256.0,12800.0,320.0,320.0,328.0,0.0,0.0,0.0,8.0,0.0
40,95,OMP,baseline,10024.0,768.0,2048.0,0.0,0.0,0.0,6560.0,328.0,0.0,0.0,0.0,320.0,0.0
40,95,OMP,optimized,14800.0,768.0,0.0,256.0,12800.0,320.0,320.0,328.0,0.0,0.0,0.0,8.0,0.0
40,96,OMP,baseline,10024.0,768.0,2048.0,0.0,0.0,0.0,6560.0,328.0,0.0,0.0,0.0,320.0,0.0
40,96,OMP,optimized,14800.0,768.0,0.0,256.0,12800.0,320.0,320.0,328.0,0.0,0.0,0.0,8.0,0.0
40,97,OMP,baseline,10024.0,768.0,2048.0,0.0,0.0,0.0,6560.0,328.0,0.0,0.0,0.0,320.0,0.0
40,97,OMP,optimized,14800.0,768.0,0.0,256.0,12800.0,320.0,320.0,328.0,0.0,0.0,0.0,8.0,0.0
40,98,OMP,baseline,10024.0,768.0,2048.0,0.0,0.0,0.0,6560.0,328.0,0.0,0.0,0.0,320.0,0.0
40,98,OMP,optimized,14800.0,768.0,0.0,256.0,12800.0,320.0,320.0,328.0,0.0,0.0,0.0,8.0,0.0
40,99,OMP,baseline,10024.0,768.0,2048.0,0.0,0.0,0.0,6560.0,328.0,0.0,0.0,0.0,320.0,0.0
40,99,OMP,optimized,14800.0,768.0,0.0,256.0,12800.0,320.0,320.0,328.0,0.0,0.0,0.0,8.0,0.0
40,100,OMP,baseline,10024.0,768.0,2048.0,0.0,0.0,0.0,6560.0,328.0,0.0,0.0,0.0,320.0,0.0
40,100,OMP,optimized,14800.0,768.0,0.0,256.0,12800.0,320.0,320.0,328.0,0.0,0.0,0.0,8.0,0.0
40,101,OMP,baseline,10024.0,768.0,2048.0,0.0,0.0,0.0,6560.0,328.0,0.0,0.0,0.0,320.0,0.0
40,101,OMP,optimized,14800.0,768.0,0.0,256.0,12800.0,320.0,320.0,328.0,0.0,0.0,0.0,8.0,0.0
40,102,OMP,baseline,10024.0,768.0,2048.0,0.0,0.0,0.0,6560.0,328.0,0.0,0.0,0.0,320.0,0.0
40,102,OMP,optimized,14800.0,768.0,0.0,256.0,12800.0,320.0,320.0,328.0,0.0,0.0,0.0,8.0,0.0
40,103,OMP,baseline,10024.0,768.0,2048.0,0.0,0.0,0.0,6560.0,328.0,0.0,0.0,0.0,320.0,0.0
40,103,OMP,optimized,14800.0,768.0,0.0,256.0,12800.0,320.0,320.0,328.0,0.0,0.0,0.0,8.0,0.0
40,104,OMP,baseline,10024.0,768.0,2048.0,0.0,0.0,0.0,6560.0,328.0,0.0,0.0,0.0,320.0,0.0
40,104,OMP,optimized,14800.0,768.0,0.0,256.0,12800.0,320.0,320.0,328.0,0.0,0.0,0.0,8.0,0.0
40,105,OMP,baseline,10024.0,768.0,2048.0,0.0,0.0,0.0,6560.0,328.0,0.0,0.0,0.0,320.0,0.0
40,105,OMP,optimized,14800.0,768.0,0.0,256.0,12800.0,320.0,320.0,328.0,0.0,0.0,0.0,8.0,0.0
40,106,OMP,baseline,10024.0,768.0,2048.0,0.0,0.0,0.0,6560.0,328.0,0.0,0.0,0.0,320.0,0.0
40,106,OMP,optimized,14800.0,768.0,0.0,256.0,12800.0,320.0,320.0,328.0,0.0,0.0,0.0,8.0,0.0
40,107,OMP,baseline,10024.0,768.0,2048.0,0.0,0.0,0.0,6560.0,328.0,0.0,0.0,0.0,320.0,0.0
40,107,OMP,optimized,14800.0,768.0,0.0,256.0,12800.0,320.0,320.0,328.0,0.0,0.0,0.0,8.0,0.0
40,108,OMP,baseline,10024.0,768.0,2048.0,0.0,0.0,0.0,6560.0,328.0,0.0,0.0,0.0,320.0,0.0
40,108,OMP,optimized,14800.0,768.0,0.0,256.0,12800.0,320.0,320.0,328.0,0.0,0.0,0.0,8.0,0.0
40,109,OMP,baseline,10024.0,768.0,2048.0,0.0,0.0,0.0,6560.0,328.0,0.0,0.0,0.0,320.0,0.0
40,109,OMP,optimized,14800.0,768.0,0.0,256.0,12800.0,320.0,320.0,328.0,0.0,0.0,0.0,8.0,0.0
40,110,OMP,baseline,10024.0,768.0,2048.0,0.0,0.0,0.0,6560.0,328.0,0.0,0.0,0.0,320.0,0.0
40,110,OMP,optimized,14800.0,768.0,0.0,256.0,12800.0,320.0,320.0,328.0,0.0,0.0,0.0,8.0,0.0
40,111,OMP,baseline,10024.0,768.0,2048.0,0.0,0.0,0.0,6560.0,328.0,0.0,0.0,0.0,320.0,0.0
40,111,OMP,optimized,14800.0,768.0,0.0,256.0,12800.0,320.0,320.0,328.0,0.0,0.0,0.0,8.0,0.0
40,112,OMP,baseline,10024.0,768.0,2048.0,0.0,0.0,0.0,6560.0,328.0,0.0,0.0,0.0,320.0,0.0
40,112,OMP,optimized,14800.0,768.0,0.0,256.0,12800.0,320.0,320.0,328.0,0.0,0.0,0.0,8.0,0.0
40,113,OMP,baseline,10024.0,768.0,2048.0,0.0,0.0,0.0,6560.0,328.0,0.0,0.0,0.0,320.0,0.0
40,113,OMP,optimized,14800.0,768.0,0.0,256.0,12800.0,320.0,320.0,328.0,0.0,0.0,0.0,8.0,0.0
40,114,OMP,baseline,10024.0,768.0,2048.0,0.0,0.0,0.0,6560.0,328.0,0.0,0.0,0.0,320.0,0.0
40,114,OMP,optimized,14800.0,768.0,0.0,256.0,12800.0,320.0,320.0,328.0,0.0,0.0,0.0,8.0,0.0
40,115,OMP,baseline,10024.0,768.0,2048.0,0.0,0.0,0.0,6560.0,328.0,0.0,0.0,0.0,320.0,0.0
40,115,OMP,optimized,14800.0,768.0,0.0,256.0,12800.0,320.0,320.0,328.0,0.0,0.0,0.0,8.0,0.0
40,116,OMP,baseline,10024.0,768.0,2048.0,0.0,0.0,0.0,6560.0,328.0,0.0,0.0,0.0,320.0,0.0
40,116,OMP,optimized,14800.0,768.0,0.0,256.0,12800.0,320.0,320.0,328.0,0.0,0.0,0.0,8.0,0.0
40,117,OMP,baseline,10024.0,768.0,2048.0,0.0,0.0,0.0,6560.0,328.0,0.0,0.0,0.0,320.0,0.0
40,117,OMP,optimized,14800.0,768.0,0.0,256.0,12800.0,320.0,320.0,328.0,0.0,0.0,0.0,8.0,0.0
40,118,OMP,baseline,10024.0,768.0,2048.0,0.0,0.0,0.0,6560.0,328.0,0.0,0.0,0.0,320.0,0.0
40,118,OMP,optimized,14800.0,768.0,0.0,256.0,12800.0,320.0,320.0,328.0,0.0,0.0,0.0,8.0,0.0
40,119,OMP,baseline,10024.0,768.0,2048.0,0.0,0.0,0.0,6560.0,328.0,0.0,0.0,0.0,320.0,0.0
40,119,OMP,optimized,14800.0,768.0,0.0,256.0,12800.0,320.0,320.0,328.0,0.0,0.0,0.0,8.0,0.0
40,120,OMP,baseline,10024.0,768.0,2048.0,0.0,0.0,0.0,6560.0,328.0,0.0,0.0,0.0,320.0,0.0
40,120,OMP,optimized,14800.0,768.0,0.0,256.0,12800.0,320.0,320.0,328.0,0.0,0.0,0.0,8.0,0.0
40,121,OMP,baseline,10024.0,768.0,2048.0,0.0,0.0,0.0,6560.0,328.0,0.0,0.0,0.0,320.0,0.0
40,121,OMP,optimized,14800.0,768.0,0.0,256.0,12800.0,320.0,320.0,328.0,0.0,0.0,0.0,8.0,0.0
40,122,OMP,baseline,10024.0,768.0,2048.0,0.0,0.0,0.0,6560.0,328.0,0.0,0.0,0.0,320.0,0.0
40,122,OMP,optimized,14800.0,768.0,0.0,256.0,12800.0,320.0,320.0,328.0,0.0,0.0,0.0,8.0,0.0
40,123,OMP,baseline,10024.0,768.0,2048.0,0.0,0.0,0.0,6560.0,328.0,0.0,0.0,0.0,320.0,0.0
40,123,OMP,optimized,14800.0,768.0,0.0,256.0,12800.0,320.0,320.0,328.0,0.0,0.0,0.0,8.0,0.0
40,124,OMP,baseline,10024.0,768.0,2048.0,0.0,0.0,0.0,6560.0,328.0,0.0,0.0,0.0,320.0,0.0
40,124,OMP,optimized,14800.0,768.0,0.0,256.0,12800.0,320.0,320.0,328.0,0.0,0.0,0.0,8.0,0.0
40,125,OMP,baseline,10024.0,768.0,2048.0,0.0,0.0,0.0,6560.0,328.0,0.0,0.0,0.0,320.0,0.0
40,125,OMP,optimized,14800.0,768.0,0.0,256.0,12800.0,320.0,320.0,328.0,0.0,0.0,0.0,8.0,0.0
40,126,OMP,baseline,10024.0,768.0,2048.0,0.0,0.0,0.0,6560.0,328.0,0.0,0.0,0.0,320.0,0.0
40,126,OMP,optimized,14800.0,768.0,0.0,256.0,12800.0,320.0,320.0,328.0,0.0,0.0,0.0,8.0,0.0
40,127,OMP,baseline,10024.0,768.0,2048.0,0.0,0.0,0.0,6560.0,328.0,0.0,0.0,0.0,320.0,0.0
40,127,OMP,optimized,14800.0,768.0,0.0,256.0,12800.0,320.0,320.0,328.0,0.0,0.0,0.0,8.0,0.0
40,128,OMP,baseline,10024.0,768.0,2048.0,0.0,0.0,0.0,6560.0,328.0,0.0,0.0,0.0,320.0,0.0
40,128,OMP,optimized,14800.0,768.0,0.0,256.0,12800.0,320.0,320.0,328.0,0.0,0.0,0.0,8.0,0.0
40,129,OMP,baseline,10024.0,768.0,2048.0,0.0,0.0,0.0,6560.0,328.0,0.0,0.0,0.0,320.0,0.0
40,129,OMP,optimized,14800.0,768.0,0.0,256.0,12800.0,320.0,320.0,328.0,0.0,0.0,0.0,8.0,0.0
40,130,OMP,baseline,10024.0,768.0,2048.0,0.0,0.0,0.0,6560.0,328.0,0.0,0.0,0.0,320.0,0.0
40,130,OMP,optimized,14800.0,768.0,0.0,256.0,12800.0,320.0,320.0,328.0,0.0,0.0,0.0,8.0,0.0
40,131,OMP,baseline,10024.0,768.0,2048.0,0.0,0.0,0.0,6560.0,328.0,0.0,0.0,0.0,320.0,0.0
40,131,OMP,optimized,14800.0,768.0,0.0,256.0,12800.0,320.0,320.0,328.0,0.0,0.0,0.0,8.0,0.0
40,132,OMP,baseline,10024.0,768.0,2048.0,0.0,0.0,0.0,6560.0,328.0,0.0,0.0,0.0,320.0,0.0
40,132,OMP,optimized,14800.0,768.0,0.0,256.0,12800.0,320.0,320.0,328.0,0.0,0.0,0.0,8.0,0.0
40,133,OMP,baseline,10024.0,768.0,2048.0,0.0,0.0,0.0,6560.0,328.0,0.0,0.0,0.0,320.0,0.0
40,133,OMP,optimized,14800.0,768.0,0.0,256.0,12800.0,320.0,320.0,328.0,0.0,0.0,0.0,8.0,0.0
40,134,OMP,baseline,10024.0,768.0,2048.0,0.0,0.0,0.0,6560.0,328.0,0.0,0.0,0.0,320.0,0.0
40,134,OMP,optimized,14800.0,768.0,0.0,256.0,12800.0,320.0,320.0,328.0,0.0,0.0,0.0,8.0,0.0
40,135,OMP,baseline,10024.0,768.0,2048.0,0.0,0.0,0.0,6560.0,328.0,0.0,0.0,0.0,320.0,0.0
40,135,OMP,optimized,14800.0,768.0,0.0,256.0,12800.0,320.0,320.0,328.0,0.0,0.0,0.0,8.0,0.0
40,136,OMP,baseline,10024.0,768.0,2048.0,0.0,0.0,0.0,6560.0,328.0,0.0,0.0,0.0,320.0,0.0
40,136,OMP,optimized,14800.0,768.0,0.0,256.0,12800.0,320.0,320.0,328.0,0.0,0.0,0.0,8.0,0.0
40,137,OMP,baseline,10024.0,768.0,2048.0,0.0,0.0,0.0,6560.0,328.0,0.0,0.0,0.0,320.0,0.0
40,137,OMP,optimized,14800.0,768.0,0.0,256.0,12800.0,320.0,320.0,328.0,0.0,0.0,0.0,8.0,0.0
40,138,OMP,baseline,10024.0,768.0,2048.0,0.0,0.0,0.0,6560.0,328.0,0.0,0.0,0.0,320.0,0.0
40,138,OMP,optimized,14800.0,768.0,0.0,256.0,12800.0,320.0,320.0,328.0,0.0,0.0,0.0,8.0,0.0
40,139,OMP,baseline,10024.0,768.0,2048.0,0.0,0.0,0.0,6560.0,328.0,0.0,0.0,0.0,320.0,0.0
40,139,OMP,optimized,14800.0,768.0,0.0,256.0,12800.0,320.0,320.0,328.0,0.0,0.0,0.0,8.0,0.0
40,140,OMP,baseline,10024.0,768.0,2048.0,0.0,0.0,0.0,6560.0,328.0,0.0,0.0,0.0,320.0,0.0
40,140,OMP,optimized,14800.0,768.0,0.0,256.0,12800.0,320.0,320.0,328.0,0.0,0.0,0.0,8.0,0.0
40,141,OMP,baseline,10024.0,768.0,2048.0,0.0,0.0,0.0,6560.0,328.0,0.0,0.0,0.0,320.0,0.0
40,141,OMP,optimized,14800.0,768.0,0.0,256.0,12800.0,320.0,320.0,328.0,0.0,0.0,0.0,8.0,0.0
40,142,OMP,baseline,10024.0,768.0,2048.0,0.0,0.0,0.0,6560.0,328.0,0.0,0.0,0.0,320.0,0.0
40,142,OMP,optimized,14800.0,768.0,0.0,256.0,12800.0,320.0,320.0,328.0,0.0,0.0,0.0,8.0,0.0
40,143,OMP,baseline,10024.0,768.0,2048.0,0.0,0.0,0.0,6560.0,328.0,0.0,0.0,0.0,320.0,0.0
40,143,OMP,optimized,14800.0,768.0,0.0,256.0,12800.0,320.0,320.0,328.0,0.0,0.0,0.0,8.0,0.0
40,144,OMP,baseline,10024.0,768.0,2048.0,0.0,0.0,0.0,6560.0,328.0,0.0,0.0,0.0,320.0,0.0
40,144,OMP,optimized,14800.0,768.0,0.0,256.0,12800.0,320.0,320.0,328.0,0.0,0.0,0.0,8.0,0.0
40,145,OMP,baseline,10024.0,768.0,2048.0,0.0,0.0,0.0,6560.0,328.0,0.0,0.0,0.0,320.0,0.0
40,145,OMP,optimized,14800.0,768.0,0.0,256.0,12800.0,320.0,320.0,328.0,0.0,0.0,0.0,8.0,0.0
40,146,OMP,baseline,10024.0,768.0,2048.0,0.0,0.0,0.0,6560.0,328.0,0.0,0.0,0.0,320.0,0.0
40,146,OMP,optimized,14800.0,768.0,0.0,256.0,12800.0,320.0,320.0,328.0,0.0,0.0,0.0,8.0,0.0
40,147,OMP,baseline,10024.0,768.0,2048.0,0.0,0.0,0.0,6560.0,328.0,0.0,0.0,0.0,320.0,0.0
40,147,OMP,optimized,14800.0,768.0,0.0,256.0,12800.0,320.0,320.0,328.0,0.0,0.0,0.0,8.0,0.0
40,148,OMP,baseline,10024.0,768.0,2048.0,0.0,0.0,0.0,6560.0,328.0,0.0,0.0,0.0,320.0,0.0
40,148,OMP,optimized,14800.0,768.0,0.0,256.0,12800.0,320.0,320.0,328.0,0.0,0.0,0.0,8.0,0.0
40,149,OMP,baseline,10024.0,768.0,2048.0,0.0,0.0,0.0,6560.0,328.0,0.0,0.0,0.0,320.0,0.0
40,149,OMP,optimized,14800.0,768.0,0.0,256.0,12800.0,320.0,320.0,328.0,0.0,0.0,0.0,8.0,0.0
40,150,OMP,baseline,10024.0,768.0,2048.0,0.0,0.0,0.0,6560.0,328.0,0.0,0.0,0.0,320.0,0.0
40,150,OMP,optimized,14800.0,768.0,0.0,256.0,12800.0,320.0,320.0,328.0,0.0,0.0,0.0,8.0,0.0
40,151,OMP,baseline,10024.0,768.0,2048.0,0.0,0.0,0.0,6560.0,328.0,0.0,0.0,0.0,320.0,0.0
40,151,OMP,optimized,14800.0,768.0,0.0,256.0,12800.0,320.0,320.0,328.0,0.0,0.0,0.0,8.0,0.0
40,152,OMP,baseline,10024.0,768.0,2048.0,0.0,0.0,0.0,6560.0,328.0,0.0,0.0,0.0,320.0,0.0
40,152,OMP,optimized,14800.0,768.0,0.0,256.0,12800.0,320.0,320.0,328.0,0.0,0.0,0.0,8.0,0.0
40,153,OMP,baseline,10024.0,768.0,2048.0,0.0,0.0,0.0,6560.0,328.0,0.0,0.0,0.0,320.0,0.0
40,153,OMP,optimized,14800.0,768.0,0.0,256.0,12800.0,320.0,320.0,328.0,0.0,0.0,0.0,8.0,0.0
40,154,OMP,baseline,10024.0,768.0,2048.0,0.0,0.0,0.0,6560.0,328.0,0.0,0.0,0.0,320.0,0.0
40,154,OMP,optimized,14800.0,768.0,0.0,256.0,12800.0,320.0,320.0,328.0,0.0,0.0,0.0,8.0,0.0
40,155,OMP,baseline,10024.0,768.0,2048.0,0.0,0.0,0.0,6560.0,328.0,0.0,0.0,0.0,320.0,0.0
40,155,OMP,optimized,14800.0,768.0,0.0,256.0,12800.0,320.0,320.0,328.0,0.0,0.0,0.0,8.0,0.0
40,156,OMP,baseline,10024.0,768.0,2048.0,0.0,0.0,0.0,6560.0,328.0,0.0,0.0,0.0,320.0,0.0
40,156,OMP,optimized,14800.0,768.0,0.0,256.0,12800.0,320.0,320.0,328.0,0.0,0.0,0.0,8.0,0.0
40,157,OMP,baseline,10024.0,768.0,2048.0,0.0,0.0,0.0,6560.0,328.0,0.0,0.0,0.0,320.0,0.0
40,157,OMP,optimized,14800.0,768.0,0.0,256.0,12800.0,320.0,320.0,328.0,0.0,0.0,0.0,8.0,0.0
40,158,OMP,baseline,10024.0,768.0,2048.0,0.0,0.0,0.0,6560.0,328.0,0.0,0.0,0.0,320.0,0.0
40,158,OMP,optimized,14800.0,768.0,0.0,256.0,12800.0,320.0,320.0,328.0,0.0,0.0,0.0,8.0,0.0
40,159,OMP,baseline,10024.0,768.0,2048.0,0.0,0.0,0.0,6560.0,328.0,0.0,0.0,0.0,320.0,0.0
40,159,OMP,optimized,14800.0,768.0,0.0,256.0,12800.0,320.0,320.0,328.0,0.0,0.0,0.0,8.0,0.0
40,160,OMP,baseline,10024.0,768.0,2048.0,0.0,0.0,0.0,6560.0,328.0,0.0,0.0,0.0,320.0,0.0
40,160,OMP,optimized,14800.0,768.0,0.0,256.0,12800.0,320.0,320.0,328.0,0.0,0.0,0.0,8.0,0.0
40,161,OMP,baseline,10024.0,768.0,2048.0,0.0,0.0,0.0,6560.0,328.0,0.0,0.0,0.0,320.0,0.0
40,161,OMP,optimized,14800.0,768.0,0.0,256.0,12800.0,320.0,320.0,328.0,0.0,0.0,0.0,8.0,0.0
40,162,OMP,baseline,10024.0,768.0,2048.0,0.0,0.0,0.0,6560.0,328.0,0.0,0.0,0.0,320.0,0.0
40,162,OMP,optimized,14800.0,768.0,0.0,256.0,12800.0,320.0,320.0,328.0,0.0,0.0,0.0,8.0,0.0
40,163,OMP,baseline,10024.0,768.0,2048.0,0.0,0.0,0.0,6560.0,328.0,0.0,0.0,0.0,320.0,0.0
40,163,OMP,optimized,14800.0,768.0,0.0,256.0,12800.0,320.0,320.0,328.0,0.0,0.0,0.0,8.0,0.0
40,164,OMP,baseline,10024.0,768.0,2048.0,0.0,0.0,0.0,6560.0,328.0,0.0,0.0,0.0,320.0,0.0
40,164,OMP,optimized,14800.0,768.0,0.0,256.0,12800.0,320.0,320.0,328.0,0.0,0.0,0.0,8.0,0.0
40,165,OMP,baseline,10024.0,768.0,2048.0,0.0,0.0,0.0,6560.0,328.0,0.0,0.0,0.0,320.0,0.0
40,165,OMP,optimized,14800.0,768.0,0.0,256.0,12800.0,320.0,320.0,328.0,0.0,0.0,0.0,8.0,0.0
40,166,OMP,baseline,10024.0,768.0,2048.0,0.0,0.0,0.0,6560.0,328.0,0.0,0.0,0.0,320.0,0.0
40,166,OMP,optimized,14800.0,768.0,0.0,256.0,12800.0,320.0,320.0,328.0,0.0,0.0,0.0,8.0,0.0
40,167,OMP,baseline,10024.0,768.0,2048.0,0.0,0.0,0.0,6560.0,328.0,0.0,0.0,0.0,320.0,0.0
40,167,OMP,optimized,14800.0,768.0,0.0,256.0,12800.0,320.0,320.0,328.0,0.0,0.0,0.0,8.0,0.0
40,168,OMP,baseline,10024.0,768.0,2048.0,0.0,0.0,0.0,6560.0,328.0,0.0,0.0,0.0,320.0,0.0
40,168,OMP,optimized,14800.0,768.0,0.0,256.0,12800.0,320.0,320.0,328.0,0.0,0.0,0.0,8.0,0.0
40,169,OMP,baseline,10024.0,768.0,2048.0,0.0,0.0,0.0,6560.0,328.0,0.0,0.0,0.0,320.0,0.0
40,169,OMP,optimized,14800.0,768.0,0.0,256.0,12800.0,320.0,320.0,328.0,0.0,0.0,0.0,8.0,0.0
40,170,OMP,baseline,10024.0,768.0,2048.0,0.0,0.0,0.0,6560.0,328.0,0.0,0.0,0.0,320.0,0.0
40,170,OMP,optimized,14800.0,768.0,0.0,256.0,12800.0,320.0,320.0,328.0,0.0,0.0,0.0,8.0,0.0
40,171,OMP,baseline,10024.0,768.0,2048.0,0.0,0.0,0.0,6560.0,328.0,0.0,0.0,0.0,320.0,0.0
40,171,OMP,optimized,14800.0,768.0,0.0,256.0,12800.0,320.0,320.0,328.0,0.0,0.0,0.0,8.0,0.0
40,172,OMP,baseline,10024.0,768.0,2048.0,0.0,0.0,0.0,6560.0,328.0,0.0,0.0,0.0,320.0,0.0
40,172,OMP,optimized,14800.0,768.0,0.0,256.0,12800.0,320.0,320.0,328.0,0.0,0.0,0.0,8.0,0.0
40,173,OMP,baseline,10024.0,768.0,2048.0,0.0,0.0,0.0,6560.0,328.0,0.0,0.0,0.0,320.0,0.0
40,173,OMP,optimized,14800.0,768.0,0.0,256.0,12800.0,320.0,320.0,328.0,0.0,0.0,0.0,8.0,0.0
40,174,OMP,baseline,10024.0,768.0,2048.0,0.0,0.0,0.0,6560.0,328.0,0.0,0.0,0.0,320.0,0.0
40,174,OMP,optimized,14800.0,768.0,0.0,256.0,12800.0,320.0,320.0,328.0,0.0,0.0,0.0,8.0,0.0
40,175,OMP,baseline,10024.0,768.0,2048.0,0.0,0.0,0.0,6560.0,328.0,0.0,0.0,0.0,320.0,0.0
40,175,OMP,optimized,14800.0,768.0,0.0,256.0,12800.0,320.0,320.0,328.0,0.0,0.0,0.0,8.0,0.0
40,176,OMP,baseline,10024.0,768.0,2048.0,0.0,0.0,0.0,6560.0,328.0,0.0,0.0,0.0,320.0,0.0
40,176,OMP,optimized,14800.0,768.0,0.0,256.0,12800.0,320.0,320.0,328.0,0.0,0.0,0.0,8.0,0.0
40,177,OMP,baseline,10024.0,768.0,2048.0,0.0,0.0,0.0,6560.0,328.0,0.0,0.0,0.0,320.0,0.0
40,177,OMP,optimized,14800.0,768.0,0.0,256.0,12800.0,320.0,320.0,328.0,0.0,0.0,0.0,8.0,0.0
40,178,OMP,baseline,10024.0,768.0,2048.0,0.0,0.0,0.0,6560.0,328.0,0.0,0.0,0.0,320.0,0.0
40,178,OMP,optimized,14800.0,768.0,0.0,256.0,12800.0,320.0,320.0,328.0,0.0,0.0,0.0,8.0,0.0
40,179,OMP,baseline,10024.0,768.0,2048.0,0.0,0.0,0.0,6560.0,328.0,0.0,0.0,0.0,320.0,0.0
40,179,OMP,optimized,14800.0,768.0,0.0,256.0,12800.0,320.0,320.0,328.0,0.0,0.0,0.0,8.0,0.0
40,180,OMP,baseline,10024.0,768.0,2048.0,0.0,0.0,0.0,6560.0,328.0,0.0,0.0,0.0,320.0,0.0
40,180,OMP,optimized,14800.0,768.0,0.0,256.0,12800.0,320.0,320.0,328.0,0.0,0.0,0.0,8.0,0.0
40,181,OMP,baseline,10024.0,768.0,2048.0,0.0,0.0,0.0,6560.0,328.0,0.0,0.0,0.0,320.0,0.0
40,181,OMP,optimized,14800.0,768.0,0.0,256.0,12800.0,320.0,320.0,328.0,0.0,0.0,0.0,8.0,0.0
40,182,OMP,baseline,10024.0,768.0,2048.0,0.0,0.0,0.0,6560.0,328.0,0.0,0.0,0.0,320.0,0.0
40,182,OMP,optimized,14800.0,768.0,0.0,256.0,12800.0,320.0,320.0,328.0,0.0,0.0,0.0,8.0,0.0
40,183,OMP,baseline,10024.0,768.0,2048.0,0.0,0.0,0.0,6560.0,328.0,0.0,0.0,0.0,320.0,0.0
40,183,OMP,optimized,14800.0,768.0,0.0,256.0,12800.0,320.0,320.0,328.0,0.0,0.0,0.0,8.0,0.0
40,184,OMP,baseline,10024.0,768.0,2048.0,0.0,0.0,0.0,6560.0,328.0,0.0,0.0,0.0,320.0,0.0
40,184,OMP,optimized,14800.0,768.0,0.0,256.0,12800.0,320.0,320.0,328.0,0.0,0.0,0.0,8.0,0.0
40,185,OMP,baseline,10024.0,768.0,2048.0,0.0,0.0,0.0,6560.0,328.0,0.0,0.0,0.0,320.0,0.0
40,185,OMP,optimized,14800.0,768.0,0.0,256.0,12800.0,320.0,320.0,328.0,0.0,0.0,0.0,8.0,0.0
40,186,OMP,baseline,10024.0,768.0,2048.0,0.0,0.0,0.0,6560.0,328.0,0.0,0.0,0.0,320.0,0.0
40,186,OMP,optimized,14800.0,768.0,0.0,256.0,12800.0,320.0,320.0,328.0,0.0,0.0,0.0,8.0,0.0
40,187,OMP,baseline,10024.0,768.0,2048.0,0.0,0.0,0.0,6560.0,328.0,0.0,0.0,0.0,320.0,0.0
40,187,OMP,optimized,14800.0,768.0,0.0,256.0,12800.0,320.0,320.0,328.0,0.0,0.0,0.0,8.0,0.0
40,188,OMP,baseline,10024.0,768.0,2048.0,0.0,0.0,0.0,6560.0,328.0,0.0,0.0,0.0,320.0,0.0
40,188,OMP,optimized,14800.0,768.0,0.0,256.0,12800.0,320.0,320.0,328.0,0.0,0.0,0.0,8.0,0.0
40,189,OMP,baseline,10024.0,768.0,2048.0,0.0,0.0,0.0,6560.0,328.0,0.0,0.0,0.0,320.0,0.0
40,189,OMP,optimized,14800.0,768.0,0.0,256.0,12800.0,320.0,320.0,328.0,0.0,0.0,0.0,8.0,0.0
40,190,OMP,baseline,10024.0,768.0,2048.0,0.0,0.0,0.0,6560.0,328.0,0.0,0.0,0.0,320.0,0.0
40,190,OMP,optimized,14800.0,768.0,0.0,256.0,12800.0,320.0,320.0,328.0,0.0,0.0,0.0,8.0,0.0
40,191,OMP,baseline,10024.0,768.0,2048.0,0.0,0.0,0.0,6560.0,328.0,0.0,0.0,0.0,320.0,0.0
40,191,OMP,optimized,14800.0,768.0,0.0,256.0,12800.0,320.0,320.0,328.0,0.0,0.0,0.0,8.0,0.0
40,192,OMP,baseline,10024.0,768.0,2048.0,0.0,0.0,0.0,6560.0,328.0,0.0,0.0,0.0,320.0,0.0
40,192,OMP,optimized,14800.0,768.0,0.0,256.0,12800.0,320.0,320.0,328.0,0.0,0.0,0.0,8.0,0.0
40,193,OMP,baseline,10024.0,768.0,2048.0,0.0,0.0,0.0,6560.0,328.0,0.0,0.0,0.0,320.0,0.0
40,193,OMP,optimized,14800.0,768.0,0.0,256.0,12800.0,320.0,320.0,328.0,0.0,0.0,0.0,8.0,0.0
40,194,OMP,baseline,10024.0,768.0,2048.0,0.0,0.0,0.0,6560.0,328.0,0.0,0.0,0.0,320.0,0.0
40,194,OMP,optimized,14800.0,768.0,0.0,256.0,12800.0,320.0,320.0,328.0,0.0,0.0,0.0,8.0,0.0
40,195,OMP,baseline,10024.0,768.0,2048.0,0.0,0.0,0.0,6560.0,328.0,0.0,0.0,0.0,320.0,0.0
40,195,OMP,optimized,14800.0,768.0,0.0,256.0,12800.0,320.0,320.0,328.0,0.0,0.0,0.0,8.0,0.0
40,196,OMP,baseline,10024.0,768.0,2048.0,0.0,0.0,0.0,6560.0,328.0,0.0,0.0,0.0,320.0,0.0
40,196,OMP,optimized,14800.0,768.0,0.0,256.0,12800.0,320.0,320.0,328.0,0.0,0.0,0.0,8.0,0.0
40,197,OMP,baseline,10024.0,768.0,2048.0,0.0,0.0,0.0,6560.0,328.0,0.0,0.0,0.0,320.0,0.0
40,197,OMP,optimized,14800.0,768.0,0.0,256.0,12800.0,320.0,320.0,328.0,0.0,0.0,0.0,8.0,0.0
40,198,OMP,baseline,10024.0,768.0,2048.0,0.0,0.0,0.0,6560.0,328.0,0.0,0.0,0.0,320.0,0.0
40,198,OMP,optimized,14800.0,768.0,0.0,256.0,12800.0,320.0,320.0,328.0,0.0,0.0,0.0,8.0,0.0
40,199,OMP,baseline,10024.0,768.0,2048.0,0.0,0.0,0.0,6560.0,328.0,0.0,0.0,0.0,320.0,0.0
40,199,OMP,optimized,14800.0,768.0,0.0,256.0,12800.0,320.0,320.0,328.0,0.0,0.0,0.0,8.0,0.0
40,200,OMP,baseline,10024.0,768.0,2048.0,0.0,0.0,0.0,6560.0,328.0,0.0,0.0,0.0,320.0,0.0
40,200,OMP,optimized,14800.0,768.0,0.0,256.0,12800.0,320.0,320.0,328.0,0.0,0.0,0.0,8.0,0.0
40,201,OMP,baseline,10024.0,768.0,2048.0,0.0,0.0,0.0,6560.0,328.0,0.0,0.0,0.0,320.0,0.0
40,201,OMP,optimized,14800.0,768.0,0.0,256.0,12800.0,320.0,320.0,328.0,0.0,0.0,0.0,8.0,0.0
40,202,OMP,baseline,10024.0,768.0,2048.0,0.0,0.0,0.0,6560.0,328.0,0.0,0.0,0.0,320.0,0.0
40,202,OMP,optimized,14800.0,768.0,0.0,256.0,12800.0,320.0,320.0,328.0,0.0,0.0,0.0,8.0,0.0
40,203,OMP,baseline,10024.0,768.0,2048.0,0.0,0.0,0.0,6560.0,328.0,0.0,0.0,0.0,320.0,0.0
40,203,OMP,optimized,14800.0,768.0,0.0,256.0,12800.0,320.0,320.0,328.0,0.0,0.0,0.0,8.0,0.0
40,204,OMP,baseline,10024.0,768.0,2048.0,0.0,0.0,0.0,6560.0,328.0,0.0,0.0,0.0,320.0,0.0
40,204,OMP,optimized,14800.0,768.0,0.0,256.0,12800.0,320.0,320.0,328.0,0.0,0.0,0.0,8.0,0.0
40,205,OMP,baseline,10024.0,768.0,2048.0,0.0,0.0,0.0,6560.0,328.0,0.0,0.0,0.0,320.0,0.0
40,205,OMP,optimized,14800.0,768.0,0.0,256.0,12800.0,320.0,320.0,328.0,0.0,0.0,0.0,8.0,0.0
40,206,OMP,baseline,10024.0,768.0,2048.0,0.0,0.0,0.0,6560.0,328.0,0.0,0.0,0.0,320.0,0.0
40,206,OMP,optimized,14800.0,768.0,0.0,256.0,12800.0,320.0,320.0,328.0,0.0,0.0,0.0,8.0,0.0
40,207,OMP,baseline,10024.0,768.0,2048.0,0.0,0.0,0.0,6560.0,328.0,0.0,0.0,0.0,320.0,0.0
40,207,OMP,optimized,14800.0,768.0,0.0,256.0,12800.0,320.0,320.0,328.0,0.0,0.0,0.0,8.0,0.0
40,208,OMP,baseline,10024.0,768.0,2048.0,0.0,0.0,0.0,6560.0,328.0,0.0,0.0,0.0,320.0,0.0
40,208,OMP,optimized,14800.0,768.0,0.0,256.0,12800.0,320.0,320.0,328.0,0.0,0.0,0.0,8.0,0.0
40,209,OMP,baseline,10024.0,768.0,2048.0,0.0,0.0,0.0,6560.0,328.0,0.0,0.0,0.0,320.0,0.0
40,209,OMP,optimized,14800.0,768.0,0.0,256.0,12800.0,320.0,320.0,328.0,0.0,0.0,0.0,8.0,0.0
40,210,OMP,baseline,10024.0,768.0,2048.0,0.0,0.0,0.0,6560.0,328.0,0.0,0.0,0.0,320.0,0.0
40,210,OMP,optimized,14800.0,768.0,0.0,256.0,12800.0,320.0,320.0,328.0,0.0,0.0,0.0,8.0,0.0
40,211,OMP,baseline,10024.0,768.0,2048.0,0.0,0.0,0.0,6560.0,328.0,0.0,0.0,0.0,320.0,0.0
40,211,OMP,optimized,14800.0,768.0,0.0,256.0,12800.0,320.0,320.0,328.0,0.0,0.0,0.0,8.0,0.0
40,212,OMP,baseline,10024.0,768.0,2048.0,0.0,0.0,0.0,6560.0,328.0,0.0,0.0,0.0,320.0,0.0
40,212,OMP,optimized,14800.0,768.0,0.0,256.0,12800.0,320.0,320.0,328.0,0.0,0.0,0.0,8.0,0.0
40,213,OMP,baseline,10024.0,768.0,2048.0,0.0,0.0,0.0,6560.0,328.0,0.0,0.0,0.0,320.0,0.0
40,213,OMP,optimized,14800.0,768.0,0.0,256.0,12800.0,320.0,320.0,328.0,0.0,0.0,0.0,8.0,0.0
40,214,OMP,baseline,10024.0,768.0,2048.0,0.0,0.0,0.0,6560.0,328.0,0.0,0.0,0.0,320.0,0.0
40,214,OMP,optimized,14800.0,768.0,0.0,256.0,12800.0,320.0,320.0,328.0,0.0,0.0,0.0,8.0,0.0
40,215,OMP,baseline,10024.0,768.0,2048.0,0.0,0.0,0.0,6560.0,328.0,0.0,0.0,0.0,320.0,0.0
40,215,OMP,optimized,14800.0,768.0,0.0,256.0,12800.0,320.0,320.0,328.0,0.0,0.0,0.0,8.0,0.0
40,216,OMP,baseline,10024.0,768.0,2048.0,0.0,0.0,0.0,6560.0,328.0,0.0,0.0,0.0,320.0,0.0
40,216,OMP,optimized,14800.0,768.0,0.0,256.0,12800.0,320.0,320.0,328.0,0.0,0.0,0.0,8.0,0.0
40,217,OMP,baseline,10024.0,768.0,2048.0,0.0,0.0,0.0,6560.0,328.0,0.0,0.0,0.0,320.0,0.0
40,217,OMP,optimized,14800.0,768.0,0.0,256.0,12800.0,320.0,320.0,328.0,0.0,0.0,0.0,8.0,0.0
40,218,OMP,baseline,10024.0,768.0,2048.0,0.0,0.0,0.0,6560.0,328.0,0.0,0.0,0.0,320.0,0.0
40,218,OMP,optimized,14800.0,768.0,0.0,256.0,12800.0,320.0,320.0,328.0,0.0,0.0,0.0,8.0,0.0
40,219,OMP,baseline,10024.0,768.0,2048.0,0.0,0.0,0.0,6560.0,328.0,0.0,0.0,0.0,320.0,0.0
40,219,OMP,optimized,14800.0,768.0,0.0,256.0,12800.0,320.0,320.0,328.0,0.0,0.0,0.0,8.0,0.0
40,220,OMP,baseline,10024.0,768.0,2048.0,0.0,0.0,0.0,6560.0,328.0,0.0,0.0,0.0,320.0,0.0
40,220,OMP,optimized,14800.0,768.0,0.0,256.0,12800.0,320.0,320.0,328.0,0.0,0.0,0.0,8.0,0.0
40,221,OMP,baseline,10024.0,768.0,2048.0,0.0,0.0,0.0,6560.0,328.0,0.0,0.0,0.0,320.0,0.0
40,221,OMP,optimized,14800.0,768.0,0.0,256.0,12800.0,320.0,320.0,328.0,0.0,0.0,0.0,8.0,0.0
40,222,OMP,baseline,10024.0,768.0,2048.0,0.0,0.0,0.0,6560.0,328.0,0.0,0.0,0.0,320.0,0.0
40,222,OMP,optimized,14800.0,768.0,0.0,256.0,12800.0,320.0,320.0,328.0,0.0,0.0,0.0,8.0,0.0
40,223,OMP,baseline,10024.0,768.0,2048.0,0.0,0.0,0.0,6560.0,328.0,0.0,0.0,0.0,320.0,0.0
40,223,OMP,optimized,14800.0,768.0,0.0,256.0,12800.0,320.0,320.0,328.0,0.0,0.0,0.0,8.0,0.0
40,224,OMP,baseline,10024.0,768.0,2048.0,0.0,0.0,0.0,6560.0,328.0,0.0,0.0,0.0,320.0,0.0
40,224,OMP,optimized,14800.0,768.0,0.0,256.0,12800.0,320.0,320.0,328.0,0.0,0.0,0.0,8.0,0.0
40,225,OMP,baseline,10024.0,768.0,2048.0,0.0,0.0,0.0,6560.0,328.0,0.0,0.0,0.0,320.0,0.0
40,225,OMP,optimized,14800.0,768.0,0.0,256.0,12800.0,320.0,320.0,328.0,0.0,0.0,0.0,8.0,0.0
40,226,OMP,baseline,10024.0,768.0,2048.0,0.0,0.0,0.0,6560.0,328.0,0.0,0.0,0.0,320.0,0.0
40,226,OMP,optimized,14800.0,768.0,0.0,256.0,12800.0,320.0,320.0,328.0,0.0,0.0,0.0,8.0,0.0
40,227,OMP,baseline,10024.0,768.0,2048.0,0.0,0.0,0.0,6560.0,328.0,0.0,0.0,0.0,320.0,0.0
40,227,OMP,optimized,14800.0,768.0,0.0,256.0,12800.0,320.0,320.0,328.0,0.0,0.0,0.0,8.0,0.0
40,228,OMP,baseline,10024.0,768.0,2048.0,0.0,0.0,0.0,6560.0,328.0,0.0,0.0,0.0,320.0,0.0
40,228,OMP,optimized,14800.0,768.0,0.0,256.0,12800.0,320.0,320.0,328.0,0.0,0.0,0.0,8.0,0.0
40,229,OMP,baseline,10024.0,768.0,2048.0,0.0,0.0,0.0,6560.0,328.0,0.0,0.0,0.0,320.0,0.0
40,229,OMP,optimized,14800.0,768.0,0.0,256.0,12800.0,320.0,320.0,328.0,0.0,0.0,0.0,8.0,0.0
40,230,OMP,baseline,10024.0,768.0,2048.0,0.0,0.0,0.0,6560.0,328.0,0.0,0.0,0.0,320.0,0.0
40,230,OMP,optimized,14800.0,768.0,0.0,256.0,12800.0,320.0,320.0,328.0,0.0,0.0,0.0,8.0,0.0
40,231,OMP,baseline,10024.0,768.0,2048.0,0.0,0.0,0.0,6560.0,328.0,0.0,0.0,0.0,320.0,0.0
40,231,OMP,optimized,14800.0,768.0,0.0,256.0,12800.0,320.0,320.0,328.0,0.0,0.0,0.0,8.0,0.0
40,232,OMP,baseline,10024.0,768.0,2048.0,0.0,0.0,0.0,6560.0,328.0,0.0,0.0,0.0,320.0,0.0
40,232,OMP,optimized,14800.0,768.0,0.0,256.0,12800.0,320.0,320.0,328.0,0.0,0.0,0.0,8.0,0.0
40,233,OMP,baseline,10024.0,768.0,2048.0,0.0,0.0,0.0,6560.0,328.0,0.0,0.0,0.0,320.0,0.0
40,233,OMP,optimized,14800.0,768.0,0.0,256.0,12800.0,320.0,320.0,328.0,0.0,0.0,0.0,8.0,0.0
40,234,OMP,baseline,10024.0,768.0,2048.0,0.0,0.0,0.0,6560.0,328.0,0.0,0.0,0.0,320.0,0.0
40,234,OMP,optimized,14800.0,768.0,0.0,256.0,12800.0,320.0,320.0,328.0,0.0,0.0,0.0,8.0,0.0
40,235,OMP,baseline,10024.0,768.0,2048.0,0.0,0.0,0.0,6560.0,328.0,0.0,0.0,0.0,320.0,0.0
40,235,OMP,optimized,14800.0,768.0,0.0,256.0,12800.0,320.0,320.0,328.0,0.0,0.0,0.0,8.0,0.0
40,236,OMP,baseline,10024.0,768.0,2048.0,0.0,0.0,0.0,6560.0,328.0,0.0,0.0,0.0,320.0,0.0
40,236,OMP,optimized,14800.0,768.0,0.0,256.0,12800.0,320.0,320.0,328.0,0.0,0.0,0.0,8.0,0.0
40,237,OMP,baseline,10024.0,768.0,2048.0,0.0,0.0,0.0,6560.0,328.0,0.0,0.0,0.0,320.0,0.0
40,237,OMP,optimized,14800.0,768.0,0.0,256.0,12800.0,320.0,320.0,328.0,0.0,0.0,0.0,8.0,0.0
40,238,OMP,baseline,10024.0,768.0,2048.0,0.0,0.0,0.0,6560.0,328.0,0.0,0.0,0.0,320.0,0.0
40,238,OMP,optimized,14800.0,768.0,0.0,256.0,12800.0,320.0,320.0,328.0,0.0,0.0,0.0,8.0,0.0
40,239,OMP,baseline,10024.0,768.0,2048.0,0.0,0.0,0.0,6560.0,328.0,0.0,0.0,0.0,320.0,0.0
40,239,OMP,optimized,14800.0,768.0,0.0,256.0,12800.0,320.0,320.0,328.0,0.0,0.0,0.0,8.0,0.0
40,240,OMP,baseline,10024.0,768.0,2048.0,0.0,0.0,0.0,6560.0,328.0,0.0,0.0,0.0,320.0,0.0
40,240,OMP,optimized,14800.0,768.0,0.0,256.0,12800.0,320.0,320.0,328.0,0.0,0.0,0.0,8.0,0.0
40,241,OMP,baseline,10024.0,768.0,2048.0,0.0,0.0,0.0,6560.0,328.0,0.0,0.0,0.0,320.0,0.0
40,241,OMP,optimized,14800.0,768.0,0.0,256.0,12800.0,320.0,320.0,328.0,0.0,0.0,0.0,8.0,0.0
40,242,OMP,baseline,10024.0,768.0,2048.0,0.0,0.0,0.0,6560.0,328.0,0.0,0.0,0.0,320.0,0.0
40,242,OMP,optimized,14800.0,768.0,0.0,256.0,12800.0,320.0,320.0,328.0,0.0,0.0,0.0,8.0,0.0
40,243,OMP,baseline,10024.0,768.0,2048.0,0.0,0.0,0.0,6560.0,328.0,0.0,0.0,0.0,320.0,0.0
40,243,OMP,optimized,14800.0,768.0,0.0,256.0,12800.0,320.0,320.0,328.0,0.0,0.0,0.0,8.0,0.0
40,244,OMP,baseline,10024.0,768.0,2048.0,0.0,0.0,0.0,6560.0,328.0,0.0,0.0,0.0,320.0,0.0
40,244,OMP,optimized,14800.0,768.0,0.0,256.0,12800.0,320.0,320.0,328.0,0.0,0.0,0.0,8.0,0.0
40,245,OMP,baseline,10024.0,768.0,2048.0,0.0,0.0,0.0,6560.0,328.0,0.0,0.0,0.0,320.0,0.0
40,245,OMP,optimized,14800.0,768.0,0.0,256.0,12800.0,320.0,320.0,328.0,0.0,0.0,0.0,8.0,0.0
40,246,OMP,baseline,10024.0,768.0,2048.0,0.0,0.0,0.0,6560.0,328.0,0.0,0.0,0.0,320.0,0.0
40,246,OMP,optimized,14800.0,768.0,0.0,256.0,12800.0,320.0,320.0,328.0,0.0,0.0,0.0,8.0,0.0
40,247,OMP,baseline,10024.0,768.0,2048.0,0.0,0.0,0.0,6560.0,328.0,0.0,0.0,0.0,320.0,0.0
40,247,OMP,optimized,14800.0,768.0,0.0,256.0,12800.0,320.0,320.0,328.0,0.0,0.0,0.0,8.0,0.0
40,248,OMP,baseline,10024.0,768.0,2048.0,0.0,0.0,0.0,6560.0,328.0,0.0,0.0,0.0,320.0,0.0
40,248,OMP,optimized,14800.0,768.0,0.0,256.0,12800.0,320.0,320.0,328.0,0.0,0.0,0.0,8.0,0.0
40,249,OMP,baseline,10024.0,768.0,2048.0,0.0,0.0,0.0,6560.0,328.0,0.0,0.0,0.0,320.0,0.0
40,249,OMP,optimized,14800.0,768.0,0.0,256.0,12800.0,320.0,320.0,328.0,0.0,0.0,0.0,8.0,0.0
40,250,OMP,baseline,10024.0,768.0,2048.0,0.0,0.0,0.0,6560.0,328.0,0.0,0.0,0.0,320.0,0.0
40,250,OMP,optimized,14800.0,768.0,0.0,256.0,12800.0,320.0,320.0,328.0,0.0,0.0,0.0,8.0,0.0
40,251,OMP,baseline,10024.0,768.0,2048.0,0.0,0.0,0.0,6560.0,328.0,0.0,0.0,0.0,320.0,0.0
40,251,OMP,optimized,14800.0,768.0,0.0,256.0,12800.0,320.0,320.0,328.0,0.0,0.0,0.0,8.0,0.0
40,252,OMP,baseline,10024.0,768.0,2048.0,0.0,0.0,0.0,6560.0,328.0,0.0,0.0,0.0,320.0,0.0
40,252,OMP,optimized,14800.0,768.0,0.0,256.0,12800.0,320.0,320.0,328.0,0.0,0.0,0.0,8.0,0.0
40,253,OMP,baseline,10024.0,768.0,2048.0,0.0,0.0,0.0,6560.0,328.0,0.0,0.0,0.0,320.0,0.0
40,253,OMP,optimized,14800.0,768.0,0.0,256.0,12800.0,320.0,320.0,328.0,0.0,0.0,0.0,8.0,0.0
40,254,OMP,baseline,10024.0,768.0,2048.0,0.0,0.0,0.0,6560.0,328.0,0.0,0.0,0.0,320.0,0.0
40,254,OMP,optimized,14800.0,768.0,0.0,256.0,12800.0,320.0,320.0,328.0,0.0,0.0,0.0,8.0,0.0
40,255,OMP,baseline,10024.0,768.0,2048.0,0.0,0.0,0.0,6560.0,328.0,0.0,0.0,0.0,320.0,0.0
40,255,OMP,optimized,14800.0,768.0,0.0,256.0,12800.0,320.0,320.0,328.0,0.0,0.0,0.0,8.0,0.0
40,256,OMP,baseline,10024.0,768.0,2048.0,0.0,0.0,0.0,6560.0,328.0,0.0,0.0,0.0,320.0,0.0
40,256,OMP,optimized,14800.0,768.0,0.0,256.0,12800.0,320.0,320.0,328.0,0.0,0.0,0.0,8.0,0.0
40,257,OMP,baseline,10024.0,768.0,2048.0,0.0,0.0,0.0,6560.0,328.0,0.0,0.0,0.0,320.0,0.0
40,257,OMP,optimized,14800.0,768.0,0.0,256.0,12800.0,320.0,320.0,328.0,0.0,0.0,0.0,8.0,0.0
40,258,OMP,baseline,10024.0,768.0,2048.0,0.0,0.0,0.0,6560.0,328.0,0.0,0.0,0.0,320.0,0.0
40,258,OMP,optimized,14800.0,768.0,0.0,256.0,12800.0,320.0,320.0,328.0,0.0,0.0,0.0,8.0,0.0
40,259,OMP,baseline,10024.0,768.0,2048.0,0.0,0.0,0.0,6560.0,328.0,0.0,0.0,0.0,320.0,0.0
40,259,OMP,optimized,14800.0,768.0,0.0,256.0,12800.0,320.0,320.0,328.0,0.0,0.0,0.0,8.0,0.0
40,260,OMP,baseline,10024.0,768.0,2048.0,0.0,0.0,0.0,6560.0,328.0,0.0,0.0,0.0,320.0,0.0
40,260,OMP,optimized,14800.0,768.0,0.0,256.0,12800.0,320.0,320.0,328.0,0.0,0.0,0.0,8.0,0.0
40,261,OMP,baseline,10024.0,768.0,2048.0,0.0,0.0,0.0,6560.0,328.0,0.0,0.0,0.0,320.0,0.0
40,261,OMP,optimized,14800.0,768.0,0.0,256.0,12800.0,320.0,320.0,328.0,0.0,0.0,0.0,8.0,0.0
40,262,OMP,baseline,10024.0,768.0,2048.0,0.0,0.0,0.0,6560.0,328.0,0.0,0.0,0.0,320.0,0.0
40,262,OMP,optimized,14800.0,768.0,0.0,256.0,12800.0,320.0,320.0,328.0,0.0,0.0,0.0,8.0,0.0
40,263,OMP,baseline,10024.0,768.0,2048.0,0.0,0.0,0.0,6560.0,328.0,0.0,0.0,0.0,320.0,0.0
40,263,OMP,optimized,14800.0,768.0,0.0,256.0,12800.0,320.0,320.0,328.0,0.0,0.0,0.0,8.0,0.0
40,264,OMP,baseline,10024.0,768.0,2048.0,0.0,0.0,0.0,6560.0,328.0,0.0,0.0,0.0,320.0,0.0
40,264,OMP,optimized,14800.0,768.0,0.0,256.0,12800.0,320.0,320.0,328.0,0.0,0.0,0.0,8.0,0.0
40,265,OMP,baseline,10024.0,768.0,2048.0,0.0,0.0,0.0,6560.0,328.0,0.0,0.0,0.0,320.0,0.0
40,265,OMP,optimized,14800.0,768.0,0.0,256.0,12800.0,320.0,320.0,328.0,0.0,0.0,0.0,8.0,0.0
40,266,OMP,baseline,10024.0,768.0,2048.0,0.0,0.0,0.0,6560.0,328.0,0.0,0.0,0.0,320.0,0.0
40,266,OMP,optimized,14800.0,768.0,0.0,256.0,12800.0,320.0,320.0,328.0,0.0,0.0,0.0,8.0,0.0
40,267,OMP,baseline,10024.0,768.0,2048.0,0.0,0.0,0.0,6560.0,328.0,0.0,0.0,0.0,320.0,0.0
40,267,OMP,optimized,14800.0,768.0,0.0,256.0,12800.0,320.0,320.0,328.0,0.0,0.0,0.0,8.0,0.0
40,268,OMP,baseline,10024.0,768.0,2048.0,0.0,0.0,0.0,6560.0,328.0,0.0,0.0,0.0,320.0,0.0
40,268,OMP,optimized,14800.0,768.0,0.0,256.0,12800.0,320.0,320.0,328.0,0.0,0.0,0.0,8.0,0.0
40,269,OMP,baseline,10024.0,768.0,2048.0,0.0,0.0,0.0,6560.0,328.0,0.0,0.0,0.0,320.0,0.0
40,269,OMP,optimized,14800.0,768.0,0.0,256.0,12800.0,320.0,320.0,328.0,0.0,0.0,0.0,8.0,0.0
40,270,OMP,baseline,10024.0,768.0,2048.0,0.0,0.0,0.0,6560.0,328.0,0.0,0.0,0.0,320.0,0.0
40,270,OMP,optimized,14800.0,768.0,0.0,256.0,12800.0,320.0,320.0,328.0,0.0,0.0,0.0,8.0,0.0
40,271,OMP,baseline,10024.0,768.0,2048.0,0.0,0.0,0.0,6560.0,328.0,0.0,0.0,0.0,320.0,0.0
40,271,OMP,optimized,14800.0,768.0,0.0,256.0,12800.0,320.0,320.0,328.0,0.0,0.0,0.0,8.0,0.0
40,272,OMP,baseline,10024.0,768.0,2048.0,0.0,0.0,0.0,6560.0,328.0,0.0,0.0,0.0,320.0,0.0
40,272,OMP,optimized,14800.0,768.0,0.0,256.0,12800.0,320.0,320.0,328.0,0.0,0.0,0.0,8.0,0.0
40,273,OMP,baseline,10024.0,768.0,2048.0,0.0,0.0,0.0,6560.0,328.0,0.0,0.0,0.0,320.0,0.0
40,273,OMP,optimized,14800.0,768.0,0.0,256.0,12800.0,320.0,320.0,328.0,0.0,0.0,0.0,8.0,0.0
40,274,OMP,baseline,10024.0,768.0,2048.0,0.0,0.0,0.0,6560.0,328.0,0.0,0.0,0.0,320.0,0.0
40,274,OMP,optimized,14800.0,768.0,0.0,256.0,12800.0,320.0,320.0,328.0,0.0,0.0,0.0,8.0,0.0
40,275,OMP,baseline,10024.0,768.0,2048.0,0.0,0.0,0.0,6560.0,328.0,0.0,0.0,0.0,320.0,0.0
40,275,OMP,optimized,14800.0,768.0,0.0,256.0,12800.0,320.0,320.0,328.0,0.0,0.0,0.0,8.0,0.0
40,276,OMP,baseline,10024.0,768.0,2048.0,0.0,0.0,0.0,6560.0,328.0,0.0,0.0,0.0,320.0,0.0
40,276,OMP,optimized,14800.0,768.0,0.0,256.0,12800.0,320.0,320.0,328.0,0.0,0.0,0.0,8.0,0.0
40,277,OMP,baseline,10024.0,768.0,2048.0,0.0,0.0,0.0,6560.0,328.0,0.0,0.0,0.0,320.0,0.0
40,277,OMP,optimized,14800.0,768.0,0.0,256.0,12800.0,320.0,320.0,328.0,0.0,0.0,0.0,8.0,0.0
40,278,OMP,baseline,10024.0,768.0,2048.0,0.0,0.0,0.0,6560.0,328.0,0.0,0.0,0.0,320.0,0.0
40,278,OMP,optimized,14800.0,768.0,0.0,256.0,12800.0,320.0,320.0,328.0,0.0,0.0,0.0,8.0,0.0
40,279,OMP,baseline,10024.0,768.0,2048.0,0.0,0.0,0.0,6560.0,328.0,0.0,0.0,0.0,320.0,0.0
40,279,OMP,optimized,14800.0,768.0,0.0,256.0,12800.0,320.0,320.0,328.0,0.0,0.0,0.0,8.0,0.0
40,280,OMP,baseline,10024.0,768.0,2048.0,0.0,0.0,0.0,6560.0,328.0,0.0,0.0,0.0,320.0,0.0
40,280,OMP,optimized,14800.0,768.0,0.0,256.0,12800.0,320.0,320.0,328.0,0.0,0.0,0.0,8.0,0.0
40,281,OMP,baseline,10024.0,768.0,2048.0,0.0,0.0,0.0,6560.0,328.0,0.0,0.0,0.0,320.0,0.0
40,281,OMP,optimized,14800.0,768.0,0.0,256.0,12800.0,320.0,320.0,328.0,0.0,0.0,0.0,8.0,0.0
40,282,OMP,baseline,10024.0,768.0,2048.0,0.0,0.0,0.0,6560.0,328.0,0.0,0.0,0.0,320.0,0.0
40,282,OMP,optimized,14800.0,768.0,0.0,256.0,12800.0,320.0,320.0,328.0,0.0,0.0,0.0,8.0,0.0
40,283,OMP,baseline,10024.0,768.0,2048.0,0.0,0.0,0.0,6560.0,328.0,0.0,0.0,0.0,320.0,0.0
40,283,OMP,optimized,14800.0,768.0,0.0,256.0,12800.0,320.0,320.0,328.0,0.0,0.0,0.0,8.0,0.0
40,284,OMP,baseline,10024.0,768.0,2048.0,0.0,0.0,0.0,6560.0,328.0,0.0,0.0,0.0,320.0,0.0
40,284,OMP,optimized,14800.0,768.0,0.0,256.0,12800.0,320.0,320.0,328.0,0.0,0.0,0.0,8.0,0.0
40,285,OMP,baseline,10024.0,768.0,2048.0,0.0,0.0,0.0,6560.0,328.0,0.0,0.0,0.0,320.0,0.0
40,285,OMP,optimized,14800.0,768.0,0.0,256.0,12800.0,320.0,320.0,328.0,0.0,0.0,0.0,8.0,0.0
40,286,OMP,baseline,10024.0,768.0,2048.0,0.0,0.0,0.0,6560.0,328.0,0.0,0.0,0.0,320.0,0.0
40,286,OMP,optimized,14800.0,768.0,0.0,256.0,12800.0,320.0,320.0,328.0,0.0,0.0,0.0,8.0,0.0
40,287,OMP,baseline,10024.0,768.0,2048.0,0.0,0.0,0.0,6560.0,328.0,0.0,0.0,0.0,320.0,0.0
40,287,OMP,optimized,14800.0,768.0,0.0,256.0,12800.0,320.0,320.0,328.0,0.0,0.0,0.0,8.0,0.0
40,288,OMP,baseline,10024.0,768.0,2048.0,0.0,0.0,0.0,6560.0,328.0,0.0,0.0,0.0,320.0,0.0
40,288,OMP,optimized,14800.0,768.0,0.0,256.0,12800.0,320.0,320.0,328.0,0.0,0.0,0.0,8.0,0.0
40,289,OMP,baseline,10024.0,768.0,2048.0,0.0,0.0,0.0,6560.0,328.0,0.0,0.0,0.0,320.0,0.0
40,289,OMP,optimized,14800.0,768.0,0.0,256.0,12800.0,320.0,320.0,328.0,0.0,0.0,0.0,8.0,0.0
40,290,OMP,baseline,10024.0,768.0,2048.0,0.0,0.0,0.0,6560.0,328.0,0.0,0.0,0.0,320.0,0.0
40,290,OMP,optimized,14800.0,768.0,0.0,256.0,12800.0,320.0,320.0,328.0,0.0,0.0,0.0,8.0,0.0
40,291,OMP,baseline,10024.0,768.0,2048.0,0.0,0.0,0.0,6560.0,328.0,0.0,0.0,0.0,320.0,0.0
40,291,OMP,optimized,14800.0,768.0,0.0,256.0,12800.0,320.0,320.0,328.0,0.0,0.0,0.0,8.0,0.0
40,292,OMP,baseline,10024.0,768.0,2048.0,0.0,0.0,0.0,6560.0,328.0,0.0,0.0,0.0,320.0,0.0
40,292,OMP,optimized,14800.0,768.0,0.0,256.0,12800.0,320.0,320.0,328.0,0.0,0.0,0.0,8.0,0.0
40,293,OMP,baseline,10024.0,768.0,2048.0,0.0,0.0,0.0,6560.0,328.0,0.0,0.0,0.0,320.0,0.0
40,293,OMP,optimized,14800.0,768.0,0.0,256.0,12800.0,320.0,320.0,328.0,0.0,0.0,0.0,8.0,0.0
40,294,OMP,baseline,10024.0,768.0,2048.0,0.0,0.0,0.0,6560.0,328.0,0.0,0.0,0.0,320.0,0.0
40,294,OMP,optimized,14800.0,768.0,0.0,256.0,12800.0,320.0,320.0,328.0,0.0,0.0,0.0,8.0,0.0
40,295,OMP,baseline,10024.0,768.0,2048.0,0.0,0.0,0.0,6560.0,328.0,0.0,0.0,0.0,320.0,0.0
40,295,OMP,optimized,14800.0,768.0,0.0,256.0,12800.0,320.0,320.0,328.0,0.0,0.0,0.0,8.0,0.0
40,296,OMP,baseline,10024.0,768.0,2048.0,0.0,0.0,0.0,6560.0,328.0,0.0,0.0,0.0,320.0,0.0
40,296,OMP,optimized,14800.0,768.0,0.0,256.0,12800.0,320.0,320.0,328.0,0.0,0.0,0.0,8.0,0.0
40,297,OMP,baseline,10024.0,768.0,2048.0,0.0,0.0,0.0,6560.0,328.0,0.0,0.0,0.0,320.0,0.0
40,297,OMP,optimized,14800.0,768.0,0.0,256.0,12800.0,320.0,320.0,328.0,0.0,0.0,0.0,8.0,0.0
40,298,OMP,baseline,10024.0,768.0,2048.0,0.0,0.0,0.0,6560.0,328.0,0.0,0.0,0.0,320.0,0.0
40,298,OMP,optimized,14800.0,768.0,0.0,256.0,12800.0,320.0,320.0,328.0,0.0,0.0,0.0,8.0,0.0
40,299,OMP,baseline,10024.0,768.0,2048.0,0.0,0.0,0.0,6560.0,328.0,0.0,0.0,0.0,320.0,0.0
40,299,OMP,optimized,14800.0,768.0,0.0,256.0,12800.0,320.0,320.0,328.0,0.0,0.0,0.0,8.0,0.0
