n,trial,algorithm,implementation,peak_working_set_bytes,residual_bytes,x_hat_bytes,support_mask_bytes,solver_gram_bytes,solver_rhs_bytes,support_history_bytes,residual_history_bytes,support_size_history_bytes,candidate_size_history_bytes,group_size_history_bytes,support_condition_history_bytes,extra_array_bytes
128,0,RMP,baseline,3152.0,768.0,1024.0,128.0,0.0,0.0,1088.0,136.0,0.0,0.0,0.0,8.0,0.0
128,0,RMP,optimized,3344.0,768.0,0.0,128.0,2048.0,128.0,128.0,136.0,0.0,0.0,0.0,8.0,0.0
128,1,RMP,baseline,3152.0,768.0,1024.0,128.0,0.0,0.0,1088.0,136.0,0.0,0.0,0.0,8.0,0.0
128,1,RMP,optimized,3344.0,768.0,0.0,128.0,2048.0,128.0,128.0,136.0,0.0,0.0,0.0,8.0,0.0
128,2,RMP,baseline,3152.0,768.0,1024.0,128.0,0.0,0.0,1088.0,136.0,0.0,0.0,0.0,8.0,0.0
128,2,RMP,optimized,3344.0,768.0,0.0,128.0,2048.0,128.0,128.0,136.0,0.0,0.0,0.0,8.0,0.0
128,3,RMP,baseline,3152.0,768.0,1024.0,128.0,0.0,0.0,1088.0,136.0,0.0,0.0,0.0,8.0,0.0
128,3,RMP,optimized,3344.0,768.0,0.0,128.0,2048.0,128.0,128.0,136.0,0.0,0.0,0.0,8.0,0.0
128,4,RMP,baseline,3152.0,768.0,1024.0,128.0,0.0,0.0,1088.0,136.0,0.0,0.0,0.0,8.0,0.0
128,4,RMP,optimized,3344.0,768.0,0.0,128.0,2048.0,128.0,128.0,136.0,0.0,0.0,0.0,8.0,0.0
128,5,RMP,baseline,3152.0,768.0,1024.0,128.0,0.0,0.0,1088.0,136.0,0.0,0.0,0.0,8.0,0.0
128,5,RMP,optimized,3344.0,768.0,0.0,128.0,2048.0,128.0,128.0,136.0,0.0,0.0,0.0,8.0,0.0
128,6,RMP,baseline,3152.0,768.0,1024.0,128.0,0.0,0.0,1088.0,136.0,0.0,0.0,0.0,8.0,0.0
128,6,RMP,optimized,3344.0,768.0,0.0,128.0,2048.0,128.0,128.0,136.0,0.0,0.0,0.0,8.0,0.0
128,7,RMP,baseline,3152.0,768.0,1024.0,128.0,0.0,0.0,1088.0,136.0,0.0,0.0,0.0,8.0,0.0
128,7,RMP,optimized,3344.0,768.0,0.0,128.0,2048.0,128.0,128.0,136.0,0.0,0.0,0.0,8.0,0.0
128,8,RMP,baseline,3152.0,768.0,1024.0,128.0,0.0,0.0,1088.0,136.0,0.0,0.0,0.0,8.0,0.0
128,8,RMP,optimized,3344.0,768.0,0.0,128.0,2048.0,128.0,128.0,136.0,0.0,0.0,0.0,8.0,0.0
128,9,RMP,baseline,3152.0,768.0,1024.0,128.0,0.0,0.0,1088.0,136.0,0.0,0.0,0.0,8.0,0.0
128,9,RMP,optimized,3344.0,768.0,0.0,128.0,2048.0,128.0,128.0,136.0,0.0,0.0,0.0,8.0,0.0
128,10,RMP,baseline,3152.0,768.0,1024.0,128.0,0.0,0.0,1088.0,136.0,0.0,0.0,0.0,8.0,0.0
128,10,RMP,optimized,3344.0,768.0,0.0,128.0,2048.0,128.0,128.0,136.0,0.0,0.0,0.0,8.0,0.0
128,11,RMP,baseline,3152.0,768.0,1024.0,128.0,0.0,0.0,1088.0,136.0,0.0,0.0,0.0,8.0,0.0
128,11,RMP,optimized,3344.0,768.0,0.0,128.0,2048.0,128.0,128.0,136.0,0.0,0.0,0.0,8.0,0.0
128,12,RMP,baseline,3152.0,768.0,1024.0,128.0,0.0,0.0,1088.0,136.0,0.0,0.0,0.0,8.0,0.0
128,12,RMP,optimized,3344.0,768.0,0.0,128.0,2048.0,128.0,128.0,136.0,0.0,0.0,0.0,8.0,0.0
128,13,RMP,baseline,3152.0,768.0,1024.0,128.0,0.0,0.0,1088.0,136.0,0.0,0.0,0.0,8.0,0.0
128,13,RMP,optimized,3344.0,768.0,0.0,128.0,2048.0,128.0,128.0,136.0,0.0,0.0,0.0,8.0,0.0
128,14,RMP,baseline,3152.0,768.0,1024.0,128.0,0.0,0.0,1088.0,136.0,0.0,0.0,0.0,8.0,0.0
128,14,RMP,optimized,3344.0,768.0,0.0,128.0,2048.0,128.0,128.0,136.0,0.0,0.0,0.0,8.0,0.0
128,15,RMP,baseline,3152.0,768.0,1024.0,128.0,0.0,0.0,1088.0,136.0,0.0,0.0,0.0,8.0,0.0
128,15,RMP,optimized,3344.0,768.0,0.0,128.0,2048.0,128.0,128.0,136.0,0.0,0.0,0.0,8.0,0.0
128,16,RMP,baseline,3152.0,768.0,1024.0,128.0,0.0,0.0,1088.0,136.0,0.0,0.0,0.0,8.0,0.0
128,16,RMP,optimized,3344.0,768.0,0.0,128.0,2048.0,128.0,128.0,136.0,0.0,0.0,0.0,8.0,0.0
128,17,RMP,baseline,3152.0,768.0,1024.0,128.0,0.0,0.0,1088.0,136.0,0.0,0.0,0.0,8.0,0.0
128,17,RMP,optimized,3344.0,768.0,0.0,128.0,2048.0,128.0,128.0,136.0,0.0,0.0,0.0,8.0,0.0
128,18,RMP,baseline,3152.0,768.0,1024.0,128.0,0.0,0.0,1088.0,136.0,0.0,0.0,0.0,8.0,0.0
128,18,RMP,optimized,3344.0,768.0,0.0,128.0,2048.0,128.0,128.0,136.0,0.0,0.0,0.0,8.0,0.0
128,19,RMP,baseline,3152.0,768.0,1024.0,128.0,0.0,0.0,1088.0,136.0,0.0,0.0,0.0,8.0,0.0
128,19,RMP,optimized,3344.0,768.0,0.0,128.0,2048.0,128.0,128.0,136.0,0.0,0.0,0.0,8.0,0.0
128,20,RMP,baseline,3152.0,768.0,1024.0,128.0,0.0,0.0,1088.0,136.0,0.0,0.0,0.0,8.0,0.0
128,20,RMP,optimized,3344.0,768.0,0.0,128.0,2048.0,128.0,128.0,136.0,0.0,0.0,0.0,8.0,0.0
128,21,RMP,baseline,3152.0,768.0,1024.0,128.0,0.0,0.0,1088.0,136.0,0.0,0.0,0.0,8.0,0.0
128,21,RMP,optimized,3344.0,768.0,0.0,128.0,2048.0,128.0,128.0,136.0,0.0,0.0,0.0,8.0,0.0
128,22,RMP,baseline,3152.0,768.0,1024.0,128.0,0.0,0.0,1088.0,136.0,0.0,0.0,0.0,8.0,0.0
128,22,RMP,optimized,3344.0,768.0,0.0,128.0,2048.0,128.0,128.0,136.0,0.0,0.0,0.0,8.0,0.0
128,23,RMP,baseline,3152.0,768.0,1024.0,128.0,0.0,0.0,1088.0,136.0,0.0,0.0,0.0,8.0,0.0
128,23,RMP,optimized,3344.0,768.0,0.0,128.0,2048.0,128.0,128.0,136.0,0.0,0.0,0.0,8.0,0.0
128,24,RMP,baseline,3152.0,768.0,1024.0,128.0,0.0,0.0,1088.0,136.0,0.0,0.0,0.0,8.0,0.0
128,24,RMP,optimized,3344.0,768.0,0.0,128.0,2048.0,128.0,128.0,136.0,0.0,0.0,0.0,8.0,0.0
128,25,RMP,baseline,3152.0,768.0,1024.0,128.0,0.0,0.0,1088.0,136.0,0.0,0.0,0.0,8.0,0.0
128,25,RMP,optimized,3344.0,768.0,0.0,128.0,2048.0,128.0,128.0,136.0,0.0,0.0,0.0,8.0,0.0
128,26,RMP,baseline,3152.0,768.0,1024.0,128.0,0.0,0.0,1088.0,136.0,0.0,0.0,0.0,8.0,0.0
128,26,RMP,optimized,3344.0,768.0,0.0,128.0,2048.0,128.0,128.0,136.0,0.0,0.0,0.0,8.0,0.0
128,27,RMP,baseline,3152.0,768.0,1024.0,128.0,0.0,0.0,1088.0,136.0,0.0,0.0,0.0,8.0,0.0
128,27,RMP,optimized,3344.0,768.0,0.0,128.0,2048.0,128.0,128.0,136.0,0.0,0.0,0.0,8.0,0.0
128,28,RMP,baseline,3152.0,768.0,1024.0,128.0,0.0,0.0,1088.0,136.0,0.0,0.0,0.0,8.0,0.0
128,28,RMP,optimized,3344.0,768.0,0.0,128.0,2048.0,128.0,128.0,136.0,0.0,0.0,0.0,8.0,0.0
128,29,RMP,baseline,3152.0,768.0,1024.0,128.0,0.0,0.0,1088.0,136.0,0.0,0.0,0.0,8.0,0.0
128,29,RMP,optimized,3344.0,768.0,0.0,128.0,2048.0,128.0,128.0,136.0,0.0,0.0,0.0,8.0,0.0
128,30,RMP,baseline,3152.0,768.0,1024.0,128.0,0.0,0.0,1088.0,136.0,0.0,0.0,0.0,8.0,0.0
128,30,RMP,optimized,3344.0,768.0,0.0,128.0,2048.0,128.0,128.0,136.0,0.0,0.0,0.0,8.0,0.0
128,31,RMP,baseline,3152.0,768.0,1024.0,128.0,0.0,0.0,1088.0,136.0,0.0,0.0,0.0,8.0,0.0
128,31,RMP,optimized,3344.0,768.0,0.0,128.0,2048.0,128.0,128.0,136.0,0.0,0.0,0.0,8.0,0.0
128,32,RMP,baseline,3152.0,768.0,1024.0,128.0,0.0,0.0,1088.0,136.0,0.0,0.0,0.0,8.0,0.0
128,32,RMP,optimized,3344.0,768.0,0.0,128.0,2048.0,128.0,128.0,136.0,0.0,0.0,0.0,8.0,0.0
128,33,RMP,baseline,3152.0,768.0,1024.0,128.0,0.0,0.0,1088.0,136.0,0.0,0.0,0.0,8.0,0.0
128,33,RMP,optimized,3344.0,768.0,0.0,128.0,2048.0,128.0,128.0,136.0,0.0,0.0,0.0,8.0,0.0
128,34,RMP,baseline,3152.0,768.0,1024.0,128.0,0.0,0.0,1088.0,136.0,0.0,0.0,0.0,8.0,0.0
128,34,RMP,optimized,3344.0,768.0,0.0,128.0,2048.0,128.0,128.0,136.0,0.0,0.0,0.0,8.0,0.0
128,35,RMP,baseline,3152.0,768.0,1024.0,128.0,0.0,0.0,1088.0,136.0,0.0,0.0,0.0,8.0,0.0
128,35,RMP,optimized,3344.0,768.0,0.0,128.0,2048.0,128.0,128.0,136.0,0.0,0.0,0.0,8.0,0.0
128,36,RMP,baseline,3152.0,768.0,1024.0,128.0,0.0,0.0,1088.0,136.0,0.0,0.0,0.0,8.0,0.0
128,36,RMP,optimized,3344.0,768.0,0.0,128.0,2048.0,128.0,128.0,136.0,0.0,0.0,0.0,8.0,0.0
128,37,RMP,baseline,3152.0,768.0,1024.0,128.0,0.0,0.0,1088.0,136.0,0.0,0.0,0.0,8.0,0.0
128,37,RMP,optimized,3344.0,768.0,0.0,128.0,2048.0,128.0,128.0,136.0,0.0,0.0,0.0,8.0,0.0
128,38,RMP,baseline,3152.0,768.0,1024.0,128.0,0.0,0.0,1088.0,136.0,0.0,0.0,0.0,8.0,0.0
128,38,RMP,optimized,3344.0,768.0,0.0,128.0,2048.0,128.0,128.0,136.0,0.0,0.0,0.0,8.0,0.0
128,39,RMP,baseline,3152.0,768.0,1024.0,128.0,0.0,0.0,1088.0,136.0,0.0,0.0,0.0,8.0,0.0
128,39,RMP,optimized,3344.0,768.0,0.0,128.0,2048.0,128.0,128.0,136.0,0.0,0.0,0.0,8.0,0.0
128,40,RMP,baseline,3152.0,768.0,1024.0,128.0,0.0,0.0,1088.0,136.0,0.0,0.0,0.0,8.0,0.0
128,40,RMP,optimized,3344.0,768.0,0.0,128.0,2048.0,128.0,128.0,136.0,0.0,0.0,0.0,8.0,0.0
128,41,RMP,baseline,3152.0,768.0,1024.0,128.0,0.0,0.0,1088.0,136.0,0.0,0.0,0.0,8.0,0.0
128,41,RMP,optimized,3344.0,768.0,0.0,128.0,2048.0,128.0,128.0,136.0,0.0,0.0,0.0,8.0,0.0
128,42,RMP,baseline,3152.0,768.0,1024.0,128.0,0.0,0.0,1088.0,136.0,0.0,0.0,0.0,8.0,0.0
128,42,RMP,optimized,3344.0,768.0,0.0,128.0,2048.0,128.0,128.0,136.0,0.0,0.0,0.0,8.0,0.0
128,43,RMP,baseline,3152.0,768.0,1024.0,128.0,0.0,0.0,1088.0,136.0,0.0,0.0,0.0,8.0,0.0
128,43,RMP,optimized,3344.0,768.0,0.0,128.0,2048.0,128.0,128.0,136.0,0.0,0.0,0.0,8.0,0.0
128,44,RMP,baseline,3152.0,768.0,1024.0,128.0,0.0,0.0,1088.0,136.0,0.0,0.0,0.0,8.0,0.0
128,44,RMP,optimized,3344.0,768.0,0.0,128.0,2048.0,128.0,128.0,136.0,0.0,0.0,0.0,8.0,0.0
128,45,RMP,baseline,3152.0,768.0,1024.0,128.0,0.0,0.0,1088.0,136.0,0.0,0.0,0.0,8.0,0.0
128,45,RMP,optimized,3344.0,768.0,0.0,128.0,2048.0,128.0,128.0,136.0,0.0,0.0,0.0,8.0,0.0
128,46,RMP,baseline,3152.0,768.0,1024.0,128.0,0.0,0.0,1088.0,136.0,0.0,0.0,0.0,8.0,0.0
128,46,RMP,optimized,3344.0,768.0,0.0,128.0,2048.0,128.0,128.0,136.0,0.0,0.0,0.0,8.0,0.0
128,47,RMP,baseline,3152.0,768.0,1024.0,128.0,0.0,0.0,1088.0,136.0,0.0,0.0,0.0,8.0,0.0
128,47,RMP,optimized,3344.0,768.0,0.0,128.0,2048.0,128.0,128.0,136.0,0.0,0.0,0.0,8.0,0.0
128,48,RMP,baseline,3152.0,768.0,1024.0,128.0,0.0,0.0,1088.0,136.0,0.0,0.0,0.0,8.0,0.0
128,48,RMP,optimized,3344.0,768.0,0.0,128.0,2048.0,128.0,128.0,136.0,0.0,0.0,0.0,8.0,0.0
128,49,RMP,baseline,3152.0,768.0,1024.0,128.0,0.0,0.0,1088.0,136.0,0.0,0.0,0.0,8.0,0.0
128,49,RMP,optimized,3344.0,768.0,0.0,128.0,2048.0,128.0,128.0,136.0,0.0,0.0,0.0,8.0,0.0
128,50,RMP,baseline,3152.0,768.0,1024.0,128.0,0.0,0.0,1088.0,136.0,0.0,0.0,0.0,8.0,0.0
128,50,RMP,optimized,3344.0,768.0,0.0,128.0,2048.0,128.0,128.0,136.0,0.0,0.0,0.0,8.0,0.0
128,51,RMP,baseline,3152.0,768.0,1024.0,128.0,0.0,0.0,1088.0,136.0,0.0,0.0,0.0,8.0,0.0
128,51,RMP,optimized,3344.0,768.0,0.0,128.0,2048.0,128.0,128.0,136.0,0.0,0.0,0.0,8.0,0.0
128,52,RMP,baseline,3152.0,768.0,1024.0,128.0,0.0,0.0,1088.0,136.0,0.0,0.0,0.0,8.0,0.0
128,52,RMP,optimized,3344.0,768.0,0.0,128.0,2048.0,128.0,128.0,136.0,0.0,0.0,0.0,8.0,0.0
128,53,RMP,baseline,3152.0,768.0,1024.0,128.0,0.0,0.0,1088.0,136.0,0.0,0.0,0.0,8.0,0.0
128,53,RMP,optimized,3344.0,768.0,0.0,128.0,2048.0,128.0,128.0,136.0,0.0,0.0,0.0,8.0,0.0
128,54,RMP,baseline,3152.0,768.0,1024.0,128.0,0.0,0.0,1088.0,136.0,0.0,0.0,0.0,8.0,0.0
128,54,RMP,optimized,3344.0,768.0,0.0,128.0,2048.0,128.0,128.0,136.0,0.0,0.0,0.0,8.0,0.0
128,55,RMP,baseline,3152.0,768.0,1024.0,128.0,0.0,0.0,1088.0,136.0,0.0,0.0,0.0,8.0,0.0
128,55,RMP,optimized,3344.0,768.0,0.0,128.0,2048.0,128.0,128.0,136.0,0.0,0.0,0.0,8.0,0.0
128,56,RMP,baseline,3152.0,768.0,1024.0,128.0,0.0,0.0,1088.0,136.0,0.0,0.0,0.0,8.0,0.0
128,56,RMP,optimized,3344.0,768.0,0.0,128.0,2048.0,128.0,128.0,136.0,0.0,0.0,0.0,8.0,0.0
128,57,RMP,baseline,3152.0,768.0,1024.0,128.0,0.0,0.0,1088.0,136.0,0.0,0.0,0.0,8.0,0.0
128,57,RMP,optimized,3344.0,768.0,0.0,128.0,2048.0,128.0,128.0,136.0,0.0,0.0,0.0,8.0,0.0
128,58,RMP,baseline,3152.0,768.0,1024.0,128.0,0.0,0.0,1088.0,136.0,0.0,0.0,0.0,8.0,0.0
128,58,RMP,optimized,3344.0,768.0,0.0,128.0,2048.0,128.0,128.0,136.0,0.0,0.0,0.0,8.0,0.0
128,59,RMP,baseline,3152.0,768.0,1024.0,128.0,0.0,0.0,1088.0,136.0,0.0,0.0,0.0,8.0,0.0
128,59,RMP,optimized,3344.0,768.0,0.0,128.0,2048.0,128.0,128.0,136.0,0.0,0.0,0.0,8.0,0.0
128,60,RMP,baseline,3152.0,768.0,1024.0,128.0,0.0,0.0,1088.0,136.0,0.0,0.0,0.0,8.0,0.0
128,60,RMP,optimized,3344.0,768.0,0.0,128.0,2048.0,128.0,128.0,136.0,0.0,0.0,0.0,8.0,0.0
128,61,RMP,baseline,3152.0,768.0,1024.0,128.0,0.0,0.0,1088.0,136.0,0.0,0.0,0.0,8.0,0.0
128,61,RMP,optimized,3344.0,768.0,0.0,128.0,2048.0,128.0,128.0,136.0,0.0,0.0,0.0,8.0,0.0
128,62,RMP,baseline,3152.0,768.0,1024.0,128.0,0.0,0.0,1088.0,136.0,0.0,0.0,0.0,8.0,0.0
128,62,RMP,optimized,3344.0,768.0,0.0,128.0,2048.0,128.0,128.0,136.0,0.0,0.0,0.0,8.0,0.0
128,63,RMP,baseline,3152.0,768.0,1024.0,128.0,0.0,0.0,1088.0,136.0,0.0,0.0,0.0,8.0,0.0
128,63,RMP,optimized,3344.0,768.0,0.0,128.0,2048.0,128.0,128.0,136.0,0.0,0.0,0.0,8.0,0.0
128,64,RMP,baseline,3152.0,768.0,1024.0,128.0,0.0,0.0,1088.0,136.0,0.0,0.0,0.0,8.0,0.0
128,64,RMP,optimized,3344.0,768.0,0.0,128.0,2048.0,128.0,128.0,136.0,0.0,0.0,0.0,8.0,0.0
128,65,RMP,baseline,3152.0,768.0,1024.0,128.0,0.0,0.0,1088.0,136.0,0.0,0.0,0.0,8.0,0.0
128,65,RMP,optimized,3344.0,768.0,0.0,128.0,2048.0,128.0,128.0,136.0,0.0,0.0,0.0,8.0,0.0
128,66,RMP,baseline,3152.0,768.0,1024.0,128.0,0.0,0.0,1088.0,136.0,0.0,0.0,0.0,8.0,0.0
128,66,RMP,optimized,3344.0,768.0,0.0,128.0,2048.0,128.0,128.0,136.0,0.0,0.0,0.0,8.0,0.0
128,67,RMP,baseline,3152.0,768.0,1024.0,128.0,0.0,0.0,1088.0,136.0,0.0,0.0,0.0,8.0,0.0
128,67,RMP,optimized,3344.0,768.0,0.0,128.0,2048.0,128.0,128.0,136.0,0.0,0.0,0.0,8.0,0.0
128,68,RMP,baseline,3152.0,768.0,1024.0,128.0,0.0,0.0,1088.0,136.0,0.0,0.0,0.0,8.0,0.0
128,68,RMP,optimized,3344.0,768.0,0.0,128.0,2048.0,128.0,128.0,136.0,0.0,0.0,0.0,8.0,0.0
128,69,RMP,baseline,3152.0,768.0,1024.0,128.0,0.0,0.0,1088.0,136.0,0.0,0.0,0.0,8.0,0.0
128,69,RMP,optimized,3344.0,768.0,0.0,128.0,2048.0,128.0,128.0,136.0,0.0,0.0,0.0,8.0,0.0
128,70,RMP,baseline,3152.0,768.0,1024.0,128.0,0.0,0.0,1088.0,136.0,0.0,0.0,0.0,8.0,0.0
128,70,RMP,optimized,3344.0,768.0,0.0,128.0,2048.0,128.0,128.0,136.0,0.0,0.0,0.0,8.0,0.0
128,71,RMP,baseline,3152.0,768.0,1024.0,128.0,0.0,0.0,1088.0,136.0,0.0,0.0,0.0,8.0,0.0
128,71,RMP,optimized,3344.0,768.0,0.0,128.0,2048.0,128.0,128.0,136.0,0.0,0.0,0.0,8.0,0.0
128,72,RMP,baseline,3152.0,768.0,1024.0,128.0,0.0,0.0,1088.0,136.0,0.0,0.0,0.0,8.0,0.0
128,72,RMP,optimized,3344.0,768.0,0.0,128.0,2048.0,128.0,128.0,136.0,0.0,0.0,0.0,8.0,0.0
128,73,RMP,baseline,3152.0,768.0,1024.0,128.0,0.0,0.0,1088.0,136.0,0.0,0.0,0.0,8.0,0.0
128,73,RMP,optimized,3344.0,768.0,0.0,128.0,2048.0,128.0,128.0,136.0,0.0,0.0,0.0,8.0,0.0
128,74,RMP,baseline,3152.0,768.0,1024.0,128.0,0.0,0.0,1088.0,136.0,0.0,0.0,0.0,8.0,0.0
128,74,RMP,optimized,3344.0,768.0,0.0,128.0,2048.0,128.0,128.0,136.0,0.0,0.0,0.0,8.0,0.0
128,75,RMP,baseline,3152.0,768.0,1024.0,128.0,0.0,0.0,1088.0,136.0,0.0,0.0,0.0,8.0,0.0
128,75,RMP,optimized,3344.0,768.0,0.0,128.0,2048.0,128.0,128.0,136.0,0.0,0.0,0.0,8.0,0.0
128,76,RMP,baseline,3152.0,768.0,1024.0,128.0,0.0,0.0,1088.0,136.0,0.0,0.0,0.0,8.0,0.0
128,76,RMP,optimized,3344.0,768.0,0.0,128.0,2048.0,128.0,128.0,136.0,0.0,0.0,0.0,8.0,0.0
128,77,RMP,baseline,3152.0,768.0,1024.0,128.0,0.0,0.0,1088.0,136.0,0.0,0.0,0.0,8.0,0.0
128,77,RMP,optimized,3344.0,768.0,0.0,128.0,2048.0,128.0,128.0,136.0,0.0,0.0,0.0,8.0,0.0
128,78,RMP,baseline,3152.0,768.0,1024.0,128.0,0.0,0.0,1088.0,136.0,0.0,0.0,0.0,8.0,0.0
128,78,RMP,optimized,3344.0,768.0,0.0,128.0,2048.0,128.0,128.0,136.0,0.0,0.0,0.0,8.0,0.0
128,79,RMP,baseline,3152.0,768.0,1024.0,128.0,0.0,0.0,1088.0,136.0,0.0,0.0,0.0,8.0,0.0
128,79,RMP,optimized,3344.0,768.0,0.0,128.0,2048.0,128.0,128.0,136.0,0.0,0.0,0.0,8.0,0.0
128,80,RMP,baseline,3152.0,768.0,1024.0,128.0,0.0,0.0,1088.0,136.0,0.0,0.0,0.0,8.0,0.0
128,80,RMP,optimized,3344.0,768.0,0.0,128.0,2048.0,128.0,128.0,136.0,0.0,0.0,0.0,8.0,0.0
128,81,RMP,baseline,3152.0,768.0,1024.0,128.0,0.0,0.0,1088.0,136.0,0.0,0.0,0.0,8.0,0.0
128,81,RMP,optimized,3344.0,768.0,0.0,128.0,2048.0,128.0,128.0,136.0,0.0,0.0,0.0,8.0,0.0
128,82,RMP,baseline,3152.0,768.0,1024.0,128.0,0.0,0.0,1088.0,136.0,0.0,0.0,0.0,8.0,0.0
128,82,RMP,optimized,3344.0,768.0,0.0,128.0,2048.0,128.0,128.0,136.0,0.0,0.0,0.0,8.0,0.0
128,83,RMP,baseline,3152.0,768.0,1024.0,128.0,0.0,0.0,1088.0,136.0,0.0,0.0,0.0,8.0,0.0
128,83,RMP,optimized,3344.0,768.0,0.0,128.0,2048.0,128.0,128.0,136.0,0.0,0.0,0.0,8.0,0.0
128,84,RMP,baseline,3152.0,768.0,1024.0,128.0,0.0,0.0,1088.0,136.0,0.0,0.0,0.0,8.0,0.0
128,84,RMP,optimized,3344.0,768.0,0.0,128.0,2048.0,128.0,128.0,136.0,0.0,0.0,0.0,8.0,0.0
128,85,RMP,baseline,3152.0,768.0,1024.0,128.0,0.0,0.0,1088.0,136.0,0.0,0.0,0.0,8.0,0.0
128,85,RMP,optimized,3344.0,768.0,0.0,128.0,2048.0,128.0,128.0,136.0,0.0,0.0,0.0,8.0,0.0
128,86,RMP,baseline,3152.0,768.0,1024.0,128.0,0.0,0.0,1088.0,136.0,0.0,0.0,0.0,8.0,0.0
128,86,RMP,optimized,3344.0,768.0,0.0,128.0,2048.0,128.0,128.0,136.0,0.0,0.0,0.0,8.0,0.0
128,87,RMP,baseline,3152.0,768.0,1024.0,128.0,0.0,0.0,1088.0,136.0,0.0,0.0,0.0,8.0,0.0
128,87,RMP,optimized,3344.0,768.0,0.0,128.0,2048.0,128.0,128.0,136.0,0.0,0.0,0.0,8.0,0.0
128,88,RMP,baseline,3152.0,768.0,1024.0,128.0,0.0,0.0,1088.0,136.0,0.0,0.0,0.0,8.0,0.0
128,88,RMP,optimized,3344.0,768.0,0.0,128.0,2048.0,128.0,128.0,136.0,0.0,0.0,0.0,8.0,0.0
128,89,RMP,baseline,3152.0,768.0,1024.0,128.0,0.0,0.0,1088.0,136.0,0.0,0.0,0.0,8.0,0.0
128,89,RMP,optimized,3344.0,768.0,0.0,128.0,2048.0,128.0,128.0,136.0,0.0,0.0,0.0,8.0,0.0
128,90,RMP,baseline,3152.0,768.0,1024.0,128.0,0.0,0.0,1088.0,136.0,0.0,0.0,0.0,8.0,0.0
128,90,RMP,optimized,3344.0,768.0,0.0,128.0,2048.0,128.0,128.0,136.0,0.0,0.0,0.0,8.0,0.0
128,91,RMP,baseline,3152.0,768.0,1024.0,128.0,0.0,0.0,1088.0,136.0,0.0,0.0,0.0,8.0,0.0
128,91,RMP,optimized,3344.0,768.0,0.0,128.0,2048.0,128.0,128.0,136.0,0.0,0.0,0.0,8.0,0.0
128,92,RMP,baseline,3152.0,768.0,1024.0,128.0,0.0,0.0,1088.0,136.0,0.0,0.0,0.0,8.0,0.0
128,92,RMP,optimized,3344.0,768.0,0.0,128.0,2048.0,128.0,128.0,136.0,0.0,0.0,0.0,8.0,0.0
128,93,RMP,baseline,3152.0,768.0,1024.0,128.0,0.0,0.0,1088.0,136.0,0.0,0.0,0.0,8.0,0.0
128,93,RMP,optimized,3344.0,768.0,0.0,128.0,2048.0,128.0,128.0,136.0,0.0,0.0,0.0,8.0,0.0
128,94,RMP,baseline,3152.0,768.0,1024.0,128.0,0.0,0.0,1088.0,136.0,0.0,0.0,0.0,8.0,0.0
128,94,RMP,optimized,3344.0,768.0,0.0,128.0,2048.0,128.0,128.0,136.0,0.0,0.0,0.0,8.0,0.0
128,95,RMP,baseline,3152.0,768.0,1024.0,128.0,0.0,0.0,1088.0,136.0,0.0,0.0,0.0,8.0,0.0
128,95,RMP,optimized,3344.0,768.0,0.0,128.0,2048.0,128.0,128.0,136.0,0.0,0.0,0.0,8.0,0.0
128,96,RMP,baseline,3152.0,768.0,1024.0,128.0,0.0,0.0,1088.0,136.0,0.0,0.0,0.0,8.0,0.0
128,96,RMP,optimized,3344.0,768.0,0.0,128.0,2048.0,128.0,128.0,136.0,0.0,0.0,0.0,8.0,0.0
128,97,RMP,baseline,3152.0,768.0,1024.0,128.0,0.0,0.0,1088.0,136.0,0.0,0.0,0.0,8.0,0.0
128,97,RMP,optimized,3344.0,768.0,0.0,128.0,2048.0,128.0,128.0,136.0,0.0,0.0,0.0,8.0,0.0
128,98,RMP,baseline,3152.0,768.0,1024.0,128.0,0.0,0.0,1088.0,136.0,0.0,0.0,0.0,8.0,0.0
128,98,RMP,optimized,3344.0,768.0,0.0,128.0,2048.0,128.0,128.0,136.0,0.0,0.0,0.0,8.0,0.0
128,99,RMP,baseline,3152.0,768.0,1024.0,128.0,0.0,0.0,1088.0,136.0,0.0,0.0,0.0,8.0,0.0
128,99,RMP,optimized,3344.0,768.0,0.0,128.0,2048.0,128.0,128.0,136.0,0.0,0.0,0.0,8.0,0.0
128,100,RMP,baseline,3152.0,768.0,1024.0,128.0,0.0,0.0,1088.0,136.0,0.0,0.0,0.0,8.0,0.0
128,100,RMP,optimized,3344.0,768.0,0.0,128.0,2048.0,128.0,128.0,136.0,0.0,0.0,0.0,8.0,0.0
128,101,RMP,baseline,3152.0,768.0,1024.0,128.0,0.0,0.0,1088.0,136.0,0.0,0.0,0.0,8.0,0.0
128,101,RMP,optimized,3344.0,768.0,0.0,128.0,2048.0,128.0,128.0,136.0,0.0,0.0,0.0,8.0,0.0
128,102,RMP,baseline,3152.0,768.0,1024.0,128.0,0.0,0.0,1088.0,136.0,0.0,0.0,0.0,8.0,0.0
128,102,RMP,optimized,3344.0,768.0,0.0,128.0,2048.0,128.0,128.0,136.0,0.0,0.0,0.0,8.0,0.0
128,103,RMP,baseline,3152.0,768.0,1024.0,128.0,0.0,0.0,1088.0,136.0,0.0,0.0,0.0,8.0,0.0
128,103,RMP,optimized,3344.0,768.0,0.0,128.0,2048.0,128.0,128.0,136.0,0.0,0.0,0.0,8.0,0.0
128,104,RMP,baseline,3152.0,768.0,1024.0,128.0,0.0,0.0,1088.0,136.0,0.0,0.0,0.0,8.0,0.0
128,104,RMP,optimized,3344.0,768.0,0.0,128.0,2048.0,128.0,128.0,136.0,0.0,0.0,0.0,8.0,0.0
128,105,RMP,baseline,3152.0,768.0,1024.0,128.0,0.0,0.0,1088.0,136.0,0.0,0.0,0.0,8.0,0.0
128,105,RMP,optimized,3344.0,768.0,0.0,128.0,2048.0,128.0,128.0,136.0,0.0,0.0,0.0,8.0,0.0
128,106,RMP,baseline,3152.0,768.0,1024.0,128.0,0.0,0.0,1088.0,136.0,0.0,0.0,0.0,8.0,0.0
128,106,RMP,optimized,3344.0,768.0,0.0,128.0,2048.0,128.0,128.0,136.0,0.0,0.0,0.0,8.0,0.0
128,107,RMP,baseline,3152.0,768.0,1024.0,128.0,0.0,0.0,1088.0,136.0,0.0,0.0,0.0,8.0,0.0
128,107,RMP,optimized,3344.0,768.0,0.0,128.0,2048.0,128.0,128.0,136.0,0.0,0.0,0.0,8.0,0.0
128,108,RMP,baseline,3152.0,768.0,1024.0,128.0,0.0,0.0,1088.0,136.0,0.0,0.0,0.0,8.0,0.0
128,108,RMP,optimized,3344.0,768.0,0.0,128.0,2048.0,128.0,128.0,136.0,0.0,0.0,0.0,8.0,0.0
128,109,RMP,baseline,3152.0,768.0,1024.0,128.0,0.0,0.0,1088.0,136.0,0.0,0.0,0.0,8.0,0.0
128,109,RMP,optimized,3344.0,768.0,0.0,128.0,2048.0,128.0,128.0,136.0,0.0,0.0,0.0,8.0,0.0
128,110,RMP,baseline,3152.0,768.0,1024.0,128.0,0.0,0.0,1088.0,136.0,0.0,0.0,0.0,8.0,0.0
128,110,RMP,optimized,3344.0,768.0,0.0,128.0,2048.0,128.0,128.0,136.0,0.0,0.0,0.0,8.0,0.0
128,111,RMP,baseline,3152.0,768.0,1024.0,128.0,0.0,0.0,1088.0,136.0,0.0,0.0,0.0,8.0,0.0
128,111,RMP,optimized,3344.0,768.0,0.0,128.0,2048.0,128.0,128.0,136.0,0.0,0.0,0.0,8.0,0.0
128,112,RMP,baseline,3152.0,768.0,1024.0,128.0,0.0,0.0,1088.0,136.0,0.0,0.0,0.0,8.0,0.0
128,112,RMP,optimized,3344.0,768.0,0.0,128.0,2048.0,128.0,128.0,136.0,0.0,0.0,0.0,8.0,0.0
128,113,RMP,baseline,3152.0,768.0,1024.0,128.0,0.0,0.0,1088.0,136.0,0.0,0.0,0.0,8.0,0.0
128,113,RMP,optimized,3344.0,768.0,0.0,128.0,2048.0,128.0,128.0,136.0,0.0,0.0,0.0,8.0,0.0
128,114,RMP,baseline,3152.0,768.0,1024.0,128.0,0.0,0.0,1088.0,136.0,0.0,0.0,0.0,8.0,0.0
128,114,RMP,optimized,3344.0,768.0,0.0,128.0,2048.0,128.0,128.0,136.0,0.0,0.0,0.0,8.0,0.0
128,115,RMP,baseline,3152.0,768.0,1024.0,128.0,0.0,0.0,1088.0,136.0,0.0,0.0,0.0,8.0,0.0
128,115,RMP,optimized,3344.0,768.0,0.0,128.0,2048.0,128.0,128.0,136.0,0.0,0.0,0.0,8.0,0.0
128,116,RMP,baseline,3152.0,768.0,1024.0,128.0,0.0,0.0,1088.0,136.0,0.0,0.0,0.0,8.0,0.0
128,116,RMP,optimized,3344.0,768.0,0.0,128.0,2048.0,128.0,128.0,136.0,0.0,0.0,0.0,8.0,0.0
128,117,RMP,baseline,3152.0,768.0,1024.0,128.0,0.0,0.0,1088.0,136.0,0.0,0.0,0.0,8.0,0.0
128,117,RMP,optimized,3344.0,768.0,0.0,128.0,2048.0,128.0,128.0,136.0,0.0,0.0,0.0,8.0,0.0
128,118,RMP,baseline,3152.0,768.0,1024.0,128.0,0.0,0.0,1088.0,136.0,0.0,0.0,0.0,8.0,0.0
128,118,RMP,optimized,3344.0,768.0,0.0,128.0,2048.0,128.0,128.0,136.0,0.0,0.0,0.0,8.0,0.0
128,119,RMP,baseline,3152.0,768.0,1024.0,128.0,0.0,0.0,1088.0,136.0,0.0,0.0,0.0,8.0,0.0
128,119,RMP,optimized,3344.0,768.0,0.0,128.0,2048.0,128.0,128.0,136.0,0.0,0.0,0.0,8.0,0.0
128,120,RMP,baseline,3152.0,768.0,1024.0,128.0,0.0,0.0,1088.0,136.0,0.0,0.0,0.0,8.0,0.0
128,120,RMP,optimized,3344.0,768.0,0.0,128.0,2048.0,128.0,128.0,136.0,0.0,0.0,0.0,8.0,0.0
128,121,RMP,baseline,3152.0,768.0,1024.0,128.0,0.0,0.0,1088.0,136.0,0.0,0.0,0.0,8.0,0.0
128,121,RMP,optimized,3344.0,768.0,0.0,128.0,2048.0,128.0,128.0,136.0,0.0,0.0,0.0,8.0,0.0
128,122,RMP,baseline,3152.0,768.0,1024.0,128.0,0.0,0.0,1088.0,136.0,0.0,0.0,0.0,8.0,0.0
128,122,RMP,optimized,3344.0,768.0,0.0,128.0,2048.0,128.0,128.0,136.0,0.0,0.0,0.0,8.0,0.0
128,123,RMP,baseline,3152.0,768.0,1024.0,128.0,0.0,0.0,1088.0,136.0,0.0,0.0,0.0,8.0,0.0
128,123,RMP,optimized,3344.0,768.0,0.0,128.0,2048.0,128.0,128.0,136.0,0.0,0.0,0.0,8.0,0.0
128,124,RMP,baseline,3152.0,768.0,1024.0,128.0,0.0,0.0,1088.0,136.0,0.0,0.0,0.0,8.0,0.0
128,124,RMP,optimized,3344.0,768.0,0.0,128.0,2048.0,128.0,128.0,136.0,0.0,0.0,0.0,8.0,0.0
128,125,RMP,baseline,3152.0,768.0,1024.0,128.0,0.0,0.0,1088.0,136.0,0.0,0.0,0.0,8.0,0.0
128,125,RMP,optimized,3344.0,768.0,0.0,128.0,2048.0,128.0,128.0,136.0,0.0,0.0,0.0,8.0,0.0
128,126,RMP,baseline,3152.0,768.0,1024.0,128.0,0.0,0.0,1088.0,136.0,0.0,0.0,0.0,8.0,0.0
128,126,RMP,optimized,3344.0,768.0,0.0,128.0,2048.0,128.0,128.0,136.0,0.0,0.0,0.0,8.0,0.0
128,127,RMP,baseline,3152.0,768.0,1024.0,128.0,0.0,0.0,1088.0,136.0,0.0,0.0,0.0,8.0,0.0
128,127,RMP,optimized,3344.0,768.0,0.0,128.0,2048.0,128.0,128.0,136.0,0.0,0.0,0.0,8.0,0.0
128,128,RMP,baseline,3152.0,768.0,1024.0,128.0,0.0,0.0,1088.0,136.0,0.0,0.0,0.0,8.0,0.0
128,128,RMP,optimized,3344.0,768.0,0.0,128.0,2048.0,128.0,128.0,136.0,0.0,0.0,0.0,8.0,0.0
128,129,RMP,baseline,3152.0,768.0,1024.0,128.0,0.0,0.0,1088.0,136.0,0.0,0.0,0.0,8.0,0.0
128,129,RMP,optimized,3344.0,768.0,0.0,128.0,2048.0,128.0,128.0,136.0,0.0,0.0,0.0,8.0,0.0
128,130,RMP,baseline,3152.0,768.0,1024.0,128.0,0.0,0.0,1088.0,136.0,0.0,0.0,0.0,8.0,0.0
128,130,RMP,optimized,3344.0,768.0,0.0,128.0,2048.0,128.0,128.0,136.0,0.0,0.0,0.0,8.0,0.0
128,131,RMP,baseline,3152.0,768.0,1024.0,128.0,0.0,0.0,1088.0,136.0,0.0,0.0,0.0,8.0,0.0
128,131,RMP,optimized,3344.0,768.0,0.0,128.0,2048.0,128.0,128.0,136.0,0.0,0.0,0.0,8.0,0.0
128,132,RMP,baseline,3152.0,768.0,1024.0,128.0,0.0,0.0,1088.0,136.0,0.0,0.0,0.0,8.0,0.0
128,132,RMP,optimized,3344.0,768.0,0.0,128.0,2048.0,128.0,128.0,136.0,0.0,0.0,0.0,8.0,0.0
128,133,RMP,baseline,3152.0,768.0,1024.0,128.0,0.0,0.0,1088.0,136.0,0.0,0.0,0.0,8.0,0.0
128,133,RMP,optimized,3344.0,768.0,0.0,128.0,2048.0,128.0,128.0,136.0,0.0,0.0,0.0,8.0,0.0
128,134,RMP,baseline,3152.0,768.0,1024.0,128.0,0.0,0.0,1088.0,136.0,0.0,0.0,0.0,8.0,0.0
128,134,RMP,optimized,3344.0,768.0,0.0,128.0,2048.0,128.0,128.0,136.0,0.0,0.0,0.0,8.0,0.0
128,135,RMP,baseline,3152.0,768.0,1024.0,128.0,0.0,0.0,1088.0,136.0,0.0,0.0,0.0,8.0,0.0
128,135,RMP,optimized,3344.0,768.0,0.0,128.0,2048.0,128.0,128.0,136.0,0.0,0.0,0.0,8.0,0.0
128,136,RMP,baseline,3152.0,768.0,1024.0,128.0,0.0,0.0,1088.0,136.0,0.0,0.0,0.0,8.0,0.0
128,136,RMP,optimized,3344.0,768.0,0.0,128.0,2048.0,128.0,128.0,136.0,0.0,0.0,0.0,8.0,0.0
128,137,RMP,baseline,3152.0,768.0,1024.0,128.0,0.0,0.0,1088.0,136.0,0.0,0.0,0.0,8.0,0.0
128,137,RMP,optimized,3344.0,768.0,0.0,128.0,2048.0,128.0,128.0,136.0,0.0,0.0,0.0,8.0,0.0
128,138,RMP,baseline,3152.0,768.0,1024.0,128.0,0.0,0.0,1088.0,136.0,0.0,0.0,0.0,8.0,0.0
128,138,RMP,optimized,3344.0,768.0,0.0,128.0,2048.0,128.0,128.0,136.0,0.0,0.0,0.0,8.0,0.0
128,139,RMP,baseline,3152.0,768.0,1024.0,128.0,0.0,0.0,1088.0,136.0,0.0,0.0,0.0,8.0,0.0
128,139,RMP,optimized,3344.0,768.0,0.0,128.0,2048.0,128.0,128.0,136.0,0.0,0.0,0.0,8.0,0.0
128,140,RMP,baseline,3152.0,768.0,1024.0,128.0,0.0,0.0,1088.0,136.0,0.0,0.0,0.0,8.0,0.0
128,140,RMP,optimized,3344.0,768.0,0.0,128.0,2048.0,128.0,128.0,136.0,0.0,0.0,0.0,8.0,0.0
128,141,RMP,baseline,3152.0,768.0,1024.0,128.0,0.0,0.0,1088.0,136.0,0.0,0.0,0.0,8.0,0.0
128,141,RMP,optimized,3344.0,768.0,0.0,128.0,2048.0,128.0,128.0,136.0,0.0,0.0,0.0,8.0,0.0
128,142,RMP,baseline,3152.0,768.0,1024.0,128.0,0.0,0.0,1088.0,136.0,0.0,0.0,0.0,8.0,0.0
128,142,RMP,optimized,3344.0,768.0,0.0,128.0,2048.0,128.0,128.0,136.0,0.0,0.0,0.0,8.0,0.0
128,143,RMP,baseline,3152.0,768.0,1024.0,128.0,0.0,0.0,1088.0,136.0,0.0,0.0,0.0,8.0,0.0
128,143,RMP,optimized,3344.0,768.0,0.0,128.0,2048.0,128.0,128.0,136.0,0.0,0.0,0.0,8.0,0.0
128,144,RMP,baseline,3152.0,768.0,1024.0,128.0,0.0,0.0,1088.0,136.0,0.0,0.0,0.0,8.0,0.0
128,144,RMP,optimized,3344.0,768.0,0.0,128.0,2048.0,128.0,128.0,136.0,0.0,0.0,0.0,8.0,0.0
128,145,RMP,baseline,3152.0,768.0,1024.0,128.0,0.0,0.0,1088.0,136.0,0.0,0.0,0.0,8.0,0.0
128,145,RMP,optimized,3344.0,768.0,0.0,128.0,2048.0,128.0,128.0,136.0,0.0,0.0,0.0,8.0,0.0
128,146,RMP,baseline,3152.0,768.0,1024.0,128.0,0.0,0.0,1088.0,136.0,0.0,0.0,0.0,8.0,0.0
128,146,RMP,optimized,3344.0,768.0,0.0,128.0,2048.0,128.0,128.0,136.0,0.0,0.0,0.0,8.0,0.0
128,147,RMP,baseline,3152.0,768.0,1024.0,128.0,0.0,0.0,1088.0,136.0,0.0,0.0,0.0,8.0,0.0
128,147,RMP,optimized,3344.0,768.0,0.0,128.0,2048.0,128.0,128.0,136.0,0.0,0.0,0.0,8.0,0.0
128,148,RMP,baseline,3152.0,768.0,1024.0,128.0,0.0,0.0,1088.0,136.0,0.0,0.0,0.0,8.0,0.0
128,148,RMP,optimized,3344.0,768.0,0.0,128.0,2048.0,128.0,128.0,136.0,0.0,0.0,0.0,8.0,0.0
128,149,RMP,baseline,3152.0,768.0,1024.0,128.0,0.0,0.0,1088.0,136.0,0.0,0.0,0.0,8.0,0.0
128,149,RMP,optimized,3344.0,768.0,0.0,128.0,2048.0,128.0,128.0,136.0,0.0,0.0,0.0,8.0,0.0
128,150,RMP,baseline,3152.0,768.0,1024.0,128.0,0.0,0.0,1088.0,136.0,0.0,0.0,0.0,8.0,0.0
128,150,RMP,optimized,3344.0,768.0,0.0,128.0,2048.0,128.0,128.0,136.0,0.0,0.0,0.0,8.0,0.0
128,151,RMP,baseline,3152.0,768.0,1024.0,128.0,0.0,0.0,1088.0,136.0,0.0,0.0,0.0,8.0,0.0
128,151,RMP,optimized,3344.0,768.0,0.0,128.0,2048.0,128.0,128.0,136.0,0.0,0.0,0.0,8.0,0.0
128,152,RMP,baseline,3152.0,768.0,1024.0,128.0,0.0,0.0,1088.0,136.0,0.0,0.0,0.0,8.0,0.0
128,152,RMP,optimized,3344.0,768.0,0.0,128.0,2048.0,128.0,128.0,136.0,0.0,0.0,0.0,8.0,0.0
128,153,RMP,baseline,3152.0,768.0,1024.0,128.0,0.0,0.0,1088.0,136.0,0.0,0.0,0.0,8.0,0.0
128,153,RMP,optimized,3344.0,768.0,0.0,128.0,2048.0,128.0,128.0,136.0,0.0,0.0,0.0,8.0,0.0
128,154,RMP,baseline,3152.0,768.0,1024.0,128.0,0.0,0.0,1088.0,136.0,0.0,0.0,0.0,8.0,0.0
128,154,RMP,optimized,3344.0,768.0,0.0,128.0,2048.0,128.0,128.0,136.0,0.0,0.0,0.0,8.0,0.0
128,155,RMP,baseline,3152.0,768.0,1024.0,128.0,0.0,0.0,1088.0,136.0,0.0,0.0,0.0,8.0,0.0
128,155,RMP,optimized,3344.0,768.0,0.0,128.0,2048.0,128.0,128.0,136.0,0.0,0.0,0.0,8.0,0.0
128,156,RMP,baseline,3152.0,768.0,1024.0,128.0,0.0,0.0,1088.0,136.0,0.0,0.0,0.0,8.0,0.0
128,156,RMP,optimized,3344.0,768.0,0.0,128.0,2048.0,128.0,128.0,136.0,0.0,0.0,0.0,8.0,0.0
128,157,RMP,baseline,3152.0,768.0,1024.0,128.0,0.0,0.0,1088.0,136.0,0.0,0.0,0.0,8.0,0.0
128,157,RMP,optimized,3344.0,768.0,0.0,128.0,2048.0,128.0,128.0,136.0,0.0,0.0,0.0,8.0,0.0
128,158,RMP,baseline,3152.0,768.0,1024.0,128.0,0.0,0.0,1088.0,136.0,0.0,0.0,0.0,8.0,0.0
128,158,RMP,optimized,3344.0,768.0,0.0,128.0,2048.0,128.0,128.0,136.0,0.0,0.0,0.0,8.0,0.0
128,159,RMP,baseline,3152.0,768.0,1024.0,128.0,0.0,0.0,1088.0,136.0,0.0,0.0,0.0,8.0,0.0
128,159,RMP,optimized,3344.0,768.0,0.0,128.0,2048.0,128.0,128.0,136.0,0.0,0.0,0.0,8.0,0.0
128,160,RMP,baseline,3152.0,768.0,1024.0,128.0,0.0,0.0,1088.0,136.0,0.0,0.0,0.0,8.0,0.0
128,160,RMP,optimized,3344.0,768.0,0.0,128.0,2048.0,128.0,128.0,136.0,0.0,0.0,0.0,8.0,0.0
128,161,RMP,baseline,3152.0,768.0,1024.0,128.0,0.0,0.0,1088.0,136.0,0.0,0.0,0.0,8.0,0.0
128,161,RMP,optimized,3344.0,768.0,0.0,128.0,2048.0,128.0,128.0,136.0,0.0,0.0,0.0,8.0,0.0
128,162,RMP,baseline,3152.0,768.0,1024.0,128.0,0.0,0.0,1088.0,136.0,0.0,0.0,0.0,8.0,0.0
128,162,RMP,optimized,3344.0,768.0,0.0,128.0,2048.0,128.0,128.0,136.0,0.0,0.0,0.0,8.0,0.0
128,163,RMP,baseline,3152.0,768.0,1024.0,128.0,0.0,0.0,1088.0,136.0,0.0,0.0,0.0,8.0,0.0
128,163,RMP,optimized,3344.0,768.0,0.0,128.0,2048.0,128.0,128.0,136.0,0.0,0.0,0.0,8.0,0.0
128,164,RMP,baseline,3152.0,768.0,1024.0,128.0,0.0,0.0,1088.0,136.0,0.0,0.0,0.0,8.0,0.0
128,164,RMP,optimized,3344.0,768.0,0.0,128.0,2048.0,128.0,128.0,136.0,0.0,0.0,0.0,8.0,0.0
128,165,RMP,baseline,3152.0,768.0,1024.0,128.0,0.0,0.0,1088.0,136.0,0.0,0.0,0.0,8.0,0.0
128,165,RMP,optimized,3344.0,768.0,0.0,128.0,2048.0,128.0,128.0,136.0,0.0,0.0,0.0,8.0,0.0
128,166,RMP,baseline,3152.0,768.0,1024.0,128.0,0.0,0.0,1088.0,136.0,0.0,0.0,0.0,8.0,0.0
128,166,RMP,optimized,3344.0,768.0,0.0,128.0,2048.0,128.0,128.0,136.0,0.0,0.0,0.0,8.0,0.0
128,167,RMP,baseline,3152.0,768.0,1024.0,128.0,0.0,0.0,1088.0,136.0,0.0,0.0,0.0,8.0,0.0
128,167,RMP,optimized,3344.0,768.0,0.0,128.0,2048.0,128.0,128.0,136.0,0.0,0.0,0.0,8.0,0.0
128,168,RMP,baseline,3152.0,768.0,1024.0,128.0,0.0,0.0,1088.0,136.0,0.0,0.0,0.0,8.0,0.0
128,168,RMP,optimized,3344.0,768.0,0.0,128.0,2048.0,128.0,128.0,136.0,0.0,0.0,0.0,8.0,0.0
128,169,RMP,baseline,3152.0,768.0,1024.0,128.0,0.0,0.0,1088.0,136.0,0.0,0.0,0.0,8.0,0.0
128,169,RMP,optimized,3344.0,768.0,0.0,128.0,2048.0,128.0,128.0,136.0,0.0,0.0,0.0,8.0,0.0
128,170,RMP,baseline,3152.0,768.0,1024.0,128.0,0.0,0.0,1088.0,136.0,0.0,0.0,0.0,8.0,0.0
128,170,RMP,optimized,3344.0,768.0,0.0,128.0,2048.0,128.0,128.0,136.0,0.0,0.0,0.0,8.0,0.0
128,171,RMP,baseline,3152.0,768.0,1024.0,128.0,0.0,0.0,1088.0,136.0,0.0,0.0,0.0,8.0,0.0
128,171,RMP,optimized,3344.0,768.0,0.0,128.0,2048.0,128.0,128.0,136.0,0.0,0.0,0.0,8.0,0.0
128,172,RMP,baseline,3152.0,768.0,1024.0,128.0,0.0,0.0,1088.0,136.0,0.0,0.0,0.0,8.0,0.0
128,172,RMP,optimized,3344.0,768.0,0.0,128.0,2048.0,128.0,128.0,136.0,0.0,0.0,0.0,8.0,0.0
128,173,RMP,baseline,3152.0,768.0,1024.0,128.0,0.0,0.0,1088.0,136.0,0.0,0.0,0.0,8.0,0.0
128,173,RMP,optimized,3344.0,768.0,0.0,128.0,2048.0,128.0,128.0,136.0,0.0,0.0,0.0,8.0,0.0
128,174,RMP,baseline,3152.0,768.0,1024.0,128.0,0.0,0.0,1088.0,136.0,0.0,0.0,0.0,8.0,0.0
128,174,RMP,optimized,3344.0,768.0,0.0,128.0,2048.0,128.0,128.0,136.0,0.0,0.0,0.0,8.0,0.0
128,175,RMP,baseline,3152.0,768.0,1024.0,128.0,0.0,0.0,1088.0,136.0,0.0,0.0,0.0,8.0,0.0
128,175,RMP,optimized,3344.0,768.0,0.0,128.0,2048.0,128.0,128.0,136.0,0.0,0.0,0.0,8.0,0.0
128,176,RMP,baseline,3152.0,768.0,1024.0,128.0,0.0,0.0,1088.0,136.0,0.0,0.0,0.0,8.0,0.0
128,176,RMP,optimized,3344.0,768.0,0.0,128.0,2048.0,128.0,128.0,136.0,0.0,0.0,0.0,8.0,0.0
128,177,RMP,baseline,3152.0,768.0,1024.0,128.0,0.0,0.0,1088.0,136.0,0.0,0.0,0.0,8.0,0.0
128,177,RMP,optimized,3344.0,768.0,0.0,128.0,2048.0,128.0,128.0,136.0,0.0,0.0,0.0,8.0,0.0
128,178,RMP,baseline,3152.0,768.0,1024.0,128.0,0.0,0.0,1088.0,136.0,0.0,0.0,0.0,8.0,0.0
128,178,RMP,optimized,3344.0,768.0,0.0,128.0,2048.0,128.0,128.0,136.0,0.0,0.0,0.0,8.0,0.0
128,179,RMP,baseline,3152.0,768.0,1024.0,128.0,0.0,0.0,1088.0,136.0,0.0,0.0,0.0,8.0,0.0
128,179,RMP,optimized,3344.0,768.0,0.0,128.0,2048.0,128.0,128.0,136.0,0.0,0.0,0.0,8.0,0.0
128,180,RMP,baseline,3152.0,768.0,1024.0,128.0,0.0,0.0,1088.0,136.0,0.0,0.0,0.0,8.0,0.0
128,180,RMP,optimized,3344.0,768.0,0.0,128.0,2048.0,128.0,128.0,136.0,0.0,0.0,0.0,8.0,0.0
128,181,RMP,baseline,3152.0,768.0,1024.0,128.0,0.0,0.0,1088.0,136.0,0.0,0.0,0.0,8.0,0.0
128,181,RMP,optimized,3344.0,768.0,0.0,128.0,2048.0,128.0,128.0,136.0,0.0,0.0,0.0,8.0,0.0
128,182,RMP,baseline,3152.0,768.0,1024.0,128.0,0.0,0.0,1088.0,136.0,0.0,0.0,0.0,8.0,0.0
128,182,RMP,optimized,3344.0,768.0,0.0,128.0,2048.0,128.0,128.0,136.0,0.0,0.0,0.0,8.0,0.0
128,183,RMP,baseline,3152.0,768.0,1024.0,128.0,0.0,0.0,1088.0,136.0,0.0,0.0,0.0,8.0,0.0
128,183,RMP,optimized,3344.0,768.0,0.0,128.0,2048.0,128.0,128.0,136.0,0.0,0.0,0.0,8.0,0.0
128,184,RMP,baseline,3152.0,768.0,1024.0,128.0,0.0,0.0,1088.0,136.0,0.0,0.0,0.0,8.0,0.0
128,184,RMP,optimized,3344.0,768.0,0.0,128.0,2048.0,128.0,128.0,136.0,0.0,0.0,0.0,8.0,0.0
128,185,RMP,baseline,3152.0,768.0,1024.0,128.0,0.0,0.0,1088.0,136.0,0.0,0.0,0.0,8.0,0.0
128,185,RMP,optimized,3344.0,768.0,0.0,128.0,2048.0,128.0,128.0,136.0,0.0,0.0,0.0,8.0,0.0
128,186,RMP,baseline,3152.0,768.0,1024.0,128.0,0.0,0.0,1088.0,136.0,0.0,0.0,0.0,8.0,0.0
128,186,RMP,optimized,3344.0,768.0,0.0,128.0,2048.0,128.0,128.0,136.0,0.0,0.0,0.0,8.0,0.0
128,187,RMP,baseline,3152.0,768.0,1024.0,128.0,0.0,0.0,1088.0,136.0,0.0,0.0,0.0,8.0,0.0
128,187,RMP,optimized,3344.0,768.0,0.0,128.0,2048.0,128.0,128.0,136.0,0.0,0.0,0.0,8.0,0.0
128,188,RMP,baseline,3152.0,768.0,1024.0,128.0,0.0,0.0,1088.0,136.0,0.0,0.0,0.0,8.0,0.0
128,188,RMP,optimized,3344.0,768.0,0.0,128.0,2048.0,128.0,128.0,136.0,0.0,0.0,0.0,8.0,0.0
128,189,RMP,baseline,3152.0,768.0,1024.0,128.0,0.0,0.0,1088.0,136.0,0.0,0.0,0.0,8.0,0.0
128,189,RMP,optimized,3344.0,768.0,0.0,128.0,2048.0,128.0,128.0,136.0,0.0,0.0,0.0,8.0,0.0
128,190,RMP,baseline,3152.0,768.0,1024.0,128.0,0.0,0.0,1088.0,136.0,0.0,0.0,0.0,8.0,0.0
128,190,RMP,optimized,3344.0,768.0,0.0,128.0,2048.0,128.0,128.0,136.0,0.0,0.0,0.0,8.0,0.0
128,191,RMP,baseline,3152.0,768.0,1024.0,128.0,0.0,0.0,1088.0,136.0,0.0,0.0,0.0,8.0,0.0
128,191,RMP,optimized,3344.0,768.0,0.0,128.0,2048.0,128.0,128.0,136.0,0.0,0.0,0.0,8.0,0.0
128,192,RMP,baseline,3152.0,768.0,1024.0,128.0,0.0,0.0,1088.0,136.0,0.0,0.0,0.0,8.0,0.0
128,192,RMP,optimized,3344.0,768.0,0.0,128.0,2048.0,128.0,128.0,136.0,0.0,0.0,0.0,8.0,0.0
128,193,RMP,baseline,3152.0,768.0,1024.0,128.0,0.0,0.0,1088.0,136.0,0.0,0.0,0.0,8.0,0.0
128,193,RMP,optimized,3344.0,768.0,0.0,128.0,2048.0,128.0,128.0,136.0,0.0,0.0,0.0,8.0,0.0
128,194,RMP,baseline,3152.0,768.0,1024.0,128.0,0.0,0.0,1088.0,136.0,0.0,0.0,0.0,8.0,0.0
128,194,RMP,optimized,3344.0,768.0,0.0,128.0,2048.0,128.0,128.0,136.0,0.0,0.0,0.0,8.0,0.0
128,195,RMP,baseline,3152.0,768.0,1024.0,128.0,0.0,0.0,1088.0,136.0,0.0,0.0,0.0,8.0,0.0
128,195,RMP,optimized,3344.0,768.0,0.0,128.0,2048.0,128.0,128.0,136.0,0.0,0.0,0.0,8.0,0.0
128,196,RMP,baseline,3152.0,768.0,1024.0,128.0,0.0,0.0,1088.0,136.0,0.0,0.0,0.0,8.0,0.0
128,196,RMP,optimized,3344.0,768.0,0.0,128.0,2048.0,128.0,128.0,136.0,0.0,0.0,0.0,8.0,0.0
128,197,RMP,baseline,3152.0,768.0,1024.0,128.0,0.0,0.0,1088.0,136.0,0.0,0.0,0.0,8.0,0.0
128,197,RMP,optimized,3344.0,768.0,0.0,128.0,2048.0,128.0,128.0,136.0,0.0,0.0,0.0,8.0,0.0
128,198,RMP,baseline,3152.0,768.0,1024.0,128.0,0.0,0.0,1088.0,136.0,0.0,0.0,0.0,8.0,0.0
128,198,RMP,optimized,3344.0,768.0,0.0,128.0,2048.0,128.0,128.0,136.0,0.0,0.0,0.0,8.0,0.0
128,199,RMP,baseline,3152.0,768.0,1024.0,128.0,0.0,0.0,1088.0,136.0,0.0,0.0,0.0,8.0,0.0
128,199,RMP,optimized,3344.0,768.0,0.0,128.0,2048.0,128.0,128.0,136.0,0.0,0.0,0.0,8.0,0.0
128,200,RMP,baseline,3152.0,768.0,1024.0,128.0,0.0,0.0,1088.0,136.0,0.0,0.0,0.0,8.0,0.0
128,200,RMP,optimized,3344.0,768.0,0.0,128.0,2048.0,128.0,128.0,136.0,0.0,0.0,0.0,8.0,0.0
128,201,RMP,baseline,3152.0,768.0,1024.0,128.0,0.0,0.0,1088.0,136.0,0.0,0.0,0.0,8.0,0.0
128,201,RMP,optimized,3344.0,768.0,0.0,128.0,2048.0,128.0,128.0,136.0,0.0,0.0,0.0,8.0,0.0
128,202,RMP,baseline,3152.0,768.0,1024.0,128.0,0.0,0.0,1088.0,136.0,0.0,0.0,0.0,8.0,0.0
128,202,RMP,optimized,3344.0,768.0,0.0,128.0,2048.0,128.0,128.0,136.0,0.0,0.0,0.0,8.0,0.0
128,203,RMP,baseline,3152.0,768.0,1024.0,128.0,0.0,0.0,1088.0,136.0,0.0,0.0,0.0,8.0,0.0
128,203,RMP,optimized,3344.0,768.0,0.0,128.0,2048.0,128.0,128.0,136.0,0.0,0.0,0.0,8.0,0.0
128,204,RMP,baseline,3152.0,768.0,1024.0,128.0,0.0,0.0,1088.0,136.0,0.0,0.0,0.0,8.0,0.0
128,204,RMP,optimized,3344.0,768.0,0.0,128.0,2048.0,128.0,128.0,136.0,0.0,0.0,0.0,8.0,0.0
128,205,RMP,baseline,3152.0,768.0,1024.0,128.0,0.0,0.0,1088.0,136.0,0.0,0.0,0.0,8.0,0.0
128,205,RMP,optimized,3344.0,768.0,0.0,128.0,2048.0,128.0,128.0,136.0,0.0,0.0,0.0,8.0,0.0
128,206,RMP,baseline,3152.0,768.0,1024.0,128.0,0.0,0.0,1088.0,136.0,0.0,0.0,0.0,8.0,0.0
128,206,RMP,optimized,3344.0,768.0,0.0,128.0,2048.0,128.0,128.0,136.0,0.0,0.0,0.0,8.0,0.0
128,207,RMP,baseline,3152.0,768.0,1024.0,128.0,0.0,0.0,1088.0,136.0,0.0,0.0,0.0,8.0,0.0
128,207,RMP,optimized,3344.0,768.0,0.0,128.0,2048.0,128.0,128.0,136.0,0.0,0.0,0.0,8.0,0.0
128,208,RMP,baseline,3152.0,768.0,1024.0,128.0,0.0,0.0,1088.0,136.0,0.0,0.0,0.0,8.0,0.0
128,208,RMP,optimized,3344.0,768.0,0.0,128.0,2048.0,128.0,128.0,136.0,0.0,0.0,0.0,8.0,0.0
128,209,RMP,baseline,3152.0,768.0,1024.0,128.0,0.0,0.0,1088.0,136.0,0.0,0.0,0.0,8.0,0.0
128,209,RMP,optimized,3344.0,768.0,0.0,128.0,2048.0,128.0,128.0,136.0,0.0,0.0,0.0,8.0,0.0
128,210,RMP,baseline,3152.0,768.0,1024.0,128.0,0.0,0.0,1088.0,136.0,0.0,0.0,0.0,8.0,0.0
128,210,RMP,optimized,3344.0,768.0,0.0,128.0,2048.0,128.0,128.0,136.0,0.0,0.0,0.0,8.0,0.0
128,211,RMP,baseline,3152.0,768.0,1024.0,128.0,0.0,0.0,1088.0,136.0,0.0,0.0,0.0,8.0,0.0
128,211,RMP,optimized,3344.0,768.0,0.0,128.0,2048.0,128.0,128.0,136.0,0.0,0.0,0.0,8.0,0.0
128,212,RMP,baseline,3152.0,768.0,1024.0,128.0,0.0,0.0,1088.0,136.0,0.0,0.0,0.0,8.0,0.0
128,212,RMP,optimized,3344.0,768.0,0.0,128.0,2048.0,128.0,128.0,136.0,0.0,0.0,0.0,8.0,0.0
128,213,RMP,baseline,3152.0,768.0,1024.0,128.0,0.0,0.0,1088.0,136.0,0.0,0.0,0.0,8.0,0.0
128,213,RMP,optimized,3344.0,768.0,0.0,128.0,2048.0,128.0,128.0,136.0,0.0,0.0,0.0,8.0,0.0
128,214,RMP,baseline,3152.0,768.0,1024.0,128.0,0.0,0.0,1088.0,136.0,0.0,0.0,0.0,8.0,0.0
128,214,RMP,optimized,3344.0,768.0,0.0,128.0,2048.0,128.0,128.0,136.0,0.0,0.0,0.0,8.0,0.0
128,215,RMP,baseline,3152.0,768.0,1024.0,128.0,0.0,0.0,1088.0,136.0,0.0,0.0,0.0,8.0,0.0
128,215,RMP,optimized,3344.0,768.0,0.0,128.0,2048.0,128.0,128.0,136.0,0.0,0.0,0.0,8.0,0.0
128,216,RMP,baseline,3152.0,768.0,1024.0,128.0,0.0,0.0,1088.0,136.0,0.0,0.0,0.0,8.0,0.0
128,216,RMP,optimized,3344.0,768.0,0.0,128.0,2048.0,128.0,128.0,136.0,0.0,0.0,0.0,8.0,0.0
128,217,RMP,baseline,3152.0,768.0,1024.0,128.0,0.0,0.0,1088.0,136.0,0.0,0.0,0.0,8.0,0.0
128,217,RMP,optimized,3344.0,768.0,0.0,128.0,2048.0,128.0,128.0,136.0,0.0,0.0,0.0,8.0,0.0
128,218,RMP,baseline,3152.0,768.0,1024.0,128.0,0.0,0.0,1088.0,136.0,0.0,0.0,0.0,8.0,0.0
128,218,RMP,optimized,3344.0,768.0,0.0,128.0,2048.0,128.0,128.0,136.0,0.0,0.0,0.0,8.0,0.0
128,219,RMP,baseline,3152.0,768.0,1024.0,128.0,0.0,0.0,1088.0,136.0,0.0,0.0,0.0,8.0,0.0
128,219,RMP,optimized,3344.0,768.0,0.0,128.0,2048.0,128.0,128.0,136.0,0.0,0.0,0.0,8.0,0.0
128,220,RMP,baseline,3152.0,768.0,1024.0,128.0,0.0,0.0,1088.0,136.0,0.0,0.0,0.0,8.0,0.0
128,220,RMP,optimized,3344.0,768.0,0.0,128.0,2048.0,128.0,128.0,136.0,0.0,0.0,0.0,8.0,0.0
128,221,RMP,baseline,3152.0,768.0,1024.0,128.0,0.0,0.0,1088.0,136.0,0.0,0.0,0.0,8.0,0.0
128,221,RMP,optimized,3344.0,768.0,0.0,128.0,2048.0,128.0,128.0,136.0,0.0,0.0,0.0,8.0,0.0
128,222,RMP,baseline,3152.0,768.0,1024.0,128.0,0.0,0.0,1088.0,136.0,0.0,0.0,0.0,8.0,0.0
128,222,RMP,optimized,3344.0,768.0,0.0,128.0,2048.0,128.0,128.0,136.0,0.0,0.0,0.0,8.0,0.0
128,223,RMP,baseline,3152.0,768.0,1024.0,128.0,0.0,0.0,1088.0,136.0,0.0,0.0,0.0,8.0,0.0
128,223,RMP,optimized,3344.0,768.0,0.0,128.0,2048.0,128.0,128.0,136.0,0.0,0.0,0.0,8.0,0.0
128,224,RMP,baseline,3152.0,768.0,1024.0,128.0,0.0,0.0,1088.0,136.0,0.0,0.0,0.0,8.0,0.0
128,224,RMP,optimized,3344.0,768.0,0.0,128.0,2048.0,128.0,128.0,136.0,0.0,0.0,0.0,8.0,0.0
128,225,RMP,baseline,3152.0,768.0,1024.0,128.0,0.0,0.0,1088.0,136.0,0.0,0.0,0.0,8.0,0.0
128,225,RMP,optimized,3344.0,768.0,0.0,128.0,2048.0,128.0,128.0,136.0,0.0,0.0,0.0,8.0,0.0
128,226,RMP,baseline,3152.0,768.0,1024.0,128.0,0.0,0.0,1088.0,136.0,0.0,0.0,0.0,8.0,0.0
128,226,RMP,optimized,3344.0,768.0,0.0,128.0,2048.0,128.0,128.0,136.0,0.0,0.0,0.0,8.0,0.0
128,227,RMP,baseline,3152.0,768.0,1024.0,128.0,0.0,0.0,1088.0,136.0,0.0,0.0,0.0,8.0,0.0
128,227,RMP,optimized,3344.0,768.0,0.0,128.0,2048.0,128.0,128.0,136.0,0.0,0.0,0.0,8.0,0.0
128,228,RMP,baseline,3152.0,768.0,1024.0,128.0,0.0,0.0,1088.0,136.0,0.0,0.0,0.0,8.0,0.0
128,228,RMP,optimized,3344.0,768.0,0.0,128.0,2048.0,128.0,128.0,136.0,0.0,0.0,0.0,8.0,0.0
128,229,RMP,baseline,3152.0,768.0,1024.0,128.0,0.0,0.0,1088.0,136.0,0.0,0.0,0.0,8.0,0.0
128,229,RMP,optimized,3344.0,768.0,0.0,128.0,2048.0,128.0,128.0,136.0,0.0,0.0,0.0,8.0,0.0
128,230,RMP,baseline,3152.0,768.0,1024.0,128.0,0.0,0.0,1088.0,136.0,0.0,0.0,0.0,8.0,0.0
128,230,RMP,optimized,3344.0,768.0,0.0,128.0,2048.0,128.0,128.0,136.0,0.0,0.0,0.0,8.0,0.0
128,231,RMP,baseline,3152.0,768.0,1024.0,128.0,0.0,0.0,1088.0,136.0,0.0,0.0,0.0,8.0,0.0
128,231,RMP,optimized,3344.0,768.0,0.0,128.0,2048.0,128.0,128.0,136.0,0.0,0.0,0.0,8.0,0.0
128,232,RMP,baseline,3152.0,768.0,1024.0,128.0,0.0,0.0,1088.0,136.0,0.0,0.0,0.0,8.0,0.0
128,232,RMP,optimized,3344.0,768.0,0.0,128.0,2048.0,128.0,128.0,136.0,0.0,0.0,0.0,8.0,0.0
128,233,RMP,baseline,3152.0,768.0,1024.0,128.0,0.0,0.0,1088.0,136.0,0.0,0.0,0.0,8.0,0.0
128,233,RMP,optimized,3344.0,768.0,0.0,128.0,2048.0,128.0,128.0,136.0,0.0,0.0,0.0,8.0,0.0
128,234,RMP,baseline,3152.0,768.0,1024.0,128.0,0.0,0.0,1088.0,136.0,0.0,0.0,0.0,8.0,0.0
128,234,RMP,optimized,3344.0,768.0,0.0,128.0,2048.0,128.0,128.0,136.0,0.0,0.0,0.0,8.0,0.0
128,235,RMP,baseline,3152.0,768.0,1024.0,128.0,0.0,0.0,1088.0,136.0,0.0,0.0,0.0,8.0,0.0
128,235,RMP,optimized,3344.0,768.0,0.0,128.0,2048.0,128.0,128.0,136.0,0.0,0.0,0.0,8.0,0.0
128,236,RMP,baseline,3152.0,768.0,1024.0,128.0,0.0,0.0,1088.0,136.0,0.0,0.0,0.0,8.0,0.0
128,236,RMP,optimized,3344.0,768.0,0.0,128.0,2048.0,128.0,128.0,136.0,0.0,0.0,0.0,8.0,0.0
128,237,RMP,baseline,3152.0,768.0,1024.0,128.0,0.0,0.0,1088.0,136.0,0.0,0.0,0.0,8.0,0.0
128,237,RMP,optimized,3344.0,768.0,0.0,128.0,2048.0,128.0,128.0,136.0,0.0,0.0,0.0,8.0,0.0
128,238,RMP,baseline,3152.0,768.0,1024.0,128.0,0.0,0.0,1088.0,136.0,0.0,0.0,0.0,8.0,0.0
128,238,RMP,optimized,3344.0,768.0,0.0,128.0,2048.0,128.0,128.0,136.0,0.0,0.0,0.0,8.0,0.0
128,239,RMP,baseline,3152.0,768.0,1024.0,128.0,0.0,0.0,1088.0,136.0,0.0,0.0,0.0,8.0,0.0
128,239,RMP,optimized,3344.0,768.0,0.0,128.0,2048.0,128.0,128.0,136.0,0.0,0.0,0.0,8.0,0.0
128,240,RMP,baseline,3152.0,768.0,1024.0,128.0,0.0,0.0,1088.0,136.0,0.0,0.0,0.0,8.0,0.0
128,240,RMP,optimized,3344.0,768.0,0.0,128.0,2048.0,128.0,128.0,136.0,0.0,0.0,0.0,8.0,0.0
128,241,RMP,baseline,3152.0,768.0,1024.0,128.0,0.0,0.0,1088.0,136.0,0.0,0.0,0.0,8.0,0.0
128,241,RMP,optimized,3344.0,768.0,0.0,128.0,2048.0,128.0,128.0,136.0,0.0,0.0,0.0,8.0,0.0
128,242,RMP,baseline,3152.0,768.0,1024.0,128.0,0.0,0.0,1088.0,136.0,0.0,0.0,0.0,8.0,0.0
128,242,RMP,optimized,3344.0,768.0,0.0,128.0,2048.0,128.0,128.0,136.0,0.0,0.0,0.0,8.0,0.0
128,243,RMP,baseline,3152.0,768.0,1024.0,128.0,0.0,0.0,1088.0,136.0,0.0,0.0,0.0,8.0,0.0
128,243,RMP,optimized,3344.0,768.0,0.0,128.0,2048.0,128.0,128.0,136.0,0.0,0.0,0.0,8.0,0.0
128,244,RMP,baseline,3152.0,768.0,1024.0,128.0,0.0,0.0,1088.0,136.0,0.0,0.0,0.0,8.0,0.0
128,244,RMP,optimized,3344.0,768.0,0.0,128.0,2048.0,128.0,128.0,136.0,0.0,0.0,0.0,8.0,0.0
128,245,RMP,baseline,3152.0,768.0,1024.0,128.0,0.0,0.0,1088.0,136.0,0.0,0.0,0.0,8.0,0.0
128,245,RMP,optimized,3344.0,768.0,0.0,128.0,2048.0,128.0,128.0,136.0,0.0,0.0,0.0,8.0,0.0
128,246,RMP,baseline,3152.0,768.0,1024.0,128.0,0.0,0.0,1088.0,136.0,0.0,0.0,0.0,8.0,0.0
128,246,RMP,optimized,3344.0,768.0,0.0,128.0,2048.0,128.0,128.0,136.0,0.0,0.0,0.0,8.0,0.0
128,247,RMP,baseline,3152.0,768.0,1024.0,128.0,0.0,0.0,1088.0,136.0,0.0,0.0,0.0,8.0,0.0
128,247,RMP,optimized,3344.0,768.0,0.0,128.0,2048.0,128.0,128.0,136.0,0.0,0.0,0.0,8.0,0.0
128,248,RMP,baseline,3152.0,768.0,1024.0,128.0,0.0,0.0,1088.0,136.0,0.0,0.0,0.0,8.0,0.0
128,248,RMP,optimized,3344.0,768.0,0.0,128.0,2048.0,128.0,128.0,136.0,0.0,0.0,0.0,8.0,0.0
128,249,RMP,baseline,3152.0,768.0,1024.0,128.0,0.0,0.0,1088.0,136.0,0.0,0.0,0.0,8.0,0.0
128,249,RMP,optimized,3344.0,768.0,0.0,128.0,2048.0,128.0,128.0,136.0,0.0,0.0,0.0,8.0,0.0
128,250,RMP,baseline,3152.0,768.0,1024.0,128.0,0.0,0.0,1088.0,136.0,0.0,0.0,0.0,8.0,0.0
128,250,RMP,optimized,3344.0,768.0,0.0,128.0,2048.0,128.0,128.0,136.0,0.0,0.0,0.0,8.0,0.0
128,251,RMP,baseline,3152.0,768.0,1024.0,128.0,0.0,0.0,1088.0,136.0,0.0,0.0,0.0,8.0,0.0
128,251,RMP,optimized,3344.0,768.0,0.0,128.0,2048.0,128.0,128.0,136.0,0.0,0.0,0.0,8.0,0.0
128,252,RMP,baseline,3152.0,768.0,1024.0,128.0,0.0,0.0,1088.0,136.0,0.0,0.0,0.0,8.0,0.0
128,252,RMP,optimized,3344.0,768.0,0.0,128.0,2048.0,128.0,128.0,136.0,0.0,0.0,0.0,8.0,0.0
128,253,RMP,baseline,3152.0,768.0,1024.0,128.0,0.0,0.0,1088.0,136.0,0.0,0.0,0.0,8.0,0.0
128,253,RMP,optimized,3344.0,768.0,0.0,128.0,2048.0,128.0,128.0,136.0,0.0,0.0,0.0,8.0,0.0
128,254,RMP,baseline,3152.0,768.0,1024.0,128.0,0.0,0.0,1088.0,136.0,0.0,0.0,0.0,8.0,0.0
128,254,RMP,optimized,3344.0,768.0,0.0,128.0,2048.0,128.0,128.0,136.0,0.0,0.0,0.0,8.0,0.0
128,255,RMP,baseline,3152.0,768.0,1024.0,128.0,0.0,0.0,1088.0,136.0,0.0,0.0,0.0,8.0,0.0
128,255,RMP,optimized,3344.0,768.0,0.0,128.0,2048.0,128.0,128.0,136.0,0.0,0.0,0.0,8.0,0.0
128,256,RMP,baseline,3152.0,768.0,1024.0,128.0,0.0,0.0,1088.0,136.0,0.0,0.0,0.0,8.0,0.0
128,256,RMP,optimized,3344.0,768.0,0.0,128.0,2048.0,128.0,128.0,136.0,0.0,0.0,0.0,8.0,0.0
128,257,RMP,baseline,3152.0,768.0,1024.0,128.0,0.0,0.0,1088.0,136.0,0.0,0.0,0.0,8.0,0.0
128,257,RMP,optimized,3344.0,768.0,0.0,128.0,2048.0,128.0,128.0,136.0,0.0,0.0,0.0,8.0,0.0
128,258,RMP,baseline,3152.0,768.0,1024.0,128.0,0.0,0.0,1088.0,136.0,0.0,0.0,0.0,8.0,0.0
128,258,RMP,optimized,3344.0,768.0,0.0,128.0,2048.0,128.0,128.0,136.0,0.0,0.0,0.0,8.0,0.0
128,259,RMP,baseline,3152.0,768.0,1024.0,128.0,0.0,0.0,1088.0,136.0,0.0,0.0,0.0,8.0,0.0
128,259,RMP,optimized,3344.0,768.0,0.0,128.0,2048.0,128.0,128.0,136.0,0.0,0.0,0.0,8.0,0.0
128,260,RMP,baseline,3152.0,768.0,1024.0,128.0,0.0,0.0,1088.0,136.0,0.0,0.0,0.0,8.0,0.0
128,260,RMP,optimized,3344.0,768.0,0.0,128.0,2048.0,128.0,128.0,136.0,0.0,0.0,0.0,8.0,0.0
128,261,RMP,baseline,3152.0,768.0,1024.0,128.0,0.0,0.0,1088.0,136.0,0.0,0.0,0.0,8.0,0.0
128,261,RMP,optimized,3344.0,768.0,0.0,128.0,2048.0,128.0,128.0,136.0,0.0,0.0,0.0,8.0,0.0
128,262,RMP,baseline,3152.0,768.0,1024.0,128.0,0.0,0.0,1088.0,136.0,0.0,0.0,0.0,8.0,0.0
128,262,RMP,optimized,3344.0,768.0,0.0,128.0,2048.0,128.0,128.0,136.0,0.0,0.0,0.0,8.0,0.0
128,263,RMP,baseline,3152.0,768.0,1024.0,128.0,0.0,0.0,1088.0,136.0,0.0,0.0,0.0,8.0,0.0
128,263,RMP,optimized,3344.0,768.0,0.0,128.0,2048.0,128.0,128.0,136.0,0.0,0.0,0.0,8.0,0.0
128,264,RMP,baseline,3152.0,768.0,1024.0,128.0,0.0,0.0,1088.0,136.0,0.0,0.0,0.0,8.0,0.0
128,264,RMP,optimized,3344.0,768.0,0.0,128.0,2048.0,128.0,128.0,136.0,0.0,0.0,0.0,8.0,0.0
128,265,RMP,baseline,3152.0,768.0,1024.0,128.0,0.0,0.0,1088.0,136.0,0.0,0.0,0.0,8.0,0.0
128,265,RMP,optimized,3344.0,768.0,0.0,128.0,2048.0,128.0,128.0,136.0,0.0,0.0,0.0,8.0,0.0
128,266,RMP,baseline,3152.0,768.0,1024.0,128.0,0.0,0.0,1088.0,136.0,0.0,0.0,0.0,8.0,0.0
128,266,RMP,optimized,3344.0,768.0,0.0,128.0,2048.0,128.0,128.0,136.0,0.0,0.0,0.0,8.0,0.0
128,267,RMP,baseline,3152.0,768.0,1024.0,128.0,0.0,0.0,1088.0,136.0,0.0,0.0,0.0,8.0,0.0
128,267,RMP,optimized,3344.0,768.0,0.0,128.0,2048.0,128.0,128.0,136.0,0.0,0.0,0.0,8.0,0.0
128,268,RMP,baseline,3152.0,768.0,1024.0,128.0,0.0,0.0,1088.0,136.0,0.0,0.0,0.0,8.0,0.0
128,268,RMP,optimized,3344.0,768.0,0.0,128.0,2048.0,128.0,128.0,136.0,0.0,0.0,0.0,8.0,0.0
128,269,RMP,baseline,3152.0,768.0,1024.0,128.0,0.0,0.0,1088.0,136.0,0.0,0.0,0.0,8.0,0.0
128,269,RMP,optimized,3344.0,768.0,0.0,128.0,2048.0,128.0,128.0,136.0,0.0,0.0,0.0,8.0,0.0
128,270,RMP,baseline,3152.0,768.0,1024.0,128.0,0.0,0.0,1088.0,136.0,0.0,0.0,0.0,8.0,0.0
128,270,RMP,optimized,3344.0,768.0,0.0,128.0,2048.0,128.0,128.0,136.0,0.0,0.0,0.0,8.0,0.0
128,271,RMP,baseline,3152.0,768.0,1024.0,128.0,0.0,0.0,1088.0,136.0,0.0,0.0,0.0,8.0,0.0
128,271,RMP,optimized,3344.0,768.0,0.0,128.0,2048.0,128.0,128.0,136.0,0.0,0.0,0.0,8.0,0.0
128,272,RMP,baseline,3152.0,768.0,1024.0,128.0,0.0,0.0,1088.0,136.0,0.0,0.0,0.0,8.0,0.0
128,272,RMP,optimized,3344.0,768.0,0.0,128.0,2048.0,128.0,128.0,136.0,0.0,0.0,0.0,8.0,0.0
128,273,RMP,baseline,3152.0,768.0,1024.0,128.0,0.0,0.0,1088.0,136.0,0.0,0.0,0.0,8.0,0.0
128,273,RMP,optimized,3344.0,768.0,0.0,128.0,2048.0,128.0,128.0,136.0,0.0,0.0,0.0,8.0,0.0
128,274,RMP,baseline,3152.0,768.0,1024.0,128.0,0.0,0.0,1088.0,136.0,0.0,0.0,0.0,8.0,0.0
128,274,RMP,optimized,3344.0,768.0,0.0,128.0,2048.0,128.0,128.0,136.0,0.0,0.0,0.0,8.0,0.0
128,275,RMP,baseline,3152.0,768.0,1024.0,128.0,0.0,0.0,1088.0,136.0,0.0,0.0,0.0,8.0,0.0
128,275,RMP,optimized,3344.0,768.0,0.0,128.0,2048.0,128.0,128.0,136.0,0.0,0.0,0.0,8.0,0.0
128,276,RMP,baseline,3152.0,768.0,1024.0,128.0,0.0,0.0,1088.0,136.0,0.0,0.0,0.0,8.0,0.0
128,276,RMP,optimized,3344.0,768.0,0.0,128.0,2048.0,128.0,128.0,136.0,0.0,0.0,0.0,8.0,0.0
128,277,RMP,baseline,3152.0,768.0,1024.0,128.0,0.0,0.0,1088.0,136.0,0.0,0.0,0.0,8.0,0.0
128,277,RMP,optimized,3344.0,768.0,0.0,128.0,2048.0,128.0,128.0,136.0,0.0,0.0,0.0,8.0,0.0
128,278,RMP,baseline,3152.0,768.0,1024.0,128.0,0.0,0.0,1088.0,136.0,0.0,0.0,0.0,8.0,0.0
128,278,RMP,optimized,3344.0,768.0,0.0,128.0,2048.0,128.0,128.0,136.0,0.0,0.0,0.0,8.0,0.0
128,279,RMP,baseline,3152.0,768.0,1024.0,128.0,0.0,0.0,1088.0,136.0,0.0,0.0,0.0,8.0,0.0
128,279,RMP,optimized,3344.0,768.0,0.0,128.0,2048.0,128.0,128.0,136.0,0.0,0.0,0.0,8.0,0.0
128,280,RMP,baseline,3152.0,768.0,1024.0,128.0,0.0,0.0,1088.0,136.0,0.0,0.0,0.0,8.0,0.0
128,280,RMP,optimized,3344.0,768.0,0.0,128.0,2048.0,128.0,128.0,136.0,0.0,0.0,0.0,8.0,0.0
128,281,RMP,baseline,3152.0,768.0,1024.0,128.0,0.0,0.0,1088.0,136.0,0.0,0.0,0.0,8.0,0.0
128,281,RMP,optimized,3344.0,768.0,0.0,128.0,2048.0,128.0,128.0,136.0,0.0,0.0,0.0,8.0,0.0
128,282,RMP,baseline,3152.0,768.0,1024.0,128.0,0.0,0.0,1088.0,136.0,0.0,0.0,0.0,8.0,0.0
128,282,RMP,optimized,3344.0,768.0,0.0,128.0,2048.0,128.0,128.0,136.0,0.0,0.0,0.0,8.0,0.0
128,283,RMP,baseline,3152.0,768.0,1024.0,128.0,0.0,0.0,1088.0,136.0,0.0,0.0,0.0,8.0,0.0
128,283,RMP,optimized,3344.0,768.0,0.0,128.0,2048.0,128.0,128.0,136.0,0.0,0.0,0.0,8.0,0.0
128,284,RMP,baseline,3152.0,768.0,1024.0,128.0,0.0,0.0,1088.0,136.0,0.0,0.0,0.0,8.0,0.0
128,284,RMP,optimized,3344.0,768.0,0.0,128.0,2048.0,128.0,128.0,136.0,0.0,0.0,0.0,8.0,0.0
128,285,RMP,baseline,3152.0,768.0,1024.0,128.0,0.0,0.0,1088.0,136.0,0.0,0.0,0.0,8.0,0.0
128,285,RMP,optimized,3344.0,768.0,0.0,128.0,2048.0,128.0,128.0,136.0,0.0,0.0,0.0,8.0,0.0
128,286,RMP,baseline,3152.0,768.0,1024.0,128.0,0.0,0.0,1088.0,136.0,0.0,0.0,0.0,8.0,0.0
128,286,RMP,optimized,3344.0,768.0,0.0,128.0,2048.0,128.0,128.0,136.0,0.0,0.0,0.0,8.0,0.0
128,287,RMP,baseline,3152.0,768.0,1024.0,128.0,0.0,0.0,1088.0,136.0,0.0,0.0,0.0,8.0,0.0
128,287,RMP,optimized,3344.0,768.0,0.0,128.0,2048.0,128.0,128.0,136.0,0.0,0.0,0.0,8.0,0.0
128,288,RMP,baseline,3152.0,768.0,1024.0,128.0,0.0,0.0,1088.0,136.0,0.0,0.0,0.0,8.0,0.0
128,288,RMP,optimized,3344.0,768.0,0.0,128.0,2048.0,128.0,128.0,136.0,0.0,0.0,0.0,8.0,0.0
128,289,RMP,baseline,3152.0,768.0,1024.0,128.0,0.0,0.0,1088.0,136.0,0.0,0.0,0.0,8.0,0.0
128,289,RMP,optimized,3344.0,768.0,0.0,128.0,2048.0,128.0,128.0,136.0,0.0,0.0,0.0,8.0,0.0
128,290,RMP,baseline,3152.0,768.0,1024.0,128.0,0.0,0.0,1088.0,136.0,0.0,0.0,0.0,8.0,0.0
128,290,RMP,optimized,3344.0,768.0,0.0,128.0,2048.0,128.0,128.0,136.0,0.0,0.0,0.0,8.0,0.0
128,291,RMP,baseline,3152.0,768.0,1024.0,128.0,0.0,0.0,1088.0,136.0,0.0,0.0,0.0,8.0,0.0
128,291,RMP,optimized,3344.0,768.0,0.0,128.0,2048.0,128.0,128.0,136.0,0.0,0.0,0.0,8.0,0.0
128,292,RMP,baseline,3152.0,768.0,1024.0,128.0,0.0,0.0,1088.0,136.0,0.0,0.0,0.0,8.0,0.0
128,292,RMP,optimized,3344.0,768.0,0.0,128.0,2048.0,128.0,128.0,136.0,0.0,0.0,0.0,8.0,0.0
128,293,RMP,baseline,3152.0,768.0,1024.0,128.0,0.0,0.0,1088.0,136.0,0.0,0.0,0.0,8.0,0.0
128,293,RMP,optimized,3344.0,768.0,0.0,128.0,2048.0,128.0,128.0,136.0,0.0,0.0,0.0,8.0,0.0
128,294,RMP,baseline,3152.0,768.0,1024.0,128.0,0.0,0.0,1088.0,136.0,0.0,0.0,0.0,8.0,0.0
128,294,RMP,optimized,3344.0,768.0,0.0,128.0,2048.0,128.0,128.0,136.0,0.0,0.0,0.0,8.0,0.0
128,295,RMP,baseline,3152.0,768.0,1024.0,128.0,0.0,0.0,1088.0,136.0,0.0,0.0,0.0,8.0,0.0
128,295,RMP,optimized,3344.0,768.0,0.0,128.0,2048.0,128.0,128.0,136.0,0.0,0.0,0.0,8.0,0.0
128,296,RMP,baseline,3152.0,768.0,1024.0,128.0,0.0,0.0,1088.0,136.0,0.0,0.0,0.0,8.0,0.0
128,296,RMP,optimized,3344.0,768.0,0.0,128.0,2048.0,128.0,128.0,136.0,0.0,0.0,0.0,8.0,0.0
128,297,RMP,baseline,3152.0,768.0,1024.0,128.0,0.0,0.0,1088.0,136.0,0.0,0.0,0.0,8.0,0.0
128,297,RMP,optimized,3344.0,768.0,0.0,128.0,2048.0,128.0,128.0,136.0,0.0,0.0,0.0,8.0,0.0
128,298,RMP,baseline,3152.0,768.0,1024.0,128.0,0.0,0.0,1088.0,136.0,0.0,0.0,0.0,8.0,0.0
128,298,RMP,optimized,3344.0,768.0,0.0,128.0,2048.0,128.0,128.0,136.0,0.0,0.0,0.0,8.0,0.0
128,299,RMP,baseline,3152.0,768.0,1024.0,128.0,0.0,0.0,1088.0,136.0,0.0,0.0,0.0,8.0,0.0
128,299,RMP,optimized,3344.0,768.0,0.0,128.0,2048.0,128.0,128.0,136.0,0.0,0.0,0.0,8.0,0.0
256,0,RMP,baseline,4304.0,768.0,2048.0,256.0,0.0,0.0,1088.0,136.0,0.0,0.0,0.0,8.0,0.0
256,0,RMP,optimized,3472.0,768.0,0.0,256.0,2048.0,128.0,128.0,136.0,0.0,0.0,0.0,8.0,0.0
256,1,RMP,baseline,4304.0,768.0,2048.0,256.0,0.0,0.0,1088.0,136.0,0.0,0.0,0.0,8.0,0.0
256,1,RMP,optimized,3472.0,768.0,0.0,256.0,2048.0,128.0,128.0,136.0,0.0,0.0,0.0,8.0,0.0
256,2,RMP,baseline,4304.0,768.0,2048.0,256.0,0.0,0.0,1088.0,136.0,0.0,0.0,0.0,8.0,0.0
256,2,RMP,optimized,3472.0,768.0,0.0,256.0,2048.0,128.0,128.0,136.0,0.0,0.0,0.0,8.0,0.0
256,3,RMP,baseline,4304.0,768.0,2048.0,256.0,0.0,0.0,1088.0,136.0,0.0,0.0,0.0,8.0,0.0
256,3,RMP,optimized,3472.0,768.0,0.0,256.0,2048.0,128.0,128.0,136.0,0.0,0.0,0.0,8.0,0.0
256,4,RMP,baseline,4304.0,768.0,2048.0,256.0,0.0,0.0,1088.0,136.0,0.0,0.0,0.0,8.0,0.0
256,4,RMP,optimized,3472.0,768.0,0.0,256.0,2048.0,128.0,128.0,136.0,0.0,0.0,0.0,8.0,0.0
256,5,RMP,baseline,4304.0,768.0,2048.0,256.0,0.0,0.0,1088.0,136.0,0.0,0.0,0.0,8.0,0.0
256,5,RMP,optimized,3472.0,768.0,0.0,256.0,2048.0,128.0,128.0,136.0,0.0,0.0,0.0,8.0,0.0
256,6,RMP,baseline,4304.0,768.0,2048.0,256.0,0.0,0.0,1088.0,136.0,0.0,0.0,0.0,8.0,0.0
256,6,RMP,optimized,3472.0,768.0,0.0,256.0,2048.0,128.0,128.0,136.0,0.0,0.0,0.0,8.0,0.0
256,7,RMP,baseline,4304.0,768.0,2048.0,256.0,0.0,0.0,1088.0,136.0,0.0,0.0,0.0,8.0,0.0
256,7,RMP,optimized,3472.0,768.0,0.0,256.0,2048.0,128.0,128.0,136.0,0.0,0.0,0.0,8.0,0.0
256,8,RMP,baseline,4304.0,768.0,2048.0,256.0,0.0,0.0,1088.0,136.0,0.0,0.0,0.0,8.0,0.0
256,8,RMP,optimized,3472.0,768.0,0.0,256.0,2048.0,128.0,128.0,136.0,0.0,0.0,0.0,8.0,0.0
256,9,RMP,baseline,4304.0,768.0,2048.0,256.0,0.0,0.0,1088.0,136.0,0.0,0.0,0.0,8.0,0.0
256,9,RMP,optimized,3472.0,768.0,0.0,256.0,2048.0,128.0,128.0,136.0,0.0,0.0,0.0,8.0,0.0
256,10,RMP,baseline,4304.0,768.0,2048.0,256.0,0.0,0.0,1088.0,136.0,0.0,0.0,0.0,8.0,0.0
256,10,RMP,optimized,3472.0,768.0,0.0,256.0,2048.0,128.0,128.0,136.0,0.0,0.0,0.0,8.0,0.0
256,11,RMP,baseline,4304.0,768.0,2048.0,256.0,0.0,0.0,1088.0,136.0,0.0,0.0,0.0,8.0,0.0
256,11,RMP,optimized,3472.0,768.0,0.0,256.0,2048.0,128.0,128.0,136.0,0.0,0.0,0.0,8.0,0.0
256,12,RMP,baseline,4304.0,768.0,2048.0,256.0,0.0,0.0,1088.0,136.0,0.0,0.0,0.0,8.0,0.0
256,12,RMP,optimized,3472.0,768.0,0.0,256.0,2048.0,128.0,128.0,136.0,0.0,0.0,0.0,8.0,0.0
256,13,RMP,baseline,4304.0,768.0,2048.0,256.0,0.0,0.0,1088.0,136.0,0.0,0.0,0.0,8.0,0.0
256,13,RMP,optimized,3472.0,768.0,0.0,256.0,2048.0,128.0,128.0,136.0,0.0,0.0,0.0,8.0,0.0
256,14,RMP,baseline,4304.0,768.0,2048.0,256.0,0.0,0.0,1088.0,136.0,0.0,0.0,0.0,8.0,0.0
256,14,RMP,optimized,3472.0,768.0,0.0,256.0,2048.0,128.0,128.0,136.0,0.0,0.0,0.0,8.0,0.0
256,15,RMP,baseline,4304.0,768.0,2048.0,256.0,0.0,0.0,1088.0,136.0,0.0,0.0,0.0,8.0,0.0
256,15,RMP,optimized,3472.0,768.0,0.0,256.0,2048.0,128.0,128.0,136.0,0.0,0.0,0.0,8.0,0.0
256,16,RMP,baseline,4304.0,768.0,2048.0,256.0,0.0,0.0,1088.0,136.0,0.0,0.0,0.0,8.0,0.0
256,16,RMP,optimized,3472.0,768.0,0.0,256.0,2048.0,128.0,128.0,136.0,0.0,0.0,0.0,8.0,0.0
256,17,RMP,baseline,4304.0,768.0,2048.0,256.0,0.0,0.0,1088.0,136.0,0.0,0.0,0.0,8.0,0.0
256,17,RMP,optimized,3472.0,768.0,0.0,256.0,2048.0,128.0,128.0,136.0,0.0,0.0,0.0,8.0,0.0
256,18,RMP,baseline,4304.0,768.0,2048.0,256.0,0.0,0.0,1088.0,136.0,0.0,0.0,0.0,8.0,0.0
256,18,RMP,optimized,3472.0,768.0,0.0,256.0,2048.0,128.0,128.0,136.0,0.0,0.0,0.0,8.0,0.0
256,19,RMP,baseline,4304.0,768.0,2048.0,256.0,0.0,0.0,1088.0,136.0,0.0,0.0,0.0,8.0,0.0
256,19,RMP,optimized,3472.0,768.0,0.0,256.0,2048.0,128.0,128.0,136.0,0.0,0.0,0.0,8.0,0.0
256,20,RMP,baseline,4304.0,768.0,2048.0,256.0,0.0,0.0,1088.0,136.0,0.0,0.0,0.0,8.0,0.0
256,20,RMP,optimized,3472.0,768.0,0.0,256.0,2048.0,128.0,128.0,136.0,0.0,0.0,0.0,8.0,0.0
256,21,RMP,baseline,4304.0,768.0,2048.0,256.0,0.0,0.0,1088.0,136.0,0.0,0.0,0.0,8.0,0.0
256,21,RMP,optimized,3472.0,768.0,0.0,256.0,2048.0,128.0,128.0,136.0,0.0,0.0,0.0,8.0,0.0
256,22,RMP,baseline,4304.0,768.0,2048.0,256.0,0.0,0.0,1088.0,136.0,0.0,0.0,0.0,8.0,0.0
256,22,RMP,optimized,3472.0,768.0,0.0,256.0,2048.0,128.0,128.0,136.0,0.0,0.0,0.0,8.0,0.0
256,23,RMP,baseline,4304.0,768.0,2048.0,256.0,0.0,0.0,1088.0,136.0,0.0,0.0,0.0,8.0,0.0
256,23,RMP,optimized,3472.0,768.0,0.0,256.0,2048.0,128.0,128.0,136.0,0.0,0.0,0.0,8.0,0.0
256,24,RMP,baseline,4304.0,768.0,2048.0,256.0,0.0,0.0,1088.0,136.0,0.0,0.0,0.0,8.0,0.0
256,24,RMP,optimized,3472.0,768.0,0.0,256.0,2048.0,128.0,128.0,136.0,0.0,0.0,0.0,8.0,0.0
256,25,RMP,baseline,4304.0,768.0,2048.0,256.0,0.0,0.0,1088.0,136.0,0.0,0.0,0.0,8.0,0.0
256,25,RMP,optimized,3472.0,768.0,0.0,256.0,2048.0,128.0,128.0,136.0,0.0,0.0,0.0,8.0,0.0
256,26,RMP,baseline,4304.0,768.0,2048.0,256.0,0.0,0.0,1088.0,136.0,0.0,0.0,0.0,8.0,0.0
256,26,RMP,optimized,3472.0,768.0,0.0,256.0,2048.0,128.0,128.0,136.0,0.0,0.0,0.0,8.0,0.0
256,27,RMP,baseline,4304.0,768.0,2048.0,256.0,0.0,0.0,1088.0,136.0,0.0,0.0,0.0,8.0,0.0
256,27,RMP,optimized,3472.0,768.0,0.0,256.0,2048.0,128.0,128.0,136.0,0.0,0.0,0.0,8.0,0.0
256,28,RMP,baseline,4304.0,768.0,2048.0,256.0,0.0,0.0,1088.0,136.0,0.0,0.0,0.0,8.0,0.0
256,28,RMP,optimized,3472.0,768.0,0.0,256.0,2048.0,128.0,128.0,136.0,0.0,0.0,0.0,8.0,0.0
256,29,RMP,baseline,4304.0,768.0,2048.0,256.0,0.0,0.0,1088.0,136.0,0.0,0.0,0.0,8.0,0.0
256,29,RMP,optimized,3472.0,768.0,0.0,256.0,2048.0,128.0,128.0,136.0,0.0,0.0,0.0,8.0,0.0
256,30,RMP,baseline,4304.0,768.0,2048.0,256.0,0.0,0.0,1088.0,136.0,0.0,0.0,0.0,8.0,0.0
256,30,RMP,optimized,3472.0,768.0,0.0,256.0,2048.0,128.0,128.0,136.0,0.0,0.0,0.0,8.0,0.0
256,31,RMP,baseline,4304.0,768.0,2048.0,256.0,0.0,0.0,1088.0,136.0,0.0,0.0,0.0,8.0,0.0
256,31,RMP,optimized,3472.0,768.0,0.0,256.0,2048.0,128.0,128.0,136.0,0.0,0.0,0.0,8.0,0.0
256,32,RMP,baseline,4304.0,768.0,2048.0,256.0,0.0,0.0,1088.0,136.0,0.0,0.0,0.0,8.0,0.0
256,32,RMP,optimized,3472.0,768.0,0.0,256.0,2048.0,128.0,128.0,136.0,0.0,0.0,0.0,8.0,0.0
256,33,RMP,baseline,4304.0,768.0,2048.0,256.0,0.0,0.0,1088.0,136.0,0.0,0.0,0.0,8.0,0.0
256,33,RMP,optimized,3472.0,768.0,0.0,256.0,2048.0,128.0,128.0,136.0,0.0,0.0,0.0,8.0,0.0
256,34,RMP,baseline,4304.0,768.0,2048.0,256.0,0.0,0.0,1088.0,136.0,0.0,0.0,0.0,8.0,0.0
256,34,RMP,optimized,3472.0,768.0,0.0,256.0,2048.0,128.0,128.0,136.0,0.0,0.0,0.0,8.0,0.0
256,35,RMP,baseline,4304.0,768.0,2048.0,256.0,0.0,0.0,1088.0,136.0,0.0,0.0,0.0,8.0,0.0
256,35,RMP,optimized,3472.0,768.0,0.0,256.0,2048.0,128.0,128.0,136.0,0.0,0.0,0.0,8.0,0.0
256,36,RMP,baseline,4304.0,768.0,2048.0,256.0,0.0,0.0,1088.0,136.0,0.0,0.0,0.0,8.0,0.0
256,36,RMP,optimized,3472.0,768.0,0.0,256.0,2048.0,128.0,128.0,136.0,0.0,0.0,0.0,8.0,0.0
256,37,RMP,baseline,4304.0,768.0,2048.0,256.0,0.0,0.0,1088.0,136.0,0.0,0.0,0.0,8.0,0.0
256,37,RMP,optimized,3472.0,768.0,0.0,256.0,2048.0,128.0,128.0,136.0,0.0,0.0,0.0,8.0,0.0
256,38,RMP,baseline,4304.0,768.0,2048.0,256.0,0.0,0.0,1088.0,136.0,0.0,0.0,0.0,8.0,0.0
256,38,RMP,optimized,3472.0,768.0,0.0,256.0,2048.0,128.0,128.0,136.0,0.0,0.0,0.0,8.0,0.0
256,39,RMP,baseline,4304.0,768.0,2048.0,256.0,0.0,0.0,1088.0,136.0,0.0,0.0,0.0,8.0,0.0
256,39,RMP,optimized,3472.0,768.0,0.0,256.0,2048.0,128.0,128.0,136.0,0.0,0.0,0.0,8.0,0.0
256,40,RMP,baseline,4304.0,768.0,2048.0,256.0,0.0,0.0,1088.0,136.0,0.0,0.0,0.0,8.0,0.0
256,40,RMP,optimized,3472.0,768.0,0.0,256.0,2048.0,128.0,128.0,136.0,0.0,0.0,0.0,8.0,0.0
256,41,RMP,baseline,4304.0,768.0,2048.0,256.0,0.0,0.0,1088.0,136.0,0.0,0.0,0.0,8.0,0.0
256,41,RMP,optimized,3472.0,768.0,0.0,256.0,2048.0,128.0,128.0,136.0,0.0,0.0,0.0,8.0,0.0
256,42,RMP,baseline,4304.0,768.0,2048.0,256.0,0.0,0.0,1088.0,136.0,0.0,0.0,0.0,8.0,0.0
256,42,RMP,optimized,3472.0,768.0,0.0,256.0,2048.0,128.0,128.0,136.0,0.0,0.0,0.0,8.0,0.0
256,43,RMP,baseline,4304.0,768.0,2048.0,256.0,0.0,0.0,1088.0,136.0,0.0,0.0,0.0,8.0,0.0
256,43,RMP,optimized,3472.0,768.0,0.0,256.0,2048.0,128.0,128.0,136.0,0.0,0.0,0.0,8.0,0.0
256,44,RMP,baseline,4304.0,768.0,2048.0,256.0,0.0,0.0,1088.0,136.0,0.0,0.0,0.0,8.0,0.0
256,44,RMP,optimized,3472.0,768.0,0.0,256.0,2048.0,128.0,128.0,136.0,0.0,0.0,0.0,8.0,0.0
256,45,RMP,baseline,4304.0,768.0,2048.0,256.0,0.0,0.0,1088.0,136.0,0.0,0.0,0.0,8.0,0.0
256,45,RMP,optimized,3472.0,768.0,0.0,256.0,2048.0,128.0,128.0,136.0,0.0,0.0,0.0,8.0,0.0
256,46,RMP,baseline,4304.0,768.0,2048.0,256.0,0.0,0.0,1088.0,136.0,0.0,0.0,0.0,8.0,0.0
256,46,RMP,optimized,3472.0,768.0,0.0,256.0,2048.0,128.0,128.0,136.0,0.0,0.0,0.0,8.0,0.0
256,47,RMP,baseline,4304.0,768.0,2048.0,256.0,0.0,0.0,1088.0,136.0,0.0,0.0,0.0,8.0,0.0
256,47,RMP,optimized,3472.0,768.0,0.0,256.0,2048.0,128.0,128.0,136.0,0.0,0.0,0.0,8.0,0.0
256,48,RMP,baseline,4304.0,768.0,2048.0,256.0,0.0,0.0,1088.0,136.0,0.0,0.0,0.0,8.0,0.0
256,48,RMP,optimized,3472.0,768.0,0.0,256.0,2048.0,128.0,128.0,136.0,0.0,0.0,0.0,8.0,0.0
256,49,RMP,baseline,4304.0,768.0,2048.0,256.0,0.0,0.0,1088.0,136.0,0.0,0.0,0.0,8.0,0.0
256,49,RMP,optimized,3472.0,768.0,0.0,256.0,2048.0,128.0,128.0,136.0,0.0,0.0,0.0,8.0,0.0
256,50,RMP,baseline,4304.0,768.0,2048.0,256.0,0.0,0.0,1088.0,136.0,0.0,0.0,0.0,8.0,0.0
256,50,RMP,optimized,3472.0,768.0,0.0,256.0,2048.0,128.0,128.0,136.0,0.0,0.0,0.0,8.0,0.0
256,51,RMP,baseline,4304.0,768.0,2048.0,256.0,0.0,0.0,1088.0,136.0,0.0,0.0,0.0,8.0,0.0
256,51,RMP,optimized,3472.0,768.0,0.0,256.0,2048.0,128.0,128.0,136.0,0.0,0.0,0.0,8.0,0.0
256,52,RMP,baseline,4304.0,768.0,2048.0,256.0,0.0,0.0,1088.0,136.0,0.0,0.0,0.0,8.0,0.0
256,52,RMP,optimized,3472.0,768.0,0.0,256.0,2048.0,128.0,128.0,136.0,0.0,0.0,0.0,8.0,0.0
256,53,RMP,baseline,4304.0,768.0,2048.0,256.0,0.0,0.0,1088.0,136.0,0.0,0.0,0.0,8.0,0.0
256,53,RMP,optimized,3472.0,768.0,0.0,256.0,2048.0,128.0,128.0,136.0,0.0,0.0,0.0,8.0,0.0
256,54,RMP,baseline,4304.0,768.0,2048.0,256.0,0.0,0.0,1088.0,136.0,0.0,0.0,0.0,8.0,0.0
256,54,RMP,optimized,3472.0,768.0,0.0,256.0,2048.0,128.0,128.0,136.0,0.0,0.0,0.0,8.0,0.0
256,55,RMP,baseline,4304.0,768.0,2048.0,256.0,0.0,0.0,1088.0,136.0,0.0,0.0,0.0,8.0,0.0
256,55,RMP,optimized,3472.0,768.0,0.0,256.0,2048.0,128.0,128.0,136.0,0.0,0.0,0.0,8.0,0.0
256,56,RMP,baseline,4304.0,768.0,2048.0,256.0,0.0,0.0,1088.0,136.0,0.0,0.0,0.0,8.0,0.0
256,56,RMP,optimized,3472.0,768.0,0.0,256.0,2048.0,128.0,128.0,136.0,0.0,0.0,0.0,8.0,0.0
256,57,RMP,baseline,4304.0,768.0,2048.0,256.0,0.0,0.0,1088.0,136.0,0.0,0.0,0.0,8.0,0.0
256,57,RMP,optimized,3472.0,768.0,0.0,256.0,2048.0,128.0,128.0,136.0,0.0,0.0,0.0,8.0,0.0
256,58,RMP,baseline,4304.0,768.0,2048.0,256.0,0.0,0.0,1088.0,136.0,0.0,0.0,0.0,8.0,0.0
256,58,RMP,optimized,3472.0,768.0,0.0,256.0,2048.0,128.0,128.0,136.0,0.0,0.0,0.0,8.0,0.0
256,59,RMP,baseline,4304.0,768.0,2048.0,256.0,0.0,0.0,1088.0,136.0,0.0,0.0,0.0,8.0,0.0
256,59,RMP,optimized,3472.0,768.0,0.0,256.0,2048.0,128.0,128.0,136.0,0.0,0.0,0.0,8.0,0.0
256,60,RMP,baseline,4304.0,768.0,2048.0,256.0,0.0,0.0,1088.0,136.0,0.0,0.0,0.0,8.0,0.0
256,60,RMP,optimized,3472.0,768.0,0.0,256.0,2048.0,128.0,128.0,136.0,0.0,0.0,0.0,8.0,0.0
256,61,RMP,baseline,4304.0,768.0,2048.0,256.0,0.0,0.0,1088.0,136.0,0.0,0.0,0.0,8.0,0.0
256,61,RMP,optimized,3472.0,768.0,0.0,256.0,2048.0,128.0,128.0,136.0,0.0,0.0,0.0,8.0,0.0
256,62,RMP,baseline,4304.0,768.0,2048.0,256.0,0.0,0.0,1088.0,136.0,0.0,0.0,0.0,8.0,0.0
256,62,RMP,optimized,3472.0,768.0,0.0,256.0,2048.0,128.0,128.0,136.0,0.0,0.0,0.0,8.0,0.0
256,63,RMP,baseline,4304.0,768.0,2048.0,256.0,0.0,0.0,1088.0,136.0,0.0,0.0,0.0,8.0,0.0
256,63,RMP,optimized,3472.0,768.0,0.0,256.0,2048.0,128.0,128.0,136.0,0.0,0.0,0.0,8.0,0.0
256,64,RMP,baseline,4304.0,768.0,2048.0,256.0,0.0,0.0,1088.0,136.0,0.0,0.0,0.0,8.0,0.0
256,64,RMP,optimized,3472.0,768.0,0.0,256.0,2048.0,128.0,128.0,136.0,0.0,0.0,0.0,8.0,0.0
256,65,RMP,baseline,4304.0,768.0,2048.0,256.0,0.0,0.0,1088.0,136.0,0.0,0.0,0.0,8.0,0.0
256,65,RMP,optimized,3472.0,768.0,0.0,256.0,2048.0,128.0,128.0,136.0,0.0,0.0,0.0,8.0,0.0
256,66,RMP,baseline,4304.0,768.0,2048.0,256.0,0.0,0.0,1088.0,136.0,0.0,0.0,0.0,8.0,0.0
256,66,RMP,optimized,3472.0,768.0,0.0,256.0,2048.0,128.0,128.0,136.0,0.0,0.0,0.0,8.0,0.0
256,67,RMP,baseline,4304.0,768.0,2048.0,256.0,0.0,0.0,1088.0,136.0,0.0,0.0,0.0,8.0,0.0
256,67,RMP,optimized,3472.0,768.0,0.0,256.0,2048.0,128.0,128.0,136.0,0.0,0.0,0.0,8.0,0.0
256,68,RMP,baseline,4304.0,768.0,2048.0,256.0,0.0,0.0,1088.0,136.0,0.0,0.0,0.0,8.0,0.0
256,68,RMP,optimized,3472.0,768.0,0.0,256.0,2048.0,128.0,128.0,136.0,0.0,0.0,0.0,8.0,0.0
256,69,RMP,baseline,4304.0,768.0,2048.0,256.0,0.0,0.0,1088.0,136.0,0.0,0.0,0.0,8.0,0.0
256,69,RMP,optimized,3472.0,768.0,0.0,256.0,2048.0,128.0,128.0,136.0,0.0,0.0,0.0,8.0,0.0
256,70,RMP,baseline,4304.0,768.0,2048.0,256.0,0.0,0.0,1088.0,136.0,0.0,0.0,0.0,8.0,0.0
256,70,RMP,optimized,3472.0,768.0,0.0,256.0,2048.0,128.0,128.0,136.0,0.0,0.0,0.0,8.0,0.0
256,71,RMP,baseline,4304.0,768.0,2048.0,256.0,0.0,0.0,1088.0,136.0,0.0,0.0,0.0,8.0,0.0
256,71,RMP,optimized,3472.0,768.0,0.0,256.0,2048.0,128.0,128.0,136.0,0.0,0.0,0.0,8.0,0.0
256,72,RMP,baseline,4304.0,768.0,2048.0,256.0,0.0,0.0,1088.0,136.0,0.0,0.0,0.0,8.0,0.0
256,72,RMP,optimized,3472.0,768.0,0.0,256.0,2048.0,128.0,128.0,136.0,0.0,0.0,0.0,8.0,0.0
256,73,RMP,baseline,4304.0,768.0,2048.0,256.0,0.0,0.0,1088.0,136.0,0.0,0.0,0.0,8.0,0.0
256,73,RMP,optimized,3472.0,768.0,0.0,256.0,2048.0,128.0,128.0,136.0,0.0,0.0,0.0,8.0,0.0
256,74,RMP,baseline,4304.0,768.0,2048.0,256.0,0.0,0.0,1088.0,136.0,0.0,0.0,0.0,8.0,0.0
256,74,RMP,optimized,3472.0,768.0,0.0,256.0,2048.0,128.0,128.0,136.0,0.0,0.0,0.0,8.0,0.0
256,75,RMP,baseline,4304.0,768.0,2048.0,256.0,0.0,0.0,1088.0,136.0,0.0,0.0,0.0,8.0,0.0
256,75,RMP,optimized,3472.0,768.0,0.0,256.0,2048.0,128.0,128.0,136.0,0.0,0.0,0.0,8.0,0.0
256,76,RMP,baseline,4304.0,768.0,2048.0,256.0,0.0,0.0,1088.0,136.0,0.0,0.0,0.0,8.0,0.0
256,76,RMP,optimized,3472.0,768.0,0.0,256.0,2048.0,128.0,128.0,136.0,0.0,0.0,0.0,8.0,0.0
256,77,RMP,baseline,4304.0,768.0,2048.0,256.0,0.0,0.0,1088.0,136.0,0.0,0.0,0.0,8.0,0.0
256,77,RMP,optimized,3472.0,768.0,0.0,256.0,2048.0,128.0,128.0,136.0,0.0,0.0,0.0,8.0,0.0
256,78,RMP,baseline,4304.0,768.0,2048.0,256.0,0.0,0.0,1088.0,136.0,0.0,0.0,0.0,8.0,0.0
256,78,RMP,optimized,3472.0,768.0,0.0,256.0,2048.0,128.0,128.0,136.0,0.0,0.0,0.0,8.0,0.0
256,79,RMP,baseline,4304.0,768.0,2048.0,256.0,0.0,0.0,1088.0,136.0,0.0,0.0,0.0,8.0,0.0
256,79,RMP,optimized,3472.0,768.0,0.0,256.0,2048.0,128.0,128.0,136.0,0.0,0.0,0.0,8.0,0.0
256,80,RMP,baseline,4304.0,768.0,2048.0,256.0,0.0,0.0,1088.0,136.0,0.0,0.0,0.0,8.0,0.0
256,80,RMP,optimized,3472.0,768.0,0.0,256.0,2048.0,128.0,128.0,136.0,0.0,0.0,0.0,8.0,0.0
256,81,RMP,baseline,4304.0,768.0,2048.0,256.0,0.0,0.0,1088.0,136.0,0.0,0.0,0.0,8.0,0.0
256,81,RMP,optimized,3472.0,768.0,0.0,256.0,2048.0,128.0,128.0,136.0,0.0,0.0,0.0,8.0,0.0
256,82,RMP,baseline,4304.0,768.0,2048.0,256.0,0.0,0.0,1088.0,136.0,0.0,0.0,0.0,8.0,0.0
256,82,RMP,optimized,3472.0,768.0,0.0,256.0,2048.0,128.0,128.0,136.0,0.0,0.0,0.0,8.0,0.0
256,83,RMP,baseline,4304.0,768.0,2048.0,256.0,0.0,0.0,1088.0,136.0,0.0,0.0,0.0,8.0,0.0
256,83,RMP,optimized,3472.0,768.0,0.0,256.0,2048.0,128.0,128.0,136.0,0.0,0.0,0.0,8.0,0.0
256,84,RMP,baseline,4304.0,768.0,2048.0,256.0,0.0,0.0,1088.0,136.0,0.0,0.0,0.0,8.0,0.0
256,84,RMP,optimized,3472.0,768.0,0.0,256.0,2048.0,128.0,128.0,136.0,0.0,0.0,0.0,8.0,0.0
256,85,RMP,baseline,4304.0,768.0,2048.0,256.0,0.0,0.0,1088.0,136.0,0.0,0.0,0.0,8.0,0.0
256,85,RMP,optimized,3472.0,768.0,0.0,256.0,2048.0,128.0,128.0,136.0,0.0,0.0,0.0,8.0,0.0
256,86,RMP,baseline,4304.0,768.0,2048.0,256.0,0.0,0.0,1088.0,136.0,0.0,0.0,0.0,8.0,0.0
256,86,RMP,optimized,3472.0,768.0,0.0,256.0,2048.0,128.0,128.0,136.0,0.0,0.0,0.0,8.0,0.0
256,87,RMP,baseline,4304.0,768.0,2048.0,256.0,0.0,0.0,1088.0,136.0,0.0,0.0,0.0,8.0,0.0
256,87,RMP,optimized,3472.0,768.0,0.0,256.0,2048.0,128.0,128.0,136.0,0.0,0.0,0.0,8.0,0.0
256,88,RMP,baseline,4304.0,768.0,2048.0,256.0,0.0,0.0,1088.0,136.0,0.0,0.0,0.0,8.0,0.0
256,88,RMP,optimized,3472.0,768.0,0.0,256.0,2048.0,128.0,128.0,136.0,0.0,0.0,0.0,8.0,0.0
256,89,RMP,baseline,4304.0,768.0,2048.0,256.0,0.0,0.0,1088.0,136.0,0.0,0.0,0.0,8.0,0.0
256,89,RMP,optimized,3472.0,768.0,0.0,256.0,2048.0,128.0,128.0,136.0,0.0,0.0,0.0,8.0,0.0
256,90,RMP,baseline,4304.0,768.0,2048.0,256.0,0.0,0.0,1088.0,136.0,0.0,0.0,0.0,8.0,0.0
256,90,RMP,optimized,3472.0,768.0,0.0,256.0,2048.0,128.0,128.0,136.0,0.0,0.0,0.0,8.0,0.0
256,91,RMP,baseline,4304.0,768.0,2048.0,256.0,0.0,0.0,1088.0,136.0,0.0,0.0,0.0,8.0,0.0
256,91,RMP,optimized,3472.0,768.0,0.0,256.0,2048.0,128.0,128.0,136.0,0.0,0.0,0.0,8.0,0.0
256,92,RMP,baseline,4304.0,768.0,2048.0,256.0,0.0,0.0,1088.0,136.0,0.0,0.0,0.0,8.0,0.0
256,92,RMP,optimized,3472.0,768.0,0.0,256.0,2048.0,128.0,128.0,136.0,0.0,0.0,0.0,8.0,0.0
256,93,RMP,baseline,4304.0,768.0,2048.0,256.0,0.0,0.0,1088.0,136.0,0.0,0.0,0.0,8.0,0.0
256,93,RMP,optimized,3472.0,768.0,0.0,256.0,2048.0,128.0,128.0,136.0,0.0,0.0,0.0,8.0,0.0
256,94,RMP,baseline,4304.0,768.0,2048.0,256.0,0.0,0.0,1088.0,136.0,0.0,0.0,0.0,8.0,0.0
256,94,RMP,optimized,3472.0,768.0,0.0,256.0,2048.0,128.0,128.0,136.0,0.0,0.0,0.0,8.0,0.0
256,95,RMP,baseline,4304.0,768.0,2048.0,256.0,0.0,0.0,1088.0,136.0,0.0,0.0,0.0,8.0,0.0
256,95,RMP,optimized,3472.0,768.0,0.0,256.0,2048.0,128.0,128.0,136.0,0.0,0.0,0.0,8.0,0.0
256,96,RMP,baseline,4304.0,768.0,2048.0,256.0,0.0,0.0,1088.0,136.0,0.0,0.0,0.0,8.0,0.0
256,96,RMP,optimized,3472.0,768.0,0.0,256.0,2048.0,128.0,128.0,136.0,0.0,0.0,0.0,8.0,0.0
256,97,RMP,baseline,4304.0,768.0,2048.0,256.0,0.0,0.0,1088.0,136.0,0.0,0.0,0.0,8.0,0.0
256,97,RMP,optimized,3472.0,768.0,0.0,256.0,2048.0,128.0,128.0,136.0,0.0,0.0,0.0,8.0,0.0
256,98,RMP,baseline,4304.0,768.0,2048.0,256.0,0.0,0.0,1088.0,136.0,0.0,0.0,0.0,8.0,0.0
256,98,RMP,optimized,3472.0,768.0,0.0,256.0,2048.0,128.0,128.0,136.0,0.0,0.0,0.0,8.0,0.0
256,99,RMP,baseline,4304.0,768.0,2048.0,256.0,0.0,0.0,1088.0,136.0,0.0,0.0,0.0,8.0,0.0
256,99,RMP,optimized,3472.0,768.0,0.0,256.0,2048.0,128.0,128.0,136.0,0.0,0.0,0.0,8.0,0.0
256,100,RMP,baseline,4304.0,768.0,2048.0,256.0,0.0,0.0,1088.0,136.0,0.0,0.0,0.0,8.0,0.0
256,100,RMP,optimized,3472.0,768.0,0.0,256.0,2048.0,128.0,128.0,136.0,0.0,0.0,0.0,8.0,0.0
256,101,RMP,baseline,4304.0,768.0,2048.0,256.0,0.0,0.0,1088.0,136.0,0.0,0.0,0.0,8.0,0.0
256,101,RMP,optimized,3472.0,768.0,0.0,256.0,2048.0,128.0,128.0,136.0,0.0,0.0,0.0,8.0,0.0
256,102,RMP,baseline,4304.0,768.0,2048.0,256.0,0.0,0.0,1088.0,136.0,0.0,0.0,0.0,8.0,0.0
256,102,RMP,optimized,3472.0,768.0,0.0,256.0,2048.0,128.0,128.0,136.0,0.0,0.0,0.0,8.0,0.0
256,103,RMP,baseline,4304.0,768.0,2048.0,256.0,0.0,0.0,1088.0,136.0,0.0,0.0,0.0,8.0,0.0
256,103,RMP,optimized,3472.0,768.0,0.0,256.0,2048.0,128.0,128.0,136.0,0.0,0.0,0.0,8.0,0.0
256,104,RMP,baseline,4304.0,768.0,2048.0,256.0,0.0,0.0,1088.0,136.0,0.0,0.0,0.0,8.0,0.0
256,104,RMP,optimized,3472.0,768.0,0.0,256.0,2048.0,128.0,128.0,136.0,0.0,0.0,0.0,8.0,0.0
256,105,RMP,baseline,4304.0,768.0,2048.0,256.0,0.0,0.0,1088.0,136.0,0.0,0.0,0.0,8.0,0.0
256,105,RMP,optimized,3472.0,768.0,0.0,256.0,2048.0,128.0,128.0,136.0,0.0,0.0,0.0,8.0,0.0
256,106,RMP,baseline,4304.0,768.0,2048.0,256.0,0.0,0.0,1088.0,136.0,0.0,0.0,0.0,8.0,0.0
256,106,RMP,optimized,3472.0,768.0,0.0,256.0,2048.0,128.0,128.0,136.0,0.0,0.0,0.0,8.0,0.0
256,107,RMP,baseline,4304.0,768.0,2048.0,256.0,0.0,0.0,1088.0,136.0,0.0,0.0,0.0,8.0,0.0
256,107,RMP,optimized,3472.0,768.0,0.0,256.0,2048.0,128.0,128.0,136.0,0.0,0.0,0.0,8.0,0.0
256,108,RMP,baseline,4304.0,768.0,2048.0,256.0,0.0,0.0,1088.0,136.0,0.0,0.0,0.0,8.0,0.0
256,108,RMP,optimized,3472.0,768.0,0.0,256.0,2048.0,128.0,128.0,136.0,0.0,0.0,0.0,8.0,0.0
256,109,RMP,baseline,4304.0,768.0,2048.0,256.0,0.0,0.0,1088.0,136.0,0.0,0.0,0.0,8.0,0.0
256,109,RMP,optimized,3472.0,768.0,0.0,256.0,2048.0,128.0,128.0,136.0,0.0,0.0,0.0,8.0,0.0
256,110,RMP,baseline,4304.0,768.0,2048.0,256.0,0.0,0.0,1088.0,136.0,0.0,0.0,0.0,8.0,0.0
256,110,RMP,optimized,3472.0,768.0,0.0,256.0,2048.0,128.0,128.0,136.0,0.0,0.0,0.0,8.0,0.0
256,111,RMP,baseline,4304.0,768.0,2048.0,256.0,0.0,0.0,1088.0,136.0,0.0,0.0,0.0,8.0,0.0
256,111,RMP,optimized,3472.0,768.0,0.0,256.0,2048.0,128.0,128.0,136.0,0.0,0.0,0.0,8.0,0.0
256,112,RMP,baseline,4304.0,768.0,2048.0,256.0,0.0,0.0,1088.0,136.0,0.0,0.0,0.0,8.0,0.0
256,112,RMP,optimized,3472.0,768.0,0.0,256.0,2048.0,128.0,128.0,136.0,0.0,0.0,0.0,8.0,0.0
256,113,RMP,baseline,4304.0,768.0,2048.0,256.0,0.0,0.0,1088.0,136.0,0.0,0.0,0.0,8.0,0.0
256,113,RMP,optimized,3472.0,768.0,0.0,256.0,2048.0,128.0,128.0,136.0,0.0,0.0,0.0,8.0,0.0
256,114,RMP,baseline,4304.0,768.0,2048.0,256.0,0.0,0.0,1088.0,136.0,0.0,0.0,0.0,8.0,0.0
256,114,RMP,optimized,3472.0,768.0,0.0,256.0,2048.0,128.0,128.0,136.0,0.0,0.0,0.0,8.0,0.0
256,115,RMP,baseline,4304.0,768.0,2048.0,256.0,0.0,0.0,1088.0,136.0,0.0,0.0,0.0,8.0,0.0
256,115,RMP,optimized,3472.0,768.0,0.0,256.0,2048.0,128.0,128.0,136.0,0.0,0.0,0.0,8.0,0.0
256,116,RMP,baseline,4304.0,768.0,2048.0,256.0,0.0,0.0,1088.0,136.0,0.0,0.0,0.0,8.0,0.0
256,116,RMP,optimized,3472.0,768.0,0.0,256.0,2048.0,128.0,128.0,136.0,0.0,0.0,0.0,8.0,0.0
256,117,RMP,baseline,4304.0,768.0,2048.0,256.0,0.0,0.0,1088.0,136.0,0.0,0.0,0.0,8.0,0.0
256,117,RMP,optimized,3472.0,768.0,0.0,256.0,2048.0,128.0,128.0,136.0,0.0,0.0,0.0,8.0,0.0
256,118,RMP,baseline,4304.0,768.0,2048.0,256.0,0.0,0.0,1088.0,136.0,0.0,0.0,0.0,8.0,0.0
256,118,RMP,optimized,3472.0,768.0,0.0,256.0,2048.0,128.0,128.0,136.0,0.0,0.0,0.0,8.0,0.0
256,119,RMP,baseline,4304.0,768.0,2048.0,256.0,0.0,0.0,1088.0,136.0,0.0,0.0,0.0,8.0,0.0
256,119,RMP,optimized,3472.0,768.0,0.0,256.0,2048.0,128.0,128.0,136.0,0.0,0.0,0.0,8.0,0.0
256,120,RMP,baseline,4304.0,768.0,2048.0,256.0,0.0,0.0,1088.0,136.0,0.0,0.0,0.0,8.0,0.0
256,120,RMP,optimized,3472.0,768.0,0.0,256.0,2048.0,128.0,128.0,136.0,0.0,0.0,0.0,8.0,0.0
256,121,RMP,baseline,4304.0,768.0,2048.0,256.0,0.0,0.0,1088.0,136.0,0.0,0.0,0.0,8.0,0.0
256,121,RMP,optimized,3472.0,768.0,0.0,256.0,2048.0,128.0,128.0,136.0,0.0,0.0,0.0,8.0,0.0
256,122,RMP,baseline,4304.0,768.0,2048.0,256.0,0.0,0.0,1088.0,136.0,0.0,0.0,0.0,8.0,0.0
256,122,RMP,optimized,3472.0,768.0,0.0,256.0,2048.0,128.0,128.0,136.0,0.0,0.0,0.0,8.0,0.0
256,123,RMP,baseline,4304.0,768.0,2048.0,256.0,0.0,0.0,1088.0,136.0,0.0,0.0,0.0,8.0,0.0
256,123,RMP,optimized,3472.0,768.0,0.0,256.0,2048.0,128.0,128.0,136.0,0.0,0.0,0.0,8.0,0.0
256,124,RMP,baseline,4304.0,768.0,2048.0,256.0,0.0,0.0,1088.0,136.0,0.0,0.0,0.0,8.0,0.0
256,124,RMP,optimized,3472.0,768.0,0.0,256.0,2048.0,128.0,128.0,136.0,0.0,0.0,0.0,8.0,0.0
256,125,RMP,baseline,4304.0,768.0,2048.0,256.0,0.0,0.0,1088.0,136.0,0.0,0.0,0.0,8.0,0.0
256,125,RMP,optimized,3472.0,768.0,0.0,256.0,2048.0,128.0,128.0,136.0,0.0,0.0,0.0,8.0,0.0
256,126,RMP,baseline,4304.0,768.0,2048.0,256.0,0.0,0.0,1088.0,136.0,0.0,0.0,0.0,8.0,0.0
256,126,RMP,optimized,3472.0,768.0,0.0,256.0,2048.0,128.0,128.0,136.0,0.0,0.0,0.0,8.0,0.0
256,127,RMP,baseline,4304.0,768.0,2048.0,256.0,0.0,0.0,1088.0,136.0,0.0,0.0,0.0,8.0,0.0
256,127,RMP,optimized,3472.0,768.0,0.0,256.0,2048.0,128.0,128.0,136.0,0.0,0.0,0.0,8.0,0.0
256,128,RMP,baseline,4304.0,768.0,2048.0,256.0,0.0,0.0,1088.0,136.0,0.0,0.0,0.0,8.0,0.0
256,128,RMP,optimized,3472.0,768.0,0.0,256.0,2048.0,128.0,128.0,136.0,0.0,0.0,0.0,8.0,0.0
256,129,RMP,baseline,4304.0,768.0,2048.0,256.0,0.0,0.0,1088.0,136.0,0.0,0.0,0.0,8.0,0.0
256,129,RMP,optimized,3472.0,768.0,0.0,256.0,2048.0,128.0,128.0,136.0,0.0,0.0,0.0,8.0,0.0
256,130,RMP,baseline,4304.0,768.0,2048.0,256.0,0.0,0.0,1088.0,136.0,0.0,0.0,0.0,8.0,0.0
256,130,RMP,optimized,3472.0,768.0,0.0,256.0,2048.0,128.0,128.0,136.0,0.0,0.0,0.0,8.0,0.0
256,131,RMP,baseline,4304.0,768.0,2048.0,256.0,0.0,0.0,1088.0,136.0,0.0,0.0,0.0,8.0,0.0
256,131,RMP,optimized,3472.0,768.0,0.0,256.0,2048.0,128.0,128.0,136.0,0.0,0.0,0.0,8.0,0.0
256,132,RMP,baseline,4304.0,768.0,2048.0,256.0,0.0,0.0,1088.0,136.0,0.0,0.0,0.0,8.0,0.0
256,132,RMP,optimized,3472.0,768.0,0.0,256.0,2048.0,128.0,128.0,136.0,0.0,0.0,0.0,8.0,0.0
256,133,RMP,baseline,4304.0,768.0,2048.0,256.0,0.0,0.0,1088.0,136.0,0.0,0.0,0.0,8.0,0.0
256,133,RMP,optimized,3472.0,768.0,0.0,256.0,2048.0,128.0,128.0,136.0,0.0,0.0,0.0,8.0,0.0
256,134,RMP,baseline,4304.0,768.0,2048.0,256.0,0.0,0.0,1088.0,136.0,0.0,0.0,0.0,8.0,0.0
256,134,RMP,optimized,3472.0,768.0,0.0,256.0,2048.0,128.0,128.0,136.0,0.0,0.0,0.0,8.0,0.0
256,135,RMP,baseline,4304.0,768.0,2048.0,256.0,0.0,0.0,1088.0,136.0,0.0,0.0,0.0,8.0,0.0
256,135,RMP,optimized,3472.0,768.0,0.0,256.0,2048.0,128.0,128.0,136.0,0.0,0.0,0.0,8.0,0.0
256,136,RMP,baseline,4304.0,768.0,2048.0,256.0,0.0,0.0,1088.0,136.0,0.0,0.0,0.0,8.0,0.0
256,136,RMP,optimized,3472.0,768.0,0.0,256.0,2048.0,128.0,128.0,136.0,0.0,0.0,0.0,8.0,0.0
256,137,RMP,baseline,4304.0,768.0,2048.0,256.0,0.0,0.0,1088.0,136.0,0.0,0.0,0.0,8.0,0.0
256,137,RMP,optimized,3472.0,768.0,0.0,256.0,2048.0,128.0,128.0,136.0,0.0,0.0,0.0,8.0,0.0
256,138,RMP,baseline,4304.0,768.0,2048.0,256.0,0.0,0.0,1088.0,136.0,0.0,0.0,0.0,8.0,0.0
256,138,RMP,optimized,3472.0,768.0,0.0,256.0,2048.0,128.0,128.0,136.0,0.0,0.0,0.0,8.0,0.0
256,139,RMP,baseline,4304.0,768.0,2048.0,256.0,0.0,0.0,1088.0,136.0,0.0,0.0,0.0,8.0,0.0
256,139,RMP,optimized,3472.0,768.0,0.0,256.0,2048.0,128.0,128.0,136.0,0.0,0.0,0.0,8.0,0.0
256,140,RMP,baseline,4304.0,768.0,2048.0,256.0,0.0,0.0,1088.0,136.0,0.0,0.0,0.0,8.0,0.0
256,140,RMP,optimized,3472.0,768.0,0.0,256.0,2048.0,128.0,128.0,136.0,0.0,0.0,0.0,8.0,0.0
256,141,RMP,baseline,4304.0,768.0,2048.0,256.0,0.0,0.0,1088.0,136.0,0.0,0.0,0.0,8.0,0.0
256,141,RMP,optimized,3472.0,768.0,0.0,256.0,2048.0,128.0,128.0,136.0,0.0,0.0,0.0,8.0,0.0
256,142,RMP,baseline,4304.0,768.0,2048.0,256.0,0.0,0.0,1088.0,136.0,0.0,0.0,0.0,8.0,0.0
256,142,RMP,optimized,3472.0,768.0,0.0,256.0,2048.0,128.0,128.0,136.0,0.0,0.0,0.0,8.0,0.0
256,143,RMP,baseline,4304.0,768.0,2048.0,256.0,0.0,0.0,1088.0,136.0,0.0,0.0,0.0,8.0,0.0
256,143,RMP,optimized,3472.0,768.0,0.0,256.0,2048.0,128.0,128.0,136.0,0.0,0.0,0.0,8.0,0.0
256,144,RMP,baseline,4304.0,768.0,2048.0,256.0,0.0,0.0,1088.0,136.0,0.0,0.0,0.0,8.0,0.0
256,144,RMP,optimized,3472.0,768.0,0.0,256.0,2048.0,128.0,128.0,136.0,0.0,0.0,0.0,8.0,0.0
256,145,RMP,baseline,4304.0,768.0,2048.0,256.0,0.0,0.0,1088.0,136.0,0.0,0.0,0.0,8.0,0.0
256,145,RMP,optimized,3472.0,768.0,0.0,256.0,2048.0,128.0,128.0,136.0,0.0,0.0,0.0,8.0,0.0
256,146,RMP,baseline,4304.0,768.0,2048.0,256.0,0.0,0.0,1088.0,136.0,0.0,0.0,0.0,8.0,0.0
256,146,RMP,optimized,3472.0,768.0,0.0,256.0,2048.0,128.0,128.0,136.0,0.0,0.0,0.0,8.0,0.0
256,147,RMP,baseline,4304.0,768.0,2048.0,256.0,0.0,0.0,1088.0,136.0,0.0,0.0,0.0,8.0,0.0
256,147,RMP,optimized,3472.0,768.0,0.0,256.0,2048.0,128.0,128.0,136.0,0.0,0.0,0.0,8.0,0.0
256,148,RMP,baseline,4304.0,768.0,2048.0,256.0,0.0,0.0,1088.0,136.0,0.0,0.0,0.0,8.0,0.0
256,148,RMP,optimized,3472.0,768.0,0.0,256.0,2048.0,128.0,128.0,136.0,0.0,0.0,0.0,8.0,0.0
256,149,RMP,baseline,4304.0,768.0,2048.0,256.0,0.0,0.0,1088.0,136.0,0.0,0.0,0.0,8.0,0.0
256,149,RMP,optimized,3472.0,768.0,0.0,256.0,2048.0,128.0,128.0,136.0,0.0,0.0,0.0,8.0,0.0
256,150,RMP,baseline,4304.0,768.0,2048.0,256.0,0.0,0.0,1088.0,136.0,0.0,0.0,0.0,8.0,0.0
256,150,RMP,optimized,3472.0,768.0,0.0,256.0,2048.0,128.0,128.0,136.0,0.0,0.0,0.0,8.0,0.0
256,151,RMP,baseline,4304.0,768.0,2048.0,256.0,0.0,0.0,1088.0,136.0,0.0,0.0,0.0,8.0,0.0
256,151,RMP,optimized,3472.0,768.0,0.0,256.0,2048.0,128.0,128.0,136.0,0.0,0.0,0.0,8.0,0.0
256,152,RMP,baseline,4304.0,768.0,2048.0,256.0,0.0,0.0,1088.0,136.0,0.0,0.0,0.0,8.0,0.0
256,152,RMP,optimized,3472.0,768.0,0.0,256.0,2048.0,128.0,128.0,136.0,0.0,0.0,0.0,8.0,0.0
256,153,RMP,baseline,4304.0,768.0,2048.0,256.0,0.0,0.0,1088.0,136.0,0.0,0.0,0.0,8.0,0.0
256,153,RMP,optimized,3472.0,768.0,0.0,256.0,2048.0,128.0,128.0,136.0,0.0,0.0,0.0,8.0,0.0
256,154,RMP,baseline,4304.0,768.0,2048.0,256.0,0.0,0.0,1088.0,136.0,0.0,0.0,0.0,8.0,0.0
256,154,RMP,optimized,3472.0,768.0,0.0,256.0,2048.0,128.0,128.0,136.0,0.0,0.0,0.0,8.0,0.0
256,155,RMP,baseline,4304.0,768.0,2048.0,256.0,0.0,0.0,1088.0,136.0,0.0,0.0,0.0,8.0,0.0
256,155,RMP,optimized,3472.0,768.0,0.0,256.0,2048.0,128.0,128.0,136.0,0.0,0.0,0.0,8.0,0.0
256,156,RMP,baseline,4304.0,768.0,2048.0,256.0,0.0,0.0,1088.0,136.0,0.0,0.0,0.0,8.0,0.0
256,156,RMP,optimized,3472.0,768.0,0.0,256.0,2048.0,128.0,128.0,136.0,0.0,0.0,0.0,8.0,0.0
256,157,RMP,baseline,4304.0,768.0,2048.0,256.0,0.0,0.0,1088.0,136.0,0.0,0.0,0.0,8.0,0.0
256,157,RMP,optimized,3472.0,768.0,0.0,256.0,2048.0,128.0,128.0,136.0,0.0,0.0,0.0,8.0,0.0
256,158,RMP,baseline,4304.0,768.0,2048.0,256.0,0.0,0.0,1088.0,136.0,0.0,0.0,0.0,8.0,0.0
256,158,RMP,optimized,3472.0,768.0,0.0,256.0,2048.0,128.0,128.0,136.0,0.0,0.0,0.0,8.0,0.0
256,159,RMP,baseline,4304.0,768.0,2048.0,256.0,0.0,0.0,1088.0,136.0,0.0,0.0,0.0,8.0,0.0
256,159,RMP,optimized,3472.0,768.0,0.0,256.0,2048.0,128.0,128.0,136.0,0.0,0.0,0.0,8.0,0.0
256,160,RMP,baseline,4304.0,768.0,2048.0,256.0,0.0,0.0,1088.0,136.0,0.0,0.0,0.0,8.0,0.0
256,160,RMP,optimized,3472.0,768.0,0.0,256.0,2048.0,128.0,128.0,136.0,0.0,0.0,0.0,8.0,0.0
256,161,RMP,baseline,4304.0,768.0,2048.0,256.0,0.0,0.0,1088.0,136.0,0.0,0.0,0.0,8.0,0.0
256,161,RMP,optimized,3472.0,768.0,0.0,256.0,2048.0,128.0,128.0,136.0,0.0,0.0,0.0,8.0,0.0
256,162,RMP,baseline,4304.0,768.0,2048.0,256.0,0.0,0.0,1088.0,136.0,0.0,0.0,0.0,8.0,0.0
256,162,RMP,optimized,3472.0,768.0,0.0,256.0,2048.0,128.0,128.0,136.0,0.0,0.0,0.0,8.0,0.0
256,163,RMP,baseline,4304.0,768.0,2048.0,256.0,0.0,0.0,1088.0,136.0,0.0,0.0,0.0,8.0,0.0
256,163,RMP,optimized,3472.0,768.0,0.0,256.0,2048.0,128.0,128.0,136.0,0.0,0.0,0.0,8.0,0.0
256,164,RMP,baseline,4304.0,768.0,2048.0,256.0,0.0,0.0,1088.0,136.0,0.0,0.0,0.0,8.0,0.0
256,164,RMP,optimized,3472.0,768.0,0.0,256.0,2048.0,128.0,128.0,136.0,0.0,0.0,0.0,8.0,0.0
256,165,RMP,baseline,4304.0,768.0,2048.0,256.0,0.0,0.0,1088.0,136.0,0.0,0.0,0.0,8.0,0.0
256,165,RMP,optimized,3472.0,768.0,0.0,256.0,2048.0,128.0,128.0,136.0,0.0,0.0,0.0,8.0,0.0
256,166,RMP,baseline,4304.0,768.0,2048.0,256.0,0.0,0.0,1088.0,136.0,0.0,0.0,0.0,8.0,0.0
256,166,RMP,optimized,3472.0,768.0,0.0,256.0,2048.0,128.0,128.0,136.0,0.0,0.0,0.0,8.0,0.0
256,167,RMP,baseline,4304.0,768.0,2048.0,256.0,0.0,0.0,1088.0,136.0,0.0,0.0,0.0,8.0,0.0
256,167,RMP,optimized,3472.0,768.0,0.0,256.0,2048.0,128.0,128.0,136.0,0.0,0.0,0.0,8.0,0.0
256,168,RMP,baseline,4304.0,768.0,2048.0,256.0,0.0,0.0,1088.0,136.0,0.0,0.0,0.0,8.0,0.0
256,168,RMP,optimized,3472.0,768.0,0.0,256.0,2048.0,128.0,128.0,136.0,0.0,0.0,0.0,8.0,0.0
256,169,RMP,baseline,4304.0,768.0,2048.0,256.0,0.0,0.0,1088.0,136.0,0.0,0.0,0.0,8.0,0.0
256,169,RMP,optimized,3472.0,768.0,0.0,256.0,2048.0,128.0,128.0,136.0,0.0,0.0,0.0,8.0,0.0
256,170,RMP,baseline,4304.0,768.0,2048.0,256.0,0.0,0.0,1088.0,136.0,0.0,0.0,0.0,8.0,0.0
256,170,RMP,optimized,3472.0,768.0,0.0,256.0,2048.0,128.0,128.0,136.0,0.0,0.0,0.0,8.0,0.0
256,171,RMP,baseline,4304.0,768.0,2048.0,256.0,0.0,0.0,1088.0,136.0,0.0,0.0,0.0,8.0,0.0
256,171,RMP,optimized,3472.0,768.0,0.0,256.0,2048.0,128.0,128.0,136.0,0.0,0.0,0.0,8.0,0.0
256,172,RMP,baseline,4304.0,768.0,2048.0,256.0,0.0,0.0,1088.0,136.0,0.0,0.0,0.0,8.0,0.0
256,172,RMP,optimized,3472.0,768.0,0.0,256.0,2048.0,128.0,128.0,136.0,0.0,0.0,0.0,8.0,0.0
256,173,RMP,baseline,4304.0,768.0,2048.0,256.0,0.0,0.0,1088.0,136.0,0.0,0.0,0.0,8.0,0.0
256,173,RMP,optimized,3472.0,768.0,0.0,256.0,2048.0,128.0,128.0,136.0,0.0,0.0,0.0,8.0,0.0
256,174,RMP,baseline,4304.0,768.0,2048.0,256.0,0.0,0.0,1088.0,136.0,0.0,0.0,0.0,8.0,0.0
256,174,RMP,optimized,3472.0,768.0,0.0,256.0,2048.0,128.0,128.0,136.0,0.0,0.0,0.0,8.0,0.0
256,175,RMP,baseline,4304.0,768.0,2048.0,256.0,0.0,0.0,1088.0,136.0,0.0,0.0,0.0,8.0,0.0
256,175,RMP,optimized,3472.0,768.0,0.0,256.0,2048.0,128.0,128.0,136.0,0.0,0.0,0.0,8.0,0.0
256,176,RMP,baseline,4304.0,768.0,2048.0,256.0,0.0,0.0,1088.0,136.0,0.0,0.0,0.0,8.0,0.0
256,176,RMP,optimized,3472.0,768.0,0.0,256.0,2048.0,128.0,128.0,136.0,0.0,0.0,0.0,8.0,0.0
256,177,RMP,baseline,4304.0,768.0,2048.0,256.0,0.0,0.0,1088.0,136.0,0.0,0.0,0.0,8.0,0.0
256,177,RMP,optimized,3472.0,768.0,0.0,256.0,2048.0,128.0,128.0,136.0,0.0,0.0,0.0,8.0,0.0
256,178,RMP,baseline,4304.0,768.0,2048.0,256.0,0.0,0.0,1088.0,136.0,0.0,0.0,0.0,8.0,0.0
256,178,RMP,optimized,3472.0,768.0,0.0,256.0,2048.0,128.0,128.0,136.0,0.0,0.0,0.0,8.0,0.0
256,179,RMP,baseline,4304.0,768.0,2048.0,256.0,0.0,0.0,1088.0,136.0,0.0,0.0,0.0,8.0,0.0
256,179,RMP,optimized,3472.0,768.0,0.0,256.0,2048.0,128.0,128.0,136.0,0.0,0.0,0.0,8.0,0.0
256,180,RMP,baseline,4304.0,768.0,2048.0,256.0,0.0,0.0,1088.0,136.0,0.0,0.0,0.0,8.0,0.0
256,180,RMP,optimized,3472.0,768.0,0.0,256.0,2048.0,128.0,128.0,136.0,0.0,0.0,0.0,8.0,0.0
256,181,RMP,baseline,4304.0,768.0,2048.0,256.0,0.0,0.0,1088.0,136.0,0.0,0.0,0.0,8.0,0.0
256,181,RMP,optimized,3472.0,768.0,0.0,256.0,2048.0,128.0,128.0,136.0,0.0,0.0,0.0,8.0,0.0
256,182,RMP,baseline,4304.0,768.0,2048.0,256.0,0.0,0.0,1088.0,136.0,0.0,0.0,0.0,8.0,0.0
256,182,RMP,optimized,3472.0,768.0,0.0,256.0,2048.0,128.0,128.0,136.0,0.0,0.0,0.0,8.0,0.0
256,183,RMP,baseline,4304.0,768.0,2048.0,256.0,0.0,0.0,1088.0,136.0,0.0,0.0,0.0,8.0,0.0
256,183,RMP,optimized,3472.0,768.0,0.0,256.0,2048.0,128.0,128.0,136.0,0.0,0.0,0.0,8.0,0.0
256,184,RMP,baseline,4304.0,768.0,2048.0,256.0,0.0,0.0,1088.0,136.0,0.0,0.0,0.0,8.0,0.0
256,184,RMP,optimized,3472.0,768.0,0.0,256.0,2048.0,128.0,128.0,136.0,0.0,0.0,0.0,8.0,0.0
256,185,RMP,baseline,4304.0,768.0,2048.0,256.0,0.0,0.0,1088.0,136.0,0.0,0.0,0.0,8.0,0.0
256,185,RMP,optimized,3472.0,768.0,0.0,256.0,2048.0,128.0,128.0,136.0,0.0,0.0,0.0,8.0,0.0
256,186,RMP,baseline,4304.0,768.0,2048.0,256.0,0.0,0.0,1088.0,136.0,0.0,0.0,0.0,8.0,0.0
256,186,RMP,optimized,3472.0,768.0,0.0,256.0,2048.0,128.0,128.0,136.0,0.0,0.0,0.0,8.0,0.0
256,187,RMP,baseline,4304.0,768.0,2048.0,256.0,0.0,0.0,1088.0,136.0,0.0,0.0,0.0,8.0,0.0
256,187,RMP,optimized,3472.0,768.0,0.0,256.0,2048.0,128.0,128.0,136.0,0.0,0.0,0.0,8.0,0.0
256,188,RMP,baseline,4304.0,768.0,2048.0,256.0,0.0,0.0,1088.0,136.0,0.0,0.0,0.0,8.0,0.0
256,188,RMP,optimized,3472.0,768.0,0.0,256.0,2048.0,128.0,128.0,136.0,0.0,0.0,0.0,8.0,0.0
256,189,RMP,baseline,4304.0,768.0,2048.0,256.0,0.0,0.0,1088.0,136.0,0.0,0.0,0.0,8.0,0.0
256,189,RMP,optimized,3472.0,768.0,0.0,256.0,2048.0,128.0,128.0,136.0,0.0,0.0,0.0,8.0,0.0
256,190,RMP,baseline,4304.0,768.0,2048.0,256.0,0.0,0.0,1088.0,136.0,0.0,0.0,0.0,8.0,0.0
256,190,RMP,optimized,3472.0,768.0,0.0,256.0,2048.0,128.0,128.0,136.0,0.0,0.0,0.0,8.0,0.0
256,191,RMP,baseline,4304.0,768.0,2048.0,256.0,0.0,0.0,1088.0,136.0,0.0,0.0,0.0,8.0,0.0
256,191,RMP,optimized,3472.0,768.0,0.0,256.0,2048.0,128.0,128.0,136.0,0.0,0.0,0.0,8.0,0.0
256,192,RMP,baseline,4304.0,768.0,2048.0,256.0,0.0,0.0,1088.0,136.0,0.0,0.0,0.0,8.0,0.0
256,192,RMP,optimized,3472.0,768.0,0.0,256.0,2048.0,128.0,128.0,136.0,0.0,0.0,0.0,8.0,0.0
256,193,RMP,baseline,4304.0,768.0,2048.0,256.0,0.0,0.0,1088.0,136.0,0.0,0.0,0.0,8.0,0.0
256,193,RMP,optimized,3472.0,768.0,0.0,256.0,2048.0,128.0,128.0,136.0,0.0,0.0,0.0,8.0,0.0
256,194,RMP,baseline,4304.0,768.0,2048.0,256.0,0.0,0.0,1088.0,136.0,0.0,0.0,0.0,8.0,0.0
256,194,RMP,optimized,3472.0,768.0,0.0,256.0,2048.0,128.0,128.0,136.0,0.0,0.0,0.0,8.0,0.0
256,195,RMP,baseline,4304.0,768.0,2048.0,256.0,0.0,0.0,1088.0,136.0,0.0,0.0,0.0,8.0,0.0
256,195,RMP,optimized,3472.0,768.0,0.0,256.0,2048.0,128.0,128.0,136.0,0.0,0.0,0.0,8.0,0.0
256,196,RMP,baseline,4304.0,768.0,2048.0,256.0,0.0,0.0,1088.0,136.0,0.0,0.0,0.0,8.0,0.0
256,196,RMP,optimized,3472.0,768.0,0.0,256.0,2048.0,128.0,128.0,136.0,0.0,0.0,0.0,8.0,0.0
256,197,RMP,baseline,4304.0,768.0,2048.0,256.0,0.0,0.0,1088.0,136.0,0.0,0.0,0.0,8.0,0.0
256,197,RMP,optimized,3472.0,768.0,0.0,256.0,2048.0,128.0,128.0,136.0,0.0,0.0,0.0,8.0,0.0
256,198,RMP,baseline,4304.0,768.0,2048.0,256.0,0.0,0.0,1088.0,136.0,0.0,0.0,0.0,8.0,0.0
256,198,RMP,optimized,3472.0,768.0,0.0,256.0,2048.0,128.0,128.0,136.0,0.0,0.0,0.0,8.0,0.0
256,199,RMP,baseline,4304.0,768.0,2048.0,256.0,0.0,0.0,1088.0,136.0,0.0,0.0,0.0,8.0,0.0
256,199,RMP,optimized,3472.0,768.0,0.0,256.0,2048.0,128.0,128.0,136.0,0.0,0.0,0.0,8.0,0.0
256,200,RMP,baseline,4304.0,768.0,2048.0,256.0,0.0,0.0,1088.0,136.0,0.0,0.0,0.0,8.0,0.0
256,200,RMP,optimized,3472.0,768.0,0.0,256.0,2048.0,128.0,128.0,136.0,0.0,0.0,0.0,8.0,0.0
256,201,RMP,baseline,4304.0,768.0,2048.0,256.0,0.0,0.0,1088.0,136.0,0.0,0.0,0.0,8.0,0.0
256,201,RMP,optimized,3472.0,768.0,0.0,256.0,2048.0,128.0,128.0,136.0,0.0,0.0,0.0,8.0,0.0
256,202,RMP,baseline,4304.0,768.0,2048.0,256.0,0.0,0.0,1088.0,136.0,0.0,0.0,0.0,8.0,0.0
256,202,RMP,optimized,3472.0,768.0,0.0,256.0,2048.0,128.0,128.0,136.0,0.0,0.0,0.0,8.0,0.0
256,203,RMP,baseline,4304.0,768.0,2048.0,256.0,0.0,0.0,1088.0,136.0,0.0,0.0,0.0,8.0,0.0
256,203,RMP,optimized,3472.0,768.0,0.0,256.0,2048.0,128.0,128.0,136.0,0.0,0.0,0.0,8.0,0.0
256,204,RMP,baseline,4304.0,768.0,2048.0,256.0,0.0,0.0,1088.0,136.0,0.0,0.0,0.0,8.0,0.0
256,204,RMP,optimized,3472.0,768.0,0.0,256.0,2048.0,128.0,128.0,136.0,0.0,0.0,0.0,8.0,0.0
256,205,RMP,baseline,4304.0,768.0,2048.0,256.0,0.0,0.0,1088.0,136.0,0.0,0.0,0.0,8.0,0.0
256,205,RMP,optimized,3472.0,768.0,0.0,256.0,2048.0,128.0,128.0,136.0,0.0,0.0,0.0,8.0,0.0
256,206,RMP,baseline,4304.0,768.0,2048.0,256.0,0.0,0.0,1088.0,136.0,0.0,0.0,0.0,8.0,0.0
256,206,RMP,optimized,3472.0,768.0,0.0,256.0,2048.0,128.0,128.0,136.0,0.0,0.0,0.0,8.0,0.0
256,207,RMP,baseline,4304.0,768.0,2048.0,256.0,0.0,0.0,1088.0,136.0,0.0,0.0,0.0,8.0,0.0
256,207,RMP,optimized,3472.0,768.0,0.0,256.0,2048.0,128.0,128.0,136.0,0.0,0.0,0.0,8.0,0.0
256,208,RMP,baseline,4304.0,768.0,2048.0,256.0,0.0,0.0,1088.0,136.0,0.0,0.0,0.0,8.0,0.0
256,208,RMP,optimized,3472.0,768.0,0.0,256.0,2048.0,128.0,128.0,136.0,0.0,0.0,0.0,8.0,0.0
256,209,RMP,baseline,4304.0,768.0,2048.0,256.0,0.0,0.0,1088.0,136.0,0.0,0.0,0.0,8.0,0.0
256,209,RMP,optimized,3472.0,768.0,0.0,256.0,2048.0,128.0,128.0,136.0,0.0,0.0,0.0,8.0,0.0
256,210,RMP,baseline,4304.0,768.0,2048.0,256.0,0.0,0.0,1088.0,136.0,0.0,0.0,0.0,8.0,0.0
256,210,RMP,optimized,3472.0,768.0,0.0,256.0,2048.0,128.0,128.0,136.0,0.0,0.0,0.0,8.0,0.0
256,211,RMP,baseline,4304.0,768.0,2048.0,256.0,0.0,0.0,1088.0,136.0,0.0,0.0,0.0,8.0,0.0
256,211,RMP,optimized,3472.0,768.0,0.0,256.0,2048.0,128.0,128.0,136.0,0.0,0.0,0.0,8.0,0.0
256,212,RMP,baseline,4304.0,768.0,2048.0,256.0,0.0,0.0,1088.0,136.0,0.0,0.0,0.0,8.0,0.0
256,212,RMP,optimized,3472.0,768.0,0.0,256.0,2048.0,128.0,128.0,136.0,0.0,0.0,0.0,8.0,0.0
256,213,RMP,baseline,4304.0,768.0,2048.0,256.0,0.0,0.0,1088.0,136.0,0.0,0.0,0.0,8.0,0.0
256,213,RMP,optimized,3472.0,768.0,0.0,256.0,2048.0,128.0,128.0,136.0,0.0,0.0,0.0,8.0,0.0
256,214,RMP,baseline,4304.0,768.0,2048.0,256.0,0.0,0.0,1088.0,136.0,0.0,0.0,0.0,8.0,0.0
256,214,RMP,optimized,3472.0,768.0,0.0,256.0,2048.0,128.0,128.0,136.0,0.0,0.0,0.0,8.0,0.0
256,215,RMP,baseline,4304.0,768.0,2048.0,256.0,0.0,0.0,1088.0,136.0,0.0,0.0,0.0,8.0,0.0
256,215,RMP,optimized,3472.0,768.0,0.0,256.0,2048.0,128.0,128.0,136.0,0.0,0.0,0.0,8.0,0.0
256,216,RMP,baseline,4304.0,768.0,2048.0,256.0,0.0,0.0,1088.0,136.0,0.0,0.0,0.0,8.0,0.0
256,216,RMP,optimized,3472.0,768.0,0.0,256.0,2048.0,128.0,128.0,136.0,0.0,0.0,0.0,8.0,0.0
256,217,RMP,baseline,4304.0,768.0,2048.0,256.0,0.0,0.0,1088.0,136.0,0.0,0.0,0.0,8.0,0.0
256,217,RMP,optimized,3472.0,768.0,0.0,256.0,2048.0,128.0,128.0,136.0,0.0,0.0,0.0,8.0,0.0
256,218,RMP,baseline,4304.0,768.0,2048.0,256.0,0.0,0.0,1088.0,136.0,0.0,0.0,0.0,8.0,0.0
256,218,RMP,optimized,3472.0,768.0,0.0,256.0,2048.0,128.0,128.0,136.0,0.0,0.0,0.0,8.0,0.0
256,219,RMP,baseline,4304.0,768.0,2048.0,256.0,0.0,0.0,1088.0,136.0,0.0,0.0,0.0,8.0,0.0
256,219,RMP,optimized,3472.0,768.0,0.0,256.0,2048.0,128.0,128.0,136.0,0.0,0.0,0.0,8.0,0.0
256,220,RMP,baseline,4304.0,768.0,2048.0,256.0,0.0,0.0,1088.0,136.0,0.0,0.0,0.0,8.0,0.0
256,220,RMP,optimized,3472.0,768.0,0.0,256.0,2048.0,128.0,128.0,136.0,0.0,0.0,0.0,8.0,0.0
256,221,RMP,baseline,4304.0,768.0,2048.0,256.0,0.0,0.0,1088.0,136.0,0.0,0.0,0.0,8.0,0.0
256,221,RMP,optimized,3472.0,768.0,0.0,256.0,2048.0,128.0,128.0,136.0,0.0,0.0,0.0,8.0,0.0
256,222,RMP,baseline,4304.0,768.0,2048.0,256.0,0.0,0.0,1088.0,136.0,0.0,0.0,0.0,8.0,0.0
256,222,RMP,optimized,3472.0,768.0,0.0,256.0,2048.0,128.0,128.0,136.0,0.0,0.0,0.0,8.0,0.0
256,223,RMP,baseline,4304.0,768.0,2048.0,256.0,0.0,0.0,1088.0,136.0,0.0,0.0,0.0,8.0,0.0
256,223,RMP,optimized,3472.0,768.0,0.0,256.0,2048.0,128.0,128.0,136.0,0.0,0.0,0.0,8.0,0.0
256,224,RMP,baseline,4304.0,768.0,2048.0,256.0,0.0,0.0,1088.0,136.0,0.0,0.0,0.0,8.0,0.0
256,224,RMP,optimized,3472.0,768.0,0.0,256.0,2048.0,128.0,128.0,136.0,0.0,0.0,0.0,8.0,0.0
256,225,RMP,baseline,4304.0,768.0,2048.0,256.0,0.0,0.0,1088.0,136.0,0.0,0.0,0.0,8.0,0.0
256,225,RMP,optimized,3472.0,768.0,0.0,256.0,2048.0,128.0,128.0,136.0,0.0,0.0,0.0,8.0,0.0
256,226,RMP,baseline,4304.0,768.0,2048.0,256.0,0.0,0.0,1088.0,136.0,0.0,0.0,0.0,8.0,0.0
256,226,RMP,optimized,3472.0,768.0,0.0,256.0,2048.0,128.0,128.0,136.0,0.0,0.0,0.0,8.0,0.0
256,227,RMP,baseline,4304.0,768.0,2048.0,256.0,0.0,0.0,1088.0,136.0,0.0,0.0,0.0,8.0,0.0
256,227,RMP,optimized,3472.0,768.0,0.0,256.0,2048.0,128.0,128.0,136.0,0.0,0.0,0.0,8.0,0.0
256,228,RMP,baseline,4304.0,768.0,2048.0,256.0,0.0,0.0,1088.0,136.0,0.0,0.0,0.0,8.0,0.0
256,228,RMP,optimized,3472.0,768.0,0.0,256.0,2048.0,128.0,128.0,136.0,0.0,0.0,0.0,8.0,0.0
256,229,RMP,baseline,4304.0,768.0,2048.0,256.0,0.0,0.0,1088.0,136.0,0.0,0.0,0.0,8.0,0.0
256,229,RMP,optimized,3472.0,768.0,0.0,256.0,2048.0,128.0,128.0,136.0,0.0,0.0,0.0,8.0,0.0
256,230,RMP,baseline,4304.0,768.0,2048.0,256.0,0.0,0.0,1088.0,136.0,0.0,0.0,0.0,8.0,0.0
256,230,RMP,optimized,3472.0,768.0,0.0,256.0,2048.0,128.0,128.0,136.0,0.0,0.0,0.0,8.0,0.0
256,231,RMP,baseline,4304.0,768.0,2048.0,256.0,0.0,0.0,1088.0,136.0,0.0,0.0,0.0,8.0,0.0
256,231,RMP,optimized,3472.0,768.0,0.0,256.0,2048.0,128.0,128.0,136.0,0.0,0.0,0.0,8.0,0.0
256,232,RMP,baseline,4304.0,768.0,2048.0,256.0,0.0,0.0,1088.0,136.0,0.0,0.0,0.0,8.0,0.0
256,232,RMP,optimized,3472.0,768.0,0.0,256.0,2048.0,128.0,128.0,136.0,0.0,0.0,0.0,8.0,0.0
256,233,RMP,baseline,4304.0,768.0,2048.0,256.0,0.0,0.0,1088.0,136.0,0.0,0.0,0.0,8.0,0.0
256,233,RMP,optimized,3472.0,768.0,0.0,256.0,2048.0,128.0,128.0,136.0,0.0,0.0,0.0,8.0,0.0
256,234,RMP,baseline,4304.0,768.0,2048.0,256.0,0.0,0.0,1088.0,136.0,0.0,0.0,0.0,8.0,0.0
256,234,RMP,optimized,3472.0,768.0,0.0,256.0,2048.0,128.0,128.0,136.0,0.0,0.0,0.0,8.0,0.0
256,235,RMP,baseline,4304.0,768.0,2048.0,256.0,0.0,0.0,1088.0,136.0,0.0,0.0,0.0,8.0,0.0
256,235,RMP,optimized,3472.0,768.0,0.0,256.0,2048.0,128.0,128.0,136.0,0.0,0.0,0.0,8.0,0.0
256,236,RMP,baseline,4304.0,768.0,2048.0,256.0,0.0,0.0,1088.0,136.0,0.0,0.0,0.0,8.0,0.0
256,236,RMP,optimized,3472.0,768.0,0.0,256.0,2048.0,128.0,128.0,136.0,0.0,0.0,0.0,8.0,0.0
256,237,RMP,baseline,4304.0,768.0,2048.0,256.0,0.0,0.0,1088.0,136.0,0.0,0.0,0.0,8.0,0.0
256,237,RMP,optimized,3472.0,768.0,0.0,256.0,2048.0,128.0,128.0,136.0,0.0,0.0,0.0,8.0,0.0
256,238,RMP,baseline,4304.0,768.0,2048.0,256.0,0.0,0.0,1088.0,136.0,0.0,0.0,0.0,8.0,0.0
256,238,RMP,optimized,3472.0,768.0,0.0,256.0,2048.0,128.0,128.0,136.0,0.0,0.0,0.0,8.0,0.0
256,239,RMP,baseline,4304.0,768.0,2048.0,256.0,0.0,0.0,1088.0,136.0,0.0,0.0,0.0,8.0,0.0
256,239,RMP,optimized,3472.0,768.0,0.0,256.0,2048.0,128.0,128.0,136.0,0.0,0.0,0.0,8.0,0.0
256,240,RMP,baseline,4304.0,768.0,2048.0,256.0,0.0,0.0,1088.0,136.0,0.0,0.0,0.0,8.0,0.0
256,240,RMP,optimized,3472.0,768.0,0.0,256.0,2048.0,128.0,128.0,136.0,0.0,0.0,0.0,8.0,0.0
256,241,RMP,baseline,4304.0,768.0,2048.0,256.0,0.0,0.0,1088.0,136.0,0.0,0.0,0.0,8.0,0.0
256,241,RMP,optimized,3472.0,768.0,0.0,256.0,2048.0,128.0,128.0,136.0,0.0,0.0,0.0,8.0,0.0
256,242,RMP,baseline,4304.0,768.0,2048.0,256.0,0.0,0.0,1088.0,136.0,0.0,0.0,0.0,8.0,0.0
256,242,RMP,optimized,3472.0,768.0,0.0,256.0,2048.0,128.0,128.0,136.0,0.0,0.0,0.0,8.0,0.0
256,243,RMP,baseline,4304.0,768.0,2048.0,256.0,0.0,0.0,1088.0,136.0,0.0,0.0,0.0,8.0,0.0
256,243,RMP,optimized,3472.0,768.0,0.0,256.0,2048.0,128.0,128.0,136.0,0.0,0.0,0.0,8.0,0.0
256,244,RMP,baseline,4304.0,768.0,2048.0,256.0,0.0,0.0,1088.0,136.0,0.0,0.0,0.0,8.0,0.0
256,244,RMP,optimized,3472.0,768.0,0.0,256.0,2048.0,128.0,128.0,136.0,0.0,0.0,0.0,8.0,0.0
256,245,RMP,baseline,4304.0,768.0,2048.0,256.0,0.0,0.0,1088.0,136.0,0.0,0.0,0.0,8.0,0.0
256,245,RMP,optimized,3472.0,768.0,0.0,256.0,2048.0,128.0,128.0,136.0,0.0,0.0,0.0,8.0,0.0
256,246,RMP,baseline,4304.0,768.0,2048.0,256.0,0.0,0.0,1088.0,136.0,0.0,0.0,0.0,8.0,0.0
256,246,RMP,optimized,3472.0,768.0,0.0,256.0,2048.0,128.0,128.0,136.0,0.0,0.0,0.0,8.0,0.0
256,247,RMP,baseline,4304.0,768.0,2048.0,256.0,0.0,0.0,1088.0,136.0,0.0,0.0,0.0,8.0,0.0
256,247,RMP,optimized,3472.0,768.0,0.0,256.0,2048.0,128.0,128.0,136.0,0.0,0.0,0.0,8.0,0.0
256,248,RMP,baseline,4304.0,768.0,2048.0,256.0,0.0,0.0,1088.0,136.0,0.0,0.0,0.0,8.0,0.0
256,248,RMP,optimized,3472.0,768.0,0.0,256.0,2048.0,128.0,128.0,136.0,0.0,0.0,0.0,8.0,0.0
256,249,RMP,baseline,4304.0,768.0,2048.0,256.0,0.0,0.0,1088.0,136.0,0.0,0.0,0.0,8.0,0.0
256,249,RMP,optimized,3472.0,768.0,0.0,256.0,2048.0,128.0,128.0,136.0,0.0,0.0,0.0,8.0,0.0
256,250,RMP,baseline,4304.0,768.0,2048.0,256.0,0.0,0.0,1088.0,136.0,0.0,0.0,0.0,8.0,0.0
256,250,RMP,optimized,3472.0,768.0,0.0,256.0,2048.0,128.0,128.0,136.0,0.0,0.0,0.0,8.0,0.0
256,251,RMP,baseline,4304.0,768.0,2048.0,256.0,0.0,0.0,1088.0,136.0,0.0,0.0,0.0,8.0,0.0
256,251,RMP,optimized,3472.0,768.0,0.0,256.0,2048.0,128.0,128.0,136.0,0.0,0.0,0.0,8.0,0.0
256,252,RMP,baseline,4304.0,768.0,2048.0,256.0,0.0,0.0,1088.0,136.0,0.0,0.0,0.0,8.0,0.0
256,252,RMP,optimized,3472.0,768.0,0.0,256.0,2048.0,128.0,128.0,136.0,0.0,0.0,0.0,8.0,0.0
256,253,RMP,baseline,4304.0,768.0,2048.0,256.0,0.0,0.0,1088.0,136.0,0.0,0.0,0.0,8.0,0.0
256,253,RMP,optimized,3472.0,768.0,0.0,256.0,2048.0,128.0,128.0,136.0,0.0,0.0,0.0,8.0,0.0
256,254,RMP,baseline,4304.0,768.0,2048.0,256.0,0.0,0.0,1088.0,136.0,0.0,0.0,0.0,8.0,0.0
256,254,RMP,optimized,3472.0,768.0,0.0,256.0,2048.0,128.0,128.0,136.0,0.0,0.0,0.0,8.0,0.0
256,255,RMP,baseline,4304.0,768.0,2048.0,256.0,0.0,0.0,1088.0,136.0,0.0,0.0,0.0,8.0,0.0
256,255,RMP,optimized,3472.0,768.0,0.0,256.0,2048.0,128.0,128.0,136.0,0.0,0.0,0.0,8.0,0.0
256,256,RMP,baseline,4304.0,768.0,2048.0,256.0,0.0,0.0,1088.0,136.0,0.0,0.0,0.0,8.0,0.0
256,256,RMP,optimized,3472.0,768.0,0.0,256.0,2048.0,128.0,128.0,136.0,0.0,0.0,0.0,8.0,0.0
256,257,RMP,baseline,4304.0,768.0,2048.0,256.0,0.0,0.0,1088.0,136.0,0.0,0.0,0.0,8.0,0.0
256,257,RMP,optimized,3472.0,768.0,0.0,256.0,2048.0,128.0,128.0,136.0,0.0,0.0,0.0,8.0,0.0
256,258,RMP,baseline,4304.0,768.0,2048.0,256.0,0.0,0.0,1088.0,136.0,0.0,0.0,0.0,8.0,0.0
256,258,RMP,optimized,3472.0,768.0,0.0,256.0,2048.0,128.0,128.0,136.0,0.0,0.0,0.0,8.0,0.0
256,259,RMP,baseline,4304.0,768.0,2048.0,256.0,0.0,0.0,1088.0,136.0,0.0,0.0,0.0,8.0,0.0
256,259,RMP,optimized,3472.0,768.0,0.0,256.0,2048.0,128.0,128.0,136.0,0.0,0.0,0.0,8.0,0.0
256,260,RMP,baseline,4304.0,768.0,2048.0,256.0,0.0,0.0,1088.0,136.0,0.0,0.0,0.0,8.0,0.0
256,260,RMP,optimized,3472.0,768.0,0.0,256.0,2048.0,128.0,128.0,136.0,0.0,0.0,0.0,8.0,0.0
256,261,RMP,baseline,4304.0,768.0,2048.0,256.0,0.0,0.0,1088.0,136.0,0.0,0.0,0.0,8.0,0.0
256,261,RMP,optimized,3472.0,768.0,0.0,256.0,2048.0,128.0,128.0,136.0,0.0,0.0,0.0,8.0,0.0
256,262,RMP,baseline,4304.0,768.0,2048.0,256.0,0.0,0.0,1088.0,136.0,0.0,0.0,0.0,8.0,0.0
256,262,RMP,optimized,3472.0,768.0,0.0,256.0,2048.0,128.0,128.0,136.0,0.0,0.0,0.0,8.0,0.0
256,263,RMP,baseline,4304.0,768.0,2048.0,256.0,0.0,0.0,1088.0,136.0,0.0,0.0,0.0,8.0,0.0
256,263,RMP,optimized,3472.0,768.0,0.0,256.0,2048.0,128.0,128.0,136.0,0.0,0.0,0.0,8.0,0.0
256,264,RMP,baseline,4304.0,768.0,2048.0,256.0,0.0,0.0,1088.0,136.0,0.0,0.0,0.0,8.0,0.0
256,264,RMP,optimized,3472.0,768.0,0.0,256.0,2048.0,128.0,128.0,136.0,0.0,0.0,0.0,8.0,0.0
256,265,RMP,baseline,4304.0,768.0,2048.0,256.0,0.0,0.0,1088.0,136.0,0.0,0.0,0.0,8.0,0.0
256,265,RMP,optimized,3472.0,768.0,0.0,256.0,2048.0,128.0,128.0,136.0,0.0,0.0,0.0,8.0,0.0
256,266,RMP,baseline,4304.0,768.0,2048.0,256.0,0.0,0.0,1088.0,136.0,0.0,0.0,0.0,8.0,0.0
256,266,RMP,optimized,3472.0,768.0,0.0,256.0,2048.0,128.0,128.0,136.0,0.0,0.0,0.0,8.0,0.0
256,267,RMP,baseline,4304.0,768.0,2048.0,256.0,0.0,0.0,1088.0,136.0,0.0,0.0,0.0,8.0,0.0
256,267,RMP,optimized,3472.0,768.0,0.0,256.0,2048.0,128.0,128.0,136.0,0.0,0.0,0.0,8.0,0.0
256,268,RMP,baseline,4304.0,768.0,2048.0,256.0,0.0,0.0,1088.0,136.0,0.0,0.0,0.0,8.0,0.0
256,268,RMP,optimized,3472.0,768.0,0.0,256.0,2048.0,128.0,128.0,136.0,0.0,0.0,0.0,8.0,0.0
256,269,RMP,baseline,4304.0,768.0,2048.0,256.0,0.0,0.0,1088.0,136.0,0.0,0.0,0.0,8.0,0.0
256,269,RMP,optimized,3472.0,768.0,0.0,256.0,2048.0,128.0,128.0,136.0,0.0,0.0,0.0,8.0,0.0
256,270,RMP,baseline,4304.0,768.0,2048.0,256.0,0.0,0.0,1088.0,136.0,0.0,0.0,0.0,8.0,0.0
256,270,RMP,optimized,3472.0,768.0,0.0,256.0,2048.0,128.0,128.0,136.0,0.0,0.0,0.0,8.0,0.0
256,271,RMP,baseline,4304.0,768.0,2048.0,256.0,0.0,0.0,1088.0,136.0,0.0,0.0,0.0,8.0,0.0
256,271,RMP,optimized,3472.0,768.0,0.0,256.0,2048.0,128.0,128.0,136.0,0.0,0.0,0.0,8.0,0.0
256,272,RMP,baseline,4304.0,768.0,2048.0,256.0,0.0,0.0,1088.0,136.0,0.0,0.0,0.0,8.0,0.0
256,272,RMP,optimized,3472.0,768.0,0.0,256.0,2048.0,128.0,128.0,136.0,0.0,0.0,0.0,8.0,0.0
256,273,RMP,baseline,4304.0,768.0,2048.0,256.0,0.0,0.0,1088.0,136.0,0.0,0.0,0.0,8.0,0.0
256,273,RMP,optimized,3472.0,768.0,0.0,256.0,2048.0,128.0,128.0,136.0,0.0,0.0,0.0,8.0,0.0
256,274,RMP,baseline,4304.0,768.0,2048.0,256.0,0.0,0.0,1088.0,136.0,0.0,0.0,0.0,8.0,0.0
256,274,RMP,optimized,3472.0,768.0,0.0,256.0,2048.0,128.0,128.0,136.0,0.0,0.0,0.0,8.0,0.0
256,275,RMP,baseline,4304.0,768.0,2048.0,256.0,0.0,0.0,1088.0,136.0,0.0,0.0,0.0,8.0,0.0
256,275,RMP,optimized,3472.0,768.0,0.0,256.0,2048.0,128.0,128.0,136.0,0.0,0.0,0.0,8.0,0.0
256,276,RMP,baseline,4304.0,768.0,2048.0,256.0,0.0,0.0,1088.0,136.0,0.0,0.0,0.0,8.0,0.0
256,276,RMP,optimized,3472.0,768.0,0.0,256.0,2048.0,128.0,128.0,136.0,0.0,0.0,0.0,8.0,0.0
256,277,RMP,baseline,4304.0,768.0,2048.0,256.0,0.0,0.0,1088.0,136.0,0.0,0.0,0.0,8.0,0.0
256,277,RMP,optimized,3472.0,768.0,0.0,256.0,2048.0,128.0,128.0,136.0,0.0,0.0,0.0,8.0,0.0
256,278,RMP,baseline,4304.0,768.0,2048.0,256.0,0.0,0.0,1088.0,136.0,0.0,0.0,0.0,8.0,0.0
256,278,RMP,optimized,3472.0,768.0,0.0,256.0,2048.0,128.0,128.0,136.0,0.0,0.0,0.0,8.0,0.0
256,279,RMP,baseline,4304.0,768.0,2048.0,256.0,0.0,0.0,1088.0,136.0,0.0,0.0,0.0,8.0,0.0
256,279,RMP,optimized,3472.0,768.0,0.0,256.0,2048.0,128.0,128.0,136.0,0.0,0.0,0.0,8.0,0.0
256,280,RMP,baseline,4304.0,768.0,2048.0,256.0,0.0,0.0,1088.0,136.0,0.0,0.0,0.0,8.0,0.0
256,280,RMP,optimized,3472.0,768.0,0.0,256.0,2048.0,128.0,128.0,136.0,0.0,0.0,0.0,8.0,0.0
256,281,RMP,baseline,4304.0,768.0,2048.0,256.0,0.0,0.0,1088.0,136.0,0.0,0.0,0.0,8.0,0.0
256,281,RMP,optimized,3472.0,768.0,0.0,256.0,2048.0,128.0,128.0,136.0,0.0,0.0,0.0,8.0,0.0
256,282,RMP,baseline,4304.0,768.0,2048.0,256.0,0.0,0.0,1088.0,136.0,0.0,0.0,0.0,8.0,0.0
256,282,RMP,optimized,3472.0,768.0,0.0,256.0,2048.0,128.0,128.0,136.0,0.0,0.0,0.0,8.0,0.0
256,283,RMP,baseline,4304.0,768.0,2048.0,256.0,0.0,0.0,1088.0,136.0,0.0,0.0,0.0,8.0,0.0
256,283,RMP,optimized,3472.0,768.0,0.0,256.0,2048.0,128.0,128.0,136.0,0.0,0.0,0.0,8.0,0.0
256,284,RMP,baseline,4304.0,768.0,2048.0,256.0,0.0,0.0,1088.0,136.0,0.0,0.0,0.0,8.0,0.0
256,284,RMP,optimized,3472.0,768.0,0.0,256.0,2048.0,128.0,128.0,136.0,0.0,0.0,0.0,8.0,0.0
256,285,RMP,baseline,4304.0,768.0,2048.0,256.0,0.0,0.0,1088.0,136.0,0.0,0.0,0.0,8.0,0.0
256,285,RMP,optimized,3472.0,768.0,0.0,256.0,2048.0,128.0,128.0,136.0,0.0,0.0,0.0,8.0,0.0
256,286,RMP,baseline,4304.0,768.0,2048.0,256.0,0.0,0.0,1088.0,136.0,0.0,0.0,0.0,8.0,0.0
256,286,RMP,optimized,3472.0,768.0,0.0,256.0,2048.0,128.0,128.0,136.0,0.0,0.0,0.0,8.0,0.0
256,287,RMP,baseline,4304.0,768.0,2048.0,256.0,0.0,0.0,1088.0,136.0,0.0,0.0,0.0,8.0,0.0
256,287,RMP,optimized,3472.0,768.0,0.0,256.0,2048.0,128.0,128.0,136.0,0.0,0.0,0.0,8.0,0.0
256,288,RMP,baseline,4304.0,768.0,2048.0,256.0,0.0,0.0,1088.0,136.0,0.0,0.0,0.0,8.0,0.0
256,288,RMP,optimized,3472.0,768.0,0.0,256.0,2048.0,128.0,128.0,136.0,0.0,0.0,0.0,8.0,0.0
256,289,RMP,baseline,4304.0,768.0,2048.0,256.0,0.0,0.0,1088.0,136.0,0.0,0.0,0.0,8.0,0.0
256,289,RMP,optimized,3472.0,768.0,0.0,256.0,2048.0,128.0,128.0,136.0,0.0,0.0,0.0,8.0,0.0
256,290,RMP,baseline,4304.0,768.0,2048.0,256.0,0.0,0.0,1088.0,136.0,0.0,0.0,0.0,8.0,0.0
256,290,RMP,optimized,3472.0,768.0,0.0,256.0,2048.0,128.0,128.0,136.0,0.0,0.0,0.0,8.0,0.0
256,291,RMP,baseline,4304.0,768.0,2048.0,256.0,0.0,0.0,1088.0,136.0,0.0,0.0,0.0,8.0,0.0
256,291,RMP,optimized,3472.0,768.0,0.0,256.0,2048.0,128.0,128.0,136.0,0.0,0.0,0.0,8.0,0.0
256,292,RMP,baseline,4304.0,768.0,2048.0,256.0,0.0,0.0,1088.0,136.0,0.0,0.0,0.0,8.0,0.0
256,292,RMP,optimized,3472.0,768.0,0.0,256.0,2048.0,128.0,128.0,136.0,0.0,0.0,0.0,8.0,0.0
256,293,RMP,baseline,4304.0,768.0,2048.0,256.0,0.0,0.0,1088.0,136.0,0.0,0.0,0.0,8.0,0.0
256,293,RMP,optimized,3472.0,768.0,0.0,256.0,2048.0,128.0,128.0,136.0,0.0,0.0,0.0,8.0,0.0
256,294,RMP,baseline,4304.0,768.0,2048.0,256.0,0.0,0.0,1088.0,136.0,0.0,0.0,0.0,8.0,0.0
256,294,RMP,optimized,3472.0,768.0,0.0,256.0,2048.0,128.0,128.0,136.0,0.0,0.0,0.0,8.0,0.0
256,295,RMP,baseline,4304.0,768.0,2048.0,256.0,0.0,0.0,1088.0,136.0,0.0,0.0,0.0,8.0,0.0
256,295,RMP,optimized,3472.0,768.0,0.0,256.0,2048.0,128.0,128.0,136.0,0.0,0.0,0.0,8.0,0.0
256,296,RMP,baseline,4304.0,768.0,2048.0,256.0,0.0,0.0,1088.0,136.0,0.0,0.0,0.0,8.0,0.0
256,296,RMP,optimized,3472.0,768.0,0.0,256.0,2048.0,128.0,128.0,136.0,0.0,0.0,0.0,8.0,0.0
256,297,RMP,baseline,4304.0,768.0,2048.0,256.0,0.0,0.0,1088.0,136.0,0.0,0.0,0.0,8.0,0.0
256,297,RMP,optimized,3472.0,768.0,0.0,256.0,2048.0,128.0,128.0,136.0,0.0,0.0,0.0,8.0,0.0
256,298,RMP,baseline,4304.0,768.0,2048.0,256.0,0.0,0.0,1088.0,136.0,0.0,0.0,0.0,8.0,0.0
256,298,RMP,optimized,3472.0,768.0,0.0,256.0,2048.0,128.0,128.0,136.0,0.0,0.0,0.0,8.0,0.0
256,299,RMP,baseline,4304.0,768.0,2048.0,256.0,0.0,0.0,1088.0,136.0,0.0,0.0,0.0,8.0,0.0
256,299,RMP,optimized,3472.0,768.0,0.0,256.0,2048.0,128.0,128.0,136.0,0.0,0.0,0.0,8.0,0.0
384,0,RMP,baseline,5456.0,768.0,3072.0,384.0,0.0,0.0,1088.0,136.0,0.0,0.0,0.0,8.0,0.0
384,0,RMP,optimized,3600.0,768.0,0.0,384.0,2048.0,128.0,128.0,136.0,0.0,0.0,0.0,8.0,0.0
384,1,RMP,baseline,5456.0,768.0,3072.0,384.0,0.0,0.0,1088.0,136.0,0.0,0.0,0.0,8.0,0.0
384,1,RMP,optimized,3600.0,768.0,0.0,384.0,2048.0,128.0,128.0,136.0,0.0,0.0,0.0,8.0,0.0
384,2,RMP,baseline,5456.0,768.0,3072.0,384.0,0.0,0.0,1088.0,136.0,0.0,0.0,0.0,8.0,0.0
384,2,RMP,optimized,3600.0,768.0,0.0,384.0,2048.0,128.0,128.0,136.0,0.0,0.0,0.0,8.0,0.0
384,3,RMP,baseline,5456.0,768.0,3072.0,384.0,0.0,0.0,1088.0,136.0,0.0,0.0,0.0,8.0,0.0
384,3,RMP,optimized,3600.0,768.0,0.0,384.0,2048.0,128.0,128.0,136.0,0.0,0.0,0.0,8.0,0.0
384,4,RMP,baseline,5456.0,768.0,3072.0,384.0,0.0,0.0,1088.0,136.0,0.0,0.0,0.0,8.0,0.0
384,4,RMP,optimized,3600.0,768.0,0.0,384.0,2048.0,128.0,128.0,136.0,0.0,0.0,0.0,8.0,0.0
384,5,RMP,baseline,5456.0,768.0,3072.0,384.0,0.0,0.0,1088.0,136.0,0.0,0.0,0.0,8.0,0.0
384,5,RMP,optimized,3600.0,768.0,0.0,384.0,2048.0,128.0,128.0,136.0,0.0,0.0,0.0,8.0,0.0
384,6,RMP,baseline,5456.0,768.0,3072.0,384.0,0.0,0.0,1088.0,136.0,0.0,0.0,0.0,8.0,0.0
384,6,RMP,optimized,3600.0,768.0,0.0,384.0,2048.0,128.0,128.0,136.0,0.0,0.0,0.0,8.0,0.0
384,7,RMP,baseline,5456.0,768.0,3072.0,384.0,0.0,0.0,1088.0,136.0,0.0,0.0,0.0,8.0,0.0
384,7,RMP,optimized,3600.0,768.0,0.0,384.0,2048.0,128.0,128.0,136.0,0.0,0.0,0.0,8.0,0.0
384,8,RMP,baseline,5456.0,768.0,3072.0,384.0,0.0,0.0,1088.0,136.0,0.0,0.0,0.0,8.0,0.0
384,8,RMP,optimized,3600.0,768.0,0.0,384.0,2048.0,128.0,128.0,136.0,0.0,0.0,0.0,8.0,0.0
384,9,RMP,baseline,5456.0,768.0,3072.0,384.0,0.0,0.0,1088.0,136.0,0.0,0.0,0.0,8.0,0.0
384,9,RMP,optimized,3600.0,768.0,0.0,384.0,2048.0,128.0,128.0,136.0,0.0,0.0,0.0,8.0,0.0
384,10,RMP,baseline,5456.0,768.0,3072.0,384.0,0.0,0.0,1088.0,136.0,0.0,0.0,0.0,8.0,0.0
384,10,RMP,optimized,3600.0,768.0,0.0,384.0,2048.0,128.0,128.0,136.0,0.0,0.0,0.0,8.0,0.0
384,11,RMP,baseline,5456.0,768.0,3072.0,384.0,0.0,0.0,1088.0,136.0,0.0,0.0,0.0,8.0,0.0
384,11,RMP,optimized,3600.0,768.0,0.0,384.0,2048.0,128.0,128.0,136.0,0.0,0.0,0.0,8.0,0.0
384,12,RMP,baseline,5456.0,768.0,3072.0,384.0,0.0,0.0,1088.0,136.0,0.0,0.0,0.0,8.0,0.0
384,12,RMP,optimized,3600.0,768.0,0.0,384.0,2048.0,128.0,128.0,136.0,0.0,0.0,0.0,8.0,0.0
384,13,RMP,baseline,5456.0,768.0,3072.0,384.0,0.0,0.0,1088.0,136.0,0.0,0.0,0.0,8.0,0.0
384,13,RMP,optimized,3600.0,768.0,0.0,384.0,2048.0,128.0,128.0,136.0,0.0,0.0,0.0,8.0,0.0
384,14,RMP,baseline,5456.0,768.0,3072.0,384.0,0.0,0.0,1088.0,136.0,0.0,0.0,0.0,8.0,0.0
384,14,RMP,optimized,3600.0,768.0,0.0,384.0,2048.0,128.0,128.0,136.0,0.0,0.0,0.0,8.0,0.0
384,15,RMP,baseline,5456.0,768.0,3072.0,384.0,0.0,0.0,1088.0,136.0,0.0,0.0,0.0,8.0,0.0
384,15,RMP,optimized,3600.0,768.0,0.0,384.0,2048.0,128.0,128.0,136.0,0.0,0.0,0.0,8.0,0.0
384,16,RMP,baseline,5456.0,768.0,3072.0,384.0,0.0,0.0,1088.0,136.0,0.0,0.0,0.0,8.0,0.0
384,16,RMP,optimized,3600.0,768.0,0.0,384.0,2048.0,128.0,128.0,136.0,0.0,0.0,0.0,8.0,0.0
384,17,RMP,baseline,5456.0,768.0,3072.0,384.0,0.0,0.0,1088.0,136.0,0.0,0.0,0.0,8.0,0.0
384,17,RMP,optimized,3600.0,768.0,0.0,384.0,2048.0,128.0,128.0,136.0,0.0,0.0,0.0,8.0,0.0
384,18,RMP,baseline,5456.0,768.0,3072.0,384.0,0.0,0.0,1088.0,136.0,0.0,0.0,0.0,8.0,0.0
384,18,RMP,optimized,3600.0,768.0,0.0,384.0,2048.0,128.0,128.0,136.0,0.0,0.0,0.0,8.0,0.0
384,19,RMP,baseline,5456.0,768.0,3072.0,384.0,0.0,0.0,1088.0,136.0,0.0,0.0,0.0,8.0,0.0
384,19,RMP,optimized,3600.0,768.0,0.0,384.0,2048.0,128.0,128.0,136.0,0.0,0.0,0.0,8.0,0.0
384,20,RMP,baseline,5456.0,768.0,3072.0,384.0,0.0,0.0,1088.0,136.0,0.0,0.0,0.0,8.0,0.0
384,20,RMP,optimized,3600.0,768.0,0.0,384.0,2048.0,128.0,128.0,136.0,0.0,0.0,0.0,8.0,0.0
384,21,RMP,baseline,5456.0,768.0,3072.0,384.0,0.0,0.0,1088.0,136.0,0.0,0.0,0.0,8.0,0.0
384,21,RMP,optimized,3600.0,768.0,0.0,384.0,2048.0,128.0,128.0,136.0,0.0,0.0,0.0,8.0,0.0
384,22,RMP,baseline,5456.0,768.0,3072.0,384.0,0.0,0.0,1088.0,136.0,0.0,0.0,0.0,8.0,0.0
384,22,RMP,optimized,3600.0,768.0,0.0,384.0,2048.0,128.0,128.0,136.0,0.0,0.0,0.0,8.0,0.0
384,23,RMP,baseline,5456.0,768.0,3072.0,384.0,0.0,0.0,1088.0,136.0,0.0,0.0,0.0,8.0,0.0
384,23,RMP,optimized,3600.0,768.0,0.0,384.0,2048.0,128.0,128.0,136.0,0.0,0.0,0.0,8.0,0.0
384,24,RMP,baseline,5456.0,768.0,3072.0,384.0,0.0,0.0,1088.0,136.0,0.0,0.0,0.0,8.0,0.0
384,24,RMP,optimized,3600.0,768.0,0.0,384.0,2048.0,128.0,128.0,136.0,0.0,0.0,0.0,8.0,0.0
384,25,RMP,baseline,5456.0,768.0,3072.0,384.0,0.0,0.0,1088.0,136.0,0.0,0.0,0.0,8.0,0.0
384,25,RMP,optimized,3600.0,768.0,0.0,384.0,2048.0,128.0,128.0,136.0,0.0,0.0,0.0,8.0,0.0
384,26,RMP,baseline,5456.0,768.0,3072.0,384.0,0.0,0.0,1088.0,136.0,0.0,0.0,0.0,8.0,0.0
384,26,RMP,optimized,3600.0,768.0,0.0,384.0,2048.0,128.0,128.0,136.0,0.0,0.0,0.0,8.0,0.0
384,27,RMP,baseline,5456.0,768.0,3072.0,384.0,0.0,0.0,1088.0,136.0,0.0,0.0,0.0,8.0,0.0
384,27,RMP,optimized,3600.0,768.0,0.0,384.0,2048.0,128.0,128.0,136.0,0.0,0.0,0.0,8.0,0.0
384,28,RMP,baseline,5456.0,768.0,3072.0,384.0,0.0,0.0,1088.0,136.0,0.0,0.0,0.0,8.0,0.0
384,28,RMP,optimized,3600.0,768.0,0.0,384.0,2048.0,128.0,128.0,136.0,0.0,0.0,0.0,8.0,0.0
384,29,RMP,baseline,5456.0,768.0,3072.0,384.0,0.0,0.0,1088.0,136.0,0.0,0.0,0.0,8.0,0.0
384,29,RMP,optimized,3600.0,768.0,0.0,384.0,2048.0,128.0,128.0,136.0,0.0,0.0,0.0,8.0,0.0
384,30,RMP,baseline,5456.0,768.0,3072.0,384.0,0.0,0.0,1088.0,136.0,0.0,0.0,0.0,8.0,0.0
384,30,RMP,optimized,3600.0,768.0,0.0,384.0,2048.0,128.0,128.0,136.0,0.0,0.0,0.0,8.0,0.0
384,31,RMP,baseline,5456.0,768.0,3072.0,384.0,0.0,0.0,1088.0,136.0,0.0,0.0,0.0,8.0,0.0
384,31,RMP,optimized,3600.0,768.0,0.0,384.0,2048.0,128.0,128.0,136.0,0.0,0.0,0.0,8.0,0.0
384,32,RMP,baseline,5456.0,768.0,3072.0,384.0,0.0,0.0,1088.0,136.0,0.0,0.0,0.0,8.0,0.0
384,32,RMP,optimized,3600.0,768.0,0.0,384.0,2048.0,128.0,128.0,136.0,0.0,0.0,0.0,8.0,0.0
384,33,RMP,baseline,5456.0,768.0,3072.0,384.0,0.0,0.0,1088.0,136.0,0.0,0.0,0.0,8.0,0.0
384,33,RMP,optimized,3600.0,768.0,0.0,384.0,2048.0,128.0,128.0,136.0,0.0,0.0,0.0,8.0,0.0
384,34,RMP,baseline,5456.0,768.0,3072.0,384.0,0.0,0.0,1088.0,136.0,0.0,0.0,0.0,8.0,0.0
384,34,RMP,optimized,3600.0,768.0,0.0,384.0,2048.0,128.0,128.0,136.0,0.0,0.0,0.0,8.0,0.0
384,35,RMP,baseline,5456.0,768.0,3072.0,384.0,0.0,0.0,1088.0,136.0,0.0,0.0,0.0,8.0,0.0
384,35,RMP,optimized,3600.0,768.0,0.0,384.0,2048.0,128.0,128.0,136.0,0.0,0.0,0.0,8.0,0.0
384,36,RMP,baseline,5456.0,768.0,3072.0,384.0,0.0,0.0,1088.0,136.0,0.0,0.0,0.0,8.0,0.0
384,36,RMP,optimized,3600.0,768.0,0.0,384.0,2048.0,128.0,128.0,136.0,0.0,0.0,0.0,8.0,0.0
384,37,RMP,baseline,5456.0,768.0,3072.0,384.0,0.0,0.0,1088.0,136.0,0.0,0.0,0.0,8.0,0.0
384,37,RMP,optimized,3600.0,768.0,0.0,384.0,2048.0,128.0,128.0,136.0,0.0,0.0,0.0,8.0,0.0
384,38,RMP,baseline,5456.0,768.0,3072.0,384.0,0.0,0.0,1088.0,136.0,0.0,0.0,0.0,8.0,0.0
384,38,RMP,optimized,3600.0,768.0,0.0,384.0,2048.0,128.0,128.0,136.0,0.0,0.0,0.0,8.0,0.0
384,39,RMP,baseline,5456.0,768.0,3072.0,384.0,0.0,0.0,1088.0,136.0,0.0,0.0,0.0,8.0,0.0
384,39,RMP,optimized,3600.0,768.0,0.0,384.0,2048.0,128.0,128.0,136.0,0.0,0.0,0.0,8.0,0.0
384,40,RMP,baseline,5456.0,768.0,3072.0,384.0,0.0,0.0,1088.0,136.0,0.0,0.0,0.0,8.0,0.0
384,40,RMP,optimized,3600.0,768.0,0.0,384.0,2048.0,128.0,128.0,136.0,0.0,0.0,0.0,8.0,0.0
384,41,RMP,baseline,5456.0,768.0,3072.0,384.0,0.0,0.0,1088.0,136.0,0.0,0.0,0.0,8.0,0.0
384,41,RMP,optimized,3600.0,768.0,0.0,384.0,2048.0,128.0,128.0,136.0,0.0,0.0,0.0,8.0,0.0
384,42,RMP,baseline,5456.0,768.0,3072.0,384.0,0.0,0.0,1088.0,136.0,0.0,0.0,0.0,8.0,0.0
384,42,RMP,optimized,3600.0,768.0,0.0,384.0,2048.0,128.0,128.0,136.0,0.0,0.0,0.0,8.0,0.0
384,43,RMP,baseline,5456.0,768.0,3072.0,384.0,0.0,0.0,1088.0,136.0,0.0,0.0,0.0,8.0,0.0
384,43,RMP,optimized,3600.0,768.0,0.0,384.0,2048.0,128.0,128.0,136.0,0.0,0.0,0.0,8.0,0.0
384,44,RMP,baseline,5456.0,768.0,3072.0,384.0,0.0,0.0,1088.0,136.0,0.0,0.0,0.0,8.0,0.0
384,44,RMP,optimized,3600.0,768.0,0.0,384.0,2048.0,128.0,128.0,136.0,0.0,0.0,0.0,8.0,0.0
384,45,RMP,baseline,5456.0,768.0,3072.0,384.0,0.0,0.0,1088.0,136.0,0.0,0.0,0.0,8.0,0.0
384,45,RMP,optimized,3600.0,768.0,0.0,384.0,2048.0,128.0,128.0,136.0,0.0,0.0,0.0,8.0,0.0
384,46,RMP,baseline,5456.0,768.0,3072.0,384.0,0.0,0.0,1088.0,136.0,0.0,0.0,0.0,8.0,0.0
384,46,RMP,optimized,3600.0,768.0,0.0,384.0,2048.0,128.0,128.0,136.0,0.0,0.0,0.0,8.0,0.0
384,47,RMP,baseline,5456.0,768.0,3072.0,384.0,0.0,0.0,1088.0,136.0,0.0,0.0,0.0,8.0,0.0
384,47,RMP,optimized,3600.0,768.0,0.0,384.0,2048.0,128.0,128.0,136.0,0.0,0.0,0.0,8.0,0.0
384,48,RMP,baseline,5456.0,768.0,3072.0,384.0,0.0,0.0,1088.0,136.0,0.0,0.0,0.0,8.0,0.0
384,48,RMP,optimized,3600.0,768.0,0.0,384.0,2048.0,128.0,128.0,136.0,0.0,0.0,0.0,8.0,0.0
384,49,RMP,baseline,5456.0,768.0,3072.0,384.0,0.0,0.0,1088.0,136.0,0.0,0.0,0.0,8.0,0.0
384,49,RMP,optimized,3600.0,768.0,0.0,384.0,2048.0,128.0,128.0,136.0,0.0,0.0,0.0,8.0,0.0
384,50,RMP,baseline,5456.0,768.0,3072.0,384.0,0.0,0.0,1088.0,136.0,0.0,0.0,0.0,8.0,0.0
384,50,RMP,optimized,3600.0,768.0,0.0,384.0,2048.0,128.0,128.0,136.0,0.0,0.0,0.0,8.0,0.0
384,51,RMP,baseline,5456.0,768.0,3072.0,384.0,0.0,0.0,1088.0,136.0,0.0,0.0,0.0,8.0,0.0
384,51,RMP,optimized,3600.0,768.0,0.0,384.0,2048.0,128.0,128.0,136.0,0.0,0.0,0.0,8.0,0.0
384,52,RMP,baseline,5456.0,768.0,3072.0,384.0,0.0,0.0,1088.0,136.0,0.0,0.0,0.0,8.0,0.0
384,52,RMP,optimized,3600.0,768.0,0.0,384.0,2048.0,128.0,128.0,136.0,0.0,0.0,0.0,8.0,0.0
384,53,RMP,baseline,5456.0,768.0,3072.0,384.0,0.0,0.0,1088.0,136.0,0.0,0.0,0.0,8.0,0.0
384,53,RMP,optimized,3600.0,768.0,0.0,384.0,2048.0,128.0,128.0,136.0,0.0,0.0,0.0,8.0,0.0
384,54,RMP,baseline,5456.0,768.0,3072.0,384.0,0.0,0.0,1088.0,136.0,0.0,0.0,0.0,8.0,0.0
384,54,RMP,optimized,3600.0,768.0,0.0,384.0,2048.0,128.0,128.0,136.0,0.0,0.0,0.0,8.0,0.0
384,55,RMP,baseline,5456.0,768.0,3072.0,384.0,0.0,0.0,1088.0,136.0,0.0,0.0,0.0,8.0,0.0
384,55,RMP,optimized,3600.0,768.0,0.0,384.0,2048.0,128.0,128.0,136.0,0.0,0.0,0.0,8.0,0.0
384,56,RMP,baseline,5456.0,768.0,3072.0,384.0,0.0,0.0,1088.0,136.0,0.0,0.0,0.0,8.0,0.0
384,56,RMP,optimized,3600.0,768.0,0.0,384.0,2048.0,128.0,128.0,136.0,0.0,0.0,0.0,8.0,0.0
384,57,RMP,baseline,5456.0,768.0,3072.0,384.0,0.0,0.0,1088.0,136.0,0.0,0.0,0.0,8.0,0.0
384,57,RMP,optimized,3600.0,768.0,0.0,384.0,2048.0,128.0,128.0,136.0,0.0,0.0,0.0,8.0,0.0
384,58,RMP,baseline,5456.0,768.0,3072.0,384.0,0.0,0.0,1088.0,136.0,0.0,0.0,0.0,8.0,0.0
384,58,RMP,optimized,3600.0,768.0,0.0,384.0,2048.0,128.0,128.0,136.0,0.0,0.0,0.0,8.0,0.0
384,59,RMP,baseline,5456.0,768.0,3072.0,384.0,0.0,0.0,1088.0,136.0,0.0,0.0,0.0,8.0,0.0
384,59,RMP,optimized,3600.0,768.0,0.0,384.0,2048.0,128.0,128.0,136.0,0.0,0.0,0.0,8.0,0.0
384,60,RMP,baseline,5456.0,768.0,3072.0,384.0,0.0,0.0,1088.0,136.0,0.0,0.0,0.0,8.0,0.0
384,60,RMP,optimized,3600.0,768.0,0.0,384.0,2048.0,128.0,128.0,136.0,0.0,0.0,0.0,8.0,0.0
384,61,RMP,baseline,5456.0,768.0,3072.0,384.0,0.0,0.0,1088.0,136.0,0.0,0.0,0.0,8.0,0.0
384,61,RMP,optimized,3600.0,768.0,0.0,384.0,2048.0,128.0,128.0,136.0,0.0,0.0,0.0,8.0,0.0
384,62,RMP,baseline,5456.0,768.0,3072.0,384.0,0.0,0.0,1088.0,136.0,0.0,0.0,0.0,8.0,0.0
384,62,RMP,optimized,3600.0,768.0,0.0,384.0,2048.0,128.0,128.0,136.0,0.0,0.0,0.0,8.0,0.0
384,63,RMP,baseline,5456.0,768.0,3072.0,384.0,0.0,0.0,1088.0,136.0,0.0,0.0,0.0,8.0,0.0
384,63,RMP,optimized,3600.0,768.0,0.0,384.0,2048.0,128.0,128.0,136.0,0.0,0.0,0.0,8.0,0.0
384,64,RMP,baseline,5456.0,768.0,3072.0,384.0,0.0,0.0,1088.0,136.0,0.0,0.0,0.0,8.0,0.0
384,64,RMP,optimized,3600.0,768.0,0.0,384.0,2048.0,128.0,128.0,136.0,0.0,0.0,0.0,8.0,0.0
384,65,RMP,baseline,5456.0,768.0,3072.0,384.0,0.0,0.0,1088.0,136.0,0.0,0.0,0.0,8.0,0.0
384,65,RMP,optimized,3600.0,768.0,0.0,384.0,2048.0,128.0,128.0,136.0,0.0,0.0,0.0,8.0,0.0
384,66,RMP,baseline,5456.0,768.0,3072.0,384.0,0.0,0.0,1088.0,136.0,0.0,0.0,0.0,8.0,0.0
384,66,RMP,optimized,3600.0,768.0,0.0,384.0,2048.0,128.0,128.0,136.0,0.0,0.0,0.0,8.0,0.0
384,67,RMP,baseline,5456.0,768.0,3072.0,384.0,0.0,0.0,1088.0,136.0,0.0,0.0,0.0,8.0,0.0
384,67,RMP,optimized,3600.0,768.0,0.0,384.0,2048.0,128.0,128.0,136.0,0.0,0.0,0.0,8.0,0.0
384,68,RMP,baseline,5456.0,768.0,3072.0,384.0,0.0,0.0,1088.0,136.0,0.0,0.0,0.0,8.0,0.0
384,68,RMP,optimized,3600.0,768.0,0.0,384.0,2048.0,128.0,128.0,136.0,0.0,0.0,0.0,8.0,0.0
384,69,RMP,baseline,5456.0,768.0,3072.0,384.0,0.0,0.0,1088.0,136.0,0.0,0.0,0.0,8.0,0.0
384,69,RMP,optimized,3600.0,768.0,0.0,384.0,2048.0,128.0,128.0,136.0,0.0,0.0,0.0,8.0,0.0
384,70,RMP,baseline,5456.0,768.0,3072.0,384.0,0.0,0.0,1088.0,136.0,0.0,0.0,0.0,8.0,0.0
384,70,RMP,optimized,3600.0,768.0,0.0,384.0,2048.0,128.0,128.0,136.0,0.0,0.0,0.0,8.0,0.0
384,71,RMP,baseline,5456.0,768.0,3072.0,384.0,0.0,0.0,1088.0,136.0,0.0,0.0,0.0,8.0,0.0
384,71,RMP,optimized,3600.0,768.0,0.0,384.0,2048.0,128.0,128.0,136.0,0.0,0.0,0.0,8.0,0.0
384,72,RMP,baseline,5456.0,768.0,3072.0,384.0,0.0,0.0,1088.0,136.0,0.0,0.0,0.0,8.0,0.0
384,72,RMP,optimized,3600.0,768.0,0.0,384.0,2048.0,128.0,128.0,136.0,0.0,0.0,0.0,8.0,0.0
384,73,RMP,baseline,5456.0,768.0,3072.0,384.0,0.0,0.0,1088.0,136.0,0.0,0.0,0.0,8.0,0.0
384,73,RMP,optimized,3600.0,768.0,0.0,384.0,2048.0,128.0,128.0,136.0,0.0,0.0,0.0,8.0,0.0
384,74,RMP,baseline,5456.0,768.0,3072.0,384.0,0.0,0.0,1088.0,136.0,0.0,0.0,0.0,8.0,0.0
384,74,RMP,optimized,3600.0,768.0,0.0,384.0,2048.0,128.0,128.0,136.0,0.0,0.0,0.0,8.0,0.0
384,75,RMP,baseline,5456.0,768.0,3072.0,384.0,0.0,0.0,1088.0,136.0,0.0,0.0,0.0,8.0,0.0
384,75,RMP,optimized,3600.0,768.0,0.0,384.0,2048.0,128.0,128.0,136.0,0.0,0.0,0.0,8.0,0.0
384,76,RMP,baseline,5456.0,768.0,3072.0,384.0,0.0,0.0,1088.0,136.0,0.0,0.0,0.0,8.0,0.0
384,76,RMP,optimized,3600.0,768.0,0.0,384.0,2048.0,128.0,128.0,136.0,0.0,0.0,0.0,8.0,0.0
384,77,RMP,baseline,5456.0,768.0,3072.0,384.0,0.0,0.0,1088.0,136.0,0.0,0.0,0.0,8.0,0.0
384,77,RMP,optimized,3600.0,768.0,0.0,384.0,2048.0,128.0,128.0,136.0,0.0,0.0,0.0,8.0,0.0
384,78,RMP,baseline,5456.0,768.0,3072.0,384.0,0.0,0.0,1088.0,136.0,0.0,0.0,0.0,8.0,0.0
384,78,RMP,optimized,3600.0,768.0,0.0,384.0,2048.0,128.0,128.0,136.0,0.0,0.0,0.0,8.0,0.0
384,79,RMP,baseline,5456.0,768.0,3072.0,384.0,0.0,0.0,1088.0,136.0,0.0,0.0,0.0,8.0,0.0
384,79,RMP,optimized,3600.0,768.0,0.0,384.0,2048.0,128.0,128.0,136.0,0.0,0.0,0.0,8.0,0.0
384,80,RMP,baseline,5456.0,768.0,3072.0,384.0,0.0,0.0,1088.0,136.0,0.0,0.0,0.0,8.0,0.0
384,80,RMP,optimized,3600.0,768.0,0.0,384.0,2048.0,128.0,128.0,136.0,0.0,0.0,0.0,8.0,0.0
384,81,RMP,baseline,5456.0,768.0,3072.0,384.0,0.0,0.0,1088.0,136.0,0.0,0.0,0.0,8.0,0.0
384,81,RMP,optimized,3600.0,768.0,0.0,384.0,2048.0,128.0,128.0,136.0,0.0,0.0,0.0,8.0,0.0
384,82,RMP,baseline,5456.0,768.0,3072.0,384.0,0.0,0.0,1088.0,136.0,0.0,0.0,0.0,8.0,0.0
384,82,RMP,optimized,3600.0,768.0,0.0,384.0,2048.0,128.0,128.0,136.0,0.0,0.0,0.0,8.0,0.0
384,83,RMP,baseline,5456.0,768.0,3072.0,384.0,0.0,0.0,1088.0,136.0,0.0,0.0,0.0,8.0,0.0
384,83,RMP,optimized,3600.0,768.0,0.0,384.0,2048.0,128.0,128.0,136.0,0.0,0.0,0.0,8.0,0.0
384,84,RMP,baseline,5456.0,768.0,3072.0,384.0,0.0,0.0,1088.0,136.0,0.0,0.0,0.0,8.0,0.0
384,84,RMP,optimized,3600.0,768.0,0.0,384.0,2048.0,128.0,128.0,136.0,0.0,0.0,0.0,8.0,0.0
384,85,RMP,baseline,5456.0,768.0,3072.0,384.0,0.0,0.0,1088.0,136.0,0.0,0.0,0.0,8.0,0.0
384,85,RMP,optimized,3600.0,768.0,0.0,384.0,2048.0,128.0,128.0,136.0,0.0,0.0,0.0,8.0,0.0
384,86,RMP,baseline,5456.0,768.0,3072.0,384.0,0.0,0.0,1088.0,136.0,0.0,0.0,0.0,8.0,0.0
384,86,RMP,optimized,3600.0,768.0,0.0,384.0,2048.0,128.0,128.0,136.0,0.0,0.0,0.0,8.0,0.0
384,87,RMP,baseline,5456.0,768.0,3072.0,384.0,0.0,0.0,1088.0,136.0,0.0,0.0,0.0,8.0,0.0
384,87,RMP,optimized,3600.0,768.0,0.0,384.0,2048.0,128.0,128.0,136.0,0.0,0.0,0.0,8.0,0.0
384,88,RMP,baseline,5456.0,768.0,3072.0,384.0,0.0,0.0,1088.0,136.0,0.0,0.0,0.0,8.0,0.0
384,88,RMP,optimized,3600.0,768.0,0.0,384.0,2048.0,128.0,128.0,136.0,0.0,0.0,0.0,8.0,0.0
384,89,RMP,baseline,5456.0,768.0,3072.0,384.0,0.0,0.0,1088.0,136.0,0.0,0.0,0.0,8.0,0.0
384,89,RMP,optimized,3600.0,768.0,0.0,384.0,2048.0,128.0,128.0,136.0,0.0,0.0,0.0,8.0,0.0
384,90,RMP,baseline,5456.0,768.0,3072.0,384.0,0.0,0.0,1088.0,136.0,0.0,0.0,0.0,8.0,0.0
384,90,RMP,optimized,3600.0,768.0,0.0,384.0,2048.0,128.0,128.0,136.0,0.0,0.0,0.0,8.0,0.0
384,91,RMP,baseline,5456.0,768.0,3072.0,384.0,0.0,0.0,1088.0,136.0,0.0,0.0,0.0,8.0,0.0
384,91,RMP,optimized,3600.0,768.0,0.0,384.0,2048.0,128.0,128.0,136.0,0.0,0.0,0.0,8.0,0.0
384,92,RMP,baseline,5456.0,768.0,3072.0,384.0,0.0,0.0,1088.0,136.0,0.0,0.0,0.0,8.0,0.0
384,92,RMP,optimized,3600.0,768.0,0.0,384.0,2048.0,128.0,128.0,136.0,0.0,0.0,0.0,8.0,0.0
384,93,RMP,baseline,5456.0,768.0,3072.0,384.0,0.0,0.0,1088.0,136.0,0.0,0.0,0.0,8.0,0.0
384,93,RMP,optimized,3600.0,768.0,0.0,384.0,2048.0,128.0,128.0,136.0,0.0,0.0,0.0,8.0,0.0
384,94,RMP,baseline,5456.0,768.0,3072.0,384.0,0.0,0.0,1088.0,136.0,0.0,0.0,0.0,8.0,0.0
384,94,RMP,optimized,3600.0,768.0,0.0,384.0,2048.0,128.0,128.0,136.0,0.0,0.0,0.0,8.0,0.0
384,95,RMP,baseline,5456.0,768.0,3072.0,384.0,0.0,0.0,1088.0,136.0,0.0,0.0,0.0,8.0,0.0
384,95,RMP,optimized,3600.0,768.0,0.0,384.0,2048.0,128.0,128.0,136.0,0.0,0.0,0.0,8.0,0.0
384,96,RMP,baseline,5456.0,768.0,3072.0,384.0,0.0,0.0,1088.0,136.0,0.0,0.0,0.0,8.0,0.0
384,96,RMP,optimized,3600.0,768.0,0.0,384.0,2048.0,128.0,128.0,136.0,0.0,0.0,0.0,8.0,0.0
384,97,RMP,baseline,5456.0,768.0,3072.0,384.0,0.0,0.0,1088.0,136.0,0.0,0.0,0.0,8.0,0.0
384,97,RMP,optimized,3600.0,768.0,0.0,384.0,2048.0,128.0,128.0,136.0,0.0,0.0,0.0,8.0,0.0
384,98,RMP,baseline,5456.0,768.0,3072.0,384.0,0.0,0.0,1088.0,136.0,0.0,0.0,0.0,8.0,0.0
384,98,RMP,optimized,3600.0,768.0,0.0,384.0,2048.0,128.0,128.0,136.0,0.0,0.0,0.0,8.0,0.0
384,99,RMP,baseline,5456.0,768.0,3072.0,384.0,0.0,0.0,1088.0,136.0,0.0,0.0,0.0,8.0,0.0
384,99,RMP,optimized,3600.0,768.0,0.0,384.0,2048.0,128.0,128.0,136.0,0.0,0.0,0.0,8.0,0.0
384,100,RMP,baseline,5456.0,768.0,3072.0,384.0,0.0,0.0,1088.0,136.0,0.0,0.0,0.0,8.0,0.0
384,100,RMP,optimized,3600.0,768.0,0.0,384.0,2048.0,128.0,128.0,136.0,0.0,0.0,0.0,8.0,0.0
384,101,RMP,baseline,5456.0,768.0,3072.0,384.0,0.0,0.0,1088.0,136.0,0.0,0.0,0.0,8.0,0.0
384,101,RMP,optimized,3600.0,768.0,0.0,384.0,2048.0,128.0,128.0,136.0,0.0,0.0,0.0,8.0,0.0
384,102,RMP,baseline,5456.0,768.0,3072.0,384.0,0.0,0.0,1088.0,136.0,0.0,0.0,0.0,8.0,0.0
384,102,RMP,optimized,3600.0,768.0,0.0,384.0,2048.0,128.0,128.0,136.0,0.0,0.0,0.0,8.0,0.0
384,103,RMP,baseline,5456.0,768.0,3072.0,384.0,0.0,0.0,1088.0,136.0,0.0,0.0,0.0,8.0,0.0
384,103,RMP,optimized,3600.0,768.0,0.0,384.0,2048.0,128.0,128.0,136.0,0.0,0.0,0.0,8.0,0.0
384,104,RMP,baseline,5456.0,768.0,3072.0,384.0,0.0,0.0,1088.0,136.0,0.0,0.0,0.0,8.0,0.0
384,104,RMP,optimized,3600.0,768.0,0.0,384.0,2048.0,128.0,128.0,136.0,0.0,0.0,0.0,8.0,0.0
384,105,RMP,baseline,5456.0,768.0,3072.0,384.0,0.0,0.0,1088.0,136.0,0.0,0.0,0.0,8.0,0.0
384,105,RMP,optimized,3600.0,768.0,0.0,384.0,2048.0,128.0,128.0,136.0,0.0,0.0,0.0,8.0,0.0
384,106,RMP,baseline,5456.0,768.0,3072.0,384.0,0.0,0.0,1088.0,136.0,0.0,0.0,0.0,8.0,0.0
384,106,RMP,optimized,3600.0,768.0,0.0,384.0,2048.0,128.0,128.0,136.0,0.0,0.0,0.0,8.0,0.0
384,107,RMP,baseline,5456.0,768.0,3072.0,384.0,0.0,0.0,1088.0,136.0,0.0,0.0,0.0,8.0,0.0
384,107,RMP,optimized,3600.0,768.0,0.0,384.0,2048.0,128.0,128.0,136.0,0.0,0.0,0.0,8.0,0.0
384,108,RMP,baseline,5456.0,768.0,3072.0,384.0,0.0,0.0,1088.0,136.0,0.0,0.0,0.0,8.0,0.0
384,108,RMP,optimized,3600.0,768.0,0.0,384.0,2048.0,128.0,128.0,136.0,0.0,0.0,0.0,8.0,0.0
384,109,RMP,baseline,5456.0,768.0,3072.0,384.0,0.0,0.0,1088.0,136.0,0.0,0.0,0.0,8.0,0.0
384,109,RMP,optimized,3600.0,768.0,0.0,384.0,2048.0,128.0,128.0,136.0,0.0,0.0,0.0,8.0,0.0
384,110,RMP,baseline,5456.0,768.0,3072.0,384.0,0.0,0.0,1088.0,136.0,0.0,0.0,0.0,8.0,0.0
384,110,RMP,optimized,3600.0,768.0,0.0,384.0,2048.0,128.0,128.0,136.0,0.0,0.0,0.0,8.0,0.0
384,111,RMP,baseline,5456.0,768.0,3072.0,384.0,0.0,0.0,1088.0,136.0,0.0,0.0,0.0,8.0,0.0
384,111,RMP,optimized,3600.0,768.0,0.0,384.0,2048.0,128.0,128.0,136.0,0.0,0.0,0.0,8.0,0.0
384,112,RMP,baseline,5456.0,768.0,3072.0,384.0,0.0,0.0,1088.0,136.0,0.0,0.0,0.0,8.0,0.0
384,112,RMP,optimized,3600.0,768.0,0.0,384.0,2048.0,128.0,128.0,136.0,0.0,0.0,0.0,8.0,0.0
384,113,RMP,baseline,5456.0,768.0,3072.0,384.0,0.0,0.0,1088.0,136.0,0.0,0.0,0.0,8.0,0.0
384,113,RMP,optimized,3600.0,768.0,0.0,384.0,2048.0,128.0,128.0,136.0,0.0,0.0,0.0,8.0,0.0
384,114,RMP,baseline,5456.0,768.0,3072.0,384.0,0.0,0.0,1088.0,136.0,0.0,0.0,0.0,8.0,0.0
384,114,RMP,optimized,3600.0,768.0,0.0,384.0,2048.0,128.0,128.0,136.0,0.0,0.0,0.0,8.0,0.0
384,115,RMP,baseline,5456.0,768.0,3072.0,384.0,0.0,0.0,1088.0,136.0,0.0,0.0,0.0,8.0,0.0
384,115,RMP,optimized,3600.0,768.0,0.0,384.0,2048.0,128.0,128.0,136.0,0.0,0.0,0.0,8.0,0.0
384,116,RMP,baseline,5456.0,768.0,3072.0,384.0,0.0,0.0,1088.0,136.0,0.0,0.0,0.0,8.0,0.0
384,116,RMP,optimized,3600.0,768.0,0.0,384.0,2048.0,128.0,128.0,136.0,0.0,0.0,0.0,8.0,0.0
384,117,RMP,baseline,5456.0,768.0,3072.0,384.0,0.0,0.0,1088.0,136.0,0.0,0.0,0.0,8.0,0.0
384,117,RMP,optimized,3600.0,768.0,0.0,384.0,2048.0,128.0,128.0,136.0,0.0,0.0,0.0,8.0,0.0
384,118,RMP,baseline,5456.0,768.0,3072.0,384.0,0.0,0.0,1088.0,136.0,0.0,0.0,0.0,8.0,0.0
384,118,RMP,optimized,3600.0,768.0,0.0,384.0,2048.0,128.0,128.0,136.0,0.0,0.0,0.0,8.0,0.0
384,119,RMP,baseline,5456.0,768.0,3072.0,384.0,0.0,0.0,1088.0,136.0,0.0,0.0,0.0,8.0,0.0
384,119,RMP,optimized,3600.0,768.0,0.0,384.0,2048.0,128.0,128.0,136.0,0.0,0.0,0.0,8.0,0.0
384,120,RMP,baseline,5456.0,768.0,3072.0,384.0,0.0,0.0,1088.0,136.0,0.0,0.0,0.0,8.0,0.0
384,120,RMP,optimized,3600.0,768.0,0.0,384.0,2048.0,128.0,128.0,136.0,0.0,0.0,0.0,8.0,0.0
384,121,RMP,baseline,5456.0,768.0,3072.0,384.0,0.0,0.0,1088.0,136.0,0.0,0.0,0.0,8.0,0.0
384,121,RMP,optimized,3600.0,768.0,0.0,384.0,2048.0,128.0,128.0,136.0,0.0,0.0,0.0,8.0,0.0
384,122,RMP,baseline,5456.0,768.0,3072.0,384.0,0.0,0.0,1088.0,136.0,0.0,0.0,0.0,8.0,0.0
384,122,RMP,optimized,3600.0,768.0,0.0,384.0,2048.0,128.0,128.0,136.0,0.0,0.0,0.0,8.0,0.0
384,123,RMP,baseline,5456.0,768.0,3072.0,384.0,0.0,0.0,1088.0,136.0,0.0,0.0,0.0,8.0,0.0
384,123,RMP,optimized,3600.0,768.0,0.0,384.0,2048.0,128.0,128.0,136.0,0.0,0.0,0.0,8.0,0.0
384,124,RMP,baseline,5456.0,768.0,3072.0,384.0,0.0,0.0,1088.0,136.0,0.0,0.0,0.0,8.0,0.0
384,124,RMP,optimized,3600.0,768.0,0.0,384.0,2048.0,128.0,128.0,136.0,0.0,0.0,0.0,8.0,0.0
384,125,RMP,baseline,5456.0,768.0,3072.0,384.0,0.0,0.0,1088.0,136.0,0.0,0.0,0.0,8.0,0.0
384,125,RMP,optimized,3600.0,768.0,0.0,384.0,2048.0,128.0,128.0,136.0,0.0,0.0,0.0,8.0,0.0
384,126,RMP,baseline,5456.0,768.0,3072.0,384.0,0.0,0.0,1088.0,136.0,0.0,0.0,0.0,8.0,0.0
384,126,RMP,optimized,3600.0,768.0,0.0,384.0,2048.0,128.0,128.0,136.0,0.0,0.0,0.0,8.0,0.0
384,127,RMP,baseline,5456.0,768.0,3072.0,384.0,0.0,0.0,1088.0,136.0,0.0,0.0,0.0,8.0,0.0
384,127,RMP,optimized,3600.0,768.0,0.0,384.0,2048.0,128.0,128.0,136.0,0.0,0.0,0.0,8.0,0.0
384,128,RMP,baseline,5456.0,768.0,3072.0,384.0,0.0,0.0,1088.0,136.0,0.0,0.0,0.0,8.0,0.0
384,128,RMP,optimized,3600.0,768.0,0.0,384.0,2048.0,128.0,128.0,136.0,0.0,0.0,0.0,8.0,0.0
384,129,RMP,baseline,5456.0,768.0,3072.0,384.0,0.0,0.0,1088.0,136.0,0.0,0.0,0.0,8.0,0.0
384,129,RMP,optimized,3600.0,768.0,0.0,384.0,2048.0,128.0,128.0,136.0,0.0,0.0,0.0,8.0,0.0
384,130,RMP,baseline,5456.0,768.0,3072.0,384.0,0.0,0.0,1088.0,136.0,0.0,0.0,0.0,8.0,0.0
384,130,RMP,optimized,3600.0,768.0,0.0,384.0,2048.0,128.0,128.0,136.0,0.0,0.0,0.0,8.0,0.0
384,131,RMP,baseline,5456.0,768.0,3072.0,384.0,0.0,0.0,1088.0,136.0,0.0,0.0,0.0,8.0,0.0
384,131,RMP,optimized,3600.0,768.0,0.0,384.0,2048.0,128.0,128.0,136.0,0.0,0.0,0.0,8.0,0.0
384,132,RMP,baseline,5456.0,768.0,3072.0,384.0,0.0,0.0,1088.0,136.0,0.0,0.0,0.0,8.0,0.0
384,132,RMP,optimized,3600.0,768.0,0.0,384.0,2048.0,128.0,128.0,136.0,0.0,0.0,0.0,8.0,0.0
384,133,RMP,baseline,5456.0,768.0,3072.0,384.0,0.0,0.0,1088.0,136.0,0.0,0.0,0.0,8.0,0.0
384,133,RMP,optimized,3600.0,768.0,0.0,384.0,2048.0,128.0,128.0,136.0,0.0,0.0,0.0,8.0,0.0
384,134,RMP,baseline,5456.0,768.0,3072.0,384.0,0.0,0.0,1088.0,136.0,0.0,0.0,0.0,8.0,0.0
384,134,RMP,optimized,3600.0,768.0,0.0,384.0,2048.0,128.0,128.0,136.0,0.0,0.0,0.0,8.0,0.0
384,135,RMP,baseline,5456.0,768.0,3072.0,384.0,0.0,0.0,1088.0,136.0,0.0,0.0,0.0,8.0,0.0
384,135,RMP,optimized,3600.0,768.0,0.0,384.0,2048.0,128.0,128.0,136.0,0.0,0.0,0.0,8.0,0.0
384,136,RMP,baseline,5456.0,768.0,3072.0,384.0,0.0,0.0,1088.0,136.0,0.0,0.0,0.0,8.0,0.0
384,136,RMP,optimized,3600.0,768.0,0.0,384.0,2048.0,128.0,128.0,136.0,0.0,0.0,0.0,8.0,0.0
384,137,RMP,baseline,5456.0,768.0,3072.0,384.0,0.0,0.0,1088.0,136.0,0.0,0.0,0.0,8.0,0.0
384,137,RMP,optimized,3600.0,768.0,0.0,384.0,2048.0,128.0,128.0,136.0,0.0,0.0,0.0,8.0,0.0
384,138,RMP,baseline,5456.0,768.0,3072.0,384.0,0.0,0.0,1088.0,136.0,0.0,0.0,0.0,8.0,0.0
384,138,RMP,optimized,3600.0,768.0,0.0,384.0,2048.0,128.0,128.0,136.0,0.0,0.0,0.0,8.0,0.0
384,139,RMP,baseline,5456.0,768.0,3072.0,384.0,0.0,0.0,1088.0,136.0,0.0,0.0,0.0,8.0,0.0
384,139,RMP,optimized,3600.0,768.0,0.0,384.0,2048.0,128.0,128.0,136.0,0.0,0.0,0.0,8.0,0.0
384,140,RMP,baseline,5456.0,768.0,3072.0,384.0,0.0,0.0,1088.0,136.0,0.0,0.0,0.0,8.0,0.0
384,140,RMP,optimized,3600.0,768.0,0.0,384.0,2048.0,128.0,128.0,136.0,0.0,0.0,0.0,8.0,0.0
384,141,RMP,baseline,5456.0,768.0,3072.0,384.0,0.0,0.0,1088.0,136.0,0.0,0.0,0.0,8.0,0.0
384,141,RMP,optimized,3600.0,768.0,0.0,384.0,2048.0,128.0,128.0,136.0,0.0,0.0,0.0,8.0,0.0
384,142,RMP,baseline,5456.0,768.0,3072.0,384.0,0.0,0.0,1088.0,136.0,0.0,0.0,0.0,8.0,0.0
384,142,RMP,optimized,3600.0,768.0,0.0,384.0,2048.0,128.0,128.0,136.0,0.0,0.0,0.0,8.0,0.0
384,143,RMP,baseline,5456.0,768.0,3072.0,384.0,0.0,0.0,1088.0,136.0,0.0,0.0,0.0,8.0,0.0
384,143,RMP,optimized,3600.0,768.0,0.0,384.0,2048.0,128.0,128.0,136.0,0.0,0.0,0.0,8.0,0.0
384,144,RMP,baseline,5456.0,768.0,3072.0,384.0,0.0,0.0,1088.0,136.0,0.0,0.0,0.0,8.0,0.0
384,144,RMP,optimized,3600.0,768.0,0.0,384.0,2048.0,128.0,128.0,136.0,0.0,0.0,0.0,8.0,0.0
384,145,RMP,baseline,5456.0,768.0,3072.0,384.0,0.0,0.0,1088.0,136.0,0.0,0.0,0.0,8.0,0.0
384,145,RMP,optimized,3600.0,768.0,0.0,384.0,2048.0,128.0,128.0,136.0,0.0,0.0,0.0,8.0,0.0
384,146,RMP,baseline,5456.0,768.0,3072.0,384.0,0.0,0.0,1088.0,136.0,0.0,0.0,0.0,8.0,0.0
384,146,RMP,optimized,3600.0,768.0,0.0,384.0,2048.0,128.0,128.0,136.0,0.0,0.0,0.0,8.0,0.0
384,147,RMP,baseline,5456.0,768.0,3072.0,384.0,0.0,0.0,1088.0,136.0,0.0,0.0,0.0,8.0,0.0
384,147,RMP,optimized,3600.0,768.0,0.0,384.0,2048.0,128.0,128.0,136.0,0.0,0.0,0.0,8.0,0.0
384,148,RMP,baseline,5456.0,768.0,3072.0,384.0,0.0,0.0,1088.0,136.0,0.0,0.0,0.0,8.0,0.0
384,148,RMP,optimized,3600.0,768.0,0.0,384.0,2048.0,128.0,128.0,136.0,0.0,0.0,0.0,8.0,0.0
384,149,RMP,baseline,5456.0,768.0,3072.0,384.0,0.0,0.0,1088.0,136.0,0.0,0.0,0.0,8.0,0.0
384,149,RMP,optimized,3600.0,768.0,0.0,384.0,2048.0,128.0,128.0,136.0,0.0,0.0,0.0,8.0,0.0
384,150,RMP,baseline,5456.0,768.0,3072.0,384.0,0.0,0.0,1088.0,136.0,0.0,0.0,0.0,8.0,0.0
384,150,RMP,optimized,3600.0,768.0,0.0,384.0,2048.0,128.0,128.0,136.0,0.0,0.0,0.0,8.0,0.0
384,151,RMP,baseline,5456.0,768.0,3072.0,384.0,0.0,0.0,1088.0,136.0,0.0,0.0,0.0,8.0,0.0
384,151,RMP,optimized,3600.0,768.0,0.0,384.0,2048.0,128.0,128.0,136.0,0.0,0.0,0.0,8.0,0.0
384,152,RMP,baseline,5456.0,768.0,3072.0,384.0,0.0,0.0,1088.0,136.0,0.0,0.0,0.0,8.0,0.0
384,152,RMP,optimized,3600.0,768.0,0.0,384.0,2048.0,128.0,128.0,136.0,0.0,0.0,0.0,8.0,0.0
384,153,RMP,baseline,5456.0,768.0,3072.0,384.0,0.0,0.0,1088.0,136.0,0.0,0.0,0.0,8.0,0.0
384,153,RMP,optimized,3600.0,768.0,0.0,384.0,2048.0,128.0,128.0,136.0,0.0,0.0,0.0,8.0,0.0
384,154,RMP,baseline,5456.0,768.0,3072.0,384.0,0.0,0.0,1088.0,136.0,0.0,0.0,0.0,8.0,0.0
384,154,RMP,optimized,3600.0,768.0,0.0,384.0,2048.0,128.0,128.0,136.0,0.0,0.0,0.0,8.0,0.0
384,155,RMP,baseline,5456.0,768.0,3072.0,384.0,0.0,0.0,1088.0,136.0,0.0,0.0,0.0,8.0,0.0
384,155,RMP,optimized,3600.0,768.0,0.0,384.0,2048.0,128.0,128.0,136.0,0.0,0.0,0.0,8.0,0.0
384,156,RMP,baseline,5456.0,768.0,3072.0,384.0,0.0,0.0,1088.0,136.0,0.0,0.0,0.0,8.0,0.0
384,156,RMP,optimized,3600.0,768.0,0.0,384.0,2048.0,128.0,128.0,136.0,0.0,0.0,0.0,8.0,0.0
384,157,RMP,baseline,5456.0,768.0,3072.0,384.0,0.0,0.0,1088.0,136.0,0.0,0.0,0.0,8.0,0.0
384,157,RMP,optimized,3600.0,768.0,0.0,384.0,2048.0,128.0,128.0,136.0,0.0,0.0,0.0,8.0,0.0
384,158,RMP,baseline,5456.0,768.0,3072.0,384.0,0.0,0.0,1088.0,136.0,0.0,0.0,0.0,8.0,0.0
384,158,RMP,optimized,3600.0,768.0,0.0,384.0,2048.0,128.0,128.0,136.0,0.0,0.0,0.0,8.0,0.0
384,159,RMP,baseline,5456.0,768.0,3072.0,384.0,0.0,0.0,1088.0,136.0,0.0,0.0,0.0,8.0,0.0
384,159,RMP,optimized,3600.0,768.0,0.0,384.0,2048.0,128.0,128.0,136.0,0.0,0.0,0.0,8.0,0.0
384,160,RMP,baseline,5456.0,768.0,3072.0,384.0,0.0,0.0,1088.0,136.0,0.0,0.0,0.0,8.0,0.0
384,160,RMP,optimized,3600.0,768.0,0.0,384.0,2048.0,128.0,128.0,136.0,0.0,0.0,0.0,8.0,0.0
384,161,RMP,baseline,5456.0,768.0,3072.0,384.0,0.0,0.0,1088.0,136.0,0.0,0.0,0.0,8.0,0.0
384,161,RMP,optimized,3600.0,768.0,0.0,384.0,2048.0,128.0,128.0,136.0,0.0,0.0,0.0,8.0,0.0
384,162,RMP,baseline,5456.0,768.0,3072.0,384.0,0.0,0.0,1088.0,136.0,0.0,0.0,0.0,8.0,0.0
384,162,RMP,optimized,3600.0,768.0,0.0,384.0,2048.0,128.0,128.0,136.0,0.0,0.0,0.0,8.0,0.0
384,163,RMP,baseline,5456.0,768.0,3072.0,384.0,0.0,0.0,1088.0,136.0,0.0,0.0,0.0,8.0,0.0
384,163,RMP,optimized,3600.0,768.0,0.0,384.0,2048.0,128.0,128.0,136.0,0.0,0.0,0.0,8.0,0.0
384,164,RMP,baseline,5456.0,768.0,3072.0,384.0,0.0,0.0,1088.0,136.0,0.0,0.0,0.0,8.0,0.0
384,164,RMP,optimized,3600.0,768.0,0.0,384.0,2048.0,128.0,128.0,136.0,0.0,0.0,0.0,8.0,0.0
384,165,RMP,baseline,5456.0,768.0,3072.0,384.0,0.0,0.0,1088.0,136.0,0.0,0.0,0.0,8.0,0.0
384,165,RMP,optimized,3600.0,768.0,0.0,384.0,2048.0,128.0,128.0,136.0,0.0,0.0,0.0,8.0,0.0
384,166,RMP,baseline,5456.0,768.0,3072.0,384.0,0.0,0.0,1088.0,136.0,0.0,0.0,0.0,8.0,0.0
384,166,RMP,optimized,3600.0,768.0,0.0,384.0,2048.0,128.0,128.0,136.0,0.0,0.0,0.0,8.0,0.0
384,167,RMP,baseline,5456.0,768.0,3072.0,384.0,0.0,0.0,1088.0,136.0,0.0,0.0,0.0,8.0,0.0
384,167,RMP,optimized,3600.0,768.0,0.0,384.0,2048.0,128.0,128.0,136.0,0.0,0.0,0.0,8.0,0.0
384,168,RMP,baseline,5456.0,768.0,3072.0,384.0,0.0,0.0,1088.0,136.0,0.0,0.0,0.0,8.0,0.0
384,168,RMP,optimized,3600.0,768.0,0.0,384.0,2048.0,128.0,128.0,136.0,0.0,0.0,0.0,8.0,0.0
384,169,RMP,baseline,5456.0,768.0,3072.0,384.0,0.0,0.0,1088.0,136.0,0.0,0.0,0.0,8.0,0.0
384,169,RMP,optimized,3600.0,768.0,0.0,384.0,2048.0,128.0,128.0,136.0,0.0,0.0,0.0,8.0,0.0
384,170,RMP,baseline,5456.0,768.0,3072.0,384.0,0.0,0.0,1088.0,136.0,0.0,0.0,0.0,8.0,0.0
384,170,RMP,optimized,3600.0,768.0,0.0,384.0,2048.0,128.0,128.0,136.0,0.0,0.0,0.0,8.0,0.0
384,171,RMP,baseline,5456.0,768.0,3072.0,384.0,0.0,0.0,1088.0,136.0,0.0,0.0,0.0,8.0,0.0
384,171,RMP,optimized,3600.0,768.0,0.0,384.0,2048.0,128.0,128.0,136.0,0.0,0.0,0.0,8.0,0.0
384,172,RMP,baseline,5456.0,768.0,3072.0,384.0,0.0,0.0,1088.0,136.0,0.0,0.0,0.0,8.0,0.0
384,172,RMP,optimized,3600.0,768.0,0.0,384.0,2048.0,128.0,128.0,136.0,0.0,0.0,0.0,8.0,0.0
384,173,RMP,baseline,5456.0,768.0,3072.0,384.0,0.0,0.0,1088.0,136.0,0.0,0.0,0.0,8.0,0.0
384,173,RMP,optimized,3600.0,768.0,0.0,384.0,2048.0,128.0,128.0,136.0,0.0,0.0,0.0,8.0,0.0
384,174,RMP,baseline,5456.0,768.0,3072.0,384.0,0.0,0.0,1088.0,136.0,0.0,0.0,0.0,8.0,0.0
384,174,RMP,optimized,3600.0,768.0,0.0,384.0,2048.0,128.0,128.0,136.0,0.0,0.0,0.0,8.0,0.0
384,175,RMP,baseline,5456.0,768.0,3072.0,384.0,0.0,0.0,1088.0,136.0,0.0,0.0,0.0,8.0,0.0
384,175,RMP,optimized,3600.0,768.0,0.0,384.0,2048.0,128.0,128.0,136.0,0.0,0.0,0.0,8.0,0.0
384,176,RMP,baseline,5456.0,768.0,3072.0,384.0,0.0,0.0,1088.0,136.0,0.0,0.0,0.0,8.0,0.0
384,176,RMP,optimized,3600.0,768.0,0.0,384.0,2048.0,128.0,128.0,136.0,0.0,0.0,0.0,8.0,0.0
384,177,RMP,baseline,5456.0,768.0,3072.0,384.0,0.0,0.0,1088.0,136.0,0.0,0.0,0.0,8.0,0.0
384,177,RMP,optimized,3600.0,768.0,0.0,384.0,2048.0,128.0,128.0,136.0,0.0,0.0,0.0,8.0,0.0
384,178,RMP,baseline,5456.0,768.0,3072.0,384.0,0.0,0.0,1088.0,136.0,0.0,0.0,0.0,8.0,0.0
384,178,RMP,optimized,3600.0,768.0,0.0,384.0,2048.0,128.0,128.0,136.0,0.0,0.0,0.0,8.0,0.0
384,179,RMP,baseline,5456.0,768.0,3072.0,384.0,0.0,0.0,1088.0,136.0,0.0,0.0,0.0,8.0,0.0
384,179,RMP,optimized,3600.0,768.0,0.0,384.0,2048.0,128.0,128.0,136.0,0.0,0.0,0.0,8.0,0.0
384,180,RMP,baseline,5456.0,768.0,3072.0,384.0,0.0,0.0,1088.0,136.0,0.0,0.0,0.0,8.0,0.0
384,180,RMP,optimized,3600.0,768.0,0.0,384.0,2048.0,128.0,128.0,136.0,0.0,0.0,0.0,8.0,0.0
384,181,RMP,baseline,5456.0,768.0,3072.0,384.0,0.0,0.0,1088.0,136.0,0.0,0.0,0.0,8.0,0.0
384,181,RMP,optimized,3600.0,768.0,0.0,384.0,2048.0,128.0,128.0,136.0,0.0,0.0,0.0,8.0,0.0
384,182,RMP,baseline,5456.0,768.0,3072.0,384.0,0.0,0.0,1088.0,136.0,0.0,0.0,0.0,8.0,0.0
384,182,RMP,optimized,3600.0,768.0,0.0,384.0,2048.0,128.0,128.0,136.0,0.0,0.0,0.0,8.0,0.0
384,183,RMP,baseline,5456.0,768.0,3072.0,384.0,0.0,0.0,1088.0,136.0,0.0,0.0,0.0,8.0,0.0
384,183,RMP,optimized,3600.0,768.0,0.0,384.0,2048.0,128.0,128.0,136.0,0.0,0.0,0.0,8.0,0.0
384,184,RMP,baseline,5456.0,768.0,3072.0,384.0,0.0,0.0,1088.0,136.0,0.0,0.0,0.0,8.0,0.0
384,184,RMP,optimized,3600.0,768.0,0.0,384.0,2048.0,128.0,128.0,136.0,0.0,0.0,0.0,8.0,0.0
384,185,RMP,baseline,5456.0,768.0,3072.0,384.0,0.0,0.0,1088.0,136.0,0.0,0.0,0.0,8.0,0.0
384,185,RMP,optimized,3600.0,768.0,0.0,384.0,2048.0,128.0,128.0,136.0,0.0,0.0,0.0,8.0,0.0
384,186,RMP,baseline,5456.0,768.0,3072.0,384.0,0.0,0.0,1088.0,136.0,0.0,0.0,0.0,8.0,0.0
384,186,RMP,optimized,3600.0,768.0,0.0,384.0,2048.0,128.0,128.0,136.0,0.0,0.0,0.0,8.0,0.0
384,187,RMP,baseline,5456.0,768.0,3072.0,384.0,0.0,0.0,1088.0,136.0,0.0,0.0,0.0,8.0,0.0
384,187,RMP,optimized,3600.0,768.0,0.0,384.0,2048.0,128.0,128.0,136.0,0.0,0.0,0.0,8.0,0.0
384,188,RMP,baseline,5456.0,768.0,3072.0,384.0,0.0,0.0,1088.0,136.0,0.0,0.0,0.0,8.0,0.0
384,188,RMP,optimized,3600.0,768.0,0.0,384.0,2048.0,128.0,128.0,136.0,0.0,0.0,0.0,8.0,0.0
384,189,RMP,baseline,5456.0,768.0,3072.0,384.0,0.0,0.0,1088.0,136.0,0.0,0.0,0.0,8.0,0.0
384,189,RMP,optimized,3600.0,768.0,0.0,384.0,2048.0,128.0,128.0,136.0,0.0,0.0,0.0,8.0,0.0
384,190,RMP,baseline,5456.0,768.0,3072.0,384.0,0.0,0.0,1088.0,136.0,0.0,0.0,0.0,8.0,0.0
384,190,RMP,optimized,3600.0,768.0,0.0,384.0,2048.0,128.0,128.0,136.0,0.0,0.0,0.0,8.0,0.0
384,191,RMP,baseline,5456.0,768.0,3072.0,384.0,0.0,0.0,1088.0,136.0,0.0,0.0,0.0,8.0,0.0
384,191,RMP,optimized,3600.0,768.0,0.0,384.0,2048.0,128.0,128.0,136.0,0.0,0.0,0.0,8.0,0.0
384,192,RMP,baseline,5456.0,768.0,3072.0,384.0,0.0,0.0,1088.0,136.0,0.0,0.0,0.0,8.0,0.0
384,192,RMP,optimized,3600.0,768.0,0.0,384.0,2048.0,128.0,128.0,136.0,0.0,0.0,0.0,8.0,0.0
384,193,RMP,baseline,5456.0,768.0,3072.0,384.0,0.0,0.0,1088.0,136.0,0.0,0.0,0.0,8.0,0.0
384,193,RMP,optimized,3600.0,768.0,0.0,384.0,2048.0,128.0,128.0,136.0,0.0,0.0,0.0,8.0,0.0
384,194,RMP,baseline,5456.0,768.0,3072.0,384.0,0.0,0.0,1088.0,136.0,0.0,0.0,0.0,8.0,0.0
384,194,RMP,optimized,3600.0,768.0,0.0,384.0,2048.0,128.0,128.0,136.0,0.0,0.0,0.0,8.0,0.0
384,195,RMP,baseline,5456.0,768.0,3072.0,384.0,0.0,0.0,1088.0,136.0,0.0,0.0,0.0,8.0,0.0
384,195,RMP,optimized,3600.0,768.0,0.0,384.0,2048.0,128.0,128.0,136.0,0.0,0.0,0.0,8.0,0.0
384,196,RMP,baseline,5456.0,768.0,3072.0,384.0,0.0,0.0,1088.0,136.0,0.0,0.0,0.0,8.0,0.0
384,196,RMP,optimized,3600.0,768.0,0.0,384.0,2048.0,128.0,128.0,136.0,0.0,0.0,0.0,8.0,0.0
384,197,RMP,baseline,5456.0,768.0,3072.0,384.0,0.0,0.0,1088.0,136.0,0.0,0.0,0.0,8.0,0.0
384,197,RMP,optimized,3600.0,768.0,0.0,384.0,2048.0,128.0,128.0,136.0,0.0,0.0,0.0,8.0,0.0
384,198,RMP,baseline,5456.0,768.0,3072.0,384.0,0.0,0.0,1088.0,136.0,0.0,0.0,0.0,8.0,0.0
384,198,RMP,optimized,3600.0,768.0,0.0,384.0,2048.0,128.0,128.0,136.0,0.0,0.0,0.0,8.0,0.0
384,199,RMP,baseline,5456.0,768.0,3072.0,384.0,0.0,0.0,1088.0,136.0,0.0,0.0,0.0,8.0,0.0
384,199,RMP,optimized,3600.0,768.0,0.0,384.0,2048.0,128.0,128.0,136.0,0.0,0.0,0.0,8.0,0.0
384,200,RMP,baseline,5456.0,768.0,3072.0,384.0,0.0,0.0,1088.0,136.0,0.0,0.0,0.0,8.0,0.0
384,200,RMP,optimized,3600.0,768.0,0.0,384.0,2048.0,128.0,128.0,136.0,0.0,0.0,0.0,8.0,0.0
384,201,RMP,baseline,5456.0,768.0,3072.0,384.0,0.0,0.0,1088.0,136.0,0.0,0.0,0.0,8.0,0.0
384,201,RMP,optimized,3600.0,768.0,0.0,384.0,2048.0,128.0,128.0,136.0,0.0,0.0,0.0,8.0,0.0
384,202,RMP,baseline,5456.0,768.0,3072.0,384.0,0.0,0.0,1088.0,136.0,0.0,0.0,0.0,8.0,0.0
384,202,RMP,optimized,3600.0,768.0,0.0,384.0,2048.0,128.0,128.0,136.0,0.0,0.0,0.0,8.0,0.0
384,203,RMP,baseline,5456.0,768.0,3072.0,384.0,0.0,0.0,1088.0,136.0,0.0,0.0,0.0,8.0,0.0
384,203,RMP,optimized,3600.0,768.0,0.0,384.0,2048.0,128.0,128.0,136.0,0.0,0.0,0.0,8.0,0.0
384,204,RMP,baseline,5456.0,768.0,3072.0,384.0,0.0,0.0,1088.0,136.0,0.0,0.0,0.0,8.0,0.0
384,204,RMP,optimized,3600.0,768.0,0.0,384.0,2048.0,128.0,128.0,136.0,0.0,0.0,0.0,8.0,0.0
384,205,RMP,baseline,5456.0,768.0,3072.0,384.0,0.0,0.0,1088.0,136.0,0.0,0.0,0.0,8.0,0.0
384,205,RMP,optimized,3600.0,768.0,0.0,384.0,2048.0,128.0,128.0,136.0,0.0,0.0,0.0,8.0,0.0
384,206,RMP,baseline,5456.0,768.0,3072.0,384.0,0.0,0.0,1088.0,136.0,0.0,0.0,0.0,8.0,0.0
384,206,RMP,optimized,3600.0,768.0,0.0,384.0,2048.0,128.0,128.0,136.0,0.0,0.0,0.0,8.0,0.0
384,207,RMP,baseline,5456.0,768.0,3072.0,384.0,0.0,0.0,1088.0,136.0,0.0,0.0,0.0,8.0,0.0
384,207,RMP,optimized,3600.0,768.0,0.0,384.0,2048.0,128.0,128.0,136.0,0.0,0.0,0.0,8.0,0.0
384,208,RMP,baseline,5456.0,768.0,3072.0,384.0,0.0,0.0,1088.0,136.0,0.0,0.0,0.0,8.0,0.0
384,208,RMP,optimized,3600.0,768.0,0.0,384.0,2048.0,128.0,128.0,136.0,0.0,0.0,0.0,8.0,0.0
384,209,RMP,baseline,5456.0,768.0,3072.0,384.0,0.0,0.0,1088.0,136.0,0.0,0.0,0.0,8.0,0.0
384,209,RMP,optimized,3600.0,768.0,0.0,384.0,2048.0,128.0,128.0,136.0,0.0,0.0,0.0,8.0,0.0
384,210,RMP,baseline,5456.0,768.0,3072.0,384.0,0.0,0.0,1088.0,136.0,0.0,0.0,0.0,8.0,0.0
384,210,RMP,optimized,3600.0,768.0,0.0,384.0,2048.0,128.0,128.0,136.0,0.0,0.0,0.0,8.0,0.0
384,211,RMP,baseline,5456.0,768.0,3072.0,384.0,0.0,0.0,1088.0,136.0,0.0,0.0,0.0,8.0,0.0
384,211,RMP,optimized,3600.0,768.0,0.0,384.0,2048.0,128.0,128.0,136.0,0.0,0.0,0.0,8.0,0.0
384,212,RMP,baseline,5456.0,768.0,3072.0,384.0,0.0,0.0,1088.0,136.0,0.0,0.0,0.0,8.0,0.0
384,212,RMP,optimized,3600.0,768.0,0.0,384.0,2048.0,128.0,128.0,136.0,0.0,0.0,0.0,8.0,0.0
384,213,RMP,baseline,5456.0,768.0,3072.0,384.0,0.0,0.0,1088.0,136.0,0.0,0.0,0.0,8.0,0.0
384,213,RMP,optimized,3600.0,768.0,0.0,384.0,2048.0,128.0,128.0,136.0,0.0,0.0,0.0,8.0,0.0
384,214,RMP,baseline,5456.0,768.0,3072.0,384.0,0.0,0.0,1088.0,136.0,0.0,0.0,0.0,8.0,0.0
384,214,RMP,optimized,3600.0,768.0,0.0,384.0,2048.0,128.0,128.0,136.0,0.0,0.0,0.0,8.0,0.0
384,215,RMP,baseline,5456.0,768.0,3072.0,384.0,0.0,0.0,1088.0,136.0,0.0,0.0,0.0,8.0,0.0
384,215,RMP,optimized,3600.0,768.0,0.0,384.0,2048.0,128.0,128.0,136.0,0.0,0.0,0.0,8.0,0.0
384,216,RMP,baseline,5456.0,768.0,3072.0,384.0,0.0,0.0,1088.0,136.0,0.0,0.0,0.0,8.0,0.0
384,216,RMP,optimized,3600.0,768.0,0.0,384.0,2048.0,128.0,128.0,136.0,0.0,0.0,0.0,8.0,0.0
384,217,RMP,baseline,5456.0,768.0,3072.0,384.0,0.0,0.0,1088.0,136.0,0.0,0.0,0.0,8.0,0.0
384,217,RMP,optimized,3600.0,768.0,0.0,384.0,2048.0,128.0,128.0,136.0,0.0,0.0,0.0,8.0,0.0
384,218,RMP,baseline,5456.0,768.0,3072.0,384.0,0.0,0.0,1088.0,136.0,0.0,0.0,0.0,8.0,0.0
384,218,RMP,optimized,3600.0,768.0,0.0,384.0,2048.0,128.0,128.0,136.0,0.0,0.0,0.0,8.0,0.0
384,219,RMP,baseline,5456.0,768.0,3072.0,384.0,0.0,0.0,1088.0,136.0,0.0,0.0,0.0,8.0,0.0
384,219,RMP,optimized,3600.0,768.0,0.0,384.0,2048.0,128.0,128.0,136.0,0.0,0.0,0.0,8.0,0.0
384,220,RMP,baseline,5456.0,768.0,3072.0,384.0,0.0,0.0,1088.0,136.0,0.0,0.0,0.0,8.0,0.0
384,220,RMP,optimized,3600.0,768.0,0.0,384.0,2048.0,128.0,128.0,136.0,0.0,0.0,0.0,8.0,0.0
384,221,RMP,baseline,5456.0,768.0,3072.0,384.0,0.0,0.0,1088.0,136.0,0.0,0.0,0.0,8.0,0.0
384,221,RMP,optimized,3600.0,768.0,0.0,384.0,2048.0,128.0,128.0,136.0,0.0,0.0,0.0,8.0,0.0
384,222,RMP,baseline,5456.0,768.0,3072.0,384.0,0.0,0.0,1088.0,136.0,0.0,0.0,0.0,8.0,0.0
384,222,RMP,optimized,3600.0,768.0,0.0,384.0,2048.0,128.0,128.0,136.0,0.0,0.0,0.0,8.0,0.0
384,223,RMP,baseline,5456.0,768.0,3072.0,384.0,0.0,0.0,1088.0,136.0,0.0,0.0,0.0,8.0,0.0
384,223,RMP,optimized,3600.0,768.0,0.0,384.0,2048.0,128.0,128.0,136.0,0.0,0.0,0.0,8.0,0.0
384,224,RMP,baseline,5456.0,768.0,3072.0,384.0,0.0,0.0,1088.0,136.0,0.0,0.0,0.0,8.0,0.0
384,224,RMP,optimized,3600.0,768.0,0.0,384.0,2048.0,128.0,128.0,136.0,0.0,0.0,0.0,8.0,0.0
384,225,RMP,baseline,5456.0,768.0,3072.0,384.0,0.0,0.0,1088.0,136.0,0.0,0.0,0.0,8.0,0.0
384,225,RMP,optimized,3600.0,768.0,0.0,384.0,2048.0,128.0,128.0,136.0,0.0,0.0,0.0,8.0,0.0
384,226,RMP,baseline,5456.0,768.0,3072.0,384.0,0.0,0.0,1088.0,136.0,0.0,0.0,0.0,8.0,0.0
384,226,RMP,optimized,3600.0,768.0,0.0,384.0,2048.0,128.0,128.0,136.0,0.0,0.0,0.0,8.0,0.0
384,227,RMP,baseline,5456.0,768.0,3072.0,384.0,0.0,0.0,1088.0,136.0,0.0,0.0,0.0,8.0,0.0
384,227,RMP,optimized,3600.0,768.0,0.0,384.0,2048.0,128.0,128.0,136.0,0.0,0.0,0.0,8.0,0.0
384,228,RMP,baseline,5456.0,768.0,3072.0,384.0,0.0,0.0,1088.0,136.0,0.0,0.0,0.0,8.0,0.0
384,228,RMP,optimized,3600.0,768.0,0.0,384.0,2048.0,128.0,128.0,136.0,0.0,0.0,0.0,8.0,0.0
384,229,RMP,baseline,5456.0,768.0,3072.0,384.0,0.0,0.0,1088.0,136.0,0.0,0.0,0.0,8.0,0.0
384,229,RMP,optimized,3600.0,768.0,0.0,384.0,2048.0,128.0,128.0,136.0,0.0,0.0,0.0,8.0,0.0
384,230,RMP,baseline,5456.0,768.0,3072.0,384.0,0.0,0.0,1088.0,136.0,0.0,0.0,0.0,8.0,0.0
384,230,RMP,optimized,3600.0,768.0,0.0,384.0,2048.0,128.0,128.0,136.0,0.0,0.0,0.0,8.0,0.0
384,231,RMP,baseline,5456.0,768.0,3072.0,384.0,0.0,0.0,1088.0,136.0,0.0,0.0,0.0,8.0,0.0
384,231,RMP,optimized,3600.0,768.0,0.0,384.0,2048.0,128.0,128.0,136.0,0.0,0.0,0.0,8.0,0.0
384,232,RMP,baseline,5456.0,768.0,3072.0,384.0,0.0,0.0,1088.0,136.0,0.0,0.0,0.0,8.0,0.0
384,232,RMP,optimized,3600.0,768.0,0.0,384.0,2048.0,128.0,128.0,136.0,0.0,0.0,0.0,8.0,0.0
384,233,RMP,baseline,5456.0,768.0,3072.0,384.0,0.0,0.0,1088.0,136.0,0.0,0.0,0.0,8.0,0.0
384,233,RMP,optimized,3600.0,768.0,0.0,384.0,2048.0,128.0,128.0,136.0,0.0,0.0,0.0,8.0,0.0
384,234,RMP,baseline,5456.0,768.0,3072.0,384.0,0.0,0.0,1088.0,136.0,0.0,0.0,0.0,8.0,0.0
384,234,RMP,optimized,3600.0,768.0,0.0,384.0,2048.0,128.0,128.0,136.0,0.0,0.0,0.0,8.0,0.0
384,235,RMP,baseline,5456.0,768.0,3072.0,384.0,0.0,0.0,1088.0,136.0,0.0,0.0,0.0,8.0,0.0
384,235,RMP,optimized,3600.0,768.0,0.0,384.0,2048.0,128.0,128.0,136.0,0.0,0.0,0.0,8.0,0.0
384,236,RMP,baseline,5456.0,768.0,3072.0,384.0,0.0,0.0,1088.0,136.0,0.0,0.0,0.0,8.0,0.0
384,236,RMP,optimized,3600.0,768.0,0.0,384.0,2048.0,128.0,128.0,136.0,0.0,0.0,0.0,8.0,0.0
384,237,RMP,baseline,5456.0,768.0,3072.0,384.0,0.0,0.0,1088.0,136.0,0.0,0.0,0.0,8.0,0.0
384,237,RMP,optimized,3600.0,768.0,0.0,384.0,2048.0,128.0,128.0,136.0,0.0,0.0,0.0,8.0,0.0
384,238,RMP,baseline,5456.0,768.0,3072.0,384.0,0.0,0.0,1088.0,136.0,0.0,0.0,0.0,8.0,0.0
384,238,RMP,optimized,3600.0,768.0,0.0,384.0,2048.0,128.0,128.0,136.0,0.0,0.0,0.0,8.0,0.0
384,239,RMP,baseline,5456.0,768.0,3072.0,384.0,0.0,0.0,1088.0,136.0,0.0,0.0,0.0,8.0,0.0
384,239,RMP,optimized,3600.0,768.0,0.0,384.0,2048.0,128.0,128.0,136.0,0.0,0.0,0.0,8.0,0.0
384,240,RMP,baseline,5456.0,768.0,3072.0,384.0,0.0,0.0,1088.0,136.0,0.0,0.0,0.0,8.0,0.0
384,240,RMP,optimized,3600.0,768.0,0.0,384.0,2048.0,128.0,128.0,136.0,0.0,0.0,0.0,8.0,0.0
384,241,RMP,baseline,5456.0,768.0,3072.0,384.0,0.0,0.0,1088.0,136.0,0.0,0.0,0.0,8.0,0.0
384,241,RMP,optimized,3600.0,768.0,0.0,384.0,2048.0,128.0,128.0,136.0,0.0,0.0,0.0,8.0,0.0
384,242,RMP,baseline,5456.0,768.0,3072.0,384.0,0.0,0.0,1088.0,136.0,0.0,0.0,0.0,8.0,0.0
384,242,RMP,optimized,3600.0,768.0,0.0,384.0,2048.0,128.0,128.0,136.0,0.0,0.0,0.0,8.0,0.0
384,243,RMP,baseline,5456.0,768.0,3072.0,384.0,0.0,0.0,1088.0,136.0,0.0,0.0,0.0,8.0,0.0
384,243,RMP,optimized,3600.0,768.0,0.0,384.0,2048.0,128.0,128.0,136.0,0.0,0.0,0.0,8.0,0.0
384,244,RMP,baseline,5456.0,768.0,3072.0,384.0,0.0,0.0,1088.0,136.0,0.0,0.0,0.0,8.0,0.0
384,244,RMP,optimized,3600.0,768.0,0.0,384.0,2048.0,128.0,128.0,136.0,0.0,0.0,0.0,8.0,0.0
384,245,RMP,baseline,5456.0,768.0,3072.0,384.0,0.0,0.0,1088.0,136.0,0.0,0.0,0.0,8.0,0.0
384,245,RMP,optimized,3600.0,768.0,0.0,384.0,2048.0,128.0,128.0,136.0,0.0,0.0,0.0,8.0,0.0
384,246,RMP,baseline,5456.0,768.0,3072.0,384.0,0.0,0.0,1088.0,136.0,0.0,0.0,0.0,8.0,0.0
384,246,RMP,optimized,3600.0,768.0,0.0,384.0,2048.0,128.0,128.0,136.0,0.0,0.0,0.0,8.0,0.0
384,247,RMP,baseline,5456.0,768.0,3072.0,384.0,0.0,0.0,1088.0,136.0,0.0,0.0,0.0,8.0,0.0
384,247,RMP,optimized,3600.0,768.0,0.0,384.0,2048.0,128.0,128.0,136.0,0.0,0.0,0.0,8.0,0.0
384,248,RMP,baseline,5456.0,768.0,3072.0,384.0,0.0,0.0,1088.0,136.0,0.0,0.0,0.0,8.0,0.0
384,248,RMP,optimized,3600.0,768.0,0.0,384.0,2048.0,128.0,128.0,136.0,0.0,0.0,0.0,8.0,0.0
384,249,RMP,baseline,5456.0,768.0,3072.0,384.0,0.0,0.0,1088.0,136.0,0.0,0.0,0.0,8.0,0.0
384,249,RMP,optimized,3600.0,768.0,0.0,384.0,2048.0,128.0,128.0,136.0,0.0,0.0,0.0,8.0,0.0
384,250,RMP,baseline,5456.0,768.0,3072.0,384.0,0.0,0.0,1088.0,136.0,0.0,0.0,0.0,8.0,0.0
384,250,RMP,optimized,3600.0,768.0,0.0,384.0,2048.0,128.0,128.0,136.0,0.0,0.0,0.0,8.0,0.0
384,251,RMP,baseline,5456.0,768.0,3072.0,384.0,0.0,0.0,1088.0,136.0,0.0,0.0,0.0,8.0,0.0
384,251,RMP,optimized,3600.0,768.0,0.0,384.0,2048.0,128.0,128.0,136.0,0.0,0.0,0.0,8.0,0.0
384,252,RMP,baseline,5456.0,768.0,3072.0,384.0,0.0,0.0,1088.0,136.0,0.0,0.0,0.0,8.0,0.0
384,252,RMP,optimized,3600.0,768.0,0.0,384.0,2048.0,128.0,128.0,136.0,0.0,0.0,0.0,8.0,0.0
384,253,RMP,baseline,5456.0,768.0,3072.0,384.0,0.0,0.0,1088.0,136.0,0.0,0.0,0.0,8.0,0.0
384,253,RMP,optimized,3600.0,768.0,0.0,384.0,2048.0,128.0,128.0,136.0,0.0,0.0,0.0,8.0,0.0
384,254,RMP,baseline,5456.0,768.0,3072.0,384.0,0.0,0.0,1088.0,136.0,0.0,0.0,0.0,8.0,0.0
384,254,RMP,optimized,3600.0,768.0,0.0,384.0,2048.0,128.0,128.0,136.0,0.0,0.0,0.0,8.0,0.0
384,255,RMP,baseline,5456.0,768.0,3072.0,384.0,0.0,0.0,1088.0,136.0,0.0,0.0,0.0,8.0,0.0
384,255,RMP,optimized,3600.0,768.0,0.0,384.0,2048.0,128.0,128.0,136.0,0.0,0.0,0.0,8.0,0.0
384,256,RMP,baseline,5456.0,768.0,3072.0,384.0,0.0,0.0,1088.0,136.0,0.0,0.0,0.0,8.0,0.0
384,256,RMP,optimized,3600.0,768.0,0.0,384.0,2048.0,128.0,128.0,136.0,0.0,0.0,0.0,8.0,0.0
384,257,RMP,baseline,5456.0,768.0,3072.0,384.0,0.0,0.0,1088.0,136.0,0.0,0.0,0.0,8.0,0.0
384,257,RMP,optimized,3600.0,768.0,0.0,384.0,2048.0,128.0,128.0,136.0,0.0,0.0,0.0,8.0,0.0
384,258,RMP,baseline,5456.0,768.0,3072.0,384.0,0.0,0.0,1088.0,136.0,0.0,0.0,0.0,8.0,0.0
384,258,RMP,optimized,3600.0,768.0,0.0,384.0,2048.0,128.0,128.0,136.0,0.0,0.0,0.0,8.0,0.0
384,259,RMP,baseline,5456.0,768.0,3072.0,384.0,0.0,0.0,1088.0,136.0,0.0,0.0,0.0,8.0,0.0
384,259,RMP,optimized,3600.0,768.0,0.0,384.0,2048.0,128.0,128.0,136.0,0.0,0.0,0.0,8.0,0.0
384,260,RMP,baseline,5456.0,768.0,3072.0,384.0,0.0,0.0,1088.0,136.0,0.0,0.0,0.0,8.0,0.0
384,260,RMP,optimized,3600.0,768.0,0.0,384.0,2048.0,128.0,128.0,136.0,0.0,0.0,0.0,8.0,0.0
384,261,RMP,baseline,5456.0,768.0,3072.0,384.0,0.0,0.0,1088.0,136.0,0.0,0.0,0.0,8.0,0.0
384,261,RMP,optimized,3600.0,768.0,0.0,384.0,2048.0,128.0,128.0,136.0,0.0,0.0,0.0,8.0,0.0
384,262,RMP,baseline,5456.0,768.0,3072.0,384.0,0.0,0.0,1088.0,136.0,0.0,0.0,0.0,8.0,0.0
384,262,RMP,optimized,3600.0,768.0,0.0,384.0,2048.0,128.0,128.0,136.0,0.0,0.0,0.0,8.0,0.0
384,263,RMP,baseline,5456.0,768.0,3072.0,384.0,0.0,0.0,1088.0,136.0,0.0,0.0,0.0,8.0,0.0
384,263,RMP,optimized,3600.0,768.0,0.0,384.0,2048.0,128.0,128.0,136.0,0.0,0.0,0.0,8.0,0.0
384,264,RMP,baseline,5456.0,768.0,3072.0,384.0,0.0,0.0,1088.0,136.0,0.0,0.0,0.0,8.0,0.0
384,264,RMP,optimized,3600.0,768.0,0.0,384.0,2048.0,128.0,128.0,136.0,0.0,0.0,0.0,8.0,0.0
384,265,RMP,baseline,5456.0,768.0,3072.0,384.0,0.0,0.0,1088.0,136.0,0.0,0.0,0.0,8.0,0.0
384,265,RMP,optimized,3600.0,768.0,0.0,384.0,2048.0,128.0,128.0,136.0,0.0,0.0,0.0,8.0,0.0
384,266,RMP,baseline,5456.0,768.0,3072.0,384.0,0.0,0.0,1088.0,136.0,0.0,0.0,0.0,8.0,0.0
384,266,RMP,optimized,3600.0,768.0,0.0,384.0,2048.0,128.0,128.0,136.0,0.0,0.0,0.0,8.0,0.0
384,267,RMP,baseline,5456.0,768.0,3072.0,384.0,0.0,0.0,1088.0,136.0,0.0,0.0,0.0,8.0,0.0
384,267,RMP,optimized,3600.0,768.0,0.0,384.0,2048.0,128.0,128.0,136.0,0.0,0.0,0.0,8.0,0.0
384,268,RMP,baseline,5456.0,768.0,3072.0,384.0,0.0,0.0,1088.0,136.0,0.0,0.0,0.0,8.0,0.0
384,268,RMP,optimized,3600.0,768.0,0.0,384.0,2048.0,128.0,128.0,136.0,0.0,0.0,0.0,8.0,0.0
384,269,RMP,baseline,5456.0,768.0,3072.0,384.0,0.0,0.0,1088.0,136.0,0.0,0.0,0.0,8.0,0.0
384,269,RMP,optimized,3600.0,768.0,0.0,384.0,2048.0,128.0,128.0,136.0,0.0,0.0,0.0,8.0,0.0
384,270,RMP,baseline,5456.0,768.0,3072.0,384.0,0.0,0.0,1088.0,136.0,0.0,0.0,0.0,8.0,0.0
384,270,RMP,optimized,3600.0,768.0,0.0,384.0,2048.0,128.0,128.0,136.0,0.0,0.0,0.0,8.0,0.0
384,271,RMP,baseline,5456.0,768.0,3072.0,384.0,0.0,0.0,1088.0,136.0,0.0,0.0,0.0,8.0,0.0
384,271,RMP,optimized,3600.0,768.0,0.0,384.0,2048.0,128.0,128.0,136.0,0.0,0.0,0.0,8.0,0.0
384,272,RMP,baseline,5456.0,768.0,3072.0,384.0,0.0,0.0,1088.0,136.0,0.0,0.0,0.0,8.0,0.0
384,272,RMP,optimized,3600.0,768.0,0.0,384.0,2048.0,128.0,128.0,136.0,0.0,0.0,0.0,8.0,0.0
384,273,RMP,baseline,5456.0,768.0,3072.0,384.0,0.0,0.0,1088.0,136.0,0.0,0.0,0.0,8.0,0.0
384,273,RMP,optimized,3600.0,768.0,0.0,384.0,2048.0,128.0,128.0,136.0,0.0,0.0,0.0,8.0,0.0
384,274,RMP,baseline,5456.0,768.0,3072.0,384.0,0.0,0.0,1088.0,136.0,0.0,0.0,0.0,8.0,0.0
384,274,RMP,optimized,3600.0,768.0,0.0,384.0,2048.0,128.0,128.0,136.0,0.0,0.0,0.0,8.0,0.0
384,275,RMP,baseline,5456.0,768.0,3072.0,384.0,0.0,0.0,1088.0,136.0,0.0,0.0,0.0,8.0,0.0
384,275,RMP,optimized,3600.0,768.0,0.0,384.0,2048.0,128.0,128.0,136.0,0.0,0.0,0.0,8.0,0.0
384,276,RMP,baseline,5456.0,768.0,3072.0,384.0,0.0,0.0,1088.0,136.0,0.0,0.0,0.0,8.0,0.0
384,276,RMP,optimized,3600.0,768.0,0.0,384.0,2048.0,128.0,128.0,136.0,0.0,0.0,0.0,8.0,0.0
384,277,RMP,baseline,5456.0,768.0,3072.0,384.0,0.0,0.0,1088.0,136.0,0.0,0.0,0.0,8.0,0.0
384,277,RMP,optimized,3600.0,768.0,0.0,384.0,2048.0,128.0,128.0,136.0,0.0,0.0,0.0,8.0,0.0
384,278,RMP,baseline,5456.0,768.0,3072.0,384.0,0.0,0.0,1088.0,136.0,0.0,0.0,0.0,8.0,0.0
384,278,RMP,optimized,3600.0,768.0,0.0,384.0,2048.0,128.0,128.0,136.0,0.0,0.0,0.0,8.0,0.0
384,279,RMP,baseline,5456.0,768.0,3072.0,384.0,0.0,0.0,1088.0,136.0,0.0,0.0,0.0,8.0,0.0
384,279,RMP,optimized,3600.0,768.0,0.0,384.0,2048.0,128.0,128.0,136.0,0.0,0.0,0.0,8.0,0.0
384,280,RMP,baseline,5456.0,768.0,3072.0,384.0,0.0,0.0,1088.0,136.0,0.0,0.0,0.0,8.0,0.0
384,280,RMP,optimized,3600.0,768.0,0.0,384.0,2048.0,128.0,128.0,136.0,0.0,0.0,0.0,8.0,0.0
384,281,RMP,baseline,5456.0,768.0,3072.0,384.0,0.0,0.0,1088.0,136.0,0.0,0.0,0.0,8.0,0.0
384,281,RMP,optimized,3600.0,768.0,0.0,384.0,2048.0,128.0,128.0,136.0,0.0,0.0,0.0,8.0,0.0
384,282,RMP,baseline,5456.0,768.0,3072.0,384.0,0.0,0.0,1088.0,136.0,0.0,0.0,0.0,8.0,0.0
384,282,RMP,optimized,3600.0,768.0,0.0,384.0,2048.0,128.0,128.0,136.0,0.0,0.0,0.0,8.0,0.0
384,283,RMP,baseline,5456.0,768.0,3072.0,384.0,0.0,0.0,1088.0,136.0,0.0,0.0,0.0,8.0,0.0
384,283,RMP,optimized,3600.0,768.0,0.0,384.0,2048.0,128.0,128.0,136.0,0.0,0.0,0.0,8.0,0.0
384,284,RMP,baseline,5456.0,768.0,3072.0,384.0,0.0,0.0,1088.0,136.0,0.0,0.0,0.0,8.0,0.0
384,284,RMP,optimized,3600.0,768.0,0.0,384.0,2048.0,128.0,128.0,136.0,0.0,0.0,0.0,8.0,0.0
384,285,RMP,baseline,5456.0,768.0,3072.0,384.0,0.0,0.0,1088.0,136.0,0.0,0.0,0.0,8.0,0.0
384,285,RMP,optimized,3600.0,768.0,0.0,384.0,2048.0,128.0,128.0,136.0,0.0,0.0,0.0,8.0,0.0
384,286,RMP,baseline,5456.0,768.0,3072.0,384.0,0.0,0.0,1088.0,136.0,0.0,0.0,0.0,8.0,0.0
384,286,RMP,optimized,3600.0,768.0,0.0,384.0,2048.0,128.0,128.0,136.0,0.0,0.0,0.0,8.0,0.0
384,287,RMP,baseline,5456.0,768.0,3072.0,384.0,0.0,0.0,1088.0,136.0,0.0,0.0,0.0,8.0,0.0
384,287,RMP,optimized,3600.0,768.0,0.0,384.0,2048.0,128.0,128.0,136.0,0.0,0.0,0.0,8.0,0.0
384,288,RMP,baseline,5456.0,768.0,3072.0,384.0,0.0,0.0,1088.0,136.0,0.0,0.0,0.0,8.0,0.0
384,288,RMP,optimized,3600.0,768.0,0.0,384.0,2048.0,128.0,128.0,136.0,0.0,0.0,0.0,8.0,0.0
384,289,RMP,baseline,5456.0,768.0,3072.0,384.0,0.0,0.0,1088.0,136.0,0.0,0.0,0.0,8.0,0.0
384,289,RMP,optimized,3600.0,768.0,0.0,384.0,2048.0,128.0,128.0,136.0,0.0,0.0,0.0,8.0,0.0
384,290,RMP,baseline,5456.0,768.0,3072.0,384.0,0.0,0.0,1088.0,136.0,0.0,0.0,0.0,8.0,0.0
384,290,RMP,optimized,3600.0,768.0,0.0,384.0,2048.0,128.0,128.0,136.0,0.0,0.0,0.0,8.0,0.0
384,291,RMP,baseline,5456.0,768.0,3072.0,384.0,0.0,0.0,1088.0,136.0,0.0,0.0,0.0,8.0,0.0
384,291,RMP,optimized,3600.0,768.0,0.0,384.0,2048.0,128.0,128.0,136.0,0.0,0.0,0.0,8.0,0.0
384,292,RMP,baseline,5456.0,768.0,3072.0,384.0,0.0,0.0,1088.0,136.0,0.0,0.0,0.0,8.0,0.0
384,292,RMP,optimized,3600.0,768.0,0.0,384.0,2048.0,128.0,128.0,136.0,0.0,0.0,0.0,8.0,0.0
384,293,RMP,baseline,5456.0,768.0,3072.0,384.0,0.0,0.0,1088.0,136.0,0.0,0.0,0.0,8.0,0.0
384,293,RMP,optimized,3600.0,768.0,0.0,384.0,2048.0,128.0,128.0,136.0,0.0,0.0,0.0,8.0,0.0
384,294,RMP,baseline,5456.0,768.0,3072.0,384.0,0.0,0.0,1088.0,136.0,0.0,0.0,0.0,8.0,0.0
384,294,RMP,optimized,3600.0,768.0,0.0,384.0,2048.0,128.0,128.0,136.0,0.0,0.0,0.0,8.0,0.0
384,295,RMP,baseline,5456.0,768.0,3072.0,384.0,0.0,0.0,1088.0,136.0,0.0,0.0,0.0,8.0,0.0
384,295,RMP,optimized,3600.0,768.0,0.0,384.0,2048.0,128.0,128.0,136.0,0.0,0.0,0.0,8.0,0.0
384,296,RMP,baseline,5456.0,768.0,3072.0,384.0,0.0,0.0,1088.0,136.0,0.0,0.0,0.0,8.0,0.0
384,296,RMP,optimized,3600.0,768.0,0.0,384.0,2048.0,128.0,128.0,136.0,0.0,0.0,0.0,8.0,0.0
384,297,RMP,baseline,5456.0,768.0,3072.0,384.0,0.0,0.0,1088.0,136.0,0.0,0.0,0.0,8.0,0.0
384,297,RMP,optimized,3600.0,768.0,0.0,384.0,2048.0,128.0,128.0,136.0,0.0,0.0,0.0,8.0,0.0
384,298,RMP,baseline,5456.0,768.0,3072.0,384.0,0.0,0.0,1088.0,136.0,0.0,0.0,0.0,8.0,0.0
384,298,RMP,optimized,3600.0,768.0,0.0,384.0,2048.0,128.0,128.0,136.0,0.0,0.0,0.0,8.0,0.0
384,299,RMP,baseline,5456.0,768.0,3072.0,384.0,0.0,0.0,1088.0,136.0,0.0,0.0,0.0,8.0,0.0
384,299,RMP,optimized,3600.0,768.0,0.0,384.0,2048.0,128.0,128.0,136.0,0.0,0.0,0.0,8.0,0.0
512,0,RMP,baseline,6608.0,768.0,4096.0,512.0,0.0,0.0,1088.0,136.0,0.0,0.0,0.0,8.0,0.0
512,0,RMP,optimized,3728.0,768.0,0.0,512.0,2048.0,128.0,128.0,136.0,0.0,0.0,0.0,8.0,0.0
512,1,RMP,baseline,6608.0,768.0,4096.0,512.0,0.0,0.0,1088.0,136.0,0.0,0.0,0.0,8.0,0.0
512,1,RMP,optimized,3728.0,768.0,0.0,512.0,2048.0,128.0,128.0,136.0,0.0,0.0,0.0,8.0,0.0
512,2,RMP,baseline,6608.0,768.0,4096.0,512.0,0.0,0.0,1088.0,136.0,0.0,0.0,0.0,8.0,0.0
512,2,RMP,optimized,3728.0,768.0,0.0,512.0,2048.0,128.0,128.0,136.0,0.0,0.0,0.0,8.0,0.0
512,3,RMP,baseline,6608.0,768.0,4096.0,512.0,0.0,0.0,1088.0,136.0,0.0,0.0,0.0,8.0,0.0
512,3,RMP,optimized,3728.0,768.0,0.0,512.0,2048.0,128.0,128.0,136.0,0.0,0.0,0.0,8.0,0.0
512,4,RMP,baseline,6608.0,768.0,4096.0,512.0,0.0,0.0,1088.0,136.0,0.0,0.0,0.0,8.0,0.0
512,4,RMP,optimized,3728.0,768.0,0.0,512.0,2048.0,128.0,128.0,136.0,0.0,0.0,0.0,8.0,0.0
512,5,RMP,baseline,6608.0,768.0,4096.0,512.0,0.0,0.0,1088.0,136.0,0.0,0.0,0.0,8.0,0.0
512,5,RMP,optimized,3728.0,768.0,0.0,512.0,2048.0,128.0,128.0,136.0,0.0,0.0,0.0,8.0,0.0
512,6,RMP,baseline,6608.0,768.0,4096.0,512.0,0.0,0.0,1088.0,136.0,0.0,0.0,0.0,8.0,0.0
512,6,RMP,optimized,3728.0,768.0,0.0,512.0,2048.0,128.0,128.0,136.0,0.0,0.0,0.0,8.0,0.0
512,7,RMP,baseline,6608.0,768.0,4096.0,512.0,0.0,0.0,1088.0,136.0,0.0,0.0,0.0,8.0,0.0
512,7,RMP,optimized,3728.0,768.0,0.0,512.0,2048.0,128.0,128.0,136.0,0.0,0.0,0.0,8.0,0.0
512,8,RMP,baseline,6608.0,768.0,4096.0,512.0,0.0,0.0,1088.0,136.0,0.0,0.0,0.0,8.0,0.0
512,8,RMP,optimized,3728.0,768.0,0.0,512.0,2048.0,128.0,128.0,136.0,0.0,0.0,0.0,8.0,0.0
512,9,RMP,baseline,6608.0,768.0,4096.0,512.0,0.0,0.0,1088.0,136.0,0.0,0.0,0.0,8.0,0.0
512,9,RMP,optimized,3728.0,768.0,0.0,512.0,2048.0,128.0,128.0,136.0,0.0,0.0,0.0,8.0,0.0
512,10,RMP,baseline,6608.0,768.0,4096.0,512.0,0.0,0.0,1088.0,136.0,0.0,0.0,0.0,8.0,0.0
512,10,RMP,optimized,3728.0,768.0,0.0,512.0,2048.0,128.0,128.0,136.0,0.0,0.0,0.0,8.0,0.0
512,11,RMP,baseline,6608.0,768.0,4096.0,512.0,0.0,0.0,1088.0,136.0,0.0,0.0,0.0,8.0,0.0
512,11,RMP,optimized,3728.0,768.0,0.0,512.0,2048.0,128.0,128.0,136.0,0.0,0.0,0.0,8.0,0.0
512,12,RMP,baseline,6608.0,768.0,4096.0,512.0,0.0,0.0,1088.0,136.0,0.0,0.0,0.0,8.0,0.0
512,12,RMP,optimized,3728.0,768.0,0.0,512.0,2048.0,128.0,128.0,136.0,0.0,0.0,0.0,8.0,0.0
512,13,RMP,baseline,6608.0,768.0,4096.0,512.0,0.0,0.0,1088.0,136.0,0.0,0.0,0.0,8.0,0.0
512,13,RMP,optimized,3728.0,768.0,0.0,512.0,2048.0,128.0,128.0,136.0,0.0,0.0,0.0,8.0,0.0
512,14,RMP,baseline,6608.0,768.0,4096.0,512.0,0.0,0.0,1088.0,136.0,0.0,0.0,0.0,8.0,0.0
512,14,RMP,optimized,3728.0,768.0,0.0,512.0,2048.0,128.0,128.0,136.0,0.0,0.0,0.0,8.0,0.0
512,15,RMP,baseline,6608.0,768.0,4096.0,512.0,0.0,0.0,1088.0,136.0,0.0,0.0,0.0,8.0,0.0
512,15,RMP,optimized,3728.0,768.0,0.0,512.0,2048.0,128.0,128.0,136.0,0.0,0.0,0.0,8.0,0.0
512,16,RMP,baseline,6608.0,768.0,4096.0,512.0,0.0,0.0,1088.0,136.0,0.0,0.0,0.0,8.0,0.0
512,16,RMP,optimized,3728.0,768.0,0.0,512.0,2048.0,128.0,128.0,136.0,0.0,0.0,0.0,8.0,0.0
512,17,RMP,baseline,6608.0,768.0,4096.0,512.0,0.0,0.0,1088.0,136.0,0.0,0.0,0.0,8.0,0.0
512,17,RMP,optimized,3728.0,768.0,0.0,512.0,2048.0,128.0,128.0,136.0,0.0,0.0,0.0,8.0,0.0
512,18,RMP,baseline,6608.0,768.0,4096.0,512.0,0.0,0.0,1088.0,136.0,0.0,0.0,0.0,8.0,0.0
512,18,RMP,optimized,3728.0,768.0,0.0,512.0,2048.0,128.0,128.0,136.0,0.0,0.0,0.0,8.0,0.0
512,19,RMP,baseline,6608.0,768.0,4096.0,512.0,0.0,0.0,1088.0,136.0,0.0,0.0,0.0,8.0,0.0
512,19,RMP,optimized,3728.0,768.0,0.0,512.0,2048.0,128.0,128.0,136.0,0.0,0.0,0.0,8.0,0.0
512,20,RMP,baseline,6608.0,768.0,4096.0,512.0,0.0,0.0,1088.0,136.0,0.0,0.0,0.0,8.0,0.0
512,20,RMP,optimized,3728.0,768.0,0.0,512.0,2048.0,128.0,128.0,136.0,0.0,0.0,0.0,8.0,0.0
512,21,RMP,baseline,6608.0,768.0,4096.0,512.0,0.0,0.0,1088.0,136.0,0.0,0.0,0.0,8.0,0.0
512,21,RMP,optimized,3728.0,768.0,0.0,512.0,2048.0,128.0,128.0,136.0,0.0,0.0,0.0,8.0,0.0
512,22,RMP,baseline,6608.0,768.0,4096.0,512.0,0.0,0.0,1088.0,136.0,0.0,0.0,0.0,8.0,0.0
512,22,RMP,optimized,3728.0,768.0,0.0,512.0,2048.0,128.0,128.0,136.0,0.0,0.0,0.0,8.0,0.0
512,23,RMP,baseline,6608.0,768.0,4096.0,512.0,0.0,0.0,1088.0,136.0,0.0,0.0,0.0,8.0,0.0
512,23,RMP,optimized,3728.0,768.0,0.0,512.0,2048.0,128.0,128.0,136.0,0.0,0.0,0.0,8.0,0.0
512,24,RMP,baseline,6608.0,768.0,4096.0,512.0,0.0,0.0,1088.0,136.0,0.0,0.0,0.0,8.0,0.0
512,24,RMP,optimized,3728.0,768.0,0.0,512.0,2048.0,128.0,128.0,136.0,0.0,0.0,0.0,8.0,0.0
512,25,RMP,baseline,6608.0,768.0,4096.0,512.0,0.0,0.0,1088.0,136.0,0.0,0.0,0.0,8.0,0.0
512,25,RMP,optimized,3728.0,768.0,0.0,512.0,2048.0,128.0,128.0,136.0,0.0,0.0,0.0,8.0,0.0
512,26,RMP,baseline,6608.0,768.0,4096.0,512.0,0.0,0.0,1088.0,136.0,0.0,0.0,0.0,8.0,0.0
512,26,RMP,optimized,3728.0,768.0,0.0,512.0,2048.0,128.0,128.0,136.0,0.0,0.0,0.0,8.0,0.0
512,27,RMP,baseline,6608.0,768.0,4096.0,512.0,0.0,0.0,1088.0,136.0,0.0,0.0,0.0,8.0,0.0
512,27,RMP,optimized,3728.0,768.0,0.0,512.0,2048.0,128.0,128.0,136.0,0.0,0.0,0.0,8.0,0.0
512,28,RMP,baseline,6608.0,768.0,4096.0,512.0,0.0,0.0,1088.0,136.0,0.0,0.0,0.0,8.0,0.0
512,28,RMP,optimized,3728.0,768.0,0.0,512.0,2048.0,128.0,128.0,136.0,0.0,0.0,0.0,8.0,0.0
512,29,RMP,baseline,6608.0,768.0,4096.0,512.0,0.0,0.0,1088.0,136.0,0.0,0.0,0.0,8.0,0.0
512,29,RMP,optimized,3728.0,768.0,0.0,512.0,2048.0,128.0,128.0,136.0,0.0,0.0,0.0,8.0,0.0
512,30,RMP,baseline,6608.0,768.0,4096.0,512.0,0.0,0.0,1088.0,136.0,0.0,0.0,0.0,8.0,0.0
512,30,RMP,optimized,3728.0,768.0,0.0,512.0,2048.0,128.0,128.0,136.0,0.0,0.0,0.0,8.0,0.0
512,31,RMP,baseline,6608.0,768.0,4096.0,512.0,0.0,0.0,1088.0,136.0,0.0,0.0,0.0,8.0,0.0
512,31,RMP,optimized,3728.0,768.0,0.0,512.0,2048.0,128.0,128.0,136.0,0.0,0.0,0.0,8.0,0.0
512,32,RMP,baseline,6608.0,768.0,4096.0,512.0,0.0,0.0,1088.0,136.0,0.0,0.0,0.0,8.0,0.0
512,32,RMP,optimized,3728.0,768.0,0.0,512.0,2048.0,128.0,128.0,136.0,0.0,0.0,0.0,8.0,0.0
512,33,RMP,baseline,6608.0,768.0,4096.0,512.0,0.0,0.0,1088.0,136.0,0.0,0.0,0.0,8.0,0.0
512,33,RMP,optimized,3728.0,768.0,0.0,512.0,2048.0,128.0,128.0,136.0,0.0,0.0,0.0,8.0,0.0
512,34,RMP,baseline,6608.0,768.0,4096.0,512.0,0.0,0.0,1088.0,136.0,0.0,0.0,0.0,8.0,0.0
512,34,RMP,optimized,3728.0,768.0,0.0,512.0,2048.0,128.0,128.0,136.0,0.0,0.0,0.0,8.0,0.0
512,35,RMP,baseline,6608.0,768.0,4096.0,512.0,0.0,0.0,1088.0,136.0,0.0,0.0,0.0,8.0,0.0
512,35,RMP,optimized,3728.0,768.0,0.0,512.0,2048.0,128.0,128.0,136.0,0.0,0.0,0.0,8.0,0.0
512,36,RMP,baseline,6608.0,768.0,4096.0,512.0,0.0,0.0,1088.0,136.0,0.0,0.0,0.0,8.0,0.0
512,36,RMP,optimized,3728.0,768.0,0.0,512.0,2048.0,128.0,128.0,136.0,0.0,0.0,0.0,8.0,0.0
512,37,RMP,baseline,6608.0,768.0,4096.0,512.0,0.0,0.0,1088.0,136.0,0.0,0.0,0.0,8.0,0.0
512,37,RMP,optimized,3728.0,768.0,0.0,512.0,2048.0,128.0,128.0,136.0,0.0,0.0,0.0,8.0,0.0
512,38,RMP,baseline,6608.0,768.0,4096.0,512.0,0.0,0.0,1088.0,136.0,0.0,0.0,0.0,8.0,0.0
512,38,RMP,optimized,3728.0,768.0,0.0,512.0,2048.0,128.0,128.0,136.0,0.0,0.0,0.0,8.0,0.0
512,39,RMP,baseline,6608.0,768.0,4096.0,512.0,0.0,0.0,1088.0,136.0,0.0,0.0,0.0,8.0,0.0
512,39,RMP,optimized,3728.0,768.0,0.0,512.0,2048.0,128.0,128.0,136.0,0.0,0.0,0.0,8.0,0.0
512,40,RMP,baseline,6608.0,768.0,4096.0,512.0,0.0,0.0,1088.0,136.0,0.0,0.0,0.0,8.0,0.0
512,40,RMP,optimized,3728.0,768.0,0.0,512.0,2048.0,128.0,128.0,136.0,0.0,0.0,0.0,8.0,0.0
512,41,RMP,baseline,6608.0,768.0,4096.0,512.0,0.0,0.0,1088.0,136.0,0.0,0.0,0.0,8.0,0.0
512,41,RMP,optimized,3728.0,768.0,0.0,512.0,2048.0,128.0,128.0,136.0,0.0,0.0,0.0,8.0,0.0
512,42,RMP,baseline,6608.0,768.0,4096.0,512.0,0.0,0.0,1088.0,136.0,0.0,0.0,0.0,8.0,0.0
512,42,RMP,optimized,3728.0,768.0,0.0,512.0,2048.0,128.0,128.0,136.0,0.0,0.0,0.0,8.0,0.0
512,43,RMP,baseline,6608.0,768.0,4096.0,512.0,0.0,0.0,1088.0,136.0,0.0,0.0,0.0,8.0,0.0
512,43,RMP,optimized,3728.0,768.0,0.0,512.0,2048.0,128.0,128.0,136.0,0.0,0.0,0.0,8.0,0.0
512,44,RMP,baseline,6608.0,768.0,4096.0,512.0,0.0,0.0,1088.0,136.0,0.0,0.0,0.0,8.0,0.0
512,44,RMP,optimized,3728.0,768.0,0.0,512.0,2048.0,128.0,128.0,136.0,0.0,0.0,0.0,8.0,0.0
512,45,RMP,baseline,6608.0,768.0,4096.0,512.0,0.0,0.0,1088.0,136.0,0.0,0.0,0.0,8.0,0.0
512,45,RMP,optimized,3728.0,768.0,0.0,512.0,2048.0,128.0,128.0,136.0,0.0,0.0,0.0,8.0,0.0
512,46,RMP,baseline,6608.0,768.0,4096.0,512.0,0.0,0.0,1088.0,136.0,0.0,0.0,0.0,8.0,0.0
512,46,RMP,optimized,3728.0,768.0,0.0,512.0,2048.0,128.0,128.0,136.0,0.0,0.0,0.0,8.0,0.0
512,47,RMP,baseline,6608.0,768.0,4096.0,512.0,0.0,0.0,1088.0,136.0,0.0,0.0,0.0,8.0,0.0
512,47,RMP,optimized,3728.0,768.0,0.0,512.0,2048.0,128.0,128.0,136.0,0.0,0.0,0.0,8.0,0.0
512,48,RMP,baseline,6608.0,768.0,4096.0,512.0,0.0,0.0,1088.0,136.0,0.0,0.0,0.0,8.0,0.0
512,48,RMP,optimized,3728.0,768.0,0.0,512.0,2048.0,128.0,128.0,136.0,0.0,0.0,0.0,8.0,0.0
512,49,RMP,baseline,6608.0,768.0,4096.0,512.0,0.0,0.0,1088.0,136.0,0.0,0.0,0.0,8.0,0.0
512,49,RMP,optimized,3728.0,768.0,0.0,512.0,2048.0,128.0,128.0,136.0,0.0,0.0,0.0,8.0,0.0
512,50,RMP,baseline,6608.0,768.0,4096.0,512.0,0.0,0.0,1088.0,136.0,0.0,0.0,0.0,8.0,0.0
512,50,RMP,optimized,3728.0,768.0,0.0,512.0,2048.0,128.0,128.0,136.0,0.0,0.0,0.0,8.0,0.0
512,51,RMP,baseline,6608.0,768.0,4096.0,512.0,0.0,0.0,1088.0,136.0,0.0,0.0,0.0,8.0,0.0
512,51,RMP,optimized,3728.0,768.0,0.0,512.0,2048.0,128.0,128.0,136.0,0.0,0.0,0.0,8.0,0.0
512,52,RMP,baseline,6608.0,768.0,4096.0,512.0,0.0,0.0,1088.0,136.0,0.0,0.0,0.0,8.0,0.0
512,52,RMP,optimized,3728.0,768.0,0.0,512.0,2048.0,128.0,128.0,136.0,0.0,0.0,0.0,8.0,0.0
512,53,RMP,baseline,6608.0,768.0,4096.0,512.0,0.0,0.0,1088.0,136.0,0.0,0.0,0.0,8.0,0.0
512,53,RMP,optimized,3728.0,768.0,0.0,512.0,2048.0,128.0,128.0,136.0,0.0,0.0,0.0,8.0,0.0
512,54,RMP,baseline,6608.0,768.0,4096.0,512.0,0.0,0.0,1088.0,136.0,0.0,0.0,0.0,8.0,0.0
512,54,RMP,optimized,3728.0,768.0,0.0,512.0,2048.0,128.0,128.0,136.0,0.0,0.0,0.0,8.0,0.0
512,55,RMP,baseline,6608.0,768.0,4096.0,512.0,0.0,0.0,1088.0,136.0,0.0,0.0,0.0,8.0,0.0
512,55,RMP,optimized,3728.0,768.0,0.0,512.0,2048.0,128.0,128.0,136.0,0.0,0.0,0.0,8.0,0.0
512,56,RMP,baseline,6608.0,768.0,4096.0,512.0,0.0,0.0,1088.0,136.0,0.0,0.0,0.0,8.0,0.0
512,56,RMP,optimized,3728.0,768.0,0.0,512.0,2048.0,128.0,128.0,136.0,0.0,0.0,0.0,8.0,0.0
512,57,RMP,baseline,6608.0,768.0,4096.0,512.0,0.0,0.0,1088.0,136.0,0.0,0.0,0.0,8.0,0.0
512,57,RMP,optimized,3728.0,768.0,0.0,512.0,2048.0,128.0,128.0,136.0,0.0,0.0,0.0,8.0,0.0
512,58,RMP,baseline,6608.0,768.0,4096.0,512.0,0.0,0.0,1088.0,136.0,0.0,0.0,0.0,8.0,0.0
512,58,RMP,optimized,3728.0,768.0,0.0,512.0,2048.0,128.0,128.0,136.0,0.0,0.0,0.0,8.0,0.0
512,59,RMP,baseline,6608.0,768.0,4096.0,512.0,0.0,0.0,1088.0,136.0,0.0,0.0,0.0,8.0,0.0
512,59,RMP,optimized,3728.0,768.0,0.0,512.0,2048.0,128.0,128.0,136.0,0.0,0.0,0.0,8.0,0.0
512,60,RMP,baseline,6608.0,768.0,4096.0,512.0,0.0,0.0,1088.0,136.0,0.0,0.0,0.0,8.0,0.0
512,60,RMP,optimized,3728.0,768.0,0.0,512.0,2048.0,128.0,128.0,136.0,0.0,0.0,0.0,8.0,0.0
512,61,RMP,baseline,6608.0,768.0,4096.0,512.0,0.0,0.0,1088.0,136.0,0.0,0.0,0.0,8.0,0.0
512,61,RMP,optimized,3728.0,768.0,0.0,512.0,2048.0,128.0,128.0,136.0,0.0,0.0,0.0,8.0,0.0
512,62,RMP,baseline,6608.0,768.0,4096.0,512.0,0.0,0.0,1088.0,136.0,0.0,0.0,0.0,8.0,0.0
512,62,RMP,optimized,3728.0,768.0,0.0,512.0,2048.0,128.0,128.0,136.0,0.0,0.0,0.0,8.0,0.0
512,63,RMP,baseline,6608.0,768.0,4096.0,512.0,0.0,0.0,1088.0,136.0,0.0,0.0,0.0,8.0,0.0
512,63,RMP,optimized,3728.0,768.0,0.0,512.0,2048.0,128.0,128.0,136.0,0.0,0.0,0.0,8.0,0.0
512,64,RMP,baseline,6608.0,768.0,4096.0,512.0,0.0,0.0,1088.0,136.0,0.0,0.0,0.0,8.0,0.0
512,64,RMP,optimized,3728.0,768.0,0.0,512.0,2048.0,128.0,128.0,136.0,0.0,0.0,0.0,8.0,0.0
512,65,RMP,baseline,6608.0,768.0,4096.0,512.0,0.0,0.0,1088.0,136.0,0.0,0.0,0.0,8.0,0.0
512,65,RMP,optimized,3728.0,768.0,0.0,512.0,2048.0,128.0,128.0,136.0,0.0,0.0,0.0,8.0,0.0
512,66,RMP,baseline,6608.0,768.0,4096.0,512.0,0.0,0.0,1088.0,136.0,0.0,0.0,0.0,8.0,0.0
512,66,RMP,optimized,3728.0,768.0,0.0,512.0,2048.0,128.0,128.0,136.0,0.0,0.0,0.0,8.0,0.0
512,67,RMP,baseline,6608.0,768.0,4096.0,512.0,0.0,0.0,1088.0,136.0,0.0,0.0,0.0,8.0,0.0
512,67,RMP,optimized,3728.0,768.0,0.0,512.0,2048.0,128.0,128.0,136.0,0.0,0.0,0.0,8.0,0.0
512,68,RMP,baseline,6608.0,768.0,4096.0,512.0,0.0,0.0,1088.0,136.0,0.0,0.0,0.0,8.0,0.0
512,68,RMP,optimized,3728.0,768.0,0.0,512.0,2048.0,128.0,128.0,136.0,0.0,0.0,0.0,8.0,0.0
512,69,RMP,baseline,6608.0,768.0,4096.0,512.0,0.0,0.0,1088.0,136.0,0.0,0.0,0.0,8.0,0.0
512,69,RMP,optimized,3728.0,768.0,0.0,512.0,2048.0,128.0,128.0,136.0,0.0,0.0,0.0,8.0,0.0
512,70,RMP,baseline,6608.0,768.0,4096.0,512.0,0.0,0.0,1088.0,136.0,0.0,0.0,0.0,8.0,0.0
512,70,RMP,optimized,3728.0,768.0,0.0,512.0,2048.0,128.0,128.0,136.0,0.0,0.0,0.0,8.0,0.0
512,71,RMP,baseline,6608.0,768.0,4096.0,512.0,0.0,0.0,1088.0,136.0,0.0,0.0,0.0,8.0,0.0
512,71,RMP,optimized,3728.0,768.0,0.0,512.0,2048.0,128.0,128.0,136.0,0.0,0.0,0.0,8.0,0.0
512,72,RMP,baseline,6608.0,768.0,4096.0,512.0,0.0,0.0,1088.0,136.0,0.0,0.0,0.0,8.0,0.0
512,72,RMP,optimized,3728.0,768.0,0.0,512.0,2048.0,128.0,128.0,136.0,0.0,0.0,0.0,8.0,0.0
512,73,RMP,baseline,6608.0,768.0,4096.0,512.0,0.0,0.0,1088.0,136.0,0.0,0.0,0.0,8.0,0.0
512,73,RMP,optimized,3728.0,768.0,0.0,512.0,2048.0,128.0,128.0,136.0,0.0,0.0,0.0,8.0,0.0
512,74,RMP,baseline,6608.0,768.0,4096.0,512.0,0.0,0.0,1088.0,136.0,0.0,0.0,0.0,8.0,0.0
512,74,RMP,optimized,3728.0,768.0,0.0,512.0,2048.0,128.0,128.0,136.0,0.0,0.0,0.0,8.0,0.0
512,75,RMP,baseline,6608.0,768.0,4096.0,512.0,0.0,0.0,1088.0,136.0,0.0,0.0,0.0,8.0,0.0
512,75,RMP,optimized,3728.0,768.0,0.0,512.0,2048.0,128.0,128.0,136.0,0.0,0.0,0.0,8.0,0.0
512,76,RMP,baseline,6608.0,768.0,4096.0,512.0,0.0,0.0,1088.0,136.0,0.0,0.0,0.0,8.0,0.0
512,76,RMP,optimized,3728.0,768.0,0.0,512.0,2048.0,128.0,128.0,136.0,0.0,0.0,0.0,8.0,0.0
512,77,RMP,baseline,6608.0,768.0,4096.0,512.0,0.0,0.0,1088.0,136.0,0.0,0.0,0.0,8.0,0.0
512,77,RMP,optimized,3728.0,768.0,0.0,512.0,2048.0,128.0,128.0,136.0,0.0,0.0,0.0,8.0,0.0
512,78,RMP,baseline,6608.0,768.0,4096.0,512.0,0.0,0.0,1088.0,136.0,0.0,0.0,0.0,8.0,0.0
512,78,RMP,optimized,3728.0,768.0,0.0,512.0,2048.0,128.0,128.0,136.0,0.0,0.0,0.0,8.0,0.0
512,79,RMP,baseline,6608.0,768.0,4096.0,512.0,0.0,0.0,1088.0,136.0,0.0,0.0,0.0,8.0,0.0
512,79,RMP,optimized,3728.0,768.0,0.0,512.0,2048.0,128.0,128.0,136.0,0.0,0.0,0.0,8.0,0.0
512,80,RMP,baseline,6608.0,768.0,4096.0,512.0,0.0,0.0,1088.0,136.0,0.0,0.0,0.0,8.0,0.0
512,80,RMP,optimized,3728.0,768.0,0.0,512.0,2048.0,128.0,128.0,136.0,0.0,0.0,0.0,8.0,0.0
512,81,RMP,baseline,6608.0,768.0,4096.0,512.0,0.0,0.0,1088.0,136.0,0.0,0.0,0.0,8.0,0.0
512,81,RMP,optimized,3728.0,768.0,0.0,512.0,2048.0,128.0,128.0,136.0,0.0,0.0,0.0,8.0,0.0
512,82,RMP,baseline,6608.0,768.0,4096.0,512.0,0.0,0.0,1088.0,136.0,0.0,0.0,0.0,8.0,0.0
512,82,RMP,optimized,3728.0,768.0,0.0,512.0,2048.0,128.0,128.0,136.0,0.0,0.0,0.0,8.0,0.0
512,83,RMP,baseline,6608.0,768.0,4096.0,512.0,0.0,0.0,1088.0,136.0,0.0,0.0,0.0,8.0,0.0
512,83,RMP,optimized,3728.0,768.0,0.0,512.0,2048.0,128.0,128.0,136.0,0.0,0.0,0.0,8.0,0.0
512,84,RMP,baseline,6608.0,768.0,4096.0,512.0,0.0,0.0,1088.0,136.0,0.0,0.0,0.0,8.0,0.0
512,84,RMP,optimized,3728.0,768.0,0.0,512.0,2048.0,128.0,128.0,136.0,0.0,0.0,0.0,8.0,0.0
512,85,RMP,baseline,6608.0,768.0,4096.0,512.0,0.0,0.0,1088.0,136.0,0.0,0.0,0.0,8.0,0.0
512,85,RMP,optimized,3728.0,768.0,0.0,512.0,2048.0,128.0,128.0,136.0,0.0,0.0,0.0,8.0,0.0
512,86,RMP,baseline,6608.0,768.0,4096.0,512.0,0.0,0.0,1088.0,136.0,0.0,0.0,0.0,8.0,0.0
512,86,RMP,optimized,3728.0,768.0,0.0,512.0,2048.0,128.0,128.0,136.0,0.0,0.0,0.0,8.0,0.0
512,87,RMP,baseline,6608.0,768.0,4096.0,512.0,0.0,0.0,1088.0,136.0,0.0,0.0,0.0,8.0,0.0
512,87,RMP,optimized,3728.0,768.0,0.0,512.0,2048.0,128.0,128.0,136.0,0.0,0.0,0.0,8.0,0.0
512,88,RMP,baseline,6608.0,768.0,4096.0,512.0,0.0,0.0,1088.0,136.0,0.0,0.0,0.0,8.0,0.0
512,88,RMP,optimized,3728.0,768.0,0.0,512.0,2048.0,128.0,128.0,136.0,0.0,0.0,0.0,8.0,0.0
512,89,RMP,baseline,6608.0,768.0,4096.0,512.0,0.0,0.0,1088.0,136.0,0.0,0.0,0.0,8.0,0.0
512,89,RMP,optimized,3728.0,768.0,0.0,512.0,2048.0,128.0,128.0,136.0,0.0,0.0,0.0,8.0,0.0
512,90,RMP,baseline,6608.0,768.0,4096.0,512.0,0.0,0.0,1088.0,136.0,0.0,0.0,0.0,8.0,0.0
512,90,RMP,optimized,3728.0,768.0,0.0,512.0,2048.0,128.0,128.0,136.0,0.0,0.0,0.0,8.0,0.0
512,91,RMP,baseline,6608.0,768.0,4096.0,512.0,0.0,0.0,1088.0,136.0,0.0,0.0,0.0,8.0,0.0
512,91,RMP,optimized,3728.0,768.0,0.0,512.0,2048.0,128.0,128.0,136.0,0.0,0.0,0.0,8.0,0.0
512,92,RMP,baseline,6608.0,768.0,4096.0,512.0,0.0,0.0,1088.0,136.0,0.0,0.0,0.0,8.0,0.0
512,92,RMP,optimized,3728.0,768.0,0.0,512.0,2048.0,128.0,128.0,136.0,0.0,0.0,0.0,8.0,0.0
512,93,RMP,baseline,6608.0,768.0,4096.0,512.0,0.0,0.0,1088.0,136.0,0.0,0.0,0.0,8.0,0.0
512,93,RMP,optimized,3728.0,768.0,0.0,512.0,2048.0,128.0,128.0,136.0,0.0,0.0,0.0,8.0,0.0
512,94,RMP,baseline,6608.0,768.0,4096.0,512.0,0.0,0.0,1088.0,136.0,0.0,0.0,0.0,8.0,0.0
512,94,RMP,optimized,3728.0,768.0,0.0,512.0,2048.0,128.0,128.0,136.0,0.0,0.0,0.0,8.0,0.0
512,95,RMP,baseline,6608.0,768.0,4096.0,512.0,0.0,0.0,1088.0,136.0,0.0,0.0,0.0,8.0,0.0
512,95,RMP,optimized,3728.0,768.0,0.0,512.0,2048.0,128.0,128.0,136.0,0.0,0.0,0.0,8.0,0.0
512,96,RMP,baseline,6608.0,768.0,4096.0,512.0,0.0,0.0,1088.0,136.0,0.0,0.0,0.0,8.0,0.0
512,96,RMP,optimized,3728.0,768.0,0.0,512.0,2048.0,128.0,128.0,136.0,0.0,0.0,0.0,8.0,0.0
512,97,RMP,baseline,6608.0,768.0,4096.0,512.0,0.0,0.0,1088.0,136.0,0.0,0.0,0.0,8.0,0.0
512,97,RMP,optimized,3728.0,768.0,0.0,512.0,2048.0,128.0,128.0,136.0,0.0,0.0,0.0,8.0,0.0
512,98,RMP,baseline,6608.0,768.0,4096.0,512.0,0.0,0.0,1088.0,136.0,0.0,0.0,0.0,8.0,0.0
512,98,RMP,optimized,3728.0,768.0,0.0,512.0,2048.0,128.0,128.0,136.0,0.0,0.0,0.0,8.0,0.0
512,99,RMP,baseline,6608.0,768.0,4096.0,512.0,0.0,0.0,1088.0,136.0,0.0,0.0,0.0,8.0,0.0
512,99,RMP,optimized,3728.0,768.0,0.0,512.0,2048.0,128.0,128.0,136.0,0.0,0.0,0.0,8.0,0.0
512,100,RMP,baseline,6608.0,768.0,4096.0,512.0,0.0,0.0,1088.0,136.0,0.0,0.0,0.0,8.0,0.0
512,100,RMP,optimized,3728.0,768.0,0.0,512.0,2048.0,128.0,128.0,136.0,0.0,0.0,0.0,8.0,0.0
512,101,RMP,baseline,6608.0,768.0,4096.0,512.0,0.0,0.0,1088.0,136.0,0.0,0.0,0.0,8.0,0.0
512,101,RMP,optimized,3728.0,768.0,0.0,512.0,2048.0,128.0,128.0,136.0,0.0,0.0,0.0,8.0,0.0
512,102,RMP,baseline,6608.0,768.0,4096.0,512.0,0.0,0.0,1088.0,136.0,0.0,0.0,0.0,8.0,0.0
512,102,RMP,optimized,3728.0,768.0,0.0,512.0,2048.0,128.0,128.0,136.0,0.0,0.0,0.0,8.0,0.0
512,103,RMP,baseline,6608.0,768.0,4096.0,512.0,0.0,0.0,1088.0,136.0,0.0,0.0,0.0,8.0,0.0
512,103,RMP,optimized,3728.0,768.0,0.0,512.0,2048.0,128.0,128.0,136.0,0.0,0.0,0.0,8.0,0.0
512,104,RMP,baseline,6608.0,768.0,4096.0,512.0,0.0,0.0,1088.0,136.0,0.0,0.0,0.0,8.0,0.0
512,104,RMP,optimized,3728.0,768.0,0.0,512.0,2048.0,128.0,128.0,136.0,0.0,0.0,0.0,8.0,0.0
512,105,RMP,baseline,6608.0,768.0,4096.0,512.0,0.0,0.0,1088.0,136.0,0.0,0.0,0.0,8.0,0.0
512,105,RMP,optimized,3728.0,768.0,0.0,512.0,2048.0,128.0,128.0,136.0,0.0,0.0,0.0,8.0,0.0
512,106,RMP,baseline,6608.0,768.0,4096.0,512.0,0.0,0.0,1088.0,136.0,0.0,0.0,0.0,8.0,0.0
512,106,RMP,optimized,3728.0,768.0,0.0,512.0,2048.0,128.0,128.0,136.0,0.0,0.0,0.0,8.0,0.0
512,107,RMP,baseline,6608.0,768.0,4096.0,512.0,0.0,0.0,1088.0,136.0,0.0,0.0,0.0,8.0,0.0
512,107,RMP,optimized,3728.0,768.0,0.0,512.0,2048.0,128.0,128.0,136.0,0.0,0.0,0.0,8.0,0.0
512,108,RMP,baseline,6608.0,768.0,4096.0,512.0,0.0,0.0,1088.0,136.0,0.0,0.0,0.0,8.0,0.0
512,108,RMP,optimized,3728.0,768.0,0.0,512.0,2048.0,128.0,128.0,136.0,0.0,0.0,0.0,8.0,0.0
512,109,RMP,baseline,6608.0,768.0,4096.0,512.0,0.0,0.0,1088.0,136.0,0.0,0.0,0.0,8.0,0.0
512,109,RMP,optimized,3728.0,768.0,0.0,512.0,2048.0,128.0,128.0,136.0,0.0,0.0,0.0,8.0,0.0
512,110,RMP,baseline,6608.0,768.0,4096.0,512.0,0.0,0.0,1088.0,136.0,0.0,0.0,0.0,8.0,0.0
512,110,RMP,optimized,3728.0,768.0,0.0,512.0,2048.0,128.0,128.0,136.0,0.0,0.0,0.0,8.0,0.0
512,111,RMP,baseline,6608.0,768.0,4096.0,512.0,0.0,0.0,1088.0,136.0,0.0,0.0,0.0,8.0,0.0
512,111,RMP,optimized,3728.0,768.0,0.0,512.0,2048.0,128.0,128.0,136.0,0.0,0.0,0.0,8.0,0.0
512,112,RMP,baseline,6608.0,768.0,4096.0,512.0,0.0,0.0,1088.0,136.0,0.0,0.0,0.0,8.0,0.0
512,112,RMP,optimized,3728.0,768.0,0.0,512.0,2048.0,128.0,128.0,136.0,0.0,0.0,0.0,8.0,0.0
512,113,RMP,baseline,6608.0,768.0,4096.0,512.0,0.0,0.0,1088.0,136.0,0.0,0.0,0.0,8.0,0.0
512,113,RMP,optimized,3728.0,768.0,0.0,512.0,2048.0,128.0,128.0,136.0,0.0,0.0,0.0,8.0,0.0
512,114,RMP,baseline,6608.0,768.0,4096.0,512.0,0.0,0.0,1088.0,136.0,0.0,0.0,0.0,8.0,0.0
512,114,RMP,optimized,3728.0,768.0,0.0,512.0,2048.0,128.0,128.0,136.0,0.0,0.0,0.0,8.0,0.0
512,115,RMP,baseline,6608.0,768.0,4096.0,512.0,0.0,0.0,1088.0,136.0,0.0,0.0,0.0,8.0,0.0
512,115,RMP,optimized,3728.0,768.0,0.0,512.0,2048.0,128.0,128.0,136.0,0.0,0.0,0.0,8.0,0.0
512,116,RMP,baseline,6608.0,768.0,4096.0,512.0,0.0,0.0,1088.0,136.0,0.0,0.0,0.0,8.0,0.0
512,116,RMP,optimized,3728.0,768.0,0.0,512.0,2048.0,128.0,128.0,136.0,0.0,0.0,0.0,8.0,0.0
512,117,RMP,baseline,6608.0,768.0,4096.0,512.0,0.0,0.0,1088.0,136.0,0.0,0.0,0.0,8.0,0.0
512,117,RMP,optimized,3728.0,768.0,0.0,512.0,2048.0,128.0,128.0,136.0,0.0,0.0,0.0,8.0,0.0
512,118,RMP,baseline,6608.0,768.0,4096.0,512.0,0.0,0.0,1088.0,136.0,0.0,0.0,0.0,8.0,0.0
512,118,RMP,optimized,3728.0,768.0,0.0,512.0,2048.0,128.0,128.0,136.0,0.0,0.0,0.0,8.0,0.0
512,119,RMP,baseline,6608.0,768.0,4096.0,512.0,0.0,0.0,1088.0,136.0,0.0,0.0,0.0,8.0,0.0
512,119,RMP,optimized,3728.0,768.0,0.0,512.0,2048.0,128.0,128.0,136.0,0.0,0.0,0.0,8.0,0.0
512,120,RMP,baseline,6608.0,768.0,4096.0,512.0,0.0,0.0,1088.0,136.0,0.0,0.0,0.0,8.0,0.0
512,120,RMP,optimized,3728.0,768.0,0.0,512.0,2048.0,128.0,128.0,136.0,0.0,0.0,0.0,8.0,0.0
512,121,RMP,baseline,6608.0,768.0,4096.0,512.0,0.0,0.0,1088.0,136.0,0.0,0.0,0.0,8.0,0.0
512,121,RMP,optimized,3728.0,768.0,0.0,512.0,2048.0,128.0,128.0,136.0,0.0,0.0,0.0,8.0,0.0
512,122,RMP,baseline,6608.0,768.0,4096.0,512.0,0.0,0.0,1088.0,136.0,0.0,0.0,0.0,8.0,0.0
512,122,RMP,optimized,3728.0,768.0,0.0,512.0,2048.0,128.0,128.0,136.0,0.0,0.0,0.0,8.0,0.0
512,123,RMP,baseline,6608.0,768.0,4096.0,512.0,0.0,0.0,1088.0,136.0,0.0,0.0,0.0,8.0,0.0
512,123,RMP,optimized,3728.0,768.0,0.0,512.0,2048.0,128.0,128.0,136.0,0.0,0.0,0.0,8.0,0.0
512,124,RMP,baseline,6608.0,768.0,4096.0,512.0,0.0,0.0,1088.0,136.0,0.0,0.0,0.0,8.0,0.0
512,124,RMP,optimized,3728.0,768.0,0.0,512.0,2048.0,128.0,128.0,136.0,0.0,0.0,0.0,8.0,0.0
512,125,RMP,baseline,6608.0,768.0,4096.0,512.0,0.0,0.0,1088.0,136.0,0.0,0.0,0.0,8.0,0.0
512,125,RMP,optimized,3728.0,768.0,0.0,512.0,2048.0,128.0,128.0,136.0,0.0,0.0,0.0,8.0,0.0
512,126,RMP,baseline,6608.0,768.0,4096.0,512.0,0.0,0.0,1088.0,136.0,0.0,0.0,0.0,8.0,0.0
512,126,RMP,optimized,3728.0,768.0,0.0,512.0,2048.0,128.0,128.0,136.0,0.0,0.0,0.0,8.0,0.0
512,127,RMP,baseline,6608.0,768.0,4096.0,512.0,0.0,0.0,1088.0,136.0,0.0,0.0,0.0,8.0,0.0
512,127,RMP,optimized,3728.0,768.0,0.0,512.0,2048.0,128.0,128.0,136.0,0.0,0.0,0.0,8.0,0.0
512,128,RMP,baseline,6608.0,768.0,4096.0,512.0,0.0,0.0,1088.0,136.0,0.0,0.0,0.0,8.0,0.0
512,128,RMP,optimized,3728.0,768.0,0.0,512.0,2048.0,128.0,128.0,136.0,0.0,0.0,0.0,8.0,0.0
512,129,RMP,baseline,6608.0,768.0,4096.0,512.0,0.0,0.0,1088.0,136.0,0.0,0.0,0.0,8.0,0.0
512,129,RMP,optimized,3728.0,768.0,0.0,512.0,2048.0,128.0,128.0,136.0,0.0,0.0,0.0,8.0,0.0
512,130,RMP,baseline,6608.0,768.0,4096.0,512.0,0.0,0.0,1088.0,136.0,0.0,0.0,0.0,8.0,0.0
512,130,RMP,optimized,3728.0,768.0,0.0,512.0,2048.0,128.0,128.0,136.0,0.0,0.0,0.0,8.0,0.0
512,131,RMP,baseline,6608.0,768.0,4096.0,512.0,0.0,0.0,1088.0,136.0,0.0,0.0,0.0,8.0,0.0
512,131,RMP,optimized,3728.0,768.0,0.0,512.0,2048.0,128.0,128.0,136.0,0.0,0.0,0.0,8.0,0.0
512,132,RMP,baseline,6608.0,768.0,4096.0,512.0,0.0,0.0,1088.0,136.0,0.0,0.0,0.0,8.0,0.0
512,132,RMP,optimized,3728.0,768.0,0.0,512.0,2048.0,128.0,128.0,136.0,0.0,0.0,0.0,8.0,0.0
512,133,RMP,baseline,6608.0,768.0,4096.0,512.0,0.0,0.0,1088.0,136.0,0.0,0.0,0.0,8.0,0.0
512,133,RMP,optimized,3728.0,768.0,0.0,512.0,2048.0,128.0,128.0,136.0,0.0,0.0,0.0,8.0,0.0
512,134,RMP,baseline,6608.0,768.0,4096.0,512.0,0.0,0.0,1088.0,136.0,0.0,0.0,0.0,8.0,0.0
512,134,RMP,optimized,3728.0,768.0,0.0,512.0,2048.0,128.0,128.0,136.0,0.0,0.0,0.0,8.0,0.0
512,135,RMP,baseline,6608.0,768.0,4096.0,512.0,0.0,0.0,1088.0,136.0,0.0,0.0,0.0,8.0,0.0
512,135,RMP,optimized,3728.0,768.0,0.0,512.0,2048.0,128.0,128.0,136.0,0.0,0.0,0.0,8.0,0.0
512,136,RMP,baseline,6608.0,768.0,4096.0,512.0,0.0,0.0,1088.0,136.0,0.0,0.0,0.0,8.0,0.0
512,136,RMP,optimized,3728.0,768.0,0.0,512.0,2048.0,128.0,128.0,136.0,0.0,0.0,0.0,8.0,0.0
512,137,RMP,baseline,6608.0,768.0,4096.0,512.0,0.0,0.0,1088.0,136.0,0.0,0.0,0.0,8.0,0.0
512,137,RMP,optimized,3728.0,768.0,0.0,512.0,2048.0,128.0,128.0,136.0,0.0,0.0,0.0,8.0,0.0
512,138,RMP,baseline,6608.0,768.0,4096.0,512.0,0.0,0.0,1088.0,136.0,0.0,0.0,0.0,8.0,0.0
512,138,RMP,optimized,3728.0,768.0,0.0,512.0,2048.0,128.0,128.0,136.0,0.0,0.0,0.0,8.0,0.0
512,139,RMP,baseline,6608.0,768.0,4096.0,512.0,0.0,0.0,1088.0,136.0,0.0,0.0,0.0,8.0,0.0
512,139,RMP,optimized,3728.0,768.0,0.0,512.0,2048.0,128.0,128.0,136.0,0.0,0.0,0.0,8.0,0.0
512,140,RMP,baseline,6608.0,768.0,4096.0,512.0,0.0,0.0,1088.0,136.0,0.0,0.0,0.0,8.0,0.0
512,140,RMP,optimized,3728.0,768.0,0.0,512.0,2048.0,128.0,128.0,136.0,0.0,0.0,0.0,8.0,0.0
512,141,RMP,baseline,6608.0,768.0,4096.0,512.0,0.0,0.0,1088.0,136.0,0.0,0.0,0.0,8.0,0.0
512,141,RMP,optimized,3728.0,768.0,0.0,512.0,2048.0,128.0,128.0,136.0,0.0,0.0,0.0,8.0,0.0
512,142,RMP,baseline,6608.0,768.0,4096.0,512.0,0.0,0.0,1088.0,136.0,0.0,0.0,0.0,8.0,0.0
512,142,RMP,optimized,3728.0,768.0,0.0,512.0,2048.0,128.0,128.0,136.0,0.0,0.0,0.0,8.0,0.0
512,143,RMP,baseline,6608.0,768.0,4096.0,512.0,0.0,0.0,1088.0,136.0,0.0,0.0,0.0,8.0,0.0
512,143,RMP,optimized,3728.0,768.0,0.0,512.0,2048.0,128.0,128.0,136.0,0.0,0.0,0.0,8.0,0.0
512,144,RMP,baseline,6608.0,768.0,4096.0,512.0,0.0,0.0,1088.0,136.0,0.0,0.0,0.0,8.0,0.0
512,144,RMP,optimized,3728.0,768.0,0.0,512.0,2048.0,128.0,128.0,136.0,0.0,0.0,0.0,8.0,0.0
512,145,RMP,baseline,6608.0,768.0,4096.0,512.0,0.0,0.0,1088.0,136.0,0.0,0.0,0.0,8.0,0.0
512,145,RMP,optimized,3728.0,768.0,0.0,512.0,2048.0,128.0,128.0,136.0,0.0,0.0,0.0,8.0,0.0
512,146,RMP,baseline,6608.0,768.0,4096.0,512.0,0.0,0.0,1088.0,136.0,0.0,0.0,0.0,8.0,0.0
512,146,RMP,optimized,3728.0,768.0,0.0,512.0,2048.0,128.0,128.0,136.0,0.0,0.0,0.0,8.0,0.0
512,147,RMP,baseline,6608.0,768.0,4096.0,512.0,0.0,0.0,1088.0,136.0,0.0,0.0,0.0,8.0,0.0
512,147,RMP,optimized,3728.0,768.0,0.0,512.0,2048.0,128.0,128.0,136.0,0.0,0.0,0.0,8.0,0.0
512,148,RMP,baseline,6608.0,768.0,4096.0,512.0,0.0,0.0,1088.0,136.0,0.0,0.0,0.0,8.0,0.0
512,148,RMP,optimized,3728.0,768.0,0.0,512.0,2048.0,128.0,128.0,136.0,0.0,0.0,0.0,8.0,0.0
512,149,RMP,baseline,6608.0,768.0,4096.0,512.0,0.0,0.0,1088.0,136.0,0.0,0.0,0.0,8.0,0.0
512,149,RMP,optimized,3728.0,768.0,0.0,512.0,2048.0,128.0,128.0,136.0,0.0,0.0,0.0,8.0,0.0
512,150,RMP,baseline,6608.0,768.0,4096.0,512.0,0.0,0.0,1088.0,136.0,0.0,0.0,0.0,8.0,0.0
512,150,RMP,optimized,3728.0,768.0,0.0,512.0,2048.0,128.0,128.0,136.0,0.0,0.0,0.0,8.0,0.0
512,151,RMP,baseline,6608.0,768.0,4096.0,512.0,0.0,0.0,1088.0,136.0,0.0,0.0,0.0,8.0,0.0
512,151,RMP,optimized,3728.0,768.0,0.0,512.0,2048.0,128.0,128.0,136.0,0.0,0.0,0.0,8.0,0.0
512,152,RMP,baseline,6608.0,768.0,4096.0,512.0,0.0,0.0,1088.0,136.0,0.0,0.0,0.0,8.0,0.0
512,152,RMP,optimized,3728.0,768.0,0.0,512.0,2048.0,128.0,128.0,136.0,0.0,0.0,0.0,8.0,0.0
512,153,RMP,baseline,6608.0,768.0,4096.0,512.0,0.0,0.0,1088.0,136.0,0.0,0.0,0.0,8.0,0.0
512,153,RMP,optimized,3728.0,768.0,0.0,512.0,2048.0,128.0,128.0,136.0,0.0,0.0,0.0,8.0,0.0
512,154,RMP,baseline,6608.0,768.0,4096.0,512.0,0.0,0.0,1088.0,136.0,0.0,0.0,0.0,8.0,0.0
512,154,RMP,optimized,3728.0,768.0,0.0,512.0,2048.0,128.0,128.0,136.0,0.0,0.0,0.0,8.0,0.0
512,155,RMP,baseline,6608.0,768.0,4096.0,512.0,0.0,0.0,1088.0,136.0,0.0,0.0,0.0,8.0,0.0
512,155,RMP,optimized,3728.0,768.0,0.0,512.0,2048.0,128.0,128.0,136.0,0.0,0.0,0.0,8.0,0.0
512,156,RMP,baseline,6608.0,768.0,4096.0,512.0,0.0,0.0,1088.0,136.0,0.0,0.0,0.0,8.0,0.0
512,156,RMP,optimized,3728.0,768.0,0.0,512.0,2048.0,128.0,128.0,136.0,0.0,0.0,0.0,8.0,0.0
512,157,RMP,baseline,6608.0,768.0,4096.0,512.0,0.0,0.0,1088.0,136.0,0.0,0.0,0.0,8.0,0.0
512,157,RMP,optimized,3728.0,768.0,0.0,512.0,2048.0,128.0,128.0,136.0,0.0,0.0,0.0,8.0,0.0
512,158,RMP,baseline,6608.0,768.0,4096.0,512.0,0.0,0.0,1088.0,136.0,0.0,0.0,0.0,8.0,0.0
512,158,RMP,optimized,3728.0,768.0,0.0,512.0,2048.0,128.0,128.0,136.0,0.0,0.0,0.0,8.0,0.0
512,159,RMP,baseline,6608.0,768.0,4096.0,512.0,0.0,0.0,1088.0,136.0,0.0,0.0,0.0,8.0,0.0
512,159,RMP,optimized,3728.0,768.0,0.0,512.0,2048.0,128.0,128.0,136.0,0.0,0.0,0.0,8.0,0.0
512,160,RMP,baseline,6608.0,768.0,4096.0,512.0,0.0,0.0,1088.0,136.0,0.0,0.0,0.0,8.0,0.0
512,160,RMP,optimized,3728.0,768.0,0.0,512.0,2048.0,128.0,128.0,136.0,0.0,0.0,0.0,8.0,0.0
512,161,RMP,baseline,6608.0,768.0,4096.0,512.0,0.0,0.0,1088.0,136.0,0.0,0.0,0.0,8.0,0.0
512,161,RMP,optimized,3728.0,768.0,0.0,512.0,2048.0,128.0,128.0,136.0,0.0,0.0,0.0,8.0,0.0
512,162,RMP,baseline,6608.0,768.0,4096.0,512.0,0.0,0.0,1088.0,136.0,0.0,0.0,0.0,8.0,0.0
512,162,RMP,optimized,3728.0,768.0,0.0,512.0,2048.0,128.0,128.0,136.0,0.0,0.0,0.0,8.0,0.0
512,163,RMP,baseline,6608.0,768.0,4096.0,512.0,0.0,0.0,1088.0,136.0,0.0,0.0,0.0,8.0,0.0
512,163,RMP,optimized,3728.0,768.0,0.0,512.0,2048.0,128.0,128.0,136.0,0.0,0.0,0.0,8.0,0.0
512,164,RMP,baseline,6608.0,768.0,4096.0,512.0,0.0,0.0,1088.0,136.0,0.0,0.0,0.0,8.0,0.0
512,164,RMP,optimized,3728.0,768.0,0.0,512.0,2048.0,128.0,128.0,136.0,0.0,0.0,0.0,8.0,0.0
512,165,RMP,baseline,6608.0,768.0,4096.0,512.0,0.0,0.0,1088.0,136.0,0.0,0.0,0.0,8.0,0.0
512,165,RMP,optimized,3728.0,768.0,0.0,512.0,2048.0,128.0,128.0,136.0,0.0,0.0,0.0,8.0,0.0
512,166,RMP,baseline,6608.0,768.0,4096.0,512.0,0.0,0.0,1088.0,136.0,0.0,0.0,0.0,8.0,0.0
512,166,RMP,optimized,3728.0,768.0,0.0,512.0,2048.0,128.0,128.0,136.0,0.0,0.0,0.0,8.0,0.0
512,167,RMP,baseline,6608.0,768.0,4096.0,512.0,0.0,0.0,1088.0,136.0,0.0,0.0,0.0,8.0,0.0
512,167,RMP,optimized,3728.0,768.0,0.0,512.0,2048.0,128.0,128.0,136.0,0.0,0.0,0.0,8.0,0.0
512,168,RMP,baseline,6608.0,768.0,4096.0,512.0,0.0,0.0,1088.0,136.0,0.0,0.0,0.0,8.0,0.0
512,168,RMP,optimized,3728.0,768.0,0.0,512.0,2048.0,128.0,128.0,136.0,0.0,0.0,0.0,8.0,0.0
512,169,RMP,baseline,6608.0,768.0,4096.0,512.0,0.0,0.0,1088.0,136.0,0.0,0.0,0.0,8.0,0.0
512,169,RMP,optimized,3728.0,768.0,0.0,512.0,2048.0,128.0,128.0,136.0,0.0,0.0,0.0,8.0,0.0
512,170,RMP,baseline,6608.0,768.0,4096.0,512.0,0.0,0.0,1088.0,136.0,0.0,0.0,0.0,8.0,0.0
512,170,RMP,optimized,3728.0,768.0,0.0,512.0,2048.0,128.0,128.0,136.0,0.0,0.0,0.0,8.0,0.0
512,171,RMP,baseline,6608.0,768.0,4096.0,512.0,0.0,0.0,1088.0,136.0,0.0,0.0,0.0,8.0,0.0
512,171,RMP,optimized,3728.0,768.0,0.0,512.0,2048.0,128.0,128.0,136.0,0.0,0.0,0.0,8.0,0.0
512,172,RMP,baseline,6608.0,768.0,4096.0,512.0,0.0,0.0,1088.0,136.0,0.0,0.0,0.0,8.0,0.0
512,172,RMP,optimized,3728.0,768.0,0.0,512.0,2048.0,128.0,128.0,136.0,0.0,0.0,0.0,8.0,0.0
512,173,RMP,baseline,6608.0,768.0,4096.0,512.0,0.0,0.0,1088.0,136.0,0.0,0.0,0.0,8.0,0.0
512,173,RMP,optimized,3728.0,768.0,0.0,512.0,2048.0,128.0,128.0,136.0,0.0,0.0,0.0,8.0,0.0
512,174,RMP,baseline,6608.0,768.0,4096.0,512.0,0.0,0.0,1088.0,136.0,0.0,0.0,0.0,8.0,0.0
512,174,RMP,optimized,3728.0,768.0,0.0,512.0,2048.0,128.0,128.0,136.0,0.0,0.0,0.0,8.0,0.0
512,175,RMP,baseline,6608.0,768.0,4096.0,512.0,0.0,0.0,1088.0,136.0,0.0,0.0,0.0,8.0,0.0
512,175,RMP,optimized,3728.0,768.0,0.0,512.0,2048.0,128.0,128.0,136.0,0.0,0.0,0.0,8.0,0.0
512,176,RMP,baseline,6608.0,768.0,4096.0,512.0,0.0,0.0,1088.0,136.0,0.0,0.0,0.0,8.0,0.0
512,176,RMP,optimized,3728.0,768.0,0.0,512.0,2048.0,128.0,128.0,136.0,0.0,0.0,0.0,8.0,0.0
512,177,RMP,baseline,6608.0,768.0,4096.0,512.0,0.0,0.0,1088.0,136.0,0.0,0.0,0.0,8.0,0.0
512,177,RMP,optimized,3728.0,768.0,0.0,512.0,2048.0,128.0,128.0,136.0,0.0,0.0,0.0,8.0,0.0
512,178,RMP,baseline,6608.0,768.0,4096.0,512.0,0.0,0.0,1088.0,136.0,0.0,0.0,0.0,8.0,0.0
512,178,RMP,optimized,3728.0,768.0,0.0,512.0,2048.0,128.0,128.0,136.0,0.0,0.0,0.0,8.0,0.0
512,179,RMP,baseline,6608.0,768.0,4096.0,512.0,0.0,0.0,1088.0,136.0,0.0,0.0,0.0,8.0,0.0
512,179,RMP,optimized,3728.0,768.0,0.0,512.0,2048.0,128.0,128.0,136.0,0.0,0.0,0.0,8.0,0.0
512,180,RMP,baseline,6608.0,768.0,4096.0,512.0,0.0,0.0,1088.0,136.0,0.0,0.0,0.0,8.0,0.0
512,180,RMP,optimized,3728.0,768.0,0.0,512.0,2048.0,128.0,128.0,136.0,0.0,0.0,0.0,8.0,0.0
512,181,RMP,baseline,6608.0,768.0,4096.0,512.0,0.0,0.0,1088.0,136.0,0.0,0.0,0.0,8.0,0.0
512,181,RMP,optimized,3728.0,768.0,0.0,512.0,2048.0,128.0,128.0,136.0,0.0,0.0,0.0,8.0,0.0
512,182,RMP,baseline,6608.0,768.0,4096.0,512.0,0.0,0.0,1088.0,136.0,0.0,0.0,0.0,8.0,0.0
512,182,RMP,optimized,3728.0,768.0,0.0,512.0,2048.0,128.0,128.0,136.0,0.0,0.0,0.0,8.0,0.0
512,183,RMP,baseline,6608.0,768.0,4096.0,512.0,0.0,0.0,1088.0,136.0,0.0,0.0,0.0,8.0,0.0
512,183,RMP,optimized,3728.0,768.0,0.0,512.0,2048.0,128.0,128.0,136.0,0.0,0.0,0.0,8.0,0.0
512,184,RMP,baseline,6608.0,768.0,4096.0,512.0,0.0,0.0,1088.0,136.0,0.0,0.0,0.0,8.0,0.0
512,184,RMP,optimized,3728.0,768.0,0.0,512.0,2048.0,128.0,128.0,136.0,0.0,0.0,0.0,8.0,0.0
512,185,RMP,baseline,6608.0,768.0,4096.0,512.0,0.0,0.0,1088.0,136.0,0.0,0.0,0.0,8.0,0.0
512,185,RMP,optimized,3728.0,768.0,0.0,512.0,2048.0,128.0,128.0,136.0,0.0,0.0,0.0,8.0,0.0
512,186,RMP,baseline,6608.0,768.0,4096.0,512.0,0.0,0.0,1088.0,136.0,0.0,0.0,0.0,8.0,0.0
512,186,RMP,optimized,3728.0,768.0,0.0,512.0,2048.0,128.0,128.0,136.0,0.0,0.0,0.0,8.0,0.0
512,187,RMP,baseline,6608.0,768.0,4096.0,512.0,0.0,0.0,1088.0,136.0,0.0,0.0,0.0,8.0,0.0
512,187,RMP,optimized,3728.0,768.0,0.0,512.0,2048.0,128.0,128.0,136.0,0.0,0.0,0.0,8.0,0.0
512,188,RMP,baseline,6608.0,768.0,4096.0,512.0,0.0,0.0,1088.0,136.0,0.0,0.0,0.0,8.0,0.0
512,188,RMP,optimized,3728.0,768.0,0.0,512.0,2048.0,128.0,128.0,136.0,0.0,0.0,0.0,8.0,0.0
512,189,RMP,baseline,6608.0,768.0,4096.0,512.0,0.0,0.0,1088.0,136.0,0.0,0.0,0.0,8.0,0.0
512,189,RMP,optimized,3728.0,768.0,0.0,512.0,2048.0,128.0,128.0,136.0,0.0,0.0,0.0,8.0,0.0
512,190,RMP,baseline,6608.0,768.0,4096.0,512.0,0.0,0.0,1088.0,136.0,0.0,0.0,0.0,8.0,0.0
512,190,RMP,optimized,3728.0,768.0,0.0,512.0,2048.0,128.0,128.0,136.0,0.0,0.0,0.0,8.0,0.0
512,191,RMP,baseline,6608.0,768.0,4096.0,512.0,0.0,0.0,1088.0,136.0,0.0,0.0,0.0,8.0,0.0
512,191,RMP,optimized,3728.0,768.0,0.0,512.0,2048.0,128.0,128.0,136.0,0.0,0.0,0.0,8.0,0.0
512,192,RMP,baseline,6608.0,768.0,4096.0,512.0,0.0,0.0,1088.0,136.0,0.0,0.0,0.0,8.0,0.0
512,192,RMP,optimized,3728.0,768.0,0.0,512.0,2048.0,128.0,128.0,136.0,0.0,0.0,0.0,8.0,0.0
512,193,RMP,baseline,6608.0,768.0,4096.0,512.0,0.0,0.0,1088.0,136.0,0.0,0.0,0.0,8.0,0.0
512,193,RMP,optimized,3728.0,768.0,0.0,512.0,2048.0,128.0,128.0,136.0,0.0,0.0,0.0,8.0,0.0
512,194,RMP,baseline,6608.0,768.0,4096.0,512.0,0.0,0.0,1088.0,136.0,0.0,0.0,0.0,8.0,0.0
512,194,RMP,optimized,3728.0,768.0,0.0,512.0,2048.0,128.0,128.0,136.0,0.0,0.0,0.0,8.0,0.0
512,195,RMP,baseline,6608.0,768.0,4096.0,512.0,0.0,0.0,1088.0,136.0,0.0,0.0,0.0,8.0,0.0
512,195,RMP,optimized,3728.0,768.0,0.0,512.0,2048.0,128.0,128.0,136.0,0.0,0.0,0.0,8.0,0.0
512,196,RMP,baseline,6608.0,768.0,4096.0,512.0,0.0,0.0,1088.0,136.0,0.0,0.0,0.0,8.0,0.0
512,196,RMP,optimized,3728.0,768.0,0.0,512.0,2048.0,128.0,128.0,136.0,0.0,0.0,0.0,8.0,0.0
512,197,RMP,baseline,6608.0,768.0,4096.0,512.0,0.0,0.0,1088.0,136.0,0.0,0.0,0.0,8.0,0.0
512,197,RMP,optimized,3728.0,768.0,0.0,512.0,2048.0,128.0,128.0,136.0,0.0,0.0,0.0,8.0,0.0
512,198,RMP,baseline,6608.0,768.0,4096.0,512.0,0.0,0.0,1088.0,136.0,0.0,0.0,0.0,8.0,0.0
512,198,RMP,optimized,3728.0,768.0,0.0,512.0,2048.0,128.0,128.0,136.0,0.0,0.0,0.0,8.0,0.0
512,199,RMP,baseline,6608.0,768.0,4096.0,512.0,0.0,0.0,1088.0,136.0,0.0,0.0,0.0,8.0,0.0
512,199,RMP,optimized,3728.0,768.0,0.0,512.0,2048.0,128.0,128.0,136.0,0.0,0.0,0.0,8.0,0.0
512,200,RMP,baseline,6608.0,768.0,4096.0,512.0,0.0,0.0,1088.0,136.0,0.0,0.0,0.0,8.0,0.0
512,200,RMP,optimized,3728.0,768.0,0.0,512.0,2048.0,128.0,128.0,136.0,0.0,0.0,0.0,8.0,0.0
512,201,RMP,baseline,6608.0,768.0,4096.0,512.0,0.0,0.0,1088.0,136.0,0.0,0.0,0.0,8.0,0.0
512,201,RMP,optimized,3728.0,768.0,0.0,512.0,2048.0,128.0,128.0,136.0,0.0,0.0,0.0,8.0,0.0
512,202,RMP,baseline,6608.0,768.0,4096.0,512.0,0.0,0.0,1088.0,136.0,0.0,0.0,0.0,8.0,0.0
512,202,RMP,optimized,3728.0,768.0,0.0,512.0,2048.0,128.0,128.0,136.0,0.0,0.0,0.0,8.0,0.0
512,203,RMP,baseline,6608.0,768.0,4096.0,512.0,0.0,0.0,1088.0,136.0,0.0,0.0,0.0,8.0,0.0
512,203,RMP,optimized,3728.0,768.0,0.0,512.0,2048.0,128.0,128.0,136.0,0.0,0.0,0.0,8.0,0.0
512,204,RMP,baseline,6608.0,768.0,4096.0,512.0,0.0,0.0,1088.0,136.0,0.0,0.0,0.0,8.0,0.0
512,204,RMP,optimized,3728.0,768.0,0.0,512.0,2048.0,128.0,128.0,136.0,0.0,0.0,0.0,8.0,0.0
512,205,RMP,baseline,6608.0,768.0,4096.0,512.0,0.0,0.0,1088.0,136.0,0.0,0.0,0.0,8.0,0.0
512,205,RMP,optimized,3728.0,768.0,0.0,512.0,2048.0,128.0,128.0,136.0,0.0,0.0,0.0,8.0,0.0
512,206,RMP,baseline,6608.0,768.0,4096.0,512.0,0.0,0.0,1088.0,136.0,0.0,0.0,0.0,8.0,0.0
512,206,RMP,optimized,3728.0,768.0,0.0,512.0,2048.0,128.0,128.0,136.0,0.0,0.0,0.0,8.0,0.0
512,207,RMP,baseline,6608.0,768.0,4096.0,512.0,0.0,0.0,1088.0,136.0,0.0,0.0,0.0,8.0,0.0
512,207,RMP,optimized,3728.0,768.0,0.0,512.0,2048.0,128.0,128.0,136.0,0.0,0.0,0.0,8.0,0.0
512,208,RMP,baseline,6608.0,768.0,4096.0,512.0,0.0,0.0,1088.0,136.0,0.0,0.0,0.0,8.0,0.0
512,208,RMP,optimized,3728.0,768.0,0.0,512.0,2048.0,128.0,128.0,136.0,0.0,0.0,0.0,8.0,0.0
512,209,RMP,baseline,6608.0,768.0,4096.0,512.0,0.0,0.0,1088.0,136.0,0.0,0.0,0.0,8.0,0.0
512,209,RMP,optimized,3728.0,768.0,0.0,512.0,2048.0,128.0,128.0,136.0,0.0,0.0,0.0,8.0,0.0
512,210,RMP,baseline,6608.0,768.0,4096.0,512.0,0.0,0.0,1088.0,136.0,0.0,0.0,0.0,8.0,0.0
512,210,RMP,optimized,3728.0,768.0,0.0,512.0,2048.0,128.0,128.0,136.0,0.0,0.0,0.0,8.0,0.0
512,211,RMP,baseline,6608.0,768.0,4096.0,512.0,0.0,0.0,1088.0,136.0,0.0,0.0,0.0,8.0,0.0
512,211,RMP,optimized,3728.0,768.0,0.0,512.0,2048.0,128.0,128.0,136.0,0.0,0.0,0.0,8.0,0.0
512,212,RMP,baseline,6608.0,768.0,4096.0,512.0,0.0,0.0,1088.0,136.0,0.0,0.0,0.0,8.0,0.0
512,212,RMP,optimized,3728.0,768.0,0.0,512.0,2048.0,128.0,128.0,136.0,0.0,0.0,0.0,8.0,0.0
512,213,RMP,baseline,6608.0,768.0,4096.0,512.0,0.0,0.0,1088.0,136.0,0.0,0.0,0.0,8.0,0.0
512,213,RMP,optimized,3728.0,768.0,0.0,512.0,2048.0,128.0,128.0,136.0,0.0,0.0,0.0,8.0,0.0
512,214,RMP,baseline,6608.0,768.0,4096.0,512.0,0.0,0.0,1088.0,136.0,0.0,0.0,0.0,8.0,0.0
512,214,RMP,optimized,3728.0,768.0,0.0,512.0,2048.0,128.0,128.0,136.0,0.0,0.0,0.0,8.0,0.0
512,215,RMP,baseline,6608.0,768.0,4096.0,512.0,0.0,0.0,1088.0,136.0,0.0,0.0,0.0,8.0,0.0
512,215,RMP,optimized,3728.0,768.0,0.0,512.0,2048.0,128.0,128.0,136.0,0.0,0.0,0.0,8.0,0.0
512,216,RMP,baseline,6608.0,768.0,4096.0,512.0,0.0,0.0,1088.0,136.0,0.0,0.0,0.0,8.0,0.0
512,216,RMP,optimized,3728.0,768.0,0.0,512.0,2048.0,128.0,128.0,136.0,0.0,0.0,0.0,8.0,0.0
512,217,RMP,baseline,6608.0,768.0,4096.0,512.0,0.0,0.0,1088.0,136.0,0.0,0.0,0.0,8.0,0.0
512,217,RMP,optimized,3728.0,768.0,0.0,512.0,2048.0,128.0,128.0,136.0,0.0,0.0,0.0,8.0,0.0
512,218,RMP,baseline,6608.0,768.0,4096.0,512.0,0.0,0.0,1088.0,136.0,0.0,0.0,0.0,8.0,0.0
512,218,RMP,optimized,3728.0,768.0,0.0,512.0,2048.0,128.0,128.0,136.0,0.0,0.0,0.0,8.0,0.0
512,219,RMP,baseline,6608.0,768.0,4096.0,512.0,0.0,0.0,1088.0,136.0,0.0,0.0,0.0,8.0,0.0
512,219,RMP,optimized,3728.0,768.0,0.0,512.0,2048.0,128.0,128.0,136.0,0.0,0.0,0.0,8.0,0.0
512,220,RMP,baseline,6608.0,768.0,4096.0,512.0,0.0,0.0,1088.0,136.0,0.0,0.0,0.0,8.0,0.0
512,220,RMP,optimized,3728.0,768.0,0.0,512.0,2048.0,128.0,128.0,136.0,0.0,0.0,0.0,8.0,0.0
512,221,RMP,baseline,6608.0,768.0,4096.0,512.0,0.0,0.0,1088.0,136.0,0.0,0.0,0.0,8.0,0.0
512,221,RMP,optimized,3728.0,768.0,0.0,512.0,2048.0,128.0,128.0,136.0,0.0,0.0,0.0,8.0,0.0
512,222,RMP,baseline,6608.0,768.0,4096.0,512.0,0.0,0.0,1088.0,136.0,0.0,0.0,0.0,8.0,0.0
512,222,RMP,optimized,3728.0,768.0,0.0,512.0,2048.0,128.0,128.0,136.0,0.0,0.0,0.0,8.0,0.0
512,223,RMP,baseline,6608.0,768.0,4096.0,512.0,0.0,0.0,1088.0,136.0,0.0,0.0,0.0,8.0,0.0
512,223,RMP,optimized,3728.0,768.0,0.0,512.0,2048.0,128.0,128.0,136.0,0.0,0.0,0.0,8.0,0.0
512,224,RMP,baseline,6608.0,768.0,4096.0,512.0,0.0,0.0,1088.0,136.0,0.0,0.0,0.0,8.0,0.0
512,224,RMP,optimized,3728.0,768.0,0.0,512.0,2048.0,128.0,128.0,136.0,0.0,0.0,0.0,8.0,0.0
512,225,RMP,baseline,6608.0,768.0,4096.0,512.0,0.0,0.0,1088.0,136.0,0.0,0.0,0.0,8.0,0.0
512,225,RMP,optimized,3728.0,768.0,0.0,512.0,2048.0,128.0,128.0,136.0,0.0,0.0,0.0,8.0,0.0
512,226,RMP,baseline,6608.0,768.0,4096.0,512.0,0.0,0.0,1088.0,136.0,0.0,0.0,0.0,8.0,0.0
512,226,RMP,optimized,3728.0,768.0,0.0,512.0,2048.0,128.0,128.0,136.0,0.0,0.0,0.0,8.0,0.0
512,227,RMP,baseline,6608.0,768.0,4096.0,512.0,0.0,0.0,1088.0,136.0,0.0,0.0,0.0,8.0,0.0
512,227,RMP,optimized,3728.0,768.0,0.0,512.0,2048.0,128.0,128.0,136.0,0.0,0.0,0.0,8.0,0.0
512,228,RMP,baseline,6608.0,768.0,4096.0,512.0,0.0,0.0,1088.0,136.0,0.0,0.0,0.0,8.0,0.0
512,228,RMP,optimized,3728.0,768.0,0.0,512.0,2048.0,128.0,128.0,136.0,0.0,0.0,0.0,8.0,0.0
512,229,RMP,baseline,6608.0,768.0,4096.0,512.0,0.0,0.0,1088.0,136.0,0.0,0.0,0.0,8.0,0.0
512,229,RMP,optimized,3728.0,768.0,0.0,512.0,2048.0,128.0,128.0,136.0,0.0,0.0,0.0,8.0,0.0
512,230,RMP,baseline,6608.0,768.0,4096.0,512.0,0.0,0.0,1088.0,136.0,0.0,0.0,0.0,8.0,0.0
512,230,RMP,optimized,3728.0,768.0,0.0,512.0,2048.0,128.0,128.0,136.0,0.0,0.0,0.0,8.0,0.0
512,231,RMP,baseline,6608.0,768.0,4096.0,512.0,0.0,0.0,1088.0,136.0,0.0,0.0,0.0,8.0,0.0
512,231,RMP,optimized,3728.0,768.0,0.0,512.0,2048.0,128.0,128.0,136.0,0.0,0.0,0.0,8.0,0.0
512,232,RMP,baseline,6608.0,768.0,4096.0,512.0,0.0,0.0,1088.0,136.0,0.0,0.0,0.0,8.0,0.0
512,232,RMP,optimized,3728.0,768.0,0.0,512.0,2048.0,128.0,128.0,136.0,0.0,0.0,0.0,8.0,0.0
512,233,RMP,baseline,6608.0,768.0,4096.0,512.0,0.0,0.0,1088.0,136.0,0.0,0.0,0.0,8.0,0.0
512,233,RMP,optimized,3728.0,768.0,0.0,512.0,2048.0,128.0,128.0,136.0,0.0,0.0,0.0,8.0,0.0
512,234,RMP,baseline,6608.0,768.0,4096.0,512.0,0.0,0.0,1088.0,136.0,0.0,0.0,0.0,8.0,0.0
512,234,RMP,optimized,3728.0,768.0,0.0,512.0,2048.0,128.0,128.0,136.0,0.0,0.0,0.0,8.0,0.0
512,235,RMP,baseline,6608.0,768.0,4096.0,512.0,0.0,0.0,1088.0,136.0,0.0,0.0,0.0,8.0,0.0
512,235,RMP,optimized,3728.0,768.0,0.0,512.0,2048.0,128.0,128.0,136.0,0.0,0.0,0.0,8.0,0.0
512,236,RMP,baseline,6608.0,768.0,4096.0,512.0,0.0,0.0,1088.0,136.0,0.0,0.0,0.0,8.0,0.0
512,236,RMP,optimized,3728.0,768.0,0.0,512.0,2048.0,128.0,128.0,136.0,0.0,0.0,0.0,8.0,0.0
512,237,RMP,baseline,6608.0,768.0,4096.0,512.0,0.0,0.0,1088.0,136.0,0.0,0.0,0.0,8.0,0.0
512,237,RMP,optimized,3728.0,768.0,0.0,512.0,2048.0,128.0,128.0,136.0,0.0,0.0,0.0,8.0,0.0
512,238,RMP,baseline,6608.0,768.0,4096.0,512.0,0.0,0.0,1088.0,136.0,0.0,0.0,0.0,8.0,0.0
512,238,RMP,optimized,3728.0,768.0,0.0,512.0,2048.0,128.0,128.0,136.0,0.0,0.0,0.0,8.0,0.0
512,239,RMP,baseline,6608.0,768.0,4096.0,512.0,0.0,0.0,1088.0,136.0,0.0,0.0,0.0,8.0,0.0
512,239,RMP,optimized,3728.0,768.0,0.0,512.0,2048.0,128.0,128.0,136.0,0.0,0.0,0.0,8.0,0.0
512,240,RMP,baseline,6608.0,768.0,4096.0,512.0,0.0,0.0,1088.0,136.0,0.0,0.0,0.0,8.0,0.0
512,240,RMP,optimized,3728.0,768.0,0.0,512.0,2048.0,128.0,128.0,136.0,0.0,0.0,0.0,8.0,0.0
512,241,RMP,baseline,6608.0,768.0,4096.0,512.0,0.0,0.0,1088.0,136.0,0.0,0.0,0.0,8.0,0.0
512,241,RMP,optimized,3728.0,768.0,0.0,512.0,2048.0,128.0,128.0,136.0,0.0,0.0,0.0,8.0,0.0
512,242,RMP,baseline,6608.0,768.0,4096.0,512.0,0.0,0.0,1088.0,136.0,0.0,0.0,0.0,8.0,0.0
512,242,RMP,optimized,3728.0,768.0,0.0,512.0,2048.0,128.0,128.0,136.0,0.0,0.0,0.0,8.0,0.0
512,243,RMP,baseline,6608.0,768.0,4096.0,512.0,0.0,0.0,1088.0,136.0,0.0,0.0,0.0,8.0,0.0
512,243,RMP,optimized,3728.0,768.0,0.0,512.0,2048.0,128.0,128.0,136.0,0.0,0.0,0.0,8.0,0.0
512,244,RMP,baseline,6608.0,768.0,4096.0,512.0,0.0,0.0,1088.0,136.0,0.0,0.0,0.0,8.0,0.0
512,244,RMP,optimized,3728.0,768.0,0.0,512.0,2048.0,128.0,128.0,136.0,0.0,0.0,0.0,8.0,0.0
512,245,RMP,baseline,6608.0,768.0,4096.0,512.0,0.0,0.0,1088.0,136.0,0.0,0.0,0.0,8.0,0.0
512,245,RMP,optimized,3728.0,768.0,0.0,512.0,2048.0,128.0,128.0,136.0,0.0,0.0,0.0,8.0,0.0
512,246,RMP,baseline,6608.0,768.0,4096.0,512.0,0.0,0.0,1088.0,136.0,0.0,0.0,0.0,8.0,0.0
512,246,RMP,optimized,3728.0,768.0,0.0,512.0,2048.0,128.0,128.0,136.0,0.0,0.0,0.0,8.0,0.0
512,247,RMP,baseline,6608.0,768.0,4096.0,512.0,0.0,0.0,1088.0,136.0,0.0,0.0,0.0,8.0,0.0
512,247,RMP,optimized,3728.0,768.0,0.0,512.0,2048.0,128.0,128.0,136.0,0.0,0.0,0.0,8.0,0.0
512,248,RMP,baseline,6608.0,768.0,4096.0,512.0,0.0,0.0,1088.0,136.0,0.0,0.0,0.0,8.0,0.0
512,248,RMP,optimized,3728.0,768.0,0.0,512.0,2048.0,128.0,128.0,136.0,0.0,0.0,0.0,8.0,0.0
512,249,RMP,baseline,6608.0,768.0,4096.0,512.0,0.0,0.0,1088.0,136.0,0.0,0.0,0.0,8.0,0.0
512,249,RMP,optimized,3728.0,768.0,0.0,512.0,2048.0,128.0,128.0,136.0,0.0,0.0,0.0,8.0,0.0
512,250,RMP,baseline,6608.0,768.0,4096.0,512.0,0.0,0.0,1088.0,136.0,0.0,0.0,0.0,8.0,0.0
512,250,RMP,optimized,3728.0,768.0,0.0,512.0,2048.0,128.0,128.0,136.0,0.0,0.0,0.0,8.0,0.0
512,251,RMP,baseline,6608.0,768.0,4096.0,512.0,0.0,0.0,1088.0,136.0,0.0,0.0,0.0,8.0,0.0
512,251,RMP,optimized,3728.0,768.0,0.0,512.0,2048.0,128.0,128.0,136.0,0.0,0.0,0.0,8.0,0.0
512,252,RMP,baseline,6608.0,768.0,4096.0,512.0,0.0,0.0,1088.0,136.0,0.0,0.0,0.0,8.0,0.0
512,252,RMP,optimized,3728.0,768.0,0.0,512.0,2048.0,128.0,128.0,136.0,0.0,0.0,0.0,8.0,0.0
512,253,RMP,baseline,6608.0,768.0,4096.0,512.0,0.0,0.0,1088.0,136.0,0.0,0.0,0.0,8.0,0.0
512,253,RMP,optimized,3728.0,768.0,0.0,512.0,2048.0,128.0,128.0,136.0,0.0,0.0,0.0,8.0,0.0
512,254,RMP,baseline,6608.0,768.0,4096.0,512.0,0.0,0.0,1088.0,136.0,0.0,0.0,0.0,8.0,0.0
512,254,RMP,optimized,3728.0,768.0,0.0,512.0,2048.0,128.0,128.0,136.0,0.0,0.0,0.0,8.0,0.0
512,255,RMP,baseline,6608.0,768.0,4096.0,512.0,0.0,0.0,1088.0,136.0,0.0,0.0,0.0,8.0,0.0
512,255,RMP,optimized,3728.0,768.0,0.0,512.0,2048.0,128.0,128.0,136.0,0.0,0.0,0.0,8.0,0.0
512,256,RMP,baseline,6608.0,768.0,4096.0,512.0,0.0,0.0,1088.0,136.0,0.0,0.0,0.0,8.0,0.0
512,256,RMP,optimized,3728.0,768.0,0.0,512.0,2048.0,128.0,128.0,136.0,0.0,0.0,0.0,8.0,0.0
512,257,RMP,baseline,6608.0,768.0,4096.0,512.0,0.0,0.0,1088.0,136.0,0.0,0.0,0.0,8.0,0.0
512,257,RMP,optimized,3728.0,768.0,0.0,512.0,2048.0,128.0,128.0,136.0,0.0,0.0,0.0,8.0,0.0
512,258,RMP,baseline,6608.0,768.0,4096.0,512.0,0.0,0.0,1088.0,136.0,0.0,0.0,0.0,8.0,0.0
512,258,RMP,optimized,3728.0,768.0,0.0,512.0,2048.0,128.0,128.0,136.0,0.0,0.0,0.0,8.0,0.0
512,259,RMP,baseline,6608.0,768.0,4096.0,512.0,0.0,0.0,1088.0,136.0,0.0,0.0,0.0,8.0,0.0
512,259,RMP,optimized,3728.0,768.0,0.0,512.0,2048.0,128.0,128.0,136.0,0.0,0.0,0.0,8.0,0.0
512,260,RMP,baseline,6608.0,768.0,4096.0,512.0,0.0,0.0,1088.0,136.0,0.0,0.0,0.0,8.0,0.0
512,260,RMP,optimized,3728.0,768.0,0.0,512.0,2048.0,128.0,128.0,136.0,0.0,0.0,0.0,8.0,0.0
512,261,RMP,baseline,6608.0,768.0,4096.0,512.0,0.0,0.0,1088.0,136.0,0.0,0.0,0.0,8.0,0.0
512,261,RMP,optimized,3728.0,768.0,0.0,512.0,2048.0,128.0,128.0,136.0,0.0,0.0,0.0,8.0,0.0
512,262,RMP,baseline,6608.0,768.0,4096.0,512.0,0.0,0.0,1088.0,136.0,0.0,0.0,0.0,8.0,0.0
512,262,RMP,optimized,3728.0,768.0,0.0,512.0,2048.0,128.0,128.0,136.0,0.0,0.0,0.0,8.0,0.0
512,263,RMP,baseline,6608.0,768.0,4096.0,512.0,0.0,0.0,1088.0,136.0,0.0,0.0,0.0,8.0,0.0
512,263,RMP,optimized,3728.0,768.0,0.0,512.0,2048.0,128.0,128.0,136.0,0.0,0.0,0.0,8.0,0.0
512,264,RMP,baseline,6608.0,768.0,4096.0,512.0,0.0,0.0,1088.0,136.0,0.0,0.0,0.0,8.0,0.0
512,264,RMP,optimized,3728.0,768.0,0.0,512.0,2048.0,128.0,128.0,136.0,0.0,0.0,0.0,8.0,0.0
512,265,RMP,baseline,6608.0,768.0,4096.0,512.0,0.0,0.0,1088.0,136.0,0.0,0.0,0.0,8.0,0.0
512,265,RMP,optimized,3728.0,768.0,0.0,512.0,2048.0,128.0,128.0,136.0,0.0,0.0,0.0,8.0,0.0
512,266,RMP,baseline,6608.0,768.0,4096.0,512.0,0.0,0.0,1088.0,136.0,0.0,0.0,0.0,8.0,0.0
512,266,RMP,optimized,3728.0,768.0,0.0,512.0,2048.0,128.0,128.0,136.0,0.0,0.0,0.0,8.0,0.0
512,267,RMP,baseline,6608.0,768.0,4096.0,512.0,0.0,0.0,1088.0,136.0,0.0,0.0,0.0,8.0,0.0
512,267,RMP,optimized,3728.0,768.0,0.0,512.0,2048.0,128.0,128.0,136.0,0.0,0.0,0.0,8.0,0.0
512,268,RMP,baseline,6608.0,768.0,4096.0,512.0,0.0,0.0,1088.0,136.0,0.0,0.0,0.0,8.0,0.0
512,268,RMP,optimized,3728.0,768.0,0.0,512.0,2048.0,128.0,128.0,136.0,0.0,0.0,0.0,8.0,0.0
512,269,RMP,baseline,6608.0,768.0,4096.0,512.0,0.0,0.0,1088.0,136.0,0.0,0.0,0.0,8.0,0.0
512,269,RMP,optimized,3728.0,768.0,0.0,512.0,2048.0,128.0,128.0,136.0,0.0,0.0,0.0,8.0,0.0
512,270,RMP,baseline,6608.0,768.0,4096.0,512.0,0.0,0.0,1088.0,136.0,0.0,0.0,0.0,8.0,0.0
512,270,RMP,optimized,3728.0,768.0,0.0,512.0,2048.0,128.0,128.0,136.0,0.0,0.0,0.0,8.0,0.0
512,271,RMP,baseline,6608.0,768.0,4096.0,512.0,0.0,0.0,1088.0,136.0,0.0,0.0,0.0,8.0,0.0
512,271,RMP,optimized,3728.0,768.0,0.0,512.0,2048.0,128.0,128.0,136.0,0.0,0.0,0.0,8.0,0.0
512,272,RMP,baseline,6608.0,768.0,4096.0,512.0,0.0,0.0,1088.0,136.0,0.0,0.0,0.0,8.0,0.0
512,272,RMP,optimized,3728.0,768.0,0.0,512.0,2048.0,128.0,128.0,136.0,0.0,0.0,0.0,8.0,0.0
512,273,RMP,baseline,6608.0,768.0,4096.0,512.0,0.0,0.0,1088.0,136.0,0.0,0.0,0.0,8.0,0.0
512,273,RMP,optimized,3728.0,768.0,0.0,512.0,2048.0,128.0,128.0,136.0,0.0,0.0,0.0,8.0,0.0
512,274,RMP,baseline,6608.0,768.0,4096.0,512.0,0.0,0.0,1088.0,136.0,0.0,0.0,0.0,8.0,0.0
512,274,RMP,optimized,3728.0,768.0,0.0,512.0,2048.0,128.0,128.0,136.0,0.0,0.0,0.0,8.0,0.0
512,275,RMP,baseline,6608.0,768.0,4096.0,512.0,0.0,0.0,1088.0,136.0,0.0,0.0,0.0,8.0,0.0
512,275,RMP,optimized,3728.0,768.0,0.0,512.0,2048.0,128.0,128.0,136.0,0.0,0.0,0.0,8.0,0.0
512,276,RMP,baseline,6608.0,768.0,4096.0,512.0,0.0,0.0,1088.0,136.0,0.0,0.0,0.0,8.0,0.0
512,276,RMP,optimized,3728.0,768.0,0.0,512.0,2048.0,128.0,128.0,136.0,0.0,0.0,0.0,8.0,0.0
512,277,RMP,baseline,6608.0,768.0,4096.0,512.0,0.0,0.0,1088.0,136.0,0.0,0.0,0.0,8.0,0.0
512,277,RMP,optimized,3728.0,768.0,0.0,512.0,2048.0,128.0,128.0,136.0,0.0,0.0,0.0,8.0,0.0
512,278,RMP,baseline,6608.0,768.0,4096.0,512.0,0.0,0.0,1088.0,136.0,0.0,0.0,0.0,8.0,0.0
512,278,RMP,optimized,3728.0,768.0,0.0,512.0,2048.0,128.0,128.0,136.0,0.0,0.0,0.0,8.0,0.0
512,279,RMP,baseline,6608.0,768.0,4096.0,512.0,0.0,0.0,1088.0,136.0,0.0,0.0,0.0,8.0,0.0
512,279,RMP,optimized,3728.0,768.0,0.0,512.0,2048.0,128.0,128.0,136.0,0.0,0.0,0.0,8.0,0.0
512,280,RMP,baseline,6608.0,768.0,4096.0,512.0,0.0,0.0,1088.0,136.0,0.0,0.0,0.0,8.0,0.0
512,280,RMP,optimized,3728.0,768.0,0.0,512.0,2048.0,128.0,128.0,136.0,0.0,0.0,0.0,8.0,0.0
512,281,RMP,baseline,6608.0,768.0,4096.0,512.0,0.0,0.0,1088.0,136.0,0.0,0.0,0.0,8.0,0.0
512,281,RMP,optimized,3728.0,768.0,0.0,512.0,2048.0,128.0,128.0,136.0,0.0,0.0,0.0,8.0,0.0
512,282,RMP,baseline,6608.0,768.0,4096.0,512.0,0.0,0.0,1088.0,136.0,0.0,0.0,0.0,8.0,0.0
512,282,RMP,optimized,3728.0,768.0,0.0,512.0,2048.0,128.0,128.0,136.0,0.0,0.0,0.0,8.0,0.0
512,283,RMP,baseline,6608.0,768.0,4096.0,512.0,0.0,0.0,1088.0,136.0,0.0,0.0,0.0,8.0,0.0
512,283,RMP,optimized,3728.0,768.0,0.0,512.0,2048.0,128.0,128.0,136.0,0.0,0.0,0.0,8.0,0.0
512,284,RMP,baseline,6608.0,768.0,4096.0,512.0,0.0,0.0,1088.0,136.0,0.0,0.0,0.0,8.0,0.0
512,284,RMP,optimized,3728.0,768.0,0.0,512.0,2048.0,128.0,128.0,136.0,0.0,0.0,0.0,8.0,0.0
512,285,RMP,baseline,6608.0,768.0,4096.0,512.0,0.0,0.0,1088.0,136.0,0.0,0.0,0.0,8.0,0.0
512,285,RMP,optimized,3728.0,768.0,0.0,512.0,2048.0,128.0,128.0,136.0,0.0,0.0,0.0,8.0,0.0
512,286,RMP,baseline,6608.0,768.0,4096.0,512.0,0.0,0.0,1088.0,136.0,0.0,0.0,0.0,8.0,0.0
512,286,RMP,optimized,3728.0,768.0,0.0,512.0,2048.0,128.0,128.0,136.0,0.0,0.0,0.0,8.0,0.0
512,287,RMP,baseline,6608.0,768.0,4096.0,512.0,0.0,0.0,1088.0,136.0,0.0,0.0,0.0,8.0,0.0
512,287,RMP,optimized,3728.0,768.0,0.0,512.0,2048.0,128.0,128.0,136.0,0.0,0.0,0.0,8.0,0.0
512,288,RMP,baseline,6608.0,768.0,4096.0,512.0,0.0,0.0,1088.0,136.0,0.0,0.0,0.0,8.0,0.0
512,288,RMP,optimized,3728.0,768.0,0.0,512.0,2048.0,128.0,128.0,136.0,0.0,0.0,0.0,8.0,0.0
512,289,RMP,baseline,6608.0,768.0,4096.0,512.0,0.0,0.0,1088.0,136.0,0.0,0.0,0.0,8.0,0.0
512,289,RMP,optimized,3728.0,768.0,0.0,512.0,2048.0,128.0,128.0,136.0,0.0,0.0,0.0,8.0,0.0
512,290,RMP,baseline,6608.0,768.0,4096.0,512.0,0.0,0.0,1088.0,136.0,0.0,0.0,0.0,8.0,0.0
512,290,RMP,optimized,3728.0,768.0,0.0,512.0,2048.0,128.0,128.0,136.0,0.0,0.0,0.0,8.0,0.0
512,291,RMP,baseline,6608.0,768.0,4096.0,512.0,0.0,0.0,1088.0,136.0,0.0,0.0,0.0,8.0,0.0
512,291,RMP,optimized,3728.0,768.0,0.0,512.0,2048.0,128.0,128.0,136.0,0.0,0.0,0.0,8.0,0.0
512,292,RMP,baseline,6608.0,768.0,4096.0,512.0,0.0,0.0,1088.0,136.0,0.0,0.0,0.0,8.0,0.0
512,292,RMP,optimized,3728.0,768.0,0.0,512.0,2048.0,128.0,128.0,136.0,0.0,0.0,0.0,8.0,0.0
512,293,RMP,baseline,6608.0,768.0,4096.0,512.0,0.0,0.0,1088.0,136.0,0.0,0.0,0.0,8.0,0.0
512,293,RMP,optimized,3728.0,768.0,0.0,512.0,2048.0,128.0,128.0,136.0,0.0,0.0,0.0,8.0,0.0
512,294,RMP,baseline,6608.0,768.0,4096.0,512.0,0.0,0.0,1088.0,136.0,0.0,0.0,0.0,8.0,0.0
512,294,RMP,optimized,3728.0,768.0,0.0,512.0,2048.0,128.0,128.0,136.0,0.0,0.0,0.0,8.0,0.0
512,295,RMP,baseline,6608.0,768.0,4096.0,512.0,0.0,0.0,1088.0,136.0,0.0,0.0,0.0,8.0,0.0
512,295,RMP,optimized,3728.0,768.0,0.0,512.0,2048.0,128.0,128.0,136.0,0.0,0.0,0.0,8.0,0.0
512,296,RMP,baseline,6608.0,768.0,4096.0,512.0,0.0,0.0,1088.0,136.0,0.0,0.0,0.0,8.0,0.0
512,296,RMP,optimized,3728.0,768.0,0.0,512.0,2048.0,128.0,128.0,136.0,0.0,0.0,0.0,8.0,0.0
512,297,RMP,baseline,6608.0,768.0,4096.0,512.0,0.0,0.0,1088.0,136.0,0.0,0.0,0.0,8.0,0.0
512,297,RMP,optimized,3728.0,768.0,0.0,512.0,2048.0,128.0,128.0,136.0,0.0,0.0,0.0,8.0,0.0
512,298,RMP,baseline,6608.0,768.0,4096.0,512.0,0.0,0.0,1088.0,136.0,0.0,0.0,0.0,8.0,0.0
512,298,RMP,optimized,3728.0,768.0,0.0,512.0,2048.0,128.0,128.0,136.0,0.0,0.0,0.0,8.0,0.0
512,299,RMP,baseline,6608.0,768.0,4096.0,512.0,0.0,0.0,1088.0,136.0,0.0,0.0,0.0,8.0,0.0
512,299,RMP,optimized,3728.0,768.0,0.0,512.0,2048.0,128.0,128.0,136.0,0.0,0.0,0.0,8.0,0.0
