measurement_ratio,trial,algorithm,implementation,peak_working_set_bytes,residual_bytes,x_hat_bytes,support_mask_bytes,solver_gram_bytes,solver_rhs_bytes,support_history_bytes,residual_history_bytes,support_size_history_bytes,candidate_size_history_bytes,group_size_history_bytes,support_condition_history_bytes,extra_array_bytes
0.1875,0,Improved-gOMP,baseline,3168.0,384.0,2048.0,0.0,0.0,0.0,488.0,56.0,48.0,48.0,48.0,48.0,0.0
0.1875,0,Improved-gOMP,optimized,4848.0,384.0,2048.0,0.0,2048.0,128.0,128.0,56.0,48.0,0.0,0.0,8.0,0.0
0.1875,1,Improved-gOMP,baseline,3168.0,384.0,2048.0,0.0,0.0,0.0,488.0,56.0,48.0,48.0,48.0,48.0,0.0
0.1875,1,Improved-gOMP,optimized,4848.0,384.0,2048.0,0.0,2048.0,128.0,128.0,56.0,48.0,0.0,0.0,8.0,0.0
0.1875,2,Improved-gOMP,baseline,3168.0,384.0,2048.0,0.0,0.0,0.0,488.0,56.0,48.0,48.0,48.0,48.0,0.0
0.1875,2,Improved-gOMP,optimized,4848.0,384.0,2048.0,0.0,2048.0,128.0,128.0,56.0,48.0,0.0,0.0,8.0,0.0
0.1875,3,Improved-gOMP,baseline,3168.0,384.0,2048.0,0.0,0.0,0.0,488.0,56.0,48.0,48.0,48.0,48.0,0.0
0.1875,3,Improved-gOMP,optimized,4848.0,384.0,2048.0,0.0,2048.0,128.0,128.0,56.0,48.0,0.0,0.0,8.0,0.0
0.1875,4,Improved-gOMP,baseline,3144.0,384.0,2048.0,0.0,0.0,0.0,464.0,56.0,48.0,48.0,48.0,48.0,0.0
0.1875,4,Improved-gOMP,optimized,4848.0,384.0,2048.0,0.0,2048.0,128.0,128.0,56.0,48.0,0.0,0.0,8.0,0.0
0.1875,5,Improved-gOMP,baseline,3168.0,384.0,2048.0,0.0,0.0,0.0,488.0,56.0,48.0,48.0,48.0,48.0,0.0
0.1875,5,Improved-gOMP,optimized,4848.0,384.0,2048.0,0.0,2048.0,128.0,128.0,56.0,48.0,0.0,0.0,8.0,0.0
0.1875,6,Improved-gOMP,baseline,3168.0,384.0,2048.0,0.0,0.0,0.0,488.0,56.0,48.0,48.0,48.0,48.0,0.0
0.1875,6,Improved-gOMP,optimized,4848.0,384.0,2048.0,0.0,2048.0,128.0,128.0,56.0,48.0,0.0,0.0,8.0,0.0
0.1875,7,Improved-gOMP,baseline,3168.0,384.0,2048.0,0.0,0.0,0.0,488.0,56.0,48.0,48.0,48.0,48.0,0.0
0.1875,7,Improved-gOMP,optimized,4848.0,384.0,2048.0,0.0,2048.0,128.0,128.0,56.0,48.0,0.0,0.0,8.0,0.0
0.1875,8,Improved-gOMP,baseline,3112.0,384.0,2048.0,0.0,0.0,0.0,432.0,56.0,48.0,48.0,48.0,48.0,0.0
0.1875,8,Improved-gOMP,optimized,3872.0,384.0,2048.0,0.0,1152.0,96.0,96.0,48.0,40.0,0.0,0.0,8.0,0.0
0.1875,9,Improved-gOMP,baseline,3168.0,384.0,2048.0,0.0,0.0,0.0,488.0,56.0,48.0,48.0,48.0,48.0,0.0
0.1875,9,Improved-gOMP,optimized,4848.0,384.0,2048.0,0.0,2048.0,128.0,128.0,56.0,48.0,0.0,0.0,8.0,0.0
0.1875,10,Improved-gOMP,baseline,3144.0,384.0,2048.0,0.0,0.0,0.0,464.0,56.0,48.0,48.0,48.0,48.0,0.0
0.1875,10,Improved-gOMP,optimized,4848.0,384.0,2048.0,0.0,2048.0,128.0,128.0,56.0,48.0,0.0,0.0,8.0,0.0
0.1875,11,Improved-gOMP,baseline,3144.0,384.0,2048.0,0.0,0.0,0.0,464.0,56.0,48.0,48.0,48.0,48.0,0.0
0.1875,11,Improved-gOMP,optimized,4584.0,384.0,2048.0,0.0,1800.0,120.0,120.0,56.0,48.0,0.0,0.0,8.0,0.0
0.1875,12,Improved-gOMP,baseline,3168.0,384.0,2048.0,0.0,0.0,0.0,488.0,56.0,48.0,48.0,48.0,48.0,0.0
0.1875,12,Improved-gOMP,optimized,4568.0,384.0,2048.0,0.0,1800.0,120.0,120.0,48.0,40.0,0.0,0.0,8.0,0.0
0.1875,13,Improved-gOMP,baseline,3168.0,384.0,2048.0,0.0,0.0,0.0,488.0,56.0,48.0,48.0,48.0,48.0,0.0
0.1875,13,Improved-gOMP,optimized,4848.0,384.0,2048.0,0.0,2048.0,128.0,128.0,56.0,48.0,0.0,0.0,8.0,0.0
0.1875,14,Improved-gOMP,baseline,3144.0,384.0,2048.0,0.0,0.0,0.0,464.0,56.0,48.0,48.0,48.0,48.0,0.0
0.1875,14,Improved-gOMP,optimized,4848.0,384.0,2048.0,0.0,2048.0,128.0,128.0,56.0,48.0,0.0,0.0,8.0,0.0
0.1875,15,Improved-gOMP,baseline,3168.0,384.0,2048.0,0.0,0.0,0.0,488.0,56.0,48.0,48.0,48.0,48.0,0.0
0.1875,15,Improved-gOMP,optimized,4848.0,384.0,2048.0,0.0,2048.0,128.0,128.0,56.0,48.0,0.0,0.0,8.0,0.0
0.1875,16,Improved-gOMP,baseline,3144.0,384.0,2048.0,0.0,0.0,0.0,464.0,56.0,48.0,48.0,48.0,48.0,0.0
0.1875,16,Improved-gOMP,optimized,4864.0,384.0,2048.0,0.0,2048.0,128.0,128.0,64.0,56.0,0.0,0.0,8.0,0.0
0.1875,17,Improved-gOMP,baseline,3144.0,384.0,2048.0,0.0,0.0,0.0,464.0,56.0,48.0,48.0,48.0,48.0,0.0
0.1875,17,Improved-gOMP,optimized,3872.0,384.0,2048.0,0.0,1152.0,96.0,96.0,48.0,40.0,0.0,0.0,8.0,0.0
0.1875,18,Improved-gOMP,baseline,3168.0,384.0,2048.0,0.0,0.0,0.0,488.0,56.0,48.0,48.0,48.0,48.0,0.0
0.1875,18,Improved-gOMP,optimized,4848.0,384.0,2048.0,0.0,2048.0,128.0,128.0,56.0,48.0,0.0,0.0,8.0,0.0
0.1875,19,Improved-gOMP,baseline,3168.0,384.0,2048.0,0.0,0.0,0.0,488.0,56.0,48.0,48.0,48.0,48.0,0.0
0.1875,19,Improved-gOMP,optimized,4848.0,384.0,2048.0,0.0,2048.0,128.0,128.0,56.0,48.0,0.0,0.0,8.0,0.0
0.1875,20,Improved-gOMP,baseline,3280.0,384.0,2048.0,0.0,0.0,0.0,560.0,64.0,56.0,56.0,56.0,56.0,0.0
0.1875,20,Improved-gOMP,optimized,4848.0,384.0,2048.0,0.0,2048.0,128.0,128.0,56.0,48.0,0.0,0.0,8.0,0.0
0.1875,21,Improved-gOMP,baseline,3168.0,384.0,2048.0,0.0,0.0,0.0,488.0,56.0,48.0,48.0,48.0,48.0,0.0
0.1875,21,Improved-gOMP,optimized,4848.0,384.0,2048.0,0.0,2048.0,128.0,128.0,56.0,48.0,0.0,0.0,8.0,0.0
0.1875,22,Improved-gOMP,baseline,3144.0,384.0,2048.0,0.0,0.0,0.0,464.0,56.0,48.0,48.0,48.0,48.0,0.0
0.1875,22,Improved-gOMP,optimized,4584.0,384.0,2048.0,0.0,1800.0,120.0,120.0,56.0,48.0,0.0,0.0,8.0,0.0
0.1875,23,Improved-gOMP,baseline,3144.0,384.0,2048.0,0.0,0.0,0.0,464.0,56.0,48.0,48.0,48.0,48.0,0.0
0.1875,23,Improved-gOMP,optimized,4848.0,384.0,2048.0,0.0,2048.0,128.0,128.0,56.0,48.0,0.0,0.0,8.0,0.0
0.1875,24,Improved-gOMP,baseline,3144.0,384.0,2048.0,0.0,0.0,0.0,464.0,56.0,48.0,48.0,48.0,48.0,0.0
0.1875,24,Improved-gOMP,optimized,4848.0,384.0,2048.0,0.0,2048.0,128.0,128.0,56.0,48.0,0.0,0.0,8.0,0.0
0.1875,25,Improved-gOMP,baseline,3144.0,384.0,2048.0,0.0,0.0,0.0,464.0,56.0,48.0,48.0,48.0,48.0,0.0
0.1875,25,Improved-gOMP,optimized,4848.0,384.0,2048.0,0.0,2048.0,128.0,128.0,56.0,48.0,0.0,0.0,8.0,0.0
0.1875,26,Improved-gOMP,baseline,3144.0,384.0,2048.0,0.0,0.0,0.0,464.0,56.0,48.0,48.0,48.0,48.0,0.0
0.1875,26,Improved-gOMP,optimized,4848.0,384.0,2048.0,0.0,2048.0,128.0,128.0,56.0,48.0,0.0,0.0,8.0,0.0
0.1875,27,Improved-gOMP,baseline,3144.0,384.0,2048.0,0.0,0.0,0.0,464.0,56.0,48.0,48.0,48.0,48.0,0.0
0.1875,27,Improved-gOMP,optimized,4848.0,384.0,2048.0,0.0,2048.0,128.0,128.0,56.0,48.0,0.0,0.0,8.0,0.0
0.1875,28,Improved-gOMP,baseline,3168.0,384.0,2048.0,0.0,0.0,0.0,488.0,56.0,48.0,48.0,48.0,48.0,0.0
0.1875,28,Improved-gOMP,optimized,4848.0,384.0,2048.0,0.0,2048.0,128.0,128.0,56.0,48.0,0.0,0.0,8.0,0.0
0.1875,29,Improved-gOMP,baseline,3168.0,384.0,2048.0,0.0,0.0,0.0,488.0,56.0,48.0,48.0,48.0,48.0,0.0
0.1875,29,Improved-gOMP,optimized,4848.0,384.0,2048.0,0.0,2048.0,128.0,128.0,56.0,48.0,0.0,0.0,8.0,0.0
0.1875,30,Improved-gOMP,baseline,3168.0,384.0,2048.0,0.0,0.0,0.0,488.0,56.0,48.0,48.0,48.0,48.0,0.0
0.1875,30,Improved-gOMP,optimized,4848.0,384.0,2048.0,0.0,2048.0,128.0,128.0,56.0,48.0,0.0,0.0,8.0,0.0
0.1875,31,Improved-gOMP,baseline,3168.0,384.0,2048.0,0.0,0.0,0.0,488.0,56.0,48.0,48.0,48.0,48.0,0.0
0.1875,31,Improved-gOMP,optimized,4088.0,384.0,2048.0,0.0,1352.0,104.0,104.0,48.0,40.0,0.0,0.0,8.0,0.0
0.1875,32,Improved-gOMP,baseline,3280.0,384.0,2048.0,0.0,0.0,0.0,560.0,64.0,56.0,56.0,56.0,56.0,0.0
0.1875,32,Improved-gOMP,optimized,4848.0,384.0,2048.0,0.0,2048.0,128.0,128.0,56.0,48.0,0.0,0.0,8.0,0.0
0.1875,33,Improved-gOMP,baseline,3144.0,384.0,2048.0,0.0,0.0,0.0,464.0,56.0,48.0,48.0,48.0,48.0,0.0
0.1875,33,Improved-gOMP,optimized,4848.0,384.0,2048.0,0.0,2048.0,128.0,128.0,56.0,48.0,0.0,0.0,8.0,0.0
0.1875,34,Improved-gOMP,baseline,3000.0,384.0,2048.0,0.0,0.0,0.0,360.0,48.0,40.0,40.0,40.0,40.0,0.0
0.1875,34,Improved-gOMP,optimized,4848.0,384.0,2048.0,0.0,2048.0,128.0,128.0,56.0,48.0,0.0,0.0,8.0,0.0
0.1875,35,Improved-gOMP,baseline,3168.0,384.0,2048.0,0.0,0.0,0.0,488.0,56.0,48.0,48.0,48.0,48.0,0.0
0.1875,35,Improved-gOMP,optimized,4848.0,384.0,2048.0,0.0,2048.0,128.0,128.0,56.0,48.0,0.0,0.0,8.0,0.0
0.1875,36,Improved-gOMP,baseline,3168.0,384.0,2048.0,0.0,0.0,0.0,488.0,56.0,48.0,48.0,48.0,48.0,0.0
0.1875,36,Improved-gOMP,optimized,4848.0,384.0,2048.0,0.0,2048.0,128.0,128.0,56.0,48.0,0.0,0.0,8.0,0.0
0.1875,37,Improved-gOMP,baseline,3280.0,384.0,2048.0,0.0,0.0,0.0,560.0,64.0,56.0,56.0,56.0,56.0,0.0
0.1875,37,Improved-gOMP,optimized,4864.0,384.0,2048.0,0.0,2048.0,128.0,128.0,64.0,56.0,0.0,0.0,8.0,0.0
0.1875,38,Improved-gOMP,baseline,3168.0,384.0,2048.0,0.0,0.0,0.0,488.0,56.0,48.0,48.0,48.0,48.0,0.0
0.1875,38,Improved-gOMP,optimized,4848.0,384.0,2048.0,0.0,2048.0,128.0,128.0,56.0,48.0,0.0,0.0,8.0,0.0
0.1875,39,Improved-gOMP,baseline,3168.0,384.0,2048.0,0.0,0.0,0.0,488.0,56.0,48.0,48.0,48.0,48.0,0.0
0.1875,39,Improved-gOMP,optimized,4848.0,384.0,2048.0,0.0,2048.0,128.0,128.0,56.0,48.0,0.0,0.0,8.0,0.0
0.1875,40,Improved-gOMP,baseline,3168.0,384.0,2048.0,0.0,0.0,0.0,488.0,56.0,48.0,48.0,48.0,48.0,0.0
0.1875,40,Improved-gOMP,optimized,4848.0,384.0,2048.0,0.0,2048.0,128.0,128.0,56.0,48.0,0.0,0.0,8.0,0.0
0.1875,41,Improved-gOMP,baseline,3144.0,384.0,2048.0,0.0,0.0,0.0,464.0,56.0,48.0,48.0,48.0,48.0,0.0
0.1875,41,Improved-gOMP,optimized,4848.0,384.0,2048.0,0.0,2048.0,128.0,128.0,56.0,48.0,0.0,0.0,8.0,0.0
0.1875,42,Improved-gOMP,baseline,3144.0,384.0,2048.0,0.0,0.0,0.0,464.0,56.0,48.0,48.0,48.0,48.0,0.0
0.1875,42,Improved-gOMP,optimized,4848.0,384.0,2048.0,0.0,2048.0,128.0,128.0,56.0,48.0,0.0,0.0,8.0,0.0
0.1875,43,Improved-gOMP,baseline,3168.0,384.0,2048.0,0.0,0.0,0.0,488.0,56.0,48.0,48.0,48.0,48.0,0.0
0.1875,43,Improved-gOMP,optimized,4848.0,384.0,2048.0,0.0,2048.0,128.0,128.0,56.0,48.0,0.0,0.0,8.0,0.0
0.1875,44,Improved-gOMP,baseline,3144.0,384.0,2048.0,0.0,0.0,0.0,464.0,56.0,48.0,48.0,48.0,48.0,0.0
0.1875,44,Improved-gOMP,optimized,4848.0,384.0,2048.0,0.0,2048.0,128.0,128.0,56.0,48.0,0.0,0.0,8.0,0.0
0.1875,45,Improved-gOMP,baseline,3168.0,384.0,2048.0,0.0,0.0,0.0,488.0,56.0,48.0,48.0,48.0,48.0,0.0
0.1875,45,Improved-gOMP,optimized,4848.0,384.0,2048.0,0.0,2048.0,128.0,128.0,56.0,48.0,0.0,0.0,8.0,0.0
0.1875,46,Improved-gOMP,baseline,3168.0,384.0,2048.0,0.0,0.0,0.0,488.0,56.0,48.0,48.0,48.0,48.0,0.0
0.1875,46,Improved-gOMP,optimized,4848.0,384.0,2048.0,0.0,2048.0,128.0,128.0,56.0,48.0,0.0,0.0,8.0,0.0
0.1875,47,Improved-gOMP,baseline,3144.0,384.0,2048.0,0.0,0.0,0.0,464.0,56.0,48.0,48.0,48.0,48.0,0.0
0.1875,47,Improved-gOMP,optimized,4848.0,384.0,2048.0,0.0,2048.0,128.0,128.0,56.0,48.0,0.0,0.0,8.0,0.0
0.1875,48,Improved-gOMP,baseline,3144.0,384.0,2048.0,0.0,0.0,0.0,464.0,56.0,48.0,48.0,48.0,48.0,0.0
0.1875,48,Improved-gOMP,optimized,4088.0,384.0,2048.0,0.0,1352.0,104.0,104.0,48.0,40.0,0.0,0.0,8.0,0.0
0.1875,49,Improved-gOMP,baseline,3144.0,384.0,2048.0,0.0,0.0,0.0,464.0,56.0,48.0,48.0,48.0,48.0,0.0
0.1875,49,Improved-gOMP,optimized,4848.0,384.0,2048.0,0.0,2048.0,128.0,128.0,56.0,48.0,0.0,0.0,8.0,0.0
0.1875,50,Improved-gOMP,baseline,3168.0,384.0,2048.0,0.0,0.0,0.0,488.0,56.0,48.0,48.0,48.0,48.0,0.0
0.1875,50,Improved-gOMP,optimized,4848.0,384.0,2048.0,0.0,2048.0,128.0,128.0,56.0,48.0,0.0,0.0,8.0,0.0
0.1875,51,Improved-gOMP,baseline,3168.0,384.0,2048.0,0.0,0.0,0.0,488.0,56.0,48.0,48.0,48.0,48.0,0.0
0.1875,51,Improved-gOMP,optimized,4848.0,384.0,2048.0,0.0,2048.0,128.0,128.0,56.0,48.0,0.0,0.0,8.0,0.0
0.1875,52,Improved-gOMP,baseline,3144.0,384.0,2048.0,0.0,0.0,0.0,464.0,56.0,48.0,48.0,48.0,48.0,0.0
0.1875,52,Improved-gOMP,optimized,4848.0,384.0,2048.0,0.0,2048.0,128.0,128.0,56.0,48.0,0.0,0.0,8.0,0.0
0.1875,53,Improved-gOMP,baseline,3280.0,384.0,2048.0,0.0,0.0,0.0,560.0,64.0,56.0,56.0,56.0,56.0,0.0
0.1875,53,Improved-gOMP,optimized,4864.0,384.0,2048.0,0.0,2048.0,128.0,128.0,64.0,56.0,0.0,0.0,8.0,0.0
0.1875,54,Improved-gOMP,baseline,3144.0,384.0,2048.0,0.0,0.0,0.0,464.0,56.0,48.0,48.0,48.0,48.0,0.0
0.1875,54,Improved-gOMP,optimized,4848.0,384.0,2048.0,0.0,2048.0,128.0,128.0,56.0,48.0,0.0,0.0,8.0,0.0
0.1875,55,Improved-gOMP,baseline,3144.0,384.0,2048.0,0.0,0.0,0.0,464.0,56.0,48.0,48.0,48.0,48.0,0.0
0.1875,55,Improved-gOMP,optimized,4848.0,384.0,2048.0,0.0,2048.0,128.0,128.0,56.0,48.0,0.0,0.0,8.0,0.0
0.1875,56,Improved-gOMP,baseline,3144.0,384.0,2048.0,0.0,0.0,0.0,464.0,56.0,48.0,48.0,48.0,48.0,0.0
0.1875,56,Improved-gOMP,optimized,4568.0,384.0,2048.0,0.0,1800.0,120.0,120.0,48.0,40.0,0.0,0.0,8.0,0.0
0.1875,57,Improved-gOMP,baseline,3280.0,384.0,2048.0,0.0,0.0,0.0,560.0,64.0,56.0,56.0,56.0,56.0,0.0
0.1875,57,Improved-gOMP,optimized,4848.0,384.0,2048.0,0.0,2048.0,128.0,128.0,56.0,48.0,0.0,0.0,8.0,0.0
0.1875,58,Improved-gOMP,baseline,3144.0,384.0,2048.0,0.0,0.0,0.0,464.0,56.0,48.0,48.0,48.0,48.0,0.0
0.1875,58,Improved-gOMP,optimized,4848.0,384.0,2048.0,0.0,2048.0,128.0,128.0,56.0,48.0,0.0,0.0,8.0,0.0
0.1875,59,Improved-gOMP,baseline,3168.0,384.0,2048.0,0.0,0.0,0.0,488.0,56.0,48.0,48.0,48.0,48.0,0.0
0.1875,59,Improved-gOMP,optimized,4848.0,384.0,2048.0,0.0,2048.0,128.0,128.0,56.0,48.0,0.0,0.0,8.0,0.0
0.1875,60,Improved-gOMP,baseline,3144.0,384.0,2048.0,0.0,0.0,0.0,464.0,56.0,48.0,48.0,48.0,48.0,0.0
0.1875,60,Improved-gOMP,optimized,4848.0,384.0,2048.0,0.0,2048.0,128.0,128.0,56.0,48.0,0.0,0.0,8.0,0.0
0.1875,61,Improved-gOMP,baseline,3144.0,384.0,2048.0,0.0,0.0,0.0,464.0,56.0,48.0,48.0,48.0,48.0,0.0
0.1875,61,Improved-gOMP,optimized,4848.0,384.0,2048.0,0.0,2048.0,128.0,128.0,56.0,48.0,0.0,0.0,8.0,0.0
0.1875,62,Improved-gOMP,baseline,3144.0,384.0,2048.0,0.0,0.0,0.0,464.0,56.0,48.0,48.0,48.0,48.0,0.0
0.1875,62,Improved-gOMP,optimized,4848.0,384.0,2048.0,0.0,2048.0,128.0,128.0,56.0,48.0,0.0,0.0,8.0,0.0
0.1875,63,Improved-gOMP,baseline,3144.0,384.0,2048.0,0.0,0.0,0.0,464.0,56.0,48.0,48.0,48.0,48.0,0.0
0.1875,63,Improved-gOMP,optimized,4848.0,384.0,2048.0,0.0,2048.0,128.0,128.0,56.0,48.0,0.0,0.0,8.0,0.0
0.1875,64,Improved-gOMP,baseline,3168.0,384.0,2048.0,0.0,0.0,0.0,488.0,56.0,48.0,48.0,48.0,48.0,0.0
0.1875,64,Improved-gOMP,optimized,4848.0,384.0,2048.0,0.0,2048.0,128.0,128.0,56.0,48.0,0.0,0.0,8.0,0.0
0.1875,65,Improved-gOMP,baseline,2976.0,384.0,2048.0,0.0,0.0,0.0,336.0,48.0,40.0,40.0,40.0,40.0,0.0
0.1875,65,Improved-gOMP,optimized,3472.0,384.0,2048.0,0.0,800.0,80.0,80.0,40.0,32.0,0.0,0.0,8.0,0.0
0.1875,66,Improved-gOMP,baseline,3168.0,384.0,2048.0,0.0,0.0,0.0,488.0,56.0,48.0,48.0,48.0,48.0,0.0
0.1875,66,Improved-gOMP,optimized,4848.0,384.0,2048.0,0.0,2048.0,128.0,128.0,56.0,48.0,0.0,0.0,8.0,0.0
0.1875,67,Improved-gOMP,baseline,3144.0,384.0,2048.0,0.0,0.0,0.0,464.0,56.0,48.0,48.0,48.0,48.0,0.0
0.1875,67,Improved-gOMP,optimized,4088.0,384.0,2048.0,0.0,1352.0,104.0,104.0,48.0,40.0,0.0,0.0,8.0,0.0
0.1875,68,Improved-gOMP,baseline,3168.0,384.0,2048.0,0.0,0.0,0.0,488.0,56.0,48.0,48.0,48.0,48.0,0.0
0.1875,68,Improved-gOMP,optimized,4848.0,384.0,2048.0,0.0,2048.0,128.0,128.0,56.0,48.0,0.0,0.0,8.0,0.0
0.1875,69,Improved-gOMP,baseline,3168.0,384.0,2048.0,0.0,0.0,0.0,488.0,56.0,48.0,48.0,48.0,48.0,0.0
0.1875,69,Improved-gOMP,optimized,4848.0,384.0,2048.0,0.0,2048.0,128.0,128.0,56.0,48.0,0.0,0.0,8.0,0.0
0.1875,70,Improved-gOMP,baseline,2952.0,384.0,2048.0,0.0,0.0,0.0,312.0,48.0,40.0,40.0,40.0,40.0,0.0
0.1875,70,Improved-gOMP,optimized,3472.0,384.0,2048.0,0.0,800.0,80.0,80.0,40.0,32.0,0.0,0.0,8.0,0.0
0.1875,71,Improved-gOMP,baseline,3168.0,384.0,2048.0,0.0,0.0,0.0,488.0,56.0,48.0,48.0,48.0,48.0,0.0
0.1875,71,Improved-gOMP,optimized,4848.0,384.0,2048.0,0.0,2048.0,128.0,128.0,56.0,48.0,0.0,0.0,8.0,0.0
0.1875,72,Improved-gOMP,baseline,3168.0,384.0,2048.0,0.0,0.0,0.0,488.0,56.0,48.0,48.0,48.0,48.0,0.0
0.1875,72,Improved-gOMP,optimized,4848.0,384.0,2048.0,0.0,2048.0,128.0,128.0,56.0,48.0,0.0,0.0,8.0,0.0
0.1875,73,Improved-gOMP,baseline,3168.0,384.0,2048.0,0.0,0.0,0.0,488.0,56.0,48.0,48.0,48.0,48.0,0.0
0.1875,73,Improved-gOMP,optimized,4848.0,384.0,2048.0,0.0,2048.0,128.0,128.0,56.0,48.0,0.0,0.0,8.0,0.0
0.1875,74,Improved-gOMP,baseline,3144.0,384.0,2048.0,0.0,0.0,0.0,464.0,56.0,48.0,48.0,48.0,48.0,0.0
0.1875,74,Improved-gOMP,optimized,4848.0,384.0,2048.0,0.0,2048.0,128.0,128.0,56.0,48.0,0.0,0.0,8.0,0.0
0.1875,75,Improved-gOMP,baseline,3112.0,384.0,2048.0,0.0,0.0,0.0,432.0,56.0,48.0,48.0,48.0,48.0,0.0
0.1875,75,Improved-gOMP,optimized,4584.0,384.0,2048.0,0.0,1800.0,120.0,120.0,56.0,48.0,0.0,0.0,8.0,0.0
0.1875,76,Improved-gOMP,baseline,3168.0,384.0,2048.0,0.0,0.0,0.0,488.0,56.0,48.0,48.0,48.0,48.0,0.0
0.1875,76,Improved-gOMP,optimized,4848.0,384.0,2048.0,0.0,2048.0,128.0,128.0,56.0,48.0,0.0,0.0,8.0,0.0
0.1875,77,Improved-gOMP,baseline,3000.0,384.0,2048.0,0.0,0.0,0.0,360.0,48.0,40.0,40.0,40.0,40.0,0.0
0.1875,77,Improved-gOMP,optimized,3472.0,384.0,2048.0,0.0,800.0,80.0,80.0,40.0,32.0,0.0,0.0,8.0,0.0
0.1875,78,Improved-gOMP,baseline,3168.0,384.0,2048.0,0.0,0.0,0.0,488.0,56.0,48.0,48.0,48.0,48.0,0.0
0.1875,78,Improved-gOMP,optimized,4848.0,384.0,2048.0,0.0,2048.0,128.0,128.0,56.0,48.0,0.0,0.0,8.0,0.0
0.1875,79,Improved-gOMP,baseline,3168.0,384.0,2048.0,0.0,0.0,0.0,488.0,56.0,48.0,48.0,48.0,48.0,0.0
0.1875,79,Improved-gOMP,optimized,4832.0,384.0,2048.0,0.0,2048.0,128.0,128.0,48.0,40.0,0.0,0.0,8.0,0.0
0.1875,80,Improved-gOMP,baseline,3144.0,384.0,2048.0,0.0,0.0,0.0,464.0,56.0,48.0,48.0,48.0,48.0,0.0
0.1875,80,Improved-gOMP,optimized,4848.0,384.0,2048.0,0.0,2048.0,128.0,128.0,56.0,48.0,0.0,0.0,8.0,0.0
0.1875,81,Improved-gOMP,baseline,3168.0,384.0,2048.0,0.0,0.0,0.0,488.0,56.0,48.0,48.0,48.0,48.0,0.0
0.1875,81,Improved-gOMP,optimized,4848.0,384.0,2048.0,0.0,2048.0,128.0,128.0,56.0,48.0,0.0,0.0,8.0,0.0
0.1875,82,Improved-gOMP,baseline,3144.0,384.0,2048.0,0.0,0.0,0.0,464.0,56.0,48.0,48.0,48.0,48.0,0.0
0.1875,82,Improved-gOMP,optimized,4848.0,384.0,2048.0,0.0,2048.0,128.0,128.0,56.0,48.0,0.0,0.0,8.0,0.0
0.1875,83,Improved-gOMP,baseline,3168.0,384.0,2048.0,0.0,0.0,0.0,488.0,56.0,48.0,48.0,48.0,48.0,0.0
0.1875,83,Improved-gOMP,optimized,4848.0,384.0,2048.0,0.0,2048.0,128.0,128.0,56.0,48.0,0.0,0.0,8.0,0.0
0.1875,84,Improved-gOMP,baseline,3168.0,384.0,2048.0,0.0,0.0,0.0,488.0,56.0,48.0,48.0,48.0,48.0,0.0
0.1875,84,Improved-gOMP,optimized,4848.0,384.0,2048.0,0.0,2048.0,128.0,128.0,56.0,48.0,0.0,0.0,8.0,0.0
0.1875,85,Improved-gOMP,baseline,3112.0,384.0,2048.0,0.0,0.0,0.0,432.0,56.0,48.0,48.0,48.0,48.0,0.0
0.1875,85,Improved-gOMP,optimized,4864.0,384.0,2048.0,0.0,2048.0,128.0,128.0,64.0,56.0,0.0,0.0,8.0,0.0
0.1875,86,Improved-gOMP,baseline,3168.0,384.0,2048.0,0.0,0.0,0.0,488.0,56.0,48.0,48.0,48.0,48.0,0.0
0.1875,86,Improved-gOMP,optimized,4848.0,384.0,2048.0,0.0,2048.0,128.0,128.0,56.0,48.0,0.0,0.0,8.0,0.0
0.1875,87,Improved-gOMP,baseline,3144.0,384.0,2048.0,0.0,0.0,0.0,464.0,56.0,48.0,48.0,48.0,48.0,0.0
0.1875,87,Improved-gOMP,optimized,4848.0,384.0,2048.0,0.0,2048.0,128.0,128.0,56.0,48.0,0.0,0.0,8.0,0.0
0.1875,88,Improved-gOMP,baseline,3168.0,384.0,2048.0,0.0,0.0,0.0,488.0,56.0,48.0,48.0,48.0,48.0,0.0
0.1875,88,Improved-gOMP,optimized,4848.0,384.0,2048.0,0.0,2048.0,128.0,128.0,56.0,48.0,0.0,0.0,8.0,0.0
0.1875,89,Improved-gOMP,baseline,3144.0,384.0,2048.0,0.0,0.0,0.0,464.0,56.0,48.0,48.0,48.0,48.0,0.0
0.1875,89,Improved-gOMP,optimized,4848.0,384.0,2048.0,0.0,2048.0,128.0,128.0,56.0,48.0,0.0,0.0,8.0,0.0
0.1875,90,Improved-gOMP,baseline,3144.0,384.0,2048.0,0.0,0.0,0.0,464.0,56.0,48.0,48.0,48.0,48.0,0.0
0.1875,90,Improved-gOMP,optimized,4848.0,384.0,2048.0,0.0,2048.0,128.0,128.0,56.0,48.0,0.0,0.0,8.0,0.0
0.1875,91,Improved-gOMP,baseline,3144.0,384.0,2048.0,0.0,0.0,0.0,464.0,56.0,48.0,48.0,48.0,48.0,0.0
0.1875,91,Improved-gOMP,optimized,4848.0,384.0,2048.0,0.0,2048.0,128.0,128.0,56.0,48.0,0.0,0.0,8.0,0.0
0.1875,92,Improved-gOMP,baseline,3144.0,384.0,2048.0,0.0,0.0,0.0,464.0,56.0,48.0,48.0,48.0,48.0,0.0
0.1875,92,Improved-gOMP,optimized,4864.0,384.0,2048.0,0.0,2048.0,128.0,128.0,64.0,56.0,0.0,0.0,8.0,0.0
0.1875,93,Improved-gOMP,baseline,3168.0,384.0,2048.0,0.0,0.0,0.0,488.0,56.0,48.0,48.0,48.0,48.0,0.0
0.1875,93,Improved-gOMP,optimized,4848.0,384.0,2048.0,0.0,2048.0,128.0,128.0,56.0,48.0,0.0,0.0,8.0,0.0
0.1875,94,Improved-gOMP,baseline,3144.0,384.0,2048.0,0.0,0.0,0.0,464.0,56.0,48.0,48.0,48.0,48.0,0.0
0.1875,94,Improved-gOMP,optimized,4848.0,384.0,2048.0,0.0,2048.0,128.0,128.0,56.0,48.0,0.0,0.0,8.0,0.0
0.1875,95,Improved-gOMP,baseline,3168.0,384.0,2048.0,0.0,0.0,0.0,488.0,56.0,48.0,48.0,48.0,48.0,0.0
0.1875,95,Improved-gOMP,optimized,4848.0,384.0,2048.0,0.0,2048.0,128.0,128.0,56.0,48.0,0.0,0.0,8.0,0.0
0.1875,96,Improved-gOMP,baseline,3168.0,384.0,2048.0,0.0,0.0,0.0,488.0,56.0,48.0,48.0,48.0,48.0,0.0
0.1875,96,Improved-gOMP,optimized,4848.0,384.0,2048.0,0.0,2048.0,128.0,128.0,56.0,48.0,0.0,0.0,8.0,0.0
0.1875,97,Improved-gOMP,baseline,3112.0,384.0,2048.0,0.0,0.0,0.0,432.0,56.0,48.0,48.0,48.0,48.0,0.0
0.1875,97,Improved-gOMP,optimized,4848.0,384.0,2048.0,0.0,2048.0,128.0,128.0,56.0,48.0,0.0,0.0,8.0,0.0
0.1875,98,Improved-gOMP,baseline,3168.0,384.0,2048.0,0.0,0.0,0.0,488.0,56.0,48.0,48.0,48.0,48.0,0.0
0.1875,98,Improved-gOMP,optimized,4848.0,384.0,2048.0,0.0,2048.0,128.0,128.0,56.0,48.0,0.0,0.0,8.0,0.0
0.1875,99,Improved-gOMP,baseline,3280.0,384.0,2048.0,0.0,0.0,0.0,560.0,64.0,56.0,56.0,56.0,56.0,0.0
0.1875,99,Improved-gOMP,optimized,4864.0,384.0,2048.0,0.0,2048.0,128.0,128.0,64.0,56.0,0.0,0.0,8.0,0.0
0.1875,100,Improved-gOMP,baseline,3168.0,384.0,2048.0,0.0,0.0,0.0,488.0,56.0,48.0,48.0,48.0,48.0,0.0
0.1875,100,Improved-gOMP,optimized,4848.0,384.0,2048.0,0.0,2048.0,128.0,128.0,56.0,48.0,0.0,0.0,8.0,0.0
0.1875,101,Improved-gOMP,baseline,3168.0,384.0,2048.0,0.0,0.0,0.0,488.0,56.0,48.0,48.0,48.0,48.0,0.0
0.1875,101,Improved-gOMP,optimized,4848.0,384.0,2048.0,0.0,2048.0,128.0,128.0,56.0,48.0,0.0,0.0,8.0,0.0
0.1875,102,Improved-gOMP,baseline,3144.0,384.0,2048.0,0.0,0.0,0.0,464.0,56.0,48.0,48.0,48.0,48.0,0.0
0.1875,102,Improved-gOMP,optimized,4848.0,384.0,2048.0,0.0,2048.0,128.0,128.0,56.0,48.0,0.0,0.0,8.0,0.0
0.1875,103,Improved-gOMP,baseline,3168.0,384.0,2048.0,0.0,0.0,0.0,488.0,56.0,48.0,48.0,48.0,48.0,0.0
0.1875,103,Improved-gOMP,optimized,4848.0,384.0,2048.0,0.0,2048.0,128.0,128.0,56.0,48.0,0.0,0.0,8.0,0.0
0.1875,104,Improved-gOMP,baseline,3144.0,384.0,2048.0,0.0,0.0,0.0,464.0,56.0,48.0,48.0,48.0,48.0,0.0
0.1875,104,Improved-gOMP,optimized,4584.0,384.0,2048.0,0.0,1800.0,120.0,120.0,56.0,48.0,0.0,0.0,8.0,0.0
0.1875,105,Improved-gOMP,baseline,3280.0,384.0,2048.0,0.0,0.0,0.0,560.0,64.0,56.0,56.0,56.0,56.0,0.0
0.1875,105,Improved-gOMP,optimized,4584.0,384.0,2048.0,0.0,1800.0,120.0,120.0,56.0,48.0,0.0,0.0,8.0,0.0
0.1875,106,Improved-gOMP,baseline,3168.0,384.0,2048.0,0.0,0.0,0.0,488.0,56.0,48.0,48.0,48.0,48.0,0.0
0.1875,106,Improved-gOMP,optimized,4848.0,384.0,2048.0,0.0,2048.0,128.0,128.0,56.0,48.0,0.0,0.0,8.0,0.0
0.1875,107,Improved-gOMP,baseline,3144.0,384.0,2048.0,0.0,0.0,0.0,464.0,56.0,48.0,48.0,48.0,48.0,0.0
0.1875,107,Improved-gOMP,optimized,4088.0,384.0,2048.0,0.0,1352.0,104.0,104.0,48.0,40.0,0.0,0.0,8.0,0.0
0.1875,108,Improved-gOMP,baseline,3168.0,384.0,2048.0,0.0,0.0,0.0,488.0,56.0,48.0,48.0,48.0,48.0,0.0
0.1875,108,Improved-gOMP,optimized,4848.0,384.0,2048.0,0.0,2048.0,128.0,128.0,56.0,48.0,0.0,0.0,8.0,0.0
0.1875,109,Improved-gOMP,baseline,3168.0,384.0,2048.0,0.0,0.0,0.0,488.0,56.0,48.0,48.0,48.0,48.0,0.0
0.1875,109,Improved-gOMP,optimized,4848.0,384.0,2048.0,0.0,2048.0,128.0,128.0,56.0,48.0,0.0,0.0,8.0,0.0
0.1875,110,Improved-gOMP,baseline,3144.0,384.0,2048.0,0.0,0.0,0.0,464.0,56.0,48.0,48.0,48.0,48.0,0.0
0.1875,110,Improved-gOMP,optimized,4584.0,384.0,2048.0,0.0,1800.0,120.0,120.0,56.0,48.0,0.0,0.0,8.0,0.0
0.1875,111,Improved-gOMP,baseline,3168.0,384.0,2048.0,0.0,0.0,0.0,488.0,56.0,48.0,48.0,48.0,48.0,0.0
0.1875,111,Improved-gOMP,optimized,4848.0,384.0,2048.0,0.0,2048.0,128.0,128.0,56.0,48.0,0.0,0.0,8.0,0.0
0.1875,112,Improved-gOMP,baseline,3280.0,384.0,2048.0,0.0,0.0,0.0,560.0,64.0,56.0,56.0,56.0,56.0,0.0
0.1875,112,Improved-gOMP,optimized,4864.0,384.0,2048.0,0.0,2048.0,128.0,128.0,64.0,56.0,0.0,0.0,8.0,0.0
0.1875,113,Improved-gOMP,baseline,3168.0,384.0,2048.0,0.0,0.0,0.0,488.0,56.0,48.0,48.0,48.0,48.0,0.0
0.1875,113,Improved-gOMP,optimized,4088.0,384.0,2048.0,0.0,1352.0,104.0,104.0,48.0,40.0,0.0,0.0,8.0,0.0
0.1875,114,Improved-gOMP,baseline,3168.0,384.0,2048.0,0.0,0.0,0.0,488.0,56.0,48.0,48.0,48.0,48.0,0.0
0.1875,114,Improved-gOMP,optimized,4848.0,384.0,2048.0,0.0,2048.0,128.0,128.0,56.0,48.0,0.0,0.0,8.0,0.0
0.1875,115,Improved-gOMP,baseline,3144.0,384.0,2048.0,0.0,0.0,0.0,464.0,56.0,48.0,48.0,48.0,48.0,0.0
0.1875,115,Improved-gOMP,optimized,4848.0,384.0,2048.0,0.0,2048.0,128.0,128.0,56.0,48.0,0.0,0.0,8.0,0.0
0.1875,116,Improved-gOMP,baseline,3144.0,384.0,2048.0,0.0,0.0,0.0,464.0,56.0,48.0,48.0,48.0,48.0,0.0
0.1875,116,Improved-gOMP,optimized,4848.0,384.0,2048.0,0.0,2048.0,128.0,128.0,56.0,48.0,0.0,0.0,8.0,0.0
0.1875,117,Improved-gOMP,baseline,3168.0,384.0,2048.0,0.0,0.0,0.0,488.0,56.0,48.0,48.0,48.0,48.0,0.0
0.1875,117,Improved-gOMP,optimized,4848.0,384.0,2048.0,0.0,2048.0,128.0,128.0,56.0,48.0,0.0,0.0,8.0,0.0
0.1875,118,Improved-gOMP,baseline,3144.0,384.0,2048.0,0.0,0.0,0.0,464.0,56.0,48.0,48.0,48.0,48.0,0.0
0.1875,118,Improved-gOMP,optimized,4848.0,384.0,2048.0,0.0,2048.0,128.0,128.0,56.0,48.0,0.0,0.0,8.0,0.0
0.1875,119,Improved-gOMP,baseline,3144.0,384.0,2048.0,0.0,0.0,0.0,464.0,56.0,48.0,48.0,48.0,48.0,0.0
0.1875,119,Improved-gOMP,optimized,4848.0,384.0,2048.0,0.0,2048.0,128.0,128.0,56.0,48.0,0.0,0.0,8.0,0.0
0.1875,120,Improved-gOMP,baseline,3168.0,384.0,2048.0,0.0,0.0,0.0,488.0,56.0,48.0,48.0,48.0,48.0,0.0
0.1875,120,Improved-gOMP,optimized,4848.0,384.0,2048.0,0.0,2048.0,128.0,128.0,56.0,48.0,0.0,0.0,8.0,0.0
0.1875,121,Improved-gOMP,baseline,3112.0,384.0,2048.0,0.0,0.0,0.0,432.0,56.0,48.0,48.0,48.0,48.0,0.0
0.1875,121,Improved-gOMP,optimized,4584.0,384.0,2048.0,0.0,1800.0,120.0,120.0,56.0,48.0,0.0,0.0,8.0,0.0
0.1875,122,Improved-gOMP,baseline,3144.0,384.0,2048.0,0.0,0.0,0.0,464.0,56.0,48.0,48.0,48.0,48.0,0.0
0.1875,122,Improved-gOMP,optimized,4848.0,384.0,2048.0,0.0,2048.0,128.0,128.0,56.0,48.0,0.0,0.0,8.0,0.0
0.1875,123,Improved-gOMP,baseline,3168.0,384.0,2048.0,0.0,0.0,0.0,488.0,56.0,48.0,48.0,48.0,48.0,0.0
0.1875,123,Improved-gOMP,optimized,4848.0,384.0,2048.0,0.0,2048.0,128.0,128.0,56.0,48.0,0.0,0.0,8.0,0.0
0.1875,124,Improved-gOMP,baseline,3168.0,384.0,2048.0,0.0,0.0,0.0,488.0,56.0,48.0,48.0,48.0,48.0,0.0
0.1875,124,Improved-gOMP,optimized,4848.0,384.0,2048.0,0.0,2048.0,128.0,128.0,56.0,48.0,0.0,0.0,8.0,0.0
0.1875,125,Improved-gOMP,baseline,3168.0,384.0,2048.0,0.0,0.0,0.0,488.0,56.0,48.0,48.0,48.0,48.0,0.0
0.1875,125,Improved-gOMP,optimized,4848.0,384.0,2048.0,0.0,2048.0,128.0,128.0,56.0,48.0,0.0,0.0,8.0,0.0
0.1875,126,Improved-gOMP,baseline,3144.0,384.0,2048.0,0.0,0.0,0.0,464.0,56.0,48.0,48.0,48.0,48.0,0.0
0.1875,126,Improved-gOMP,optimized,4584.0,384.0,2048.0,0.0,1800.0,120.0,120.0,56.0,48.0,0.0,0.0,8.0,0.0
0.1875,127,Improved-gOMP,baseline,3144.0,384.0,2048.0,0.0,0.0,0.0,464.0,56.0,48.0,48.0,48.0,48.0,0.0
0.1875,127,Improved-gOMP,optimized,4848.0,384.0,2048.0,0.0,2048.0,128.0,128.0,56.0,48.0,0.0,0.0,8.0,0.0
0.1875,128,Improved-gOMP,baseline,3168.0,384.0,2048.0,0.0,0.0,0.0,488.0,56.0,48.0,48.0,48.0,48.0,0.0
0.1875,128,Improved-gOMP,optimized,4848.0,384.0,2048.0,0.0,2048.0,128.0,128.0,56.0,48.0,0.0,0.0,8.0,0.0
0.1875,129,Improved-gOMP,baseline,3168.0,384.0,2048.0,0.0,0.0,0.0,488.0,56.0,48.0,48.0,48.0,48.0,0.0
0.1875,129,Improved-gOMP,optimized,4848.0,384.0,2048.0,0.0,2048.0,128.0,128.0,56.0,48.0,0.0,0.0,8.0,0.0
0.1875,130,Improved-gOMP,baseline,3168.0,384.0,2048.0,0.0,0.0,0.0,488.0,56.0,48.0,48.0,48.0,48.0,0.0
0.1875,130,Improved-gOMP,optimized,4848.0,384.0,2048.0,0.0,2048.0,128.0,128.0,56.0,48.0,0.0,0.0,8.0,0.0
0.1875,131,Improved-gOMP,baseline,3144.0,384.0,2048.0,0.0,0.0,0.0,464.0,56.0,48.0,48.0,48.0,48.0,0.0
0.1875,131,Improved-gOMP,optimized,4848.0,384.0,2048.0,0.0,2048.0,128.0,128.0,56.0,48.0,0.0,0.0,8.0,0.0
0.1875,132,Improved-gOMP,baseline,3168.0,384.0,2048.0,0.0,0.0,0.0,488.0,56.0,48.0,48.0,48.0,48.0,0.0
0.1875,132,Improved-gOMP,optimized,4848.0,384.0,2048.0,0.0,2048.0,128.0,128.0,56.0,48.0,0.0,0.0,8.0,0.0
0.1875,133,Improved-gOMP,baseline,3144.0,384.0,2048.0,0.0,0.0,0.0,464.0,56.0,48.0,48.0,48.0,48.0,0.0
0.1875,133,Improved-gOMP,optimized,4848.0,384.0,2048.0,0.0,2048.0,128.0,128.0,56.0,48.0,0.0,0.0,8.0,0.0
0.1875,134,Improved-gOMP,baseline,3168.0,384.0,2048.0,0.0,0.0,0.0,488.0,56.0,48.0,48.0,48.0,48.0,0.0
0.1875,134,Improved-gOMP,optimized,4848.0,384.0,2048.0,0.0,2048.0,128.0,128.0,56.0,48.0,0.0,0.0,8.0,0.0
0.1875,135,Improved-gOMP,baseline,3144.0,384.0,2048.0,0.0,0.0,0.0,464.0,56.0,48.0,48.0,48.0,48.0,0.0
0.1875,135,Improved-gOMP,optimized,4584.0,384.0,2048.0,0.0,1800.0,120.0,120.0,56.0,48.0,0.0,0.0,8.0,0.0
0.1875,136,Improved-gOMP,baseline,3168.0,384.0,2048.0,0.0,0.0,0.0,488.0,56.0,48.0,48.0,48.0,48.0,0.0
0.1875,136,Improved-gOMP,optimized,4848.0,384.0,2048.0,0.0,2048.0,128.0,128.0,56.0,48.0,0.0,0.0,8.0,0.0
0.1875,137,Improved-gOMP,baseline,3144.0,384.0,2048.0,0.0,0.0,0.0,464.0,56.0,48.0,48.0,48.0,48.0,0.0
0.1875,137,Improved-gOMP,optimized,4848.0,384.0,2048.0,0.0,2048.0,128.0,128.0,56.0,48.0,0.0,0.0,8.0,0.0
0.1875,138,Improved-gOMP,baseline,3144.0,384.0,2048.0,0.0,0.0,0.0,464.0,56.0,48.0,48.0,48.0,48.0,0.0
0.1875,138,Improved-gOMP,optimized,4848.0,384.0,2048.0,0.0,2048.0,128.0,128.0,56.0,48.0,0.0,0.0,8.0,0.0
0.1875,139,Improved-gOMP,baseline,3144.0,384.0,2048.0,0.0,0.0,0.0,464.0,56.0,48.0,48.0,48.0,48.0,0.0
0.1875,139,Improved-gOMP,optimized,4584.0,384.0,2048.0,0.0,1800.0,120.0,120.0,56.0,48.0,0.0,0.0,8.0,0.0
0.1875,140,Improved-gOMP,baseline,3144.0,384.0,2048.0,0.0,0.0,0.0,464.0,56.0,48.0,48.0,48.0,48.0,0.0
0.1875,140,Improved-gOMP,optimized,4848.0,384.0,2048.0,0.0,2048.0,128.0,128.0,56.0,48.0,0.0,0.0,8.0,0.0
0.1875,141,Improved-gOMP,baseline,3168.0,384.0,2048.0,0.0,0.0,0.0,488.0,56.0,48.0,48.0,48.0,48.0,0.0
0.1875,141,Improved-gOMP,optimized,4848.0,384.0,2048.0,0.0,2048.0,128.0,128.0,56.0,48.0,0.0,0.0,8.0,0.0
0.1875,142,Improved-gOMP,baseline,2976.0,384.0,2048.0,0.0,0.0,0.0,336.0,48.0,40.0,40.0,40.0,40.0,0.0
0.1875,142,Improved-gOMP,optimized,4848.0,384.0,2048.0,0.0,2048.0,128.0,128.0,56.0,48.0,0.0,0.0,8.0,0.0
0.1875,143,Improved-gOMP,baseline,3168.0,384.0,2048.0,0.0,0.0,0.0,488.0,56.0,48.0,48.0,48.0,48.0,0.0
0.1875,143,Improved-gOMP,optimized,4848.0,384.0,2048.0,0.0,2048.0,128.0,128.0,56.0,48.0,0.0,0.0,8.0,0.0
0.1875,144,Improved-gOMP,baseline,3168.0,384.0,2048.0,0.0,0.0,0.0,488.0,56.0,48.0,48.0,48.0,48.0,0.0
0.1875,144,Improved-gOMP,optimized,4832.0,384.0,2048.0,0.0,2048.0,128.0,128.0,48.0,40.0,0.0,0.0,8.0,0.0
0.1875,145,Improved-gOMP,baseline,3144.0,384.0,2048.0,0.0,0.0,0.0,464.0,56.0,48.0,48.0,48.0,48.0,0.0
0.1875,145,Improved-gOMP,optimized,4848.0,384.0,2048.0,0.0,2048.0,128.0,128.0,56.0,48.0,0.0,0.0,8.0,0.0
0.1875,146,Improved-gOMP,baseline,3168.0,384.0,2048.0,0.0,0.0,0.0,488.0,56.0,48.0,48.0,48.0,48.0,0.0
0.1875,146,Improved-gOMP,optimized,4848.0,384.0,2048.0,0.0,2048.0,128.0,128.0,56.0,48.0,0.0,0.0,8.0,0.0
0.1875,147,Improved-gOMP,baseline,3168.0,384.0,2048.0,0.0,0.0,0.0,488.0,56.0,48.0,48.0,48.0,48.0,0.0
0.1875,147,Improved-gOMP,optimized,4848.0,384.0,2048.0,0.0,2048.0,128.0,128.0,56.0,48.0,0.0,0.0,8.0,0.0
0.1875,148,Improved-gOMP,baseline,3168.0,384.0,2048.0,0.0,0.0,0.0,488.0,56.0,48.0,48.0,48.0,48.0,0.0
0.1875,148,Improved-gOMP,optimized,4848.0,384.0,2048.0,0.0,2048.0,128.0,128.0,56.0,48.0,0.0,0.0,8.0,0.0
0.1875,149,Improved-gOMP,baseline,3168.0,384.0,2048.0,0.0,0.0,0.0,488.0,56.0,48.0,48.0,48.0,48.0,0.0
0.1875,149,Improved-gOMP,optimized,4848.0,384.0,2048.0,0.0,2048.0,128.0,128.0,56.0,48.0,0.0,0.0,8.0,0.0
0.1875,150,Improved-gOMP,baseline,3144.0,384.0,2048.0,0.0,0.0,0.0,464.0,56.0,48.0,48.0,48.0,48.0,0.0
0.1875,150,Improved-gOMP,optimized,4848.0,384.0,2048.0,0.0,2048.0,128.0,128.0,56.0,48.0,0.0,0.0,8.0,0.0
0.1875,151,Improved-gOMP,baseline,3168.0,384.0,2048.0,0.0,0.0,0.0,488.0,56.0,48.0,48.0,48.0,48.0,0.0
0.1875,151,Improved-gOMP,optimized,4848.0,384.0,2048.0,0.0,2048.0,128.0,128.0,56.0,48.0,0.0,0.0,8.0,0.0
0.1875,152,Improved-gOMP,baseline,3168.0,384.0,2048.0,0.0,0.0,0.0,488.0,56.0,48.0,48.0,48.0,48.0,0.0
0.1875,152,Improved-gOMP,optimized,4832.0,384.0,2048.0,0.0,2048.0,128.0,128.0,48.0,40.0,0.0,0.0,8.0,0.0
0.1875,153,Improved-gOMP,baseline,3144.0,384.0,2048.0,0.0,0.0,0.0,464.0,56.0,48.0,48.0,48.0,48.0,0.0
0.1875,153,Improved-gOMP,optimized,4584.0,384.0,2048.0,0.0,1800.0,120.0,120.0,56.0,48.0,0.0,0.0,8.0,0.0
0.1875,154,Improved-gOMP,baseline,3168.0,384.0,2048.0,0.0,0.0,0.0,488.0,56.0,48.0,48.0,48.0,48.0,0.0
0.1875,154,Improved-gOMP,optimized,4848.0,384.0,2048.0,0.0,2048.0,128.0,128.0,56.0,48.0,0.0,0.0,8.0,0.0
0.1875,155,Improved-gOMP,baseline,3168.0,384.0,2048.0,0.0,0.0,0.0,488.0,56.0,48.0,48.0,48.0,48.0,0.0
0.1875,155,Improved-gOMP,optimized,4848.0,384.0,2048.0,0.0,2048.0,128.0,128.0,56.0,48.0,0.0,0.0,8.0,0.0
0.1875,156,Improved-gOMP,baseline,3144.0,384.0,2048.0,0.0,0.0,0.0,464.0,56.0,48.0,48.0,48.0,48.0,0.0
0.1875,156,Improved-gOMP,optimized,4848.0,384.0,2048.0,0.0,2048.0,128.0,128.0,56.0,48.0,0.0,0.0,8.0,0.0
0.1875,157,Improved-gOMP,baseline,3168.0,384.0,2048.0,0.0,0.0,0.0,488.0,56.0,48.0,48.0,48.0,48.0,0.0
0.1875,157,Improved-gOMP,optimized,4848.0,384.0,2048.0,0.0,2048.0,128.0,128.0,56.0,48.0,0.0,0.0,8.0,0.0
0.1875,158,Improved-gOMP,baseline,3168.0,384.0,2048.0,0.0,0.0,0.0,488.0,56.0,48.0,48.0,48.0,48.0,0.0
0.1875,158,Improved-gOMP,optimized,4848.0,384.0,2048.0,0.0,2048.0,128.0,128.0,56.0,48.0,0.0,0.0,8.0,0.0
0.1875,159,Improved-gOMP,baseline,3144.0,384.0,2048.0,0.0,0.0,0.0,464.0,56.0,48.0,48.0,48.0,48.0,0.0
0.1875,159,Improved-gOMP,optimized,4584.0,384.0,2048.0,0.0,1800.0,120.0,120.0,56.0,48.0,0.0,0.0,8.0,0.0
0.1875,160,Improved-gOMP,baseline,3168.0,384.0,2048.0,0.0,0.0,0.0,488.0,56.0,48.0,48.0,48.0,48.0,0.0
0.1875,160,Improved-gOMP,optimized,4848.0,384.0,2048.0,0.0,2048.0,128.0,128.0,56.0,48.0,0.0,0.0,8.0,0.0
0.1875,161,Improved-gOMP,baseline,3168.0,384.0,2048.0,0.0,0.0,0.0,488.0,56.0,48.0,48.0,48.0,48.0,0.0
0.1875,161,Improved-gOMP,optimized,4848.0,384.0,2048.0,0.0,2048.0,128.0,128.0,56.0,48.0,0.0,0.0,8.0,0.0
0.1875,162,Improved-gOMP,baseline,3144.0,384.0,2048.0,0.0,0.0,0.0,464.0,56.0,48.0,48.0,48.0,48.0,0.0
0.1875,162,Improved-gOMP,optimized,4584.0,384.0,2048.0,0.0,1800.0,120.0,120.0,56.0,48.0,0.0,0.0,8.0,0.0
0.1875,163,Improved-gOMP,baseline,3168.0,384.0,2048.0,0.0,0.0,0.0,488.0,56.0,48.0,48.0,48.0,48.0,0.0
0.1875,163,Improved-gOMP,optimized,4848.0,384.0,2048.0,0.0,2048.0,128.0,128.0,56.0,48.0,0.0,0.0,8.0,0.0
0.1875,164,Improved-gOMP,baseline,3168.0,384.0,2048.0,0.0,0.0,0.0,488.0,56.0,48.0,48.0,48.0,48.0,0.0
0.1875,164,Improved-gOMP,optimized,4848.0,384.0,2048.0,0.0,2048.0,128.0,128.0,56.0,48.0,0.0,0.0,8.0,0.0
0.1875,165,Improved-gOMP,baseline,3168.0,384.0,2048.0,0.0,0.0,0.0,488.0,56.0,48.0,48.0,48.0,48.0,0.0
0.1875,165,Improved-gOMP,optimized,4848.0,384.0,2048.0,0.0,2048.0,128.0,128.0,56.0,48.0,0.0,0.0,8.0,0.0
0.1875,166,Improved-gOMP,baseline,2976.0,384.0,2048.0,0.0,0.0,0.0,336.0,48.0,40.0,40.0,40.0,40.0,0.0
0.1875,166,Improved-gOMP,optimized,4584.0,384.0,2048.0,0.0,1800.0,120.0,120.0,56.0,48.0,0.0,0.0,8.0,0.0
0.1875,167,Improved-gOMP,baseline,3144.0,384.0,2048.0,0.0,0.0,0.0,464.0,56.0,48.0,48.0,48.0,48.0,0.0
0.1875,167,Improved-gOMP,optimized,4848.0,384.0,2048.0,0.0,2048.0,128.0,128.0,56.0,48.0,0.0,0.0,8.0,0.0
0.1875,168,Improved-gOMP,baseline,3168.0,384.0,2048.0,0.0,0.0,0.0,488.0,56.0,48.0,48.0,48.0,48.0,0.0
0.1875,168,Improved-gOMP,optimized,4848.0,384.0,2048.0,0.0,2048.0,128.0,128.0,56.0,48.0,0.0,0.0,8.0,0.0
0.1875,169,Improved-gOMP,baseline,3144.0,384.0,2048.0,0.0,0.0,0.0,464.0,56.0,48.0,48.0,48.0,48.0,0.0
0.1875,169,Improved-gOMP,optimized,4848.0,384.0,2048.0,0.0,2048.0,128.0,128.0,56.0,48.0,0.0,0.0,8.0,0.0
0.1875,170,Improved-gOMP,baseline,3144.0,384.0,2048.0,0.0,0.0,0.0,464.0,56.0,48.0,48.0,48.0,48.0,0.0
0.1875,170,Improved-gOMP,optimized,4088.0,384.0,2048.0,0.0,1352.0,104.0,104.0,48.0,40.0,0.0,0.0,8.0,0.0
0.1875,171,Improved-gOMP,baseline,3144.0,384.0,2048.0,0.0,0.0,0.0,464.0,56.0,48.0,48.0,48.0,48.0,0.0
0.1875,171,Improved-gOMP,optimized,4848.0,384.0,2048.0,0.0,2048.0,128.0,128.0,56.0,48.0,0.0,0.0,8.0,0.0
0.1875,172,Improved-gOMP,baseline,3144.0,384.0,2048.0,0.0,0.0,0.0,464.0,56.0,48.0,48.0,48.0,48.0,0.0
0.1875,172,Improved-gOMP,optimized,4848.0,384.0,2048.0,0.0,2048.0,128.0,128.0,56.0,48.0,0.0,0.0,8.0,0.0
0.1875,173,Improved-gOMP,baseline,3168.0,384.0,2048.0,0.0,0.0,0.0,488.0,56.0,48.0,48.0,48.0,48.0,0.0
0.1875,173,Improved-gOMP,optimized,4848.0,384.0,2048.0,0.0,2048.0,128.0,128.0,56.0,48.0,0.0,0.0,8.0,0.0
0.1875,174,Improved-gOMP,baseline,3168.0,384.0,2048.0,0.0,0.0,0.0,488.0,56.0,48.0,48.0,48.0,48.0,0.0
0.1875,174,Improved-gOMP,optimized,4848.0,384.0,2048.0,0.0,2048.0,128.0,128.0,56.0,48.0,0.0,0.0,8.0,0.0
0.1875,175,Improved-gOMP,baseline,3168.0,384.0,2048.0,0.0,0.0,0.0,488.0,56.0,48.0,48.0,48.0,48.0,0.0
0.1875,175,Improved-gOMP,optimized,4848.0,384.0,2048.0,0.0,2048.0,128.0,128.0,56.0,48.0,0.0,0.0,8.0,0.0
0.1875,176,Improved-gOMP,baseline,3168.0,384.0,2048.0,0.0,0.0,0.0,488.0,56.0,48.0,48.0,48.0,48.0,0.0
0.1875,176,Improved-gOMP,optimized,4848.0,384.0,2048.0,0.0,2048.0,128.0,128.0,56.0,48.0,0.0,0.0,8.0,0.0
0.1875,177,Improved-gOMP,baseline,3000.0,384.0,2048.0,0.0,0.0,0.0,360.0,48.0,40.0,40.0,40.0,40.0,0.0
0.1875,177,Improved-gOMP,optimized,4088.0,384.0,2048.0,0.0,1352.0,104.0,104.0,48.0,40.0,0.0,0.0,8.0,0.0
0.1875,178,Improved-gOMP,baseline,3168.0,384.0,2048.0,0.0,0.0,0.0,488.0,56.0,48.0,48.0,48.0,48.0,0.0
0.1875,178,Improved-gOMP,optimized,4848.0,384.0,2048.0,0.0,2048.0,128.0,128.0,56.0,48.0,0.0,0.0,8.0,0.0
0.1875,179,Improved-gOMP,baseline,3144.0,384.0,2048.0,0.0,0.0,0.0,464.0,56.0,48.0,48.0,48.0,48.0,0.0
0.1875,179,Improved-gOMP,optimized,4848.0,384.0,2048.0,0.0,2048.0,128.0,128.0,56.0,48.0,0.0,0.0,8.0,0.0
0.1875,180,Improved-gOMP,baseline,3168.0,384.0,2048.0,0.0,0.0,0.0,488.0,56.0,48.0,48.0,48.0,48.0,0.0
0.1875,180,Improved-gOMP,optimized,4832.0,384.0,2048.0,0.0,2048.0,128.0,128.0,48.0,40.0,0.0,0.0,8.0,0.0
0.1875,181,Improved-gOMP,baseline,3168.0,384.0,2048.0,0.0,0.0,0.0,488.0,56.0,48.0,48.0,48.0,48.0,0.0
0.1875,181,Improved-gOMP,optimized,4848.0,384.0,2048.0,0.0,2048.0,128.0,128.0,56.0,48.0,0.0,0.0,8.0,0.0
0.1875,182,Improved-gOMP,baseline,3144.0,384.0,2048.0,0.0,0.0,0.0,464.0,56.0,48.0,48.0,48.0,48.0,0.0
0.1875,182,Improved-gOMP,optimized,4848.0,384.0,2048.0,0.0,2048.0,128.0,128.0,56.0,48.0,0.0,0.0,8.0,0.0
0.1875,183,Improved-gOMP,baseline,3144.0,384.0,2048.0,0.0,0.0,0.0,464.0,56.0,48.0,48.0,48.0,48.0,0.0
0.1875,183,Improved-gOMP,optimized,4848.0,384.0,2048.0,0.0,2048.0,128.0,128.0,56.0,48.0,0.0,0.0,8.0,0.0
0.1875,184,Improved-gOMP,baseline,3168.0,384.0,2048.0,0.0,0.0,0.0,488.0,56.0,48.0,48.0,48.0,48.0,0.0
0.1875,184,Improved-gOMP,optimized,4848.0,384.0,2048.0,0.0,2048.0,128.0,128.0,56.0,48.0,0.0,0.0,8.0,0.0
0.1875,185,Improved-gOMP,baseline,3168.0,384.0,2048.0,0.0,0.0,0.0,488.0,56.0,48.0,48.0,48.0,48.0,0.0
0.1875,185,Improved-gOMP,optimized,4848.0,384.0,2048.0,0.0,2048.0,128.0,128.0,56.0,48.0,0.0,0.0,8.0,0.0
0.1875,186,Improved-gOMP,baseline,3144.0,384.0,2048.0,0.0,0.0,0.0,464.0,56.0,48.0,48.0,48.0,48.0,0.0
0.1875,186,Improved-gOMP,optimized,4848.0,384.0,2048.0,0.0,2048.0,128.0,128.0,56.0,48.0,0.0,0.0,8.0,0.0
0.1875,187,Improved-gOMP,baseline,3144.0,384.0,2048.0,0.0,0.0,0.0,464.0,56.0,48.0,48.0,48.0,48.0,0.0
0.1875,187,Improved-gOMP,optimized,4848.0,384.0,2048.0,0.0,2048.0,128.0,128.0,56.0,48.0,0.0,0.0,8.0,0.0
0.1875,188,Improved-gOMP,baseline,3168.0,384.0,2048.0,0.0,0.0,0.0,488.0,56.0,48.0,48.0,48.0,48.0,0.0
0.1875,188,Improved-gOMP,optimized,4848.0,384.0,2048.0,0.0,2048.0,128.0,128.0,56.0,48.0,0.0,0.0,8.0,0.0
0.1875,189,Improved-gOMP,baseline,3168.0,384.0,2048.0,0.0,0.0,0.0,488.0,56.0,48.0,48.0,48.0,48.0,0.0
0.1875,189,Improved-gOMP,optimized,4848.0,384.0,2048.0,0.0,2048.0,128.0,128.0,56.0,48.0,0.0,0.0,8.0,0.0
0.1875,190,Improved-gOMP,baseline,3144.0,384.0,2048.0,0.0,0.0,0.0,464.0,56.0,48.0,48.0,48.0,48.0,0.0
0.1875,190,Improved-gOMP,optimized,4848.0,384.0,2048.0,0.0,2048.0,128.0,128.0,56.0,48.0,0.0,0.0,8.0,0.0
0.1875,191,Improved-gOMP,baseline,3168.0,384.0,2048.0,0.0,0.0,0.0,488.0,56.0,48.0,48.0,48.0,48.0,0.0
0.1875,191,Improved-gOMP,optimized,4848.0,384.0,2048.0,0.0,2048.0,128.0,128.0,56.0,48.0,0.0,0.0,8.0,0.0
0.1875,192,Improved-gOMP,baseline,3168.0,384.0,2048.0,0.0,0.0,0.0,488.0,56.0,48.0,48.0,48.0,48.0,0.0
0.1875,192,Improved-gOMP,optimized,4848.0,384.0,2048.0,0.0,2048.0,128.0,128.0,56.0,48.0,0.0,0.0,8.0,0.0
0.1875,193,Improved-gOMP,baseline,3168.0,384.0,2048.0,0.0,0.0,0.0,488.0,56.0,48.0,48.0,48.0,48.0,0.0
0.1875,193,Improved-gOMP,optimized,4848.0,384.0,2048.0,0.0,2048.0,128.0,128.0,56.0,48.0,0.0,0.0,8.0,0.0
0.1875,194,Improved-gOMP,baseline,3168.0,384.0,2048.0,0.0,0.0,0.0,488.0,56.0,48.0,48.0,48.0,48.0,0.0
0.1875,194,Improved-gOMP,optimized,4848.0,384.0,2048.0,0.0,2048.0,128.0,128.0,56.0,48.0,0.0,0.0,8.0,0.0
0.1875,195,Improved-gOMP,baseline,3144.0,384.0,2048.0,0.0,0.0,0.0,464.0,56.0,48.0,48.0,48.0,48.0,0.0
0.1875,195,Improved-gOMP,optimized,4848.0,384.0,2048.0,0.0,2048.0,128.0,128.0,56.0,48.0,0.0,0.0,8.0,0.0
0.1875,196,Improved-gOMP,baseline,3168.0,384.0,2048.0,0.0,0.0,0.0,488.0,56.0,48.0,48.0,48.0,48.0,0.0
0.1875,196,Improved-gOMP,optimized,4848.0,384.0,2048.0,0.0,2048.0,128.0,128.0,56.0,48.0,0.0,0.0,8.0,0.0
0.1875,197,Improved-gOMP,baseline,3144.0,384.0,2048.0,0.0,0.0,0.0,464.0,56.0,48.0,48.0,48.0,48.0,0.0
0.1875,197,Improved-gOMP,optimized,4584.0,384.0,2048.0,0.0,1800.0,120.0,120.0,56.0,48.0,0.0,0.0,8.0,0.0
0.1875,198,Improved-gOMP,baseline,3144.0,384.0,2048.0,0.0,0.0,0.0,464.0,56.0,48.0,48.0,48.0,48.0,0.0
0.1875,198,Improved-gOMP,optimized,4848.0,384.0,2048.0,0.0,2048.0,128.0,128.0,56.0,48.0,0.0,0.0,8.0,0.0
0.1875,199,Improved-gOMP,baseline,3112.0,384.0,2048.0,0.0,0.0,0.0,432.0,56.0,48.0,48.0,48.0,48.0,0.0
0.1875,199,Improved-gOMP,optimized,4864.0,384.0,2048.0,0.0,2048.0,128.0,128.0,64.0,56.0,0.0,0.0,8.0,0.0
0.1875,200,Improved-gOMP,baseline,3168.0,384.0,2048.0,0.0,0.0,0.0,488.0,56.0,48.0,48.0,48.0,48.0,0.0
0.1875,200,Improved-gOMP,optimized,4848.0,384.0,2048.0,0.0,2048.0,128.0,128.0,56.0,48.0,0.0,0.0,8.0,0.0
0.1875,201,Improved-gOMP,baseline,3168.0,384.0,2048.0,0.0,0.0,0.0,488.0,56.0,48.0,48.0,48.0,48.0,0.0
0.1875,201,Improved-gOMP,optimized,4848.0,384.0,2048.0,0.0,2048.0,128.0,128.0,56.0,48.0,0.0,0.0,8.0,0.0
0.1875,202,Improved-gOMP,baseline,3168.0,384.0,2048.0,0.0,0.0,0.0,488.0,56.0,48.0,48.0,48.0,48.0,0.0
0.1875,202,Improved-gOMP,optimized,4848.0,384.0,2048.0,0.0,2048.0,128.0,128.0,56.0,48.0,0.0,0.0,8.0,0.0
0.1875,203,Improved-gOMP,baseline,3168.0,384.0,2048.0,0.0,0.0,0.0,488.0,56.0,48.0,48.0,48.0,48.0,0.0
0.1875,203,Improved-gOMP,optimized,4848.0,384.0,2048.0,0.0,2048.0,128.0,128.0,56.0,48.0,0.0,0.0,8.0,0.0
0.1875,204,Improved-gOMP,baseline,3144.0,384.0,2048.0,0.0,0.0,0.0,464.0,56.0,48.0,48.0,48.0,48.0,0.0
0.1875,204,Improved-gOMP,optimized,4848.0,384.0,2048.0,0.0,2048.0,128.0,128.0,56.0,48.0,0.0,0.0,8.0,0.0
0.1875,205,Improved-gOMP,baseline,3168.0,384.0,2048.0,0.0,0.0,0.0,488.0,56.0,48.0,48.0,48.0,48.0,0.0
0.1875,205,Improved-gOMP,optimized,4848.0,384.0,2048.0,0.0,2048.0,128.0,128.0,56.0,48.0,0.0,0.0,8.0,0.0
0.1875,206,Improved-gOMP,baseline,3168.0,384.0,2048.0,0.0,0.0,0.0,488.0,56.0,48.0,48.0,48.0,48.0,0.0
0.1875,206,Improved-gOMP,optimized,4848.0,384.0,2048.0,0.0,2048.0,128.0,128.0,56.0,48.0,0.0,0.0,8.0,0.0
0.1875,207,Improved-gOMP,baseline,3168.0,384.0,2048.0,0.0,0.0,0.0,488.0,56.0,48.0,48.0,48.0,48.0,0.0
0.1875,207,Improved-gOMP,optimized,4848.0,384.0,2048.0,0.0,2048.0,128.0,128.0,56.0,48.0,0.0,0.0,8.0,0.0
0.1875,208,Improved-gOMP,baseline,3144.0,384.0,2048.0,0.0,0.0,0.0,464.0,56.0,48.0,48.0,48.0,48.0,0.0
0.1875,208,Improved-gOMP,optimized,4848.0,384.0,2048.0,0.0,2048.0,128.0,128.0,56.0,48.0,0.0,0.0,8.0,0.0
0.1875,209,Improved-gOMP,baseline,3168.0,384.0,2048.0,0.0,0.0,0.0,488.0,56.0,48.0,48.0,48.0,48.0,0.0
0.1875,209,Improved-gOMP,optimized,4568.0,384.0,2048.0,0.0,1800.0,120.0,120.0,48.0,40.0,0.0,0.0,8.0,0.0
0.1875,210,Improved-gOMP,baseline,3168.0,384.0,2048.0,0.0,0.0,0.0,488.0,56.0,48.0,48.0,48.0,48.0,0.0
0.1875,210,Improved-gOMP,optimized,4848.0,384.0,2048.0,0.0,2048.0,128.0,128.0,56.0,48.0,0.0,0.0,8.0,0.0
0.1875,211,Improved-gOMP,baseline,3144.0,384.0,2048.0,0.0,0.0,0.0,464.0,56.0,48.0,48.0,48.0,48.0,0.0
0.1875,211,Improved-gOMP,optimized,4848.0,384.0,2048.0,0.0,2048.0,128.0,128.0,56.0,48.0,0.0,0.0,8.0,0.0
0.1875,212,Improved-gOMP,baseline,3168.0,384.0,2048.0,0.0,0.0,0.0,488.0,56.0,48.0,48.0,48.0,48.0,0.0
0.1875,212,Improved-gOMP,optimized,4848.0,384.0,2048.0,0.0,2048.0,128.0,128.0,56.0,48.0,0.0,0.0,8.0,0.0
0.1875,213,Improved-gOMP,baseline,3168.0,384.0,2048.0,0.0,0.0,0.0,488.0,56.0,48.0,48.0,48.0,48.0,0.0
0.1875,213,Improved-gOMP,optimized,4848.0,384.0,2048.0,0.0,2048.0,128.0,128.0,56.0,48.0,0.0,0.0,8.0,0.0
0.1875,214,Improved-gOMP,baseline,3144.0,384.0,2048.0,0.0,0.0,0.0,464.0,56.0,48.0,48.0,48.0,48.0,0.0
0.1875,214,Improved-gOMP,optimized,4848.0,384.0,2048.0,0.0,2048.0,128.0,128.0,56.0,48.0,0.0,0.0,8.0,0.0
0.1875,215,Improved-gOMP,baseline,3168.0,384.0,2048.0,0.0,0.0,0.0,488.0,56.0,48.0,48.0,48.0,48.0,0.0
0.1875,215,Improved-gOMP,optimized,4848.0,384.0,2048.0,0.0,2048.0,128.0,128.0,56.0,48.0,0.0,0.0,8.0,0.0
0.1875,216,Improved-gOMP,baseline,3144.0,384.0,2048.0,0.0,0.0,0.0,464.0,56.0,48.0,48.0,48.0,48.0,0.0
0.1875,216,Improved-gOMP,optimized,4848.0,384.0,2048.0,0.0,2048.0,128.0,128.0,56.0,48.0,0.0,0.0,8.0,0.0
0.1875,217,Improved-gOMP,baseline,3144.0,384.0,2048.0,0.0,0.0,0.0,464.0,56.0,48.0,48.0,48.0,48.0,0.0
0.1875,217,Improved-gOMP,optimized,4848.0,384.0,2048.0,0.0,2048.0,128.0,128.0,56.0,48.0,0.0,0.0,8.0,0.0
0.1875,218,Improved-gOMP,baseline,3144.0,384.0,2048.0,0.0,0.0,0.0,464.0,56.0,48.0,48.0,48.0,48.0,0.0
0.1875,218,Improved-gOMP,optimized,4848.0,384.0,2048.0,0.0,2048.0,128.0,128.0,56.0,48.0,0.0,0.0,8.0,0.0
0.1875,219,Improved-gOMP,baseline,3168.0,384.0,2048.0,0.0,0.0,0.0,488.0,56.0,48.0,48.0,48.0,48.0,0.0
0.1875,219,Improved-gOMP,optimized,4848.0,384.0,2048.0,0.0,2048.0,128.0,128.0,56.0,48.0,0.0,0.0,8.0,0.0
0.1875,220,Improved-gOMP,baseline,3144.0,384.0,2048.0,0.0,0.0,0.0,464.0,56.0,48.0,48.0,48.0,48.0,0.0
0.1875,220,Improved-gOMP,optimized,4848.0,384.0,2048.0,0.0,2048.0,128.0,128.0,56.0,48.0,0.0,0.0,8.0,0.0
0.1875,221,Improved-gOMP,baseline,3168.0,384.0,2048.0,0.0,0.0,0.0,488.0,56.0,48.0,48.0,48.0,48.0,0.0
0.1875,221,Improved-gOMP,optimized,4848.0,384.0,2048.0,0.0,2048.0,128.0,128.0,56.0,48.0,0.0,0.0,8.0,0.0
0.1875,222,Improved-gOMP,baseline,3168.0,384.0,2048.0,0.0,0.0,0.0,488.0,56.0,48.0,48.0,48.0,48.0,0.0
0.1875,222,Improved-gOMP,optimized,4848.0,384.0,2048.0,0.0,2048.0,128.0,128.0,56.0,48.0,0.0,0.0,8.0,0.0
0.1875,223,Improved-gOMP,baseline,3144.0,384.0,2048.0,0.0,0.0,0.0,464.0,56.0,48.0,48.0,48.0,48.0,0.0
0.1875,223,Improved-gOMP,optimized,4088.0,384.0,2048.0,0.0,1352.0,104.0,104.0,48.0,40.0,0.0,0.0,8.0,0.0
0.1875,224,Improved-gOMP,baseline,3112.0,384.0,2048.0,0.0,0.0,0.0,432.0,56.0,48.0,48.0,48.0,48.0,0.0
0.1875,224,Improved-gOMP,optimized,4848.0,384.0,2048.0,0.0,2048.0,128.0,128.0,56.0,48.0,0.0,0.0,8.0,0.0
0.1875,225,Improved-gOMP,baseline,3144.0,384.0,2048.0,0.0,0.0,0.0,464.0,56.0,48.0,48.0,48.0,48.0,0.0
0.1875,225,Improved-gOMP,optimized,4848.0,384.0,2048.0,0.0,2048.0,128.0,128.0,56.0,48.0,0.0,0.0,8.0,0.0
0.1875,226,Improved-gOMP,baseline,3144.0,384.0,2048.0,0.0,0.0,0.0,464.0,56.0,48.0,48.0,48.0,48.0,0.0
0.1875,226,Improved-gOMP,optimized,4848.0,384.0,2048.0,0.0,2048.0,128.0,128.0,56.0,48.0,0.0,0.0,8.0,0.0
0.1875,227,Improved-gOMP,baseline,3144.0,384.0,2048.0,0.0,0.0,0.0,464.0,56.0,48.0,48.0,48.0,48.0,0.0
0.1875,227,Improved-gOMP,optimized,4848.0,384.0,2048.0,0.0,2048.0,128.0,128.0,56.0,48.0,0.0,0.0,8.0,0.0
0.1875,228,Improved-gOMP,baseline,3168.0,384.0,2048.0,0.0,0.0,0.0,488.0,56.0,48.0,48.0,48.0,48.0,0.0
0.1875,228,Improved-gOMP,optimized,4088.0,384.0,2048.0,0.0,1352.0,104.0,104.0,48.0,40.0,0.0,0.0,8.0,0.0
0.1875,229,Improved-gOMP,baseline,3168.0,384.0,2048.0,0.0,0.0,0.0,488.0,56.0,48.0,48.0,48.0,48.0,0.0
0.1875,229,Improved-gOMP,optimized,4848.0,384.0,2048.0,0.0,2048.0,128.0,128.0,56.0,48.0,0.0,0.0,8.0,0.0
0.1875,230,Improved-gOMP,baseline,3168.0,384.0,2048.0,0.0,0.0,0.0,488.0,56.0,48.0,48.0,48.0,48.0,0.0
0.1875,230,Improved-gOMP,optimized,4848.0,384.0,2048.0,0.0,2048.0,128.0,128.0,56.0,48.0,0.0,0.0,8.0,0.0
0.1875,231,Improved-gOMP,baseline,3144.0,384.0,2048.0,0.0,0.0,0.0,464.0,56.0,48.0,48.0,48.0,48.0,0.0
0.1875,231,Improved-gOMP,optimized,4848.0,384.0,2048.0,0.0,2048.0,128.0,128.0,56.0,48.0,0.0,0.0,8.0,0.0
0.1875,232,Improved-gOMP,baseline,3144.0,384.0,2048.0,0.0,0.0,0.0,464.0,56.0,48.0,48.0,48.0,48.0,0.0
0.1875,232,Improved-gOMP,optimized,4848.0,384.0,2048.0,0.0,2048.0,128.0,128.0,56.0,48.0,0.0,0.0,8.0,0.0
0.1875,233,Improved-gOMP,baseline,3168.0,384.0,2048.0,0.0,0.0,0.0,488.0,56.0,48.0,48.0,48.0,48.0,0.0
0.1875,233,Improved-gOMP,optimized,4848.0,384.0,2048.0,0.0,2048.0,128.0,128.0,56.0,48.0,0.0,0.0,8.0,0.0
0.1875,234,Improved-gOMP,baseline,3144.0,384.0,2048.0,0.0,0.0,0.0,464.0,56.0,48.0,48.0,48.0,48.0,0.0
0.1875,234,Improved-gOMP,optimized,4848.0,384.0,2048.0,0.0,2048.0,128.0,128.0,56.0,48.0,0.0,0.0,8.0,0.0
0.1875,235,Improved-gOMP,baseline,3168.0,384.0,2048.0,0.0,0.0,0.0,488.0,56.0,48.0,48.0,48.0,48.0,0.0
0.1875,235,Improved-gOMP,optimized,4848.0,384.0,2048.0,0.0,2048.0,128.0,128.0,56.0,48.0,0.0,0.0,8.0,0.0
0.1875,236,Improved-gOMP,baseline,3144.0,384.0,2048.0,0.0,0.0,0.0,464.0,56.0,48.0,48.0,48.0,48.0,0.0
0.1875,236,Improved-gOMP,optimized,4584.0,384.0,2048.0,0.0,1800.0,120.0,120.0,56.0,48.0,0.0,0.0,8.0,0.0
0.1875,237,Improved-gOMP,baseline,3112.0,384.0,2048.0,0.0,0.0,0.0,432.0,56.0,48.0,48.0,48.0,48.0,0.0
0.1875,237,Improved-gOMP,optimized,4848.0,384.0,2048.0,0.0,2048.0,128.0,128.0,56.0,48.0,0.0,0.0,8.0,0.0
0.1875,238,Improved-gOMP,baseline,3168.0,384.0,2048.0,0.0,0.0,0.0,488.0,56.0,48.0,48.0,48.0,48.0,0.0
0.1875,238,Improved-gOMP,optimized,4848.0,384.0,2048.0,0.0,2048.0,128.0,128.0,56.0,48.0,0.0,0.0,8.0,0.0
0.1875,239,Improved-gOMP,baseline,3168.0,384.0,2048.0,0.0,0.0,0.0,488.0,56.0,48.0,48.0,48.0,48.0,0.0
0.1875,239,Improved-gOMP,optimized,4848.0,384.0,2048.0,0.0,2048.0,128.0,128.0,56.0,48.0,0.0,0.0,8.0,0.0
0.1875,240,Improved-gOMP,baseline,3144.0,384.0,2048.0,0.0,0.0,0.0,464.0,56.0,48.0,48.0,48.0,48.0,0.0
0.1875,240,Improved-gOMP,optimized,4848.0,384.0,2048.0,0.0,2048.0,128.0,128.0,56.0,48.0,0.0,0.0,8.0,0.0
0.1875,241,Improved-gOMP,baseline,3144.0,384.0,2048.0,0.0,0.0,0.0,464.0,56.0,48.0,48.0,48.0,48.0,0.0
0.1875,241,Improved-gOMP,optimized,4848.0,384.0,2048.0,0.0,2048.0,128.0,128.0,56.0,48.0,0.0,0.0,8.0,0.0
0.1875,242,Improved-gOMP,baseline,3168.0,384.0,2048.0,0.0,0.0,0.0,488.0,56.0,48.0,48.0,48.0,48.0,0.0
0.1875,242,Improved-gOMP,optimized,4848.0,384.0,2048.0,0.0,2048.0,128.0,128.0,56.0,48.0,0.0,0.0,8.0,0.0
0.1875,243,Improved-gOMP,baseline,3112.0,384.0,2048.0,0.0,0.0,0.0,432.0,56.0,48.0,48.0,48.0,48.0,0.0
0.1875,243,Improved-gOMP,optimized,3872.0,384.0,2048.0,0.0,1152.0,96.0,96.0,48.0,40.0,0.0,0.0,8.0,0.0
0.1875,244,Improved-gOMP,baseline,3144.0,384.0,2048.0,0.0,0.0,0.0,464.0,56.0,48.0,48.0,48.0,48.0,0.0
0.1875,244,Improved-gOMP,optimized,4848.0,384.0,2048.0,0.0,2048.0,128.0,128.0,56.0,48.0,0.0,0.0,8.0,0.0
0.1875,245,Improved-gOMP,baseline,3144.0,384.0,2048.0,0.0,0.0,0.0,464.0,56.0,48.0,48.0,48.0,48.0,0.0
0.1875,245,Improved-gOMP,optimized,4848.0,384.0,2048.0,0.0,2048.0,128.0,128.0,56.0,48.0,0.0,0.0,8.0,0.0
0.1875,246,Improved-gOMP,baseline,3168.0,384.0,2048.0,0.0,0.0,0.0,488.0,56.0,48.0,48.0,48.0,48.0,0.0
0.1875,246,Improved-gOMP,optimized,4848.0,384.0,2048.0,0.0,2048.0,128.0,128.0,56.0,48.0,0.0,0.0,8.0,0.0
0.1875,247,Improved-gOMP,baseline,3168.0,384.0,2048.0,0.0,0.0,0.0,488.0,56.0,48.0,48.0,48.0,48.0,0.0
0.1875,247,Improved-gOMP,optimized,4848.0,384.0,2048.0,0.0,2048.0,128.0,128.0,56.0,48.0,0.0,0.0,8.0,0.0
0.1875,248,Improved-gOMP,baseline,3144.0,384.0,2048.0,0.0,0.0,0.0,464.0,56.0,48.0,48.0,48.0,48.0,0.0
0.1875,248,Improved-gOMP,optimized,4848.0,384.0,2048.0,0.0,2048.0,128.0,128.0,56.0,48.0,0.0,0.0,8.0,0.0
0.1875,249,Improved-gOMP,baseline,3144.0,384.0,2048.0,0.0,0.0,0.0,464.0,56.0,48.0,48.0,48.0,48.0,0.0
0.1875,249,Improved-gOMP,optimized,4848.0,384.0,2048.0,0.0,2048.0,128.0,128.0,56.0,48.0,0.0,0.0,8.0,0.0
0.1875,250,Improved-gOMP,baseline,3168.0,384.0,2048.0,0.0,0.0,0.0,488.0,56.0,48.0,48.0,48.0,48.0,0.0
0.1875,250,Improved-gOMP,optimized,4848.0,384.0,2048.0,0.0,2048.0,128.0,128.0,56.0,48.0,0.0,0.0,8.0,0.0
0.1875,251,Improved-gOMP,baseline,3280.0,384.0,2048.0,0.0,0.0,0.0,560.0,64.0,56.0,56.0,56.0,56.0,0.0
0.1875,251,Improved-gOMP,optimized,4864.0,384.0,2048.0,0.0,2048.0,128.0,128.0,64.0,56.0,0.0,0.0,8.0,0.0
0.1875,252,Improved-gOMP,baseline,3168.0,384.0,2048.0,0.0,0.0,0.0,488.0,56.0,48.0,48.0,48.0,48.0,0.0
0.1875,252,Improved-gOMP,optimized,4848.0,384.0,2048.0,0.0,2048.0,128.0,128.0,56.0,48.0,0.0,0.0,8.0,0.0
0.1875,253,Improved-gOMP,baseline,3280.0,384.0,2048.0,0.0,0.0,0.0,560.0,64.0,56.0,56.0,56.0,56.0,0.0
0.1875,253,Improved-gOMP,optimized,4584.0,384.0,2048.0,0.0,1800.0,120.0,120.0,56.0,48.0,0.0,0.0,8.0,0.0
0.1875,254,Improved-gOMP,baseline,3144.0,384.0,2048.0,0.0,0.0,0.0,464.0,56.0,48.0,48.0,48.0,48.0,0.0
0.1875,254,Improved-gOMP,optimized,4848.0,384.0,2048.0,0.0,2048.0,128.0,128.0,56.0,48.0,0.0,0.0,8.0,0.0
0.1875,255,Improved-gOMP,baseline,3112.0,384.0,2048.0,0.0,0.0,0.0,432.0,56.0,48.0,48.0,48.0,48.0,0.0
0.1875,255,Improved-gOMP,optimized,4848.0,384.0,2048.0,0.0,2048.0,128.0,128.0,56.0,48.0,0.0,0.0,8.0,0.0
0.1875,256,Improved-gOMP,baseline,3168.0,384.0,2048.0,0.0,0.0,0.0,488.0,56.0,48.0,48.0,48.0,48.0,0.0
0.1875,256,Improved-gOMP,optimized,4832.0,384.0,2048.0,0.0,2048.0,128.0,128.0,48.0,40.0,0.0,0.0,8.0,0.0
0.1875,257,Improved-gOMP,baseline,3144.0,384.0,2048.0,0.0,0.0,0.0,464.0,56.0,48.0,48.0,48.0,48.0,0.0
0.1875,257,Improved-gOMP,optimized,4848.0,384.0,2048.0,0.0,2048.0,128.0,128.0,56.0,48.0,0.0,0.0,8.0,0.0
0.1875,258,Improved-gOMP,baseline,3168.0,384.0,2048.0,0.0,0.0,0.0,488.0,56.0,48.0,48.0,48.0,48.0,0.0
0.1875,258,Improved-gOMP,optimized,4848.0,384.0,2048.0,0.0,2048.0,128.0,128.0,56.0,48.0,0.0,0.0,8.0,0.0
0.1875,259,Improved-gOMP,baseline,3280.0,384.0,2048.0,0.0,0.0,0.0,560.0,64.0,56.0,56.0,56.0,56.0,0.0
0.1875,259,Improved-gOMP,optimized,3872.0,384.0,2048.0,0.0,1152.0,96.0,96.0,48.0,40.0,0.0,0.0,8.0,0.0
0.1875,260,Improved-gOMP,baseline,3168.0,384.0,2048.0,0.0,0.0,0.0,488.0,56.0,48.0,48.0,48.0,48.0,0.0
0.1875,260,Improved-gOMP,optimized,4848.0,384.0,2048.0,0.0,2048.0,128.0,128.0,56.0,48.0,0.0,0.0,8.0,0.0
0.1875,261,Improved-gOMP,baseline,3168.0,384.0,2048.0,0.0,0.0,0.0,488.0,56.0,48.0,48.0,48.0,48.0,0.0
0.1875,261,Improved-gOMP,optimized,4848.0,384.0,2048.0,0.0,2048.0,128.0,128.0,56.0,48.0,0.0,0.0,8.0,0.0
0.1875,262,Improved-gOMP,baseline,3168.0,384.0,2048.0,0.0,0.0,0.0,488.0,56.0,48.0,48.0,48.0,48.0,0.0
0.1875,262,Improved-gOMP,optimized,4848.0,384.0,2048.0,0.0,2048.0,128.0,128.0,56.0,48.0,0.0,0.0,8.0,0.0
0.1875,263,Improved-gOMP,baseline,3168.0,384.0,2048.0,0.0,0.0,0.0,488.0,56.0,48.0,48.0,48.0,48.0,0.0
0.1875,263,Improved-gOMP,optimized,4848.0,384.0,2048.0,0.0,2048.0,128.0,128.0,56.0,48.0,0.0,0.0,8.0,0.0
0.1875,264,Improved-gOMP,baseline,3144.0,384.0,2048.0,0.0,0.0,0.0,464.0,56.0,48.0,48.0,48.0,48.0,0.0
0.1875,264,Improved-gOMP,optimized,4848.0,384.0,2048.0,0.0,2048.0,128.0,128.0,56.0,48.0,0.0,0.0,8.0,0.0
0.1875,265,Improved-gOMP,baseline,3144.0,384.0,2048.0,0.0,0.0,0.0,464.0,56.0,48.0,48.0,48.0,48.0,0.0
0.1875,265,Improved-gOMP,optimized,4584.0,384.0,2048.0,0.0,1800.0,120.0,120.0,56.0,48.0,0.0,0.0,8.0,0.0
0.1875,266,Improved-gOMP,baseline,3168.0,384.0,2048.0,0.0,0.0,0.0,488.0,56.0,48.0,48.0,48.0,48.0,0.0
0.1875,266,Improved-gOMP,optimized,4848.0,384.0,2048.0,0.0,2048.0,128.0,128.0,56.0,48.0,0.0,0.0,8.0,0.0
0.1875,267,Improved-gOMP,baseline,3168.0,384.0,2048.0,0.0,0.0,0.0,488.0,56.0,48.0,48.0,48.0,48.0,0.0
0.1875,267,Improved-gOMP,optimized,4848.0,384.0,2048.0,0.0,2048.0,128.0,128.0,56.0,48.0,0.0,0.0,8.0,0.0
0.1875,268,Improved-gOMP,baseline,2976.0,384.0,2048.0,0.0,0.0,0.0,336.0,48.0,40.0,40.0,40.0,40.0,0.0
0.1875,268,Improved-gOMP,optimized,4088.0,384.0,2048.0,0.0,1352.0,104.0,104.0,48.0,40.0,0.0,0.0,8.0,0.0
0.1875,269,Improved-gOMP,baseline,3168.0,384.0,2048.0,0.0,0.0,0.0,488.0,56.0,48.0,48.0,48.0,48.0,0.0
0.1875,269,Improved-gOMP,optimized,4848.0,384.0,2048.0,0.0,2048.0,128.0,128.0,56.0,48.0,0.0,0.0,8.0,0.0
0.1875,270,Improved-gOMP,baseline,3144.0,384.0,2048.0,0.0,0.0,0.0,464.0,56.0,48.0,48.0,48.0,48.0,0.0
0.1875,270,Improved-gOMP,optimized,4848.0,384.0,2048.0,0.0,2048.0,128.0,128.0,56.0,48.0,0.0,0.0,8.0,0.0
0.1875,271,Improved-gOMP,baseline,3168.0,384.0,2048.0,0.0,0.0,0.0,488.0,56.0,48.0,48.0,48.0,48.0,0.0
0.1875,271,Improved-gOMP,optimized,4848.0,384.0,2048.0,0.0,2048.0,128.0,128.0,56.0,48.0,0.0,0.0,8.0,0.0
0.1875,272,Improved-gOMP,baseline,3168.0,384.0,2048.0,0.0,0.0,0.0,488.0,56.0,48.0,48.0,48.0,48.0,0.0
0.1875,272,Improved-gOMP,optimized,4848.0,384.0,2048.0,0.0,2048.0,128.0,128.0,56.0,48.0,0.0,0.0,8.0,0.0
0.1875,273,Improved-gOMP,baseline,3168.0,384.0,2048.0,0.0,0.0,0.0,488.0,56.0,48.0,48.0,48.0,48.0,0.0
0.1875,273,Improved-gOMP,optimized,4848.0,384.0,2048.0,0.0,2048.0,128.0,128.0,56.0,48.0,0.0,0.0,8.0,0.0
0.1875,274,Improved-gOMP,baseline,2952.0,384.0,2048.0,0.0,0.0,0.0,312.0,48.0,40.0,40.0,40.0,40.0,0.0
0.1875,274,Improved-gOMP,optimized,4848.0,384.0,2048.0,0.0,2048.0,128.0,128.0,56.0,48.0,0.0,0.0,8.0,0.0
0.1875,275,Improved-gOMP,baseline,3144.0,384.0,2048.0,0.0,0.0,0.0,464.0,56.0,48.0,48.0,48.0,48.0,0.0
0.1875,275,Improved-gOMP,optimized,4584.0,384.0,2048.0,0.0,1800.0,120.0,120.0,56.0,48.0,0.0,0.0,8.0,0.0
0.1875,276,Improved-gOMP,baseline,3144.0,384.0,2048.0,0.0,0.0,0.0,464.0,56.0,48.0,48.0,48.0,48.0,0.0
0.1875,276,Improved-gOMP,optimized,4584.0,384.0,2048.0,0.0,1800.0,120.0,120.0,56.0,48.0,0.0,0.0,8.0,0.0
0.1875,277,Improved-gOMP,baseline,3168.0,384.0,2048.0,0.0,0.0,0.0,488.0,56.0,48.0,48.0,48.0,48.0,0.0
0.1875,277,Improved-gOMP,optimized,4848.0,384.0,2048.0,0.0,2048.0,128.0,128.0,56.0,48.0,0.0,0.0,8.0,0.0
0.1875,278,Improved-gOMP,baseline,3144.0,384.0,2048.0,0.0,0.0,0.0,464.0,56.0,48.0,48.0,48.0,48.0,0.0
0.1875,278,Improved-gOMP,optimized,4848.0,384.0,2048.0,0.0,2048.0,128.0,128.0,56.0,48.0,0.0,0.0,8.0,0.0
0.1875,279,Improved-gOMP,baseline,3144.0,384.0,2048.0,0.0,0.0,0.0,464.0,56.0,48.0,48.0,48.0,48.0,0.0
0.1875,279,Improved-gOMP,optimized,4848.0,384.0,2048.0,0.0,2048.0,128.0,128.0,56.0,48.0,0.0,0.0,8.0,0.0
0.1875,280,Improved-gOMP,baseline,3144.0,384.0,2048.0,0.0,0.0,0.0,464.0,56.0,48.0,48.0,48.0,48.0,0.0
0.1875,280,Improved-gOMP,optimized,4584.0,384.0,2048.0,0.0,1800.0,120.0,120.0,56.0,48.0,0.0,0.0,8.0,0.0
0.1875,281,Improved-gOMP,baseline,3144.0,384.0,2048.0,0.0,0.0,0.0,464.0,56.0,48.0,48.0,48.0,48.0,0.0
0.1875,281,Improved-gOMP,optimized,4848.0,384.0,2048.0,0.0,2048.0,128.0,128.0,56.0,48.0,0.0,0.0,8.0,0.0
0.1875,282,Improved-gOMP,baseline,3168.0,384.0,2048.0,0.0,0.0,0.0,488.0,56.0,48.0,48.0,48.0,48.0,0.0
0.1875,282,Improved-gOMP,optimized,4848.0,384.0,2048.0,0.0,2048.0,128.0,128.0,56.0,48.0,0.0,0.0,8.0,0.0
0.1875,283,Improved-gOMP,baseline,2952.0,384.0,2048.0,0.0,0.0,0.0,312.0,48.0,40.0,40.0,40.0,40.0,0.0
0.1875,283,Improved-gOMP,optimized,3872.0,384.0,2048.0,0.0,1152.0,96.0,96.0,48.0,40.0,0.0,0.0,8.0,0.0
0.1875,284,Improved-gOMP,baseline,3168.0,384.0,2048.0,0.0,0.0,0.0,488.0,56.0,48.0,48.0,48.0,48.0,0.0
0.1875,284,Improved-gOMP,optimized,4832.0,384.0,2048.0,0.0,2048.0,128.0,128.0,48.0,40.0,0.0,0.0,8.0,0.0
0.1875,285,Improved-gOMP,baseline,3168.0,384.0,2048.0,0.0,0.0,0.0,488.0,56.0,48.0,48.0,48.0,48.0,0.0
0.1875,285,Improved-gOMP,optimized,4848.0,384.0,2048.0,0.0,2048.0,128.0,128.0,56.0,48.0,0.0,0.0,8.0,0.0
0.1875,286,Improved-gOMP,baseline,3144.0,384.0,2048.0,0.0,0.0,0.0,464.0,56.0,48.0,48.0,48.0,48.0,0.0
0.1875,286,Improved-gOMP,optimized,4848.0,384.0,2048.0,0.0,2048.0,128.0,128.0,56.0,48.0,0.0,0.0,8.0,0.0
0.1875,287,Improved-gOMP,baseline,3168.0,384.0,2048.0,0.0,0.0,0.0,488.0,56.0,48.0,48.0,48.0,48.0,0.0
0.1875,287,Improved-gOMP,optimized,4848.0,384.0,2048.0,0.0,2048.0,128.0,128.0,56.0,48.0,0.0,0.0,8.0,0.0
0.1875,288,Improved-gOMP,baseline,3144.0,384.0,2048.0,0.0,0.0,0.0,464.0,56.0,48.0,48.0,48.0,48.0,0.0
0.1875,288,Improved-gOMP,optimized,4848.0,384.0,2048.0,0.0,2048.0,128.0,128.0,56.0,48.0,0.0,0.0,8.0,0.0
0.1875,289,Improved-gOMP,baseline,3144.0,384.0,2048.0,0.0,0.0,0.0,464.0,56.0,48.0,48.0,48.0,48.0,0.0
0.1875,289,Improved-gOMP,optimized,4848.0,384.0,2048.0,0.0,2048.0,128.0,128.0,56.0,48.0,0.0,0.0,8.0,0.0
0.1875,290,Improved-gOMP,baseline,3168.0,384.0,2048.0,0.0,0.0,0.0,488.0,56.0,48.0,48.0,48.0,48.0,0.0
0.1875,290,Improved-gOMP,optimized,4088.0,384.0,2048.0,0.0,1352.0,104.0,104.0,48.0,40.0,0.0,0.0,8.0,0.0
0.1875,291,Improved-gOMP,baseline,3168.0,384.0,2048.0,0.0,0.0,0.0,488.0,56.0,48.0,48.0,48.0,48.0,0.0
0.1875,291,Improved-gOMP,optimized,4848.0,384.0,2048.0,0.0,2048.0,128.0,128.0,56.0,48.0,0.0,0.0,8.0,0.0
0.1875,292,Improved-gOMP,baseline,3168.0,384.0,2048.0,0.0,0.0,0.0,488.0,56.0,48.0,48.0,48.0,48.0,0.0
0.1875,292,Improved-gOMP,optimized,4848.0,384.0,2048.0,0.0,2048.0,128.0,128.0,56.0,48.0,0.0,0.0,8.0,0.0
0.1875,293,Improved-gOMP,baseline,3144.0,384.0,2048.0,0.0,0.0,0.0,464.0,56.0,48.0,48.0,48.0,48.0,0.0
0.1875,293,Improved-gOMP,optimized,4848.0,384.0,2048.0,0.0,2048.0,128.0,128.0,56.0,48.0,0.0,0.0,8.0,0.0
0.1875,294,Improved-gOMP,baseline,3168.0,384.0,2048.0,0.0,0.0,0.0,488.0,56.0,48.0,48.0,48.0,48.0,0.0
0.1875,294,Improved-gOMP,optimized,4848.0,384.0,2048.0,0.0,2048.0,128.0,128.0,56.0,48.0,0.0,0.0,8.0,0.0
0.1875,295,Improved-gOMP,baseline,3144.0,384.0,2048.0,0.0,0.0,0.0,464.0,56.0,48.0,48.0,48.0,48.0,0.0
0.1875,295,Improved-gOMP,optimized,4864.0,384.0,2048.0,0.0,2048.0,128.0,128.0,64.0,56.0,0.0,0.0,8.0,0.0
0.1875,296,Improved-gOMP,baseline,3144.0,384.0,2048.0,0.0,0.0,0.0,464.0,56.0,48.0,48.0,48.0,48.0,0.0
0.1875,296,Improved-gOMP,optimized,4864.0,384.0,2048.0,0.0,2048.0,128.0,128.0,64.0,56.0,0.0,0.0,8.0,0.0
0.1875,297,Improved-gOMP,baseline,3168.0,384.0,2048.0,0.0,0.0,0.0,488.0,56.0,48.0,48.0,48.0,48.0,0.0
0.1875,297,Improved-gOMP,optimized,4848.0,384.0,2048.0,0.0,2048.0,128.0,128.0,56.0,48.0,0.0,0.0,8.0,0.0
0.1875,298,Improved-gOMP,baseline,3144.0,384.0,2048.0,0.0,0.0,0.0,464.0,56.0,48.0,48.0,48.0,48.0,0.0
0.1875,298,Improved-gOMP,optimized,4848.0,384.0,2048.0,0.0,2048.0,128.0,128.0,56.0,48.0,0.0,0.0,8.0,0.0
0.1875,299,Improved-gOMP,baseline,3144.0,384.0,2048.0,0.0,0.0,0.0,464.0,56.0,48.0,48.0,48.0,48.0,0.0
0.1875,299,Improved-gOMP,optimized,4848.0,384.0,2048.0,0.0,2048.0,128.0,128.0,56.0,48.0,0.0,0.0,8.0,0.0
0.25,0,Improved-gOMP,baseline,3296.0,512.0,2048.0,0.0,0.0,0.0,488.0,56.0,48.0,48.0,48.0,48.0,0.0
0.25,0,Improved-gOMP,optimized,4696.0,512.0,2048.0,0.0,1800.0,120.0,120.0,48.0,40.0,0.0,0.0,8.0,0.0
0.25,1,Improved-gOMP,baseline,3272.0,512.0,2048.0,0.0,0.0,0.0,464.0,56.0,48.0,48.0,48.0,48.0,0.0
0.25,1,Improved-gOMP,optimized,4712.0,512.0,2048.0,0.0,1800.0,120.0,120.0,56.0,48.0,0.0,0.0,8.0,0.0
0.25,2,Improved-gOMP,baseline,3240.0,512.0,2048.0,0.0,0.0,0.0,432.0,56.0,48.0,48.0,48.0,48.0,0.0
0.25,2,Improved-gOMP,optimized,4000.0,512.0,2048.0,0.0,1152.0,96.0,96.0,48.0,40.0,0.0,0.0,8.0,0.0
0.25,3,Improved-gOMP,baseline,3240.0,512.0,2048.0,0.0,0.0,0.0,432.0,56.0,48.0,48.0,48.0,48.0,0.0
0.25,3,Improved-gOMP,optimized,4712.0,512.0,2048.0,0.0,1800.0,120.0,120.0,56.0,48.0,0.0,0.0,8.0,0.0
0.25,4,Improved-gOMP,baseline,3296.0,512.0,2048.0,0.0,0.0,0.0,488.0,56.0,48.0,48.0,48.0,48.0,0.0
0.25,4,Improved-gOMP,optimized,4960.0,512.0,2048.0,0.0,2048.0,128.0,128.0,48.0,40.0,0.0,0.0,8.0,0.0
0.25,5,Improved-gOMP,baseline,3104.0,512.0,2048.0,0.0,0.0,0.0,336.0,48.0,40.0,40.0,40.0,40.0,0.0
0.25,5,Improved-gOMP,optimized,3784.0,512.0,2048.0,0.0,968.0,88.0,88.0,40.0,32.0,0.0,0.0,8.0,0.0
0.25,6,Improved-gOMP,baseline,3240.0,512.0,2048.0,0.0,0.0,0.0,432.0,56.0,48.0,48.0,48.0,48.0,0.0
0.25,6,Improved-gOMP,optimized,4000.0,512.0,2048.0,0.0,1152.0,96.0,96.0,48.0,40.0,0.0,0.0,8.0,0.0
0.25,7,Improved-gOMP,baseline,3296.0,512.0,2048.0,0.0,0.0,0.0,488.0,56.0,48.0,48.0,48.0,48.0,0.0
0.25,7,Improved-gOMP,optimized,4976.0,512.0,2048.0,0.0,2048.0,128.0,128.0,56.0,48.0,0.0,0.0,8.0,0.0
0.25,8,Improved-gOMP,baseline,3272.0,512.0,2048.0,0.0,0.0,0.0,464.0,56.0,48.0,48.0,48.0,48.0,0.0
0.25,8,Improved-gOMP,optimized,4976.0,512.0,2048.0,0.0,2048.0,128.0,128.0,56.0,48.0,0.0,0.0,8.0,0.0
0.25,9,Improved-gOMP,baseline,3272.0,512.0,2048.0,0.0,0.0,0.0,464.0,56.0,48.0,48.0,48.0,48.0,0.0
0.25,9,Improved-gOMP,optimized,4976.0,512.0,2048.0,0.0,2048.0,128.0,128.0,56.0,48.0,0.0,0.0,8.0,0.0
0.25,10,Improved-gOMP,baseline,3296.0,512.0,2048.0,0.0,0.0,0.0,488.0,56.0,48.0,48.0,48.0,48.0,0.0
0.25,10,Improved-gOMP,optimized,4976.0,512.0,2048.0,0.0,2048.0,128.0,128.0,56.0,48.0,0.0,0.0,8.0,0.0
0.25,11,Improved-gOMP,baseline,3296.0,512.0,2048.0,0.0,0.0,0.0,488.0,56.0,48.0,48.0,48.0,48.0,0.0
0.25,11,Improved-gOMP,optimized,4960.0,512.0,2048.0,0.0,2048.0,128.0,128.0,48.0,40.0,0.0,0.0,8.0,0.0
0.25,12,Improved-gOMP,baseline,3272.0,512.0,2048.0,0.0,0.0,0.0,464.0,56.0,48.0,48.0,48.0,48.0,0.0
0.25,12,Improved-gOMP,optimized,4976.0,512.0,2048.0,0.0,2048.0,128.0,128.0,56.0,48.0,0.0,0.0,8.0,0.0
0.25,13,Improved-gOMP,baseline,3296.0,512.0,2048.0,0.0,0.0,0.0,488.0,56.0,48.0,48.0,48.0,48.0,0.0
0.25,13,Improved-gOMP,optimized,4696.0,512.0,2048.0,0.0,1800.0,120.0,120.0,48.0,40.0,0.0,0.0,8.0,0.0
0.25,14,Improved-gOMP,baseline,3272.0,512.0,2048.0,0.0,0.0,0.0,464.0,56.0,48.0,48.0,48.0,48.0,0.0
0.25,14,Improved-gOMP,optimized,4976.0,512.0,2048.0,0.0,2048.0,128.0,128.0,56.0,48.0,0.0,0.0,8.0,0.0
0.25,15,Improved-gOMP,baseline,3272.0,512.0,2048.0,0.0,0.0,0.0,464.0,56.0,48.0,48.0,48.0,48.0,0.0
0.25,15,Improved-gOMP,optimized,4976.0,512.0,2048.0,0.0,2048.0,128.0,128.0,56.0,48.0,0.0,0.0,8.0,0.0
0.25,16,Improved-gOMP,baseline,3296.0,512.0,2048.0,0.0,0.0,0.0,488.0,56.0,48.0,48.0,48.0,48.0,0.0
0.25,16,Improved-gOMP,optimized,4216.0,512.0,2048.0,0.0,1352.0,104.0,104.0,48.0,40.0,0.0,0.0,8.0,0.0
0.25,17,Improved-gOMP,baseline,3296.0,512.0,2048.0,0.0,0.0,0.0,488.0,56.0,48.0,48.0,48.0,48.0,0.0
0.25,17,Improved-gOMP,optimized,4976.0,512.0,2048.0,0.0,2048.0,128.0,128.0,56.0,48.0,0.0,0.0,8.0,0.0
0.25,18,Improved-gOMP,baseline,3240.0,512.0,2048.0,0.0,0.0,0.0,432.0,56.0,48.0,48.0,48.0,48.0,0.0
0.25,18,Improved-gOMP,optimized,4216.0,512.0,2048.0,0.0,1352.0,104.0,104.0,48.0,40.0,0.0,0.0,8.0,0.0
0.25,19,Improved-gOMP,baseline,3296.0,512.0,2048.0,0.0,0.0,0.0,488.0,56.0,48.0,48.0,48.0,48.0,0.0
0.25,19,Improved-gOMP,optimized,4976.0,512.0,2048.0,0.0,2048.0,128.0,128.0,56.0,48.0,0.0,0.0,8.0,0.0
0.25,20,Improved-gOMP,baseline,3272.0,512.0,2048.0,0.0,0.0,0.0,464.0,56.0,48.0,48.0,48.0,48.0,0.0
0.25,20,Improved-gOMP,optimized,4976.0,512.0,2048.0,0.0,2048.0,128.0,128.0,56.0,48.0,0.0,0.0,8.0,0.0
0.25,21,Improved-gOMP,baseline,3272.0,512.0,2048.0,0.0,0.0,0.0,464.0,56.0,48.0,48.0,48.0,48.0,0.0
0.25,21,Improved-gOMP,optimized,4976.0,512.0,2048.0,0.0,2048.0,128.0,128.0,56.0,48.0,0.0,0.0,8.0,0.0
0.25,22,Improved-gOMP,baseline,3272.0,512.0,2048.0,0.0,0.0,0.0,464.0,56.0,48.0,48.0,48.0,48.0,0.0
0.25,22,Improved-gOMP,optimized,4976.0,512.0,2048.0,0.0,2048.0,128.0,128.0,56.0,48.0,0.0,0.0,8.0,0.0
0.25,23,Improved-gOMP,baseline,3272.0,512.0,2048.0,0.0,0.0,0.0,464.0,56.0,48.0,48.0,48.0,48.0,0.0
0.25,23,Improved-gOMP,optimized,4992.0,512.0,2048.0,0.0,2048.0,128.0,128.0,64.0,56.0,0.0,0.0,8.0,0.0
0.25,24,Improved-gOMP,baseline,3272.0,512.0,2048.0,0.0,0.0,0.0,464.0,56.0,48.0,48.0,48.0,48.0,0.0
0.25,24,Improved-gOMP,optimized,4976.0,512.0,2048.0,0.0,2048.0,128.0,128.0,56.0,48.0,0.0,0.0,8.0,0.0
0.25,25,Improved-gOMP,baseline,3296.0,512.0,2048.0,0.0,0.0,0.0,488.0,56.0,48.0,48.0,48.0,48.0,0.0
0.25,25,Improved-gOMP,optimized,4976.0,512.0,2048.0,0.0,2048.0,128.0,128.0,56.0,48.0,0.0,0.0,8.0,0.0
0.25,26,Improved-gOMP,baseline,3296.0,512.0,2048.0,0.0,0.0,0.0,488.0,56.0,48.0,48.0,48.0,48.0,0.0
0.25,26,Improved-gOMP,optimized,4976.0,512.0,2048.0,0.0,2048.0,128.0,128.0,56.0,48.0,0.0,0.0,8.0,0.0
0.25,27,Improved-gOMP,baseline,3272.0,512.0,2048.0,0.0,0.0,0.0,464.0,56.0,48.0,48.0,48.0,48.0,0.0
0.25,27,Improved-gOMP,optimized,4976.0,512.0,2048.0,0.0,2048.0,128.0,128.0,56.0,48.0,0.0,0.0,8.0,0.0
0.25,28,Improved-gOMP,baseline,3408.0,512.0,2048.0,0.0,0.0,0.0,560.0,64.0,56.0,56.0,56.0,56.0,0.0
0.25,28,Improved-gOMP,optimized,4712.0,512.0,2048.0,0.0,1800.0,120.0,120.0,56.0,48.0,0.0,0.0,8.0,0.0
0.25,29,Improved-gOMP,baseline,3104.0,512.0,2048.0,0.0,0.0,0.0,336.0,48.0,40.0,40.0,40.0,40.0,0.0
0.25,29,Improved-gOMP,optimized,4976.0,512.0,2048.0,0.0,2048.0,128.0,128.0,56.0,48.0,0.0,0.0,8.0,0.0
0.25,30,Improved-gOMP,baseline,3296.0,512.0,2048.0,0.0,0.0,0.0,488.0,56.0,48.0,48.0,48.0,48.0,0.0
0.25,30,Improved-gOMP,optimized,4976.0,512.0,2048.0,0.0,2048.0,128.0,128.0,56.0,48.0,0.0,0.0,8.0,0.0
0.25,31,Improved-gOMP,baseline,3296.0,512.0,2048.0,0.0,0.0,0.0,488.0,56.0,48.0,48.0,48.0,48.0,0.0
0.25,31,Improved-gOMP,optimized,4976.0,512.0,2048.0,0.0,2048.0,128.0,128.0,56.0,48.0,0.0,0.0,8.0,0.0
0.25,32,Improved-gOMP,baseline,3272.0,512.0,2048.0,0.0,0.0,0.0,464.0,56.0,48.0,48.0,48.0,48.0,0.0
0.25,32,Improved-gOMP,optimized,4976.0,512.0,2048.0,0.0,2048.0,128.0,128.0,56.0,48.0,0.0,0.0,8.0,0.0
0.25,33,Improved-gOMP,baseline,3296.0,512.0,2048.0,0.0,0.0,0.0,488.0,56.0,48.0,48.0,48.0,48.0,0.0
0.25,33,Improved-gOMP,optimized,4976.0,512.0,2048.0,0.0,2048.0,128.0,128.0,56.0,48.0,0.0,0.0,8.0,0.0
0.25,34,Improved-gOMP,baseline,3296.0,512.0,2048.0,0.0,0.0,0.0,488.0,56.0,48.0,48.0,48.0,48.0,0.0
0.25,34,Improved-gOMP,optimized,4960.0,512.0,2048.0,0.0,2048.0,128.0,128.0,48.0,40.0,0.0,0.0,8.0,0.0
0.25,35,Improved-gOMP,baseline,3272.0,512.0,2048.0,0.0,0.0,0.0,464.0,56.0,48.0,48.0,48.0,48.0,0.0
0.25,35,Improved-gOMP,optimized,4976.0,512.0,2048.0,0.0,2048.0,128.0,128.0,56.0,48.0,0.0,0.0,8.0,0.0
0.25,36,Improved-gOMP,baseline,3296.0,512.0,2048.0,0.0,0.0,0.0,488.0,56.0,48.0,48.0,48.0,48.0,0.0
0.25,36,Improved-gOMP,optimized,4976.0,512.0,2048.0,0.0,2048.0,128.0,128.0,56.0,48.0,0.0,0.0,8.0,0.0
0.25,37,Improved-gOMP,baseline,3296.0,512.0,2048.0,0.0,0.0,0.0,488.0,56.0,48.0,48.0,48.0,48.0,0.0
0.25,37,Improved-gOMP,optimized,4976.0,512.0,2048.0,0.0,2048.0,128.0,128.0,56.0,48.0,0.0,0.0,8.0,0.0
0.25,38,Improved-gOMP,baseline,3296.0,512.0,2048.0,0.0,0.0,0.0,488.0,56.0,48.0,48.0,48.0,48.0,0.0
0.25,38,Improved-gOMP,optimized,4976.0,512.0,2048.0,0.0,2048.0,128.0,128.0,56.0,48.0,0.0,0.0,8.0,0.0
0.25,39,Improved-gOMP,baseline,3272.0,512.0,2048.0,0.0,0.0,0.0,464.0,56.0,48.0,48.0,48.0,48.0,0.0
0.25,39,Improved-gOMP,optimized,4976.0,512.0,2048.0,0.0,2048.0,128.0,128.0,56.0,48.0,0.0,0.0,8.0,0.0
0.25,40,Improved-gOMP,baseline,3296.0,512.0,2048.0,0.0,0.0,0.0,488.0,56.0,48.0,48.0,48.0,48.0,0.0
0.25,40,Improved-gOMP,optimized,4976.0,512.0,2048.0,0.0,2048.0,128.0,128.0,56.0,48.0,0.0,0.0,8.0,0.0
0.25,41,Improved-gOMP,baseline,3296.0,512.0,2048.0,0.0,0.0,0.0,488.0,56.0,48.0,48.0,48.0,48.0,0.0
0.25,41,Improved-gOMP,optimized,4976.0,512.0,2048.0,0.0,2048.0,128.0,128.0,56.0,48.0,0.0,0.0,8.0,0.0
0.25,42,Improved-gOMP,baseline,3272.0,512.0,2048.0,0.0,0.0,0.0,464.0,56.0,48.0,48.0,48.0,48.0,0.0
0.25,42,Improved-gOMP,optimized,4976.0,512.0,2048.0,0.0,2048.0,128.0,128.0,56.0,48.0,0.0,0.0,8.0,0.0
0.25,43,Improved-gOMP,baseline,3296.0,512.0,2048.0,0.0,0.0,0.0,488.0,56.0,48.0,48.0,48.0,48.0,0.0
0.25,43,Improved-gOMP,optimized,4976.0,512.0,2048.0,0.0,2048.0,128.0,128.0,56.0,48.0,0.0,0.0,8.0,0.0
0.25,44,Improved-gOMP,baseline,3296.0,512.0,2048.0,0.0,0.0,0.0,488.0,56.0,48.0,48.0,48.0,48.0,0.0
0.25,44,Improved-gOMP,optimized,4976.0,512.0,2048.0,0.0,2048.0,128.0,128.0,56.0,48.0,0.0,0.0,8.0,0.0
0.25,45,Improved-gOMP,baseline,3104.0,512.0,2048.0,0.0,0.0,0.0,336.0,48.0,40.0,40.0,40.0,40.0,0.0
0.25,45,Improved-gOMP,optimized,4216.0,512.0,2048.0,0.0,1352.0,104.0,104.0,48.0,40.0,0.0,0.0,8.0,0.0
0.25,46,Improved-gOMP,baseline,3296.0,512.0,2048.0,0.0,0.0,0.0,488.0,56.0,48.0,48.0,48.0,48.0,0.0
0.25,46,Improved-gOMP,optimized,4976.0,512.0,2048.0,0.0,2048.0,128.0,128.0,56.0,48.0,0.0,0.0,8.0,0.0
0.25,47,Improved-gOMP,baseline,3272.0,512.0,2048.0,0.0,0.0,0.0,464.0,56.0,48.0,48.0,48.0,48.0,0.0
0.25,47,Improved-gOMP,optimized,4712.0,512.0,2048.0,0.0,1800.0,120.0,120.0,56.0,48.0,0.0,0.0,8.0,0.0
0.25,48,Improved-gOMP,baseline,3296.0,512.0,2048.0,0.0,0.0,0.0,488.0,56.0,48.0,48.0,48.0,48.0,0.0
0.25,48,Improved-gOMP,optimized,4976.0,512.0,2048.0,0.0,2048.0,128.0,128.0,56.0,48.0,0.0,0.0,8.0,0.0
0.25,49,Improved-gOMP,baseline,3272.0,512.0,2048.0,0.0,0.0,0.0,464.0,56.0,48.0,48.0,48.0,48.0,0.0
0.25,49,Improved-gOMP,optimized,4976.0,512.0,2048.0,0.0,2048.0,128.0,128.0,56.0,48.0,0.0,0.0,8.0,0.0
0.25,50,Improved-gOMP,baseline,3296.0,512.0,2048.0,0.0,0.0,0.0,488.0,56.0,48.0,48.0,48.0,48.0,0.0
0.25,50,Improved-gOMP,optimized,4976.0,512.0,2048.0,0.0,2048.0,128.0,128.0,56.0,48.0,0.0,0.0,8.0,0.0
0.25,51,Improved-gOMP,baseline,3296.0,512.0,2048.0,0.0,0.0,0.0,488.0,56.0,48.0,48.0,48.0,48.0,0.0
0.25,51,Improved-gOMP,optimized,4976.0,512.0,2048.0,0.0,2048.0,128.0,128.0,56.0,48.0,0.0,0.0,8.0,0.0
0.25,52,Improved-gOMP,baseline,3296.0,512.0,2048.0,0.0,0.0,0.0,488.0,56.0,48.0,48.0,48.0,48.0,0.0
0.25,52,Improved-gOMP,optimized,4696.0,512.0,2048.0,0.0,1800.0,120.0,120.0,48.0,40.0,0.0,0.0,8.0,0.0
0.25,53,Improved-gOMP,baseline,3296.0,512.0,2048.0,0.0,0.0,0.0,488.0,56.0,48.0,48.0,48.0,48.0,0.0
0.25,53,Improved-gOMP,optimized,4976.0,512.0,2048.0,0.0,2048.0,128.0,128.0,56.0,48.0,0.0,0.0,8.0,0.0
0.25,54,Improved-gOMP,baseline,3296.0,512.0,2048.0,0.0,0.0,0.0,488.0,56.0,48.0,48.0,48.0,48.0,0.0
0.25,54,Improved-gOMP,optimized,4976.0,512.0,2048.0,0.0,2048.0,128.0,128.0,56.0,48.0,0.0,0.0,8.0,0.0
0.25,55,Improved-gOMP,baseline,3104.0,512.0,2048.0,0.0,0.0,0.0,336.0,48.0,40.0,40.0,40.0,40.0,0.0
0.25,55,Improved-gOMP,optimized,4976.0,512.0,2048.0,0.0,2048.0,128.0,128.0,56.0,48.0,0.0,0.0,8.0,0.0
0.25,56,Improved-gOMP,baseline,3296.0,512.0,2048.0,0.0,0.0,0.0,488.0,56.0,48.0,48.0,48.0,48.0,0.0
0.25,56,Improved-gOMP,optimized,4976.0,512.0,2048.0,0.0,2048.0,128.0,128.0,56.0,48.0,0.0,0.0,8.0,0.0
0.25,57,Improved-gOMP,baseline,3272.0,512.0,2048.0,0.0,0.0,0.0,464.0,56.0,48.0,48.0,48.0,48.0,0.0
0.25,57,Improved-gOMP,optimized,4976.0,512.0,2048.0,0.0,2048.0,128.0,128.0,56.0,48.0,0.0,0.0,8.0,0.0
0.25,58,Improved-gOMP,baseline,3272.0,512.0,2048.0,0.0,0.0,0.0,464.0,56.0,48.0,48.0,48.0,48.0,0.0
0.25,58,Improved-gOMP,optimized,4976.0,512.0,2048.0,0.0,2048.0,128.0,128.0,56.0,48.0,0.0,0.0,8.0,0.0
0.25,59,Improved-gOMP,baseline,3296.0,512.0,2048.0,0.0,0.0,0.0,488.0,56.0,48.0,48.0,48.0,48.0,0.0
0.25,59,Improved-gOMP,optimized,4976.0,512.0,2048.0,0.0,2048.0,128.0,128.0,56.0,48.0,0.0,0.0,8.0,0.0
0.25,60,Improved-gOMP,baseline,3272.0,512.0,2048.0,0.0,0.0,0.0,464.0,56.0,48.0,48.0,48.0,48.0,0.0
0.25,60,Improved-gOMP,optimized,4976.0,512.0,2048.0,0.0,2048.0,128.0,128.0,56.0,48.0,0.0,0.0,8.0,0.0
0.25,61,Improved-gOMP,baseline,3272.0,512.0,2048.0,0.0,0.0,0.0,464.0,56.0,48.0,48.0,48.0,48.0,0.0
0.25,61,Improved-gOMP,optimized,4976.0,512.0,2048.0,0.0,2048.0,128.0,128.0,56.0,48.0,0.0,0.0,8.0,0.0
0.25,62,Improved-gOMP,baseline,3296.0,512.0,2048.0,0.0,0.0,0.0,488.0,56.0,48.0,48.0,48.0,48.0,0.0
0.25,62,Improved-gOMP,optimized,4976.0,512.0,2048.0,0.0,2048.0,128.0,128.0,56.0,48.0,0.0,0.0,8.0,0.0
0.25,63,Improved-gOMP,baseline,3408.0,512.0,2048.0,0.0,0.0,0.0,560.0,64.0,56.0,56.0,56.0,56.0,0.0
0.25,63,Improved-gOMP,optimized,4712.0,512.0,2048.0,0.0,1800.0,120.0,120.0,56.0,48.0,0.0,0.0,8.0,0.0
0.25,64,Improved-gOMP,baseline,3272.0,512.0,2048.0,0.0,0.0,0.0,464.0,56.0,48.0,48.0,48.0,48.0,0.0
0.25,64,Improved-gOMP,optimized,4976.0,512.0,2048.0,0.0,2048.0,128.0,128.0,56.0,48.0,0.0,0.0,8.0,0.0
0.25,65,Improved-gOMP,baseline,3240.0,512.0,2048.0,0.0,0.0,0.0,432.0,56.0,48.0,48.0,48.0,48.0,0.0
0.25,65,Improved-gOMP,optimized,4712.0,512.0,2048.0,0.0,1800.0,120.0,120.0,56.0,48.0,0.0,0.0,8.0,0.0
0.25,66,Improved-gOMP,baseline,3272.0,512.0,2048.0,0.0,0.0,0.0,464.0,56.0,48.0,48.0,48.0,48.0,0.0
0.25,66,Improved-gOMP,optimized,4976.0,512.0,2048.0,0.0,2048.0,128.0,128.0,56.0,48.0,0.0,0.0,8.0,0.0
0.25,67,Improved-gOMP,baseline,3272.0,512.0,2048.0,0.0,0.0,0.0,464.0,56.0,48.0,48.0,48.0,48.0,0.0
0.25,67,Improved-gOMP,optimized,4000.0,512.0,2048.0,0.0,1152.0,96.0,96.0,48.0,40.0,0.0,0.0,8.0,0.0
0.25,68,Improved-gOMP,baseline,3272.0,512.0,2048.0,0.0,0.0,0.0,464.0,56.0,48.0,48.0,48.0,48.0,0.0
0.25,68,Improved-gOMP,optimized,4976.0,512.0,2048.0,0.0,2048.0,128.0,128.0,56.0,48.0,0.0,0.0,8.0,0.0
0.25,69,Improved-gOMP,baseline,3296.0,512.0,2048.0,0.0,0.0,0.0,488.0,56.0,48.0,48.0,48.0,48.0,0.0
0.25,69,Improved-gOMP,optimized,4976.0,512.0,2048.0,0.0,2048.0,128.0,128.0,56.0,48.0,0.0,0.0,8.0,0.0
0.25,70,Improved-gOMP,baseline,3272.0,512.0,2048.0,0.0,0.0,0.0,464.0,56.0,48.0,48.0,48.0,48.0,0.0
0.25,70,Improved-gOMP,optimized,4976.0,512.0,2048.0,0.0,2048.0,128.0,128.0,56.0,48.0,0.0,0.0,8.0,0.0
0.25,71,Improved-gOMP,baseline,3104.0,512.0,2048.0,0.0,0.0,0.0,336.0,48.0,40.0,40.0,40.0,40.0,0.0
0.25,71,Improved-gOMP,optimized,4976.0,512.0,2048.0,0.0,2048.0,128.0,128.0,56.0,48.0,0.0,0.0,8.0,0.0
0.25,72,Improved-gOMP,baseline,3272.0,512.0,2048.0,0.0,0.0,0.0,464.0,56.0,48.0,48.0,48.0,48.0,0.0
0.25,72,Improved-gOMP,optimized,4992.0,512.0,2048.0,0.0,2048.0,128.0,128.0,64.0,56.0,0.0,0.0,8.0,0.0
0.25,73,Improved-gOMP,baseline,3272.0,512.0,2048.0,0.0,0.0,0.0,464.0,56.0,48.0,48.0,48.0,48.0,0.0
0.25,73,Improved-gOMP,optimized,4712.0,512.0,2048.0,0.0,1800.0,120.0,120.0,56.0,48.0,0.0,0.0,8.0,0.0
0.25,74,Improved-gOMP,baseline,3272.0,512.0,2048.0,0.0,0.0,0.0,464.0,56.0,48.0,48.0,48.0,48.0,0.0
0.25,74,Improved-gOMP,optimized,4000.0,512.0,2048.0,0.0,1152.0,96.0,96.0,48.0,40.0,0.0,0.0,8.0,0.0
0.25,75,Improved-gOMP,baseline,3272.0,512.0,2048.0,0.0,0.0,0.0,464.0,56.0,48.0,48.0,48.0,48.0,0.0
0.25,75,Improved-gOMP,optimized,4712.0,512.0,2048.0,0.0,1800.0,120.0,120.0,56.0,48.0,0.0,0.0,8.0,0.0
0.25,76,Improved-gOMP,baseline,3296.0,512.0,2048.0,0.0,0.0,0.0,488.0,56.0,48.0,48.0,48.0,48.0,0.0
0.25,76,Improved-gOMP,optimized,4976.0,512.0,2048.0,0.0,2048.0,128.0,128.0,56.0,48.0,0.0,0.0,8.0,0.0
0.25,77,Improved-gOMP,baseline,3272.0,512.0,2048.0,0.0,0.0,0.0,464.0,56.0,48.0,48.0,48.0,48.0,0.0
0.25,77,Improved-gOMP,optimized,4216.0,512.0,2048.0,0.0,1352.0,104.0,104.0,48.0,40.0,0.0,0.0,8.0,0.0
0.25,78,Improved-gOMP,baseline,3272.0,512.0,2048.0,0.0,0.0,0.0,464.0,56.0,48.0,48.0,48.0,48.0,0.0
0.25,78,Improved-gOMP,optimized,4712.0,512.0,2048.0,0.0,1800.0,120.0,120.0,56.0,48.0,0.0,0.0,8.0,0.0
0.25,79,Improved-gOMP,baseline,3272.0,512.0,2048.0,0.0,0.0,0.0,464.0,56.0,48.0,48.0,48.0,48.0,0.0
0.25,79,Improved-gOMP,optimized,4976.0,512.0,2048.0,0.0,2048.0,128.0,128.0,56.0,48.0,0.0,0.0,8.0,0.0
0.25,80,Improved-gOMP,baseline,3296.0,512.0,2048.0,0.0,0.0,0.0,488.0,56.0,48.0,48.0,48.0,48.0,0.0
0.25,80,Improved-gOMP,optimized,4976.0,512.0,2048.0,0.0,2048.0,128.0,128.0,56.0,48.0,0.0,0.0,8.0,0.0
0.25,81,Improved-gOMP,baseline,3408.0,512.0,2048.0,0.0,0.0,0.0,560.0,64.0,56.0,56.0,56.0,56.0,0.0
0.25,81,Improved-gOMP,optimized,4992.0,512.0,2048.0,0.0,2048.0,128.0,128.0,64.0,56.0,0.0,0.0,8.0,0.0
0.25,82,Improved-gOMP,baseline,3296.0,512.0,2048.0,0.0,0.0,0.0,488.0,56.0,48.0,48.0,48.0,48.0,0.0
0.25,82,Improved-gOMP,optimized,4696.0,512.0,2048.0,0.0,1800.0,120.0,120.0,48.0,40.0,0.0,0.0,8.0,0.0
0.25,83,Improved-gOMP,baseline,3296.0,512.0,2048.0,0.0,0.0,0.0,488.0,56.0,48.0,48.0,48.0,48.0,0.0
0.25,83,Improved-gOMP,optimized,4976.0,512.0,2048.0,0.0,2048.0,128.0,128.0,56.0,48.0,0.0,0.0,8.0,0.0
0.25,84,Improved-gOMP,baseline,3272.0,512.0,2048.0,0.0,0.0,0.0,464.0,56.0,48.0,48.0,48.0,48.0,0.0
0.25,84,Improved-gOMP,optimized,4976.0,512.0,2048.0,0.0,2048.0,128.0,128.0,56.0,48.0,0.0,0.0,8.0,0.0
0.25,85,Improved-gOMP,baseline,3272.0,512.0,2048.0,0.0,0.0,0.0,464.0,56.0,48.0,48.0,48.0,48.0,0.0
0.25,85,Improved-gOMP,optimized,4712.0,512.0,2048.0,0.0,1800.0,120.0,120.0,56.0,48.0,0.0,0.0,8.0,0.0
0.25,86,Improved-gOMP,baseline,3272.0,512.0,2048.0,0.0,0.0,0.0,464.0,56.0,48.0,48.0,48.0,48.0,0.0
0.25,86,Improved-gOMP,optimized,4976.0,512.0,2048.0,0.0,2048.0,128.0,128.0,56.0,48.0,0.0,0.0,8.0,0.0
0.25,87,Improved-gOMP,baseline,3272.0,512.0,2048.0,0.0,0.0,0.0,464.0,56.0,48.0,48.0,48.0,48.0,0.0
0.25,87,Improved-gOMP,optimized,4976.0,512.0,2048.0,0.0,2048.0,128.0,128.0,56.0,48.0,0.0,0.0,8.0,0.0
0.25,88,Improved-gOMP,baseline,3272.0,512.0,2048.0,0.0,0.0,0.0,464.0,56.0,48.0,48.0,48.0,48.0,0.0
0.25,88,Improved-gOMP,optimized,4976.0,512.0,2048.0,0.0,2048.0,128.0,128.0,56.0,48.0,0.0,0.0,8.0,0.0
0.25,89,Improved-gOMP,baseline,3272.0,512.0,2048.0,0.0,0.0,0.0,464.0,56.0,48.0,48.0,48.0,48.0,0.0
0.25,89,Improved-gOMP,optimized,4976.0,512.0,2048.0,0.0,2048.0,128.0,128.0,56.0,48.0,0.0,0.0,8.0,0.0
0.25,90,Improved-gOMP,baseline,3272.0,512.0,2048.0,0.0,0.0,0.0,464.0,56.0,48.0,48.0,48.0,48.0,0.0
0.25,90,Improved-gOMP,optimized,4976.0,512.0,2048.0,0.0,2048.0,128.0,128.0,56.0,48.0,0.0,0.0,8.0,0.0
0.25,91,Improved-gOMP,baseline,3296.0,512.0,2048.0,0.0,0.0,0.0,488.0,56.0,48.0,48.0,48.0,48.0,0.0
0.25,91,Improved-gOMP,optimized,4960.0,512.0,2048.0,0.0,2048.0,128.0,128.0,48.0,40.0,0.0,0.0,8.0,0.0
0.25,92,Improved-gOMP,baseline,3272.0,512.0,2048.0,0.0,0.0,0.0,464.0,56.0,48.0,48.0,48.0,48.0,0.0
0.25,92,Improved-gOMP,optimized,4976.0,512.0,2048.0,0.0,2048.0,128.0,128.0,56.0,48.0,0.0,0.0,8.0,0.0
0.25,93,Improved-gOMP,baseline,3272.0,512.0,2048.0,0.0,0.0,0.0,464.0,56.0,48.0,48.0,48.0,48.0,0.0
0.25,93,Improved-gOMP,optimized,4976.0,512.0,2048.0,0.0,2048.0,128.0,128.0,56.0,48.0,0.0,0.0,8.0,0.0
0.25,94,Improved-gOMP,baseline,3104.0,512.0,2048.0,0.0,0.0,0.0,336.0,48.0,40.0,40.0,40.0,40.0,0.0
0.25,94,Improved-gOMP,optimized,4216.0,512.0,2048.0,0.0,1352.0,104.0,104.0,48.0,40.0,0.0,0.0,8.0,0.0
0.25,95,Improved-gOMP,baseline,3296.0,512.0,2048.0,0.0,0.0,0.0,488.0,56.0,48.0,48.0,48.0,48.0,0.0
0.25,95,Improved-gOMP,optimized,4976.0,512.0,2048.0,0.0,2048.0,128.0,128.0,56.0,48.0,0.0,0.0,8.0,0.0
0.25,96,Improved-gOMP,baseline,3272.0,512.0,2048.0,0.0,0.0,0.0,464.0,56.0,48.0,48.0,48.0,48.0,0.0
0.25,96,Improved-gOMP,optimized,4216.0,512.0,2048.0,0.0,1352.0,104.0,104.0,48.0,40.0,0.0,0.0,8.0,0.0
0.25,97,Improved-gOMP,baseline,3296.0,512.0,2048.0,0.0,0.0,0.0,488.0,56.0,48.0,48.0,48.0,48.0,0.0
0.25,97,Improved-gOMP,optimized,4976.0,512.0,2048.0,0.0,2048.0,128.0,128.0,56.0,48.0,0.0,0.0,8.0,0.0
0.25,98,Improved-gOMP,baseline,3296.0,512.0,2048.0,0.0,0.0,0.0,488.0,56.0,48.0,48.0,48.0,48.0,0.0
0.25,98,Improved-gOMP,optimized,4712.0,512.0,2048.0,0.0,1800.0,120.0,120.0,56.0,48.0,0.0,0.0,8.0,0.0
0.25,99,Improved-gOMP,baseline,3272.0,512.0,2048.0,0.0,0.0,0.0,464.0,56.0,48.0,48.0,48.0,48.0,0.0
0.25,99,Improved-gOMP,optimized,4976.0,512.0,2048.0,0.0,2048.0,128.0,128.0,56.0,48.0,0.0,0.0,8.0,0.0
0.25,100,Improved-gOMP,baseline,3272.0,512.0,2048.0,0.0,0.0,0.0,464.0,56.0,48.0,48.0,48.0,48.0,0.0
0.25,100,Improved-gOMP,optimized,4712.0,512.0,2048.0,0.0,1800.0,120.0,120.0,56.0,48.0,0.0,0.0,8.0,0.0
0.25,101,Improved-gOMP,baseline,3272.0,512.0,2048.0,0.0,0.0,0.0,464.0,56.0,48.0,48.0,48.0,48.0,0.0
0.25,101,Improved-gOMP,optimized,4976.0,512.0,2048.0,0.0,2048.0,128.0,128.0,56.0,48.0,0.0,0.0,8.0,0.0
0.25,102,Improved-gOMP,baseline,3272.0,512.0,2048.0,0.0,0.0,0.0,464.0,56.0,48.0,48.0,48.0,48.0,0.0
0.25,102,Improved-gOMP,optimized,4992.0,512.0,2048.0,0.0,2048.0,128.0,128.0,64.0,56.0,0.0,0.0,8.0,0.0
0.25,103,Improved-gOMP,baseline,3296.0,512.0,2048.0,0.0,0.0,0.0,488.0,56.0,48.0,48.0,48.0,48.0,0.0
0.25,103,Improved-gOMP,optimized,4976.0,512.0,2048.0,0.0,2048.0,128.0,128.0,56.0,48.0,0.0,0.0,8.0,0.0
0.25,104,Improved-gOMP,baseline,3080.0,512.0,2048.0,0.0,0.0,0.0,312.0,48.0,40.0,40.0,40.0,40.0,0.0
0.25,104,Improved-gOMP,optimized,4000.0,512.0,2048.0,0.0,1152.0,96.0,96.0,48.0,40.0,0.0,0.0,8.0,0.0
0.25,105,Improved-gOMP,baseline,3272.0,512.0,2048.0,0.0,0.0,0.0,464.0,56.0,48.0,48.0,48.0,48.0,0.0
0.25,105,Improved-gOMP,optimized,4976.0,512.0,2048.0,0.0,2048.0,128.0,128.0,56.0,48.0,0.0,0.0,8.0,0.0
0.25,106,Improved-gOMP,baseline,3296.0,512.0,2048.0,0.0,0.0,0.0,488.0,56.0,48.0,48.0,48.0,48.0,0.0
0.25,106,Improved-gOMP,optimized,4976.0,512.0,2048.0,0.0,2048.0,128.0,128.0,56.0,48.0,0.0,0.0,8.0,0.0
0.25,107,Improved-gOMP,baseline,3296.0,512.0,2048.0,0.0,0.0,0.0,488.0,56.0,48.0,48.0,48.0,48.0,0.0
0.25,107,Improved-gOMP,optimized,4976.0,512.0,2048.0,0.0,2048.0,128.0,128.0,56.0,48.0,0.0,0.0,8.0,0.0
0.25,108,Improved-gOMP,baseline,3272.0,512.0,2048.0,0.0,0.0,0.0,464.0,56.0,48.0,48.0,48.0,48.0,0.0
0.25,108,Improved-gOMP,optimized,4976.0,512.0,2048.0,0.0,2048.0,128.0,128.0,56.0,48.0,0.0,0.0,8.0,0.0
0.25,109,Improved-gOMP,baseline,3272.0,512.0,2048.0,0.0,0.0,0.0,464.0,56.0,48.0,48.0,48.0,48.0,0.0
0.25,109,Improved-gOMP,optimized,4976.0,512.0,2048.0,0.0,2048.0,128.0,128.0,56.0,48.0,0.0,0.0,8.0,0.0
0.25,110,Improved-gOMP,baseline,3272.0,512.0,2048.0,0.0,0.0,0.0,464.0,56.0,48.0,48.0,48.0,48.0,0.0
0.25,110,Improved-gOMP,optimized,4976.0,512.0,2048.0,0.0,2048.0,128.0,128.0,56.0,48.0,0.0,0.0,8.0,0.0
0.25,111,Improved-gOMP,baseline,3272.0,512.0,2048.0,0.0,0.0,0.0,464.0,56.0,48.0,48.0,48.0,48.0,0.0
0.25,111,Improved-gOMP,optimized,4712.0,512.0,2048.0,0.0,1800.0,120.0,120.0,56.0,48.0,0.0,0.0,8.0,0.0
0.25,112,Improved-gOMP,baseline,3272.0,512.0,2048.0,0.0,0.0,0.0,464.0,56.0,48.0,48.0,48.0,48.0,0.0
0.25,112,Improved-gOMP,optimized,4216.0,512.0,2048.0,0.0,1352.0,104.0,104.0,48.0,40.0,0.0,0.0,8.0,0.0
0.25,113,Improved-gOMP,baseline,3296.0,512.0,2048.0,0.0,0.0,0.0,488.0,56.0,48.0,48.0,48.0,48.0,0.0
0.25,113,Improved-gOMP,optimized,4976.0,512.0,2048.0,0.0,2048.0,128.0,128.0,56.0,48.0,0.0,0.0,8.0,0.0
0.25,114,Improved-gOMP,baseline,3296.0,512.0,2048.0,0.0,0.0,0.0,488.0,56.0,48.0,48.0,48.0,48.0,0.0
0.25,114,Improved-gOMP,optimized,4976.0,512.0,2048.0,0.0,2048.0,128.0,128.0,56.0,48.0,0.0,0.0,8.0,0.0
0.25,115,Improved-gOMP,baseline,3296.0,512.0,2048.0,0.0,0.0,0.0,488.0,56.0,48.0,48.0,48.0,48.0,0.0
0.25,115,Improved-gOMP,optimized,4976.0,512.0,2048.0,0.0,2048.0,128.0,128.0,56.0,48.0,0.0,0.0,8.0,0.0
0.25,116,Improved-gOMP,baseline,3272.0,512.0,2048.0,0.0,0.0,0.0,464.0,56.0,48.0,48.0,48.0,48.0,0.0
0.25,116,Improved-gOMP,optimized,4976.0,512.0,2048.0,0.0,2048.0,128.0,128.0,56.0,48.0,0.0,0.0,8.0,0.0
0.25,117,Improved-gOMP,baseline,3296.0,512.0,2048.0,0.0,0.0,0.0,488.0,56.0,48.0,48.0,48.0,48.0,0.0
0.25,117,Improved-gOMP,optimized,4976.0,512.0,2048.0,0.0,2048.0,128.0,128.0,56.0,48.0,0.0,0.0,8.0,0.0
0.25,118,Improved-gOMP,baseline,3240.0,512.0,2048.0,0.0,0.0,0.0,432.0,56.0,48.0,48.0,48.0,48.0,0.0
0.25,118,Improved-gOMP,optimized,4712.0,512.0,2048.0,0.0,1800.0,120.0,120.0,56.0,48.0,0.0,0.0,8.0,0.0
0.25,119,Improved-gOMP,baseline,3104.0,512.0,2048.0,0.0,0.0,0.0,336.0,48.0,40.0,40.0,40.0,40.0,0.0
0.25,119,Improved-gOMP,optimized,4976.0,512.0,2048.0,0.0,2048.0,128.0,128.0,56.0,48.0,0.0,0.0,8.0,0.0
0.25,120,Improved-gOMP,baseline,3272.0,512.0,2048.0,0.0,0.0,0.0,464.0,56.0,48.0,48.0,48.0,48.0,0.0
0.25,120,Improved-gOMP,optimized,4976.0,512.0,2048.0,0.0,2048.0,128.0,128.0,56.0,48.0,0.0,0.0,8.0,0.0
0.25,121,Improved-gOMP,baseline,3296.0,512.0,2048.0,0.0,0.0,0.0,488.0,56.0,48.0,48.0,48.0,48.0,0.0
0.25,121,Improved-gOMP,optimized,4976.0,512.0,2048.0,0.0,2048.0,128.0,128.0,56.0,48.0,0.0,0.0,8.0,0.0
0.25,122,Improved-gOMP,baseline,3272.0,512.0,2048.0,0.0,0.0,0.0,464.0,56.0,48.0,48.0,48.0,48.0,0.0
0.25,122,Improved-gOMP,optimized,4712.0,512.0,2048.0,0.0,1800.0,120.0,120.0,56.0,48.0,0.0,0.0,8.0,0.0
0.25,123,Improved-gOMP,baseline,3272.0,512.0,2048.0,0.0,0.0,0.0,464.0,56.0,48.0,48.0,48.0,48.0,0.0
0.25,123,Improved-gOMP,optimized,4976.0,512.0,2048.0,0.0,2048.0,128.0,128.0,56.0,48.0,0.0,0.0,8.0,0.0
0.25,124,Improved-gOMP,baseline,3296.0,512.0,2048.0,0.0,0.0,0.0,488.0,56.0,48.0,48.0,48.0,48.0,0.0
0.25,124,Improved-gOMP,optimized,4976.0,512.0,2048.0,0.0,2048.0,128.0,128.0,56.0,48.0,0.0,0.0,8.0,0.0
0.25,125,Improved-gOMP,baseline,3272.0,512.0,2048.0,0.0,0.0,0.0,464.0,56.0,48.0,48.0,48.0,48.0,0.0
0.25,125,Improved-gOMP,optimized,4712.0,512.0,2048.0,0.0,1800.0,120.0,120.0,56.0,48.0,0.0,0.0,8.0,0.0
0.25,126,Improved-gOMP,baseline,3296.0,512.0,2048.0,0.0,0.0,0.0,488.0,56.0,48.0,48.0,48.0,48.0,0.0
0.25,126,Improved-gOMP,optimized,4960.0,512.0,2048.0,0.0,2048.0,128.0,128.0,48.0,40.0,0.0,0.0,8.0,0.0
0.25,127,Improved-gOMP,baseline,3296.0,512.0,2048.0,0.0,0.0,0.0,488.0,56.0,48.0,48.0,48.0,48.0,0.0
0.25,127,Improved-gOMP,optimized,4976.0,512.0,2048.0,0.0,2048.0,128.0,128.0,56.0,48.0,0.0,0.0,8.0,0.0
0.25,128,Improved-gOMP,baseline,3296.0,512.0,2048.0,0.0,0.0,0.0,488.0,56.0,48.0,48.0,48.0,48.0,0.0
0.25,128,Improved-gOMP,optimized,4976.0,512.0,2048.0,0.0,2048.0,128.0,128.0,56.0,48.0,0.0,0.0,8.0,0.0
0.25,129,Improved-gOMP,baseline,3272.0,512.0,2048.0,0.0,0.0,0.0,464.0,56.0,48.0,48.0,48.0,48.0,0.0
0.25,129,Improved-gOMP,optimized,4976.0,512.0,2048.0,0.0,2048.0,128.0,128.0,56.0,48.0,0.0,0.0,8.0,0.0
0.25,130,Improved-gOMP,baseline,3272.0,512.0,2048.0,0.0,0.0,0.0,464.0,56.0,48.0,48.0,48.0,48.0,0.0
0.25,130,Improved-gOMP,optimized,4712.0,512.0,2048.0,0.0,1800.0,120.0,120.0,56.0,48.0,0.0,0.0,8.0,0.0
0.25,131,Improved-gOMP,baseline,3296.0,512.0,2048.0,0.0,0.0,0.0,488.0,56.0,48.0,48.0,48.0,48.0,0.0
0.25,131,Improved-gOMP,optimized,4960.0,512.0,2048.0,0.0,2048.0,128.0,128.0,48.0,40.0,0.0,0.0,8.0,0.0
0.25,132,Improved-gOMP,baseline,3272.0,512.0,2048.0,0.0,0.0,0.0,464.0,56.0,48.0,48.0,48.0,48.0,0.0
0.25,132,Improved-gOMP,optimized,4976.0,512.0,2048.0,0.0,2048.0,128.0,128.0,56.0,48.0,0.0,0.0,8.0,0.0
0.25,133,Improved-gOMP,baseline,3272.0,512.0,2048.0,0.0,0.0,0.0,464.0,56.0,48.0,48.0,48.0,48.0,0.0
0.25,133,Improved-gOMP,optimized,4976.0,512.0,2048.0,0.0,2048.0,128.0,128.0,56.0,48.0,0.0,0.0,8.0,0.0
0.25,134,Improved-gOMP,baseline,3296.0,512.0,2048.0,0.0,0.0,0.0,488.0,56.0,48.0,48.0,48.0,48.0,0.0
0.25,134,Improved-gOMP,optimized,4976.0,512.0,2048.0,0.0,2048.0,128.0,128.0,56.0,48.0,0.0,0.0,8.0,0.0
0.25,135,Improved-gOMP,baseline,3272.0,512.0,2048.0,0.0,0.0,0.0,464.0,56.0,48.0,48.0,48.0,48.0,0.0
0.25,135,Improved-gOMP,optimized,4216.0,512.0,2048.0,0.0,1352.0,104.0,104.0,48.0,40.0,0.0,0.0,8.0,0.0
0.25,136,Improved-gOMP,baseline,3104.0,512.0,2048.0,0.0,0.0,0.0,336.0,48.0,40.0,40.0,40.0,40.0,0.0
0.25,136,Improved-gOMP,optimized,4976.0,512.0,2048.0,0.0,2048.0,128.0,128.0,56.0,48.0,0.0,0.0,8.0,0.0
0.25,137,Improved-gOMP,baseline,3408.0,512.0,2048.0,0.0,0.0,0.0,560.0,64.0,56.0,56.0,56.0,56.0,0.0
0.25,137,Improved-gOMP,optimized,4712.0,512.0,2048.0,0.0,1800.0,120.0,120.0,56.0,48.0,0.0,0.0,8.0,0.0
0.25,138,Improved-gOMP,baseline,3408.0,512.0,2048.0,0.0,0.0,0.0,560.0,64.0,56.0,56.0,56.0,56.0,0.0
0.25,138,Improved-gOMP,optimized,4992.0,512.0,2048.0,0.0,2048.0,128.0,128.0,64.0,56.0,0.0,0.0,8.0,0.0
0.25,139,Improved-gOMP,baseline,3272.0,512.0,2048.0,0.0,0.0,0.0,464.0,56.0,48.0,48.0,48.0,48.0,0.0
0.25,139,Improved-gOMP,optimized,4976.0,512.0,2048.0,0.0,2048.0,128.0,128.0,56.0,48.0,0.0,0.0,8.0,0.0
0.25,140,Improved-gOMP,baseline,3296.0,512.0,2048.0,0.0,0.0,0.0,488.0,56.0,48.0,48.0,48.0,48.0,0.0
0.25,140,Improved-gOMP,optimized,4976.0,512.0,2048.0,0.0,2048.0,128.0,128.0,56.0,48.0,0.0,0.0,8.0,0.0
0.25,141,Improved-gOMP,baseline,3272.0,512.0,2048.0,0.0,0.0,0.0,464.0,56.0,48.0,48.0,48.0,48.0,0.0
0.25,141,Improved-gOMP,optimized,4712.0,512.0,2048.0,0.0,1800.0,120.0,120.0,56.0,48.0,0.0,0.0,8.0,0.0
0.25,142,Improved-gOMP,baseline,3296.0,512.0,2048.0,0.0,0.0,0.0,488.0,56.0,48.0,48.0,48.0,48.0,0.0
0.25,142,Improved-gOMP,optimized,4216.0,512.0,2048.0,0.0,1352.0,104.0,104.0,48.0,40.0,0.0,0.0,8.0,0.0
0.25,143,Improved-gOMP,baseline,3272.0,512.0,2048.0,0.0,0.0,0.0,464.0,56.0,48.0,48.0,48.0,48.0,0.0
0.25,143,Improved-gOMP,optimized,4976.0,512.0,2048.0,0.0,2048.0,128.0,128.0,56.0,48.0,0.0,0.0,8.0,0.0
0.25,144,Improved-gOMP,baseline,3240.0,512.0,2048.0,0.0,0.0,0.0,432.0,56.0,48.0,48.0,48.0,48.0,0.0
0.25,144,Improved-gOMP,optimized,4000.0,512.0,2048.0,0.0,1152.0,96.0,96.0,48.0,40.0,0.0,0.0,8.0,0.0
0.25,145,Improved-gOMP,baseline,3272.0,512.0,2048.0,0.0,0.0,0.0,464.0,56.0,48.0,48.0,48.0,48.0,0.0
0.25,145,Improved-gOMP,optimized,4976.0,512.0,2048.0,0.0,2048.0,128.0,128.0,56.0,48.0,0.0,0.0,8.0,0.0
0.25,146,Improved-gOMP,baseline,3272.0,512.0,2048.0,0.0,0.0,0.0,464.0,56.0,48.0,48.0,48.0,48.0,0.0
0.25,146,Improved-gOMP,optimized,3784.0,512.0,2048.0,0.0,968.0,88.0,88.0,40.0,32.0,0.0,0.0,8.0,0.0
0.25,147,Improved-gOMP,baseline,3104.0,512.0,2048.0,0.0,0.0,0.0,336.0,48.0,40.0,40.0,40.0,40.0,0.0
0.25,147,Improved-gOMP,optimized,4216.0,512.0,2048.0,0.0,1352.0,104.0,104.0,48.0,40.0,0.0,0.0,8.0,0.0
0.25,148,Improved-gOMP,baseline,3296.0,512.0,2048.0,0.0,0.0,0.0,488.0,56.0,48.0,48.0,48.0,48.0,0.0
0.25,148,Improved-gOMP,optimized,4696.0,512.0,2048.0,0.0,1800.0,120.0,120.0,48.0,40.0,0.0,0.0,8.0,0.0
0.25,149,Improved-gOMP,baseline,3272.0,512.0,2048.0,0.0,0.0,0.0,464.0,56.0,48.0,48.0,48.0,48.0,0.0
0.25,149,Improved-gOMP,optimized,4976.0,512.0,2048.0,0.0,2048.0,128.0,128.0,56.0,48.0,0.0,0.0,8.0,0.0
0.25,150,Improved-gOMP,baseline,3272.0,512.0,2048.0,0.0,0.0,0.0,464.0,56.0,48.0,48.0,48.0,48.0,0.0
0.25,150,Improved-gOMP,optimized,4976.0,512.0,2048.0,0.0,2048.0,128.0,128.0,56.0,48.0,0.0,0.0,8.0,0.0
0.25,151,Improved-gOMP,baseline,3272.0,512.0,2048.0,0.0,0.0,0.0,464.0,56.0,48.0,48.0,48.0,48.0,0.0
0.25,151,Improved-gOMP,optimized,4976.0,512.0,2048.0,0.0,2048.0,128.0,128.0,56.0,48.0,0.0,0.0,8.0,0.0
0.25,152,Improved-gOMP,baseline,3272.0,512.0,2048.0,0.0,0.0,0.0,464.0,56.0,48.0,48.0,48.0,48.0,0.0
0.25,152,Improved-gOMP,optimized,4712.0,512.0,2048.0,0.0,1800.0,120.0,120.0,56.0,48.0,0.0,0.0,8.0,0.0
0.25,153,Improved-gOMP,baseline,3296.0,512.0,2048.0,0.0,0.0,0.0,488.0,56.0,48.0,48.0,48.0,48.0,0.0
0.25,153,Improved-gOMP,optimized,4976.0,512.0,2048.0,0.0,2048.0,128.0,128.0,56.0,48.0,0.0,0.0,8.0,0.0
0.25,154,Improved-gOMP,baseline,3240.0,512.0,2048.0,0.0,0.0,0.0,432.0,56.0,48.0,48.0,48.0,48.0,0.0
0.25,154,Improved-gOMP,optimized,4712.0,512.0,2048.0,0.0,1800.0,120.0,120.0,56.0,48.0,0.0,0.0,8.0,0.0
0.25,155,Improved-gOMP,baseline,3296.0,512.0,2048.0,0.0,0.0,0.0,488.0,56.0,48.0,48.0,48.0,48.0,0.0
0.25,155,Improved-gOMP,optimized,4976.0,512.0,2048.0,0.0,2048.0,128.0,128.0,56.0,48.0,0.0,0.0,8.0,0.0
0.25,156,Improved-gOMP,baseline,3296.0,512.0,2048.0,0.0,0.0,0.0,488.0,56.0,48.0,48.0,48.0,48.0,0.0
0.25,156,Improved-gOMP,optimized,4976.0,512.0,2048.0,0.0,2048.0,128.0,128.0,56.0,48.0,0.0,0.0,8.0,0.0
0.25,157,Improved-gOMP,baseline,3104.0,512.0,2048.0,0.0,0.0,0.0,336.0,48.0,40.0,40.0,40.0,40.0,0.0
0.25,157,Improved-gOMP,optimized,4216.0,512.0,2048.0,0.0,1352.0,104.0,104.0,48.0,40.0,0.0,0.0,8.0,0.0
0.25,158,Improved-gOMP,baseline,3296.0,512.0,2048.0,0.0,0.0,0.0,488.0,56.0,48.0,48.0,48.0,48.0,0.0
0.25,158,Improved-gOMP,optimized,4976.0,512.0,2048.0,0.0,2048.0,128.0,128.0,56.0,48.0,0.0,0.0,8.0,0.0
0.25,159,Improved-gOMP,baseline,3296.0,512.0,2048.0,0.0,0.0,0.0,488.0,56.0,48.0,48.0,48.0,48.0,0.0
0.25,159,Improved-gOMP,optimized,4976.0,512.0,2048.0,0.0,2048.0,128.0,128.0,56.0,48.0,0.0,0.0,8.0,0.0
0.25,160,Improved-gOMP,baseline,3296.0,512.0,2048.0,0.0,0.0,0.0,488.0,56.0,48.0,48.0,48.0,48.0,0.0
0.25,160,Improved-gOMP,optimized,4976.0,512.0,2048.0,0.0,2048.0,128.0,128.0,56.0,48.0,0.0,0.0,8.0,0.0
0.25,161,Improved-gOMP,baseline,3408.0,512.0,2048.0,0.0,0.0,0.0,560.0,64.0,56.0,56.0,56.0,56.0,0.0
0.25,161,Improved-gOMP,optimized,4712.0,512.0,2048.0,0.0,1800.0,120.0,120.0,56.0,48.0,0.0,0.0,8.0,0.0
0.25,162,Improved-gOMP,baseline,3296.0,512.0,2048.0,0.0,0.0,0.0,488.0,56.0,48.0,48.0,48.0,48.0,0.0
0.25,162,Improved-gOMP,optimized,4976.0,512.0,2048.0,0.0,2048.0,128.0,128.0,56.0,48.0,0.0,0.0,8.0,0.0
0.25,163,Improved-gOMP,baseline,3240.0,512.0,2048.0,0.0,0.0,0.0,432.0,56.0,48.0,48.0,48.0,48.0,0.0
0.25,163,Improved-gOMP,optimized,4712.0,512.0,2048.0,0.0,1800.0,120.0,120.0,56.0,48.0,0.0,0.0,8.0,0.0
0.25,164,Improved-gOMP,baseline,3272.0,512.0,2048.0,0.0,0.0,0.0,464.0,56.0,48.0,48.0,48.0,48.0,0.0
0.25,164,Improved-gOMP,optimized,4976.0,512.0,2048.0,0.0,2048.0,128.0,128.0,56.0,48.0,0.0,0.0,8.0,0.0
0.25,165,Improved-gOMP,baseline,3296.0,512.0,2048.0,0.0,0.0,0.0,488.0,56.0,48.0,48.0,48.0,48.0,0.0
0.25,165,Improved-gOMP,optimized,4216.0,512.0,2048.0,0.0,1352.0,104.0,104.0,48.0,40.0,0.0,0.0,8.0,0.0
0.25,166,Improved-gOMP,baseline,3272.0,512.0,2048.0,0.0,0.0,0.0,464.0,56.0,48.0,48.0,48.0,48.0,0.0
0.25,166,Improved-gOMP,optimized,4976.0,512.0,2048.0,0.0,2048.0,128.0,128.0,56.0,48.0,0.0,0.0,8.0,0.0
0.25,167,Improved-gOMP,baseline,3296.0,512.0,2048.0,0.0,0.0,0.0,488.0,56.0,48.0,48.0,48.0,48.0,0.0
0.25,167,Improved-gOMP,optimized,4976.0,512.0,2048.0,0.0,2048.0,128.0,128.0,56.0,48.0,0.0,0.0,8.0,0.0
0.25,168,Improved-gOMP,baseline,3272.0,512.0,2048.0,0.0,0.0,0.0,464.0,56.0,48.0,48.0,48.0,48.0,0.0
0.25,168,Improved-gOMP,optimized,4976.0,512.0,2048.0,0.0,2048.0,128.0,128.0,56.0,48.0,0.0,0.0,8.0,0.0
0.25,169,Improved-gOMP,baseline,3272.0,512.0,2048.0,0.0,0.0,0.0,464.0,56.0,48.0,48.0,48.0,48.0,0.0
0.25,169,Improved-gOMP,optimized,4976.0,512.0,2048.0,0.0,2048.0,128.0,128.0,56.0,48.0,0.0,0.0,8.0,0.0
0.25,170,Improved-gOMP,baseline,3272.0,512.0,2048.0,0.0,0.0,0.0,464.0,56.0,48.0,48.0,48.0,48.0,0.0
0.25,170,Improved-gOMP,optimized,4712.0,512.0,2048.0,0.0,1800.0,120.0,120.0,56.0,48.0,0.0,0.0,8.0,0.0
0.25,171,Improved-gOMP,baseline,3296.0,512.0,2048.0,0.0,0.0,0.0,488.0,56.0,48.0,48.0,48.0,48.0,0.0
0.25,171,Improved-gOMP,optimized,4976.0,512.0,2048.0,0.0,2048.0,128.0,128.0,56.0,48.0,0.0,0.0,8.0,0.0
0.25,172,Improved-gOMP,baseline,3272.0,512.0,2048.0,0.0,0.0,0.0,464.0,56.0,48.0,48.0,48.0,48.0,0.0
0.25,172,Improved-gOMP,optimized,4976.0,512.0,2048.0,0.0,2048.0,128.0,128.0,56.0,48.0,0.0,0.0,8.0,0.0
0.25,173,Improved-gOMP,baseline,3272.0,512.0,2048.0,0.0,0.0,0.0,464.0,56.0,48.0,48.0,48.0,48.0,0.0
0.25,173,Improved-gOMP,optimized,4976.0,512.0,2048.0,0.0,2048.0,128.0,128.0,56.0,48.0,0.0,0.0,8.0,0.0
0.25,174,Improved-gOMP,baseline,3296.0,512.0,2048.0,0.0,0.0,0.0,488.0,56.0,48.0,48.0,48.0,48.0,0.0
0.25,174,Improved-gOMP,optimized,4976.0,512.0,2048.0,0.0,2048.0,128.0,128.0,56.0,48.0,0.0,0.0,8.0,0.0
0.25,175,Improved-gOMP,baseline,3296.0,512.0,2048.0,0.0,0.0,0.0,488.0,56.0,48.0,48.0,48.0,48.0,0.0
0.25,175,Improved-gOMP,optimized,4976.0,512.0,2048.0,0.0,2048.0,128.0,128.0,56.0,48.0,0.0,0.0,8.0,0.0
0.25,176,Improved-gOMP,baseline,3080.0,512.0,2048.0,0.0,0.0,0.0,312.0,48.0,40.0,40.0,40.0,40.0,0.0
0.25,176,Improved-gOMP,optimized,4000.0,512.0,2048.0,0.0,1152.0,96.0,96.0,48.0,40.0,0.0,0.0,8.0,0.0
0.25,177,Improved-gOMP,baseline,3408.0,512.0,2048.0,0.0,0.0,0.0,560.0,64.0,56.0,56.0,56.0,56.0,0.0
0.25,177,Improved-gOMP,optimized,4712.0,512.0,2048.0,0.0,1800.0,120.0,120.0,56.0,48.0,0.0,0.0,8.0,0.0
0.25,178,Improved-gOMP,baseline,3296.0,512.0,2048.0,0.0,0.0,0.0,488.0,56.0,48.0,48.0,48.0,48.0,0.0
0.25,178,Improved-gOMP,optimized,4976.0,512.0,2048.0,0.0,2048.0,128.0,128.0,56.0,48.0,0.0,0.0,8.0,0.0
0.25,179,Improved-gOMP,baseline,3296.0,512.0,2048.0,0.0,0.0,0.0,488.0,56.0,48.0,48.0,48.0,48.0,0.0
0.25,179,Improved-gOMP,optimized,4976.0,512.0,2048.0,0.0,2048.0,128.0,128.0,56.0,48.0,0.0,0.0,8.0,0.0
0.25,180,Improved-gOMP,baseline,3272.0,512.0,2048.0,0.0,0.0,0.0,464.0,56.0,48.0,48.0,48.0,48.0,0.0
0.25,180,Improved-gOMP,optimized,4976.0,512.0,2048.0,0.0,2048.0,128.0,128.0,56.0,48.0,0.0,0.0,8.0,0.0
0.25,181,Improved-gOMP,baseline,3272.0,512.0,2048.0,0.0,0.0,0.0,464.0,56.0,48.0,48.0,48.0,48.0,0.0
0.25,181,Improved-gOMP,optimized,4216.0,512.0,2048.0,0.0,1352.0,104.0,104.0,48.0,40.0,0.0,0.0,8.0,0.0
0.25,182,Improved-gOMP,baseline,3272.0,512.0,2048.0,0.0,0.0,0.0,464.0,56.0,48.0,48.0,48.0,48.0,0.0
0.25,182,Improved-gOMP,optimized,4976.0,512.0,2048.0,0.0,2048.0,128.0,128.0,56.0,48.0,0.0,0.0,8.0,0.0
0.25,183,Improved-gOMP,baseline,3296.0,512.0,2048.0,0.0,0.0,0.0,488.0,56.0,48.0,48.0,48.0,48.0,0.0
0.25,183,Improved-gOMP,optimized,4976.0,512.0,2048.0,0.0,2048.0,128.0,128.0,56.0,48.0,0.0,0.0,8.0,0.0
0.25,184,Improved-gOMP,baseline,3288.0,512.0,2048.0,0.0,0.0,0.0,480.0,56.0,48.0,48.0,48.0,48.0,0.0
0.25,184,Improved-gOMP,optimized,4696.0,512.0,2048.0,0.0,1800.0,120.0,120.0,48.0,40.0,0.0,0.0,8.0,0.0
0.25,185,Improved-gOMP,baseline,3296.0,512.0,2048.0,0.0,0.0,0.0,488.0,56.0,48.0,48.0,48.0,48.0,0.0
0.25,185,Improved-gOMP,optimized,4976.0,512.0,2048.0,0.0,2048.0,128.0,128.0,56.0,48.0,0.0,0.0,8.0,0.0
0.25,186,Improved-gOMP,baseline,3296.0,512.0,2048.0,0.0,0.0,0.0,488.0,56.0,48.0,48.0,48.0,48.0,0.0
0.25,186,Improved-gOMP,optimized,4976.0,512.0,2048.0,0.0,2048.0,128.0,128.0,56.0,48.0,0.0,0.0,8.0,0.0
0.25,187,Improved-gOMP,baseline,3296.0,512.0,2048.0,0.0,0.0,0.0,488.0,56.0,48.0,48.0,48.0,48.0,0.0
0.25,187,Improved-gOMP,optimized,4976.0,512.0,2048.0,0.0,2048.0,128.0,128.0,56.0,48.0,0.0,0.0,8.0,0.0
0.25,188,Improved-gOMP,baseline,3272.0,512.0,2048.0,0.0,0.0,0.0,464.0,56.0,48.0,48.0,48.0,48.0,0.0
0.25,188,Improved-gOMP,optimized,4976.0,512.0,2048.0,0.0,2048.0,128.0,128.0,56.0,48.0,0.0,0.0,8.0,0.0
0.25,189,Improved-gOMP,baseline,3272.0,512.0,2048.0,0.0,0.0,0.0,464.0,56.0,48.0,48.0,48.0,48.0,0.0
0.25,189,Improved-gOMP,optimized,4976.0,512.0,2048.0,0.0,2048.0,128.0,128.0,56.0,48.0,0.0,0.0,8.0,0.0
0.25,190,Improved-gOMP,baseline,3272.0,512.0,2048.0,0.0,0.0,0.0,464.0,56.0,48.0,48.0,48.0,48.0,0.0
0.25,190,Improved-gOMP,optimized,4976.0,512.0,2048.0,0.0,2048.0,128.0,128.0,56.0,48.0,0.0,0.0,8.0,0.0
0.25,191,Improved-gOMP,baseline,3296.0,512.0,2048.0,0.0,0.0,0.0,488.0,56.0,48.0,48.0,48.0,48.0,0.0
0.25,191,Improved-gOMP,optimized,4976.0,512.0,2048.0,0.0,2048.0,128.0,128.0,56.0,48.0,0.0,0.0,8.0,0.0
0.25,192,Improved-gOMP,baseline,3240.0,512.0,2048.0,0.0,0.0,0.0,432.0,56.0,48.0,48.0,48.0,48.0,0.0
0.25,192,Improved-gOMP,optimized,4712.0,512.0,2048.0,0.0,1800.0,120.0,120.0,56.0,48.0,0.0,0.0,8.0,0.0
0.25,193,Improved-gOMP,baseline,3272.0,512.0,2048.0,0.0,0.0,0.0,464.0,56.0,48.0,48.0,48.0,48.0,0.0
0.25,193,Improved-gOMP,optimized,4976.0,512.0,2048.0,0.0,2048.0,128.0,128.0,56.0,48.0,0.0,0.0,8.0,0.0
0.25,194,Improved-gOMP,baseline,3272.0,512.0,2048.0,0.0,0.0,0.0,464.0,56.0,48.0,48.0,48.0,48.0,0.0
0.25,194,Improved-gOMP,optimized,4976.0,512.0,2048.0,0.0,2048.0,128.0,128.0,56.0,48.0,0.0,0.0,8.0,0.0
0.25,195,Improved-gOMP,baseline,3272.0,512.0,2048.0,0.0,0.0,0.0,464.0,56.0,48.0,48.0,48.0,48.0,0.0
0.25,195,Improved-gOMP,optimized,4976.0,512.0,2048.0,0.0,2048.0,128.0,128.0,56.0,48.0,0.0,0.0,8.0,0.0
0.25,196,Improved-gOMP,baseline,3272.0,512.0,2048.0,0.0,0.0,0.0,464.0,56.0,48.0,48.0,48.0,48.0,0.0
0.25,196,Improved-gOMP,optimized,4976.0,512.0,2048.0,0.0,2048.0,128.0,128.0,56.0,48.0,0.0,0.0,8.0,0.0
0.25,197,Improved-gOMP,baseline,3272.0,512.0,2048.0,0.0,0.0,0.0,464.0,56.0,48.0,48.0,48.0,48.0,0.0
0.25,197,Improved-gOMP,optimized,3784.0,512.0,2048.0,0.0,968.0,88.0,88.0,40.0,32.0,0.0,0.0,8.0,0.0
0.25,198,Improved-gOMP,baseline,3128.0,512.0,2048.0,0.0,0.0,0.0,360.0,48.0,40.0,40.0,40.0,40.0,0.0
0.25,198,Improved-gOMP,optimized,4696.0,512.0,2048.0,0.0,1800.0,120.0,120.0,48.0,40.0,0.0,0.0,8.0,0.0
0.25,199,Improved-gOMP,baseline,3296.0,512.0,2048.0,0.0,0.0,0.0,488.0,56.0,48.0,48.0,48.0,48.0,0.0
0.25,199,Improved-gOMP,optimized,4976.0,512.0,2048.0,0.0,2048.0,128.0,128.0,56.0,48.0,0.0,0.0,8.0,0.0
0.25,200,Improved-gOMP,baseline,3272.0,512.0,2048.0,0.0,0.0,0.0,464.0,56.0,48.0,48.0,48.0,48.0,0.0
0.25,200,Improved-gOMP,optimized,4976.0,512.0,2048.0,0.0,2048.0,128.0,128.0,56.0,48.0,0.0,0.0,8.0,0.0
0.25,201,Improved-gOMP,baseline,3272.0,512.0,2048.0,0.0,0.0,0.0,464.0,56.0,48.0,48.0,48.0,48.0,0.0
0.25,201,Improved-gOMP,optimized,4976.0,512.0,2048.0,0.0,2048.0,128.0,128.0,56.0,48.0,0.0,0.0,8.0,0.0
0.25,202,Improved-gOMP,baseline,3296.0,512.0,2048.0,0.0,0.0,0.0,488.0,56.0,48.0,48.0,48.0,48.0,0.0
0.25,202,Improved-gOMP,optimized,4976.0,512.0,2048.0,0.0,2048.0,128.0,128.0,56.0,48.0,0.0,0.0,8.0,0.0
0.25,203,Improved-gOMP,baseline,3272.0,512.0,2048.0,0.0,0.0,0.0,464.0,56.0,48.0,48.0,48.0,48.0,0.0
0.25,203,Improved-gOMP,optimized,4976.0,512.0,2048.0,0.0,2048.0,128.0,128.0,56.0,48.0,0.0,0.0,8.0,0.0
0.25,204,Improved-gOMP,baseline,3296.0,512.0,2048.0,0.0,0.0,0.0,488.0,56.0,48.0,48.0,48.0,48.0,0.0
0.25,204,Improved-gOMP,optimized,4976.0,512.0,2048.0,0.0,2048.0,128.0,128.0,56.0,48.0,0.0,0.0,8.0,0.0
0.25,205,Improved-gOMP,baseline,3296.0,512.0,2048.0,0.0,0.0,0.0,488.0,56.0,48.0,48.0,48.0,48.0,0.0
0.25,205,Improved-gOMP,optimized,4976.0,512.0,2048.0,0.0,2048.0,128.0,128.0,56.0,48.0,0.0,0.0,8.0,0.0
0.25,206,Improved-gOMP,baseline,3296.0,512.0,2048.0,0.0,0.0,0.0,488.0,56.0,48.0,48.0,48.0,48.0,0.0
0.25,206,Improved-gOMP,optimized,4976.0,512.0,2048.0,0.0,2048.0,128.0,128.0,56.0,48.0,0.0,0.0,8.0,0.0
0.25,207,Improved-gOMP,baseline,3296.0,512.0,2048.0,0.0,0.0,0.0,488.0,56.0,48.0,48.0,48.0,48.0,0.0
0.25,207,Improved-gOMP,optimized,4976.0,512.0,2048.0,0.0,2048.0,128.0,128.0,56.0,48.0,0.0,0.0,8.0,0.0
0.25,208,Improved-gOMP,baseline,3272.0,512.0,2048.0,0.0,0.0,0.0,464.0,56.0,48.0,48.0,48.0,48.0,0.0
0.25,208,Improved-gOMP,optimized,4976.0,512.0,2048.0,0.0,2048.0,128.0,128.0,56.0,48.0,0.0,0.0,8.0,0.0
0.25,209,Improved-gOMP,baseline,3296.0,512.0,2048.0,0.0,0.0,0.0,488.0,56.0,48.0,48.0,48.0,48.0,0.0
0.25,209,Improved-gOMP,optimized,4976.0,512.0,2048.0,0.0,2048.0,128.0,128.0,56.0,48.0,0.0,0.0,8.0,0.0
0.25,210,Improved-gOMP,baseline,3296.0,512.0,2048.0,0.0,0.0,0.0,488.0,56.0,48.0,48.0,48.0,48.0,0.0
0.25,210,Improved-gOMP,optimized,4976.0,512.0,2048.0,0.0,2048.0,128.0,128.0,56.0,48.0,0.0,0.0,8.0,0.0
0.25,211,Improved-gOMP,baseline,3296.0,512.0,2048.0,0.0,0.0,0.0,488.0,56.0,48.0,48.0,48.0,48.0,0.0
0.25,211,Improved-gOMP,optimized,4976.0,512.0,2048.0,0.0,2048.0,128.0,128.0,56.0,48.0,0.0,0.0,8.0,0.0
0.25,212,Improved-gOMP,baseline,3296.0,512.0,2048.0,0.0,0.0,0.0,488.0,56.0,48.0,48.0,48.0,48.0,0.0
0.25,212,Improved-gOMP,optimized,4976.0,512.0,2048.0,0.0,2048.0,128.0,128.0,56.0,48.0,0.0,0.0,8.0,0.0
0.25,213,Improved-gOMP,baseline,3272.0,512.0,2048.0,0.0,0.0,0.0,464.0,56.0,48.0,48.0,48.0,48.0,0.0
0.25,213,Improved-gOMP,optimized,4976.0,512.0,2048.0,0.0,2048.0,128.0,128.0,56.0,48.0,0.0,0.0,8.0,0.0
0.25,214,Improved-gOMP,baseline,3296.0,512.0,2048.0,0.0,0.0,0.0,488.0,56.0,48.0,48.0,48.0,48.0,0.0
0.25,214,Improved-gOMP,optimized,4976.0,512.0,2048.0,0.0,2048.0,128.0,128.0,56.0,48.0,0.0,0.0,8.0,0.0
0.25,215,Improved-gOMP,baseline,3240.0,512.0,2048.0,0.0,0.0,0.0,432.0,56.0,48.0,48.0,48.0,48.0,0.0
0.25,215,Improved-gOMP,optimized,4712.0,512.0,2048.0,0.0,1800.0,120.0,120.0,56.0,48.0,0.0,0.0,8.0,0.0
0.25,216,Improved-gOMP,baseline,3296.0,512.0,2048.0,0.0,0.0,0.0,488.0,56.0,48.0,48.0,48.0,48.0,0.0
0.25,216,Improved-gOMP,optimized,4976.0,512.0,2048.0,0.0,2048.0,128.0,128.0,56.0,48.0,0.0,0.0,8.0,0.0
0.25,217,Improved-gOMP,baseline,3272.0,512.0,2048.0,0.0,0.0,0.0,464.0,56.0,48.0,48.0,48.0,48.0,0.0
0.25,217,Improved-gOMP,optimized,4216.0,512.0,2048.0,0.0,1352.0,104.0,104.0,48.0,40.0,0.0,0.0,8.0,0.0
0.25,218,Improved-gOMP,baseline,3296.0,512.0,2048.0,0.0,0.0,0.0,488.0,56.0,48.0,48.0,48.0,48.0,0.0
0.25,218,Improved-gOMP,optimized,4976.0,512.0,2048.0,0.0,2048.0,128.0,128.0,56.0,48.0,0.0,0.0,8.0,0.0
0.25,219,Improved-gOMP,baseline,3408.0,512.0,2048.0,0.0,0.0,0.0,560.0,64.0,56.0,56.0,56.0,56.0,0.0
0.25,219,Improved-gOMP,optimized,4992.0,512.0,2048.0,0.0,2048.0,128.0,128.0,64.0,56.0,0.0,0.0,8.0,0.0
0.25,220,Improved-gOMP,baseline,3240.0,512.0,2048.0,0.0,0.0,0.0,432.0,56.0,48.0,48.0,48.0,48.0,0.0
0.25,220,Improved-gOMP,optimized,4712.0,512.0,2048.0,0.0,1800.0,120.0,120.0,56.0,48.0,0.0,0.0,8.0,0.0
0.25,221,Improved-gOMP,baseline,3104.0,512.0,2048.0,0.0,0.0,0.0,336.0,48.0,40.0,40.0,40.0,40.0,0.0
0.25,221,Improved-gOMP,optimized,4216.0,512.0,2048.0,0.0,1352.0,104.0,104.0,48.0,40.0,0.0,0.0,8.0,0.0
0.25,222,Improved-gOMP,baseline,3296.0,512.0,2048.0,0.0,0.0,0.0,488.0,56.0,48.0,48.0,48.0,48.0,0.0
0.25,222,Improved-gOMP,optimized,4976.0,512.0,2048.0,0.0,2048.0,128.0,128.0,56.0,48.0,0.0,0.0,8.0,0.0
0.25,223,Improved-gOMP,baseline,3272.0,512.0,2048.0,0.0,0.0,0.0,464.0,56.0,48.0,48.0,48.0,48.0,0.0
0.25,223,Improved-gOMP,optimized,4000.0,512.0,2048.0,0.0,1152.0,96.0,96.0,48.0,40.0,0.0,0.0,8.0,0.0
0.25,224,Improved-gOMP,baseline,3296.0,512.0,2048.0,0.0,0.0,0.0,488.0,56.0,48.0,48.0,48.0,48.0,0.0
0.25,224,Improved-gOMP,optimized,4976.0,512.0,2048.0,0.0,2048.0,128.0,128.0,56.0,48.0,0.0,0.0,8.0,0.0
0.25,225,Improved-gOMP,baseline,3272.0,512.0,2048.0,0.0,0.0,0.0,464.0,56.0,48.0,48.0,48.0,48.0,0.0
0.25,225,Improved-gOMP,optimized,4976.0,512.0,2048.0,0.0,2048.0,128.0,128.0,56.0,48.0,0.0,0.0,8.0,0.0
0.25,226,Improved-gOMP,baseline,3296.0,512.0,2048.0,0.0,0.0,0.0,488.0,56.0,48.0,48.0,48.0,48.0,0.0
0.25,226,Improved-gOMP,optimized,4976.0,512.0,2048.0,0.0,2048.0,128.0,128.0,56.0,48.0,0.0,0.0,8.0,0.0
0.25,227,Improved-gOMP,baseline,3296.0,512.0,2048.0,0.0,0.0,0.0,488.0,56.0,48.0,48.0,48.0,48.0,0.0
0.25,227,Improved-gOMP,optimized,4976.0,512.0,2048.0,0.0,2048.0,128.0,128.0,56.0,48.0,0.0,0.0,8.0,0.0
0.25,228,Improved-gOMP,baseline,3296.0,512.0,2048.0,0.0,0.0,0.0,488.0,56.0,48.0,48.0,48.0,48.0,0.0
0.25,228,Improved-gOMP,optimized,4976.0,512.0,2048.0,0.0,2048.0,128.0,128.0,56.0,48.0,0.0,0.0,8.0,0.0
0.25,229,Improved-gOMP,baseline,3128.0,512.0,2048.0,0.0,0.0,0.0,360.0,48.0,40.0,40.0,40.0,40.0,0.0
0.25,229,Improved-gOMP,optimized,4976.0,512.0,2048.0,0.0,2048.0,128.0,128.0,56.0,48.0,0.0,0.0,8.0,0.0
0.25,230,Improved-gOMP,baseline,3104.0,512.0,2048.0,0.0,0.0,0.0,336.0,48.0,40.0,40.0,40.0,40.0,0.0
0.25,230,Improved-gOMP,optimized,4696.0,512.0,2048.0,0.0,1800.0,120.0,120.0,48.0,40.0,0.0,0.0,8.0,0.0
0.25,231,Improved-gOMP,baseline,3272.0,512.0,2048.0,0.0,0.0,0.0,464.0,56.0,48.0,48.0,48.0,48.0,0.0
0.25,231,Improved-gOMP,optimized,4976.0,512.0,2048.0,0.0,2048.0,128.0,128.0,56.0,48.0,0.0,0.0,8.0,0.0
0.25,232,Improved-gOMP,baseline,3272.0,512.0,2048.0,0.0,0.0,0.0,464.0,56.0,48.0,48.0,48.0,48.0,0.0
0.25,232,Improved-gOMP,optimized,4976.0,512.0,2048.0,0.0,2048.0,128.0,128.0,56.0,48.0,0.0,0.0,8.0,0.0
0.25,233,Improved-gOMP,baseline,3296.0,512.0,2048.0,0.0,0.0,0.0,488.0,56.0,48.0,48.0,48.0,48.0,0.0
0.25,233,Improved-gOMP,optimized,4976.0,512.0,2048.0,0.0,2048.0,128.0,128.0,56.0,48.0,0.0,0.0,8.0,0.0
0.25,234,Improved-gOMP,baseline,3272.0,512.0,2048.0,0.0,0.0,0.0,464.0,56.0,48.0,48.0,48.0,48.0,0.0
0.25,234,Improved-gOMP,optimized,4976.0,512.0,2048.0,0.0,2048.0,128.0,128.0,56.0,48.0,0.0,0.0,8.0,0.0
0.25,235,Improved-gOMP,baseline,3296.0,512.0,2048.0,0.0,0.0,0.0,488.0,56.0,48.0,48.0,48.0,48.0,0.0
0.25,235,Improved-gOMP,optimized,4976.0,512.0,2048.0,0.0,2048.0,128.0,128.0,56.0,48.0,0.0,0.0,8.0,0.0
0.25,236,Improved-gOMP,baseline,3296.0,512.0,2048.0,0.0,0.0,0.0,488.0,56.0,48.0,48.0,48.0,48.0,0.0
0.25,236,Improved-gOMP,optimized,4960.0,512.0,2048.0,0.0,2048.0,128.0,128.0,48.0,40.0,0.0,0.0,8.0,0.0
0.25,237,Improved-gOMP,baseline,3296.0,512.0,2048.0,0.0,0.0,0.0,488.0,56.0,48.0,48.0,48.0,48.0,0.0
0.25,237,Improved-gOMP,optimized,4976.0,512.0,2048.0,0.0,2048.0,128.0,128.0,56.0,48.0,0.0,0.0,8.0,0.0
0.25,238,Improved-gOMP,baseline,3296.0,512.0,2048.0,0.0,0.0,0.0,488.0,56.0,48.0,48.0,48.0,48.0,0.0
0.25,238,Improved-gOMP,optimized,4976.0,512.0,2048.0,0.0,2048.0,128.0,128.0,56.0,48.0,0.0,0.0,8.0,0.0
0.25,239,Improved-gOMP,baseline,3240.0,512.0,2048.0,0.0,0.0,0.0,432.0,56.0,48.0,48.0,48.0,48.0,0.0
0.25,239,Improved-gOMP,optimized,4000.0,512.0,2048.0,0.0,1152.0,96.0,96.0,48.0,40.0,0.0,0.0,8.0,0.0
0.25,240,Improved-gOMP,baseline,3296.0,512.0,2048.0,0.0,0.0,0.0,488.0,56.0,48.0,48.0,48.0,48.0,0.0
0.25,240,Improved-gOMP,optimized,4976.0,512.0,2048.0,0.0,2048.0,128.0,128.0,56.0,48.0,0.0,0.0,8.0,0.0
0.25,241,Improved-gOMP,baseline,3272.0,512.0,2048.0,0.0,0.0,0.0,464.0,56.0,48.0,48.0,48.0,48.0,0.0
0.25,241,Improved-gOMP,optimized,4976.0,512.0,2048.0,0.0,2048.0,128.0,128.0,56.0,48.0,0.0,0.0,8.0,0.0
0.25,242,Improved-gOMP,baseline,3104.0,512.0,2048.0,0.0,0.0,0.0,336.0,48.0,40.0,40.0,40.0,40.0,0.0
0.25,242,Improved-gOMP,optimized,4976.0,512.0,2048.0,0.0,2048.0,128.0,128.0,56.0,48.0,0.0,0.0,8.0,0.0
0.25,243,Improved-gOMP,baseline,3272.0,512.0,2048.0,0.0,0.0,0.0,464.0,56.0,48.0,48.0,48.0,48.0,0.0
0.25,243,Improved-gOMP,optimized,4976.0,512.0,2048.0,0.0,2048.0,128.0,128.0,56.0,48.0,0.0,0.0,8.0,0.0
0.25,244,Improved-gOMP,baseline,3240.0,512.0,2048.0,0.0,0.0,0.0,432.0,56.0,48.0,48.0,48.0,48.0,0.0
0.25,244,Improved-gOMP,optimized,4712.0,512.0,2048.0,0.0,1800.0,120.0,120.0,56.0,48.0,0.0,0.0,8.0,0.0
0.25,245,Improved-gOMP,baseline,3272.0,512.0,2048.0,0.0,0.0,0.0,464.0,56.0,48.0,48.0,48.0,48.0,0.0
0.25,245,Improved-gOMP,optimized,4976.0,512.0,2048.0,0.0,2048.0,128.0,128.0,56.0,48.0,0.0,0.0,8.0,0.0
0.25,246,Improved-gOMP,baseline,3240.0,512.0,2048.0,0.0,0.0,0.0,432.0,56.0,48.0,48.0,48.0,48.0,0.0
0.25,246,Improved-gOMP,optimized,4712.0,512.0,2048.0,0.0,1800.0,120.0,120.0,56.0,48.0,0.0,0.0,8.0,0.0
0.25,247,Improved-gOMP,baseline,3272.0,512.0,2048.0,0.0,0.0,0.0,464.0,56.0,48.0,48.0,48.0,48.0,0.0
0.25,247,Improved-gOMP,optimized,4000.0,512.0,2048.0,0.0,1152.0,96.0,96.0,48.0,40.0,0.0,0.0,8.0,0.0
0.25,248,Improved-gOMP,baseline,3272.0,512.0,2048.0,0.0,0.0,0.0,464.0,56.0,48.0,48.0,48.0,48.0,0.0
0.25,248,Improved-gOMP,optimized,4976.0,512.0,2048.0,0.0,2048.0,128.0,128.0,56.0,48.0,0.0,0.0,8.0,0.0
0.25,249,Improved-gOMP,baseline,3296.0,512.0,2048.0,0.0,0.0,0.0,488.0,56.0,48.0,48.0,48.0,48.0,0.0
0.25,249,Improved-gOMP,optimized,4976.0,512.0,2048.0,0.0,2048.0,128.0,128.0,56.0,48.0,0.0,0.0,8.0,0.0
0.25,250,Improved-gOMP,baseline,3360.0,512.0,2048.0,0.0,0.0,0.0,512.0,64.0,56.0,56.0,56.0,56.0,0.0
0.25,250,Improved-gOMP,optimized,4232.0,512.0,2048.0,0.0,1352.0,104.0,104.0,56.0,48.0,0.0,0.0,8.0,0.0
0.25,251,Improved-gOMP,baseline,3272.0,512.0,2048.0,0.0,0.0,0.0,464.0,56.0,48.0,48.0,48.0,48.0,0.0
0.25,251,Improved-gOMP,optimized,4976.0,512.0,2048.0,0.0,2048.0,128.0,128.0,56.0,48.0,0.0,0.0,8.0,0.0
0.25,252,Improved-gOMP,baseline,3296.0,512.0,2048.0,0.0,0.0,0.0,488.0,56.0,48.0,48.0,48.0,48.0,0.0
0.25,252,Improved-gOMP,optimized,4976.0,512.0,2048.0,0.0,2048.0,128.0,128.0,56.0,48.0,0.0,0.0,8.0,0.0
0.25,253,Improved-gOMP,baseline,3240.0,512.0,2048.0,0.0,0.0,0.0,432.0,56.0,48.0,48.0,48.0,48.0,0.0
0.25,253,Improved-gOMP,optimized,4000.0,512.0,2048.0,0.0,1152.0,96.0,96.0,48.0,40.0,0.0,0.0,8.0,0.0
0.25,254,Improved-gOMP,baseline,3272.0,512.0,2048.0,0.0,0.0,0.0,464.0,56.0,48.0,48.0,48.0,48.0,0.0
0.25,254,Improved-gOMP,optimized,4976.0,512.0,2048.0,0.0,2048.0,128.0,128.0,56.0,48.0,0.0,0.0,8.0,0.0
0.25,255,Improved-gOMP,baseline,3272.0,512.0,2048.0,0.0,0.0,0.0,464.0,56.0,48.0,48.0,48.0,48.0,0.0
0.25,255,Improved-gOMP,optimized,4976.0,512.0,2048.0,0.0,2048.0,128.0,128.0,56.0,48.0,0.0,0.0,8.0,0.0
0.25,256,Improved-gOMP,baseline,3080.0,512.0,2048.0,0.0,0.0,0.0,312.0,48.0,40.0,40.0,40.0,40.0,0.0
0.25,256,Improved-gOMP,optimized,3600.0,512.0,2048.0,0.0,800.0,80.0,80.0,40.0,32.0,0.0,0.0,8.0,0.0
0.25,257,Improved-gOMP,baseline,3272.0,512.0,2048.0,0.0,0.0,0.0,464.0,56.0,48.0,48.0,48.0,48.0,0.0
0.25,257,Improved-gOMP,optimized,4976.0,512.0,2048.0,0.0,2048.0,128.0,128.0,56.0,48.0,0.0,0.0,8.0,0.0
0.25,258,Improved-gOMP,baseline,3272.0,512.0,2048.0,0.0,0.0,0.0,464.0,56.0,48.0,48.0,48.0,48.0,0.0
0.25,258,Improved-gOMP,optimized,4976.0,512.0,2048.0,0.0,2048.0,128.0,128.0,56.0,48.0,0.0,0.0,8.0,0.0
0.25,259,Improved-gOMP,baseline,3296.0,512.0,2048.0,0.0,0.0,0.0,488.0,56.0,48.0,48.0,48.0,48.0,0.0
0.25,259,Improved-gOMP,optimized,4976.0,512.0,2048.0,0.0,2048.0,128.0,128.0,56.0,48.0,0.0,0.0,8.0,0.0
0.25,260,Improved-gOMP,baseline,3272.0,512.0,2048.0,0.0,0.0,0.0,464.0,56.0,48.0,48.0,48.0,48.0,0.0
0.25,260,Improved-gOMP,optimized,4976.0,512.0,2048.0,0.0,2048.0,128.0,128.0,56.0,48.0,0.0,0.0,8.0,0.0
0.25,261,Improved-gOMP,baseline,3272.0,512.0,2048.0,0.0,0.0,0.0,464.0,56.0,48.0,48.0,48.0,48.0,0.0
0.25,261,Improved-gOMP,optimized,4976.0,512.0,2048.0,0.0,2048.0,128.0,128.0,56.0,48.0,0.0,0.0,8.0,0.0
0.25,262,Improved-gOMP,baseline,3272.0,512.0,2048.0,0.0,0.0,0.0,464.0,56.0,48.0,48.0,48.0,48.0,0.0
0.25,262,Improved-gOMP,optimized,4976.0,512.0,2048.0,0.0,2048.0,128.0,128.0,56.0,48.0,0.0,0.0,8.0,0.0
0.25,263,Improved-gOMP,baseline,3296.0,512.0,2048.0,0.0,0.0,0.0,488.0,56.0,48.0,48.0,48.0,48.0,0.0
0.25,263,Improved-gOMP,optimized,4976.0,512.0,2048.0,0.0,2048.0,128.0,128.0,56.0,48.0,0.0,0.0,8.0,0.0
0.25,264,Improved-gOMP,baseline,3272.0,512.0,2048.0,0.0,0.0,0.0,464.0,56.0,48.0,48.0,48.0,48.0,0.0
0.25,264,Improved-gOMP,optimized,4976.0,512.0,2048.0,0.0,2048.0,128.0,128.0,56.0,48.0,0.0,0.0,8.0,0.0
0.25,265,Improved-gOMP,baseline,3240.0,512.0,2048.0,0.0,0.0,0.0,432.0,56.0,48.0,48.0,48.0,48.0,0.0
0.25,265,Improved-gOMP,optimized,4000.0,512.0,2048.0,0.0,1152.0,96.0,96.0,48.0,40.0,0.0,0.0,8.0,0.0
0.25,266,Improved-gOMP,baseline,3296.0,512.0,2048.0,0.0,0.0,0.0,488.0,56.0,48.0,48.0,48.0,48.0,0.0
0.25,266,Improved-gOMP,optimized,4976.0,512.0,2048.0,0.0,2048.0,128.0,128.0,56.0,48.0,0.0,0.0,8.0,0.0
0.25,267,Improved-gOMP,baseline,3296.0,512.0,2048.0,0.0,0.0,0.0,488.0,56.0,48.0,48.0,48.0,48.0,0.0
0.25,267,Improved-gOMP,optimized,4976.0,512.0,2048.0,0.0,2048.0,128.0,128.0,56.0,48.0,0.0,0.0,8.0,0.0
0.25,268,Improved-gOMP,baseline,3296.0,512.0,2048.0,0.0,0.0,0.0,488.0,56.0,48.0,48.0,48.0,48.0,0.0
0.25,268,Improved-gOMP,optimized,4976.0,512.0,2048.0,0.0,2048.0,128.0,128.0,56.0,48.0,0.0,0.0,8.0,0.0
0.25,269,Improved-gOMP,baseline,3296.0,512.0,2048.0,0.0,0.0,0.0,488.0,56.0,48.0,48.0,48.0,48.0,0.0
0.25,269,Improved-gOMP,optimized,4976.0,512.0,2048.0,0.0,2048.0,128.0,128.0,56.0,48.0,0.0,0.0,8.0,0.0
0.25,270,Improved-gOMP,baseline,3240.0,512.0,2048.0,0.0,0.0,0.0,432.0,56.0,48.0,48.0,48.0,48.0,0.0
0.25,270,Improved-gOMP,optimized,4712.0,512.0,2048.0,0.0,1800.0,120.0,120.0,56.0,48.0,0.0,0.0,8.0,0.0
0.25,271,Improved-gOMP,baseline,3296.0,512.0,2048.0,0.0,0.0,0.0,488.0,56.0,48.0,48.0,48.0,48.0,0.0
0.25,271,Improved-gOMP,optimized,4976.0,512.0,2048.0,0.0,2048.0,128.0,128.0,56.0,48.0,0.0,0.0,8.0,0.0
0.25,272,Improved-gOMP,baseline,3272.0,512.0,2048.0,0.0,0.0,0.0,464.0,56.0,48.0,48.0,48.0,48.0,0.0
0.25,272,Improved-gOMP,optimized,4976.0,512.0,2048.0,0.0,2048.0,128.0,128.0,56.0,48.0,0.0,0.0,8.0,0.0
0.25,273,Improved-gOMP,baseline,3272.0,512.0,2048.0,0.0,0.0,0.0,464.0,56.0,48.0,48.0,48.0,48.0,0.0
0.25,273,Improved-gOMP,optimized,4976.0,512.0,2048.0,0.0,2048.0,128.0,128.0,56.0,48.0,0.0,0.0,8.0,0.0
0.25,274,Improved-gOMP,baseline,3296.0,512.0,2048.0,0.0,0.0,0.0,488.0,56.0,48.0,48.0,48.0,48.0,0.0
0.25,274,Improved-gOMP,optimized,4976.0,512.0,2048.0,0.0,2048.0,128.0,128.0,56.0,48.0,0.0,0.0,8.0,0.0
0.25,275,Improved-gOMP,baseline,3272.0,512.0,2048.0,0.0,0.0,0.0,464.0,56.0,48.0,48.0,48.0,48.0,0.0
0.25,275,Improved-gOMP,optimized,4712.0,512.0,2048.0,0.0,1800.0,120.0,120.0,56.0,48.0,0.0,0.0,8.0,0.0
0.25,276,Improved-gOMP,baseline,3296.0,512.0,2048.0,0.0,0.0,0.0,488.0,56.0,48.0,48.0,48.0,48.0,0.0
0.25,276,Improved-gOMP,optimized,4976.0,512.0,2048.0,0.0,2048.0,128.0,128.0,56.0,48.0,0.0,0.0,8.0,0.0
0.25,277,Improved-gOMP,baseline,3272.0,512.0,2048.0,0.0,0.0,0.0,464.0,56.0,48.0,48.0,48.0,48.0,0.0
0.25,277,Improved-gOMP,optimized,4216.0,512.0,2048.0,0.0,1352.0,104.0,104.0,48.0,40.0,0.0,0.0,8.0,0.0
0.25,278,Improved-gOMP,baseline,3272.0,512.0,2048.0,0.0,0.0,0.0,464.0,56.0,48.0,48.0,48.0,48.0,0.0
0.25,278,Improved-gOMP,optimized,4976.0,512.0,2048.0,0.0,2048.0,128.0,128.0,56.0,48.0,0.0,0.0,8.0,0.0
0.25,279,Improved-gOMP,baseline,3296.0,512.0,2048.0,0.0,0.0,0.0,488.0,56.0,48.0,48.0,48.0,48.0,0.0
0.25,279,Improved-gOMP,optimized,4696.0,512.0,2048.0,0.0,1800.0,120.0,120.0,48.0,40.0,0.0,0.0,8.0,0.0
0.25,280,Improved-gOMP,baseline,3296.0,512.0,2048.0,0.0,0.0,0.0,488.0,56.0,48.0,48.0,48.0,48.0,0.0
0.25,280,Improved-gOMP,optimized,4216.0,512.0,2048.0,0.0,1352.0,104.0,104.0,48.0,40.0,0.0,0.0,8.0,0.0
0.25,281,Improved-gOMP,baseline,3408.0,512.0,2048.0,0.0,0.0,0.0,560.0,64.0,56.0,56.0,56.0,56.0,0.0
0.25,281,Improved-gOMP,optimized,4000.0,512.0,2048.0,0.0,1152.0,96.0,96.0,48.0,40.0,0.0,0.0,8.0,0.0
0.25,282,Improved-gOMP,baseline,3272.0,512.0,2048.0,0.0,0.0,0.0,464.0,56.0,48.0,48.0,48.0,48.0,0.0
0.25,282,Improved-gOMP,optimized,4712.0,512.0,2048.0,0.0,1800.0,120.0,120.0,56.0,48.0,0.0,0.0,8.0,0.0
0.25,283,Improved-gOMP,baseline,3272.0,512.0,2048.0,0.0,0.0,0.0,464.0,56.0,48.0,48.0,48.0,48.0,0.0
0.25,283,Improved-gOMP,optimized,4976.0,512.0,2048.0,0.0,2048.0,128.0,128.0,56.0,48.0,0.0,0.0,8.0,0.0
0.25,284,Improved-gOMP,baseline,3296.0,512.0,2048.0,0.0,0.0,0.0,488.0,56.0,48.0,48.0,48.0,48.0,0.0
0.25,284,Improved-gOMP,optimized,4976.0,512.0,2048.0,0.0,2048.0,128.0,128.0,56.0,48.0,0.0,0.0,8.0,0.0
0.25,285,Improved-gOMP,baseline,3104.0,512.0,2048.0,0.0,0.0,0.0,336.0,48.0,40.0,40.0,40.0,40.0,0.0
0.25,285,Improved-gOMP,optimized,4000.0,512.0,2048.0,0.0,1152.0,96.0,96.0,48.0,40.0,0.0,0.0,8.0,0.0
0.25,286,Improved-gOMP,baseline,3296.0,512.0,2048.0,0.0,0.0,0.0,488.0,56.0,48.0,48.0,48.0,48.0,0.0
0.25,286,Improved-gOMP,optimized,4976.0,512.0,2048.0,0.0,2048.0,128.0,128.0,56.0,48.0,0.0,0.0,8.0,0.0
0.25,287,Improved-gOMP,baseline,3272.0,512.0,2048.0,0.0,0.0,0.0,464.0,56.0,48.0,48.0,48.0,48.0,0.0
0.25,287,Improved-gOMP,optimized,4976.0,512.0,2048.0,0.0,2048.0,128.0,128.0,56.0,48.0,0.0,0.0,8.0,0.0
0.25,288,Improved-gOMP,baseline,3272.0,512.0,2048.0,0.0,0.0,0.0,464.0,56.0,48.0,48.0,48.0,48.0,0.0
0.25,288,Improved-gOMP,optimized,4216.0,512.0,2048.0,0.0,1352.0,104.0,104.0,48.0,40.0,0.0,0.0,8.0,0.0
0.25,289,Improved-gOMP,baseline,3240.0,512.0,2048.0,0.0,0.0,0.0,432.0,56.0,48.0,48.0,48.0,48.0,0.0
0.25,289,Improved-gOMP,optimized,4712.0,512.0,2048.0,0.0,1800.0,120.0,120.0,56.0,48.0,0.0,0.0,8.0,0.0
0.25,290,Improved-gOMP,baseline,3408.0,512.0,2048.0,0.0,0.0,0.0,560.0,64.0,56.0,56.0,56.0,56.0,0.0
0.25,290,Improved-gOMP,optimized,4992.0,512.0,2048.0,0.0,2048.0,128.0,128.0,64.0,56.0,0.0,0.0,8.0,0.0
0.25,291,Improved-gOMP,baseline,3296.0,512.0,2048.0,0.0,0.0,0.0,488.0,56.0,48.0,48.0,48.0,48.0,0.0
0.25,291,Improved-gOMP,optimized,4976.0,512.0,2048.0,0.0,2048.0,128.0,128.0,56.0,48.0,0.0,0.0,8.0,0.0
0.25,292,Improved-gOMP,baseline,3272.0,512.0,2048.0,0.0,0.0,0.0,464.0,56.0,48.0,48.0,48.0,48.0,0.0
0.25,292,Improved-gOMP,optimized,4712.0,512.0,2048.0,0.0,1800.0,120.0,120.0,56.0,48.0,0.0,0.0,8.0,0.0
0.25,293,Improved-gOMP,baseline,3296.0,512.0,2048.0,0.0,0.0,0.0,488.0,56.0,48.0,48.0,48.0,48.0,0.0
0.25,293,Improved-gOMP,optimized,4976.0,512.0,2048.0,0.0,2048.0,128.0,128.0,56.0,48.0,0.0,0.0,8.0,0.0
0.25,294,Improved-gOMP,baseline,3272.0,512.0,2048.0,0.0,0.0,0.0,464.0,56.0,48.0,48.0,48.0,48.0,0.0
0.25,294,Improved-gOMP,optimized,4976.0,512.0,2048.0,0.0,2048.0,128.0,128.0,56.0,48.0,0.0,0.0,8.0,0.0
0.25,295,Improved-gOMP,baseline,3296.0,512.0,2048.0,0.0,0.0,0.0,488.0,56.0,48.0,48.0,48.0,48.0,0.0
0.25,295,Improved-gOMP,optimized,4976.0,512.0,2048.0,0.0,2048.0,128.0,128.0,56.0,48.0,0.0,0.0,8.0,0.0
0.25,296,Improved-gOMP,baseline,3296.0,512.0,2048.0,0.0,0.0,0.0,488.0,56.0,48.0,48.0,48.0,48.0,0.0
0.25,296,Improved-gOMP,optimized,4976.0,512.0,2048.0,0.0,2048.0,128.0,128.0,56.0,48.0,0.0,0.0,8.0,0.0
0.25,297,Improved-gOMP,baseline,3272.0,512.0,2048.0,0.0,0.0,0.0,464.0,56.0,48.0,48.0,48.0,48.0,0.0
0.25,297,Improved-gOMP,optimized,4976.0,512.0,2048.0,0.0,2048.0,128.0,128.0,56.0,48.0,0.0,0.0,8.0,0.0
0.25,298,Improved-gOMP,baseline,3296.0,512.0,2048.0,0.0,0.0,0.0,488.0,56.0,48.0,48.0,48.0,48.0,0.0
0.25,298,Improved-gOMP,optimized,4216.0,512.0,2048.0,0.0,1352.0,104.0,104.0,48.0,40.0,0.0,0.0,8.0,0.0
0.25,299,Improved-gOMP,baseline,3296.0,512.0,2048.0,0.0,0.0,0.0,488.0,56.0,48.0,48.0,48.0,48.0,0.0
0.25,299,Improved-gOMP,optimized,4696.0,512.0,2048.0,0.0,1800.0,120.0,120.0,48.0,40.0,0.0,0.0,8.0,0.0
0.3125,0,Improved-gOMP,baseline,3424.0,640.0,2048.0,0.0,0.0,0.0,488.0,56.0,48.0,48.0,48.0,48.0,0.0
0.3125,0,Improved-gOMP,optimized,5104.0,640.0,2048.0,0.0,2048.0,128.0,128.0,56.0,48.0,0.0,0.0,8.0,0.0
0.3125,1,Improved-gOMP,baseline,3424.0,640.0,2048.0,0.0,0.0,0.0,488.0,56.0,48.0,48.0,48.0,48.0,0.0
0.3125,1,Improved-gOMP,optimized,4824.0,640.0,2048.0,0.0,1800.0,120.0,120.0,48.0,40.0,0.0,0.0,8.0,0.0
0.3125,2,Improved-gOMP,baseline,3400.0,640.0,2048.0,0.0,0.0,0.0,464.0,56.0,48.0,48.0,48.0,48.0,0.0
0.3125,2,Improved-gOMP,optimized,4344.0,640.0,2048.0,0.0,1352.0,104.0,104.0,48.0,40.0,0.0,0.0,8.0,0.0
0.3125,3,Improved-gOMP,baseline,3256.0,640.0,2048.0,0.0,0.0,0.0,360.0,48.0,40.0,40.0,40.0,40.0,0.0
0.3125,3,Improved-gOMP,optimized,5104.0,640.0,2048.0,0.0,2048.0,128.0,128.0,56.0,48.0,0.0,0.0,8.0,0.0
0.3125,4,Improved-gOMP,baseline,3400.0,640.0,2048.0,0.0,0.0,0.0,464.0,56.0,48.0,48.0,48.0,48.0,0.0
0.3125,4,Improved-gOMP,optimized,5104.0,640.0,2048.0,0.0,2048.0,128.0,128.0,56.0,48.0,0.0,0.0,8.0,0.0
0.3125,5,Improved-gOMP,baseline,3400.0,640.0,2048.0,0.0,0.0,0.0,464.0,56.0,48.0,48.0,48.0,48.0,0.0
0.3125,5,Improved-gOMP,optimized,5104.0,640.0,2048.0,0.0,2048.0,128.0,128.0,56.0,48.0,0.0,0.0,8.0,0.0
0.3125,6,Improved-gOMP,baseline,3400.0,640.0,2048.0,0.0,0.0,0.0,464.0,56.0,48.0,48.0,48.0,48.0,0.0
0.3125,6,Improved-gOMP,optimized,4344.0,640.0,2048.0,0.0,1352.0,104.0,104.0,48.0,40.0,0.0,0.0,8.0,0.0
0.3125,7,Improved-gOMP,baseline,3232.0,640.0,2048.0,0.0,0.0,0.0,336.0,48.0,40.0,40.0,40.0,40.0,0.0
0.3125,7,Improved-gOMP,optimized,5104.0,640.0,2048.0,0.0,2048.0,128.0,128.0,56.0,48.0,0.0,0.0,8.0,0.0
0.3125,8,Improved-gOMP,baseline,3400.0,640.0,2048.0,0.0,0.0,0.0,464.0,56.0,48.0,48.0,48.0,48.0,0.0
0.3125,8,Improved-gOMP,optimized,5104.0,640.0,2048.0,0.0,2048.0,128.0,128.0,56.0,48.0,0.0,0.0,8.0,0.0
0.3125,9,Improved-gOMP,baseline,3400.0,640.0,2048.0,0.0,0.0,0.0,464.0,56.0,48.0,48.0,48.0,48.0,0.0
0.3125,9,Improved-gOMP,optimized,4128.0,640.0,2048.0,0.0,1152.0,96.0,96.0,48.0,40.0,0.0,0.0,8.0,0.0
0.3125,10,Improved-gOMP,baseline,3400.0,640.0,2048.0,0.0,0.0,0.0,464.0,56.0,48.0,48.0,48.0,48.0,0.0
0.3125,10,Improved-gOMP,optimized,5104.0,640.0,2048.0,0.0,2048.0,128.0,128.0,56.0,48.0,0.0,0.0,8.0,0.0
0.3125,11,Improved-gOMP,baseline,3424.0,640.0,2048.0,0.0,0.0,0.0,488.0,56.0,48.0,48.0,48.0,48.0,0.0
0.3125,11,Improved-gOMP,optimized,5104.0,640.0,2048.0,0.0,2048.0,128.0,128.0,56.0,48.0,0.0,0.0,8.0,0.0
0.3125,12,Improved-gOMP,baseline,3424.0,640.0,2048.0,0.0,0.0,0.0,488.0,56.0,48.0,48.0,48.0,48.0,0.0
0.3125,12,Improved-gOMP,optimized,5104.0,640.0,2048.0,0.0,2048.0,128.0,128.0,56.0,48.0,0.0,0.0,8.0,0.0
0.3125,13,Improved-gOMP,baseline,3424.0,640.0,2048.0,0.0,0.0,0.0,488.0,56.0,48.0,48.0,48.0,48.0,0.0
0.3125,13,Improved-gOMP,optimized,5104.0,640.0,2048.0,0.0,2048.0,128.0,128.0,56.0,48.0,0.0,0.0,8.0,0.0
0.3125,14,Improved-gOMP,baseline,3424.0,640.0,2048.0,0.0,0.0,0.0,488.0,56.0,48.0,48.0,48.0,48.0,0.0
0.3125,14,Improved-gOMP,optimized,4824.0,640.0,2048.0,0.0,1800.0,120.0,120.0,48.0,40.0,0.0,0.0,8.0,0.0
0.3125,15,Improved-gOMP,baseline,3232.0,640.0,2048.0,0.0,0.0,0.0,336.0,48.0,40.0,40.0,40.0,40.0,0.0
0.3125,15,Improved-gOMP,optimized,4344.0,640.0,2048.0,0.0,1352.0,104.0,104.0,48.0,40.0,0.0,0.0,8.0,0.0
0.3125,16,Improved-gOMP,baseline,3368.0,640.0,2048.0,0.0,0.0,0.0,432.0,56.0,48.0,48.0,48.0,48.0,0.0
0.3125,16,Improved-gOMP,optimized,4840.0,640.0,2048.0,0.0,1800.0,120.0,120.0,56.0,48.0,0.0,0.0,8.0,0.0
0.3125,17,Improved-gOMP,baseline,3400.0,640.0,2048.0,0.0,0.0,0.0,464.0,56.0,48.0,48.0,48.0,48.0,0.0
0.3125,17,Improved-gOMP,optimized,4344.0,640.0,2048.0,0.0,1352.0,104.0,104.0,48.0,40.0,0.0,0.0,8.0,0.0
0.3125,18,Improved-gOMP,baseline,3424.0,640.0,2048.0,0.0,0.0,0.0,488.0,56.0,48.0,48.0,48.0,48.0,0.0
0.3125,18,Improved-gOMP,optimized,5104.0,640.0,2048.0,0.0,2048.0,128.0,128.0,56.0,48.0,0.0,0.0,8.0,0.0
0.3125,19,Improved-gOMP,baseline,3400.0,640.0,2048.0,0.0,0.0,0.0,464.0,56.0,48.0,48.0,48.0,48.0,0.0
0.3125,19,Improved-gOMP,optimized,5104.0,640.0,2048.0,0.0,2048.0,128.0,128.0,56.0,48.0,0.0,0.0,8.0,0.0
0.3125,20,Improved-gOMP,baseline,3400.0,640.0,2048.0,0.0,0.0,0.0,464.0,56.0,48.0,48.0,48.0,48.0,0.0
0.3125,20,Improved-gOMP,optimized,5104.0,640.0,2048.0,0.0,2048.0,128.0,128.0,56.0,48.0,0.0,0.0,8.0,0.0
0.3125,21,Improved-gOMP,baseline,3400.0,640.0,2048.0,0.0,0.0,0.0,464.0,56.0,48.0,48.0,48.0,48.0,0.0
0.3125,21,Improved-gOMP,optimized,5104.0,640.0,2048.0,0.0,2048.0,128.0,128.0,56.0,48.0,0.0,0.0,8.0,0.0
0.3125,22,Improved-gOMP,baseline,3424.0,640.0,2048.0,0.0,0.0,0.0,488.0,56.0,48.0,48.0,48.0,48.0,0.0
0.3125,22,Improved-gOMP,optimized,5104.0,640.0,2048.0,0.0,2048.0,128.0,128.0,56.0,48.0,0.0,0.0,8.0,0.0
0.3125,23,Improved-gOMP,baseline,3256.0,640.0,2048.0,0.0,0.0,0.0,360.0,48.0,40.0,40.0,40.0,40.0,0.0
0.3125,23,Improved-gOMP,optimized,5104.0,640.0,2048.0,0.0,2048.0,128.0,128.0,56.0,48.0,0.0,0.0,8.0,0.0
0.3125,24,Improved-gOMP,baseline,3400.0,640.0,2048.0,0.0,0.0,0.0,464.0,56.0,48.0,48.0,48.0,48.0,0.0
0.3125,24,Improved-gOMP,optimized,5104.0,640.0,2048.0,0.0,2048.0,128.0,128.0,56.0,48.0,0.0,0.0,8.0,0.0
0.3125,25,Improved-gOMP,baseline,3400.0,640.0,2048.0,0.0,0.0,0.0,464.0,56.0,48.0,48.0,48.0,48.0,0.0
0.3125,25,Improved-gOMP,optimized,5104.0,640.0,2048.0,0.0,2048.0,128.0,128.0,56.0,48.0,0.0,0.0,8.0,0.0
0.3125,26,Improved-gOMP,baseline,3400.0,640.0,2048.0,0.0,0.0,0.0,464.0,56.0,48.0,48.0,48.0,48.0,0.0
0.3125,26,Improved-gOMP,optimized,4344.0,640.0,2048.0,0.0,1352.0,104.0,104.0,48.0,40.0,0.0,0.0,8.0,0.0
0.3125,27,Improved-gOMP,baseline,3400.0,640.0,2048.0,0.0,0.0,0.0,464.0,56.0,48.0,48.0,48.0,48.0,0.0
0.3125,27,Improved-gOMP,optimized,5104.0,640.0,2048.0,0.0,2048.0,128.0,128.0,56.0,48.0,0.0,0.0,8.0,0.0
0.3125,28,Improved-gOMP,baseline,3368.0,640.0,2048.0,0.0,0.0,0.0,432.0,56.0,48.0,48.0,48.0,48.0,0.0
0.3125,28,Improved-gOMP,optimized,4128.0,640.0,2048.0,0.0,1152.0,96.0,96.0,48.0,40.0,0.0,0.0,8.0,0.0
0.3125,29,Improved-gOMP,baseline,3400.0,640.0,2048.0,0.0,0.0,0.0,464.0,56.0,48.0,48.0,48.0,48.0,0.0
0.3125,29,Improved-gOMP,optimized,5104.0,640.0,2048.0,0.0,2048.0,128.0,128.0,56.0,48.0,0.0,0.0,8.0,0.0
0.3125,30,Improved-gOMP,baseline,3368.0,640.0,2048.0,0.0,0.0,0.0,432.0,56.0,48.0,48.0,48.0,48.0,0.0
0.3125,30,Improved-gOMP,optimized,4840.0,640.0,2048.0,0.0,1800.0,120.0,120.0,56.0,48.0,0.0,0.0,8.0,0.0
0.3125,31,Improved-gOMP,baseline,3424.0,640.0,2048.0,0.0,0.0,0.0,488.0,56.0,48.0,48.0,48.0,48.0,0.0
0.3125,31,Improved-gOMP,optimized,4344.0,640.0,2048.0,0.0,1352.0,104.0,104.0,48.0,40.0,0.0,0.0,8.0,0.0
0.3125,32,Improved-gOMP,baseline,3400.0,640.0,2048.0,0.0,0.0,0.0,464.0,56.0,48.0,48.0,48.0,48.0,0.0
0.3125,32,Improved-gOMP,optimized,5104.0,640.0,2048.0,0.0,2048.0,128.0,128.0,56.0,48.0,0.0,0.0,8.0,0.0
0.3125,33,Improved-gOMP,baseline,3400.0,640.0,2048.0,0.0,0.0,0.0,464.0,56.0,48.0,48.0,48.0,48.0,0.0
0.3125,33,Improved-gOMP,optimized,5104.0,640.0,2048.0,0.0,2048.0,128.0,128.0,56.0,48.0,0.0,0.0,8.0,0.0
0.3125,34,Improved-gOMP,baseline,3208.0,640.0,2048.0,0.0,0.0,0.0,312.0,48.0,40.0,40.0,40.0,40.0,0.0
0.3125,34,Improved-gOMP,optimized,4840.0,640.0,2048.0,0.0,1800.0,120.0,120.0,56.0,48.0,0.0,0.0,8.0,0.0
0.3125,35,Improved-gOMP,baseline,3400.0,640.0,2048.0,0.0,0.0,0.0,464.0,56.0,48.0,48.0,48.0,48.0,0.0
0.3125,35,Improved-gOMP,optimized,5104.0,640.0,2048.0,0.0,2048.0,128.0,128.0,56.0,48.0,0.0,0.0,8.0,0.0
0.3125,36,Improved-gOMP,baseline,3232.0,640.0,2048.0,0.0,0.0,0.0,336.0,48.0,40.0,40.0,40.0,40.0,0.0
0.3125,36,Improved-gOMP,optimized,4344.0,640.0,2048.0,0.0,1352.0,104.0,104.0,48.0,40.0,0.0,0.0,8.0,0.0
0.3125,37,Improved-gOMP,baseline,3256.0,640.0,2048.0,0.0,0.0,0.0,360.0,48.0,40.0,40.0,40.0,40.0,0.0
0.3125,37,Improved-gOMP,optimized,4344.0,640.0,2048.0,0.0,1352.0,104.0,104.0,48.0,40.0,0.0,0.0,8.0,0.0
0.3125,38,Improved-gOMP,baseline,3256.0,640.0,2048.0,0.0,0.0,0.0,360.0,48.0,40.0,40.0,40.0,40.0,0.0
0.3125,38,Improved-gOMP,optimized,4824.0,640.0,2048.0,0.0,1800.0,120.0,120.0,48.0,40.0,0.0,0.0,8.0,0.0
0.3125,39,Improved-gOMP,baseline,3400.0,640.0,2048.0,0.0,0.0,0.0,464.0,56.0,48.0,48.0,48.0,48.0,0.0
0.3125,39,Improved-gOMP,optimized,5104.0,640.0,2048.0,0.0,2048.0,128.0,128.0,56.0,48.0,0.0,0.0,8.0,0.0
0.3125,40,Improved-gOMP,baseline,3400.0,640.0,2048.0,0.0,0.0,0.0,464.0,56.0,48.0,48.0,48.0,48.0,0.0
0.3125,40,Improved-gOMP,optimized,5104.0,640.0,2048.0,0.0,2048.0,128.0,128.0,56.0,48.0,0.0,0.0,8.0,0.0
0.3125,41,Improved-gOMP,baseline,3256.0,640.0,2048.0,0.0,0.0,0.0,360.0,48.0,40.0,40.0,40.0,40.0,0.0
0.3125,41,Improved-gOMP,optimized,5104.0,640.0,2048.0,0.0,2048.0,128.0,128.0,56.0,48.0,0.0,0.0,8.0,0.0
0.3125,42,Improved-gOMP,baseline,3424.0,640.0,2048.0,0.0,0.0,0.0,488.0,56.0,48.0,48.0,48.0,48.0,0.0
0.3125,42,Improved-gOMP,optimized,5104.0,640.0,2048.0,0.0,2048.0,128.0,128.0,56.0,48.0,0.0,0.0,8.0,0.0
0.3125,43,Improved-gOMP,baseline,3400.0,640.0,2048.0,0.0,0.0,0.0,464.0,56.0,48.0,48.0,48.0,48.0,0.0
0.3125,43,Improved-gOMP,optimized,4128.0,640.0,2048.0,0.0,1152.0,96.0,96.0,48.0,40.0,0.0,0.0,8.0,0.0
0.3125,44,Improved-gOMP,baseline,3400.0,640.0,2048.0,0.0,0.0,0.0,464.0,56.0,48.0,48.0,48.0,48.0,0.0
0.3125,44,Improved-gOMP,optimized,4344.0,640.0,2048.0,0.0,1352.0,104.0,104.0,48.0,40.0,0.0,0.0,8.0,0.0
0.3125,45,Improved-gOMP,baseline,3400.0,640.0,2048.0,0.0,0.0,0.0,464.0,56.0,48.0,48.0,48.0,48.0,0.0
0.3125,45,Improved-gOMP,optimized,5104.0,640.0,2048.0,0.0,2048.0,128.0,128.0,56.0,48.0,0.0,0.0,8.0,0.0
0.3125,46,Improved-gOMP,baseline,3400.0,640.0,2048.0,0.0,0.0,0.0,464.0,56.0,48.0,48.0,48.0,48.0,0.0
0.3125,46,Improved-gOMP,optimized,4344.0,640.0,2048.0,0.0,1352.0,104.0,104.0,48.0,40.0,0.0,0.0,8.0,0.0
0.3125,47,Improved-gOMP,baseline,3536.0,640.0,2048.0,0.0,0.0,0.0,560.0,64.0,56.0,56.0,56.0,56.0,0.0
0.3125,47,Improved-gOMP,optimized,5120.0,640.0,2048.0,0.0,2048.0,128.0,128.0,64.0,56.0,0.0,0.0,8.0,0.0
0.3125,48,Improved-gOMP,baseline,3368.0,640.0,2048.0,0.0,0.0,0.0,432.0,56.0,48.0,48.0,48.0,48.0,0.0
0.3125,48,Improved-gOMP,optimized,4128.0,640.0,2048.0,0.0,1152.0,96.0,96.0,48.0,40.0,0.0,0.0,8.0,0.0
0.3125,49,Improved-gOMP,baseline,3400.0,640.0,2048.0,0.0,0.0,0.0,464.0,56.0,48.0,48.0,48.0,48.0,0.0
0.3125,49,Improved-gOMP,optimized,5104.0,640.0,2048.0,0.0,2048.0,128.0,128.0,56.0,48.0,0.0,0.0,8.0,0.0
0.3125,50,Improved-gOMP,baseline,3400.0,640.0,2048.0,0.0,0.0,0.0,464.0,56.0,48.0,48.0,48.0,48.0,0.0
0.3125,50,Improved-gOMP,optimized,4128.0,640.0,2048.0,0.0,1152.0,96.0,96.0,48.0,40.0,0.0,0.0,8.0,0.0
0.3125,51,Improved-gOMP,baseline,3400.0,640.0,2048.0,0.0,0.0,0.0,464.0,56.0,48.0,48.0,48.0,48.0,0.0
0.3125,51,Improved-gOMP,optimized,5104.0,640.0,2048.0,0.0,2048.0,128.0,128.0,56.0,48.0,0.0,0.0,8.0,0.0
0.3125,52,Improved-gOMP,baseline,3400.0,640.0,2048.0,0.0,0.0,0.0,464.0,56.0,48.0,48.0,48.0,48.0,0.0
0.3125,52,Improved-gOMP,optimized,4840.0,640.0,2048.0,0.0,1800.0,120.0,120.0,56.0,48.0,0.0,0.0,8.0,0.0
0.3125,53,Improved-gOMP,baseline,3424.0,640.0,2048.0,0.0,0.0,0.0,488.0,56.0,48.0,48.0,48.0,48.0,0.0
0.3125,53,Improved-gOMP,optimized,5104.0,640.0,2048.0,0.0,2048.0,128.0,128.0,56.0,48.0,0.0,0.0,8.0,0.0
0.3125,54,Improved-gOMP,baseline,3424.0,640.0,2048.0,0.0,0.0,0.0,488.0,56.0,48.0,48.0,48.0,48.0,0.0
0.3125,54,Improved-gOMP,optimized,5104.0,640.0,2048.0,0.0,2048.0,128.0,128.0,56.0,48.0,0.0,0.0,8.0,0.0
0.3125,55,Improved-gOMP,baseline,3400.0,640.0,2048.0,0.0,0.0,0.0,464.0,56.0,48.0,48.0,48.0,48.0,0.0
0.3125,55,Improved-gOMP,optimized,4344.0,640.0,2048.0,0.0,1352.0,104.0,104.0,48.0,40.0,0.0,0.0,8.0,0.0
0.3125,56,Improved-gOMP,baseline,3400.0,640.0,2048.0,0.0,0.0,0.0,464.0,56.0,48.0,48.0,48.0,48.0,0.0
0.3125,56,Improved-gOMP,optimized,5104.0,640.0,2048.0,0.0,2048.0,128.0,128.0,56.0,48.0,0.0,0.0,8.0,0.0
0.3125,57,Improved-gOMP,baseline,3232.0,640.0,2048.0,0.0,0.0,0.0,336.0,48.0,40.0,40.0,40.0,40.0,0.0
0.3125,57,Improved-gOMP,optimized,4344.0,640.0,2048.0,0.0,1352.0,104.0,104.0,48.0,40.0,0.0,0.0,8.0,0.0
0.3125,58,Improved-gOMP,baseline,3400.0,640.0,2048.0,0.0,0.0,0.0,464.0,56.0,48.0,48.0,48.0,48.0,0.0
0.3125,58,Improved-gOMP,optimized,4344.0,640.0,2048.0,0.0,1352.0,104.0,104.0,48.0,40.0,0.0,0.0,8.0,0.0
0.3125,59,Improved-gOMP,baseline,3424.0,640.0,2048.0,0.0,0.0,0.0,488.0,56.0,48.0,48.0,48.0,48.0,0.0
0.3125,59,Improved-gOMP,optimized,5104.0,640.0,2048.0,0.0,2048.0,128.0,128.0,56.0,48.0,0.0,0.0,8.0,0.0
0.3125,60,Improved-gOMP,baseline,3400.0,640.0,2048.0,0.0,0.0,0.0,464.0,56.0,48.0,48.0,48.0,48.0,0.0
0.3125,60,Improved-gOMP,optimized,5104.0,640.0,2048.0,0.0,2048.0,128.0,128.0,56.0,48.0,0.0,0.0,8.0,0.0
0.3125,61,Improved-gOMP,baseline,3400.0,640.0,2048.0,0.0,0.0,0.0,464.0,56.0,48.0,48.0,48.0,48.0,0.0
0.3125,61,Improved-gOMP,optimized,5104.0,640.0,2048.0,0.0,2048.0,128.0,128.0,56.0,48.0,0.0,0.0,8.0,0.0
0.3125,62,Improved-gOMP,baseline,3400.0,640.0,2048.0,0.0,0.0,0.0,464.0,56.0,48.0,48.0,48.0,48.0,0.0
0.3125,62,Improved-gOMP,optimized,5104.0,640.0,2048.0,0.0,2048.0,128.0,128.0,56.0,48.0,0.0,0.0,8.0,0.0
0.3125,63,Improved-gOMP,baseline,3424.0,640.0,2048.0,0.0,0.0,0.0,488.0,56.0,48.0,48.0,48.0,48.0,0.0
0.3125,63,Improved-gOMP,optimized,5104.0,640.0,2048.0,0.0,2048.0,128.0,128.0,56.0,48.0,0.0,0.0,8.0,0.0
0.3125,64,Improved-gOMP,baseline,3400.0,640.0,2048.0,0.0,0.0,0.0,464.0,56.0,48.0,48.0,48.0,48.0,0.0
0.3125,64,Improved-gOMP,optimized,5104.0,640.0,2048.0,0.0,2048.0,128.0,128.0,56.0,48.0,0.0,0.0,8.0,0.0
0.3125,65,Improved-gOMP,baseline,3424.0,640.0,2048.0,0.0,0.0,0.0,488.0,56.0,48.0,48.0,48.0,48.0,0.0
0.3125,65,Improved-gOMP,optimized,5104.0,640.0,2048.0,0.0,2048.0,128.0,128.0,56.0,48.0,0.0,0.0,8.0,0.0
0.3125,66,Improved-gOMP,baseline,3400.0,640.0,2048.0,0.0,0.0,0.0,464.0,56.0,48.0,48.0,48.0,48.0,0.0
0.3125,66,Improved-gOMP,optimized,5104.0,640.0,2048.0,0.0,2048.0,128.0,128.0,56.0,48.0,0.0,0.0,8.0,0.0
0.3125,67,Improved-gOMP,baseline,3400.0,640.0,2048.0,0.0,0.0,0.0,464.0,56.0,48.0,48.0,48.0,48.0,0.0
0.3125,67,Improved-gOMP,optimized,4840.0,640.0,2048.0,0.0,1800.0,120.0,120.0,56.0,48.0,0.0,0.0,8.0,0.0
0.3125,68,Improved-gOMP,baseline,3424.0,640.0,2048.0,0.0,0.0,0.0,488.0,56.0,48.0,48.0,48.0,48.0,0.0
0.3125,68,Improved-gOMP,optimized,5104.0,640.0,2048.0,0.0,2048.0,128.0,128.0,56.0,48.0,0.0,0.0,8.0,0.0
0.3125,69,Improved-gOMP,baseline,3424.0,640.0,2048.0,0.0,0.0,0.0,488.0,56.0,48.0,48.0,48.0,48.0,0.0
0.3125,69,Improved-gOMP,optimized,5104.0,640.0,2048.0,0.0,2048.0,128.0,128.0,56.0,48.0,0.0,0.0,8.0,0.0
0.3125,70,Improved-gOMP,baseline,3424.0,640.0,2048.0,0.0,0.0,0.0,488.0,56.0,48.0,48.0,48.0,48.0,0.0
0.3125,70,Improved-gOMP,optimized,5104.0,640.0,2048.0,0.0,2048.0,128.0,128.0,56.0,48.0,0.0,0.0,8.0,0.0
0.3125,71,Improved-gOMP,baseline,3368.0,640.0,2048.0,0.0,0.0,0.0,432.0,56.0,48.0,48.0,48.0,48.0,0.0
0.3125,71,Improved-gOMP,optimized,5104.0,640.0,2048.0,0.0,2048.0,128.0,128.0,56.0,48.0,0.0,0.0,8.0,0.0
0.3125,72,Improved-gOMP,baseline,3400.0,640.0,2048.0,0.0,0.0,0.0,464.0,56.0,48.0,48.0,48.0,48.0,0.0
0.3125,72,Improved-gOMP,optimized,4344.0,640.0,2048.0,0.0,1352.0,104.0,104.0,48.0,40.0,0.0,0.0,8.0,0.0
0.3125,73,Improved-gOMP,baseline,3232.0,640.0,2048.0,0.0,0.0,0.0,336.0,48.0,40.0,40.0,40.0,40.0,0.0
0.3125,73,Improved-gOMP,optimized,3912.0,640.0,2048.0,0.0,968.0,88.0,88.0,40.0,32.0,0.0,0.0,8.0,0.0
0.3125,74,Improved-gOMP,baseline,3424.0,640.0,2048.0,0.0,0.0,0.0,488.0,56.0,48.0,48.0,48.0,48.0,0.0
0.3125,74,Improved-gOMP,optimized,5104.0,640.0,2048.0,0.0,2048.0,128.0,128.0,56.0,48.0,0.0,0.0,8.0,0.0
0.3125,75,Improved-gOMP,baseline,3256.0,640.0,2048.0,0.0,0.0,0.0,360.0,48.0,40.0,40.0,40.0,40.0,0.0
0.3125,75,Improved-gOMP,optimized,4344.0,640.0,2048.0,0.0,1352.0,104.0,104.0,48.0,40.0,0.0,0.0,8.0,0.0
0.3125,76,Improved-gOMP,baseline,3424.0,640.0,2048.0,0.0,0.0,0.0,488.0,56.0,48.0,48.0,48.0,48.0,0.0
0.3125,76,Improved-gOMP,optimized,5104.0,640.0,2048.0,0.0,2048.0,128.0,128.0,56.0,48.0,0.0,0.0,8.0,0.0
0.3125,77,Improved-gOMP,baseline,3400.0,640.0,2048.0,0.0,0.0,0.0,464.0,56.0,48.0,48.0,48.0,48.0,0.0
0.3125,77,Improved-gOMP,optimized,5104.0,640.0,2048.0,0.0,2048.0,128.0,128.0,56.0,48.0,0.0,0.0,8.0,0.0
0.3125,78,Improved-gOMP,baseline,3424.0,640.0,2048.0,0.0,0.0,0.0,488.0,56.0,48.0,48.0,48.0,48.0,0.0
0.3125,78,Improved-gOMP,optimized,5104.0,640.0,2048.0,0.0,2048.0,128.0,128.0,56.0,48.0,0.0,0.0,8.0,0.0
0.3125,79,Improved-gOMP,baseline,3400.0,640.0,2048.0,0.0,0.0,0.0,464.0,56.0,48.0,48.0,48.0,48.0,0.0
0.3125,79,Improved-gOMP,optimized,4344.0,640.0,2048.0,0.0,1352.0,104.0,104.0,48.0,40.0,0.0,0.0,8.0,0.0
0.3125,80,Improved-gOMP,baseline,3400.0,640.0,2048.0,0.0,0.0,0.0,464.0,56.0,48.0,48.0,48.0,48.0,0.0
0.3125,80,Improved-gOMP,optimized,4840.0,640.0,2048.0,0.0,1800.0,120.0,120.0,56.0,48.0,0.0,0.0,8.0,0.0
0.3125,81,Improved-gOMP,baseline,3400.0,640.0,2048.0,0.0,0.0,0.0,464.0,56.0,48.0,48.0,48.0,48.0,0.0
0.3125,81,Improved-gOMP,optimized,4840.0,640.0,2048.0,0.0,1800.0,120.0,120.0,56.0,48.0,0.0,0.0,8.0,0.0
0.3125,82,Improved-gOMP,baseline,3424.0,640.0,2048.0,0.0,0.0,0.0,488.0,56.0,48.0,48.0,48.0,48.0,0.0
0.3125,82,Improved-gOMP,optimized,5104.0,640.0,2048.0,0.0,2048.0,128.0,128.0,56.0,48.0,0.0,0.0,8.0,0.0
0.3125,83,Improved-gOMP,baseline,3400.0,640.0,2048.0,0.0,0.0,0.0,464.0,56.0,48.0,48.0,48.0,48.0,0.0
0.3125,83,Improved-gOMP,optimized,5120.0,640.0,2048.0,0.0,2048.0,128.0,128.0,64.0,56.0,0.0,0.0,8.0,0.0
0.3125,84,Improved-gOMP,baseline,3400.0,640.0,2048.0,0.0,0.0,0.0,464.0,56.0,48.0,48.0,48.0,48.0,0.0
0.3125,84,Improved-gOMP,optimized,4840.0,640.0,2048.0,0.0,1800.0,120.0,120.0,56.0,48.0,0.0,0.0,8.0,0.0
0.3125,85,Improved-gOMP,baseline,3400.0,640.0,2048.0,0.0,0.0,0.0,464.0,56.0,48.0,48.0,48.0,48.0,0.0
0.3125,85,Improved-gOMP,optimized,5104.0,640.0,2048.0,0.0,2048.0,128.0,128.0,56.0,48.0,0.0,0.0,8.0,0.0
0.3125,86,Improved-gOMP,baseline,3400.0,640.0,2048.0,0.0,0.0,0.0,464.0,56.0,48.0,48.0,48.0,48.0,0.0
0.3125,86,Improved-gOMP,optimized,5104.0,640.0,2048.0,0.0,2048.0,128.0,128.0,56.0,48.0,0.0,0.0,8.0,0.0
0.3125,87,Improved-gOMP,baseline,3400.0,640.0,2048.0,0.0,0.0,0.0,464.0,56.0,48.0,48.0,48.0,48.0,0.0
0.3125,87,Improved-gOMP,optimized,5104.0,640.0,2048.0,0.0,2048.0,128.0,128.0,56.0,48.0,0.0,0.0,8.0,0.0
0.3125,88,Improved-gOMP,baseline,3424.0,640.0,2048.0,0.0,0.0,0.0,488.0,56.0,48.0,48.0,48.0,48.0,0.0
0.3125,88,Improved-gOMP,optimized,5104.0,640.0,2048.0,0.0,2048.0,128.0,128.0,56.0,48.0,0.0,0.0,8.0,0.0
0.3125,89,Improved-gOMP,baseline,3400.0,640.0,2048.0,0.0,0.0,0.0,464.0,56.0,48.0,48.0,48.0,48.0,0.0
0.3125,89,Improved-gOMP,optimized,5104.0,640.0,2048.0,0.0,2048.0,128.0,128.0,56.0,48.0,0.0,0.0,8.0,0.0
0.3125,90,Improved-gOMP,baseline,3400.0,640.0,2048.0,0.0,0.0,0.0,464.0,56.0,48.0,48.0,48.0,48.0,0.0
0.3125,90,Improved-gOMP,optimized,5104.0,640.0,2048.0,0.0,2048.0,128.0,128.0,56.0,48.0,0.0,0.0,8.0,0.0
0.3125,91,Improved-gOMP,baseline,3400.0,640.0,2048.0,0.0,0.0,0.0,464.0,56.0,48.0,48.0,48.0,48.0,0.0
0.3125,91,Improved-gOMP,optimized,5104.0,640.0,2048.0,0.0,2048.0,128.0,128.0,56.0,48.0,0.0,0.0,8.0,0.0
0.3125,92,Improved-gOMP,baseline,3400.0,640.0,2048.0,0.0,0.0,0.0,464.0,56.0,48.0,48.0,48.0,48.0,0.0
0.3125,92,Improved-gOMP,optimized,5104.0,640.0,2048.0,0.0,2048.0,128.0,128.0,56.0,48.0,0.0,0.0,8.0,0.0
0.3125,93,Improved-gOMP,baseline,3400.0,640.0,2048.0,0.0,0.0,0.0,464.0,56.0,48.0,48.0,48.0,48.0,0.0
0.3125,93,Improved-gOMP,optimized,4344.0,640.0,2048.0,0.0,1352.0,104.0,104.0,48.0,40.0,0.0,0.0,8.0,0.0
0.3125,94,Improved-gOMP,baseline,3424.0,640.0,2048.0,0.0,0.0,0.0,488.0,56.0,48.0,48.0,48.0,48.0,0.0
0.3125,94,Improved-gOMP,optimized,5104.0,640.0,2048.0,0.0,2048.0,128.0,128.0,56.0,48.0,0.0,0.0,8.0,0.0
0.3125,95,Improved-gOMP,baseline,3400.0,640.0,2048.0,0.0,0.0,0.0,464.0,56.0,48.0,48.0,48.0,48.0,0.0
0.3125,95,Improved-gOMP,optimized,5104.0,640.0,2048.0,0.0,2048.0,128.0,128.0,56.0,48.0,0.0,0.0,8.0,0.0
0.3125,96,Improved-gOMP,baseline,3256.0,640.0,2048.0,0.0,0.0,0.0,360.0,48.0,40.0,40.0,40.0,40.0,0.0
0.3125,96,Improved-gOMP,optimized,4344.0,640.0,2048.0,0.0,1352.0,104.0,104.0,48.0,40.0,0.0,0.0,8.0,0.0
0.3125,97,Improved-gOMP,baseline,3232.0,640.0,2048.0,0.0,0.0,0.0,336.0,48.0,40.0,40.0,40.0,40.0,0.0
0.3125,97,Improved-gOMP,optimized,4824.0,640.0,2048.0,0.0,1800.0,120.0,120.0,48.0,40.0,0.0,0.0,8.0,0.0
0.3125,98,Improved-gOMP,baseline,3368.0,640.0,2048.0,0.0,0.0,0.0,432.0,56.0,48.0,48.0,48.0,48.0,0.0
0.3125,98,Improved-gOMP,optimized,4840.0,640.0,2048.0,0.0,1800.0,120.0,120.0,56.0,48.0,0.0,0.0,8.0,0.0
0.3125,99,Improved-gOMP,baseline,3424.0,640.0,2048.0,0.0,0.0,0.0,488.0,56.0,48.0,48.0,48.0,48.0,0.0
0.3125,99,Improved-gOMP,optimized,5104.0,640.0,2048.0,0.0,2048.0,128.0,128.0,56.0,48.0,0.0,0.0,8.0,0.0
0.3125,100,Improved-gOMP,baseline,3400.0,640.0,2048.0,0.0,0.0,0.0,464.0,56.0,48.0,48.0,48.0,48.0,0.0
0.3125,100,Improved-gOMP,optimized,5104.0,640.0,2048.0,0.0,2048.0,128.0,128.0,56.0,48.0,0.0,0.0,8.0,0.0
0.3125,101,Improved-gOMP,baseline,3400.0,640.0,2048.0,0.0,0.0,0.0,464.0,56.0,48.0,48.0,48.0,48.0,0.0
0.3125,101,Improved-gOMP,optimized,5104.0,640.0,2048.0,0.0,2048.0,128.0,128.0,56.0,48.0,0.0,0.0,8.0,0.0
0.3125,102,Improved-gOMP,baseline,3424.0,640.0,2048.0,0.0,0.0,0.0,488.0,56.0,48.0,48.0,48.0,48.0,0.0
0.3125,102,Improved-gOMP,optimized,5104.0,640.0,2048.0,0.0,2048.0,128.0,128.0,56.0,48.0,0.0,0.0,8.0,0.0
0.3125,103,Improved-gOMP,baseline,3368.0,640.0,2048.0,0.0,0.0,0.0,432.0,56.0,48.0,48.0,48.0,48.0,0.0
0.3125,103,Improved-gOMP,optimized,4840.0,640.0,2048.0,0.0,1800.0,120.0,120.0,56.0,48.0,0.0,0.0,8.0,0.0
0.3125,104,Improved-gOMP,baseline,3208.0,640.0,2048.0,0.0,0.0,0.0,312.0,48.0,40.0,40.0,40.0,40.0,0.0
0.3125,104,Improved-gOMP,optimized,4128.0,640.0,2048.0,0.0,1152.0,96.0,96.0,48.0,40.0,0.0,0.0,8.0,0.0
0.3125,105,Improved-gOMP,baseline,3400.0,640.0,2048.0,0.0,0.0,0.0,464.0,56.0,48.0,48.0,48.0,48.0,0.0
0.3125,105,Improved-gOMP,optimized,5104.0,640.0,2048.0,0.0,2048.0,128.0,128.0,56.0,48.0,0.0,0.0,8.0,0.0
0.3125,106,Improved-gOMP,baseline,3424.0,640.0,2048.0,0.0,0.0,0.0,488.0,56.0,48.0,48.0,48.0,48.0,0.0
0.3125,106,Improved-gOMP,optimized,4128.0,640.0,2048.0,0.0,1152.0,96.0,96.0,48.0,40.0,0.0,0.0,8.0,0.0
0.3125,107,Improved-gOMP,baseline,3424.0,640.0,2048.0,0.0,0.0,0.0,488.0,56.0,48.0,48.0,48.0,48.0,0.0
0.3125,107,Improved-gOMP,optimized,5104.0,640.0,2048.0,0.0,2048.0,128.0,128.0,56.0,48.0,0.0,0.0,8.0,0.0
0.3125,108,Improved-gOMP,baseline,3424.0,640.0,2048.0,0.0,0.0,0.0,488.0,56.0,48.0,48.0,48.0,48.0,0.0
0.3125,108,Improved-gOMP,optimized,4344.0,640.0,2048.0,0.0,1352.0,104.0,104.0,48.0,40.0,0.0,0.0,8.0,0.0
0.3125,109,Improved-gOMP,baseline,3232.0,640.0,2048.0,0.0,0.0,0.0,336.0,48.0,40.0,40.0,40.0,40.0,0.0
0.3125,109,Improved-gOMP,optimized,5104.0,640.0,2048.0,0.0,2048.0,128.0,128.0,56.0,48.0,0.0,0.0,8.0,0.0
0.3125,110,Improved-gOMP,baseline,3424.0,640.0,2048.0,0.0,0.0,0.0,488.0,56.0,48.0,48.0,48.0,48.0,0.0
0.3125,110,Improved-gOMP,optimized,5104.0,640.0,2048.0,0.0,2048.0,128.0,128.0,56.0,48.0,0.0,0.0,8.0,0.0
0.3125,111,Improved-gOMP,baseline,3400.0,640.0,2048.0,0.0,0.0,0.0,464.0,56.0,48.0,48.0,48.0,48.0,0.0
0.3125,111,Improved-gOMP,optimized,5104.0,640.0,2048.0,0.0,2048.0,128.0,128.0,56.0,48.0,0.0,0.0,8.0,0.0
0.3125,112,Improved-gOMP,baseline,3400.0,640.0,2048.0,0.0,0.0,0.0,464.0,56.0,48.0,48.0,48.0,48.0,0.0
0.3125,112,Improved-gOMP,optimized,4344.0,640.0,2048.0,0.0,1352.0,104.0,104.0,48.0,40.0,0.0,0.0,8.0,0.0
0.3125,113,Improved-gOMP,baseline,3424.0,640.0,2048.0,0.0,0.0,0.0,488.0,56.0,48.0,48.0,48.0,48.0,0.0
0.3125,113,Improved-gOMP,optimized,5104.0,640.0,2048.0,0.0,2048.0,128.0,128.0,56.0,48.0,0.0,0.0,8.0,0.0
0.3125,114,Improved-gOMP,baseline,3400.0,640.0,2048.0,0.0,0.0,0.0,464.0,56.0,48.0,48.0,48.0,48.0,0.0
0.3125,114,Improved-gOMP,optimized,5104.0,640.0,2048.0,0.0,2048.0,128.0,128.0,56.0,48.0,0.0,0.0,8.0,0.0
0.3125,115,Improved-gOMP,baseline,3400.0,640.0,2048.0,0.0,0.0,0.0,464.0,56.0,48.0,48.0,48.0,48.0,0.0
0.3125,115,Improved-gOMP,optimized,4344.0,640.0,2048.0,0.0,1352.0,104.0,104.0,48.0,40.0,0.0,0.0,8.0,0.0
0.3125,116,Improved-gOMP,baseline,3400.0,640.0,2048.0,0.0,0.0,0.0,464.0,56.0,48.0,48.0,48.0,48.0,0.0
0.3125,116,Improved-gOMP,optimized,5120.0,640.0,2048.0,0.0,2048.0,128.0,128.0,64.0,56.0,0.0,0.0,8.0,0.0
0.3125,117,Improved-gOMP,baseline,3232.0,640.0,2048.0,0.0,0.0,0.0,336.0,48.0,40.0,40.0,40.0,40.0,0.0
0.3125,117,Improved-gOMP,optimized,4344.0,640.0,2048.0,0.0,1352.0,104.0,104.0,48.0,40.0,0.0,0.0,8.0,0.0
0.3125,118,Improved-gOMP,baseline,3424.0,640.0,2048.0,0.0,0.0,0.0,488.0,56.0,48.0,48.0,48.0,48.0,0.0
0.3125,118,Improved-gOMP,optimized,5104.0,640.0,2048.0,0.0,2048.0,128.0,128.0,56.0,48.0,0.0,0.0,8.0,0.0
0.3125,119,Improved-gOMP,baseline,3424.0,640.0,2048.0,0.0,0.0,0.0,488.0,56.0,48.0,48.0,48.0,48.0,0.0
0.3125,119,Improved-gOMP,optimized,5104.0,640.0,2048.0,0.0,2048.0,128.0,128.0,56.0,48.0,0.0,0.0,8.0,0.0
0.3125,120,Improved-gOMP,baseline,3232.0,640.0,2048.0,0.0,0.0,0.0,336.0,48.0,40.0,40.0,40.0,40.0,0.0
0.3125,120,Improved-gOMP,optimized,4344.0,640.0,2048.0,0.0,1352.0,104.0,104.0,48.0,40.0,0.0,0.0,8.0,0.0
0.3125,121,Improved-gOMP,baseline,3424.0,640.0,2048.0,0.0,0.0,0.0,488.0,56.0,48.0,48.0,48.0,48.0,0.0
0.3125,121,Improved-gOMP,optimized,5104.0,640.0,2048.0,0.0,2048.0,128.0,128.0,56.0,48.0,0.0,0.0,8.0,0.0
0.3125,122,Improved-gOMP,baseline,3400.0,640.0,2048.0,0.0,0.0,0.0,464.0,56.0,48.0,48.0,48.0,48.0,0.0
0.3125,122,Improved-gOMP,optimized,4344.0,640.0,2048.0,0.0,1352.0,104.0,104.0,48.0,40.0,0.0,0.0,8.0,0.0
0.3125,123,Improved-gOMP,baseline,3400.0,640.0,2048.0,0.0,0.0,0.0,464.0,56.0,48.0,48.0,48.0,48.0,0.0
0.3125,123,Improved-gOMP,optimized,4128.0,640.0,2048.0,0.0,1152.0,96.0,96.0,48.0,40.0,0.0,0.0,8.0,0.0
0.3125,124,Improved-gOMP,baseline,3424.0,640.0,2048.0,0.0,0.0,0.0,488.0,56.0,48.0,48.0,48.0,48.0,0.0
0.3125,124,Improved-gOMP,optimized,4344.0,640.0,2048.0,0.0,1352.0,104.0,104.0,48.0,40.0,0.0,0.0,8.0,0.0
0.3125,125,Improved-gOMP,baseline,3232.0,640.0,2048.0,0.0,0.0,0.0,336.0,48.0,40.0,40.0,40.0,40.0,0.0
0.3125,125,Improved-gOMP,optimized,4344.0,640.0,2048.0,0.0,1352.0,104.0,104.0,48.0,40.0,0.0,0.0,8.0,0.0
0.3125,126,Improved-gOMP,baseline,3424.0,640.0,2048.0,0.0,0.0,0.0,488.0,56.0,48.0,48.0,48.0,48.0,0.0
0.3125,126,Improved-gOMP,optimized,5104.0,640.0,2048.0,0.0,2048.0,128.0,128.0,56.0,48.0,0.0,0.0,8.0,0.0
0.3125,127,Improved-gOMP,baseline,3400.0,640.0,2048.0,0.0,0.0,0.0,464.0,56.0,48.0,48.0,48.0,48.0,0.0
0.3125,127,Improved-gOMP,optimized,4344.0,640.0,2048.0,0.0,1352.0,104.0,104.0,48.0,40.0,0.0,0.0,8.0,0.0
0.3125,128,Improved-gOMP,baseline,3400.0,640.0,2048.0,0.0,0.0,0.0,464.0,56.0,48.0,48.0,48.0,48.0,0.0
0.3125,128,Improved-gOMP,optimized,5104.0,640.0,2048.0,0.0,2048.0,128.0,128.0,56.0,48.0,0.0,0.0,8.0,0.0
0.3125,129,Improved-gOMP,baseline,3424.0,640.0,2048.0,0.0,0.0,0.0,488.0,56.0,48.0,48.0,48.0,48.0,0.0
0.3125,129,Improved-gOMP,optimized,4824.0,640.0,2048.0,0.0,1800.0,120.0,120.0,48.0,40.0,0.0,0.0,8.0,0.0
0.3125,130,Improved-gOMP,baseline,3424.0,640.0,2048.0,0.0,0.0,0.0,488.0,56.0,48.0,48.0,48.0,48.0,0.0
0.3125,130,Improved-gOMP,optimized,5104.0,640.0,2048.0,0.0,2048.0,128.0,128.0,56.0,48.0,0.0,0.0,8.0,0.0
0.3125,131,Improved-gOMP,baseline,3424.0,640.0,2048.0,0.0,0.0,0.0,488.0,56.0,48.0,48.0,48.0,48.0,0.0
0.3125,131,Improved-gOMP,optimized,4824.0,640.0,2048.0,0.0,1800.0,120.0,120.0,48.0,40.0,0.0,0.0,8.0,0.0
0.3125,132,Improved-gOMP,baseline,3424.0,640.0,2048.0,0.0,0.0,0.0,488.0,56.0,48.0,48.0,48.0,48.0,0.0
0.3125,132,Improved-gOMP,optimized,5104.0,640.0,2048.0,0.0,2048.0,128.0,128.0,56.0,48.0,0.0,0.0,8.0,0.0
0.3125,133,Improved-gOMP,baseline,3208.0,640.0,2048.0,0.0,0.0,0.0,312.0,48.0,40.0,40.0,40.0,40.0,0.0
0.3125,133,Improved-gOMP,optimized,4128.0,640.0,2048.0,0.0,1152.0,96.0,96.0,48.0,40.0,0.0,0.0,8.0,0.0
0.3125,134,Improved-gOMP,baseline,3424.0,640.0,2048.0,0.0,0.0,0.0,488.0,56.0,48.0,48.0,48.0,48.0,0.0
0.3125,134,Improved-gOMP,optimized,5104.0,640.0,2048.0,0.0,2048.0,128.0,128.0,56.0,48.0,0.0,0.0,8.0,0.0
0.3125,135,Improved-gOMP,baseline,3368.0,640.0,2048.0,0.0,0.0,0.0,432.0,56.0,48.0,48.0,48.0,48.0,0.0
0.3125,135,Improved-gOMP,optimized,4128.0,640.0,2048.0,0.0,1152.0,96.0,96.0,48.0,40.0,0.0,0.0,8.0,0.0
0.3125,136,Improved-gOMP,baseline,3256.0,640.0,2048.0,0.0,0.0,0.0,360.0,48.0,40.0,40.0,40.0,40.0,0.0
0.3125,136,Improved-gOMP,optimized,4344.0,640.0,2048.0,0.0,1352.0,104.0,104.0,48.0,40.0,0.0,0.0,8.0,0.0
0.3125,137,Improved-gOMP,baseline,3424.0,640.0,2048.0,0.0,0.0,0.0,488.0,56.0,48.0,48.0,48.0,48.0,0.0
0.3125,137,Improved-gOMP,optimized,5104.0,640.0,2048.0,0.0,2048.0,128.0,128.0,56.0,48.0,0.0,0.0,8.0,0.0
0.3125,138,Improved-gOMP,baseline,3256.0,640.0,2048.0,0.0,0.0,0.0,360.0,48.0,40.0,40.0,40.0,40.0,0.0
0.3125,138,Improved-gOMP,optimized,5104.0,640.0,2048.0,0.0,2048.0,128.0,128.0,56.0,48.0,0.0,0.0,8.0,0.0
0.3125,139,Improved-gOMP,baseline,3088.0,640.0,2048.0,0.0,0.0,0.0,232.0,40.0,32.0,32.0,32.0,32.0,0.0
0.3125,139,Improved-gOMP,optimized,4344.0,640.0,2048.0,0.0,1352.0,104.0,104.0,48.0,40.0,0.0,0.0,8.0,0.0
0.3125,140,Improved-gOMP,baseline,3232.0,640.0,2048.0,0.0,0.0,0.0,336.0,48.0,40.0,40.0,40.0,40.0,0.0
0.3125,140,Improved-gOMP,optimized,3728.0,640.0,2048.0,0.0,800.0,80.0,80.0,40.0,32.0,0.0,0.0,8.0,0.0
0.3125,141,Improved-gOMP,baseline,3424.0,640.0,2048.0,0.0,0.0,0.0,488.0,56.0,48.0,48.0,48.0,48.0,0.0
0.3125,141,Improved-gOMP,optimized,5104.0,640.0,2048.0,0.0,2048.0,128.0,128.0,56.0,48.0,0.0,0.0,8.0,0.0
0.3125,142,Improved-gOMP,baseline,3400.0,640.0,2048.0,0.0,0.0,0.0,464.0,56.0,48.0,48.0,48.0,48.0,0.0
0.3125,142,Improved-gOMP,optimized,4840.0,640.0,2048.0,0.0,1800.0,120.0,120.0,56.0,48.0,0.0,0.0,8.0,0.0
0.3125,143,Improved-gOMP,baseline,3400.0,640.0,2048.0,0.0,0.0,0.0,464.0,56.0,48.0,48.0,48.0,48.0,0.0
0.3125,143,Improved-gOMP,optimized,5104.0,640.0,2048.0,0.0,2048.0,128.0,128.0,56.0,48.0,0.0,0.0,8.0,0.0
0.3125,144,Improved-gOMP,baseline,3256.0,640.0,2048.0,0.0,0.0,0.0,360.0,48.0,40.0,40.0,40.0,40.0,0.0
0.3125,144,Improved-gOMP,optimized,4344.0,640.0,2048.0,0.0,1352.0,104.0,104.0,48.0,40.0,0.0,0.0,8.0,0.0
0.3125,145,Improved-gOMP,baseline,3232.0,640.0,2048.0,0.0,0.0,0.0,336.0,48.0,40.0,40.0,40.0,40.0,0.0
0.3125,145,Improved-gOMP,optimized,4344.0,640.0,2048.0,0.0,1352.0,104.0,104.0,48.0,40.0,0.0,0.0,8.0,0.0
0.3125,146,Improved-gOMP,baseline,3424.0,640.0,2048.0,0.0,0.0,0.0,488.0,56.0,48.0,48.0,48.0,48.0,0.0
0.3125,146,Improved-gOMP,optimized,5104.0,640.0,2048.0,0.0,2048.0,128.0,128.0,56.0,48.0,0.0,0.0,8.0,0.0
0.3125,147,Improved-gOMP,baseline,3424.0,640.0,2048.0,0.0,0.0,0.0,488.0,56.0,48.0,48.0,48.0,48.0,0.0
0.3125,147,Improved-gOMP,optimized,5104.0,640.0,2048.0,0.0,2048.0,128.0,128.0,56.0,48.0,0.0,0.0,8.0,0.0
0.3125,148,Improved-gOMP,baseline,3424.0,640.0,2048.0,0.0,0.0,0.0,488.0,56.0,48.0,48.0,48.0,48.0,0.0
0.3125,148,Improved-gOMP,optimized,4824.0,640.0,2048.0,0.0,1800.0,120.0,120.0,48.0,40.0,0.0,0.0,8.0,0.0
0.3125,149,Improved-gOMP,baseline,3424.0,640.0,2048.0,0.0,0.0,0.0,488.0,56.0,48.0,48.0,48.0,48.0,0.0
0.3125,149,Improved-gOMP,optimized,5104.0,640.0,2048.0,0.0,2048.0,128.0,128.0,56.0,48.0,0.0,0.0,8.0,0.0
0.3125,150,Improved-gOMP,baseline,3208.0,640.0,2048.0,0.0,0.0,0.0,312.0,48.0,40.0,40.0,40.0,40.0,0.0
0.3125,150,Improved-gOMP,optimized,4128.0,640.0,2048.0,0.0,1152.0,96.0,96.0,48.0,40.0,0.0,0.0,8.0,0.0
0.3125,151,Improved-gOMP,baseline,3368.0,640.0,2048.0,0.0,0.0,0.0,432.0,56.0,48.0,48.0,48.0,48.0,0.0
0.3125,151,Improved-gOMP,optimized,4840.0,640.0,2048.0,0.0,1800.0,120.0,120.0,56.0,48.0,0.0,0.0,8.0,0.0
0.3125,152,Improved-gOMP,baseline,3424.0,640.0,2048.0,0.0,0.0,0.0,488.0,56.0,48.0,48.0,48.0,48.0,0.0
0.3125,152,Improved-gOMP,optimized,5104.0,640.0,2048.0,0.0,2048.0,128.0,128.0,56.0,48.0,0.0,0.0,8.0,0.0
0.3125,153,Improved-gOMP,baseline,3368.0,640.0,2048.0,0.0,0.0,0.0,432.0,56.0,48.0,48.0,48.0,48.0,0.0
0.3125,153,Improved-gOMP,optimized,4840.0,640.0,2048.0,0.0,1800.0,120.0,120.0,56.0,48.0,0.0,0.0,8.0,0.0
0.3125,154,Improved-gOMP,baseline,3424.0,640.0,2048.0,0.0,0.0,0.0,488.0,56.0,48.0,48.0,48.0,48.0,0.0
0.3125,154,Improved-gOMP,optimized,5104.0,640.0,2048.0,0.0,2048.0,128.0,128.0,56.0,48.0,0.0,0.0,8.0,0.0
0.3125,155,Improved-gOMP,baseline,3400.0,640.0,2048.0,0.0,0.0,0.0,464.0,56.0,48.0,48.0,48.0,48.0,0.0
0.3125,155,Improved-gOMP,optimized,5104.0,640.0,2048.0,0.0,2048.0,128.0,128.0,56.0,48.0,0.0,0.0,8.0,0.0
0.3125,156,Improved-gOMP,baseline,3400.0,640.0,2048.0,0.0,0.0,0.0,464.0,56.0,48.0,48.0,48.0,48.0,0.0
0.3125,156,Improved-gOMP,optimized,4344.0,640.0,2048.0,0.0,1352.0,104.0,104.0,48.0,40.0,0.0,0.0,8.0,0.0
0.3125,157,Improved-gOMP,baseline,3424.0,640.0,2048.0,0.0,0.0,0.0,488.0,56.0,48.0,48.0,48.0,48.0,0.0
0.3125,157,Improved-gOMP,optimized,4824.0,640.0,2048.0,0.0,1800.0,120.0,120.0,48.0,40.0,0.0,0.0,8.0,0.0
0.3125,158,Improved-gOMP,baseline,3424.0,640.0,2048.0,0.0,0.0,0.0,488.0,56.0,48.0,48.0,48.0,48.0,0.0
0.3125,158,Improved-gOMP,optimized,5104.0,640.0,2048.0,0.0,2048.0,128.0,128.0,56.0,48.0,0.0,0.0,8.0,0.0
0.3125,159,Improved-gOMP,baseline,3424.0,640.0,2048.0,0.0,0.0,0.0,488.0,56.0,48.0,48.0,48.0,48.0,0.0
0.3125,159,Improved-gOMP,optimized,5104.0,640.0,2048.0,0.0,2048.0,128.0,128.0,56.0,48.0,0.0,0.0,8.0,0.0
0.3125,160,Improved-gOMP,baseline,3400.0,640.0,2048.0,0.0,0.0,0.0,464.0,56.0,48.0,48.0,48.0,48.0,0.0
0.3125,160,Improved-gOMP,optimized,5104.0,640.0,2048.0,0.0,2048.0,128.0,128.0,56.0,48.0,0.0,0.0,8.0,0.0
0.3125,161,Improved-gOMP,baseline,3424.0,640.0,2048.0,0.0,0.0,0.0,488.0,56.0,48.0,48.0,48.0,48.0,0.0
0.3125,161,Improved-gOMP,optimized,5104.0,640.0,2048.0,0.0,2048.0,128.0,128.0,56.0,48.0,0.0,0.0,8.0,0.0
0.3125,162,Improved-gOMP,baseline,3424.0,640.0,2048.0,0.0,0.0,0.0,488.0,56.0,48.0,48.0,48.0,48.0,0.0
0.3125,162,Improved-gOMP,optimized,5104.0,640.0,2048.0,0.0,2048.0,128.0,128.0,56.0,48.0,0.0,0.0,8.0,0.0
0.3125,163,Improved-gOMP,baseline,3400.0,640.0,2048.0,0.0,0.0,0.0,464.0,56.0,48.0,48.0,48.0,48.0,0.0
0.3125,163,Improved-gOMP,optimized,5104.0,640.0,2048.0,0.0,2048.0,128.0,128.0,56.0,48.0,0.0,0.0,8.0,0.0
0.3125,164,Improved-gOMP,baseline,3400.0,640.0,2048.0,0.0,0.0,0.0,464.0,56.0,48.0,48.0,48.0,48.0,0.0
0.3125,164,Improved-gOMP,optimized,4344.0,640.0,2048.0,0.0,1352.0,104.0,104.0,48.0,40.0,0.0,0.0,8.0,0.0
0.3125,165,Improved-gOMP,baseline,3400.0,640.0,2048.0,0.0,0.0,0.0,464.0,56.0,48.0,48.0,48.0,48.0,0.0
0.3125,165,Improved-gOMP,optimized,5104.0,640.0,2048.0,0.0,2048.0,128.0,128.0,56.0,48.0,0.0,0.0,8.0,0.0
0.3125,166,Improved-gOMP,baseline,3424.0,640.0,2048.0,0.0,0.0,0.0,488.0,56.0,48.0,48.0,48.0,48.0,0.0
0.3125,166,Improved-gOMP,optimized,5104.0,640.0,2048.0,0.0,2048.0,128.0,128.0,56.0,48.0,0.0,0.0,8.0,0.0
0.3125,167,Improved-gOMP,baseline,3232.0,640.0,2048.0,0.0,0.0,0.0,336.0,48.0,40.0,40.0,40.0,40.0,0.0
0.3125,167,Improved-gOMP,optimized,5104.0,640.0,2048.0,0.0,2048.0,128.0,128.0,56.0,48.0,0.0,0.0,8.0,0.0
0.3125,168,Improved-gOMP,baseline,3424.0,640.0,2048.0,0.0,0.0,0.0,488.0,56.0,48.0,48.0,48.0,48.0,0.0
0.3125,168,Improved-gOMP,optimized,5104.0,640.0,2048.0,0.0,2048.0,128.0,128.0,56.0,48.0,0.0,0.0,8.0,0.0
0.3125,169,Improved-gOMP,baseline,3400.0,640.0,2048.0,0.0,0.0,0.0,464.0,56.0,48.0,48.0,48.0,48.0,0.0
0.3125,169,Improved-gOMP,optimized,5104.0,640.0,2048.0,0.0,2048.0,128.0,128.0,56.0,48.0,0.0,0.0,8.0,0.0
0.3125,170,Improved-gOMP,baseline,3400.0,640.0,2048.0,0.0,0.0,0.0,464.0,56.0,48.0,48.0,48.0,48.0,0.0
0.3125,170,Improved-gOMP,optimized,5104.0,640.0,2048.0,0.0,2048.0,128.0,128.0,56.0,48.0,0.0,0.0,8.0,0.0
0.3125,171,Improved-gOMP,baseline,3400.0,640.0,2048.0,0.0,0.0,0.0,464.0,56.0,48.0,48.0,48.0,48.0,0.0
0.3125,171,Improved-gOMP,optimized,5104.0,640.0,2048.0,0.0,2048.0,128.0,128.0,56.0,48.0,0.0,0.0,8.0,0.0
0.3125,172,Improved-gOMP,baseline,3400.0,640.0,2048.0,0.0,0.0,0.0,464.0,56.0,48.0,48.0,48.0,48.0,0.0
0.3125,172,Improved-gOMP,optimized,5104.0,640.0,2048.0,0.0,2048.0,128.0,128.0,56.0,48.0,0.0,0.0,8.0,0.0
0.3125,173,Improved-gOMP,baseline,3400.0,640.0,2048.0,0.0,0.0,0.0,464.0,56.0,48.0,48.0,48.0,48.0,0.0
0.3125,173,Improved-gOMP,optimized,4840.0,640.0,2048.0,0.0,1800.0,120.0,120.0,56.0,48.0,0.0,0.0,8.0,0.0
0.3125,174,Improved-gOMP,baseline,3424.0,640.0,2048.0,0.0,0.0,0.0,488.0,56.0,48.0,48.0,48.0,48.0,0.0
0.3125,174,Improved-gOMP,optimized,4824.0,640.0,2048.0,0.0,1800.0,120.0,120.0,48.0,40.0,0.0,0.0,8.0,0.0
0.3125,175,Improved-gOMP,baseline,3400.0,640.0,2048.0,0.0,0.0,0.0,464.0,56.0,48.0,48.0,48.0,48.0,0.0
0.3125,175,Improved-gOMP,optimized,5104.0,640.0,2048.0,0.0,2048.0,128.0,128.0,56.0,48.0,0.0,0.0,8.0,0.0
0.3125,176,Improved-gOMP,baseline,3400.0,640.0,2048.0,0.0,0.0,0.0,464.0,56.0,48.0,48.0,48.0,48.0,0.0
0.3125,176,Improved-gOMP,optimized,5104.0,640.0,2048.0,0.0,2048.0,128.0,128.0,56.0,48.0,0.0,0.0,8.0,0.0
0.3125,177,Improved-gOMP,baseline,3400.0,640.0,2048.0,0.0,0.0,0.0,464.0,56.0,48.0,48.0,48.0,48.0,0.0
0.3125,177,Improved-gOMP,optimized,5120.0,640.0,2048.0,0.0,2048.0,128.0,128.0,64.0,56.0,0.0,0.0,8.0,0.0
0.3125,178,Improved-gOMP,baseline,3232.0,640.0,2048.0,0.0,0.0,0.0,336.0,48.0,40.0,40.0,40.0,40.0,0.0
0.3125,178,Improved-gOMP,optimized,4344.0,640.0,2048.0,0.0,1352.0,104.0,104.0,48.0,40.0,0.0,0.0,8.0,0.0
0.3125,179,Improved-gOMP,baseline,3400.0,640.0,2048.0,0.0,0.0,0.0,464.0,56.0,48.0,48.0,48.0,48.0,0.0
0.3125,179,Improved-gOMP,optimized,5104.0,640.0,2048.0,0.0,2048.0,128.0,128.0,56.0,48.0,0.0,0.0,8.0,0.0
0.3125,180,Improved-gOMP,baseline,3256.0,640.0,2048.0,0.0,0.0,0.0,360.0,48.0,40.0,40.0,40.0,40.0,0.0
0.3125,180,Improved-gOMP,optimized,5104.0,640.0,2048.0,0.0,2048.0,128.0,128.0,56.0,48.0,0.0,0.0,8.0,0.0
0.3125,181,Improved-gOMP,baseline,3232.0,640.0,2048.0,0.0,0.0,0.0,336.0,48.0,40.0,40.0,40.0,40.0,0.0
0.3125,181,Improved-gOMP,optimized,4344.0,640.0,2048.0,0.0,1352.0,104.0,104.0,48.0,40.0,0.0,0.0,8.0,0.0
0.3125,182,Improved-gOMP,baseline,3400.0,640.0,2048.0,0.0,0.0,0.0,464.0,56.0,48.0,48.0,48.0,48.0,0.0
0.3125,182,Improved-gOMP,optimized,5104.0,640.0,2048.0,0.0,2048.0,128.0,128.0,56.0,48.0,0.0,0.0,8.0,0.0
0.3125,183,Improved-gOMP,baseline,3400.0,640.0,2048.0,0.0,0.0,0.0,464.0,56.0,48.0,48.0,48.0,48.0,0.0
0.3125,183,Improved-gOMP,optimized,5104.0,640.0,2048.0,0.0,2048.0,128.0,128.0,56.0,48.0,0.0,0.0,8.0,0.0
0.3125,184,Improved-gOMP,baseline,3232.0,640.0,2048.0,0.0,0.0,0.0,336.0,48.0,40.0,40.0,40.0,40.0,0.0
0.3125,184,Improved-gOMP,optimized,3728.0,640.0,2048.0,0.0,800.0,80.0,80.0,40.0,32.0,0.0,0.0,8.0,0.0
0.3125,185,Improved-gOMP,baseline,3400.0,640.0,2048.0,0.0,0.0,0.0,464.0,56.0,48.0,48.0,48.0,48.0,0.0
0.3125,185,Improved-gOMP,optimized,4344.0,640.0,2048.0,0.0,1352.0,104.0,104.0,48.0,40.0,0.0,0.0,8.0,0.0
0.3125,186,Improved-gOMP,baseline,3400.0,640.0,2048.0,0.0,0.0,0.0,464.0,56.0,48.0,48.0,48.0,48.0,0.0
0.3125,186,Improved-gOMP,optimized,5104.0,640.0,2048.0,0.0,2048.0,128.0,128.0,56.0,48.0,0.0,0.0,8.0,0.0
0.3125,187,Improved-gOMP,baseline,3400.0,640.0,2048.0,0.0,0.0,0.0,464.0,56.0,48.0,48.0,48.0,48.0,0.0
0.3125,187,Improved-gOMP,optimized,5120.0,640.0,2048.0,0.0,2048.0,128.0,128.0,64.0,56.0,0.0,0.0,8.0,0.0
0.3125,188,Improved-gOMP,baseline,3400.0,640.0,2048.0,0.0,0.0,0.0,464.0,56.0,48.0,48.0,48.0,48.0,0.0
0.3125,188,Improved-gOMP,optimized,4344.0,640.0,2048.0,0.0,1352.0,104.0,104.0,48.0,40.0,0.0,0.0,8.0,0.0
0.3125,189,Improved-gOMP,baseline,3400.0,640.0,2048.0,0.0,0.0,0.0,464.0,56.0,48.0,48.0,48.0,48.0,0.0
0.3125,189,Improved-gOMP,optimized,5104.0,640.0,2048.0,0.0,2048.0,128.0,128.0,56.0,48.0,0.0,0.0,8.0,0.0
0.3125,190,Improved-gOMP,baseline,3400.0,640.0,2048.0,0.0,0.0,0.0,464.0,56.0,48.0,48.0,48.0,48.0,0.0
0.3125,190,Improved-gOMP,optimized,5104.0,640.0,2048.0,0.0,2048.0,128.0,128.0,56.0,48.0,0.0,0.0,8.0,0.0
0.3125,191,Improved-gOMP,baseline,3400.0,640.0,2048.0,0.0,0.0,0.0,464.0,56.0,48.0,48.0,48.0,48.0,0.0
0.3125,191,Improved-gOMP,optimized,4344.0,640.0,2048.0,0.0,1352.0,104.0,104.0,48.0,40.0,0.0,0.0,8.0,0.0
0.3125,192,Improved-gOMP,baseline,3424.0,640.0,2048.0,0.0,0.0,0.0,488.0,56.0,48.0,48.0,48.0,48.0,0.0
0.3125,192,Improved-gOMP,optimized,5104.0,640.0,2048.0,0.0,2048.0,128.0,128.0,56.0,48.0,0.0,0.0,8.0,0.0
0.3125,193,Improved-gOMP,baseline,3400.0,640.0,2048.0,0.0,0.0,0.0,464.0,56.0,48.0,48.0,48.0,48.0,0.0
0.3125,193,Improved-gOMP,optimized,5120.0,640.0,2048.0,0.0,2048.0,128.0,128.0,64.0,56.0,0.0,0.0,8.0,0.0
0.3125,194,Improved-gOMP,baseline,3400.0,640.0,2048.0,0.0,0.0,0.0,464.0,56.0,48.0,48.0,48.0,48.0,0.0
0.3125,194,Improved-gOMP,optimized,5104.0,640.0,2048.0,0.0,2048.0,128.0,128.0,56.0,48.0,0.0,0.0,8.0,0.0
0.3125,195,Improved-gOMP,baseline,3256.0,640.0,2048.0,0.0,0.0,0.0,360.0,48.0,40.0,40.0,40.0,40.0,0.0
0.3125,195,Improved-gOMP,optimized,4344.0,640.0,2048.0,0.0,1352.0,104.0,104.0,48.0,40.0,0.0,0.0,8.0,0.0
0.3125,196,Improved-gOMP,baseline,3400.0,640.0,2048.0,0.0,0.0,0.0,464.0,56.0,48.0,48.0,48.0,48.0,0.0
0.3125,196,Improved-gOMP,optimized,4840.0,640.0,2048.0,0.0,1800.0,120.0,120.0,56.0,48.0,0.0,0.0,8.0,0.0
0.3125,197,Improved-gOMP,baseline,3256.0,640.0,2048.0,0.0,0.0,0.0,360.0,48.0,40.0,40.0,40.0,40.0,0.0
0.3125,197,Improved-gOMP,optimized,5104.0,640.0,2048.0,0.0,2048.0,128.0,128.0,56.0,48.0,0.0,0.0,8.0,0.0
0.3125,198,Improved-gOMP,baseline,3400.0,640.0,2048.0,0.0,0.0,0.0,464.0,56.0,48.0,48.0,48.0,48.0,0.0
0.3125,198,Improved-gOMP,optimized,5104.0,640.0,2048.0,0.0,2048.0,128.0,128.0,56.0,48.0,0.0,0.0,8.0,0.0
0.3125,199,Improved-gOMP,baseline,3232.0,640.0,2048.0,0.0,0.0,0.0,336.0,48.0,40.0,40.0,40.0,40.0,0.0
0.3125,199,Improved-gOMP,optimized,4344.0,640.0,2048.0,0.0,1352.0,104.0,104.0,48.0,40.0,0.0,0.0,8.0,0.0
0.3125,200,Improved-gOMP,baseline,3424.0,640.0,2048.0,0.0,0.0,0.0,488.0,56.0,48.0,48.0,48.0,48.0,0.0
0.3125,200,Improved-gOMP,optimized,5104.0,640.0,2048.0,0.0,2048.0,128.0,128.0,56.0,48.0,0.0,0.0,8.0,0.0
0.3125,201,Improved-gOMP,baseline,3400.0,640.0,2048.0,0.0,0.0,0.0,464.0,56.0,48.0,48.0,48.0,48.0,0.0
0.3125,201,Improved-gOMP,optimized,4840.0,640.0,2048.0,0.0,1800.0,120.0,120.0,56.0,48.0,0.0,0.0,8.0,0.0
0.3125,202,Improved-gOMP,baseline,3400.0,640.0,2048.0,0.0,0.0,0.0,464.0,56.0,48.0,48.0,48.0,48.0,0.0
0.3125,202,Improved-gOMP,optimized,5104.0,640.0,2048.0,0.0,2048.0,128.0,128.0,56.0,48.0,0.0,0.0,8.0,0.0
0.3125,203,Improved-gOMP,baseline,3400.0,640.0,2048.0,0.0,0.0,0.0,464.0,56.0,48.0,48.0,48.0,48.0,0.0
0.3125,203,Improved-gOMP,optimized,5104.0,640.0,2048.0,0.0,2048.0,128.0,128.0,56.0,48.0,0.0,0.0,8.0,0.0
0.3125,204,Improved-gOMP,baseline,3424.0,640.0,2048.0,0.0,0.0,0.0,488.0,56.0,48.0,48.0,48.0,48.0,0.0
0.3125,204,Improved-gOMP,optimized,5104.0,640.0,2048.0,0.0,2048.0,128.0,128.0,56.0,48.0,0.0,0.0,8.0,0.0
0.3125,205,Improved-gOMP,baseline,3400.0,640.0,2048.0,0.0,0.0,0.0,464.0,56.0,48.0,48.0,48.0,48.0,0.0
0.3125,205,Improved-gOMP,optimized,5104.0,640.0,2048.0,0.0,2048.0,128.0,128.0,56.0,48.0,0.0,0.0,8.0,0.0
0.3125,206,Improved-gOMP,baseline,3400.0,640.0,2048.0,0.0,0.0,0.0,464.0,56.0,48.0,48.0,48.0,48.0,0.0
0.3125,206,Improved-gOMP,optimized,5104.0,640.0,2048.0,0.0,2048.0,128.0,128.0,56.0,48.0,0.0,0.0,8.0,0.0
0.3125,207,Improved-gOMP,baseline,3256.0,640.0,2048.0,0.0,0.0,0.0,360.0,48.0,40.0,40.0,40.0,40.0,0.0
0.3125,207,Improved-gOMP,optimized,5104.0,640.0,2048.0,0.0,2048.0,128.0,128.0,56.0,48.0,0.0,0.0,8.0,0.0
0.3125,208,Improved-gOMP,baseline,3368.0,640.0,2048.0,0.0,0.0,0.0,432.0,56.0,48.0,48.0,48.0,48.0,0.0
0.3125,208,Improved-gOMP,optimized,4840.0,640.0,2048.0,0.0,1800.0,120.0,120.0,56.0,48.0,0.0,0.0,8.0,0.0
0.3125,209,Improved-gOMP,baseline,3400.0,640.0,2048.0,0.0,0.0,0.0,464.0,56.0,48.0,48.0,48.0,48.0,0.0
0.3125,209,Improved-gOMP,optimized,5104.0,640.0,2048.0,0.0,2048.0,128.0,128.0,56.0,48.0,0.0,0.0,8.0,0.0
0.3125,210,Improved-gOMP,baseline,3424.0,640.0,2048.0,0.0,0.0,0.0,488.0,56.0,48.0,48.0,48.0,48.0,0.0
0.3125,210,Improved-gOMP,optimized,4824.0,640.0,2048.0,0.0,1800.0,120.0,120.0,48.0,40.0,0.0,0.0,8.0,0.0
0.3125,211,Improved-gOMP,baseline,3400.0,640.0,2048.0,0.0,0.0,0.0,464.0,56.0,48.0,48.0,48.0,48.0,0.0
0.3125,211,Improved-gOMP,optimized,5104.0,640.0,2048.0,0.0,2048.0,128.0,128.0,56.0,48.0,0.0,0.0,8.0,0.0
0.3125,212,Improved-gOMP,baseline,3400.0,640.0,2048.0,0.0,0.0,0.0,464.0,56.0,48.0,48.0,48.0,48.0,0.0
0.3125,212,Improved-gOMP,optimized,5104.0,640.0,2048.0,0.0,2048.0,128.0,128.0,56.0,48.0,0.0,0.0,8.0,0.0
0.3125,213,Improved-gOMP,baseline,3400.0,640.0,2048.0,0.0,0.0,0.0,464.0,56.0,48.0,48.0,48.0,48.0,0.0
0.3125,213,Improved-gOMP,optimized,5104.0,640.0,2048.0,0.0,2048.0,128.0,128.0,56.0,48.0,0.0,0.0,8.0,0.0
0.3125,214,Improved-gOMP,baseline,3424.0,640.0,2048.0,0.0,0.0,0.0,488.0,56.0,48.0,48.0,48.0,48.0,0.0
0.3125,214,Improved-gOMP,optimized,4344.0,640.0,2048.0,0.0,1352.0,104.0,104.0,48.0,40.0,0.0,0.0,8.0,0.0
0.3125,215,Improved-gOMP,baseline,3400.0,640.0,2048.0,0.0,0.0,0.0,464.0,56.0,48.0,48.0,48.0,48.0,0.0
0.3125,215,Improved-gOMP,optimized,4344.0,640.0,2048.0,0.0,1352.0,104.0,104.0,48.0,40.0,0.0,0.0,8.0,0.0
0.3125,216,Improved-gOMP,baseline,3256.0,640.0,2048.0,0.0,0.0,0.0,360.0,48.0,40.0,40.0,40.0,40.0,0.0
0.3125,216,Improved-gOMP,optimized,5104.0,640.0,2048.0,0.0,2048.0,128.0,128.0,56.0,48.0,0.0,0.0,8.0,0.0
0.3125,217,Improved-gOMP,baseline,3424.0,640.0,2048.0,0.0,0.0,0.0,488.0,56.0,48.0,48.0,48.0,48.0,0.0
0.3125,217,Improved-gOMP,optimized,5104.0,640.0,2048.0,0.0,2048.0,128.0,128.0,56.0,48.0,0.0,0.0,8.0,0.0
0.3125,218,Improved-gOMP,baseline,3400.0,640.0,2048.0,0.0,0.0,0.0,464.0,56.0,48.0,48.0,48.0,48.0,0.0
0.3125,218,Improved-gOMP,optimized,4840.0,640.0,2048.0,0.0,1800.0,120.0,120.0,56.0,48.0,0.0,0.0,8.0,0.0
0.3125,219,Improved-gOMP,baseline,3400.0,640.0,2048.0,0.0,0.0,0.0,464.0,56.0,48.0,48.0,48.0,48.0,0.0
0.3125,219,Improved-gOMP,optimized,4344.0,640.0,2048.0,0.0,1352.0,104.0,104.0,48.0,40.0,0.0,0.0,8.0,0.0
0.3125,220,Improved-gOMP,baseline,3400.0,640.0,2048.0,0.0,0.0,0.0,464.0,56.0,48.0,48.0,48.0,48.0,0.0
0.3125,220,Improved-gOMP,optimized,5120.0,640.0,2048.0,0.0,2048.0,128.0,128.0,64.0,56.0,0.0,0.0,8.0,0.0
0.3125,221,Improved-gOMP,baseline,3232.0,640.0,2048.0,0.0,0.0,0.0,336.0,48.0,40.0,40.0,40.0,40.0,0.0
0.3125,221,Improved-gOMP,optimized,4344.0,640.0,2048.0,0.0,1352.0,104.0,104.0,48.0,40.0,0.0,0.0,8.0,0.0
0.3125,222,Improved-gOMP,baseline,3400.0,640.0,2048.0,0.0,0.0,0.0,464.0,56.0,48.0,48.0,48.0,48.0,0.0
0.3125,222,Improved-gOMP,optimized,5104.0,640.0,2048.0,0.0,2048.0,128.0,128.0,56.0,48.0,0.0,0.0,8.0,0.0
0.3125,223,Improved-gOMP,baseline,3400.0,640.0,2048.0,0.0,0.0,0.0,464.0,56.0,48.0,48.0,48.0,48.0,0.0
0.3125,223,Improved-gOMP,optimized,5104.0,640.0,2048.0,0.0,2048.0,128.0,128.0,56.0,48.0,0.0,0.0,8.0,0.0
0.3125,224,Improved-gOMP,baseline,3232.0,640.0,2048.0,0.0,0.0,0.0,336.0,48.0,40.0,40.0,40.0,40.0,0.0
0.3125,224,Improved-gOMP,optimized,3912.0,640.0,2048.0,0.0,968.0,88.0,88.0,40.0,32.0,0.0,0.0,8.0,0.0
0.3125,225,Improved-gOMP,baseline,3368.0,640.0,2048.0,0.0,0.0,0.0,432.0,56.0,48.0,48.0,48.0,48.0,0.0
0.3125,225,Improved-gOMP,optimized,4840.0,640.0,2048.0,0.0,1800.0,120.0,120.0,56.0,48.0,0.0,0.0,8.0,0.0
0.3125,226,Improved-gOMP,baseline,3400.0,640.0,2048.0,0.0,0.0,0.0,464.0,56.0,48.0,48.0,48.0,48.0,0.0
0.3125,226,Improved-gOMP,optimized,5104.0,640.0,2048.0,0.0,2048.0,128.0,128.0,56.0,48.0,0.0,0.0,8.0,0.0
0.3125,227,Improved-gOMP,baseline,3400.0,640.0,2048.0,0.0,0.0,0.0,464.0,56.0,48.0,48.0,48.0,48.0,0.0
0.3125,227,Improved-gOMP,optimized,4344.0,640.0,2048.0,0.0,1352.0,104.0,104.0,48.0,40.0,0.0,0.0,8.0,0.0
0.3125,228,Improved-gOMP,baseline,3424.0,640.0,2048.0,0.0,0.0,0.0,488.0,56.0,48.0,48.0,48.0,48.0,0.0
0.3125,228,Improved-gOMP,optimized,5104.0,640.0,2048.0,0.0,2048.0,128.0,128.0,56.0,48.0,0.0,0.0,8.0,0.0
0.3125,229,Improved-gOMP,baseline,3536.0,640.0,2048.0,0.0,0.0,0.0,560.0,64.0,56.0,56.0,56.0,56.0,0.0
0.3125,229,Improved-gOMP,optimized,5104.0,640.0,2048.0,0.0,2048.0,128.0,128.0,56.0,48.0,0.0,0.0,8.0,0.0
0.3125,230,Improved-gOMP,baseline,3400.0,640.0,2048.0,0.0,0.0,0.0,464.0,56.0,48.0,48.0,48.0,48.0,0.0
0.3125,230,Improved-gOMP,optimized,5104.0,640.0,2048.0,0.0,2048.0,128.0,128.0,56.0,48.0,0.0,0.0,8.0,0.0
0.3125,231,Improved-gOMP,baseline,3400.0,640.0,2048.0,0.0,0.0,0.0,464.0,56.0,48.0,48.0,48.0,48.0,0.0
0.3125,231,Improved-gOMP,optimized,4344.0,640.0,2048.0,0.0,1352.0,104.0,104.0,48.0,40.0,0.0,0.0,8.0,0.0
0.3125,232,Improved-gOMP,baseline,3424.0,640.0,2048.0,0.0,0.0,0.0,488.0,56.0,48.0,48.0,48.0,48.0,0.0
0.3125,232,Improved-gOMP,optimized,5104.0,640.0,2048.0,0.0,2048.0,128.0,128.0,56.0,48.0,0.0,0.0,8.0,0.0
0.3125,233,Improved-gOMP,baseline,3424.0,640.0,2048.0,0.0,0.0,0.0,488.0,56.0,48.0,48.0,48.0,48.0,0.0
0.3125,233,Improved-gOMP,optimized,5104.0,640.0,2048.0,0.0,2048.0,128.0,128.0,56.0,48.0,0.0,0.0,8.0,0.0
0.3125,234,Improved-gOMP,baseline,3368.0,640.0,2048.0,0.0,0.0,0.0,432.0,56.0,48.0,48.0,48.0,48.0,0.0
0.3125,234,Improved-gOMP,optimized,4128.0,640.0,2048.0,0.0,1152.0,96.0,96.0,48.0,40.0,0.0,0.0,8.0,0.0
0.3125,235,Improved-gOMP,baseline,3424.0,640.0,2048.0,0.0,0.0,0.0,488.0,56.0,48.0,48.0,48.0,48.0,0.0
0.3125,235,Improved-gOMP,optimized,5104.0,640.0,2048.0,0.0,2048.0,128.0,128.0,56.0,48.0,0.0,0.0,8.0,0.0
0.3125,236,Improved-gOMP,baseline,3400.0,640.0,2048.0,0.0,0.0,0.0,464.0,56.0,48.0,48.0,48.0,48.0,0.0
0.3125,236,Improved-gOMP,optimized,4840.0,640.0,2048.0,0.0,1800.0,120.0,120.0,56.0,48.0,0.0,0.0,8.0,0.0
0.3125,237,Improved-gOMP,baseline,3400.0,640.0,2048.0,0.0,0.0,0.0,464.0,56.0,48.0,48.0,48.0,48.0,0.0
0.3125,237,Improved-gOMP,optimized,5104.0,640.0,2048.0,0.0,2048.0,128.0,128.0,56.0,48.0,0.0,0.0,8.0,0.0
0.3125,238,Improved-gOMP,baseline,3400.0,640.0,2048.0,0.0,0.0,0.0,464.0,56.0,48.0,48.0,48.0,48.0,0.0
0.3125,238,Improved-gOMP,optimized,5104.0,640.0,2048.0,0.0,2048.0,128.0,128.0,56.0,48.0,0.0,0.0,8.0,0.0
0.3125,239,Improved-gOMP,baseline,3368.0,640.0,2048.0,0.0,0.0,0.0,432.0,56.0,48.0,48.0,48.0,48.0,0.0
0.3125,239,Improved-gOMP,optimized,4840.0,640.0,2048.0,0.0,1800.0,120.0,120.0,56.0,48.0,0.0,0.0,8.0,0.0
0.3125,240,Improved-gOMP,baseline,3400.0,640.0,2048.0,0.0,0.0,0.0,464.0,56.0,48.0,48.0,48.0,48.0,0.0
0.3125,240,Improved-gOMP,optimized,5104.0,640.0,2048.0,0.0,2048.0,128.0,128.0,56.0,48.0,0.0,0.0,8.0,0.0
0.3125,241,Improved-gOMP,baseline,3424.0,640.0,2048.0,0.0,0.0,0.0,488.0,56.0,48.0,48.0,48.0,48.0,0.0
0.3125,241,Improved-gOMP,optimized,5104.0,640.0,2048.0,0.0,2048.0,128.0,128.0,56.0,48.0,0.0,0.0,8.0,0.0
0.3125,242,Improved-gOMP,baseline,3400.0,640.0,2048.0,0.0,0.0,0.0,464.0,56.0,48.0,48.0,48.0,48.0,0.0
0.3125,242,Improved-gOMP,optimized,4128.0,640.0,2048.0,0.0,1152.0,96.0,96.0,48.0,40.0,0.0,0.0,8.0,0.0
0.3125,243,Improved-gOMP,baseline,3424.0,640.0,2048.0,0.0,0.0,0.0,488.0,56.0,48.0,48.0,48.0,48.0,0.0
0.3125,243,Improved-gOMP,optimized,5088.0,640.0,2048.0,0.0,2048.0,128.0,128.0,48.0,40.0,0.0,0.0,8.0,0.0
0.3125,244,Improved-gOMP,baseline,3400.0,640.0,2048.0,0.0,0.0,0.0,464.0,56.0,48.0,48.0,48.0,48.0,0.0
0.3125,244,Improved-gOMP,optimized,5104.0,640.0,2048.0,0.0,2048.0,128.0,128.0,56.0,48.0,0.0,0.0,8.0,0.0
0.3125,245,Improved-gOMP,baseline,3400.0,640.0,2048.0,0.0,0.0,0.0,464.0,56.0,48.0,48.0,48.0,48.0,0.0
0.3125,245,Improved-gOMP,optimized,5104.0,640.0,2048.0,0.0,2048.0,128.0,128.0,56.0,48.0,0.0,0.0,8.0,0.0
0.3125,246,Improved-gOMP,baseline,3232.0,640.0,2048.0,0.0,0.0,0.0,336.0,48.0,40.0,40.0,40.0,40.0,0.0
0.3125,246,Improved-gOMP,optimized,3728.0,640.0,2048.0,0.0,800.0,80.0,80.0,40.0,32.0,0.0,0.0,8.0,0.0
0.3125,247,Improved-gOMP,baseline,3424.0,640.0,2048.0,0.0,0.0,0.0,488.0,56.0,48.0,48.0,48.0,48.0,0.0
0.3125,247,Improved-gOMP,optimized,4824.0,640.0,2048.0,0.0,1800.0,120.0,120.0,48.0,40.0,0.0,0.0,8.0,0.0
0.3125,248,Improved-gOMP,baseline,3256.0,640.0,2048.0,0.0,0.0,0.0,360.0,48.0,40.0,40.0,40.0,40.0,0.0
0.3125,248,Improved-gOMP,optimized,5104.0,640.0,2048.0,0.0,2048.0,128.0,128.0,56.0,48.0,0.0,0.0,8.0,0.0
0.3125,249,Improved-gOMP,baseline,3400.0,640.0,2048.0,0.0,0.0,0.0,464.0,56.0,48.0,48.0,48.0,48.0,0.0
0.3125,249,Improved-gOMP,optimized,4840.0,640.0,2048.0,0.0,1800.0,120.0,120.0,56.0,48.0,0.0,0.0,8.0,0.0
0.3125,250,Improved-gOMP,baseline,3424.0,640.0,2048.0,0.0,0.0,0.0,488.0,56.0,48.0,48.0,48.0,48.0,0.0
0.3125,250,Improved-gOMP,optimized,4824.0,640.0,2048.0,0.0,1800.0,120.0,120.0,48.0,40.0,0.0,0.0,8.0,0.0
0.3125,251,Improved-gOMP,baseline,3400.0,640.0,2048.0,0.0,0.0,0.0,464.0,56.0,48.0,48.0,48.0,48.0,0.0
0.3125,251,Improved-gOMP,optimized,5104.0,640.0,2048.0,0.0,2048.0,128.0,128.0,56.0,48.0,0.0,0.0,8.0,0.0
0.3125,252,Improved-gOMP,baseline,3424.0,640.0,2048.0,0.0,0.0,0.0,488.0,56.0,48.0,48.0,48.0,48.0,0.0
0.3125,252,Improved-gOMP,optimized,5104.0,640.0,2048.0,0.0,2048.0,128.0,128.0,56.0,48.0,0.0,0.0,8.0,0.0
0.3125,253,Improved-gOMP,baseline,3368.0,640.0,2048.0,0.0,0.0,0.0,432.0,56.0,48.0,48.0,48.0,48.0,0.0
0.3125,253,Improved-gOMP,optimized,4840.0,640.0,2048.0,0.0,1800.0,120.0,120.0,56.0,48.0,0.0,0.0,8.0,0.0
0.3125,254,Improved-gOMP,baseline,3400.0,640.0,2048.0,0.0,0.0,0.0,464.0,56.0,48.0,48.0,48.0,48.0,0.0
0.3125,254,Improved-gOMP,optimized,5104.0,640.0,2048.0,0.0,2048.0,128.0,128.0,56.0,48.0,0.0,0.0,8.0,0.0
0.3125,255,Improved-gOMP,baseline,3424.0,640.0,2048.0,0.0,0.0,0.0,488.0,56.0,48.0,48.0,48.0,48.0,0.0
0.3125,255,Improved-gOMP,optimized,5104.0,640.0,2048.0,0.0,2048.0,128.0,128.0,56.0,48.0,0.0,0.0,8.0,0.0
0.3125,256,Improved-gOMP,baseline,3256.0,640.0,2048.0,0.0,0.0,0.0,360.0,48.0,40.0,40.0,40.0,40.0,0.0
0.3125,256,Improved-gOMP,optimized,4344.0,640.0,2048.0,0.0,1352.0,104.0,104.0,48.0,40.0,0.0,0.0,8.0,0.0
0.3125,257,Improved-gOMP,baseline,3256.0,640.0,2048.0,0.0,0.0,0.0,360.0,48.0,40.0,40.0,40.0,40.0,0.0
0.3125,257,Improved-gOMP,optimized,4344.0,640.0,2048.0,0.0,1352.0,104.0,104.0,48.0,40.0,0.0,0.0,8.0,0.0
0.3125,258,Improved-gOMP,baseline,3424.0,640.0,2048.0,0.0,0.0,0.0,488.0,56.0,48.0,48.0,48.0,48.0,0.0
0.3125,258,Improved-gOMP,optimized,4824.0,640.0,2048.0,0.0,1800.0,120.0,120.0,48.0,40.0,0.0,0.0,8.0,0.0
0.3125,259,Improved-gOMP,baseline,3424.0,640.0,2048.0,0.0,0.0,0.0,488.0,56.0,48.0,48.0,48.0,48.0,0.0
0.3125,259,Improved-gOMP,optimized,5088.0,640.0,2048.0,0.0,2048.0,128.0,128.0,48.0,40.0,0.0,0.0,8.0,0.0
0.3125,260,Improved-gOMP,baseline,3424.0,640.0,2048.0,0.0,0.0,0.0,488.0,56.0,48.0,48.0,48.0,48.0,0.0
0.3125,260,Improved-gOMP,optimized,5104.0,640.0,2048.0,0.0,2048.0,128.0,128.0,56.0,48.0,0.0,0.0,8.0,0.0
0.3125,261,Improved-gOMP,baseline,3232.0,640.0,2048.0,0.0,0.0,0.0,336.0,48.0,40.0,40.0,40.0,40.0,0.0
0.3125,261,Improved-gOMP,optimized,4344.0,640.0,2048.0,0.0,1352.0,104.0,104.0,48.0,40.0,0.0,0.0,8.0,0.0
0.3125,262,Improved-gOMP,baseline,3400.0,640.0,2048.0,0.0,0.0,0.0,464.0,56.0,48.0,48.0,48.0,48.0,0.0
0.3125,262,Improved-gOMP,optimized,4840.0,640.0,2048.0,0.0,1800.0,120.0,120.0,56.0,48.0,0.0,0.0,8.0,0.0
0.3125,263,Improved-gOMP,baseline,3368.0,640.0,2048.0,0.0,0.0,0.0,432.0,56.0,48.0,48.0,48.0,48.0,0.0
0.3125,263,Improved-gOMP,optimized,4840.0,640.0,2048.0,0.0,1800.0,120.0,120.0,56.0,48.0,0.0,0.0,8.0,0.0
0.3125,264,Improved-gOMP,baseline,3424.0,640.0,2048.0,0.0,0.0,0.0,488.0,56.0,48.0,48.0,48.0,48.0,0.0
0.3125,264,Improved-gOMP,optimized,5104.0,640.0,2048.0,0.0,2048.0,128.0,128.0,56.0,48.0,0.0,0.0,8.0,0.0
0.3125,265,Improved-gOMP,baseline,3400.0,640.0,2048.0,0.0,0.0,0.0,464.0,56.0,48.0,48.0,48.0,48.0,0.0
0.3125,265,Improved-gOMP,optimized,4344.0,640.0,2048.0,0.0,1352.0,104.0,104.0,48.0,40.0,0.0,0.0,8.0,0.0
0.3125,266,Improved-gOMP,baseline,3400.0,640.0,2048.0,0.0,0.0,0.0,464.0,56.0,48.0,48.0,48.0,48.0,0.0
0.3125,266,Improved-gOMP,optimized,5120.0,640.0,2048.0,0.0,2048.0,128.0,128.0,64.0,56.0,0.0,0.0,8.0,0.0
0.3125,267,Improved-gOMP,baseline,3424.0,640.0,2048.0,0.0,0.0,0.0,488.0,56.0,48.0,48.0,48.0,48.0,0.0
0.3125,267,Improved-gOMP,optimized,5104.0,640.0,2048.0,0.0,2048.0,128.0,128.0,56.0,48.0,0.0,0.0,8.0,0.0
0.3125,268,Improved-gOMP,baseline,3232.0,640.0,2048.0,0.0,0.0,0.0,336.0,48.0,40.0,40.0,40.0,40.0,0.0
0.3125,268,Improved-gOMP,optimized,4344.0,640.0,2048.0,0.0,1352.0,104.0,104.0,48.0,40.0,0.0,0.0,8.0,0.0
0.3125,269,Improved-gOMP,baseline,3536.0,640.0,2048.0,0.0,0.0,0.0,560.0,64.0,56.0,56.0,56.0,56.0,0.0
0.3125,269,Improved-gOMP,optimized,5120.0,640.0,2048.0,0.0,2048.0,128.0,128.0,64.0,56.0,0.0,0.0,8.0,0.0
0.3125,270,Improved-gOMP,baseline,3400.0,640.0,2048.0,0.0,0.0,0.0,464.0,56.0,48.0,48.0,48.0,48.0,0.0
0.3125,270,Improved-gOMP,optimized,5104.0,640.0,2048.0,0.0,2048.0,128.0,128.0,56.0,48.0,0.0,0.0,8.0,0.0
0.3125,271,Improved-gOMP,baseline,3424.0,640.0,2048.0,0.0,0.0,0.0,488.0,56.0,48.0,48.0,48.0,48.0,0.0
0.3125,271,Improved-gOMP,optimized,5104.0,640.0,2048.0,0.0,2048.0,128.0,128.0,56.0,48.0,0.0,0.0,8.0,0.0
0.3125,272,Improved-gOMP,baseline,3424.0,640.0,2048.0,0.0,0.0,0.0,488.0,56.0,48.0,48.0,48.0,48.0,0.0
0.3125,272,Improved-gOMP,optimized,5104.0,640.0,2048.0,0.0,2048.0,128.0,128.0,56.0,48.0,0.0,0.0,8.0,0.0
0.3125,273,Improved-gOMP,baseline,3400.0,640.0,2048.0,0.0,0.0,0.0,464.0,56.0,48.0,48.0,48.0,48.0,0.0
0.3125,273,Improved-gOMP,optimized,5104.0,640.0,2048.0,0.0,2048.0,128.0,128.0,56.0,48.0,0.0,0.0,8.0,0.0
0.3125,274,Improved-gOMP,baseline,3400.0,640.0,2048.0,0.0,0.0,0.0,464.0,56.0,48.0,48.0,48.0,48.0,0.0
0.3125,274,Improved-gOMP,optimized,5104.0,640.0,2048.0,0.0,2048.0,128.0,128.0,56.0,48.0,0.0,0.0,8.0,0.0
0.3125,275,Improved-gOMP,baseline,3424.0,640.0,2048.0,0.0,0.0,0.0,488.0,56.0,48.0,48.0,48.0,48.0,0.0
0.3125,275,Improved-gOMP,optimized,5104.0,640.0,2048.0,0.0,2048.0,128.0,128.0,56.0,48.0,0.0,0.0,8.0,0.0
0.3125,276,Improved-gOMP,baseline,3400.0,640.0,2048.0,0.0,0.0,0.0,464.0,56.0,48.0,48.0,48.0,48.0,0.0
0.3125,276,Improved-gOMP,optimized,4840.0,640.0,2048.0,0.0,1800.0,120.0,120.0,56.0,48.0,0.0,0.0,8.0,0.0
0.3125,277,Improved-gOMP,baseline,3424.0,640.0,2048.0,0.0,0.0,0.0,488.0,56.0,48.0,48.0,48.0,48.0,0.0
0.3125,277,Improved-gOMP,optimized,5104.0,640.0,2048.0,0.0,2048.0,128.0,128.0,56.0,48.0,0.0,0.0,8.0,0.0
0.3125,278,Improved-gOMP,baseline,3400.0,640.0,2048.0,0.0,0.0,0.0,464.0,56.0,48.0,48.0,48.0,48.0,0.0
0.3125,278,Improved-gOMP,optimized,4824.0,640.0,2048.0,0.0,1800.0,120.0,120.0,48.0,40.0,0.0,0.0,8.0,0.0
0.3125,279,Improved-gOMP,baseline,3400.0,640.0,2048.0,0.0,0.0,0.0,464.0,56.0,48.0,48.0,48.0,48.0,0.0
0.3125,279,Improved-gOMP,optimized,5104.0,640.0,2048.0,0.0,2048.0,128.0,128.0,56.0,48.0,0.0,0.0,8.0,0.0
0.3125,280,Improved-gOMP,baseline,3400.0,640.0,2048.0,0.0,0.0,0.0,464.0,56.0,48.0,48.0,48.0,48.0,0.0
0.3125,280,Improved-gOMP,optimized,5104.0,640.0,2048.0,0.0,2048.0,128.0,128.0,56.0,48.0,0.0,0.0,8.0,0.0
0.3125,281,Improved-gOMP,baseline,3400.0,640.0,2048.0,0.0,0.0,0.0,464.0,56.0,48.0,48.0,48.0,48.0,0.0
0.3125,281,Improved-gOMP,optimized,5104.0,640.0,2048.0,0.0,2048.0,128.0,128.0,56.0,48.0,0.0,0.0,8.0,0.0
0.3125,282,Improved-gOMP,baseline,3400.0,640.0,2048.0,0.0,0.0,0.0,464.0,56.0,48.0,48.0,48.0,48.0,0.0
0.3125,282,Improved-gOMP,optimized,5104.0,640.0,2048.0,0.0,2048.0,128.0,128.0,56.0,48.0,0.0,0.0,8.0,0.0
0.3125,283,Improved-gOMP,baseline,3368.0,640.0,2048.0,0.0,0.0,0.0,432.0,56.0,48.0,48.0,48.0,48.0,0.0
0.3125,283,Improved-gOMP,optimized,4128.0,640.0,2048.0,0.0,1152.0,96.0,96.0,48.0,40.0,0.0,0.0,8.0,0.0
0.3125,284,Improved-gOMP,baseline,3232.0,640.0,2048.0,0.0,0.0,0.0,336.0,48.0,40.0,40.0,40.0,40.0,0.0
0.3125,284,Improved-gOMP,optimized,3912.0,640.0,2048.0,0.0,968.0,88.0,88.0,40.0,32.0,0.0,0.0,8.0,0.0
0.3125,285,Improved-gOMP,baseline,3424.0,640.0,2048.0,0.0,0.0,0.0,488.0,56.0,48.0,48.0,48.0,48.0,0.0
0.3125,285,Improved-gOMP,optimized,5104.0,640.0,2048.0,0.0,2048.0,128.0,128.0,56.0,48.0,0.0,0.0,8.0,0.0
0.3125,286,Improved-gOMP,baseline,3368.0,640.0,2048.0,0.0,0.0,0.0,432.0,56.0,48.0,48.0,48.0,48.0,0.0
0.3125,286,Improved-gOMP,optimized,4840.0,640.0,2048.0,0.0,1800.0,120.0,120.0,56.0,48.0,0.0,0.0,8.0,0.0
0.3125,287,Improved-gOMP,baseline,3424.0,640.0,2048.0,0.0,0.0,0.0,488.0,56.0,48.0,48.0,48.0,48.0,0.0
0.3125,287,Improved-gOMP,optimized,5104.0,640.0,2048.0,0.0,2048.0,128.0,128.0,56.0,48.0,0.0,0.0,8.0,0.0
0.3125,288,Improved-gOMP,baseline,3400.0,640.0,2048.0,0.0,0.0,0.0,464.0,56.0,48.0,48.0,48.0,48.0,0.0
0.3125,288,Improved-gOMP,optimized,5104.0,640.0,2048.0,0.0,2048.0,128.0,128.0,56.0,48.0,0.0,0.0,8.0,0.0
0.3125,289,Improved-gOMP,baseline,3400.0,640.0,2048.0,0.0,0.0,0.0,464.0,56.0,48.0,48.0,48.0,48.0,0.0
0.3125,289,Improved-gOMP,optimized,4344.0,640.0,2048.0,0.0,1352.0,104.0,104.0,48.0,40.0,0.0,0.0,8.0,0.0
0.3125,290,Improved-gOMP,baseline,3424.0,640.0,2048.0,0.0,0.0,0.0,488.0,56.0,48.0,48.0,48.0,48.0,0.0
0.3125,290,Improved-gOMP,optimized,5104.0,640.0,2048.0,0.0,2048.0,128.0,128.0,56.0,48.0,0.0,0.0,8.0,0.0
0.3125,291,Improved-gOMP,baseline,3424.0,640.0,2048.0,0.0,0.0,0.0,488.0,56.0,48.0,48.0,48.0,48.0,0.0
0.3125,291,Improved-gOMP,optimized,5104.0,640.0,2048.0,0.0,2048.0,128.0,128.0,56.0,48.0,0.0,0.0,8.0,0.0
0.3125,292,Improved-gOMP,baseline,3400.0,640.0,2048.0,0.0,0.0,0.0,464.0,56.0,48.0,48.0,48.0,48.0,0.0
0.3125,292,Improved-gOMP,optimized,5104.0,640.0,2048.0,0.0,2048.0,128.0,128.0,56.0,48.0,0.0,0.0,8.0,0.0
0.3125,293,Improved-gOMP,baseline,3368.0,640.0,2048.0,0.0,0.0,0.0,432.0,56.0,48.0,48.0,48.0,48.0,0.0
0.3125,293,Improved-gOMP,optimized,4840.0,640.0,2048.0,0.0,1800.0,120.0,120.0,56.0,48.0,0.0,0.0,8.0,0.0
0.3125,294,Improved-gOMP,baseline,3424.0,640.0,2048.0,0.0,0.0,0.0,488.0,56.0,48.0,48.0,48.0,48.0,0.0
0.3125,294,Improved-gOMP,optimized,5104.0,640.0,2048.0,0.0,2048.0,128.0,128.0,56.0,48.0,0.0,0.0,8.0,0.0
0.3125,295,Improved-gOMP,baseline,3400.0,640.0,2048.0,0.0,0.0,0.0,464.0,56.0,48.0,48.0,48.0,48.0,0.0
0.3125,295,Improved-gOMP,optimized,5104.0,640.0,2048.0,0.0,2048.0,128.0,128.0,56.0,48.0,0.0,0.0,8.0,0.0
0.3125,296,Improved-gOMP,baseline,3424.0,640.0,2048.0,0.0,0.0,0.0,488.0,56.0,48.0,48.0,48.0,48.0,0.0
0.3125,296,Improved-gOMP,optimized,5104.0,640.0,2048.0,0.0,2048.0,128.0,128.0,56.0,48.0,0.0,0.0,8.0,0.0
0.3125,297,Improved-gOMP,baseline,3400.0,640.0,2048.0,0.0,0.0,0.0,464.0,56.0,48.0,48.0,48.0,48.0,0.0
0.3125,297,Improved-gOMP,optimized,4840.0,640.0,2048.0,0.0,1800.0,120.0,120.0,56.0,48.0,0.0,0.0,8.0,0.0
0.3125,298,Improved-gOMP,baseline,3424.0,640.0,2048.0,0.0,0.0,0.0,488.0,56.0,48.0,48.0,48.0,48.0,0.0
0.3125,298,Improved-gOMP,optimized,5104.0,640.0,2048.0,0.0,2048.0,128.0,128.0,56.0,48.0,0.0,0.0,8.0,0.0
0.3125,299,Improved-gOMP,baseline,3424.0,640.0,2048.0,0.0,0.0,0.0,488.0,56.0,48.0,48.0,48.0,48.0,0.0
0.3125,299,Improved-gOMP,optimized,5104.0,640.0,2048.0,0.0,2048.0,128.0,128.0,56.0,48.0,0.0,0.0,8.0,0.0
0.375,0,Improved-gOMP,baseline,3528.0,768.0,2048.0,0.0,0.0,0.0,464.0,56.0,48.0,48.0,48.0,48.0,0.0
0.375,0,Improved-gOMP,optimized,5232.0,768.0,2048.0,0.0,2048.0,128.0,128.0,56.0,48.0,0.0,0.0,8.0,0.0
0.375,1,Improved-gOMP,baseline,3528.0,768.0,2048.0,0.0,0.0,0.0,464.0,56.0,48.0,48.0,48.0,48.0,0.0
0.375,1,Improved-gOMP,optimized,4472.0,768.0,2048.0,0.0,1352.0,104.0,104.0,48.0,40.0,0.0,0.0,8.0,0.0
0.375,2,Improved-gOMP,baseline,3528.0,768.0,2048.0,0.0,0.0,0.0,464.0,56.0,48.0,48.0,48.0,48.0,0.0
0.375,2,Improved-gOMP,optimized,4472.0,768.0,2048.0,0.0,1352.0,104.0,104.0,48.0,40.0,0.0,0.0,8.0,0.0
0.375,3,Improved-gOMP,baseline,3528.0,768.0,2048.0,0.0,0.0,0.0,464.0,56.0,48.0,48.0,48.0,48.0,0.0
0.375,3,Improved-gOMP,optimized,5232.0,768.0,2048.0,0.0,2048.0,128.0,128.0,56.0,48.0,0.0,0.0,8.0,0.0
0.375,4,Improved-gOMP,baseline,3528.0,768.0,2048.0,0.0,0.0,0.0,464.0,56.0,48.0,48.0,48.0,48.0,0.0
0.375,4,Improved-gOMP,optimized,4968.0,768.0,2048.0,0.0,1800.0,120.0,120.0,56.0,48.0,0.0,0.0,8.0,0.0
0.375,5,Improved-gOMP,baseline,3496.0,768.0,2048.0,0.0,0.0,0.0,432.0,56.0,48.0,48.0,48.0,48.0,0.0
0.375,5,Improved-gOMP,optimized,4968.0,768.0,2048.0,0.0,1800.0,120.0,120.0,56.0,48.0,0.0,0.0,8.0,0.0
0.375,6,Improved-gOMP,baseline,3552.0,768.0,2048.0,0.0,0.0,0.0,488.0,56.0,48.0,48.0,48.0,48.0,0.0
0.375,6,Improved-gOMP,optimized,4968.0,768.0,2048.0,0.0,1800.0,120.0,120.0,56.0,48.0,0.0,0.0,8.0,0.0
0.375,7,Improved-gOMP,baseline,3528.0,768.0,2048.0,0.0,0.0,0.0,464.0,56.0,48.0,48.0,48.0,48.0,0.0
0.375,7,Improved-gOMP,optimized,5232.0,768.0,2048.0,0.0,2048.0,128.0,128.0,56.0,48.0,0.0,0.0,8.0,0.0
0.375,8,Improved-gOMP,baseline,3528.0,768.0,2048.0,0.0,0.0,0.0,464.0,56.0,48.0,48.0,48.0,48.0,0.0
0.375,8,Improved-gOMP,optimized,4472.0,768.0,2048.0,0.0,1352.0,104.0,104.0,48.0,40.0,0.0,0.0,8.0,0.0
0.375,9,Improved-gOMP,baseline,3528.0,768.0,2048.0,0.0,0.0,0.0,464.0,56.0,48.0,48.0,48.0,48.0,0.0
0.375,9,Improved-gOMP,optimized,4968.0,768.0,2048.0,0.0,1800.0,120.0,120.0,56.0,48.0,0.0,0.0,8.0,0.0
0.375,10,Improved-gOMP,baseline,3336.0,768.0,2048.0,0.0,0.0,0.0,312.0,48.0,40.0,40.0,40.0,40.0,0.0
0.375,10,Improved-gOMP,optimized,4256.0,768.0,2048.0,0.0,1152.0,96.0,96.0,48.0,40.0,0.0,0.0,8.0,0.0
0.375,11,Improved-gOMP,baseline,3552.0,768.0,2048.0,0.0,0.0,0.0,488.0,56.0,48.0,48.0,48.0,48.0,0.0
0.375,11,Improved-gOMP,optimized,5232.0,768.0,2048.0,0.0,2048.0,128.0,128.0,56.0,48.0,0.0,0.0,8.0,0.0
0.375,12,Improved-gOMP,baseline,3528.0,768.0,2048.0,0.0,0.0,0.0,464.0,56.0,48.0,48.0,48.0,48.0,0.0
0.375,12,Improved-gOMP,optimized,5232.0,768.0,2048.0,0.0,2048.0,128.0,128.0,56.0,48.0,0.0,0.0,8.0,0.0
0.375,13,Improved-gOMP,baseline,3528.0,768.0,2048.0,0.0,0.0,0.0,464.0,56.0,48.0,48.0,48.0,48.0,0.0
0.375,13,Improved-gOMP,optimized,5232.0,768.0,2048.0,0.0,2048.0,128.0,128.0,56.0,48.0,0.0,0.0,8.0,0.0
0.375,14,Improved-gOMP,baseline,3528.0,768.0,2048.0,0.0,0.0,0.0,464.0,56.0,48.0,48.0,48.0,48.0,0.0
0.375,14,Improved-gOMP,optimized,5232.0,768.0,2048.0,0.0,2048.0,128.0,128.0,56.0,48.0,0.0,0.0,8.0,0.0
0.375,15,Improved-gOMP,baseline,3528.0,768.0,2048.0,0.0,0.0,0.0,464.0,56.0,48.0,48.0,48.0,48.0,0.0
0.375,15,Improved-gOMP,optimized,5232.0,768.0,2048.0,0.0,2048.0,128.0,128.0,56.0,48.0,0.0,0.0,8.0,0.0
0.375,16,Improved-gOMP,baseline,3528.0,768.0,2048.0,0.0,0.0,0.0,464.0,56.0,48.0,48.0,48.0,48.0,0.0
0.375,16,Improved-gOMP,optimized,5232.0,768.0,2048.0,0.0,2048.0,128.0,128.0,56.0,48.0,0.0,0.0,8.0,0.0
0.375,17,Improved-gOMP,baseline,3384.0,768.0,2048.0,0.0,0.0,0.0,360.0,48.0,40.0,40.0,40.0,40.0,0.0
0.375,17,Improved-gOMP,optimized,5232.0,768.0,2048.0,0.0,2048.0,128.0,128.0,56.0,48.0,0.0,0.0,8.0,0.0
0.375,18,Improved-gOMP,baseline,3528.0,768.0,2048.0,0.0,0.0,0.0,464.0,56.0,48.0,48.0,48.0,48.0,0.0
0.375,18,Improved-gOMP,optimized,5232.0,768.0,2048.0,0.0,2048.0,128.0,128.0,56.0,48.0,0.0,0.0,8.0,0.0
0.375,19,Improved-gOMP,baseline,3528.0,768.0,2048.0,0.0,0.0,0.0,464.0,56.0,48.0,48.0,48.0,48.0,0.0
0.375,19,Improved-gOMP,optimized,4472.0,768.0,2048.0,0.0,1352.0,104.0,104.0,48.0,40.0,0.0,0.0,8.0,0.0
0.375,20,Improved-gOMP,baseline,3528.0,768.0,2048.0,0.0,0.0,0.0,464.0,56.0,48.0,48.0,48.0,48.0,0.0
0.375,20,Improved-gOMP,optimized,5232.0,768.0,2048.0,0.0,2048.0,128.0,128.0,56.0,48.0,0.0,0.0,8.0,0.0
0.375,21,Improved-gOMP,baseline,3528.0,768.0,2048.0,0.0,0.0,0.0,464.0,56.0,48.0,48.0,48.0,48.0,0.0
0.375,21,Improved-gOMP,optimized,5232.0,768.0,2048.0,0.0,2048.0,128.0,128.0,56.0,48.0,0.0,0.0,8.0,0.0
0.375,22,Improved-gOMP,baseline,3384.0,768.0,2048.0,0.0,0.0,0.0,360.0,48.0,40.0,40.0,40.0,40.0,0.0
0.375,22,Improved-gOMP,optimized,4952.0,768.0,2048.0,0.0,1800.0,120.0,120.0,48.0,40.0,0.0,0.0,8.0,0.0
0.375,23,Improved-gOMP,baseline,3552.0,768.0,2048.0,0.0,0.0,0.0,488.0,56.0,48.0,48.0,48.0,48.0,0.0
0.375,23,Improved-gOMP,optimized,5232.0,768.0,2048.0,0.0,2048.0,128.0,128.0,56.0,48.0,0.0,0.0,8.0,0.0
0.375,24,Improved-gOMP,baseline,3528.0,768.0,2048.0,0.0,0.0,0.0,464.0,56.0,48.0,48.0,48.0,48.0,0.0
0.375,24,Improved-gOMP,optimized,5232.0,768.0,2048.0,0.0,2048.0,128.0,128.0,56.0,48.0,0.0,0.0,8.0,0.0
0.375,25,Improved-gOMP,baseline,3528.0,768.0,2048.0,0.0,0.0,0.0,464.0,56.0,48.0,48.0,48.0,48.0,0.0
0.375,25,Improved-gOMP,optimized,5232.0,768.0,2048.0,0.0,2048.0,128.0,128.0,56.0,48.0,0.0,0.0,8.0,0.0
0.375,26,Improved-gOMP,baseline,3336.0,768.0,2048.0,0.0,0.0,0.0,312.0,48.0,40.0,40.0,40.0,40.0,0.0
0.375,26,Improved-gOMP,optimized,4256.0,768.0,2048.0,0.0,1152.0,96.0,96.0,48.0,40.0,0.0,0.0,8.0,0.0
0.375,27,Improved-gOMP,baseline,3528.0,768.0,2048.0,0.0,0.0,0.0,464.0,56.0,48.0,48.0,48.0,48.0,0.0
0.375,27,Improved-gOMP,optimized,5232.0,768.0,2048.0,0.0,2048.0,128.0,128.0,56.0,48.0,0.0,0.0,8.0,0.0
0.375,28,Improved-gOMP,baseline,3528.0,768.0,2048.0,0.0,0.0,0.0,464.0,56.0,48.0,48.0,48.0,48.0,0.0
0.375,28,Improved-gOMP,optimized,5232.0,768.0,2048.0,0.0,2048.0,128.0,128.0,56.0,48.0,0.0,0.0,8.0,0.0
0.375,29,Improved-gOMP,baseline,3528.0,768.0,2048.0,0.0,0.0,0.0,464.0,56.0,48.0,48.0,48.0,48.0,0.0
0.375,29,Improved-gOMP,optimized,4968.0,768.0,2048.0,0.0,1800.0,120.0,120.0,56.0,48.0,0.0,0.0,8.0,0.0
0.375,30,Improved-gOMP,baseline,3552.0,768.0,2048.0,0.0,0.0,0.0,488.0,56.0,48.0,48.0,48.0,48.0,0.0
0.375,30,Improved-gOMP,optimized,5232.0,768.0,2048.0,0.0,2048.0,128.0,128.0,56.0,48.0,0.0,0.0,8.0,0.0
0.375,31,Improved-gOMP,baseline,3496.0,768.0,2048.0,0.0,0.0,0.0,432.0,56.0,48.0,48.0,48.0,48.0,0.0
0.375,31,Improved-gOMP,optimized,4256.0,768.0,2048.0,0.0,1152.0,96.0,96.0,48.0,40.0,0.0,0.0,8.0,0.0
0.375,32,Improved-gOMP,baseline,3496.0,768.0,2048.0,0.0,0.0,0.0,432.0,56.0,48.0,48.0,48.0,48.0,0.0
0.375,32,Improved-gOMP,optimized,4256.0,768.0,2048.0,0.0,1152.0,96.0,96.0,48.0,40.0,0.0,0.0,8.0,0.0
0.375,33,Improved-gOMP,baseline,3552.0,768.0,2048.0,0.0,0.0,0.0,488.0,56.0,48.0,48.0,48.0,48.0,0.0
0.375,33,Improved-gOMP,optimized,5232.0,768.0,2048.0,0.0,2048.0,128.0,128.0,56.0,48.0,0.0,0.0,8.0,0.0
0.375,34,Improved-gOMP,baseline,3528.0,768.0,2048.0,0.0,0.0,0.0,464.0,56.0,48.0,48.0,48.0,48.0,0.0
0.375,34,Improved-gOMP,optimized,4472.0,768.0,2048.0,0.0,1352.0,104.0,104.0,48.0,40.0,0.0,0.0,8.0,0.0
0.375,35,Improved-gOMP,baseline,3528.0,768.0,2048.0,0.0,0.0,0.0,464.0,56.0,48.0,48.0,48.0,48.0,0.0
0.375,35,Improved-gOMP,optimized,5232.0,768.0,2048.0,0.0,2048.0,128.0,128.0,56.0,48.0,0.0,0.0,8.0,0.0
0.375,36,Improved-gOMP,baseline,3528.0,768.0,2048.0,0.0,0.0,0.0,464.0,56.0,48.0,48.0,48.0,48.0,0.0
0.375,36,Improved-gOMP,optimized,4968.0,768.0,2048.0,0.0,1800.0,120.0,120.0,56.0,48.0,0.0,0.0,8.0,0.0
0.375,37,Improved-gOMP,baseline,3528.0,768.0,2048.0,0.0,0.0,0.0,464.0,56.0,48.0,48.0,48.0,48.0,0.0
0.375,37,Improved-gOMP,optimized,5232.0,768.0,2048.0,0.0,2048.0,128.0,128.0,56.0,48.0,0.0,0.0,8.0,0.0
0.375,38,Improved-gOMP,baseline,3360.0,768.0,2048.0,0.0,0.0,0.0,336.0,48.0,40.0,40.0,40.0,40.0,0.0
0.375,38,Improved-gOMP,optimized,5232.0,768.0,2048.0,0.0,2048.0,128.0,128.0,56.0,48.0,0.0,0.0,8.0,0.0
0.375,39,Improved-gOMP,baseline,3552.0,768.0,2048.0,0.0,0.0,0.0,488.0,56.0,48.0,48.0,48.0,48.0,0.0
0.375,39,Improved-gOMP,optimized,5232.0,768.0,2048.0,0.0,2048.0,128.0,128.0,56.0,48.0,0.0,0.0,8.0,0.0
0.375,40,Improved-gOMP,baseline,3496.0,768.0,2048.0,0.0,0.0,0.0,432.0,56.0,48.0,48.0,48.0,48.0,0.0
0.375,40,Improved-gOMP,optimized,4968.0,768.0,2048.0,0.0,1800.0,120.0,120.0,56.0,48.0,0.0,0.0,8.0,0.0
0.375,41,Improved-gOMP,baseline,3384.0,768.0,2048.0,0.0,0.0,0.0,360.0,48.0,40.0,40.0,40.0,40.0,0.0
0.375,41,Improved-gOMP,optimized,5232.0,768.0,2048.0,0.0,2048.0,128.0,128.0,56.0,48.0,0.0,0.0,8.0,0.0
0.375,42,Improved-gOMP,baseline,3528.0,768.0,2048.0,0.0,0.0,0.0,464.0,56.0,48.0,48.0,48.0,48.0,0.0
0.375,42,Improved-gOMP,optimized,4968.0,768.0,2048.0,0.0,1800.0,120.0,120.0,56.0,48.0,0.0,0.0,8.0,0.0
0.375,43,Improved-gOMP,baseline,3360.0,768.0,2048.0,0.0,0.0,0.0,336.0,48.0,40.0,40.0,40.0,40.0,0.0
0.375,43,Improved-gOMP,optimized,4040.0,768.0,2048.0,0.0,968.0,88.0,88.0,40.0,32.0,0.0,0.0,8.0,0.0
0.375,44,Improved-gOMP,baseline,3528.0,768.0,2048.0,0.0,0.0,0.0,464.0,56.0,48.0,48.0,48.0,48.0,0.0
0.375,44,Improved-gOMP,optimized,5232.0,768.0,2048.0,0.0,2048.0,128.0,128.0,56.0,48.0,0.0,0.0,8.0,0.0
0.375,45,Improved-gOMP,baseline,3528.0,768.0,2048.0,0.0,0.0,0.0,464.0,56.0,48.0,48.0,48.0,48.0,0.0
0.375,45,Improved-gOMP,optimized,5232.0,768.0,2048.0,0.0,2048.0,128.0,128.0,56.0,48.0,0.0,0.0,8.0,0.0
0.375,46,Improved-gOMP,baseline,3552.0,768.0,2048.0,0.0,0.0,0.0,488.0,56.0,48.0,48.0,48.0,48.0,0.0
0.375,46,Improved-gOMP,optimized,5232.0,768.0,2048.0,0.0,2048.0,128.0,128.0,56.0,48.0,0.0,0.0,8.0,0.0
0.375,47,Improved-gOMP,baseline,3528.0,768.0,2048.0,0.0,0.0,0.0,464.0,56.0,48.0,48.0,48.0,48.0,0.0
0.375,47,Improved-gOMP,optimized,5232.0,768.0,2048.0,0.0,2048.0,128.0,128.0,56.0,48.0,0.0,0.0,8.0,0.0
0.375,48,Improved-gOMP,baseline,3528.0,768.0,2048.0,0.0,0.0,0.0,464.0,56.0,48.0,48.0,48.0,48.0,0.0
0.375,48,Improved-gOMP,optimized,5232.0,768.0,2048.0,0.0,2048.0,128.0,128.0,56.0,48.0,0.0,0.0,8.0,0.0
0.375,49,Improved-gOMP,baseline,3528.0,768.0,2048.0,0.0,0.0,0.0,464.0,56.0,48.0,48.0,48.0,48.0,0.0
0.375,49,Improved-gOMP,optimized,5232.0,768.0,2048.0,0.0,2048.0,128.0,128.0,56.0,48.0,0.0,0.0,8.0,0.0
0.375,50,Improved-gOMP,baseline,3528.0,768.0,2048.0,0.0,0.0,0.0,464.0,56.0,48.0,48.0,48.0,48.0,0.0
0.375,50,Improved-gOMP,optimized,5232.0,768.0,2048.0,0.0,2048.0,128.0,128.0,56.0,48.0,0.0,0.0,8.0,0.0
0.375,51,Improved-gOMP,baseline,3528.0,768.0,2048.0,0.0,0.0,0.0,464.0,56.0,48.0,48.0,48.0,48.0,0.0
0.375,51,Improved-gOMP,optimized,4968.0,768.0,2048.0,0.0,1800.0,120.0,120.0,56.0,48.0,0.0,0.0,8.0,0.0
0.375,52,Improved-gOMP,baseline,3528.0,768.0,2048.0,0.0,0.0,0.0,464.0,56.0,48.0,48.0,48.0,48.0,0.0
0.375,52,Improved-gOMP,optimized,5232.0,768.0,2048.0,0.0,2048.0,128.0,128.0,56.0,48.0,0.0,0.0,8.0,0.0
0.375,53,Improved-gOMP,baseline,3552.0,768.0,2048.0,0.0,0.0,0.0,488.0,56.0,48.0,48.0,48.0,48.0,0.0
0.375,53,Improved-gOMP,optimized,4472.0,768.0,2048.0,0.0,1352.0,104.0,104.0,48.0,40.0,0.0,0.0,8.0,0.0
0.375,54,Improved-gOMP,baseline,3528.0,768.0,2048.0,0.0,0.0,0.0,464.0,56.0,48.0,48.0,48.0,48.0,0.0
0.375,54,Improved-gOMP,optimized,5232.0,768.0,2048.0,0.0,2048.0,128.0,128.0,56.0,48.0,0.0,0.0,8.0,0.0
0.375,55,Improved-gOMP,baseline,3496.0,768.0,2048.0,0.0,0.0,0.0,432.0,56.0,48.0,48.0,48.0,48.0,0.0
0.375,55,Improved-gOMP,optimized,4968.0,768.0,2048.0,0.0,1800.0,120.0,120.0,56.0,48.0,0.0,0.0,8.0,0.0
0.375,56,Improved-gOMP,baseline,3552.0,768.0,2048.0,0.0,0.0,0.0,488.0,56.0,48.0,48.0,48.0,48.0,0.0
0.375,56,Improved-gOMP,optimized,5232.0,768.0,2048.0,0.0,2048.0,128.0,128.0,56.0,48.0,0.0,0.0,8.0,0.0
0.375,57,Improved-gOMP,baseline,3360.0,768.0,2048.0,0.0,0.0,0.0,336.0,48.0,40.0,40.0,40.0,40.0,0.0
0.375,57,Improved-gOMP,optimized,4472.0,768.0,2048.0,0.0,1352.0,104.0,104.0,48.0,40.0,0.0,0.0,8.0,0.0
0.375,58,Improved-gOMP,baseline,3528.0,768.0,2048.0,0.0,0.0,0.0,464.0,56.0,48.0,48.0,48.0,48.0,0.0
0.375,58,Improved-gOMP,optimized,5232.0,768.0,2048.0,0.0,2048.0,128.0,128.0,56.0,48.0,0.0,0.0,8.0,0.0
0.375,59,Improved-gOMP,baseline,3528.0,768.0,2048.0,0.0,0.0,0.0,464.0,56.0,48.0,48.0,48.0,48.0,0.0
0.375,59,Improved-gOMP,optimized,4968.0,768.0,2048.0,0.0,1800.0,120.0,120.0,56.0,48.0,0.0,0.0,8.0,0.0
0.375,60,Improved-gOMP,baseline,3528.0,768.0,2048.0,0.0,0.0,0.0,464.0,56.0,48.0,48.0,48.0,48.0,0.0
0.375,60,Improved-gOMP,optimized,5232.0,768.0,2048.0,0.0,2048.0,128.0,128.0,56.0,48.0,0.0,0.0,8.0,0.0
0.375,61,Improved-gOMP,baseline,3528.0,768.0,2048.0,0.0,0.0,0.0,464.0,56.0,48.0,48.0,48.0,48.0,0.0
0.375,61,Improved-gOMP,optimized,5232.0,768.0,2048.0,0.0,2048.0,128.0,128.0,56.0,48.0,0.0,0.0,8.0,0.0
0.375,62,Improved-gOMP,baseline,3360.0,768.0,2048.0,0.0,0.0,0.0,336.0,48.0,40.0,40.0,40.0,40.0,0.0
0.375,62,Improved-gOMP,optimized,4472.0,768.0,2048.0,0.0,1352.0,104.0,104.0,48.0,40.0,0.0,0.0,8.0,0.0
0.375,63,Improved-gOMP,baseline,3528.0,768.0,2048.0,0.0,0.0,0.0,464.0,56.0,48.0,48.0,48.0,48.0,0.0
0.375,63,Improved-gOMP,optimized,5232.0,768.0,2048.0,0.0,2048.0,128.0,128.0,56.0,48.0,0.0,0.0,8.0,0.0
0.375,64,Improved-gOMP,baseline,3528.0,768.0,2048.0,0.0,0.0,0.0,464.0,56.0,48.0,48.0,48.0,48.0,0.0
0.375,64,Improved-gOMP,optimized,5232.0,768.0,2048.0,0.0,2048.0,128.0,128.0,56.0,48.0,0.0,0.0,8.0,0.0
0.375,65,Improved-gOMP,baseline,3552.0,768.0,2048.0,0.0,0.0,0.0,488.0,56.0,48.0,48.0,48.0,48.0,0.0
0.375,65,Improved-gOMP,optimized,4968.0,768.0,2048.0,0.0,1800.0,120.0,120.0,56.0,48.0,0.0,0.0,8.0,0.0
0.375,66,Improved-gOMP,baseline,3552.0,768.0,2048.0,0.0,0.0,0.0,488.0,56.0,48.0,48.0,48.0,48.0,0.0
0.375,66,Improved-gOMP,optimized,5232.0,768.0,2048.0,0.0,2048.0,128.0,128.0,56.0,48.0,0.0,0.0,8.0,0.0
0.375,67,Improved-gOMP,baseline,3528.0,768.0,2048.0,0.0,0.0,0.0,464.0,56.0,48.0,48.0,48.0,48.0,0.0
0.375,67,Improved-gOMP,optimized,5232.0,768.0,2048.0,0.0,2048.0,128.0,128.0,56.0,48.0,0.0,0.0,8.0,0.0
0.375,68,Improved-gOMP,baseline,3552.0,768.0,2048.0,0.0,0.0,0.0,488.0,56.0,48.0,48.0,48.0,48.0,0.0
0.375,68,Improved-gOMP,optimized,5232.0,768.0,2048.0,0.0,2048.0,128.0,128.0,56.0,48.0,0.0,0.0,8.0,0.0
0.375,69,Improved-gOMP,baseline,3528.0,768.0,2048.0,0.0,0.0,0.0,464.0,56.0,48.0,48.0,48.0,48.0,0.0
0.375,69,Improved-gOMP,optimized,5232.0,768.0,2048.0,0.0,2048.0,128.0,128.0,56.0,48.0,0.0,0.0,8.0,0.0
0.375,70,Improved-gOMP,baseline,3528.0,768.0,2048.0,0.0,0.0,0.0,464.0,56.0,48.0,48.0,48.0,48.0,0.0
0.375,70,Improved-gOMP,optimized,5232.0,768.0,2048.0,0.0,2048.0,128.0,128.0,56.0,48.0,0.0,0.0,8.0,0.0
0.375,71,Improved-gOMP,baseline,3360.0,768.0,2048.0,0.0,0.0,0.0,336.0,48.0,40.0,40.0,40.0,40.0,0.0
0.375,71,Improved-gOMP,optimized,4472.0,768.0,2048.0,0.0,1352.0,104.0,104.0,48.0,40.0,0.0,0.0,8.0,0.0
0.375,72,Improved-gOMP,baseline,3528.0,768.0,2048.0,0.0,0.0,0.0,464.0,56.0,48.0,48.0,48.0,48.0,0.0
0.375,72,Improved-gOMP,optimized,5232.0,768.0,2048.0,0.0,2048.0,128.0,128.0,56.0,48.0,0.0,0.0,8.0,0.0
0.375,73,Improved-gOMP,baseline,3528.0,768.0,2048.0,0.0,0.0,0.0,464.0,56.0,48.0,48.0,48.0,48.0,0.0
0.375,73,Improved-gOMP,optimized,5232.0,768.0,2048.0,0.0,2048.0,128.0,128.0,56.0,48.0,0.0,0.0,8.0,0.0
0.375,74,Improved-gOMP,baseline,3528.0,768.0,2048.0,0.0,0.0,0.0,464.0,56.0,48.0,48.0,48.0,48.0,0.0
0.375,74,Improved-gOMP,optimized,5232.0,768.0,2048.0,0.0,2048.0,128.0,128.0,56.0,48.0,0.0,0.0,8.0,0.0
0.375,75,Improved-gOMP,baseline,3528.0,768.0,2048.0,0.0,0.0,0.0,464.0,56.0,48.0,48.0,48.0,48.0,0.0
0.375,75,Improved-gOMP,optimized,5232.0,768.0,2048.0,0.0,2048.0,128.0,128.0,56.0,48.0,0.0,0.0,8.0,0.0
0.375,76,Improved-gOMP,baseline,3528.0,768.0,2048.0,0.0,0.0,0.0,464.0,56.0,48.0,48.0,48.0,48.0,0.0
0.375,76,Improved-gOMP,optimized,5232.0,768.0,2048.0,0.0,2048.0,128.0,128.0,56.0,48.0,0.0,0.0,8.0,0.0
0.375,77,Improved-gOMP,baseline,3528.0,768.0,2048.0,0.0,0.0,0.0,464.0,56.0,48.0,48.0,48.0,48.0,0.0
0.375,77,Improved-gOMP,optimized,5232.0,768.0,2048.0,0.0,2048.0,128.0,128.0,56.0,48.0,0.0,0.0,8.0,0.0
0.375,78,Improved-gOMP,baseline,3528.0,768.0,2048.0,0.0,0.0,0.0,464.0,56.0,48.0,48.0,48.0,48.0,0.0
0.375,78,Improved-gOMP,optimized,4968.0,768.0,2048.0,0.0,1800.0,120.0,120.0,56.0,48.0,0.0,0.0,8.0,0.0
0.375,79,Improved-gOMP,baseline,3360.0,768.0,2048.0,0.0,0.0,0.0,336.0,48.0,40.0,40.0,40.0,40.0,0.0
0.375,79,Improved-gOMP,optimized,4256.0,768.0,2048.0,0.0,1152.0,96.0,96.0,48.0,40.0,0.0,0.0,8.0,0.0
0.375,80,Improved-gOMP,baseline,3384.0,768.0,2048.0,0.0,0.0,0.0,360.0,48.0,40.0,40.0,40.0,40.0,0.0
0.375,80,Improved-gOMP,optimized,4952.0,768.0,2048.0,0.0,1800.0,120.0,120.0,48.0,40.0,0.0,0.0,8.0,0.0
0.375,81,Improved-gOMP,baseline,3528.0,768.0,2048.0,0.0,0.0,0.0,464.0,56.0,48.0,48.0,48.0,48.0,0.0
0.375,81,Improved-gOMP,optimized,4040.0,768.0,2048.0,0.0,968.0,88.0,88.0,40.0,32.0,0.0,0.0,8.0,0.0
0.375,82,Improved-gOMP,baseline,3552.0,768.0,2048.0,0.0,0.0,0.0,488.0,56.0,48.0,48.0,48.0,48.0,0.0
0.375,82,Improved-gOMP,optimized,5232.0,768.0,2048.0,0.0,2048.0,128.0,128.0,56.0,48.0,0.0,0.0,8.0,0.0
0.375,83,Improved-gOMP,baseline,3360.0,768.0,2048.0,0.0,0.0,0.0,336.0,48.0,40.0,40.0,40.0,40.0,0.0
0.375,83,Improved-gOMP,optimized,4472.0,768.0,2048.0,0.0,1352.0,104.0,104.0,48.0,40.0,0.0,0.0,8.0,0.0
0.375,84,Improved-gOMP,baseline,3528.0,768.0,2048.0,0.0,0.0,0.0,464.0,56.0,48.0,48.0,48.0,48.0,0.0
0.375,84,Improved-gOMP,optimized,5232.0,768.0,2048.0,0.0,2048.0,128.0,128.0,56.0,48.0,0.0,0.0,8.0,0.0
0.375,85,Improved-gOMP,baseline,3384.0,768.0,2048.0,0.0,0.0,0.0,360.0,48.0,40.0,40.0,40.0,40.0,0.0
0.375,85,Improved-gOMP,optimized,5232.0,768.0,2048.0,0.0,2048.0,128.0,128.0,56.0,48.0,0.0,0.0,8.0,0.0
0.375,86,Improved-gOMP,baseline,3360.0,768.0,2048.0,0.0,0.0,0.0,336.0,48.0,40.0,40.0,40.0,40.0,0.0
0.375,86,Improved-gOMP,optimized,4472.0,768.0,2048.0,0.0,1352.0,104.0,104.0,48.0,40.0,0.0,0.0,8.0,0.0
0.375,87,Improved-gOMP,baseline,3552.0,768.0,2048.0,0.0,0.0,0.0,488.0,56.0,48.0,48.0,48.0,48.0,0.0
0.375,87,Improved-gOMP,optimized,5232.0,768.0,2048.0,0.0,2048.0,128.0,128.0,56.0,48.0,0.0,0.0,8.0,0.0
0.375,88,Improved-gOMP,baseline,3528.0,768.0,2048.0,0.0,0.0,0.0,464.0,56.0,48.0,48.0,48.0,48.0,0.0
0.375,88,Improved-gOMP,optimized,4472.0,768.0,2048.0,0.0,1352.0,104.0,104.0,48.0,40.0,0.0,0.0,8.0,0.0
0.375,89,Improved-gOMP,baseline,3552.0,768.0,2048.0,0.0,0.0,0.0,488.0,56.0,48.0,48.0,48.0,48.0,0.0
0.375,89,Improved-gOMP,optimized,4952.0,768.0,2048.0,0.0,1800.0,120.0,120.0,48.0,40.0,0.0,0.0,8.0,0.0
0.375,90,Improved-gOMP,baseline,3496.0,768.0,2048.0,0.0,0.0,0.0,432.0,56.0,48.0,48.0,48.0,48.0,0.0
0.375,90,Improved-gOMP,optimized,4968.0,768.0,2048.0,0.0,1800.0,120.0,120.0,56.0,48.0,0.0,0.0,8.0,0.0
0.375,91,Improved-gOMP,baseline,3496.0,768.0,2048.0,0.0,0.0,0.0,432.0,56.0,48.0,48.0,48.0,48.0,0.0
0.375,91,Improved-gOMP,optimized,4968.0,768.0,2048.0,0.0,1800.0,120.0,120.0,56.0,48.0,0.0,0.0,8.0,0.0
0.375,92,Improved-gOMP,baseline,3528.0,768.0,2048.0,0.0,0.0,0.0,464.0,56.0,48.0,48.0,48.0,48.0,0.0
0.375,92,Improved-gOMP,optimized,4472.0,768.0,2048.0,0.0,1352.0,104.0,104.0,48.0,40.0,0.0,0.0,8.0,0.0
0.375,93,Improved-gOMP,baseline,3496.0,768.0,2048.0,0.0,0.0,0.0,432.0,56.0,48.0,48.0,48.0,48.0,0.0
0.375,93,Improved-gOMP,optimized,4968.0,768.0,2048.0,0.0,1800.0,120.0,120.0,56.0,48.0,0.0,0.0,8.0,0.0
0.375,94,Improved-gOMP,baseline,3528.0,768.0,2048.0,0.0,0.0,0.0,464.0,56.0,48.0,48.0,48.0,48.0,0.0
0.375,94,Improved-gOMP,optimized,5232.0,768.0,2048.0,0.0,2048.0,128.0,128.0,56.0,48.0,0.0,0.0,8.0,0.0
0.375,95,Improved-gOMP,baseline,3552.0,768.0,2048.0,0.0,0.0,0.0,488.0,56.0,48.0,48.0,48.0,48.0,0.0
0.375,95,Improved-gOMP,optimized,4952.0,768.0,2048.0,0.0,1800.0,120.0,120.0,48.0,40.0,0.0,0.0,8.0,0.0
0.375,96,Improved-gOMP,baseline,3496.0,768.0,2048.0,0.0,0.0,0.0,432.0,56.0,48.0,48.0,48.0,48.0,0.0
0.375,96,Improved-gOMP,optimized,4968.0,768.0,2048.0,0.0,1800.0,120.0,120.0,56.0,48.0,0.0,0.0,8.0,0.0
0.375,97,Improved-gOMP,baseline,3528.0,768.0,2048.0,0.0,0.0,0.0,464.0,56.0,48.0,48.0,48.0,48.0,0.0
0.375,97,Improved-gOMP,optimized,5232.0,768.0,2048.0,0.0,2048.0,128.0,128.0,56.0,48.0,0.0,0.0,8.0,0.0
0.375,98,Improved-gOMP,baseline,3552.0,768.0,2048.0,0.0,0.0,0.0,488.0,56.0,48.0,48.0,48.0,48.0,0.0
0.375,98,Improved-gOMP,optimized,5232.0,768.0,2048.0,0.0,2048.0,128.0,128.0,56.0,48.0,0.0,0.0,8.0,0.0
0.375,99,Improved-gOMP,baseline,3528.0,768.0,2048.0,0.0,0.0,0.0,464.0,56.0,48.0,48.0,48.0,48.0,0.0
0.375,99,Improved-gOMP,optimized,5232.0,768.0,2048.0,0.0,2048.0,128.0,128.0,56.0,48.0,0.0,0.0,8.0,0.0
0.375,100,Improved-gOMP,baseline,3552.0,768.0,2048.0,0.0,0.0,0.0,488.0,56.0,48.0,48.0,48.0,48.0,0.0
0.375,100,Improved-gOMP,optimized,5232.0,768.0,2048.0,0.0,2048.0,128.0,128.0,56.0,48.0,0.0,0.0,8.0,0.0
0.375,101,Improved-gOMP,baseline,3528.0,768.0,2048.0,0.0,0.0,0.0,464.0,56.0,48.0,48.0,48.0,48.0,0.0
0.375,101,Improved-gOMP,optimized,5232.0,768.0,2048.0,0.0,2048.0,128.0,128.0,56.0,48.0,0.0,0.0,8.0,0.0
0.375,102,Improved-gOMP,baseline,3528.0,768.0,2048.0,0.0,0.0,0.0,464.0,56.0,48.0,48.0,48.0,48.0,0.0
0.375,102,Improved-gOMP,optimized,5232.0,768.0,2048.0,0.0,2048.0,128.0,128.0,56.0,48.0,0.0,0.0,8.0,0.0
0.375,103,Improved-gOMP,baseline,3528.0,768.0,2048.0,0.0,0.0,0.0,464.0,56.0,48.0,48.0,48.0,48.0,0.0
0.375,103,Improved-gOMP,optimized,5232.0,768.0,2048.0,0.0,2048.0,128.0,128.0,56.0,48.0,0.0,0.0,8.0,0.0
0.375,104,Improved-gOMP,baseline,3528.0,768.0,2048.0,0.0,0.0,0.0,464.0,56.0,48.0,48.0,48.0,48.0,0.0
0.375,104,Improved-gOMP,optimized,5232.0,768.0,2048.0,0.0,2048.0,128.0,128.0,56.0,48.0,0.0,0.0,8.0,0.0
0.375,105,Improved-gOMP,baseline,3552.0,768.0,2048.0,0.0,0.0,0.0,488.0,56.0,48.0,48.0,48.0,48.0,0.0
0.375,105,Improved-gOMP,optimized,5232.0,768.0,2048.0,0.0,2048.0,128.0,128.0,56.0,48.0,0.0,0.0,8.0,0.0
0.375,106,Improved-gOMP,baseline,3528.0,768.0,2048.0,0.0,0.0,0.0,464.0,56.0,48.0,48.0,48.0,48.0,0.0
0.375,106,Improved-gOMP,optimized,5232.0,768.0,2048.0,0.0,2048.0,128.0,128.0,56.0,48.0,0.0,0.0,8.0,0.0
0.375,107,Improved-gOMP,baseline,3496.0,768.0,2048.0,0.0,0.0,0.0,432.0,56.0,48.0,48.0,48.0,48.0,0.0
0.375,107,Improved-gOMP,optimized,5232.0,768.0,2048.0,0.0,2048.0,128.0,128.0,56.0,48.0,0.0,0.0,8.0,0.0
0.375,108,Improved-gOMP,baseline,3384.0,768.0,2048.0,0.0,0.0,0.0,360.0,48.0,40.0,40.0,40.0,40.0,0.0
0.375,108,Improved-gOMP,optimized,4472.0,768.0,2048.0,0.0,1352.0,104.0,104.0,48.0,40.0,0.0,0.0,8.0,0.0
0.375,109,Improved-gOMP,baseline,3552.0,768.0,2048.0,0.0,0.0,0.0,488.0,56.0,48.0,48.0,48.0,48.0,0.0
0.375,109,Improved-gOMP,optimized,5232.0,768.0,2048.0,0.0,2048.0,128.0,128.0,56.0,48.0,0.0,0.0,8.0,0.0
0.375,110,Improved-gOMP,baseline,3496.0,768.0,2048.0,0.0,0.0,0.0,432.0,56.0,48.0,48.0,48.0,48.0,0.0
0.375,110,Improved-gOMP,optimized,4968.0,768.0,2048.0,0.0,1800.0,120.0,120.0,56.0,48.0,0.0,0.0,8.0,0.0
0.375,111,Improved-gOMP,baseline,3664.0,768.0,2048.0,0.0,0.0,0.0,560.0,64.0,56.0,56.0,56.0,56.0,0.0
0.375,111,Improved-gOMP,optimized,5248.0,768.0,2048.0,0.0,2048.0,128.0,128.0,64.0,56.0,0.0,0.0,8.0,0.0
0.375,112,Improved-gOMP,baseline,3528.0,768.0,2048.0,0.0,0.0,0.0,464.0,56.0,48.0,48.0,48.0,48.0,0.0
0.375,112,Improved-gOMP,optimized,4256.0,768.0,2048.0,0.0,1152.0,96.0,96.0,48.0,40.0,0.0,0.0,8.0,0.0
0.375,113,Improved-gOMP,baseline,3360.0,768.0,2048.0,0.0,0.0,0.0,336.0,48.0,40.0,40.0,40.0,40.0,0.0
0.375,113,Improved-gOMP,optimized,4472.0,768.0,2048.0,0.0,1352.0,104.0,104.0,48.0,40.0,0.0,0.0,8.0,0.0
0.375,114,Improved-gOMP,baseline,3528.0,768.0,2048.0,0.0,0.0,0.0,464.0,56.0,48.0,48.0,48.0,48.0,0.0
0.375,114,Improved-gOMP,optimized,5232.0,768.0,2048.0,0.0,2048.0,128.0,128.0,56.0,48.0,0.0,0.0,8.0,0.0
0.375,115,Improved-gOMP,baseline,3528.0,768.0,2048.0,0.0,0.0,0.0,464.0,56.0,48.0,48.0,48.0,48.0,0.0
0.375,115,Improved-gOMP,optimized,5232.0,768.0,2048.0,0.0,2048.0,128.0,128.0,56.0,48.0,0.0,0.0,8.0,0.0
0.375,116,Improved-gOMP,baseline,3528.0,768.0,2048.0,0.0,0.0,0.0,464.0,56.0,48.0,48.0,48.0,48.0,0.0
0.375,116,Improved-gOMP,optimized,4968.0,768.0,2048.0,0.0,1800.0,120.0,120.0,56.0,48.0,0.0,0.0,8.0,0.0
0.375,117,Improved-gOMP,baseline,3552.0,768.0,2048.0,0.0,0.0,0.0,488.0,56.0,48.0,48.0,48.0,48.0,0.0
0.375,117,Improved-gOMP,optimized,5232.0,768.0,2048.0,0.0,2048.0,128.0,128.0,56.0,48.0,0.0,0.0,8.0,0.0
0.375,118,Improved-gOMP,baseline,3384.0,768.0,2048.0,0.0,0.0,0.0,360.0,48.0,40.0,40.0,40.0,40.0,0.0
0.375,118,Improved-gOMP,optimized,5232.0,768.0,2048.0,0.0,2048.0,128.0,128.0,56.0,48.0,0.0,0.0,8.0,0.0
0.375,119,Improved-gOMP,baseline,3528.0,768.0,2048.0,0.0,0.0,0.0,464.0,56.0,48.0,48.0,48.0,48.0,0.0
0.375,119,Improved-gOMP,optimized,5232.0,768.0,2048.0,0.0,2048.0,128.0,128.0,56.0,48.0,0.0,0.0,8.0,0.0
0.375,120,Improved-gOMP,baseline,3360.0,768.0,2048.0,0.0,0.0,0.0,336.0,48.0,40.0,40.0,40.0,40.0,0.0
0.375,120,Improved-gOMP,optimized,3856.0,768.0,2048.0,0.0,800.0,80.0,80.0,40.0,32.0,0.0,0.0,8.0,0.0
0.375,121,Improved-gOMP,baseline,3552.0,768.0,2048.0,0.0,0.0,0.0,488.0,56.0,48.0,48.0,48.0,48.0,0.0
0.375,121,Improved-gOMP,optimized,5232.0,768.0,2048.0,0.0,2048.0,128.0,128.0,56.0,48.0,0.0,0.0,8.0,0.0
0.375,122,Improved-gOMP,baseline,3496.0,768.0,2048.0,0.0,0.0,0.0,432.0,56.0,48.0,48.0,48.0,48.0,0.0
0.375,122,Improved-gOMP,optimized,4968.0,768.0,2048.0,0.0,1800.0,120.0,120.0,56.0,48.0,0.0,0.0,8.0,0.0
0.375,123,Improved-gOMP,baseline,3552.0,768.0,2048.0,0.0,0.0,0.0,488.0,56.0,48.0,48.0,48.0,48.0,0.0
0.375,123,Improved-gOMP,optimized,4952.0,768.0,2048.0,0.0,1800.0,120.0,120.0,48.0,40.0,0.0,0.0,8.0,0.0
0.375,124,Improved-gOMP,baseline,3552.0,768.0,2048.0,0.0,0.0,0.0,488.0,56.0,48.0,48.0,48.0,48.0,0.0
0.375,124,Improved-gOMP,optimized,5232.0,768.0,2048.0,0.0,2048.0,128.0,128.0,56.0,48.0,0.0,0.0,8.0,0.0
0.375,125,Improved-gOMP,baseline,3552.0,768.0,2048.0,0.0,0.0,0.0,488.0,56.0,48.0,48.0,48.0,48.0,0.0
0.375,125,Improved-gOMP,optimized,4952.0,768.0,2048.0,0.0,1800.0,120.0,120.0,48.0,40.0,0.0,0.0,8.0,0.0
0.375,126,Improved-gOMP,baseline,3528.0,768.0,2048.0,0.0,0.0,0.0,464.0,56.0,48.0,48.0,48.0,48.0,0.0
0.375,126,Improved-gOMP,optimized,4472.0,768.0,2048.0,0.0,1352.0,104.0,104.0,48.0,40.0,0.0,0.0,8.0,0.0
0.375,127,Improved-gOMP,baseline,3552.0,768.0,2048.0,0.0,0.0,0.0,488.0,56.0,48.0,48.0,48.0,48.0,0.0
0.375,127,Improved-gOMP,optimized,5232.0,768.0,2048.0,0.0,2048.0,128.0,128.0,56.0,48.0,0.0,0.0,8.0,0.0
0.375,128,Improved-gOMP,baseline,3496.0,768.0,2048.0,0.0,0.0,0.0,432.0,56.0,48.0,48.0,48.0,48.0,0.0
0.375,128,Improved-gOMP,optimized,4968.0,768.0,2048.0,0.0,1800.0,120.0,120.0,56.0,48.0,0.0,0.0,8.0,0.0
0.375,129,Improved-gOMP,baseline,3528.0,768.0,2048.0,0.0,0.0,0.0,464.0,56.0,48.0,48.0,48.0,48.0,0.0
0.375,129,Improved-gOMP,optimized,5232.0,768.0,2048.0,0.0,2048.0,128.0,128.0,56.0,48.0,0.0,0.0,8.0,0.0
0.375,130,Improved-gOMP,baseline,3360.0,768.0,2048.0,0.0,0.0,0.0,336.0,48.0,40.0,40.0,40.0,40.0,0.0
0.375,130,Improved-gOMP,optimized,4472.0,768.0,2048.0,0.0,1352.0,104.0,104.0,48.0,40.0,0.0,0.0,8.0,0.0
0.375,131,Improved-gOMP,baseline,3360.0,768.0,2048.0,0.0,0.0,0.0,336.0,48.0,40.0,40.0,40.0,40.0,0.0
0.375,131,Improved-gOMP,optimized,4472.0,768.0,2048.0,0.0,1352.0,104.0,104.0,48.0,40.0,0.0,0.0,8.0,0.0
0.375,132,Improved-gOMP,baseline,3528.0,768.0,2048.0,0.0,0.0,0.0,464.0,56.0,48.0,48.0,48.0,48.0,0.0
0.375,132,Improved-gOMP,optimized,4472.0,768.0,2048.0,0.0,1352.0,104.0,104.0,48.0,40.0,0.0,0.0,8.0,0.0
0.375,133,Improved-gOMP,baseline,3360.0,768.0,2048.0,0.0,0.0,0.0,336.0,48.0,40.0,40.0,40.0,40.0,0.0
0.375,133,Improved-gOMP,optimized,4472.0,768.0,2048.0,0.0,1352.0,104.0,104.0,48.0,40.0,0.0,0.0,8.0,0.0
0.375,134,Improved-gOMP,baseline,3528.0,768.0,2048.0,0.0,0.0,0.0,464.0,56.0,48.0,48.0,48.0,48.0,0.0
0.375,134,Improved-gOMP,optimized,4472.0,768.0,2048.0,0.0,1352.0,104.0,104.0,48.0,40.0,0.0,0.0,8.0,0.0
0.375,135,Improved-gOMP,baseline,3360.0,768.0,2048.0,0.0,0.0,0.0,336.0,48.0,40.0,40.0,40.0,40.0,0.0
0.375,135,Improved-gOMP,optimized,4256.0,768.0,2048.0,0.0,1152.0,96.0,96.0,48.0,40.0,0.0,0.0,8.0,0.0
0.375,136,Improved-gOMP,baseline,3528.0,768.0,2048.0,0.0,0.0,0.0,464.0,56.0,48.0,48.0,48.0,48.0,0.0
0.375,136,Improved-gOMP,optimized,5232.0,768.0,2048.0,0.0,2048.0,128.0,128.0,56.0,48.0,0.0,0.0,8.0,0.0
0.375,137,Improved-gOMP,baseline,3528.0,768.0,2048.0,0.0,0.0,0.0,464.0,56.0,48.0,48.0,48.0,48.0,0.0
0.375,137,Improved-gOMP,optimized,5232.0,768.0,2048.0,0.0,2048.0,128.0,128.0,56.0,48.0,0.0,0.0,8.0,0.0
0.375,138,Improved-gOMP,baseline,3528.0,768.0,2048.0,0.0,0.0,0.0,464.0,56.0,48.0,48.0,48.0,48.0,0.0
0.375,138,Improved-gOMP,optimized,4256.0,768.0,2048.0,0.0,1152.0,96.0,96.0,48.0,40.0,0.0,0.0,8.0,0.0
0.375,139,Improved-gOMP,baseline,3528.0,768.0,2048.0,0.0,0.0,0.0,464.0,56.0,48.0,48.0,48.0,48.0,0.0
0.375,139,Improved-gOMP,optimized,4968.0,768.0,2048.0,0.0,1800.0,120.0,120.0,56.0,48.0,0.0,0.0,8.0,0.0
0.375,140,Improved-gOMP,baseline,3528.0,768.0,2048.0,0.0,0.0,0.0,464.0,56.0,48.0,48.0,48.0,48.0,0.0
0.375,140,Improved-gOMP,optimized,5232.0,768.0,2048.0,0.0,2048.0,128.0,128.0,56.0,48.0,0.0,0.0,8.0,0.0
0.375,141,Improved-gOMP,baseline,3528.0,768.0,2048.0,0.0,0.0,0.0,464.0,56.0,48.0,48.0,48.0,48.0,0.0
0.375,141,Improved-gOMP,optimized,4968.0,768.0,2048.0,0.0,1800.0,120.0,120.0,56.0,48.0,0.0,0.0,8.0,0.0
0.375,142,Improved-gOMP,baseline,3496.0,768.0,2048.0,0.0,0.0,0.0,432.0,56.0,48.0,48.0,48.0,48.0,0.0
0.375,142,Improved-gOMP,optimized,4256.0,768.0,2048.0,0.0,1152.0,96.0,96.0,48.0,40.0,0.0,0.0,8.0,0.0
0.375,143,Improved-gOMP,baseline,3528.0,768.0,2048.0,0.0,0.0,0.0,464.0,56.0,48.0,48.0,48.0,48.0,0.0
0.375,143,Improved-gOMP,optimized,4472.0,768.0,2048.0,0.0,1352.0,104.0,104.0,48.0,40.0,0.0,0.0,8.0,0.0
0.375,144,Improved-gOMP,baseline,3360.0,768.0,2048.0,0.0,0.0,0.0,336.0,48.0,40.0,40.0,40.0,40.0,0.0
0.375,144,Improved-gOMP,optimized,4040.0,768.0,2048.0,0.0,968.0,88.0,88.0,40.0,32.0,0.0,0.0,8.0,0.0
0.375,145,Improved-gOMP,baseline,3552.0,768.0,2048.0,0.0,0.0,0.0,488.0,56.0,48.0,48.0,48.0,48.0,0.0
0.375,145,Improved-gOMP,optimized,5232.0,768.0,2048.0,0.0,2048.0,128.0,128.0,56.0,48.0,0.0,0.0,8.0,0.0
0.375,146,Improved-gOMP,baseline,3552.0,768.0,2048.0,0.0,0.0,0.0,488.0,56.0,48.0,48.0,48.0,48.0,0.0
0.375,146,Improved-gOMP,optimized,5232.0,768.0,2048.0,0.0,2048.0,128.0,128.0,56.0,48.0,0.0,0.0,8.0,0.0
0.375,147,Improved-gOMP,baseline,3528.0,768.0,2048.0,0.0,0.0,0.0,464.0,56.0,48.0,48.0,48.0,48.0,0.0
0.375,147,Improved-gOMP,optimized,5232.0,768.0,2048.0,0.0,2048.0,128.0,128.0,56.0,48.0,0.0,0.0,8.0,0.0
0.375,148,Improved-gOMP,baseline,3528.0,768.0,2048.0,0.0,0.0,0.0,464.0,56.0,48.0,48.0,48.0,48.0,0.0
0.375,148,Improved-gOMP,optimized,4968.0,768.0,2048.0,0.0,1800.0,120.0,120.0,56.0,48.0,0.0,0.0,8.0,0.0
0.375,149,Improved-gOMP,baseline,3384.0,768.0,2048.0,0.0,0.0,0.0,360.0,48.0,40.0,40.0,40.0,40.0,0.0
0.375,149,Improved-gOMP,optimized,5232.0,768.0,2048.0,0.0,2048.0,128.0,128.0,56.0,48.0,0.0,0.0,8.0,0.0
0.375,150,Improved-gOMP,baseline,3496.0,768.0,2048.0,0.0,0.0,0.0,432.0,56.0,48.0,48.0,48.0,48.0,0.0
0.375,150,Improved-gOMP,optimized,4968.0,768.0,2048.0,0.0,1800.0,120.0,120.0,56.0,48.0,0.0,0.0,8.0,0.0
0.375,151,Improved-gOMP,baseline,3528.0,768.0,2048.0,0.0,0.0,0.0,464.0,56.0,48.0,48.0,48.0,48.0,0.0
0.375,151,Improved-gOMP,optimized,4472.0,768.0,2048.0,0.0,1352.0,104.0,104.0,48.0,40.0,0.0,0.0,8.0,0.0
0.375,152,Improved-gOMP,baseline,3360.0,768.0,2048.0,0.0,0.0,0.0,336.0,48.0,40.0,40.0,40.0,40.0,0.0
0.375,152,Improved-gOMP,optimized,4472.0,768.0,2048.0,0.0,1352.0,104.0,104.0,48.0,40.0,0.0,0.0,8.0,0.0
0.375,153,Improved-gOMP,baseline,3552.0,768.0,2048.0,0.0,0.0,0.0,488.0,56.0,48.0,48.0,48.0,48.0,0.0
0.375,153,Improved-gOMP,optimized,4472.0,768.0,2048.0,0.0,1352.0,104.0,104.0,48.0,40.0,0.0,0.0,8.0,0.0
0.375,154,Improved-gOMP,baseline,3552.0,768.0,2048.0,0.0,0.0,0.0,488.0,56.0,48.0,48.0,48.0,48.0,0.0
0.375,154,Improved-gOMP,optimized,5232.0,768.0,2048.0,0.0,2048.0,128.0,128.0,56.0,48.0,0.0,0.0,8.0,0.0
0.375,155,Improved-gOMP,baseline,3528.0,768.0,2048.0,0.0,0.0,0.0,464.0,56.0,48.0,48.0,48.0,48.0,0.0
0.375,155,Improved-gOMP,optimized,5232.0,768.0,2048.0,0.0,2048.0,128.0,128.0,56.0,48.0,0.0,0.0,8.0,0.0
0.375,156,Improved-gOMP,baseline,3528.0,768.0,2048.0,0.0,0.0,0.0,464.0,56.0,48.0,48.0,48.0,48.0,0.0
0.375,156,Improved-gOMP,optimized,5232.0,768.0,2048.0,0.0,2048.0,128.0,128.0,56.0,48.0,0.0,0.0,8.0,0.0
0.375,157,Improved-gOMP,baseline,3552.0,768.0,2048.0,0.0,0.0,0.0,488.0,56.0,48.0,48.0,48.0,48.0,0.0
0.375,157,Improved-gOMP,optimized,5232.0,768.0,2048.0,0.0,2048.0,128.0,128.0,56.0,48.0,0.0,0.0,8.0,0.0
0.375,158,Improved-gOMP,baseline,3664.0,768.0,2048.0,0.0,0.0,0.0,560.0,64.0,56.0,56.0,56.0,56.0,0.0
0.375,158,Improved-gOMP,optimized,4968.0,768.0,2048.0,0.0,1800.0,120.0,120.0,56.0,48.0,0.0,0.0,8.0,0.0
0.375,159,Improved-gOMP,baseline,3528.0,768.0,2048.0,0.0,0.0,0.0,464.0,56.0,48.0,48.0,48.0,48.0,0.0
0.375,159,Improved-gOMP,optimized,5232.0,768.0,2048.0,0.0,2048.0,128.0,128.0,56.0,48.0,0.0,0.0,8.0,0.0
0.375,160,Improved-gOMP,baseline,3528.0,768.0,2048.0,0.0,0.0,0.0,464.0,56.0,48.0,48.0,48.0,48.0,0.0
0.375,160,Improved-gOMP,optimized,5232.0,768.0,2048.0,0.0,2048.0,128.0,128.0,56.0,48.0,0.0,0.0,8.0,0.0
0.375,161,Improved-gOMP,baseline,3528.0,768.0,2048.0,0.0,0.0,0.0,464.0,56.0,48.0,48.0,48.0,48.0,0.0
0.375,161,Improved-gOMP,optimized,5232.0,768.0,2048.0,0.0,2048.0,128.0,128.0,56.0,48.0,0.0,0.0,8.0,0.0
0.375,162,Improved-gOMP,baseline,3528.0,768.0,2048.0,0.0,0.0,0.0,464.0,56.0,48.0,48.0,48.0,48.0,0.0
0.375,162,Improved-gOMP,optimized,5232.0,768.0,2048.0,0.0,2048.0,128.0,128.0,56.0,48.0,0.0,0.0,8.0,0.0
0.375,163,Improved-gOMP,baseline,3528.0,768.0,2048.0,0.0,0.0,0.0,464.0,56.0,48.0,48.0,48.0,48.0,0.0
0.375,163,Improved-gOMP,optimized,5232.0,768.0,2048.0,0.0,2048.0,128.0,128.0,56.0,48.0,0.0,0.0,8.0,0.0
0.375,164,Improved-gOMP,baseline,3336.0,768.0,2048.0,0.0,0.0,0.0,312.0,48.0,40.0,40.0,40.0,40.0,0.0
0.375,164,Improved-gOMP,optimized,4256.0,768.0,2048.0,0.0,1152.0,96.0,96.0,48.0,40.0,0.0,0.0,8.0,0.0
0.375,165,Improved-gOMP,baseline,3528.0,768.0,2048.0,0.0,0.0,0.0,464.0,56.0,48.0,48.0,48.0,48.0,0.0
0.375,165,Improved-gOMP,optimized,5248.0,768.0,2048.0,0.0,2048.0,128.0,128.0,64.0,56.0,0.0,0.0,8.0,0.0
0.375,166,Improved-gOMP,baseline,3528.0,768.0,2048.0,0.0,0.0,0.0,464.0,56.0,48.0,48.0,48.0,48.0,0.0
0.375,166,Improved-gOMP,optimized,5232.0,768.0,2048.0,0.0,2048.0,128.0,128.0,56.0,48.0,0.0,0.0,8.0,0.0
0.375,167,Improved-gOMP,baseline,3528.0,768.0,2048.0,0.0,0.0,0.0,464.0,56.0,48.0,48.0,48.0,48.0,0.0
0.375,167,Improved-gOMP,optimized,5232.0,768.0,2048.0,0.0,2048.0,128.0,128.0,56.0,48.0,0.0,0.0,8.0,0.0
0.375,168,Improved-gOMP,baseline,3528.0,768.0,2048.0,0.0,0.0,0.0,464.0,56.0,48.0,48.0,48.0,48.0,0.0
0.375,168,Improved-gOMP,optimized,4472.0,768.0,2048.0,0.0,1352.0,104.0,104.0,48.0,40.0,0.0,0.0,8.0,0.0
0.375,169,Improved-gOMP,baseline,3496.0,768.0,2048.0,0.0,0.0,0.0,432.0,56.0,48.0,48.0,48.0,48.0,0.0
0.375,169,Improved-gOMP,optimized,4968.0,768.0,2048.0,0.0,1800.0,120.0,120.0,56.0,48.0,0.0,0.0,8.0,0.0
0.375,170,Improved-gOMP,baseline,3528.0,768.0,2048.0,0.0,0.0,0.0,464.0,56.0,48.0,48.0,48.0,48.0,0.0
0.375,170,Improved-gOMP,optimized,4472.0,768.0,2048.0,0.0,1352.0,104.0,104.0,48.0,40.0,0.0,0.0,8.0,0.0
0.375,171,Improved-gOMP,baseline,3496.0,768.0,2048.0,0.0,0.0,0.0,432.0,56.0,48.0,48.0,48.0,48.0,0.0
0.375,171,Improved-gOMP,optimized,5232.0,768.0,2048.0,0.0,2048.0,128.0,128.0,56.0,48.0,0.0,0.0,8.0,0.0
0.375,172,Improved-gOMP,baseline,3552.0,768.0,2048.0,0.0,0.0,0.0,488.0,56.0,48.0,48.0,48.0,48.0,0.0
0.375,172,Improved-gOMP,optimized,5232.0,768.0,2048.0,0.0,2048.0,128.0,128.0,56.0,48.0,0.0,0.0,8.0,0.0
0.375,173,Improved-gOMP,baseline,3528.0,768.0,2048.0,0.0,0.0,0.0,464.0,56.0,48.0,48.0,48.0,48.0,0.0
0.375,173,Improved-gOMP,optimized,5232.0,768.0,2048.0,0.0,2048.0,128.0,128.0,56.0,48.0,0.0,0.0,8.0,0.0
0.375,174,Improved-gOMP,baseline,3528.0,768.0,2048.0,0.0,0.0,0.0,464.0,56.0,48.0,48.0,48.0,48.0,0.0
0.375,174,Improved-gOMP,optimized,5232.0,768.0,2048.0,0.0,2048.0,128.0,128.0,56.0,48.0,0.0,0.0,8.0,0.0
0.375,175,Improved-gOMP,baseline,3336.0,768.0,2048.0,0.0,0.0,0.0,312.0,48.0,40.0,40.0,40.0,40.0,0.0
0.375,175,Improved-gOMP,optimized,4256.0,768.0,2048.0,0.0,1152.0,96.0,96.0,48.0,40.0,0.0,0.0,8.0,0.0
0.375,176,Improved-gOMP,baseline,3384.0,768.0,2048.0,0.0,0.0,0.0,360.0,48.0,40.0,40.0,40.0,40.0,0.0
0.375,176,Improved-gOMP,optimized,5232.0,768.0,2048.0,0.0,2048.0,128.0,128.0,56.0,48.0,0.0,0.0,8.0,0.0
0.375,177,Improved-gOMP,baseline,3552.0,768.0,2048.0,0.0,0.0,0.0,488.0,56.0,48.0,48.0,48.0,48.0,0.0
0.375,177,Improved-gOMP,optimized,5232.0,768.0,2048.0,0.0,2048.0,128.0,128.0,56.0,48.0,0.0,0.0,8.0,0.0
0.375,178,Improved-gOMP,baseline,3528.0,768.0,2048.0,0.0,0.0,0.0,464.0,56.0,48.0,48.0,48.0,48.0,0.0
0.375,178,Improved-gOMP,optimized,5232.0,768.0,2048.0,0.0,2048.0,128.0,128.0,56.0,48.0,0.0,0.0,8.0,0.0
0.375,179,Improved-gOMP,baseline,3528.0,768.0,2048.0,0.0,0.0,0.0,464.0,56.0,48.0,48.0,48.0,48.0,0.0
0.375,179,Improved-gOMP,optimized,5232.0,768.0,2048.0,0.0,2048.0,128.0,128.0,56.0,48.0,0.0,0.0,8.0,0.0
0.375,180,Improved-gOMP,baseline,3384.0,768.0,2048.0,0.0,0.0,0.0,360.0,48.0,40.0,40.0,40.0,40.0,0.0
0.375,180,Improved-gOMP,optimized,5232.0,768.0,2048.0,0.0,2048.0,128.0,128.0,56.0,48.0,0.0,0.0,8.0,0.0
0.375,181,Improved-gOMP,baseline,3552.0,768.0,2048.0,0.0,0.0,0.0,488.0,56.0,48.0,48.0,48.0,48.0,0.0
0.375,181,Improved-gOMP,optimized,5232.0,768.0,2048.0,0.0,2048.0,128.0,128.0,56.0,48.0,0.0,0.0,8.0,0.0
0.375,182,Improved-gOMP,baseline,3528.0,768.0,2048.0,0.0,0.0,0.0,464.0,56.0,48.0,48.0,48.0,48.0,0.0
0.375,182,Improved-gOMP,optimized,4968.0,768.0,2048.0,0.0,1800.0,120.0,120.0,56.0,48.0,0.0,0.0,8.0,0.0
0.375,183,Improved-gOMP,baseline,3528.0,768.0,2048.0,0.0,0.0,0.0,464.0,56.0,48.0,48.0,48.0,48.0,0.0
0.375,183,Improved-gOMP,optimized,4968.0,768.0,2048.0,0.0,1800.0,120.0,120.0,56.0,48.0,0.0,0.0,8.0,0.0
0.375,184,Improved-gOMP,baseline,3528.0,768.0,2048.0,0.0,0.0,0.0,464.0,56.0,48.0,48.0,48.0,48.0,0.0
0.375,184,Improved-gOMP,optimized,5232.0,768.0,2048.0,0.0,2048.0,128.0,128.0,56.0,48.0,0.0,0.0,8.0,0.0
0.375,185,Improved-gOMP,baseline,3528.0,768.0,2048.0,0.0,0.0,0.0,464.0,56.0,48.0,48.0,48.0,48.0,0.0
0.375,185,Improved-gOMP,optimized,4472.0,768.0,2048.0,0.0,1352.0,104.0,104.0,48.0,40.0,0.0,0.0,8.0,0.0
0.375,186,Improved-gOMP,baseline,3528.0,768.0,2048.0,0.0,0.0,0.0,464.0,56.0,48.0,48.0,48.0,48.0,0.0
0.375,186,Improved-gOMP,optimized,4256.0,768.0,2048.0,0.0,1152.0,96.0,96.0,48.0,40.0,0.0,0.0,8.0,0.0
0.375,187,Improved-gOMP,baseline,3528.0,768.0,2048.0,0.0,0.0,0.0,464.0,56.0,48.0,48.0,48.0,48.0,0.0
0.375,187,Improved-gOMP,optimized,4472.0,768.0,2048.0,0.0,1352.0,104.0,104.0,48.0,40.0,0.0,0.0,8.0,0.0
0.375,188,Improved-gOMP,baseline,3384.0,768.0,2048.0,0.0,0.0,0.0,360.0,48.0,40.0,40.0,40.0,40.0,0.0
0.375,188,Improved-gOMP,optimized,4952.0,768.0,2048.0,0.0,1800.0,120.0,120.0,48.0,40.0,0.0,0.0,8.0,0.0
0.375,189,Improved-gOMP,baseline,3528.0,768.0,2048.0,0.0,0.0,0.0,464.0,56.0,48.0,48.0,48.0,48.0,0.0
0.375,189,Improved-gOMP,optimized,4472.0,768.0,2048.0,0.0,1352.0,104.0,104.0,48.0,40.0,0.0,0.0,8.0,0.0
0.375,190,Improved-gOMP,baseline,3552.0,768.0,2048.0,0.0,0.0,0.0,488.0,56.0,48.0,48.0,48.0,48.0,0.0
0.375,190,Improved-gOMP,optimized,5232.0,768.0,2048.0,0.0,2048.0,128.0,128.0,56.0,48.0,0.0,0.0,8.0,0.0
0.375,191,Improved-gOMP,baseline,3552.0,768.0,2048.0,0.0,0.0,0.0,488.0,56.0,48.0,48.0,48.0,48.0,0.0
0.375,191,Improved-gOMP,optimized,5232.0,768.0,2048.0,0.0,2048.0,128.0,128.0,56.0,48.0,0.0,0.0,8.0,0.0
0.375,192,Improved-gOMP,baseline,3552.0,768.0,2048.0,0.0,0.0,0.0,488.0,56.0,48.0,48.0,48.0,48.0,0.0
0.375,192,Improved-gOMP,optimized,5232.0,768.0,2048.0,0.0,2048.0,128.0,128.0,56.0,48.0,0.0,0.0,8.0,0.0
0.375,193,Improved-gOMP,baseline,3528.0,768.0,2048.0,0.0,0.0,0.0,464.0,56.0,48.0,48.0,48.0,48.0,0.0
0.375,193,Improved-gOMP,optimized,4256.0,768.0,2048.0,0.0,1152.0,96.0,96.0,48.0,40.0,0.0,0.0,8.0,0.0
0.375,194,Improved-gOMP,baseline,3552.0,768.0,2048.0,0.0,0.0,0.0,488.0,56.0,48.0,48.0,48.0,48.0,0.0
0.375,194,Improved-gOMP,optimized,5232.0,768.0,2048.0,0.0,2048.0,128.0,128.0,56.0,48.0,0.0,0.0,8.0,0.0
0.375,195,Improved-gOMP,baseline,3528.0,768.0,2048.0,0.0,0.0,0.0,464.0,56.0,48.0,48.0,48.0,48.0,0.0
0.375,195,Improved-gOMP,optimized,5232.0,768.0,2048.0,0.0,2048.0,128.0,128.0,56.0,48.0,0.0,0.0,8.0,0.0
0.375,196,Improved-gOMP,baseline,3528.0,768.0,2048.0,0.0,0.0,0.0,464.0,56.0,48.0,48.0,48.0,48.0,0.0
0.375,196,Improved-gOMP,optimized,5232.0,768.0,2048.0,0.0,2048.0,128.0,128.0,56.0,48.0,0.0,0.0,8.0,0.0
0.375,197,Improved-gOMP,baseline,3528.0,768.0,2048.0,0.0,0.0,0.0,464.0,56.0,48.0,48.0,48.0,48.0,0.0
0.375,197,Improved-gOMP,optimized,5232.0,768.0,2048.0,0.0,2048.0,128.0,128.0,56.0,48.0,0.0,0.0,8.0,0.0
0.375,198,Improved-gOMP,baseline,3528.0,768.0,2048.0,0.0,0.0,0.0,464.0,56.0,48.0,48.0,48.0,48.0,0.0
0.375,198,Improved-gOMP,optimized,4472.0,768.0,2048.0,0.0,1352.0,104.0,104.0,48.0,40.0,0.0,0.0,8.0,0.0
0.375,199,Improved-gOMP,baseline,3552.0,768.0,2048.0,0.0,0.0,0.0,488.0,56.0,48.0,48.0,48.0,48.0,0.0
0.375,199,Improved-gOMP,optimized,5232.0,768.0,2048.0,0.0,2048.0,128.0,128.0,56.0,48.0,0.0,0.0,8.0,0.0
0.375,200,Improved-gOMP,baseline,3528.0,768.0,2048.0,0.0,0.0,0.0,464.0,56.0,48.0,48.0,48.0,48.0,0.0
0.375,200,Improved-gOMP,optimized,5232.0,768.0,2048.0,0.0,2048.0,128.0,128.0,56.0,48.0,0.0,0.0,8.0,0.0
0.375,201,Improved-gOMP,baseline,3336.0,768.0,2048.0,0.0,0.0,0.0,312.0,48.0,40.0,40.0,40.0,40.0,0.0
0.375,201,Improved-gOMP,optimized,4256.0,768.0,2048.0,0.0,1152.0,96.0,96.0,48.0,40.0,0.0,0.0,8.0,0.0
0.375,202,Improved-gOMP,baseline,3552.0,768.0,2048.0,0.0,0.0,0.0,488.0,56.0,48.0,48.0,48.0,48.0,0.0
0.375,202,Improved-gOMP,optimized,4952.0,768.0,2048.0,0.0,1800.0,120.0,120.0,48.0,40.0,0.0,0.0,8.0,0.0
0.375,203,Improved-gOMP,baseline,3528.0,768.0,2048.0,0.0,0.0,0.0,464.0,56.0,48.0,48.0,48.0,48.0,0.0
0.375,203,Improved-gOMP,optimized,5232.0,768.0,2048.0,0.0,2048.0,128.0,128.0,56.0,48.0,0.0,0.0,8.0,0.0
0.375,204,Improved-gOMP,baseline,3528.0,768.0,2048.0,0.0,0.0,0.0,464.0,56.0,48.0,48.0,48.0,48.0,0.0
0.375,204,Improved-gOMP,optimized,5232.0,768.0,2048.0,0.0,2048.0,128.0,128.0,56.0,48.0,0.0,0.0,8.0,0.0
0.375,205,Improved-gOMP,baseline,3336.0,768.0,2048.0,0.0,0.0,0.0,312.0,48.0,40.0,40.0,40.0,40.0,0.0
0.375,205,Improved-gOMP,optimized,4256.0,768.0,2048.0,0.0,1152.0,96.0,96.0,48.0,40.0,0.0,0.0,8.0,0.0
0.375,206,Improved-gOMP,baseline,3528.0,768.0,2048.0,0.0,0.0,0.0,464.0,56.0,48.0,48.0,48.0,48.0,0.0
0.375,206,Improved-gOMP,optimized,4968.0,768.0,2048.0,0.0,1800.0,120.0,120.0,56.0,48.0,0.0,0.0,8.0,0.0
0.375,207,Improved-gOMP,baseline,3552.0,768.0,2048.0,0.0,0.0,0.0,488.0,56.0,48.0,48.0,48.0,48.0,0.0
0.375,207,Improved-gOMP,optimized,5232.0,768.0,2048.0,0.0,2048.0,128.0,128.0,56.0,48.0,0.0,0.0,8.0,0.0
0.375,208,Improved-gOMP,baseline,3528.0,768.0,2048.0,0.0,0.0,0.0,464.0,56.0,48.0,48.0,48.0,48.0,0.0
0.375,208,Improved-gOMP,optimized,5232.0,768.0,2048.0,0.0,2048.0,128.0,128.0,56.0,48.0,0.0,0.0,8.0,0.0
0.375,209,Improved-gOMP,baseline,3552.0,768.0,2048.0,0.0,0.0,0.0,488.0,56.0,48.0,48.0,48.0,48.0,0.0
0.375,209,Improved-gOMP,optimized,5232.0,768.0,2048.0,0.0,2048.0,128.0,128.0,56.0,48.0,0.0,0.0,8.0,0.0
0.375,210,Improved-gOMP,baseline,3528.0,768.0,2048.0,0.0,0.0,0.0,464.0,56.0,48.0,48.0,48.0,48.0,0.0
0.375,210,Improved-gOMP,optimized,4472.0,768.0,2048.0,0.0,1352.0,104.0,104.0,48.0,40.0,0.0,0.0,8.0,0.0
0.375,211,Improved-gOMP,baseline,3360.0,768.0,2048.0,0.0,0.0,0.0,336.0,48.0,40.0,40.0,40.0,40.0,0.0
0.375,211,Improved-gOMP,optimized,4256.0,768.0,2048.0,0.0,1152.0,96.0,96.0,48.0,40.0,0.0,0.0,8.0,0.0
0.375,212,Improved-gOMP,baseline,3528.0,768.0,2048.0,0.0,0.0,0.0,464.0,56.0,48.0,48.0,48.0,48.0,0.0
0.375,212,Improved-gOMP,optimized,5232.0,768.0,2048.0,0.0,2048.0,128.0,128.0,56.0,48.0,0.0,0.0,8.0,0.0
0.375,213,Improved-gOMP,baseline,3552.0,768.0,2048.0,0.0,0.0,0.0,488.0,56.0,48.0,48.0,48.0,48.0,0.0
0.375,213,Improved-gOMP,optimized,5232.0,768.0,2048.0,0.0,2048.0,128.0,128.0,56.0,48.0,0.0,0.0,8.0,0.0
0.375,214,Improved-gOMP,baseline,3528.0,768.0,2048.0,0.0,0.0,0.0,464.0,56.0,48.0,48.0,48.0,48.0,0.0
0.375,214,Improved-gOMP,optimized,5232.0,768.0,2048.0,0.0,2048.0,128.0,128.0,56.0,48.0,0.0,0.0,8.0,0.0
0.375,215,Improved-gOMP,baseline,3360.0,768.0,2048.0,0.0,0.0,0.0,336.0,48.0,40.0,40.0,40.0,40.0,0.0
0.375,215,Improved-gOMP,optimized,4472.0,768.0,2048.0,0.0,1352.0,104.0,104.0,48.0,40.0,0.0,0.0,8.0,0.0
0.375,216,Improved-gOMP,baseline,3360.0,768.0,2048.0,0.0,0.0,0.0,336.0,48.0,40.0,40.0,40.0,40.0,0.0
0.375,216,Improved-gOMP,optimized,5232.0,768.0,2048.0,0.0,2048.0,128.0,128.0,56.0,48.0,0.0,0.0,8.0,0.0
0.375,217,Improved-gOMP,baseline,3360.0,768.0,2048.0,0.0,0.0,0.0,336.0,48.0,40.0,40.0,40.0,40.0,0.0
0.375,217,Improved-gOMP,optimized,4472.0,768.0,2048.0,0.0,1352.0,104.0,104.0,48.0,40.0,0.0,0.0,8.0,0.0
0.375,218,Improved-gOMP,baseline,3528.0,768.0,2048.0,0.0,0.0,0.0,464.0,56.0,48.0,48.0,48.0,48.0,0.0
0.375,218,Improved-gOMP,optimized,5232.0,768.0,2048.0,0.0,2048.0,128.0,128.0,56.0,48.0,0.0,0.0,8.0,0.0
0.375,219,Improved-gOMP,baseline,3528.0,768.0,2048.0,0.0,0.0,0.0,464.0,56.0,48.0,48.0,48.0,48.0,0.0
0.375,219,Improved-gOMP,optimized,5232.0,768.0,2048.0,0.0,2048.0,128.0,128.0,56.0,48.0,0.0,0.0,8.0,0.0
0.375,220,Improved-gOMP,baseline,3528.0,768.0,2048.0,0.0,0.0,0.0,464.0,56.0,48.0,48.0,48.0,48.0,0.0
0.375,220,Improved-gOMP,optimized,4968.0,768.0,2048.0,0.0,1800.0,120.0,120.0,56.0,48.0,0.0,0.0,8.0,0.0
0.375,221,Improved-gOMP,baseline,3528.0,768.0,2048.0,0.0,0.0,0.0,464.0,56.0,48.0,48.0,48.0,48.0,0.0
0.375,221,Improved-gOMP,optimized,4968.0,768.0,2048.0,0.0,1800.0,120.0,120.0,56.0,48.0,0.0,0.0,8.0,0.0
0.375,222,Improved-gOMP,baseline,3528.0,768.0,2048.0,0.0,0.0,0.0,464.0,56.0,48.0,48.0,48.0,48.0,0.0
0.375,222,Improved-gOMP,optimized,5232.0,768.0,2048.0,0.0,2048.0,128.0,128.0,56.0,48.0,0.0,0.0,8.0,0.0
0.375,223,Improved-gOMP,baseline,3528.0,768.0,2048.0,0.0,0.0,0.0,464.0,56.0,48.0,48.0,48.0,48.0,0.0
0.375,223,Improved-gOMP,optimized,5232.0,768.0,2048.0,0.0,2048.0,128.0,128.0,56.0,48.0,0.0,0.0,8.0,0.0
0.375,224,Improved-gOMP,baseline,3528.0,768.0,2048.0,0.0,0.0,0.0,464.0,56.0,48.0,48.0,48.0,48.0,0.0
0.375,224,Improved-gOMP,optimized,5232.0,768.0,2048.0,0.0,2048.0,128.0,128.0,56.0,48.0,0.0,0.0,8.0,0.0
0.375,225,Improved-gOMP,baseline,3496.0,768.0,2048.0,0.0,0.0,0.0,432.0,56.0,48.0,48.0,48.0,48.0,0.0
0.375,225,Improved-gOMP,optimized,4968.0,768.0,2048.0,0.0,1800.0,120.0,120.0,56.0,48.0,0.0,0.0,8.0,0.0
0.375,226,Improved-gOMP,baseline,3528.0,768.0,2048.0,0.0,0.0,0.0,464.0,56.0,48.0,48.0,48.0,48.0,0.0
0.375,226,Improved-gOMP,optimized,5232.0,768.0,2048.0,0.0,2048.0,128.0,128.0,56.0,48.0,0.0,0.0,8.0,0.0
0.375,227,Improved-gOMP,baseline,3496.0,768.0,2048.0,0.0,0.0,0.0,432.0,56.0,48.0,48.0,48.0,48.0,0.0
0.375,227,Improved-gOMP,optimized,4968.0,768.0,2048.0,0.0,1800.0,120.0,120.0,56.0,48.0,0.0,0.0,8.0,0.0
0.375,228,Improved-gOMP,baseline,3528.0,768.0,2048.0,0.0,0.0,0.0,464.0,56.0,48.0,48.0,48.0,48.0,0.0
0.375,228,Improved-gOMP,optimized,5232.0,768.0,2048.0,0.0,2048.0,128.0,128.0,56.0,48.0,0.0,0.0,8.0,0.0
0.375,229,Improved-gOMP,baseline,3384.0,768.0,2048.0,0.0,0.0,0.0,360.0,48.0,40.0,40.0,40.0,40.0,0.0
0.375,229,Improved-gOMP,optimized,4952.0,768.0,2048.0,0.0,1800.0,120.0,120.0,48.0,40.0,0.0,0.0,8.0,0.0
0.375,230,Improved-gOMP,baseline,3360.0,768.0,2048.0,0.0,0.0,0.0,336.0,48.0,40.0,40.0,40.0,40.0,0.0
0.375,230,Improved-gOMP,optimized,5232.0,768.0,2048.0,0.0,2048.0,128.0,128.0,56.0,48.0,0.0,0.0,8.0,0.0
0.375,231,Improved-gOMP,baseline,3528.0,768.0,2048.0,0.0,0.0,0.0,464.0,56.0,48.0,48.0,48.0,48.0,0.0
0.375,231,Improved-gOMP,optimized,5232.0,768.0,2048.0,0.0,2048.0,128.0,128.0,56.0,48.0,0.0,0.0,8.0,0.0
0.375,232,Improved-gOMP,baseline,3528.0,768.0,2048.0,0.0,0.0,0.0,464.0,56.0,48.0,48.0,48.0,48.0,0.0
0.375,232,Improved-gOMP,optimized,5232.0,768.0,2048.0,0.0,2048.0,128.0,128.0,56.0,48.0,0.0,0.0,8.0,0.0
0.375,233,Improved-gOMP,baseline,3528.0,768.0,2048.0,0.0,0.0,0.0,464.0,56.0,48.0,48.0,48.0,48.0,0.0
0.375,233,Improved-gOMP,optimized,5232.0,768.0,2048.0,0.0,2048.0,128.0,128.0,56.0,48.0,0.0,0.0,8.0,0.0
0.375,234,Improved-gOMP,baseline,3528.0,768.0,2048.0,0.0,0.0,0.0,464.0,56.0,48.0,48.0,48.0,48.0,0.0
0.375,234,Improved-gOMP,optimized,5232.0,768.0,2048.0,0.0,2048.0,128.0,128.0,56.0,48.0,0.0,0.0,8.0,0.0
0.375,235,Improved-gOMP,baseline,3528.0,768.0,2048.0,0.0,0.0,0.0,464.0,56.0,48.0,48.0,48.0,48.0,0.0
0.375,235,Improved-gOMP,optimized,4952.0,768.0,2048.0,0.0,1800.0,120.0,120.0,48.0,40.0,0.0,0.0,8.0,0.0
0.375,236,Improved-gOMP,baseline,3360.0,768.0,2048.0,0.0,0.0,0.0,336.0,48.0,40.0,40.0,40.0,40.0,0.0
0.375,236,Improved-gOMP,optimized,4256.0,768.0,2048.0,0.0,1152.0,96.0,96.0,48.0,40.0,0.0,0.0,8.0,0.0
0.375,237,Improved-gOMP,baseline,3528.0,768.0,2048.0,0.0,0.0,0.0,464.0,56.0,48.0,48.0,48.0,48.0,0.0
0.375,237,Improved-gOMP,optimized,4472.0,768.0,2048.0,0.0,1352.0,104.0,104.0,48.0,40.0,0.0,0.0,8.0,0.0
0.375,238,Improved-gOMP,baseline,3528.0,768.0,2048.0,0.0,0.0,0.0,464.0,56.0,48.0,48.0,48.0,48.0,0.0
0.375,238,Improved-gOMP,optimized,5248.0,768.0,2048.0,0.0,2048.0,128.0,128.0,64.0,56.0,0.0,0.0,8.0,0.0
0.375,239,Improved-gOMP,baseline,3528.0,768.0,2048.0,0.0,0.0,0.0,464.0,56.0,48.0,48.0,48.0,48.0,0.0
0.375,239,Improved-gOMP,optimized,4968.0,768.0,2048.0,0.0,1800.0,120.0,120.0,56.0,48.0,0.0,0.0,8.0,0.0
0.375,240,Improved-gOMP,baseline,3384.0,768.0,2048.0,0.0,0.0,0.0,360.0,48.0,40.0,40.0,40.0,40.0,0.0
0.375,240,Improved-gOMP,optimized,5232.0,768.0,2048.0,0.0,2048.0,128.0,128.0,56.0,48.0,0.0,0.0,8.0,0.0
0.375,241,Improved-gOMP,baseline,3360.0,768.0,2048.0,0.0,0.0,0.0,336.0,48.0,40.0,40.0,40.0,40.0,0.0
0.375,241,Improved-gOMP,optimized,4472.0,768.0,2048.0,0.0,1352.0,104.0,104.0,48.0,40.0,0.0,0.0,8.0,0.0
0.375,242,Improved-gOMP,baseline,3528.0,768.0,2048.0,0.0,0.0,0.0,464.0,56.0,48.0,48.0,48.0,48.0,0.0
0.375,242,Improved-gOMP,optimized,4472.0,768.0,2048.0,0.0,1352.0,104.0,104.0,48.0,40.0,0.0,0.0,8.0,0.0
0.375,243,Improved-gOMP,baseline,3360.0,768.0,2048.0,0.0,0.0,0.0,336.0,48.0,40.0,40.0,40.0,40.0,0.0
0.375,243,Improved-gOMP,optimized,4472.0,768.0,2048.0,0.0,1352.0,104.0,104.0,48.0,40.0,0.0,0.0,8.0,0.0
0.375,244,Improved-gOMP,baseline,3528.0,768.0,2048.0,0.0,0.0,0.0,464.0,56.0,48.0,48.0,48.0,48.0,0.0
0.375,244,Improved-gOMP,optimized,4968.0,768.0,2048.0,0.0,1800.0,120.0,120.0,56.0,48.0,0.0,0.0,8.0,0.0
0.375,245,Improved-gOMP,baseline,3528.0,768.0,2048.0,0.0,0.0,0.0,464.0,56.0,48.0,48.0,48.0,48.0,0.0
0.375,245,Improved-gOMP,optimized,4968.0,768.0,2048.0,0.0,1800.0,120.0,120.0,56.0,48.0,0.0,0.0,8.0,0.0
0.375,246,Improved-gOMP,baseline,3528.0,768.0,2048.0,0.0,0.0,0.0,464.0,56.0,48.0,48.0,48.0,48.0,0.0
0.375,246,Improved-gOMP,optimized,5232.0,768.0,2048.0,0.0,2048.0,128.0,128.0,56.0,48.0,0.0,0.0,8.0,0.0
0.375,247,Improved-gOMP,baseline,3360.0,768.0,2048.0,0.0,0.0,0.0,336.0,48.0,40.0,40.0,40.0,40.0,0.0
0.375,247,Improved-gOMP,optimized,4472.0,768.0,2048.0,0.0,1352.0,104.0,104.0,48.0,40.0,0.0,0.0,8.0,0.0
0.375,248,Improved-gOMP,baseline,3528.0,768.0,2048.0,0.0,0.0,0.0,464.0,56.0,48.0,48.0,48.0,48.0,0.0
0.375,248,Improved-gOMP,optimized,4968.0,768.0,2048.0,0.0,1800.0,120.0,120.0,56.0,48.0,0.0,0.0,8.0,0.0
0.375,249,Improved-gOMP,baseline,3528.0,768.0,2048.0,0.0,0.0,0.0,464.0,56.0,48.0,48.0,48.0,48.0,0.0
0.375,249,Improved-gOMP,optimized,4472.0,768.0,2048.0,0.0,1352.0,104.0,104.0,48.0,40.0,0.0,0.0,8.0,0.0
0.375,250,Improved-gOMP,baseline,3360.0,768.0,2048.0,0.0,0.0,0.0,336.0,48.0,40.0,40.0,40.0,40.0,0.0
0.375,250,Improved-gOMP,optimized,4472.0,768.0,2048.0,0.0,1352.0,104.0,104.0,48.0,40.0,0.0,0.0,8.0,0.0
0.375,251,Improved-gOMP,baseline,3528.0,768.0,2048.0,0.0,0.0,0.0,464.0,56.0,48.0,48.0,48.0,48.0,0.0
0.375,251,Improved-gOMP,optimized,4472.0,768.0,2048.0,0.0,1352.0,104.0,104.0,48.0,40.0,0.0,0.0,8.0,0.0
0.375,252,Improved-gOMP,baseline,3528.0,768.0,2048.0,0.0,0.0,0.0,464.0,56.0,48.0,48.0,48.0,48.0,0.0
0.375,252,Improved-gOMP,optimized,4968.0,768.0,2048.0,0.0,1800.0,120.0,120.0,56.0,48.0,0.0,0.0,8.0,0.0
0.375,253,Improved-gOMP,baseline,3528.0,768.0,2048.0,0.0,0.0,0.0,464.0,56.0,48.0,48.0,48.0,48.0,0.0
0.375,253,Improved-gOMP,optimized,5232.0,768.0,2048.0,0.0,2048.0,128.0,128.0,56.0,48.0,0.0,0.0,8.0,0.0
0.375,254,Improved-gOMP,baseline,3528.0,768.0,2048.0,0.0,0.0,0.0,464.0,56.0,48.0,48.0,48.0,48.0,0.0
0.375,254,Improved-gOMP,optimized,5232.0,768.0,2048.0,0.0,2048.0,128.0,128.0,56.0,48.0,0.0,0.0,8.0,0.0
0.375,255,Improved-gOMP,baseline,3552.0,768.0,2048.0,0.0,0.0,0.0,488.0,56.0,48.0,48.0,48.0,48.0,0.0
0.375,255,Improved-gOMP,optimized,5232.0,768.0,2048.0,0.0,2048.0,128.0,128.0,56.0,48.0,0.0,0.0,8.0,0.0
0.375,256,Improved-gOMP,baseline,3528.0,768.0,2048.0,0.0,0.0,0.0,464.0,56.0,48.0,48.0,48.0,48.0,0.0
0.375,256,Improved-gOMP,optimized,4472.0,768.0,2048.0,0.0,1352.0,104.0,104.0,48.0,40.0,0.0,0.0,8.0,0.0
0.375,257,Improved-gOMP,baseline,3528.0,768.0,2048.0,0.0,0.0,0.0,464.0,56.0,48.0,48.0,48.0,48.0,0.0
0.375,257,Improved-gOMP,optimized,5232.0,768.0,2048.0,0.0,2048.0,128.0,128.0,56.0,48.0,0.0,0.0,8.0,0.0
0.375,258,Improved-gOMP,baseline,3552.0,768.0,2048.0,0.0,0.0,0.0,488.0,56.0,48.0,48.0,48.0,48.0,0.0
0.375,258,Improved-gOMP,optimized,5232.0,768.0,2048.0,0.0,2048.0,128.0,128.0,56.0,48.0,0.0,0.0,8.0,0.0
0.375,259,Improved-gOMP,baseline,3528.0,768.0,2048.0,0.0,0.0,0.0,464.0,56.0,48.0,48.0,48.0,48.0,0.0
0.375,259,Improved-gOMP,optimized,4472.0,768.0,2048.0,0.0,1352.0,104.0,104.0,48.0,40.0,0.0,0.0,8.0,0.0
0.375,260,Improved-gOMP,baseline,3384.0,768.0,2048.0,0.0,0.0,0.0,360.0,48.0,40.0,40.0,40.0,40.0,0.0
0.375,260,Improved-gOMP,optimized,5232.0,768.0,2048.0,0.0,2048.0,128.0,128.0,56.0,48.0,0.0,0.0,8.0,0.0
0.375,261,Improved-gOMP,baseline,3528.0,768.0,2048.0,0.0,0.0,0.0,464.0,56.0,48.0,48.0,48.0,48.0,0.0
0.375,261,Improved-gOMP,optimized,5232.0,768.0,2048.0,0.0,2048.0,128.0,128.0,56.0,48.0,0.0,0.0,8.0,0.0
0.375,262,Improved-gOMP,baseline,3528.0,768.0,2048.0,0.0,0.0,0.0,464.0,56.0,48.0,48.0,48.0,48.0,0.0
0.375,262,Improved-gOMP,optimized,5232.0,768.0,2048.0,0.0,2048.0,128.0,128.0,56.0,48.0,0.0,0.0,8.0,0.0
0.375,263,Improved-gOMP,baseline,3528.0,768.0,2048.0,0.0,0.0,0.0,464.0,56.0,48.0,48.0,48.0,48.0,0.0
0.375,263,Improved-gOMP,optimized,4472.0,768.0,2048.0,0.0,1352.0,104.0,104.0,48.0,40.0,0.0,0.0,8.0,0.0
0.375,264,Improved-gOMP,baseline,3528.0,768.0,2048.0,0.0,0.0,0.0,464.0,56.0,48.0,48.0,48.0,48.0,0.0
0.375,264,Improved-gOMP,optimized,5232.0,768.0,2048.0,0.0,2048.0,128.0,128.0,56.0,48.0,0.0,0.0,8.0,0.0
0.375,265,Improved-gOMP,baseline,3552.0,768.0,2048.0,0.0,0.0,0.0,488.0,56.0,48.0,48.0,48.0,48.0,0.0
0.375,265,Improved-gOMP,optimized,5232.0,768.0,2048.0,0.0,2048.0,128.0,128.0,56.0,48.0,0.0,0.0,8.0,0.0
0.375,266,Improved-gOMP,baseline,3528.0,768.0,2048.0,0.0,0.0,0.0,464.0,56.0,48.0,48.0,48.0,48.0,0.0
0.375,266,Improved-gOMP,optimized,5232.0,768.0,2048.0,0.0,2048.0,128.0,128.0,56.0,48.0,0.0,0.0,8.0,0.0
0.375,267,Improved-gOMP,baseline,3528.0,768.0,2048.0,0.0,0.0,0.0,464.0,56.0,48.0,48.0,48.0,48.0,0.0
0.375,267,Improved-gOMP,optimized,5232.0,768.0,2048.0,0.0,2048.0,128.0,128.0,56.0,48.0,0.0,0.0,8.0,0.0
0.375,268,Improved-gOMP,baseline,3496.0,768.0,2048.0,0.0,0.0,0.0,432.0,56.0,48.0,48.0,48.0,48.0,0.0
0.375,268,Improved-gOMP,optimized,4256.0,768.0,2048.0,0.0,1152.0,96.0,96.0,48.0,40.0,0.0,0.0,8.0,0.0
0.375,269,Improved-gOMP,baseline,3360.0,768.0,2048.0,0.0,0.0,0.0,336.0,48.0,40.0,40.0,40.0,40.0,0.0
0.375,269,Improved-gOMP,optimized,4472.0,768.0,2048.0,0.0,1352.0,104.0,104.0,48.0,40.0,0.0,0.0,8.0,0.0
0.375,270,Improved-gOMP,baseline,3528.0,768.0,2048.0,0.0,0.0,0.0,464.0,56.0,48.0,48.0,48.0,48.0,0.0
0.375,270,Improved-gOMP,optimized,5232.0,768.0,2048.0,0.0,2048.0,128.0,128.0,56.0,48.0,0.0,0.0,8.0,0.0
0.375,271,Improved-gOMP,baseline,3528.0,768.0,2048.0,0.0,0.0,0.0,464.0,56.0,48.0,48.0,48.0,48.0,0.0
0.375,271,Improved-gOMP,optimized,5232.0,768.0,2048.0,0.0,2048.0,128.0,128.0,56.0,48.0,0.0,0.0,8.0,0.0
0.375,272,Improved-gOMP,baseline,3528.0,768.0,2048.0,0.0,0.0,0.0,464.0,56.0,48.0,48.0,48.0,48.0,0.0
0.375,272,Improved-gOMP,optimized,5232.0,768.0,2048.0,0.0,2048.0,128.0,128.0,56.0,48.0,0.0,0.0,8.0,0.0
0.375,273,Improved-gOMP,baseline,3552.0,768.0,2048.0,0.0,0.0,0.0,488.0,56.0,48.0,48.0,48.0,48.0,0.0
0.375,273,Improved-gOMP,optimized,4952.0,768.0,2048.0,0.0,1800.0,120.0,120.0,48.0,40.0,0.0,0.0,8.0,0.0
0.375,274,Improved-gOMP,baseline,3528.0,768.0,2048.0,0.0,0.0,0.0,464.0,56.0,48.0,48.0,48.0,48.0,0.0
0.375,274,Improved-gOMP,optimized,5232.0,768.0,2048.0,0.0,2048.0,128.0,128.0,56.0,48.0,0.0,0.0,8.0,0.0
0.375,275,Improved-gOMP,baseline,3528.0,768.0,2048.0,0.0,0.0,0.0,464.0,56.0,48.0,48.0,48.0,48.0,0.0
0.375,275,Improved-gOMP,optimized,5232.0,768.0,2048.0,0.0,2048.0,128.0,128.0,56.0,48.0,0.0,0.0,8.0,0.0
0.375,276,Improved-gOMP,baseline,3552.0,768.0,2048.0,0.0,0.0,0.0,488.0,56.0,48.0,48.0,48.0,48.0,0.0
0.375,276,Improved-gOMP,optimized,5232.0,768.0,2048.0,0.0,2048.0,128.0,128.0,56.0,48.0,0.0,0.0,8.0,0.0
0.375,277,Improved-gOMP,baseline,3552.0,768.0,2048.0,0.0,0.0,0.0,488.0,56.0,48.0,48.0,48.0,48.0,0.0
0.375,277,Improved-gOMP,optimized,5232.0,768.0,2048.0,0.0,2048.0,128.0,128.0,56.0,48.0,0.0,0.0,8.0,0.0
0.375,278,Improved-gOMP,baseline,3528.0,768.0,2048.0,0.0,0.0,0.0,464.0,56.0,48.0,48.0,48.0,48.0,0.0
0.375,278,Improved-gOMP,optimized,5232.0,768.0,2048.0,0.0,2048.0,128.0,128.0,56.0,48.0,0.0,0.0,8.0,0.0
0.375,279,Improved-gOMP,baseline,3528.0,768.0,2048.0,0.0,0.0,0.0,464.0,56.0,48.0,48.0,48.0,48.0,0.0
0.375,279,Improved-gOMP,optimized,5232.0,768.0,2048.0,0.0,2048.0,128.0,128.0,56.0,48.0,0.0,0.0,8.0,0.0
0.375,280,Improved-gOMP,baseline,3528.0,768.0,2048.0,0.0,0.0,0.0,464.0,56.0,48.0,48.0,48.0,48.0,0.0
0.375,280,Improved-gOMP,optimized,5232.0,768.0,2048.0,0.0,2048.0,128.0,128.0,56.0,48.0,0.0,0.0,8.0,0.0
0.375,281,Improved-gOMP,baseline,3528.0,768.0,2048.0,0.0,0.0,0.0,464.0,56.0,48.0,48.0,48.0,48.0,0.0
0.375,281,Improved-gOMP,optimized,5232.0,768.0,2048.0,0.0,2048.0,128.0,128.0,56.0,48.0,0.0,0.0,8.0,0.0
0.375,282,Improved-gOMP,baseline,3360.0,768.0,2048.0,0.0,0.0,0.0,336.0,48.0,40.0,40.0,40.0,40.0,0.0
0.375,282,Improved-gOMP,optimized,4952.0,768.0,2048.0,0.0,1800.0,120.0,120.0,48.0,40.0,0.0,0.0,8.0,0.0
0.375,283,Improved-gOMP,baseline,3664.0,768.0,2048.0,0.0,0.0,0.0,560.0,64.0,56.0,56.0,56.0,56.0,0.0
0.375,283,Improved-gOMP,optimized,5248.0,768.0,2048.0,0.0,2048.0,128.0,128.0,64.0,56.0,0.0,0.0,8.0,0.0
0.375,284,Improved-gOMP,baseline,3664.0,768.0,2048.0,0.0,0.0,0.0,560.0,64.0,56.0,56.0,56.0,56.0,0.0
0.375,284,Improved-gOMP,optimized,4968.0,768.0,2048.0,0.0,1800.0,120.0,120.0,56.0,48.0,0.0,0.0,8.0,0.0
0.375,285,Improved-gOMP,baseline,3528.0,768.0,2048.0,0.0,0.0,0.0,464.0,56.0,48.0,48.0,48.0,48.0,0.0
0.375,285,Improved-gOMP,optimized,5232.0,768.0,2048.0,0.0,2048.0,128.0,128.0,56.0,48.0,0.0,0.0,8.0,0.0
0.375,286,Improved-gOMP,baseline,3528.0,768.0,2048.0,0.0,0.0,0.0,464.0,56.0,48.0,48.0,48.0,48.0,0.0
0.375,286,Improved-gOMP,optimized,4472.0,768.0,2048.0,0.0,1352.0,104.0,104.0,48.0,40.0,0.0,0.0,8.0,0.0
0.375,287,Improved-gOMP,baseline,3552.0,768.0,2048.0,0.0,0.0,0.0,488.0,56.0,48.0,48.0,48.0,48.0,0.0
0.375,287,Improved-gOMP,optimized,5232.0,768.0,2048.0,0.0,2048.0,128.0,128.0,56.0,48.0,0.0,0.0,8.0,0.0
0.375,288,Improved-gOMP,baseline,3552.0,768.0,2048.0,0.0,0.0,0.0,488.0,56.0,48.0,48.0,48.0,48.0,0.0
0.375,288,Improved-gOMP,optimized,5232.0,768.0,2048.0,0.0,2048.0,128.0,128.0,56.0,48.0,0.0,0.0,8.0,0.0
0.375,289,Improved-gOMP,baseline,3528.0,768.0,2048.0,0.0,0.0,0.0,464.0,56.0,48.0,48.0,48.0,48.0,0.0
0.375,289,Improved-gOMP,optimized,4968.0,768.0,2048.0,0.0,1800.0,120.0,120.0,56.0,48.0,0.0,0.0,8.0,0.0
0.375,290,Improved-gOMP,baseline,3360.0,768.0,2048.0,0.0,0.0,0.0,336.0,48.0,40.0,40.0,40.0,40.0,0.0
0.375,290,Improved-gOMP,optimized,4472.0,768.0,2048.0,0.0,1352.0,104.0,104.0,48.0,40.0,0.0,0.0,8.0,0.0
0.375,291,Improved-gOMP,baseline,3528.0,768.0,2048.0,0.0,0.0,0.0,464.0,56.0,48.0,48.0,48.0,48.0,0.0
0.375,291,Improved-gOMP,optimized,5232.0,768.0,2048.0,0.0,2048.0,128.0,128.0,56.0,48.0,0.0,0.0,8.0,0.0
0.375,292,Improved-gOMP,baseline,3528.0,768.0,2048.0,0.0,0.0,0.0,464.0,56.0,48.0,48.0,48.0,48.0,0.0
0.375,292,Improved-gOMP,optimized,4968.0,768.0,2048.0,0.0,1800.0,120.0,120.0,56.0,48.0,0.0,0.0,8.0,0.0
0.375,293,Improved-gOMP,baseline,3528.0,768.0,2048.0,0.0,0.0,0.0,464.0,56.0,48.0,48.0,48.0,48.0,0.0
0.375,293,Improved-gOMP,optimized,5232.0,768.0,2048.0,0.0,2048.0,128.0,128.0,56.0,48.0,0.0,0.0,8.0,0.0
0.375,294,Improved-gOMP,baseline,3528.0,768.0,2048.0,0.0,0.0,0.0,464.0,56.0,48.0,48.0,48.0,48.0,0.0
0.375,294,Improved-gOMP,optimized,5232.0,768.0,2048.0,0.0,2048.0,128.0,128.0,56.0,48.0,0.0,0.0,8.0,0.0
0.375,295,Improved-gOMP,baseline,3360.0,768.0,2048.0,0.0,0.0,0.0,336.0,48.0,40.0,40.0,40.0,40.0,0.0
0.375,295,Improved-gOMP,optimized,4256.0,768.0,2048.0,0.0,1152.0,96.0,96.0,48.0,40.0,0.0,0.0,8.0,0.0
0.375,296,Improved-gOMP,baseline,3552.0,768.0,2048.0,0.0,0.0,0.0,488.0,56.0,48.0,48.0,48.0,48.0,0.0
0.375,296,Improved-gOMP,optimized,5232.0,768.0,2048.0,0.0,2048.0,128.0,128.0,56.0,48.0,0.0,0.0,8.0,0.0
0.375,297,Improved-gOMP,baseline,3496.0,768.0,2048.0,0.0,0.0,0.0,432.0,56.0,48.0,48.0,48.0,48.0,0.0
0.375,297,Improved-gOMP,optimized,4968.0,768.0,2048.0,0.0,1800.0,120.0,120.0,56.0,48.0,0.0,0.0,8.0,0.0
0.375,298,Improved-gOMP,baseline,3552.0,768.0,2048.0,0.0,0.0,0.0,488.0,56.0,48.0,48.0,48.0,48.0,0.0
0.375,298,Improved-gOMP,optimized,5232.0,768.0,2048.0,0.0,2048.0,128.0,128.0,56.0,48.0,0.0,0.0,8.0,0.0
0.375,299,Improved-gOMP,baseline,3496.0,768.0,2048.0,0.0,0.0,0.0,432.0,56.0,48.0,48.0,48.0,48.0,0.0
0.375,299,Improved-gOMP,optimized,4968.0,768.0,2048.0,0.0,1800.0,120.0,120.0,56.0,48.0,0.0,0.0,8.0,0.0
0.4375,0,Improved-gOMP,baseline,3656.0,896.0,2048.0,0.0,0.0,0.0,464.0,56.0,48.0,48.0,48.0,48.0,0.0
0.4375,0,Improved-gOMP,optimized,5096.0,896.0,2048.0,0.0,1800.0,120.0,120.0,56.0,48.0,0.0,0.0,8.0,0.0
0.4375,1,Improved-gOMP,baseline,3656.0,896.0,2048.0,0.0,0.0,0.0,464.0,56.0,48.0,48.0,48.0,48.0,0.0
0.4375,1,Improved-gOMP,optimized,5360.0,896.0,2048.0,0.0,2048.0,128.0,128.0,56.0,48.0,0.0,0.0,8.0,0.0
0.4375,2,Improved-gOMP,baseline,3464.0,896.0,2048.0,0.0,0.0,0.0,312.0,48.0,40.0,40.0,40.0,40.0,0.0
0.4375,2,Improved-gOMP,optimized,4384.0,896.0,2048.0,0.0,1152.0,96.0,96.0,48.0,40.0,0.0,0.0,8.0,0.0
0.4375,3,Improved-gOMP,baseline,3656.0,896.0,2048.0,0.0,0.0,0.0,464.0,56.0,48.0,48.0,48.0,48.0,0.0
0.4375,3,Improved-gOMP,optimized,5360.0,896.0,2048.0,0.0,2048.0,128.0,128.0,56.0,48.0,0.0,0.0,8.0,0.0
0.4375,4,Improved-gOMP,baseline,3656.0,896.0,2048.0,0.0,0.0,0.0,464.0,56.0,48.0,48.0,48.0,48.0,0.0
0.4375,4,Improved-gOMP,optimized,4600.0,896.0,2048.0,0.0,1352.0,104.0,104.0,48.0,40.0,0.0,0.0,8.0,0.0
0.4375,5,Improved-gOMP,baseline,3488.0,896.0,2048.0,0.0,0.0,0.0,336.0,48.0,40.0,40.0,40.0,40.0,0.0
0.4375,5,Improved-gOMP,optimized,4600.0,896.0,2048.0,0.0,1352.0,104.0,104.0,48.0,40.0,0.0,0.0,8.0,0.0
0.4375,6,Improved-gOMP,baseline,3656.0,896.0,2048.0,0.0,0.0,0.0,464.0,56.0,48.0,48.0,48.0,48.0,0.0
0.4375,6,Improved-gOMP,optimized,5360.0,896.0,2048.0,0.0,2048.0,128.0,128.0,56.0,48.0,0.0,0.0,8.0,0.0
0.4375,7,Improved-gOMP,baseline,3656.0,896.0,2048.0,0.0,0.0,0.0,464.0,56.0,48.0,48.0,48.0,48.0,0.0
0.4375,7,Improved-gOMP,optimized,5360.0,896.0,2048.0,0.0,2048.0,128.0,128.0,56.0,48.0,0.0,0.0,8.0,0.0
0.4375,8,Improved-gOMP,baseline,3656.0,896.0,2048.0,0.0,0.0,0.0,464.0,56.0,48.0,48.0,48.0,48.0,0.0
0.4375,8,Improved-gOMP,optimized,5360.0,896.0,2048.0,0.0,2048.0,128.0,128.0,56.0,48.0,0.0,0.0,8.0,0.0
0.4375,9,Improved-gOMP,baseline,3656.0,896.0,2048.0,0.0,0.0,0.0,464.0,56.0,48.0,48.0,48.0,48.0,0.0
0.4375,9,Improved-gOMP,optimized,5360.0,896.0,2048.0,0.0,2048.0,128.0,128.0,56.0,48.0,0.0,0.0,8.0,0.0
0.4375,10,Improved-gOMP,baseline,3792.0,896.0,2048.0,0.0,0.0,0.0,560.0,64.0,56.0,56.0,56.0,56.0,0.0
0.4375,10,Improved-gOMP,optimized,5096.0,896.0,2048.0,0.0,1800.0,120.0,120.0,56.0,48.0,0.0,0.0,8.0,0.0
0.4375,11,Improved-gOMP,baseline,3656.0,896.0,2048.0,0.0,0.0,0.0,464.0,56.0,48.0,48.0,48.0,48.0,0.0
0.4375,11,Improved-gOMP,optimized,5360.0,896.0,2048.0,0.0,2048.0,128.0,128.0,56.0,48.0,0.0,0.0,8.0,0.0
0.4375,12,Improved-gOMP,baseline,3656.0,896.0,2048.0,0.0,0.0,0.0,464.0,56.0,48.0,48.0,48.0,48.0,0.0
0.4375,12,Improved-gOMP,optimized,5096.0,896.0,2048.0,0.0,1800.0,120.0,120.0,56.0,48.0,0.0,0.0,8.0,0.0
0.4375,13,Improved-gOMP,baseline,3512.0,896.0,2048.0,0.0,0.0,0.0,360.0,48.0,40.0,40.0,40.0,40.0,0.0
0.4375,13,Improved-gOMP,optimized,5360.0,896.0,2048.0,0.0,2048.0,128.0,128.0,56.0,48.0,0.0,0.0,8.0,0.0
0.4375,14,Improved-gOMP,baseline,3624.0,896.0,2048.0,0.0,0.0,0.0,432.0,56.0,48.0,48.0,48.0,48.0,0.0
0.4375,14,Improved-gOMP,optimized,5096.0,896.0,2048.0,0.0,1800.0,120.0,120.0,56.0,48.0,0.0,0.0,8.0,0.0
0.4375,15,Improved-gOMP,baseline,3624.0,896.0,2048.0,0.0,0.0,0.0,432.0,56.0,48.0,48.0,48.0,48.0,0.0
0.4375,15,Improved-gOMP,optimized,4384.0,896.0,2048.0,0.0,1152.0,96.0,96.0,48.0,40.0,0.0,0.0,8.0,0.0
0.4375,16,Improved-gOMP,baseline,3792.0,896.0,2048.0,0.0,0.0,0.0,560.0,64.0,56.0,56.0,56.0,56.0,0.0
0.4375,16,Improved-gOMP,optimized,5096.0,896.0,2048.0,0.0,1800.0,120.0,120.0,56.0,48.0,0.0,0.0,8.0,0.0
0.4375,17,Improved-gOMP,baseline,3656.0,896.0,2048.0,0.0,0.0,0.0,464.0,56.0,48.0,48.0,48.0,48.0,0.0
0.4375,17,Improved-gOMP,optimized,5360.0,896.0,2048.0,0.0,2048.0,128.0,128.0,56.0,48.0,0.0,0.0,8.0,0.0
0.4375,18,Improved-gOMP,baseline,3512.0,896.0,2048.0,0.0,0.0,0.0,360.0,48.0,40.0,40.0,40.0,40.0,0.0
0.4375,18,Improved-gOMP,optimized,5360.0,896.0,2048.0,0.0,2048.0,128.0,128.0,56.0,48.0,0.0,0.0,8.0,0.0
0.4375,19,Improved-gOMP,baseline,3680.0,896.0,2048.0,0.0,0.0,0.0,488.0,56.0,48.0,48.0,48.0,48.0,0.0
0.4375,19,Improved-gOMP,optimized,5360.0,896.0,2048.0,0.0,2048.0,128.0,128.0,56.0,48.0,0.0,0.0,8.0,0.0
0.4375,20,Improved-gOMP,baseline,3656.0,896.0,2048.0,0.0,0.0,0.0,464.0,56.0,48.0,48.0,48.0,48.0,0.0
0.4375,20,Improved-gOMP,optimized,5360.0,896.0,2048.0,0.0,2048.0,128.0,128.0,56.0,48.0,0.0,0.0,8.0,0.0
0.4375,21,Improved-gOMP,baseline,3656.0,896.0,2048.0,0.0,0.0,0.0,464.0,56.0,48.0,48.0,48.0,48.0,0.0
0.4375,21,Improved-gOMP,optimized,4600.0,896.0,2048.0,0.0,1352.0,104.0,104.0,48.0,40.0,0.0,0.0,8.0,0.0
0.4375,22,Improved-gOMP,baseline,3656.0,896.0,2048.0,0.0,0.0,0.0,464.0,56.0,48.0,48.0,48.0,48.0,0.0
0.4375,22,Improved-gOMP,optimized,5360.0,896.0,2048.0,0.0,2048.0,128.0,128.0,56.0,48.0,0.0,0.0,8.0,0.0
0.4375,23,Improved-gOMP,baseline,3680.0,896.0,2048.0,0.0,0.0,0.0,488.0,56.0,48.0,48.0,48.0,48.0,0.0
0.4375,23,Improved-gOMP,optimized,5360.0,896.0,2048.0,0.0,2048.0,128.0,128.0,56.0,48.0,0.0,0.0,8.0,0.0
0.4375,24,Improved-gOMP,baseline,3512.0,896.0,2048.0,0.0,0.0,0.0,360.0,48.0,40.0,40.0,40.0,40.0,0.0
0.4375,24,Improved-gOMP,optimized,4600.0,896.0,2048.0,0.0,1352.0,104.0,104.0,48.0,40.0,0.0,0.0,8.0,0.0
0.4375,25,Improved-gOMP,baseline,3624.0,896.0,2048.0,0.0,0.0,0.0,432.0,56.0,48.0,48.0,48.0,48.0,0.0
0.4375,25,Improved-gOMP,optimized,5096.0,896.0,2048.0,0.0,1800.0,120.0,120.0,56.0,48.0,0.0,0.0,8.0,0.0
0.4375,26,Improved-gOMP,baseline,3656.0,896.0,2048.0,0.0,0.0,0.0,464.0,56.0,48.0,48.0,48.0,48.0,0.0
0.4375,26,Improved-gOMP,optimized,5360.0,896.0,2048.0,0.0,2048.0,128.0,128.0,56.0,48.0,0.0,0.0,8.0,0.0
0.4375,27,Improved-gOMP,baseline,3488.0,896.0,2048.0,0.0,0.0,0.0,336.0,48.0,40.0,40.0,40.0,40.0,0.0
0.4375,27,Improved-gOMP,optimized,4600.0,896.0,2048.0,0.0,1352.0,104.0,104.0,48.0,40.0,0.0,0.0,8.0,0.0
0.4375,28,Improved-gOMP,baseline,3680.0,896.0,2048.0,0.0,0.0,0.0,488.0,56.0,48.0,48.0,48.0,48.0,0.0
0.4375,28,Improved-gOMP,optimized,5360.0,896.0,2048.0,0.0,2048.0,128.0,128.0,56.0,48.0,0.0,0.0,8.0,0.0
0.4375,29,Improved-gOMP,baseline,3656.0,896.0,2048.0,0.0,0.0,0.0,464.0,56.0,48.0,48.0,48.0,48.0,0.0
0.4375,29,Improved-gOMP,optimized,5360.0,896.0,2048.0,0.0,2048.0,128.0,128.0,56.0,48.0,0.0,0.0,8.0,0.0
0.4375,30,Improved-gOMP,baseline,3656.0,896.0,2048.0,0.0,0.0,0.0,464.0,56.0,48.0,48.0,48.0,48.0,0.0
0.4375,30,Improved-gOMP,optimized,5096.0,896.0,2048.0,0.0,1800.0,120.0,120.0,56.0,48.0,0.0,0.0,8.0,0.0
0.4375,31,Improved-gOMP,baseline,3488.0,896.0,2048.0,0.0,0.0,0.0,336.0,48.0,40.0,40.0,40.0,40.0,0.0
0.4375,31,Improved-gOMP,optimized,4600.0,896.0,2048.0,0.0,1352.0,104.0,104.0,48.0,40.0,0.0,0.0,8.0,0.0
0.4375,32,Improved-gOMP,baseline,3656.0,896.0,2048.0,0.0,0.0,0.0,464.0,56.0,48.0,48.0,48.0,48.0,0.0
0.4375,32,Improved-gOMP,optimized,5360.0,896.0,2048.0,0.0,2048.0,128.0,128.0,56.0,48.0,0.0,0.0,8.0,0.0
0.4375,33,Improved-gOMP,baseline,3624.0,896.0,2048.0,0.0,0.0,0.0,432.0,56.0,48.0,48.0,48.0,48.0,0.0
0.4375,33,Improved-gOMP,optimized,5096.0,896.0,2048.0,0.0,1800.0,120.0,120.0,56.0,48.0,0.0,0.0,8.0,0.0
0.4375,34,Improved-gOMP,baseline,3512.0,896.0,2048.0,0.0,0.0,0.0,360.0,48.0,40.0,40.0,40.0,40.0,0.0
0.4375,34,Improved-gOMP,optimized,5080.0,896.0,2048.0,0.0,1800.0,120.0,120.0,48.0,40.0,0.0,0.0,8.0,0.0
0.4375,35,Improved-gOMP,baseline,3656.0,896.0,2048.0,0.0,0.0,0.0,464.0,56.0,48.0,48.0,48.0,48.0,0.0
0.4375,35,Improved-gOMP,optimized,4600.0,896.0,2048.0,0.0,1352.0,104.0,104.0,48.0,40.0,0.0,0.0,8.0,0.0
0.4375,36,Improved-gOMP,baseline,3656.0,896.0,2048.0,0.0,0.0,0.0,464.0,56.0,48.0,48.0,48.0,48.0,0.0
0.4375,36,Improved-gOMP,optimized,5360.0,896.0,2048.0,0.0,2048.0,128.0,128.0,56.0,48.0,0.0,0.0,8.0,0.0
0.4375,37,Improved-gOMP,baseline,3680.0,896.0,2048.0,0.0,0.0,0.0,488.0,56.0,48.0,48.0,48.0,48.0,0.0
0.4375,37,Improved-gOMP,optimized,5080.0,896.0,2048.0,0.0,1800.0,120.0,120.0,48.0,40.0,0.0,0.0,8.0,0.0
0.4375,38,Improved-gOMP,baseline,3656.0,896.0,2048.0,0.0,0.0,0.0,464.0,56.0,48.0,48.0,48.0,48.0,0.0
0.4375,38,Improved-gOMP,optimized,5360.0,896.0,2048.0,0.0,2048.0,128.0,128.0,56.0,48.0,0.0,0.0,8.0,0.0
0.4375,39,Improved-gOMP,baseline,3656.0,896.0,2048.0,0.0,0.0,0.0,464.0,56.0,48.0,48.0,48.0,48.0,0.0
0.4375,39,Improved-gOMP,optimized,5096.0,896.0,2048.0,0.0,1800.0,120.0,120.0,56.0,48.0,0.0,0.0,8.0,0.0
0.4375,40,Improved-gOMP,baseline,3656.0,896.0,2048.0,0.0,0.0,0.0,464.0,56.0,48.0,48.0,48.0,48.0,0.0
0.4375,40,Improved-gOMP,optimized,5360.0,896.0,2048.0,0.0,2048.0,128.0,128.0,56.0,48.0,0.0,0.0,8.0,0.0
0.4375,41,Improved-gOMP,baseline,3656.0,896.0,2048.0,0.0,0.0,0.0,464.0,56.0,48.0,48.0,48.0,48.0,0.0
0.4375,41,Improved-gOMP,optimized,5360.0,896.0,2048.0,0.0,2048.0,128.0,128.0,56.0,48.0,0.0,0.0,8.0,0.0
0.4375,42,Improved-gOMP,baseline,3680.0,896.0,2048.0,0.0,0.0,0.0,488.0,56.0,48.0,48.0,48.0,48.0,0.0
0.4375,42,Improved-gOMP,optimized,5360.0,896.0,2048.0,0.0,2048.0,128.0,128.0,56.0,48.0,0.0,0.0,8.0,0.0
0.4375,43,Improved-gOMP,baseline,3488.0,896.0,2048.0,0.0,0.0,0.0,336.0,48.0,40.0,40.0,40.0,40.0,0.0
0.4375,43,Improved-gOMP,optimized,4600.0,896.0,2048.0,0.0,1352.0,104.0,104.0,48.0,40.0,0.0,0.0,8.0,0.0
0.4375,44,Improved-gOMP,baseline,3656.0,896.0,2048.0,0.0,0.0,0.0,464.0,56.0,48.0,48.0,48.0,48.0,0.0
0.4375,44,Improved-gOMP,optimized,5360.0,896.0,2048.0,0.0,2048.0,128.0,128.0,56.0,48.0,0.0,0.0,8.0,0.0
0.4375,45,Improved-gOMP,baseline,3512.0,896.0,2048.0,0.0,0.0,0.0,360.0,48.0,40.0,40.0,40.0,40.0,0.0
0.4375,45,Improved-gOMP,optimized,4600.0,896.0,2048.0,0.0,1352.0,104.0,104.0,48.0,40.0,0.0,0.0,8.0,0.0
0.4375,46,Improved-gOMP,baseline,3488.0,896.0,2048.0,0.0,0.0,0.0,336.0,48.0,40.0,40.0,40.0,40.0,0.0
0.4375,46,Improved-gOMP,optimized,4600.0,896.0,2048.0,0.0,1352.0,104.0,104.0,48.0,40.0,0.0,0.0,8.0,0.0
0.4375,47,Improved-gOMP,baseline,3680.0,896.0,2048.0,0.0,0.0,0.0,488.0,56.0,48.0,48.0,48.0,48.0,0.0
0.4375,47,Improved-gOMP,optimized,5360.0,896.0,2048.0,0.0,2048.0,128.0,128.0,56.0,48.0,0.0,0.0,8.0,0.0
0.4375,48,Improved-gOMP,baseline,3656.0,896.0,2048.0,0.0,0.0,0.0,464.0,56.0,48.0,48.0,48.0,48.0,0.0
0.4375,48,Improved-gOMP,optimized,5360.0,896.0,2048.0,0.0,2048.0,128.0,128.0,56.0,48.0,0.0,0.0,8.0,0.0
0.4375,49,Improved-gOMP,baseline,3656.0,896.0,2048.0,0.0,0.0,0.0,464.0,56.0,48.0,48.0,48.0,48.0,0.0
0.4375,49,Improved-gOMP,optimized,5360.0,896.0,2048.0,0.0,2048.0,128.0,128.0,56.0,48.0,0.0,0.0,8.0,0.0
0.4375,50,Improved-gOMP,baseline,3656.0,896.0,2048.0,0.0,0.0,0.0,464.0,56.0,48.0,48.0,48.0,48.0,0.0
0.4375,50,Improved-gOMP,optimized,5360.0,896.0,2048.0,0.0,2048.0,128.0,128.0,56.0,48.0,0.0,0.0,8.0,0.0
0.4375,51,Improved-gOMP,baseline,3680.0,896.0,2048.0,0.0,0.0,0.0,488.0,56.0,48.0,48.0,48.0,48.0,0.0
0.4375,51,Improved-gOMP,optimized,5080.0,896.0,2048.0,0.0,1800.0,120.0,120.0,48.0,40.0,0.0,0.0,8.0,0.0
0.4375,52,Improved-gOMP,baseline,3656.0,896.0,2048.0,0.0,0.0,0.0,464.0,56.0,48.0,48.0,48.0,48.0,0.0
0.4375,52,Improved-gOMP,optimized,5096.0,896.0,2048.0,0.0,1800.0,120.0,120.0,56.0,48.0,0.0,0.0,8.0,0.0
0.4375,53,Improved-gOMP,baseline,3488.0,896.0,2048.0,0.0,0.0,0.0,336.0,48.0,40.0,40.0,40.0,40.0,0.0
0.4375,53,Improved-gOMP,optimized,4384.0,896.0,2048.0,0.0,1152.0,96.0,96.0,48.0,40.0,0.0,0.0,8.0,0.0
0.4375,54,Improved-gOMP,baseline,3624.0,896.0,2048.0,0.0,0.0,0.0,432.0,56.0,48.0,48.0,48.0,48.0,0.0
0.4375,54,Improved-gOMP,optimized,5096.0,896.0,2048.0,0.0,1800.0,120.0,120.0,56.0,48.0,0.0,0.0,8.0,0.0
0.4375,55,Improved-gOMP,baseline,3512.0,896.0,2048.0,0.0,0.0,0.0,360.0,48.0,40.0,40.0,40.0,40.0,0.0
0.4375,55,Improved-gOMP,optimized,5080.0,896.0,2048.0,0.0,1800.0,120.0,120.0,48.0,40.0,0.0,0.0,8.0,0.0
0.4375,56,Improved-gOMP,baseline,3624.0,896.0,2048.0,0.0,0.0,0.0,432.0,56.0,48.0,48.0,48.0,48.0,0.0
0.4375,56,Improved-gOMP,optimized,5096.0,896.0,2048.0,0.0,1800.0,120.0,120.0,56.0,48.0,0.0,0.0,8.0,0.0
0.4375,57,Improved-gOMP,baseline,3792.0,896.0,2048.0,0.0,0.0,0.0,560.0,64.0,56.0,56.0,56.0,56.0,0.0
0.4375,57,Improved-gOMP,optimized,5096.0,896.0,2048.0,0.0,1800.0,120.0,120.0,56.0,48.0,0.0,0.0,8.0,0.0
0.4375,58,Improved-gOMP,baseline,3624.0,896.0,2048.0,0.0,0.0,0.0,432.0,56.0,48.0,48.0,48.0,48.0,0.0
0.4375,58,Improved-gOMP,optimized,5096.0,896.0,2048.0,0.0,1800.0,120.0,120.0,56.0,48.0,0.0,0.0,8.0,0.0
0.4375,59,Improved-gOMP,baseline,3512.0,896.0,2048.0,0.0,0.0,0.0,360.0,48.0,40.0,40.0,40.0,40.0,0.0
0.4375,59,Improved-gOMP,optimized,5080.0,896.0,2048.0,0.0,1800.0,120.0,120.0,48.0,40.0,0.0,0.0,8.0,0.0
0.4375,60,Improved-gOMP,baseline,3488.0,896.0,2048.0,0.0,0.0,0.0,336.0,48.0,40.0,40.0,40.0,40.0,0.0
0.4375,60,Improved-gOMP,optimized,4600.0,896.0,2048.0,0.0,1352.0,104.0,104.0,48.0,40.0,0.0,0.0,8.0,0.0
0.4375,61,Improved-gOMP,baseline,3512.0,896.0,2048.0,0.0,0.0,0.0,360.0,48.0,40.0,40.0,40.0,40.0,0.0
0.4375,61,Improved-gOMP,optimized,5360.0,896.0,2048.0,0.0,2048.0,128.0,128.0,56.0,48.0,0.0,0.0,8.0,0.0
0.4375,62,Improved-gOMP,baseline,3680.0,896.0,2048.0,0.0,0.0,0.0,488.0,56.0,48.0,48.0,48.0,48.0,0.0
0.4375,62,Improved-gOMP,optimized,5360.0,896.0,2048.0,0.0,2048.0,128.0,128.0,56.0,48.0,0.0,0.0,8.0,0.0
0.4375,63,Improved-gOMP,baseline,3680.0,896.0,2048.0,0.0,0.0,0.0,488.0,56.0,48.0,48.0,48.0,48.0,0.0
0.4375,63,Improved-gOMP,optimized,5360.0,896.0,2048.0,0.0,2048.0,128.0,128.0,56.0,48.0,0.0,0.0,8.0,0.0
0.4375,64,Improved-gOMP,baseline,3792.0,896.0,2048.0,0.0,0.0,0.0,560.0,64.0,56.0,56.0,56.0,56.0,0.0
0.4375,64,Improved-gOMP,optimized,5376.0,896.0,2048.0,0.0,2048.0,128.0,128.0,64.0,56.0,0.0,0.0,8.0,0.0
0.4375,65,Improved-gOMP,baseline,3680.0,896.0,2048.0,0.0,0.0,0.0,488.0,56.0,48.0,48.0,48.0,48.0,0.0
0.4375,65,Improved-gOMP,optimized,5360.0,896.0,2048.0,0.0,2048.0,128.0,128.0,56.0,48.0,0.0,0.0,8.0,0.0
0.4375,66,Improved-gOMP,baseline,3488.0,896.0,2048.0,0.0,0.0,0.0,336.0,48.0,40.0,40.0,40.0,40.0,0.0
0.4375,66,Improved-gOMP,optimized,4600.0,896.0,2048.0,0.0,1352.0,104.0,104.0,48.0,40.0,0.0,0.0,8.0,0.0
0.4375,67,Improved-gOMP,baseline,3464.0,896.0,2048.0,0.0,0.0,0.0,312.0,48.0,40.0,40.0,40.0,40.0,0.0
0.4375,67,Improved-gOMP,optimized,3984.0,896.0,2048.0,0.0,800.0,80.0,80.0,40.0,32.0,0.0,0.0,8.0,0.0
0.4375,68,Improved-gOMP,baseline,3488.0,896.0,2048.0,0.0,0.0,0.0,336.0,48.0,40.0,40.0,40.0,40.0,0.0
0.4375,68,Improved-gOMP,optimized,4600.0,896.0,2048.0,0.0,1352.0,104.0,104.0,48.0,40.0,0.0,0.0,8.0,0.0
0.4375,69,Improved-gOMP,baseline,3488.0,896.0,2048.0,0.0,0.0,0.0,336.0,48.0,40.0,40.0,40.0,40.0,0.0
0.4375,69,Improved-gOMP,optimized,4600.0,896.0,2048.0,0.0,1352.0,104.0,104.0,48.0,40.0,0.0,0.0,8.0,0.0
0.4375,70,Improved-gOMP,baseline,3656.0,896.0,2048.0,0.0,0.0,0.0,464.0,56.0,48.0,48.0,48.0,48.0,0.0
0.4375,70,Improved-gOMP,optimized,5360.0,896.0,2048.0,0.0,2048.0,128.0,128.0,56.0,48.0,0.0,0.0,8.0,0.0
0.4375,71,Improved-gOMP,baseline,3624.0,896.0,2048.0,0.0,0.0,0.0,432.0,56.0,48.0,48.0,48.0,48.0,0.0
0.4375,71,Improved-gOMP,optimized,5096.0,896.0,2048.0,0.0,1800.0,120.0,120.0,56.0,48.0,0.0,0.0,8.0,0.0
0.4375,72,Improved-gOMP,baseline,3488.0,896.0,2048.0,0.0,0.0,0.0,336.0,48.0,40.0,40.0,40.0,40.0,0.0
0.4375,72,Improved-gOMP,optimized,4600.0,896.0,2048.0,0.0,1352.0,104.0,104.0,48.0,40.0,0.0,0.0,8.0,0.0
0.4375,73,Improved-gOMP,baseline,3328.0,896.0,2048.0,0.0,0.0,0.0,216.0,40.0,32.0,32.0,32.0,32.0,0.0
0.4375,73,Improved-gOMP,optimized,3984.0,896.0,2048.0,0.0,800.0,80.0,80.0,40.0,32.0,0.0,0.0,8.0,0.0
0.4375,74,Improved-gOMP,baseline,3656.0,896.0,2048.0,0.0,0.0,0.0,464.0,56.0,48.0,48.0,48.0,48.0,0.0
0.4375,74,Improved-gOMP,optimized,5360.0,896.0,2048.0,0.0,2048.0,128.0,128.0,56.0,48.0,0.0,0.0,8.0,0.0
0.4375,75,Improved-gOMP,baseline,3656.0,896.0,2048.0,0.0,0.0,0.0,464.0,56.0,48.0,48.0,48.0,48.0,0.0
0.4375,75,Improved-gOMP,optimized,4384.0,896.0,2048.0,0.0,1152.0,96.0,96.0,48.0,40.0,0.0,0.0,8.0,0.0
0.4375,76,Improved-gOMP,baseline,3680.0,896.0,2048.0,0.0,0.0,0.0,488.0,56.0,48.0,48.0,48.0,48.0,0.0
0.4375,76,Improved-gOMP,optimized,5360.0,896.0,2048.0,0.0,2048.0,128.0,128.0,56.0,48.0,0.0,0.0,8.0,0.0
0.4375,77,Improved-gOMP,baseline,3488.0,896.0,2048.0,0.0,0.0,0.0,336.0,48.0,40.0,40.0,40.0,40.0,0.0
0.4375,77,Improved-gOMP,optimized,4600.0,896.0,2048.0,0.0,1352.0,104.0,104.0,48.0,40.0,0.0,0.0,8.0,0.0
0.4375,78,Improved-gOMP,baseline,3512.0,896.0,2048.0,0.0,0.0,0.0,360.0,48.0,40.0,40.0,40.0,40.0,0.0
0.4375,78,Improved-gOMP,optimized,4600.0,896.0,2048.0,0.0,1352.0,104.0,104.0,48.0,40.0,0.0,0.0,8.0,0.0
0.4375,79,Improved-gOMP,baseline,3512.0,896.0,2048.0,0.0,0.0,0.0,360.0,48.0,40.0,40.0,40.0,40.0,0.0
0.4375,79,Improved-gOMP,optimized,5360.0,896.0,2048.0,0.0,2048.0,128.0,128.0,56.0,48.0,0.0,0.0,8.0,0.0
0.4375,80,Improved-gOMP,baseline,3656.0,896.0,2048.0,0.0,0.0,0.0,464.0,56.0,48.0,48.0,48.0,48.0,0.0
0.4375,80,Improved-gOMP,optimized,5360.0,896.0,2048.0,0.0,2048.0,128.0,128.0,56.0,48.0,0.0,0.0,8.0,0.0
0.4375,81,Improved-gOMP,baseline,3656.0,896.0,2048.0,0.0,0.0,0.0,464.0,56.0,48.0,48.0,48.0,48.0,0.0
0.4375,81,Improved-gOMP,optimized,5360.0,896.0,2048.0,0.0,2048.0,128.0,128.0,56.0,48.0,0.0,0.0,8.0,0.0
0.4375,82,Improved-gOMP,baseline,3656.0,896.0,2048.0,0.0,0.0,0.0,464.0,56.0,48.0,48.0,48.0,48.0,0.0
0.4375,82,Improved-gOMP,optimized,5360.0,896.0,2048.0,0.0,2048.0,128.0,128.0,56.0,48.0,0.0,0.0,8.0,0.0
0.4375,83,Improved-gOMP,baseline,3656.0,896.0,2048.0,0.0,0.0,0.0,464.0,56.0,48.0,48.0,48.0,48.0,0.0
0.4375,83,Improved-gOMP,optimized,5360.0,896.0,2048.0,0.0,2048.0,128.0,128.0,56.0,48.0,0.0,0.0,8.0,0.0
0.4375,84,Improved-gOMP,baseline,3656.0,896.0,2048.0,0.0,0.0,0.0,464.0,56.0,48.0,48.0,48.0,48.0,0.0
0.4375,84,Improved-gOMP,optimized,5360.0,896.0,2048.0,0.0,2048.0,128.0,128.0,56.0,48.0,0.0,0.0,8.0,0.0
0.4375,85,Improved-gOMP,baseline,3656.0,896.0,2048.0,0.0,0.0,0.0,464.0,56.0,48.0,48.0,48.0,48.0,0.0
0.4375,85,Improved-gOMP,optimized,4600.0,896.0,2048.0,0.0,1352.0,104.0,104.0,48.0,40.0,0.0,0.0,8.0,0.0
0.4375,86,Improved-gOMP,baseline,3512.0,896.0,2048.0,0.0,0.0,0.0,360.0,48.0,40.0,40.0,40.0,40.0,0.0
0.4375,86,Improved-gOMP,optimized,5360.0,896.0,2048.0,0.0,2048.0,128.0,128.0,56.0,48.0,0.0,0.0,8.0,0.0
0.4375,87,Improved-gOMP,baseline,3680.0,896.0,2048.0,0.0,0.0,0.0,488.0,56.0,48.0,48.0,48.0,48.0,0.0
0.4375,87,Improved-gOMP,optimized,5360.0,896.0,2048.0,0.0,2048.0,128.0,128.0,56.0,48.0,0.0,0.0,8.0,0.0
0.4375,88,Improved-gOMP,baseline,3656.0,896.0,2048.0,0.0,0.0,0.0,464.0,56.0,48.0,48.0,48.0,48.0,0.0
0.4375,88,Improved-gOMP,optimized,4600.0,896.0,2048.0,0.0,1352.0,104.0,104.0,48.0,40.0,0.0,0.0,8.0,0.0
0.4375,89,Improved-gOMP,baseline,3656.0,896.0,2048.0,0.0,0.0,0.0,464.0,56.0,48.0,48.0,48.0,48.0,0.0
0.4375,89,Improved-gOMP,optimized,5360.0,896.0,2048.0,0.0,2048.0,128.0,128.0,56.0,48.0,0.0,0.0,8.0,0.0
0.4375,90,Improved-gOMP,baseline,3656.0,896.0,2048.0,0.0,0.0,0.0,464.0,56.0,48.0,48.0,48.0,48.0,0.0
0.4375,90,Improved-gOMP,optimized,5360.0,896.0,2048.0,0.0,2048.0,128.0,128.0,56.0,48.0,0.0,0.0,8.0,0.0
0.4375,91,Improved-gOMP,baseline,3656.0,896.0,2048.0,0.0,0.0,0.0,464.0,56.0,48.0,48.0,48.0,48.0,0.0
0.4375,91,Improved-gOMP,optimized,4600.0,896.0,2048.0,0.0,1352.0,104.0,104.0,48.0,40.0,0.0,0.0,8.0,0.0
0.4375,92,Improved-gOMP,baseline,3680.0,896.0,2048.0,0.0,0.0,0.0,488.0,56.0,48.0,48.0,48.0,48.0,0.0
0.4375,92,Improved-gOMP,optimized,5360.0,896.0,2048.0,0.0,2048.0,128.0,128.0,56.0,48.0,0.0,0.0,8.0,0.0
0.4375,93,Improved-gOMP,baseline,3512.0,896.0,2048.0,0.0,0.0,0.0,360.0,48.0,40.0,40.0,40.0,40.0,0.0
0.4375,93,Improved-gOMP,optimized,5080.0,896.0,2048.0,0.0,1800.0,120.0,120.0,48.0,40.0,0.0,0.0,8.0,0.0
0.4375,94,Improved-gOMP,baseline,3488.0,896.0,2048.0,0.0,0.0,0.0,336.0,48.0,40.0,40.0,40.0,40.0,0.0
0.4375,94,Improved-gOMP,optimized,4384.0,896.0,2048.0,0.0,1152.0,96.0,96.0,48.0,40.0,0.0,0.0,8.0,0.0
0.4375,95,Improved-gOMP,baseline,3656.0,896.0,2048.0,0.0,0.0,0.0,464.0,56.0,48.0,48.0,48.0,48.0,0.0
0.4375,95,Improved-gOMP,optimized,5360.0,896.0,2048.0,0.0,2048.0,128.0,128.0,56.0,48.0,0.0,0.0,8.0,0.0
0.4375,96,Improved-gOMP,baseline,3656.0,896.0,2048.0,0.0,0.0,0.0,464.0,56.0,48.0,48.0,48.0,48.0,0.0
0.4375,96,Improved-gOMP,optimized,4600.0,896.0,2048.0,0.0,1352.0,104.0,104.0,48.0,40.0,0.0,0.0,8.0,0.0
0.4375,97,Improved-gOMP,baseline,3656.0,896.0,2048.0,0.0,0.0,0.0,464.0,56.0,48.0,48.0,48.0,48.0,0.0
0.4375,97,Improved-gOMP,optimized,5096.0,896.0,2048.0,0.0,1800.0,120.0,120.0,56.0,48.0,0.0,0.0,8.0,0.0
0.4375,98,Improved-gOMP,baseline,3656.0,896.0,2048.0,0.0,0.0,0.0,464.0,56.0,48.0,48.0,48.0,48.0,0.0
0.4375,98,Improved-gOMP,optimized,5096.0,896.0,2048.0,0.0,1800.0,120.0,120.0,56.0,48.0,0.0,0.0,8.0,0.0
0.4375,99,Improved-gOMP,baseline,3488.0,896.0,2048.0,0.0,0.0,0.0,336.0,48.0,40.0,40.0,40.0,40.0,0.0
0.4375,99,Improved-gOMP,optimized,4600.0,896.0,2048.0,0.0,1352.0,104.0,104.0,48.0,40.0,0.0,0.0,8.0,0.0
0.4375,100,Improved-gOMP,baseline,3488.0,896.0,2048.0,0.0,0.0,0.0,336.0,48.0,40.0,40.0,40.0,40.0,0.0
0.4375,100,Improved-gOMP,optimized,4600.0,896.0,2048.0,0.0,1352.0,104.0,104.0,48.0,40.0,0.0,0.0,8.0,0.0
0.4375,101,Improved-gOMP,baseline,3656.0,896.0,2048.0,0.0,0.0,0.0,464.0,56.0,48.0,48.0,48.0,48.0,0.0
0.4375,101,Improved-gOMP,optimized,4600.0,896.0,2048.0,0.0,1352.0,104.0,104.0,48.0,40.0,0.0,0.0,8.0,0.0
0.4375,102,Improved-gOMP,baseline,3656.0,896.0,2048.0,0.0,0.0,0.0,464.0,56.0,48.0,48.0,48.0,48.0,0.0
0.4375,102,Improved-gOMP,optimized,4600.0,896.0,2048.0,0.0,1352.0,104.0,104.0,48.0,40.0,0.0,0.0,8.0,0.0
0.4375,103,Improved-gOMP,baseline,3656.0,896.0,2048.0,0.0,0.0,0.0,464.0,56.0,48.0,48.0,48.0,48.0,0.0
0.4375,103,Improved-gOMP,optimized,5360.0,896.0,2048.0,0.0,2048.0,128.0,128.0,56.0,48.0,0.0,0.0,8.0,0.0
0.4375,104,Improved-gOMP,baseline,3656.0,896.0,2048.0,0.0,0.0,0.0,464.0,56.0,48.0,48.0,48.0,48.0,0.0
0.4375,104,Improved-gOMP,optimized,5360.0,896.0,2048.0,0.0,2048.0,128.0,128.0,56.0,48.0,0.0,0.0,8.0,0.0
0.4375,105,Improved-gOMP,baseline,3488.0,896.0,2048.0,0.0,0.0,0.0,336.0,48.0,40.0,40.0,40.0,40.0,0.0
0.4375,105,Improved-gOMP,optimized,4600.0,896.0,2048.0,0.0,1352.0,104.0,104.0,48.0,40.0,0.0,0.0,8.0,0.0
0.4375,106,Improved-gOMP,baseline,3656.0,896.0,2048.0,0.0,0.0,0.0,464.0,56.0,48.0,48.0,48.0,48.0,0.0
0.4375,106,Improved-gOMP,optimized,5360.0,896.0,2048.0,0.0,2048.0,128.0,128.0,56.0,48.0,0.0,0.0,8.0,0.0
0.4375,107,Improved-gOMP,baseline,3656.0,896.0,2048.0,0.0,0.0,0.0,464.0,56.0,48.0,48.0,48.0,48.0,0.0
0.4375,107,Improved-gOMP,optimized,5096.0,896.0,2048.0,0.0,1800.0,120.0,120.0,56.0,48.0,0.0,0.0,8.0,0.0
0.4375,108,Improved-gOMP,baseline,3680.0,896.0,2048.0,0.0,0.0,0.0,488.0,56.0,48.0,48.0,48.0,48.0,0.0
0.4375,108,Improved-gOMP,optimized,5360.0,896.0,2048.0,0.0,2048.0,128.0,128.0,56.0,48.0,0.0,0.0,8.0,0.0
0.4375,109,Improved-gOMP,baseline,3488.0,896.0,2048.0,0.0,0.0,0.0,336.0,48.0,40.0,40.0,40.0,40.0,0.0
0.4375,109,Improved-gOMP,optimized,4600.0,896.0,2048.0,0.0,1352.0,104.0,104.0,48.0,40.0,0.0,0.0,8.0,0.0
0.4375,110,Improved-gOMP,baseline,3656.0,896.0,2048.0,0.0,0.0,0.0,464.0,56.0,48.0,48.0,48.0,48.0,0.0
0.4375,110,Improved-gOMP,optimized,5360.0,896.0,2048.0,0.0,2048.0,128.0,128.0,56.0,48.0,0.0,0.0,8.0,0.0
0.4375,111,Improved-gOMP,baseline,3488.0,896.0,2048.0,0.0,0.0,0.0,336.0,48.0,40.0,40.0,40.0,40.0,0.0
0.4375,111,Improved-gOMP,optimized,4600.0,896.0,2048.0,0.0,1352.0,104.0,104.0,48.0,40.0,0.0,0.0,8.0,0.0
0.4375,112,Improved-gOMP,baseline,3656.0,896.0,2048.0,0.0,0.0,0.0,464.0,56.0,48.0,48.0,48.0,48.0,0.0
0.4375,112,Improved-gOMP,optimized,4384.0,896.0,2048.0,0.0,1152.0,96.0,96.0,48.0,40.0,0.0,0.0,8.0,0.0
0.4375,113,Improved-gOMP,baseline,3656.0,896.0,2048.0,0.0,0.0,0.0,464.0,56.0,48.0,48.0,48.0,48.0,0.0
0.4375,113,Improved-gOMP,optimized,5360.0,896.0,2048.0,0.0,2048.0,128.0,128.0,56.0,48.0,0.0,0.0,8.0,0.0
0.4375,114,Improved-gOMP,baseline,3344.0,896.0,2048.0,0.0,0.0,0.0,232.0,40.0,32.0,32.0,32.0,32.0,0.0
0.4375,114,Improved-gOMP,optimized,4384.0,896.0,2048.0,0.0,1152.0,96.0,96.0,48.0,40.0,0.0,0.0,8.0,0.0
0.4375,115,Improved-gOMP,baseline,3656.0,896.0,2048.0,0.0,0.0,0.0,464.0,56.0,48.0,48.0,48.0,48.0,0.0
0.4375,115,Improved-gOMP,optimized,5360.0,896.0,2048.0,0.0,2048.0,128.0,128.0,56.0,48.0,0.0,0.0,8.0,0.0
0.4375,116,Improved-gOMP,baseline,3656.0,896.0,2048.0,0.0,0.0,0.0,464.0,56.0,48.0,48.0,48.0,48.0,0.0
0.4375,116,Improved-gOMP,optimized,5360.0,896.0,2048.0,0.0,2048.0,128.0,128.0,56.0,48.0,0.0,0.0,8.0,0.0
0.4375,117,Improved-gOMP,baseline,3656.0,896.0,2048.0,0.0,0.0,0.0,464.0,56.0,48.0,48.0,48.0,48.0,0.0
0.4375,117,Improved-gOMP,optimized,5360.0,896.0,2048.0,0.0,2048.0,128.0,128.0,56.0,48.0,0.0,0.0,8.0,0.0
0.4375,118,Improved-gOMP,baseline,3624.0,896.0,2048.0,0.0,0.0,0.0,432.0,56.0,48.0,48.0,48.0,48.0,0.0
0.4375,118,Improved-gOMP,optimized,5096.0,896.0,2048.0,0.0,1800.0,120.0,120.0,56.0,48.0,0.0,0.0,8.0,0.0
0.4375,119,Improved-gOMP,baseline,3656.0,896.0,2048.0,0.0,0.0,0.0,464.0,56.0,48.0,48.0,48.0,48.0,0.0
0.4375,119,Improved-gOMP,optimized,4600.0,896.0,2048.0,0.0,1352.0,104.0,104.0,48.0,40.0,0.0,0.0,8.0,0.0
0.4375,120,Improved-gOMP,baseline,3656.0,896.0,2048.0,0.0,0.0,0.0,464.0,56.0,48.0,48.0,48.0,48.0,0.0
0.4375,120,Improved-gOMP,optimized,4600.0,896.0,2048.0,0.0,1352.0,104.0,104.0,48.0,40.0,0.0,0.0,8.0,0.0
0.4375,121,Improved-gOMP,baseline,3656.0,896.0,2048.0,0.0,0.0,0.0,464.0,56.0,48.0,48.0,48.0,48.0,0.0
0.4375,121,Improved-gOMP,optimized,5360.0,896.0,2048.0,0.0,2048.0,128.0,128.0,56.0,48.0,0.0,0.0,8.0,0.0
0.4375,122,Improved-gOMP,baseline,3464.0,896.0,2048.0,0.0,0.0,0.0,312.0,48.0,40.0,40.0,40.0,40.0,0.0
0.4375,122,Improved-gOMP,optimized,4384.0,896.0,2048.0,0.0,1152.0,96.0,96.0,48.0,40.0,0.0,0.0,8.0,0.0
0.4375,123,Improved-gOMP,baseline,3488.0,896.0,2048.0,0.0,0.0,0.0,336.0,48.0,40.0,40.0,40.0,40.0,0.0
0.4375,123,Improved-gOMP,optimized,4600.0,896.0,2048.0,0.0,1352.0,104.0,104.0,48.0,40.0,0.0,0.0,8.0,0.0
0.4375,124,Improved-gOMP,baseline,3656.0,896.0,2048.0,0.0,0.0,0.0,464.0,56.0,48.0,48.0,48.0,48.0,0.0
0.4375,124,Improved-gOMP,optimized,4600.0,896.0,2048.0,0.0,1352.0,104.0,104.0,48.0,40.0,0.0,0.0,8.0,0.0
0.4375,125,Improved-gOMP,baseline,3656.0,896.0,2048.0,0.0,0.0,0.0,464.0,56.0,48.0,48.0,48.0,48.0,0.0
0.4375,125,Improved-gOMP,optimized,5360.0,896.0,2048.0,0.0,2048.0,128.0,128.0,56.0,48.0,0.0,0.0,8.0,0.0
0.4375,126,Improved-gOMP,baseline,3512.0,896.0,2048.0,0.0,0.0,0.0,360.0,48.0,40.0,40.0,40.0,40.0,0.0
0.4375,126,Improved-gOMP,optimized,5360.0,896.0,2048.0,0.0,2048.0,128.0,128.0,56.0,48.0,0.0,0.0,8.0,0.0
0.4375,127,Improved-gOMP,baseline,3656.0,896.0,2048.0,0.0,0.0,0.0,464.0,56.0,48.0,48.0,48.0,48.0,0.0
0.4375,127,Improved-gOMP,optimized,5360.0,896.0,2048.0,0.0,2048.0,128.0,128.0,56.0,48.0,0.0,0.0,8.0,0.0
0.4375,128,Improved-gOMP,baseline,3488.0,896.0,2048.0,0.0,0.0,0.0,336.0,48.0,40.0,40.0,40.0,40.0,0.0
0.4375,128,Improved-gOMP,optimized,4600.0,896.0,2048.0,0.0,1352.0,104.0,104.0,48.0,40.0,0.0,0.0,8.0,0.0
0.4375,129,Improved-gOMP,baseline,3512.0,896.0,2048.0,0.0,0.0,0.0,360.0,48.0,40.0,40.0,40.0,40.0,0.0
0.4375,129,Improved-gOMP,optimized,5080.0,896.0,2048.0,0.0,1800.0,120.0,120.0,48.0,40.0,0.0,0.0,8.0,0.0
0.4375,130,Improved-gOMP,baseline,3656.0,896.0,2048.0,0.0,0.0,0.0,464.0,56.0,48.0,48.0,48.0,48.0,0.0
0.4375,130,Improved-gOMP,optimized,4600.0,896.0,2048.0,0.0,1352.0,104.0,104.0,48.0,40.0,0.0,0.0,8.0,0.0
0.4375,131,Improved-gOMP,baseline,3488.0,896.0,2048.0,0.0,0.0,0.0,336.0,48.0,40.0,40.0,40.0,40.0,0.0
0.4375,131,Improved-gOMP,optimized,4600.0,896.0,2048.0,0.0,1352.0,104.0,104.0,48.0,40.0,0.0,0.0,8.0,0.0
0.4375,132,Improved-gOMP,baseline,3512.0,896.0,2048.0,0.0,0.0,0.0,360.0,48.0,40.0,40.0,40.0,40.0,0.0
0.4375,132,Improved-gOMP,optimized,5080.0,896.0,2048.0,0.0,1800.0,120.0,120.0,48.0,40.0,0.0,0.0,8.0,0.0
0.4375,133,Improved-gOMP,baseline,3656.0,896.0,2048.0,0.0,0.0,0.0,464.0,56.0,48.0,48.0,48.0,48.0,0.0
0.4375,133,Improved-gOMP,optimized,5360.0,896.0,2048.0,0.0,2048.0,128.0,128.0,56.0,48.0,0.0,0.0,8.0,0.0
0.4375,134,Improved-gOMP,baseline,3656.0,896.0,2048.0,0.0,0.0,0.0,464.0,56.0,48.0,48.0,48.0,48.0,0.0
0.4375,134,Improved-gOMP,optimized,4600.0,896.0,2048.0,0.0,1352.0,104.0,104.0,48.0,40.0,0.0,0.0,8.0,0.0
0.4375,135,Improved-gOMP,baseline,3680.0,896.0,2048.0,0.0,0.0,0.0,488.0,56.0,48.0,48.0,48.0,48.0,0.0
0.4375,135,Improved-gOMP,optimized,5360.0,896.0,2048.0,0.0,2048.0,128.0,128.0,56.0,48.0,0.0,0.0,8.0,0.0
0.4375,136,Improved-gOMP,baseline,3464.0,896.0,2048.0,0.0,0.0,0.0,312.0,48.0,40.0,40.0,40.0,40.0,0.0
0.4375,136,Improved-gOMP,optimized,4384.0,896.0,2048.0,0.0,1152.0,96.0,96.0,48.0,40.0,0.0,0.0,8.0,0.0
0.4375,137,Improved-gOMP,baseline,3656.0,896.0,2048.0,0.0,0.0,0.0,464.0,56.0,48.0,48.0,48.0,48.0,0.0
0.4375,137,Improved-gOMP,optimized,5360.0,896.0,2048.0,0.0,2048.0,128.0,128.0,56.0,48.0,0.0,0.0,8.0,0.0
0.4375,138,Improved-gOMP,baseline,3656.0,896.0,2048.0,0.0,0.0,0.0,464.0,56.0,48.0,48.0,48.0,48.0,0.0
0.4375,138,Improved-gOMP,optimized,5360.0,896.0,2048.0,0.0,2048.0,128.0,128.0,56.0,48.0,0.0,0.0,8.0,0.0
0.4375,139,Improved-gOMP,baseline,3512.0,896.0,2048.0,0.0,0.0,0.0,360.0,48.0,40.0,40.0,40.0,40.0,0.0
0.4375,139,Improved-gOMP,optimized,5360.0,896.0,2048.0,0.0,2048.0,128.0,128.0,56.0,48.0,0.0,0.0,8.0,0.0
0.4375,140,Improved-gOMP,baseline,3656.0,896.0,2048.0,0.0,0.0,0.0,464.0,56.0,48.0,48.0,48.0,48.0,0.0
0.4375,140,Improved-gOMP,optimized,5360.0,896.0,2048.0,0.0,2048.0,128.0,128.0,56.0,48.0,0.0,0.0,8.0,0.0
0.4375,141,Improved-gOMP,baseline,3680.0,896.0,2048.0,0.0,0.0,0.0,488.0,56.0,48.0,48.0,48.0,48.0,0.0
0.4375,141,Improved-gOMP,optimized,5080.0,896.0,2048.0,0.0,1800.0,120.0,120.0,48.0,40.0,0.0,0.0,8.0,0.0
0.4375,142,Improved-gOMP,baseline,3464.0,896.0,2048.0,0.0,0.0,0.0,312.0,48.0,40.0,40.0,40.0,40.0,0.0
0.4375,142,Improved-gOMP,optimized,4384.0,896.0,2048.0,0.0,1152.0,96.0,96.0,48.0,40.0,0.0,0.0,8.0,0.0
0.4375,143,Improved-gOMP,baseline,3656.0,896.0,2048.0,0.0,0.0,0.0,464.0,56.0,48.0,48.0,48.0,48.0,0.0
0.4375,143,Improved-gOMP,optimized,4600.0,896.0,2048.0,0.0,1352.0,104.0,104.0,48.0,40.0,0.0,0.0,8.0,0.0
0.4375,144,Improved-gOMP,baseline,3656.0,896.0,2048.0,0.0,0.0,0.0,464.0,56.0,48.0,48.0,48.0,48.0,0.0
0.4375,144,Improved-gOMP,optimized,5360.0,896.0,2048.0,0.0,2048.0,128.0,128.0,56.0,48.0,0.0,0.0,8.0,0.0
0.4375,145,Improved-gOMP,baseline,3656.0,896.0,2048.0,0.0,0.0,0.0,464.0,56.0,48.0,48.0,48.0,48.0,0.0
0.4375,145,Improved-gOMP,optimized,5360.0,896.0,2048.0,0.0,2048.0,128.0,128.0,56.0,48.0,0.0,0.0,8.0,0.0
0.4375,146,Improved-gOMP,baseline,3656.0,896.0,2048.0,0.0,0.0,0.0,464.0,56.0,48.0,48.0,48.0,48.0,0.0
0.4375,146,Improved-gOMP,optimized,5360.0,896.0,2048.0,0.0,2048.0,128.0,128.0,56.0,48.0,0.0,0.0,8.0,0.0
0.4375,147,Improved-gOMP,baseline,3464.0,896.0,2048.0,0.0,0.0,0.0,312.0,48.0,40.0,40.0,40.0,40.0,0.0
0.4375,147,Improved-gOMP,optimized,4600.0,896.0,2048.0,0.0,1352.0,104.0,104.0,48.0,40.0,0.0,0.0,8.0,0.0
0.4375,148,Improved-gOMP,baseline,3624.0,896.0,2048.0,0.0,0.0,0.0,432.0,56.0,48.0,48.0,48.0,48.0,0.0
0.4375,148,Improved-gOMP,optimized,5096.0,896.0,2048.0,0.0,1800.0,120.0,120.0,56.0,48.0,0.0,0.0,8.0,0.0
0.4375,149,Improved-gOMP,baseline,3656.0,896.0,2048.0,0.0,0.0,0.0,464.0,56.0,48.0,48.0,48.0,48.0,0.0
0.4375,149,Improved-gOMP,optimized,5360.0,896.0,2048.0,0.0,2048.0,128.0,128.0,56.0,48.0,0.0,0.0,8.0,0.0
0.4375,150,Improved-gOMP,baseline,3680.0,896.0,2048.0,0.0,0.0,0.0,488.0,56.0,48.0,48.0,48.0,48.0,0.0
0.4375,150,Improved-gOMP,optimized,5080.0,896.0,2048.0,0.0,1800.0,120.0,120.0,48.0,40.0,0.0,0.0,8.0,0.0
0.4375,151,Improved-gOMP,baseline,3656.0,896.0,2048.0,0.0,0.0,0.0,464.0,56.0,48.0,48.0,48.0,48.0,0.0
0.4375,151,Improved-gOMP,optimized,5360.0,896.0,2048.0,0.0,2048.0,128.0,128.0,56.0,48.0,0.0,0.0,8.0,0.0
0.4375,152,Improved-gOMP,baseline,3656.0,896.0,2048.0,0.0,0.0,0.0,464.0,56.0,48.0,48.0,48.0,48.0,0.0
0.4375,152,Improved-gOMP,optimized,5096.0,896.0,2048.0,0.0,1800.0,120.0,120.0,56.0,48.0,0.0,0.0,8.0,0.0
0.4375,153,Improved-gOMP,baseline,3656.0,896.0,2048.0,0.0,0.0,0.0,464.0,56.0,48.0,48.0,48.0,48.0,0.0
0.4375,153,Improved-gOMP,optimized,5360.0,896.0,2048.0,0.0,2048.0,128.0,128.0,56.0,48.0,0.0,0.0,8.0,0.0
0.4375,154,Improved-gOMP,baseline,3624.0,896.0,2048.0,0.0,0.0,0.0,432.0,56.0,48.0,48.0,48.0,48.0,0.0
0.4375,154,Improved-gOMP,optimized,4384.0,896.0,2048.0,0.0,1152.0,96.0,96.0,48.0,40.0,0.0,0.0,8.0,0.0
0.4375,155,Improved-gOMP,baseline,3680.0,896.0,2048.0,0.0,0.0,0.0,488.0,56.0,48.0,48.0,48.0,48.0,0.0
0.4375,155,Improved-gOMP,optimized,5360.0,896.0,2048.0,0.0,2048.0,128.0,128.0,56.0,48.0,0.0,0.0,8.0,0.0
0.4375,156,Improved-gOMP,baseline,3656.0,896.0,2048.0,0.0,0.0,0.0,464.0,56.0,48.0,48.0,48.0,48.0,0.0
0.4375,156,Improved-gOMP,optimized,4600.0,896.0,2048.0,0.0,1352.0,104.0,104.0,48.0,40.0,0.0,0.0,8.0,0.0
0.4375,157,Improved-gOMP,baseline,3624.0,896.0,2048.0,0.0,0.0,0.0,432.0,56.0,48.0,48.0,48.0,48.0,0.0
0.4375,157,Improved-gOMP,optimized,4384.0,896.0,2048.0,0.0,1152.0,96.0,96.0,48.0,40.0,0.0,0.0,8.0,0.0
0.4375,158,Improved-gOMP,baseline,3488.0,896.0,2048.0,0.0,0.0,0.0,336.0,48.0,40.0,40.0,40.0,40.0,0.0
0.4375,158,Improved-gOMP,optimized,4600.0,896.0,2048.0,0.0,1352.0,104.0,104.0,48.0,40.0,0.0,0.0,8.0,0.0
0.4375,159,Improved-gOMP,baseline,3656.0,896.0,2048.0,0.0,0.0,0.0,464.0,56.0,48.0,48.0,48.0,48.0,0.0
0.4375,159,Improved-gOMP,optimized,5360.0,896.0,2048.0,0.0,2048.0,128.0,128.0,56.0,48.0,0.0,0.0,8.0,0.0
0.4375,160,Improved-gOMP,baseline,3512.0,896.0,2048.0,0.0,0.0,0.0,360.0,48.0,40.0,40.0,40.0,40.0,0.0
0.4375,160,Improved-gOMP,optimized,5360.0,896.0,2048.0,0.0,2048.0,128.0,128.0,56.0,48.0,0.0,0.0,8.0,0.0
0.4375,161,Improved-gOMP,baseline,3680.0,896.0,2048.0,0.0,0.0,0.0,488.0,56.0,48.0,48.0,48.0,48.0,0.0
0.4375,161,Improved-gOMP,optimized,5360.0,896.0,2048.0,0.0,2048.0,128.0,128.0,56.0,48.0,0.0,0.0,8.0,0.0
0.4375,162,Improved-gOMP,baseline,3680.0,896.0,2048.0,0.0,0.0,0.0,488.0,56.0,48.0,48.0,48.0,48.0,0.0
0.4375,162,Improved-gOMP,optimized,5360.0,896.0,2048.0,0.0,2048.0,128.0,128.0,56.0,48.0,0.0,0.0,8.0,0.0
0.4375,163,Improved-gOMP,baseline,3656.0,896.0,2048.0,0.0,0.0,0.0,464.0,56.0,48.0,48.0,48.0,48.0,0.0
0.4375,163,Improved-gOMP,optimized,5360.0,896.0,2048.0,0.0,2048.0,128.0,128.0,56.0,48.0,0.0,0.0,8.0,0.0
0.4375,164,Improved-gOMP,baseline,3656.0,896.0,2048.0,0.0,0.0,0.0,464.0,56.0,48.0,48.0,48.0,48.0,0.0
0.4375,164,Improved-gOMP,optimized,5360.0,896.0,2048.0,0.0,2048.0,128.0,128.0,56.0,48.0,0.0,0.0,8.0,0.0
0.4375,165,Improved-gOMP,baseline,3464.0,896.0,2048.0,0.0,0.0,0.0,312.0,48.0,40.0,40.0,40.0,40.0,0.0
0.4375,165,Improved-gOMP,optimized,4384.0,896.0,2048.0,0.0,1152.0,96.0,96.0,48.0,40.0,0.0,0.0,8.0,0.0
0.4375,166,Improved-gOMP,baseline,3656.0,896.0,2048.0,0.0,0.0,0.0,464.0,56.0,48.0,48.0,48.0,48.0,0.0
0.4375,166,Improved-gOMP,optimized,5360.0,896.0,2048.0,0.0,2048.0,128.0,128.0,56.0,48.0,0.0,0.0,8.0,0.0
0.4375,167,Improved-gOMP,baseline,3512.0,896.0,2048.0,0.0,0.0,0.0,360.0,48.0,40.0,40.0,40.0,40.0,0.0
0.4375,167,Improved-gOMP,optimized,5080.0,896.0,2048.0,0.0,1800.0,120.0,120.0,48.0,40.0,0.0,0.0,8.0,0.0
0.4375,168,Improved-gOMP,baseline,3656.0,896.0,2048.0,0.0,0.0,0.0,464.0,56.0,48.0,48.0,48.0,48.0,0.0
0.4375,168,Improved-gOMP,optimized,5360.0,896.0,2048.0,0.0,2048.0,128.0,128.0,56.0,48.0,0.0,0.0,8.0,0.0
0.4375,169,Improved-gOMP,baseline,3656.0,896.0,2048.0,0.0,0.0,0.0,464.0,56.0,48.0,48.0,48.0,48.0,0.0
0.4375,169,Improved-gOMP,optimized,5360.0,896.0,2048.0,0.0,2048.0,128.0,128.0,56.0,48.0,0.0,0.0,8.0,0.0
0.4375,170,Improved-gOMP,baseline,3512.0,896.0,2048.0,0.0,0.0,0.0,360.0,48.0,40.0,40.0,40.0,40.0,0.0
0.4375,170,Improved-gOMP,optimized,5360.0,896.0,2048.0,0.0,2048.0,128.0,128.0,56.0,48.0,0.0,0.0,8.0,0.0
0.4375,171,Improved-gOMP,baseline,3656.0,896.0,2048.0,0.0,0.0,0.0,464.0,56.0,48.0,48.0,48.0,48.0,0.0
0.4375,171,Improved-gOMP,optimized,5360.0,896.0,2048.0,0.0,2048.0,128.0,128.0,56.0,48.0,0.0,0.0,8.0,0.0
0.4375,172,Improved-gOMP,baseline,3656.0,896.0,2048.0,0.0,0.0,0.0,464.0,56.0,48.0,48.0,48.0,48.0,0.0
0.4375,172,Improved-gOMP,optimized,4600.0,896.0,2048.0,0.0,1352.0,104.0,104.0,48.0,40.0,0.0,0.0,8.0,0.0
0.4375,173,Improved-gOMP,baseline,3680.0,896.0,2048.0,0.0,0.0,0.0,488.0,56.0,48.0,48.0,48.0,48.0,0.0
0.4375,173,Improved-gOMP,optimized,5360.0,896.0,2048.0,0.0,2048.0,128.0,128.0,56.0,48.0,0.0,0.0,8.0,0.0
0.4375,174,Improved-gOMP,baseline,3656.0,896.0,2048.0,0.0,0.0,0.0,464.0,56.0,48.0,48.0,48.0,48.0,0.0
0.4375,174,Improved-gOMP,optimized,4600.0,896.0,2048.0,0.0,1352.0,104.0,104.0,48.0,40.0,0.0,0.0,8.0,0.0
0.4375,175,Improved-gOMP,baseline,3656.0,896.0,2048.0,0.0,0.0,0.0,464.0,56.0,48.0,48.0,48.0,48.0,0.0
0.4375,175,Improved-gOMP,optimized,5360.0,896.0,2048.0,0.0,2048.0,128.0,128.0,56.0,48.0,0.0,0.0,8.0,0.0
0.4375,176,Improved-gOMP,baseline,3680.0,896.0,2048.0,0.0,0.0,0.0,488.0,56.0,48.0,48.0,48.0,48.0,0.0
0.4375,176,Improved-gOMP,optimized,5080.0,896.0,2048.0,0.0,1800.0,120.0,120.0,48.0,40.0,0.0,0.0,8.0,0.0
0.4375,177,Improved-gOMP,baseline,3656.0,896.0,2048.0,0.0,0.0,0.0,464.0,56.0,48.0,48.0,48.0,48.0,0.0
0.4375,177,Improved-gOMP,optimized,4600.0,896.0,2048.0,0.0,1352.0,104.0,104.0,48.0,40.0,0.0,0.0,8.0,0.0
0.4375,178,Improved-gOMP,baseline,3624.0,896.0,2048.0,0.0,0.0,0.0,432.0,56.0,48.0,48.0,48.0,48.0,0.0
0.4375,178,Improved-gOMP,optimized,5096.0,896.0,2048.0,0.0,1800.0,120.0,120.0,56.0,48.0,0.0,0.0,8.0,0.0
0.4375,179,Improved-gOMP,baseline,3680.0,896.0,2048.0,0.0,0.0,0.0,488.0,56.0,48.0,48.0,48.0,48.0,0.0
0.4375,179,Improved-gOMP,optimized,5360.0,896.0,2048.0,0.0,2048.0,128.0,128.0,56.0,48.0,0.0,0.0,8.0,0.0
0.4375,180,Improved-gOMP,baseline,3656.0,896.0,2048.0,0.0,0.0,0.0,464.0,56.0,48.0,48.0,48.0,48.0,0.0
0.4375,180,Improved-gOMP,optimized,5360.0,896.0,2048.0,0.0,2048.0,128.0,128.0,56.0,48.0,0.0,0.0,8.0,0.0
0.4375,181,Improved-gOMP,baseline,3488.0,896.0,2048.0,0.0,0.0,0.0,336.0,48.0,40.0,40.0,40.0,40.0,0.0
0.4375,181,Improved-gOMP,optimized,4600.0,896.0,2048.0,0.0,1352.0,104.0,104.0,48.0,40.0,0.0,0.0,8.0,0.0
0.4375,182,Improved-gOMP,baseline,3656.0,896.0,2048.0,0.0,0.0,0.0,464.0,56.0,48.0,48.0,48.0,48.0,0.0
0.4375,182,Improved-gOMP,optimized,5360.0,896.0,2048.0,0.0,2048.0,128.0,128.0,56.0,48.0,0.0,0.0,8.0,0.0
0.4375,183,Improved-gOMP,baseline,3656.0,896.0,2048.0,0.0,0.0,0.0,464.0,56.0,48.0,48.0,48.0,48.0,0.0
0.4375,183,Improved-gOMP,optimized,4600.0,896.0,2048.0,0.0,1352.0,104.0,104.0,48.0,40.0,0.0,0.0,8.0,0.0
0.4375,184,Improved-gOMP,baseline,3624.0,896.0,2048.0,0.0,0.0,0.0,432.0,56.0,48.0,48.0,48.0,48.0,0.0
0.4375,184,Improved-gOMP,optimized,5096.0,896.0,2048.0,0.0,1800.0,120.0,120.0,56.0,48.0,0.0,0.0,8.0,0.0
0.4375,185,Improved-gOMP,baseline,3488.0,896.0,2048.0,0.0,0.0,0.0,336.0,48.0,40.0,40.0,40.0,40.0,0.0
0.4375,185,Improved-gOMP,optimized,4600.0,896.0,2048.0,0.0,1352.0,104.0,104.0,48.0,40.0,0.0,0.0,8.0,0.0
0.4375,186,Improved-gOMP,baseline,3680.0,896.0,2048.0,0.0,0.0,0.0,488.0,56.0,48.0,48.0,48.0,48.0,0.0
0.4375,186,Improved-gOMP,optimized,5360.0,896.0,2048.0,0.0,2048.0,128.0,128.0,56.0,48.0,0.0,0.0,8.0,0.0
0.4375,187,Improved-gOMP,baseline,3656.0,896.0,2048.0,0.0,0.0,0.0,464.0,56.0,48.0,48.0,48.0,48.0,0.0
0.4375,187,Improved-gOMP,optimized,5360.0,896.0,2048.0,0.0,2048.0,128.0,128.0,56.0,48.0,0.0,0.0,8.0,0.0
0.4375,188,Improved-gOMP,baseline,3488.0,896.0,2048.0,0.0,0.0,0.0,336.0,48.0,40.0,40.0,40.0,40.0,0.0
0.4375,188,Improved-gOMP,optimized,4600.0,896.0,2048.0,0.0,1352.0,104.0,104.0,48.0,40.0,0.0,0.0,8.0,0.0
0.4375,189,Improved-gOMP,baseline,3680.0,896.0,2048.0,0.0,0.0,0.0,488.0,56.0,48.0,48.0,48.0,48.0,0.0
0.4375,189,Improved-gOMP,optimized,5360.0,896.0,2048.0,0.0,2048.0,128.0,128.0,56.0,48.0,0.0,0.0,8.0,0.0
0.4375,190,Improved-gOMP,baseline,3488.0,896.0,2048.0,0.0,0.0,0.0,336.0,48.0,40.0,40.0,40.0,40.0,0.0
0.4375,190,Improved-gOMP,optimized,4600.0,896.0,2048.0,0.0,1352.0,104.0,104.0,48.0,40.0,0.0,0.0,8.0,0.0
0.4375,191,Improved-gOMP,baseline,3656.0,896.0,2048.0,0.0,0.0,0.0,464.0,56.0,48.0,48.0,48.0,48.0,0.0
0.4375,191,Improved-gOMP,optimized,5360.0,896.0,2048.0,0.0,2048.0,128.0,128.0,56.0,48.0,0.0,0.0,8.0,0.0
0.4375,192,Improved-gOMP,baseline,3680.0,896.0,2048.0,0.0,0.0,0.0,488.0,56.0,48.0,48.0,48.0,48.0,0.0
0.4375,192,Improved-gOMP,optimized,5360.0,896.0,2048.0,0.0,2048.0,128.0,128.0,56.0,48.0,0.0,0.0,8.0,0.0
0.4375,193,Improved-gOMP,baseline,3656.0,896.0,2048.0,0.0,0.0,0.0,464.0,56.0,48.0,48.0,48.0,48.0,0.0
0.4375,193,Improved-gOMP,optimized,5360.0,896.0,2048.0,0.0,2048.0,128.0,128.0,56.0,48.0,0.0,0.0,8.0,0.0
0.4375,194,Improved-gOMP,baseline,3656.0,896.0,2048.0,0.0,0.0,0.0,464.0,56.0,48.0,48.0,48.0,48.0,0.0
0.4375,194,Improved-gOMP,optimized,5360.0,896.0,2048.0,0.0,2048.0,128.0,128.0,56.0,48.0,0.0,0.0,8.0,0.0
0.4375,195,Improved-gOMP,baseline,3488.0,896.0,2048.0,0.0,0.0,0.0,336.0,48.0,40.0,40.0,40.0,40.0,0.0
0.4375,195,Improved-gOMP,optimized,4600.0,896.0,2048.0,0.0,1352.0,104.0,104.0,48.0,40.0,0.0,0.0,8.0,0.0
0.4375,196,Improved-gOMP,baseline,3656.0,896.0,2048.0,0.0,0.0,0.0,464.0,56.0,48.0,48.0,48.0,48.0,0.0
0.4375,196,Improved-gOMP,optimized,5080.0,896.0,2048.0,0.0,1800.0,120.0,120.0,48.0,40.0,0.0,0.0,8.0,0.0
0.4375,197,Improved-gOMP,baseline,3656.0,896.0,2048.0,0.0,0.0,0.0,464.0,56.0,48.0,48.0,48.0,48.0,0.0
0.4375,197,Improved-gOMP,optimized,5360.0,896.0,2048.0,0.0,2048.0,128.0,128.0,56.0,48.0,0.0,0.0,8.0,0.0
0.4375,198,Improved-gOMP,baseline,3464.0,896.0,2048.0,0.0,0.0,0.0,312.0,48.0,40.0,40.0,40.0,40.0,0.0
0.4375,198,Improved-gOMP,optimized,4384.0,896.0,2048.0,0.0,1152.0,96.0,96.0,48.0,40.0,0.0,0.0,8.0,0.0
0.4375,199,Improved-gOMP,baseline,3680.0,896.0,2048.0,0.0,0.0,0.0,488.0,56.0,48.0,48.0,48.0,48.0,0.0
0.4375,199,Improved-gOMP,optimized,5360.0,896.0,2048.0,0.0,2048.0,128.0,128.0,56.0,48.0,0.0,0.0,8.0,0.0
0.4375,200,Improved-gOMP,baseline,3656.0,896.0,2048.0,0.0,0.0,0.0,464.0,56.0,48.0,48.0,48.0,48.0,0.0
0.4375,200,Improved-gOMP,optimized,5360.0,896.0,2048.0,0.0,2048.0,128.0,128.0,56.0,48.0,0.0,0.0,8.0,0.0
0.4375,201,Improved-gOMP,baseline,3656.0,896.0,2048.0,0.0,0.0,0.0,464.0,56.0,48.0,48.0,48.0,48.0,0.0
0.4375,201,Improved-gOMP,optimized,5360.0,896.0,2048.0,0.0,2048.0,128.0,128.0,56.0,48.0,0.0,0.0,8.0,0.0
0.4375,202,Improved-gOMP,baseline,3656.0,896.0,2048.0,0.0,0.0,0.0,464.0,56.0,48.0,48.0,48.0,48.0,0.0
0.4375,202,Improved-gOMP,optimized,5096.0,896.0,2048.0,0.0,1800.0,120.0,120.0,56.0,48.0,0.0,0.0,8.0,0.0
0.4375,203,Improved-gOMP,baseline,3624.0,896.0,2048.0,0.0,0.0,0.0,432.0,56.0,48.0,48.0,48.0,48.0,0.0
0.4375,203,Improved-gOMP,optimized,5096.0,896.0,2048.0,0.0,1800.0,120.0,120.0,56.0,48.0,0.0,0.0,8.0,0.0
0.4375,204,Improved-gOMP,baseline,3488.0,896.0,2048.0,0.0,0.0,0.0,336.0,48.0,40.0,40.0,40.0,40.0,0.0
0.4375,204,Improved-gOMP,optimized,5360.0,896.0,2048.0,0.0,2048.0,128.0,128.0,56.0,48.0,0.0,0.0,8.0,0.0
0.4375,205,Improved-gOMP,baseline,3656.0,896.0,2048.0,0.0,0.0,0.0,464.0,56.0,48.0,48.0,48.0,48.0,0.0
0.4375,205,Improved-gOMP,optimized,5360.0,896.0,2048.0,0.0,2048.0,128.0,128.0,56.0,48.0,0.0,0.0,8.0,0.0
0.4375,206,Improved-gOMP,baseline,3512.0,896.0,2048.0,0.0,0.0,0.0,360.0,48.0,40.0,40.0,40.0,40.0,0.0
0.4375,206,Improved-gOMP,optimized,4600.0,896.0,2048.0,0.0,1352.0,104.0,104.0,48.0,40.0,0.0,0.0,8.0,0.0
0.4375,207,Improved-gOMP,baseline,3656.0,896.0,2048.0,0.0,0.0,0.0,464.0,56.0,48.0,48.0,48.0,48.0,0.0
0.4375,207,Improved-gOMP,optimized,5096.0,896.0,2048.0,0.0,1800.0,120.0,120.0,56.0,48.0,0.0,0.0,8.0,0.0
0.4375,208,Improved-gOMP,baseline,3656.0,896.0,2048.0,0.0,0.0,0.0,464.0,56.0,48.0,48.0,48.0,48.0,0.0
0.4375,208,Improved-gOMP,optimized,5360.0,896.0,2048.0,0.0,2048.0,128.0,128.0,56.0,48.0,0.0,0.0,8.0,0.0
0.4375,209,Improved-gOMP,baseline,3656.0,896.0,2048.0,0.0,0.0,0.0,464.0,56.0,48.0,48.0,48.0,48.0,0.0
0.4375,209,Improved-gOMP,optimized,5360.0,896.0,2048.0,0.0,2048.0,128.0,128.0,56.0,48.0,0.0,0.0,8.0,0.0
0.4375,210,Improved-gOMP,baseline,3624.0,896.0,2048.0,0.0,0.0,0.0,432.0,56.0,48.0,48.0,48.0,48.0,0.0
0.4375,210,Improved-gOMP,optimized,5096.0,896.0,2048.0,0.0,1800.0,120.0,120.0,56.0,48.0,0.0,0.0,8.0,0.0
0.4375,211,Improved-gOMP,baseline,3656.0,896.0,2048.0,0.0,0.0,0.0,464.0,56.0,48.0,48.0,48.0,48.0,0.0
0.4375,211,Improved-gOMP,optimized,5360.0,896.0,2048.0,0.0,2048.0,128.0,128.0,56.0,48.0,0.0,0.0,8.0,0.0
0.4375,212,Improved-gOMP,baseline,3488.0,896.0,2048.0,0.0,0.0,0.0,336.0,48.0,40.0,40.0,40.0,40.0,0.0
0.4375,212,Improved-gOMP,optimized,4600.0,896.0,2048.0,0.0,1352.0,104.0,104.0,48.0,40.0,0.0,0.0,8.0,0.0
0.4375,213,Improved-gOMP,baseline,3656.0,896.0,2048.0,0.0,0.0,0.0,464.0,56.0,48.0,48.0,48.0,48.0,0.0
0.4375,213,Improved-gOMP,optimized,5360.0,896.0,2048.0,0.0,2048.0,128.0,128.0,56.0,48.0,0.0,0.0,8.0,0.0
0.4375,214,Improved-gOMP,baseline,3680.0,896.0,2048.0,0.0,0.0,0.0,488.0,56.0,48.0,48.0,48.0,48.0,0.0
0.4375,214,Improved-gOMP,optimized,5360.0,896.0,2048.0,0.0,2048.0,128.0,128.0,56.0,48.0,0.0,0.0,8.0,0.0
0.4375,215,Improved-gOMP,baseline,3656.0,896.0,2048.0,0.0,0.0,0.0,464.0,56.0,48.0,48.0,48.0,48.0,0.0
0.4375,215,Improved-gOMP,optimized,5360.0,896.0,2048.0,0.0,2048.0,128.0,128.0,56.0,48.0,0.0,0.0,8.0,0.0
0.4375,216,Improved-gOMP,baseline,3656.0,896.0,2048.0,0.0,0.0,0.0,464.0,56.0,48.0,48.0,48.0,48.0,0.0
0.4375,216,Improved-gOMP,optimized,5360.0,896.0,2048.0,0.0,2048.0,128.0,128.0,56.0,48.0,0.0,0.0,8.0,0.0
0.4375,217,Improved-gOMP,baseline,3656.0,896.0,2048.0,0.0,0.0,0.0,464.0,56.0,48.0,48.0,48.0,48.0,0.0
0.4375,217,Improved-gOMP,optimized,5360.0,896.0,2048.0,0.0,2048.0,128.0,128.0,56.0,48.0,0.0,0.0,8.0,0.0
0.4375,218,Improved-gOMP,baseline,3656.0,896.0,2048.0,0.0,0.0,0.0,464.0,56.0,48.0,48.0,48.0,48.0,0.0
0.4375,218,Improved-gOMP,optimized,5360.0,896.0,2048.0,0.0,2048.0,128.0,128.0,56.0,48.0,0.0,0.0,8.0,0.0
0.4375,219,Improved-gOMP,baseline,3656.0,896.0,2048.0,0.0,0.0,0.0,464.0,56.0,48.0,48.0,48.0,48.0,0.0
0.4375,219,Improved-gOMP,optimized,5360.0,896.0,2048.0,0.0,2048.0,128.0,128.0,56.0,48.0,0.0,0.0,8.0,0.0
0.4375,220,Improved-gOMP,baseline,3656.0,896.0,2048.0,0.0,0.0,0.0,464.0,56.0,48.0,48.0,48.0,48.0,0.0
0.4375,220,Improved-gOMP,optimized,4600.0,896.0,2048.0,0.0,1352.0,104.0,104.0,48.0,40.0,0.0,0.0,8.0,0.0
0.4375,221,Improved-gOMP,baseline,3656.0,896.0,2048.0,0.0,0.0,0.0,464.0,56.0,48.0,48.0,48.0,48.0,0.0
0.4375,221,Improved-gOMP,optimized,5360.0,896.0,2048.0,0.0,2048.0,128.0,128.0,56.0,48.0,0.0,0.0,8.0,0.0
0.4375,222,Improved-gOMP,baseline,3656.0,896.0,2048.0,0.0,0.0,0.0,464.0,56.0,48.0,48.0,48.0,48.0,0.0
0.4375,222,Improved-gOMP,optimized,5360.0,896.0,2048.0,0.0,2048.0,128.0,128.0,56.0,48.0,0.0,0.0,8.0,0.0
0.4375,223,Improved-gOMP,baseline,3624.0,896.0,2048.0,0.0,0.0,0.0,432.0,56.0,48.0,48.0,48.0,48.0,0.0
0.4375,223,Improved-gOMP,optimized,5360.0,896.0,2048.0,0.0,2048.0,128.0,128.0,56.0,48.0,0.0,0.0,8.0,0.0
0.4375,224,Improved-gOMP,baseline,3656.0,896.0,2048.0,0.0,0.0,0.0,464.0,56.0,48.0,48.0,48.0,48.0,0.0
0.4375,224,Improved-gOMP,optimized,4600.0,896.0,2048.0,0.0,1352.0,104.0,104.0,48.0,40.0,0.0,0.0,8.0,0.0
0.4375,225,Improved-gOMP,baseline,3656.0,896.0,2048.0,0.0,0.0,0.0,464.0,56.0,48.0,48.0,48.0,48.0,0.0
0.4375,225,Improved-gOMP,optimized,5360.0,896.0,2048.0,0.0,2048.0,128.0,128.0,56.0,48.0,0.0,0.0,8.0,0.0
0.4375,226,Improved-gOMP,baseline,3656.0,896.0,2048.0,0.0,0.0,0.0,464.0,56.0,48.0,48.0,48.0,48.0,0.0
0.4375,226,Improved-gOMP,optimized,5360.0,896.0,2048.0,0.0,2048.0,128.0,128.0,56.0,48.0,0.0,0.0,8.0,0.0
0.4375,227,Improved-gOMP,baseline,3656.0,896.0,2048.0,0.0,0.0,0.0,464.0,56.0,48.0,48.0,48.0,48.0,0.0
0.4375,227,Improved-gOMP,optimized,4600.0,896.0,2048.0,0.0,1352.0,104.0,104.0,48.0,40.0,0.0,0.0,8.0,0.0
0.4375,228,Improved-gOMP,baseline,3488.0,896.0,2048.0,0.0,0.0,0.0,336.0,48.0,40.0,40.0,40.0,40.0,0.0
0.4375,228,Improved-gOMP,optimized,4600.0,896.0,2048.0,0.0,1352.0,104.0,104.0,48.0,40.0,0.0,0.0,8.0,0.0
0.4375,229,Improved-gOMP,baseline,3656.0,896.0,2048.0,0.0,0.0,0.0,464.0,56.0,48.0,48.0,48.0,48.0,0.0
0.4375,229,Improved-gOMP,optimized,5360.0,896.0,2048.0,0.0,2048.0,128.0,128.0,56.0,48.0,0.0,0.0,8.0,0.0
0.4375,230,Improved-gOMP,baseline,3624.0,896.0,2048.0,0.0,0.0,0.0,432.0,56.0,48.0,48.0,48.0,48.0,0.0
0.4375,230,Improved-gOMP,optimized,5096.0,896.0,2048.0,0.0,1800.0,120.0,120.0,56.0,48.0,0.0,0.0,8.0,0.0
0.4375,231,Improved-gOMP,baseline,3656.0,896.0,2048.0,0.0,0.0,0.0,464.0,56.0,48.0,48.0,48.0,48.0,0.0
0.4375,231,Improved-gOMP,optimized,5360.0,896.0,2048.0,0.0,2048.0,128.0,128.0,56.0,48.0,0.0,0.0,8.0,0.0
0.4375,232,Improved-gOMP,baseline,3656.0,896.0,2048.0,0.0,0.0,0.0,464.0,56.0,48.0,48.0,48.0,48.0,0.0
0.4375,232,Improved-gOMP,optimized,5096.0,896.0,2048.0,0.0,1800.0,120.0,120.0,56.0,48.0,0.0,0.0,8.0,0.0
0.4375,233,Improved-gOMP,baseline,3656.0,896.0,2048.0,0.0,0.0,0.0,464.0,56.0,48.0,48.0,48.0,48.0,0.0
0.4375,233,Improved-gOMP,optimized,5360.0,896.0,2048.0,0.0,2048.0,128.0,128.0,56.0,48.0,0.0,0.0,8.0,0.0
0.4375,234,Improved-gOMP,baseline,3680.0,896.0,2048.0,0.0,0.0,0.0,488.0,56.0,48.0,48.0,48.0,48.0,0.0
0.4375,234,Improved-gOMP,optimized,5360.0,896.0,2048.0,0.0,2048.0,128.0,128.0,56.0,48.0,0.0,0.0,8.0,0.0
0.4375,235,Improved-gOMP,baseline,3656.0,896.0,2048.0,0.0,0.0,0.0,464.0,56.0,48.0,48.0,48.0,48.0,0.0
0.4375,235,Improved-gOMP,optimized,5360.0,896.0,2048.0,0.0,2048.0,128.0,128.0,56.0,48.0,0.0,0.0,8.0,0.0
0.4375,236,Improved-gOMP,baseline,3656.0,896.0,2048.0,0.0,0.0,0.0,464.0,56.0,48.0,48.0,48.0,48.0,0.0
0.4375,236,Improved-gOMP,optimized,5360.0,896.0,2048.0,0.0,2048.0,128.0,128.0,56.0,48.0,0.0,0.0,8.0,0.0
0.4375,237,Improved-gOMP,baseline,3656.0,896.0,2048.0,0.0,0.0,0.0,464.0,56.0,48.0,48.0,48.0,48.0,0.0
0.4375,237,Improved-gOMP,optimized,5360.0,896.0,2048.0,0.0,2048.0,128.0,128.0,56.0,48.0,0.0,0.0,8.0,0.0
0.4375,238,Improved-gOMP,baseline,3512.0,896.0,2048.0,0.0,0.0,0.0,360.0,48.0,40.0,40.0,40.0,40.0,0.0
0.4375,238,Improved-gOMP,optimized,5360.0,896.0,2048.0,0.0,2048.0,128.0,128.0,56.0,48.0,0.0,0.0,8.0,0.0
0.4375,239,Improved-gOMP,baseline,3680.0,896.0,2048.0,0.0,0.0,0.0,488.0,56.0,48.0,48.0,48.0,48.0,0.0
0.4375,239,Improved-gOMP,optimized,5080.0,896.0,2048.0,0.0,1800.0,120.0,120.0,48.0,40.0,0.0,0.0,8.0,0.0
0.4375,240,Improved-gOMP,baseline,3656.0,896.0,2048.0,0.0,0.0,0.0,464.0,56.0,48.0,48.0,48.0,48.0,0.0
0.4375,240,Improved-gOMP,optimized,5360.0,896.0,2048.0,0.0,2048.0,128.0,128.0,56.0,48.0,0.0,0.0,8.0,0.0
0.4375,241,Improved-gOMP,baseline,3656.0,896.0,2048.0,0.0,0.0,0.0,464.0,56.0,48.0,48.0,48.0,48.0,0.0
0.4375,241,Improved-gOMP,optimized,5360.0,896.0,2048.0,0.0,2048.0,128.0,128.0,56.0,48.0,0.0,0.0,8.0,0.0
0.4375,242,Improved-gOMP,baseline,3512.0,896.0,2048.0,0.0,0.0,0.0,360.0,48.0,40.0,40.0,40.0,40.0,0.0
0.4375,242,Improved-gOMP,optimized,5080.0,896.0,2048.0,0.0,1800.0,120.0,120.0,48.0,40.0,0.0,0.0,8.0,0.0
0.4375,243,Improved-gOMP,baseline,3656.0,896.0,2048.0,0.0,0.0,0.0,464.0,56.0,48.0,48.0,48.0,48.0,0.0
0.4375,243,Improved-gOMP,optimized,5360.0,896.0,2048.0,0.0,2048.0,128.0,128.0,56.0,48.0,0.0,0.0,8.0,0.0
0.4375,244,Improved-gOMP,baseline,3624.0,896.0,2048.0,0.0,0.0,0.0,432.0,56.0,48.0,48.0,48.0,48.0,0.0
0.4375,244,Improved-gOMP,optimized,5096.0,896.0,2048.0,0.0,1800.0,120.0,120.0,56.0,48.0,0.0,0.0,8.0,0.0
0.4375,245,Improved-gOMP,baseline,3656.0,896.0,2048.0,0.0,0.0,0.0,464.0,56.0,48.0,48.0,48.0,48.0,0.0
0.4375,245,Improved-gOMP,optimized,5096.0,896.0,2048.0,0.0,1800.0,120.0,120.0,56.0,48.0,0.0,0.0,8.0,0.0
0.4375,246,Improved-gOMP,baseline,3680.0,896.0,2048.0,0.0,0.0,0.0,488.0,56.0,48.0,48.0,48.0,48.0,0.0
0.4375,246,Improved-gOMP,optimized,5360.0,896.0,2048.0,0.0,2048.0,128.0,128.0,56.0,48.0,0.0,0.0,8.0,0.0
0.4375,247,Improved-gOMP,baseline,3656.0,896.0,2048.0,0.0,0.0,0.0,464.0,56.0,48.0,48.0,48.0,48.0,0.0
0.4375,247,Improved-gOMP,optimized,5096.0,896.0,2048.0,0.0,1800.0,120.0,120.0,56.0,48.0,0.0,0.0,8.0,0.0
0.4375,248,Improved-gOMP,baseline,3624.0,896.0,2048.0,0.0,0.0,0.0,432.0,56.0,48.0,48.0,48.0,48.0,0.0
0.4375,248,Improved-gOMP,optimized,5096.0,896.0,2048.0,0.0,1800.0,120.0,120.0,56.0,48.0,0.0,0.0,8.0,0.0
0.4375,249,Improved-gOMP,baseline,3656.0,896.0,2048.0,0.0,0.0,0.0,464.0,56.0,48.0,48.0,48.0,48.0,0.0
0.4375,249,Improved-gOMP,optimized,5096.0,896.0,2048.0,0.0,1800.0,120.0,120.0,56.0,48.0,0.0,0.0,8.0,0.0
0.4375,250,Improved-gOMP,baseline,3624.0,896.0,2048.0,0.0,0.0,0.0,432.0,56.0,48.0,48.0,48.0,48.0,0.0
0.4375,250,Improved-gOMP,optimized,4384.0,896.0,2048.0,0.0,1152.0,96.0,96.0,48.0,40.0,0.0,0.0,8.0,0.0
0.4375,251,Improved-gOMP,baseline,3464.0,896.0,2048.0,0.0,0.0,0.0,312.0,48.0,40.0,40.0,40.0,40.0,0.0
0.4375,251,Improved-gOMP,optimized,4384.0,896.0,2048.0,0.0,1152.0,96.0,96.0,48.0,40.0,0.0,0.0,8.0,0.0
0.4375,252,Improved-gOMP,baseline,3656.0,896.0,2048.0,0.0,0.0,0.0,464.0,56.0,48.0,48.0,48.0,48.0,0.0
0.4375,252,Improved-gOMP,optimized,5360.0,896.0,2048.0,0.0,2048.0,128.0,128.0,56.0,48.0,0.0,0.0,8.0,0.0
0.4375,253,Improved-gOMP,baseline,3488.0,896.0,2048.0,0.0,0.0,0.0,336.0,48.0,40.0,40.0,40.0,40.0,0.0
0.4375,253,Improved-gOMP,optimized,5360.0,896.0,2048.0,0.0,2048.0,128.0,128.0,56.0,48.0,0.0,0.0,8.0,0.0
0.4375,254,Improved-gOMP,baseline,3656.0,896.0,2048.0,0.0,0.0,0.0,464.0,56.0,48.0,48.0,48.0,48.0,0.0
0.4375,254,Improved-gOMP,optimized,5360.0,896.0,2048.0,0.0,2048.0,128.0,128.0,56.0,48.0,0.0,0.0,8.0,0.0
0.4375,255,Improved-gOMP,baseline,3656.0,896.0,2048.0,0.0,0.0,0.0,464.0,56.0,48.0,48.0,48.0,48.0,0.0
0.4375,255,Improved-gOMP,optimized,5096.0,896.0,2048.0,0.0,1800.0,120.0,120.0,56.0,48.0,0.0,0.0,8.0,0.0
0.4375,256,Improved-gOMP,baseline,3464.0,896.0,2048.0,0.0,0.0,0.0,312.0,48.0,40.0,40.0,40.0,40.0,0.0
0.4375,256,Improved-gOMP,optimized,4384.0,896.0,2048.0,0.0,1152.0,96.0,96.0,48.0,40.0,0.0,0.0,8.0,0.0
0.4375,257,Improved-gOMP,baseline,3656.0,896.0,2048.0,0.0,0.0,0.0,464.0,56.0,48.0,48.0,48.0,48.0,0.0
0.4375,257,Improved-gOMP,optimized,5360.0,896.0,2048.0,0.0,2048.0,128.0,128.0,56.0,48.0,0.0,0.0,8.0,0.0
0.4375,258,Improved-gOMP,baseline,3680.0,896.0,2048.0,0.0,0.0,0.0,488.0,56.0,48.0,48.0,48.0,48.0,0.0
0.4375,258,Improved-gOMP,optimized,5360.0,896.0,2048.0,0.0,2048.0,128.0,128.0,56.0,48.0,0.0,0.0,8.0,0.0
0.4375,259,Improved-gOMP,baseline,3656.0,896.0,2048.0,0.0,0.0,0.0,464.0,56.0,48.0,48.0,48.0,48.0,0.0
0.4375,259,Improved-gOMP,optimized,4600.0,896.0,2048.0,0.0,1352.0,104.0,104.0,48.0,40.0,0.0,0.0,8.0,0.0
0.4375,260,Improved-gOMP,baseline,3680.0,896.0,2048.0,0.0,0.0,0.0,488.0,56.0,48.0,48.0,48.0,48.0,0.0
0.4375,260,Improved-gOMP,optimized,5360.0,896.0,2048.0,0.0,2048.0,128.0,128.0,56.0,48.0,0.0,0.0,8.0,0.0
0.4375,261,Improved-gOMP,baseline,3624.0,896.0,2048.0,0.0,0.0,0.0,432.0,56.0,48.0,48.0,48.0,48.0,0.0
0.4375,261,Improved-gOMP,optimized,4384.0,896.0,2048.0,0.0,1152.0,96.0,96.0,48.0,40.0,0.0,0.0,8.0,0.0
0.4375,262,Improved-gOMP,baseline,3624.0,896.0,2048.0,0.0,0.0,0.0,432.0,56.0,48.0,48.0,48.0,48.0,0.0
0.4375,262,Improved-gOMP,optimized,5096.0,896.0,2048.0,0.0,1800.0,120.0,120.0,56.0,48.0,0.0,0.0,8.0,0.0
0.4375,263,Improved-gOMP,baseline,3680.0,896.0,2048.0,0.0,0.0,0.0,488.0,56.0,48.0,48.0,48.0,48.0,0.0
0.4375,263,Improved-gOMP,optimized,5360.0,896.0,2048.0,0.0,2048.0,128.0,128.0,56.0,48.0,0.0,0.0,8.0,0.0
0.4375,264,Improved-gOMP,baseline,3656.0,896.0,2048.0,0.0,0.0,0.0,464.0,56.0,48.0,48.0,48.0,48.0,0.0
0.4375,264,Improved-gOMP,optimized,4600.0,896.0,2048.0,0.0,1352.0,104.0,104.0,48.0,40.0,0.0,0.0,8.0,0.0
0.4375,265,Improved-gOMP,baseline,3656.0,896.0,2048.0,0.0,0.0,0.0,464.0,56.0,48.0,48.0,48.0,48.0,0.0
0.4375,265,Improved-gOMP,optimized,4600.0,896.0,2048.0,0.0,1352.0,104.0,104.0,48.0,40.0,0.0,0.0,8.0,0.0
0.4375,266,Improved-gOMP,baseline,3656.0,896.0,2048.0,0.0,0.0,0.0,464.0,56.0,48.0,48.0,48.0,48.0,0.0
0.4375,266,Improved-gOMP,optimized,5096.0,896.0,2048.0,0.0,1800.0,120.0,120.0,56.0,48.0,0.0,0.0,8.0,0.0
0.4375,267,Improved-gOMP,baseline,3488.0,896.0,2048.0,0.0,0.0,0.0,336.0,48.0,40.0,40.0,40.0,40.0,0.0
0.4375,267,Improved-gOMP,optimized,4600.0,896.0,2048.0,0.0,1352.0,104.0,104.0,48.0,40.0,0.0,0.0,8.0,0.0
0.4375,268,Improved-gOMP,baseline,3656.0,896.0,2048.0,0.0,0.0,0.0,464.0,56.0,48.0,48.0,48.0,48.0,0.0
0.4375,268,Improved-gOMP,optimized,5360.0,896.0,2048.0,0.0,2048.0,128.0,128.0,56.0,48.0,0.0,0.0,8.0,0.0
0.4375,269,Improved-gOMP,baseline,3512.0,896.0,2048.0,0.0,0.0,0.0,360.0,48.0,40.0,40.0,40.0,40.0,0.0
0.4375,269,Improved-gOMP,optimized,5080.0,896.0,2048.0,0.0,1800.0,120.0,120.0,48.0,40.0,0.0,0.0,8.0,0.0
0.4375,270,Improved-gOMP,baseline,3656.0,896.0,2048.0,0.0,0.0,0.0,464.0,56.0,48.0,48.0,48.0,48.0,0.0
0.4375,270,Improved-gOMP,optimized,5360.0,896.0,2048.0,0.0,2048.0,128.0,128.0,56.0,48.0,0.0,0.0,8.0,0.0
0.4375,271,Improved-gOMP,baseline,3656.0,896.0,2048.0,0.0,0.0,0.0,464.0,56.0,48.0,48.0,48.0,48.0,0.0
0.4375,271,Improved-gOMP,optimized,5360.0,896.0,2048.0,0.0,2048.0,128.0,128.0,56.0,48.0,0.0,0.0,8.0,0.0
0.4375,272,Improved-gOMP,baseline,3656.0,896.0,2048.0,0.0,0.0,0.0,464.0,56.0,48.0,48.0,48.0,48.0,0.0
0.4375,272,Improved-gOMP,optimized,4600.0,896.0,2048.0,0.0,1352.0,104.0,104.0,48.0,40.0,0.0,0.0,8.0,0.0
0.4375,273,Improved-gOMP,baseline,3656.0,896.0,2048.0,0.0,0.0,0.0,464.0,56.0,48.0,48.0,48.0,48.0,0.0
0.4375,273,Improved-gOMP,optimized,5360.0,896.0,2048.0,0.0,2048.0,128.0,128.0,56.0,48.0,0.0,0.0,8.0,0.0
0.4375,274,Improved-gOMP,baseline,3656.0,896.0,2048.0,0.0,0.0,0.0,464.0,56.0,48.0,48.0,48.0,48.0,0.0
0.4375,274,Improved-gOMP,optimized,5360.0,896.0,2048.0,0.0,2048.0,128.0,128.0,56.0,48.0,0.0,0.0,8.0,0.0
0.4375,275,Improved-gOMP,baseline,3624.0,896.0,2048.0,0.0,0.0,0.0,432.0,56.0,48.0,48.0,48.0,48.0,0.0
0.4375,275,Improved-gOMP,optimized,5096.0,896.0,2048.0,0.0,1800.0,120.0,120.0,56.0,48.0,0.0,0.0,8.0,0.0
0.4375,276,Improved-gOMP,baseline,3680.0,896.0,2048.0,0.0,0.0,0.0,488.0,56.0,48.0,48.0,48.0,48.0,0.0
0.4375,276,Improved-gOMP,optimized,5360.0,896.0,2048.0,0.0,2048.0,128.0,128.0,56.0,48.0,0.0,0.0,8.0,0.0
0.4375,277,Improved-gOMP,baseline,3464.0,896.0,2048.0,0.0,0.0,0.0,312.0,48.0,40.0,40.0,40.0,40.0,0.0
0.4375,277,Improved-gOMP,optimized,4384.0,896.0,2048.0,0.0,1152.0,96.0,96.0,48.0,40.0,0.0,0.0,8.0,0.0
0.4375,278,Improved-gOMP,baseline,3656.0,896.0,2048.0,0.0,0.0,0.0,464.0,56.0,48.0,48.0,48.0,48.0,0.0
0.4375,278,Improved-gOMP,optimized,5360.0,896.0,2048.0,0.0,2048.0,128.0,128.0,56.0,48.0,0.0,0.0,8.0,0.0
0.4375,279,Improved-gOMP,baseline,3656.0,896.0,2048.0,0.0,0.0,0.0,464.0,56.0,48.0,48.0,48.0,48.0,0.0
0.4375,279,Improved-gOMP,optimized,5360.0,896.0,2048.0,0.0,2048.0,128.0,128.0,56.0,48.0,0.0,0.0,8.0,0.0
0.4375,280,Improved-gOMP,baseline,3656.0,896.0,2048.0,0.0,0.0,0.0,464.0,56.0,48.0,48.0,48.0,48.0,0.0
0.4375,280,Improved-gOMP,optimized,4600.0,896.0,2048.0,0.0,1352.0,104.0,104.0,48.0,40.0,0.0,0.0,8.0,0.0
0.4375,281,Improved-gOMP,baseline,3488.0,896.0,2048.0,0.0,0.0,0.0,336.0,48.0,40.0,40.0,40.0,40.0,0.0
0.4375,281,Improved-gOMP,optimized,4384.0,896.0,2048.0,0.0,1152.0,96.0,96.0,48.0,40.0,0.0,0.0,8.0,0.0
0.4375,282,Improved-gOMP,baseline,3512.0,896.0,2048.0,0.0,0.0,0.0,360.0,48.0,40.0,40.0,40.0,40.0,0.0
0.4375,282,Improved-gOMP,optimized,5080.0,896.0,2048.0,0.0,1800.0,120.0,120.0,48.0,40.0,0.0,0.0,8.0,0.0
0.4375,283,Improved-gOMP,baseline,3656.0,896.0,2048.0,0.0,0.0,0.0,464.0,56.0,48.0,48.0,48.0,48.0,0.0
0.4375,283,Improved-gOMP,optimized,5360.0,896.0,2048.0,0.0,2048.0,128.0,128.0,56.0,48.0,0.0,0.0,8.0,0.0
0.4375,284,Improved-gOMP,baseline,3488.0,896.0,2048.0,0.0,0.0,0.0,336.0,48.0,40.0,40.0,40.0,40.0,0.0
0.4375,284,Improved-gOMP,optimized,4600.0,896.0,2048.0,0.0,1352.0,104.0,104.0,48.0,40.0,0.0,0.0,8.0,0.0
0.4375,285,Improved-gOMP,baseline,3656.0,896.0,2048.0,0.0,0.0,0.0,464.0,56.0,48.0,48.0,48.0,48.0,0.0
0.4375,285,Improved-gOMP,optimized,4600.0,896.0,2048.0,0.0,1352.0,104.0,104.0,48.0,40.0,0.0,0.0,8.0,0.0
0.4375,286,Improved-gOMP,baseline,3656.0,896.0,2048.0,0.0,0.0,0.0,464.0,56.0,48.0,48.0,48.0,48.0,0.0
0.4375,286,Improved-gOMP,optimized,4600.0,896.0,2048.0,0.0,1352.0,104.0,104.0,48.0,40.0,0.0,0.0,8.0,0.0
0.4375,287,Improved-gOMP,baseline,3656.0,896.0,2048.0,0.0,0.0,0.0,464.0,56.0,48.0,48.0,48.0,48.0,0.0
0.4375,287,Improved-gOMP,optimized,5360.0,896.0,2048.0,0.0,2048.0,128.0,128.0,56.0,48.0,0.0,0.0,8.0,0.0
0.4375,288,Improved-gOMP,baseline,3656.0,896.0,2048.0,0.0,0.0,0.0,464.0,56.0,48.0,48.0,48.0,48.0,0.0
0.4375,288,Improved-gOMP,optimized,5360.0,896.0,2048.0,0.0,2048.0,128.0,128.0,56.0,48.0,0.0,0.0,8.0,0.0
0.4375,289,Improved-gOMP,baseline,3624.0,896.0,2048.0,0.0,0.0,0.0,432.0,56.0,48.0,48.0,48.0,48.0,0.0
0.4375,289,Improved-gOMP,optimized,5096.0,896.0,2048.0,0.0,1800.0,120.0,120.0,56.0,48.0,0.0,0.0,8.0,0.0
0.4375,290,Improved-gOMP,baseline,3656.0,896.0,2048.0,0.0,0.0,0.0,464.0,56.0,48.0,48.0,48.0,48.0,0.0
0.4375,290,Improved-gOMP,optimized,5360.0,896.0,2048.0,0.0,2048.0,128.0,128.0,56.0,48.0,0.0,0.0,8.0,0.0
0.4375,291,Improved-gOMP,baseline,3656.0,896.0,2048.0,0.0,0.0,0.0,464.0,56.0,48.0,48.0,48.0,48.0,0.0
0.4375,291,Improved-gOMP,optimized,5360.0,896.0,2048.0,0.0,2048.0,128.0,128.0,56.0,48.0,0.0,0.0,8.0,0.0
0.4375,292,Improved-gOMP,baseline,3488.0,896.0,2048.0,0.0,0.0,0.0,336.0,48.0,40.0,40.0,40.0,40.0,0.0
0.4375,292,Improved-gOMP,optimized,4600.0,896.0,2048.0,0.0,1352.0,104.0,104.0,48.0,40.0,0.0,0.0,8.0,0.0
0.4375,293,Improved-gOMP,baseline,3656.0,896.0,2048.0,0.0,0.0,0.0,464.0,56.0,48.0,48.0,48.0,48.0,0.0
0.4375,293,Improved-gOMP,optimized,5360.0,896.0,2048.0,0.0,2048.0,128.0,128.0,56.0,48.0,0.0,0.0,8.0,0.0
0.4375,294,Improved-gOMP,baseline,3680.0,896.0,2048.0,0.0,0.0,0.0,488.0,56.0,48.0,48.0,48.0,48.0,0.0
0.4375,294,Improved-gOMP,optimized,5080.0,896.0,2048.0,0.0,1800.0,120.0,120.0,48.0,40.0,0.0,0.0,8.0,0.0
0.4375,295,Improved-gOMP,baseline,3512.0,896.0,2048.0,0.0,0.0,0.0,360.0,48.0,40.0,40.0,40.0,40.0,0.0
0.4375,295,Improved-gOMP,optimized,5080.0,896.0,2048.0,0.0,1800.0,120.0,120.0,48.0,40.0,0.0,0.0,8.0,0.0
0.4375,296,Improved-gOMP,baseline,3464.0,896.0,2048.0,0.0,0.0,0.0,312.0,48.0,40.0,40.0,40.0,40.0,0.0
0.4375,296,Improved-gOMP,optimized,4384.0,896.0,2048.0,0.0,1152.0,96.0,96.0,48.0,40.0,0.0,0.0,8.0,0.0
0.4375,297,Improved-gOMP,baseline,3656.0,896.0,2048.0,0.0,0.0,0.0,464.0,56.0,48.0,48.0,48.0,48.0,0.0
0.4375,297,Improved-gOMP,optimized,5360.0,896.0,2048.0,0.0,2048.0,128.0,128.0,56.0,48.0,0.0,0.0,8.0,0.0
0.4375,298,Improved-gOMP,baseline,3656.0,896.0,2048.0,0.0,0.0,0.0,464.0,56.0,48.0,48.0,48.0,48.0,0.0
0.4375,298,Improved-gOMP,optimized,5096.0,896.0,2048.0,0.0,1800.0,120.0,120.0,56.0,48.0,0.0,0.0,8.0,0.0
0.4375,299,Improved-gOMP,baseline,3624.0,896.0,2048.0,0.0,0.0,0.0,432.0,56.0,48.0,48.0,48.0,48.0,0.0
0.4375,299,Improved-gOMP,optimized,5360.0,896.0,2048.0,0.0,2048.0,128.0,128.0,56.0,48.0,0.0,0.0,8.0,0.0
0.5,0,Improved-gOMP,baseline,3784.0,1024.0,2048.0,0.0,0.0,0.0,464.0,56.0,48.0,48.0,48.0,48.0,0.0
0.5,0,Improved-gOMP,optimized,5488.0,1024.0,2048.0,0.0,2048.0,128.0,128.0,56.0,48.0,0.0,0.0,8.0,0.0
0.5,1,Improved-gOMP,baseline,3640.0,1024.0,2048.0,0.0,0.0,0.0,360.0,48.0,40.0,40.0,40.0,40.0,0.0
0.5,1,Improved-gOMP,optimized,5488.0,1024.0,2048.0,0.0,2048.0,128.0,128.0,56.0,48.0,0.0,0.0,8.0,0.0
0.5,2,Improved-gOMP,baseline,3592.0,1024.0,2048.0,0.0,0.0,0.0,312.0,48.0,40.0,40.0,40.0,40.0,0.0
0.5,2,Improved-gOMP,optimized,4512.0,1024.0,2048.0,0.0,1152.0,96.0,96.0,48.0,40.0,0.0,0.0,8.0,0.0
0.5,3,Improved-gOMP,baseline,3784.0,1024.0,2048.0,0.0,0.0,0.0,464.0,56.0,48.0,48.0,48.0,48.0,0.0
0.5,3,Improved-gOMP,optimized,5488.0,1024.0,2048.0,0.0,2048.0,128.0,128.0,56.0,48.0,0.0,0.0,8.0,0.0
0.5,4,Improved-gOMP,baseline,3784.0,1024.0,2048.0,0.0,0.0,0.0,464.0,56.0,48.0,48.0,48.0,48.0,0.0
0.5,4,Improved-gOMP,optimized,5488.0,1024.0,2048.0,0.0,2048.0,128.0,128.0,56.0,48.0,0.0,0.0,8.0,0.0
0.5,5,Improved-gOMP,baseline,3640.0,1024.0,2048.0,0.0,0.0,0.0,360.0,48.0,40.0,40.0,40.0,40.0,0.0
0.5,5,Improved-gOMP,optimized,5488.0,1024.0,2048.0,0.0,2048.0,128.0,128.0,56.0,48.0,0.0,0.0,8.0,0.0
0.5,6,Improved-gOMP,baseline,3784.0,1024.0,2048.0,0.0,0.0,0.0,464.0,56.0,48.0,48.0,48.0,48.0,0.0
0.5,6,Improved-gOMP,optimized,4728.0,1024.0,2048.0,0.0,1352.0,104.0,104.0,48.0,40.0,0.0,0.0,8.0,0.0
0.5,7,Improved-gOMP,baseline,3640.0,1024.0,2048.0,0.0,0.0,0.0,360.0,48.0,40.0,40.0,40.0,40.0,0.0
0.5,7,Improved-gOMP,optimized,5208.0,1024.0,2048.0,0.0,1800.0,120.0,120.0,48.0,40.0,0.0,0.0,8.0,0.0
0.5,8,Improved-gOMP,baseline,3784.0,1024.0,2048.0,0.0,0.0,0.0,464.0,56.0,48.0,48.0,48.0,48.0,0.0
0.5,8,Improved-gOMP,optimized,5488.0,1024.0,2048.0,0.0,2048.0,128.0,128.0,56.0,48.0,0.0,0.0,8.0,0.0
0.5,9,Improved-gOMP,baseline,3784.0,1024.0,2048.0,0.0,0.0,0.0,464.0,56.0,48.0,48.0,48.0,48.0,0.0
0.5,9,Improved-gOMP,optimized,5488.0,1024.0,2048.0,0.0,2048.0,128.0,128.0,56.0,48.0,0.0,0.0,8.0,0.0
0.5,10,Improved-gOMP,baseline,3616.0,1024.0,2048.0,0.0,0.0,0.0,336.0,48.0,40.0,40.0,40.0,40.0,0.0
0.5,10,Improved-gOMP,optimized,4512.0,1024.0,2048.0,0.0,1152.0,96.0,96.0,48.0,40.0,0.0,0.0,8.0,0.0
0.5,11,Improved-gOMP,baseline,3616.0,1024.0,2048.0,0.0,0.0,0.0,336.0,48.0,40.0,40.0,40.0,40.0,0.0
0.5,11,Improved-gOMP,optimized,4728.0,1024.0,2048.0,0.0,1352.0,104.0,104.0,48.0,40.0,0.0,0.0,8.0,0.0
0.5,12,Improved-gOMP,baseline,3784.0,1024.0,2048.0,0.0,0.0,0.0,464.0,56.0,48.0,48.0,48.0,48.0,0.0
0.5,12,Improved-gOMP,optimized,5488.0,1024.0,2048.0,0.0,2048.0,128.0,128.0,56.0,48.0,0.0,0.0,8.0,0.0
0.5,13,Improved-gOMP,baseline,3784.0,1024.0,2048.0,0.0,0.0,0.0,464.0,56.0,48.0,48.0,48.0,48.0,0.0
0.5,13,Improved-gOMP,optimized,5488.0,1024.0,2048.0,0.0,2048.0,128.0,128.0,56.0,48.0,0.0,0.0,8.0,0.0
0.5,14,Improved-gOMP,baseline,3752.0,1024.0,2048.0,0.0,0.0,0.0,432.0,56.0,48.0,48.0,48.0,48.0,0.0
0.5,14,Improved-gOMP,optimized,5224.0,1024.0,2048.0,0.0,1800.0,120.0,120.0,56.0,48.0,0.0,0.0,8.0,0.0
0.5,15,Improved-gOMP,baseline,3808.0,1024.0,2048.0,0.0,0.0,0.0,488.0,56.0,48.0,48.0,48.0,48.0,0.0
0.5,15,Improved-gOMP,optimized,5488.0,1024.0,2048.0,0.0,2048.0,128.0,128.0,56.0,48.0,0.0,0.0,8.0,0.0
0.5,16,Improved-gOMP,baseline,3592.0,1024.0,2048.0,0.0,0.0,0.0,312.0,48.0,40.0,40.0,40.0,40.0,0.0
0.5,16,Improved-gOMP,optimized,4512.0,1024.0,2048.0,0.0,1152.0,96.0,96.0,48.0,40.0,0.0,0.0,8.0,0.0
0.5,17,Improved-gOMP,baseline,3784.0,1024.0,2048.0,0.0,0.0,0.0,464.0,56.0,48.0,48.0,48.0,48.0,0.0
0.5,17,Improved-gOMP,optimized,5488.0,1024.0,2048.0,0.0,2048.0,128.0,128.0,56.0,48.0,0.0,0.0,8.0,0.0
0.5,18,Improved-gOMP,baseline,3784.0,1024.0,2048.0,0.0,0.0,0.0,464.0,56.0,48.0,48.0,48.0,48.0,0.0
0.5,18,Improved-gOMP,optimized,5488.0,1024.0,2048.0,0.0,2048.0,128.0,128.0,56.0,48.0,0.0,0.0,8.0,0.0
0.5,19,Improved-gOMP,baseline,3752.0,1024.0,2048.0,0.0,0.0,0.0,432.0,56.0,48.0,48.0,48.0,48.0,0.0
0.5,19,Improved-gOMP,optimized,5224.0,1024.0,2048.0,0.0,1800.0,120.0,120.0,56.0,48.0,0.0,0.0,8.0,0.0
0.5,20,Improved-gOMP,baseline,3640.0,1024.0,2048.0,0.0,0.0,0.0,360.0,48.0,40.0,40.0,40.0,40.0,0.0
0.5,20,Improved-gOMP,optimized,5208.0,1024.0,2048.0,0.0,1800.0,120.0,120.0,48.0,40.0,0.0,0.0,8.0,0.0
0.5,21,Improved-gOMP,baseline,3592.0,1024.0,2048.0,0.0,0.0,0.0,312.0,48.0,40.0,40.0,40.0,40.0,0.0
0.5,21,Improved-gOMP,optimized,4512.0,1024.0,2048.0,0.0,1152.0,96.0,96.0,48.0,40.0,0.0,0.0,8.0,0.0
0.5,22,Improved-gOMP,baseline,3752.0,1024.0,2048.0,0.0,0.0,0.0,432.0,56.0,48.0,48.0,48.0,48.0,0.0
0.5,22,Improved-gOMP,optimized,5488.0,1024.0,2048.0,0.0,2048.0,128.0,128.0,56.0,48.0,0.0,0.0,8.0,0.0
0.5,23,Improved-gOMP,baseline,3640.0,1024.0,2048.0,0.0,0.0,0.0,360.0,48.0,40.0,40.0,40.0,40.0,0.0
0.5,23,Improved-gOMP,optimized,5488.0,1024.0,2048.0,0.0,2048.0,128.0,128.0,56.0,48.0,0.0,0.0,8.0,0.0
0.5,24,Improved-gOMP,baseline,3784.0,1024.0,2048.0,0.0,0.0,0.0,464.0,56.0,48.0,48.0,48.0,48.0,0.0
0.5,24,Improved-gOMP,optimized,5488.0,1024.0,2048.0,0.0,2048.0,128.0,128.0,56.0,48.0,0.0,0.0,8.0,0.0
0.5,25,Improved-gOMP,baseline,3752.0,1024.0,2048.0,0.0,0.0,0.0,432.0,56.0,48.0,48.0,48.0,48.0,0.0
0.5,25,Improved-gOMP,optimized,5224.0,1024.0,2048.0,0.0,1800.0,120.0,120.0,56.0,48.0,0.0,0.0,8.0,0.0
0.5,26,Improved-gOMP,baseline,3808.0,1024.0,2048.0,0.0,0.0,0.0,488.0,56.0,48.0,48.0,48.0,48.0,0.0
0.5,26,Improved-gOMP,optimized,5488.0,1024.0,2048.0,0.0,2048.0,128.0,128.0,56.0,48.0,0.0,0.0,8.0,0.0
0.5,27,Improved-gOMP,baseline,3784.0,1024.0,2048.0,0.0,0.0,0.0,464.0,56.0,48.0,48.0,48.0,48.0,0.0
0.5,27,Improved-gOMP,optimized,5488.0,1024.0,2048.0,0.0,2048.0,128.0,128.0,56.0,48.0,0.0,0.0,8.0,0.0
0.5,28,Improved-gOMP,baseline,3784.0,1024.0,2048.0,0.0,0.0,0.0,464.0,56.0,48.0,48.0,48.0,48.0,0.0
0.5,28,Improved-gOMP,optimized,4728.0,1024.0,2048.0,0.0,1352.0,104.0,104.0,48.0,40.0,0.0,0.0,8.0,0.0
0.5,29,Improved-gOMP,baseline,3784.0,1024.0,2048.0,0.0,0.0,0.0,464.0,56.0,48.0,48.0,48.0,48.0,0.0
0.5,29,Improved-gOMP,optimized,5224.0,1024.0,2048.0,0.0,1800.0,120.0,120.0,56.0,48.0,0.0,0.0,8.0,0.0
0.5,30,Improved-gOMP,baseline,3616.0,1024.0,2048.0,0.0,0.0,0.0,336.0,48.0,40.0,40.0,40.0,40.0,0.0
0.5,30,Improved-gOMP,optimized,4728.0,1024.0,2048.0,0.0,1352.0,104.0,104.0,48.0,40.0,0.0,0.0,8.0,0.0
0.5,31,Improved-gOMP,baseline,3592.0,1024.0,2048.0,0.0,0.0,0.0,312.0,48.0,40.0,40.0,40.0,40.0,0.0
0.5,31,Improved-gOMP,optimized,4512.0,1024.0,2048.0,0.0,1152.0,96.0,96.0,48.0,40.0,0.0,0.0,8.0,0.0
0.5,32,Improved-gOMP,baseline,3808.0,1024.0,2048.0,0.0,0.0,0.0,488.0,56.0,48.0,48.0,48.0,48.0,0.0
0.5,32,Improved-gOMP,optimized,5488.0,1024.0,2048.0,0.0,2048.0,128.0,128.0,56.0,48.0,0.0,0.0,8.0,0.0
0.5,33,Improved-gOMP,baseline,3808.0,1024.0,2048.0,0.0,0.0,0.0,488.0,56.0,48.0,48.0,48.0,48.0,0.0
0.5,33,Improved-gOMP,optimized,5488.0,1024.0,2048.0,0.0,2048.0,128.0,128.0,56.0,48.0,0.0,0.0,8.0,0.0
0.5,34,Improved-gOMP,baseline,3784.0,1024.0,2048.0,0.0,0.0,0.0,464.0,56.0,48.0,48.0,48.0,48.0,0.0
0.5,34,Improved-gOMP,optimized,4728.0,1024.0,2048.0,0.0,1352.0,104.0,104.0,48.0,40.0,0.0,0.0,8.0,0.0
0.5,35,Improved-gOMP,baseline,3784.0,1024.0,2048.0,0.0,0.0,0.0,464.0,56.0,48.0,48.0,48.0,48.0,0.0
0.5,35,Improved-gOMP,optimized,5488.0,1024.0,2048.0,0.0,2048.0,128.0,128.0,56.0,48.0,0.0,0.0,8.0,0.0
0.5,36,Improved-gOMP,baseline,3752.0,1024.0,2048.0,0.0,0.0,0.0,432.0,56.0,48.0,48.0,48.0,48.0,0.0
0.5,36,Improved-gOMP,optimized,5224.0,1024.0,2048.0,0.0,1800.0,120.0,120.0,56.0,48.0,0.0,0.0,8.0,0.0
0.5,37,Improved-gOMP,baseline,3784.0,1024.0,2048.0,0.0,0.0,0.0,464.0,56.0,48.0,48.0,48.0,48.0,0.0
0.5,37,Improved-gOMP,optimized,5488.0,1024.0,2048.0,0.0,2048.0,128.0,128.0,56.0,48.0,0.0,0.0,8.0,0.0
0.5,38,Improved-gOMP,baseline,3592.0,1024.0,2048.0,0.0,0.0,0.0,312.0,48.0,40.0,40.0,40.0,40.0,0.0
0.5,38,Improved-gOMP,optimized,4512.0,1024.0,2048.0,0.0,1152.0,96.0,96.0,48.0,40.0,0.0,0.0,8.0,0.0
0.5,39,Improved-gOMP,baseline,3784.0,1024.0,2048.0,0.0,0.0,0.0,464.0,56.0,48.0,48.0,48.0,48.0,0.0
0.5,39,Improved-gOMP,optimized,5488.0,1024.0,2048.0,0.0,2048.0,128.0,128.0,56.0,48.0,0.0,0.0,8.0,0.0
0.5,40,Improved-gOMP,baseline,3784.0,1024.0,2048.0,0.0,0.0,0.0,464.0,56.0,48.0,48.0,48.0,48.0,0.0
0.5,40,Improved-gOMP,optimized,5504.0,1024.0,2048.0,0.0,2048.0,128.0,128.0,64.0,56.0,0.0,0.0,8.0,0.0
0.5,41,Improved-gOMP,baseline,3616.0,1024.0,2048.0,0.0,0.0,0.0,336.0,48.0,40.0,40.0,40.0,40.0,0.0
0.5,41,Improved-gOMP,optimized,4728.0,1024.0,2048.0,0.0,1352.0,104.0,104.0,48.0,40.0,0.0,0.0,8.0,0.0
0.5,42,Improved-gOMP,baseline,3616.0,1024.0,2048.0,0.0,0.0,0.0,336.0,48.0,40.0,40.0,40.0,40.0,0.0
0.5,42,Improved-gOMP,optimized,4728.0,1024.0,2048.0,0.0,1352.0,104.0,104.0,48.0,40.0,0.0,0.0,8.0,0.0
0.5,43,Improved-gOMP,baseline,3784.0,1024.0,2048.0,0.0,0.0,0.0,464.0,56.0,48.0,48.0,48.0,48.0,0.0
0.5,43,Improved-gOMP,optimized,5488.0,1024.0,2048.0,0.0,2048.0,128.0,128.0,56.0,48.0,0.0,0.0,8.0,0.0
0.5,44,Improved-gOMP,baseline,3784.0,1024.0,2048.0,0.0,0.0,0.0,464.0,56.0,48.0,48.0,48.0,48.0,0.0
0.5,44,Improved-gOMP,optimized,5488.0,1024.0,2048.0,0.0,2048.0,128.0,128.0,56.0,48.0,0.0,0.0,8.0,0.0
0.5,45,Improved-gOMP,baseline,3808.0,1024.0,2048.0,0.0,0.0,0.0,488.0,56.0,48.0,48.0,48.0,48.0,0.0
0.5,45,Improved-gOMP,optimized,5488.0,1024.0,2048.0,0.0,2048.0,128.0,128.0,56.0,48.0,0.0,0.0,8.0,0.0
0.5,46,Improved-gOMP,baseline,3808.0,1024.0,2048.0,0.0,0.0,0.0,488.0,56.0,48.0,48.0,48.0,48.0,0.0
0.5,46,Improved-gOMP,optimized,5488.0,1024.0,2048.0,0.0,2048.0,128.0,128.0,56.0,48.0,0.0,0.0,8.0,0.0
0.5,47,Improved-gOMP,baseline,3616.0,1024.0,2048.0,0.0,0.0,0.0,336.0,48.0,40.0,40.0,40.0,40.0,0.0
0.5,47,Improved-gOMP,optimized,4512.0,1024.0,2048.0,0.0,1152.0,96.0,96.0,48.0,40.0,0.0,0.0,8.0,0.0
0.5,48,Improved-gOMP,baseline,3784.0,1024.0,2048.0,0.0,0.0,0.0,464.0,56.0,48.0,48.0,48.0,48.0,0.0
0.5,48,Improved-gOMP,optimized,5488.0,1024.0,2048.0,0.0,2048.0,128.0,128.0,56.0,48.0,0.0,0.0,8.0,0.0
0.5,49,Improved-gOMP,baseline,3784.0,1024.0,2048.0,0.0,0.0,0.0,464.0,56.0,48.0,48.0,48.0,48.0,0.0
0.5,49,Improved-gOMP,optimized,5488.0,1024.0,2048.0,0.0,2048.0,128.0,128.0,56.0,48.0,0.0,0.0,8.0,0.0
0.5,50,Improved-gOMP,baseline,3752.0,1024.0,2048.0,0.0,0.0,0.0,432.0,56.0,48.0,48.0,48.0,48.0,0.0
0.5,50,Improved-gOMP,optimized,5224.0,1024.0,2048.0,0.0,1800.0,120.0,120.0,56.0,48.0,0.0,0.0,8.0,0.0
0.5,51,Improved-gOMP,baseline,3784.0,1024.0,2048.0,0.0,0.0,0.0,464.0,56.0,48.0,48.0,48.0,48.0,0.0
0.5,51,Improved-gOMP,optimized,5224.0,1024.0,2048.0,0.0,1800.0,120.0,120.0,56.0,48.0,0.0,0.0,8.0,0.0
0.5,52,Improved-gOMP,baseline,3616.0,1024.0,2048.0,0.0,0.0,0.0,336.0,48.0,40.0,40.0,40.0,40.0,0.0
0.5,52,Improved-gOMP,optimized,4728.0,1024.0,2048.0,0.0,1352.0,104.0,104.0,48.0,40.0,0.0,0.0,8.0,0.0
0.5,53,Improved-gOMP,baseline,3808.0,1024.0,2048.0,0.0,0.0,0.0,488.0,56.0,48.0,48.0,48.0,48.0,0.0
0.5,53,Improved-gOMP,optimized,5488.0,1024.0,2048.0,0.0,2048.0,128.0,128.0,56.0,48.0,0.0,0.0,8.0,0.0
0.5,54,Improved-gOMP,baseline,3784.0,1024.0,2048.0,0.0,0.0,0.0,464.0,56.0,48.0,48.0,48.0,48.0,0.0
0.5,54,Improved-gOMP,optimized,4728.0,1024.0,2048.0,0.0,1352.0,104.0,104.0,48.0,40.0,0.0,0.0,8.0,0.0
0.5,55,Improved-gOMP,baseline,3752.0,1024.0,2048.0,0.0,0.0,0.0,432.0,56.0,48.0,48.0,48.0,48.0,0.0
0.5,55,Improved-gOMP,optimized,5224.0,1024.0,2048.0,0.0,1800.0,120.0,120.0,56.0,48.0,0.0,0.0,8.0,0.0
0.5,56,Improved-gOMP,baseline,3616.0,1024.0,2048.0,0.0,0.0,0.0,336.0,48.0,40.0,40.0,40.0,40.0,0.0
0.5,56,Improved-gOMP,optimized,4728.0,1024.0,2048.0,0.0,1352.0,104.0,104.0,48.0,40.0,0.0,0.0,8.0,0.0
0.5,57,Improved-gOMP,baseline,3752.0,1024.0,2048.0,0.0,0.0,0.0,432.0,56.0,48.0,48.0,48.0,48.0,0.0
0.5,57,Improved-gOMP,optimized,5224.0,1024.0,2048.0,0.0,1800.0,120.0,120.0,56.0,48.0,0.0,0.0,8.0,0.0
0.5,58,Improved-gOMP,baseline,3808.0,1024.0,2048.0,0.0,0.0,0.0,488.0,56.0,48.0,48.0,48.0,48.0,0.0
0.5,58,Improved-gOMP,optimized,5488.0,1024.0,2048.0,0.0,2048.0,128.0,128.0,56.0,48.0,0.0,0.0,8.0,0.0
0.5,59,Improved-gOMP,baseline,3616.0,1024.0,2048.0,0.0,0.0,0.0,336.0,48.0,40.0,40.0,40.0,40.0,0.0
0.5,59,Improved-gOMP,optimized,4512.0,1024.0,2048.0,0.0,1152.0,96.0,96.0,48.0,40.0,0.0,0.0,8.0,0.0
0.5,60,Improved-gOMP,baseline,3784.0,1024.0,2048.0,0.0,0.0,0.0,464.0,56.0,48.0,48.0,48.0,48.0,0.0
0.5,60,Improved-gOMP,optimized,5488.0,1024.0,2048.0,0.0,2048.0,128.0,128.0,56.0,48.0,0.0,0.0,8.0,0.0
0.5,61,Improved-gOMP,baseline,3808.0,1024.0,2048.0,0.0,0.0,0.0,488.0,56.0,48.0,48.0,48.0,48.0,0.0
0.5,61,Improved-gOMP,optimized,5208.0,1024.0,2048.0,0.0,1800.0,120.0,120.0,48.0,40.0,0.0,0.0,8.0,0.0
0.5,62,Improved-gOMP,baseline,3784.0,1024.0,2048.0,0.0,0.0,0.0,464.0,56.0,48.0,48.0,48.0,48.0,0.0
0.5,62,Improved-gOMP,optimized,5488.0,1024.0,2048.0,0.0,2048.0,128.0,128.0,56.0,48.0,0.0,0.0,8.0,0.0
0.5,63,Improved-gOMP,baseline,3784.0,1024.0,2048.0,0.0,0.0,0.0,464.0,56.0,48.0,48.0,48.0,48.0,0.0
0.5,63,Improved-gOMP,optimized,5488.0,1024.0,2048.0,0.0,2048.0,128.0,128.0,56.0,48.0,0.0,0.0,8.0,0.0
0.5,64,Improved-gOMP,baseline,3616.0,1024.0,2048.0,0.0,0.0,0.0,336.0,48.0,40.0,40.0,40.0,40.0,0.0
0.5,64,Improved-gOMP,optimized,4512.0,1024.0,2048.0,0.0,1152.0,96.0,96.0,48.0,40.0,0.0,0.0,8.0,0.0
0.5,65,Improved-gOMP,baseline,3616.0,1024.0,2048.0,0.0,0.0,0.0,336.0,48.0,40.0,40.0,40.0,40.0,0.0
0.5,65,Improved-gOMP,optimized,5488.0,1024.0,2048.0,0.0,2048.0,128.0,128.0,56.0,48.0,0.0,0.0,8.0,0.0
0.5,66,Improved-gOMP,baseline,3616.0,1024.0,2048.0,0.0,0.0,0.0,336.0,48.0,40.0,40.0,40.0,40.0,0.0
0.5,66,Improved-gOMP,optimized,4728.0,1024.0,2048.0,0.0,1352.0,104.0,104.0,48.0,40.0,0.0,0.0,8.0,0.0
0.5,67,Improved-gOMP,baseline,3784.0,1024.0,2048.0,0.0,0.0,0.0,464.0,56.0,48.0,48.0,48.0,48.0,0.0
0.5,67,Improved-gOMP,optimized,5488.0,1024.0,2048.0,0.0,2048.0,128.0,128.0,56.0,48.0,0.0,0.0,8.0,0.0
0.5,68,Improved-gOMP,baseline,3784.0,1024.0,2048.0,0.0,0.0,0.0,464.0,56.0,48.0,48.0,48.0,48.0,0.0
0.5,68,Improved-gOMP,optimized,5488.0,1024.0,2048.0,0.0,2048.0,128.0,128.0,56.0,48.0,0.0,0.0,8.0,0.0
0.5,69,Improved-gOMP,baseline,3752.0,1024.0,2048.0,0.0,0.0,0.0,432.0,56.0,48.0,48.0,48.0,48.0,0.0
0.5,69,Improved-gOMP,optimized,5224.0,1024.0,2048.0,0.0,1800.0,120.0,120.0,56.0,48.0,0.0,0.0,8.0,0.0
0.5,70,Improved-gOMP,baseline,3784.0,1024.0,2048.0,0.0,0.0,0.0,464.0,56.0,48.0,48.0,48.0,48.0,0.0
0.5,70,Improved-gOMP,optimized,5488.0,1024.0,2048.0,0.0,2048.0,128.0,128.0,56.0,48.0,0.0,0.0,8.0,0.0
0.5,71,Improved-gOMP,baseline,3784.0,1024.0,2048.0,0.0,0.0,0.0,464.0,56.0,48.0,48.0,48.0,48.0,0.0
0.5,71,Improved-gOMP,optimized,4728.0,1024.0,2048.0,0.0,1352.0,104.0,104.0,48.0,40.0,0.0,0.0,8.0,0.0
0.5,72,Improved-gOMP,baseline,3752.0,1024.0,2048.0,0.0,0.0,0.0,432.0,56.0,48.0,48.0,48.0,48.0,0.0
0.5,72,Improved-gOMP,optimized,4512.0,1024.0,2048.0,0.0,1152.0,96.0,96.0,48.0,40.0,0.0,0.0,8.0,0.0
0.5,73,Improved-gOMP,baseline,3752.0,1024.0,2048.0,0.0,0.0,0.0,432.0,56.0,48.0,48.0,48.0,48.0,0.0
0.5,73,Improved-gOMP,optimized,5224.0,1024.0,2048.0,0.0,1800.0,120.0,120.0,56.0,48.0,0.0,0.0,8.0,0.0
0.5,74,Improved-gOMP,baseline,3784.0,1024.0,2048.0,0.0,0.0,0.0,464.0,56.0,48.0,48.0,48.0,48.0,0.0
0.5,74,Improved-gOMP,optimized,5224.0,1024.0,2048.0,0.0,1800.0,120.0,120.0,56.0,48.0,0.0,0.0,8.0,0.0
0.5,75,Improved-gOMP,baseline,3784.0,1024.0,2048.0,0.0,0.0,0.0,464.0,56.0,48.0,48.0,48.0,48.0,0.0
0.5,75,Improved-gOMP,optimized,5488.0,1024.0,2048.0,0.0,2048.0,128.0,128.0,56.0,48.0,0.0,0.0,8.0,0.0
0.5,76,Improved-gOMP,baseline,3752.0,1024.0,2048.0,0.0,0.0,0.0,432.0,56.0,48.0,48.0,48.0,48.0,0.0
0.5,76,Improved-gOMP,optimized,5224.0,1024.0,2048.0,0.0,1800.0,120.0,120.0,56.0,48.0,0.0,0.0,8.0,0.0
0.5,77,Improved-gOMP,baseline,3784.0,1024.0,2048.0,0.0,0.0,0.0,464.0,56.0,48.0,48.0,48.0,48.0,0.0
0.5,77,Improved-gOMP,optimized,5488.0,1024.0,2048.0,0.0,2048.0,128.0,128.0,56.0,48.0,0.0,0.0,8.0,0.0
0.5,78,Improved-gOMP,baseline,3808.0,1024.0,2048.0,0.0,0.0,0.0,488.0,56.0,48.0,48.0,48.0,48.0,0.0
0.5,78,Improved-gOMP,optimized,5488.0,1024.0,2048.0,0.0,2048.0,128.0,128.0,56.0,48.0,0.0,0.0,8.0,0.0
0.5,79,Improved-gOMP,baseline,3784.0,1024.0,2048.0,0.0,0.0,0.0,464.0,56.0,48.0,48.0,48.0,48.0,0.0
0.5,79,Improved-gOMP,optimized,5488.0,1024.0,2048.0,0.0,2048.0,128.0,128.0,56.0,48.0,0.0,0.0,8.0,0.0
0.5,80,Improved-gOMP,baseline,3784.0,1024.0,2048.0,0.0,0.0,0.0,464.0,56.0,48.0,48.0,48.0,48.0,0.0
0.5,80,Improved-gOMP,optimized,5488.0,1024.0,2048.0,0.0,2048.0,128.0,128.0,56.0,48.0,0.0,0.0,8.0,0.0
0.5,81,Improved-gOMP,baseline,3472.0,1024.0,2048.0,0.0,0.0,0.0,232.0,40.0,32.0,32.0,32.0,32.0,0.0
0.5,81,Improved-gOMP,optimized,4296.0,1024.0,2048.0,0.0,968.0,88.0,88.0,40.0,32.0,0.0,0.0,8.0,0.0
0.5,82,Improved-gOMP,baseline,3784.0,1024.0,2048.0,0.0,0.0,0.0,464.0,56.0,48.0,48.0,48.0,48.0,0.0
0.5,82,Improved-gOMP,optimized,5488.0,1024.0,2048.0,0.0,2048.0,128.0,128.0,56.0,48.0,0.0,0.0,8.0,0.0
0.5,83,Improved-gOMP,baseline,3616.0,1024.0,2048.0,0.0,0.0,0.0,336.0,48.0,40.0,40.0,40.0,40.0,0.0
0.5,83,Improved-gOMP,optimized,4728.0,1024.0,2048.0,0.0,1352.0,104.0,104.0,48.0,40.0,0.0,0.0,8.0,0.0
0.5,84,Improved-gOMP,baseline,3784.0,1024.0,2048.0,0.0,0.0,0.0,464.0,56.0,48.0,48.0,48.0,48.0,0.0
0.5,84,Improved-gOMP,optimized,5488.0,1024.0,2048.0,0.0,2048.0,128.0,128.0,56.0,48.0,0.0,0.0,8.0,0.0
0.5,85,Improved-gOMP,baseline,3784.0,1024.0,2048.0,0.0,0.0,0.0,464.0,56.0,48.0,48.0,48.0,48.0,0.0
0.5,85,Improved-gOMP,optimized,5488.0,1024.0,2048.0,0.0,2048.0,128.0,128.0,56.0,48.0,0.0,0.0,8.0,0.0
0.5,86,Improved-gOMP,baseline,3784.0,1024.0,2048.0,0.0,0.0,0.0,464.0,56.0,48.0,48.0,48.0,48.0,0.0
0.5,86,Improved-gOMP,optimized,5224.0,1024.0,2048.0,0.0,1800.0,120.0,120.0,56.0,48.0,0.0,0.0,8.0,0.0
0.5,87,Improved-gOMP,baseline,3616.0,1024.0,2048.0,0.0,0.0,0.0,336.0,48.0,40.0,40.0,40.0,40.0,0.0
0.5,87,Improved-gOMP,optimized,4728.0,1024.0,2048.0,0.0,1352.0,104.0,104.0,48.0,40.0,0.0,0.0,8.0,0.0
0.5,88,Improved-gOMP,baseline,3616.0,1024.0,2048.0,0.0,0.0,0.0,336.0,48.0,40.0,40.0,40.0,40.0,0.0
0.5,88,Improved-gOMP,optimized,5224.0,1024.0,2048.0,0.0,1800.0,120.0,120.0,56.0,48.0,0.0,0.0,8.0,0.0
0.5,89,Improved-gOMP,baseline,3808.0,1024.0,2048.0,0.0,0.0,0.0,488.0,56.0,48.0,48.0,48.0,48.0,0.0
0.5,89,Improved-gOMP,optimized,5488.0,1024.0,2048.0,0.0,2048.0,128.0,128.0,56.0,48.0,0.0,0.0,8.0,0.0
0.5,90,Improved-gOMP,baseline,3784.0,1024.0,2048.0,0.0,0.0,0.0,464.0,56.0,48.0,48.0,48.0,48.0,0.0
0.5,90,Improved-gOMP,optimized,4728.0,1024.0,2048.0,0.0,1352.0,104.0,104.0,48.0,40.0,0.0,0.0,8.0,0.0
0.5,91,Improved-gOMP,baseline,3784.0,1024.0,2048.0,0.0,0.0,0.0,464.0,56.0,48.0,48.0,48.0,48.0,0.0
0.5,91,Improved-gOMP,optimized,4728.0,1024.0,2048.0,0.0,1352.0,104.0,104.0,48.0,40.0,0.0,0.0,8.0,0.0
0.5,92,Improved-gOMP,baseline,3784.0,1024.0,2048.0,0.0,0.0,0.0,464.0,56.0,48.0,48.0,48.0,48.0,0.0
0.5,92,Improved-gOMP,optimized,5488.0,1024.0,2048.0,0.0,2048.0,128.0,128.0,56.0,48.0,0.0,0.0,8.0,0.0
0.5,93,Improved-gOMP,baseline,3752.0,1024.0,2048.0,0.0,0.0,0.0,432.0,56.0,48.0,48.0,48.0,48.0,0.0
0.5,93,Improved-gOMP,optimized,5224.0,1024.0,2048.0,0.0,1800.0,120.0,120.0,56.0,48.0,0.0,0.0,8.0,0.0
0.5,94,Improved-gOMP,baseline,3784.0,1024.0,2048.0,0.0,0.0,0.0,464.0,56.0,48.0,48.0,48.0,48.0,0.0
0.5,94,Improved-gOMP,optimized,5488.0,1024.0,2048.0,0.0,2048.0,128.0,128.0,56.0,48.0,0.0,0.0,8.0,0.0
0.5,95,Improved-gOMP,baseline,3616.0,1024.0,2048.0,0.0,0.0,0.0,336.0,48.0,40.0,40.0,40.0,40.0,0.0
0.5,95,Improved-gOMP,optimized,5224.0,1024.0,2048.0,0.0,1800.0,120.0,120.0,56.0,48.0,0.0,0.0,8.0,0.0
0.5,96,Improved-gOMP,baseline,3640.0,1024.0,2048.0,0.0,0.0,0.0,360.0,48.0,40.0,40.0,40.0,40.0,0.0
0.5,96,Improved-gOMP,optimized,5488.0,1024.0,2048.0,0.0,2048.0,128.0,128.0,56.0,48.0,0.0,0.0,8.0,0.0
0.5,97,Improved-gOMP,baseline,3784.0,1024.0,2048.0,0.0,0.0,0.0,464.0,56.0,48.0,48.0,48.0,48.0,0.0
0.5,97,Improved-gOMP,optimized,5488.0,1024.0,2048.0,0.0,2048.0,128.0,128.0,56.0,48.0,0.0,0.0,8.0,0.0
0.5,98,Improved-gOMP,baseline,3752.0,1024.0,2048.0,0.0,0.0,0.0,432.0,56.0,48.0,48.0,48.0,48.0,0.0
0.5,98,Improved-gOMP,optimized,5224.0,1024.0,2048.0,0.0,1800.0,120.0,120.0,56.0,48.0,0.0,0.0,8.0,0.0
0.5,99,Improved-gOMP,baseline,3808.0,1024.0,2048.0,0.0,0.0,0.0,488.0,56.0,48.0,48.0,48.0,48.0,0.0
0.5,99,Improved-gOMP,optimized,5208.0,1024.0,2048.0,0.0,1800.0,120.0,120.0,48.0,40.0,0.0,0.0,8.0,0.0
0.5,100,Improved-gOMP,baseline,3752.0,1024.0,2048.0,0.0,0.0,0.0,432.0,56.0,48.0,48.0,48.0,48.0,0.0
0.5,100,Improved-gOMP,optimized,4512.0,1024.0,2048.0,0.0,1152.0,96.0,96.0,48.0,40.0,0.0,0.0,8.0,0.0
0.5,101,Improved-gOMP,baseline,3784.0,1024.0,2048.0,0.0,0.0,0.0,464.0,56.0,48.0,48.0,48.0,48.0,0.0
0.5,101,Improved-gOMP,optimized,5488.0,1024.0,2048.0,0.0,2048.0,128.0,128.0,56.0,48.0,0.0,0.0,8.0,0.0
0.5,102,Improved-gOMP,baseline,3784.0,1024.0,2048.0,0.0,0.0,0.0,464.0,56.0,48.0,48.0,48.0,48.0,0.0
0.5,102,Improved-gOMP,optimized,5488.0,1024.0,2048.0,0.0,2048.0,128.0,128.0,56.0,48.0,0.0,0.0,8.0,0.0
0.5,103,Improved-gOMP,baseline,3592.0,1024.0,2048.0,0.0,0.0,0.0,312.0,48.0,40.0,40.0,40.0,40.0,0.0
0.5,103,Improved-gOMP,optimized,4512.0,1024.0,2048.0,0.0,1152.0,96.0,96.0,48.0,40.0,0.0,0.0,8.0,0.0
0.5,104,Improved-gOMP,baseline,3472.0,1024.0,2048.0,0.0,0.0,0.0,232.0,40.0,32.0,32.0,32.0,32.0,0.0
0.5,104,Improved-gOMP,optimized,4296.0,1024.0,2048.0,0.0,968.0,88.0,88.0,40.0,32.0,0.0,0.0,8.0,0.0
0.5,105,Improved-gOMP,baseline,3808.0,1024.0,2048.0,0.0,0.0,0.0,488.0,56.0,48.0,48.0,48.0,48.0,0.0
0.5,105,Improved-gOMP,optimized,5488.0,1024.0,2048.0,0.0,2048.0,128.0,128.0,56.0,48.0,0.0,0.0,8.0,0.0
0.5,106,Improved-gOMP,baseline,3784.0,1024.0,2048.0,0.0,0.0,0.0,464.0,56.0,48.0,48.0,48.0,48.0,0.0
0.5,106,Improved-gOMP,optimized,5488.0,1024.0,2048.0,0.0,2048.0,128.0,128.0,56.0,48.0,0.0,0.0,8.0,0.0
0.5,107,Improved-gOMP,baseline,3784.0,1024.0,2048.0,0.0,0.0,0.0,464.0,56.0,48.0,48.0,48.0,48.0,0.0
0.5,107,Improved-gOMP,optimized,5488.0,1024.0,2048.0,0.0,2048.0,128.0,128.0,56.0,48.0,0.0,0.0,8.0,0.0
0.5,108,Improved-gOMP,baseline,3752.0,1024.0,2048.0,0.0,0.0,0.0,432.0,56.0,48.0,48.0,48.0,48.0,0.0
0.5,108,Improved-gOMP,optimized,5224.0,1024.0,2048.0,0.0,1800.0,120.0,120.0,56.0,48.0,0.0,0.0,8.0,0.0
0.5,109,Improved-gOMP,baseline,3752.0,1024.0,2048.0,0.0,0.0,0.0,432.0,56.0,48.0,48.0,48.0,48.0,0.0
0.5,109,Improved-gOMP,optimized,5224.0,1024.0,2048.0,0.0,1800.0,120.0,120.0,56.0,48.0,0.0,0.0,8.0,0.0
0.5,110,Improved-gOMP,baseline,3752.0,1024.0,2048.0,0.0,0.0,0.0,432.0,56.0,48.0,48.0,48.0,48.0,0.0
0.5,110,Improved-gOMP,optimized,5224.0,1024.0,2048.0,0.0,1800.0,120.0,120.0,56.0,48.0,0.0,0.0,8.0,0.0
0.5,111,Improved-gOMP,baseline,3784.0,1024.0,2048.0,0.0,0.0,0.0,464.0,56.0,48.0,48.0,48.0,48.0,0.0
0.5,111,Improved-gOMP,optimized,5488.0,1024.0,2048.0,0.0,2048.0,128.0,128.0,56.0,48.0,0.0,0.0,8.0,0.0
0.5,112,Improved-gOMP,baseline,3472.0,1024.0,2048.0,0.0,0.0,0.0,232.0,40.0,32.0,32.0,32.0,32.0,0.0
0.5,112,Improved-gOMP,optimized,4296.0,1024.0,2048.0,0.0,968.0,88.0,88.0,40.0,32.0,0.0,0.0,8.0,0.0
0.5,113,Improved-gOMP,baseline,3784.0,1024.0,2048.0,0.0,0.0,0.0,464.0,56.0,48.0,48.0,48.0,48.0,0.0
0.5,113,Improved-gOMP,optimized,5488.0,1024.0,2048.0,0.0,2048.0,128.0,128.0,56.0,48.0,0.0,0.0,8.0,0.0
0.5,114,Improved-gOMP,baseline,3784.0,1024.0,2048.0,0.0,0.0,0.0,464.0,56.0,48.0,48.0,48.0,48.0,0.0
0.5,114,Improved-gOMP,optimized,5488.0,1024.0,2048.0,0.0,2048.0,128.0,128.0,56.0,48.0,0.0,0.0,8.0,0.0
0.5,115,Improved-gOMP,baseline,3784.0,1024.0,2048.0,0.0,0.0,0.0,464.0,56.0,48.0,48.0,48.0,48.0,0.0
0.5,115,Improved-gOMP,optimized,4728.0,1024.0,2048.0,0.0,1352.0,104.0,104.0,48.0,40.0,0.0,0.0,8.0,0.0
0.5,116,Improved-gOMP,baseline,3616.0,1024.0,2048.0,0.0,0.0,0.0,336.0,48.0,40.0,40.0,40.0,40.0,0.0
0.5,116,Improved-gOMP,optimized,4296.0,1024.0,2048.0,0.0,968.0,88.0,88.0,40.0,32.0,0.0,0.0,8.0,0.0
0.5,117,Improved-gOMP,baseline,3784.0,1024.0,2048.0,0.0,0.0,0.0,464.0,56.0,48.0,48.0,48.0,48.0,0.0
0.5,117,Improved-gOMP,optimized,5488.0,1024.0,2048.0,0.0,2048.0,128.0,128.0,56.0,48.0,0.0,0.0,8.0,0.0
0.5,118,Improved-gOMP,baseline,3784.0,1024.0,2048.0,0.0,0.0,0.0,464.0,56.0,48.0,48.0,48.0,48.0,0.0
0.5,118,Improved-gOMP,optimized,5488.0,1024.0,2048.0,0.0,2048.0,128.0,128.0,56.0,48.0,0.0,0.0,8.0,0.0
0.5,119,Improved-gOMP,baseline,3640.0,1024.0,2048.0,0.0,0.0,0.0,360.0,48.0,40.0,40.0,40.0,40.0,0.0
0.5,119,Improved-gOMP,optimized,4728.0,1024.0,2048.0,0.0,1352.0,104.0,104.0,48.0,40.0,0.0,0.0,8.0,0.0
0.5,120,Improved-gOMP,baseline,3784.0,1024.0,2048.0,0.0,0.0,0.0,464.0,56.0,48.0,48.0,48.0,48.0,0.0
0.5,120,Improved-gOMP,optimized,4728.0,1024.0,2048.0,0.0,1352.0,104.0,104.0,48.0,40.0,0.0,0.0,8.0,0.0
0.5,121,Improved-gOMP,baseline,3616.0,1024.0,2048.0,0.0,0.0,0.0,336.0,48.0,40.0,40.0,40.0,40.0,0.0
0.5,121,Improved-gOMP,optimized,4728.0,1024.0,2048.0,0.0,1352.0,104.0,104.0,48.0,40.0,0.0,0.0,8.0,0.0
0.5,122,Improved-gOMP,baseline,3784.0,1024.0,2048.0,0.0,0.0,0.0,464.0,56.0,48.0,48.0,48.0,48.0,0.0
0.5,122,Improved-gOMP,optimized,5488.0,1024.0,2048.0,0.0,2048.0,128.0,128.0,56.0,48.0,0.0,0.0,8.0,0.0
0.5,123,Improved-gOMP,baseline,3784.0,1024.0,2048.0,0.0,0.0,0.0,464.0,56.0,48.0,48.0,48.0,48.0,0.0
0.5,123,Improved-gOMP,optimized,5224.0,1024.0,2048.0,0.0,1800.0,120.0,120.0,56.0,48.0,0.0,0.0,8.0,0.0
0.5,124,Improved-gOMP,baseline,3808.0,1024.0,2048.0,0.0,0.0,0.0,488.0,56.0,48.0,48.0,48.0,48.0,0.0
0.5,124,Improved-gOMP,optimized,5488.0,1024.0,2048.0,0.0,2048.0,128.0,128.0,56.0,48.0,0.0,0.0,8.0,0.0
0.5,125,Improved-gOMP,baseline,3640.0,1024.0,2048.0,0.0,0.0,0.0,360.0,48.0,40.0,40.0,40.0,40.0,0.0
0.5,125,Improved-gOMP,optimized,5208.0,1024.0,2048.0,0.0,1800.0,120.0,120.0,48.0,40.0,0.0,0.0,8.0,0.0
0.5,126,Improved-gOMP,baseline,3784.0,1024.0,2048.0,0.0,0.0,0.0,464.0,56.0,48.0,48.0,48.0,48.0,0.0
0.5,126,Improved-gOMP,optimized,5488.0,1024.0,2048.0,0.0,2048.0,128.0,128.0,56.0,48.0,0.0,0.0,8.0,0.0
0.5,127,Improved-gOMP,baseline,3784.0,1024.0,2048.0,0.0,0.0,0.0,464.0,56.0,48.0,48.0,48.0,48.0,0.0
0.5,127,Improved-gOMP,optimized,5224.0,1024.0,2048.0,0.0,1800.0,120.0,120.0,56.0,48.0,0.0,0.0,8.0,0.0
0.5,128,Improved-gOMP,baseline,3784.0,1024.0,2048.0,0.0,0.0,0.0,464.0,56.0,48.0,48.0,48.0,48.0,0.0
0.5,128,Improved-gOMP,optimized,5488.0,1024.0,2048.0,0.0,2048.0,128.0,128.0,56.0,48.0,0.0,0.0,8.0,0.0
0.5,129,Improved-gOMP,baseline,3784.0,1024.0,2048.0,0.0,0.0,0.0,464.0,56.0,48.0,48.0,48.0,48.0,0.0
0.5,129,Improved-gOMP,optimized,5488.0,1024.0,2048.0,0.0,2048.0,128.0,128.0,56.0,48.0,0.0,0.0,8.0,0.0
0.5,130,Improved-gOMP,baseline,3784.0,1024.0,2048.0,0.0,0.0,0.0,464.0,56.0,48.0,48.0,48.0,48.0,0.0
0.5,130,Improved-gOMP,optimized,5488.0,1024.0,2048.0,0.0,2048.0,128.0,128.0,56.0,48.0,0.0,0.0,8.0,0.0
0.5,131,Improved-gOMP,baseline,3784.0,1024.0,2048.0,0.0,0.0,0.0,464.0,56.0,48.0,48.0,48.0,48.0,0.0
0.5,131,Improved-gOMP,optimized,4728.0,1024.0,2048.0,0.0,1352.0,104.0,104.0,48.0,40.0,0.0,0.0,8.0,0.0
0.5,132,Improved-gOMP,baseline,3752.0,1024.0,2048.0,0.0,0.0,0.0,432.0,56.0,48.0,48.0,48.0,48.0,0.0
0.5,132,Improved-gOMP,optimized,5224.0,1024.0,2048.0,0.0,1800.0,120.0,120.0,56.0,48.0,0.0,0.0,8.0,0.0
0.5,133,Improved-gOMP,baseline,3784.0,1024.0,2048.0,0.0,0.0,0.0,464.0,56.0,48.0,48.0,48.0,48.0,0.0
0.5,133,Improved-gOMP,optimized,5488.0,1024.0,2048.0,0.0,2048.0,128.0,128.0,56.0,48.0,0.0,0.0,8.0,0.0
0.5,134,Improved-gOMP,baseline,3784.0,1024.0,2048.0,0.0,0.0,0.0,464.0,56.0,48.0,48.0,48.0,48.0,0.0
0.5,134,Improved-gOMP,optimized,5488.0,1024.0,2048.0,0.0,2048.0,128.0,128.0,56.0,48.0,0.0,0.0,8.0,0.0
0.5,135,Improved-gOMP,baseline,3784.0,1024.0,2048.0,0.0,0.0,0.0,464.0,56.0,48.0,48.0,48.0,48.0,0.0
0.5,135,Improved-gOMP,optimized,5488.0,1024.0,2048.0,0.0,2048.0,128.0,128.0,56.0,48.0,0.0,0.0,8.0,0.0
0.5,136,Improved-gOMP,baseline,3784.0,1024.0,2048.0,0.0,0.0,0.0,464.0,56.0,48.0,48.0,48.0,48.0,0.0
0.5,136,Improved-gOMP,optimized,5488.0,1024.0,2048.0,0.0,2048.0,128.0,128.0,56.0,48.0,0.0,0.0,8.0,0.0
0.5,137,Improved-gOMP,baseline,3592.0,1024.0,2048.0,0.0,0.0,0.0,312.0,48.0,40.0,40.0,40.0,40.0,0.0
0.5,137,Improved-gOMP,optimized,4112.0,1024.0,2048.0,0.0,800.0,80.0,80.0,40.0,32.0,0.0,0.0,8.0,0.0
0.5,138,Improved-gOMP,baseline,3752.0,1024.0,2048.0,0.0,0.0,0.0,432.0,56.0,48.0,48.0,48.0,48.0,0.0
0.5,138,Improved-gOMP,optimized,5224.0,1024.0,2048.0,0.0,1800.0,120.0,120.0,56.0,48.0,0.0,0.0,8.0,0.0
0.5,139,Improved-gOMP,baseline,3616.0,1024.0,2048.0,0.0,0.0,0.0,336.0,48.0,40.0,40.0,40.0,40.0,0.0
0.5,139,Improved-gOMP,optimized,4728.0,1024.0,2048.0,0.0,1352.0,104.0,104.0,48.0,40.0,0.0,0.0,8.0,0.0
0.5,140,Improved-gOMP,baseline,3640.0,1024.0,2048.0,0.0,0.0,0.0,360.0,48.0,40.0,40.0,40.0,40.0,0.0
0.5,140,Improved-gOMP,optimized,4296.0,1024.0,2048.0,0.0,968.0,88.0,88.0,40.0,32.0,0.0,0.0,8.0,0.0
0.5,141,Improved-gOMP,baseline,3784.0,1024.0,2048.0,0.0,0.0,0.0,464.0,56.0,48.0,48.0,48.0,48.0,0.0
0.5,141,Improved-gOMP,optimized,4728.0,1024.0,2048.0,0.0,1352.0,104.0,104.0,48.0,40.0,0.0,0.0,8.0,0.0
0.5,142,Improved-gOMP,baseline,3784.0,1024.0,2048.0,0.0,0.0,0.0,464.0,56.0,48.0,48.0,48.0,48.0,0.0
0.5,142,Improved-gOMP,optimized,5488.0,1024.0,2048.0,0.0,2048.0,128.0,128.0,56.0,48.0,0.0,0.0,8.0,0.0
0.5,143,Improved-gOMP,baseline,3616.0,1024.0,2048.0,0.0,0.0,0.0,336.0,48.0,40.0,40.0,40.0,40.0,0.0
0.5,143,Improved-gOMP,optimized,4728.0,1024.0,2048.0,0.0,1352.0,104.0,104.0,48.0,40.0,0.0,0.0,8.0,0.0
0.5,144,Improved-gOMP,baseline,3784.0,1024.0,2048.0,0.0,0.0,0.0,464.0,56.0,48.0,48.0,48.0,48.0,0.0
0.5,144,Improved-gOMP,optimized,5488.0,1024.0,2048.0,0.0,2048.0,128.0,128.0,56.0,48.0,0.0,0.0,8.0,0.0
0.5,145,Improved-gOMP,baseline,3784.0,1024.0,2048.0,0.0,0.0,0.0,464.0,56.0,48.0,48.0,48.0,48.0,0.0
0.5,145,Improved-gOMP,optimized,4728.0,1024.0,2048.0,0.0,1352.0,104.0,104.0,48.0,40.0,0.0,0.0,8.0,0.0
0.5,146,Improved-gOMP,baseline,3784.0,1024.0,2048.0,0.0,0.0,0.0,464.0,56.0,48.0,48.0,48.0,48.0,0.0
0.5,146,Improved-gOMP,optimized,4728.0,1024.0,2048.0,0.0,1352.0,104.0,104.0,48.0,40.0,0.0,0.0,8.0,0.0
0.5,147,Improved-gOMP,baseline,3616.0,1024.0,2048.0,0.0,0.0,0.0,336.0,48.0,40.0,40.0,40.0,40.0,0.0
0.5,147,Improved-gOMP,optimized,4728.0,1024.0,2048.0,0.0,1352.0,104.0,104.0,48.0,40.0,0.0,0.0,8.0,0.0
0.5,148,Improved-gOMP,baseline,3640.0,1024.0,2048.0,0.0,0.0,0.0,360.0,48.0,40.0,40.0,40.0,40.0,0.0
0.5,148,Improved-gOMP,optimized,5488.0,1024.0,2048.0,0.0,2048.0,128.0,128.0,56.0,48.0,0.0,0.0,8.0,0.0
0.5,149,Improved-gOMP,baseline,3616.0,1024.0,2048.0,0.0,0.0,0.0,336.0,48.0,40.0,40.0,40.0,40.0,0.0
0.5,149,Improved-gOMP,optimized,4728.0,1024.0,2048.0,0.0,1352.0,104.0,104.0,48.0,40.0,0.0,0.0,8.0,0.0
0.5,150,Improved-gOMP,baseline,3784.0,1024.0,2048.0,0.0,0.0,0.0,464.0,56.0,48.0,48.0,48.0,48.0,0.0
0.5,150,Improved-gOMP,optimized,5488.0,1024.0,2048.0,0.0,2048.0,128.0,128.0,56.0,48.0,0.0,0.0,8.0,0.0
0.5,151,Improved-gOMP,baseline,3784.0,1024.0,2048.0,0.0,0.0,0.0,464.0,56.0,48.0,48.0,48.0,48.0,0.0
0.5,151,Improved-gOMP,optimized,5208.0,1024.0,2048.0,0.0,1800.0,120.0,120.0,48.0,40.0,0.0,0.0,8.0,0.0
0.5,152,Improved-gOMP,baseline,3752.0,1024.0,2048.0,0.0,0.0,0.0,432.0,56.0,48.0,48.0,48.0,48.0,0.0
0.5,152,Improved-gOMP,optimized,5224.0,1024.0,2048.0,0.0,1800.0,120.0,120.0,56.0,48.0,0.0,0.0,8.0,0.0
0.5,153,Improved-gOMP,baseline,3784.0,1024.0,2048.0,0.0,0.0,0.0,464.0,56.0,48.0,48.0,48.0,48.0,0.0
0.5,153,Improved-gOMP,optimized,5488.0,1024.0,2048.0,0.0,2048.0,128.0,128.0,56.0,48.0,0.0,0.0,8.0,0.0
0.5,154,Improved-gOMP,baseline,3784.0,1024.0,2048.0,0.0,0.0,0.0,464.0,56.0,48.0,48.0,48.0,48.0,0.0
0.5,154,Improved-gOMP,optimized,5488.0,1024.0,2048.0,0.0,2048.0,128.0,128.0,56.0,48.0,0.0,0.0,8.0,0.0
0.5,155,Improved-gOMP,baseline,3808.0,1024.0,2048.0,0.0,0.0,0.0,488.0,56.0,48.0,48.0,48.0,48.0,0.0
0.5,155,Improved-gOMP,optimized,5488.0,1024.0,2048.0,0.0,2048.0,128.0,128.0,56.0,48.0,0.0,0.0,8.0,0.0
0.5,156,Improved-gOMP,baseline,3784.0,1024.0,2048.0,0.0,0.0,0.0,464.0,56.0,48.0,48.0,48.0,48.0,0.0
0.5,156,Improved-gOMP,optimized,5488.0,1024.0,2048.0,0.0,2048.0,128.0,128.0,56.0,48.0,0.0,0.0,8.0,0.0
0.5,157,Improved-gOMP,baseline,3640.0,1024.0,2048.0,0.0,0.0,0.0,360.0,48.0,40.0,40.0,40.0,40.0,0.0
0.5,157,Improved-gOMP,optimized,5208.0,1024.0,2048.0,0.0,1800.0,120.0,120.0,48.0,40.0,0.0,0.0,8.0,0.0
0.5,158,Improved-gOMP,baseline,3784.0,1024.0,2048.0,0.0,0.0,0.0,464.0,56.0,48.0,48.0,48.0,48.0,0.0
0.5,158,Improved-gOMP,optimized,5488.0,1024.0,2048.0,0.0,2048.0,128.0,128.0,56.0,48.0,0.0,0.0,8.0,0.0
0.5,159,Improved-gOMP,baseline,3784.0,1024.0,2048.0,0.0,0.0,0.0,464.0,56.0,48.0,48.0,48.0,48.0,0.0
0.5,159,Improved-gOMP,optimized,5488.0,1024.0,2048.0,0.0,2048.0,128.0,128.0,56.0,48.0,0.0,0.0,8.0,0.0
0.5,160,Improved-gOMP,baseline,3784.0,1024.0,2048.0,0.0,0.0,0.0,464.0,56.0,48.0,48.0,48.0,48.0,0.0
0.5,160,Improved-gOMP,optimized,5488.0,1024.0,2048.0,0.0,2048.0,128.0,128.0,56.0,48.0,0.0,0.0,8.0,0.0
0.5,161,Improved-gOMP,baseline,3784.0,1024.0,2048.0,0.0,0.0,0.0,464.0,56.0,48.0,48.0,48.0,48.0,0.0
0.5,161,Improved-gOMP,optimized,5488.0,1024.0,2048.0,0.0,2048.0,128.0,128.0,56.0,48.0,0.0,0.0,8.0,0.0
0.5,162,Improved-gOMP,baseline,3616.0,1024.0,2048.0,0.0,0.0,0.0,336.0,48.0,40.0,40.0,40.0,40.0,0.0
0.5,162,Improved-gOMP,optimized,4728.0,1024.0,2048.0,0.0,1352.0,104.0,104.0,48.0,40.0,0.0,0.0,8.0,0.0
0.5,163,Improved-gOMP,baseline,3752.0,1024.0,2048.0,0.0,0.0,0.0,432.0,56.0,48.0,48.0,48.0,48.0,0.0
0.5,163,Improved-gOMP,optimized,5224.0,1024.0,2048.0,0.0,1800.0,120.0,120.0,56.0,48.0,0.0,0.0,8.0,0.0
0.5,164,Improved-gOMP,baseline,3784.0,1024.0,2048.0,0.0,0.0,0.0,464.0,56.0,48.0,48.0,48.0,48.0,0.0
0.5,164,Improved-gOMP,optimized,5488.0,1024.0,2048.0,0.0,2048.0,128.0,128.0,56.0,48.0,0.0,0.0,8.0,0.0
0.5,165,Improved-gOMP,baseline,3808.0,1024.0,2048.0,0.0,0.0,0.0,488.0,56.0,48.0,48.0,48.0,48.0,0.0
0.5,165,Improved-gOMP,optimized,5208.0,1024.0,2048.0,0.0,1800.0,120.0,120.0,48.0,40.0,0.0,0.0,8.0,0.0
0.5,166,Improved-gOMP,baseline,3784.0,1024.0,2048.0,0.0,0.0,0.0,464.0,56.0,48.0,48.0,48.0,48.0,0.0
0.5,166,Improved-gOMP,optimized,5224.0,1024.0,2048.0,0.0,1800.0,120.0,120.0,56.0,48.0,0.0,0.0,8.0,0.0
0.5,167,Improved-gOMP,baseline,3640.0,1024.0,2048.0,0.0,0.0,0.0,360.0,48.0,40.0,40.0,40.0,40.0,0.0
0.5,167,Improved-gOMP,optimized,5488.0,1024.0,2048.0,0.0,2048.0,128.0,128.0,56.0,48.0,0.0,0.0,8.0,0.0
0.5,168,Improved-gOMP,baseline,3592.0,1024.0,2048.0,0.0,0.0,0.0,312.0,48.0,40.0,40.0,40.0,40.0,0.0
0.5,168,Improved-gOMP,optimized,4512.0,1024.0,2048.0,0.0,1152.0,96.0,96.0,48.0,40.0,0.0,0.0,8.0,0.0
0.5,169,Improved-gOMP,baseline,3808.0,1024.0,2048.0,0.0,0.0,0.0,488.0,56.0,48.0,48.0,48.0,48.0,0.0
0.5,169,Improved-gOMP,optimized,4728.0,1024.0,2048.0,0.0,1352.0,104.0,104.0,48.0,40.0,0.0,0.0,8.0,0.0
0.5,170,Improved-gOMP,baseline,3784.0,1024.0,2048.0,0.0,0.0,0.0,464.0,56.0,48.0,48.0,48.0,48.0,0.0
0.5,170,Improved-gOMP,optimized,5488.0,1024.0,2048.0,0.0,2048.0,128.0,128.0,56.0,48.0,0.0,0.0,8.0,0.0
0.5,171,Improved-gOMP,baseline,3704.0,1024.0,2048.0,0.0,0.0,0.0,384.0,56.0,48.0,48.0,48.0,48.0,0.0
0.5,171,Improved-gOMP,optimized,4744.0,1024.0,2048.0,0.0,1352.0,104.0,104.0,56.0,48.0,0.0,0.0,8.0,0.0
0.5,172,Improved-gOMP,baseline,3752.0,1024.0,2048.0,0.0,0.0,0.0,432.0,56.0,48.0,48.0,48.0,48.0,0.0
0.5,172,Improved-gOMP,optimized,5488.0,1024.0,2048.0,0.0,2048.0,128.0,128.0,56.0,48.0,0.0,0.0,8.0,0.0
0.5,173,Improved-gOMP,baseline,3784.0,1024.0,2048.0,0.0,0.0,0.0,464.0,56.0,48.0,48.0,48.0,48.0,0.0
0.5,173,Improved-gOMP,optimized,5488.0,1024.0,2048.0,0.0,2048.0,128.0,128.0,56.0,48.0,0.0,0.0,8.0,0.0
0.5,174,Improved-gOMP,baseline,3472.0,1024.0,2048.0,0.0,0.0,0.0,232.0,40.0,32.0,32.0,32.0,32.0,0.0
0.5,174,Improved-gOMP,optimized,4296.0,1024.0,2048.0,0.0,968.0,88.0,88.0,40.0,32.0,0.0,0.0,8.0,0.0
0.5,175,Improved-gOMP,baseline,3752.0,1024.0,2048.0,0.0,0.0,0.0,432.0,56.0,48.0,48.0,48.0,48.0,0.0
0.5,175,Improved-gOMP,optimized,5224.0,1024.0,2048.0,0.0,1800.0,120.0,120.0,56.0,48.0,0.0,0.0,8.0,0.0
0.5,176,Improved-gOMP,baseline,3592.0,1024.0,2048.0,0.0,0.0,0.0,312.0,48.0,40.0,40.0,40.0,40.0,0.0
0.5,176,Improved-gOMP,optimized,4512.0,1024.0,2048.0,0.0,1152.0,96.0,96.0,48.0,40.0,0.0,0.0,8.0,0.0
0.5,177,Improved-gOMP,baseline,3784.0,1024.0,2048.0,0.0,0.0,0.0,464.0,56.0,48.0,48.0,48.0,48.0,0.0
0.5,177,Improved-gOMP,optimized,4728.0,1024.0,2048.0,0.0,1352.0,104.0,104.0,48.0,40.0,0.0,0.0,8.0,0.0
0.5,178,Improved-gOMP,baseline,3592.0,1024.0,2048.0,0.0,0.0,0.0,312.0,48.0,40.0,40.0,40.0,40.0,0.0
0.5,178,Improved-gOMP,optimized,4512.0,1024.0,2048.0,0.0,1152.0,96.0,96.0,48.0,40.0,0.0,0.0,8.0,0.0
0.5,179,Improved-gOMP,baseline,3752.0,1024.0,2048.0,0.0,0.0,0.0,432.0,56.0,48.0,48.0,48.0,48.0,0.0
0.5,179,Improved-gOMP,optimized,4512.0,1024.0,2048.0,0.0,1152.0,96.0,96.0,48.0,40.0,0.0,0.0,8.0,0.0
0.5,180,Improved-gOMP,baseline,3752.0,1024.0,2048.0,0.0,0.0,0.0,432.0,56.0,48.0,48.0,48.0,48.0,0.0
0.5,180,Improved-gOMP,optimized,5224.0,1024.0,2048.0,0.0,1800.0,120.0,120.0,56.0,48.0,0.0,0.0,8.0,0.0
0.5,181,Improved-gOMP,baseline,3616.0,1024.0,2048.0,0.0,0.0,0.0,336.0,48.0,40.0,40.0,40.0,40.0,0.0
0.5,181,Improved-gOMP,optimized,4728.0,1024.0,2048.0,0.0,1352.0,104.0,104.0,48.0,40.0,0.0,0.0,8.0,0.0
0.5,182,Improved-gOMP,baseline,3592.0,1024.0,2048.0,0.0,0.0,0.0,312.0,48.0,40.0,40.0,40.0,40.0,0.0
0.5,182,Improved-gOMP,optimized,4512.0,1024.0,2048.0,0.0,1152.0,96.0,96.0,48.0,40.0,0.0,0.0,8.0,0.0
0.5,183,Improved-gOMP,baseline,3616.0,1024.0,2048.0,0.0,0.0,0.0,336.0,48.0,40.0,40.0,40.0,40.0,0.0
0.5,183,Improved-gOMP,optimized,4512.0,1024.0,2048.0,0.0,1152.0,96.0,96.0,48.0,40.0,0.0,0.0,8.0,0.0
0.5,184,Improved-gOMP,baseline,3592.0,1024.0,2048.0,0.0,0.0,0.0,312.0,48.0,40.0,40.0,40.0,40.0,0.0
0.5,184,Improved-gOMP,optimized,4512.0,1024.0,2048.0,0.0,1152.0,96.0,96.0,48.0,40.0,0.0,0.0,8.0,0.0
0.5,185,Improved-gOMP,baseline,3784.0,1024.0,2048.0,0.0,0.0,0.0,464.0,56.0,48.0,48.0,48.0,48.0,0.0
0.5,185,Improved-gOMP,optimized,5488.0,1024.0,2048.0,0.0,2048.0,128.0,128.0,56.0,48.0,0.0,0.0,8.0,0.0
0.5,186,Improved-gOMP,baseline,3784.0,1024.0,2048.0,0.0,0.0,0.0,464.0,56.0,48.0,48.0,48.0,48.0,0.0
0.5,186,Improved-gOMP,optimized,5488.0,1024.0,2048.0,0.0,2048.0,128.0,128.0,56.0,48.0,0.0,0.0,8.0,0.0
0.5,187,Improved-gOMP,baseline,3616.0,1024.0,2048.0,0.0,0.0,0.0,336.0,48.0,40.0,40.0,40.0,40.0,0.0
0.5,187,Improved-gOMP,optimized,4728.0,1024.0,2048.0,0.0,1352.0,104.0,104.0,48.0,40.0,0.0,0.0,8.0,0.0
0.5,188,Improved-gOMP,baseline,3752.0,1024.0,2048.0,0.0,0.0,0.0,432.0,56.0,48.0,48.0,48.0,48.0,0.0
0.5,188,Improved-gOMP,optimized,5224.0,1024.0,2048.0,0.0,1800.0,120.0,120.0,56.0,48.0,0.0,0.0,8.0,0.0
0.5,189,Improved-gOMP,baseline,3784.0,1024.0,2048.0,0.0,0.0,0.0,464.0,56.0,48.0,48.0,48.0,48.0,0.0
0.5,189,Improved-gOMP,optimized,5488.0,1024.0,2048.0,0.0,2048.0,128.0,128.0,56.0,48.0,0.0,0.0,8.0,0.0
0.5,190,Improved-gOMP,baseline,3784.0,1024.0,2048.0,0.0,0.0,0.0,464.0,56.0,48.0,48.0,48.0,48.0,0.0
0.5,190,Improved-gOMP,optimized,5488.0,1024.0,2048.0,0.0,2048.0,128.0,128.0,56.0,48.0,0.0,0.0,8.0,0.0
0.5,191,Improved-gOMP,baseline,3472.0,1024.0,2048.0,0.0,0.0,0.0,232.0,40.0,32.0,32.0,32.0,32.0,0.0
0.5,191,Improved-gOMP,optimized,4296.0,1024.0,2048.0,0.0,968.0,88.0,88.0,40.0,32.0,0.0,0.0,8.0,0.0
0.5,192,Improved-gOMP,baseline,3784.0,1024.0,2048.0,0.0,0.0,0.0,464.0,56.0,48.0,48.0,48.0,48.0,0.0
0.5,192,Improved-gOMP,optimized,5224.0,1024.0,2048.0,0.0,1800.0,120.0,120.0,56.0,48.0,0.0,0.0,8.0,0.0
0.5,193,Improved-gOMP,baseline,3808.0,1024.0,2048.0,0.0,0.0,0.0,488.0,56.0,48.0,48.0,48.0,48.0,0.0
0.5,193,Improved-gOMP,optimized,5488.0,1024.0,2048.0,0.0,2048.0,128.0,128.0,56.0,48.0,0.0,0.0,8.0,0.0
0.5,194,Improved-gOMP,baseline,3640.0,1024.0,2048.0,0.0,0.0,0.0,360.0,48.0,40.0,40.0,40.0,40.0,0.0
0.5,194,Improved-gOMP,optimized,5208.0,1024.0,2048.0,0.0,1800.0,120.0,120.0,48.0,40.0,0.0,0.0,8.0,0.0
0.5,195,Improved-gOMP,baseline,3784.0,1024.0,2048.0,0.0,0.0,0.0,464.0,56.0,48.0,48.0,48.0,48.0,0.0
0.5,195,Improved-gOMP,optimized,4728.0,1024.0,2048.0,0.0,1352.0,104.0,104.0,48.0,40.0,0.0,0.0,8.0,0.0
0.5,196,Improved-gOMP,baseline,3616.0,1024.0,2048.0,0.0,0.0,0.0,336.0,48.0,40.0,40.0,40.0,40.0,0.0
0.5,196,Improved-gOMP,optimized,4728.0,1024.0,2048.0,0.0,1352.0,104.0,104.0,48.0,40.0,0.0,0.0,8.0,0.0
0.5,197,Improved-gOMP,baseline,3784.0,1024.0,2048.0,0.0,0.0,0.0,464.0,56.0,48.0,48.0,48.0,48.0,0.0
0.5,197,Improved-gOMP,optimized,5488.0,1024.0,2048.0,0.0,2048.0,128.0,128.0,56.0,48.0,0.0,0.0,8.0,0.0
0.5,198,Improved-gOMP,baseline,3784.0,1024.0,2048.0,0.0,0.0,0.0,464.0,56.0,48.0,48.0,48.0,48.0,0.0
0.5,198,Improved-gOMP,optimized,5488.0,1024.0,2048.0,0.0,2048.0,128.0,128.0,56.0,48.0,0.0,0.0,8.0,0.0
0.5,199,Improved-gOMP,baseline,3752.0,1024.0,2048.0,0.0,0.0,0.0,432.0,56.0,48.0,48.0,48.0,48.0,0.0
0.5,199,Improved-gOMP,optimized,5224.0,1024.0,2048.0,0.0,1800.0,120.0,120.0,56.0,48.0,0.0,0.0,8.0,0.0
0.5,200,Improved-gOMP,baseline,3784.0,1024.0,2048.0,0.0,0.0,0.0,464.0,56.0,48.0,48.0,48.0,48.0,0.0
0.5,200,Improved-gOMP,optimized,5488.0,1024.0,2048.0,0.0,2048.0,128.0,128.0,56.0,48.0,0.0,0.0,8.0,0.0
0.5,201,Improved-gOMP,baseline,3920.0,1024.0,2048.0,0.0,0.0,0.0,560.0,64.0,56.0,56.0,56.0,56.0,0.0
0.5,201,Improved-gOMP,optimized,5224.0,1024.0,2048.0,0.0,1800.0,120.0,120.0,56.0,48.0,0.0,0.0,8.0,0.0
0.5,202,Improved-gOMP,baseline,3808.0,1024.0,2048.0,0.0,0.0,0.0,488.0,56.0,48.0,48.0,48.0,48.0,0.0
0.5,202,Improved-gOMP,optimized,4728.0,1024.0,2048.0,0.0,1352.0,104.0,104.0,48.0,40.0,0.0,0.0,8.0,0.0
0.5,203,Improved-gOMP,baseline,3808.0,1024.0,2048.0,0.0,0.0,0.0,488.0,56.0,48.0,48.0,48.0,48.0,0.0
0.5,203,Improved-gOMP,optimized,5208.0,1024.0,2048.0,0.0,1800.0,120.0,120.0,48.0,40.0,0.0,0.0,8.0,0.0
0.5,204,Improved-gOMP,baseline,3784.0,1024.0,2048.0,0.0,0.0,0.0,464.0,56.0,48.0,48.0,48.0,48.0,0.0
0.5,204,Improved-gOMP,optimized,5488.0,1024.0,2048.0,0.0,2048.0,128.0,128.0,56.0,48.0,0.0,0.0,8.0,0.0
0.5,205,Improved-gOMP,baseline,3808.0,1024.0,2048.0,0.0,0.0,0.0,488.0,56.0,48.0,48.0,48.0,48.0,0.0
0.5,205,Improved-gOMP,optimized,5488.0,1024.0,2048.0,0.0,2048.0,128.0,128.0,56.0,48.0,0.0,0.0,8.0,0.0
0.5,206,Improved-gOMP,baseline,3752.0,1024.0,2048.0,0.0,0.0,0.0,432.0,56.0,48.0,48.0,48.0,48.0,0.0
0.5,206,Improved-gOMP,optimized,5224.0,1024.0,2048.0,0.0,1800.0,120.0,120.0,56.0,48.0,0.0,0.0,8.0,0.0
0.5,207,Improved-gOMP,baseline,3616.0,1024.0,2048.0,0.0,0.0,0.0,336.0,48.0,40.0,40.0,40.0,40.0,0.0
0.5,207,Improved-gOMP,optimized,4728.0,1024.0,2048.0,0.0,1352.0,104.0,104.0,48.0,40.0,0.0,0.0,8.0,0.0
0.5,208,Improved-gOMP,baseline,3784.0,1024.0,2048.0,0.0,0.0,0.0,464.0,56.0,48.0,48.0,48.0,48.0,0.0
0.5,208,Improved-gOMP,optimized,5488.0,1024.0,2048.0,0.0,2048.0,128.0,128.0,56.0,48.0,0.0,0.0,8.0,0.0
0.5,209,Improved-gOMP,baseline,3784.0,1024.0,2048.0,0.0,0.0,0.0,464.0,56.0,48.0,48.0,48.0,48.0,0.0
0.5,209,Improved-gOMP,optimized,5488.0,1024.0,2048.0,0.0,2048.0,128.0,128.0,56.0,48.0,0.0,0.0,8.0,0.0
0.5,210,Improved-gOMP,baseline,3808.0,1024.0,2048.0,0.0,0.0,0.0,488.0,56.0,48.0,48.0,48.0,48.0,0.0
0.5,210,Improved-gOMP,optimized,5488.0,1024.0,2048.0,0.0,2048.0,128.0,128.0,56.0,48.0,0.0,0.0,8.0,0.0
0.5,211,Improved-gOMP,baseline,3784.0,1024.0,2048.0,0.0,0.0,0.0,464.0,56.0,48.0,48.0,48.0,48.0,0.0
0.5,211,Improved-gOMP,optimized,5488.0,1024.0,2048.0,0.0,2048.0,128.0,128.0,56.0,48.0,0.0,0.0,8.0,0.0
0.5,212,Improved-gOMP,baseline,3784.0,1024.0,2048.0,0.0,0.0,0.0,464.0,56.0,48.0,48.0,48.0,48.0,0.0
0.5,212,Improved-gOMP,optimized,4728.0,1024.0,2048.0,0.0,1352.0,104.0,104.0,48.0,40.0,0.0,0.0,8.0,0.0
0.5,213,Improved-gOMP,baseline,3616.0,1024.0,2048.0,0.0,0.0,0.0,336.0,48.0,40.0,40.0,40.0,40.0,0.0
0.5,213,Improved-gOMP,optimized,4728.0,1024.0,2048.0,0.0,1352.0,104.0,104.0,48.0,40.0,0.0,0.0,8.0,0.0
0.5,214,Improved-gOMP,baseline,3784.0,1024.0,2048.0,0.0,0.0,0.0,464.0,56.0,48.0,48.0,48.0,48.0,0.0
0.5,214,Improved-gOMP,optimized,4512.0,1024.0,2048.0,0.0,1152.0,96.0,96.0,48.0,40.0,0.0,0.0,8.0,0.0
0.5,215,Improved-gOMP,baseline,3752.0,1024.0,2048.0,0.0,0.0,0.0,432.0,56.0,48.0,48.0,48.0,48.0,0.0
0.5,215,Improved-gOMP,optimized,5224.0,1024.0,2048.0,0.0,1800.0,120.0,120.0,56.0,48.0,0.0,0.0,8.0,0.0
0.5,216,Improved-gOMP,baseline,3616.0,1024.0,2048.0,0.0,0.0,0.0,336.0,48.0,40.0,40.0,40.0,40.0,0.0
0.5,216,Improved-gOMP,optimized,4728.0,1024.0,2048.0,0.0,1352.0,104.0,104.0,48.0,40.0,0.0,0.0,8.0,0.0
0.5,217,Improved-gOMP,baseline,3784.0,1024.0,2048.0,0.0,0.0,0.0,464.0,56.0,48.0,48.0,48.0,48.0,0.0
0.5,217,Improved-gOMP,optimized,5488.0,1024.0,2048.0,0.0,2048.0,128.0,128.0,56.0,48.0,0.0,0.0,8.0,0.0
0.5,218,Improved-gOMP,baseline,3592.0,1024.0,2048.0,0.0,0.0,0.0,312.0,48.0,40.0,40.0,40.0,40.0,0.0
0.5,218,Improved-gOMP,optimized,4512.0,1024.0,2048.0,0.0,1152.0,96.0,96.0,48.0,40.0,0.0,0.0,8.0,0.0
0.5,219,Improved-gOMP,baseline,3752.0,1024.0,2048.0,0.0,0.0,0.0,432.0,56.0,48.0,48.0,48.0,48.0,0.0
0.5,219,Improved-gOMP,optimized,5224.0,1024.0,2048.0,0.0,1800.0,120.0,120.0,56.0,48.0,0.0,0.0,8.0,0.0
0.5,220,Improved-gOMP,baseline,3784.0,1024.0,2048.0,0.0,0.0,0.0,464.0,56.0,48.0,48.0,48.0,48.0,0.0
0.5,220,Improved-gOMP,optimized,5488.0,1024.0,2048.0,0.0,2048.0,128.0,128.0,56.0,48.0,0.0,0.0,8.0,0.0
0.5,221,Improved-gOMP,baseline,3640.0,1024.0,2048.0,0.0,0.0,0.0,360.0,48.0,40.0,40.0,40.0,40.0,0.0
0.5,221,Improved-gOMP,optimized,5488.0,1024.0,2048.0,0.0,2048.0,128.0,128.0,56.0,48.0,0.0,0.0,8.0,0.0
0.5,222,Improved-gOMP,baseline,3616.0,1024.0,2048.0,0.0,0.0,0.0,336.0,48.0,40.0,40.0,40.0,40.0,0.0
0.5,222,Improved-gOMP,optimized,4728.0,1024.0,2048.0,0.0,1352.0,104.0,104.0,48.0,40.0,0.0,0.0,8.0,0.0
0.5,223,Improved-gOMP,baseline,3784.0,1024.0,2048.0,0.0,0.0,0.0,464.0,56.0,48.0,48.0,48.0,48.0,0.0
0.5,223,Improved-gOMP,optimized,5488.0,1024.0,2048.0,0.0,2048.0,128.0,128.0,56.0,48.0,0.0,0.0,8.0,0.0
0.5,224,Improved-gOMP,baseline,3784.0,1024.0,2048.0,0.0,0.0,0.0,464.0,56.0,48.0,48.0,48.0,48.0,0.0
0.5,224,Improved-gOMP,optimized,5488.0,1024.0,2048.0,0.0,2048.0,128.0,128.0,56.0,48.0,0.0,0.0,8.0,0.0
0.5,225,Improved-gOMP,baseline,3784.0,1024.0,2048.0,0.0,0.0,0.0,464.0,56.0,48.0,48.0,48.0,48.0,0.0
0.5,225,Improved-gOMP,optimized,4728.0,1024.0,2048.0,0.0,1352.0,104.0,104.0,48.0,40.0,0.0,0.0,8.0,0.0
0.5,226,Improved-gOMP,baseline,3784.0,1024.0,2048.0,0.0,0.0,0.0,464.0,56.0,48.0,48.0,48.0,48.0,0.0
0.5,226,Improved-gOMP,optimized,5488.0,1024.0,2048.0,0.0,2048.0,128.0,128.0,56.0,48.0,0.0,0.0,8.0,0.0
0.5,227,Improved-gOMP,baseline,3784.0,1024.0,2048.0,0.0,0.0,0.0,464.0,56.0,48.0,48.0,48.0,48.0,0.0
0.5,227,Improved-gOMP,optimized,5488.0,1024.0,2048.0,0.0,2048.0,128.0,128.0,56.0,48.0,0.0,0.0,8.0,0.0
0.5,228,Improved-gOMP,baseline,3784.0,1024.0,2048.0,0.0,0.0,0.0,464.0,56.0,48.0,48.0,48.0,48.0,0.0
0.5,228,Improved-gOMP,optimized,5488.0,1024.0,2048.0,0.0,2048.0,128.0,128.0,56.0,48.0,0.0,0.0,8.0,0.0
0.5,229,Improved-gOMP,baseline,3784.0,1024.0,2048.0,0.0,0.0,0.0,464.0,56.0,48.0,48.0,48.0,48.0,0.0
0.5,229,Improved-gOMP,optimized,5488.0,1024.0,2048.0,0.0,2048.0,128.0,128.0,56.0,48.0,0.0,0.0,8.0,0.0
0.5,230,Improved-gOMP,baseline,3616.0,1024.0,2048.0,0.0,0.0,0.0,336.0,48.0,40.0,40.0,40.0,40.0,0.0
0.5,230,Improved-gOMP,optimized,4728.0,1024.0,2048.0,0.0,1352.0,104.0,104.0,48.0,40.0,0.0,0.0,8.0,0.0
0.5,231,Improved-gOMP,baseline,3784.0,1024.0,2048.0,0.0,0.0,0.0,464.0,56.0,48.0,48.0,48.0,48.0,0.0
0.5,231,Improved-gOMP,optimized,5488.0,1024.0,2048.0,0.0,2048.0,128.0,128.0,56.0,48.0,0.0,0.0,8.0,0.0
0.5,232,Improved-gOMP,baseline,3784.0,1024.0,2048.0,0.0,0.0,0.0,464.0,56.0,48.0,48.0,48.0,48.0,0.0
0.5,232,Improved-gOMP,optimized,5488.0,1024.0,2048.0,0.0,2048.0,128.0,128.0,56.0,48.0,0.0,0.0,8.0,0.0
0.5,233,Improved-gOMP,baseline,3752.0,1024.0,2048.0,0.0,0.0,0.0,432.0,56.0,48.0,48.0,48.0,48.0,0.0
0.5,233,Improved-gOMP,optimized,5224.0,1024.0,2048.0,0.0,1800.0,120.0,120.0,56.0,48.0,0.0,0.0,8.0,0.0
0.5,234,Improved-gOMP,baseline,3616.0,1024.0,2048.0,0.0,0.0,0.0,336.0,48.0,40.0,40.0,40.0,40.0,0.0
0.5,234,Improved-gOMP,optimized,4728.0,1024.0,2048.0,0.0,1352.0,104.0,104.0,48.0,40.0,0.0,0.0,8.0,0.0
0.5,235,Improved-gOMP,baseline,3784.0,1024.0,2048.0,0.0,0.0,0.0,464.0,56.0,48.0,48.0,48.0,48.0,0.0
0.5,235,Improved-gOMP,optimized,5488.0,1024.0,2048.0,0.0,2048.0,128.0,128.0,56.0,48.0,0.0,0.0,8.0,0.0
0.5,236,Improved-gOMP,baseline,3808.0,1024.0,2048.0,0.0,0.0,0.0,488.0,56.0,48.0,48.0,48.0,48.0,0.0
0.5,236,Improved-gOMP,optimized,4728.0,1024.0,2048.0,0.0,1352.0,104.0,104.0,48.0,40.0,0.0,0.0,8.0,0.0
0.5,237,Improved-gOMP,baseline,3784.0,1024.0,2048.0,0.0,0.0,0.0,464.0,56.0,48.0,48.0,48.0,48.0,0.0
0.5,237,Improved-gOMP,optimized,5488.0,1024.0,2048.0,0.0,2048.0,128.0,128.0,56.0,48.0,0.0,0.0,8.0,0.0
0.5,238,Improved-gOMP,baseline,3592.0,1024.0,2048.0,0.0,0.0,0.0,312.0,48.0,40.0,40.0,40.0,40.0,0.0
0.5,238,Improved-gOMP,optimized,4512.0,1024.0,2048.0,0.0,1152.0,96.0,96.0,48.0,40.0,0.0,0.0,8.0,0.0
0.5,239,Improved-gOMP,baseline,3784.0,1024.0,2048.0,0.0,0.0,0.0,464.0,56.0,48.0,48.0,48.0,48.0,0.0
0.5,239,Improved-gOMP,optimized,5488.0,1024.0,2048.0,0.0,2048.0,128.0,128.0,56.0,48.0,0.0,0.0,8.0,0.0
0.5,240,Improved-gOMP,baseline,3752.0,1024.0,2048.0,0.0,0.0,0.0,432.0,56.0,48.0,48.0,48.0,48.0,0.0
0.5,240,Improved-gOMP,optimized,5224.0,1024.0,2048.0,0.0,1800.0,120.0,120.0,56.0,48.0,0.0,0.0,8.0,0.0
0.5,241,Improved-gOMP,baseline,3784.0,1024.0,2048.0,0.0,0.0,0.0,464.0,56.0,48.0,48.0,48.0,48.0,0.0
0.5,241,Improved-gOMP,optimized,5488.0,1024.0,2048.0,0.0,2048.0,128.0,128.0,56.0,48.0,0.0,0.0,8.0,0.0
0.5,242,Improved-gOMP,baseline,3784.0,1024.0,2048.0,0.0,0.0,0.0,464.0,56.0,48.0,48.0,48.0,48.0,0.0
0.5,242,Improved-gOMP,optimized,4728.0,1024.0,2048.0,0.0,1352.0,104.0,104.0,48.0,40.0,0.0,0.0,8.0,0.0
0.5,243,Improved-gOMP,baseline,3784.0,1024.0,2048.0,0.0,0.0,0.0,464.0,56.0,48.0,48.0,48.0,48.0,0.0
0.5,243,Improved-gOMP,optimized,5208.0,1024.0,2048.0,0.0,1800.0,120.0,120.0,48.0,40.0,0.0,0.0,8.0,0.0
0.5,244,Improved-gOMP,baseline,3616.0,1024.0,2048.0,0.0,0.0,0.0,336.0,48.0,40.0,40.0,40.0,40.0,0.0
0.5,244,Improved-gOMP,optimized,4728.0,1024.0,2048.0,0.0,1352.0,104.0,104.0,48.0,40.0,0.0,0.0,8.0,0.0
0.5,245,Improved-gOMP,baseline,3784.0,1024.0,2048.0,0.0,0.0,0.0,464.0,56.0,48.0,48.0,48.0,48.0,0.0
0.5,245,Improved-gOMP,optimized,5488.0,1024.0,2048.0,0.0,2048.0,128.0,128.0,56.0,48.0,0.0,0.0,8.0,0.0
0.5,246,Improved-gOMP,baseline,3616.0,1024.0,2048.0,0.0,0.0,0.0,336.0,48.0,40.0,40.0,40.0,40.0,0.0
0.5,246,Improved-gOMP,optimized,4728.0,1024.0,2048.0,0.0,1352.0,104.0,104.0,48.0,40.0,0.0,0.0,8.0,0.0
0.5,247,Improved-gOMP,baseline,3808.0,1024.0,2048.0,0.0,0.0,0.0,488.0,56.0,48.0,48.0,48.0,48.0,0.0
0.5,247,Improved-gOMP,optimized,5488.0,1024.0,2048.0,0.0,2048.0,128.0,128.0,56.0,48.0,0.0,0.0,8.0,0.0
0.5,248,Improved-gOMP,baseline,3640.0,1024.0,2048.0,0.0,0.0,0.0,360.0,48.0,40.0,40.0,40.0,40.0,0.0
0.5,248,Improved-gOMP,optimized,5208.0,1024.0,2048.0,0.0,1800.0,120.0,120.0,48.0,40.0,0.0,0.0,8.0,0.0
0.5,249,Improved-gOMP,baseline,3784.0,1024.0,2048.0,0.0,0.0,0.0,464.0,56.0,48.0,48.0,48.0,48.0,0.0
0.5,249,Improved-gOMP,optimized,5488.0,1024.0,2048.0,0.0,2048.0,128.0,128.0,56.0,48.0,0.0,0.0,8.0,0.0
0.5,250,Improved-gOMP,baseline,3784.0,1024.0,2048.0,0.0,0.0,0.0,464.0,56.0,48.0,48.0,48.0,48.0,0.0
0.5,250,Improved-gOMP,optimized,5488.0,1024.0,2048.0,0.0,2048.0,128.0,128.0,56.0,48.0,0.0,0.0,8.0,0.0
0.5,251,Improved-gOMP,baseline,3784.0,1024.0,2048.0,0.0,0.0,0.0,464.0,56.0,48.0,48.0,48.0,48.0,0.0
0.5,251,Improved-gOMP,optimized,5488.0,1024.0,2048.0,0.0,2048.0,128.0,128.0,56.0,48.0,0.0,0.0,8.0,0.0
0.5,252,Improved-gOMP,baseline,3784.0,1024.0,2048.0,0.0,0.0,0.0,464.0,56.0,48.0,48.0,48.0,48.0,0.0
0.5,252,Improved-gOMP,optimized,5488.0,1024.0,2048.0,0.0,2048.0,128.0,128.0,56.0,48.0,0.0,0.0,8.0,0.0
0.5,253,Improved-gOMP,baseline,3784.0,1024.0,2048.0,0.0,0.0,0.0,464.0,56.0,48.0,48.0,48.0,48.0,0.0
0.5,253,Improved-gOMP,optimized,5224.0,1024.0,2048.0,0.0,1800.0,120.0,120.0,56.0,48.0,0.0,0.0,8.0,0.0
0.5,254,Improved-gOMP,baseline,3784.0,1024.0,2048.0,0.0,0.0,0.0,464.0,56.0,48.0,48.0,48.0,48.0,0.0
0.5,254,Improved-gOMP,optimized,5488.0,1024.0,2048.0,0.0,2048.0,128.0,128.0,56.0,48.0,0.0,0.0,8.0,0.0
0.5,255,Improved-gOMP,baseline,3808.0,1024.0,2048.0,0.0,0.0,0.0,488.0,56.0,48.0,48.0,48.0,48.0,0.0
0.5,255,Improved-gOMP,optimized,5488.0,1024.0,2048.0,0.0,2048.0,128.0,128.0,56.0,48.0,0.0,0.0,8.0,0.0
0.5,256,Improved-gOMP,baseline,3616.0,1024.0,2048.0,0.0,0.0,0.0,336.0,48.0,40.0,40.0,40.0,40.0,0.0
0.5,256,Improved-gOMP,optimized,4728.0,1024.0,2048.0,0.0,1352.0,104.0,104.0,48.0,40.0,0.0,0.0,8.0,0.0
0.5,257,Improved-gOMP,baseline,3784.0,1024.0,2048.0,0.0,0.0,0.0,464.0,56.0,48.0,48.0,48.0,48.0,0.0
0.5,257,Improved-gOMP,optimized,5488.0,1024.0,2048.0,0.0,2048.0,128.0,128.0,56.0,48.0,0.0,0.0,8.0,0.0
0.5,258,Improved-gOMP,baseline,3784.0,1024.0,2048.0,0.0,0.0,0.0,464.0,56.0,48.0,48.0,48.0,48.0,0.0
0.5,258,Improved-gOMP,optimized,5488.0,1024.0,2048.0,0.0,2048.0,128.0,128.0,56.0,48.0,0.0,0.0,8.0,0.0
0.5,259,Improved-gOMP,baseline,3640.0,1024.0,2048.0,0.0,0.0,0.0,360.0,48.0,40.0,40.0,40.0,40.0,0.0
0.5,259,Improved-gOMP,optimized,5208.0,1024.0,2048.0,0.0,1800.0,120.0,120.0,48.0,40.0,0.0,0.0,8.0,0.0
0.5,260,Improved-gOMP,baseline,3784.0,1024.0,2048.0,0.0,0.0,0.0,464.0,56.0,48.0,48.0,48.0,48.0,0.0
0.5,260,Improved-gOMP,optimized,4728.0,1024.0,2048.0,0.0,1352.0,104.0,104.0,48.0,40.0,0.0,0.0,8.0,0.0
0.5,261,Improved-gOMP,baseline,3784.0,1024.0,2048.0,0.0,0.0,0.0,464.0,56.0,48.0,48.0,48.0,48.0,0.0
0.5,261,Improved-gOMP,optimized,4728.0,1024.0,2048.0,0.0,1352.0,104.0,104.0,48.0,40.0,0.0,0.0,8.0,0.0
0.5,262,Improved-gOMP,baseline,3752.0,1024.0,2048.0,0.0,0.0,0.0,432.0,56.0,48.0,48.0,48.0,48.0,0.0
0.5,262,Improved-gOMP,optimized,5224.0,1024.0,2048.0,0.0,1800.0,120.0,120.0,56.0,48.0,0.0,0.0,8.0,0.0
0.5,263,Improved-gOMP,baseline,3808.0,1024.0,2048.0,0.0,0.0,0.0,488.0,56.0,48.0,48.0,48.0,48.0,0.0
0.5,263,Improved-gOMP,optimized,5488.0,1024.0,2048.0,0.0,2048.0,128.0,128.0,56.0,48.0,0.0,0.0,8.0,0.0
0.5,264,Improved-gOMP,baseline,3616.0,1024.0,2048.0,0.0,0.0,0.0,336.0,48.0,40.0,40.0,40.0,40.0,0.0
0.5,264,Improved-gOMP,optimized,4512.0,1024.0,2048.0,0.0,1152.0,96.0,96.0,48.0,40.0,0.0,0.0,8.0,0.0
0.5,265,Improved-gOMP,baseline,3592.0,1024.0,2048.0,0.0,0.0,0.0,312.0,48.0,40.0,40.0,40.0,40.0,0.0
0.5,265,Improved-gOMP,optimized,4112.0,1024.0,2048.0,0.0,800.0,80.0,80.0,40.0,32.0,0.0,0.0,8.0,0.0
0.5,266,Improved-gOMP,baseline,3784.0,1024.0,2048.0,0.0,0.0,0.0,464.0,56.0,48.0,48.0,48.0,48.0,0.0
0.5,266,Improved-gOMP,optimized,5488.0,1024.0,2048.0,0.0,2048.0,128.0,128.0,56.0,48.0,0.0,0.0,8.0,0.0
0.5,267,Improved-gOMP,baseline,3784.0,1024.0,2048.0,0.0,0.0,0.0,464.0,56.0,48.0,48.0,48.0,48.0,0.0
0.5,267,Improved-gOMP,optimized,4728.0,1024.0,2048.0,0.0,1352.0,104.0,104.0,48.0,40.0,0.0,0.0,8.0,0.0
0.5,268,Improved-gOMP,baseline,3784.0,1024.0,2048.0,0.0,0.0,0.0,464.0,56.0,48.0,48.0,48.0,48.0,0.0
0.5,268,Improved-gOMP,optimized,5488.0,1024.0,2048.0,0.0,2048.0,128.0,128.0,56.0,48.0,0.0,0.0,8.0,0.0
0.5,269,Improved-gOMP,baseline,3784.0,1024.0,2048.0,0.0,0.0,0.0,464.0,56.0,48.0,48.0,48.0,48.0,0.0
0.5,269,Improved-gOMP,optimized,5488.0,1024.0,2048.0,0.0,2048.0,128.0,128.0,56.0,48.0,0.0,0.0,8.0,0.0
0.5,270,Improved-gOMP,baseline,3752.0,1024.0,2048.0,0.0,0.0,0.0,432.0,56.0,48.0,48.0,48.0,48.0,0.0
0.5,270,Improved-gOMP,optimized,5224.0,1024.0,2048.0,0.0,1800.0,120.0,120.0,56.0,48.0,0.0,0.0,8.0,0.0
0.5,271,Improved-gOMP,baseline,3808.0,1024.0,2048.0,0.0,0.0,0.0,488.0,56.0,48.0,48.0,48.0,48.0,0.0
0.5,271,Improved-gOMP,optimized,5488.0,1024.0,2048.0,0.0,2048.0,128.0,128.0,56.0,48.0,0.0,0.0,8.0,0.0
0.5,272,Improved-gOMP,baseline,3752.0,1024.0,2048.0,0.0,0.0,0.0,432.0,56.0,48.0,48.0,48.0,48.0,0.0
0.5,272,Improved-gOMP,optimized,5224.0,1024.0,2048.0,0.0,1800.0,120.0,120.0,56.0,48.0,0.0,0.0,8.0,0.0
0.5,273,Improved-gOMP,baseline,3808.0,1024.0,2048.0,0.0,0.0,0.0,488.0,56.0,48.0,48.0,48.0,48.0,0.0
0.5,273,Improved-gOMP,optimized,5488.0,1024.0,2048.0,0.0,2048.0,128.0,128.0,56.0,48.0,0.0,0.0,8.0,0.0
0.5,274,Improved-gOMP,baseline,3752.0,1024.0,2048.0,0.0,0.0,0.0,432.0,56.0,48.0,48.0,48.0,48.0,0.0
0.5,274,Improved-gOMP,optimized,5224.0,1024.0,2048.0,0.0,1800.0,120.0,120.0,56.0,48.0,0.0,0.0,8.0,0.0
0.5,275,Improved-gOMP,baseline,3752.0,1024.0,2048.0,0.0,0.0,0.0,432.0,56.0,48.0,48.0,48.0,48.0,0.0
0.5,275,Improved-gOMP,optimized,5224.0,1024.0,2048.0,0.0,1800.0,120.0,120.0,56.0,48.0,0.0,0.0,8.0,0.0
0.5,276,Improved-gOMP,baseline,3784.0,1024.0,2048.0,0.0,0.0,0.0,464.0,56.0,48.0,48.0,48.0,48.0,0.0
0.5,276,Improved-gOMP,optimized,5488.0,1024.0,2048.0,0.0,2048.0,128.0,128.0,56.0,48.0,0.0,0.0,8.0,0.0
0.5,277,Improved-gOMP,baseline,3784.0,1024.0,2048.0,0.0,0.0,0.0,464.0,56.0,48.0,48.0,48.0,48.0,0.0
0.5,277,Improved-gOMP,optimized,5488.0,1024.0,2048.0,0.0,2048.0,128.0,128.0,56.0,48.0,0.0,0.0,8.0,0.0
0.5,278,Improved-gOMP,baseline,3616.0,1024.0,2048.0,0.0,0.0,0.0,336.0,48.0,40.0,40.0,40.0,40.0,0.0
0.5,278,Improved-gOMP,optimized,4728.0,1024.0,2048.0,0.0,1352.0,104.0,104.0,48.0,40.0,0.0,0.0,8.0,0.0
0.5,279,Improved-gOMP,baseline,3784.0,1024.0,2048.0,0.0,0.0,0.0,464.0,56.0,48.0,48.0,48.0,48.0,0.0
0.5,279,Improved-gOMP,optimized,5224.0,1024.0,2048.0,0.0,1800.0,120.0,120.0,56.0,48.0,0.0,0.0,8.0,0.0
0.5,280,Improved-gOMP,baseline,3784.0,1024.0,2048.0,0.0,0.0,0.0,464.0,56.0,48.0,48.0,48.0,48.0,0.0
0.5,280,Improved-gOMP,optimized,5224.0,1024.0,2048.0,0.0,1800.0,120.0,120.0,56.0,48.0,0.0,0.0,8.0,0.0
0.5,281,Improved-gOMP,baseline,3784.0,1024.0,2048.0,0.0,0.0,0.0,464.0,56.0,48.0,48.0,48.0,48.0,0.0
0.5,281,Improved-gOMP,optimized,5488.0,1024.0,2048.0,0.0,2048.0,128.0,128.0,56.0,48.0,0.0,0.0,8.0,0.0
0.5,282,Improved-gOMP,baseline,3616.0,1024.0,2048.0,0.0,0.0,0.0,336.0,48.0,40.0,40.0,40.0,40.0,0.0
0.5,282,Improved-gOMP,optimized,4728.0,1024.0,2048.0,0.0,1352.0,104.0,104.0,48.0,40.0,0.0,0.0,8.0,0.0
0.5,283,Improved-gOMP,baseline,3592.0,1024.0,2048.0,0.0,0.0,0.0,312.0,48.0,40.0,40.0,40.0,40.0,0.0
0.5,283,Improved-gOMP,optimized,4512.0,1024.0,2048.0,0.0,1152.0,96.0,96.0,48.0,40.0,0.0,0.0,8.0,0.0
0.5,284,Improved-gOMP,baseline,3472.0,1024.0,2048.0,0.0,0.0,0.0,232.0,40.0,32.0,32.0,32.0,32.0,0.0
0.5,284,Improved-gOMP,optimized,4296.0,1024.0,2048.0,0.0,968.0,88.0,88.0,40.0,32.0,0.0,0.0,8.0,0.0
0.5,285,Improved-gOMP,baseline,3592.0,1024.0,2048.0,0.0,0.0,0.0,312.0,48.0,40.0,40.0,40.0,40.0,0.0
0.5,285,Improved-gOMP,optimized,4512.0,1024.0,2048.0,0.0,1152.0,96.0,96.0,48.0,40.0,0.0,0.0,8.0,0.0
0.5,286,Improved-gOMP,baseline,3808.0,1024.0,2048.0,0.0,0.0,0.0,488.0,56.0,48.0,48.0,48.0,48.0,0.0
0.5,286,Improved-gOMP,optimized,5488.0,1024.0,2048.0,0.0,2048.0,128.0,128.0,56.0,48.0,0.0,0.0,8.0,0.0
0.5,287,Improved-gOMP,baseline,3616.0,1024.0,2048.0,0.0,0.0,0.0,336.0,48.0,40.0,40.0,40.0,40.0,0.0
0.5,287,Improved-gOMP,optimized,4728.0,1024.0,2048.0,0.0,1352.0,104.0,104.0,48.0,40.0,0.0,0.0,8.0,0.0
0.5,288,Improved-gOMP,baseline,3784.0,1024.0,2048.0,0.0,0.0,0.0,464.0,56.0,48.0,48.0,48.0,48.0,0.0
0.5,288,Improved-gOMP,optimized,5224.0,1024.0,2048.0,0.0,1800.0,120.0,120.0,56.0,48.0,0.0,0.0,8.0,0.0
0.5,289,Improved-gOMP,baseline,3808.0,1024.0,2048.0,0.0,0.0,0.0,488.0,56.0,48.0,48.0,48.0,48.0,0.0
0.5,289,Improved-gOMP,optimized,5488.0,1024.0,2048.0,0.0,2048.0,128.0,128.0,56.0,48.0,0.0,0.0,8.0,0.0
0.5,290,Improved-gOMP,baseline,3808.0,1024.0,2048.0,0.0,0.0,0.0,488.0,56.0,48.0,48.0,48.0,48.0,0.0
0.5,290,Improved-gOMP,optimized,5488.0,1024.0,2048.0,0.0,2048.0,128.0,128.0,56.0,48.0,0.0,0.0,8.0,0.0
0.5,291,Improved-gOMP,baseline,3616.0,1024.0,2048.0,0.0,0.0,0.0,336.0,48.0,40.0,40.0,40.0,40.0,0.0
0.5,291,Improved-gOMP,optimized,4728.0,1024.0,2048.0,0.0,1352.0,104.0,104.0,48.0,40.0,0.0,0.0,8.0,0.0
0.5,292,Improved-gOMP,baseline,3784.0,1024.0,2048.0,0.0,0.0,0.0,464.0,56.0,48.0,48.0,48.0,48.0,0.0
0.5,292,Improved-gOMP,optimized,5488.0,1024.0,2048.0,0.0,2048.0,128.0,128.0,56.0,48.0,0.0,0.0,8.0,0.0
0.5,293,Improved-gOMP,baseline,3752.0,1024.0,2048.0,0.0,0.0,0.0,432.0,56.0,48.0,48.0,48.0,48.0,0.0
0.5,293,Improved-gOMP,optimized,5224.0,1024.0,2048.0,0.0,1800.0,120.0,120.0,56.0,48.0,0.0,0.0,8.0,0.0
0.5,294,Improved-gOMP,baseline,3784.0,1024.0,2048.0,0.0,0.0,0.0,464.0,56.0,48.0,48.0,48.0,48.0,0.0
0.5,294,Improved-gOMP,optimized,5488.0,1024.0,2048.0,0.0,2048.0,128.0,128.0,56.0,48.0,0.0,0.0,8.0,0.0
0.5,295,Improved-gOMP,baseline,3752.0,1024.0,2048.0,0.0,0.0,0.0,432.0,56.0,48.0,48.0,48.0,48.0,0.0
0.5,295,Improved-gOMP,optimized,5224.0,1024.0,2048.0,0.0,1800.0,120.0,120.0,56.0,48.0,0.0,0.0,8.0,0.0
0.5,296,Improved-gOMP,baseline,3784.0,1024.0,2048.0,0.0,0.0,0.0,464.0,56.0,48.0,48.0,48.0,48.0,0.0
0.5,296,Improved-gOMP,optimized,5224.0,1024.0,2048.0,0.0,1800.0,120.0,120.0,56.0,48.0,0.0,0.0,8.0,0.0
0.5,297,Improved-gOMP,baseline,3784.0,1024.0,2048.0,0.0,0.0,0.0,464.0,56.0,48.0,48.0,48.0,48.0,0.0
0.5,297,Improved-gOMP,optimized,5488.0,1024.0,2048.0,0.0,2048.0,128.0,128.0,56.0,48.0,0.0,0.0,8.0,0.0
0.5,298,Improved-gOMP,baseline,3784.0,1024.0,2048.0,0.0,0.0,0.0,464.0,56.0,48.0,48.0,48.0,48.0,0.0
0.5,298,Improved-gOMP,optimized,5488.0,1024.0,2048.0,0.0,2048.0,128.0,128.0,56.0,48.0,0.0,0.0,8.0,0.0
0.5,299,Improved-gOMP,baseline,3752.0,1024.0,2048.0,0.0,0.0,0.0,432.0,56.0,48.0,48.0,48.0,48.0,0.0
0.5,299,Improved-gOMP,optimized,5224.0,1024.0,2048.0,0.0,1800.0,120.0,120.0,56.0,48.0,0.0,0.0,8.0,0.0
0.5625,0,Improved-gOMP,baseline,3720.0,1152.0,2048.0,0.0,0.0,0.0,312.0,48.0,40.0,40.0,40.0,40.0,0.0
0.5625,0,Improved-gOMP,optimized,4640.0,1152.0,2048.0,0.0,1152.0,96.0,96.0,48.0,40.0,0.0,0.0,8.0,0.0
0.5625,1,Improved-gOMP,baseline,3744.0,1152.0,2048.0,0.0,0.0,0.0,336.0,48.0,40.0,40.0,40.0,40.0,0.0
0.5625,1,Improved-gOMP,optimized,4856.0,1152.0,2048.0,0.0,1352.0,104.0,104.0,48.0,40.0,0.0,0.0,8.0,0.0
0.5625,2,Improved-gOMP,baseline,3744.0,1152.0,2048.0,0.0,0.0,0.0,336.0,48.0,40.0,40.0,40.0,40.0,0.0
0.5625,2,Improved-gOMP,optimized,4856.0,1152.0,2048.0,0.0,1352.0,104.0,104.0,48.0,40.0,0.0,0.0,8.0,0.0
0.5625,3,Improved-gOMP,baseline,3912.0,1152.0,2048.0,0.0,0.0,0.0,464.0,56.0,48.0,48.0,48.0,48.0,0.0
0.5625,3,Improved-gOMP,optimized,5616.0,1152.0,2048.0,0.0,2048.0,128.0,128.0,56.0,48.0,0.0,0.0,8.0,0.0
0.5625,4,Improved-gOMP,baseline,3912.0,1152.0,2048.0,0.0,0.0,0.0,464.0,56.0,48.0,48.0,48.0,48.0,0.0
0.5625,4,Improved-gOMP,optimized,5616.0,1152.0,2048.0,0.0,2048.0,128.0,128.0,56.0,48.0,0.0,0.0,8.0,0.0
0.5625,5,Improved-gOMP,baseline,3912.0,1152.0,2048.0,0.0,0.0,0.0,464.0,56.0,48.0,48.0,48.0,48.0,0.0
0.5625,5,Improved-gOMP,optimized,5616.0,1152.0,2048.0,0.0,2048.0,128.0,128.0,56.0,48.0,0.0,0.0,8.0,0.0
0.5625,6,Improved-gOMP,baseline,3720.0,1152.0,2048.0,0.0,0.0,0.0,312.0,48.0,40.0,40.0,40.0,40.0,0.0
0.5625,6,Improved-gOMP,optimized,4640.0,1152.0,2048.0,0.0,1152.0,96.0,96.0,48.0,40.0,0.0,0.0,8.0,0.0
0.5625,7,Improved-gOMP,baseline,3744.0,1152.0,2048.0,0.0,0.0,0.0,336.0,48.0,40.0,40.0,40.0,40.0,0.0
0.5625,7,Improved-gOMP,optimized,4856.0,1152.0,2048.0,0.0,1352.0,104.0,104.0,48.0,40.0,0.0,0.0,8.0,0.0
0.5625,8,Improved-gOMP,baseline,3912.0,1152.0,2048.0,0.0,0.0,0.0,464.0,56.0,48.0,48.0,48.0,48.0,0.0
0.5625,8,Improved-gOMP,optimized,5616.0,1152.0,2048.0,0.0,2048.0,128.0,128.0,56.0,48.0,0.0,0.0,8.0,0.0
0.5625,9,Improved-gOMP,baseline,3912.0,1152.0,2048.0,0.0,0.0,0.0,464.0,56.0,48.0,48.0,48.0,48.0,0.0
0.5625,9,Improved-gOMP,optimized,5616.0,1152.0,2048.0,0.0,2048.0,128.0,128.0,56.0,48.0,0.0,0.0,8.0,0.0
0.5625,10,Improved-gOMP,baseline,3912.0,1152.0,2048.0,0.0,0.0,0.0,464.0,56.0,48.0,48.0,48.0,48.0,0.0
0.5625,10,Improved-gOMP,optimized,5616.0,1152.0,2048.0,0.0,2048.0,128.0,128.0,56.0,48.0,0.0,0.0,8.0,0.0
0.5625,11,Improved-gOMP,baseline,3912.0,1152.0,2048.0,0.0,0.0,0.0,464.0,56.0,48.0,48.0,48.0,48.0,0.0
0.5625,11,Improved-gOMP,optimized,5616.0,1152.0,2048.0,0.0,2048.0,128.0,128.0,56.0,48.0,0.0,0.0,8.0,0.0
0.5625,12,Improved-gOMP,baseline,3744.0,1152.0,2048.0,0.0,0.0,0.0,336.0,48.0,40.0,40.0,40.0,40.0,0.0
0.5625,12,Improved-gOMP,optimized,4856.0,1152.0,2048.0,0.0,1352.0,104.0,104.0,48.0,40.0,0.0,0.0,8.0,0.0
0.5625,13,Improved-gOMP,baseline,3768.0,1152.0,2048.0,0.0,0.0,0.0,360.0,48.0,40.0,40.0,40.0,40.0,0.0
0.5625,13,Improved-gOMP,optimized,5616.0,1152.0,2048.0,0.0,2048.0,128.0,128.0,56.0,48.0,0.0,0.0,8.0,0.0
0.5625,14,Improved-gOMP,baseline,3912.0,1152.0,2048.0,0.0,0.0,0.0,464.0,56.0,48.0,48.0,48.0,48.0,0.0
0.5625,14,Improved-gOMP,optimized,5616.0,1152.0,2048.0,0.0,2048.0,128.0,128.0,56.0,48.0,0.0,0.0,8.0,0.0
0.5625,15,Improved-gOMP,baseline,3912.0,1152.0,2048.0,0.0,0.0,0.0,464.0,56.0,48.0,48.0,48.0,48.0,0.0
0.5625,15,Improved-gOMP,optimized,5616.0,1152.0,2048.0,0.0,2048.0,128.0,128.0,56.0,48.0,0.0,0.0,8.0,0.0
0.5625,16,Improved-gOMP,baseline,3912.0,1152.0,2048.0,0.0,0.0,0.0,464.0,56.0,48.0,48.0,48.0,48.0,0.0
0.5625,16,Improved-gOMP,optimized,5616.0,1152.0,2048.0,0.0,2048.0,128.0,128.0,56.0,48.0,0.0,0.0,8.0,0.0
0.5625,17,Improved-gOMP,baseline,3744.0,1152.0,2048.0,0.0,0.0,0.0,336.0,48.0,40.0,40.0,40.0,40.0,0.0
0.5625,17,Improved-gOMP,optimized,4640.0,1152.0,2048.0,0.0,1152.0,96.0,96.0,48.0,40.0,0.0,0.0,8.0,0.0
0.5625,18,Improved-gOMP,baseline,3912.0,1152.0,2048.0,0.0,0.0,0.0,464.0,56.0,48.0,48.0,48.0,48.0,0.0
0.5625,18,Improved-gOMP,optimized,5616.0,1152.0,2048.0,0.0,2048.0,128.0,128.0,56.0,48.0,0.0,0.0,8.0,0.0
0.5625,19,Improved-gOMP,baseline,3912.0,1152.0,2048.0,0.0,0.0,0.0,464.0,56.0,48.0,48.0,48.0,48.0,0.0
0.5625,19,Improved-gOMP,optimized,5616.0,1152.0,2048.0,0.0,2048.0,128.0,128.0,56.0,48.0,0.0,0.0,8.0,0.0
0.5625,20,Improved-gOMP,baseline,3720.0,1152.0,2048.0,0.0,0.0,0.0,312.0,48.0,40.0,40.0,40.0,40.0,0.0
0.5625,20,Improved-gOMP,optimized,4640.0,1152.0,2048.0,0.0,1152.0,96.0,96.0,48.0,40.0,0.0,0.0,8.0,0.0
0.5625,21,Improved-gOMP,baseline,3880.0,1152.0,2048.0,0.0,0.0,0.0,432.0,56.0,48.0,48.0,48.0,48.0,0.0
0.5625,21,Improved-gOMP,optimized,5352.0,1152.0,2048.0,0.0,1800.0,120.0,120.0,56.0,48.0,0.0,0.0,8.0,0.0
0.5625,22,Improved-gOMP,baseline,3880.0,1152.0,2048.0,0.0,0.0,0.0,432.0,56.0,48.0,48.0,48.0,48.0,0.0
0.5625,22,Improved-gOMP,optimized,4872.0,1152.0,2048.0,0.0,1352.0,104.0,104.0,56.0,48.0,0.0,0.0,8.0,0.0
0.5625,23,Improved-gOMP,baseline,3744.0,1152.0,2048.0,0.0,0.0,0.0,336.0,48.0,40.0,40.0,40.0,40.0,0.0
0.5625,23,Improved-gOMP,optimized,4856.0,1152.0,2048.0,0.0,1352.0,104.0,104.0,48.0,40.0,0.0,0.0,8.0,0.0
0.5625,24,Improved-gOMP,baseline,3912.0,1152.0,2048.0,0.0,0.0,0.0,464.0,56.0,48.0,48.0,48.0,48.0,0.0
0.5625,24,Improved-gOMP,optimized,5352.0,1152.0,2048.0,0.0,1800.0,120.0,120.0,56.0,48.0,0.0,0.0,8.0,0.0
0.5625,25,Improved-gOMP,baseline,3880.0,1152.0,2048.0,0.0,0.0,0.0,432.0,56.0,48.0,48.0,48.0,48.0,0.0
0.5625,25,Improved-gOMP,optimized,5352.0,1152.0,2048.0,0.0,1800.0,120.0,120.0,56.0,48.0,0.0,0.0,8.0,0.0
0.5625,26,Improved-gOMP,baseline,3912.0,1152.0,2048.0,0.0,0.0,0.0,464.0,56.0,48.0,48.0,48.0,48.0,0.0
0.5625,26,Improved-gOMP,optimized,5616.0,1152.0,2048.0,0.0,2048.0,128.0,128.0,56.0,48.0,0.0,0.0,8.0,0.0
0.5625,27,Improved-gOMP,baseline,3912.0,1152.0,2048.0,0.0,0.0,0.0,464.0,56.0,48.0,48.0,48.0,48.0,0.0
0.5625,27,Improved-gOMP,optimized,5616.0,1152.0,2048.0,0.0,2048.0,128.0,128.0,56.0,48.0,0.0,0.0,8.0,0.0
0.5625,28,Improved-gOMP,baseline,3880.0,1152.0,2048.0,0.0,0.0,0.0,432.0,56.0,48.0,48.0,48.0,48.0,0.0
0.5625,28,Improved-gOMP,optimized,5352.0,1152.0,2048.0,0.0,1800.0,120.0,120.0,56.0,48.0,0.0,0.0,8.0,0.0
0.5625,29,Improved-gOMP,baseline,3720.0,1152.0,2048.0,0.0,0.0,0.0,312.0,48.0,40.0,40.0,40.0,40.0,0.0
0.5625,29,Improved-gOMP,optimized,4640.0,1152.0,2048.0,0.0,1152.0,96.0,96.0,48.0,40.0,0.0,0.0,8.0,0.0
0.5625,30,Improved-gOMP,baseline,3912.0,1152.0,2048.0,0.0,0.0,0.0,464.0,56.0,48.0,48.0,48.0,48.0,0.0
0.5625,30,Improved-gOMP,optimized,5616.0,1152.0,2048.0,0.0,2048.0,128.0,128.0,56.0,48.0,0.0,0.0,8.0,0.0
0.5625,31,Improved-gOMP,baseline,3912.0,1152.0,2048.0,0.0,0.0,0.0,464.0,56.0,48.0,48.0,48.0,48.0,0.0
0.5625,31,Improved-gOMP,optimized,5616.0,1152.0,2048.0,0.0,2048.0,128.0,128.0,56.0,48.0,0.0,0.0,8.0,0.0
0.5625,32,Improved-gOMP,baseline,3912.0,1152.0,2048.0,0.0,0.0,0.0,464.0,56.0,48.0,48.0,48.0,48.0,0.0
0.5625,32,Improved-gOMP,optimized,5616.0,1152.0,2048.0,0.0,2048.0,128.0,128.0,56.0,48.0,0.0,0.0,8.0,0.0
0.5625,33,Improved-gOMP,baseline,3912.0,1152.0,2048.0,0.0,0.0,0.0,464.0,56.0,48.0,48.0,48.0,48.0,0.0
0.5625,33,Improved-gOMP,optimized,4856.0,1152.0,2048.0,0.0,1352.0,104.0,104.0,48.0,40.0,0.0,0.0,8.0,0.0
0.5625,34,Improved-gOMP,baseline,3912.0,1152.0,2048.0,0.0,0.0,0.0,464.0,56.0,48.0,48.0,48.0,48.0,0.0
0.5625,34,Improved-gOMP,optimized,5616.0,1152.0,2048.0,0.0,2048.0,128.0,128.0,56.0,48.0,0.0,0.0,8.0,0.0
0.5625,35,Improved-gOMP,baseline,3912.0,1152.0,2048.0,0.0,0.0,0.0,464.0,56.0,48.0,48.0,48.0,48.0,0.0
0.5625,35,Improved-gOMP,optimized,5616.0,1152.0,2048.0,0.0,2048.0,128.0,128.0,56.0,48.0,0.0,0.0,8.0,0.0
0.5625,36,Improved-gOMP,baseline,3880.0,1152.0,2048.0,0.0,0.0,0.0,432.0,56.0,48.0,48.0,48.0,48.0,0.0
0.5625,36,Improved-gOMP,optimized,5352.0,1152.0,2048.0,0.0,1800.0,120.0,120.0,56.0,48.0,0.0,0.0,8.0,0.0
0.5625,37,Improved-gOMP,baseline,3744.0,1152.0,2048.0,0.0,0.0,0.0,336.0,48.0,40.0,40.0,40.0,40.0,0.0
0.5625,37,Improved-gOMP,optimized,4856.0,1152.0,2048.0,0.0,1352.0,104.0,104.0,48.0,40.0,0.0,0.0,8.0,0.0
0.5625,38,Improved-gOMP,baseline,3744.0,1152.0,2048.0,0.0,0.0,0.0,336.0,48.0,40.0,40.0,40.0,40.0,0.0
0.5625,38,Improved-gOMP,optimized,4856.0,1152.0,2048.0,0.0,1352.0,104.0,104.0,48.0,40.0,0.0,0.0,8.0,0.0
0.5625,39,Improved-gOMP,baseline,3912.0,1152.0,2048.0,0.0,0.0,0.0,464.0,56.0,48.0,48.0,48.0,48.0,0.0
0.5625,39,Improved-gOMP,optimized,5616.0,1152.0,2048.0,0.0,2048.0,128.0,128.0,56.0,48.0,0.0,0.0,8.0,0.0
0.5625,40,Improved-gOMP,baseline,3768.0,1152.0,2048.0,0.0,0.0,0.0,360.0,48.0,40.0,40.0,40.0,40.0,0.0
0.5625,40,Improved-gOMP,optimized,5336.0,1152.0,2048.0,0.0,1800.0,120.0,120.0,48.0,40.0,0.0,0.0,8.0,0.0
0.5625,41,Improved-gOMP,baseline,3912.0,1152.0,2048.0,0.0,0.0,0.0,464.0,56.0,48.0,48.0,48.0,48.0,0.0
0.5625,41,Improved-gOMP,optimized,5616.0,1152.0,2048.0,0.0,2048.0,128.0,128.0,56.0,48.0,0.0,0.0,8.0,0.0
0.5625,42,Improved-gOMP,baseline,3744.0,1152.0,2048.0,0.0,0.0,0.0,336.0,48.0,40.0,40.0,40.0,40.0,0.0
0.5625,42,Improved-gOMP,optimized,4856.0,1152.0,2048.0,0.0,1352.0,104.0,104.0,48.0,40.0,0.0,0.0,8.0,0.0
0.5625,43,Improved-gOMP,baseline,3912.0,1152.0,2048.0,0.0,0.0,0.0,464.0,56.0,48.0,48.0,48.0,48.0,0.0
0.5625,43,Improved-gOMP,optimized,4856.0,1152.0,2048.0,0.0,1352.0,104.0,104.0,48.0,40.0,0.0,0.0,8.0,0.0
0.5625,44,Improved-gOMP,baseline,3912.0,1152.0,2048.0,0.0,0.0,0.0,464.0,56.0,48.0,48.0,48.0,48.0,0.0
0.5625,44,Improved-gOMP,optimized,5616.0,1152.0,2048.0,0.0,2048.0,128.0,128.0,56.0,48.0,0.0,0.0,8.0,0.0
0.5625,45,Improved-gOMP,baseline,3744.0,1152.0,2048.0,0.0,0.0,0.0,336.0,48.0,40.0,40.0,40.0,40.0,0.0
0.5625,45,Improved-gOMP,optimized,4640.0,1152.0,2048.0,0.0,1152.0,96.0,96.0,48.0,40.0,0.0,0.0,8.0,0.0
0.5625,46,Improved-gOMP,baseline,3720.0,1152.0,2048.0,0.0,0.0,0.0,312.0,48.0,40.0,40.0,40.0,40.0,0.0
0.5625,46,Improved-gOMP,optimized,4640.0,1152.0,2048.0,0.0,1152.0,96.0,96.0,48.0,40.0,0.0,0.0,8.0,0.0
0.5625,47,Improved-gOMP,baseline,3768.0,1152.0,2048.0,0.0,0.0,0.0,360.0,48.0,40.0,40.0,40.0,40.0,0.0
0.5625,47,Improved-gOMP,optimized,5616.0,1152.0,2048.0,0.0,2048.0,128.0,128.0,56.0,48.0,0.0,0.0,8.0,0.0
0.5625,48,Improved-gOMP,baseline,3744.0,1152.0,2048.0,0.0,0.0,0.0,336.0,48.0,40.0,40.0,40.0,40.0,0.0
0.5625,48,Improved-gOMP,optimized,4856.0,1152.0,2048.0,0.0,1352.0,104.0,104.0,48.0,40.0,0.0,0.0,8.0,0.0
0.5625,49,Improved-gOMP,baseline,3912.0,1152.0,2048.0,0.0,0.0,0.0,464.0,56.0,48.0,48.0,48.0,48.0,0.0
0.5625,49,Improved-gOMP,optimized,5616.0,1152.0,2048.0,0.0,2048.0,128.0,128.0,56.0,48.0,0.0,0.0,8.0,0.0
0.5625,50,Improved-gOMP,baseline,3744.0,1152.0,2048.0,0.0,0.0,0.0,336.0,48.0,40.0,40.0,40.0,40.0,0.0
0.5625,50,Improved-gOMP,optimized,4856.0,1152.0,2048.0,0.0,1352.0,104.0,104.0,48.0,40.0,0.0,0.0,8.0,0.0
0.5625,51,Improved-gOMP,baseline,3912.0,1152.0,2048.0,0.0,0.0,0.0,464.0,56.0,48.0,48.0,48.0,48.0,0.0
0.5625,51,Improved-gOMP,optimized,5616.0,1152.0,2048.0,0.0,2048.0,128.0,128.0,56.0,48.0,0.0,0.0,8.0,0.0
0.5625,52,Improved-gOMP,baseline,3912.0,1152.0,2048.0,0.0,0.0,0.0,464.0,56.0,48.0,48.0,48.0,48.0,0.0
0.5625,52,Improved-gOMP,optimized,5616.0,1152.0,2048.0,0.0,2048.0,128.0,128.0,56.0,48.0,0.0,0.0,8.0,0.0
0.5625,53,Improved-gOMP,baseline,3936.0,1152.0,2048.0,0.0,0.0,0.0,488.0,56.0,48.0,48.0,48.0,48.0,0.0
0.5625,53,Improved-gOMP,optimized,5616.0,1152.0,2048.0,0.0,2048.0,128.0,128.0,56.0,48.0,0.0,0.0,8.0,0.0
0.5625,54,Improved-gOMP,baseline,3912.0,1152.0,2048.0,0.0,0.0,0.0,464.0,56.0,48.0,48.0,48.0,48.0,0.0
0.5625,54,Improved-gOMP,optimized,5616.0,1152.0,2048.0,0.0,2048.0,128.0,128.0,56.0,48.0,0.0,0.0,8.0,0.0
0.5625,55,Improved-gOMP,baseline,3912.0,1152.0,2048.0,0.0,0.0,0.0,464.0,56.0,48.0,48.0,48.0,48.0,0.0
0.5625,55,Improved-gOMP,optimized,5616.0,1152.0,2048.0,0.0,2048.0,128.0,128.0,56.0,48.0,0.0,0.0,8.0,0.0
0.5625,56,Improved-gOMP,baseline,3720.0,1152.0,2048.0,0.0,0.0,0.0,312.0,48.0,40.0,40.0,40.0,40.0,0.0
0.5625,56,Improved-gOMP,optimized,4640.0,1152.0,2048.0,0.0,1152.0,96.0,96.0,48.0,40.0,0.0,0.0,8.0,0.0
0.5625,57,Improved-gOMP,baseline,3744.0,1152.0,2048.0,0.0,0.0,0.0,336.0,48.0,40.0,40.0,40.0,40.0,0.0
0.5625,57,Improved-gOMP,optimized,4856.0,1152.0,2048.0,0.0,1352.0,104.0,104.0,48.0,40.0,0.0,0.0,8.0,0.0
0.5625,58,Improved-gOMP,baseline,3744.0,1152.0,2048.0,0.0,0.0,0.0,336.0,48.0,40.0,40.0,40.0,40.0,0.0
0.5625,58,Improved-gOMP,optimized,4856.0,1152.0,2048.0,0.0,1352.0,104.0,104.0,48.0,40.0,0.0,0.0,8.0,0.0
0.5625,59,Improved-gOMP,baseline,3912.0,1152.0,2048.0,0.0,0.0,0.0,464.0,56.0,48.0,48.0,48.0,48.0,0.0
0.5625,59,Improved-gOMP,optimized,5616.0,1152.0,2048.0,0.0,2048.0,128.0,128.0,56.0,48.0,0.0,0.0,8.0,0.0
0.5625,60,Improved-gOMP,baseline,3768.0,1152.0,2048.0,0.0,0.0,0.0,360.0,48.0,40.0,40.0,40.0,40.0,0.0
0.5625,60,Improved-gOMP,optimized,5336.0,1152.0,2048.0,0.0,1800.0,120.0,120.0,48.0,40.0,0.0,0.0,8.0,0.0
0.5625,61,Improved-gOMP,baseline,3912.0,1152.0,2048.0,0.0,0.0,0.0,464.0,56.0,48.0,48.0,48.0,48.0,0.0
0.5625,61,Improved-gOMP,optimized,5616.0,1152.0,2048.0,0.0,2048.0,128.0,128.0,56.0,48.0,0.0,0.0,8.0,0.0
0.5625,62,Improved-gOMP,baseline,3912.0,1152.0,2048.0,0.0,0.0,0.0,464.0,56.0,48.0,48.0,48.0,48.0,0.0
0.5625,62,Improved-gOMP,optimized,5616.0,1152.0,2048.0,0.0,2048.0,128.0,128.0,56.0,48.0,0.0,0.0,8.0,0.0
0.5625,63,Improved-gOMP,baseline,3744.0,1152.0,2048.0,0.0,0.0,0.0,336.0,48.0,40.0,40.0,40.0,40.0,0.0
0.5625,63,Improved-gOMP,optimized,4856.0,1152.0,2048.0,0.0,1352.0,104.0,104.0,48.0,40.0,0.0,0.0,8.0,0.0
0.5625,64,Improved-gOMP,baseline,3768.0,1152.0,2048.0,0.0,0.0,0.0,360.0,48.0,40.0,40.0,40.0,40.0,0.0
0.5625,64,Improved-gOMP,optimized,5336.0,1152.0,2048.0,0.0,1800.0,120.0,120.0,48.0,40.0,0.0,0.0,8.0,0.0
0.5625,65,Improved-gOMP,baseline,3912.0,1152.0,2048.0,0.0,0.0,0.0,464.0,56.0,48.0,48.0,48.0,48.0,0.0
0.5625,65,Improved-gOMP,optimized,5616.0,1152.0,2048.0,0.0,2048.0,128.0,128.0,56.0,48.0,0.0,0.0,8.0,0.0
0.5625,66,Improved-gOMP,baseline,3768.0,1152.0,2048.0,0.0,0.0,0.0,360.0,48.0,40.0,40.0,40.0,40.0,0.0
0.5625,66,Improved-gOMP,optimized,5616.0,1152.0,2048.0,0.0,2048.0,128.0,128.0,56.0,48.0,0.0,0.0,8.0,0.0
0.5625,67,Improved-gOMP,baseline,3880.0,1152.0,2048.0,0.0,0.0,0.0,432.0,56.0,48.0,48.0,48.0,48.0,0.0
0.5625,67,Improved-gOMP,optimized,5352.0,1152.0,2048.0,0.0,1800.0,120.0,120.0,56.0,48.0,0.0,0.0,8.0,0.0
0.5625,68,Improved-gOMP,baseline,3880.0,1152.0,2048.0,0.0,0.0,0.0,432.0,56.0,48.0,48.0,48.0,48.0,0.0
0.5625,68,Improved-gOMP,optimized,5352.0,1152.0,2048.0,0.0,1800.0,120.0,120.0,56.0,48.0,0.0,0.0,8.0,0.0
0.5625,69,Improved-gOMP,baseline,3744.0,1152.0,2048.0,0.0,0.0,0.0,336.0,48.0,40.0,40.0,40.0,40.0,0.0
0.5625,69,Improved-gOMP,optimized,4856.0,1152.0,2048.0,0.0,1352.0,104.0,104.0,48.0,40.0,0.0,0.0,8.0,0.0
0.5625,70,Improved-gOMP,baseline,3912.0,1152.0,2048.0,0.0,0.0,0.0,464.0,56.0,48.0,48.0,48.0,48.0,0.0
0.5625,70,Improved-gOMP,optimized,5616.0,1152.0,2048.0,0.0,2048.0,128.0,128.0,56.0,48.0,0.0,0.0,8.0,0.0
0.5625,71,Improved-gOMP,baseline,3744.0,1152.0,2048.0,0.0,0.0,0.0,336.0,48.0,40.0,40.0,40.0,40.0,0.0
0.5625,71,Improved-gOMP,optimized,4856.0,1152.0,2048.0,0.0,1352.0,104.0,104.0,48.0,40.0,0.0,0.0,8.0,0.0
0.5625,72,Improved-gOMP,baseline,3912.0,1152.0,2048.0,0.0,0.0,0.0,464.0,56.0,48.0,48.0,48.0,48.0,0.0
0.5625,72,Improved-gOMP,optimized,5616.0,1152.0,2048.0,0.0,2048.0,128.0,128.0,56.0,48.0,0.0,0.0,8.0,0.0
0.5625,73,Improved-gOMP,baseline,3912.0,1152.0,2048.0,0.0,0.0,0.0,464.0,56.0,48.0,48.0,48.0,48.0,0.0
0.5625,73,Improved-gOMP,optimized,5616.0,1152.0,2048.0,0.0,2048.0,128.0,128.0,56.0,48.0,0.0,0.0,8.0,0.0
0.5625,74,Improved-gOMP,baseline,3744.0,1152.0,2048.0,0.0,0.0,0.0,336.0,48.0,40.0,40.0,40.0,40.0,0.0
0.5625,74,Improved-gOMP,optimized,4856.0,1152.0,2048.0,0.0,1352.0,104.0,104.0,48.0,40.0,0.0,0.0,8.0,0.0
0.5625,75,Improved-gOMP,baseline,3768.0,1152.0,2048.0,0.0,0.0,0.0,360.0,48.0,40.0,40.0,40.0,40.0,0.0
0.5625,75,Improved-gOMP,optimized,5616.0,1152.0,2048.0,0.0,2048.0,128.0,128.0,56.0,48.0,0.0,0.0,8.0,0.0
0.5625,76,Improved-gOMP,baseline,3880.0,1152.0,2048.0,0.0,0.0,0.0,432.0,56.0,48.0,48.0,48.0,48.0,0.0
0.5625,76,Improved-gOMP,optimized,5352.0,1152.0,2048.0,0.0,1800.0,120.0,120.0,56.0,48.0,0.0,0.0,8.0,0.0
0.5625,77,Improved-gOMP,baseline,3936.0,1152.0,2048.0,0.0,0.0,0.0,488.0,56.0,48.0,48.0,48.0,48.0,0.0
0.5625,77,Improved-gOMP,optimized,5616.0,1152.0,2048.0,0.0,2048.0,128.0,128.0,56.0,48.0,0.0,0.0,8.0,0.0
0.5625,78,Improved-gOMP,baseline,3768.0,1152.0,2048.0,0.0,0.0,0.0,360.0,48.0,40.0,40.0,40.0,40.0,0.0
0.5625,78,Improved-gOMP,optimized,4856.0,1152.0,2048.0,0.0,1352.0,104.0,104.0,48.0,40.0,0.0,0.0,8.0,0.0
0.5625,79,Improved-gOMP,baseline,3912.0,1152.0,2048.0,0.0,0.0,0.0,464.0,56.0,48.0,48.0,48.0,48.0,0.0
0.5625,79,Improved-gOMP,optimized,5616.0,1152.0,2048.0,0.0,2048.0,128.0,128.0,56.0,48.0,0.0,0.0,8.0,0.0
0.5625,80,Improved-gOMP,baseline,3912.0,1152.0,2048.0,0.0,0.0,0.0,464.0,56.0,48.0,48.0,48.0,48.0,0.0
0.5625,80,Improved-gOMP,optimized,5616.0,1152.0,2048.0,0.0,2048.0,128.0,128.0,56.0,48.0,0.0,0.0,8.0,0.0
0.5625,81,Improved-gOMP,baseline,3912.0,1152.0,2048.0,0.0,0.0,0.0,464.0,56.0,48.0,48.0,48.0,48.0,0.0
0.5625,81,Improved-gOMP,optimized,5616.0,1152.0,2048.0,0.0,2048.0,128.0,128.0,56.0,48.0,0.0,0.0,8.0,0.0
0.5625,82,Improved-gOMP,baseline,3912.0,1152.0,2048.0,0.0,0.0,0.0,464.0,56.0,48.0,48.0,48.0,48.0,0.0
0.5625,82,Improved-gOMP,optimized,4856.0,1152.0,2048.0,0.0,1352.0,104.0,104.0,48.0,40.0,0.0,0.0,8.0,0.0
0.5625,83,Improved-gOMP,baseline,3912.0,1152.0,2048.0,0.0,0.0,0.0,464.0,56.0,48.0,48.0,48.0,48.0,0.0
0.5625,83,Improved-gOMP,optimized,5616.0,1152.0,2048.0,0.0,2048.0,128.0,128.0,56.0,48.0,0.0,0.0,8.0,0.0
0.5625,84,Improved-gOMP,baseline,3744.0,1152.0,2048.0,0.0,0.0,0.0,336.0,48.0,40.0,40.0,40.0,40.0,0.0
0.5625,84,Improved-gOMP,optimized,4856.0,1152.0,2048.0,0.0,1352.0,104.0,104.0,48.0,40.0,0.0,0.0,8.0,0.0
0.5625,85,Improved-gOMP,baseline,3912.0,1152.0,2048.0,0.0,0.0,0.0,464.0,56.0,48.0,48.0,48.0,48.0,0.0
0.5625,85,Improved-gOMP,optimized,4856.0,1152.0,2048.0,0.0,1352.0,104.0,104.0,48.0,40.0,0.0,0.0,8.0,0.0
0.5625,86,Improved-gOMP,baseline,3768.0,1152.0,2048.0,0.0,0.0,0.0,360.0,48.0,40.0,40.0,40.0,40.0,0.0
0.5625,86,Improved-gOMP,optimized,5336.0,1152.0,2048.0,0.0,1800.0,120.0,120.0,48.0,40.0,0.0,0.0,8.0,0.0
0.5625,87,Improved-gOMP,baseline,3744.0,1152.0,2048.0,0.0,0.0,0.0,336.0,48.0,40.0,40.0,40.0,40.0,0.0
0.5625,87,Improved-gOMP,optimized,4856.0,1152.0,2048.0,0.0,1352.0,104.0,104.0,48.0,40.0,0.0,0.0,8.0,0.0
0.5625,88,Improved-gOMP,baseline,3912.0,1152.0,2048.0,0.0,0.0,0.0,464.0,56.0,48.0,48.0,48.0,48.0,0.0
0.5625,88,Improved-gOMP,optimized,5616.0,1152.0,2048.0,0.0,2048.0,128.0,128.0,56.0,48.0,0.0,0.0,8.0,0.0
0.5625,89,Improved-gOMP,baseline,3912.0,1152.0,2048.0,0.0,0.0,0.0,464.0,56.0,48.0,48.0,48.0,48.0,0.0
0.5625,89,Improved-gOMP,optimized,5616.0,1152.0,2048.0,0.0,2048.0,128.0,128.0,56.0,48.0,0.0,0.0,8.0,0.0
0.5625,90,Improved-gOMP,baseline,3880.0,1152.0,2048.0,0.0,0.0,0.0,432.0,56.0,48.0,48.0,48.0,48.0,0.0
0.5625,90,Improved-gOMP,optimized,5352.0,1152.0,2048.0,0.0,1800.0,120.0,120.0,56.0,48.0,0.0,0.0,8.0,0.0
0.5625,91,Improved-gOMP,baseline,3912.0,1152.0,2048.0,0.0,0.0,0.0,464.0,56.0,48.0,48.0,48.0,48.0,0.0
0.5625,91,Improved-gOMP,optimized,5616.0,1152.0,2048.0,0.0,2048.0,128.0,128.0,56.0,48.0,0.0,0.0,8.0,0.0
0.5625,92,Improved-gOMP,baseline,3912.0,1152.0,2048.0,0.0,0.0,0.0,464.0,56.0,48.0,48.0,48.0,48.0,0.0
0.5625,92,Improved-gOMP,optimized,5616.0,1152.0,2048.0,0.0,2048.0,128.0,128.0,56.0,48.0,0.0,0.0,8.0,0.0
0.5625,93,Improved-gOMP,baseline,3912.0,1152.0,2048.0,0.0,0.0,0.0,464.0,56.0,48.0,48.0,48.0,48.0,0.0
0.5625,93,Improved-gOMP,optimized,4856.0,1152.0,2048.0,0.0,1352.0,104.0,104.0,48.0,40.0,0.0,0.0,8.0,0.0
0.5625,94,Improved-gOMP,baseline,3912.0,1152.0,2048.0,0.0,0.0,0.0,464.0,56.0,48.0,48.0,48.0,48.0,0.0
0.5625,94,Improved-gOMP,optimized,5616.0,1152.0,2048.0,0.0,2048.0,128.0,128.0,56.0,48.0,0.0,0.0,8.0,0.0
0.5625,95,Improved-gOMP,baseline,3912.0,1152.0,2048.0,0.0,0.0,0.0,464.0,56.0,48.0,48.0,48.0,48.0,0.0
0.5625,95,Improved-gOMP,optimized,5616.0,1152.0,2048.0,0.0,2048.0,128.0,128.0,56.0,48.0,0.0,0.0,8.0,0.0
0.5625,96,Improved-gOMP,baseline,3912.0,1152.0,2048.0,0.0,0.0,0.0,464.0,56.0,48.0,48.0,48.0,48.0,0.0
0.5625,96,Improved-gOMP,optimized,5616.0,1152.0,2048.0,0.0,2048.0,128.0,128.0,56.0,48.0,0.0,0.0,8.0,0.0
0.5625,97,Improved-gOMP,baseline,3768.0,1152.0,2048.0,0.0,0.0,0.0,360.0,48.0,40.0,40.0,40.0,40.0,0.0
0.5625,97,Improved-gOMP,optimized,5616.0,1152.0,2048.0,0.0,2048.0,128.0,128.0,56.0,48.0,0.0,0.0,8.0,0.0
0.5625,98,Improved-gOMP,baseline,3744.0,1152.0,2048.0,0.0,0.0,0.0,336.0,48.0,40.0,40.0,40.0,40.0,0.0
0.5625,98,Improved-gOMP,optimized,4856.0,1152.0,2048.0,0.0,1352.0,104.0,104.0,48.0,40.0,0.0,0.0,8.0,0.0
0.5625,99,Improved-gOMP,baseline,3936.0,1152.0,2048.0,0.0,0.0,0.0,488.0,56.0,48.0,48.0,48.0,48.0,0.0
0.5625,99,Improved-gOMP,optimized,5616.0,1152.0,2048.0,0.0,2048.0,128.0,128.0,56.0,48.0,0.0,0.0,8.0,0.0
0.5625,100,Improved-gOMP,baseline,3912.0,1152.0,2048.0,0.0,0.0,0.0,464.0,56.0,48.0,48.0,48.0,48.0,0.0
0.5625,100,Improved-gOMP,optimized,5352.0,1152.0,2048.0,0.0,1800.0,120.0,120.0,56.0,48.0,0.0,0.0,8.0,0.0
0.5625,101,Improved-gOMP,baseline,3912.0,1152.0,2048.0,0.0,0.0,0.0,464.0,56.0,48.0,48.0,48.0,48.0,0.0
0.5625,101,Improved-gOMP,optimized,5616.0,1152.0,2048.0,0.0,2048.0,128.0,128.0,56.0,48.0,0.0,0.0,8.0,0.0
0.5625,102,Improved-gOMP,baseline,3912.0,1152.0,2048.0,0.0,0.0,0.0,464.0,56.0,48.0,48.0,48.0,48.0,0.0
0.5625,102,Improved-gOMP,optimized,4856.0,1152.0,2048.0,0.0,1352.0,104.0,104.0,48.0,40.0,0.0,0.0,8.0,0.0
0.5625,103,Improved-gOMP,baseline,3744.0,1152.0,2048.0,0.0,0.0,0.0,336.0,48.0,40.0,40.0,40.0,40.0,0.0
0.5625,103,Improved-gOMP,optimized,4856.0,1152.0,2048.0,0.0,1352.0,104.0,104.0,48.0,40.0,0.0,0.0,8.0,0.0
0.5625,104,Improved-gOMP,baseline,3720.0,1152.0,2048.0,0.0,0.0,0.0,312.0,48.0,40.0,40.0,40.0,40.0,0.0
0.5625,104,Improved-gOMP,optimized,4640.0,1152.0,2048.0,0.0,1152.0,96.0,96.0,48.0,40.0,0.0,0.0,8.0,0.0
0.5625,105,Improved-gOMP,baseline,3912.0,1152.0,2048.0,0.0,0.0,0.0,464.0,56.0,48.0,48.0,48.0,48.0,0.0
0.5625,105,Improved-gOMP,optimized,4856.0,1152.0,2048.0,0.0,1352.0,104.0,104.0,48.0,40.0,0.0,0.0,8.0,0.0
0.5625,106,Improved-gOMP,baseline,3880.0,1152.0,2048.0,0.0,0.0,0.0,432.0,56.0,48.0,48.0,48.0,48.0,0.0
0.5625,106,Improved-gOMP,optimized,5352.0,1152.0,2048.0,0.0,1800.0,120.0,120.0,56.0,48.0,0.0,0.0,8.0,0.0
0.5625,107,Improved-gOMP,baseline,3912.0,1152.0,2048.0,0.0,0.0,0.0,464.0,56.0,48.0,48.0,48.0,48.0,0.0
0.5625,107,Improved-gOMP,optimized,4856.0,1152.0,2048.0,0.0,1352.0,104.0,104.0,48.0,40.0,0.0,0.0,8.0,0.0
0.5625,108,Improved-gOMP,baseline,3912.0,1152.0,2048.0,0.0,0.0,0.0,464.0,56.0,48.0,48.0,48.0,48.0,0.0
0.5625,108,Improved-gOMP,optimized,4856.0,1152.0,2048.0,0.0,1352.0,104.0,104.0,48.0,40.0,0.0,0.0,8.0,0.0
0.5625,109,Improved-gOMP,baseline,3912.0,1152.0,2048.0,0.0,0.0,0.0,464.0,56.0,48.0,48.0,48.0,48.0,0.0
0.5625,109,Improved-gOMP,optimized,5616.0,1152.0,2048.0,0.0,2048.0,128.0,128.0,56.0,48.0,0.0,0.0,8.0,0.0
0.5625,110,Improved-gOMP,baseline,3768.0,1152.0,2048.0,0.0,0.0,0.0,360.0,48.0,40.0,40.0,40.0,40.0,0.0
0.5625,110,Improved-gOMP,optimized,5336.0,1152.0,2048.0,0.0,1800.0,120.0,120.0,48.0,40.0,0.0,0.0,8.0,0.0
0.5625,111,Improved-gOMP,baseline,3600.0,1152.0,2048.0,0.0,0.0,0.0,232.0,40.0,32.0,32.0,32.0,32.0,0.0
0.5625,111,Improved-gOMP,optimized,4856.0,1152.0,2048.0,0.0,1352.0,104.0,104.0,48.0,40.0,0.0,0.0,8.0,0.0
0.5625,112,Improved-gOMP,baseline,3912.0,1152.0,2048.0,0.0,0.0,0.0,464.0,56.0,48.0,48.0,48.0,48.0,0.0
0.5625,112,Improved-gOMP,optimized,4856.0,1152.0,2048.0,0.0,1352.0,104.0,104.0,48.0,40.0,0.0,0.0,8.0,0.0
0.5625,113,Improved-gOMP,baseline,3912.0,1152.0,2048.0,0.0,0.0,0.0,464.0,56.0,48.0,48.0,48.0,48.0,0.0
0.5625,113,Improved-gOMP,optimized,5616.0,1152.0,2048.0,0.0,2048.0,128.0,128.0,56.0,48.0,0.0,0.0,8.0,0.0
0.5625,114,Improved-gOMP,baseline,3912.0,1152.0,2048.0,0.0,0.0,0.0,464.0,56.0,48.0,48.0,48.0,48.0,0.0
0.5625,114,Improved-gOMP,optimized,5616.0,1152.0,2048.0,0.0,2048.0,128.0,128.0,56.0,48.0,0.0,0.0,8.0,0.0
0.5625,115,Improved-gOMP,baseline,3912.0,1152.0,2048.0,0.0,0.0,0.0,464.0,56.0,48.0,48.0,48.0,48.0,0.0
0.5625,115,Improved-gOMP,optimized,4856.0,1152.0,2048.0,0.0,1352.0,104.0,104.0,48.0,40.0,0.0,0.0,8.0,0.0
0.5625,116,Improved-gOMP,baseline,3744.0,1152.0,2048.0,0.0,0.0,0.0,336.0,48.0,40.0,40.0,40.0,40.0,0.0
0.5625,116,Improved-gOMP,optimized,4856.0,1152.0,2048.0,0.0,1352.0,104.0,104.0,48.0,40.0,0.0,0.0,8.0,0.0
0.5625,117,Improved-gOMP,baseline,3936.0,1152.0,2048.0,0.0,0.0,0.0,488.0,56.0,48.0,48.0,48.0,48.0,0.0
0.5625,117,Improved-gOMP,optimized,5336.0,1152.0,2048.0,0.0,1800.0,120.0,120.0,48.0,40.0,0.0,0.0,8.0,0.0
0.5625,118,Improved-gOMP,baseline,3912.0,1152.0,2048.0,0.0,0.0,0.0,464.0,56.0,48.0,48.0,48.0,48.0,0.0
0.5625,118,Improved-gOMP,optimized,5616.0,1152.0,2048.0,0.0,2048.0,128.0,128.0,56.0,48.0,0.0,0.0,8.0,0.0
0.5625,119,Improved-gOMP,baseline,3768.0,1152.0,2048.0,0.0,0.0,0.0,360.0,48.0,40.0,40.0,40.0,40.0,0.0
0.5625,119,Improved-gOMP,optimized,5336.0,1152.0,2048.0,0.0,1800.0,120.0,120.0,48.0,40.0,0.0,0.0,8.0,0.0
0.5625,120,Improved-gOMP,baseline,3600.0,1152.0,2048.0,0.0,0.0,0.0,232.0,40.0,32.0,32.0,32.0,32.0,0.0
0.5625,120,Improved-gOMP,optimized,4640.0,1152.0,2048.0,0.0,1152.0,96.0,96.0,48.0,40.0,0.0,0.0,8.0,0.0
0.5625,121,Improved-gOMP,baseline,3912.0,1152.0,2048.0,0.0,0.0,0.0,464.0,56.0,48.0,48.0,48.0,48.0,0.0
0.5625,121,Improved-gOMP,optimized,5352.0,1152.0,2048.0,0.0,1800.0,120.0,120.0,56.0,48.0,0.0,0.0,8.0,0.0
0.5625,122,Improved-gOMP,baseline,3880.0,1152.0,2048.0,0.0,0.0,0.0,432.0,56.0,48.0,48.0,48.0,48.0,0.0
0.5625,122,Improved-gOMP,optimized,5352.0,1152.0,2048.0,0.0,1800.0,120.0,120.0,56.0,48.0,0.0,0.0,8.0,0.0
0.5625,123,Improved-gOMP,baseline,3912.0,1152.0,2048.0,0.0,0.0,0.0,464.0,56.0,48.0,48.0,48.0,48.0,0.0
0.5625,123,Improved-gOMP,optimized,5616.0,1152.0,2048.0,0.0,2048.0,128.0,128.0,56.0,48.0,0.0,0.0,8.0,0.0
0.5625,124,Improved-gOMP,baseline,3720.0,1152.0,2048.0,0.0,0.0,0.0,312.0,48.0,40.0,40.0,40.0,40.0,0.0
0.5625,124,Improved-gOMP,optimized,4640.0,1152.0,2048.0,0.0,1152.0,96.0,96.0,48.0,40.0,0.0,0.0,8.0,0.0
0.5625,125,Improved-gOMP,baseline,3744.0,1152.0,2048.0,0.0,0.0,0.0,336.0,48.0,40.0,40.0,40.0,40.0,0.0
0.5625,125,Improved-gOMP,optimized,4856.0,1152.0,2048.0,0.0,1352.0,104.0,104.0,48.0,40.0,0.0,0.0,8.0,0.0
0.5625,126,Improved-gOMP,baseline,3912.0,1152.0,2048.0,0.0,0.0,0.0,464.0,56.0,48.0,48.0,48.0,48.0,0.0
0.5625,126,Improved-gOMP,optimized,4856.0,1152.0,2048.0,0.0,1352.0,104.0,104.0,48.0,40.0,0.0,0.0,8.0,0.0
0.5625,127,Improved-gOMP,baseline,3768.0,1152.0,2048.0,0.0,0.0,0.0,360.0,48.0,40.0,40.0,40.0,40.0,0.0
0.5625,127,Improved-gOMP,optimized,4856.0,1152.0,2048.0,0.0,1352.0,104.0,104.0,48.0,40.0,0.0,0.0,8.0,0.0
0.5625,128,Improved-gOMP,baseline,3768.0,1152.0,2048.0,0.0,0.0,0.0,360.0,48.0,40.0,40.0,40.0,40.0,0.0
0.5625,128,Improved-gOMP,optimized,4856.0,1152.0,2048.0,0.0,1352.0,104.0,104.0,48.0,40.0,0.0,0.0,8.0,0.0
0.5625,129,Improved-gOMP,baseline,3744.0,1152.0,2048.0,0.0,0.0,0.0,336.0,48.0,40.0,40.0,40.0,40.0,0.0
0.5625,129,Improved-gOMP,optimized,4856.0,1152.0,2048.0,0.0,1352.0,104.0,104.0,48.0,40.0,0.0,0.0,8.0,0.0
0.5625,130,Improved-gOMP,baseline,3912.0,1152.0,2048.0,0.0,0.0,0.0,464.0,56.0,48.0,48.0,48.0,48.0,0.0
0.5625,130,Improved-gOMP,optimized,5616.0,1152.0,2048.0,0.0,2048.0,128.0,128.0,56.0,48.0,0.0,0.0,8.0,0.0
0.5625,131,Improved-gOMP,baseline,3936.0,1152.0,2048.0,0.0,0.0,0.0,488.0,56.0,48.0,48.0,48.0,48.0,0.0
0.5625,131,Improved-gOMP,optimized,5616.0,1152.0,2048.0,0.0,2048.0,128.0,128.0,56.0,48.0,0.0,0.0,8.0,0.0
0.5625,132,Improved-gOMP,baseline,3912.0,1152.0,2048.0,0.0,0.0,0.0,464.0,56.0,48.0,48.0,48.0,48.0,0.0
0.5625,132,Improved-gOMP,optimized,5616.0,1152.0,2048.0,0.0,2048.0,128.0,128.0,56.0,48.0,0.0,0.0,8.0,0.0
0.5625,133,Improved-gOMP,baseline,3912.0,1152.0,2048.0,0.0,0.0,0.0,464.0,56.0,48.0,48.0,48.0,48.0,0.0
0.5625,133,Improved-gOMP,optimized,5616.0,1152.0,2048.0,0.0,2048.0,128.0,128.0,56.0,48.0,0.0,0.0,8.0,0.0
0.5625,134,Improved-gOMP,baseline,3912.0,1152.0,2048.0,0.0,0.0,0.0,464.0,56.0,48.0,48.0,48.0,48.0,0.0
0.5625,134,Improved-gOMP,optimized,5352.0,1152.0,2048.0,0.0,1800.0,120.0,120.0,56.0,48.0,0.0,0.0,8.0,0.0
0.5625,135,Improved-gOMP,baseline,3912.0,1152.0,2048.0,0.0,0.0,0.0,464.0,56.0,48.0,48.0,48.0,48.0,0.0
0.5625,135,Improved-gOMP,optimized,5616.0,1152.0,2048.0,0.0,2048.0,128.0,128.0,56.0,48.0,0.0,0.0,8.0,0.0
0.5625,136,Improved-gOMP,baseline,3912.0,1152.0,2048.0,0.0,0.0,0.0,464.0,56.0,48.0,48.0,48.0,48.0,0.0
0.5625,136,Improved-gOMP,optimized,5616.0,1152.0,2048.0,0.0,2048.0,128.0,128.0,56.0,48.0,0.0,0.0,8.0,0.0
0.5625,137,Improved-gOMP,baseline,3720.0,1152.0,2048.0,0.0,0.0,0.0,312.0,48.0,40.0,40.0,40.0,40.0,0.0
0.5625,137,Improved-gOMP,optimized,4640.0,1152.0,2048.0,0.0,1152.0,96.0,96.0,48.0,40.0,0.0,0.0,8.0,0.0
0.5625,138,Improved-gOMP,baseline,3912.0,1152.0,2048.0,0.0,0.0,0.0,464.0,56.0,48.0,48.0,48.0,48.0,0.0
0.5625,138,Improved-gOMP,optimized,5616.0,1152.0,2048.0,0.0,2048.0,128.0,128.0,56.0,48.0,0.0,0.0,8.0,0.0
0.5625,139,Improved-gOMP,baseline,3912.0,1152.0,2048.0,0.0,0.0,0.0,464.0,56.0,48.0,48.0,48.0,48.0,0.0
0.5625,139,Improved-gOMP,optimized,5616.0,1152.0,2048.0,0.0,2048.0,128.0,128.0,56.0,48.0,0.0,0.0,8.0,0.0
0.5625,140,Improved-gOMP,baseline,3912.0,1152.0,2048.0,0.0,0.0,0.0,464.0,56.0,48.0,48.0,48.0,48.0,0.0
0.5625,140,Improved-gOMP,optimized,5616.0,1152.0,2048.0,0.0,2048.0,128.0,128.0,56.0,48.0,0.0,0.0,8.0,0.0
0.5625,141,Improved-gOMP,baseline,3880.0,1152.0,2048.0,0.0,0.0,0.0,432.0,56.0,48.0,48.0,48.0,48.0,0.0
0.5625,141,Improved-gOMP,optimized,4640.0,1152.0,2048.0,0.0,1152.0,96.0,96.0,48.0,40.0,0.0,0.0,8.0,0.0
0.5625,142,Improved-gOMP,baseline,3936.0,1152.0,2048.0,0.0,0.0,0.0,488.0,56.0,48.0,48.0,48.0,48.0,0.0
0.5625,142,Improved-gOMP,optimized,5336.0,1152.0,2048.0,0.0,1800.0,120.0,120.0,48.0,40.0,0.0,0.0,8.0,0.0
0.5625,143,Improved-gOMP,baseline,3912.0,1152.0,2048.0,0.0,0.0,0.0,464.0,56.0,48.0,48.0,48.0,48.0,0.0
0.5625,143,Improved-gOMP,optimized,5616.0,1152.0,2048.0,0.0,2048.0,128.0,128.0,56.0,48.0,0.0,0.0,8.0,0.0
0.5625,144,Improved-gOMP,baseline,3912.0,1152.0,2048.0,0.0,0.0,0.0,464.0,56.0,48.0,48.0,48.0,48.0,0.0
0.5625,144,Improved-gOMP,optimized,5616.0,1152.0,2048.0,0.0,2048.0,128.0,128.0,56.0,48.0,0.0,0.0,8.0,0.0
0.5625,145,Improved-gOMP,baseline,3744.0,1152.0,2048.0,0.0,0.0,0.0,336.0,48.0,40.0,40.0,40.0,40.0,0.0
0.5625,145,Improved-gOMP,optimized,4856.0,1152.0,2048.0,0.0,1352.0,104.0,104.0,48.0,40.0,0.0,0.0,8.0,0.0
0.5625,146,Improved-gOMP,baseline,3912.0,1152.0,2048.0,0.0,0.0,0.0,464.0,56.0,48.0,48.0,48.0,48.0,0.0
0.5625,146,Improved-gOMP,optimized,5616.0,1152.0,2048.0,0.0,2048.0,128.0,128.0,56.0,48.0,0.0,0.0,8.0,0.0
0.5625,147,Improved-gOMP,baseline,3912.0,1152.0,2048.0,0.0,0.0,0.0,464.0,56.0,48.0,48.0,48.0,48.0,0.0
0.5625,147,Improved-gOMP,optimized,5336.0,1152.0,2048.0,0.0,1800.0,120.0,120.0,48.0,40.0,0.0,0.0,8.0,0.0
0.5625,148,Improved-gOMP,baseline,3912.0,1152.0,2048.0,0.0,0.0,0.0,464.0,56.0,48.0,48.0,48.0,48.0,0.0
0.5625,148,Improved-gOMP,optimized,4856.0,1152.0,2048.0,0.0,1352.0,104.0,104.0,48.0,40.0,0.0,0.0,8.0,0.0
0.5625,149,Improved-gOMP,baseline,3912.0,1152.0,2048.0,0.0,0.0,0.0,464.0,56.0,48.0,48.0,48.0,48.0,0.0
0.5625,149,Improved-gOMP,optimized,5616.0,1152.0,2048.0,0.0,2048.0,128.0,128.0,56.0,48.0,0.0,0.0,8.0,0.0
0.5625,150,Improved-gOMP,baseline,3912.0,1152.0,2048.0,0.0,0.0,0.0,464.0,56.0,48.0,48.0,48.0,48.0,0.0
0.5625,150,Improved-gOMP,optimized,5616.0,1152.0,2048.0,0.0,2048.0,128.0,128.0,56.0,48.0,0.0,0.0,8.0,0.0
0.5625,151,Improved-gOMP,baseline,3768.0,1152.0,2048.0,0.0,0.0,0.0,360.0,48.0,40.0,40.0,40.0,40.0,0.0
0.5625,151,Improved-gOMP,optimized,5336.0,1152.0,2048.0,0.0,1800.0,120.0,120.0,48.0,40.0,0.0,0.0,8.0,0.0
0.5625,152,Improved-gOMP,baseline,3912.0,1152.0,2048.0,0.0,0.0,0.0,464.0,56.0,48.0,48.0,48.0,48.0,0.0
0.5625,152,Improved-gOMP,optimized,5616.0,1152.0,2048.0,0.0,2048.0,128.0,128.0,56.0,48.0,0.0,0.0,8.0,0.0
0.5625,153,Improved-gOMP,baseline,3912.0,1152.0,2048.0,0.0,0.0,0.0,464.0,56.0,48.0,48.0,48.0,48.0,0.0
0.5625,153,Improved-gOMP,optimized,5616.0,1152.0,2048.0,0.0,2048.0,128.0,128.0,56.0,48.0,0.0,0.0,8.0,0.0
0.5625,154,Improved-gOMP,baseline,3912.0,1152.0,2048.0,0.0,0.0,0.0,464.0,56.0,48.0,48.0,48.0,48.0,0.0
0.5625,154,Improved-gOMP,optimized,4856.0,1152.0,2048.0,0.0,1352.0,104.0,104.0,48.0,40.0,0.0,0.0,8.0,0.0
0.5625,155,Improved-gOMP,baseline,3912.0,1152.0,2048.0,0.0,0.0,0.0,464.0,56.0,48.0,48.0,48.0,48.0,0.0
0.5625,155,Improved-gOMP,optimized,5616.0,1152.0,2048.0,0.0,2048.0,128.0,128.0,56.0,48.0,0.0,0.0,8.0,0.0
0.5625,156,Improved-gOMP,baseline,3912.0,1152.0,2048.0,0.0,0.0,0.0,464.0,56.0,48.0,48.0,48.0,48.0,0.0
0.5625,156,Improved-gOMP,optimized,5616.0,1152.0,2048.0,0.0,2048.0,128.0,128.0,56.0,48.0,0.0,0.0,8.0,0.0
0.5625,157,Improved-gOMP,baseline,3912.0,1152.0,2048.0,0.0,0.0,0.0,464.0,56.0,48.0,48.0,48.0,48.0,0.0
0.5625,157,Improved-gOMP,optimized,5616.0,1152.0,2048.0,0.0,2048.0,128.0,128.0,56.0,48.0,0.0,0.0,8.0,0.0
0.5625,158,Improved-gOMP,baseline,3912.0,1152.0,2048.0,0.0,0.0,0.0,464.0,56.0,48.0,48.0,48.0,48.0,0.0
0.5625,158,Improved-gOMP,optimized,5352.0,1152.0,2048.0,0.0,1800.0,120.0,120.0,56.0,48.0,0.0,0.0,8.0,0.0
0.5625,159,Improved-gOMP,baseline,3912.0,1152.0,2048.0,0.0,0.0,0.0,464.0,56.0,48.0,48.0,48.0,48.0,0.0
0.5625,159,Improved-gOMP,optimized,5616.0,1152.0,2048.0,0.0,2048.0,128.0,128.0,56.0,48.0,0.0,0.0,8.0,0.0
0.5625,160,Improved-gOMP,baseline,3912.0,1152.0,2048.0,0.0,0.0,0.0,464.0,56.0,48.0,48.0,48.0,48.0,0.0
0.5625,160,Improved-gOMP,optimized,5616.0,1152.0,2048.0,0.0,2048.0,128.0,128.0,56.0,48.0,0.0,0.0,8.0,0.0
0.5625,161,Improved-gOMP,baseline,3912.0,1152.0,2048.0,0.0,0.0,0.0,464.0,56.0,48.0,48.0,48.0,48.0,0.0
0.5625,161,Improved-gOMP,optimized,5616.0,1152.0,2048.0,0.0,2048.0,128.0,128.0,56.0,48.0,0.0,0.0,8.0,0.0
0.5625,162,Improved-gOMP,baseline,3768.0,1152.0,2048.0,0.0,0.0,0.0,360.0,48.0,40.0,40.0,40.0,40.0,0.0
0.5625,162,Improved-gOMP,optimized,5616.0,1152.0,2048.0,0.0,2048.0,128.0,128.0,56.0,48.0,0.0,0.0,8.0,0.0
0.5625,163,Improved-gOMP,baseline,3912.0,1152.0,2048.0,0.0,0.0,0.0,464.0,56.0,48.0,48.0,48.0,48.0,0.0
0.5625,163,Improved-gOMP,optimized,5616.0,1152.0,2048.0,0.0,2048.0,128.0,128.0,56.0,48.0,0.0,0.0,8.0,0.0
0.5625,164,Improved-gOMP,baseline,3600.0,1152.0,2048.0,0.0,0.0,0.0,232.0,40.0,32.0,32.0,32.0,32.0,0.0
0.5625,164,Improved-gOMP,optimized,4424.0,1152.0,2048.0,0.0,968.0,88.0,88.0,40.0,32.0,0.0,0.0,8.0,0.0
0.5625,165,Improved-gOMP,baseline,3912.0,1152.0,2048.0,0.0,0.0,0.0,464.0,56.0,48.0,48.0,48.0,48.0,0.0
0.5625,165,Improved-gOMP,optimized,5616.0,1152.0,2048.0,0.0,2048.0,128.0,128.0,56.0,48.0,0.0,0.0,8.0,0.0
0.5625,166,Improved-gOMP,baseline,3880.0,1152.0,2048.0,0.0,0.0,0.0,432.0,56.0,48.0,48.0,48.0,48.0,0.0
0.5625,166,Improved-gOMP,optimized,5352.0,1152.0,2048.0,0.0,1800.0,120.0,120.0,56.0,48.0,0.0,0.0,8.0,0.0
0.5625,167,Improved-gOMP,baseline,3912.0,1152.0,2048.0,0.0,0.0,0.0,464.0,56.0,48.0,48.0,48.0,48.0,0.0
0.5625,167,Improved-gOMP,optimized,5352.0,1152.0,2048.0,0.0,1800.0,120.0,120.0,56.0,48.0,0.0,0.0,8.0,0.0
0.5625,168,Improved-gOMP,baseline,3744.0,1152.0,2048.0,0.0,0.0,0.0,336.0,48.0,40.0,40.0,40.0,40.0,0.0
0.5625,168,Improved-gOMP,optimized,4856.0,1152.0,2048.0,0.0,1352.0,104.0,104.0,48.0,40.0,0.0,0.0,8.0,0.0
0.5625,169,Improved-gOMP,baseline,3912.0,1152.0,2048.0,0.0,0.0,0.0,464.0,56.0,48.0,48.0,48.0,48.0,0.0
0.5625,169,Improved-gOMP,optimized,5616.0,1152.0,2048.0,0.0,2048.0,128.0,128.0,56.0,48.0,0.0,0.0,8.0,0.0
0.5625,170,Improved-gOMP,baseline,3744.0,1152.0,2048.0,0.0,0.0,0.0,336.0,48.0,40.0,40.0,40.0,40.0,0.0
0.5625,170,Improved-gOMP,optimized,4856.0,1152.0,2048.0,0.0,1352.0,104.0,104.0,48.0,40.0,0.0,0.0,8.0,0.0
0.5625,171,Improved-gOMP,baseline,3912.0,1152.0,2048.0,0.0,0.0,0.0,464.0,56.0,48.0,48.0,48.0,48.0,0.0
0.5625,171,Improved-gOMP,optimized,5616.0,1152.0,2048.0,0.0,2048.0,128.0,128.0,56.0,48.0,0.0,0.0,8.0,0.0
0.5625,172,Improved-gOMP,baseline,3912.0,1152.0,2048.0,0.0,0.0,0.0,464.0,56.0,48.0,48.0,48.0,48.0,0.0
0.5625,172,Improved-gOMP,optimized,5616.0,1152.0,2048.0,0.0,2048.0,128.0,128.0,56.0,48.0,0.0,0.0,8.0,0.0
0.5625,173,Improved-gOMP,baseline,3936.0,1152.0,2048.0,0.0,0.0,0.0,488.0,56.0,48.0,48.0,48.0,48.0,0.0
0.5625,173,Improved-gOMP,optimized,5616.0,1152.0,2048.0,0.0,2048.0,128.0,128.0,56.0,48.0,0.0,0.0,8.0,0.0
0.5625,174,Improved-gOMP,baseline,3880.0,1152.0,2048.0,0.0,0.0,0.0,432.0,56.0,48.0,48.0,48.0,48.0,0.0
0.5625,174,Improved-gOMP,optimized,5352.0,1152.0,2048.0,0.0,1800.0,120.0,120.0,56.0,48.0,0.0,0.0,8.0,0.0
0.5625,175,Improved-gOMP,baseline,3880.0,1152.0,2048.0,0.0,0.0,0.0,432.0,56.0,48.0,48.0,48.0,48.0,0.0
0.5625,175,Improved-gOMP,optimized,5352.0,1152.0,2048.0,0.0,1800.0,120.0,120.0,56.0,48.0,0.0,0.0,8.0,0.0
0.5625,176,Improved-gOMP,baseline,3912.0,1152.0,2048.0,0.0,0.0,0.0,464.0,56.0,48.0,48.0,48.0,48.0,0.0
0.5625,176,Improved-gOMP,optimized,4856.0,1152.0,2048.0,0.0,1352.0,104.0,104.0,48.0,40.0,0.0,0.0,8.0,0.0
0.5625,177,Improved-gOMP,baseline,3768.0,1152.0,2048.0,0.0,0.0,0.0,360.0,48.0,40.0,40.0,40.0,40.0,0.0
0.5625,177,Improved-gOMP,optimized,5616.0,1152.0,2048.0,0.0,2048.0,128.0,128.0,56.0,48.0,0.0,0.0,8.0,0.0
0.5625,178,Improved-gOMP,baseline,3912.0,1152.0,2048.0,0.0,0.0,0.0,464.0,56.0,48.0,48.0,48.0,48.0,0.0
0.5625,178,Improved-gOMP,optimized,5616.0,1152.0,2048.0,0.0,2048.0,128.0,128.0,56.0,48.0,0.0,0.0,8.0,0.0
0.5625,179,Improved-gOMP,baseline,3912.0,1152.0,2048.0,0.0,0.0,0.0,464.0,56.0,48.0,48.0,48.0,48.0,0.0
0.5625,179,Improved-gOMP,optimized,5616.0,1152.0,2048.0,0.0,2048.0,128.0,128.0,56.0,48.0,0.0,0.0,8.0,0.0
0.5625,180,Improved-gOMP,baseline,3880.0,1152.0,2048.0,0.0,0.0,0.0,432.0,56.0,48.0,48.0,48.0,48.0,0.0
0.5625,180,Improved-gOMP,optimized,5352.0,1152.0,2048.0,0.0,1800.0,120.0,120.0,56.0,48.0,0.0,0.0,8.0,0.0
0.5625,181,Improved-gOMP,baseline,3936.0,1152.0,2048.0,0.0,0.0,0.0,488.0,56.0,48.0,48.0,48.0,48.0,0.0
0.5625,181,Improved-gOMP,optimized,5616.0,1152.0,2048.0,0.0,2048.0,128.0,128.0,56.0,48.0,0.0,0.0,8.0,0.0
0.5625,182,Improved-gOMP,baseline,3912.0,1152.0,2048.0,0.0,0.0,0.0,464.0,56.0,48.0,48.0,48.0,48.0,0.0
0.5625,182,Improved-gOMP,optimized,5616.0,1152.0,2048.0,0.0,2048.0,128.0,128.0,56.0,48.0,0.0,0.0,8.0,0.0
0.5625,183,Improved-gOMP,baseline,3768.0,1152.0,2048.0,0.0,0.0,0.0,360.0,48.0,40.0,40.0,40.0,40.0,0.0
0.5625,183,Improved-gOMP,optimized,5336.0,1152.0,2048.0,0.0,1800.0,120.0,120.0,48.0,40.0,0.0,0.0,8.0,0.0
0.5625,184,Improved-gOMP,baseline,3912.0,1152.0,2048.0,0.0,0.0,0.0,464.0,56.0,48.0,48.0,48.0,48.0,0.0
0.5625,184,Improved-gOMP,optimized,5616.0,1152.0,2048.0,0.0,2048.0,128.0,128.0,56.0,48.0,0.0,0.0,8.0,0.0
0.5625,185,Improved-gOMP,baseline,3912.0,1152.0,2048.0,0.0,0.0,0.0,464.0,56.0,48.0,48.0,48.0,48.0,0.0
0.5625,185,Improved-gOMP,optimized,5616.0,1152.0,2048.0,0.0,2048.0,128.0,128.0,56.0,48.0,0.0,0.0,8.0,0.0
0.5625,186,Improved-gOMP,baseline,3912.0,1152.0,2048.0,0.0,0.0,0.0,464.0,56.0,48.0,48.0,48.0,48.0,0.0
0.5625,186,Improved-gOMP,optimized,5616.0,1152.0,2048.0,0.0,2048.0,128.0,128.0,56.0,48.0,0.0,0.0,8.0,0.0
0.5625,187,Improved-gOMP,baseline,3912.0,1152.0,2048.0,0.0,0.0,0.0,464.0,56.0,48.0,48.0,48.0,48.0,0.0
0.5625,187,Improved-gOMP,optimized,5616.0,1152.0,2048.0,0.0,2048.0,128.0,128.0,56.0,48.0,0.0,0.0,8.0,0.0
0.5625,188,Improved-gOMP,baseline,3912.0,1152.0,2048.0,0.0,0.0,0.0,464.0,56.0,48.0,48.0,48.0,48.0,0.0
0.5625,188,Improved-gOMP,optimized,5616.0,1152.0,2048.0,0.0,2048.0,128.0,128.0,56.0,48.0,0.0,0.0,8.0,0.0
0.5625,189,Improved-gOMP,baseline,3912.0,1152.0,2048.0,0.0,0.0,0.0,464.0,56.0,48.0,48.0,48.0,48.0,0.0
0.5625,189,Improved-gOMP,optimized,5616.0,1152.0,2048.0,0.0,2048.0,128.0,128.0,56.0,48.0,0.0,0.0,8.0,0.0
0.5625,190,Improved-gOMP,baseline,3912.0,1152.0,2048.0,0.0,0.0,0.0,464.0,56.0,48.0,48.0,48.0,48.0,0.0
0.5625,190,Improved-gOMP,optimized,5616.0,1152.0,2048.0,0.0,2048.0,128.0,128.0,56.0,48.0,0.0,0.0,8.0,0.0
0.5625,191,Improved-gOMP,baseline,3912.0,1152.0,2048.0,0.0,0.0,0.0,464.0,56.0,48.0,48.0,48.0,48.0,0.0
0.5625,191,Improved-gOMP,optimized,5616.0,1152.0,2048.0,0.0,2048.0,128.0,128.0,56.0,48.0,0.0,0.0,8.0,0.0
0.5625,192,Improved-gOMP,baseline,3912.0,1152.0,2048.0,0.0,0.0,0.0,464.0,56.0,48.0,48.0,48.0,48.0,0.0
0.5625,192,Improved-gOMP,optimized,5616.0,1152.0,2048.0,0.0,2048.0,128.0,128.0,56.0,48.0,0.0,0.0,8.0,0.0
0.5625,193,Improved-gOMP,baseline,3744.0,1152.0,2048.0,0.0,0.0,0.0,336.0,48.0,40.0,40.0,40.0,40.0,0.0
0.5625,193,Improved-gOMP,optimized,4856.0,1152.0,2048.0,0.0,1352.0,104.0,104.0,48.0,40.0,0.0,0.0,8.0,0.0
0.5625,194,Improved-gOMP,baseline,3744.0,1152.0,2048.0,0.0,0.0,0.0,336.0,48.0,40.0,40.0,40.0,40.0,0.0
0.5625,194,Improved-gOMP,optimized,4856.0,1152.0,2048.0,0.0,1352.0,104.0,104.0,48.0,40.0,0.0,0.0,8.0,0.0
0.5625,195,Improved-gOMP,baseline,3912.0,1152.0,2048.0,0.0,0.0,0.0,464.0,56.0,48.0,48.0,48.0,48.0,0.0
0.5625,195,Improved-gOMP,optimized,5616.0,1152.0,2048.0,0.0,2048.0,128.0,128.0,56.0,48.0,0.0,0.0,8.0,0.0
0.5625,196,Improved-gOMP,baseline,3912.0,1152.0,2048.0,0.0,0.0,0.0,464.0,56.0,48.0,48.0,48.0,48.0,0.0
0.5625,196,Improved-gOMP,optimized,5616.0,1152.0,2048.0,0.0,2048.0,128.0,128.0,56.0,48.0,0.0,0.0,8.0,0.0
0.5625,197,Improved-gOMP,baseline,3880.0,1152.0,2048.0,0.0,0.0,0.0,432.0,56.0,48.0,48.0,48.0,48.0,0.0
0.5625,197,Improved-gOMP,optimized,5352.0,1152.0,2048.0,0.0,1800.0,120.0,120.0,56.0,48.0,0.0,0.0,8.0,0.0
0.5625,198,Improved-gOMP,baseline,3880.0,1152.0,2048.0,0.0,0.0,0.0,432.0,56.0,48.0,48.0,48.0,48.0,0.0
0.5625,198,Improved-gOMP,optimized,5352.0,1152.0,2048.0,0.0,1800.0,120.0,120.0,56.0,48.0,0.0,0.0,8.0,0.0
0.5625,199,Improved-gOMP,baseline,3912.0,1152.0,2048.0,0.0,0.0,0.0,464.0,56.0,48.0,48.0,48.0,48.0,0.0
0.5625,199,Improved-gOMP,optimized,5616.0,1152.0,2048.0,0.0,2048.0,128.0,128.0,56.0,48.0,0.0,0.0,8.0,0.0
0.5625,200,Improved-gOMP,baseline,3744.0,1152.0,2048.0,0.0,0.0,0.0,336.0,48.0,40.0,40.0,40.0,40.0,0.0
0.5625,200,Improved-gOMP,optimized,4856.0,1152.0,2048.0,0.0,1352.0,104.0,104.0,48.0,40.0,0.0,0.0,8.0,0.0
0.5625,201,Improved-gOMP,baseline,3768.0,1152.0,2048.0,0.0,0.0,0.0,360.0,48.0,40.0,40.0,40.0,40.0,0.0
0.5625,201,Improved-gOMP,optimized,5336.0,1152.0,2048.0,0.0,1800.0,120.0,120.0,48.0,40.0,0.0,0.0,8.0,0.0
0.5625,202,Improved-gOMP,baseline,3912.0,1152.0,2048.0,0.0,0.0,0.0,464.0,56.0,48.0,48.0,48.0,48.0,0.0
0.5625,202,Improved-gOMP,optimized,4856.0,1152.0,2048.0,0.0,1352.0,104.0,104.0,48.0,40.0,0.0,0.0,8.0,0.0
0.5625,203,Improved-gOMP,baseline,3912.0,1152.0,2048.0,0.0,0.0,0.0,464.0,56.0,48.0,48.0,48.0,48.0,0.0
0.5625,203,Improved-gOMP,optimized,5616.0,1152.0,2048.0,0.0,2048.0,128.0,128.0,56.0,48.0,0.0,0.0,8.0,0.0
0.5625,204,Improved-gOMP,baseline,3912.0,1152.0,2048.0,0.0,0.0,0.0,464.0,56.0,48.0,48.0,48.0,48.0,0.0
0.5625,204,Improved-gOMP,optimized,4856.0,1152.0,2048.0,0.0,1352.0,104.0,104.0,48.0,40.0,0.0,0.0,8.0,0.0
0.5625,205,Improved-gOMP,baseline,3912.0,1152.0,2048.0,0.0,0.0,0.0,464.0,56.0,48.0,48.0,48.0,48.0,0.0
0.5625,205,Improved-gOMP,optimized,5616.0,1152.0,2048.0,0.0,2048.0,128.0,128.0,56.0,48.0,0.0,0.0,8.0,0.0
0.5625,206,Improved-gOMP,baseline,3744.0,1152.0,2048.0,0.0,0.0,0.0,336.0,48.0,40.0,40.0,40.0,40.0,0.0
0.5625,206,Improved-gOMP,optimized,4856.0,1152.0,2048.0,0.0,1352.0,104.0,104.0,48.0,40.0,0.0,0.0,8.0,0.0
0.5625,207,Improved-gOMP,baseline,3720.0,1152.0,2048.0,0.0,0.0,0.0,312.0,48.0,40.0,40.0,40.0,40.0,0.0
0.5625,207,Improved-gOMP,optimized,4640.0,1152.0,2048.0,0.0,1152.0,96.0,96.0,48.0,40.0,0.0,0.0,8.0,0.0
0.5625,208,Improved-gOMP,baseline,3912.0,1152.0,2048.0,0.0,0.0,0.0,464.0,56.0,48.0,48.0,48.0,48.0,0.0
0.5625,208,Improved-gOMP,optimized,5616.0,1152.0,2048.0,0.0,2048.0,128.0,128.0,56.0,48.0,0.0,0.0,8.0,0.0
0.5625,209,Improved-gOMP,baseline,3912.0,1152.0,2048.0,0.0,0.0,0.0,464.0,56.0,48.0,48.0,48.0,48.0,0.0
0.5625,209,Improved-gOMP,optimized,5616.0,1152.0,2048.0,0.0,2048.0,128.0,128.0,56.0,48.0,0.0,0.0,8.0,0.0
0.5625,210,Improved-gOMP,baseline,3912.0,1152.0,2048.0,0.0,0.0,0.0,464.0,56.0,48.0,48.0,48.0,48.0,0.0
0.5625,210,Improved-gOMP,optimized,5616.0,1152.0,2048.0,0.0,2048.0,128.0,128.0,56.0,48.0,0.0,0.0,8.0,0.0
0.5625,211,Improved-gOMP,baseline,3912.0,1152.0,2048.0,0.0,0.0,0.0,464.0,56.0,48.0,48.0,48.0,48.0,0.0
0.5625,211,Improved-gOMP,optimized,5616.0,1152.0,2048.0,0.0,2048.0,128.0,128.0,56.0,48.0,0.0,0.0,8.0,0.0
0.5625,212,Improved-gOMP,baseline,3744.0,1152.0,2048.0,0.0,0.0,0.0,336.0,48.0,40.0,40.0,40.0,40.0,0.0
0.5625,212,Improved-gOMP,optimized,4640.0,1152.0,2048.0,0.0,1152.0,96.0,96.0,48.0,40.0,0.0,0.0,8.0,0.0
0.5625,213,Improved-gOMP,baseline,3912.0,1152.0,2048.0,0.0,0.0,0.0,464.0,56.0,48.0,48.0,48.0,48.0,0.0
0.5625,213,Improved-gOMP,optimized,5616.0,1152.0,2048.0,0.0,2048.0,128.0,128.0,56.0,48.0,0.0,0.0,8.0,0.0
0.5625,214,Improved-gOMP,baseline,3720.0,1152.0,2048.0,0.0,0.0,0.0,312.0,48.0,40.0,40.0,40.0,40.0,0.0
0.5625,214,Improved-gOMP,optimized,4640.0,1152.0,2048.0,0.0,1152.0,96.0,96.0,48.0,40.0,0.0,0.0,8.0,0.0
0.5625,215,Improved-gOMP,baseline,3936.0,1152.0,2048.0,0.0,0.0,0.0,488.0,56.0,48.0,48.0,48.0,48.0,0.0
0.5625,215,Improved-gOMP,optimized,5616.0,1152.0,2048.0,0.0,2048.0,128.0,128.0,56.0,48.0,0.0,0.0,8.0,0.0
0.5625,216,Improved-gOMP,baseline,3912.0,1152.0,2048.0,0.0,0.0,0.0,464.0,56.0,48.0,48.0,48.0,48.0,0.0
0.5625,216,Improved-gOMP,optimized,5616.0,1152.0,2048.0,0.0,2048.0,128.0,128.0,56.0,48.0,0.0,0.0,8.0,0.0
0.5625,217,Improved-gOMP,baseline,3912.0,1152.0,2048.0,0.0,0.0,0.0,464.0,56.0,48.0,48.0,48.0,48.0,0.0
0.5625,217,Improved-gOMP,optimized,5616.0,1152.0,2048.0,0.0,2048.0,128.0,128.0,56.0,48.0,0.0,0.0,8.0,0.0
0.5625,218,Improved-gOMP,baseline,3912.0,1152.0,2048.0,0.0,0.0,0.0,464.0,56.0,48.0,48.0,48.0,48.0,0.0
0.5625,218,Improved-gOMP,optimized,5616.0,1152.0,2048.0,0.0,2048.0,128.0,128.0,56.0,48.0,0.0,0.0,8.0,0.0
0.5625,219,Improved-gOMP,baseline,3744.0,1152.0,2048.0,0.0,0.0,0.0,336.0,48.0,40.0,40.0,40.0,40.0,0.0
0.5625,219,Improved-gOMP,optimized,4856.0,1152.0,2048.0,0.0,1352.0,104.0,104.0,48.0,40.0,0.0,0.0,8.0,0.0
0.5625,220,Improved-gOMP,baseline,3912.0,1152.0,2048.0,0.0,0.0,0.0,464.0,56.0,48.0,48.0,48.0,48.0,0.0
0.5625,220,Improved-gOMP,optimized,5616.0,1152.0,2048.0,0.0,2048.0,128.0,128.0,56.0,48.0,0.0,0.0,8.0,0.0
0.5625,221,Improved-gOMP,baseline,3912.0,1152.0,2048.0,0.0,0.0,0.0,464.0,56.0,48.0,48.0,48.0,48.0,0.0
0.5625,221,Improved-gOMP,optimized,5616.0,1152.0,2048.0,0.0,2048.0,128.0,128.0,56.0,48.0,0.0,0.0,8.0,0.0
0.5625,222,Improved-gOMP,baseline,3912.0,1152.0,2048.0,0.0,0.0,0.0,464.0,56.0,48.0,48.0,48.0,48.0,0.0
0.5625,222,Improved-gOMP,optimized,5616.0,1152.0,2048.0,0.0,2048.0,128.0,128.0,56.0,48.0,0.0,0.0,8.0,0.0
0.5625,223,Improved-gOMP,baseline,3600.0,1152.0,2048.0,0.0,0.0,0.0,232.0,40.0,32.0,32.0,32.0,32.0,0.0
0.5625,223,Improved-gOMP,optimized,4424.0,1152.0,2048.0,0.0,968.0,88.0,88.0,40.0,32.0,0.0,0.0,8.0,0.0
0.5625,224,Improved-gOMP,baseline,3880.0,1152.0,2048.0,0.0,0.0,0.0,432.0,56.0,48.0,48.0,48.0,48.0,0.0
0.5625,224,Improved-gOMP,optimized,5352.0,1152.0,2048.0,0.0,1800.0,120.0,120.0,56.0,48.0,0.0,0.0,8.0,0.0
0.5625,225,Improved-gOMP,baseline,3912.0,1152.0,2048.0,0.0,0.0,0.0,464.0,56.0,48.0,48.0,48.0,48.0,0.0
0.5625,225,Improved-gOMP,optimized,5616.0,1152.0,2048.0,0.0,2048.0,128.0,128.0,56.0,48.0,0.0,0.0,8.0,0.0
0.5625,226,Improved-gOMP,baseline,3912.0,1152.0,2048.0,0.0,0.0,0.0,464.0,56.0,48.0,48.0,48.0,48.0,0.0
0.5625,226,Improved-gOMP,optimized,5616.0,1152.0,2048.0,0.0,2048.0,128.0,128.0,56.0,48.0,0.0,0.0,8.0,0.0
0.5625,227,Improved-gOMP,baseline,3912.0,1152.0,2048.0,0.0,0.0,0.0,464.0,56.0,48.0,48.0,48.0,48.0,0.0
0.5625,227,Improved-gOMP,optimized,5616.0,1152.0,2048.0,0.0,2048.0,128.0,128.0,56.0,48.0,0.0,0.0,8.0,0.0
0.5625,228,Improved-gOMP,baseline,3912.0,1152.0,2048.0,0.0,0.0,0.0,464.0,56.0,48.0,48.0,48.0,48.0,0.0
0.5625,228,Improved-gOMP,optimized,5616.0,1152.0,2048.0,0.0,2048.0,128.0,128.0,56.0,48.0,0.0,0.0,8.0,0.0
0.5625,229,Improved-gOMP,baseline,3768.0,1152.0,2048.0,0.0,0.0,0.0,360.0,48.0,40.0,40.0,40.0,40.0,0.0
0.5625,229,Improved-gOMP,optimized,5616.0,1152.0,2048.0,0.0,2048.0,128.0,128.0,56.0,48.0,0.0,0.0,8.0,0.0
0.5625,230,Improved-gOMP,baseline,3936.0,1152.0,2048.0,0.0,0.0,0.0,488.0,56.0,48.0,48.0,48.0,48.0,0.0
0.5625,230,Improved-gOMP,optimized,5616.0,1152.0,2048.0,0.0,2048.0,128.0,128.0,56.0,48.0,0.0,0.0,8.0,0.0
0.5625,231,Improved-gOMP,baseline,3744.0,1152.0,2048.0,0.0,0.0,0.0,336.0,48.0,40.0,40.0,40.0,40.0,0.0
0.5625,231,Improved-gOMP,optimized,4856.0,1152.0,2048.0,0.0,1352.0,104.0,104.0,48.0,40.0,0.0,0.0,8.0,0.0
0.5625,232,Improved-gOMP,baseline,3744.0,1152.0,2048.0,0.0,0.0,0.0,336.0,48.0,40.0,40.0,40.0,40.0,0.0
0.5625,232,Improved-gOMP,optimized,4856.0,1152.0,2048.0,0.0,1352.0,104.0,104.0,48.0,40.0,0.0,0.0,8.0,0.0
0.5625,233,Improved-gOMP,baseline,3744.0,1152.0,2048.0,0.0,0.0,0.0,336.0,48.0,40.0,40.0,40.0,40.0,0.0
0.5625,233,Improved-gOMP,optimized,4856.0,1152.0,2048.0,0.0,1352.0,104.0,104.0,48.0,40.0,0.0,0.0,8.0,0.0
0.5625,234,Improved-gOMP,baseline,3912.0,1152.0,2048.0,0.0,0.0,0.0,464.0,56.0,48.0,48.0,48.0,48.0,0.0
0.5625,234,Improved-gOMP,optimized,5616.0,1152.0,2048.0,0.0,2048.0,128.0,128.0,56.0,48.0,0.0,0.0,8.0,0.0
0.5625,235,Improved-gOMP,baseline,3912.0,1152.0,2048.0,0.0,0.0,0.0,464.0,56.0,48.0,48.0,48.0,48.0,0.0
0.5625,235,Improved-gOMP,optimized,5616.0,1152.0,2048.0,0.0,2048.0,128.0,128.0,56.0,48.0,0.0,0.0,8.0,0.0
0.5625,236,Improved-gOMP,baseline,3744.0,1152.0,2048.0,0.0,0.0,0.0,336.0,48.0,40.0,40.0,40.0,40.0,0.0
0.5625,236,Improved-gOMP,optimized,4856.0,1152.0,2048.0,0.0,1352.0,104.0,104.0,48.0,40.0,0.0,0.0,8.0,0.0
0.5625,237,Improved-gOMP,baseline,3768.0,1152.0,2048.0,0.0,0.0,0.0,360.0,48.0,40.0,40.0,40.0,40.0,0.0
0.5625,237,Improved-gOMP,optimized,5616.0,1152.0,2048.0,0.0,2048.0,128.0,128.0,56.0,48.0,0.0,0.0,8.0,0.0
0.5625,238,Improved-gOMP,baseline,3880.0,1152.0,2048.0,0.0,0.0,0.0,432.0,56.0,48.0,48.0,48.0,48.0,0.0
0.5625,238,Improved-gOMP,optimized,5352.0,1152.0,2048.0,0.0,1800.0,120.0,120.0,56.0,48.0,0.0,0.0,8.0,0.0
0.5625,239,Improved-gOMP,baseline,3880.0,1152.0,2048.0,0.0,0.0,0.0,432.0,56.0,48.0,48.0,48.0,48.0,0.0
0.5625,239,Improved-gOMP,optimized,5352.0,1152.0,2048.0,0.0,1800.0,120.0,120.0,56.0,48.0,0.0,0.0,8.0,0.0
0.5625,240,Improved-gOMP,baseline,3744.0,1152.0,2048.0,0.0,0.0,0.0,336.0,48.0,40.0,40.0,40.0,40.0,0.0
0.5625,240,Improved-gOMP,optimized,4856.0,1152.0,2048.0,0.0,1352.0,104.0,104.0,48.0,40.0,0.0,0.0,8.0,0.0
0.5625,241,Improved-gOMP,baseline,3768.0,1152.0,2048.0,0.0,0.0,0.0,360.0,48.0,40.0,40.0,40.0,40.0,0.0
0.5625,241,Improved-gOMP,optimized,5336.0,1152.0,2048.0,0.0,1800.0,120.0,120.0,48.0,40.0,0.0,0.0,8.0,0.0
0.5625,242,Improved-gOMP,baseline,3768.0,1152.0,2048.0,0.0,0.0,0.0,360.0,48.0,40.0,40.0,40.0,40.0,0.0
0.5625,242,Improved-gOMP,optimized,4856.0,1152.0,2048.0,0.0,1352.0,104.0,104.0,48.0,40.0,0.0,0.0,8.0,0.0
0.5625,243,Improved-gOMP,baseline,3744.0,1152.0,2048.0,0.0,0.0,0.0,336.0,48.0,40.0,40.0,40.0,40.0,0.0
0.5625,243,Improved-gOMP,optimized,4856.0,1152.0,2048.0,0.0,1352.0,104.0,104.0,48.0,40.0,0.0,0.0,8.0,0.0
0.5625,244,Improved-gOMP,baseline,3912.0,1152.0,2048.0,0.0,0.0,0.0,464.0,56.0,48.0,48.0,48.0,48.0,0.0
0.5625,244,Improved-gOMP,optimized,5616.0,1152.0,2048.0,0.0,2048.0,128.0,128.0,56.0,48.0,0.0,0.0,8.0,0.0
0.5625,245,Improved-gOMP,baseline,3880.0,1152.0,2048.0,0.0,0.0,0.0,432.0,56.0,48.0,48.0,48.0,48.0,0.0
0.5625,245,Improved-gOMP,optimized,5352.0,1152.0,2048.0,0.0,1800.0,120.0,120.0,56.0,48.0,0.0,0.0,8.0,0.0
0.5625,246,Improved-gOMP,baseline,3912.0,1152.0,2048.0,0.0,0.0,0.0,464.0,56.0,48.0,48.0,48.0,48.0,0.0
0.5625,246,Improved-gOMP,optimized,5616.0,1152.0,2048.0,0.0,2048.0,128.0,128.0,56.0,48.0,0.0,0.0,8.0,0.0
0.5625,247,Improved-gOMP,baseline,3912.0,1152.0,2048.0,0.0,0.0,0.0,464.0,56.0,48.0,48.0,48.0,48.0,0.0
0.5625,247,Improved-gOMP,optimized,5616.0,1152.0,2048.0,0.0,2048.0,128.0,128.0,56.0,48.0,0.0,0.0,8.0,0.0
0.5625,248,Improved-gOMP,baseline,3768.0,1152.0,2048.0,0.0,0.0,0.0,360.0,48.0,40.0,40.0,40.0,40.0,0.0
0.5625,248,Improved-gOMP,optimized,5336.0,1152.0,2048.0,0.0,1800.0,120.0,120.0,48.0,40.0,0.0,0.0,8.0,0.0
0.5625,249,Improved-gOMP,baseline,3936.0,1152.0,2048.0,0.0,0.0,0.0,488.0,56.0,48.0,48.0,48.0,48.0,0.0
0.5625,249,Improved-gOMP,optimized,5616.0,1152.0,2048.0,0.0,2048.0,128.0,128.0,56.0,48.0,0.0,0.0,8.0,0.0
0.5625,250,Improved-gOMP,baseline,3912.0,1152.0,2048.0,0.0,0.0,0.0,464.0,56.0,48.0,48.0,48.0,48.0,0.0
0.5625,250,Improved-gOMP,optimized,5616.0,1152.0,2048.0,0.0,2048.0,128.0,128.0,56.0,48.0,0.0,0.0,8.0,0.0
0.5625,251,Improved-gOMP,baseline,3912.0,1152.0,2048.0,0.0,0.0,0.0,464.0,56.0,48.0,48.0,48.0,48.0,0.0
0.5625,251,Improved-gOMP,optimized,5616.0,1152.0,2048.0,0.0,2048.0,128.0,128.0,56.0,48.0,0.0,0.0,8.0,0.0
0.5625,252,Improved-gOMP,baseline,3936.0,1152.0,2048.0,0.0,0.0,0.0,488.0,56.0,48.0,48.0,48.0,48.0,0.0
0.5625,252,Improved-gOMP,optimized,5616.0,1152.0,2048.0,0.0,2048.0,128.0,128.0,56.0,48.0,0.0,0.0,8.0,0.0
0.5625,253,Improved-gOMP,baseline,3912.0,1152.0,2048.0,0.0,0.0,0.0,464.0,56.0,48.0,48.0,48.0,48.0,0.0
0.5625,253,Improved-gOMP,optimized,5336.0,1152.0,2048.0,0.0,1800.0,120.0,120.0,48.0,40.0,0.0,0.0,8.0,0.0
0.5625,254,Improved-gOMP,baseline,3880.0,1152.0,2048.0,0.0,0.0,0.0,432.0,56.0,48.0,48.0,48.0,48.0,0.0
0.5625,254,Improved-gOMP,optimized,4640.0,1152.0,2048.0,0.0,1152.0,96.0,96.0,48.0,40.0,0.0,0.0,8.0,0.0
0.5625,255,Improved-gOMP,baseline,3720.0,1152.0,2048.0,0.0,0.0,0.0,312.0,48.0,40.0,40.0,40.0,40.0,0.0
0.5625,255,Improved-gOMP,optimized,4640.0,1152.0,2048.0,0.0,1152.0,96.0,96.0,48.0,40.0,0.0,0.0,8.0,0.0
0.5625,256,Improved-gOMP,baseline,3720.0,1152.0,2048.0,0.0,0.0,0.0,312.0,48.0,40.0,40.0,40.0,40.0,0.0
0.5625,256,Improved-gOMP,optimized,4240.0,1152.0,2048.0,0.0,800.0,80.0,80.0,40.0,32.0,0.0,0.0,8.0,0.0
0.5625,257,Improved-gOMP,baseline,3744.0,1152.0,2048.0,0.0,0.0,0.0,336.0,48.0,40.0,40.0,40.0,40.0,0.0
0.5625,257,Improved-gOMP,optimized,4856.0,1152.0,2048.0,0.0,1352.0,104.0,104.0,48.0,40.0,0.0,0.0,8.0,0.0
0.5625,258,Improved-gOMP,baseline,3912.0,1152.0,2048.0,0.0,0.0,0.0,464.0,56.0,48.0,48.0,48.0,48.0,0.0
0.5625,258,Improved-gOMP,optimized,5616.0,1152.0,2048.0,0.0,2048.0,128.0,128.0,56.0,48.0,0.0,0.0,8.0,0.0
0.5625,259,Improved-gOMP,baseline,3936.0,1152.0,2048.0,0.0,0.0,0.0,488.0,56.0,48.0,48.0,48.0,48.0,0.0
0.5625,259,Improved-gOMP,optimized,5616.0,1152.0,2048.0,0.0,2048.0,128.0,128.0,56.0,48.0,0.0,0.0,8.0,0.0
0.5625,260,Improved-gOMP,baseline,3912.0,1152.0,2048.0,0.0,0.0,0.0,464.0,56.0,48.0,48.0,48.0,48.0,0.0
0.5625,260,Improved-gOMP,optimized,4856.0,1152.0,2048.0,0.0,1352.0,104.0,104.0,48.0,40.0,0.0,0.0,8.0,0.0
0.5625,261,Improved-gOMP,baseline,3912.0,1152.0,2048.0,0.0,0.0,0.0,464.0,56.0,48.0,48.0,48.0,48.0,0.0
0.5625,261,Improved-gOMP,optimized,5616.0,1152.0,2048.0,0.0,2048.0,128.0,128.0,56.0,48.0,0.0,0.0,8.0,0.0
0.5625,262,Improved-gOMP,baseline,3768.0,1152.0,2048.0,0.0,0.0,0.0,360.0,48.0,40.0,40.0,40.0,40.0,0.0
0.5625,262,Improved-gOMP,optimized,5336.0,1152.0,2048.0,0.0,1800.0,120.0,120.0,48.0,40.0,0.0,0.0,8.0,0.0
0.5625,263,Improved-gOMP,baseline,3912.0,1152.0,2048.0,0.0,0.0,0.0,464.0,56.0,48.0,48.0,48.0,48.0,0.0
0.5625,263,Improved-gOMP,optimized,5616.0,1152.0,2048.0,0.0,2048.0,128.0,128.0,56.0,48.0,0.0,0.0,8.0,0.0
0.5625,264,Improved-gOMP,baseline,3912.0,1152.0,2048.0,0.0,0.0,0.0,464.0,56.0,48.0,48.0,48.0,48.0,0.0
0.5625,264,Improved-gOMP,optimized,4856.0,1152.0,2048.0,0.0,1352.0,104.0,104.0,48.0,40.0,0.0,0.0,8.0,0.0
0.5625,265,Improved-gOMP,baseline,3768.0,1152.0,2048.0,0.0,0.0,0.0,360.0,48.0,40.0,40.0,40.0,40.0,0.0
0.5625,265,Improved-gOMP,optimized,5616.0,1152.0,2048.0,0.0,2048.0,128.0,128.0,56.0,48.0,0.0,0.0,8.0,0.0
0.5625,266,Improved-gOMP,baseline,3880.0,1152.0,2048.0,0.0,0.0,0.0,432.0,56.0,48.0,48.0,48.0,48.0,0.0
0.5625,266,Improved-gOMP,optimized,5352.0,1152.0,2048.0,0.0,1800.0,120.0,120.0,56.0,48.0,0.0,0.0,8.0,0.0
0.5625,267,Improved-gOMP,baseline,3880.0,1152.0,2048.0,0.0,0.0,0.0,432.0,56.0,48.0,48.0,48.0,48.0,0.0
0.5625,267,Improved-gOMP,optimized,4640.0,1152.0,2048.0,0.0,1152.0,96.0,96.0,48.0,40.0,0.0,0.0,8.0,0.0
0.5625,268,Improved-gOMP,baseline,3912.0,1152.0,2048.0,0.0,0.0,0.0,464.0,56.0,48.0,48.0,48.0,48.0,0.0
0.5625,268,Improved-gOMP,optimized,5616.0,1152.0,2048.0,0.0,2048.0,128.0,128.0,56.0,48.0,0.0,0.0,8.0,0.0
0.5625,269,Improved-gOMP,baseline,3912.0,1152.0,2048.0,0.0,0.0,0.0,464.0,56.0,48.0,48.0,48.0,48.0,0.0
0.5625,269,Improved-gOMP,optimized,5616.0,1152.0,2048.0,0.0,2048.0,128.0,128.0,56.0,48.0,0.0,0.0,8.0,0.0
0.5625,270,Improved-gOMP,baseline,3912.0,1152.0,2048.0,0.0,0.0,0.0,464.0,56.0,48.0,48.0,48.0,48.0,0.0
0.5625,270,Improved-gOMP,optimized,4856.0,1152.0,2048.0,0.0,1352.0,104.0,104.0,48.0,40.0,0.0,0.0,8.0,0.0
0.5625,271,Improved-gOMP,baseline,3744.0,1152.0,2048.0,0.0,0.0,0.0,336.0,48.0,40.0,40.0,40.0,40.0,0.0
0.5625,271,Improved-gOMP,optimized,4856.0,1152.0,2048.0,0.0,1352.0,104.0,104.0,48.0,40.0,0.0,0.0,8.0,0.0
0.5625,272,Improved-gOMP,baseline,3880.0,1152.0,2048.0,0.0,0.0,0.0,432.0,56.0,48.0,48.0,48.0,48.0,0.0
0.5625,272,Improved-gOMP,optimized,5352.0,1152.0,2048.0,0.0,1800.0,120.0,120.0,56.0,48.0,0.0,0.0,8.0,0.0
0.5625,273,Improved-gOMP,baseline,3744.0,1152.0,2048.0,0.0,0.0,0.0,336.0,48.0,40.0,40.0,40.0,40.0,0.0
0.5625,273,Improved-gOMP,optimized,4856.0,1152.0,2048.0,0.0,1352.0,104.0,104.0,48.0,40.0,0.0,0.0,8.0,0.0
0.5625,274,Improved-gOMP,baseline,3912.0,1152.0,2048.0,0.0,0.0,0.0,464.0,56.0,48.0,48.0,48.0,48.0,0.0
0.5625,274,Improved-gOMP,optimized,5616.0,1152.0,2048.0,0.0,2048.0,128.0,128.0,56.0,48.0,0.0,0.0,8.0,0.0
0.5625,275,Improved-gOMP,baseline,3912.0,1152.0,2048.0,0.0,0.0,0.0,464.0,56.0,48.0,48.0,48.0,48.0,0.0
0.5625,275,Improved-gOMP,optimized,5616.0,1152.0,2048.0,0.0,2048.0,128.0,128.0,56.0,48.0,0.0,0.0,8.0,0.0
0.5625,276,Improved-gOMP,baseline,3912.0,1152.0,2048.0,0.0,0.0,0.0,464.0,56.0,48.0,48.0,48.0,48.0,0.0
0.5625,276,Improved-gOMP,optimized,5616.0,1152.0,2048.0,0.0,2048.0,128.0,128.0,56.0,48.0,0.0,0.0,8.0,0.0
0.5625,277,Improved-gOMP,baseline,3880.0,1152.0,2048.0,0.0,0.0,0.0,432.0,56.0,48.0,48.0,48.0,48.0,0.0
0.5625,277,Improved-gOMP,optimized,5352.0,1152.0,2048.0,0.0,1800.0,120.0,120.0,56.0,48.0,0.0,0.0,8.0,0.0
0.5625,278,Improved-gOMP,baseline,3912.0,1152.0,2048.0,0.0,0.0,0.0,464.0,56.0,48.0,48.0,48.0,48.0,0.0
0.5625,278,Improved-gOMP,optimized,5616.0,1152.0,2048.0,0.0,2048.0,128.0,128.0,56.0,48.0,0.0,0.0,8.0,0.0
0.5625,279,Improved-gOMP,baseline,3880.0,1152.0,2048.0,0.0,0.0,0.0,432.0,56.0,48.0,48.0,48.0,48.0,0.0
0.5625,279,Improved-gOMP,optimized,5352.0,1152.0,2048.0,0.0,1800.0,120.0,120.0,56.0,48.0,0.0,0.0,8.0,0.0
0.5625,280,Improved-gOMP,baseline,3912.0,1152.0,2048.0,0.0,0.0,0.0,464.0,56.0,48.0,48.0,48.0,48.0,0.0
0.5625,280,Improved-gOMP,optimized,4856.0,1152.0,2048.0,0.0,1352.0,104.0,104.0,48.0,40.0,0.0,0.0,8.0,0.0
0.5625,281,Improved-gOMP,baseline,3912.0,1152.0,2048.0,0.0,0.0,0.0,464.0,56.0,48.0,48.0,48.0,48.0,0.0
0.5625,281,Improved-gOMP,optimized,5616.0,1152.0,2048.0,0.0,2048.0,128.0,128.0,56.0,48.0,0.0,0.0,8.0,0.0
0.5625,282,Improved-gOMP,baseline,3912.0,1152.0,2048.0,0.0,0.0,0.0,464.0,56.0,48.0,48.0,48.0,48.0,0.0
0.5625,282,Improved-gOMP,optimized,5616.0,1152.0,2048.0,0.0,2048.0,128.0,128.0,56.0,48.0,0.0,0.0,8.0,0.0
0.5625,283,Improved-gOMP,baseline,3936.0,1152.0,2048.0,0.0,0.0,0.0,488.0,56.0,48.0,48.0,48.0,48.0,0.0
0.5625,283,Improved-gOMP,optimized,5616.0,1152.0,2048.0,0.0,2048.0,128.0,128.0,56.0,48.0,0.0,0.0,8.0,0.0
0.5625,284,Improved-gOMP,baseline,3600.0,1152.0,2048.0,0.0,0.0,0.0,232.0,40.0,32.0,32.0,32.0,32.0,0.0
0.5625,284,Improved-gOMP,optimized,4424.0,1152.0,2048.0,0.0,968.0,88.0,88.0,40.0,32.0,0.0,0.0,8.0,0.0
0.5625,285,Improved-gOMP,baseline,3912.0,1152.0,2048.0,0.0,0.0,0.0,464.0,56.0,48.0,48.0,48.0,48.0,0.0
0.5625,285,Improved-gOMP,optimized,5616.0,1152.0,2048.0,0.0,2048.0,128.0,128.0,56.0,48.0,0.0,0.0,8.0,0.0
0.5625,286,Improved-gOMP,baseline,3912.0,1152.0,2048.0,0.0,0.0,0.0,464.0,56.0,48.0,48.0,48.0,48.0,0.0
0.5625,286,Improved-gOMP,optimized,5616.0,1152.0,2048.0,0.0,2048.0,128.0,128.0,56.0,48.0,0.0,0.0,8.0,0.0
0.5625,287,Improved-gOMP,baseline,3912.0,1152.0,2048.0,0.0,0.0,0.0,464.0,56.0,48.0,48.0,48.0,48.0,0.0
0.5625,287,Improved-gOMP,optimized,5616.0,1152.0,2048.0,0.0,2048.0,128.0,128.0,56.0,48.0,0.0,0.0,8.0,0.0
0.5625,288,Improved-gOMP,baseline,3912.0,1152.0,2048.0,0.0,0.0,0.0,464.0,56.0,48.0,48.0,48.0,48.0,0.0
0.5625,288,Improved-gOMP,optimized,5616.0,1152.0,2048.0,0.0,2048.0,128.0,128.0,56.0,48.0,0.0,0.0,8.0,0.0
0.5625,289,Improved-gOMP,baseline,3584.0,1152.0,2048.0,0.0,0.0,0.0,216.0,40.0,32.0,32.0,32.0,32.0,0.0
0.5625,289,Improved-gOMP,optimized,4240.0,1152.0,2048.0,0.0,800.0,80.0,80.0,40.0,32.0,0.0,0.0,8.0,0.0
0.5625,290,Improved-gOMP,baseline,3912.0,1152.0,2048.0,0.0,0.0,0.0,464.0,56.0,48.0,48.0,48.0,48.0,0.0
0.5625,290,Improved-gOMP,optimized,5616.0,1152.0,2048.0,0.0,2048.0,128.0,128.0,56.0,48.0,0.0,0.0,8.0,0.0
0.5625,291,Improved-gOMP,baseline,3936.0,1152.0,2048.0,0.0,0.0,0.0,488.0,56.0,48.0,48.0,48.0,48.0,0.0
0.5625,291,Improved-gOMP,optimized,5616.0,1152.0,2048.0,0.0,2048.0,128.0,128.0,56.0,48.0,0.0,0.0,8.0,0.0
0.5625,292,Improved-gOMP,baseline,3912.0,1152.0,2048.0,0.0,0.0,0.0,464.0,56.0,48.0,48.0,48.0,48.0,0.0
0.5625,292,Improved-gOMP,optimized,5616.0,1152.0,2048.0,0.0,2048.0,128.0,128.0,56.0,48.0,0.0,0.0,8.0,0.0
0.5625,293,Improved-gOMP,baseline,3912.0,1152.0,2048.0,0.0,0.0,0.0,464.0,56.0,48.0,48.0,48.0,48.0,0.0
0.5625,293,Improved-gOMP,optimized,5616.0,1152.0,2048.0,0.0,2048.0,128.0,128.0,56.0,48.0,0.0,0.0,8.0,0.0
0.5625,294,Improved-gOMP,baseline,3912.0,1152.0,2048.0,0.0,0.0,0.0,464.0,56.0,48.0,48.0,48.0,48.0,0.0
0.5625,294,Improved-gOMP,optimized,5616.0,1152.0,2048.0,0.0,2048.0,128.0,128.0,56.0,48.0,0.0,0.0,8.0,0.0
0.5625,295,Improved-gOMP,baseline,3720.0,1152.0,2048.0,0.0,0.0,0.0,312.0,48.0,40.0,40.0,40.0,40.0,0.0
0.5625,295,Improved-gOMP,optimized,4640.0,1152.0,2048.0,0.0,1152.0,96.0,96.0,48.0,40.0,0.0,0.0,8.0,0.0
0.5625,296,Improved-gOMP,baseline,3912.0,1152.0,2048.0,0.0,0.0,0.0,464.0,56.0,48.0,48.0,48.0,48.0,0.0
0.5625,296,Improved-gOMP,optimized,5616.0,1152.0,2048.0,0.0,2048.0,128.0,128.0,56.0,48.0,0.0,0.0,8.0,0.0
0.5625,297,Improved-gOMP,baseline,3936.0,1152.0,2048.0,0.0,0.0,0.0,488.0,56.0,48.0,48.0,48.0,48.0,0.0
0.5625,297,Improved-gOMP,optimized,5616.0,1152.0,2048.0,0.0,2048.0,128.0,128.0,56.0,48.0,0.0,0.0,8.0,0.0
0.5625,298,Improved-gOMP,baseline,3768.0,1152.0,2048.0,0.0,0.0,0.0,360.0,48.0,40.0,40.0,40.0,40.0,0.0
0.5625,298,Improved-gOMP,optimized,5616.0,1152.0,2048.0,0.0,2048.0,128.0,128.0,56.0,48.0,0.0,0.0,8.0,0.0
0.5625,299,Improved-gOMP,baseline,3912.0,1152.0,2048.0,0.0,0.0,0.0,464.0,56.0,48.0,48.0,48.0,48.0,0.0
0.5625,299,Improved-gOMP,optimized,5616.0,1152.0,2048.0,0.0,2048.0,128.0,128.0,56.0,48.0,0.0,0.0,8.0,0.0
0.625,0,Improved-gOMP,baseline,3872.0,1280.0,2048.0,0.0,0.0,0.0,336.0,48.0,40.0,40.0,40.0,40.0,0.0
0.625,0,Improved-gOMP,optimized,4984.0,1280.0,2048.0,0.0,1352.0,104.0,104.0,48.0,40.0,0.0,0.0,8.0,0.0
0.625,1,Improved-gOMP,baseline,4040.0,1280.0,2048.0,0.0,0.0,0.0,464.0,56.0,48.0,48.0,48.0,48.0,0.0
0.625,1,Improved-gOMP,optimized,5744.0,1280.0,2048.0,0.0,2048.0,128.0,128.0,56.0,48.0,0.0,0.0,8.0,0.0
0.625,2,Improved-gOMP,baseline,4008.0,1280.0,2048.0,0.0,0.0,0.0,432.0,56.0,48.0,48.0,48.0,48.0,0.0
0.625,2,Improved-gOMP,optimized,5480.0,1280.0,2048.0,0.0,1800.0,120.0,120.0,56.0,48.0,0.0,0.0,8.0,0.0
0.625,3,Improved-gOMP,baseline,4040.0,1280.0,2048.0,0.0,0.0,0.0,464.0,56.0,48.0,48.0,48.0,48.0,0.0
0.625,3,Improved-gOMP,optimized,5744.0,1280.0,2048.0,0.0,2048.0,128.0,128.0,56.0,48.0,0.0,0.0,8.0,0.0
0.625,4,Improved-gOMP,baseline,4064.0,1280.0,2048.0,0.0,0.0,0.0,488.0,56.0,48.0,48.0,48.0,48.0,0.0
0.625,4,Improved-gOMP,optimized,5464.0,1280.0,2048.0,0.0,1800.0,120.0,120.0,48.0,40.0,0.0,0.0,8.0,0.0
0.625,5,Improved-gOMP,baseline,4040.0,1280.0,2048.0,0.0,0.0,0.0,464.0,56.0,48.0,48.0,48.0,48.0,0.0
0.625,5,Improved-gOMP,optimized,5744.0,1280.0,2048.0,0.0,2048.0,128.0,128.0,56.0,48.0,0.0,0.0,8.0,0.0
0.625,6,Improved-gOMP,baseline,4040.0,1280.0,2048.0,0.0,0.0,0.0,464.0,56.0,48.0,48.0,48.0,48.0,0.0
0.625,6,Improved-gOMP,optimized,5744.0,1280.0,2048.0,0.0,2048.0,128.0,128.0,56.0,48.0,0.0,0.0,8.0,0.0
0.625,7,Improved-gOMP,baseline,4040.0,1280.0,2048.0,0.0,0.0,0.0,464.0,56.0,48.0,48.0,48.0,48.0,0.0
0.625,7,Improved-gOMP,optimized,4984.0,1280.0,2048.0,0.0,1352.0,104.0,104.0,48.0,40.0,0.0,0.0,8.0,0.0
0.625,8,Improved-gOMP,baseline,4064.0,1280.0,2048.0,0.0,0.0,0.0,488.0,56.0,48.0,48.0,48.0,48.0,0.0
0.625,8,Improved-gOMP,optimized,5464.0,1280.0,2048.0,0.0,1800.0,120.0,120.0,48.0,40.0,0.0,0.0,8.0,0.0
0.625,9,Improved-gOMP,baseline,4008.0,1280.0,2048.0,0.0,0.0,0.0,432.0,56.0,48.0,48.0,48.0,48.0,0.0
0.625,9,Improved-gOMP,optimized,5480.0,1280.0,2048.0,0.0,1800.0,120.0,120.0,56.0,48.0,0.0,0.0,8.0,0.0
0.625,10,Improved-gOMP,baseline,4040.0,1280.0,2048.0,0.0,0.0,0.0,464.0,56.0,48.0,48.0,48.0,48.0,0.0
0.625,10,Improved-gOMP,optimized,5744.0,1280.0,2048.0,0.0,2048.0,128.0,128.0,56.0,48.0,0.0,0.0,8.0,0.0
0.625,11,Improved-gOMP,baseline,4008.0,1280.0,2048.0,0.0,0.0,0.0,432.0,56.0,48.0,48.0,48.0,48.0,0.0
0.625,11,Improved-gOMP,optimized,5480.0,1280.0,2048.0,0.0,1800.0,120.0,120.0,56.0,48.0,0.0,0.0,8.0,0.0
0.625,12,Improved-gOMP,baseline,3872.0,1280.0,2048.0,0.0,0.0,0.0,336.0,48.0,40.0,40.0,40.0,40.0,0.0
0.625,12,Improved-gOMP,optimized,4984.0,1280.0,2048.0,0.0,1352.0,104.0,104.0,48.0,40.0,0.0,0.0,8.0,0.0
0.625,13,Improved-gOMP,baseline,3848.0,1280.0,2048.0,0.0,0.0,0.0,312.0,48.0,40.0,40.0,40.0,40.0,0.0
0.625,13,Improved-gOMP,optimized,4768.0,1280.0,2048.0,0.0,1152.0,96.0,96.0,48.0,40.0,0.0,0.0,8.0,0.0
0.625,14,Improved-gOMP,baseline,4064.0,1280.0,2048.0,0.0,0.0,0.0,488.0,56.0,48.0,48.0,48.0,48.0,0.0
0.625,14,Improved-gOMP,optimized,5744.0,1280.0,2048.0,0.0,2048.0,128.0,128.0,56.0,48.0,0.0,0.0,8.0,0.0
0.625,15,Improved-gOMP,baseline,3896.0,1280.0,2048.0,0.0,0.0,0.0,360.0,48.0,40.0,40.0,40.0,40.0,0.0
0.625,15,Improved-gOMP,optimized,5744.0,1280.0,2048.0,0.0,2048.0,128.0,128.0,56.0,48.0,0.0,0.0,8.0,0.0
0.625,16,Improved-gOMP,baseline,4040.0,1280.0,2048.0,0.0,0.0,0.0,464.0,56.0,48.0,48.0,48.0,48.0,0.0
0.625,16,Improved-gOMP,optimized,5744.0,1280.0,2048.0,0.0,2048.0,128.0,128.0,56.0,48.0,0.0,0.0,8.0,0.0
0.625,17,Improved-gOMP,baseline,3872.0,1280.0,2048.0,0.0,0.0,0.0,336.0,48.0,40.0,40.0,40.0,40.0,0.0
0.625,17,Improved-gOMP,optimized,4984.0,1280.0,2048.0,0.0,1352.0,104.0,104.0,48.0,40.0,0.0,0.0,8.0,0.0
0.625,18,Improved-gOMP,baseline,4040.0,1280.0,2048.0,0.0,0.0,0.0,464.0,56.0,48.0,48.0,48.0,48.0,0.0
0.625,18,Improved-gOMP,optimized,5744.0,1280.0,2048.0,0.0,2048.0,128.0,128.0,56.0,48.0,0.0,0.0,8.0,0.0
0.625,19,Improved-gOMP,baseline,4040.0,1280.0,2048.0,0.0,0.0,0.0,464.0,56.0,48.0,48.0,48.0,48.0,0.0
0.625,19,Improved-gOMP,optimized,5744.0,1280.0,2048.0,0.0,2048.0,128.0,128.0,56.0,48.0,0.0,0.0,8.0,0.0
0.625,20,Improved-gOMP,baseline,4008.0,1280.0,2048.0,0.0,0.0,0.0,432.0,56.0,48.0,48.0,48.0,48.0,0.0
0.625,20,Improved-gOMP,optimized,5480.0,1280.0,2048.0,0.0,1800.0,120.0,120.0,56.0,48.0,0.0,0.0,8.0,0.0
0.625,21,Improved-gOMP,baseline,3872.0,1280.0,2048.0,0.0,0.0,0.0,336.0,48.0,40.0,40.0,40.0,40.0,0.0
0.625,21,Improved-gOMP,optimized,4984.0,1280.0,2048.0,0.0,1352.0,104.0,104.0,48.0,40.0,0.0,0.0,8.0,0.0
0.625,22,Improved-gOMP,baseline,4040.0,1280.0,2048.0,0.0,0.0,0.0,464.0,56.0,48.0,48.0,48.0,48.0,0.0
0.625,22,Improved-gOMP,optimized,5744.0,1280.0,2048.0,0.0,2048.0,128.0,128.0,56.0,48.0,0.0,0.0,8.0,0.0
0.625,23,Improved-gOMP,baseline,4040.0,1280.0,2048.0,0.0,0.0,0.0,464.0,56.0,48.0,48.0,48.0,48.0,0.0
0.625,23,Improved-gOMP,optimized,5744.0,1280.0,2048.0,0.0,2048.0,128.0,128.0,56.0,48.0,0.0,0.0,8.0,0.0
0.625,24,Improved-gOMP,baseline,4064.0,1280.0,2048.0,0.0,0.0,0.0,488.0,56.0,48.0,48.0,48.0,48.0,0.0
0.625,24,Improved-gOMP,optimized,5744.0,1280.0,2048.0,0.0,2048.0,128.0,128.0,56.0,48.0,0.0,0.0,8.0,0.0
0.625,25,Improved-gOMP,baseline,4040.0,1280.0,2048.0,0.0,0.0,0.0,464.0,56.0,48.0,48.0,48.0,48.0,0.0
0.625,25,Improved-gOMP,optimized,5744.0,1280.0,2048.0,0.0,2048.0,128.0,128.0,56.0,48.0,0.0,0.0,8.0,0.0
0.625,26,Improved-gOMP,baseline,4040.0,1280.0,2048.0,0.0,0.0,0.0,464.0,56.0,48.0,48.0,48.0,48.0,0.0
0.625,26,Improved-gOMP,optimized,4984.0,1280.0,2048.0,0.0,1352.0,104.0,104.0,48.0,40.0,0.0,0.0,8.0,0.0
0.625,27,Improved-gOMP,baseline,4040.0,1280.0,2048.0,0.0,0.0,0.0,464.0,56.0,48.0,48.0,48.0,48.0,0.0
0.625,27,Improved-gOMP,optimized,5744.0,1280.0,2048.0,0.0,2048.0,128.0,128.0,56.0,48.0,0.0,0.0,8.0,0.0
0.625,28,Improved-gOMP,baseline,4040.0,1280.0,2048.0,0.0,0.0,0.0,464.0,56.0,48.0,48.0,48.0,48.0,0.0
0.625,28,Improved-gOMP,optimized,5744.0,1280.0,2048.0,0.0,2048.0,128.0,128.0,56.0,48.0,0.0,0.0,8.0,0.0
0.625,29,Improved-gOMP,baseline,4040.0,1280.0,2048.0,0.0,0.0,0.0,464.0,56.0,48.0,48.0,48.0,48.0,0.0
0.625,29,Improved-gOMP,optimized,5480.0,1280.0,2048.0,0.0,1800.0,120.0,120.0,56.0,48.0,0.0,0.0,8.0,0.0
0.625,30,Improved-gOMP,baseline,4040.0,1280.0,2048.0,0.0,0.0,0.0,464.0,56.0,48.0,48.0,48.0,48.0,0.0
0.625,30,Improved-gOMP,optimized,5744.0,1280.0,2048.0,0.0,2048.0,128.0,128.0,56.0,48.0,0.0,0.0,8.0,0.0
0.625,31,Improved-gOMP,baseline,4040.0,1280.0,2048.0,0.0,0.0,0.0,464.0,56.0,48.0,48.0,48.0,48.0,0.0
0.625,31,Improved-gOMP,optimized,5744.0,1280.0,2048.0,0.0,2048.0,128.0,128.0,56.0,48.0,0.0,0.0,8.0,0.0
0.625,32,Improved-gOMP,baseline,4040.0,1280.0,2048.0,0.0,0.0,0.0,464.0,56.0,48.0,48.0,48.0,48.0,0.0
0.625,32,Improved-gOMP,optimized,5480.0,1280.0,2048.0,0.0,1800.0,120.0,120.0,56.0,48.0,0.0,0.0,8.0,0.0
0.625,33,Improved-gOMP,baseline,4040.0,1280.0,2048.0,0.0,0.0,0.0,464.0,56.0,48.0,48.0,48.0,48.0,0.0
0.625,33,Improved-gOMP,optimized,5744.0,1280.0,2048.0,0.0,2048.0,128.0,128.0,56.0,48.0,0.0,0.0,8.0,0.0
0.625,34,Improved-gOMP,baseline,4040.0,1280.0,2048.0,0.0,0.0,0.0,464.0,56.0,48.0,48.0,48.0,48.0,0.0
0.625,34,Improved-gOMP,optimized,5744.0,1280.0,2048.0,0.0,2048.0,128.0,128.0,56.0,48.0,0.0,0.0,8.0,0.0
0.625,35,Improved-gOMP,baseline,4040.0,1280.0,2048.0,0.0,0.0,0.0,464.0,56.0,48.0,48.0,48.0,48.0,0.0
0.625,35,Improved-gOMP,optimized,4984.0,1280.0,2048.0,0.0,1352.0,104.0,104.0,48.0,40.0,0.0,0.0,8.0,0.0
0.625,36,Improved-gOMP,baseline,4040.0,1280.0,2048.0,0.0,0.0,0.0,464.0,56.0,48.0,48.0,48.0,48.0,0.0
0.625,36,Improved-gOMP,optimized,5744.0,1280.0,2048.0,0.0,2048.0,128.0,128.0,56.0,48.0,0.0,0.0,8.0,0.0
0.625,37,Improved-gOMP,baseline,4064.0,1280.0,2048.0,0.0,0.0,0.0,488.0,56.0,48.0,48.0,48.0,48.0,0.0
0.625,37,Improved-gOMP,optimized,5464.0,1280.0,2048.0,0.0,1800.0,120.0,120.0,48.0,40.0,0.0,0.0,8.0,0.0
0.625,38,Improved-gOMP,baseline,4040.0,1280.0,2048.0,0.0,0.0,0.0,464.0,56.0,48.0,48.0,48.0,48.0,0.0
0.625,38,Improved-gOMP,optimized,5744.0,1280.0,2048.0,0.0,2048.0,128.0,128.0,56.0,48.0,0.0,0.0,8.0,0.0
0.625,39,Improved-gOMP,baseline,4040.0,1280.0,2048.0,0.0,0.0,0.0,464.0,56.0,48.0,48.0,48.0,48.0,0.0
0.625,39,Improved-gOMP,optimized,5744.0,1280.0,2048.0,0.0,2048.0,128.0,128.0,56.0,48.0,0.0,0.0,8.0,0.0
0.625,40,Improved-gOMP,baseline,3872.0,1280.0,2048.0,0.0,0.0,0.0,336.0,48.0,40.0,40.0,40.0,40.0,0.0
0.625,40,Improved-gOMP,optimized,4984.0,1280.0,2048.0,0.0,1352.0,104.0,104.0,48.0,40.0,0.0,0.0,8.0,0.0
0.625,41,Improved-gOMP,baseline,4040.0,1280.0,2048.0,0.0,0.0,0.0,464.0,56.0,48.0,48.0,48.0,48.0,0.0
0.625,41,Improved-gOMP,optimized,5744.0,1280.0,2048.0,0.0,2048.0,128.0,128.0,56.0,48.0,0.0,0.0,8.0,0.0
0.625,42,Improved-gOMP,baseline,4040.0,1280.0,2048.0,0.0,0.0,0.0,464.0,56.0,48.0,48.0,48.0,48.0,0.0
0.625,42,Improved-gOMP,optimized,5744.0,1280.0,2048.0,0.0,2048.0,128.0,128.0,56.0,48.0,0.0,0.0,8.0,0.0
0.625,43,Improved-gOMP,baseline,3872.0,1280.0,2048.0,0.0,0.0,0.0,336.0,48.0,40.0,40.0,40.0,40.0,0.0
0.625,43,Improved-gOMP,optimized,4984.0,1280.0,2048.0,0.0,1352.0,104.0,104.0,48.0,40.0,0.0,0.0,8.0,0.0
0.625,44,Improved-gOMP,baseline,4040.0,1280.0,2048.0,0.0,0.0,0.0,464.0,56.0,48.0,48.0,48.0,48.0,0.0
0.625,44,Improved-gOMP,optimized,5744.0,1280.0,2048.0,0.0,2048.0,128.0,128.0,56.0,48.0,0.0,0.0,8.0,0.0
0.625,45,Improved-gOMP,baseline,4040.0,1280.0,2048.0,0.0,0.0,0.0,464.0,56.0,48.0,48.0,48.0,48.0,0.0
0.625,45,Improved-gOMP,optimized,5744.0,1280.0,2048.0,0.0,2048.0,128.0,128.0,56.0,48.0,0.0,0.0,8.0,0.0
0.625,46,Improved-gOMP,baseline,4040.0,1280.0,2048.0,0.0,0.0,0.0,464.0,56.0,48.0,48.0,48.0,48.0,0.0
0.625,46,Improved-gOMP,optimized,5744.0,1280.0,2048.0,0.0,2048.0,128.0,128.0,56.0,48.0,0.0,0.0,8.0,0.0
0.625,47,Improved-gOMP,baseline,4040.0,1280.0,2048.0,0.0,0.0,0.0,464.0,56.0,48.0,48.0,48.0,48.0,0.0
0.625,47,Improved-gOMP,optimized,5744.0,1280.0,2048.0,0.0,2048.0,128.0,128.0,56.0,48.0,0.0,0.0,8.0,0.0
0.625,48,Improved-gOMP,baseline,4040.0,1280.0,2048.0,0.0,0.0,0.0,464.0,56.0,48.0,48.0,48.0,48.0,0.0
0.625,48,Improved-gOMP,optimized,5744.0,1280.0,2048.0,0.0,2048.0,128.0,128.0,56.0,48.0,0.0,0.0,8.0,0.0
0.625,49,Improved-gOMP,baseline,3872.0,1280.0,2048.0,0.0,0.0,0.0,336.0,48.0,40.0,40.0,40.0,40.0,0.0
0.625,49,Improved-gOMP,optimized,4984.0,1280.0,2048.0,0.0,1352.0,104.0,104.0,48.0,40.0,0.0,0.0,8.0,0.0
0.625,50,Improved-gOMP,baseline,3872.0,1280.0,2048.0,0.0,0.0,0.0,336.0,48.0,40.0,40.0,40.0,40.0,0.0
0.625,50,Improved-gOMP,optimized,4984.0,1280.0,2048.0,0.0,1352.0,104.0,104.0,48.0,40.0,0.0,0.0,8.0,0.0
0.625,51,Improved-gOMP,baseline,4064.0,1280.0,2048.0,0.0,0.0,0.0,488.0,56.0,48.0,48.0,48.0,48.0,0.0
0.625,51,Improved-gOMP,optimized,5744.0,1280.0,2048.0,0.0,2048.0,128.0,128.0,56.0,48.0,0.0,0.0,8.0,0.0
0.625,52,Improved-gOMP,baseline,4008.0,1280.0,2048.0,0.0,0.0,0.0,432.0,56.0,48.0,48.0,48.0,48.0,0.0
0.625,52,Improved-gOMP,optimized,5480.0,1280.0,2048.0,0.0,1800.0,120.0,120.0,56.0,48.0,0.0,0.0,8.0,0.0
0.625,53,Improved-gOMP,baseline,4064.0,1280.0,2048.0,0.0,0.0,0.0,488.0,56.0,48.0,48.0,48.0,48.0,0.0
0.625,53,Improved-gOMP,optimized,5744.0,1280.0,2048.0,0.0,2048.0,128.0,128.0,56.0,48.0,0.0,0.0,8.0,0.0
0.625,54,Improved-gOMP,baseline,4040.0,1280.0,2048.0,0.0,0.0,0.0,464.0,56.0,48.0,48.0,48.0,48.0,0.0
0.625,54,Improved-gOMP,optimized,4984.0,1280.0,2048.0,0.0,1352.0,104.0,104.0,48.0,40.0,0.0,0.0,8.0,0.0
0.625,55,Improved-gOMP,baseline,4040.0,1280.0,2048.0,0.0,0.0,0.0,464.0,56.0,48.0,48.0,48.0,48.0,0.0
0.625,55,Improved-gOMP,optimized,5744.0,1280.0,2048.0,0.0,2048.0,128.0,128.0,56.0,48.0,0.0,0.0,8.0,0.0
0.625,56,Improved-gOMP,baseline,4040.0,1280.0,2048.0,0.0,0.0,0.0,464.0,56.0,48.0,48.0,48.0,48.0,0.0
0.625,56,Improved-gOMP,optimized,5744.0,1280.0,2048.0,0.0,2048.0,128.0,128.0,56.0,48.0,0.0,0.0,8.0,0.0
0.625,57,Improved-gOMP,baseline,4064.0,1280.0,2048.0,0.0,0.0,0.0,488.0,56.0,48.0,48.0,48.0,48.0,0.0
0.625,57,Improved-gOMP,optimized,5464.0,1280.0,2048.0,0.0,1800.0,120.0,120.0,48.0,40.0,0.0,0.0,8.0,0.0
0.625,58,Improved-gOMP,baseline,4040.0,1280.0,2048.0,0.0,0.0,0.0,464.0,56.0,48.0,48.0,48.0,48.0,0.0
0.625,58,Improved-gOMP,optimized,5744.0,1280.0,2048.0,0.0,2048.0,128.0,128.0,56.0,48.0,0.0,0.0,8.0,0.0
0.625,59,Improved-gOMP,baseline,4008.0,1280.0,2048.0,0.0,0.0,0.0,432.0,56.0,48.0,48.0,48.0,48.0,0.0
0.625,59,Improved-gOMP,optimized,5480.0,1280.0,2048.0,0.0,1800.0,120.0,120.0,56.0,48.0,0.0,0.0,8.0,0.0
0.625,60,Improved-gOMP,baseline,4040.0,1280.0,2048.0,0.0,0.0,0.0,464.0,56.0,48.0,48.0,48.0,48.0,0.0
0.625,60,Improved-gOMP,optimized,5744.0,1280.0,2048.0,0.0,2048.0,128.0,128.0,56.0,48.0,0.0,0.0,8.0,0.0
0.625,61,Improved-gOMP,baseline,3848.0,1280.0,2048.0,0.0,0.0,0.0,312.0,48.0,40.0,40.0,40.0,40.0,0.0
0.625,61,Improved-gOMP,optimized,4768.0,1280.0,2048.0,0.0,1152.0,96.0,96.0,48.0,40.0,0.0,0.0,8.0,0.0
0.625,62,Improved-gOMP,baseline,4040.0,1280.0,2048.0,0.0,0.0,0.0,464.0,56.0,48.0,48.0,48.0,48.0,0.0
0.625,62,Improved-gOMP,optimized,5744.0,1280.0,2048.0,0.0,2048.0,128.0,128.0,56.0,48.0,0.0,0.0,8.0,0.0
0.625,63,Improved-gOMP,baseline,4008.0,1280.0,2048.0,0.0,0.0,0.0,432.0,56.0,48.0,48.0,48.0,48.0,0.0
0.625,63,Improved-gOMP,optimized,5480.0,1280.0,2048.0,0.0,1800.0,120.0,120.0,56.0,48.0,0.0,0.0,8.0,0.0
0.625,64,Improved-gOMP,baseline,4040.0,1280.0,2048.0,0.0,0.0,0.0,464.0,56.0,48.0,48.0,48.0,48.0,0.0
0.625,64,Improved-gOMP,optimized,4984.0,1280.0,2048.0,0.0,1352.0,104.0,104.0,48.0,40.0,0.0,0.0,8.0,0.0
0.625,65,Improved-gOMP,baseline,4040.0,1280.0,2048.0,0.0,0.0,0.0,464.0,56.0,48.0,48.0,48.0,48.0,0.0
0.625,65,Improved-gOMP,optimized,5744.0,1280.0,2048.0,0.0,2048.0,128.0,128.0,56.0,48.0,0.0,0.0,8.0,0.0
0.625,66,Improved-gOMP,baseline,4040.0,1280.0,2048.0,0.0,0.0,0.0,464.0,56.0,48.0,48.0,48.0,48.0,0.0
0.625,66,Improved-gOMP,optimized,5744.0,1280.0,2048.0,0.0,2048.0,128.0,128.0,56.0,48.0,0.0,0.0,8.0,0.0
0.625,67,Improved-gOMP,baseline,3848.0,1280.0,2048.0,0.0,0.0,0.0,312.0,48.0,40.0,40.0,40.0,40.0,0.0
0.625,67,Improved-gOMP,optimized,4768.0,1280.0,2048.0,0.0,1152.0,96.0,96.0,48.0,40.0,0.0,0.0,8.0,0.0
0.625,68,Improved-gOMP,baseline,4064.0,1280.0,2048.0,0.0,0.0,0.0,488.0,56.0,48.0,48.0,48.0,48.0,0.0
0.625,68,Improved-gOMP,optimized,5744.0,1280.0,2048.0,0.0,2048.0,128.0,128.0,56.0,48.0,0.0,0.0,8.0,0.0
0.625,69,Improved-gOMP,baseline,3872.0,1280.0,2048.0,0.0,0.0,0.0,336.0,48.0,40.0,40.0,40.0,40.0,0.0
0.625,69,Improved-gOMP,optimized,4984.0,1280.0,2048.0,0.0,1352.0,104.0,104.0,48.0,40.0,0.0,0.0,8.0,0.0
0.625,70,Improved-gOMP,baseline,4040.0,1280.0,2048.0,0.0,0.0,0.0,464.0,56.0,48.0,48.0,48.0,48.0,0.0
0.625,70,Improved-gOMP,optimized,5744.0,1280.0,2048.0,0.0,2048.0,128.0,128.0,56.0,48.0,0.0,0.0,8.0,0.0
0.625,71,Improved-gOMP,baseline,4040.0,1280.0,2048.0,0.0,0.0,0.0,464.0,56.0,48.0,48.0,48.0,48.0,0.0
0.625,71,Improved-gOMP,optimized,5744.0,1280.0,2048.0,0.0,2048.0,128.0,128.0,56.0,48.0,0.0,0.0,8.0,0.0
0.625,72,Improved-gOMP,baseline,4008.0,1280.0,2048.0,0.0,0.0,0.0,432.0,56.0,48.0,48.0,48.0,48.0,0.0
0.625,72,Improved-gOMP,optimized,5480.0,1280.0,2048.0,0.0,1800.0,120.0,120.0,56.0,48.0,0.0,0.0,8.0,0.0
0.625,73,Improved-gOMP,baseline,4008.0,1280.0,2048.0,0.0,0.0,0.0,432.0,56.0,48.0,48.0,48.0,48.0,0.0
0.625,73,Improved-gOMP,optimized,5480.0,1280.0,2048.0,0.0,1800.0,120.0,120.0,56.0,48.0,0.0,0.0,8.0,0.0
0.625,74,Improved-gOMP,baseline,3872.0,1280.0,2048.0,0.0,0.0,0.0,336.0,48.0,40.0,40.0,40.0,40.0,0.0
0.625,74,Improved-gOMP,optimized,4984.0,1280.0,2048.0,0.0,1352.0,104.0,104.0,48.0,40.0,0.0,0.0,8.0,0.0
0.625,75,Improved-gOMP,baseline,3848.0,1280.0,2048.0,0.0,0.0,0.0,312.0,48.0,40.0,40.0,40.0,40.0,0.0
0.625,75,Improved-gOMP,optimized,4768.0,1280.0,2048.0,0.0,1152.0,96.0,96.0,48.0,40.0,0.0,0.0,8.0,0.0
0.625,76,Improved-gOMP,baseline,4040.0,1280.0,2048.0,0.0,0.0,0.0,464.0,56.0,48.0,48.0,48.0,48.0,0.0
0.625,76,Improved-gOMP,optimized,5744.0,1280.0,2048.0,0.0,2048.0,128.0,128.0,56.0,48.0,0.0,0.0,8.0,0.0
0.625,77,Improved-gOMP,baseline,4040.0,1280.0,2048.0,0.0,0.0,0.0,464.0,56.0,48.0,48.0,48.0,48.0,0.0
0.625,77,Improved-gOMP,optimized,5744.0,1280.0,2048.0,0.0,2048.0,128.0,128.0,56.0,48.0,0.0,0.0,8.0,0.0
0.625,78,Improved-gOMP,baseline,3872.0,1280.0,2048.0,0.0,0.0,0.0,336.0,48.0,40.0,40.0,40.0,40.0,0.0
0.625,78,Improved-gOMP,optimized,4984.0,1280.0,2048.0,0.0,1352.0,104.0,104.0,48.0,40.0,0.0,0.0,8.0,0.0
0.625,79,Improved-gOMP,baseline,4040.0,1280.0,2048.0,0.0,0.0,0.0,464.0,56.0,48.0,48.0,48.0,48.0,0.0
0.625,79,Improved-gOMP,optimized,5744.0,1280.0,2048.0,0.0,2048.0,128.0,128.0,56.0,48.0,0.0,0.0,8.0,0.0
0.625,80,Improved-gOMP,baseline,4040.0,1280.0,2048.0,0.0,0.0,0.0,464.0,56.0,48.0,48.0,48.0,48.0,0.0
0.625,80,Improved-gOMP,optimized,5744.0,1280.0,2048.0,0.0,2048.0,128.0,128.0,56.0,48.0,0.0,0.0,8.0,0.0
0.625,81,Improved-gOMP,baseline,4040.0,1280.0,2048.0,0.0,0.0,0.0,464.0,56.0,48.0,48.0,48.0,48.0,0.0
0.625,81,Improved-gOMP,optimized,5744.0,1280.0,2048.0,0.0,2048.0,128.0,128.0,56.0,48.0,0.0,0.0,8.0,0.0
0.625,82,Improved-gOMP,baseline,4040.0,1280.0,2048.0,0.0,0.0,0.0,464.0,56.0,48.0,48.0,48.0,48.0,0.0
0.625,82,Improved-gOMP,optimized,5744.0,1280.0,2048.0,0.0,2048.0,128.0,128.0,56.0,48.0,0.0,0.0,8.0,0.0
0.625,83,Improved-gOMP,baseline,3872.0,1280.0,2048.0,0.0,0.0,0.0,336.0,48.0,40.0,40.0,40.0,40.0,0.0
0.625,83,Improved-gOMP,optimized,4984.0,1280.0,2048.0,0.0,1352.0,104.0,104.0,48.0,40.0,0.0,0.0,8.0,0.0
0.625,84,Improved-gOMP,baseline,4040.0,1280.0,2048.0,0.0,0.0,0.0,464.0,56.0,48.0,48.0,48.0,48.0,0.0
0.625,84,Improved-gOMP,optimized,5744.0,1280.0,2048.0,0.0,2048.0,128.0,128.0,56.0,48.0,0.0,0.0,8.0,0.0
0.625,85,Improved-gOMP,baseline,4008.0,1280.0,2048.0,0.0,0.0,0.0,432.0,56.0,48.0,48.0,48.0,48.0,0.0
0.625,85,Improved-gOMP,optimized,5480.0,1280.0,2048.0,0.0,1800.0,120.0,120.0,56.0,48.0,0.0,0.0,8.0,0.0
0.625,86,Improved-gOMP,baseline,4040.0,1280.0,2048.0,0.0,0.0,0.0,464.0,56.0,48.0,48.0,48.0,48.0,0.0
0.625,86,Improved-gOMP,optimized,5744.0,1280.0,2048.0,0.0,2048.0,128.0,128.0,56.0,48.0,0.0,0.0,8.0,0.0
0.625,87,Improved-gOMP,baseline,4040.0,1280.0,2048.0,0.0,0.0,0.0,464.0,56.0,48.0,48.0,48.0,48.0,0.0
0.625,87,Improved-gOMP,optimized,5744.0,1280.0,2048.0,0.0,2048.0,128.0,128.0,56.0,48.0,0.0,0.0,8.0,0.0
0.625,88,Improved-gOMP,baseline,3848.0,1280.0,2048.0,0.0,0.0,0.0,312.0,48.0,40.0,40.0,40.0,40.0,0.0
0.625,88,Improved-gOMP,optimized,4768.0,1280.0,2048.0,0.0,1152.0,96.0,96.0,48.0,40.0,0.0,0.0,8.0,0.0
0.625,89,Improved-gOMP,baseline,4176.0,1280.0,2048.0,0.0,0.0,0.0,560.0,64.0,56.0,56.0,56.0,56.0,0.0
0.625,89,Improved-gOMP,optimized,5480.0,1280.0,2048.0,0.0,1800.0,120.0,120.0,56.0,48.0,0.0,0.0,8.0,0.0
0.625,90,Improved-gOMP,baseline,4008.0,1280.0,2048.0,0.0,0.0,0.0,432.0,56.0,48.0,48.0,48.0,48.0,0.0
0.625,90,Improved-gOMP,optimized,4768.0,1280.0,2048.0,0.0,1152.0,96.0,96.0,48.0,40.0,0.0,0.0,8.0,0.0
0.625,91,Improved-gOMP,baseline,4040.0,1280.0,2048.0,0.0,0.0,0.0,464.0,56.0,48.0,48.0,48.0,48.0,0.0
0.625,91,Improved-gOMP,optimized,5744.0,1280.0,2048.0,0.0,2048.0,128.0,128.0,56.0,48.0,0.0,0.0,8.0,0.0
0.625,92,Improved-gOMP,baseline,4040.0,1280.0,2048.0,0.0,0.0,0.0,464.0,56.0,48.0,48.0,48.0,48.0,0.0
0.625,92,Improved-gOMP,optimized,5744.0,1280.0,2048.0,0.0,2048.0,128.0,128.0,56.0,48.0,0.0,0.0,8.0,0.0
0.625,93,Improved-gOMP,baseline,4040.0,1280.0,2048.0,0.0,0.0,0.0,464.0,56.0,48.0,48.0,48.0,48.0,0.0
0.625,93,Improved-gOMP,optimized,4984.0,1280.0,2048.0,0.0,1352.0,104.0,104.0,48.0,40.0,0.0,0.0,8.0,0.0
0.625,94,Improved-gOMP,baseline,4040.0,1280.0,2048.0,0.0,0.0,0.0,464.0,56.0,48.0,48.0,48.0,48.0,0.0
0.625,94,Improved-gOMP,optimized,4984.0,1280.0,2048.0,0.0,1352.0,104.0,104.0,48.0,40.0,0.0,0.0,8.0,0.0
0.625,95,Improved-gOMP,baseline,4040.0,1280.0,2048.0,0.0,0.0,0.0,464.0,56.0,48.0,48.0,48.0,48.0,0.0
0.625,95,Improved-gOMP,optimized,4984.0,1280.0,2048.0,0.0,1352.0,104.0,104.0,48.0,40.0,0.0,0.0,8.0,0.0
0.625,96,Improved-gOMP,baseline,3848.0,1280.0,2048.0,0.0,0.0,0.0,312.0,48.0,40.0,40.0,40.0,40.0,0.0
0.625,96,Improved-gOMP,optimized,4768.0,1280.0,2048.0,0.0,1152.0,96.0,96.0,48.0,40.0,0.0,0.0,8.0,0.0
0.625,97,Improved-gOMP,baseline,3872.0,1280.0,2048.0,0.0,0.0,0.0,336.0,48.0,40.0,40.0,40.0,40.0,0.0
0.625,97,Improved-gOMP,optimized,4768.0,1280.0,2048.0,0.0,1152.0,96.0,96.0,48.0,40.0,0.0,0.0,8.0,0.0
0.625,98,Improved-gOMP,baseline,3872.0,1280.0,2048.0,0.0,0.0,0.0,336.0,48.0,40.0,40.0,40.0,40.0,0.0
0.625,98,Improved-gOMP,optimized,4984.0,1280.0,2048.0,0.0,1352.0,104.0,104.0,48.0,40.0,0.0,0.0,8.0,0.0
0.625,99,Improved-gOMP,baseline,4040.0,1280.0,2048.0,0.0,0.0,0.0,464.0,56.0,48.0,48.0,48.0,48.0,0.0
0.625,99,Improved-gOMP,optimized,4984.0,1280.0,2048.0,0.0,1352.0,104.0,104.0,48.0,40.0,0.0,0.0,8.0,0.0
0.625,100,Improved-gOMP,baseline,3872.0,1280.0,2048.0,0.0,0.0,0.0,336.0,48.0,40.0,40.0,40.0,40.0,0.0
0.625,100,Improved-gOMP,optimized,4984.0,1280.0,2048.0,0.0,1352.0,104.0,104.0,48.0,40.0,0.0,0.0,8.0,0.0
0.625,101,Improved-gOMP,baseline,4040.0,1280.0,2048.0,0.0,0.0,0.0,464.0,56.0,48.0,48.0,48.0,48.0,0.0
0.625,101,Improved-gOMP,optimized,4984.0,1280.0,2048.0,0.0,1352.0,104.0,104.0,48.0,40.0,0.0,0.0,8.0,0.0
0.625,102,Improved-gOMP,baseline,4040.0,1280.0,2048.0,0.0,0.0,0.0,464.0,56.0,48.0,48.0,48.0,48.0,0.0
0.625,102,Improved-gOMP,optimized,5744.0,1280.0,2048.0,0.0,2048.0,128.0,128.0,56.0,48.0,0.0,0.0,8.0,0.0
0.625,103,Improved-gOMP,baseline,4008.0,1280.0,2048.0,0.0,0.0,0.0,432.0,56.0,48.0,48.0,48.0,48.0,0.0
0.625,103,Improved-gOMP,optimized,5480.0,1280.0,2048.0,0.0,1800.0,120.0,120.0,56.0,48.0,0.0,0.0,8.0,0.0
0.625,104,Improved-gOMP,baseline,4008.0,1280.0,2048.0,0.0,0.0,0.0,432.0,56.0,48.0,48.0,48.0,48.0,0.0
0.625,104,Improved-gOMP,optimized,5480.0,1280.0,2048.0,0.0,1800.0,120.0,120.0,56.0,48.0,0.0,0.0,8.0,0.0
0.625,105,Improved-gOMP,baseline,3848.0,1280.0,2048.0,0.0,0.0,0.0,312.0,48.0,40.0,40.0,40.0,40.0,0.0
0.625,105,Improved-gOMP,optimized,4768.0,1280.0,2048.0,0.0,1152.0,96.0,96.0,48.0,40.0,0.0,0.0,8.0,0.0
0.625,106,Improved-gOMP,baseline,4040.0,1280.0,2048.0,0.0,0.0,0.0,464.0,56.0,48.0,48.0,48.0,48.0,0.0
0.625,106,Improved-gOMP,optimized,5480.0,1280.0,2048.0,0.0,1800.0,120.0,120.0,56.0,48.0,0.0,0.0,8.0,0.0
0.625,107,Improved-gOMP,baseline,4040.0,1280.0,2048.0,0.0,0.0,0.0,464.0,56.0,48.0,48.0,48.0,48.0,0.0
0.625,107,Improved-gOMP,optimized,5744.0,1280.0,2048.0,0.0,2048.0,128.0,128.0,56.0,48.0,0.0,0.0,8.0,0.0
0.625,108,Improved-gOMP,baseline,3872.0,1280.0,2048.0,0.0,0.0,0.0,336.0,48.0,40.0,40.0,40.0,40.0,0.0
0.625,108,Improved-gOMP,optimized,4984.0,1280.0,2048.0,0.0,1352.0,104.0,104.0,48.0,40.0,0.0,0.0,8.0,0.0
0.625,109,Improved-gOMP,baseline,3872.0,1280.0,2048.0,0.0,0.0,0.0,336.0,48.0,40.0,40.0,40.0,40.0,0.0
0.625,109,Improved-gOMP,optimized,4984.0,1280.0,2048.0,0.0,1352.0,104.0,104.0,48.0,40.0,0.0,0.0,8.0,0.0
0.625,110,Improved-gOMP,baseline,4040.0,1280.0,2048.0,0.0,0.0,0.0,464.0,56.0,48.0,48.0,48.0,48.0,0.0
0.625,110,Improved-gOMP,optimized,5744.0,1280.0,2048.0,0.0,2048.0,128.0,128.0,56.0,48.0,0.0,0.0,8.0,0.0
0.625,111,Improved-gOMP,baseline,3728.0,1280.0,2048.0,0.0,0.0,0.0,232.0,40.0,32.0,32.0,32.0,32.0,0.0
0.625,111,Improved-gOMP,optimized,4552.0,1280.0,2048.0,0.0,968.0,88.0,88.0,40.0,32.0,0.0,0.0,8.0,0.0
0.625,112,Improved-gOMP,baseline,4040.0,1280.0,2048.0,0.0,0.0,0.0,464.0,56.0,48.0,48.0,48.0,48.0,0.0
0.625,112,Improved-gOMP,optimized,5744.0,1280.0,2048.0,0.0,2048.0,128.0,128.0,56.0,48.0,0.0,0.0,8.0,0.0
0.625,113,Improved-gOMP,baseline,4040.0,1280.0,2048.0,0.0,0.0,0.0,464.0,56.0,48.0,48.0,48.0,48.0,0.0
0.625,113,Improved-gOMP,optimized,5744.0,1280.0,2048.0,0.0,2048.0,128.0,128.0,56.0,48.0,0.0,0.0,8.0,0.0
0.625,114,Improved-gOMP,baseline,4008.0,1280.0,2048.0,0.0,0.0,0.0,432.0,56.0,48.0,48.0,48.0,48.0,0.0
0.625,114,Improved-gOMP,optimized,4768.0,1280.0,2048.0,0.0,1152.0,96.0,96.0,48.0,40.0,0.0,0.0,8.0,0.0
0.625,115,Improved-gOMP,baseline,3872.0,1280.0,2048.0,0.0,0.0,0.0,336.0,48.0,40.0,40.0,40.0,40.0,0.0
0.625,115,Improved-gOMP,optimized,4984.0,1280.0,2048.0,0.0,1352.0,104.0,104.0,48.0,40.0,0.0,0.0,8.0,0.0
0.625,116,Improved-gOMP,baseline,3848.0,1280.0,2048.0,0.0,0.0,0.0,312.0,48.0,40.0,40.0,40.0,40.0,0.0
0.625,116,Improved-gOMP,optimized,4768.0,1280.0,2048.0,0.0,1152.0,96.0,96.0,48.0,40.0,0.0,0.0,8.0,0.0
0.625,117,Improved-gOMP,baseline,4040.0,1280.0,2048.0,0.0,0.0,0.0,464.0,56.0,48.0,48.0,48.0,48.0,0.0
0.625,117,Improved-gOMP,optimized,5744.0,1280.0,2048.0,0.0,2048.0,128.0,128.0,56.0,48.0,0.0,0.0,8.0,0.0
0.625,118,Improved-gOMP,baseline,4040.0,1280.0,2048.0,0.0,0.0,0.0,464.0,56.0,48.0,48.0,48.0,48.0,0.0
0.625,118,Improved-gOMP,optimized,5744.0,1280.0,2048.0,0.0,2048.0,128.0,128.0,56.0,48.0,0.0,0.0,8.0,0.0
0.625,119,Improved-gOMP,baseline,4040.0,1280.0,2048.0,0.0,0.0,0.0,464.0,56.0,48.0,48.0,48.0,48.0,0.0
0.625,119,Improved-gOMP,optimized,5744.0,1280.0,2048.0,0.0,2048.0,128.0,128.0,56.0,48.0,0.0,0.0,8.0,0.0
0.625,120,Improved-gOMP,baseline,4040.0,1280.0,2048.0,0.0,0.0,0.0,464.0,56.0,48.0,48.0,48.0,48.0,0.0
0.625,120,Improved-gOMP,optimized,5480.0,1280.0,2048.0,0.0,1800.0,120.0,120.0,56.0,48.0,0.0,0.0,8.0,0.0
0.625,121,Improved-gOMP,baseline,4064.0,1280.0,2048.0,0.0,0.0,0.0,488.0,56.0,48.0,48.0,48.0,48.0,0.0
0.625,121,Improved-gOMP,optimized,5744.0,1280.0,2048.0,0.0,2048.0,128.0,128.0,56.0,48.0,0.0,0.0,8.0,0.0
0.625,122,Improved-gOMP,baseline,3872.0,1280.0,2048.0,0.0,0.0,0.0,336.0,48.0,40.0,40.0,40.0,40.0,0.0
0.625,122,Improved-gOMP,optimized,4984.0,1280.0,2048.0,0.0,1352.0,104.0,104.0,48.0,40.0,0.0,0.0,8.0,0.0
0.625,123,Improved-gOMP,baseline,4040.0,1280.0,2048.0,0.0,0.0,0.0,464.0,56.0,48.0,48.0,48.0,48.0,0.0
0.625,123,Improved-gOMP,optimized,4984.0,1280.0,2048.0,0.0,1352.0,104.0,104.0,48.0,40.0,0.0,0.0,8.0,0.0
0.625,124,Improved-gOMP,baseline,4064.0,1280.0,2048.0,0.0,0.0,0.0,488.0,56.0,48.0,48.0,48.0,48.0,0.0
0.625,124,Improved-gOMP,optimized,5744.0,1280.0,2048.0,0.0,2048.0,128.0,128.0,56.0,48.0,0.0,0.0,8.0,0.0
0.625,125,Improved-gOMP,baseline,3848.0,1280.0,2048.0,0.0,0.0,0.0,312.0,48.0,40.0,40.0,40.0,40.0,0.0
0.625,125,Improved-gOMP,optimized,4768.0,1280.0,2048.0,0.0,1152.0,96.0,96.0,48.0,40.0,0.0,0.0,8.0,0.0
0.625,126,Improved-gOMP,baseline,4040.0,1280.0,2048.0,0.0,0.0,0.0,464.0,56.0,48.0,48.0,48.0,48.0,0.0
0.625,126,Improved-gOMP,optimized,5744.0,1280.0,2048.0,0.0,2048.0,128.0,128.0,56.0,48.0,0.0,0.0,8.0,0.0
0.625,127,Improved-gOMP,baseline,3896.0,1280.0,2048.0,0.0,0.0,0.0,360.0,48.0,40.0,40.0,40.0,40.0,0.0
0.625,127,Improved-gOMP,optimized,5744.0,1280.0,2048.0,0.0,2048.0,128.0,128.0,56.0,48.0,0.0,0.0,8.0,0.0
0.625,128,Improved-gOMP,baseline,4040.0,1280.0,2048.0,0.0,0.0,0.0,464.0,56.0,48.0,48.0,48.0,48.0,0.0
0.625,128,Improved-gOMP,optimized,4984.0,1280.0,2048.0,0.0,1352.0,104.0,104.0,48.0,40.0,0.0,0.0,8.0,0.0
0.625,129,Improved-gOMP,baseline,3712.0,1280.0,2048.0,0.0,0.0,0.0,216.0,40.0,32.0,32.0,32.0,32.0,0.0
0.625,129,Improved-gOMP,optimized,4368.0,1280.0,2048.0,0.0,800.0,80.0,80.0,40.0,32.0,0.0,0.0,8.0,0.0
0.625,130,Improved-gOMP,baseline,4040.0,1280.0,2048.0,0.0,0.0,0.0,464.0,56.0,48.0,48.0,48.0,48.0,0.0
0.625,130,Improved-gOMP,optimized,5744.0,1280.0,2048.0,0.0,2048.0,128.0,128.0,56.0,48.0,0.0,0.0,8.0,0.0
0.625,131,Improved-gOMP,baseline,4040.0,1280.0,2048.0,0.0,0.0,0.0,464.0,56.0,48.0,48.0,48.0,48.0,0.0
0.625,131,Improved-gOMP,optimized,5744.0,1280.0,2048.0,0.0,2048.0,128.0,128.0,56.0,48.0,0.0,0.0,8.0,0.0
0.625,132,Improved-gOMP,baseline,4040.0,1280.0,2048.0,0.0,0.0,0.0,464.0,56.0,48.0,48.0,48.0,48.0,0.0
0.625,132,Improved-gOMP,optimized,4984.0,1280.0,2048.0,0.0,1352.0,104.0,104.0,48.0,40.0,0.0,0.0,8.0,0.0
0.625,133,Improved-gOMP,baseline,4008.0,1280.0,2048.0,0.0,0.0,0.0,432.0,56.0,48.0,48.0,48.0,48.0,0.0
0.625,133,Improved-gOMP,optimized,5480.0,1280.0,2048.0,0.0,1800.0,120.0,120.0,56.0,48.0,0.0,0.0,8.0,0.0
0.625,134,Improved-gOMP,baseline,4040.0,1280.0,2048.0,0.0,0.0,0.0,464.0,56.0,48.0,48.0,48.0,48.0,0.0
0.625,134,Improved-gOMP,optimized,5744.0,1280.0,2048.0,0.0,2048.0,128.0,128.0,56.0,48.0,0.0,0.0,8.0,0.0
0.625,135,Improved-gOMP,baseline,4040.0,1280.0,2048.0,0.0,0.0,0.0,464.0,56.0,48.0,48.0,48.0,48.0,0.0
0.625,135,Improved-gOMP,optimized,5744.0,1280.0,2048.0,0.0,2048.0,128.0,128.0,56.0,48.0,0.0,0.0,8.0,0.0
0.625,136,Improved-gOMP,baseline,3872.0,1280.0,2048.0,0.0,0.0,0.0,336.0,48.0,40.0,40.0,40.0,40.0,0.0
0.625,136,Improved-gOMP,optimized,4984.0,1280.0,2048.0,0.0,1352.0,104.0,104.0,48.0,40.0,0.0,0.0,8.0,0.0
0.625,137,Improved-gOMP,baseline,4064.0,1280.0,2048.0,0.0,0.0,0.0,488.0,56.0,48.0,48.0,48.0,48.0,0.0
0.625,137,Improved-gOMP,optimized,5744.0,1280.0,2048.0,0.0,2048.0,128.0,128.0,56.0,48.0,0.0,0.0,8.0,0.0
0.625,138,Improved-gOMP,baseline,4040.0,1280.0,2048.0,0.0,0.0,0.0,464.0,56.0,48.0,48.0,48.0,48.0,0.0
0.625,138,Improved-gOMP,optimized,4984.0,1280.0,2048.0,0.0,1352.0,104.0,104.0,48.0,40.0,0.0,0.0,8.0,0.0
0.625,139,Improved-gOMP,baseline,4040.0,1280.0,2048.0,0.0,0.0,0.0,464.0,56.0,48.0,48.0,48.0,48.0,0.0
0.625,139,Improved-gOMP,optimized,5744.0,1280.0,2048.0,0.0,2048.0,128.0,128.0,56.0,48.0,0.0,0.0,8.0,0.0
0.625,140,Improved-gOMP,baseline,4040.0,1280.0,2048.0,0.0,0.0,0.0,464.0,56.0,48.0,48.0,48.0,48.0,0.0
0.625,140,Improved-gOMP,optimized,5744.0,1280.0,2048.0,0.0,2048.0,128.0,128.0,56.0,48.0,0.0,0.0,8.0,0.0
0.625,141,Improved-gOMP,baseline,4040.0,1280.0,2048.0,0.0,0.0,0.0,464.0,56.0,48.0,48.0,48.0,48.0,0.0
0.625,141,Improved-gOMP,optimized,5744.0,1280.0,2048.0,0.0,2048.0,128.0,128.0,56.0,48.0,0.0,0.0,8.0,0.0
0.625,142,Improved-gOMP,baseline,3896.0,1280.0,2048.0,0.0,0.0,0.0,360.0,48.0,40.0,40.0,40.0,40.0,0.0
0.625,142,Improved-gOMP,optimized,5464.0,1280.0,2048.0,0.0,1800.0,120.0,120.0,48.0,40.0,0.0,0.0,8.0,0.0
0.625,143,Improved-gOMP,baseline,3872.0,1280.0,2048.0,0.0,0.0,0.0,336.0,48.0,40.0,40.0,40.0,40.0,0.0
0.625,143,Improved-gOMP,optimized,4984.0,1280.0,2048.0,0.0,1352.0,104.0,104.0,48.0,40.0,0.0,0.0,8.0,0.0
0.625,144,Improved-gOMP,baseline,4040.0,1280.0,2048.0,0.0,0.0,0.0,464.0,56.0,48.0,48.0,48.0,48.0,0.0
0.625,144,Improved-gOMP,optimized,5744.0,1280.0,2048.0,0.0,2048.0,128.0,128.0,56.0,48.0,0.0,0.0,8.0,0.0
0.625,145,Improved-gOMP,baseline,4040.0,1280.0,2048.0,0.0,0.0,0.0,464.0,56.0,48.0,48.0,48.0,48.0,0.0
0.625,145,Improved-gOMP,optimized,5744.0,1280.0,2048.0,0.0,2048.0,128.0,128.0,56.0,48.0,0.0,0.0,8.0,0.0
0.625,146,Improved-gOMP,baseline,4040.0,1280.0,2048.0,0.0,0.0,0.0,464.0,56.0,48.0,48.0,48.0,48.0,0.0
0.625,146,Improved-gOMP,optimized,5744.0,1280.0,2048.0,0.0,2048.0,128.0,128.0,56.0,48.0,0.0,0.0,8.0,0.0
0.625,147,Improved-gOMP,baseline,3872.0,1280.0,2048.0,0.0,0.0,0.0,336.0,48.0,40.0,40.0,40.0,40.0,0.0
0.625,147,Improved-gOMP,optimized,4984.0,1280.0,2048.0,0.0,1352.0,104.0,104.0,48.0,40.0,0.0,0.0,8.0,0.0
0.625,148,Improved-gOMP,baseline,4008.0,1280.0,2048.0,0.0,0.0,0.0,432.0,56.0,48.0,48.0,48.0,48.0,0.0
0.625,148,Improved-gOMP,optimized,5480.0,1280.0,2048.0,0.0,1800.0,120.0,120.0,56.0,48.0,0.0,0.0,8.0,0.0
0.625,149,Improved-gOMP,baseline,4040.0,1280.0,2048.0,0.0,0.0,0.0,464.0,56.0,48.0,48.0,48.0,48.0,0.0
0.625,149,Improved-gOMP,optimized,5744.0,1280.0,2048.0,0.0,2048.0,128.0,128.0,56.0,48.0,0.0,0.0,8.0,0.0
0.625,150,Improved-gOMP,baseline,4008.0,1280.0,2048.0,0.0,0.0,0.0,432.0,56.0,48.0,48.0,48.0,48.0,0.0
0.625,150,Improved-gOMP,optimized,5480.0,1280.0,2048.0,0.0,1800.0,120.0,120.0,56.0,48.0,0.0,0.0,8.0,0.0
0.625,151,Improved-gOMP,baseline,4008.0,1280.0,2048.0,0.0,0.0,0.0,432.0,56.0,48.0,48.0,48.0,48.0,0.0
0.625,151,Improved-gOMP,optimized,5480.0,1280.0,2048.0,0.0,1800.0,120.0,120.0,56.0,48.0,0.0,0.0,8.0,0.0
0.625,152,Improved-gOMP,baseline,4040.0,1280.0,2048.0,0.0,0.0,0.0,464.0,56.0,48.0,48.0,48.0,48.0,0.0
0.625,152,Improved-gOMP,optimized,5744.0,1280.0,2048.0,0.0,2048.0,128.0,128.0,56.0,48.0,0.0,0.0,8.0,0.0
0.625,153,Improved-gOMP,baseline,4040.0,1280.0,2048.0,0.0,0.0,0.0,464.0,56.0,48.0,48.0,48.0,48.0,0.0
0.625,153,Improved-gOMP,optimized,5744.0,1280.0,2048.0,0.0,2048.0,128.0,128.0,56.0,48.0,0.0,0.0,8.0,0.0
0.625,154,Improved-gOMP,baseline,4040.0,1280.0,2048.0,0.0,0.0,0.0,464.0,56.0,48.0,48.0,48.0,48.0,0.0
0.625,154,Improved-gOMP,optimized,5744.0,1280.0,2048.0,0.0,2048.0,128.0,128.0,56.0,48.0,0.0,0.0,8.0,0.0
0.625,155,Improved-gOMP,baseline,3872.0,1280.0,2048.0,0.0,0.0,0.0,336.0,48.0,40.0,40.0,40.0,40.0,0.0
0.625,155,Improved-gOMP,optimized,4984.0,1280.0,2048.0,0.0,1352.0,104.0,104.0,48.0,40.0,0.0,0.0,8.0,0.0
0.625,156,Improved-gOMP,baseline,4040.0,1280.0,2048.0,0.0,0.0,0.0,464.0,56.0,48.0,48.0,48.0,48.0,0.0
0.625,156,Improved-gOMP,optimized,5744.0,1280.0,2048.0,0.0,2048.0,128.0,128.0,56.0,48.0,0.0,0.0,8.0,0.0
0.625,157,Improved-gOMP,baseline,4040.0,1280.0,2048.0,0.0,0.0,0.0,464.0,56.0,48.0,48.0,48.0,48.0,0.0
0.625,157,Improved-gOMP,optimized,5744.0,1280.0,2048.0,0.0,2048.0,128.0,128.0,56.0,48.0,0.0,0.0,8.0,0.0
0.625,158,Improved-gOMP,baseline,3896.0,1280.0,2048.0,0.0,0.0,0.0,360.0,48.0,40.0,40.0,40.0,40.0,0.0
0.625,158,Improved-gOMP,optimized,5744.0,1280.0,2048.0,0.0,2048.0,128.0,128.0,56.0,48.0,0.0,0.0,8.0,0.0
0.625,159,Improved-gOMP,baseline,3872.0,1280.0,2048.0,0.0,0.0,0.0,336.0,48.0,40.0,40.0,40.0,40.0,0.0
0.625,159,Improved-gOMP,optimized,4984.0,1280.0,2048.0,0.0,1352.0,104.0,104.0,48.0,40.0,0.0,0.0,8.0,0.0
0.625,160,Improved-gOMP,baseline,4040.0,1280.0,2048.0,0.0,0.0,0.0,464.0,56.0,48.0,48.0,48.0,48.0,0.0
0.625,160,Improved-gOMP,optimized,5744.0,1280.0,2048.0,0.0,2048.0,128.0,128.0,56.0,48.0,0.0,0.0,8.0,0.0
0.625,161,Improved-gOMP,baseline,4040.0,1280.0,2048.0,0.0,0.0,0.0,464.0,56.0,48.0,48.0,48.0,48.0,0.0
0.625,161,Improved-gOMP,optimized,4984.0,1280.0,2048.0,0.0,1352.0,104.0,104.0,48.0,40.0,0.0,0.0,8.0,0.0
0.625,162,Improved-gOMP,baseline,4040.0,1280.0,2048.0,0.0,0.0,0.0,464.0,56.0,48.0,48.0,48.0,48.0,0.0
0.625,162,Improved-gOMP,optimized,5744.0,1280.0,2048.0,0.0,2048.0,128.0,128.0,56.0,48.0,0.0,0.0,8.0,0.0
0.625,163,Improved-gOMP,baseline,3896.0,1280.0,2048.0,0.0,0.0,0.0,360.0,48.0,40.0,40.0,40.0,40.0,0.0
0.625,163,Improved-gOMP,optimized,4984.0,1280.0,2048.0,0.0,1352.0,104.0,104.0,48.0,40.0,0.0,0.0,8.0,0.0
0.625,164,Improved-gOMP,baseline,3872.0,1280.0,2048.0,0.0,0.0,0.0,336.0,48.0,40.0,40.0,40.0,40.0,0.0
0.625,164,Improved-gOMP,optimized,4984.0,1280.0,2048.0,0.0,1352.0,104.0,104.0,48.0,40.0,0.0,0.0,8.0,0.0
0.625,165,Improved-gOMP,baseline,4040.0,1280.0,2048.0,0.0,0.0,0.0,464.0,56.0,48.0,48.0,48.0,48.0,0.0
0.625,165,Improved-gOMP,optimized,5464.0,1280.0,2048.0,0.0,1800.0,120.0,120.0,48.0,40.0,0.0,0.0,8.0,0.0
0.625,166,Improved-gOMP,baseline,4040.0,1280.0,2048.0,0.0,0.0,0.0,464.0,56.0,48.0,48.0,48.0,48.0,0.0
0.625,166,Improved-gOMP,optimized,5744.0,1280.0,2048.0,0.0,2048.0,128.0,128.0,56.0,48.0,0.0,0.0,8.0,0.0
0.625,167,Improved-gOMP,baseline,4008.0,1280.0,2048.0,0.0,0.0,0.0,432.0,56.0,48.0,48.0,48.0,48.0,0.0
0.625,167,Improved-gOMP,optimized,4768.0,1280.0,2048.0,0.0,1152.0,96.0,96.0,48.0,40.0,0.0,0.0,8.0,0.0
0.625,168,Improved-gOMP,baseline,3896.0,1280.0,2048.0,0.0,0.0,0.0,360.0,48.0,40.0,40.0,40.0,40.0,0.0
0.625,168,Improved-gOMP,optimized,5744.0,1280.0,2048.0,0.0,2048.0,128.0,128.0,56.0,48.0,0.0,0.0,8.0,0.0
0.625,169,Improved-gOMP,baseline,4040.0,1280.0,2048.0,0.0,0.0,0.0,464.0,56.0,48.0,48.0,48.0,48.0,0.0
0.625,169,Improved-gOMP,optimized,5744.0,1280.0,2048.0,0.0,2048.0,128.0,128.0,56.0,48.0,0.0,0.0,8.0,0.0
0.625,170,Improved-gOMP,baseline,4040.0,1280.0,2048.0,0.0,0.0,0.0,464.0,56.0,48.0,48.0,48.0,48.0,0.0
0.625,170,Improved-gOMP,optimized,5744.0,1280.0,2048.0,0.0,2048.0,128.0,128.0,56.0,48.0,0.0,0.0,8.0,0.0
0.625,171,Improved-gOMP,baseline,4040.0,1280.0,2048.0,0.0,0.0,0.0,464.0,56.0,48.0,48.0,48.0,48.0,0.0
0.625,171,Improved-gOMP,optimized,5744.0,1280.0,2048.0,0.0,2048.0,128.0,128.0,56.0,48.0,0.0,0.0,8.0,0.0
0.625,172,Improved-gOMP,baseline,4040.0,1280.0,2048.0,0.0,0.0,0.0,464.0,56.0,48.0,48.0,48.0,48.0,0.0
0.625,172,Improved-gOMP,optimized,5464.0,1280.0,2048.0,0.0,1800.0,120.0,120.0,48.0,40.0,0.0,0.0,8.0,0.0
0.625,173,Improved-gOMP,baseline,4040.0,1280.0,2048.0,0.0,0.0,0.0,464.0,56.0,48.0,48.0,48.0,48.0,0.0
0.625,173,Improved-gOMP,optimized,5744.0,1280.0,2048.0,0.0,2048.0,128.0,128.0,56.0,48.0,0.0,0.0,8.0,0.0
0.625,174,Improved-gOMP,baseline,4008.0,1280.0,2048.0,0.0,0.0,0.0,432.0,56.0,48.0,48.0,48.0,48.0,0.0
0.625,174,Improved-gOMP,optimized,5480.0,1280.0,2048.0,0.0,1800.0,120.0,120.0,56.0,48.0,0.0,0.0,8.0,0.0
0.625,175,Improved-gOMP,baseline,3872.0,1280.0,2048.0,0.0,0.0,0.0,336.0,48.0,40.0,40.0,40.0,40.0,0.0
0.625,175,Improved-gOMP,optimized,4984.0,1280.0,2048.0,0.0,1352.0,104.0,104.0,48.0,40.0,0.0,0.0,8.0,0.0
0.625,176,Improved-gOMP,baseline,4008.0,1280.0,2048.0,0.0,0.0,0.0,432.0,56.0,48.0,48.0,48.0,48.0,0.0
0.625,176,Improved-gOMP,optimized,5480.0,1280.0,2048.0,0.0,1800.0,120.0,120.0,56.0,48.0,0.0,0.0,8.0,0.0
0.625,177,Improved-gOMP,baseline,4040.0,1280.0,2048.0,0.0,0.0,0.0,464.0,56.0,48.0,48.0,48.0,48.0,0.0
0.625,177,Improved-gOMP,optimized,5744.0,1280.0,2048.0,0.0,2048.0,128.0,128.0,56.0,48.0,0.0,0.0,8.0,0.0
0.625,178,Improved-gOMP,baseline,3848.0,1280.0,2048.0,0.0,0.0,0.0,312.0,48.0,40.0,40.0,40.0,40.0,0.0
0.625,178,Improved-gOMP,optimized,4768.0,1280.0,2048.0,0.0,1152.0,96.0,96.0,48.0,40.0,0.0,0.0,8.0,0.0
0.625,179,Improved-gOMP,baseline,3872.0,1280.0,2048.0,0.0,0.0,0.0,336.0,48.0,40.0,40.0,40.0,40.0,0.0
0.625,179,Improved-gOMP,optimized,4984.0,1280.0,2048.0,0.0,1352.0,104.0,104.0,48.0,40.0,0.0,0.0,8.0,0.0
0.625,180,Improved-gOMP,baseline,3712.0,1280.0,2048.0,0.0,0.0,0.0,216.0,40.0,32.0,32.0,32.0,32.0,0.0
0.625,180,Improved-gOMP,optimized,4368.0,1280.0,2048.0,0.0,800.0,80.0,80.0,40.0,32.0,0.0,0.0,8.0,0.0
0.625,181,Improved-gOMP,baseline,4008.0,1280.0,2048.0,0.0,0.0,0.0,432.0,56.0,48.0,48.0,48.0,48.0,0.0
0.625,181,Improved-gOMP,optimized,5480.0,1280.0,2048.0,0.0,1800.0,120.0,120.0,56.0,48.0,0.0,0.0,8.0,0.0
0.625,182,Improved-gOMP,baseline,3872.0,1280.0,2048.0,0.0,0.0,0.0,336.0,48.0,40.0,40.0,40.0,40.0,0.0
0.625,182,Improved-gOMP,optimized,4984.0,1280.0,2048.0,0.0,1352.0,104.0,104.0,48.0,40.0,0.0,0.0,8.0,0.0
0.625,183,Improved-gOMP,baseline,4040.0,1280.0,2048.0,0.0,0.0,0.0,464.0,56.0,48.0,48.0,48.0,48.0,0.0
0.625,183,Improved-gOMP,optimized,5480.0,1280.0,2048.0,0.0,1800.0,120.0,120.0,56.0,48.0,0.0,0.0,8.0,0.0
0.625,184,Improved-gOMP,baseline,3848.0,1280.0,2048.0,0.0,0.0,0.0,312.0,48.0,40.0,40.0,40.0,40.0,0.0
0.625,184,Improved-gOMP,optimized,4768.0,1280.0,2048.0,0.0,1152.0,96.0,96.0,48.0,40.0,0.0,0.0,8.0,0.0
0.625,185,Improved-gOMP,baseline,4040.0,1280.0,2048.0,0.0,0.0,0.0,464.0,56.0,48.0,48.0,48.0,48.0,0.0
0.625,185,Improved-gOMP,optimized,5744.0,1280.0,2048.0,0.0,2048.0,128.0,128.0,56.0,48.0,0.0,0.0,8.0,0.0
0.625,186,Improved-gOMP,baseline,4008.0,1280.0,2048.0,0.0,0.0,0.0,432.0,56.0,48.0,48.0,48.0,48.0,0.0
0.625,186,Improved-gOMP,optimized,5480.0,1280.0,2048.0,0.0,1800.0,120.0,120.0,56.0,48.0,0.0,0.0,8.0,0.0
0.625,187,Improved-gOMP,baseline,3872.0,1280.0,2048.0,0.0,0.0,0.0,336.0,48.0,40.0,40.0,40.0,40.0,0.0
0.625,187,Improved-gOMP,optimized,4984.0,1280.0,2048.0,0.0,1352.0,104.0,104.0,48.0,40.0,0.0,0.0,8.0,0.0
0.625,188,Improved-gOMP,baseline,4040.0,1280.0,2048.0,0.0,0.0,0.0,464.0,56.0,48.0,48.0,48.0,48.0,0.0
0.625,188,Improved-gOMP,optimized,5744.0,1280.0,2048.0,0.0,2048.0,128.0,128.0,56.0,48.0,0.0,0.0,8.0,0.0
0.625,189,Improved-gOMP,baseline,4040.0,1280.0,2048.0,0.0,0.0,0.0,464.0,56.0,48.0,48.0,48.0,48.0,0.0
0.625,189,Improved-gOMP,optimized,5744.0,1280.0,2048.0,0.0,2048.0,128.0,128.0,56.0,48.0,0.0,0.0,8.0,0.0
0.625,190,Improved-gOMP,baseline,4040.0,1280.0,2048.0,0.0,0.0,0.0,464.0,56.0,48.0,48.0,48.0,48.0,0.0
0.625,190,Improved-gOMP,optimized,5480.0,1280.0,2048.0,0.0,1800.0,120.0,120.0,56.0,48.0,0.0,0.0,8.0,0.0
0.625,191,Improved-gOMP,baseline,4040.0,1280.0,2048.0,0.0,0.0,0.0,464.0,56.0,48.0,48.0,48.0,48.0,0.0
0.625,191,Improved-gOMP,optimized,5744.0,1280.0,2048.0,0.0,2048.0,128.0,128.0,56.0,48.0,0.0,0.0,8.0,0.0
0.625,192,Improved-gOMP,baseline,3848.0,1280.0,2048.0,0.0,0.0,0.0,312.0,48.0,40.0,40.0,40.0,40.0,0.0
0.625,192,Improved-gOMP,optimized,4768.0,1280.0,2048.0,0.0,1152.0,96.0,96.0,48.0,40.0,0.0,0.0,8.0,0.0
0.625,193,Improved-gOMP,baseline,4040.0,1280.0,2048.0,0.0,0.0,0.0,464.0,56.0,48.0,48.0,48.0,48.0,0.0
0.625,193,Improved-gOMP,optimized,5744.0,1280.0,2048.0,0.0,2048.0,128.0,128.0,56.0,48.0,0.0,0.0,8.0,0.0
0.625,194,Improved-gOMP,baseline,3896.0,1280.0,2048.0,0.0,0.0,0.0,360.0,48.0,40.0,40.0,40.0,40.0,0.0
0.625,194,Improved-gOMP,optimized,5464.0,1280.0,2048.0,0.0,1800.0,120.0,120.0,48.0,40.0,0.0,0.0,8.0,0.0
0.625,195,Improved-gOMP,baseline,3872.0,1280.0,2048.0,0.0,0.0,0.0,336.0,48.0,40.0,40.0,40.0,40.0,0.0
0.625,195,Improved-gOMP,optimized,4984.0,1280.0,2048.0,0.0,1352.0,104.0,104.0,48.0,40.0,0.0,0.0,8.0,0.0
0.625,196,Improved-gOMP,baseline,3848.0,1280.0,2048.0,0.0,0.0,0.0,312.0,48.0,40.0,40.0,40.0,40.0,0.0
0.625,196,Improved-gOMP,optimized,4768.0,1280.0,2048.0,0.0,1152.0,96.0,96.0,48.0,40.0,0.0,0.0,8.0,0.0
0.625,197,Improved-gOMP,baseline,4040.0,1280.0,2048.0,0.0,0.0,0.0,464.0,56.0,48.0,48.0,48.0,48.0,0.0
0.625,197,Improved-gOMP,optimized,5744.0,1280.0,2048.0,0.0,2048.0,128.0,128.0,56.0,48.0,0.0,0.0,8.0,0.0
0.625,198,Improved-gOMP,baseline,4040.0,1280.0,2048.0,0.0,0.0,0.0,464.0,56.0,48.0,48.0,48.0,48.0,0.0
0.625,198,Improved-gOMP,optimized,4984.0,1280.0,2048.0,0.0,1352.0,104.0,104.0,48.0,40.0,0.0,0.0,8.0,0.0
0.625,199,Improved-gOMP,baseline,4040.0,1280.0,2048.0,0.0,0.0,0.0,464.0,56.0,48.0,48.0,48.0,48.0,0.0
0.625,199,Improved-gOMP,optimized,5480.0,1280.0,2048.0,0.0,1800.0,120.0,120.0,56.0,48.0,0.0,0.0,8.0,0.0
0.625,200,Improved-gOMP,baseline,3896.0,1280.0,2048.0,0.0,0.0,0.0,360.0,48.0,40.0,40.0,40.0,40.0,0.0
0.625,200,Improved-gOMP,optimized,5744.0,1280.0,2048.0,0.0,2048.0,128.0,128.0,56.0,48.0,0.0,0.0,8.0,0.0
0.625,201,Improved-gOMP,baseline,3872.0,1280.0,2048.0,0.0,0.0,0.0,336.0,48.0,40.0,40.0,40.0,40.0,0.0
0.625,201,Improved-gOMP,optimized,4984.0,1280.0,2048.0,0.0,1352.0,104.0,104.0,48.0,40.0,0.0,0.0,8.0,0.0
0.625,202,Improved-gOMP,baseline,4040.0,1280.0,2048.0,0.0,0.0,0.0,464.0,56.0,48.0,48.0,48.0,48.0,0.0
0.625,202,Improved-gOMP,optimized,5744.0,1280.0,2048.0,0.0,2048.0,128.0,128.0,56.0,48.0,0.0,0.0,8.0,0.0
0.625,203,Improved-gOMP,baseline,4040.0,1280.0,2048.0,0.0,0.0,0.0,464.0,56.0,48.0,48.0,48.0,48.0,0.0
0.625,203,Improved-gOMP,optimized,5744.0,1280.0,2048.0,0.0,2048.0,128.0,128.0,56.0,48.0,0.0,0.0,8.0,0.0
0.625,204,Improved-gOMP,baseline,4008.0,1280.0,2048.0,0.0,0.0,0.0,432.0,56.0,48.0,48.0,48.0,48.0,0.0
0.625,204,Improved-gOMP,optimized,5744.0,1280.0,2048.0,0.0,2048.0,128.0,128.0,56.0,48.0,0.0,0.0,8.0,0.0
0.625,205,Improved-gOMP,baseline,3848.0,1280.0,2048.0,0.0,0.0,0.0,312.0,48.0,40.0,40.0,40.0,40.0,0.0
0.625,205,Improved-gOMP,optimized,4768.0,1280.0,2048.0,0.0,1152.0,96.0,96.0,48.0,40.0,0.0,0.0,8.0,0.0
0.625,206,Improved-gOMP,baseline,3872.0,1280.0,2048.0,0.0,0.0,0.0,336.0,48.0,40.0,40.0,40.0,40.0,0.0
0.625,206,Improved-gOMP,optimized,4984.0,1280.0,2048.0,0.0,1352.0,104.0,104.0,48.0,40.0,0.0,0.0,8.0,0.0
0.625,207,Improved-gOMP,baseline,3872.0,1280.0,2048.0,0.0,0.0,0.0,336.0,48.0,40.0,40.0,40.0,40.0,0.0
0.625,207,Improved-gOMP,optimized,4984.0,1280.0,2048.0,0.0,1352.0,104.0,104.0,48.0,40.0,0.0,0.0,8.0,0.0
0.625,208,Improved-gOMP,baseline,4040.0,1280.0,2048.0,0.0,0.0,0.0,464.0,56.0,48.0,48.0,48.0,48.0,0.0
0.625,208,Improved-gOMP,optimized,5744.0,1280.0,2048.0,0.0,2048.0,128.0,128.0,56.0,48.0,0.0,0.0,8.0,0.0
0.625,209,Improved-gOMP,baseline,3872.0,1280.0,2048.0,0.0,0.0,0.0,336.0,48.0,40.0,40.0,40.0,40.0,0.0
0.625,209,Improved-gOMP,optimized,4984.0,1280.0,2048.0,0.0,1352.0,104.0,104.0,48.0,40.0,0.0,0.0,8.0,0.0
0.625,210,Improved-gOMP,baseline,4040.0,1280.0,2048.0,0.0,0.0,0.0,464.0,56.0,48.0,48.0,48.0,48.0,0.0
0.625,210,Improved-gOMP,optimized,5744.0,1280.0,2048.0,0.0,2048.0,128.0,128.0,56.0,48.0,0.0,0.0,8.0,0.0
0.625,211,Improved-gOMP,baseline,4040.0,1280.0,2048.0,0.0,0.0,0.0,464.0,56.0,48.0,48.0,48.0,48.0,0.0
0.625,211,Improved-gOMP,optimized,5744.0,1280.0,2048.0,0.0,2048.0,128.0,128.0,56.0,48.0,0.0,0.0,8.0,0.0
0.625,212,Improved-gOMP,baseline,4040.0,1280.0,2048.0,0.0,0.0,0.0,464.0,56.0,48.0,48.0,48.0,48.0,0.0
0.625,212,Improved-gOMP,optimized,5744.0,1280.0,2048.0,0.0,2048.0,128.0,128.0,56.0,48.0,0.0,0.0,8.0,0.0
0.625,213,Improved-gOMP,baseline,4040.0,1280.0,2048.0,0.0,0.0,0.0,464.0,56.0,48.0,48.0,48.0,48.0,0.0
0.625,213,Improved-gOMP,optimized,5744.0,1280.0,2048.0,0.0,2048.0,128.0,128.0,56.0,48.0,0.0,0.0,8.0,0.0
0.625,214,Improved-gOMP,baseline,3896.0,1280.0,2048.0,0.0,0.0,0.0,360.0,48.0,40.0,40.0,40.0,40.0,0.0
0.625,214,Improved-gOMP,optimized,5464.0,1280.0,2048.0,0.0,1800.0,120.0,120.0,48.0,40.0,0.0,0.0,8.0,0.0
0.625,215,Improved-gOMP,baseline,4040.0,1280.0,2048.0,0.0,0.0,0.0,464.0,56.0,48.0,48.0,48.0,48.0,0.0
0.625,215,Improved-gOMP,optimized,5464.0,1280.0,2048.0,0.0,1800.0,120.0,120.0,48.0,40.0,0.0,0.0,8.0,0.0
0.625,216,Improved-gOMP,baseline,3848.0,1280.0,2048.0,0.0,0.0,0.0,312.0,48.0,40.0,40.0,40.0,40.0,0.0
0.625,216,Improved-gOMP,optimized,4368.0,1280.0,2048.0,0.0,800.0,80.0,80.0,40.0,32.0,0.0,0.0,8.0,0.0
0.625,217,Improved-gOMP,baseline,4040.0,1280.0,2048.0,0.0,0.0,0.0,464.0,56.0,48.0,48.0,48.0,48.0,0.0
0.625,217,Improved-gOMP,optimized,4984.0,1280.0,2048.0,0.0,1352.0,104.0,104.0,48.0,40.0,0.0,0.0,8.0,0.0
0.625,218,Improved-gOMP,baseline,4040.0,1280.0,2048.0,0.0,0.0,0.0,464.0,56.0,48.0,48.0,48.0,48.0,0.0
0.625,218,Improved-gOMP,optimized,5744.0,1280.0,2048.0,0.0,2048.0,128.0,128.0,56.0,48.0,0.0,0.0,8.0,0.0
0.625,219,Improved-gOMP,baseline,3728.0,1280.0,2048.0,0.0,0.0,0.0,232.0,40.0,32.0,32.0,32.0,32.0,0.0
0.625,219,Improved-gOMP,optimized,4552.0,1280.0,2048.0,0.0,968.0,88.0,88.0,40.0,32.0,0.0,0.0,8.0,0.0
0.625,220,Improved-gOMP,baseline,4040.0,1280.0,2048.0,0.0,0.0,0.0,464.0,56.0,48.0,48.0,48.0,48.0,0.0
0.625,220,Improved-gOMP,optimized,5744.0,1280.0,2048.0,0.0,2048.0,128.0,128.0,56.0,48.0,0.0,0.0,8.0,0.0
0.625,221,Improved-gOMP,baseline,3848.0,1280.0,2048.0,0.0,0.0,0.0,312.0,48.0,40.0,40.0,40.0,40.0,0.0
0.625,221,Improved-gOMP,optimized,4768.0,1280.0,2048.0,0.0,1152.0,96.0,96.0,48.0,40.0,0.0,0.0,8.0,0.0
0.625,222,Improved-gOMP,baseline,4040.0,1280.0,2048.0,0.0,0.0,0.0,464.0,56.0,48.0,48.0,48.0,48.0,0.0
0.625,222,Improved-gOMP,optimized,5744.0,1280.0,2048.0,0.0,2048.0,128.0,128.0,56.0,48.0,0.0,0.0,8.0,0.0
0.625,223,Improved-gOMP,baseline,4040.0,1280.0,2048.0,0.0,0.0,0.0,464.0,56.0,48.0,48.0,48.0,48.0,0.0
0.625,223,Improved-gOMP,optimized,5744.0,1280.0,2048.0,0.0,2048.0,128.0,128.0,56.0,48.0,0.0,0.0,8.0,0.0
0.625,224,Improved-gOMP,baseline,4040.0,1280.0,2048.0,0.0,0.0,0.0,464.0,56.0,48.0,48.0,48.0,48.0,0.0
0.625,224,Improved-gOMP,optimized,5744.0,1280.0,2048.0,0.0,2048.0,128.0,128.0,56.0,48.0,0.0,0.0,8.0,0.0
0.625,225,Improved-gOMP,baseline,3872.0,1280.0,2048.0,0.0,0.0,0.0,336.0,48.0,40.0,40.0,40.0,40.0,0.0
0.625,225,Improved-gOMP,optimized,4984.0,1280.0,2048.0,0.0,1352.0,104.0,104.0,48.0,40.0,0.0,0.0,8.0,0.0
0.625,226,Improved-gOMP,baseline,4040.0,1280.0,2048.0,0.0,0.0,0.0,464.0,56.0,48.0,48.0,48.0,48.0,0.0
0.625,226,Improved-gOMP,optimized,5744.0,1280.0,2048.0,0.0,2048.0,128.0,128.0,56.0,48.0,0.0,0.0,8.0,0.0
0.625,227,Improved-gOMP,baseline,4008.0,1280.0,2048.0,0.0,0.0,0.0,432.0,56.0,48.0,48.0,48.0,48.0,0.0
0.625,227,Improved-gOMP,optimized,5480.0,1280.0,2048.0,0.0,1800.0,120.0,120.0,56.0,48.0,0.0,0.0,8.0,0.0
0.625,228,Improved-gOMP,baseline,4040.0,1280.0,2048.0,0.0,0.0,0.0,464.0,56.0,48.0,48.0,48.0,48.0,0.0
0.625,228,Improved-gOMP,optimized,5744.0,1280.0,2048.0,0.0,2048.0,128.0,128.0,56.0,48.0,0.0,0.0,8.0,0.0
0.625,229,Improved-gOMP,baseline,4008.0,1280.0,2048.0,0.0,0.0,0.0,432.0,56.0,48.0,48.0,48.0,48.0,0.0
0.625,229,Improved-gOMP,optimized,5480.0,1280.0,2048.0,0.0,1800.0,120.0,120.0,56.0,48.0,0.0,0.0,8.0,0.0
0.625,230,Improved-gOMP,baseline,3848.0,1280.0,2048.0,0.0,0.0,0.0,312.0,48.0,40.0,40.0,40.0,40.0,0.0
0.625,230,Improved-gOMP,optimized,4984.0,1280.0,2048.0,0.0,1352.0,104.0,104.0,48.0,40.0,0.0,0.0,8.0,0.0
0.625,231,Improved-gOMP,baseline,4040.0,1280.0,2048.0,0.0,0.0,0.0,464.0,56.0,48.0,48.0,48.0,48.0,0.0
0.625,231,Improved-gOMP,optimized,4984.0,1280.0,2048.0,0.0,1352.0,104.0,104.0,48.0,40.0,0.0,0.0,8.0,0.0
0.625,232,Improved-gOMP,baseline,3872.0,1280.0,2048.0,0.0,0.0,0.0,336.0,48.0,40.0,40.0,40.0,40.0,0.0
0.625,232,Improved-gOMP,optimized,4984.0,1280.0,2048.0,0.0,1352.0,104.0,104.0,48.0,40.0,0.0,0.0,8.0,0.0
0.625,233,Improved-gOMP,baseline,4040.0,1280.0,2048.0,0.0,0.0,0.0,464.0,56.0,48.0,48.0,48.0,48.0,0.0
0.625,233,Improved-gOMP,optimized,5744.0,1280.0,2048.0,0.0,2048.0,128.0,128.0,56.0,48.0,0.0,0.0,8.0,0.0
0.625,234,Improved-gOMP,baseline,3896.0,1280.0,2048.0,0.0,0.0,0.0,360.0,48.0,40.0,40.0,40.0,40.0,0.0
0.625,234,Improved-gOMP,optimized,5464.0,1280.0,2048.0,0.0,1800.0,120.0,120.0,48.0,40.0,0.0,0.0,8.0,0.0
0.625,235,Improved-gOMP,baseline,4064.0,1280.0,2048.0,0.0,0.0,0.0,488.0,56.0,48.0,48.0,48.0,48.0,0.0
0.625,235,Improved-gOMP,optimized,5744.0,1280.0,2048.0,0.0,2048.0,128.0,128.0,56.0,48.0,0.0,0.0,8.0,0.0
0.625,236,Improved-gOMP,baseline,4040.0,1280.0,2048.0,0.0,0.0,0.0,464.0,56.0,48.0,48.0,48.0,48.0,0.0
0.625,236,Improved-gOMP,optimized,4984.0,1280.0,2048.0,0.0,1352.0,104.0,104.0,48.0,40.0,0.0,0.0,8.0,0.0
0.625,237,Improved-gOMP,baseline,4040.0,1280.0,2048.0,0.0,0.0,0.0,464.0,56.0,48.0,48.0,48.0,48.0,0.0
0.625,237,Improved-gOMP,optimized,4984.0,1280.0,2048.0,0.0,1352.0,104.0,104.0,48.0,40.0,0.0,0.0,8.0,0.0
0.625,238,Improved-gOMP,baseline,4040.0,1280.0,2048.0,0.0,0.0,0.0,464.0,56.0,48.0,48.0,48.0,48.0,0.0
0.625,238,Improved-gOMP,optimized,5744.0,1280.0,2048.0,0.0,2048.0,128.0,128.0,56.0,48.0,0.0,0.0,8.0,0.0
0.625,239,Improved-gOMP,baseline,3872.0,1280.0,2048.0,0.0,0.0,0.0,336.0,48.0,40.0,40.0,40.0,40.0,0.0
0.625,239,Improved-gOMP,optimized,4984.0,1280.0,2048.0,0.0,1352.0,104.0,104.0,48.0,40.0,0.0,0.0,8.0,0.0
0.625,240,Improved-gOMP,baseline,4040.0,1280.0,2048.0,0.0,0.0,0.0,464.0,56.0,48.0,48.0,48.0,48.0,0.0
0.625,240,Improved-gOMP,optimized,5744.0,1280.0,2048.0,0.0,2048.0,128.0,128.0,56.0,48.0,0.0,0.0,8.0,0.0
0.625,241,Improved-gOMP,baseline,4040.0,1280.0,2048.0,0.0,0.0,0.0,464.0,56.0,48.0,48.0,48.0,48.0,0.0
0.625,241,Improved-gOMP,optimized,5744.0,1280.0,2048.0,0.0,2048.0,128.0,128.0,56.0,48.0,0.0,0.0,8.0,0.0
0.625,242,Improved-gOMP,baseline,3896.0,1280.0,2048.0,0.0,0.0,0.0,360.0,48.0,40.0,40.0,40.0,40.0,0.0
0.625,242,Improved-gOMP,optimized,5464.0,1280.0,2048.0,0.0,1800.0,120.0,120.0,48.0,40.0,0.0,0.0,8.0,0.0
0.625,243,Improved-gOMP,baseline,4008.0,1280.0,2048.0,0.0,0.0,0.0,432.0,56.0,48.0,48.0,48.0,48.0,0.0
0.625,243,Improved-gOMP,optimized,5480.0,1280.0,2048.0,0.0,1800.0,120.0,120.0,56.0,48.0,0.0,0.0,8.0,0.0
0.625,244,Improved-gOMP,baseline,4040.0,1280.0,2048.0,0.0,0.0,0.0,464.0,56.0,48.0,48.0,48.0,48.0,0.0
0.625,244,Improved-gOMP,optimized,5744.0,1280.0,2048.0,0.0,2048.0,128.0,128.0,56.0,48.0,0.0,0.0,8.0,0.0
0.625,245,Improved-gOMP,baseline,3896.0,1280.0,2048.0,0.0,0.0,0.0,360.0,48.0,40.0,40.0,40.0,40.0,0.0
0.625,245,Improved-gOMP,optimized,5464.0,1280.0,2048.0,0.0,1800.0,120.0,120.0,48.0,40.0,0.0,0.0,8.0,0.0
0.625,246,Improved-gOMP,baseline,4064.0,1280.0,2048.0,0.0,0.0,0.0,488.0,56.0,48.0,48.0,48.0,48.0,0.0
0.625,246,Improved-gOMP,optimized,5464.0,1280.0,2048.0,0.0,1800.0,120.0,120.0,48.0,40.0,0.0,0.0,8.0,0.0
0.625,247,Improved-gOMP,baseline,4040.0,1280.0,2048.0,0.0,0.0,0.0,464.0,56.0,48.0,48.0,48.0,48.0,0.0
0.625,247,Improved-gOMP,optimized,5480.0,1280.0,2048.0,0.0,1800.0,120.0,120.0,56.0,48.0,0.0,0.0,8.0,0.0
0.625,248,Improved-gOMP,baseline,4040.0,1280.0,2048.0,0.0,0.0,0.0,464.0,56.0,48.0,48.0,48.0,48.0,0.0
0.625,248,Improved-gOMP,optimized,5744.0,1280.0,2048.0,0.0,2048.0,128.0,128.0,56.0,48.0,0.0,0.0,8.0,0.0
0.625,249,Improved-gOMP,baseline,4040.0,1280.0,2048.0,0.0,0.0,0.0,464.0,56.0,48.0,48.0,48.0,48.0,0.0
0.625,249,Improved-gOMP,optimized,5744.0,1280.0,2048.0,0.0,2048.0,128.0,128.0,56.0,48.0,0.0,0.0,8.0,0.0
0.625,250,Improved-gOMP,baseline,4008.0,1280.0,2048.0,0.0,0.0,0.0,432.0,56.0,48.0,48.0,48.0,48.0,0.0
0.625,250,Improved-gOMP,optimized,4984.0,1280.0,2048.0,0.0,1352.0,104.0,104.0,48.0,40.0,0.0,0.0,8.0,0.0
0.625,251,Improved-gOMP,baseline,4040.0,1280.0,2048.0,0.0,0.0,0.0,464.0,56.0,48.0,48.0,48.0,48.0,0.0
0.625,251,Improved-gOMP,optimized,5744.0,1280.0,2048.0,0.0,2048.0,128.0,128.0,56.0,48.0,0.0,0.0,8.0,0.0
0.625,252,Improved-gOMP,baseline,4040.0,1280.0,2048.0,0.0,0.0,0.0,464.0,56.0,48.0,48.0,48.0,48.0,0.0
0.625,252,Improved-gOMP,optimized,5744.0,1280.0,2048.0,0.0,2048.0,128.0,128.0,56.0,48.0,0.0,0.0,8.0,0.0
0.625,253,Improved-gOMP,baseline,4040.0,1280.0,2048.0,0.0,0.0,0.0,464.0,56.0,48.0,48.0,48.0,48.0,0.0
0.625,253,Improved-gOMP,optimized,5744.0,1280.0,2048.0,0.0,2048.0,128.0,128.0,56.0,48.0,0.0,0.0,8.0,0.0
0.625,254,Improved-gOMP,baseline,3848.0,1280.0,2048.0,0.0,0.0,0.0,312.0,48.0,40.0,40.0,40.0,40.0,0.0
0.625,254,Improved-gOMP,optimized,4768.0,1280.0,2048.0,0.0,1152.0,96.0,96.0,48.0,40.0,0.0,0.0,8.0,0.0
0.625,255,Improved-gOMP,baseline,4040.0,1280.0,2048.0,0.0,0.0,0.0,464.0,56.0,48.0,48.0,48.0,48.0,0.0
0.625,255,Improved-gOMP,optimized,5744.0,1280.0,2048.0,0.0,2048.0,128.0,128.0,56.0,48.0,0.0,0.0,8.0,0.0
0.625,256,Improved-gOMP,baseline,4008.0,1280.0,2048.0,0.0,0.0,0.0,432.0,56.0,48.0,48.0,48.0,48.0,0.0
0.625,256,Improved-gOMP,optimized,5480.0,1280.0,2048.0,0.0,1800.0,120.0,120.0,56.0,48.0,0.0,0.0,8.0,0.0
0.625,257,Improved-gOMP,baseline,3848.0,1280.0,2048.0,0.0,0.0,0.0,312.0,48.0,40.0,40.0,40.0,40.0,0.0
0.625,257,Improved-gOMP,optimized,4768.0,1280.0,2048.0,0.0,1152.0,96.0,96.0,48.0,40.0,0.0,0.0,8.0,0.0
0.625,258,Improved-gOMP,baseline,4040.0,1280.0,2048.0,0.0,0.0,0.0,464.0,56.0,48.0,48.0,48.0,48.0,0.0
0.625,258,Improved-gOMP,optimized,4984.0,1280.0,2048.0,0.0,1352.0,104.0,104.0,48.0,40.0,0.0,0.0,8.0,0.0
0.625,259,Improved-gOMP,baseline,4040.0,1280.0,2048.0,0.0,0.0,0.0,464.0,56.0,48.0,48.0,48.0,48.0,0.0
0.625,259,Improved-gOMP,optimized,4984.0,1280.0,2048.0,0.0,1352.0,104.0,104.0,48.0,40.0,0.0,0.0,8.0,0.0
0.625,260,Improved-gOMP,baseline,4040.0,1280.0,2048.0,0.0,0.0,0.0,464.0,56.0,48.0,48.0,48.0,48.0,0.0
0.625,260,Improved-gOMP,optimized,5744.0,1280.0,2048.0,0.0,2048.0,128.0,128.0,56.0,48.0,0.0,0.0,8.0,0.0
0.625,261,Improved-gOMP,baseline,4040.0,1280.0,2048.0,0.0,0.0,0.0,464.0,56.0,48.0,48.0,48.0,48.0,0.0
0.625,261,Improved-gOMP,optimized,5744.0,1280.0,2048.0,0.0,2048.0,128.0,128.0,56.0,48.0,0.0,0.0,8.0,0.0
0.625,262,Improved-gOMP,baseline,4040.0,1280.0,2048.0,0.0,0.0,0.0,464.0,56.0,48.0,48.0,48.0,48.0,0.0
0.625,262,Improved-gOMP,optimized,5744.0,1280.0,2048.0,0.0,2048.0,128.0,128.0,56.0,48.0,0.0,0.0,8.0,0.0
0.625,263,Improved-gOMP,baseline,4040.0,1280.0,2048.0,0.0,0.0,0.0,464.0,56.0,48.0,48.0,48.0,48.0,0.0
0.625,263,Improved-gOMP,optimized,5744.0,1280.0,2048.0,0.0,2048.0,128.0,128.0,56.0,48.0,0.0,0.0,8.0,0.0
0.625,264,Improved-gOMP,baseline,4040.0,1280.0,2048.0,0.0,0.0,0.0,464.0,56.0,48.0,48.0,48.0,48.0,0.0
0.625,264,Improved-gOMP,optimized,5480.0,1280.0,2048.0,0.0,1800.0,120.0,120.0,56.0,48.0,0.0,0.0,8.0,0.0
0.625,265,Improved-gOMP,baseline,4040.0,1280.0,2048.0,0.0,0.0,0.0,464.0,56.0,48.0,48.0,48.0,48.0,0.0
0.625,265,Improved-gOMP,optimized,5744.0,1280.0,2048.0,0.0,2048.0,128.0,128.0,56.0,48.0,0.0,0.0,8.0,0.0
0.625,266,Improved-gOMP,baseline,3896.0,1280.0,2048.0,0.0,0.0,0.0,360.0,48.0,40.0,40.0,40.0,40.0,0.0
0.625,266,Improved-gOMP,optimized,5464.0,1280.0,2048.0,0.0,1800.0,120.0,120.0,48.0,40.0,0.0,0.0,8.0,0.0
0.625,267,Improved-gOMP,baseline,3872.0,1280.0,2048.0,0.0,0.0,0.0,336.0,48.0,40.0,40.0,40.0,40.0,0.0
0.625,267,Improved-gOMP,optimized,4984.0,1280.0,2048.0,0.0,1352.0,104.0,104.0,48.0,40.0,0.0,0.0,8.0,0.0
0.625,268,Improved-gOMP,baseline,3896.0,1280.0,2048.0,0.0,0.0,0.0,360.0,48.0,40.0,40.0,40.0,40.0,0.0
0.625,268,Improved-gOMP,optimized,5464.0,1280.0,2048.0,0.0,1800.0,120.0,120.0,48.0,40.0,0.0,0.0,8.0,0.0
0.625,269,Improved-gOMP,baseline,4040.0,1280.0,2048.0,0.0,0.0,0.0,464.0,56.0,48.0,48.0,48.0,48.0,0.0
0.625,269,Improved-gOMP,optimized,5744.0,1280.0,2048.0,0.0,2048.0,128.0,128.0,56.0,48.0,0.0,0.0,8.0,0.0
0.625,270,Improved-gOMP,baseline,4040.0,1280.0,2048.0,0.0,0.0,0.0,464.0,56.0,48.0,48.0,48.0,48.0,0.0
0.625,270,Improved-gOMP,optimized,5744.0,1280.0,2048.0,0.0,2048.0,128.0,128.0,56.0,48.0,0.0,0.0,8.0,0.0
0.625,271,Improved-gOMP,baseline,3872.0,1280.0,2048.0,0.0,0.0,0.0,336.0,48.0,40.0,40.0,40.0,40.0,0.0
0.625,271,Improved-gOMP,optimized,4984.0,1280.0,2048.0,0.0,1352.0,104.0,104.0,48.0,40.0,0.0,0.0,8.0,0.0
0.625,272,Improved-gOMP,baseline,4040.0,1280.0,2048.0,0.0,0.0,0.0,464.0,56.0,48.0,48.0,48.0,48.0,0.0
0.625,272,Improved-gOMP,optimized,5744.0,1280.0,2048.0,0.0,2048.0,128.0,128.0,56.0,48.0,0.0,0.0,8.0,0.0
0.625,273,Improved-gOMP,baseline,4008.0,1280.0,2048.0,0.0,0.0,0.0,432.0,56.0,48.0,48.0,48.0,48.0,0.0
0.625,273,Improved-gOMP,optimized,5480.0,1280.0,2048.0,0.0,1800.0,120.0,120.0,56.0,48.0,0.0,0.0,8.0,0.0
0.625,274,Improved-gOMP,baseline,4040.0,1280.0,2048.0,0.0,0.0,0.0,464.0,56.0,48.0,48.0,48.0,48.0,0.0
0.625,274,Improved-gOMP,optimized,5744.0,1280.0,2048.0,0.0,2048.0,128.0,128.0,56.0,48.0,0.0,0.0,8.0,0.0
0.625,275,Improved-gOMP,baseline,3728.0,1280.0,2048.0,0.0,0.0,0.0,232.0,40.0,32.0,32.0,32.0,32.0,0.0
0.625,275,Improved-gOMP,optimized,4368.0,1280.0,2048.0,0.0,800.0,80.0,80.0,40.0,32.0,0.0,0.0,8.0,0.0
0.625,276,Improved-gOMP,baseline,4008.0,1280.0,2048.0,0.0,0.0,0.0,432.0,56.0,48.0,48.0,48.0,48.0,0.0
0.625,276,Improved-gOMP,optimized,5480.0,1280.0,2048.0,0.0,1800.0,120.0,120.0,56.0,48.0,0.0,0.0,8.0,0.0
0.625,277,Improved-gOMP,baseline,4040.0,1280.0,2048.0,0.0,0.0,0.0,464.0,56.0,48.0,48.0,48.0,48.0,0.0
0.625,277,Improved-gOMP,optimized,5744.0,1280.0,2048.0,0.0,2048.0,128.0,128.0,56.0,48.0,0.0,0.0,8.0,0.0
0.625,278,Improved-gOMP,baseline,4040.0,1280.0,2048.0,0.0,0.0,0.0,464.0,56.0,48.0,48.0,48.0,48.0,0.0
0.625,278,Improved-gOMP,optimized,5744.0,1280.0,2048.0,0.0,2048.0,128.0,128.0,56.0,48.0,0.0,0.0,8.0,0.0
0.625,279,Improved-gOMP,baseline,3872.0,1280.0,2048.0,0.0,0.0,0.0,336.0,48.0,40.0,40.0,40.0,40.0,0.0
0.625,279,Improved-gOMP,optimized,4984.0,1280.0,2048.0,0.0,1352.0,104.0,104.0,48.0,40.0,0.0,0.0,8.0,0.0
0.625,280,Improved-gOMP,baseline,3848.0,1280.0,2048.0,0.0,0.0,0.0,312.0,48.0,40.0,40.0,40.0,40.0,0.0
0.625,280,Improved-gOMP,optimized,4768.0,1280.0,2048.0,0.0,1152.0,96.0,96.0,48.0,40.0,0.0,0.0,8.0,0.0
0.625,281,Improved-gOMP,baseline,4040.0,1280.0,2048.0,0.0,0.0,0.0,464.0,56.0,48.0,48.0,48.0,48.0,0.0
0.625,281,Improved-gOMP,optimized,4984.0,1280.0,2048.0,0.0,1352.0,104.0,104.0,48.0,40.0,0.0,0.0,8.0,0.0
0.625,282,Improved-gOMP,baseline,4040.0,1280.0,2048.0,0.0,0.0,0.0,464.0,56.0,48.0,48.0,48.0,48.0,0.0
0.625,282,Improved-gOMP,optimized,5744.0,1280.0,2048.0,0.0,2048.0,128.0,128.0,56.0,48.0,0.0,0.0,8.0,0.0
0.625,283,Improved-gOMP,baseline,4040.0,1280.0,2048.0,0.0,0.0,0.0,464.0,56.0,48.0,48.0,48.0,48.0,0.0
0.625,283,Improved-gOMP,optimized,4984.0,1280.0,2048.0,0.0,1352.0,104.0,104.0,48.0,40.0,0.0,0.0,8.0,0.0
0.625,284,Improved-gOMP,baseline,4008.0,1280.0,2048.0,0.0,0.0,0.0,432.0,56.0,48.0,48.0,48.0,48.0,0.0
0.625,284,Improved-gOMP,optimized,5480.0,1280.0,2048.0,0.0,1800.0,120.0,120.0,56.0,48.0,0.0,0.0,8.0,0.0
0.625,285,Improved-gOMP,baseline,4064.0,1280.0,2048.0,0.0,0.0,0.0,488.0,56.0,48.0,48.0,48.0,48.0,0.0
0.625,285,Improved-gOMP,optimized,5744.0,1280.0,2048.0,0.0,2048.0,128.0,128.0,56.0,48.0,0.0,0.0,8.0,0.0
0.625,286,Improved-gOMP,baseline,4040.0,1280.0,2048.0,0.0,0.0,0.0,464.0,56.0,48.0,48.0,48.0,48.0,0.0
0.625,286,Improved-gOMP,optimized,5744.0,1280.0,2048.0,0.0,2048.0,128.0,128.0,56.0,48.0,0.0,0.0,8.0,0.0
0.625,287,Improved-gOMP,baseline,4040.0,1280.0,2048.0,0.0,0.0,0.0,464.0,56.0,48.0,48.0,48.0,48.0,0.0
0.625,287,Improved-gOMP,optimized,5744.0,1280.0,2048.0,0.0,2048.0,128.0,128.0,56.0,48.0,0.0,0.0,8.0,0.0
0.625,288,Improved-gOMP,baseline,3872.0,1280.0,2048.0,0.0,0.0,0.0,336.0,48.0,40.0,40.0,40.0,40.0,0.0
0.625,288,Improved-gOMP,optimized,4984.0,1280.0,2048.0,0.0,1352.0,104.0,104.0,48.0,40.0,0.0,0.0,8.0,0.0
0.625,289,Improved-gOMP,baseline,4008.0,1280.0,2048.0,0.0,0.0,0.0,432.0,56.0,48.0,48.0,48.0,48.0,0.0
0.625,289,Improved-gOMP,optimized,5480.0,1280.0,2048.0,0.0,1800.0,120.0,120.0,56.0,48.0,0.0,0.0,8.0,0.0
0.625,290,Improved-gOMP,baseline,3872.0,1280.0,2048.0,0.0,0.0,0.0,336.0,48.0,40.0,40.0,40.0,40.0,0.0
0.625,290,Improved-gOMP,optimized,4984.0,1280.0,2048.0,0.0,1352.0,104.0,104.0,48.0,40.0,0.0,0.0,8.0,0.0
0.625,291,Improved-gOMP,baseline,4040.0,1280.0,2048.0,0.0,0.0,0.0,464.0,56.0,48.0,48.0,48.0,48.0,0.0
0.625,291,Improved-gOMP,optimized,5744.0,1280.0,2048.0,0.0,2048.0,128.0,128.0,56.0,48.0,0.0,0.0,8.0,0.0
0.625,292,Improved-gOMP,baseline,3872.0,1280.0,2048.0,0.0,0.0,0.0,336.0,48.0,40.0,40.0,40.0,40.0,0.0
0.625,292,Improved-gOMP,optimized,4984.0,1280.0,2048.0,0.0,1352.0,104.0,104.0,48.0,40.0,0.0,0.0,8.0,0.0
0.625,293,Improved-gOMP,baseline,4064.0,1280.0,2048.0,0.0,0.0,0.0,488.0,56.0,48.0,48.0,48.0,48.0,0.0
0.625,293,Improved-gOMP,optimized,5744.0,1280.0,2048.0,0.0,2048.0,128.0,128.0,56.0,48.0,0.0,0.0,8.0,0.0
0.625,294,Improved-gOMP,baseline,4008.0,1280.0,2048.0,0.0,0.0,0.0,432.0,56.0,48.0,48.0,48.0,48.0,0.0
0.625,294,Improved-gOMP,optimized,4768.0,1280.0,2048.0,0.0,1152.0,96.0,96.0,48.0,40.0,0.0,0.0,8.0,0.0
0.625,295,Improved-gOMP,baseline,4040.0,1280.0,2048.0,0.0,0.0,0.0,464.0,56.0,48.0,48.0,48.0,48.0,0.0
0.625,295,Improved-gOMP,optimized,5744.0,1280.0,2048.0,0.0,2048.0,128.0,128.0,56.0,48.0,0.0,0.0,8.0,0.0
0.625,296,Improved-gOMP,baseline,4064.0,1280.0,2048.0,0.0,0.0,0.0,488.0,56.0,48.0,48.0,48.0,48.0,0.0
0.625,296,Improved-gOMP,optimized,5744.0,1280.0,2048.0,0.0,2048.0,128.0,128.0,56.0,48.0,0.0,0.0,8.0,0.0
0.625,297,Improved-gOMP,baseline,4040.0,1280.0,2048.0,0.0,0.0,0.0,464.0,56.0,48.0,48.0,48.0,48.0,0.0
0.625,297,Improved-gOMP,optimized,5744.0,1280.0,2048.0,0.0,2048.0,128.0,128.0,56.0,48.0,0.0,0.0,8.0,0.0
0.625,298,Improved-gOMP,baseline,3872.0,1280.0,2048.0,0.0,0.0,0.0,336.0,48.0,40.0,40.0,40.0,40.0,0.0
0.625,298,Improved-gOMP,optimized,4984.0,1280.0,2048.0,0.0,1352.0,104.0,104.0,48.0,40.0,0.0,0.0,8.0,0.0
0.625,299,Improved-gOMP,baseline,3848.0,1280.0,2048.0,0.0,0.0,0.0,312.0,48.0,40.0,40.0,40.0,40.0,0.0
0.625,299,Improved-gOMP,optimized,4768.0,1280.0,2048.0,0.0,1152.0,96.0,96.0,48.0,40.0,0.0,0.0,8.0,0.0
