coeff_mode,trial,algorithm,implementation,runtime_sec,correlation_time_sec,selection_time_sec,solve_time_sec,residual_update_time_sec,support_refinement_time_sec
gaussian,0,OMP,baseline,0.002875617006793618,0.00017865002155303955,0.0004126379935769364,0.0011342039942974225,0.00028914803988300264,0.0
gaussian,0,OMP,optimized,0.0011618249991443008,0.00013316400873009115,0.00011775299208238721,0.0004128680157009512,0.00015362200792878866,0.0002113350055878982
gaussian,1,OMP,baseline,0.0012020720023429021,7.226000889204443e-05,0.00011303699284326285,0.0004790510283783078,0.00010345499322284013,0.0
gaussian,1,OMP,optimized,0.000602681000600569,5.981801950838417e-05,2.3456013877876103e-05,0.00024543594918213785,7.639499381184578e-05,0.0001221580314449966
gaussian,2,OMP,baseline,0.001310056002694182,9.044994658324867e-05,0.00013374292757362127,0.0005005079874536023,0.00012790497567038983,0.0
gaussian,2,OMP,optimized,0.0006592809950234368,7.200404070317745e-05,2.9518938390538096e-05,0.00025443799677304924,8.582799637224525e-05,0.00013429402315523475
gaussian,3,OMP,baseline,0.0010748670028988272,7.083297532517463e-05,0.00011415804328862578,0.00042216997826471925,0.000103349972050637,0.0
gaussian,3,OMP,optimized,0.0006464379985118285,5.827702989336103e-05,2.5292960344813764e-05,0.0002756079920800403,8.461704419460148e-05,0.0001225260057253763
gaussian,4,OMP,baseline,0.0011487529991427436,8.39429849293083e-05,0.00010912296420428902,0.00045068202598486096,0.00011703096970450133,0.0
gaussian,4,OMP,optimized,0.0006500890012830496,9.081298776436597e-05,2.5991001166403294e-05,0.00023966797743923962,8.244198397733271e-05,0.00013041899364907295
gaussian,5,OMP,baseline,0.001086527990992181,7.78940157033503e-05,0.00010741202277131379,0.00043693500629160553,9.657903865445405e-05,0.0
gaussian,5,OMP,optimized,0.0005898590025026351,6.040299194864929e-05,2.4720997316762805e-05,0.00023014498583506793,7.606805593241006e-05,0.00012359597894828767
gaussian,6,OMP,baseline,0.0015439730050275102,0.00015272300515789539,0.00013122902601025999,0.0005739149928558618,0.00015520102169830352,0.0
gaussian,6,OMP,optimized,0.0007280010031536222,7.227699097711593e-05,2.750498242676258e-05,0.0002792990271700546,0.00012419401900842786,0.0001383760099997744
gaussian,7,OMP,baseline,0.0011872680042870343,7.288700726348907e-05,0.00011495997023303062,0.00046690399176441133,0.00014433202159125358,0.0
gaussian,7,OMP,optimized,0.000584168010391295,5.92780124861747e-05,2.325999957975e-05,0.00022686098236590624,7.611601904500276e-05,0.00012235203757882118
gaussian,8,OMP,baseline,0.0014743490028195083,9.208699339069426e-05,0.00017034800839610398,0.0006091059767641127,0.00014817298506386578,0.0
gaussian,8,OMP,optimized,0.0007150029996410012,7.163899135775864e-05,3.279303200542927e-05,0.0002586120244814083,8.678199083078653e-05,0.00015065100160427392
gaussian,9,OMP,baseline,0.0011566800094442442,6.875398685224354e-05,0.00011593899398576468,0.00046413099335040897,0.000113106012577191,0.0
gaussian,9,OMP,optimized,0.0006089200032874942,5.5922006140463054e-05,2.397899515926838e-05,0.0002386819978710264,8.099099795799702e-05,0.00013111100997775793
gaussian,10,OMP,baseline,0.0012096179998479784,0.00010301299334969372,0.0001134029880631715,0.00046318898967001587,0.00012477200652938336,0.0
gaussian,10,OMP,optimized,0.0006744319980498403,7.038199692033231e-05,2.835698251146823e-05,0.00026785202499013394,8.526096644345671e-05,0.00013916399620939046
gaussian,11,OMP,baseline,0.0012846169993281364,7.903799996711314e-05,0.0001253950031241402,0.0005015880306018516,0.00011484799324534833,0.0
gaussian,11,OMP,optimized,0.000622820996795781,5.9269004850648344e-05,2.446201688144356e-05,0.0002487409656168893,8.529900514986366e-05,0.00012328603770583868
gaussian,12,OMP,baseline,0.0012108649971196428,8.103897562250495e-05,0.00011415498738642782,0.00045494701771531254,0.00013694597873836756,0.0
gaussian,12,OMP,optimized,0.000579721003305167,6.371602648869157e-05,2.2579042706638575e-05,0.0002183129545301199,8.445000275969505e-05,0.00011505001748446375
gaussian,13,OMP,baseline,0.0016423259949078783,0.00010045495582744479,0.00015523003821726888,0.0006741980178048834,0.00018880599236581475,0.0
gaussian,13,OMP,optimized,0.0008359940111404285,8.908801828511059e-05,3.497398574836552e-05,0.0003425730246817693,0.00010550400475040078,0.00017172003572341055
gaussian,14,OMP,baseline,0.0012038190034218132,8.467500447295606e-05,0.00012381598935462534,0.00047436601016670465,0.00012118500308133662,0.0
gaussian,14,OMP,optimized,0.0006267310091061518,6.503399345092475e-05,2.404999395366758e-05,0.0002455220092087984,8.19280103314668e-05,0.00013277799007482827
gaussian,15,OMP,baseline,0.0012400300038279966,8.186099876184016e-05,0.00011974696826655418,0.0004833169950870797,0.00011411595914978534,0.0
gaussian,15,OMP,optimized,0.0008423469989793375,7.961998926475644e-05,3.8718979340046644e-05,0.0003104539937339723,0.00013857000158168375,0.00017935199139174074
gaussian,16,OMP,baseline,0.001095503001124598,7.889402331784368e-05,0.00010936800390481949,0.000418209980125539,0.00010706202010624111,0.0
gaussian,16,OMP,optimized,0.0006895940023241565,7.311001536436379e-05,3.0051989597268403e-05,0.00026362801145296544,9.865203173831105e-05,0.00014071600162424147
gaussian,17,OMP,baseline,0.0014159510028548539,0.00010059203486889601,0.00015872399671934545,0.0005177590064704418,0.0001613710046513006,0.0
gaussian,17,OMP,optimized,0.0007479269988834858,6.500397284980863e-05,2.820597728714347e-05,0.0003113770071649924,0.00010921996727120131,0.00014304908108897507
gaussian,18,OMP,baseline,0.0011854219919769093,8.63450113683939e-05,0.00011869802256114781,0.0004494820022955537,0.0001345450000371784,0.0
gaussian,18,OMP,optimized,0.0007249059999594465,6.768404273316264e-05,2.5526998797431588e-05,0.00025881800684146583,9.20080638024956e-05,0.00015306498971767724
gaussian,19,OMP,baseline,0.0011830259900307283,7.988598372321576e-05,0.00013090399443171918,0.00045150998630560935,0.00010088196722790599,0.0
gaussian,19,OMP,optimized,0.0008061139960773289,7.361204188782722e-05,3.181901411153376e-05,0.00030015599622856826,0.0001115449849748984,0.0001710659562377259
gaussian,20,OMP,baseline,0.0018527880019973963,0.00011607797932811081,0.0001505430118413642,0.0006719359953422099,0.000299685969366692,0.0
gaussian,20,OMP,optimized,0.0007025689992588013,7.406699296552688e-05,3.461498999968171e-05,0.00026670601801015437,9.60589968599379e-05,0.00014529899635817856
gaussian,21,OMP,baseline,0.0012442639999790117,8.135903044603765e-05,0.00011941700358875096,0.00047909500426612794,0.00012169597903266549,0.0
gaussian,21,OMP,optimized,0.0006519309972645715,7.515896868426353e-05,2.6291992980986834e-05,0.0002537360123824328,8.405598055105656e-05,0.00013272602518554777
gaussian,22,OMP,baseline,0.0011186889896634966,6.48250279482454e-05,0.00013237498933449388,0.00043136101157870144,0.00010827797814272344,0.0
gaussian,22,OMP,optimized,0.0005948920006630942,5.32200065208599e-05,2.2546984837390482e-05,0.0002298199979122728,7.663096766918898e-05,0.00011877703946083784
gaussian,23,OMP,baseline,0.0013877469900762662,0.0001216760283568874,0.00015477401029784232,0.0005335799796739593,0.0001340279559371993,0.0
gaussian,23,OMP,optimized,0.0007629080064361915,9.678599599283189e-05,3.719697997439653e-05,0.0002796520129777491,9.869999485090375e-05,0.00015835902013350278
gaussian,24,OMP,baseline,0.001271624001674354,6.841900176368654e-05,0.0001329489896306768,0.0004989119624951854,0.00012659200001507998,0.0
gaussian,24,OMP,optimized,0.0006507009966298938,5.886299186386168e-05,2.5419023586437106e-05,0.0002649469824973494,8.96270212251693e-05,0.00013096195471007377
gaussian,25,OMP,baseline,0.0012893920065835118,9.11260285647586e-05,0.00012797300587408245,0.0004898780171060935,0.00012140398030169308,0.0
gaussian,25,OMP,optimized,0.0007014110015006736,7.045999518595636e-05,2.8200025553815067e-05,0.00027773898909799755,9.840301936492324e-05,0.0001374139974359423
gaussian,26,OMP,baseline,0.0012453660019673407,8.136098040267825e-05,0.0001279999705730006,0.000489263009512797,0.00013728301564697176,0.0
gaussian,26,OMP,optimized,0.0013382879988057539,0.00015030198846943676,5.909100582357496e-05,0.00047654801164753735,0.0002126680192304775,0.00030013301875442266
gaussian,27,OMP,baseline,0.0012769969907822087,7.375999120995402e-05,0.00015440101560670882,0.0005001190002076328,0.0001211070193676278,0.0
gaussian,27,OMP,optimized,0.0006161250057630241,6.014699465595186e-05,2.851703902706504e-05,0.000236670981394127,7.762803579680622e-05,0.00012590897677000612
gaussian,28,OMP,baseline,0.0013267099857330322,0.00011070296750403941,0.00014402699889615178,0.0005065890145488083,0.00012886802142020315,0.0
gaussian,28,OMP,optimized,0.000748297999962233,7.505201210733503e-05,2.8250025934539735e-05,0.0002867079892894253,0.00012686901027336717,0.00014010501035954803
gaussian,29,OMP,baseline,0.0011927799932891503,7.251297938637435e-05,0.00011501301196403801,0.0004759880102938041,0.00012537800648715347,0.0
gaussian,29,OMP,optimized,0.0006450780056184158,5.81829808652401e-05,2.5632019969634712e-05,0.00026405097742099315,8.696399163454771e-05,0.00013095300528220832
gaussian,30,OMP,baseline,0.002134472000761889,0.00015857501421123743,0.00022878599702380598,0.0007484249799745157,0.0002059490216197446,0.0
gaussian,30,OMP,optimized,0.0011766619863919914,0.00012554001295939088,4.779694427270442e-05,0.0004412099806359038,0.0001530189620098099,0.00027351501921657473
gaussian,31,OMP,baseline,0.0011596020049182698,6.659398786723614e-05,0.00012017299013677984,0.0004700910358224064,0.00010393495904281735,0.0
gaussian,31,OMP,optimized,0.000655180003377609,6.0986014432273805e-05,2.9717994038946927e-05,0.00025567195552866906,8.645400521345437e-05,0.0001365800271742046
gaussian,32,OMP,baseline,0.0020278029987821355,0.00014462901162914932,0.00020475199562497437,0.0006770449690520763,0.00021494104294106364,0.0
gaussian,32,OMP,optimized,0.0005791330040665343,6.273498001974076e-05,2.4049979401752353e-05,0.00022525999520439655,7.49300088500604e-05,0.00011752601130865514
gaussian,33,OMP,baseline,0.0011554939992493019,6.36380136711523e-05,0.0001047810073941946,0.0005240250175120309,9.739097731653601e-05,0.0
gaussian,33,OMP,optimized,0.0006184459925862029,6.020299042575061e-05,2.384398248977959e-05,0.00024535899865441024,8.550495840609074e-05,0.00012532803521025926
gaussian,34,OMP,baseline,0.0012587259989231825,8.581802831031382e-05,0.00014478698722086847,0.0004744440084323287,0.00013126300473231822,0.0
gaussian,34,OMP,optimized,0.0007058190094539896,6.974901771172881e-05,2.9685994377359748e-05,0.0002834990154951811,0.0001002660283120349,0.0001353060215478763
gaussian,35,OMP,baseline,0.0014361420035129413,9.040298755280674e-05,0.00013453302381094545,0.0005795860342914239,0.00014385199756361544,0.0
gaussian,35,OMP,optimized,0.0009628700063331053,7.066901889629662e-05,2.9638991691172123e-05,0.00029250397346913815,0.00022833295224700123,0.00013524299720302224
gaussian,36,OMP,baseline,0.0011764139926526695,7.705899770371616e-05,0.0001227709581144154,0.0004747700004372746,0.0001133629702962935,0.0
gaussian,36,OMP,optimized,0.0006441510049626231,6.821699207648635e-05,3.082498733419925e-05,0.00024045300961006433,8.754000009503216e-05,0.00012822302232962102
gaussian,37,OMP,baseline,0.0014989310002420098,0.00010634503269102424,0.0001453310251235962,0.0005993710219627246,0.0001492759765824303,0.0
gaussian,37,OMP,optimized,0.0019233880011597648,0.00016430301184300333,8.13450023997575e-05,0.0006974200223339722,0.0002593479584902525,0.0005252850096439943
gaussian,38,OMP,baseline,0.0013169260055292398,8.054397767409682e-05,0.00012738096120301634,0.0005327079852577299,0.00014099500549491495,0.0
gaussian,38,OMP,optimized,0.0007319609867408872,7.18369847163558e-05,2.8189955628477037e-05,0.00029162701684981585,0.00010073996963910758,0.0001463390071876347
gaussian,39,OMP,baseline,0.0017570289928698912,9.011001384351403e-05,0.0001753300311975181,0.000680570985423401,0.00019527302356436849,0.0
gaussian,39,OMP,optimized,0.0006883500027470291,5.748000694438815e-05,2.7944028261117637e-05,0.00029047900170553476,9.801598207559437e-05,0.00013307202607393265
gaussian,40,OMP,baseline,0.001430037009413354,9.713599865790457e-05,0.0001422869972884655,0.0005498669925145805,0.00014324298535939306,0.0
gaussian,40,OMP,optimized,0.0006362439889926463,6.617102189920843e-05,2.445097197778523e-05,0.00023802302894182503,8.813805470708758e-05,0.00012252198939677328
gaussian,41,OMP,baseline,0.00329923999379389,0.00031264001154340804,0.00042887100426014513,0.0010886399977607653,0.0003739860112546012,0.0
gaussian,41,OMP,optimized,0.0008075619989540428,9.386097372043878e-05,3.323702549096197e-05,0.00030566098575945944,0.0001112309837481007,0.00015928001084830612
gaussian,42,OMP,baseline,0.0013296399993123487,9.164398943539709e-05,0.00013121798110660166,0.00048703399079386145,0.00015133396664168686,0.0
gaussian,42,OMP,optimized,0.0009043890022439882,8.860799425747246e-05,3.4025986678898335e-05,0.00032287098292727023,0.0001339670125162229,0.00022027200611773878
gaussian,43,OMP,baseline,0.0012951169919688255,8.977398101706058e-05,0.00012699401122517884,0.0004983870021533221,0.00013810096425004303,0.0
gaussian,43,OMP,optimized,0.0008684000058565289,8.437699580099434e-05,3.345301956869662e-05,0.0003137549792882055,0.00013584205589722842,0.00016447398229502141
gaussian,44,OMP,baseline,0.001344999996945262,9.741398389451206e-05,0.0001346120552625507,0.0005145829927641898,0.00014640303561463952,0.0
gaussian,44,OMP,optimized,0.0006192669970914721,6.864999886602163e-05,2.455798676237464e-05,0.0002441580145386979,8.478201925754547e-05,0.00012247197446413338
gaussian,45,OMP,baseline,0.0023076270008459687,0.0001778280275175348,0.000263818001258187,0.000853047997225076,0.0002664029743755236,0.0
gaussian,45,OMP,optimized,0.0014155609969748184,0.00011977697431575507,8.147396147251129e-05,0.0005570230132434517,0.00020695496641565114,0.0003046490019187331
gaussian,46,OMP,baseline,0.001414407990523614,9.945697092916816e-05,0.00016203201084863394,0.0005457059887703508,0.0001435080193914473,0.0
gaussian,46,OMP,optimized,0.0007710750069236383,7.390796963591129e-05,3.195399767719209e-05,0.00029703998006880283,0.00011478198575787246,0.0001566960127092898
gaussian,47,OMP,baseline,0.0013915369927417487,0.0001054940075846389,0.00014887802535668015,0.0005208290094742551,0.00014931503392290324,0.0
gaussian,47,OMP,optimized,0.0006606189999729395,8.095396333374083e-05,2.942900755442679e-05,0.000245843970333226,8.614201215095818e-05,0.00013036499149166048
gaussian,48,OMP,baseline,0.0012644469970837235,7.825999637134373e-05,0.0001238389959326014,0.00048012200568336993,0.0001436989987269044,0.0
gaussian,48,OMP,optimized,0.0008936719968914986,8.247897494584322e-05,4.29329666076228e-05,0.0003535789728630334,0.00013645902799908072,0.0001810389949241653
gaussian,49,OMP,baseline,0.00125320500228554,8.541997522115707e-05,0.0001257830299437046,0.000456922993180342,0.00014879200898576528,0.0
gaussian,49,OMP,optimized,0.0006604230002267286,6.754603236913681e-05,2.7785019483417273e-05,0.00025108299450948834,9.584998770151287e-05,0.00012963498011231422
gaussian,50,OMP,baseline,0.001261212004465051,8.412498573306948e-05,0.00012277600762899965,0.0004919580242130905,0.0001258360134670511,0.0
gaussian,50,OMP,optimized,0.000700639997376129,6.456002302002162e-05,3.432096855249256e-05,0.0002593300450826064,9.418198897037655e-05,0.00016307696932926774
gaussian,51,OMP,baseline,0.0023023280082270503,0.00013934301387052983,0.0002558640408096835,0.0008735340234125033,0.0002614119730424136,0.0
gaussian,51,OMP,optimized,0.0013174589985283092,0.00012042895832564682,6.480200681835413e-05,0.0005127960175741464,0.00018839699623640627,0.0002887020236812532
gaussian,52,OMP,baseline,0.0022033370041754097,0.00015613400319125503,0.0002408090076642111,0.0007953149906825274,0.00022720098786521703,0.0
gaussian,52,OMP,optimized,0.0013217950036050752,0.00011054698552470654,5.798701022285968e-05,0.0005530140333576128,0.00019914798031095415,0.00025808998907450587
gaussian,53,OMP,baseline,0.0013815109996357933,0.0001102179812733084,0.00013633197522722185,0.0005021139804739505,0.00016099799540825188,0.0
gaussian,53,OMP,optimized,0.0006415669922716916,8.086500747594982e-05,2.7685993700288236e-05,0.00023745904036331922,8.355098543688655e-05,0.0001315210247412324
gaussian,54,OMP,baseline,0.0013154679909348488,0.00010409799870103598,0.00014275498688220978,0.0005176610429771245,0.00013584100815933198,0.0
gaussian,54,OMP,optimized,0.0007103020034264773,6.4848005422391e-05,3.980699693784118e-05,0.0002678399905562401,9.602098725736141e-05,0.000144924022606574
gaussian,55,OMP,baseline,0.0023936810030136257,0.00016795704141259193,0.00026118398818653077,0.0008992669609142467,0.0002546370233176276,0.0
gaussian,55,OMP,optimized,0.0014158189878799021,0.00012402399443089962,5.970499478280544e-05,0.0005535399977816269,0.00022519197955261916,0.000260123037151061
gaussian,56,OMP,baseline,0.002285744994878769,0.00013718999980483204,0.0002396859781583771,0.0008554869855288416,0.0002350569993723184,0.0
gaussian,56,OMP,optimized,0.0013078540068818256,0.00011438499495852739,5.608999344985932e-05,0.0005103410221636295,0.00022974301828071475,0.00024311800370924175
gaussian,57,OMP,baseline,0.0011836070043500513,8.250396058429033e-05,0.00011303099745418876,0.000446887977886945,0.00012787403829861432,0.0
gaussian,57,OMP,optimized,0.0006560490000993013,7.55870423745364e-05,2.5981018552556634e-05,0.0002583219902589917,8.948499453254044e-05,0.00012643200170714408
gaussian,58,OMP,baseline,0.0014192030066624284,8.962402353063226e-05,0.00014239897427614778,0.0005481910629896447,0.00014627899508923292,0.0
gaussian,58,OMP,optimized,0.0008637169958092272,8.111896750051528e-05,3.675099287647754e-05,0.00032973602355923504,0.00011373602319508791,0.00020553197828121483
gaussian,59,OMP,baseline,0.0013844630011590198,9.128599776886404e-05,0.0001387159718433395,0.0005310839478624985,0.00014931400073692203,0.0
gaussian,59,OMP,optimized,0.0007625610014656559,8.460794924758375e-05,4.3025967897847295e-05,0.0002890439791372046,0.00010639698302838951,0.00015415104280691594
gaussian,60,OMP,baseline,0.0015055559924803674,9.801397391129285e-05,0.00015968699881341308,0.0006128569948486984,0.00016637002408970147,0.0
gaussian,60,OMP,optimized,0.0007477740000467747,8.619601430837065e-05,4.04650199925527e-05,0.00027291201695334166,9.575902367942035e-05,0.00016433796554338187
gaussian,61,OMP,baseline,0.0014092979981796816,9.67630185186863e-05,0.00015276101476047188,0.0005163660098332912,0.00015156199515331537,0.0
gaussian,61,OMP,optimized,0.0008238449954660609,0.00010671101335901767,4.2249972466379404e-05,0.000301648979075253,0.00011725402146112174,0.0001635590015212074
gaussian,62,OMP,baseline,0.0014049299934413284,0.00010924297384917736,0.00014729899703525007,0.0005177900166017935,0.00014225495397113264,0.0
gaussian,62,OMP,optimized,0.0006604009977309033,7.239302794914693e-05,2.7228001272305846e-05,0.00024752003082539886,8.437804353889078e-05,0.00014167799963615835
gaussian,63,OMP,baseline,0.0024491660005878657,0.00016312595107592642,0.00029332100530155003,0.0009102899930439889,0.00024450298224110156,0.0
gaussian,63,OMP,optimized,0.0015450969949597493,0.00012517899449449033,7.238895341288298e-05,0.0006318169762380421,0.00022995201288722456,0.00031118400511331856
gaussian,64,OMP,baseline,0.0014398149942280725,0.00010961695807054639,0.00015640696801710874,0.000532664023921825,0.00014151395589578897,0.0
gaussian,64,OMP,optimized,0.0008241000032285228,8.279900066554546e-05,3.3028016332536936e-05,0.00032781196932774037,0.00012591398262884468,0.00016294699162244797
gaussian,65,OMP,baseline,0.001349263999145478,7.987501157913357e-05,0.0001494879979873076,0.0005421370296971872,0.00013211299665272236,0.0
gaussian,65,OMP,optimized,0.000806515003205277,7.416600419674069e-05,4.026699753012508e-05,0.0003215640172129497,0.00011954600631725043,0.00016880799375940114
gaussian,66,OMP,baseline,0.0012697210040641949,9.320701065007597e-05,0.00014636499690823257,0.00049443198076915,0.00012395599333103746,0.0
gaussian,66,OMP,optimized,0.0008883569971658289,9.37269942369312e-05,5.0216971430927515e-05,0.00033348301076330245,0.00011732502025552094,0.00017788002151064575
gaussian,67,OMP,baseline,0.0016485949890920892,0.00011004600673913956,0.0001737749989842996,0.0006416239775717258,0.00016783704631961882,0.0
gaussian,67,OMP,optimized,0.0007353349938057363,6.653198215644807e-05,2.7454952942207456e-05,0.00028488402313087136,0.00010180298704653978,0.00015144799544941634
gaussian,68,OMP,baseline,0.0014502459962386638,9.024904284160584e-05,0.00015338104276452214,0.0005551369831664488,0.0001555659982841462,0.0
gaussian,68,OMP,optimized,0.0012187999964226037,0.00013506101095117629,5.249102832749486e-05,0.0004479609924601391,0.000165674980962649,0.0002661580074345693
gaussian,69,OMP,baseline,0.0012862849980592728,8.663097105454654e-05,0.00013019796460866928,0.00047775502025615424,0.00013289893104229122,0.0
gaussian,69,OMP,optimized,0.0006831439968664199,5.876099749002606e-05,2.926898014266044e-05,0.0002598040009615943,0.00010826403740793467,0.00014198898861650378
gaussian,70,OMP,baseline,0.001230237990966998,8.583697490394115e-05,0.00012123897613491863,0.00047687397454865277,0.0001331200182903558,0.0
gaussian,70,OMP,optimized,0.0009303270053351298,0.00010191500768996775,3.8205995224416256e-05,0.0003570699773263186,0.0001280120195588097,0.00018514100520405918
gaussian,71,OMP,baseline,0.0011796090111602098,7.249001646414399e-05,0.00011426402488723397,0.0004621069965651259,0.00012088000949006528,0.0
gaussian,71,OMP,optimized,0.0006476550042862073,5.968497134745121e-05,2.5652014301158488e-05,0.00024946000485215336,0.00010613404447212815,0.0001276410330319777
gaussian,72,OMP,baseline,0.0014353049919009209,9.708802099339664e-05,0.0001549580047139898,0.0005638859875034541,0.0001390349498251453,0.0
gaussian,72,OMP,optimized,0.0007205180008895695,7.573403127025813e-05,2.776402106974274e-05,0.00027549600054044276,9.423399751540273e-05,0.00016192100883927196
gaussian,73,OMP,baseline,0.0013325229956535622,8.444300328847021e-05,0.0001405389775754884,0.0005097439716337249,0.00012885298929177225,0.0
gaussian,73,OMP,optimized,0.0007271320064319298,6.58730132272467e-05,3.187195397913456e-05,0.00030545103072654456,8.811597945168614e-05,0.00015014396922197193
gaussian,74,OMP,baseline,0.0013704219891224056,0.00011067399464081973,0.00015572902339044958,0.0004989610315533355,0.0001369600067846477,0.0
gaussian,74,OMP,optimized,0.00069438100035768,7.172999903559685e-05,2.7839021640829742e-05,0.0002682649646885693,0.00010239599214401096,0.00014378997730091214
gaussian,75,OMP,baseline,0.0012528619990916923,0.00010297998960595578,0.0001320999872405082,0.00047291799273807555,0.0001253160007763654,0.0
gaussian,75,OMP,optimized,0.0006172959983814508,5.5406970204785466e-05,3.568101965356618e-05,0.00022914998407941312,8.846299897413701e-05,0.00013305297761689872
gaussian,76,OMP,baseline,0.0014761740021640435,0.00022851396352052689,0.00013231598131824285,0.000534288992639631,0.00014980198466219008,0.0
gaussian,76,OMP,optimized,0.000747304002288729,7.587905565742403e-05,3.9479011320509017e-05,0.0002797090128296986,0.00013059198681730777,0.0001362969633191824
gaussian,77,OMP,baseline,0.0011193390091648325,7.042099605314434e-05,0.00011865804845001549,0.00044539601367432624,0.00010674601071514189,0.0
gaussian,77,OMP,optimized,0.0008293819992104545,7.195299258455634e-05,7.772198296152055e-05,0.00031028497323859483,0.00011107702448498458,0.00016734900418668985
gaussian,78,OMP,baseline,0.0014454609918175265,9.847299952525645e-05,0.00014361002831719816,0.0005415320338215679,0.0001599449897184968,0.0
gaussian,78,OMP,optimized,0.0007523050007876009,7.999097579158843e-05,3.3329997677356005e-05,0.00028572404698934406,9.748301818035543e-05,0.00017056602519005537
gaussian,79,OMP,baseline,0.001846516999648884,0.00010590501187834889,0.0001727750204736367,0.0008046059811022133,0.0002143720193998888,0.0
gaussian,79,OMP,optimized,0.0007831280090613291,7.030798587948084e-05,3.112897684331983e-05,0.00031225100974552333,0.00012016807158943266,0.00015277099737431854
gaussian,80,OMP,baseline,0.0012821459968108684,9.416199463885278e-05,0.00012718797370325774,0.0004914359597023576,0.00014507195737678558,0.0
gaussian,80,OMP,optimized,0.0005777699989266694,6.2918959883973e-05,2.169402432627976e-05,0.00022536904725711793,7.484003435820341e-05,0.00011279397585894912
gaussian,81,OMP,baseline,0.001440832988009788,8.922199776861817e-05,0.00015736704517621547,0.0005476910155266523,0.00016662399866618216,0.0
gaussian,81,OMP,optimized,0.0014046129945199937,0.00012966798385605216,5.825904372613877e-05,0.0005682410264853388,0.0001877179747680202,0.0002798400237224996
gaussian,82,OMP,baseline,0.0022509830014314502,0.00014281603216659278,0.00023882700770627707,0.000822931993752718,0.0002485370059730485,0.0
gaussian,82,OMP,optimized,0.001309359009610489,0.00011832996096927673,5.6482997024431825e-05,0.0005581050063483417,0.00020015698100905865,0.0002503929863451049
gaussian,83,OMP,baseline,0.0025067050009965897,0.00021240604110062122,0.00027991503884550184,0.0009022539743455127,0.0002457769733155146,0.0
gaussian,83,OMP,optimized,0.0012634519953280687,0.00012536297435872257,7.219599501695484e-05,0.0004978299984941259,0.00018857202667277306,0.00024568197841290385
gaussian,84,OMP,baseline,0.002339682003366761,0.00013752801169175655,0.0002430779713904485,0.0009062219905899838,0.00023926704307086766,0.0
gaussian,84,OMP,optimized,0.0011745980009436607,0.00011208099022042006,5.369202699512243e-05,0.00045637201401405036,0.00016968196723610163,0.00023339202743954957
gaussian,85,OMP,baseline,0.0027417109959060326,0.00018917601846624166,0.0003029210492968559,0.000976560011622496,0.00027743898681364954,0.0
gaussian,85,OMP,optimized,0.0013117250055074692,0.00011704702046699822,5.764301749877632e-05,0.0005483739951159805,0.00019017800514120609,0.0002745580131886527
gaussian,86,OMP,baseline,0.0014289230020949617,0.00010008501703850925,0.00015235597675200552,0.000520834990311414,0.00012683701061178,0.0
gaussian,86,OMP,optimized,0.000782468996476382,9.101199975702912e-05,3.741499676834792e-05,0.00031909604149404913,9.726597636472434e-05,0.000143802011734806
gaussian,87,OMP,baseline,0.0013381320022745058,9.760298416949809e-05,0.0001395690196659416,0.0005027899896958843,0.000140695963636972,0.0
gaussian,87,OMP,optimized,0.0008252999978139997,7.625400030519813e-05,3.572995774447918e-05,0.00031598698114976287,0.00013699902046937495,0.0001670560013735667
gaussian,88,OMP,baseline,0.00250724601210095,0.00015787295706104487,0.00024857395328581333,0.0009496929997112602,0.0002472649939591065,0.0
gaussian,88,OMP,optimized,0.0013538859930122271,0.00010631898476276547,6.634699821006507e-05,0.0005388989811763167,0.00020188000053167343,0.00028651999309659004
gaussian,89,OMP,baseline,0.0013268719922052696,8.606996561866254e-05,0.0001270020438823849,0.0004945490072714165,0.00015349702152889222,0.0
gaussian,89,OMP,optimized,0.0009154059953289106,9.99040057649836e-05,5.6091041187755764e-05,0.00035171298077329993,0.00012670399155467749,0.0001755770354066044
gaussian,90,OMP,baseline,0.0024415880034212023,0.00016119000792969018,0.0002810129808494821,0.0008978290134109557,0.00023187801707535982,0.0
gaussian,90,OMP,optimized,0.001416205006535165,0.00011817002086900175,6.190496787894517e-05,0.0005857150099473074,0.0001946030097315088,0.0002761339856078848
gaussian,91,OMP,baseline,0.0026581540005281568,0.00020537798991426826,0.0002817049971781671,0.0009849049529293552,0.00028231204487383366,0.0
gaussian,91,OMP,optimized,0.001237439995747991,0.00013472996943164617,5.667700315825641e-05,0.0004976330237695947,0.0001804259663913399,0.00023579600383527577
gaussian,92,OMP,baseline,0.002564053997048177,0.00016838597366586328,0.0002769260172499344,0.0009739339875523001,0.00025410097441636026,0.0
gaussian,92,OMP,optimized,0.0013333879905985668,0.00012096301361452788,5.831899761687964e-05,0.0005075599910924211,0.00018765797722153366,0.0002855070197256282
gaussian,93,OMP,baseline,0.0013995220069773495,0.00010308800847269595,0.00014744195505045354,0.0005378330533858389,0.0001443319779355079,0.0
gaussian,93,OMP,optimized,0.0009156300075119361,8.164600876625627e-05,8.900697866920382e-05,0.00030138902366161346,0.00012246800179127604,0.0002144570171367377
gaussian,94,OMP,baseline,0.0012728059955406934,8.16260144347325e-05,0.00014934099453967065,0.0004868370160693303,0.00013046301319263875,0.0
gaussian,94,OMP,optimized,0.0007396599976345897,7.784899207763374e-05,3.314699279144406e-05,0.00029189299675635993,0.00010674800432752818,0.00013749997015111148
gaussian,95,OMP,baseline,0.0019629370071925223,0.00015776501095388085,0.00018181200721301138,0.0007090010039974004,0.000284223016933538,0.0
gaussian,95,OMP,optimized,0.0007883000071160495,8.090700430329889e-05,3.502299659885466e-05,0.00031122601649258286,0.0001202749990625307,0.00014296597510110587
gaussian,96,OMP,baseline,0.0014838019997114316,8.916101069189608e-05,0.00017363304505124688,0.0005474109493661672,0.00014618097338825464,0.0
gaussian,96,OMP,optimized,0.0009834660013439134,9.56820003921166e-05,4.189799074083567e-05,0.00037560694909188896,0.00014530098997056484,0.00017805698735173792
gaussian,97,OMP,baseline,0.0015195980085991323,9.87989769782871e-05,0.00014007897698320448,0.0006009609933244064,0.00017256698629353195,0.0
gaussian,97,OMP,optimized,0.000928770998143591,8.232401160057634e-05,3.515798016451299e-05,0.00032896402990445495,0.00014911696780472994,0.00021550699602812529
gaussian,98,OMP,baseline,0.0016425909998361021,0.00011253198317717761,0.00017634802497923374,0.0006049439980415627,0.00020004500402137637,0.0
gaussian,98,OMP,optimized,0.0007181190012488514,6.544498319271952e-05,2.9805960366502404e-05,0.0002958489640150219,9.368399332743138e-05,0.00014619404100812972
gaussian,99,OMP,baseline,0.0013679719995707273,9.993300773203373e-05,0.00012624895316548645,0.0005313080328051001,0.0001369909878121689,0.0
gaussian,99,OMP,optimized,0.000725001998944208,7.425299554597586e-05,3.176998870912939e-05,0.0002826860436471179,0.00010743402526713908,0.00014417299826163799
gaussian,100,OMP,baseline,0.0013430840044748038,8.902198169380426e-05,0.000139561016112566,0.0005179159779800102,0.00013994202890899032,0.0
gaussian,100,OMP,optimized,0.00071007500810083,6.006598414387554e-05,2.9211994842626154e-05,0.00028277999081183225,9.594899893272668e-05,0.0001535609771963209
gaussian,101,OMP,baseline,0.0021849509939784184,0.00013321000733412802,0.000219013963942416,0.0008221070020226762,0.00024133399710990489,0.0
gaussian,101,OMP,optimized,0.0025927140086423606,0.0003062329633394256,0.00011711799015756696,0.0009794619836611673,0.0004103489627595991,0.0005037749942857772
gaussian,102,OMP,baseline,0.0014046699943719432,8.366200199816376e-05,0.00014845900295767933,0.0005231910035945475,0.00014388497220352292,0.0
gaussian,102,OMP,optimized,0.0006926279893377796,6.954898708499968e-05,3.0853974749334157e-05,0.00026149197947233915,9.587200474925339e-05,0.0001489359710831195
gaussian,103,OMP,baseline,0.002533069986384362,0.00017267298244405538,0.0002598640276119113,0.0009961169998859987,0.00028054100403096527,0.0
gaussian,103,OMP,optimized,0.0012445980100892484,0.00010866197408176959,7.103997631929815e-05,0.00048434402560815215,0.00016592504107393324,0.00027206900995224714
gaussian,104,OMP,baseline,0.0014280900068115443,0.0001095199550036341,0.00014469602319877595,0.0005230060050962493,0.0001365110365441069,0.0
gaussian,104,OMP,optimized,0.0008903559937607497,9.196398605126888e-05,3.574899164959788e-05,0.0003672990424092859,0.00012331899779383093,0.00017004601249936968
gaussian,105,OMP,baseline,0.001293127003009431,7.77200039010495e-05,0.00013378000585362315,0.0005020520038669929,0.00013197601947467774,0.0
gaussian,105,OMP,optimized,0.0007763199973851442,6.593299622181803e-05,3.3980017178691924e-05,0.00030196299485396594,0.00011403302778489888,0.00017166300676763058
gaussian,106,OMP,baseline,0.0024497589911334217,0.0001577840157551691,0.0002581479639047757,0.0009238860220648348,0.0002688390086404979,0.0
gaussian,106,OMP,optimized,0.0013357650022953749,0.00012888100172858685,5.3965995903126895e-05,0.0005135529791004956,0.00019129097927361727,0.0002738539769779891
gaussian,107,OMP,baseline,0.00229251199925784,0.0001412510173395276,0.00024111499078571796,0.000831363009638153,0.0002514080406399444,0.0
gaussian,107,OMP,optimized,0.0013461939961416647,0.00012350402539595962,8.256803266704082e-05,0.0004809529928024858,0.0002010609896387905,0.0003014910325873643
gaussian,108,OMP,baseline,0.0013327680062502623,8.368800627067685e-05,0.00012653802696149796,0.0005057859525550157,0.00012376598897390068,0.0
gaussian,108,OMP,optimized,0.0007600410026498139,6.818996916990727e-05,3.345496952533722e-05,0.0002985490136779845,0.00010184597340412438,0.0001666060124989599
gaussian,109,OMP,baseline,0.0018683899979805574,0.00012170603440608829,0.0002232380211353302,0.0006971350085223094,0.00021603400819003582,0.0
gaussian,109,OMP,optimized,0.001336368004558608,0.000125938982819207,6.598001345992088e-05,0.0005441250250441954,0.00019419199088588357,0.00024037800903897732
gaussian,110,OMP,baseline,0.002301954009453766,0.00013794601545669138,0.00024017099349293858,0.0008874600316630676,0.00023942600819282234,0.0
gaussian,110,OMP,optimized,0.0014568430051440373,0.00014582394214812666,6.40180369373411e-05,0.0005716419836971909,0.00022406796051654965,0.000291919001028873
gaussian,111,OMP,baseline,0.0025831039965851232,0.00017465598648414016,0.000276144957751967,0.0009263880201615393,0.0002565170143498108,0.0
gaussian,111,OMP,optimized,0.0013216499937698245,0.00012698899081442505,8.113798685371876e-05,0.0005011280154576525,0.00018475599063094705,0.00027877399406861514
gaussian,112,OMP,baseline,0.002349322006921284,0.00015908900240901858,0.00025991695292759687,0.0008922270208131522,0.00023261796741280705,0.0
gaussian,112,OMP,optimized,0.0012815130030503497,0.00010684900917112827,5.531702481675893e-05,0.0004987290012650192,0.00019696398521773517,0.00027734700415749103
gaussian,113,OMP,baseline,0.002581471999292262,0.00021581296459771693,0.00026542502746451646,0.0009264560067094862,0.00029406404064502567,0.0
gaussian,113,OMP,optimized,0.0012058919965056702,0.00011535700468812138,5.067001620773226e-05,0.00045678301830776036,0.00019897401216439903,0.0002478660171618685
gaussian,114,OMP,baseline,0.0025838139990810305,0.00016656197840347886,0.0003026970662176609,0.0008938639948610216,0.0002863599802367389,0.0
gaussian,114,OMP,optimized,0.0013268580078147352,0.00011716502194758505,7.618703239131719e-05,0.0005085779703222215,0.00018722802633419633,0.0002755090390564874
gaussian,115,OMP,baseline,0.0024212150019593537,0.00014766701497137547,0.0002726200327742845,0.00092989498807583,0.00025484096840955317,0.0
gaussian,115,OMP,optimized,0.0012323569972068071,0.00012856698594987392,5.602702731266618e-05,0.0004418830358190462,0.0001998779916903004,0.0002671320107765496
gaussian,116,OMP,baseline,0.0012917920103063807,8.413298928644508e-05,0.00014103403373155743,0.0005082520074211061,0.00011425996490288526,0.0
gaussian,116,OMP,optimized,0.000693239999236539,7.084697426762432e-05,3.543902130331844e-05,0.00025622500106692314,8.626900671515614e-05,0.00015937599528115243
gaussian,117,OMP,baseline,0.0013073129957774654,8.699596219230443e-05,0.00012106697249691933,0.0005188070208532736,0.0001314160181209445,0.0
gaussian,117,OMP,optimized,0.0006906369962962344,7.175099744927138e-05,3.0261013307608664e-05,0.00027618397143669426,8.569099009037018e-05,0.0001376910222461447
gaussian,118,OMP,baseline,0.00146261700137984,8.808300481177866e-05,0.0001433640136383474,0.0005982629809295759,0.00016125498223118484,0.0
gaussian,118,OMP,optimized,0.0007568409928353503,7.062501390464604e-05,5.252494884189218e-05,0.00029285701748449355,0.00011075001384597272,0.00014532401110045612
gaussian,119,OMP,baseline,0.0014469739980995655,9.450697689317167e-05,0.00015682201774325222,0.0005364240059861913,0.000167028047144413,0.0
gaussian,119,OMP,optimized,0.0007880320044932887,8.092702773865312e-05,3.276701318100095e-05,0.0003061570168938488,0.00012118900485802442,0.00015127997903618962
gaussian,120,OMP,baseline,0.0013749930076301098,8.412403985857964e-05,0.0001412829733453691,0.0005430329620139673,0.00014376200851984322,0.0
gaussian,120,OMP,optimized,0.0007615490030730143,7.736598490737379e-05,3.195401222910732e-05,0.0002942520222859457,0.00012168298417236656,0.0001483249943703413
gaussian,121,OMP,baseline,0.0011804949899669737,7.960095535963774e-05,0.00011635298142209649,0.00047023202932905406,0.00011527301103342324,0.0
gaussian,121,OMP,optimized,0.0007186709990492091,7.162205292843282e-05,3.1512987334281206e-05,0.0002801400114549324,9.618797048460692e-05,0.00015917398559395224
gaussian,122,OMP,baseline,0.0015584200009470806,0.00011375898611731827,0.00014572602231055498,0.0005500689876498654,0.0001471380383009091,0.0
gaussian,122,OMP,optimized,0.0008324789960170165,6.633796147070825e-05,3.071599348913878e-05,0.00036030099727213383,9.812902135308832e-05,0.00018844300939235836
gaussian,123,OMP,baseline,0.0013237499952083454,8.022598922252655e-05,0.00014810104039497674,0.0005386480042943731,0.00012342901027295738,0.0
gaussian,123,OMP,optimized,0.0008279309986392036,7.03379773767665e-05,3.263598773628473e-05,0.00033409998286515474,0.0001679900160524994,0.00013528297131415457
gaussian,124,OMP,baseline,0.0012007979967165738,7.336599810514599e-05,0.00012078601866960526,0.00045572804810944945,0.00013022703933529556,0.0
gaussian,124,OMP,optimized,0.0006646260007983074,6.750600005034357e-05,3.1610034056939185e-05,0.0002509609767002985,9.063803008757532e-05,0.00013863196363672614
gaussian,125,OMP,baseline,0.0015042509912746027,0.00010629696771502495,0.0001453050208510831,0.0005740670312661678,0.00016310204227920622,0.0
gaussian,125,OMP,optimized,0.0008287590026156977,7.828199886716902e-05,3.320199903100729e-05,0.00032206600008066744,0.00011248397640883923,0.00017121201381087303
gaussian,126,OMP,baseline,0.0012080599990440533,7.695597014389932e-05,0.00012222003715578467,0.0004669829795602709,0.0001235299714608118,0.0
gaussian,126,OMP,optimized,0.0006928750080987811,6.445300823543221e-05,3.287804429419339e-05,0.0002658980374690145,9.958699229173362e-05,0.0001430640259059146
gaussian,127,OMP,baseline,0.002599107989226468,0.00017201899026986212,0.0002495809749234468,0.0009512080141576007,0.00026303797494620085,0.0
gaussian,127,OMP,optimized,0.0009138320019701496,0.00012654300371650606,4.2181985918432474e-05,0.0003306379949208349,0.0001367099757771939,0.00017301703337579966
gaussian,128,OMP,baseline,0.001324350989307277,9.400700218975544e-05,0.00016160801169462502,0.000490047998027876,0.00012953196710441262,0.0
gaussian,128,OMP,optimized,0.0007287850021384656,6.914601544849575e-05,3.084100899286568e-05,0.0002789949794532731,0.00010173993359785527,0.00016106000111903995
gaussian,129,OMP,baseline,0.0019053480064030737,0.00010273199586663395,0.00017814400780480355,0.000707141007296741,0.0002451559994369745,0.0
gaussian,129,OMP,optimized,0.0007083329983288422,5.9511978179216385e-05,3.0915995012037456e-05,0.00026876499759964645,9.963699267245829e-05,0.00013593796757049859
gaussian,130,OMP,baseline,0.0015515650011366233,0.0001006079837679863,0.00016252901696134359,0.0006390509661287069,0.0001584049896337092,0.0
gaussian,130,OMP,optimized,0.0008611810044385493,8.362601511180401e-05,3.33130155922845e-05,0.0003423309826757759,0.0001271880028070882,0.00016072198923211545
gaussian,131,OMP,baseline,0.0015499109867960215,0.00010128901340067387,0.0001795200223568827,0.0005906300211790949,0.00016915996093302965,0.0
gaussian,131,OMP,optimized,0.0006148359971120954,5.750497803092003e-05,2.837000647559762e-05,0.00024409496109001338,8.691896800883114e-05,0.00012298599176574498
gaussian,132,OMP,baseline,0.0013020070036873221,9.978195885196328e-05,0.00012993699056096375,0.0004898059705737978,0.00013620199752040207,0.0
gaussian,132,OMP,optimized,0.0007882679929025471,7.794098928570747e-05,3.4205004340037704e-05,0.0003177900071023032,0.0001155830395873636,0.00015483600145671517
gaussian,133,OMP,baseline,0.0012874500098405406,8.111399074550718e-05,0.00012767300358973444,0.00048031899495981634,0.00012613701983354986,0.0
gaussian,133,OMP,optimized,0.000710670996340923,5.849901936016977e-05,3.1495976145379245e-05,0.00028327999461907893,9.372804197482765e-05,0.00015460699796676636
gaussian,134,OMP,baseline,0.0013383440091274679,8.480898395646363e-05,0.0001359429443255067,0.0005389700236264616,0.00013381302414927632,0.0
gaussian,134,OMP,optimized,0.0008281499904114753,8.244201308116317e-05,3.237099735997617e-05,0.0003401050344109535,0.0001098189823096618,0.0001635640364838764
gaussian,135,OMP,baseline,0.0010968909919029102,6.659394421149045e-05,0.00010922204819507897,0.00043000704317819327,0.0001031749852700159,0.0
gaussian,135,OMP,optimized,0.0010396349971415475,8.413700561504811e-05,3.340702096465975e-05,0.000347745037288405,0.00012836996756959707,0.0003300860116723925
gaussian,136,OMP,baseline,0.001410311000654474,9.304804552812129e-05,0.00013390502135735005,0.000531278012203984,0.0001590919855516404,0.0
gaussian,136,OMP,optimized,0.0010023250069934875,7.294700480997562e-05,3.6070006899535656e-05,0.00030906400934327394,0.00010319500870537013,0.0003483879700070247
gaussian,137,OMP,baseline,0.0016357729909941554,0.00010369099618401378,0.00015294500917661935,0.0007152150210458785,0.00013865798246115446,0.0
gaussian,137,OMP,optimized,0.0008641070016892627,0.00010060999193228781,3.589200787246227e-05,0.00032335596915800124,0.00012521403550636023,0.00016996100021060556
gaussian,138,OMP,baseline,0.0011350779968779534,7.529200229328126e-05,0.00012455102114472538,0.00043762401037383825,0.00010565599950496107,0.0
gaussian,138,OMP,optimized,0.0006912509998073801,7.049702981021255e-05,2.562000008765608e-05,0.0002480199473211542,0.0001201140257762745,0.00013785898045171052
gaussian,139,OMP,baseline,0.0011209809890715405,6.48099958198145e-05,0.0001178960083052516,0.00044468900887295604,0.00010708096669986844,0.0
gaussian,139,OMP,optimized,0.0005919089890085161,6.582101923413575e-05,2.4044013116508722e-05,0.00022896997688803822,7.84039730206132e-05,0.00011822399392258376
gaussian,140,OMP,baseline,0.002274928003316745,0.00015061500016599894,0.00023133898503147066,0.0008556860266253352,0.00022898000315763056,0.0
gaussian,140,OMP,optimized,0.0011104900040663779,0.00010385600035078824,4.839603207074106e-05,0.00042411401227582246,0.00016487902030348778,0.00021591897530015558
gaussian,141,OMP,baseline,0.0010815639980137348,6.675301119685173e-05,0.0001071989827323705,0.0004179039824521169,9.671498264651746e-05,0.0
gaussian,141,OMP,optimized,0.0005657690053340048,5.351199069991708e-05,2.2919033654034138e-05,0.00021764502162113786,7.445202209055424e-05,0.0001218549587065354
gaussian,142,OMP,baseline,0.0011449169978732243,7.523500244133174e-05,0.00010287297482136637,0.0004732489469461143,0.00011016300413757563,0.0
gaussian,142,OMP,optimized,0.0005459360108943656,6.055303674656898e-05,2.09940189961344e-05,0.00021249701967462897,7.238698890432715e-05,0.00011262099724262953
gaussian,143,OMP,baseline,0.00113663800584618,6.930796371307224e-05,0.00011030799942091107,0.0004398959717946127,0.00013527399278245866,0.0
gaussian,143,OMP,optimized,0.0005642249889206141,5.336798494681716e-05,2.2551976144313812e-05,0.00022109498968347907,7.223400461953133e-05,0.00012237000919412822
gaussian,144,OMP,baseline,0.0010475229937583208,6.153197318781167e-05,9.95479931589216e-05,0.0004246569733368233,9.449002391193062e-05,0.0
gaussian,144,OMP,optimized,0.0006283170077949762,5.68630057387054e-05,6.893396493978798e-05,0.0002275820152135566,7.578800432384014e-05,0.00011860302765853703
gaussian,145,OMP,baseline,0.0011401079973438755,7.709801138844341e-05,0.00010561099043115973,0.00042364399996586144,0.00010012798884417862,0.0
gaussian,145,OMP,optimized,0.0005744189984397963,6.259602378122509e-05,2.089199551846832e-05,0.00023031601449474692,7.366000500041991e-05,0.0001163340057246387
gaussian,146,OMP,baseline,0.0011451119935372844,6.806901365052909e-05,0.00011112101492471993,0.0004699959827121347,0.00010497901530470699,0.0
gaussian,146,OMP,optimized,0.0006908810028107837,5.9487021644599736e-05,3.9756036130711436e-05,0.0002849039883585647,8.949797484092414e-05,0.0001363519550068304
gaussian,147,OMP,baseline,0.001168866001535207,7.591399480588734e-05,0.00011688302038237453,0.0004544069815892726,0.00010387400106992573,0.0
gaussian,147,OMP,optimized,0.0008111630013445392,7.422702037729323e-05,4.096496559213847e-05,0.00032660100259818137,9.726799908094108e-05,0.0001804269995773211
gaussian,148,OMP,baseline,0.0011437630018917844,7.22470140317455e-05,0.00011127701145596802,0.00045312503061722964,9.855101234279573e-05,0.0
gaussian,148,OMP,optimized,0.0005821060040034354,5.415799387264997e-05,2.3002969101071358e-05,0.00022598997747991234,7.683502917643636e-05,0.00011927697050850838
gaussian,149,OMP,baseline,0.0010630330070853233,7.588900916744024e-05,0.00010736100375652313,0.0004120849771425128,0.00010079699859488755,0.0
gaussian,149,OMP,optimized,0.0005556299875024706,6.235500040929765e-05,2.2074993466958404e-05,0.00021559395827353,7.271900540217757e-05,0.00011230197560507804
gaussian,150,OMP,baseline,0.0013361509918468073,9.336798393633217e-05,0.00011887199070770293,0.0005401920061558485,0.0001412360288668424,0.0
gaussian,150,OMP,optimized,0.0006117650045780465,6.967598164919764e-05,2.7177025913260877e-05,0.00023835206229705364,7.913597801234573e-05,0.000124051992315799
gaussian,151,OMP,baseline,0.0010668589966371655,7.292495865840465e-05,0.00010759801079984754,0.00042577301792334765,0.00010283496521878988,0.0
gaussian,151,OMP,optimized,0.0006940599996596575,7.075699977576733e-05,2.6066976715810597e-05,0.00026617597904987633,8.634898404125124e-05,0.00015513499965891242
gaussian,152,OMP,baseline,0.0011139819980598986,7.864797953516245e-05,0.00011069297033827752,0.0004353929834906012,0.00010979597573168576,0.0
gaussian,152,OMP,optimized,0.0013036099990131333,0.00015115599671844393,5.386403063312173e-05,0.0005098389665363356,0.0001758220314513892,0.0002648499939823523
gaussian,153,OMP,baseline,0.002030374002060853,0.00013665300502907485,0.00021877296967431903,0.0007578079821541905,0.00020502699771896005,0.0
gaussian,153,OMP,optimized,0.0011576460092328489,0.0001221309939865023,5.597503331955522e-05,0.0004613250057445839,0.00016204499115701765,0.00022652199550066143
gaussian,154,OMP,baseline,0.0011445060081314296,7.803001790307462e-05,0.00011395798355806619,0.0004568579752231017,0.00010483998630661517,0.0
gaussian,154,OMP,optimized,0.0005881419929210097,6.386797758750618e-05,2.2818014258518815e-05,0.00022509199334308505,7.668801117688417e-05,0.00011879899830091745
gaussian,155,OMP,baseline,0.0014086440060054883,0.00010471300629433244,0.00012330198660492897,0.0004905890236841515,0.00013424197095446289,0.0
gaussian,155,OMP,optimized,0.0005916330119362101,6.543101335410029e-05,2.391902671661228e-05,0.00023123800929170102,7.65550066716969e-05,0.0001187210000352934
gaussian,156,OMP,baseline,0.001056584995239973,6.899898289702833e-05,0.00012342298578005284,0.0004099280195077881,0.00010051297431346029,0.0
gaussian,156,OMP,optimized,0.0006841510039521381,6.700395897496492e-05,2.56420171353966e-05,0.00028840801678597927,8.672398689668626e-05,0.0001367719960398972
gaussian,157,OMP,baseline,0.0010973080061376095,7.213799108285457e-05,0.00010862898488994688,0.0004355120181571692,0.00010519295756239444,0.0
gaussian,157,OMP,optimized,0.0006281200039666146,7.01789977028966e-05,2.4645982193760574e-05,0.00024529703659936786,8.377499761991203e-05,0.000125338978250511
gaussian,158,OMP,baseline,0.0019737359980354086,0.00012347701704129577,0.0002066919842036441,0.0007671050407225266,0.0001892280124593526,0.0
gaussian,158,OMP,optimized,0.001087662996724248,0.00011639097647275776,4.551000893115997e-05,0.00044086904381401837,0.00015235099999699742,0.00021060698782093823
gaussian,159,OMP,baseline,0.0020480319944908842,0.00013070105342194438,0.00021980900783091784,0.0007977110071806237,0.00019728699408005923,0.0
gaussian,159,OMP,optimized,0.00109640700975433,0.00011909699242096394,4.753099346999079e-05,0.00043073701090179384,0.0001478410413255915,0.00022854600683785975
gaussian,160,OMP,baseline,0.001293641995289363,8.929097384680063e-05,0.00012408802285790443,0.00048569502541795373,0.00014478001685347408,0.0
gaussian,160,OMP,optimized,0.0006357300007948652,6.573002610821277e-05,2.648697409313172e-05,0.00025158598145935684,8.170302317012101e-05,0.0001293880195589736
gaussian,161,OMP,baseline,0.0010818890004884452,7.402901246678084e-05,0.00010600297537166625,0.0004291910008760169,0.00010184901475440711,0.0
gaussian,161,OMP,optimized,0.000563972003874369,6.364300497807562e-05,2.289700205437839e-05,0.00021923400345258415,7.361303141806275e-05,0.00011361598444636911
gaussian,162,OMP,baseline,0.0032096960057970136,0.00021702300000470132,0.00040461900061927736,0.0011794070160249248,0.0003441799490246922,0.0
gaussian,162,OMP,optimized,0.0016282139986287802,0.00017772999126464128,7.160297536756843e-05,0.0006131950503913686,0.00023549703473690897,0.00035575396032072604
gaussian,163,OMP,baseline,0.0010690000053728,7.129802543204278e-05,0.00010536200716160238,0.00042829097947105765,0.00010308199853170663,0.0
gaussian,163,OMP,optimized,0.0006610590062336996,7.765897316858172e-05,2.5196975911967456e-05,0.00023785502708051354,7.789302617311478e-05,0.00014121901767794043
gaussian,164,OMP,baseline,0.0010474320006323978,7.167299918364733e-05,9.921401215251535e-05,0.000422916971729137,9.690095612313598e-05,0.0
gaussian,164,OMP,optimized,0.0005841640086146072,6.344099529087543e-05,2.397802018094808e-05,0.00022469698160421103,8.683698251843452e-05,0.00011514501238707453
gaussian,165,OMP,baseline,0.0012877989938715473,8.721199992578477e-05,0.00012798496754840016,0.0005088309844722971,0.00012028604396618903,0.0
gaussian,165,OMP,optimized,0.0005957329994998872,5.477499507833272e-05,2.4513996322639287e-05,0.00023913898621685803,7.80070258770138e-05,0.00012395299563650042
gaussian,166,OMP,baseline,0.0010775980044854805,6.200096686370671e-05,0.0001091220328817144,0.0004427899984875694,9.71400149865076e-05,0.0
gaussian,166,OMP,optimized,0.0019475459994282573,0.00020116296946071088,8.214796253014356e-05,0.0007117129425751045,0.00028247701993677765,0.00043815896788146347
gaussian,167,OMP,baseline,0.0015194250008789822,0.00011515803635120392,0.00017483600822743028,0.000539579035830684,0.00019229899044148624,0.0
gaussian,167,OMP,optimized,0.0006824299925938249,7.724500028416514e-05,2.6972033083438873e-05,0.00027205899823457,8.675901335664093e-05,0.0001378920569550246
gaussian,168,OMP,baseline,0.0017553270008647814,0.00011351595458108932,0.00018426500901114196,0.0006749649910489097,0.00016072404105216265,0.0
gaussian,168,OMP,optimized,0.0012977999867871404,0.00012502504978328943,5.1658003940247e-05,0.0005335179739631712,0.00018050899961963296,0.00024280394427478313
gaussian,169,OMP,baseline,0.0011546890018507838,7.34770146664232e-05,0.00011261002509854734,0.0004519409849308431,0.0001214600051753223,0.0
gaussian,169,OMP,optimized,0.0010677980026230216,0.00013709298218600452,3.9980048313736916e-05,0.00043758496758528054,0.00014142502914182842,0.00018212503346148878
gaussian,170,OMP,baseline,0.0013342659949557856,0.00014137101243250072,0.0001316499983659014,0.0004877640021732077,0.00012675397738348693,0.0
gaussian,170,OMP,optimized,0.0007196989899966866,7.266098691616207e-05,2.7229994884692132e-05,0.0002691429835977033,8.349299605470151e-05,0.00014841898519080132
gaussian,171,OMP,baseline,0.0014426239940803498,8.878394146449864e-05,0.00019217604130972177,0.0005442840629257262,0.0001400540058966726,0.0
gaussian,171,OMP,optimized,0.0006701429956592619,6.592401769012213e-05,3.339000977575779e-05,0.00026776103186421096,9.627900726627558e-05,0.00012470396177377552
gaussian,172,OMP,baseline,0.0010894900042330846,6.696095806546509e-05,0.00010575397755019367,0.00042413698974996805,9.70630208030343e-05,0.0
gaussian,172,OMP,optimized,0.0006211840081959963,5.555502139031887e-05,2.4101012968458235e-05,0.0002584639878477901,7.913702575024217e-05,0.0001192930358229205
gaussian,173,OMP,baseline,0.0012358800013316795,8.354295277968049e-05,0.00011141097638756037,0.00045698595931753516,0.00017752303392626345,0.0
gaussian,173,OMP,optimized,0.0006684649997623637,6.999200559221208e-05,3.3239994081668556e-05,0.00023930899624247104,8.288708340842277e-05,0.00012265400437172502
gaussian,174,OMP,baseline,0.0011125000019092113,6.405601743608713e-05,0.00010560898226685822,0.0004604399873642251,9.839395352173597e-05,0.0
gaussian,174,OMP,optimized,0.000590484996791929,5.711799894925207e-05,2.3028987925499678e-05,0.0002344999520573765,7.782196917105466e-05,0.0001213540235767141
gaussian,175,OMP,baseline,0.001096708991099149,7.328801439143717e-05,0.00010436898446641862,0.0004530139995040372,0.00010122799722012132,0.0
gaussian,175,OMP,optimized,0.0007561700040241703,7.95860105426982e-05,0.00010510497668292373,0.0002487909951014444,8.480099495500326e-05,0.00013278800179250538
gaussian,176,OMP,baseline,0.00119687600817997,6.766301521565765e-05,0.0001474190066801384,0.00045523095468524843,0.00011682500189635903,0.0
gaussian,176,OMP,optimized,0.0006084150081733242,5.460997635964304e-05,3.068402293138206e-05,0.00024109000514727086,8.224097837228328e-05,0.00012199800403323025
gaussian,177,OMP,baseline,0.001068152007064782,7.511102012358606e-05,0.00011729499965440482,0.00040908502705860883,0.00010550896695349365,0.0
gaussian,177,OMP,optimized,0.001046794990543276,0.0001299110008403659,4.8775997129268944e-05,0.00035668796044774354,0.00011677901784423739,0.0002762709918897599
gaussian,178,OMP,baseline,0.0009920830052578822,6.023894820827991e-05,9.977300942409784e-05,0.0004016019811388105,8.881000394467264e-05,0.0
gaussian,178,OMP,optimized,0.0005911569896852598,5.5935990530997515e-05,2.3952990886755288e-05,0.0002214270061813295,9.86729864962399e-05,0.00011584899039007723
gaussian,179,OMP,baseline,0.0010512329899938777,7.287996413651854e-05,0.0001009139814414084,0.0004185850266367197,0.00010038599430117756,0.0
gaussian,179,OMP,optimized,0.0008508110040565953,8.212603279389441e-05,3.662999370135367e-05,0.00040105202060658485,0.0001028229744406417,0.0001391990081174299
gaussian,180,OMP,baseline,0.001093220998882316,6.811202911194414e-05,0.00010562202078290284,0.00042398898222018033,0.00011265397188253701,0.0
gaussian,180,OMP,optimized,0.0005866350111318752,5.848499131388962e-05,2.368200512137264e-05,0.00022431999968830496,7.800602179486305e-05,0.00012877699919044971
gaussian,181,OMP,baseline,0.001733718003379181,0.00010925099195446819,0.00015408499166369438,0.0006938090082257986,0.00019571797747630626,0.0
gaussian,181,OMP,optimized,0.0006671559967799112,7.305397593881935e-05,2.6935013011097908e-05,0.00024777898215688765,8.460802200715989e-05,0.00014366603863891214
gaussian,182,OMP,baseline,0.001019251998513937,6.619398482143879e-05,0.00010180301615037024,0.0003925700002582744,9.076102287508547e-05,0.0
gaussian,182,OMP,optimized,0.0006274249899433926,5.5289012379944324e-05,2.2820982849225402e-05,0.00022344000171869993,7.786703645251691e-05,0.00016580002557020634
gaussian,183,OMP,baseline,0.001875466012279503,0.00010744397877715528,0.00013867596862837672,0.000719223971827887,0.00016922999930102378,0.0
gaussian,183,OMP,optimized,0.0011918329983018339,0.00016391401004511863,8.190899097826332e-05,0.00048619203153066337,0.00013195097562856972,0.00020592297369148582
gaussian,184,OMP,baseline,0.0011889750021509826,6.857397966086864e-05,0.00011109000479336828,0.00045669097744394094,0.00015455999528057873,0.0
gaussian,184,OMP,optimized,0.0006236079934751615,5.549397610593587e-05,2.385299012530595e-05,0.00024007598403841257,0.00010319700231775641,0.00012279499787837267
gaussian,185,OMP,baseline,0.0011715859873220325,7.9789970186539e-05,0.00011571003415156156,0.00046910699165891856,0.00011115201050415635,0.0
gaussian,185,OMP,optimized,0.0006392310024239123,6.622899672947824e-05,2.3349959519691765e-05,0.00023743695055600256,7.985201955307275e-05,0.00012011697981506586
gaussian,186,OMP,baseline,0.001064465002855286,6.529396341647953e-05,0.00010379299055784941,0.00043130299309268594,9.569000394549221e-05,0.0
gaussian,186,OMP,optimized,0.0005736129969591275,5.515798693522811e-05,2.275897713843733e-05,0.00022604303376283497,7.731904042884707e-05,0.00011884701962117106
gaussian,187,OMP,baseline,0.0012144880020059645,9.48610104387626e-05,0.00012033703387714922,0.00047427299432456493,0.00011105700104963034,0.0
gaussian,187,OMP,optimized,0.0006557300075655803,7.222096610348672e-05,2.780499926302582e-05,0.00026685302145779133,8.686399087309837e-05,0.00012823802535422146
gaussian,188,OMP,baseline,0.0010767689964268357,7.248796464409679e-05,0.00010285506141372025,0.00042498896073084325,0.0001007659884635359,0.0
gaussian,188,OMP,optimized,0.0005434510094346479,6.089296948630363e-05,2.1785017452202737e-05,0.0002103859733324498,7.187102164607495e-05,0.00010892799764405936
gaussian,189,OMP,baseline,0.001193453004816547,9.062104800250381e-05,0.00011810399882961065,0.0004450459382496774,0.00012150699330959469,0.0
gaussian,189,OMP,optimized,0.0007073140004649758,6.610699347220361e-05,2.903499989770353e-05,0.00029002998780924827,8.912400517147034e-05,0.00013438901805784553
gaussian,190,OMP,baseline,0.0012250300060259178,7.139197259675711e-05,0.00012934199185110629,0.0004416650190250948,0.0001299050054512918,0.0
gaussian,190,OMP,optimized,0.000574246994801797,5.847995635122061e-05,2.1360974642448127e-05,0.000215909953112714,7.297300908248872e-05,0.0001120369415730238
gaussian,191,OMP,baseline,0.0012962520122528076,8.811398583929986e-05,0.00011676402937155217,0.00046835796092636883,0.00011176303087268025,0.0
gaussian,191,OMP,optimized,0.0011852310126414523,0.00012364800204522908,4.82660107081756e-05,0.0004562069952953607,0.0001783370244083926,0.00024171298719011247
gaussian,192,OMP,baseline,0.0021151969995116815,0.00012919396976940334,0.0002253140410175547,0.0008295220031868666,0.00020779405895154923,0.0
gaussian,192,OMP,optimized,0.0012037069973303005,0.00011063604324590415,5.168600182514638e-05,0.0004477589827729389,0.00016792099631857127,0.00027245303499512374
gaussian,193,OMP,baseline,0.0019992059969808906,0.00012887699995189905,0.0002145179605577141,0.0007759589789202437,0.00019930799317080528,0.0
gaussian,193,OMP,optimized,0.0011849000002257526,0.00010652298806235194,4.928899579681456e-05,0.00044631195487454534,0.00020248096552677453,0.0002447019942337647
gaussian,194,OMP,baseline,0.001973102000192739,0.00015645302482880652,0.00035233297967351973,0.000658222968922928,0.00018755998462438583,0.0
gaussian,194,OMP,optimized,0.0006034309917595237,6.438599666580558e-05,2.4809982278384268e-05,0.00023402899387292564,7.833004929125309e-05,0.00012404898006934673
gaussian,195,OMP,baseline,0.0010568970028543845,7.017505413386971e-05,0.00010084202222060412,0.0004256750107742846,0.00010367698268964887,0.0
gaussian,195,OMP,optimized,0.0005744419904658571,6.486896018031985e-05,2.1485029719769955e-05,0.00022718498075846583,7.538303907494992e-05,0.00011274802091065794
gaussian,196,OMP,baseline,0.0011791750002885237,7.56299850763753e-05,0.0001607189915375784,0.0004279349814169109,0.00012481099111028016,0.0
gaussian,196,OMP,optimized,0.0007123359973775223,8.105195593088865e-05,3.078203008044511e-05,0.0002650440437719226,9.134299762081355e-05,0.00015330298629123718
gaussian,197,OMP,baseline,0.001118610001867637,7.505396206397563e-05,0.00011917100346181542,0.0004385350184747949,0.00010650599142536521,0.0
gaussian,197,OMP,optimized,0.0006075819983379915,6.398596451617777e-05,2.3569053155370057e-05,0.00024161100736819208,8.69140203576535e-05,0.00011753100261557847
gaussian,198,OMP,baseline,0.0010482770012458786,6.45189720671624e-05,0.00010169099550694227,0.0004125790437683463,9.296198550146073e-05,0.0
gaussian,198,OMP,optimized,0.0005824390100315213,5.719397449865937e-05,2.5765984901227057e-05,0.00022755897953175008,7.245701272040606e-05,0.0001227459724759683
gaussian,199,OMP,baseline,0.0010308860073564574,7.301000005099922e-05,9.995797881856561e-05,0.0004036699829157442,0.00010098003258462995,0.0
gaussian,199,OMP,optimized,0.0005888989981031045,6.386100722011179e-05,2.2240958060137928e-05,0.0002217240398749709,7.255701348185539e-05,0.00011320099292788655
gaussian,200,OMP,baseline,0.0011613710084930062,7.02890392858535e-05,0.00011287802772130817,0.0004932110023219138,0.00010954595927614719,0.0
gaussian,200,OMP,optimized,0.000648179993731901,6.36289914837107e-05,2.5389017537236214e-05,0.00026874797185882926,8.405701373703778e-05,0.0001256219984497875
gaussian,201,OMP,baseline,0.002351734001422301,0.00015375000657513738,0.00026017897471319884,0.000837874977150932,0.00021466998441610485,0.0
gaussian,201,OMP,optimized,0.0005662379990098998,6.20469800196588e-05,2.292399585712701e-05,0.00022232400078792125,7.328503124881536e-05,0.00011332101712469012
gaussian,202,OMP,baseline,0.001022074997308664,6.195798050612211e-05,0.00011307801469229162,0.0004022639768663794,9.736606443766505e-05,0.0
gaussian,202,OMP,optimized,0.0005827139975735918,5.612903623841703e-05,2.792502345982939e-05,0.00022295198868960142,7.653796637896448e-05,0.0001304199977312237
gaussian,203,OMP,baseline,0.0011277489975327626,8.103200525511056e-05,0.00010933500016108155,0.0004237810062477365,0.00010484803351573646,0.0
gaussian,203,OMP,optimized,0.0005657939909724519,6.348495662678033e-05,2.2125968826003373e-05,0.00021898002887610346,7.491503492929041e-05,0.00011219401494599879
gaussian,204,OMP,baseline,0.0014539249968947843,9.045400656759739e-05,0.00016274000518023968,0.0005392029997892678,0.0001292520173592493,0.0
gaussian,204,OMP,optimized,0.000614233998931013,5.7120982091873884e-05,2.4294000468216836e-05,0.0002341290091862902,9.579995821695775e-05,0.00012249000428710133
gaussian,205,OMP,baseline,0.0011557070101844147,9.730999590829015e-05,0.00011337002797517926,0.0004378839657874778,0.00010906500392593443,0.0
gaussian,205,OMP,optimized,0.0006166899984236807,6.538796878885478e-05,2.9354981961660087e-05,0.00023564203002024442,7.685297168791294e-05,0.00013312303053680807
gaussian,206,OMP,baseline,0.0010298769921064377,6.538598972838372e-05,0.00010044800001196563,0.00040232096216641366,8.764000085648149e-05,0.0
gaussian,206,OMP,optimized,0.0006116309959907085,5.454600614029914e-05,2.292399585712701e-05,0.0002334860182600096,7.608698797412217e-05,0.00014878300135023892
gaussian,207,OMP,baseline,0.0013159110094420612,9.533397678751498e-05,0.00012600707123056054,0.0004773499967996031,0.00012153103307355195,0.0
gaussian,207,OMP,optimized,0.000655775991617702,7.165501301642507e-05,2.948800101876259e-05,0.0002656310243764892,8.390296716243029e-05,0.0001235450035892427
gaussian,208,OMP,baseline,0.0010738970013335347,8.620605512987822e-05,0.00011277700832579285,0.000413818983361125,0.00010527700942475349,0.0
gaussian,208,OMP,optimized,0.0005680799949914217,6.284499249886721e-05,2.540998684708029e-05,0.00021823201677761972,7.349002407863736e-05,0.00011560297571122646
gaussian,209,OMP,baseline,0.0010779339936561882,6.295098864939064e-05,0.00010306501644663513,0.0004442620411282405,9.911898814607412e-05,0.0
gaussian,209,OMP,optimized,0.0005890040047233924,5.369400605559349e-05,2.2784966859035194e-05,0.00024073198437690735,7.809398812241852e-05,0.00011624100443441421
gaussian,210,OMP,baseline,0.0010138429934158921,6.341202242765576e-05,0.00010286297765560448,0.00040514599822927266,9.013999078888446e-05,0.0
gaussian,210,OMP,optimized,0.0006356959929689765,6.057402060832828e-05,2.3118991521187127e-05,0.0002456570218782872,0.0001020069612422958,0.00012697302736341953
gaussian,211,OMP,baseline,0.0011435960041126236,7.070499123074114e-05,0.00011740699119400233,0.00045590801164507866,9.682303061708808e-05,0.0
gaussian,211,OMP,optimized,0.0006010119977872819,5.5033990065567195e-05,2.4358974769711494e-05,0.0002278949978062883,7.609798922203481e-05,0.00013255799422040582
gaussian,212,OMP,baseline,0.0010305820032954216,6.214197492226958e-05,0.00010355300037190318,0.00041559299279469997,9.516994759906083e-05,0.0
gaussian,212,OMP,optimized,0.000536660008947365,5.194898403715342e-05,2.0651990780606866e-05,0.00021278596250340343,7.1907983510755e-05,0.00010877002205234021
gaussian,213,OMP,baseline,0.0009959309973055497,6.107402441557497e-05,9.831698844209313e-05,0.00039416601066477597,9.205103560816497e-05,0.0
gaussian,213,OMP,optimized,0.0005955649976385757,5.22949849255383e-05,2.35030020121485e-05,0.0002431989851174876,8.021402754820883e-05,0.00011722299677785486
gaussian,214,OMP,baseline,0.0010609070013742894,6.502005271613598e-05,0.00010438797471579164,0.00043334598012734205,9.783504356164485e-05,0.0
gaussian,214,OMP,optimized,0.0005580020078923553,5.399997462518513e-05,2.2909967810846865e-05,0.00022268100292421877,7.347101927734911e-05,0.00011231999087613076
gaussian,215,OMP,baseline,0.0011055820068577304,6.485998164862394e-05,0.00011390999134164304,0.00045397096255328506,0.0001008740218821913,0.0
gaussian,215,OMP,optimized,0.0005367980047594756,5.5009033530950546e-05,2.114300150424242e-05,0.0002107099862769246,7.062000804580748e-05,0.00011021200043614954
gaussian,216,OMP,baseline,0.0012953840050613508,8.618700667284429e-05,0.0001283739838982001,0.00048243897617794573,0.00013069401029497385,0.0
gaussian,216,OMP,optimized,0.0006965970096644014,6.15489698247984e-05,2.7254034648649395e-05,0.0003038560244021937,8.536101086065173e-05,0.00012938700092490762
gaussian,217,OMP,baseline,0.0010875970037886873,6.711197784170508e-05,0.00010721101716626436,0.00043516705045476556,9.549599781166762e-05,0.0
gaussian,217,OMP,optimized,0.000592878001043573,5.6258009863086045e-05,2.3367989342659712e-05,0.00023354297445621341,7.922999793663621e-05,0.00012130101094953716
gaussian,218,OMP,baseline,0.001115673003369011,6.92650064593181e-05,0.00010945400572381914,0.00045270996633917093,0.00010352596291340888,0.0
gaussian,218,OMP,optimized,0.0006272389873629436,6.45410327706486e-05,2.5897985324263573e-05,0.00024903602025005966,8.382000669371337e-05,0.0001258029806194827
gaussian,219,OMP,baseline,0.0011795500031439587,7.049800478853285e-05,0.00011774298036471009,0.0004721800214610994,0.0001077349588740617,0.0
gaussian,219,OMP,optimized,0.0006154279981274158,5.6901961215771735e-05,2.3819011403247714e-05,0.00025182600074913353,8.175798575393856e-05,0.0001226869790116325
gaussian,220,OMP,baseline,0.001090010002371855,6.888204370625317e-05,0.00010793899127747864,0.00042216099973302335,0.0001024650118779391,0.0
gaussian,220,OMP,optimized,0.0007245150045491755,6.674902397207916e-05,2.7418980607762933e-05,0.0003215120086679235,8.994602831080556e-05,0.00013355002738535404
gaussian,221,OMP,baseline,0.002271900011692196,0.00013827899238094687,0.00025463299243710935,0.0008410929731326178,0.00023573898943141103,0.0
gaussian,221,OMP,optimized,0.001164010987849906,0.00010498397750779986,5.091898492537439e-05,0.0004568750300677493,0.00018716300837695599,0.00022894403082318604
gaussian,222,OMP,baseline,0.0011196749983355403,6.860203575342894e-05,0.00010893300350289792,0.00044387998059391975,0.00010168600420001894,0.0
gaussian,222,OMP,optimized,0.0006488470098702237,5.9936020988970995e-05,4.298501880839467e-05,0.00024627796665299684,7.925104000605643e-05,0.00013955900794826448
gaussian,223,OMP,baseline,0.0011221390013815835,7.806297799106687e-05,0.00011394702596589923,0.00042338699859101325,0.00011672102846205235,0.0
gaussian,223,OMP,optimized,0.0005953239888185635,5.2306000725366175e-05,2.1899017156101763e-05,0.0002536350075388327,8.303900540340692e-05,0.00011289601388853043
gaussian,224,OMP,baseline,0.0010512769949855283,6.374799704644829e-05,0.00012018895358778536,0.00041297903226222843,9.646598482504487e-05,0.0
gaussian,224,OMP,optimized,0.0006229400023585185,6.0287013184279203e-05,2.4269975256174803e-05,0.0002497770037734881,8.380600775126368e-05,0.00012314696505200118
gaussian,225,OMP,baseline,0.0011242199980188161,7.024196384008974e-05,0.0001095030311262235,0.0004442430072231218,9.887601481750607e-05,0.0
gaussian,225,OMP,optimized,0.000583874003496021,5.439500091597438e-05,3.1624993425793946e-05,0.00023138099641073495,7.64149590395391e-05,0.00011798900959547609
gaussian,226,OMP,baseline,0.0017972269997699186,0.00013446103548631072,0.00019387197971809655,0.0005903809651499614,0.00014042100519873202,0.0
gaussian,226,OMP,optimized,0.0006464189937105402,8.004499250091612e-05,2.5485947844572365e-05,0.0002367020060773939,8.121099381241947e-05,0.00012219700147397816
gaussian,227,OMP,baseline,0.001016041002003476,6.451898661907762e-05,0.00010276898683514446,0.00040386401815339923,9.084900375455618e-05,0.0
gaussian,227,OMP,optimized,0.0006830380007158965,5.784098175354302e-05,2.6892972528003156e-05,0.00025273799838032573,0.00010295298125129193,0.0001608680177014321
gaussian,228,OMP,baseline,0.0010312999947927892,6.0310965636745095e-05,0.00010160297097172588,0.0004201519914204255,9.224300447385758e-05,0.0
gaussian,228,OMP,optimized,0.0005518200050573796,5.253101699054241e-05,2.252099511679262e-05,0.00022169701696839184,7.43609998608008e-05,0.00011208099022042006
gaussian,229,OMP,baseline,0.0010484480008017272,6.296198989730328e-05,0.00010382501932326704,0.00042377000499982387,9.68040112638846e-05,0.0
gaussian,229,OMP,optimized,0.000572921009734273,5.3293988457880914e-05,2.251796831842512e-05,0.00023320098989643157,7.911599823273718e-05,0.0001127920113503933
gaussian,230,OMP,baseline,0.0010856209992198274,7.59959511924535e-05,0.00010497201583348215,0.0004413809801917523,0.00010676898818928748,0.0
gaussian,230,OMP,optimized,0.0008456689974991605,0.00010524000390432775,3.5189950722269714e-05,0.00032237406412605196,0.00011383704259060323,0.00017820598441176116
gaussian,231,OMP,baseline,0.001140322012361139,7.092200394254178e-05,0.00011071701010223478,0.0004667509929277003,0.00010772398672997952,0.0
gaussian,231,OMP,optimized,0.000624225998762995,5.830499867442995e-05,3.207098052371293e-05,0.00023778305330779403,8.097900717984885e-05,0.00012200197670608759
gaussian,232,OMP,baseline,0.0010771969973575324,6.644897803198546e-05,0.0001047060068231076,0.000420008014771156,8.932399214245379e-05,0.0
gaussian,232,OMP,optimized,0.0005618639988824725,5.415501073002815e-05,2.1576983272098005e-05,0.0002222439943579957,7.997098146006465e-05,0.00011257101141382009
gaussian,233,OMP,baseline,0.0010649019968695939,7.091100269462913e-05,0.00010157797078136355,0.00041623401921242476,0.00011139600246679038,0.0
gaussian,233,OMP,optimized,0.0005665639910148457,5.468903691507876e-05,2.2070991690270603e-05,0.00022180797532200813,7.728299533482641e-05,0.00011633397662080824
gaussian,234,OMP,baseline,0.0010669030016288161,6.869499338790774e-05,0.00011945101141463965,0.00041219599370379,9.606598177924752e-05,0.0
gaussian,234,OMP,optimized,0.0005491880001500249,5.350598075892776e-05,2.836502972058952e-05,0.00021538497821893543,7.286596519406885e-05,0.00011294997239019722
gaussian,235,OMP,baseline,0.0011949109903071076,7.454202568624169e-05,0.00011326800449751318,0.00043758199899457395,0.0001607559825060889,0.0
gaussian,235,OMP,optimized,0.0005629789957311004,5.39940083399415e-05,2.2276988602243364e-05,0.0002218179579358548,7.486903632525355e-05,0.00011573100346140563
gaussian,236,OMP,baseline,0.001014605993987061,6.348897295538336e-05,0.00010203199053648859,0.00040237599750980735,9.011701331473887e-05,0.0
gaussian,236,OMP,optimized,0.0005617809947580099,5.299500480759889e-05,2.191099338233471e-05,0.00021488899074029177,7.363001350313425e-05,0.00012408797920215875
gaussian,237,OMP,baseline,0.001060964001226239,6.524697528220713e-05,0.00010424197535030544,0.0004120579833397642,9.280901576858014e-05,0.0
gaussian,237,OMP,optimized,0.0006206290127011016,5.5635988246649504e-05,3.72729409718886e-05,0.00024008701439015567,8.054400677792728e-05,0.00011976699170190841
gaussian,238,OMP,baseline,0.0010737599950516596,6.239200592972338e-05,0.00010556602501310408,0.0004413040296640247,9.917397983372211e-05,0.0
gaussian,238,OMP,optimized,0.000662787992041558,5.922601849306375e-05,2.6080029783770442e-05,0.0002620219602249563,9.184499504044652e-05,0.00014155101962387562
gaussian,239,OMP,baseline,0.0010860970069188625,7.18839728506282e-05,0.00010485500388313085,0.00043482698674779385,9.888697240967304e-05,0.0
gaussian,239,OMP,optimized,0.0005422229878604412,5.101297574583441e-05,2.30059667956084e-05,0.00021307397400960326,7.23309931345284e-05,0.00011178999557159841
gaussian,240,OMP,baseline,0.0010662130080163479,6.473298708442599e-05,0.00010844101780094206,0.000422861980041489,9.376599336974323e-05,0.0
gaussian,240,OMP,optimized,0.0006089259986765683,5.40530018042773e-05,2.2779000573791564e-05,0.00023637196864001453,7.864499639254063e-05,0.00013929803390055895
gaussian,241,OMP,baseline,0.0011726200027624145,7.46549922041595e-05,0.00011643300240393728,0.00045557600969914347,0.0001150960597442463,0.0
gaussian,241,OMP,optimized,0.0005588040075963363,5.294101720210165e-05,2.2836975404061377e-05,0.00022185800480656326,7.390599057544023e-05,0.00011628997162915766
gaussian,242,OMP,baseline,0.001025831006700173,6.269599543884397e-05,0.00010245901648886502,0.0004135439812671393,9.246203990187496e-05,0.0
gaussian,242,OMP,optimized,0.0006712359900120646,7.91140046203509e-05,3.988499520346522e-05,0.0002495490334695205,8.647999493405223e-05,0.00013058498734608293
gaussian,243,OMP,baseline,0.0010060209897346795,6.38550118310377e-05,9.990598482545465e-05,0.0004038680053781718,9.317202784586698e-05,0.0
gaussian,243,OMP,optimized,0.0005582830053754151,5.402001261245459e-05,2.233599661849439e-05,0.0002167839847970754,7.43999844416976e-05,0.00011583900777623057
gaussian,244,OMP,baseline,0.001101792004192248,7.202598499134183e-05,0.00010872601706068963,0.00044526996498461813,9.855203097686172e-05,0.0
gaussian,244,OMP,optimized,0.0005878000083612278,5.925202276557684e-05,2.426901482976973e-05,0.0002318290207767859,7.755799742881209e-05,0.0001179750106530264
gaussian,245,OMP,baseline,0.0010474790033185855,6.750799366272986e-05,0.00010296201799064875,0.0004079190257471055,9.153498103842139e-05,0.0
gaussian,245,OMP,optimized,0.0005621729942504317,5.339398921933025e-05,2.274400321766734e-05,0.0002179109724238515,7.280999852810055e-05,0.00011258399172220379
gaussian,246,OMP,baseline,0.0010341870074626058,6.106396904215217e-05,0.00011835098848678172,0.00041045798570849,9.10250237211585e-05,0.0
gaussian,246,OMP,optimized,0.0005887040024390444,5.428398435469717e-05,2.31340090977028e-05,0.00022604198602493852,7.726899639237672e-05,0.00013159797526896
gaussian,247,OMP,baseline,0.0010707809997256845,6.871599180158228e-05,0.00010270797065459192,0.0004222380230203271,0.00010093198216054589,0.0
gaussian,247,OMP,optimized,0.0006088669906603172,5.764300294686109e-05,2.390700683463365e-05,0.0002308119583176449,9.918199793901294e-05,0.00012087495997548103
gaussian,248,OMP,baseline,0.0010358500003349036,6.027499330230057e-05,0.00010341401502955705,0.00042368899448774755,9.371999476570636e-05,0.0
gaussian,248,OMP,optimized,0.0005652389954775572,5.250400863587856e-05,2.2005013306625187e-05,0.0002264740178361535,7.512200681958348e-05,0.00011567499313969165
gaussian,249,OMP,baseline,0.0011929940083064139,7.149601879063994e-05,0.00013381397002376616,0.00047515600454062223,0.0001092080055968836,0.0
gaussian,249,OMP,optimized,0.0006045579939382151,5.929195322096348e-05,2.4931025109253824e-05,0.0002420999517198652,7.820299651939422e-05,0.00012608095130417496
gaussian,250,OMP,baseline,0.0010774319962365553,6.182097422424704e-05,0.00010397000005468726,0.0004305519978515804,9.185099042952061e-05,0.0
gaussian,250,OMP,optimized,0.0005736199964303523,5.588402564171702e-05,2.329201379325241e-05,0.0002286990056745708,7.488898700103164e-05,0.0001166209694929421
gaussian,251,OMP,baseline,0.00232906399469357,0.00017662592290434986,0.0003325129800941795,0.0008374419994652271,0.0002337100013392046,0.0
gaussian,251,OMP,optimized,0.0005551329959416762,5.782503285445273e-05,2.3054933990351856e-05,0.00021793198538944125,7.209001341834664e-05,0.00011320998601149768
gaussian,252,OMP,baseline,0.0010775900009321049,7.078702037688345e-05,0.00011065100261475891,0.0004141010285820812,9.582798520568758e-05,0.0
gaussian,252,OMP,optimized,0.0005875700007891282,5.768798291683197e-05,2.2674023057334125e-05,0.00023428599524777383,7.830194954294711e-05,0.00011825301044154912
gaussian,253,OMP,baseline,0.0011259860038990155,6.634097371716052e-05,0.0001098180073313415,0.0004515989712672308,0.0001028889964800328,0.0
gaussian,253,OMP,optimized,0.0006507119978778064,6.395103991962969e-05,2.6587018510326743e-05,0.0002477350062690675,0.0001031239953590557,0.0001298189745284617
gaussian,254,OMP,baseline,0.0011356909963069484,6.920297164469957e-05,0.00011043701670132577,0.0004393919953145087,0.00010095196194015443,0.0
gaussian,254,OMP,optimized,0.0005601910088444129,5.2777992095798254e-05,2.169197250623256e-05,0.00022389496734831482,7.295700197573751e-05,0.00011767401883844286
gaussian,255,OMP,baseline,0.001052569001330994,7.33439956093207e-05,0.00012012699153274298,0.0004052970034535974,9.878398850560188e-05,0.0
gaussian,255,OMP,optimized,0.0005463859997689724,6.359299004543573e-05,2.1393003407865763e-05,0.00021144605125300586,7.126298442017287e-05,0.00010988103167619556
gaussian,256,OMP,baseline,0.0010970860021188855,7.47920130379498e-05,0.00010307801130693406,0.00044378901657182723,0.00011086201993748546,0.0
gaussian,256,OMP,optimized,0.0005617920105578378,6.353898788802326e-05,2.2694977815262973e-05,0.00021812698105350137,7.308599015232176e-05,0.00011317600728943944
gaussian,257,OMP,baseline,0.0009801859996514395,6.266201671678573e-05,9.77210293058306e-05,0.00039362002280540764,8.594403334427625e-05,0.0
gaussian,257,OMP,optimized,0.0005798810016131029,7.136100612115115e-05,2.2235995857045054e-05,0.00022403198818210512,7.375798304565251e-05,0.00011544096923898906
gaussian,258,OMP,baseline,0.0015722660027677193,9.867802145890892e-05,0.00015453000378329307,0.0006268879806157202,0.00016506199608556926,0.0
gaussian,258,OMP,optimized,0.0012955060083186254,0.00011936201190110296,4.973397881258279e-05,0.0005515810044016689,0.00017420301446691155,0.00021900999126955867
gaussian,259,OMP,baseline,0.000991148001048714,6.242698873393238e-05,9.785099246073514e-05,0.00039831598405726254,9.030602814164013e-05,0.0
gaussian,259,OMP,optimized,0.0005750459968112409,5.44309732504189e-05,2.152098750229925e-05,0.00022219200036488473,7.524903048761189e-05,0.00012843296281062067
gaussian,260,OMP,baseline,0.0012338030064711347,8.330497075803578e-05,0.0001382200134685263,0.0004624240245902911,0.00014031596947461367,0.0
gaussian,260,OMP,optimized,0.00071638599911239,8.396300836466253e-05,2.7247995603829622e-05,0.0002952779905172065,8.845799311529845e-05,0.0001307649799855426
gaussian,261,OMP,baseline,0.0011685640056384727,7.195798389147967e-05,0.00013969898282084614,0.0004608920280588791,0.00010744199971668422,0.0
gaussian,261,OMP,optimized,0.0005432390025816858,5.770099232904613e-05,2.1540006855502725e-05,0.00021678401390090585,7.160499808378518e-05,0.00011058995733037591
gaussian,262,OMP,baseline,0.0013552260061260313,0.00010307498450856656,0.0001245440071215853,0.0005369590362533927,0.00013256698730401695,0.0
gaussian,262,OMP,optimized,0.0006141439953353256,6.812500942032784e-05,2.5039014872163534e-05,0.0002434300258755684,7.690102211199701e-05,0.00012282200623303652
gaussian,263,OMP,baseline,0.0021523609902942553,0.00014045194257050753,0.00023639798746444285,0.0008237699803430587,0.00021292395831551403,0.0
gaussian,263,OMP,optimized,0.0011852720053866506,0.00011141298455186188,5.6549979490228e-05,0.00045614398550242186,0.00016537494957447052,0.00025410302623640746
gaussian,264,OMP,baseline,0.0021740960073657334,0.00014195800758898258,0.00022840000747237355,0.000795279978774488,0.00021247396944090724,0.0
gaussian,264,OMP,optimized,0.0011548909969860688,0.00010867095261346549,4.8035013605840504e-05,0.0004613170021912083,0.0001630269835004583,0.00022644900309387594
gaussian,265,OMP,baseline,0.001112255995394662,6.96859642630443e-05,0.00011067396553698927,0.00044109500595368445,9.877902630250901e-05,0.0
gaussian,265,OMP,optimized,0.0006056370039004833,5.604297621175647e-05,2.393800241407007e-05,0.00022664901916868985,9.747598960530013e-05,0.00012916603009216487
gaussian,266,OMP,baseline,0.0009973699925467372,7.00699893059209e-05,9.660700743552297e-05,0.0003921469615306705,9.512696124147624e-05,0.0
gaussian,266,OMP,optimized,0.0005889429885428399,7.857498712837696e-05,2.4848952307365835e-05,0.00022103394439909607,7.43950076866895e-05,0.00011726401862688363
gaussian,267,OMP,baseline,0.0011563750013010576,7.901599747128785e-05,0.00011521899432409555,0.00044070604781154543,0.00010220403783023357,0.0
gaussian,267,OMP,optimized,0.0007027490064501762,6.822599971201271e-05,2.8399008442647755e-05,0.00027906999457627535,9.180299821309745e-05,0.00014205097977537662
gaussian,268,OMP,baseline,0.001089220997528173,7.467601972166449e-05,0.00010430897236801684,0.0004268639750080183,0.00010498694609850645,0.0
gaussian,268,OMP,optimized,0.0006133790011517704,6.592998397536576e-05,2.313598815817386e-05,0.00023408900597132742,8.084198634605855e-05,0.00013516501348931342
gaussian,269,OMP,baseline,0.001095091996830888,6.834598025307059e-05,0.00010619500244501978,0.0004252150101820007,9.606897947378457e-05,0.0
gaussian,269,OMP,optimized,0.0005839179939357564,5.646797944791615e-05,3.1957970350049436e-05,0.00022403102775570005,7.696001557633281e-05,0.00011548698239494115
gaussian,270,OMP,baseline,0.0011609200009843335,8.13700316939503e-05,0.00010697705147322267,0.00046711499453522265,0.00011470199387986213,0.0
gaussian,270,OMP,optimized,0.0005593630048679188,6.225700781214982e-05,2.0959021640010178e-05,0.00021737898350693285,7.029301195871085e-05,0.0001188199530588463
gaussian,271,OMP,baseline,0.0025557589979143813,0.00017446003039367497,0.0003468169888947159,0.0008896769868442789,0.0002652810071595013,0.0
gaussian,271,OMP,optimized,0.0010439670004416257,0.00010423094499856234,4.389198147691786e-05,0.00035835699236486107,0.00023462199897039682,0.0001937249762704596
gaussian,272,OMP,baseline,0.001044556003762409,7.67270103096962e-05,9.995403524953872e-05,0.0004091190203325823,0.00010405901412013918,0.0
gaussian,272,OMP,optimized,0.0005503680004039779,6.0646983911283314e-05,2.5825982447713614e-05,0.00021401001140475273,7.07409781171009e-05,0.00011473000631667674
gaussian,273,OMP,baseline,0.0010614540078677237,6.735598435625434e-05,0.00010483605728950351,0.00043239802471362054,9.591400157660246e-05,0.0
gaussian,273,OMP,optimized,0.0006005019968142733,5.847700231242925e-05,2.3683998733758926e-05,0.00022296200040727854,8.939695544540882e-05,0.000119030024507083
gaussian,274,OMP,baseline,0.0011866120039485395,9.514097473584116e-05,0.00011386797996237874,0.0004619790270226076,0.0001188269816339016,0.0
gaussian,274,OMP,optimized,0.0005608869978459552,6.170400592964143e-05,2.1632033167406917e-05,0.00022562398226000369,7.216098310891539e-05,0.00011175396502949297
gaussian,275,OMP,baseline,0.001299711992032826,7.849899702705443e-05,0.0001629899925319478,0.0004969599976902828,0.00011875896598212421,0.0
gaussian,275,OMP,optimized,0.000713487999746576,6.6654960392043e-05,4.3670006562024355e-05,0.0002766740071820095,9.093798871617764e-05,0.0001439829939045012
gaussian,276,OMP,baseline,0.0022700270055793226,0.0001473490265198052,0.00023535304353572428,0.0008668630034662783,0.0002272500132676214,0.0
gaussian,276,OMP,optimized,0.001162159998784773,0.00011810199066530913,7.846903463359922e-05,0.0004497640038607642,0.0001590380270499736,0.0002258620224893093
gaussian,277,OMP,baseline,0.0022295829985523596,0.00015582000196445733,0.00021895300596952438,0.0008362590451724827,0.00021417895914055407,0.0
gaussian,277,OMP,optimized,0.001001283002551645,9.421200957149267e-05,4.314798570703715e-05,0.0003989809920312837,0.00014090201875660568,0.0002002709952648729
gaussian,278,OMP,baseline,0.0022724690061295405,0.0001401350018568337,0.00023825105745345354,0.0009112489933613688,0.00021996900613885373,0.0
gaussian,278,OMP,optimized,0.0012203630030853674,0.00011462694965302944,5.553702067118138e-05,0.00048283301293849945,0.00017456800560466945,0.00026164003065787256
gaussian,279,OMP,baseline,0.001075874999514781,6.527100049424917e-05,0.00010624899005051702,0.0004365149652585387,0.0001000070187728852,0.0
gaussian,279,OMP,optimized,0.0006605899980058894,6.155799201223999e-05,2.5452012778259814e-05,0.00027763696562033147,8.739097393117845e-05,0.0001276739640161395
gaussian,280,OMP,baseline,0.001166196001577191,8.418102515861392e-05,0.00011452603212092072,0.00045066000893712044,0.00011525797890499234,0.0
gaussian,280,OMP,optimized,0.0010269280028296635,8.665201312396675e-05,3.396999090909958e-05,0.0003385090094525367,0.00012056098785251379,0.00031260399555321783
gaussian,281,OMP,baseline,0.0022261410049395636,0.00014295197615865618,0.0002350690047023818,0.0008350860152859241,0.00021150098473299295,0.0
gaussian,281,OMP,optimized,0.0013445660006254911,0.00010655799997039139,8.224898192565888e-05,0.0005218829755904153,0.00019952999718952924,0.0002777170157060027
gaussian,282,OMP,baseline,0.0010757209965959191,7.497804472222924e-05,0.00010189604654442519,0.0004326480266172439,0.00011043502308893949,0.0
gaussian,282,OMP,optimized,0.0005893679917789996,7.539497164543718e-05,2.4088003556244075e-05,0.00022137098130770028,7.461897621396929e-05,0.00012158101890236139
gaussian,283,OMP,baseline,0.0010419159953016788,6.913802644703537e-05,0.00010224396828562021,0.0004169839958194643,0.00010099202336277813,0.0
gaussian,283,OMP,optimized,0.000570177988265641,5.898300150875002e-05,2.425600541755557e-05,0.00022709302720613778,7.486699905712157e-05,0.00011496398656163365
gaussian,284,OMP,baseline,0.0011640980083029717,8.102896390482783e-05,0.00011178202112205327,0.00045827905705664307,0.00011679501039907336,0.0
gaussian,284,OMP,optimized,0.000618303005467169,7.94869993114844e-05,3.017799463123083e-05,0.00022921504569239914,7.858496974222362e-05,0.0001227679749717936
gaussian,285,OMP,baseline,0.002008715004194528,0.00012335303472355008,0.00018304900731891394,0.0007775270350975916,0.00022080498456489295,0.0
gaussian,285,OMP,optimized,0.0011748880060622469,0.0001073340536095202,5.311000859364867e-05,0.0004541480011539534,0.00016623601550236344,0.00023712699476163834
gaussian,286,OMP,baseline,0.002176429989049211,0.00014009402366355062,0.00022746503236703575,0.0008015459461603314,0.0002139340213034302,0.0
gaussian,286,OMP,optimized,0.0011662309989333153,0.00011424798867665231,5.1592011004686356e-05,0.0004456609894987196,0.00016815800336189568,0.00023535398941021413
gaussian,287,OMP,baseline,0.0021833659993717447,0.0001418559841113165,0.0002298960171174258,0.0008378610073123127,0.0002218460285803303,0.0
gaussian,287,OMP,optimized,0.0011879739904543385,0.00012742097896989435,5.98369661020115e-05,0.00045673700515180826,0.0001671569625614211,0.00023929601593408734
gaussian,288,OMP,baseline,0.0010933529993053526,7.584098784718663e-05,0.00012774401693604887,0.00042184899211861193,0.0001049749698722735,0.0
gaussian,288,OMP,optimized,0.0005712889978894964,6.873501115478575e-05,2.2065010853111744e-05,0.00021902300068177283,7.291701331268996e-05,0.00011729497055057436
gaussian,289,OMP,baseline,0.001231639995239675,7.401201582979411e-05,0.00011734799772966653,0.0004951539740432054,0.00013165899144951254,0.0
gaussian,289,OMP,optimized,0.0006710279994877055,8.849799633026123e-05,2.4694993044249713e-05,0.00024143102928064764,8.639701991342008e-05,0.00013208303425926715
gaussian,290,OMP,baseline,0.0010722920123953372,7.573598122689873e-05,0.00010252805077470839,0.0004083370149601251,0.00011877396900672466,0.0
gaussian,290,OMP,optimized,0.0005540589918382466,6.169699190650135e-05,2.393299655523151e-05,0.000215490028494969,7.166599971242249e-05,0.00011060197721235454
gaussian,291,OMP,baseline,0.00102040299680084,6.604398367926478e-05,0.00010027099051512778,0.0003975999861722812,9.263101674150676e-05,0.0
gaussian,291,OMP,optimized,0.0006051710079191253,5.293995491228998e-05,2.303501241840422e-05,0.00022918099421076477,7.936602924019098e-05,0.00014663301408290863
gaussian,292,OMP,baseline,0.0011186729971086606,7.590897439513355e-05,0.0001262170117115602,0.00042765805847011507,0.00010638896492309868,0.0
gaussian,292,OMP,optimized,0.0005590700020547956,6.165601371321827e-05,2.25569965550676e-05,0.0002193340624216944,7.305300096049905e-05,0.0001113920152420178
gaussian,293,OMP,baseline,0.0010474260052433237,7.30860629118979e-05,0.00010433897841721773,0.00040566304232925177,0.00010767403000500053,0.0
gaussian,293,OMP,optimized,0.0006101509934524074,6.399197445716709e-05,2.4666995159350336e-05,0.0002443280245643109,7.913894660305232e-05,0.00011877997894771397
gaussian,294,OMP,baseline,0.0011700629984261468,0.00010964201646856964,0.0001196750090457499,0.0004503139789449051,0.00010873601422645152,0.0
gaussian,294,OMP,optimized,0.000639208999928087,6.622800719924271e-05,2.5321001885458827e-05,0.0002524129959056154,7.974797335918993e-05,0.0001377300068270415
gaussian,295,OMP,baseline,0.0010755819967016578,0.00010489999840501696,0.00010590000601951033,0.000410627995734103,9.880898869596422e-05,0.0
gaussian,295,OMP,optimized,0.0005906139995204285,6.245197437237948e-05,2.2724008886143565e-05,0.00023778900504112244,7.82729621278122e-05,0.00011434803309384733
gaussian,296,OMP,baseline,0.001172263000626117,8.025098941288888e-05,0.0001378139859298244,0.0004529060242930427,0.0001115360064432025,0.0
gaussian,296,OMP,optimized,0.0005651450046570972,6.50179572403431e-05,2.184702316299081e-05,0.00022200403327587992,7.281597936525941e-05,0.00011184198956470937
gaussian,297,OMP,baseline,0.0010267899924656376,7.275599637068808e-05,0.00010014393774326891,0.00041139000677503645,9.750197932589799e-05,0.0
gaussian,297,OMP,optimized,0.0005514689983101562,6.317801307886839e-05,2.0918043446727097e-05,0.0002136699913535267,7.234697113744915e-05,0.00010950899741146713
gaussian,298,OMP,baseline,0.001074081999831833,7.444301445502788e-05,0.00010212103370577097,0.0004315330006647855,0.00010399999155197293,0.0
gaussian,298,OMP,optimized,0.0005491669871844351,6.112597475294024e-05,2.2766005713492632e-05,0.00021511802333407104,7.282603473868221e-05,0.00011037904187105596
gaussian,299,OMP,baseline,0.0010818169976118952,7.779896259307861e-05,0.00010661497071851045,0.00042619500891305506,0.00010806904174387455,0.0
gaussian,299,OMP,optimized,0.0007923009980004281,0.000101639045169577,4.2026033042930067e-05,0.00026477799110580236,0.00013751399819739163,0.00015326702850870788
rademacher,0,OMP,baseline,0.0019370290101505816,0.00012462602171581239,0.0001876199821708724,0.0007638800307177007,0.00018335397180635482,0.0
rademacher,0,OMP,optimized,0.001207496999995783,0.00011658795119728893,4.945900582242757e-05,0.0004946310073137283,0.00017442698299419135,0.00023521999537479132
rademacher,1,OMP,baseline,0.002102750993799418,0.00013988299178890884,0.00021327198192011565,0.0008072069758782163,0.00020429000142030418,0.0
rademacher,1,OMP,optimized,0.0012424189917510375,0.0001140419626608491,5.2574992878362536e-05,0.0004646059969672933,0.0001874799927463755,0.0002943309518741444
rademacher,2,OMP,baseline,0.0011947199964197353,6.962100451346487e-05,0.0001222760183736682,0.0004995969793526456,0.00011176097905263305,0.0
rademacher,2,OMP,optimized,0.0005603629979304969,5.6258999393321574e-05,2.220102760475129e-05,0.00022236602671910077,7.47090089134872e-05,0.00011458597145974636
rademacher,3,OMP,baseline,0.0022926620004000142,0.00014550301420968026,0.00023777699971105903,0.000877711019711569,0.00024224299704656005,0.0
rademacher,3,OMP,optimized,0.0010663970024324954,0.00010003198985941708,4.457301110960543e-05,0.00043257501965854317,0.00014875900524202734,0.00021039102284703404
rademacher,4,OMP,baseline,0.0022973390005063266,0.00015383699792437255,0.000242296009673737,0.0008000370144145563,0.0002996279945364222,0.0
rademacher,4,OMP,optimized,0.0011926770093850791,0.00011322302452754229,5.443599366117269e-05,0.0004698559787357226,0.00017511402256786823,0.0002401930105406791
rademacher,5,OMP,baseline,0.0023255179985426366,0.0001493669842602685,0.000233961982303299,0.0008849779842421412,0.00022696697851642966,0.0
rademacher,5,OMP,optimized,0.0010909099946729839,0.00010352699609939009,4.961299418937415e-05,0.0004346349887782708,0.00015761898248456419,0.00021713796013500541
rademacher,6,OMP,baseline,0.0021396080119302496,0.00013247998140286654,0.0002391639573033899,0.000812507962109521,0.0002021030377363786,0.0
rademacher,6,OMP,optimized,0.0011506520095281303,0.00010583300900179893,5.022398545406759e-05,0.0004430650151334703,0.00016546700499020517,0.00025352199736516923
rademacher,7,OMP,baseline,0.0011581059952732176,7.973801984917372e-05,0.00011627499770838767,0.0004422329948283732,0.00011198199354112148,0.0
rademacher,7,OMP,optimized,0.0005918730021221563,6.493499677162617e-05,2.3163040168583393e-05,0.00023115200747270137,7.763499161228538e-05,0.00011702594929374754
rademacher,8,OMP,baseline,0.001020107010845095,6.238299829419702e-05,0.00010433702846057713,0.00040365400491282344,9.119200694840401e-05,0.0
rademacher,8,OMP,optimized,0.000643731007585302,5.7017983635887504e-05,5.24099450558424e-05,0.00023746599617879838,8.119699486996979e-05,0.00013882495113648474
rademacher,9,OMP,baseline,0.0010406759975012392,6.905102054588497e-05,0.00010380901221651584,0.00039840796671342105,9.609699191059917e-05,0.0
rademacher,9,OMP,optimized,0.0005580720026046038,6.327597657218575e-05,2.2790016373619437e-05,0.00021730302250944078,7.300401921384037e-05,0.00011355598689988256
rademacher,10,OMP,baseline,0.0011453280021669343,6.619498890358955e-05,0.00011328303662594408,0.0004522409726632759,0.00011815800098702312,0.0
rademacher,10,OMP,optimized,0.0005530199996428564,5.2688978030346334e-05,2.3032043827697635e-05,0.00021898197883274406,7.20839889254421e-05,0.00011402895324863493
rademacher,11,OMP,baseline,0.0010833640117198229,7.234999793581665e-05,0.00010315999679733068,0.0004316279664635658,0.00010568500147201121,0.0
rademacher,11,OMP,optimized,0.0005534980009542778,6.227899575605989e-05,2.1466039470396936e-05,0.00021615299920085818,7.343202014453709e-05,0.0001105569681385532
rademacher,12,OMP,baseline,0.0010389899980509654,6.188396946527064e-05,0.00010089896386489272,0.0004286420007701963,9.3752023531124e-05,0.0
rademacher,12,OMP,optimized,0.0005370440048864111,5.2136980229988694e-05,2.0895007764920592e-05,0.00021085501066409051,7.13969930075109e-05,0.00011060401448048651
rademacher,13,OMP,baseline,0.001060162001522258,7.252399518620223e-05,0.00010276898683514446,0.0004067610134370625,0.0001027759863063693,0.0
rademacher,13,OMP,optimized,0.0005776819889433682,6.156197923701257e-05,2.2819003788754344e-05,0.00021767104044556618,7.38540111342445e-05,0.0001277449628105387
rademacher,14,OMP,baseline,0.0010853369894903153,6.230799772311002e-05,0.00010298995766788721,0.00042900300468318164,0.00010111894516739994,0.0
rademacher,14,OMP,optimized,0.000589178001973778,5.693301500286907e-05,2.540901186875999e-05,0.00022614501358475536,8.155396790243685e-05,0.0001226729800691828
rademacher,15,OMP,baseline,0.0010752939997473732,7.41529802326113e-05,0.00010162399848923087,0.0004221740091452375,0.00010106898844242096,0.0
rademacher,15,OMP,optimized,0.0005772009899374098,6.388693873304874e-05,2.203001349698752e-05,0.00023247196804732084,7.341199670918286e-05,0.00011302898928988725
rademacher,16,OMP,baseline,0.001132953999331221,7.353500404860824e-05,0.00011064301361329854,0.00044407800305634737,0.0001059100468410179,0.0
rademacher,16,OMP,optimized,0.0008291279955301434,9.746800060383976e-05,3.558500611688942e-05,0.00029572800849564373,0.00010160500823985785,0.0001916579931275919
rademacher,17,OMP,baseline,0.0021341039973776788,0.00013642101839650422,0.0002218599693151191,0.0008200940064853057,0.00021685099636670202,0.0
rademacher,17,OMP,optimized,0.0011140239948872477,0.0001086519769160077,4.871198325417936e-05,0.0004368789668660611,0.00016203999985009432,0.00022566801635548472
rademacher,18,OMP,baseline,0.002141252000001259,0.00013145800039637834,0.00024972204118967056,0.00081786306691356,0.00022288299805950373,0.0
rademacher,18,OMP,optimized,0.0011434949992690235,0.00010692993237171322,5.1619019359350204e-05,0.0004472250147955492,0.0001691979996394366,0.00023621601576451212
rademacher,19,OMP,baseline,0.0013172699982533231,9.167099779006094e-05,0.00012517599679995328,0.0005091900238767266,0.00015573097334709018,0.0
rademacher,19,OMP,optimized,0.0006271779857343063,6.486100028268993e-05,3.674601612146944e-05,0.00023817300098016858,8.239697490353137e-05,0.00012461999722290784
rademacher,20,OMP,baseline,0.0010511620057513937,6.542399933096021e-05,0.00010337398271076381,0.0004221830313326791,9.708901052363217e-05,0.0
rademacher,20,OMP,optimized,0.0006568819953827187,6.178999319672585e-05,2.5016997824423015e-05,0.00025778501003514975,8.374798926524818e-05,0.0001480539795011282
rademacher,21,OMP,baseline,0.0012525780039140955,7.739901775494218e-05,0.00011549501505214721,0.0005339989875210449,0.00010978500358760357,0.0
rademacher,21,OMP,optimized,0.0010219910036539659,0.00012795701331924647,4.121098027098924e-05,0.000302475003991276,0.00010467904212418944,0.00019938005425501615
rademacher,22,OMP,baseline,0.0010984749969793484,6.717599171679467e-05,0.00010677696263883263,0.00044236199755687267,0.00010280300921294838,0.0
rademacher,22,OMP,optimized,0.0006065439956728369,5.850601883139461e-05,3.1728995963931084e-05,0.00024126596690621227,7.960002403706312e-05,0.00011856402852572501
rademacher,23,OMP,baseline,0.001093596001737751,7.353205000981688e-05,0.0001028109691105783,0.00045050002518109977,0.0001046190009219572,0.0
rademacher,23,OMP,optimized,0.0006039300060365349,6.487197242677212e-05,2.2902037017047405e-05,0.00022663797426503152,7.789999654050916e-05,0.00013527701958082616
rademacher,24,OMP,baseline,0.001153267003246583,6.969005335122347e-05,0.00010954303434118629,0.0004798050067620352,0.00010033798753283918,0.0
rademacher,24,OMP,optimized,0.0006240410002646968,5.9680998674593866e-05,2.389203291386366e-05,0.00023411995789501816,8.010196324903518e-05,0.0001480799837736413
rademacher,25,OMP,baseline,0.001222555001731962,8.115702075883746e-05,0.0001359919988317415,0.0004903069930151105,0.00012132398842368275,0.0
rademacher,25,OMP,optimized,0.0005991959915263578,6.323897105176002e-05,3.2831987482495606e-05,0.00022957901819609106,7.417598681058735e-05,0.00011926700244657695
rademacher,26,OMP,baseline,0.0011064430000260472,8.757099567446858e-05,0.00011049899330828339,0.00042830903839785606,0.00010271499922964722,0.0
rademacher,26,OMP,optimized,0.0005625379999401048,5.364598473533988e-05,2.2733016521669924e-05,0.0002242979680886492,7.463101064786315e-05,0.00011601101141422987
rademacher,27,OMP,baseline,0.001233553994097747,8.1869016867131e-05,0.0001146069698734209,0.0005151399818714708,0.00012088900257367641,0.0
rademacher,27,OMP,optimized,0.000670034991344437,6.929799565114081e-05,3.061098686885089e-05,0.0002597150159999728,8.210803207475692e-05,0.00014204303442966193
rademacher,28,OMP,baseline,0.0010960649960907176,6.903504254296422e-05,0.0001049530110321939,0.00043994498264510185,0.00010038101754616946,0.0
rademacher,28,OMP,optimized,0.0006224090029718354,5.3898023907095194e-05,2.2751977667212486e-05,0.0002524799929233268,8.22219590190798e-05,0.00011650002852547914
rademacher,29,OMP,baseline,0.0011359710042597726,8.723803330212831e-05,0.00010941497748717666,0.00045046301966067404,0.00011015900236088783,0.0
rademacher,29,OMP,optimized,0.0007032209978206083,9.771804616320878e-05,2.7829984901472926e-05,0.0002575010003056377,9.18689911486581e-05,0.0001306659687543288
rademacher,30,OMP,baseline,0.0015808409953024238,9.003501327242702e-05,0.00013183901319280267,0.0007016339950496331,0.00013629402383230627,0.0
rademacher,30,OMP,optimized,0.0005605240003205836,5.605301703326404e-05,2.28790013352409e-05,0.0002218109875684604,7.424900832120329e-05,0.00011660097516141832
rademacher,31,OMP,baseline,0.0011957989918300882,7.577902579214424e-05,0.00011100899428129196,0.0004850379627896473,0.0001316979614784941,0.0
rademacher,31,OMP,optimized,0.0005754890007665381,6.37139892205596e-05,2.274400321766734e-05,0.0002266520168632269,7.538001227658242e-05,0.00011721299961209297
rademacher,32,OMP,baseline,0.001047590994858183,6.654098979197443e-05,0.00010484301310498267,0.0004177140217507258,9.73519345279783e-05,0.0
rademacher,32,OMP,optimized,0.0007099319918779656,7.311897934414446e-05,2.804701216518879e-05,0.00026451103622093797,9.306798165198416e-05,0.0001678950065979734
rademacher,33,OMP,baseline,0.0011267679947195575,7.471999560948461e-05,0.0001269409985980019,0.0004341340099927038,0.00010552900494076312,0.0
rademacher,33,OMP,optimized,0.0006927960057510063,8.930197509471327e-05,2.8090988053008914e-05,0.00028124098025728017,8.2177939475514e-05,0.00012825900921598077
rademacher,34,OMP,baseline,0.0011046939907828346,6.695998308714479e-05,0.00010864601063076407,0.0004493179440032691,0.00010467204265296459,0.0
rademacher,34,OMP,optimized,0.0006097759905969724,5.651100946124643e-05,2.4485023459419608e-05,0.00025053101126104593,7.994496263563633e-05,0.00012199797492939979
rademacher,35,OMP,baseline,0.001114421000238508,7.687004108447582e-05,0.00012318298104219139,0.0004274229722796008,0.00010610501340124756,0.0
rademacher,35,OMP,optimized,0.0005650509992847219,6.249998114071786e-05,2.1938016288913786e-05,0.00022051704581826925,7.426399679388851e-05,0.00011435797205194831
rademacher,36,OMP,baseline,0.0010486890096217394,6.503301847260445e-05,0.00010646901500876993,0.0004199639952275902,9.773901547305286e-05,0.0
rademacher,36,OMP,optimized,0.0011532089993124828,9.89860127447173e-05,4.529798752628267e-05,0.000512573984451592,0.00016461695486214012,0.00020632903033401817
rademacher,37,OMP,baseline,0.0017415890033589676,0.0001157609949586913,0.00018530397210270166,0.0006649300194112584,0.00018538701988290995,0.0
rademacher,37,OMP,optimized,0.0008324429945787415,0.00016156199853867292,3.193898010067642e-05,0.0002915730146924034,9.512199903838336e-05,0.00015759299276396632
rademacher,38,OMP,baseline,0.002234938001492992,0.00014447001740336418,0.00024025097081903368,0.0008199040457839146,0.0002459079842083156,0.0
rademacher,38,OMP,optimized,0.000847834991873242,7.854199793655425e-05,3.697398642543703e-05,0.00033172797702718526,0.00011589903442654759,0.00018073600949719548
rademacher,39,OMP,baseline,0.0011219239968340844,7.434799044858664e-05,0.00010792602552101016,0.00045693803986068815,0.00010651201591826975,0.0
rademacher,39,OMP,optimized,0.0005832140013808385,6.472101085819304e-05,2.345997199881822e-05,0.00022371907834894955,7.513500167988241e-05,0.00011596400872804224
rademacher,40,OMP,baseline,0.0010958589991787449,6.853800732642412e-05,0.00011504802387207747,0.0004307209746912122,9.698703070171177e-05,0.0
rademacher,40,OMP,optimized,0.0005594420072156936,5.472300108522177e-05,2.2940977942198515e-05,0.0002192910178564489,7.410900434479117e-05,0.00011650995293166488
rademacher,41,OMP,baseline,0.0011011399910785258,7.556704804301262e-05,0.0001091659942176193,0.0004452350112842396,0.00010474200826138258,0.0
rademacher,41,OMP,optimized,0.0005821509985253215,7.238905527628958e-05,2.327702532056719e-05,0.00022134998289402574,7.301196455955505e-05,0.00011893799819517881
rademacher,42,OMP,baseline,0.0010250570048810914,6.41079677734524e-05,0.00010061997454613447,0.0004064699896844104,8.874702325556427e-05,0.0
rademacher,42,OMP,optimized,0.0005335169989848509,5.24070201208815e-05,2.1298998035490513e-05,0.00020720099564641714,7.091200677677989e-05,0.00011319102486595511
rademacher,43,OMP,baseline,0.0010832179978024215,7.345002086367458e-05,0.00012487801723182201,0.0004214510117890313,0.00010627898154780269,0.0
rademacher,43,OMP,optimized,0.0006123690109234303,6.553994899149984e-05,2.4046021280810237e-05,0.0002467050217092037,8.154402894433588e-05,0.00011872498726006597
rademacher,44,OMP,baseline,0.0010030279954662547,6.294198101386428e-05,0.00010111903247889131,0.00040372402872890234,9.004796447698027e-05,0.0
rademacher,44,OMP,optimized,0.0005740899941883981,5.358799535315484e-05,2.1952990209683776e-05,0.0002378659846726805,7.607099541928619e-05,0.00011417297355365008
rademacher,45,OMP,baseline,0.0011367199913365766,7.283898594323546e-05,0.00011162900773342699,0.00047765801718924195,0.00010181200923398137,0.0
rademacher,45,OMP,optimized,0.0007098150090314448,6.639801722485572e-05,9.662093361839652e-05,0.00024196295998990536,7.985701085999608e-05,0.00014316700980998576
rademacher,46,OMP,baseline,0.0010844459902727976,6.447304622270167e-05,0.00010531902080401778,0.0004347920184955001,9.739803499542177e-05,0.0
rademacher,46,OMP,optimized,0.0005338109913282096,5.0574017222970724e-05,2.1859988919459283e-05,0.00021256398758850992,7.072300650179386e-05,0.00011087398161180317
rademacher,47,OMP,baseline,0.0012115510035073385,7.905202801339328e-05,0.0001421890192432329,0.00048667099326848984,0.00011837793863378465,0.0
rademacher,47,OMP,optimized,0.000705310987541452,7.238204125314951e-05,2.6473033358342946e-05,0.0003153469879180193,8.808901475276798e-05,0.00012296900968067348
rademacher,48,OMP,baseline,0.0010810700041474774,7.363097392953932e-05,0.00012128197704441845,0.00041576601506676525,0.0001089529978344217,0.0
rademacher,48,OMP,optimized,0.0006271110032685101,6.39100035186857e-05,2.807399141602218e-05,0.00024409001343883574,8.2197948358953e-05,0.0001289730571443215
rademacher,49,OMP,baseline,0.0010767339990707114,8.074297511484474e-05,0.00010763597674667835,0.0004206690064165741,0.00011221104068681598,0.0
rademacher,49,OMP,optimized,0.0007643790013389662,7.850400288589299e-05,4.631603951565921e-05,0.00029084799461998045,9.160894842352718e-05,0.00013609998859465122
rademacher,50,OMP,baseline,0.0010879070032387972,7.454899605363607e-05,0.00010403699707239866,0.0004322999739088118,0.00011233096302021295,0.0
rademacher,50,OMP,optimized,0.0005521089915418997,6.546299846377224e-05,2.182098978664726e-05,0.00021590500546153635,7.167999865487218e-05,0.00011142902076244354
rademacher,51,OMP,baseline,0.0017331300041405484,0.0001320229930570349,0.00019888501265086234,0.0005851890164194629,0.0002873009943868965,0.0
rademacher,51,OMP,optimized,0.0005915459914831445,6.672299059573561e-05,3.090901009272784e-05,0.0002229499805252999,7.348797225859016e-05,0.0001207690074807033
rademacher,52,OMP,baseline,0.001075769992894493,7.362799078691751e-05,0.00010626300354488194,0.0004275879909982905,0.00010610099707264453,0.0
rademacher,52,OMP,optimized,0.0005568560009123757,6.137002492323518e-05,2.146200858987868e-05,0.00020999500702600926,7.274502422660589e-05,0.0001106130366679281
rademacher,53,OMP,baseline,0.0012682129890890792,9.822798892855644e-05,0.00012375001097097993,0.00046354100049939007,0.00013130999286659062,0.0
rademacher,53,OMP,optimized,0.0006557710003107786,7.091599400155246e-05,2.5953995645977557e-05,0.0002397160278633237,8.067100134212524e-05,0.0001467790425522253
rademacher,54,OMP,baseline,0.0010308789933333173,6.417302938643843e-05,0.00010558002395555377,0.00041222803702112287,9.699098882265389e-05,0.0
rademacher,54,OMP,optimized,0.0005445900023914874,5.202302418183535e-05,2.6895999326370656e-05,0.00021267701231408864,7.20559764886275e-05,0.0001109289878513664
rademacher,55,OMP,baseline,0.002133895002771169,0.00013557900092564523,0.00022937901667319238,0.0008081560081336647,0.00021555300918407738,0.0
rademacher,55,OMP,optimized,0.0011389529972802848,0.00010831200052052736,4.918602644465864e-05,0.0004628479800885543,0.00016803601465653628,0.00022147400886751711
rademacher,56,OMP,baseline,0.0010095479956362396,6.313002086244524e-05,0.00010026391828432679,0.0004039120249217376,9.083999611902982e-05,0.0
rademacher,56,OMP,optimized,0.0009692620078567415,7.907600956968963e-05,3.0493989470414817e-05,0.00038836299791000783,0.00013221296831034124,0.00014876300701871514
rademacher,57,OMP,baseline,0.0010536439949646592,7.548902067355812e-05,0.0001035169989336282,0.00040856798295862973,9.744499402586371e-05,0.0
rademacher,57,OMP,optimized,0.000631659000646323,6.497901631519198e-05,2.409500302746892e-05,0.00022662302944809198,0.00011263600026722997,0.00011992703366558999
rademacher,58,OMP,baseline,0.001012206994346343,6.254797335714102e-05,0.00010248801845591515,0.00040744700527284294,9.183399379253387e-05,0.0
rademacher,58,OMP,optimized,0.0005820849910378456,5.5630007409490645e-05,2.331695577595383e-05,0.00023713598784524947,7.638301758561283e-05,0.00011706801888067275
rademacher,59,OMP,baseline,0.0010320410074200481,7.25869758753106e-05,0.00010276099783368409,0.00040422999882139266,9.984798089135438e-05,0.0
rademacher,59,OMP,optimized,0.0006288829899858683,6.503002077806741e-05,2.4693043087609112e-05,0.0002379360084887594,7.96570093370974e-05,0.00014609500067308545
rademacher,60,OMP,baseline,0.0013278219994390383,7.743897731415927e-05,0.00013941904762759805,0.0004713619709946215,0.00020089799363631755,0.0
rademacher,60,OMP,optimized,0.000604350003413856,5.568603228311986e-05,2.313099685125053e-05,0.00023287897056434304,8.047503069974482e-05,0.00012257997877895832
rademacher,61,OMP,baseline,0.002273965990752913,0.00015636799798812717,0.00026263600739184767,0.0008407740388065577,0.0002412060130154714,0.0
rademacher,61,OMP,optimized,0.0012190940033178777,0.00011728399840649217,5.525296728592366e-05,0.00048273999709635973,0.00016606894496362656,0.00024982000468298793
rademacher,62,OMP,baseline,0.001077565990271978,6.719394878018647e-05,0.00011111400090157986,0.0004416880401549861,9.530699753668159e-05,0.0
rademacher,62,OMP,optimized,0.0005872930050827563,6.11700234003365e-05,2.4101973394863307e-05,0.00023014898761175573,7.680899580009282e-05,0.00011969996558036655
rademacher,63,OMP,baseline,0.0010578869987512007,7.184197602327913e-05,0.0001062480005202815,0.0004079140489920974,9.838500409387052e-05,0.0
rademacher,63,OMP,optimized,0.000551439996343106,6.279197987169027e-05,2.1651008864864707e-05,0.0002146119950339198,7.187004666775465e-05,0.00011066599108744413
rademacher,64,OMP,baseline,0.0012061869929311797,8.462005644105375e-05,0.00011697104491759092,0.0004873149882769212,0.00012038998829666525,0.0
rademacher,64,OMP,optimized,0.0006644579989369959,5.948299076408148e-05,2.6577006792649627e-05,0.00028528200346045196,8.415701449848711e-05,0.00013090299034956843
rademacher,65,OMP,baseline,0.001184438995551318,7.736898260191083e-05,0.00010927200492005795,0.0004954969481332228,0.00011465500574558973,0.0
rademacher,65,OMP,optimized,0.000562774992431514,6.319701788015664e-05,2.1832980564795434e-05,0.00021831298363395035,7.357103459071368e-05,0.00011220198939554393
rademacher,66,OMP,baseline,0.0021354290074668825,0.00013858902093488723,0.00022977094340603799,0.0007843310158932582,0.0002133329981006682,0.0
rademacher,66,OMP,optimized,0.0012160309997852892,0.00010991502495016903,5.233297997619957e-05,0.0005139059940120205,0.0001702889712760225,0.0002358080237172544
rademacher,67,OMP,baseline,0.0010079759958898649,7.108502904884517e-05,0.00010385393397882581,0.0003938250301871449,9.712195605970919e-05,0.0
rademacher,67,OMP,optimized,0.000591866992181167,6.298899825196713e-05,2.3451982997357845e-05,0.00023749700631015003,7.705300231464207e-05,0.00011666698264889419
rademacher,68,OMP,baseline,0.001938294997671619,0.00014256194117479026,0.00031392500386573374,0.0006342069973470643,0.00020562998543027788,0.0
rademacher,68,OMP,optimized,0.0007521829975303262,8.99429724086076e-05,2.8610971639864147e-05,0.0003162400098517537,8.823498501442373e-05,0.00014648601063527167
rademacher,69,OMP,baseline,0.0010108370042871684,7.079503848217428e-05,9.897297422867268e-05,0.0003976860170951113,9.628295083530247e-05,0.0
rademacher,69,OMP,optimized,0.0005531630013138056,6.097998993936926e-05,2.089502231683582e-05,0.00020967904129065573,7.018003088887781e-05,0.00010893700527958572
rademacher,70,OMP,baseline,0.0017094860086217523,8.563700248487294e-05,0.00014430697774514556,0.0006515440036309883,0.00018559499585535377,0.0
rademacher,70,OMP,optimized,0.0005496099911397323,5.345100362319499e-05,2.1267973352223635e-05,0.00021950500376988202,7.289997301995754e-05,0.00011114598601125181
rademacher,71,OMP,baseline,0.0010218579991487786,7.192502380348742e-05,0.00010301193105988204,0.0004051820287713781,9.541398321744055e-05,0.0
rademacher,71,OMP,optimized,0.0005487069865921512,6.138799653854221e-05,2.1526982891373336e-05,0.0002154410321963951,7.202399137895554e-05,0.00010969997674692422
rademacher,72,OMP,baseline,0.001052539999363944,6.235898763407022e-05,0.0001051339932018891,0.00043977903260383755,9.35010175453499e-05,0.0
rademacher,72,OMP,optimized,0.0006106500077294186,5.9092024457640946e-05,2.7186018996872008e-05,0.0002443189878249541,7.955402543302625e-05,0.00012250497820787132
rademacher,73,OMP,baseline,0.001098842010833323,7.176701910793781e-05,0.0001222870050696656,0.00043300396646372974,0.00011046900181099772,0.0
rademacher,73,OMP,optimized,0.0005433219921542332,6.0731006669811904e-05,2.1505969925783575e-05,0.00021437396935652941,7.127107528503984e-05,0.0001101439556805417
rademacher,74,OMP,baseline,0.0010940709908027202,7.018000178504735e-05,0.0001125050475820899,0.0004253689694451168,9.867498010862619e-05,0.0
rademacher,74,OMP,optimized,0.0007055930036585778,5.962001159787178e-05,4.4850006815977395e-05,0.00028754597587976605,8.566401083953679e-05,0.0001414109574398026
rademacher,75,OMP,baseline,0.0010344539914513007,8.20119894342497e-05,0.00010219200339633971,0.0004028949770145118,9.711403981782496e-05,0.0
rademacher,75,OMP,optimized,0.0006104939966462553,6.245399708859622e-05,2.3581975256092846e-05,0.00022354999964591116,8.147500921040773e-05,0.00013247897732071579
rademacher,76,OMP,baseline,0.001629068996408023,9.676501213107258e-05,0.00018895399989560246,0.0005908849852858111,0.00023303601483348757,0.0
rademacher,76,OMP,optimized,0.0007130710000637919,6.813400250393897e-05,3.389400080777705e-05,0.0002772779989754781,9.193802543450147e-05,0.00015748701116535813
rademacher,77,OMP,baseline,0.0012475140101742,8.2894999650307e-05,0.0001331939856754616,0.0004696309915743768,0.0001546149724163115,0.0
rademacher,77,OMP,optimized,0.0006461059965658933,6.703102553728968e-05,3.6110010114498436e-05,0.00024891002976801246,8.503702702000737e-05,0.00013261199637781829
rademacher,78,OMP,baseline,0.0016541970107937232,8.735999290365726e-05,0.00021612801356241107,0.0006227430421859026,0.00017956903320737183,0.0
rademacher,78,OMP,optimized,0.0012815490044886246,0.00011225597700104117,9.879199205897748e-05,0.0004323210014263168,0.0001591550390003249,0.0003472030075499788
rademacher,79,OMP,baseline,0.001177618993096985,7.720100984442979e-05,0.00011036801151931286,0.0004548439756035805,0.00015427001926582307,0.0
rademacher,79,OMP,optimized,0.0006831630016677082,6.804401346016675e-05,2.6004010578617454e-05,0.00027433103241492063,8.822498784866184e-05,0.00013036698510404676
rademacher,80,OMP,baseline,0.0010984940017806366,6.39269856037572e-05,0.00012550802784971893,0.00043290399480611086,9.996000153478235e-05,0.0
rademacher,80,OMP,optimized,0.0006274689949350432,5.6792996474541724e-05,2.996300463564694e-05,0.0002560019929660484,8.303801587317139e-05,0.00012019106361549348
rademacher,81,OMP,baseline,0.0010398979939054698,7.15850037522614e-05,0.00010278502304572612,0.0004144769918639213,9.880900324787945e-05,0.0
rademacher,81,OMP,optimized,0.0005775610043201596,6.437300180550665e-05,2.297398168593645e-05,0.00022200096282176673,7.706803444307297e-05,0.00011958795948885381
rademacher,82,OMP,baseline,0.0011633789981715381,8.062303822953254e-05,0.00011679003364406526,0.00045327102998271585,0.0001115539635065943,0.0
rademacher,82,OMP,optimized,0.0006795530061936006,7.032102439552546e-05,2.6652021915651858e-05,0.00024066399782896042,7.955498585943133e-05,0.00012836401583626866
rademacher,83,OMP,baseline,0.001154387995484285,8.270403486676514e-05,0.00011296702723484486,0.0004566450515994802,0.00011061396799050272,0.0
rademacher,83,OMP,optimized,0.0006595689919777215,6.889198266435415e-05,2.4601060431450605e-05,0.0002373009774601087,8.236200665123761e-05,0.00014959799591451883
rademacher,84,OMP,baseline,0.001130682008806616,7.734996324870735e-05,0.00011058700329158455,0.0004308989882702008,0.0001027160178637132,0.0
rademacher,84,OMP,optimized,0.0005818880017613992,6.516899156849831e-05,2.240703906863928e-05,0.00022524296946357936,7.67289602663368e-05,0.00011797396291512996
rademacher,85,OMP,baseline,0.0012279439979465678,9.00939921848476e-05,0.00011482203262858093,0.0004830550024053082,0.00011986798199359328,0.0
rademacher,85,OMP,optimized,0.0006535630091093481,7.313600508496165e-05,2.6166002498939633e-05,0.00024327296705450863,0.00010421195474918932,0.00012732998584397137
rademacher,86,OMP,baseline,0.0011464999988675117,8.243996126111597e-05,0.00010873601422645152,0.00044501897355075926,0.00012338001397438347,0.0
rademacher,86,OMP,optimized,0.0006010210054228082,6.506299541797489e-05,2.2754029487259686e-05,0.00023705599596723914,7.689802441745996e-05,0.00012696599878836423
rademacher,87,OMP,baseline,0.0012438280100468546,0.00012769197928719223,0.0001318729919148609,0.000458209979115054,0.00011740201443899423,0.0
rademacher,87,OMP,optimized,0.0006093570118537173,7.242699211928993e-05,2.38840002566576e-05,0.0002372139715589583,7.802998879924417e-05,0.00012250304280314595
rademacher,88,OMP,baseline,0.0011417519999668002,7.511503645218909e-05,0.00011827502748928964,0.0004583859845297411,0.00011470800382085145,0.0
rademacher,88,OMP,optimized,0.000859086008858867,7.424400246236473e-05,2.7110014343634248e-05,0.0003507009969325736,0.0001096259948099032,0.00017727001977618784
rademacher,89,OMP,baseline,0.0013050279958406463,0.00010951200965791941,0.00012343295384198427,0.0004590210155583918,0.0001434279838576913,0.0
rademacher,89,OMP,optimized,0.0006382210121955723,7.565000851172954e-05,2.6815978344529867e-05,0.00024312996538355947,8.070595504250377e-05,0.00012922896712552756
rademacher,90,OMP,baseline,0.001185230998089537,8.06760072009638e-05,0.00012129798415116966,0.00046191502769943327,0.0001194509823108092,0.0
rademacher,90,OMP,optimized,0.0005873209884157404,6.397100514732301e-05,2.325797686353326e-05,0.00022757702390663326,7.701701542828232e-05,0.00011964002624154091
rademacher,91,OMP,baseline,0.0011347309919074178,7.434397411998361e-05,0.00012395500380080193,0.0004444749793037772,0.0001102800015360117,0.0
rademacher,91,OMP,optimized,0.0006133610004326329,7.036000897642225e-05,2.382199454586953e-05,0.00023742506164126098,8.172802336048335e-05,0.00012189798871986568
rademacher,92,OMP,baseline,0.0015762940020067617,0.00010772401583380997,0.00015524703485425562,0.0006151330162538216,0.00016071199206635356,0.0
rademacher,92,OMP,optimized,0.0011207459901925176,0.00010724198364187032,5.002097168471664e-05,0.00046231695159804076,0.0001596069778315723,0.00021545999334193766
rademacher,93,OMP,baseline,0.0011111250059911981,7.614200876560062e-05,0.00010763198952190578,0.0004160269891144708,0.00011252996046096087,0.0
rademacher,93,OMP,optimized,0.0006627999973716214,7.274196832440794e-05,2.5321991415694356e-05,0.0002683299971977249,9.739499364513904e-05,0.00012203093501739204
rademacher,94,OMP,baseline,0.0010871629929170012,7.6299998909235e-05,0.0001038380287354812,0.0004176339862169698,9.596403106115758e-05,0.0
rademacher,94,OMP,optimized,0.0005360310024116188,5.1615992560982704e-05,2.1878004190512e-05,0.00021467500482685864,7.094003376550972e-05,0.00011161899601574987
rademacher,95,OMP,baseline,0.001077658002031967,7.442600326612592e-05,0.00010235501395072788,0.00043350398482289165,0.00011176394764333963,0.0
rademacher,95,OMP,optimized,0.0006004969909554347,6.262598617468029e-05,2.2690001060254872e-05,0.00024221300554927438,7.497398473788053e-05,0.0001229879999300465
rademacher,96,OMP,baseline,0.0022736649989383295,0.00014249897503759712,0.00024158399901352823,0.0008716270094737411,0.00022094795713201165,0.0
rademacher,96,OMP,optimized,0.001382419010042213,0.0001284590398427099,5.6917997426353395e-05,0.0005629579682135954,0.00021499302238225937,0.00026083996635861695
rademacher,97,OMP,baseline,0.0021852780046174303,0.0001389840035699308,0.0002444729907438159,0.0008436410134891048,0.00021643102809321135,0.0
rademacher,97,OMP,optimized,0.001151709002442658,0.00011000399535987526,5.7599987485446036e-05,0.0004429900291142985,0.00016180798411369324,0.00025515300512779504
rademacher,98,OMP,baseline,0.00227016001008451,0.00016065499221440405,0.0002472289925208315,0.0008345669775735587,0.0002453740016790107,0.0
rademacher,98,OMP,optimized,0.0012307849974604324,0.00010815395216923207,5.2001982112415135e-05,0.00047714401443954557,0.0001688960037427023,0.0002448639861540869
rademacher,99,OMP,baseline,0.0010843869968084618,7.340899901464581e-05,0.00011422797979321331,0.000434821005910635,0.00010453200957272202,0.0
rademacher,99,OMP,optimized,0.0005784859968116507,6.357001257129014e-05,2.264697104692459e-05,0.00021859702246729285,7.494697638321668e-05,0.00011314601579215378
rademacher,100,OMP,baseline,0.001116115992772393,7.237795216497034e-05,0.000110560969915241,0.00043360902054701,0.0001039369817590341,0.0
rademacher,100,OMP,optimized,0.00067801600380335,6.161999772302806e-05,3.629199636634439e-05,0.00028231398027855903,8.89809598447755e-05,0.0001261050347238779
rademacher,101,OMP,baseline,0.0010490790009498596,7.237998943310231e-05,0.00010014500003308058,0.0004085830441908911,0.00010851898696273565,0.0
rademacher,101,OMP,optimized,0.0006209860002854839,6.654296885244548e-05,2.374401083216071e-05,0.00024698702327441424,7.998698856681585e-05,0.00012593399151228368
rademacher,102,OMP,baseline,0.0010741990117821842,6.647601549047977e-05,0.00010714199743233621,0.00042872897756751627,9.451397636439651e-05,0.0
rademacher,102,OMP,optimized,0.0005742939974879846,5.47449744772166e-05,2.272601705044508e-05,0.00022138500935398042,8.547698962502182e-05,0.00011597202683333308
rademacher,103,OMP,baseline,0.0022646599973086268,0.00014269801613409072,0.0002631249953992665,0.000871208991156891,0.00022199896920938045,0.0
rademacher,103,OMP,optimized,0.0010500330099603161,0.00010414602002128959,5.0834991270676255e-05,0.0004040739731863141,0.00015255602193064988,0.00021086896595079452
rademacher,104,OMP,baseline,0.0012026249896734953,6.810096965637058e-05,0.00011020200327038765,0.0005388620047597215,0.00010463000216986984,0.0
rademacher,104,OMP,optimized,0.0008196810085792094,7.499402272514999e-05,2.85989954136312e-05,0.00029969302704557776,9.158997272606939e-05,0.00019287098257336766
rademacher,105,OMP,baseline,0.0012684760004049167,0.00010625198774505407,0.00011729302059393376,0.0004796430002897978,0.00016537799092475325,0.0
rademacher,105,OMP,optimized,0.0009282949904445559,7.255202217493206e-05,2.8214999474585056e-05,0.0002658449811860919,8.851700113154948e-05,0.00017752801068127155
rademacher,106,OMP,baseline,0.002363569990848191,0.00016429901006631553,0.0002716179733397439,0.0008799520001048222,0.0002198839938500896,0.0
rademacher,106,OMP,optimized,0.001136431994382292,0.00010607205331325531,5.7525961892679334e-05,0.00044441795034799725,0.00016613701882306486,0.0002316799946129322
rademacher,107,OMP,baseline,0.0010964229877572507,7.80330301495269e-05,0.0001100990193663165,0.0004277409752830863,0.00010502603254280984,0.0
rademacher,107,OMP,optimized,0.0006230139988474548,6.620501517318189e-05,2.441300603095442e-05,0.00025287897733505815,7.994401676114649e-05,0.00012143999629188329
rademacher,108,OMP,baseline,0.0010591649916023016,6.670801667496562e-05,0.00010451198613736778,0.00042359404324088246,9.869798668660223e-05,0.0
rademacher,108,OMP,optimized,0.0005891530017834157,5.701501504518092e-05,2.253000275231898e-05,0.0002302530047018081,7.883401121944189e-05,0.00011544597509782761
rademacher,109,OMP,baseline,0.001056455002981238,7.680003182031214e-05,0.00010485202074050903,0.0004154049966018647,0.00010436798038426787,0.0
rademacher,109,OMP,optimized,0.0006534999993164092,6.97430077707395e-05,3.2163006835617125e-05,0.0002504739532014355,8.262197661679238e-05,0.00014413399912882596
rademacher,110,OMP,baseline,0.0010388829978182912,6.667200068477541e-05,0.0001034410233842209,0.0004043640219606459,9.470198710914701e-05,0.0
rademacher,110,OMP,optimized,0.0005788069975096732,6.348702299874276e-05,2.1733008907176554e-05,0.0002285440277773887,7.59050453780219e-05,0.00011892100155819207
rademacher,111,OMP,baseline,0.0012343729904387146,9.072301327250898e-05,0.00012183802027720958,0.00047998099762480706,0.00012136100849602371,0.0
rademacher,111,OMP,optimized,0.0006187199905980378,6.556199514307082e-05,2.5153931346721947e-05,0.00024434103397652507,8.250797691289335e-05,0.00012357499508652836
rademacher,112,OMP,baseline,0.0010602050024317577,6.888397911097854e-05,0.0001057740009855479,0.0004108920111320913,9.853900701273233e-05,0.0
rademacher,112,OMP,optimized,0.0005666170036420226,5.367699486669153e-05,2.098600089084357e-05,0.00021687502157874405,7.853802526369691e-05,0.00011471302423160523
rademacher,113,OMP,baseline,0.001107686010072939,6.630001007579267e-05,0.0001058910129358992,0.00045126497570890933,0.00011650403030216694,0.0
rademacher,113,OMP,optimized,0.0005672949919244274,5.694397259503603e-05,2.3143002181313932e-05,0.0002235830033896491,7.41079420549795e-05,0.00011446900316514075
rademacher,114,OMP,baseline,0.001874245994258672,0.00012626199168153107,0.0001737910060910508,0.0006839999987278134,0.00020725296053569764,0.0
rademacher,114,OMP,optimized,0.000822450005216524,0.00010645102884154767,3.3568969229236245e-05,0.00032361497869715095,0.00010339400614611804,0.00015790702309459448
rademacher,115,OMP,baseline,0.0010952919983537868,7.517400081269443e-05,0.00010577599459793419,0.0004447559331310913,0.00010636801016516984,0.0
rademacher,115,OMP,optimized,0.0005769839917775244,6.271898746490479e-05,2.3745960788801312e-05,0.00021900604770053178,7.799801824148744e-05,0.0001167300360975787
rademacher,116,OMP,baseline,0.0013168570003472269,8.104901644401252e-05,0.00013121799565851688,0.0005371970182750374,0.00012555200373753905,0.0
rademacher,116,OMP,optimized,0.000616003992035985,5.922099808230996e-05,2.383100218139589e-05,0.0002399599616182968,8.431499009020627e-05,0.00012786599108949304
rademacher,117,OMP,baseline,0.0010791160020744428,7.25430145394057e-05,0.00010934298916254193,0.0004335169942351058,0.00010707798355724663,0.0
rademacher,117,OMP,optimized,0.000584169989451766,6.186601240187883e-05,2.2567968699149787e-05,0.00022078794427216053,7.338296563830227e-05,0.00011287801316939294
rademacher,118,OMP,baseline,0.0010453150025568902,6.29130081506446e-05,0.0001023390213958919,0.0004226480523357168,9.850299102254212e-05,0.0
rademacher,118,OMP,optimized,0.0006073489930713549,5.639795563183725e-05,2.404500264674425e-05,0.0002397269563516602,8.937697566580027e-05,0.00012142299965489656
rademacher,119,OMP,baseline,0.0012707040004897863,8.603397873230278e-05,0.00015941698802635074,0.0004865980299655348,0.0001275609974982217,0.0
rademacher,119,OMP,optimized,0.0005766469985246658,6.319698877632618e-05,2.279398904647678e-05,0.0002246930089313537,7.393804844468832e-05,0.000115308997919783
rademacher,120,OMP,baseline,0.001005295998766087,6.213897722773254e-05,9.800799307413399e-05,0.00039928799378685653,9.282902465201914e-05,0.0
rademacher,120,OMP,optimized,0.0005846790008945391,5.5580021580681205e-05,2.2338004782795906e-05,0.00023279602464754134,8.072798664215952e-05,0.00011882402759511024
rademacher,121,OMP,baseline,0.001123676003771834,7.905000529717654e-05,0.00010886295058298856,0.00044013898877892643,0.0001112949539674446,0.0
rademacher,121,OMP,optimized,0.000660246005281806,6.896600825712085e-05,2.5541987270116806e-05,0.0002674049901543185,8.535897359251976e-05,0.0001288349594688043
rademacher,122,OMP,baseline,0.0010647080052876845,6.960502651054412e-05,0.00010467403626535088,0.00042910201591439545,9.719096124172211e-05,0.0
rademacher,122,OMP,optimized,0.0006452259985962883,5.921200499869883e-05,2.534200029913336e-05,0.0002428380394121632,9.563304774928838e-05,0.00014624602044932544
rademacher,123,OMP,baseline,0.0010361440072301775,7.173600897658616e-05,0.000104266990092583,0.00040658201032783836,0.00010332900274079293,0.0
rademacher,123,OMP,optimized,0.0005610899970633909,6.525003118440509e-05,2.0959967514500022e-05,0.00021707097766920924,7.37369991838932e-05,0.00011210396769456565
rademacher,124,OMP,baseline,0.002023508001002483,0.00012796996452379972,0.00021965797350276262,0.0008082480198936537,0.0002045090077444911,0.0
rademacher,124,OMP,optimized,0.000599284001509659,5.780797800980508e-05,2.3764005163684487e-05,0.00023600801068823785,7.99510016804561e-05,0.00012385699665173888
rademacher,125,OMP,baseline,0.0011502980050863698,8.02140129962936e-05,0.0001153059711214155,0.0004479289927985519,0.00011992102372460067,0.0
rademacher,125,OMP,optimized,0.0006234730099095032,6.766701699234545e-05,2.415104245301336e-05,0.00023746602528262883,9.437698463443667e-05,0.00012074399273842573
rademacher,126,OMP,baseline,0.0010413179988972843,6.539502646774054e-05,0.00010275699605699629,0.0004069729911861941,9.523901098873466e-05,0.0
rademacher,126,OMP,optimized,0.0005691630067303777,5.146702460478991e-05,2.906001463998109e-05,0.00022606499260291457,7.345403719227761e-05,0.00011665000056382269
rademacher,127,OMP,baseline,0.0012084049958502874,8.189896470867097e-05,0.00011203096073586494,0.00048106099711731076,0.00012055700062774122,0.0
rademacher,127,OMP,optimized,0.0005775509926024824,6.535199645441025e-05,2.3169995984062552e-05,0.00022606499260291457,7.381800969596952e-05,0.00011482097033876926
rademacher,128,OMP,baseline,0.0013723529991693795,0.00011339601769577712,0.00013460704940371215,0.0005297570169204846,0.00014812900917604566,0.0
rademacher,128,OMP,optimized,0.001250968998647295,0.00011133798398077488,4.711898509413004e-05,0.000476693021482788,0.00017846599803306162,0.0002628890360938385
rademacher,129,OMP,baseline,0.0010506670078029856,7.477797043975443e-05,0.00010391300020273775,0.0004062149819219485,0.00010794503032229841,0.0
rademacher,129,OMP,optimized,0.0005588599888142198,6.186196696944535e-05,2.1764964913018048e-05,0.00022133899619802833,7.118398207239807e-05,0.00011261302279308438
rademacher,130,OMP,baseline,0.0014751039998373017,8.337499457411468e-05,0.0001986160350497812,0.0005901019903831184,0.00015285599511116743,0.0
rademacher,130,OMP,optimized,0.0006559530011145398,7.188599556684494e-05,2.5681991246528924e-05,0.00024447805481031537,8.542803698219359e-05,0.00014592401566915214
rademacher,131,OMP,baseline,0.0011382289958419278,8.188901119865477e-05,0.00010698000551201403,0.000450959982117638,0.00011406502744648606,0.0
rademacher,131,OMP,optimized,0.0006433079979615286,6.975201540626585e-05,2.4473993107676506e-05,0.0002670649846550077,8.166600309778005e-05,0.00012554899149108678
rademacher,132,OMP,baseline,0.0013820189924445003,0.00010904904047492892,0.00013818305160384625,0.0005733310390496626,0.00011853597243316472,0.0
rademacher,132,OMP,optimized,0.0006539700116263703,5.810898437630385e-05,3.7362988223321736e-05,0.0002633939584484324,8.581101428717375e-05,0.0001273880188819021
rademacher,133,OMP,baseline,0.0010740550060290843,6.525997014250606e-05,0.00013028304965700954,0.0004258539847796783,9.919000149238855e-05,0.0
rademacher,133,OMP,optimized,0.0006523619958898053,6.192804721649736e-05,2.731199492700398e-05,0.0002622239844640717,8.75049881869927e-05,0.00013417997979559004
rademacher,134,OMP,baseline,0.001169383991509676,7.008900865912437e-05,0.00011081698175985366,0.00048723102372605354,0.00010699602717068046,0.0
rademacher,134,OMP,optimized,0.0005678680026903749,5.462300032377243e-05,2.287401002831757e-05,0.00022373402316588908,7.535997428931296e-05,0.00011820301006082445
rademacher,135,OMP,baseline,0.0012664189998758957,7.839097816031426e-05,0.0001260959979845211,0.000501628004712984,0.00013574301556218415,0.0
rademacher,135,OMP,optimized,0.0007272190123330802,6.51669834041968e-05,4.0421015000902116e-05,0.00028632501198444515,9.111102554015815e-05,0.00015441696450579911
rademacher,136,OMP,baseline,0.0010672450007405132,6.527996447402984e-05,0.00010298501001670957,0.0004250019701430574,9.660999057814479e-05,0.0
rademacher,136,OMP,optimized,0.0005738020117860287,5.4482006817124784e-05,2.3266009520739317e-05,0.00022518601326737553,7.882402860559523e-05,0.00011758400069084018
rademacher,137,OMP,baseline,0.0011342820071149617,0.00010700598068069667,0.00010987601126544178,0.0004377049481263384,0.00010701001156121492,0.0
rademacher,137,OMP,optimized,0.0012188569962745532,0.00015071500092744827,4.5756984036415815e-05,0.0004442040080903098,0.0001678240078035742,0.00024507999478373677
rademacher,138,OMP,baseline,0.0010763940081233159,6.601400673389435e-05,0.00010668301547411829,0.00044409096881281585,9.762395347934216e-05,0.0
rademacher,138,OMP,optimized,0.0005559529963647947,5.3709023632109165e-05,2.8171969461254776e-05,0.00021674005256500095,7.237600220832974e-05,0.00011262900079600513
rademacher,139,OMP,baseline,0.0011624619946815073,9.257301280740649e-05,0.0001098400098271668,0.000457541027572006,0.00010749898501671851,0.0
rademacher,139,OMP,optimized,0.0006471520027844235,6.11589930485934e-05,2.6918001822195947e-05,0.00026618399715516716,8.92939860932529e-05,0.0001256059913430363
rademacher,140,OMP,baseline,0.0010305000032531098,6.414703966584057e-05,0.00010006998491007835,0.0004204059951007366,9.21539613045752e-05,0.0
rademacher,140,OMP,optimized,0.0005967219913145527,5.652998515870422e-05,2.3733009584248066e-05,0.00022849295055493712,7.544195977970958e-05,0.00013546097034122795
rademacher,141,OMP,baseline,0.0011122520081698895,0.00010117801139131188,0.00010874999861698598,0.0004194920475129038,0.00010168102744501084,0.0
rademacher,141,OMP,optimized,0.0007185159920481965,9.396801760885864e-05,2.7555026463232934e-05,0.00028196700441185385,8.985998283606023e-05,0.00013762696471530944
rademacher,142,OMP,baseline,0.0011168380005983636,7.289399218279868e-05,0.00010936502076219767,0.000442467033280991,0.00011165997420903295,0.0
rademacher,142,OMP,optimized,0.0005941889976384118,5.6914956076070666e-05,2.2796986741013825e-05,0.00022450101096183062,7.484100933652371e-05,0.00011598097626119852
rademacher,143,OMP,baseline,0.0015601939958287403,8.663801418151706e-05,0.00013057998148724437,0.0005705859657609835,0.00024353399930987507,0.0
rademacher,143,OMP,optimized,0.002004252004553564,0.0001624480210011825,8.632199023850262e-05,0.0009044629841810092,0.0002590840158518404,0.0003669649886433035
rademacher,144,OMP,baseline,0.0010654130019247532,6.605901580769569e-05,0.00010371601092629135,0.0004190870386082679,9.57709999056533e-05,0.0
rademacher,144,OMP,optimized,0.0005499509861692786,5.569100903812796e-05,2.17430351767689e-05,0.0002161500306101516,7.297501724679023e-05,0.00011225799971725792
rademacher,145,OMP,baseline,0.0020628709899028763,0.0001285169564653188,0.00022113000159151852,0.0007703159790253267,0.0001971330348169431,0.0
rademacher,145,OMP,optimized,0.0013490919955074787,0.00011165002069901675,6.0924969147890806e-05,0.0005435749917523935,0.00018125104543287307,0.00026278398581780493
rademacher,146,OMP,baseline,0.0012135299912188202,8.216899004764855e-05,0.00012835703091695905,0.0004754569963552058,0.00011510297190397978,0.0
rademacher,146,OMP,optimized,0.0006793280044803396,6.109000241849571e-05,2.6024965336546302e-05,0.0002744750090641901,0.00010730201029218733,0.00013097302871756256
rademacher,147,OMP,baseline,0.001258358999621123,7.540802471339703e-05,0.0001205629960168153,0.0004951750161126256,0.00013653599307872355,0.0
rademacher,147,OMP,optimized,0.0005539109988603741,5.4399031796492636e-05,2.2464024368673563e-05,0.0002206149511039257,7.494499732274562e-05,0.00011363902012817562
rademacher,148,OMP,baseline,0.0011096980015281588,6.644199311267585e-05,0.0001053420128300786,0.00045195501297712326,0.00010638500680215657,0.0
rademacher,148,OMP,optimized,0.0007390529935946688,6.981799378991127e-05,2.885999856516719e-05,0.0002738960465649143,0.00013185695570427924,0.00014574897068087012
rademacher,149,OMP,baseline,0.0012668200070038438,9.004003368318081e-05,0.00012349798635113984,0.0004937949706800282,0.00011664201156236231,0.0
rademacher,149,OMP,optimized,0.0005810229922644794,5.8667021221481264e-05,2.359699283260852e-05,0.0002302620414411649,7.606098370160908e-05,0.00011813399032689631
rademacher,150,OMP,baseline,0.0011222299945075065,7.143699622247368e-05,0.00010347500210627913,0.0004689579800469801,0.00010520598152652383,0.0
rademacher,150,OMP,optimized,0.0006304730050032958,6.095298158470541e-05,2.6017005438916385e-05,0.000246537005295977,8.293596329167485e-05,0.0001320360170211643
rademacher,151,OMP,baseline,0.001134605990955606,8.046494622249156e-05,0.00010788399958983064,0.00044430205889511853,0.00010453801951371133,0.0
rademacher,151,OMP,optimized,0.00055315499776043,5.285699444357306e-05,2.225101343356073e-05,0.000222215021494776,7.225196168292314e-05,0.0001119219814427197
rademacher,152,OMP,baseline,0.0010548259888309985,6.621098145842552e-05,0.00010453203867655247,0.0004098799836356193,0.00011652000830508769,0.0
rademacher,152,OMP,optimized,0.000570497999433428,5.338204209692776e-05,2.2120977519080043e-05,0.0002230159443570301,7.414200808852911e-05,0.00011424400145187974
rademacher,153,OMP,baseline,0.0011596120020840317,7.247898611240089e-05,0.00011560102575458586,0.0004636830126401037,0.00011050699686165899,0.0
rademacher,153,OMP,optimized,0.0005802600062452257,5.592001252807677e-05,2.306397072970867e-05,0.0002318610204383731,7.701999857090414e-05,0.00011612699017859995
rademacher,154,OMP,baseline,0.0010984929976984859,7.056600588839501e-05,0.00010820699390023947,0.0004279810527805239,9.972599218599498e-05,0.0
rademacher,154,OMP,optimized,0.0005602140008704737,5.3351977840065956e-05,2.2042993805371225e-05,0.00022166603594087064,7.456699677277356e-05,0.00011530295887496322
rademacher,155,OMP,baseline,0.001186936002341099,7.54710054025054e-05,0.00011581798025872558,0.0004646700108423829,0.00011352503497619182,0.0
rademacher,155,OMP,optimized,0.0006079860031604767,5.793700984213501e-05,2.5524990633130074e-05,0.0002421089739073068,7.883500074967742e-05,0.00013142202806193382
rademacher,156,OMP,baseline,0.0016133350000018254,0.00010388299415353686,0.00019825500203296542,0.0006479700095951557,0.00015725598495919257,0.0
rademacher,156,OMP,optimized,0.0005421610112534836,5.1970986532978714e-05,2.191099338233471e-05,0.0002168940263800323,7.16909853508696e-05,0.00010899298649746925
rademacher,157,OMP,baseline,0.0011519649997353554,7.477396866306663e-05,0.0001146899739978835,0.00044416700256988406,0.00010449498950038105,0.0
rademacher,157,OMP,optimized,0.0005822900129714981,5.6105011026374996e-05,2.3867993149906397e-05,0.00022904496290721,7.289800851140171e-05,0.00011643697507679462
rademacher,158,OMP,baseline,0.00101493600232061,6.391499482560903e-05,0.00010326803021598607,0.0004067850095452741,9.501600288785994e-05,0.0
rademacher,158,OMP,optimized,0.0006347640010062605,6.336599471978843e-05,2.5249013560824096e-05,0.0002550979843363166,9.308801963925362e-05,0.00012062798487022519
rademacher,159,OMP,baseline,0.001085133000742644,6.88269647071138e-05,0.00010563302203081548,0.00043297097727190703,0.00010047401883639395,0.0
rademacher,159,OMP,optimized,0.0005500120023498312,5.452695768326521e-05,2.1859013941138983e-05,0.00021977101278025657,7.213893695734441e-05,0.00011226400965824723
rademacher,160,OMP,baseline,0.0010338510037399828,6.126101652625948e-05,0.00010234903311356902,0.000426131984568201,9.526802750770003e-05,0.0
rademacher,160,OMP,optimized,0.0006073650001781061,5.7196011766791344e-05,2.305801899638027e-05,0.00025682900741230696,7.803201151546091e-05,0.00011918602103833109
rademacher,161,OMP,baseline,0.0012515620037447661,0.0001002930075628683,0.00011356700269971043,0.0004906500107608736,0.00012683200475294143,0.0
rademacher,161,OMP,optimized,0.0006050790107110515,5.630598752759397e-05,3.590800042729825e-05,0.00023263899493031204,9.01680177776143e-05,0.00011780801287386566
rademacher,162,OMP,baseline,0.0010882969945669174,6.97559880791232e-05,0.00010496700997464359,0.00042252097046002746,0.0001071170117938891,0.0
rademacher,162,OMP,optimized,0.000569855998037383,5.5312964832410216e-05,2.2120002540759742e-05,0.00022367901692632586,7.607600127812475e-05,0.00011641098535619676
rademacher,163,OMP,baseline,0.0010667400056263432,6.304500857368112e-05,0.00010722903243731707,0.0004436919989529997,9.739099186845124e-05,0.0
rademacher,163,OMP,optimized,0.0005471199983730912,5.2450966904871166e-05,2.061398117803037e-05,0.00021911201474722475,7.406101212836802e-05,0.00011254801938775927
rademacher,164,OMP,baseline,0.0010965840046992525,6.712603499181569e-05,0.00011261098552495241,0.00044330095988698304,0.0001061670045601204,0.0
rademacher,164,OMP,optimized,0.0006435950053855777,6.186493556015193e-05,3.3012969652190804e-05,0.00026563694700598717,8.254399290308356e-05,0.0001242970465682447
rademacher,165,OMP,baseline,0.0011609360080910847,7.327798812184483e-05,0.00011349801206961274,0.000454790992080234,0.00010602799011394382,0.0
rademacher,165,OMP,optimized,0.0005870840104762465,5.997801781632006e-05,2.2985987015999854e-05,0.00023273497936315835,7.791501411702484e-05,0.00011876103235408664
rademacher,166,OMP,baseline,0.0021107730135554448,0.00013304299500305206,0.00024623303033877164,0.0008186100167222321,0.00020865902479272336,0.0
rademacher,166,OMP,optimized,0.0012287890131119639,0.00010518393537495285,5.297298775985837e-05,0.0005018770461902022,0.00018657100736163557,0.0002467999584041536
rademacher,167,OMP,baseline,0.001571358006913215,0.00011393001477699727,0.0001929700083564967,0.0005931339837843552,0.00015017202531453222,0.0
rademacher,167,OMP,optimized,0.0005968170007690787,5.455396603792906e-05,3.02900152746588e-05,0.00023507002333644778,7.663198630325496e-05,0.00012303603580221534
rademacher,168,OMP,baseline,0.001111735007725656,7.004701183177531e-05,0.00011055197683162987,0.0004362889740150422,9.807098831515759e-05,0.0
rademacher,168,OMP,optimized,0.0005453219928313047,5.2641029469668865e-05,2.158799907192588e-05,0.00021683098748326302,7.211595948319882e-05,0.0001121680106734857
rademacher,169,OMP,baseline,0.0022039080067770556,0.00014417999773286283,0.000255616003414616,0.0008159649732988328,0.00021803801064379513,0.0
rademacher,169,OMP,optimized,0.0012276750057935715,0.00013005902292206883,5.42259804205969e-05,0.0004918159829685465,0.0001767899957485497,0.00024044298334047198
rademacher,170,OMP,baseline,0.0013071210123598576,8.890501339919865e-05,0.00012113300908822566,0.0005358869966585189,0.00014735299919266254,0.0
rademacher,170,OMP,optimized,0.000682779005728662,7.142199319787323e-05,2.6560985133983195e-05,0.00024824000138323754,0.00010637403465807438,0.00014378699415829033
rademacher,171,OMP,baseline,0.001120118991821073,7.728500349912792e-05,0.00010886200470849872,0.00043849102803505957,0.00011123302101623267,0.0
rademacher,171,OMP,optimized,0.0005640070012304932,6.215997564140707e-05,2.2019012249074876e-05,0.00021938599820714444,7.461199129465967e-05,0.00011336398893035948
rademacher,172,OMP,baseline,0.0012039819994242862,7.496494799852371e-05,0.00012061800225637853,0.00047799300227779895,0.000108754014945589,0.0
rademacher,172,OMP,optimized,0.0006156120070954785,6.0823032981716096e-05,2.438102092128247e-05,0.0002446999860694632,8.197702118195593e-05,0.0001239090197486803
rademacher,173,OMP,baseline,0.001153243996668607,7.126099080778658e-05,0.00011187900963705033,0.0004682800208684057,0.00010759396536741406,0.0
rademacher,173,OMP,optimized,0.0011974810040555894,0.0001508589630248025,9.351200424134731e-05,0.0004425079678185284,0.0001953440223587677,0.0001872409920906648
rademacher,174,OMP,baseline,0.0009907700004987419,6.296198989730328e-05,9.824598964769393e-05,0.0003930340171791613,9.238898928742856e-05,0.0
rademacher,174,OMP,optimized,0.0005544680025195703,5.709099059458822e-05,2.2150008589960635e-05,0.0002169849758502096,7.422294584102929e-05,0.00011248598457314074
rademacher,175,OMP,baseline,0.0012409070041030645,6.669799040537328e-05,0.00015841600543353707,0.00047770701348781586,0.00012470300134737045,0.0
rademacher,175,OMP,optimized,0.0005786289984825999,5.320199124980718e-05,3.5019038477912545e-05,0.00021997102885507047,7.587800791952759e-05,0.00011950198677368462
rademacher,176,OMP,baseline,0.0012868970079580322,8.63219756865874e-05,0.00012198097829241306,0.0004903319932054728,0.00014682298933621496,0.0
rademacher,176,OMP,optimized,0.0006558499881066382,6.12800067756325e-05,3.860802098643035e-05,0.00024299402139149606,9.119999594986439e-05,0.00013940795906819403
rademacher,177,OMP,baseline,0.0011456499923951924,6.859097629785538e-05,0.00010680798732209951,0.0004163380363024771,9.513497934676707e-05,0.0
rademacher,177,OMP,optimized,0.000574120000237599,5.301403871271759e-05,2.2617998183704913e-05,0.00023548801254946738,7.748296775389463e-05,0.00011351803550496697
rademacher,178,OMP,baseline,0.0012605929950950667,7.544699474237859e-05,0.00011313104187138379,0.0004450590058695525,0.00013775701518170536,0.0
rademacher,178,OMP,optimized,0.000909003007109277,6.720301462337375e-05,7.880697376094759e-05,0.0004315979313105345,9.678601054474711e-05,0.0001463310036342591
rademacher,179,OMP,baseline,0.0010669920011423528,6.33020099485293e-05,0.00011018601071555167,0.0004366800276329741,9.942195902112871e-05,0.0
rademacher,179,OMP,optimized,0.0005508390022441745,5.2190967835485935e-05,2.2674008505418897e-05,0.00021859101252630353,7.523398380726576e-05,0.00011194498802069575
rademacher,180,OMP,baseline,0.0011106799938715994,7.155498315114528e-05,0.00010871297854464501,0.0004298959975130856,0.00012202799553051591,0.0
rademacher,180,OMP,optimized,0.0006728440057486296,0.0001285820035263896,2.52060272032395e-05,0.00023613400117028505,7.821197505109012e-05,0.0001244310406036675
rademacher,181,OMP,baseline,0.001244024999323301,7.480394560843706e-05,0.00012710200098808855,0.00047218498366419226,0.00011845401604659855,0.0
rademacher,181,OMP,optimized,0.0007277460099430755,6.44830142846331e-05,2.704904181882739e-05,0.00026522499683778733,0.00010867402306757867,0.00015990695101208985
rademacher,182,OMP,baseline,0.0010737760021584108,7.039400225039572e-05,0.00010672298958525062,0.00043345800077077,0.00010137497156392783,0.0
rademacher,182,OMP,optimized,0.0005432329926406965,5.246901127975434e-05,2.163503086194396e-05,0.00021457996626850218,7.30410247342661e-05,0.00011059601092711091
rademacher,183,OMP,baseline,0.0010686759924283251,6.757401570212096e-05,0.00010623200796544552,0.00041703300666995347,9.47479420574382e-05,0.0
rademacher,183,OMP,optimized,0.0005571130022872239,5.29149838257581e-05,2.24350078497082e-05,0.00021931895753368735,7.472994911950082e-05,0.000114336988190189
rademacher,184,OMP,baseline,0.0010681050043785945,6.694700277876109e-05,0.00010557795758359134,0.00043239396472927183,9.986500663217157e-05,0.0
rademacher,184,OMP,optimized,0.0006223039963515475,5.8061006711795926e-05,2.48159485636279e-05,0.0002322200161870569,7.845503569114953e-05,0.00014841996016912162
rademacher,185,OMP,baseline,0.0010627409938024357,6.468399078585207e-05,0.00010558401118032634,0.0004104229883523658,0.00011299501056782901,0.0
rademacher,185,OMP,optimized,0.0005604790057986975,5.420198431238532e-05,2.2339023416861892e-05,0.00021880499843973666,7.49149767216295e-05,0.00011502498819027096
rademacher,186,OMP,baseline,0.0010508210107218474,6.541702896356583e-05,0.00010587098950054497,0.0004093700263183564,9.9423952633515e-05,0.0
rademacher,186,OMP,optimized,0.0007190049946075305,5.967501783743501e-05,2.516299718990922e-05,0.000310538976918906,8.602702291682363e-05,0.0001227519678650424
rademacher,187,OMP,baseline,0.001979585998924449,0.0001287520572077483,0.0002572030352894217,0.0007498950144508854,0.00020170498464722186,0.0
rademacher,187,OMP,optimized,0.00060182400920894,5.4392992751672864e-05,2.753600711002946e-05,0.0002273290156153962,7.800597813911736e-05,0.00012115697609260678
rademacher,188,OMP,baseline,0.0021048199996585026,0.00012994396092835814,0.00022743598674423993,0.0008033329795580357,0.0002105059684254229,0.0
rademacher,188,OMP,optimized,0.0013290389906615019,0.0001525979896541685,6.140003097243607e-05,0.0005139220011187717,0.00018418501713313162,0.00026596900715958327
rademacher,189,OMP,baseline,0.002148232000763528,0.00013332498201634735,0.0002330460265511647,0.000815118954051286,0.00022376903507392853,0.0
rademacher,189,OMP,optimized,0.0012157500023022294,0.00010733204544521868,5.402798706199974e-05,0.0005002049874747172,0.00017657205171417445,0.0002406620333204046
rademacher,190,OMP,baseline,0.0012514539994299412,0.0001280110009247437,0.0001360130263492465,0.0004712179797934368,0.00011469598393887281,0.0
rademacher,190,OMP,optimized,0.000630769005510956,6.535199645441025e-05,3.3091026125475764e-05,0.0002473510103300214,7.971804006956518e-05,0.0001270990032935515
rademacher,191,OMP,baseline,0.0010664000001270324,6.86719868099317e-05,0.00010588903387542814,0.00041309902735520154,9.396197856403887e-05,0.0
rademacher,191,OMP,optimized,0.0005548840126721188,5.186800262890756e-05,2.281797060277313e-05,0.0002198829606641084,7.300300057977438e-05,0.00011666298087220639
rademacher,192,OMP,baseline,0.001059975998941809,7.608001760672778e-05,0.00010377097351010889,0.0004180800315225497,0.00010250095510855317,0.0
rademacher,192,OMP,optimized,0.0006829539925092831,7.271200593095273e-05,2.7597983716987073e-05,0.00028070100233890116,8.853701001498848e-05,0.00013002101331949234
rademacher,193,OMP,baseline,0.0012642250076169148,6.829699850641191e-05,0.00020314300491008908,0.00048303599760401994,0.00011160002031829208,0.0
rademacher,193,OMP,optimized,0.0007106470002327114,9.745803254190832e-05,3.3428979804739356e-05,0.00028232600016053766,8.570599311497062e-05,0.00012841600982937962
rademacher,194,OMP,baseline,0.0012086139904567972,7.796702266205102e-05,0.00020728498930111527,0.00041890704596880823,0.00011099199764430523,0.0
rademacher,194,OMP,optimized,0.0005615440022666007,6.142798520158976e-05,2.285200753249228e-05,0.0002200719463871792,7.304192695301026e-05,0.00011380203068256378
rademacher,195,OMP,baseline,0.0013906599924666807,7.822098268661648e-05,0.00012147899542469531,0.0005585280159721151,0.00014010400627739727,0.0
rademacher,195,OMP,optimized,0.0008579739951528609,6.974504503887147e-05,3.244497929699719e-05,0.000301429012324661,0.00016686602612026036,0.00018811700283549726
rademacher,196,OMP,baseline,0.0022494519944302738,0.00013598300574813038,0.0002546540054026991,0.0008644870249554515,0.0002195340202888474,0.0
rademacher,196,OMP,optimized,0.0012129189999541268,0.00012230398715473711,5.9623009292408824e-05,0.00048198395234066993,0.00017498599481768906,0.0002341519866604358
rademacher,197,OMP,baseline,0.0011041469988413155,6.948401278350502e-05,0.00011062900011893362,0.00043111099512316287,0.00010251703497488052,0.0
rademacher,197,OMP,optimized,0.0006049700023140758,5.69389812881127e-05,2.425798447802663e-05,0.00025049100804608315,7.705102325417101e-05,0.0001207829627674073
rademacher,198,OMP,baseline,0.001061546994606033,7.153302431106567e-05,0.00010249504703097045,0.0004241580027155578,0.00010390396346338093,0.0
rademacher,198,OMP,optimized,0.000542006004252471,5.976702959742397e-05,2.069098991341889e-05,0.0002101980207953602,7.218799146357924e-05,0.00011000203085131943
rademacher,199,OMP,baseline,0.0011364240053808317,7.87570170359686e-05,0.0001170639880001545,0.0004366839857539162,0.00010813302651513368,0.0
rademacher,199,OMP,optimized,0.0006556070002261549,6.967499211896211e-05,2.395796764176339e-05,0.0002886960137402639,7.985401316545904e-05,0.00011668901424854994
rademacher,200,OMP,baseline,0.0011001870007021353,7.489201379939914e-05,0.00010494905291125178,0.0004246369644533843,0.00010330203804187477,0.0
rademacher,200,OMP,optimized,0.0005841090023750439,7.202700362540781e-05,2.3392000002786517e-05,0.00022521198843605816,7.583401747979224e-05,0.00011777303006965667
rademacher,201,OMP,baseline,0.0012773900089086965,7.910204294603318e-05,0.000115082977572456,0.0005548479821300134,0.00013335798576008528,0.0
rademacher,201,OMP,optimized,0.0006384860025718808,5.8521953178569674e-05,2.681203477550298e-05,0.00024191105330828577,8.099796832539141e-05,0.00014311405539046973
rademacher,202,OMP,baseline,0.002178711991291493,0.00014596901019103825,0.00022273197828326374,0.0008028449810808524,0.00023832099395804107,0.0
rademacher,202,OMP,optimized,0.0012339920067461208,0.00011810894648078829,5.1614028052426875e-05,0.00048261099436786026,0.00017240899614989758,0.0002738899929681793
rademacher,203,OMP,baseline,0.001087569005903788,6.491004023700953e-05,0.00010542603558860719,0.0004409650282468647,0.00010360094893258065,0.0
rademacher,203,OMP,optimized,0.0006366260058712214,5.86300011491403e-05,2.4537992430850863e-05,0.00023985699226614088,8.714597788639367e-05,0.00013154304178897291
rademacher,204,OMP,baseline,0.0011206839990336448,7.63870048103854e-05,0.00013272700016386807,0.0004406429798109457,0.00010380300227552652,0.0
rademacher,204,OMP,optimized,0.0006975500000407919,6.482900062110275e-05,2.3659973521716893e-05,0.00023419500212185085,8.282402995973825e-05,0.00021479598945006728
rademacher,205,OMP,baseline,0.0015286299894796684,7.885601371526718e-05,0.00012745900312438607,0.0006140610348666087,0.0001236990065081045,0.0
rademacher,205,OMP,optimized,0.0005895820067962632,5.748400872107595e-05,2.359700738452375e-05,0.00022940599592402577,7.749101496301591e-05,0.0001247790060006082
rademacher,206,OMP,baseline,0.001232081005582586,8.241098839789629e-05,0.00011899297533091158,0.0004891599965048954,0.00012041599256917834,0.0
rademacher,206,OMP,optimized,0.0007107150013325736,7.663802534807473e-05,2.764097007457167e-05,0.00026861602964345366,9.16339922696352e-05,0.00014230298984330148
rademacher,207,OMP,baseline,0.0020909730083076283,0.0001309570507146418,0.0002574850368546322,0.0007884670048952103,0.00020178699924144894,0.0
rademacher,207,OMP,optimized,0.0006307870062300935,5.7837998610921204e-05,2.6435009203851223e-05,0.0002561510482337326,8.419602818321437e-05,0.0001261080033145845
rademacher,208,OMP,baseline,0.001071751001290977,7.392995757982135e-05,0.00010817695874720812,0.00042710202978923917,0.00010316398402210325,0.0
rademacher,208,OMP,optimized,0.0006599350017495453,7.002998609095812e-05,2.543299342505634e-05,0.00025306201132480055,8.314801380038261e-05,0.00014800798089709133
rademacher,209,OMP,baseline,0.0012398480030242354,7.476803148165345e-05,0.00011861299572046846,0.0005094049993203953,0.00013041301281191409,0.0
rademacher,209,OMP,optimized,0.0005858619988430291,5.581699952017516e-05,2.3455999325960875e-05,0.00024009599292185158,7.312698289752007e-05,0.00011918396921828389
rademacher,210,OMP,baseline,0.00113928499922622,8.103999425657094e-05,0.0001122040266636759,0.00045059301191940904,0.0001118860236601904,0.0
rademacher,210,OMP,optimized,0.0006403610022971407,7.175498467404395e-05,2.5033019483089447e-05,0.0002456819929648191,8.157295815180987e-05,0.0001385360083077103
rademacher,211,OMP,baseline,0.0010676809906726703,6.669494905509055e-05,0.00010683000436984003,0.00042312301229685545,0.00010727901826612651,0.0
rademacher,211,OMP,optimized,0.0007487620023312047,7.67420424381271e-05,3.0436989618465304e-05,0.00029790699773002416,0.00010180901153944433,0.00014192596427164972
rademacher,212,OMP,baseline,0.0016135289915837348,0.00010564802505541593,0.00016206402506213635,0.0006061569874873385,0.00018334999913349748,0.0
rademacher,212,OMP,optimized,0.0008289870020234957,8.562100993003696e-05,3.892197855748236e-05,0.00030879095720592886,0.00013599099474959075,0.00016483398212585598
rademacher,213,OMP,baseline,0.0010767830099212006,6.74150069244206e-05,0.00012265595432836562,0.0004338579747127369,9.980201139114797e-05,0.0
rademacher,213,OMP,optimized,0.0006416949909180403,6.326797301881015e-05,2.5334025849588215e-05,0.00025943401851691306,8.232104300986975e-05,0.00013398501323536038
rademacher,214,OMP,baseline,0.0011904749990208074,8.110098133329302e-05,0.0001212920033140108,0.0004721570003312081,0.00011953298235312104,0.0
rademacher,214,OMP,optimized,0.0006342010019579902,8.624297333881259e-05,2.4109016521833837e-05,0.0002405350242042914,8.103899017442018e-05,0.00012558700109366328
rademacher,215,OMP,baseline,0.0010922609944827855,6.753897469025105e-05,0.00010397902224212885,0.00044362198968883604,0.00010244200529996306,0.0
rademacher,215,OMP,optimized,0.0005887339939363301,5.514900840353221e-05,2.270098775625229e-05,0.00022951998107600957,7.761998858768493e-05,0.00012687101843766868
rademacher,216,OMP,baseline,0.0012972960103070363,9.98119794530794e-05,0.0001210270420415327,0.0004772290412802249,0.00016727503680158406,0.0
rademacher,216,OMP,optimized,0.0006855779938632622,7.196197111625224e-05,4.40549774793908e-05,0.00026471997261978686,9.3046051915735e-05,0.00012839000555686653
rademacher,217,OMP,baseline,0.0010087690025102347,6.280902016442269e-05,0.00010207902232650667,0.000407669969717972,9.061000309884548e-05,0.0
rademacher,217,OMP,optimized,0.0006457350100390613,8.321194036398083e-05,2.4056018446572125e-05,0.00023884001711849123,8.298500324599445e-05,0.000124297002912499
rademacher,218,OMP,baseline,0.0022743830049876124,0.00015563199121970683,0.00020756300364155322,0.0008993570227175951,0.0002748099941527471,0.0
rademacher,218,OMP,optimized,0.0006957519944990054,8.953700307756662e-05,2.5139990611933172e-05,0.0002439689851598814,0.00010267803736496717,0.00014697799633722752
rademacher,219,OMP,baseline,0.0011612119997153059,7.072198786772788e-05,0.00015104498015716672,0.00044028699630871415,0.00010682399442885071,0.0
rademacher,219,OMP,optimized,0.000743985001463443,6.868796481285244e-05,4.823799827136099e-05,0.0002560530119808391,8.625996997579932e-05,0.00017394000315107405
rademacher,220,OMP,baseline,0.001018555005430244,7.348600775003433e-05,0.0001007209939416498,0.00039722897054161876,9.861798025667667e-05,0.0
rademacher,220,OMP,optimized,0.0005990150093566626,6.597403262276202e-05,2.3204018361866474e-05,0.000242205016547814,7.720899884589016e-05,0.00011604101746343076
rademacher,221,OMP,baseline,0.001048878999426961,6.28749985480681e-05,0.00010253900836687535,0.00041540301754139364,0.00011116500536445528,0.0
rademacher,221,OMP,optimized,0.0006310340104391798,5.725100345443934e-05,2.4376000510528684e-05,0.00026391903520561755,8.508298196829855e-05,0.00012287400022614747
rademacher,222,OMP,baseline,0.0010334869875805452,6.317102815955877e-05,0.00010553497122600675,0.00041046098340302706,9.207500261254609e-05,0.0
rademacher,222,OMP,optimized,0.0005726230010623112,5.3440031479112804e-05,3.043899778276682e-05,0.00023034602054394782,7.259902486111969e-05,0.00011580601858440787
rademacher,223,OMP,baseline,0.0023562049900647253,0.0001448390248697251,0.0002493819920346141,0.0009161520283669233,0.00022970499412622303,0.0
rademacher,223,OMP,optimized,0.0013447669916786253,0.00012141499610152096,6.538697925861925e-05,0.0005196169950067997,0.00020444198162294924,0.0002680529869394377
rademacher,224,OMP,baseline,0.0014893530023982748,0.00010531500447541475,0.0001435930171282962,0.0005316050519468263,0.00012812096974812448,0.0
rademacher,224,OMP,optimized,0.001359771005809307,0.00016353103274013847,5.897706432733685e-05,0.0005265890067676082,0.00018754501070361584,0.00026403399533592165
rademacher,225,OMP,baseline,0.0010594310006126761,6.529301754198968e-05,0.00010368203220423311,0.00043247698340564966,0.00010026904055848718,0.0
rademacher,225,OMP,optimized,0.0005514610093086958,5.223798507358879e-05,2.1526997443288565e-05,0.000216142027056776,7.314399408642203e-05,0.00011156599794048816
rademacher,226,OMP,baseline,0.001039643000694923,6.330800533760339e-05,0.00010114397446159273,0.0004016849852632731,0.00011738098692148924,0.0
rademacher,226,OMP,optimized,0.0006724099948769435,5.980198329780251e-05,2.6614958187565207e-05,0.0002681579935597256,9.319002856500447e-05,0.00012895502732135355
rademacher,227,OMP,baseline,0.0010754489921964705,6.675199256278574e-05,0.00010623401612974703,0.00043727902811951935,0.00010337401181459427,0.0
rademacher,227,OMP,optimized,0.0005553340015467256,5.476103979162872e-05,2.283704816363752e-05,0.00022019397874828428,7.444700167980045e-05,0.00011362499208189547
rademacher,228,OMP,baseline,0.001993052996112965,0.00013989898434374481,0.00021248798293527216,0.0007448720280081034,0.000206760989385657,0.0
rademacher,228,OMP,optimized,0.0010360990127082914,9.159799083136022e-05,4.38130518887192e-05,0.0004216200177324936,0.00014717303565703332,0.00020772502466570586
rademacher,229,OMP,baseline,0.002036780002526939,0.00012668699491769075,0.00021274104074109346,0.0007960310176713392,0.00019861092732753605,0.0
rademacher,229,OMP,optimized,0.0011037529911845922,0.00010186698636971414,4.748899664264172e-05,0.00044705800246447325,0.00015741602692287415,0.0002226670185336843
rademacher,230,OMP,baseline,0.002122958001564257,0.00014731897681485862,0.00024122798640746623,0.0008021179673960432,0.0002048480382654816,0.0
rademacher,230,OMP,optimized,0.0011329080007271841,0.00010226492304354906,5.1126015023328364e-05,0.0004603079578373581,0.00016207998851314187,0.00022631596948485821
rademacher,231,OMP,baseline,0.0010939880012301728,7.287203334271908e-05,0.00010978500358760357,0.000412348032114096,0.00010299799032509327,0.0
rademacher,231,OMP,optimized,0.0005910170002607629,7.152299804147333e-05,2.4326014681719244e-05,0.00022690300829708576,7.735299004707485e-05,0.00011859896767418832
rademacher,232,OMP,baseline,0.001022260999889113,6.679401849396527e-05,0.00010291003854945302,0.0004015509766759351,9.253399912267923e-05,0.0
rademacher,232,OMP,optimized,0.0006193360022734851,6.7858025431633e-05,2.5330009520985186e-05,0.00024677500186953694,8.180901932064444e-05,0.00012155597505625337
rademacher,233,OMP,baseline,0.0013840920000802726,0.00012942298781126738,0.00014740902406629175,0.0005687890079570934,0.0001249170018127188,0.0
rademacher,233,OMP,optimized,0.0006770559994038194,5.620699084829539e-05,2.483901334926486e-05,0.00024080404546111822,8.043501293286681e-05,0.00019473402062430978
rademacher,234,OMP,baseline,0.0011654939880827442,7.583996921312064e-05,0.00011193598038516939,0.0004796410212293267,0.00010867400851566344,0.0
rademacher,234,OMP,optimized,0.0005438990046968684,5.315100133884698e-05,2.1425978047773242e-05,0.00021924903558101505,7.288201595656574e-05,0.00011064998398069292
rademacher,235,OMP,baseline,0.0011736050073523074,7.796498539391905e-05,0.00011096695379819721,0.00047285504115279764,0.00010536402987781912,0.0
rademacher,235,OMP,optimized,0.0005380869988584891,5.1866009016521275e-05,2.1141968318261206e-05,0.00021278898930177093,7.166297291405499e-05,0.00011000700760632753
rademacher,236,OMP,baseline,0.0020269520027795807,0.00012664996029343456,0.0002160339499823749,0.0007676469977013767,0.00019668397726491094,0.0
rademacher,236,OMP,optimized,0.0011175749968970194,9.859801502898335e-05,4.742102464661002e-05,0.00042554600804578513,0.00019586997223086655,0.000222175003727898
rademacher,237,OMP,baseline,0.0011170070065418258,6.552398554049432e-05,0.00012127099034842104,0.0004407430096762255,0.00010935997124761343,0.0
rademacher,237,OMP,optimized,0.0005250749964034185,5.1605020416900516e-05,2.1541010937653482e-05,0.00021003202709835023,7.067693513818085e-05,0.00010724797903094441
rademacher,238,OMP,baseline,0.0010608799930196255,6.72670139465481e-05,0.00010038998152595013,0.0004433810099726543,9.603900252841413e-05,0.0
rademacher,238,OMP,optimized,0.0006081259925849736,5.5374999647028744e-05,2.4056018446572125e-05,0.0002547380281612277,7.905195525381714e-05,0.00011979500413872302
rademacher,239,OMP,baseline,0.001023510005325079,7.396598812192678e-05,0.0001039779745042324,0.0004015880113001913,9.668398706708103e-05,0.0
rademacher,239,OMP,optimized,0.0005510299961315468,5.5138967582024634e-05,2.7408023015595973e-05,0.00021498998103197664,7.297897536773235e-05,0.00011208397336304188
rademacher,240,OMP,baseline,0.0011068000021623448,8.607099880464375e-05,0.00010775499686133116,0.0004090540314791724,0.00010750803630799055,0.0
rademacher,240,OMP,optimized,0.0005555889947572723,6.113603012636304e-05,2.135096292477101e-05,0.00021736000780947506,7.315498078241944e-05,0.00010947597911581397
rademacher,241,OMP,baseline,0.0010563060059212148,6.19919883320108e-05,0.0001036420144373551,0.00042853999184444547,9.63900238275528e-05,0.0
rademacher,241,OMP,optimized,0.000550875993212685,5.230202805250883e-05,2.1854022634215653e-05,0.00021807399753015488,7.467501563951373e-05,0.00011261295003350824
rademacher,242,OMP,baseline,0.0010240810079267249,7.377199654001743e-05,0.0001056949986377731,0.0004024620138807222,8.981899009086192e-05,0.0
rademacher,242,OMP,optimized,0.0005784410022897646,5.1804003305733204e-05,3.497498983051628e-05,0.00022515100135933608,7.525002001784742e-05,0.00011590501526370645
rademacher,243,OMP,baseline,0.0010302879964001477,6.933700933586806e-05,9.784802387002856e-05,0.00041102296381723136,0.00010150705929845572,0.0
rademacher,243,OMP,optimized,0.0005514229997061193,6.0272999689914286e-05,2.1350017050281167e-05,0.0002129369677277282,7.252898649312556e-05,0.00010957603808492422
rademacher,244,OMP,baseline,0.0010500539938220754,6.02240179432556e-05,0.00010985994595102966,0.00043165203533135355,9.65809595072642e-05,0.0
rademacher,244,OMP,optimized,0.0005760260100942105,5.027101724408567e-05,2.2368069039657712e-05,0.00022095497115515172,7.590996392536908e-05,0.00013476601452566683
rademacher,245,OMP,baseline,0.0010854569991352037,7.413100684061646e-05,0.00010458800534252077,0.0004238800174789503,0.00010211902554146945,0.0
rademacher,245,OMP,optimized,0.0005594789981842041,6.070004019420594e-05,2.89129966404289e-05,0.00021860198467038572,7.116400229278952e-05,0.00011074299982283264
rademacher,246,OMP,baseline,0.0010331740049878135,6.308397860266268e-05,0.00010195405047852546,0.00040895698475651443,0.00010009096877183765,0.0
rademacher,246,OMP,optimized,0.0006305589922703803,5.637298454530537e-05,2.4107954232022166e-05,0.00026340194744989276,8.129797060973942e-05,0.0001296639966312796
rademacher,247,OMP,baseline,0.0009998199966503307,6.606198439840227e-05,9.697799396235496e-05,0.0003914669941877946,9.206205140799284e-05,0.0
rademacher,247,OMP,optimized,0.000598816986894235,6.21510116616264e-05,2.3428976419381797e-05,0.00022296799579635262,9.268001304008067e-05,0.00012423802400007844
rademacher,248,OMP,baseline,0.0009909119980875403,5.865802813787013e-05,9.785300062503666e-05,0.00040697901567909867,8.947600144892931e-05,0.0
rademacher,248,OMP,optimized,0.0005336570029612631,5.128099292051047e-05,2.610802766866982e-05,0.00020760799816343933,7.055496098473668e-05,0.00010978798673022538
rademacher,249,OMP,baseline,0.0011302280036034063,7.516898040194064e-05,0.00010581300011835992,0.00046669598668813705,0.0001113259932026267,0.0
rademacher,249,OMP,optimized,0.0005418609944172204,6.012896483298391e-05,2.1646017557941377e-05,0.00021173499408178031,7.094501052051783e-05,0.0001095389889087528
rademacher,250,OMP,baseline,0.0010246360034216195,6.080401362851262e-05,0.00010155903873965144,0.0004079340142197907,9.124397183768451e-05,0.0
rademacher,250,OMP,optimized,0.0005257589946268126,4.9987007514573634e-05,2.1001033019274473e-05,0.00021129801461938769,7.083399395924062e-05,0.00010844496136996895
rademacher,251,OMP,baseline,0.0011527180031407624,7.692500366829336e-05,0.00010870398546103388,0.0004616660007741302,0.00012982403859496117,0.0
rademacher,251,OMP,optimized,0.0006004939932608977,6.0960985138081014e-05,3.2373020076192915e-05,0.00022697000531479716,7.284599996637553e-05,0.0001347619981970638
rademacher,252,OMP,baseline,0.0010921310022240505,6.195396417751908e-05,0.0001408799726050347,0.0004114089970244095,0.00010845296492334455,0.0
rademacher,252,OMP,optimized,0.0005194460100028664,4.92080143885687e-05,2.072304778266698e-05,0.0002044749999186024,6.956401921343058e-05,0.0001068330166162923
rademacher,253,OMP,baseline,0.000992478002444841,6.738101365044713e-05,9.555603901389986e-05,0.0004029449919471517,9.309199231211096e-05,0.0
rademacher,253,OMP,optimized,0.0013274700031615794,0.0001060689683072269,4.37440030509606e-05,0.00048553703527431935,0.0001622139971004799,0.0002907360321842134
rademacher,254,OMP,baseline,0.0011562940053408965,7.02379911672324e-05,0.00011038499360438436,0.000445867030066438,0.00013522501103579998,0.0
rademacher,254,OMP,optimized,0.0005653109983541071,5.652599793393165e-05,2.2510968847200274e-05,0.00021319599181879312,7.298396667465568e-05,0.00012067695206496865
rademacher,255,OMP,baseline,0.001072511004167609,7.133599137887359e-05,0.00010463799117133021,0.0004331640084274113,0.00010374694829806685,0.0
rademacher,255,OMP,optimized,0.0005723869981011376,6.314599886536598e-05,2.4425986339338124e-05,0.00022273400099948049,7.306999759748578e-05,0.000114336988190189
rademacher,256,OMP,baseline,0.001012271997751668,6.059098814148456e-05,0.00010187904990743846,0.0004106740088900551,8.921402331907302e-05,0.0
rademacher,256,OMP,optimized,0.0005779269995400682,6.241098162718117e-05,2.3713975679129362e-05,0.00022205794812180102,7.715701940469444e-05,0.0001183900167234242
rademacher,257,OMP,baseline,0.0010371759999543428,7.520598592236638e-05,0.00010650498734321445,0.000404083970352076,9.924899495672435e-05,0.0
rademacher,257,OMP,optimized,0.0005900370015297085,6.378804391715676e-05,2.3680986487306654e-05,0.0002231379912700504,9.093897824641317e-05,0.00011378101771697402
rademacher,258,OMP,baseline,0.0020786910026799887,0.00015286599227692932,0.00023087004956323653,0.0007842700288165361,0.00019779901776928455,0.0
rademacher,258,OMP,optimized,0.0011388589919079095,9.358399256598204e-05,4.438904579728842e-05,0.0004152700275881216,0.00015135099238250405,0.0002253800048492849
rademacher,259,OMP,baseline,0.0020721070031868294,0.00012815999798476696,0.0002123489830410108,0.0007867279928177595,0.0002204760239692405,0.0
rademacher,259,OMP,optimized,0.0005363939999369904,6.149898399598897e-05,2.1629020920954645e-05,0.0002087860048050061,6.997799209784716e-05,0.00010694903903640807
rademacher,260,OMP,baseline,0.0009922510071191937,6.248799036256969e-05,9.996899461839348e-05,0.00038965103158261627,8.842295210342854e-05,0.0
rademacher,260,OMP,optimized,0.0005395369953475893,5.198197322897613e-05,2.1343003027141094e-05,0.0002117049734806642,7.321500743273646e-05,0.00011079300020355731
rademacher,261,OMP,baseline,0.0010432499984744936,7.352295506279916e-05,0.00010325001494493335,0.0003973829880123958,9.878499258775264e-05,0.0
rademacher,261,OMP,optimized,0.0005851489986525849,6.031303200870752e-05,2.2262989659793675e-05,0.00023962196428328753,7.599896343890578e-05,0.00011247198563069105
rademacher,262,OMP,baseline,0.0013164979900466278,7.569501758553088e-05,0.00012256299669388682,0.0005778240301879123,0.0001275209797313437,0.0
rademacher,262,OMP,optimized,0.0011260879982728511,0.0001039249764289707,4.909599374514073e-05,0.0004930980067001656,0.00015567503578495234,0.000215750013012439
rademacher,263,OMP,baseline,0.0009767440060386434,6.880395812913775e-05,9.363902790937573e-05,0.0003904480399796739,9.181398490909487e-05,0.0
rademacher,263,OMP,optimized,0.0008393099997192621,9.661103831604123e-05,6.955098069738597e-05,0.00028325896710157394,9.790099284145981e-05,0.00018118599837180227
rademacher,264,OMP,baseline,0.001006067992420867,7.546899723820388e-05,0.00010000696056522429,0.00039534398820251226,8.883408736437559e-05,0.0
rademacher,264,OMP,optimized,0.0005845340056112036,5.520698323380202e-05,2.3515007342211902e-05,0.00022747401089873165,8.220999734476209e-05,0.00011614197865128517
rademacher,265,OMP,baseline,0.001116708997869864,6.915802077855915e-05,0.00010538501373957843,0.0004176660004304722,0.00013214100908953696,0.0
rademacher,265,OMP,optimized,0.0005441999965114519,5.414600309450179e-05,2.18079803744331e-05,0.00021774202468805015,7.223602733574808e-05,0.0001102620008168742
rademacher,266,OMP,baseline,0.0010908140102401376,6.978002784308046e-05,0.00010533399472478777,0.00041465400136075914,0.0001254399976460263,0.0
rademacher,266,OMP,optimized,0.0005384889955166727,5.2095012506470084e-05,2.1853993530385196e-05,0.00021422599093057215,7.13410263415426e-05,0.00010963698150590062
rademacher,267,OMP,baseline,0.0021428620093502104,0.00013309100177139044,0.0002444579731673002,0.0008227199868997559,0.00020829698769375682,0.0
rademacher,267,OMP,optimized,0.0010571940074441954,9.399300324730575e-05,4.5222986955195665e-05,0.00040802602597977966,0.00014717598969582468,0.00021555095736403018
rademacher,268,OMP,baseline,0.0028910330001963302,0.0001671669742790982,0.00038558202504646033,0.0009681870287749916,0.000325883025652729,0.0
rademacher,268,OMP,optimized,0.0006535319989779964,8.343702938873321e-05,2.608199429232627e-05,0.00023747398518025875,7.981903036125004e-05,0.00012634499580599368
rademacher,269,OMP,baseline,0.0009875799878500402,6.12990406807512e-05,9.970500832423568e-05,0.0003913320251740515,9.036096162162721e-05,0.0
rademacher,269,OMP,optimized,0.0005420029920060188,5.169695941731334e-05,2.1602027118206024e-05,0.00021309299336280674,7.32810003682971e-05,0.00011155901302117854
rademacher,270,OMP,baseline,0.002445840000291355,0.00014926001313142478,0.00023898796644061804,0.0009568060195306316,0.00026936200447380543,0.0
rademacher,270,OMP,optimized,0.0005524559965124354,5.6671007769182324e-05,2.3325017536990345e-05,0.00021678100165445358,7.073204324115068e-05,0.0001137049839599058
rademacher,271,OMP,baseline,0.0009709799924166873,6.084900815039873e-05,9.630799468141049e-05,0.0003823540610028431,8.621500455774367e-05,0.0
rademacher,271,OMP,optimized,0.0005596739938482642,5.106699245516211e-05,2.1970990928821266e-05,0.00021501399169210345,7.460798951797187e-05,0.0001280049909837544
rademacher,272,OMP,baseline,0.0009995699947467074,8.597399573773146e-05,0.00010149599984288216,0.000381707024644129,8.731498382985592e-05,0.0
rademacher,272,OMP,optimized,0.0005842030077474192,5.426302959676832e-05,2.408403088338673e-05,0.0002298729814356193,7.670400373172015e-05,0.00012459300342015922
rademacher,273,OMP,baseline,0.0009812500065891072,6.27480330877006e-05,9.927700739353895e-05,0.0003906089550582692,8.947400783654302e-05,0.0
rademacher,273,OMP,optimized,0.0005297919997246936,5.0559043302200735e-05,2.0395018509589136e-05,0.00020954899082425982,7.179001113399863e-05,0.0001070250291377306
rademacher,274,OMP,baseline,0.0010528610000619665,6.623902299907058e-05,0.00010320798901375383,0.00042906102316919714,9.448500350117683e-05,0.0
rademacher,274,OMP,optimized,0.0006950480019440874,6.380800914485008e-05,2.5068962713703513e-05,0.00029590104531962425,8.651500684209168e-05,0.00014291195839177817
rademacher,275,OMP,baseline,0.0010392010008217767,6.548302189912647e-05,0.00010645398288033903,0.0004109819565201178,9.096800931729376e-05,0.0
rademacher,275,OMP,optimized,0.000601079998887144,5.567498737946153e-05,2.3250002413988113e-05,0.00022787800116930157,7.883804209996015e-05,0.00012267500278539956
rademacher,276,OMP,baseline,0.0011689340026350692,7.63599673518911e-05,0.0001343599724350497,0.00043784096487797797,0.00014653099060524255,0.0
rademacher,276,OMP,optimized,0.0006698989891447127,6.415406824089587e-05,2.7852976927533746e-05,0.0002713549620239064,8.714298019185662e-05,0.0001343979820376262
rademacher,277,OMP,baseline,0.001068736004526727,6.552900595124811e-05,0.00010620204557199031,0.00043259501399006695,9.983802738133818e-05,0.0
rademacher,277,OMP,optimized,0.0005493949865922332,5.3198018576949835e-05,2.1891974029131234e-05,0.00021502298477571458,7.597298827022314e-05,0.00011169601930305362
rademacher,278,OMP,baseline,0.0010045050003100187,6.299896631389856e-05,9.918796422425658e-05,0.0004027619870612398,9.445306204725057e-05,0.0
rademacher,278,OMP,optimized,0.0005383139941841364,5.5110009270720184e-05,2.2594016627408564e-05,0.00021029097842983902,6.949402450118214e-05,0.00011181396257597953
rademacher,279,OMP,baseline,0.0010228939936496317,6.130998372100294e-05,0.0001007730170385912,0.00041574698116164654,9.345503349322826e-05,0.0
rademacher,279,OMP,optimized,0.001350800012005493,0.00012841299758292735,4.835698928218335e-05,0.0005091880011605099,0.00023197401606012136,0.0002841199457179755
rademacher,280,OMP,baseline,0.0011540609993971884,8.599898137617856e-05,0.0001119539956562221,0.0004388439847389236,9.89610271062702e-05,0.0
rademacher,280,OMP,optimized,0.0006843489973107353,5.5858021369203925e-05,2.5353976525366306e-05,0.000312785996356979,8.306601375807077e-05,0.00011817207268904895
rademacher,281,OMP,baseline,0.0017164270102512091,0.00010310599463991821,0.00017526299052406102,0.0006184599915286526,0.00014439900405704975,0.0
rademacher,281,OMP,optimized,0.0011004330008290708,9.798705286812037e-05,4.644598811864853e-05,0.0004491720028454438,0.0001665209565544501,0.00021852197824046016
rademacher,282,OMP,baseline,0.0019523889932315797,0.0001292540255235508,0.00020376199972815812,0.000748707985621877,0.00019313300435896963,0.0
rademacher,282,OMP,optimized,0.0011157280096085742,0.00010446799569763243,4.844000795856118e-05,0.00046770602057222277,0.0001629679900361225,0.00021024896705057472
rademacher,283,OMP,baseline,0.001230330002726987,9.122899791691452e-05,0.00011988503683824092,0.00044095999328419566,0.00016291000065393746,0.0
rademacher,283,OMP,optimized,0.000614008997217752,7.092999294400215e-05,2.4110035155899823e-05,0.0002446420257911086,7.526500849053264e-05,0.00012232900189701468
rademacher,284,OMP,baseline,0.000981921999482438,6.91829773131758e-05,9.785103611648083e-05,0.0003905170160578564,9.323499398306012e-05,0.0
rademacher,284,OMP,optimized,0.0007674209919059649,6.73560134600848e-05,2.6075023924931884e-05,0.0003099049790762365,9.500898886471987e-05,0.0001875200105132535
rademacher,285,OMP,baseline,0.0011201860033906996,8.594997052568942e-05,0.00010791199747473001,0.00042928797483909875,0.00010600504174362868,0.0
rademacher,285,OMP,optimized,0.0005505470035132021,6.164901424199343e-05,2.2618944058194757e-05,0.00021467702754307538,7.047403778415173e-05,0.00010794898844324052
rademacher,286,OMP,baseline,0.0019929810077883303,0.00011940000695176423,0.00021114401170052588,0.0007767110073473305,0.00022298996918834746,0.0
rademacher,286,OMP,optimized,0.0007480000058421865,7.110598380677402e-05,3.058298898395151e-05,0.00030523301393259317,0.00011396699119359255,0.00012917205458506942
rademacher,287,OMP,baseline,0.0011510530021041632,8.88869835762307e-05,0.00010718601697590202,0.00046089898387435824,0.00010976799239870161,0.0
rademacher,287,OMP,optimized,0.0005465379945235327,6.126395601313561e-05,2.1861036657355726e-05,0.00021292301244102418,7.238602847792208e-05,0.00010945201211143285
rademacher,288,OMP,baseline,0.0010282260045642033,6.193498848006129e-05,0.0001004939986160025,0.00042139105789829046,9.623699588701129e-05,0.0
rademacher,288,OMP,optimized,0.0005574719980359077,5.2252973546274006e-05,2.3486980353482068e-05,0.00021415897936094552,7.160202949307859e-05,0.00011267498484812677
rademacher,289,OMP,baseline,0.0010358860017731786,7.07400031387806e-05,0.00010287198529113084,0.00040844899194780737,0.00010000298789236695,0.0
rademacher,289,OMP,optimized,0.0006269919977057725,7.533002644777298e-05,2.3669024812988937e-05,0.00023271501413546503,7.793499389663339e-05,0.0001398599852109328
rademacher,290,OMP,baseline,0.0009902479941956699,6.155698793008924e-05,9.738301741890609e-05,0.0004021290224045515,8.807498670648783e-05,0.0
rademacher,290,OMP,optimized,0.0005791570001747459,7.716298568993807e-05,2.1140018361620605e-05,0.0002174740075133741,7.534796895924956e-05,0.00011303502833470702
rademacher,291,OMP,baseline,0.0020012269960716367,0.00021080301667097956,0.00022462500783149153,0.0007894130103522912,0.00020302199118304998,0.0
rademacher,291,OMP,optimized,0.0006888719944981858,8.313299622386694e-05,2.7704023523256183e-05,0.00026522899861447513,9.012497321236879e-05,0.00013768502685707062
rademacher,292,OMP,baseline,0.0018473240052117035,0.00011717699817381799,0.00020615900575648993,0.0006789970502723008,0.000238224005443044,0.0
rademacher,292,OMP,optimized,0.000647840992314741,7.305196777451783e-05,2.777701593004167e-05,0.00025231002655345947,8.093699580058455e-05,0.0001328799844486639
rademacher,293,OMP,baseline,0.0011349109990987927,7.652198837604374e-05,0.00011097699461970478,0.00045618800504598767,0.00010960600047837943,0.0
rademacher,293,OMP,optimized,0.0005760799976997077,6.560498150065541e-05,2.194297849200666e-05,0.0002251810219604522,7.453901343978941e-05,0.00011506699956953526
rademacher,294,OMP,baseline,0.0010350490047130734,6.358003884088248e-05,0.00010516701149754226,0.00040649301081430167,9.216602484229952e-05,0.0
rademacher,294,OMP,optimized,0.0005215349956415594,5.1553957746364176e-05,2.0525010768324137e-05,0.00020809099078178406,6.9684989284724e-05,0.00010708201443776488
rademacher,295,OMP,baseline,0.00224109498958569,0.00013814900012221187,0.0002455890062265098,0.0008008950535440817,0.0002450339961796999,0.0
rademacher,295,OMP,optimized,0.0006216970068635419,6.852601654827595e-05,3.282900433987379e-05,0.00023986301675904542,7.908402767498046e-05,0.00012327100557740778
rademacher,296,OMP,baseline,0.0010396900033811107,6.439400021918118e-05,0.00011385299148969352,0.0004114559997105971,9.188200056087226e-05,0.0
rademacher,296,OMP,optimized,0.0005640809977194294,5.251099355518818e-05,2.277102612424642e-05,0.0002167670027120039,8.847897697705775e-05,0.00011367803381290287
rademacher,297,OMP,baseline,0.0010583460098132491,7.421898772008717e-05,0.00010320000001229346,0.00040125701343640685,0.0001038949703797698,0.0
rademacher,297,OMP,optimized,0.0005945159937255085,6.199399649631232e-05,3.7265956052578986e-05,0.00022854298003949225,7.42610136512667e-05,0.00011561199789866805
rademacher,298,OMP,baseline,0.001036318004480563,6.330900941975415e-05,0.00010480500350240618,0.00041414702718611807,9.793799836188555e-05,0.0
rademacher,298,OMP,optimized,0.0005876759969396517,5.4293021094053984e-05,2.341301296837628e-05,0.00022529602574650198,8.90889932634309e-05,0.00012172800779808313
rademacher,299,OMP,baseline,0.0022129420103738084,0.00021073997777421027,0.00022983703820500523,0.0008034670172492042,0.00020403102098498493,0.0
rademacher,299,OMP,optimized,0.0011045230057789013,0.00012507304199971259,4.934899334330112e-05,0.0004260499990778044,0.00015470599464606494,0.00022081099450588226
uniform,0,OMP,baseline,0.0010417739977128804,6.466600461862981e-05,0.00010743999155238271,0.0004212350322632119,8.853600593283772e-05,0.0
uniform,0,OMP,optimized,0.0005933509964961559,5.4169970098882914e-05,2.3649015929549932e-05,0.0002430879685562104,7.761603046674281e-05,0.0001178139791591093
uniform,1,OMP,baseline,0.0010083639936055988,6.541499169543386e-05,0.00010366701462771744,0.00039081201248336583,8.815301407594234e-05,0.0
uniform,1,OMP,optimized,0.0005539210105780512,5.292502464726567e-05,3.0382012482732534e-05,0.00021258000924717635,7.388097583316267e-05,0.0001128879957832396
uniform,2,OMP,baseline,0.0009665000106906518,6.298505468294024e-05,9.870200301520526e-05,0.0003804269799729809,9.036400297190994e-05,0.0
uniform,2,OMP,optimized,0.0005594890099018812,5.2842035074718297e-05,2.157398557756096e-05,0.000215005042264238,7.336403359659016e-05,0.00012652402801904827
uniform,3,OMP,baseline,0.0010620789980748668,6.515799032058567e-05,0.00010275097156409174,0.00043654099863488227,0.00010094299796037376,0.0
uniform,3,OMP,optimized,0.0005514560034498572,5.318898183759302e-05,2.2779990104027092e-05,0.0002151480148313567,7.425098738167435e-05,0.0001131269964389503
uniform,4,OMP,baseline,0.0010081220098072663,7.994701445568353e-05,0.00010448401735629886,0.00039581500459462404,9.409802441950887e-05,0.0
uniform,4,OMP,optimized,0.0005244810017757118,5.278103344608098e-05,2.478297392372042e-05,0.00020318699534982443,6.849496276117861e-05,0.00010611198376864195
uniform,5,OMP,baseline,0.0011045450082747266,6.524604395963252e-05,0.00010726301115937531,0.000454789973446168,0.00010801301687024534,0.0
uniform,5,OMP,optimized,0.000556617000256665,5.342703661881387e-05,2.298798062838614e-05,0.00021976596326567233,7.343897596001625e-05,0.00011381396325305104
uniform,6,OMP,baseline,0.0010287799959769472,6.299706001300365e-05,9.963198681361973e-05,0.0004235299857100472,9.832798969000578e-05,0.0
uniform,6,OMP,optimized,0.0005291529960231856,5.120100104250014e-05,2.0226987544447184e-05,0.00020277393923606724,6.845298048574477e-05,0.00010569702135398984
uniform,7,OMP,baseline,0.0010204380087088794,6.875398685224354e-05,0.00010546701378189027,0.0003903189644915983,9.03009349713102e-05,0.0
uniform,7,OMP,optimized,0.0005450949975056574,5.127403710503131e-05,2.8635025955736637e-05,0.00021326899877749383,7.161899702623487e-05,0.00011068602907471359
uniform,8,OMP,baseline,0.0013887899986002594,0.00016290097846649587,0.00015091703971847892,0.000521996000315994,0.00012236398470122367,0.0
uniform,8,OMP,optimized,0.0005374390020733699,5.0722999731078744e-05,2.1343003027141094e-05,0.00021310700685717165,7.087498670443892e-05,0.00011008199362549931
uniform,9,OMP,baseline,0.0011268759990343824,7.348001236096025e-05,0.00011705898214131594,0.00042950999340973794,9.816500823944807e-05,0.0
uniform,9,OMP,optimized,0.0005253550043562427,5.178195715416223e-05,2.111101639457047e-05,0.000207246994250454,6.798998219892383e-05,0.00010768300853669643
uniform,10,OMP,baseline,0.0011863940017065033,9.645200043451041e-05,0.0001311910164076835,0.00045168101496528834,0.00011128101323265582,0.0
uniform,10,OMP,optimized,0.0006122380000306293,5.3655036026611924e-05,2.331998257432133e-05,0.00024030604981817305,8.131896902341396e-05,0.00012502899335231632
uniform,11,OMP,baseline,0.0011688230006257072,6.701801612507552e-05,0.00010821202886290848,0.0005010140012018383,0.00010974200267810374,0.0
uniform,11,OMP,optimized,0.0006530599930556491,5.7579949498176575e-05,2.5441040634177625e-05,0.00027502999000716954,9.296700591221452e-05,0.00011933101632166654
uniform,12,OMP,baseline,0.0011105540033895522,9.335804497823119e-05,0.00011799503408838063,0.0004354310076450929,9.757799853105098e-05,0.0
uniform,12,OMP,optimized,0.0005270100082270801,5.142702138982713e-05,2.0886989659629762e-05,0.00020763598149642348,6.99520023772493e-05,0.0001091490121325478
uniform,13,OMP,baseline,0.0010262669966323301,6.6859953221865e-05,0.00010275800013914704,0.0003913669934263453,9.743501141201705e-05,0.0
uniform,13,OMP,optimized,0.0007891599962022156,0.0001340920280199498,3.555697912815958e-05,0.00026192197401542217,8.798799535725266e-05,0.0001567049912409857
uniform,14,OMP,baseline,0.0013572960015153512,6.793599459342659e-05,0.00012878901907242835,0.0006460220029111952,0.0001268550258828327,0.0
uniform,14,OMP,optimized,0.0005738179897889495,5.500305269379169e-05,2.304403460584581e-05,0.00023139399127103388,7.485401874873787e-05,0.00011328501568641514
uniform,15,OMP,baseline,0.0010318630083929747,6.390505586750805e-05,9.998500172514468e-05,0.00040694698691368103,0.00011578701378311962,0.0
uniform,15,OMP,optimized,0.0005356990004656836,5.1498980610631406e-05,2.2280000848695636e-05,0.00021190100233070552,7.196799560915679e-05,0.0001098480133805424
uniform,16,OMP,baseline,0.0009479910077061504,5.826102278660983e-05,9.616397437639534e-05,0.0003812430368270725,8.630099182482809e-05,0.0
uniform,16,OMP,optimized,0.0005582119920291007,5.256700387690216e-05,2.160099393222481e-05,0.00021575100254267454,7.245602319017053e-05,0.00012569401587825269
uniform,17,OMP,baseline,0.0011110479972558096,6.546397344209254e-05,0.00010330101940780878,0.0004666660097427666,0.00010902201756834984,0.0
uniform,17,OMP,optimized,0.0006202369986567646,5.7518991525284946e-05,2.6623994926922023e-05,0.0002586449700174853,8.008598524611443e-05,0.00011958298273384571
uniform,18,OMP,baseline,0.0010192869958700612,6.358398240990937e-05,0.00010174400813411921,0.0004056920006405562,9.187795512843877e-05,0.0
uniform,18,OMP,optimized,0.0005517320096259937,5.649602098856121e-05,2.1881016436964273e-05,0.00021669002308044583,7.459898188244551e-05,0.00011259100574534386
uniform,19,OMP,baseline,0.001052962994435802,6.220804061740637e-05,0.00010605801071505994,0.00042742499499581754,9.395401866640896e-05,0.0
uniform,19,OMP,optimized,0.0005264899955363944,5.0019967602565885e-05,2.150298678316176e-05,0.00020794504962395877,7.032199937384576e-05,0.00010861500049941242
uniform,20,OMP,baseline,0.0010272389918100089,6.208701233845204e-05,9.790401963982731e-05,0.0004164910060353577,9.949799277819693e-05,0.0
uniform,20,OMP,optimized,0.0005348039994714782,5.182097083888948e-05,2.1725005353800952e-05,0.00021375998039729893,7.159799861256033e-05,0.00010827901132870466
uniform,21,OMP,baseline,0.0010210510081378743,6.247898272704333e-05,0.0001050049759214744,0.00039760899380780756,0.00010926500544883311,0.0
uniform,21,OMP,optimized,0.0005539240082725883,5.086702003609389e-05,2.163903263863176e-05,0.00021271298464853317,7.30540050426498e-05,0.0001247449981747195
uniform,22,OMP,baseline,0.0011277449957560748,6.854900857433677e-05,0.00011231197277083993,0.00043848798668477684,9.651602886151522e-05,0.0
uniform,22,OMP,optimized,0.0006873940001241863,6.144095095805824e-05,2.7207963285036385e-05,0.00025862097390927374,9.308701555710286e-05,0.0001667509786784649
uniform,23,OMP,baseline,0.001013909000903368,6.229602149687707e-05,9.940504969563335e-05,0.00039341699448414147,0.00010417298472020775,0.0
uniform,23,OMP,optimized,0.0005189340008655563,4.908593837171793e-05,2.017301449086517e-05,0.00020666001364588737,6.830900383647531e-05,0.00010631699115037918
uniform,24,OMP,baseline,0.0010418460005894303,6.669701542705297e-05,0.00010360399028286338,0.0004032729921163991,9.374595538247377e-05,0.0
uniform,24,OMP,optimized,0.0005361289950087667,5.3628027671948075e-05,2.1230021957308054e-05,0.00021181601914577186,7.168597949203104e-05,0.00010708700574468821
uniform,25,OMP,baseline,0.0010517460032133386,6.65440020384267e-05,0.0001039879716699943,0.00042813800973817706,0.00010336704144719988,0.0
uniform,25,OMP,optimized,0.0005419060034910217,5.22869813721627e-05,2.087801112793386e-05,0.00021865699090994895,7.592399197164923e-05,0.00010830798419192433
uniform,26,OMP,baseline,0.0011492449993966147,6.512000982183963e-05,0.00011152400111313909,0.0004948500136379153,0.00010897002357523888,0.0
uniform,26,OMP,optimized,0.0005794540047645569,5.5230033467523754e-05,2.286999369971454e-05,0.00022131596051622182,7.430602272506803e-05,0.00011491696932353079
uniform,27,OMP,baseline,0.0010321529989596456,6.436504190787673e-05,9.817098907660693e-05,0.0004197569942334667,0.0001014989975374192,0.0
uniform,27,OMP,optimized,0.0005364780081436038,5.047701415605843e-05,2.1628031390719116e-05,0.0002121670258929953,6.884899630676955e-05,0.00011466602154541761
uniform,28,OMP,baseline,0.0027316360065015033,0.00017884495900943875,0.0003200749779352918,0.0009871139918686822,0.00023680496087763458,0.0
uniform,28,OMP,optimized,0.0010350780066801235,0.00010195697541348636,4.624502616934478e-05,0.00041032697481568903,0.00014611598453484476,0.00020552799105644226
uniform,29,OMP,baseline,0.0021043279994046316,0.00013637599477078766,0.00022196798818185925,0.0007931669970275834,0.0002021349937422201,0.0
uniform,29,OMP,optimized,0.0010290829959558323,9.18069708859548e-05,4.6043016482144594e-05,0.00040875899139791727,0.00014586698671337217,0.00021721101074945182
uniform,30,OMP,baseline,0.0024114920088322833,0.00013620295794680715,0.0003549069515429437,0.0008722499915165827,0.00022153902682475746,0.0
uniform,30,OMP,optimized,0.0007628560124430805,0.0001541320380056277,3.33689822582528e-05,0.00026721900212578475,8.48299969220534e-05,0.00013621602556668222
uniform,31,OMP,baseline,0.001009182000416331,6.056396523490548e-05,9.67429659795016e-05,0.00040122198697645217,0.00010066303366329521,0.0
uniform,31,OMP,optimized,0.0005719629989471287,5.201296880841255e-05,3.1171992304734886e-05,0.00021114898845553398,8.942898421082646e-05,0.00011165899923071265
uniform,32,OMP,baseline,0.000984493992291391,5.730404518544674e-05,9.874998067971319e-05,0.00040378498670179397,8.823102689348161e-05,0.0
uniform,32,OMP,optimized,0.000545706003322266,5.051896732766181e-05,2.3921020328998566e-05,0.00022397201973944902,7.287801417987794e-05,0.00010826898505911231
uniform,33,OMP,baseline,0.0010239830007776618,6.345700239762664e-05,9.794702054932714e-05,0.0004134510090807453,9.836499521043152e-05,0.0
uniform,33,OMP,optimized,0.0005365630058804527,5.242796032689512e-05,2.8460999601520598e-05,0.0002088109904434532,6.949999078642577e-05,0.00010828106314875185
uniform,34,OMP,baseline,0.001072270009899512,6.347200542222708e-05,0.0001011349813779816,0.00043739900866057724,9.328500891570002e-05,0.0
uniform,34,OMP,optimized,0.0005588549975072965,5.3795010899193585e-05,2.2241976694203913e-05,0.00021550805831793696,7.516404730267823e-05,0.00012047895870637149
uniform,35,OMP,baseline,0.0019790949882008135,0.0001277249975828454,0.00022960297064855695,0.0007327549683395773,0.00020907599537167698,0.0
uniform,35,OMP,optimized,0.000607335998211056,5.6037039030343294e-05,2.507799945306033e-05,0.0002355110045755282,7.8509037848562e-05,0.00012253299064468592
uniform,36,OMP,baseline,0.001024700002744794,6.274999759625643e-05,0.00010045297676697373,0.00041214891825802624,0.00010046303214039654,0.0
uniform,36,OMP,optimized,0.0006017379928380251,5.596000119112432e-05,2.785399556159973e-05,0.0002491529885446653,8.177501149475574e-05,0.00011381199874449521
uniform,37,OMP,baseline,0.0010251780040562153,6.0421021771617234e-05,0.00010078599734697491,0.0004175920184934512,9.411900828126818e-05,0.0
uniform,37,OMP,optimized,0.0005293989961501211,5.0696005928330123e-05,2.1589003154076636e-05,0.0002095099916914478,7.015799928922206e-05,0.00010797001596074551
uniform,38,OMP,baseline,0.0010571980092208833,6.405201565939933e-05,0.00010236098023597151,0.00041608905303291976,9.486699127592146e-05,0.0
uniform,38,OMP,optimized,0.0006192120054038242,5.967498873360455e-05,2.5816960260272026e-05,0.00024285698600579053,8.2313985330984e-05,0.00012639000487979501
uniform,39,OMP,baseline,0.001038583999616094,6.934198609087616e-05,0.00011242197069805115,0.0004078499769093469,9.557305020280182e-05,0.0
uniform,39,OMP,optimized,0.0006233309977687895,6.092802505008876e-05,3.165099769830704e-05,0.000238580018049106,8.328398689627647e-05,0.00013184799172449857
uniform,40,OMP,baseline,0.0009920340089593083,6.023899186402559e-05,9.715798660181463e-05,0.00039999403816182166,9.289599256590009e-05,0.0
uniform,40,OMP,optimized,0.0005892760091228411,7.828800880815834e-05,2.3981949198059738e-05,0.0002231460384791717,7.509798160754144e-05,0.00011451999307610095
uniform,41,OMP,baseline,0.0010887719981838018,6.619698251597583e-05,0.0001269909698748961,0.0004340290033724159,0.0001022219512378797,0.0
uniform,41,OMP,optimized,0.0006340039981296286,5.979099660180509e-05,2.559398126322776e-05,0.0002429000160191208,0.00010378698061686009,0.0001261830038856715
uniform,42,OMP,baseline,0.0009820319974096492,6.24720414634794e-05,0.00010024300718214363,0.00039378597284667194,9.286006388720125e-05,0.0
uniform,42,OMP,optimized,0.0005809690046589822,5.438699736259878e-05,2.6527035515755415e-05,0.00021780501992907375,7.162601104937494e-05,0.00012353395868558437
uniform,43,OMP,baseline,0.0010701300052460283,6.718102667946368e-05,0.0001013949658954516,0.0003981430345447734,9.377597598358989e-05,0.0
uniform,43,OMP,optimized,0.0006002700101817027,5.4608070058748126e-05,2.396598574705422e-05,0.00023619997955393046,8.185197657439858e-05,0.00012987697846256196
uniform,44,OMP,baseline,0.001106306997826323,7.01489916536957e-05,0.0001123140100389719,0.0004257189721101895,9.781397238839418e-05,0.0
uniform,44,OMP,optimized,0.0005445569986477494,5.169196811039001e-05,2.2186024580150843e-05,0.00021680397912859917,7.13960180291906e-05,0.0001128919975599274
uniform,45,OMP,baseline,0.0009947010112227872,7.419401663355529e-05,9.971401595976204e-05,0.0003912580432370305,8.894302300177515e-05,0.0
uniform,45,OMP,optimized,0.0005644720076816157,5.359698843676597e-05,2.2781023290008307e-05,0.00021835403458680958,7.560205995105207e-05,0.00012027699267491698
uniform,46,OMP,baseline,0.0010401509935036302,6.450801447499543e-05,0.00010331999510526657,0.00040724099380895495,8.938800601754338e-05,0.0
uniform,46,OMP,optimized,0.0005803179956274107,5.6374992709606886e-05,2.7292975573800504e-05,0.00022691501362714916,7.566400745417923e-05,0.00012068796786479652
uniform,47,OMP,baseline,0.0011643649922916666,7.507202099077404e-05,0.00010939200001303107,0.00043285299034323543,9.41889884416014e-05,0.0
uniform,47,OMP,optimized,0.000534267004695721,5.0376009312458336e-05,2.1407977328635752e-05,0.0002125589962815866,7.160098175518215e-05,0.00010933102748822421
uniform,48,OMP,baseline,0.0010820439929375425,6.268397555686533e-05,0.00010930297139566392,0.00045304598461370915,9.76430019363761e-05,0.0
uniform,48,OMP,optimized,0.0005778740014648065,5.516500095836818e-05,2.3591011995449662e-05,0.00022195398923940957,7.48269958421588e-05,0.0001297620328841731
uniform,49,OMP,baseline,0.0011332790018059313,6.567199307028204e-05,0.00010614702478051186,0.00046639896754641086,0.00010167398431804031,0.0
uniform,49,OMP,optimized,0.0005377869965741411,5.2159972256049514e-05,2.2253996576182544e-05,0.000214329018490389,7.232197094708681e-05,0.0001112140016630292
uniform,50,OMP,baseline,0.0009847000037552789,5.651103856507689e-05,0.00010632599878590554,0.0003893690009135753,9.513700206298381e-05,0.0
uniform,50,OMP,optimized,0.0005770809948444366,5.134499224368483e-05,2.3380984202958643e-05,0.00023387197870761156,7.769896183162928e-05,0.00011524996079970151
uniform,51,OMP,baseline,0.0012857030087616295,7.611900218762457e-05,0.00011600599100347608,0.00047179700050037354,0.00010590102465357631,0.0
uniform,51,OMP,optimized,0.0005816689954372123,5.4796983022242785e-05,2.31260055443272e-05,0.0002228369703516364,9.242701344192028e-05,0.00011476801591925323
uniform,52,OMP,baseline,0.0011676639987854287,6.916497659403831e-05,0.00010726600885391235,0.0004696860269177705,0.00013430498074740171,0.0
uniform,52,OMP,optimized,0.0005914089997531846,5.663995398208499e-05,2.3276981664821506e-05,0.00023858303029555827,7.968401769176126e-05,0.0001174999779323116
uniform,53,OMP,baseline,0.0010764339967863634,6.442700396291912e-05,0.00012517001596279442,0.0004320820007706061,9.563902858644724e-05,0.0
uniform,53,OMP,optimized,0.0005836859927512705,5.488896567840129e-05,2.4044013116508722e-05,0.0002343829401070252,7.398403249680996e-05,0.00011490500764921308
uniform,54,OMP,baseline,0.0010054299928015098,6.077300349716097e-05,9.780401887837797e-05,0.00039770297007635236,0.00010192002810072154,0.0
uniform,54,OMP,optimized,0.0005843350081704557,5.309101834427565e-05,2.39399669226259e-05,0.00022480599000118673,9.035295806825161e-05,0.00011633201211225241
uniform,55,OMP,baseline,0.0011669899977277964,7.358497532550246e-05,0.00011098901450168341,0.00047563499538227916,0.00011644299956969917,0.0
uniform,55,OMP,optimized,0.0006291550089372322,5.763000808656216e-05,2.783599484246224e-05,0.0002433859626762569,7.439800538122654e-05,0.00012508398503996432
uniform,56,OMP,baseline,0.0010097529884660617,7.319801079574972e-05,0.00010200902761425823,0.00040206804987974465,8.929298201110214e-05,0.0
uniform,56,OMP,optimized,0.0005597160052275285,5.3755982662551105e-05,2.2237974917516112e-05,0.00021595599537249655,7.260900747496635e-05,0.00012632699508685619
uniform,57,OMP,baseline,0.0011112759966636077,7.199797255452722e-05,0.00011738398461602628,0.0004414680297486484,9.680500079412013e-05,0.0
uniform,57,OMP,optimized,0.0005374649917939678,5.164300091564655e-05,2.183196193072945e-05,0.00021631801791954786,6.970600225031376e-05,0.00010844501957762986
uniform,58,OMP,baseline,0.0010366269998485222,6.407404725905508e-05,0.00010086898691952229,0.0004143930273130536,9.086902718991041e-05,0.0
uniform,58,OMP,optimized,0.0005327490071067587,4.979602817911655e-05,2.1571991965174675e-05,0.00021272299636621028,7.055998139549047e-05,0.00010896200546994805
uniform,59,OMP,baseline,0.0025708030007081106,0.00013216202205512673,0.00024296698393300176,0.0011979330010944977,0.00024475700047332793,0.0
uniform,59,OMP,optimized,0.0011215929989703,0.00011405000986997038,5.92709839111194e-05,0.00043285900028422475,0.0001594069617567584,0.00022588501451537013
uniform,60,OMP,baseline,0.002188167010899633,0.0001441939821233973,0.0002572179801063612,0.0008175209804903716,0.0002203170006396249,0.0
uniform,60,OMP,optimized,0.001098645996535197,9.587199019733816e-05,4.760299634654075e-05,0.0004539720102911815,0.0001563249679747969,0.00022209399321582168
uniform,61,OMP,baseline,0.0010378940060036257,6.0434016631916165e-05,0.0001013909641187638,0.0004281930305296555,9.547102672513574e-05,0.0
uniform,61,OMP,optimized,0.0005631489912047982,5.280502955429256e-05,2.303501241840422e-05,0.00022055700537748635,7.782000466249883e-05,0.00011593403178267181
uniform,62,OMP,baseline,0.0011909189925063401,6.952302646823227e-05,0.00013958802446722984,0.00044186500599607825,0.00013172195758670568,0.0
uniform,62,OMP,optimized,0.0010859400063054636,0.00010032301361206919,4.928003181703389e-05,0.00041471699660178274,0.00015058202552609146,0.00022990100842434913
uniform,63,OMP,baseline,0.0021976349962642416,0.00012898696877527982,0.00022405301569961011,0.0008942559798015282,0.00020892504835501313,0.0
uniform,63,OMP,optimized,0.0011112560023320839,9.698198118712753e-05,4.674600495491177e-05,0.00042947501060552895,0.0001589539897395298,0.00023212503583636135
uniform,64,OMP,baseline,0.0009752500045578927,5.851199966855347e-05,9.478702850174159e-05,0.000396778981667012,8.800097566563636e-05,0.0
uniform,64,OMP,optimized,0.0005399820074671879,5.357498594094068e-05,2.2325984900817275e-05,0.00021291099255904555,7.089797873049974e-05,0.00011061599070671946
uniform,65,OMP,baseline,0.0010689259943319485,6.440696597564965e-05,0.00010741698497440666,0.00041908198909368366,9.316197247244418e-05,0.0
uniform,65,OMP,optimized,0.0005237639998085797,4.8753005103208125e-05,2.17449851334095e-05,0.000209860983886756,7.040005584713072e-05,0.00010768997890409082
uniform,66,OMP,baseline,0.0010621260007610545,6.497699359897524e-05,0.00010264097363688052,0.00040970402187667787,0.00012342700210865587,0.0
uniform,66,OMP,optimized,0.0005884819984203205,7.381298928521574e-05,2.3469969164580107e-05,0.00022394700499717146,7.52360065234825e-05,0.0001187009911518544
uniform,67,OMP,baseline,0.0010250269988318905,6.488799408543855e-05,0.00010542200470808893,0.00039772399759385735,9.171997953671962e-05,0.0
uniform,67,OMP,optimized,0.0006146099913166836,5.352801235858351e-05,2.3691012756899e-05,0.0002582210145192221,8.157800766639411e-05,0.00012101205356884748
uniform,68,OMP,baseline,0.0011212480021640658,6.651401054114103e-05,0.0001098029752029106,0.0004546550044324249,0.00010861402552109212,0.0
uniform,68,OMP,optimized,0.0005743660003645346,5.5033015087246895e-05,3.148803079966456e-05,0.00022329599596560001,7.501602522097528e-05,0.0001148890150943771
uniform,69,OMP,baseline,0.0009859179990598932,6.055302219465375e-05,9.74639697233215e-05,0.0003991539851995185,8.716899901628494e-05,0.0
uniform,69,OMP,optimized,0.0005986499891150743,5.7613986427895725e-05,2.3567976313643157e-05,0.00023850402794778347,7.90940539445728e-05,0.00011725201329682022
uniform,70,OMP,baseline,0.0010261769930366427,6.219100032467395e-05,0.0001054250169545412,0.0004049529816256836,9.037597919814289e-05,0.0
uniform,70,OMP,optimized,0.0005820840015076101,5.165798938833177e-05,2.2672960767522454e-05,0.00023571797646582127,7.709096826147288e-05,0.00011901398829650134
uniform,71,OMP,baseline,0.0010046059906017035,6.324597052298486e-05,0.00010030204430222511,0.00040380400605499744,9.081199823413044e-05,0.0
uniform,71,OMP,optimized,0.000580528998398222,7.195600483100861e-05,2.3294982383958995e-05,0.000222078975639306,7.443099457304925e-05,0.00011619499127846211
uniform,72,OMP,baseline,0.0010489790001884103,6.807601312175393e-05,0.00010430700785946101,0.0004047700349474326,9.364902507513762e-05,0.0
uniform,72,OMP,optimized,0.0005826740089105442,5.575800605583936e-05,2.4396038497798145e-05,0.0002308309922227636,7.674300286453217e-05,0.00012051902012899518
uniform,73,OMP,baseline,0.001114762999350205,6.997497985139489e-05,0.00011743599316105247,0.00043926501530222595,9.935996786225587e-05,0.0
uniform,73,OMP,optimized,0.0005373140011215582,5.1351002184674144e-05,2.183300966862589e-05,0.00021389297035057098,7.115201151464134e-05,0.00010963801469188184
uniform,74,OMP,baseline,0.0014262090116972104,8.031504694372416e-05,0.00013485501403920352,0.0005230190145084634,0.00014447195280808955,0.0
uniform,74,OMP,optimized,0.0006109709938755259,6.510099046863616e-05,2.352100273128599e-05,0.00023125798907130957,9.624299127608538e-05,0.00012082999455742538
uniform,75,OMP,baseline,0.0012189999979455024,7.42190022720024e-05,0.00011451399768702686,0.000475366017781198,0.00010820502939168364,0.0
uniform,75,OMP,optimized,0.0006022990128258243,5.594700633082539e-05,2.420396776869893e-05,0.00023246099590323865,7.87780008977279e-05,0.00013456297165248543
uniform,76,OMP,baseline,0.000990457003354095,6.160797784104943e-05,9.696805500425398e-05,0.0003977109299739823,9.432902152184397e-05,0.0
uniform,76,OMP,optimized,0.0005831689923070371,5.5872980738058686e-05,2.2100997739471495e-05,0.0002442029945086688,7.721899601165205e-05,0.00011092200293205678
uniform,77,OMP,baseline,0.0009939260053215548,5.771299765910953e-05,0.00011306699889246374,0.0003959379537263885,8.912797784432769e-05,0.0
uniform,77,OMP,optimized,0.000572311007999815,5.6899996707215905e-05,2.2916050511412323e-05,0.0002245770301669836,7.577201176900417e-05,0.000118072988698259
uniform,78,OMP,baseline,0.0013223830028437078,9.176903404295444e-05,0.0001330919621977955,0.00045068100735079497,0.00011278194142505527,0.0
uniform,78,OMP,optimized,0.0005805530090583488,5.887600127607584e-05,2.2926033125258982e-05,0.00023557701206300408,7.735796680208296e-05,0.00011166700278408825
uniform,79,OMP,baseline,0.001084353993064724,6.298704829532653e-05,0.0001258950069313869,0.00041482299275230616,0.00010006094817072153,0.0
uniform,79,OMP,optimized,0.0005406350101111457,5.1938986871391535e-05,2.18070053961128e-05,0.0002152000233763829,7.349897350650281e-05,0.00010941101936623454
uniform,80,OMP,baseline,0.00100985101016704,6.0315971495583653e-05,9.684998076409101e-05,0.0004036009922856465,9.291502647101879e-05,0.0
uniform,80,OMP,optimized,0.0006482119933934882,7.862303755246103e-05,2.618500730022788e-05,0.0002447639999445528,9.471700468566269e-05,0.00012392598728183657
uniform,81,OMP,baseline,0.002302394001162611,0.00013893298455514014,0.0003053269610973075,0.00085479200060945,0.00022374201216734946,0.0
uniform,81,OMP,optimized,0.0010971409938065335,9.417896217200905e-05,6.897799903526902e-05,0.00043152405123692006,0.00015005996101535857,0.00022550100402440876
uniform,82,OMP,baseline,0.0020984500006306916,0.0001512400049250573,0.00023586198221892118,0.0007838520250516012,0.0002037160302279517,0.0
uniform,82,OMP,optimized,0.0012473199894884601,0.00012226095714140683,5.4624033509753644e-05,0.00047248801274690777,0.00016706102178432047,0.0002715240407269448
uniform,83,OMP,baseline,0.0010073960002046078,6.243902316782624e-05,9.972206316888332e-05,0.0004029989941045642,9.268200665246695e-05,0.0
uniform,83,OMP,optimized,0.0006805040029576048,5.858902295585722e-05,4.0449973312206566e-05,0.00023607999901287258,8.230804814957082e-05,0.00012343097478151321
uniform,84,OMP,baseline,0.0010210890031885356,6.405900057870895e-05,0.00010015496809501201,0.00041442099609412253,9.11100214580074e-05,0.0
uniform,84,OMP,optimized,0.0005220419989200309,5.1045994041487575e-05,2.1522981114685535e-05,0.0002036450314335525,7.048198312986642e-05,0.00010795998969115317
uniform,85,OMP,baseline,0.001060822993167676,8.359701314475387e-05,0.00010224700963590294,0.00040331999480258673,9.901997691486031e-05,0.0
uniform,85,OMP,optimized,0.000557770996238105,5.2020070143043995e-05,2.26949923671782e-05,0.00022472499404102564,7.245500455610454e-05,0.00011230197560507804
uniform,86,OMP,baseline,0.0010161489917663857,6.139700417406857e-05,9.990902617573738e-05,0.000413245041272603,9.416100510861725e-05,0.0
uniform,86,OMP,optimized,0.0005587839987128973,5.2293980843387544e-05,2.2018997697159648e-05,0.00021354398631956428,8.816899207886308e-05,0.00011183398601133376
uniform,87,OMP,baseline,0.001137362007284537,6.29519927315414e-05,0.00011781898501794785,0.0004765510238939896,0.00010072601435240358,0.0
uniform,87,OMP,optimized,0.0012112269905628636,0.00012125901412218809,6.34729367448017e-05,0.0003623140073614195,0.0001233419607160613,0.00042327003029640764
uniform,88,OMP,baseline,0.0010133549949387088,6.110998219810426e-05,0.00011372397420927882,0.00040623800305183977,9.207801485899836e-05,0.0
uniform,88,OMP,optimized,0.0005871470057172701,5.553598748520017e-05,2.9784030630253255e-05,0.00022147796698845923,8.939600957091898e-05,0.00011599698336794972
uniform,89,OMP,baseline,0.0010222589917248115,6.083397602196783e-05,0.00010135203774552792,0.0003981210320489481,0.00011282297782599926,0.0
uniform,89,OMP,optimized,0.0011238840088481084,9.999597386922687e-05,4.441798955667764e-05,0.0005222890467848629,0.00016239300020970404,0.00019397298456169665
uniform,90,OMP,baseline,0.0010206860024482012,6.3294981373474e-05,0.00010042998474091291,0.0004036990139866248,9.057603892870247e-05,0.0
uniform,90,OMP,optimized,0.0005134240054758266,4.890898708254099e-05,2.0682011381722987e-05,0.00020407102419994771,6.83560356264934e-05,0.0001052679872373119
uniform,91,OMP,baseline,0.0010711540089687333,7.054202433209866e-05,0.00011185700714122504,0.0004240529815433547,9.468097414355725e-05,0.0
uniform,91,OMP,optimized,0.0006572290003532544,5.9539946960285306e-05,2.9897986678406596e-05,0.00028257201483938843,8.054898353293538e-05,0.00012227897241245955
uniform,92,OMP,baseline,0.0010217060043942183,6.217595364432782e-05,9.934500849340111e-05,0.00042091793147847056,9.448095806874335e-05,0.0
uniform,92,OMP,optimized,0.0006019919965183362,5.4481017286889255e-05,2.477102680131793e-05,0.000236145977396518,7.978398934938014e-05,0.00013346101331990212
uniform,93,OMP,baseline,0.0010263830045005307,6.374700751621276e-05,0.00010105600813403726,0.00040720800461713225,8.748001710046083e-05,0.0
uniform,93,OMP,optimized,0.0005441700050141662,5.6518008932471275e-05,2.241398033220321e-05,0.00021211101557128131,7.067999104037881e-05,0.00011180098226759583
uniform,94,OMP,baseline,0.0010153949988307431,6.39229838270694e-05,0.00010231004853267223,0.0004102099919691682,9.182300709653646e-05,0.0
uniform,94,OMP,optimized,0.0005458520026877522,5.150499055162072e-05,3.019199357368052e-05,0.00021314897458069026,7.144000846892595e-05,0.00010801400640048087
uniform,95,OMP,baseline,0.0011710459948517382,6.89639855409041e-05,0.00010914097947534174,0.00046444097824860364,0.00010793402907438576,0.0
uniform,95,OMP,optimized,0.000607090987614356,5.614594556391239e-05,2.4752996978349984e-05,0.00023820802744012326,8.349401468876749e-05,0.00012125103967264295
uniform,96,OMP,baseline,0.0011886029969900846,7.019304030109197e-05,0.00011777396139223129,0.0004702099977293983,0.00010562200623098761,0.0
uniform,96,OMP,optimized,0.0006658470083493739,5.854401388205588e-05,2.5889035896398127e-05,0.00024703898816369474,8.682999759912491e-05,0.0001489040005253628
uniform,97,OMP,baseline,0.0010587270080577582,6.264503463171422e-05,0.00010199000826105475,0.00043796598038170487,9.880804282147437e-05,0.0
uniform,97,OMP,optimized,0.00053686200408265,5.467399023473263e-05,2.05529504455626e-05,0.00021150299289729446,7.075701432768255e-05,0.00010791498061735183
uniform,98,OMP,baseline,0.0014488250017166138,8.15200328361243e-05,0.00012812002387363464,0.0005975890235276893,0.00014901396934874356,0.0
uniform,98,OMP,optimized,0.0005531009956030175,5.358201451599598e-05,2.2599007934331894e-05,0.0002188720100093633,7.251703937072307e-05,0.00011294499563518912
uniform,99,OMP,baseline,0.0009673759923316538,6.325500726234168e-05,9.698298526927829e-05,0.00038982600381132215,8.63450113683939e-05,0.0
uniform,99,OMP,optimized,0.0005827369895996526,5.435803905129433e-05,2.245602081529796e-05,0.0002441799733787775,7.47050071367994e-05,0.00011261999316047877
uniform,100,OMP,baseline,0.001961714995559305,0.00012888299534097314,0.0002086019958369434,0.0007222269923659042,0.0001758579892339185,0.0
uniform,100,OMP,optimized,0.0012470649962779135,0.00010430897236801684,5.9578989748843014e-05,0.0005040760297561064,0.0001750350056681782,0.00025779900897759944
uniform,101,OMP,baseline,0.0020243680046405643,0.0001241149875568226,0.00021799896785523742,0.0007754089892841876,0.00021645701781380922,0.0
uniform,101,OMP,optimized,0.0012759660021401942,0.00015529505617450923,7.289195491466671e-05,0.0004039579798700288,0.0001955389598151669,0.0003317350201541558
uniform,102,OMP,baseline,0.0010309439967386425,6.067805225029588e-05,0.00010375800775364041,0.00041541799146216363,9.655598842073232e-05,0.0
uniform,102,OMP,optimized,0.0006409519992303103,5.697298911400139e-05,2.477796806488186e-05,0.00026688001526053995,7.932499283924699e-05,0.0001346469798590988
uniform,103,OMP,baseline,0.0009999070025514811,6.247201235964894e-05,9.98070026980713e-05,0.0003944480267819017,8.772801083978266e-05,0.0
uniform,103,OMP,optimized,0.0005392780003603548,5.1754002925008535e-05,2.1139014279469848e-05,0.0002131619694409892,7.22760014468804e-05,0.0001092959864763543
uniform,104,OMP,baseline,0.0010832139960257336,6.331299664452672e-05,0.00010997599747497588,0.0004514170141192153,9.710704034660012e-05,0.0
uniform,104,OMP,optimized,0.0005633249966194853,5.841499660164118e-05,2.1903993911109865e-05,0.00021855001978110522,7.604502025060356e-05,0.0001124640111811459
uniform,105,OMP,baseline,0.0010547030105954036,7.193103374447674e-05,0.00010269696940667927,0.0004313659737817943,9.239302016794682e-05,0.0
uniform,105,OMP,optimized,0.0005987879994791001,6.447498162742704e-05,2.501400012988597e-05,0.00023735901049803942,7.835499127395451e-05,0.00011910001921933144
uniform,106,OMP,baseline,0.0010822699987329543,6.400900019798428e-05,0.00010684601147659123,0.0004385750071378425,0.00010732599184848368,0.0
uniform,106,OMP,optimized,0.0005709899996872991,5.3458032198250294e-05,2.3591055651195347e-05,0.00022158097999636084,8.582499867770821e-05,0.0001126040006056428
uniform,107,OMP,baseline,0.0010726059990702197,7.909104169812053e-05,0.00010862997442018241,0.0004179529787506908,9.572201815899462e-05,0.0
uniform,107,OMP,optimized,0.000585493995458819,5.2477000281214714e-05,2.2468011593446136e-05,0.0002194869884988293,7.352803368121386e-05,0.00011414501932449639
uniform,108,OMP,baseline,0.0010762130114017054,6.482104072347283e-05,0.0001061439688783139,0.000431662003393285,9.691000741440803e-05,0.0
uniform,108,OMP,optimized,0.0006508910009870306,5.830000736750662e-05,2.6164037990383804e-05,0.00024133901752065867,0.00011345799430273473,0.00012460697325877845
uniform,109,OMP,baseline,0.000979921009275131,6.0756035964004695e-05,9.715600754134357e-05,0.0003942839539377019,8.78299615578726e-05,0.0
uniform,109,OMP,optimized,0.0005718059983337298,5.2570991101674736e-05,2.170096558984369e-05,0.0002364480315009132,7.263799489010125e-05,0.00011703000927809626
uniform,110,OMP,baseline,0.0009950829989975318,6.070901872590184e-05,9.835805394686759e-05,0.00039948002086021006,8.866001735441387e-05,0.0
uniform,110,OMP,optimized,0.0005237410077825189,5.20260218763724e-05,2.070007030852139e-05,0.00020634297106880695,7.008397369645536e-05,0.00010613500489853323
uniform,111,OMP,baseline,0.002012812008615583,0.00014082100824452937,0.00024662599025759846,0.0007453219877788797,0.00020694098202511668,0.0
uniform,111,OMP,optimized,0.0010015459993155673,9.708796278573573e-05,5.5764990975148976e-05,0.0003864680038532242,0.0001352170220343396,0.00019770902872551233
uniform,112,OMP,baseline,0.0010280160058755428,6.13260199315846e-05,9.943700570147485e-05,0.00041727199277374893,9.416999819222838e-05,0.0
uniform,112,OMP,optimized,0.0005447809962788597,5.073800275567919e-05,2.1798041416332126e-05,0.00021199298498686403,7.319197175092995e-05,0.00011547599569894373
uniform,113,OMP,baseline,0.0011549869959708303,7.803901098668575e-05,0.00011020299280062318,0.0004704699822468683,0.0001266949693672359,0.0
uniform,113,OMP,optimized,0.0006008860073052347,6.337303784675896e-05,2.7403075364418328e-05,0.00023490699823014438,8.3845981862396e-05,0.00011528801405802369
uniform,114,OMP,baseline,0.0010540180082898587,6.308800948318094e-05,0.00010520601063035429,0.0004248309851391241,9.905001206789166e-05,0.0
uniform,114,OMP,optimized,0.0005429690063465387,5.105501622892916e-05,2.159501309506595e-05,0.00021894904784858227,7.189899042714387e-05,0.000112784982775338
uniform,115,OMP,baseline,0.0012079750013072044,8.226300997193903e-05,0.00011264701606705785,0.00044605095172300935,0.00011495400394778699,0.0
uniform,115,OMP,optimized,0.0005499580001924187,6.004600436426699e-05,2.2162043023854494e-05,0.00021516798005905002,7.167299918364733e-05,0.00011048201122321188
uniform,116,OMP,baseline,0.0009571609989507124,5.893100751563907e-05,9.37840377446264e-05,0.00038539098750334233,8.764705853536725e-05,0.0
uniform,116,OMP,optimized,0.0005604600009974092,5.4419011576101184e-05,2.2321968572214246e-05,0.00021527399076148868,7.351799285970628e-05,0.00010958297934848815
uniform,117,OMP,baseline,0.0012400089908624068,7.617298979312181e-05,0.00011730899859685451,0.0005299250042298809,0.00011982896830886602,0.0
uniform,117,OMP,optimized,0.0005829080037074164,6.300097447820008e-05,3.269901208113879e-05,0.00022458402963820845,7.319793803617358e-05,0.00011662099859677255
uniform,118,OMP,baseline,0.0009585369989508763,5.9457990573719144e-05,9.493697143625468e-05,0.0003854469978250563,8.517701644450426e-05,0.0
uniform,118,OMP,optimized,0.0005232240073382854,5.212001269683242e-05,2.068796311505139e-05,0.00020652302191592753,6.920800660736859e-05,0.00010720205318648368
uniform,119,OMP,baseline,0.0011810739961219952,7.571699097752571e-05,0.0001108779979404062,0.0004705029568867758,0.00011069302854593843,0.0
uniform,119,OMP,optimized,0.0005453519988805056,6.176500755827874e-05,2.091702481266111e-05,0.00021345997811295092,7.19419913366437e-05,0.00011032600014004856
uniform,120,OMP,baseline,0.0010597299988148734,6.18619960732758e-05,0.00010463599755894393,0.000430058003985323,0.00010234799992758781,0.0
uniform,120,OMP,optimized,0.000555421007447876,5.6543038226664066e-05,2.956204116344452e-05,0.0002159750583814457,7.14939960744232e-05,0.00011152803199365735
uniform,121,OMP,baseline,0.0011087450111517683,6.535796273965389e-05,0.00010564299009274691,0.0004402820050017908,9.920797310769558e-05,0.0
uniform,121,OMP,optimized,0.0005636480054818094,5.307600076775998e-05,2.4068998754955828e-05,0.00022364803589880466,7.555299089290202e-05,0.00011704301869031042
uniform,122,OMP,baseline,0.0015699859941378236,9.856701944954693e-05,0.00014666201604995877,0.0006268400320550427,0.00015416998940054327,0.0
uniform,122,OMP,optimized,0.0006343739951262251,6.191602733451873e-05,2.5933957658708096e-05,0.00025607398129068315,8.26879550004378e-05,0.00012575899017974734
uniform,123,OMP,baseline,0.0011918050004169345,7.25399877410382e-05,0.0001477470068493858,0.0004258079861756414,0.0001030529965646565,0.0
uniform,123,OMP,optimized,0.0005302420031512156,4.982299287803471e-05,2.5926055968739092e-05,0.00020794698502868414,7.040202035568655e-05,0.00010855795699171722
uniform,124,OMP,baseline,0.0010605749994283542,6.398101686500013e-05,0.00010709502384997904,0.000412360968766734,9.753898484632373e-05,0.0
uniform,124,OMP,optimized,0.0005410040030255914,5.112898361403495e-05,2.2396998247131705e-05,0.00021444195590447634,7.179203385021538e-05,0.0001107510324800387
uniform,125,OMP,baseline,0.002030428993748501,0.00012133097334299237,0.00021841905254404992,0.0007939360657474026,0.0001967680436791852,0.0
uniform,125,OMP,optimized,0.0010911179997492582,9.501400927547365e-05,4.629201430361718e-05,0.00044822397467214614,0.00016472798597533256,0.00021740200463682413
uniform,126,OMP,baseline,0.0010762739984784275,7.146100688260049e-05,0.00010568702418822795,0.0004205579753033817,9.394102380611002e-05,0.0
uniform,126,OMP,optimized,0.0005606189952231944,5.395198240876198e-05,2.257802407257259e-05,0.00021853303769603372,7.409401587210596e-05,0.00011338305193930864
uniform,127,OMP,baseline,0.0010616610088618472,8.72310483828187e-05,0.00010367698268964887,0.0004222399729769677,9.404101001564413e-05,0.0
uniform,127,OMP,optimized,0.0007511820003855973,6.366400339175016e-05,2.8022026526741683e-05,0.00028868702065665275,0.00010127299174200743,0.00014620201545767486
uniform,128,OMP,baseline,0.001199042992084287,7.501599611714482e-05,0.00011999098933301866,0.0004680330748669803,0.0001116549683501944,0.0
uniform,128,OMP,optimized,0.0005992910009808838,5.539899575524032e-05,2.475098881404847e-05,0.00022908694518264383,9.390001650899649e-05,0.00012080598389729857
uniform,129,OMP,baseline,0.0009790309995878488,6.513901462312788e-05,0.00010041403584182262,0.00038356803997885436,8.845000411383808e-05,0.0
uniform,129,OMP,optimized,0.000568666000617668,5.2232047892175615e-05,2.2951033315621316e-05,0.00021952994575258344,8.338896441273391e-05,0.0001192359923152253
uniform,130,OMP,baseline,0.0009981619950849563,6.254798790905625e-05,9.923400648403913e-05,0.00039873202331364155,9.180803317576647e-05,0.0
uniform,130,OMP,optimized,0.0005922650016145781,6.311500328592956e-05,3.623901284299791e-05,0.0002231559919891879,7.582298712804914e-05,0.00011748498945962638
uniform,131,OMP,baseline,0.0009995399886975065,6.150401895865798e-05,9.875901741907e-05,0.00040254401392303407,9.079597657546401e-05,0.0
uniform,131,OMP,optimized,0.0006635139870923012,6.244103133212775e-05,2.7754998882301152e-05,0.0002495179796824232,7.940804061945528e-05,0.00015769197489134967
uniform,132,OMP,baseline,0.0010146160057047382,6.325200956780463e-05,9.843500447459519e-05,0.0004142990364925936,9.374102228321135e-05,0.0
uniform,132,OMP,optimized,0.0005359210044844076,5.105200398247689e-05,2.248802047688514e-05,0.00021256999752949923,7.115404878277332e-05,0.00011162100418005139
uniform,133,OMP,baseline,0.001022297001327388,6.20170176262036e-05,0.00010488300176803023,0.0004168449668213725,9.138998575508595e-05,0.0
uniform,133,OMP,optimized,0.0008186139893950894,7.120796362869442e-05,3.128897515125573e-05,0.0003084120689891279,0.00012562496704049408,0.00016527401749044657
uniform,134,OMP,baseline,0.0010615039936965331,6.643598317168653e-05,0.00010237901005893946,0.00040321797132492065,0.00010431301780045033,0.0
uniform,134,OMP,optimized,0.0005206789937801659,5.1126015023328364e-05,2.124198363162577e-05,0.00020683197362814099,6.88419968355447e-05,0.00010814901906996965
uniform,135,OMP,baseline,0.0009546299988869578,5.830998998135328e-05,9.611196583136916e-05,0.0003866519982693717,8.524500299245119e-05,0.0
uniform,135,OMP,optimized,0.0005629310035146773,5.120498826727271e-05,2.157996641471982e-05,0.00021952198585495353,7.576396455988288e-05,0.0001254700473509729
uniform,136,OMP,baseline,0.0010995890042977408,6.527797086164355e-05,0.0001259279961232096,0.00045333197340369225,0.00010626799485180527,0.0
uniform,136,OMP,optimized,0.000592725002206862,5.917495582252741e-05,2.376799238845706e-05,0.0002374089672230184,7.751196972094476e-05,0.00012011801300104707
uniform,137,OMP,baseline,0.0009892689995467663,5.92570286244154e-05,0.00010409404058009386,0.0004009659751318395,8.778700430411845e-05,0.0
uniform,137,OMP,optimized,0.000573747995076701,5.358403723221272e-05,2.3388973204419017e-05,0.00023451296146959066,7.746102346573025e-05,0.00011392601300030947
uniform,138,OMP,baseline,0.0010575890046311542,6.626598769798875e-05,0.00010572197788860649,0.00040512499981559813,9.618193143978715e-05,0.0
uniform,138,OMP,optimized,0.0005548390035983175,5.229697853792459e-05,2.2232969058677554e-05,0.00022191298194229603,7.515199831686914e-05,0.00011153296509291977
uniform,139,OMP,baseline,0.0010261980060022324,6.145602674223483e-05,0.00011786603135988116,0.0004127670545130968,9.063404286280274e-05,0.0
uniform,139,OMP,optimized,0.0005345579993445426,5.386097473092377e-05,2.201800816692412e-05,0.00021077894780319184,7.059499330352992e-05,0.00011019701196346432
uniform,140,OMP,baseline,0.0021480239956872538,0.00014569202903658152,0.0002443940029479563,0.0007737630367046222,0.00021868299518246204,0.0
uniform,140,OMP,optimized,0.0011401429946999997,0.00010081197251565754,6.177199247758836e-05,0.0004605220165103674,0.00016028998652473092,0.00022569100838154554
uniform,141,OMP,baseline,0.0021022680011810735,0.00014187597844284028,0.00023543401039205492,0.0007950259750941768,0.00021335796918720007,0.0
uniform,141,OMP,optimized,0.0012431400100467727,0.00011645098857115954,5.325795791577548e-05,0.00047071496373973787,0.00017378902703057975,0.0002401579695288092
uniform,142,OMP,baseline,0.0020782070059794933,0.0001479780039517209,0.00022567002451978624,0.000791327009210363,0.00021389104949776083,0.0
uniform,142,OMP,optimized,0.0011093820066889748,0.00010614308121148497,4.753097891807556e-05,0.0004494400054682046,0.00016491198039148003,0.0002237779990537092
uniform,143,OMP,baseline,0.0010220949916401878,6.425300671253353e-05,9.747901640366763e-05,0.00039700402703601867,0.00011439299851190299,0.0
uniform,143,OMP,optimized,0.0005835390038555488,5.529099144041538e-05,2.271399716846645e-05,0.0002414560003671795,7.551998714916408e-05,0.0001179249957203865
uniform,144,OMP,baseline,0.000985895996564068,5.9250989579595625e-05,9.909998334478587e-05,0.0003980069886893034,8.923700079321861e-05,0.0
uniform,144,OMP,optimized,0.0005309279949869961,5.2636038162745535e-05,2.0344043150544167e-05,0.0002101290156133473,7.1593007305637e-05,0.00010742997983470559
uniform,145,OMP,baseline,0.00205040599394124,0.0001330619998043403,0.00023431197041645646,0.0007815939752617851,0.0001896410103654489,0.0
uniform,145,OMP,optimized,0.0010401299950899556,9.296400821767747e-05,4.352400719653815e-05,0.0004267390031600371,0.00014673802070319653,0.0002095820236718282
uniform,146,OMP,baseline,0.001991621989873238,0.00012580302427522838,0.00021310900046955794,0.0007285629690159112,0.0002156380214728415,0.0
uniform,146,OMP,optimized,0.0010360479936935008,9.291501191910356e-05,5.244801286607981e-05,0.00041989200690295547,0.0001456270256312564,0.00020517100347205997
uniform,147,OMP,baseline,0.0010427320085000247,6.375899829436094e-05,0.00010002896306104958,0.00042545399628579617,9.841901191975921e-05,0.0
uniform,147,OMP,optimized,0.0006981339975027367,6.211097934283316e-05,3.2619049306958914e-05,0.00024412196944467723,7.972899766173214e-05,0.0001587819861015305
uniform,148,OMP,baseline,0.0011465170100564137,6.493601540569216e-05,0.00010477399337105453,0.0004932509909849614,0.00010251493949908763,0.0
uniform,148,OMP,optimized,0.0005895680078538135,5.50700060557574e-05,2.222195325884968e-05,0.000251932957326062,7.527999696321785e-05,0.00011376006295904517
uniform,149,OMP,baseline,0.0014612939994549379,9.177796891890466e-05,0.0001894080633064732,0.0005408340075518936,0.00013533596938941628,0.0
uniform,149,OMP,optimized,0.0006155680021038279,7.957102207001299e-05,3.242204547859728e-05,0.00022866803919896483,7.799701415933669e-05,0.00012175501615274698
uniform,150,OMP,baseline,0.0011270969989709556,8.00340058049187e-05,0.00011009299487341195,0.0004317679995438084,0.00010265699529554695,0.0
uniform,150,OMP,optimized,0.0005676849978044629,5.218698061071336e-05,2.26190168177709e-05,0.00023334997240453959,7.55250221118331e-05,0.00011265197827015072
uniform,151,OMP,baseline,0.002063963998807594,0.00013447701348923147,0.00015989398525562137,0.0007622940465807915,0.0003180939966114238,0.0
uniform,151,OMP,optimized,0.0009391950006829575,8.483698184136301e-05,3.292397013865411e-05,0.0003659209905890748,0.0001117870124289766,0.00019367304048500955
uniform,152,OMP,baseline,0.0009843610023381189,6.0161022702232e-05,9.995796426665038e-05,0.0003914039843948558,9.118900925386697e-05,0.0
uniform,152,OMP,optimized,0.0007939079951029271,9.675898763816804e-05,4.5345965190790594e-05,0.0003293780027888715,9.468296775594354e-05,0.0001369920209981501
uniform,153,OMP,baseline,0.0010130209993803874,8.304297807626426e-05,0.00010102697706315666,0.00038701297307852656,9.901300654746592e-05,0.0
uniform,153,OMP,optimized,0.0005675790016539395,6.279398803599179e-05,2.262397902086377e-05,0.00021643000945914537,7.114800973795354e-05,0.0001277329574804753
uniform,154,OMP,baseline,0.0010409030073788017,6.490499072242528e-05,0.00010059704072773457,0.00040725998405832797,9.001303988043219e-05,0.0
uniform,154,OMP,optimized,0.0005354330060072243,5.21069741807878e-05,2.1454980014823377e-05,0.00021120098244864494,7.38540111342445e-05,0.0001081050286302343
uniform,155,OMP,baseline,0.0012265920086065307,8.399800572078675e-05,0.00011962598364334553,0.0004924609966110438,0.00011521398846525699,0.0
uniform,155,OMP,optimized,0.0006899040017742664,7.075801840983331e-05,2.6505003916099668e-05,0.0002932069619419053,8.794102177489549e-05,0.00012855995737481862
uniform,156,OMP,baseline,0.0009985240030800924,6.0897989897057414e-05,0.00010005301737692207,0.00039922300493344665,8.793598681222647e-05,0.0
uniform,156,OMP,optimized,0.0005886930011911318,5.368699203245342e-05,3.658198693301529e-05,0.00022641797841060907,7.621503027621657e-05,0.00012030197831336409
uniform,157,OMP,baseline,0.002006476992391981,0.00012851698556914926,0.0002205240452894941,0.0007705399766564369,0.0001916930195875466,0.0
uniform,157,OMP,optimized,0.001024242999847047,0.00010574098268989474,4.191100015304983e-05,0.00039850000757724047,0.00015105005877558142,0.00020762397616636008
uniform,158,OMP,baseline,0.0013738239940721542,9.353805216960609e-05,0.0001410420663887635,0.0005086930323159322,0.00015320201055146754,0.0
uniform,158,OMP,optimized,0.0006181649951031432,5.642103496938944e-05,2.4670982384122908e-05,0.0002444400597596541,7.660700066480786e-05,0.0001339129958068952
uniform,159,OMP,baseline,0.001015344008919783,6.819494592491537e-05,9.81850316748023e-05,0.00040633602475281805,9.720501839183271e-05,0.0
uniform,159,OMP,optimized,0.0005898929957766086,6.360799307003617e-05,2.3160988348536193e-05,0.000230091973207891,8.386898844037205e-05,0.00011632399400696158
uniform,160,OMP,baseline,0.0009689700091257691,6.269497680477798e-05,9.67809755820781e-05,0.00038497502100653946,8.885900024324656e-05,0.0
uniform,160,OMP,optimized,0.0005823370011057705,5.50639524590224e-05,2.2580003133043647e-05,0.00021945696789771318,7.677501707803458e-05,0.00013213700731284916
uniform,161,OMP,baseline,0.0009764099959284067,7.0677007897757e-05,9.552300616633147e-05,0.0003846529725706205,9.426502219866961e-05,0.0
uniform,161,OMP,optimized,0.0005475920042954385,6.308300362434238e-05,1.980697561521083e-05,0.0002027640148298815,7.068301783874631e-05,0.00010569102596491575
uniform,162,OMP,baseline,0.001147784001659602,6.64949620841071e-05,0.0001117510546464473,0.00048483900900464505,0.00010413999552838504,0.0
uniform,162,OMP,optimized,0.0005501539999386296,5.179799336474389e-05,2.1805986762046814e-05,0.00021962999016977847,7.24019919289276e-05,0.00011259703023824841
uniform,163,OMP,baseline,0.0011129140038974583,7.601399556733668e-05,0.00010879698675125837,0.0004391579714138061,0.00011978198017459363,0.0
uniform,163,OMP,optimized,0.0005482289998326451,6.125497748143971e-05,2.1842002752237022e-05,0.00021510700753424317,7.220599218271673e-05,0.00011234998237341642
uniform,164,OMP,baseline,0.0025836449931375682,0.000174984015757218,0.00030577200232073665,0.0008711349655641243,0.00036757100315298885,0.0
uniform,164,OMP,optimized,0.0006093700067140162,5.574295937549323e-05,2.6811991119757295e-05,0.00024194802972488105,7.711397483944893e-05,0.00011826798436231911
uniform,165,OMP,baseline,0.0010666419984772801,7.002698839642107e-05,0.00010183900303672999,0.00043324800208210945,0.00010200099495705217,0.0
uniform,165,OMP,optimized,0.0005874359922017902,6.344002031255513e-05,2.2890002583153546e-05,0.00023668599897064269,7.728194759692997e-05,0.00011486103176139295
uniform,166,OMP,baseline,0.0010795790003612638,6.506801582872868e-05,0.00010446996020618826,0.0004329450021032244,9.873601084109396e-05,0.0
uniform,166,OMP,optimized,0.0007218719983939081,6.344199937302619e-05,2.9505958082154393e-05,0.0002677079464774579,9.713998588267714e-05,0.00017353294242639095
uniform,167,OMP,baseline,0.0010986940033035353,8.45600152388215e-05,0.00010496196046005934,0.00039941302384249866,0.00010063598165288568,0.0
uniform,167,OMP,optimized,0.0005597709969151765,6.110298272687942e-05,2.261606277897954e-05,0.00022359404829330742,7.157794607337564e-05,0.00011063400597777218
uniform,168,OMP,baseline,0.00103429400769528,6.888997450005263e-05,0.0001136019709520042,0.00041134198545478284,9.118497837334871e-05,0.0
uniform,168,OMP,optimized,0.0005447899893624708,5.339499330148101e-05,2.19919893424958e-05,0.00021878498955629766,7.157097570598125e-05,0.00011106398596893996
uniform,169,OMP,baseline,0.0009747840085765347,6.741302786394954e-05,9.686796693131328e-05,0.0003823969600489363,9.417203546036035e-05,0.0
uniform,169,OMP,optimized,0.0005678009911207482,6.189699342940003e-05,2.118799602612853e-05,0.00021056097466498613,7.236699457280338e-05,0.00011313201684970409
uniform,170,OMP,baseline,0.002118871998391114,0.00013209196913521737,0.0002736919996095821,0.0007800670282449573,0.0002055909571936354,0.0
uniform,170,OMP,optimized,0.0011275529977865517,9.733899787534028e-05,5.0892995204776525e-05,0.00047954499314073473,0.00015838802210055292,0.00021666698739863932
uniform,171,OMP,baseline,0.0011149380006827414,7.250301132444292e-05,0.00010310400102753192,0.00046638897038064897,0.00010814299457706511,0.0
uniform,171,OMP,optimized,0.0005426569987321272,6.137695163488388e-05,2.1375977667048573e-05,0.00021158199524506927,7.205099973361939e-05,0.00011002898099832237
uniform,172,OMP,baseline,0.000979678996372968,5.9614976635202765e-05,9.718797809910029e-05,0.0003905920166289434,8.85670306161046e-05,0.0
uniform,172,OMP,optimized,0.0005956840032013133,6.339799438137561e-05,2.416700590401888e-05,0.00024285003019031137,7.638799434062093e-05,0.00011536403326317668
uniform,173,OMP,baseline,0.0010721309954533353,7.199199171736836e-05,0.00010187001316808164,0.00042359897634014487,0.00011404798715375364,0.0
uniform,173,OMP,optimized,0.0005386169941630214,5.987304029986262e-05,2.0726045477204025e-05,0.0002096219832310453,7.061302312649786e-05,0.00010909397678915411
uniform,174,OMP,baseline,0.001062212002580054,6.304096314124763e-05,0.00011992303188890219,0.0004167259903624654,9.80689947027713e-05,0.0
uniform,174,OMP,optimized,0.0005939839902566746,5.501300620380789e-05,2.4667009711265564e-05,0.0002467880258336663,7.436600571963936e-05,0.00011993701627943665
uniform,175,OMP,baseline,0.0013518269988708198,9.460901492275298e-05,0.00012450199574232101,0.0005127600161358714,0.00011964800069108605,0.0
uniform,175,OMP,optimized,0.0005569439963437617,5.904902354814112e-05,3.1031027901917696e-05,0.00021595301222987473,7.018998439889401e-05,0.00011108700709883124
uniform,176,OMP,baseline,0.0010081829968839884,5.916904774494469e-05,9.787098679225892e-05,0.00039587097126059234,9.448797209188342e-05,0.0
uniform,176,OMP,optimized,0.0005766879912698641,5.272503767628223e-05,2.2711014025844634e-05,0.00023839104687795043,7.64210126362741e-05,0.00011350899876561016
uniform,177,OMP,baseline,0.001074636005796492,7.624202407896519e-05,0.00010854499123524874,0.00041437802428845316,0.0001079969952115789,0.0
uniform,177,OMP,optimized,0.0005639949959004298,6.0753984143957496e-05,2.160901203751564e-05,0.00021326597197912633,7.354997796937823e-05,0.00012525799684226513
uniform,178,OMP,baseline,0.0012192550057079643,6.901597953401506e-05,0.00012129300739616156,0.0005050939944339916,0.00011885598360095173,0.0
uniform,178,OMP,optimized,0.0006716810021316633,8.41559813125059e-05,4.809901292901486e-05,0.00024791399482637644,7.743794412817806e-05,0.00012952600081916898
uniform,179,OMP,baseline,0.001225049010827206,8.185295155271888e-05,0.00010948900307994336,0.00045634800335392356,0.00010958901839330792,0.0
uniform,179,OMP,optimized,0.0006454070098698139,8.803400851320475e-05,2.57699575740844e-05,0.0002465980069246143,8.58599814819172e-05,0.00012133500422351062
uniform,180,OMP,baseline,0.0010742150043370202,6.153600406832993e-05,0.0001231920177815482,0.00043781402928289026,9.65879880823195e-05,0.0
uniform,180,OMP,optimized,0.0007375749992206693,7.705902680754662e-05,2.7669055270962417e-05,0.0002932869683718309,0.00010378299339208752,0.00013489900447893888
uniform,181,OMP,baseline,0.002111499008606188,0.00013170699821785092,0.00022015396098140627,0.0008299760083900765,0.00020800702623091638,0.0
uniform,181,OMP,optimized,0.001116265993914567,0.00010360802116338164,5.410805169958621e-05,0.00043053305125795305,0.00015709699073340744,0.00022483899374492466
uniform,182,OMP,baseline,0.001040064002154395,7.420398469548672e-05,0.00010543300595600158,0.0004120330122532323,9.532002150081098e-05,0.0
uniform,182,OMP,optimized,0.0006048829964129254,6.551398837473243e-05,2.2904016077518463e-05,0.000248033000389114,7.932403241284192e-05,0.00011345295934006572
uniform,183,OMP,baseline,0.001049929007422179,6.975801079533994e-05,0.0001140899839811027,0.00041864502418320626,9.818801481742412e-05,0.0
uniform,183,OMP,optimized,0.0005836930067744106,6.424599268939346e-05,2.4029999622143805e-05,0.00022665501455776393,7.798196747899055e-05,0.00011557801917660981
uniform,184,OMP,baseline,0.001102273992728442,6.660301005467772e-05,0.0001122970279539004,0.0004350740200607106,9.843401494435966e-05,0.0
uniform,184,OMP,optimized,0.0005510159971890971,5.584406608249992e-05,2.230294921901077e-05,0.00021737703355029225,7.381396426353604e-05,0.00011086497397627681
uniform,185,OMP,baseline,0.0010299360001226887,7.033701695036143e-05,0.00010049297998193651,0.00040774499939288944,9.947000944521278e-05,0.0
uniform,185,OMP,optimized,0.0008666339999763295,8.119098492898047e-05,3.264003316871822e-05,0.00033164198976010084,0.00011229600931983441,0.00020288099767640233
uniform,186,OMP,baseline,0.0010466439998708665,6.494202534668148e-05,0.00010212100460194051,0.00042215900612063706,0.00010105101682711393,0.0
uniform,186,OMP,optimized,0.0005300580087350681,5.428103031590581e-05,2.1037019905634224e-05,0.000211653983569704,6.955199933145195e-05,0.00010703198495320976
uniform,187,OMP,baseline,0.0011036259966203943,6.379399565048516e-05,0.00010649596515577286,0.00046378101978916675,0.00010201499389950186,0.0
uniform,187,OMP,optimized,0.0005588350031757727,5.1682989578694105e-05,3.593799192458391e-05,0.00021460400603245944,7.381099567282945e-05,0.0001124419504776597
uniform,188,OMP,baseline,0.0010271950013702735,6.700100493617356e-05,0.00010300398571416736,0.000390337998396717,0.00011798397463280708,0.0
uniform,188,OMP,optimized,0.0006024879985488951,5.8562043705023825e-05,2.304998633917421e-05,0.00026240802253596485,7.618499512318522e-05,0.0001121179957408458
uniform,189,OMP,baseline,0.0009480599983362481,5.8290010201744735e-05,9.393697837367654e-05,0.0003815439558820799,8.489099855069071e-05,0.0
uniform,189,OMP,optimized,0.0005305539962137118,5.262800550553948e-05,2.116296673193574e-05,0.0002106600150000304,7.027997344266623e-05,0.0001069059653673321
uniform,190,OMP,baseline,0.0010108660062542185,6.153903086669743e-05,0.0001072939921868965,0.00040324700239580125,9.290598973166198e-05,0.0
uniform,190,OMP,optimized,0.0007095439941622317,6.719100929331034e-05,2.5865010684356093e-05,0.0002838189830072224,9.938403673004359e-05,0.00013109302381053567
uniform,191,OMP,baseline,0.002199245005613193,0.00015497705317102373,0.00023017296916805208,0.0008448230073554441,0.0002098760160151869,0.0
uniform,191,OMP,optimized,0.0011704959906637669,0.00010678899707272649,5.100897396914661e-05,0.00046828795166220516,0.00016972600133158267,0.00023267397773452103
uniform,192,OMP,baseline,0.0010590450110612437,6.537001172546297e-05,0.00010227900929749012,0.00043301901314407587,0.00010116701014339924,0.0
uniform,192,OMP,optimized,0.0005954850057605654,5.3962983656674623e-05,2.3060973035171628e-05,0.00023349697585217655,7.499000639654696e-05,0.00012043201422784477
uniform,193,OMP,baseline,0.0009880610014079139,6.229299469850957e-05,9.914705879054964e-05,0.00039587999344803393,8.735300798434764e-05,0.0
uniform,193,OMP,optimized,0.0005792099982500076,5.3673036745749414e-05,2.2159991203807294e-05,0.00022628896113019437,7.514299068134278e-05,0.00012906899792142212
uniform,194,OMP,baseline,0.0010635090002324432,7.162801921367645e-05,0.00010395400749985129,0.0004069350106874481,9.690700971987098e-05,0.0
uniform,194,OMP,optimized,0.0005446290015242994,5.238104495219886e-05,2.1619998733513057e-05,0.00021683100203517824,7.128997822292149e-05,0.00011279497994109988
uniform,195,OMP,baseline,0.0010266730096191168,6.492402462754399e-05,0.00010506401304155588,0.0004051870055263862,9.258402860723436e-05,0.0
uniform,195,OMP,optimized,0.0006013359961798415,6.129400571808219e-05,2.3402972146868706e-05,0.0002330129937035963,7.879496843088418e-05,0.00012127406080253422
uniform,196,OMP,baseline,0.0015318319929065183,9.733298793435097e-05,0.0001548810105305165,0.0006059179722797126,0.0001397969899699092,0.0
uniform,196,OMP,optimized,0.0007242100109579042,6.727401341777295e-05,2.924002183135599e-05,0.0002995120012201369,9.637702896725386e-05,0.0001422070199623704
uniform,197,OMP,baseline,0.0010759080032585189,7.017301686573774e-05,0.00010656101221684366,0.000432227025157772,9.606797539163381e-05,0.0
uniform,197,OMP,optimized,0.0011494160135043785,8.671201067045331e-05,3.697897773236036e-05,0.00038119099917821586,0.00017713899433147162,0.00026305404026061296
uniform,198,OMP,baseline,0.0010654809884727001,6.207702972460538e-05,0.00012431899085640907,0.0004236640379531309,0.00010250201739836484,0.0
uniform,198,OMP,optimized,0.0005567470070673153,5.479299579747021e-05,2.3734988644719124e-05,0.00021746402489952743,7.297297997865826e-05,0.00011879196972586215
uniform,199,OMP,baseline,0.0010145029955310747,6.647100963164121e-05,0.00010366502101533115,0.00039613802800886333,9.137597226072103e-05,0.0
uniform,199,OMP,optimized,0.0005386630073189735,6.116300937719643e-05,2.0826017134822905e-05,0.00020924399723298848,7.376301800832152e-05,0.0001094839972211048
uniform,200,OMP,baseline,0.0010669920011423528,6.600796768907458e-05,0.00010437698801979423,0.0004366840294096619,0.00010183903214056045,0.0
uniform,200,OMP,optimized,0.0005437959916889668,5.4234027629718184e-05,2.216405118815601e-05,0.00021696700423490256,7.103499956429005e-05,0.00011144099698867649
uniform,201,OMP,baseline,0.0018267080013174564,0.00019636302022263408,0.0001802949991542846,0.0006552440027007833,0.0001911069848574698,0.0
uniform,201,OMP,optimized,0.0010967950074700639,0.00010235204536002129,5.464200512506068e-05,0.00043064002238679677,0.00015779898967593908,0.00022241698752623051
uniform,202,OMP,baseline,0.001969823002582416,0.00013155199121683836,0.00020965396834071726,0.0007547950081061572,0.00019342999439686537,0.0
uniform,202,OMP,optimized,0.0005941980052739382,5.36849838681519e-05,2.5336004910059273e-05,0.00022530999558512121,9.180900815408677e-05,0.00011776195606216788
uniform,203,OMP,baseline,0.0014585530007025227,8.874699415173382e-05,0.00023888199939392507,0.0005357719928724691,0.0001524780091131106,0.0
uniform,203,OMP,optimized,0.000622958003077656,6.446601764764637e-05,2.5483983336016536e-05,0.0002494839864084497,7.933202141430229e-05,0.00012358299863990396
uniform,204,OMP,baseline,0.0022265019943006337,0.00014277006266638637,0.0002583780442364514,0.0008130579808494076,0.0002122890145983547,0.0
uniform,204,OMP,optimized,0.001180687002488412,0.00010466499952599406,5.9261947171762586e-05,0.0004591129982145503,0.00019325401808600873,0.0002290179836563766
uniform,205,OMP,baseline,0.0011822859960375354,7.306998304557055e-05,0.00011076800001319498,0.0004983190301572904,0.00012036299449391663,0.0
uniform,205,OMP,optimized,0.0005604180041700602,5.644999328069389e-05,2.2617954527959228e-05,0.00021913099044468254,7.315802213270217e-05,0.00011450699821580201
uniform,206,OMP,baseline,0.0010103080130647868,7.164200360421091e-05,9.919103467836976e-05,0.00040013398393057287,9.767798474058509e-05,0.0
uniform,206,OMP,optimized,0.0006325079884845763,6.632096483372152e-05,2.491501800250262e-05,0.00026553100906312466,8.073399658314884e-05,0.00011961000564042479
uniform,207,OMP,baseline,0.0024772519973339513,0.00014993995137047023,0.0002554219972807914,0.0009562379855196923,0.0002637910074554384,0.0
uniform,207,OMP,optimized,0.0012263349926797673,0.00011489099415484816,6.686597771476954e-05,0.00047868698311503977,0.00017619798018131405,0.0002492780186003074
uniform,208,OMP,baseline,0.0022518789919558913,0.00014370593999046832,0.00023678394791204482,0.000834235004731454,0.00029642198933288455,0.0
uniform,208,OMP,optimized,0.0011591139918891713,0.0001147439907072112,5.5420983699150383e-05,0.00044365898065734655,0.0001699260319583118,0.00022898803581483662
uniform,209,OMP,baseline,0.0014767090033274144,9.185800445266068e-05,0.00015564003842882812,0.0006100519822211936,0.00015387797611765563,0.0
uniform,209,OMP,optimized,0.0006069960072636604,5.543501174543053e-05,2.4399967514909804e-05,0.00023246802447829396,8.000401430763304e-05,0.00013902697537560016
uniform,210,OMP,baseline,0.001150402007624507,7.739398279227316e-05,0.0001139679952757433,0.00045723101356998086,0.00011999098933301866,0.0
uniform,210,OMP,optimized,0.0005237229925114661,5.8738994994200766e-05,2.47590069193393e-05,0.00020262401085346937,6.811399362049997e-05,0.00010435697913635522
uniform,211,OMP,baseline,0.0020899209921481088,0.00012213297304697335,0.000268716030404903,0.0008175460097845644,0.00020637799752876163,0.0
uniform,211,OMP,optimized,0.0005392729945015162,5.140301072970033e-05,2.1464016754180193e-05,0.0002149490173906088,7.157998334150761e-05,0.0001090310252038762
uniform,212,OMP,baseline,0.0010787460050778463,7.71339691709727e-05,0.00010566101991571486,0.0004267750045983121,0.00011255897697992623,0.0
uniform,212,OMP,optimized,0.0006974639982217923,7.364399789366871e-05,2.8569993446581066e-05,0.00027860702539328486,8.894799975678325e-05,0.00012968199735041708
uniform,213,OMP,baseline,0.0009661419899202883,6.142596248537302e-05,9.654395398683846e-05,0.00038633802614640445,8.959596743807197e-05,0.0
uniform,213,OMP,optimized,0.0005447959993034601,5.729701661039144e-05,2.1590007236227393e-05,0.00021297104831319302,7.18759692972526e-05,0.0001117919891839847
uniform,214,OMP,baseline,0.0013014660071348771,9.951900574378669e-05,0.00013166900316718966,0.0004884320223936811,0.00012575597793329507,0.0
uniform,214,OMP,optimized,0.0007275380048668012,8.953099313657731e-05,2.865094575099647e-05,0.0002884560090024024,9.514697012491524e-05,0.00013472801947500557
uniform,215,OMP,baseline,0.0010699240083340555,6.92149915266782e-05,0.00010459800250828266,0.0004169219610048458,9.469701035413891e-05,0.0
uniform,215,OMP,optimized,0.0005356549954740331,5.105296440888196e-05,2.213899279013276e-05,0.00021394496434368193,7.110799197107553e-05,0.0001092150341719389
uniform,216,OMP,baseline,0.001330886996584013,9.002599108498544e-05,0.00012885202886536717,0.0005211370007600635,0.00012438898556865752,0.0
uniform,216,OMP,optimized,0.0006882609886815771,7.753104728180915e-05,2.6663998141884804e-05,0.0002674469869816676,8.99940641829744e-05,0.00013770001532975584
uniform,217,OMP,baseline,0.0010875150037463754,6.863003363832831e-05,0.00010765701881609857,0.0004307810013415292,0.00010328400821890682,0.0
uniform,217,OMP,optimized,0.0006428049964597449,6.294697232078761e-05,2.617797872517258e-05,0.00026657202397473156,8.516102388966829e-05,0.0001238830154761672
uniform,218,OMP,baseline,0.0014527230086969212,0.00012954398698639125,0.00014242799079511315,0.0005286559899104759,0.00013280197163112462,0.0
uniform,218,OMP,optimized,0.0005920679977862164,6.997403397690505e-05,2.3348009563051164e-05,0.00022685898875351995,7.839598401915282e-05,0.00011914900096599013
uniform,219,OMP,baseline,0.002559421001933515,0.00016133797180373222,0.00028128898702561855,0.0009573570278007537,0.00028454497805796564,0.0
uniform,219,OMP,optimized,0.000651219001156278,5.848199361935258e-05,2.6845998945645988e-05,0.00025125099637079984,0.00010075802856590599,0.00012828198669012636
uniform,220,OMP,baseline,0.0019769840000662953,0.00014794700837228447,0.00021340002422221005,0.0007343469915213063,0.0001942230446729809,0.0
uniform,220,OMP,optimized,0.0011037950025638565,0.00010235101217404008,4.69550141133368e-05,0.0004252159997122362,0.00015987698861863464,0.00023434602189809084
uniform,221,OMP,baseline,0.001915458997245878,0.0001291719963774085,0.00021972801187075675,0.0007291680085472763,0.00018045400793198496,0.0
uniform,221,OMP,optimized,0.0005650490056723356,5.3256997489370406e-05,2.3379994672723114e-05,0.00022479603649117053,7.51309999031946e-05,0.00011577803525142372
uniform,222,OMP,baseline,0.001072550003300421,7.312398520298302e-05,0.00010446198575664312,0.00040334698860533535,0.00012263502867426723,0.0
uniform,222,OMP,optimized,0.000534849998075515,6.0628983192145824e-05,2.095999661833048e-05,0.00020800897618755698,6.907698116265237e-05,0.00010881401249207556
uniform,223,OMP,baseline,0.0010481329954927787,6.418398697860539e-05,0.00010776698763947934,0.00041118296212516725,9.09909576876089e-05,0.0
uniform,223,OMP,optimized,0.0005970630008960143,5.476798105519265e-05,2.4167995434254408e-05,0.00024319296062458307,8.033198537304997e-05,0.00011777802137658
uniform,224,OMP,baseline,0.0010257930116495118,7.646197627764195e-05,9.870700887404382e-05,0.00039637397276237607,0.00010796998685691506,0.0
uniform,224,OMP,optimized,0.0006482839962700382,7.7866978244856e-05,2.6139983674511313e-05,0.0002630519593367353,8.05830059107393e-05,0.0001214160438394174
uniform,225,OMP,baseline,0.0019136479968437925,0.00012116995640099049,0.00021121298777870834,0.0007197720115073025,0.00018944598559755832,0.0
uniform,225,OMP,optimized,0.0012587940000230446,0.00011123997683171183,6.037000275682658e-05,0.00046867299533914775,0.00017563599976710975,0.00027439197583589703
uniform,226,OMP,baseline,0.002389118992141448,0.00019621399405878037,0.00028380900039337575,0.0007844050269341096,0.0004232020291965455,0.0
uniform,226,OMP,optimized,0.0006274289917200804,7.550694863311946e-05,2.542103175073862e-05,0.00024106398632284254,8.370600698981434e-05,0.00012420903658494353
uniform,227,OMP,baseline,0.0010114089964190498,6.445303733926266e-05,9.856400720309466e-05,0.0003944900236092508,0.0001066450058715418,0.0
uniform,227,OMP,optimized,0.0005788970011053607,6.627000402659178e-05,2.3398984922096133e-05,0.00022396101849153638,7.46660225559026e-05,0.00011631999223027378
uniform,228,OMP,baseline,0.0013208120071794838,0.00010257397661916912,0.00012394502118695527,0.000557043997105211,0.00013017398305237293,0.0
uniform,228,OMP,optimized,0.0006889499927638099,6.672699237242341e-05,2.8919981559738517e-05,0.0003020129806827754,8.243796764872968e-05,0.00012649899872485548
uniform,229,OMP,baseline,0.0012171940034022555,7.052699220366776e-05,0.0001198399841086939,0.00043940603791270405,9.706200216896832e-05,0.0
uniform,229,OMP,optimized,0.0005832460010424256,5.630402301903814e-05,2.4054053938016295e-05,0.0002241280017187819,8.907298615667969e-05,0.00011755700688809156
uniform,230,OMP,baseline,0.0010721529979491606,7.06510036252439e-05,0.00010221599950455129,0.00043943502532783896,0.00010485098755452782,0.0
uniform,230,OMP,optimized,0.0006294769991654903,6.115502037573606e-05,2.7243979275226593e-05,0.00022052104759495705,8.392297604586929e-05,0.0001348590012639761
uniform,231,OMP,baseline,0.0014232760004233569,8.464204438496381e-05,0.00012877404515165836,0.000572084027226083,0.0001205669977935031,0.0
uniform,231,OMP,optimized,0.0005805770051665604,6.352196214720607e-05,2.1796018700115383e-05,0.00024196199956350029,7.122002716641873e-05,0.00011127901962026954
uniform,232,OMP,baseline,0.001074544998118654,7.500196807086468e-05,0.00010216797818429768,0.0004176560032647103,0.00011817099584732205,0.0
uniform,232,OMP,optimized,0.0006932099931873381,6.346602458506823e-05,2.821798261720687e-05,0.00027403303829487413,8.479702228214592e-05,0.0001615280198166147
uniform,233,OMP,baseline,0.0010960100044030696,6.544899952132255e-05,0.00012416102981660515,0.00043354999797884375,0.00010916106111835688,0.0
uniform,233,OMP,optimized,0.0005789679998997599,5.620601586997509e-05,3.089298843406141e-05,0.00022353301756083965,7.283101149369031e-05,0.00011521602573338896
uniform,234,OMP,baseline,0.0013764059985987842,8.229901141021401e-05,0.00016539701027795672,0.0005464450077852234,0.00016417598817497492,0.0
uniform,234,OMP,optimized,0.0006702160026179627,6.00240018684417e-05,2.854599733836949e-05,0.0002982859587064013,7.923800149001181e-05,0.00012079499720130116
uniform,235,OMP,baseline,0.001896920002764091,0.00012329098535701632,0.00018617197929415852,0.0006508800288429484,0.0002712170098675415,0.0
uniform,235,OMP,optimized,0.0006200159987201914,6.339399260468781e-05,2.4308974388986826e-05,0.000254271988524124,8.095400698948652e-05,0.00011980799899902195
uniform,236,OMP,baseline,0.0011019359953934327,6.237500929273665e-05,0.00011886600987054408,0.00046074800775386393,0.00010139800724573433,0.0
uniform,236,OMP,optimized,0.0009376339876325801,9.931001113727689e-05,5.808599235024303e-05,0.0003252790338592604,0.00012860997230745852,0.00021190497500356287
uniform,237,OMP,baseline,0.0017094939976232126,0.00011226903006900102,0.0001817230076994747,0.0006203750526765361,0.00015393899229820818,0.0
uniform,237,OMP,optimized,0.0008995670068543404,8.558198169339448e-05,3.614502202253789e-05,0.00036458401882555336,0.0001254639937542379,0.0001894999877549708
uniform,238,OMP,baseline,0.0010470120032550767,6.249701255001128e-05,0.00010360698797740042,0.00042186696373391896,9.398901602253318e-05,0.0
uniform,238,OMP,optimized,0.0005338180053513497,4.978202923666686e-05,2.204001066274941e-05,0.0002116300311172381,7.273397932294756e-05,0.0001112589961849153
uniform,239,OMP,baseline,0.0014980749983806163,0.00011985500168520957,0.00014861398085486144,0.000554606958758086,0.0001491880539106205,0.0
uniform,239,OMP,optimized,0.0006441010045818985,6.741601100657135e-05,2.5183995603583753e-05,0.00025696797820273787,8.360997890122235e-05,0.00012505199993029237
uniform,240,OMP,baseline,0.0010294770036125556,6.107798253651708e-05,0.00010087697592098266,0.00041848199907690287,9.663801756687462e-05,0.0
uniform,240,OMP,optimized,0.0007906389946583658,6.747701263520867e-05,0.00010209206084255129,0.00027390797913540155,9.799603139981627e-05,0.00015599897596985102
uniform,241,OMP,baseline,0.0012340190005488694,8.622299355920404e-05,0.00011300503683742136,0.0005131749785505235,0.00012521800817921758,0.0
uniform,241,OMP,optimized,0.0006198719929670915,7.260299753397703e-05,2.354299067519605e-05,0.00023257601424120367,9.424796735402197e-05,0.00011885000276379287
uniform,242,OMP,baseline,0.000985657999990508,6.173603469505906e-05,9.812702774070203e-05,0.0003981039917562157,8.870995952747762e-05,0.0
uniform,242,OMP,optimized,0.0010444820072734728,8.161201549228281e-05,3.380904672667384e-05,0.00043321600242052227,0.00013365500490181148,0.00025509601982776076
uniform,243,OMP,baseline,0.001026874000672251,7.58210226194933e-05,0.00010067402035929263,0.0004054629825986922,9.853599476628006e-05,0.0
uniform,243,OMP,optimized,0.0005947980098426342,6.509698869194835e-05,2.2779000573791564e-05,0.00023872300516813993,7.654295768588781e-05,0.00011639200965873897
uniform,244,OMP,baseline,0.002151803011656739,0.00017107500752899796,0.0002355450124014169,0.0007874449802329764,0.00018626196833793074,0.0
uniform,244,OMP,optimized,0.0006025440088706091,7.198902312666178e-05,2.3403059458360076e-05,0.00023228202189784497,7.958296919241548e-05,0.00011933101632166654
uniform,245,OMP,baseline,0.0010531479929341003,7.015098526608199e-05,0.00011248199734836817,0.0004185450234217569,0.00010246699093841016,0.0
uniform,245,OMP,optimized,0.0014367209951160476,0.00014527099847327918,6.315602513495833e-05,0.000541945977602154,0.0002189590159105137,0.0003079440211877227
uniform,246,OMP,baseline,0.0018122680048691109,0.00011328000982757658,0.0001529729925096035,0.0006755239883204922,0.0001765959896147251,0.0
uniform,246,OMP,optimized,0.0008887099975254387,9.685599070508033e-05,3.389103221707046e-05,0.0003457719867583364,0.0001521070080343634,0.0001516799966339022
uniform,247,OMP,baseline,0.0011421329982113093,8.824300311971456e-05,0.00010936798935290426,0.000425443024141714,0.00014719596947543323,0.0
uniform,247,OMP,optimized,0.0005738470063079149,6.592100544366986e-05,2.286795643158257e-05,0.00022122095106169581,7.518001075368375e-05,0.00011360600183252245
uniform,248,OMP,baseline,0.0016083410009741783,9.267200948670506e-05,0.00015175502630881965,0.0005901490076212212,0.00020761499763466418,0.0
uniform,248,OMP,optimized,0.0006837710097897798,6.049599323887378e-05,2.7108995709568262e-05,0.00025429898232687265,8.999198325909674e-05,0.00013069299166090786
uniform,249,OMP,baseline,0.0010936769976979122,7.691701466683298e-05,0.00010248699982184917,0.00043732699123211205,0.00011357702896930277,0.0
uniform,249,OMP,optimized,0.0006246099947020411,6.809199112467468e-05,2.41939997067675e-05,0.00024774199118837714,9.228300768882036e-05,0.00011787199764512479
uniform,250,OMP,baseline,0.0010491629946045578,6.197404582053423e-05,0.0001194730430142954,0.00041588697058614343,9.496002166997641e-05,0.0
uniform,250,OMP,optimized,0.0005467830051202327,5.3125040722079575e-05,2.19369976548478e-05,0.00021461400319822133,7.355600246228278e-05,0.00011127203470095992
uniform,251,OMP,baseline,0.0011441550013842061,9.470302029512823e-05,0.00010879503679461777,0.00041658797999843955,0.00010533403838053346,0.0
uniform,251,OMP,optimized,0.0005553579976549372,6.664602551609278e-05,2.1911997464485466e-05,0.00021458999253809452,7.22610711818561e-05,0.00011101299605797976
uniform,252,OMP,baseline,0.0021597610029857606,0.00013144005788490176,0.0002267469826620072,0.0008417500066570938,0.00020855698676314205,0.0
uniform,252,OMP,optimized,0.0011595630057854578,0.00010329204087611288,5.330902058631182e-05,0.00045613803376909345,0.00016358098946511745,0.0002481340052327141
uniform,253,OMP,baseline,0.001355804008198902,8.831403101794422e-05,0.00013521700748242438,0.0005571169895119965,0.00014949700562283397,0.0
uniform,253,OMP,optimized,0.0009350940090371296,0.00010170695895794779,5.264703941065818e-05,0.0003402569709578529,0.00012100199819542468,0.00017373199807479978
uniform,254,OMP,baseline,0.0014343249931698665,9.348595631308854e-05,0.00015566495130769908,0.0005506010202225298,0.00016025100194383413,0.0
uniform,254,OMP,optimized,0.0005832200113218278,5.4087984608486295e-05,2.299001789651811e-05,0.00022638296650256962,7.74859800003469e-05,0.00012832401262130588
uniform,255,OMP,baseline,0.0014316839951789007,9.75410221144557e-05,0.00013171099999453872,0.0004807650111615658,0.00016689501353539526,0.0
uniform,255,OMP,optimized,0.0006155029986985028,6.857699190732092e-05,2.741703065112233e-05,0.0002408679574728012,7.839899626560509e-05,0.00012271301238797605
uniform,256,OMP,baseline,0.001098791995900683,6.830600614193827e-05,0.00010504400415811688,0.0004410879919305444,0.00010539199865888804,0.0
uniform,256,OMP,optimized,0.0006564399955095723,6.60499936202541e-05,2.7537025744095445e-05,0.00024202598433475941,0.00011405198893044144,0.00012904001050628722
uniform,257,OMP,baseline,0.0010348310024710372,7.380403985735029e-05,0.00010029901750385761,0.00040028401417657733,0.00010187600855715573,0.0
uniform,257,OMP,optimized,0.0006028349889675155,6.445599137805402e-05,2.4172011762857437e-05,0.00022465600341092795,9.78989846771583e-05,0.0001167579903267324
uniform,258,OMP,baseline,0.0010847829980775714,7.29620223864913e-05,0.00010273698717355728,0.0004204729339107871,9.682103700470179e-05,0.0
uniform,258,OMP,optimized,0.0005182339955354109,5.033198976889253e-05,2.115397364832461e-05,0.00020233001851011068,7.032703433651477e-05,0.00010802801989484578
uniform,259,OMP,baseline,0.0022685830044792965,0.0001581769756739959,0.00024404001305811107,0.0008365349931409582,0.0002840979868778959,0.0
uniform,259,OMP,optimized,0.0011196970008313656,0.00010524599929340184,5.177300772629678e-05,0.0004471210268093273,0.00016328100173268467,0.00022749898198526353
uniform,260,OMP,baseline,0.0010984950058627874,6.522698095068336e-05,0.00011288098176009953,0.0004238079854985699,0.00010715900862123817,0.0
uniform,260,OMP,optimized,0.0007088650017976761,6.01499923504889e-05,2.6802983484230936e-05,0.0002486550365574658,8.629000512883067e-05,0.00012810699990950525
uniform,261,OMP,baseline,0.0010524690005695447,7.49629398342222e-05,0.00010640603431966156,0.0003993749705841765,0.00010106599074788392,0.0
uniform,261,OMP,optimized,0.0011451989994384348,0.00011469399032648653,4.695700772572309e-05,0.00047147202712949365,0.00017771699640434235,0.00021083501633256674
uniform,262,OMP,baseline,0.0011176179978065193,6.285897688940167e-05,0.00010057902545668185,0.0004859119944740087,0.00010344802285544574,0.0
uniform,262,OMP,optimized,0.0008382800006074831,6.487799691967666e-05,2.647397923283279e-05,0.00041116797365248203,0.00012248499842826277,0.00012601098569575697
uniform,263,OMP,baseline,0.0015251419972628355,9.661898366175592e-05,0.00016825499187689275,0.0006696519558317959,0.00014030703459866345,0.0
uniform,263,OMP,optimized,0.0006913649995112792,6.736205250490457e-05,2.4483975721523166e-05,0.0002346230176044628,8.007096766959876e-05,0.00014393101446330547
uniform,264,OMP,baseline,0.0010942259978037328,6.549096724484116e-05,0.00012472605158109218,0.0004247159813530743,0.00010049602133221924,0.0
uniform,264,OMP,optimized,0.0005298220057738945,5.01639733556658e-05,2.0934967324137688e-05,0.00020595401292666793,6.958097219467163e-05,0.00010871099948417395
uniform,265,OMP,baseline,0.001033106993418187,7.15389905963093e-05,0.0001004839432425797,0.0004086030094185844,9.742402471601963e-05,0.0
uniform,265,OMP,optimized,0.0008199080039048567,8.329296542797238e-05,2.8341019060462713e-05,0.00033215699659194797,0.00010190799366682768,0.00018024499877355993
uniform,266,OMP,baseline,0.001499217003583908,0.00012790599430445582,0.00022875597642268986,0.0005494399665622041,0.00013600898091681302,0.0
uniform,266,OMP,optimized,0.0005441020039143041,5.357502959668636e-05,2.207199577242136e-05,0.00021405699953902513,7.239992555696517e-05,0.00011208299838472158
uniform,267,OMP,baseline,0.0010861019982257858,7.104997348506004e-05,0.0001043130032485351,0.0004257779655745253,0.00012305096606723964,0.0
uniform,267,OMP,optimized,0.000597250007558614,6.222599768079817e-05,2.2867025109007955e-05,0.0002257840387756005,9.720302477944642e-05,0.00011482594709377736
uniform,268,OMP,baseline,0.0013002970081288368,8.707598317414522e-05,0.00013573700562119484,0.0004889570118393749,0.00013143201067578048,0.0
uniform,268,OMP,optimized,0.0005548350018216297,5.090897320769727e-05,2.880900865420699e-05,0.00022065200028009713,7.302699668798596e-05,0.00011305596854072064
uniform,269,OMP,baseline,0.0010452460119267926,7.678197289351374e-05,0.00010004598880186677,0.00040537200402468443,9.949899686034769e-05,0.0
uniform,269,OMP,optimized,0.0005723539943573996,6.560298788826913e-05,2.3107000743038952e-05,0.0002180379960918799,7.944002572912723e-05,0.00011410597653593868
uniform,270,OMP,baseline,0.0010434200085001066,6.649705755989999e-05,0.00010423900675959885,0.0004192249907646328,9.702997340355068e-05,0.0
uniform,270,OMP,optimized,0.0006074569973861799,5.6191987823694944e-05,2.4473003577440977e-05,0.00023301404144149274,8.009899465832859e-05,0.0001392379926983267
uniform,271,OMP,baseline,0.001260679986444302,8.522901043761522e-05,0.0001250770001206547,0.0004809469828614965,0.00013416804722510278,0.0
uniform,271,OMP,optimized,0.0007147599972086027,7.388299854937941e-05,4.26680053351447e-05,0.0002804380201268941,8.969497866928577e-05,0.000138773990329355
uniform,272,OMP,baseline,0.00111248399480246,6.741897959727794e-05,0.00011630698281805962,0.00043988501420244575,0.00011566400644369423,0.0
uniform,272,OMP,optimized,0.0006388869951479137,5.9734011301770806e-05,2.468201273586601e-05,0.0002433730405755341,8.235700079239905e-05,0.00015046003682073206
uniform,273,OMP,baseline,0.001087593991542235,7.057904440443963e-05,0.00012592397979460657,0.0004163739940850064,0.00010889902478083968,0.0
uniform,273,OMP,optimized,0.0007541619997937232,7.000302139203995e-05,0.00011707800149451941,0.0002501730195945129,8.554302621632814e-05,0.00014263097546063364
uniform,274,OMP,baseline,0.002371023001614958,0.00014076201478019357,0.0003024299949174747,0.0008743449579924345,0.0002261109766550362,0.0
uniform,274,OMP,optimized,0.0006089200032874942,5.6678050896152854e-05,3.04830027744174e-05,0.00024188196402974427,7.962902600411326e-05,0.00012101401807740331
uniform,275,OMP,baseline,0.0010459629993420094,7.270502101164311e-05,0.00010387100337538868,0.0004069230053573847,9.677700290922076e-05,0.0
uniform,275,OMP,optimized,0.0005470239993883297,6.193199078552425e-05,2.181698800995946e-05,0.00021090998779982328,7.14510097168386e-05,0.00011017701763194054
uniform,276,OMP,baseline,0.0019903270003851503,0.00013131799641996622,0.00021624598593916744,0.0007497560000047088,0.00019868899835273623,0.0
uniform,276,OMP,optimized,0.0011257759906584397,9.914301335811615e-05,6.318801024463028e-05,0.0004510610015131533,0.00015634697047062218,0.00022555400209967047
uniform,277,OMP,baseline,0.0015786870062584057,0.00012667104601860046,0.0001572390174260363,0.000542998022865504,0.00018379301764070988,0.0
uniform,277,OMP,optimized,0.0007132210012059659,8.924597932491452e-05,4.0099999750964344e-05,0.0002460759715177119,8.35340324556455e-05,0.00014830096915829927
uniform,278,OMP,baseline,0.000987432009424083,6.324499554466456e-05,9.816401870921254e-05,0.00039354903856292367,9.109095844905823e-05,0.0
uniform,278,OMP,optimized,0.0005351349973352626,5.299295298755169e-05,2.2079955670051277e-05,0.0002122610021615401,7.09060113877058e-05,0.00010900995403062552
uniform,279,OMP,baseline,0.002244064991828054,0.00014435699267778546,0.0002382309321546927,0.0008706019725650549,0.00024139299057424068,0.0
uniform,279,OMP,optimized,0.0005763509980170056,6.467800994869322e-05,2.39540240727365e-05,0.0002261180052300915,7.4370953370817e-05,0.00011611300578806549
uniform,280,OMP,baseline,0.001032132000545971,6.241998926270753e-05,0.00011992498184554279,0.0004088580026291311,9.244702232535928e-05,0.0
uniform,280,OMP,optimized,0.0005505180015461519,5.331702413968742e-05,2.628301444929093e-05,0.00021731799643021077,7.276894757524133e-05,0.00011159801215399057
uniform,281,OMP,baseline,0.0010578429937595502,8.527901081833988e-05,0.00010420598846394569,0.00040476498543284833,0.00010460503108333796,0.0
uniform,281,OMP,optimized,0.0005398659995989874,6.0035003116354346e-05,2.1786006982438266e-05,0.00021252200531307608,7.204699795693159e-05,0.00010871201811823994
uniform,282,OMP,baseline,0.0011682369949994609,7.60130351409316e-05,0.0001073829917004332,0.0004636380326701328,0.00013041702914051712,0.0
uniform,282,OMP,optimized,0.000970173001405783,0.0001157619699370116,4.032002470921725e-05,0.00037033300031907856,0.00013275699166115373,0.00019231095211580396
uniform,283,OMP,baseline,0.0011087009916082025,7.489700510632247e-05,0.00010862998897209764,0.0004255880048731342,0.00010467899846844375,0.0
uniform,283,OMP,optimized,0.0006191230058902875,6.753198977094144e-05,3.0854964279569685e-05,0.00023898801009636372,7.962403469718993e-05,0.00012408597103785723
uniform,284,OMP,baseline,0.0011174139945069328,7.229800394270569e-05,0.00010959102655760944,0.00044127901492174715,0.00010998500511050224,0.0
uniform,284,OMP,optimized,0.0005384389951359481,5.274299473967403e-05,2.1436004317365587e-05,0.00021204701624810696,7.090793224051595e-05,0.00011045794235542417
uniform,285,OMP,baseline,0.0012585649965330958,8.918998355511576e-05,0.0001177089725388214,0.0004922569787595421,0.00014039702364243567,0.0
uniform,285,OMP,optimized,0.0006814990047132596,7.276999531313777e-05,2.7453977963887155e-05,0.00025722698774188757,8.858500223141164e-05,0.00015541099128313363
uniform,286,OMP,baseline,0.0009826540044741705,6.016201223246753e-05,0.00010016401938628405,0.0003771290212171152,0.00010573001054581255,0.0
uniform,286,OMP,optimized,0.0010176729992963374,9.563998901285231e-05,4.6021988964639604e-05,0.0004160760290687904,0.00014414897304959595,0.00019474700093269348
uniform,287,OMP,baseline,0.002134530004695989,0.00013445997319649905,0.0002506750461179763,0.0008124970045173541,0.0002157939743483439,0.0
uniform,287,OMP,optimized,0.0010967309935949743,0.00010323296010028571,8.055398939177394e-05,0.00040964399522636086,0.00015339397941716015,0.00022099202033132315
uniform,288,OMP,baseline,0.0013213310012361035,0.00010414602002128959,0.00016844396304804832,0.00048769303248263896,0.00012806900485884398,0.0
uniform,288,OMP,optimized,0.0006653699965681881,6.421298894565552e-05,3.073900006711483e-05,0.0002734889421844855,8.403502579312772e-05,0.00013366600614972413
uniform,289,OMP,baseline,0.0009985369979403913,6.170703272800893e-05,9.966398647520691e-05,0.0004023859655717388,9.004599996842444e-05,0.0
uniform,289,OMP,optimized,0.0005954910011496395,5.5922006140463054e-05,2.7651985874399543e-05,0.00024449599732179195,7.877899042796344e-05,0.00011607898341026157
uniform,290,OMP,baseline,0.0022071179992053658,0.00013424902863334864,0.00024023500736802816,0.000839839965919964,0.00022291898494586349,0.0
uniform,290,OMP,optimized,0.0010122800013050437,9.218900231644511e-05,4.5355031033977866e-05,0.0003843740123556927,0.00015920904115773737,0.00021174595167394727
uniform,291,OMP,baseline,0.0010811510001076385,7.426900265272707e-05,0.00010328899952583015,0.0004244669835316017,0.00010466300591360778,0.0
uniform,291,OMP,optimized,0.0008440200035693124,8.046698349062353e-05,3.1767034670338035e-05,0.00037496200820896775,0.0001129220036091283,0.00015072400856297463
uniform,292,OMP,baseline,0.0009559790050843731,5.927396705374122e-05,9.863103332463652e-05,0.00037783803418278694,8.838195935823023e-05,0.0
uniform,292,OMP,optimized,0.0005285340012051165,5.0358008593320847e-05,2.5695000658743083e-05,0.00020692202087957412,6.959401071071625e-05,0.0001086479751393199
uniform,293,OMP,baseline,0.0013208990130806342,8.266902295872569e-05,0.0001912379520945251,0.000495788044645451,0.0001241320132976398,0.0
uniform,293,OMP,optimized,0.0006193349981913343,7.036201714072376e-05,2.4671971914358437e-05,0.00024506299814675003,7.95249652583152e-05,0.00011915098002646118
uniform,294,OMP,baseline,0.0010973310127155855,7.58590322220698e-05,0.00011090798943769187,0.0004354420234449208,0.00010601297253742814,0.0
uniform,294,OMP,optimized,0.0006901620072312653,7.277696568053216e-05,2.745803794823587e-05,0.0002664949861355126,0.00010848800593521446,0.0001323689939454198
uniform,295,OMP,baseline,0.0015099989977898076,8.510098268743604e-05,0.00014524502330459654,0.0006228829879546538,0.0001592260377947241,0.0
uniform,295,OMP,optimized,0.0006240479997359216,6.43060338916257e-05,2.343501546420157e-05,0.00025449298846069723,7.953698514029384e-05,0.0001173620403278619
uniform,296,OMP,baseline,0.000986152997938916,6.220203067641705e-05,0.00010166598076466471,0.0003937889414373785,9.209297422785312e-05,0.0
uniform,296,OMP,optimized,0.0005571670044446364,5.03949704580009e-05,2.0761974155902863e-05,0.00021245698735583574,7.017701864242554e-05,0.00011600696598179638
uniform,297,OMP,baseline,0.0011215419945074245,7.961399387568235e-05,0.00010625996219459921,0.000417895003920421,0.00010509604180697352,0.0
uniform,297,OMP,optimized,0.0005727289972128347,6.181797652971e-05,2.296399907208979e-05,0.00022087102115619928,7.960296352393925e-05,0.0001133900077547878
uniform,298,OMP,baseline,0.0010256719979224727,6.47979904897511e-05,0.00010116600606124848,0.00039281402132473886,0.00011852500028908253,0.0
uniform,298,OMP,optimized,0.0005734110018238425,5.356803012546152e-05,2.173500251956284e-05,0.00021617898892145604,9.006501932162791e-05,0.00011428201105445623
uniform,299,OMP,baseline,0.0010212189954472706,7.066800026223063e-05,0.00010037297033704817,0.0004019529733341187,9.890897490549833e-05,0.0
uniform,299,OMP,optimized,0.0005506769957719371,6.252199818845838e-05,2.2090942366048694e-05,0.00021401698177214712,7.228304457385093e-05,0.00011083300341852009
