matrix_kind,trial,algorithm,implementation,runtime_sec,correlation_time_sec,selection_time_sec,solve_time_sec,residual_update_time_sec,support_refinement_time_sec
gaussian,0,gOMP,baseline,0.0009389949991600588,4.4338012230582535e-05,0.0001441549975425005,0.0003578560135792941,7.764801557641476e-05,0.0
gaussian,0,gOMP,optimized,0.0006065969937480986,4.010798875242472e-05,0.0001154979836428538,0.000268882024101913,6.427198240999132e-05,0.0
gaussian,1,gOMP,baseline,0.0005473500059451908,2.823001705110073e-05,7.986901619005948e-05,0.00021373998606577516,4.437897587195039e-05,0.0
gaussian,1,gOMP,optimized,0.00024395801301579922,2.1415995433926582e-05,5.075696390122175e-05,8.79350263858214e-05,2.883502747863531e-05,0.0
gaussian,2,gOMP,baseline,0.0006642179941991344,3.707701398525387e-05,8.762000652495772e-05,0.0002578899875516072,4.6455999836325645e-05,0.0
gaussian,2,gOMP,optimized,0.00030085298931226134,2.7421003323979676e-05,7.365801138803363e-05,0.00010691600618883967,3.387097967788577e-05,0.0
gaussian,3,gOMP,baseline,0.0006475059926742688,2.9142014682292938e-05,9.613799920771271e-05,0.00026091701874975115,5.114999657962471e-05,0.0
gaussian,3,gOMP,optimized,0.0003390420024516061,4.8026005970314145e-05,8.077800157479942e-05,0.00011086798622272909,3.298402589280158e-05,0.0
gaussian,4,gOMP,baseline,0.0005666429933626205,3.350299084559083e-05,7.371899846475571e-05,0.00022484500368591398,5.373000749386847e-05,0.0
gaussian,4,gOMP,optimized,0.00025069399271160364,2.515899541322142e-05,5.070600309409201e-05,8.831497689243406e-05,3.2248019124381244e-05,0.0
gaussian,5,gOMP,baseline,0.0009371009946335107,4.7367982915602624e-05,0.0001379669993184507,0.00033129300572909415,9.258100180886686e-05,0.0
gaussian,5,gOMP,optimized,0.0004617970116669312,3.8331010728143156e-05,0.0001080319780157879,0.00016029899416025728,6.063898035790771e-05,0.0
gaussian,6,gOMP,baseline,0.000560275002499111,2.905698784161359e-05,7.531102164648473e-05,0.00022922801144886762,4.595200880430639e-05,0.0
gaussian,6,gOMP,optimized,0.00033745499968063086,4.1969993617385626e-05,6.237499474082142e-05,0.00010182301048189402,6.60290097584948e-05,0.0
gaussian,7,gOMP,baseline,0.00047072199231479317,2.433201007079333e-05,6.487099744845182e-05,0.00018986598297487944,3.5195989767089486e-05,0.0
gaussian,7,gOMP,optimized,0.00025037600426003337,2.156998380087316e-05,5.331302236299962e-05,8.856099157128483e-05,3.039299917872995e-05,0.0
gaussian,8,gOMP,baseline,0.0005506059969775379,3.085601201746613e-05,7.139098306652158e-05,0.00023327398230321705,4.379799065645784e-05,0.0
gaussian,8,gOMP,optimized,0.0002412269968772307,2.2527994588017464e-05,5.411598249338567e-05,8.69229988893494e-05,2.8731985366903245e-05,0.0
gaussian,9,gOMP,baseline,0.0005128240009071305,2.9270013328641653e-05,6.7407003371045e-05,0.00019505502132233232,3.927700163330883e-05,0.0
gaussian,9,gOMP,optimized,0.0002385359985055402,2.8757989639416337e-05,4.934699973091483e-05,8.390100265387446e-05,2.819500514306128e-05,0.0
gaussian,10,gOMP,baseline,0.00046638101048301905,2.2737993276678026e-05,7.038500916678458e-05,0.00018645203090272844,3.4181008231826127e-05,0.0
gaussian,10,gOMP,optimized,0.0002992910012835637,2.3361004423350096e-05,8.476000220980495e-05,0.00010030000703409314,3.046198980882764e-05,0.0
gaussian,11,gOMP,baseline,0.0005686249933205545,2.8775990358553827e-05,7.999099034350365e-05,0.00021808700694236904,5.2109986427240074e-05,0.0
gaussian,11,gOMP,optimized,0.00029258000722620636,2.9978982638567686e-05,5.203799810260534e-05,0.00010608596494421363,3.224001557100564e-05,0.0
gaussian,12,gOMP,baseline,0.0006028159987181425,2.7182017220184207e-05,8.76880221767351e-05,0.00024900201242417097,4.6962013584561646e-05,0.0
gaussian,12,gOMP,optimized,0.00025315300445072353,2.2927983081899583e-05,5.212100222706795e-05,8.666998473927379e-05,2.8970986022613943e-05,0.0
gaussian,13,gOMP,baseline,0.0006481259915744886,3.243001992814243e-05,0.00010412701522000134,0.0002350559807382524,7.356400601565838e-05,0.0
gaussian,13,gOMP,optimized,0.0002930129994638264,4.399199679028243e-05,5.6562028476037085e-05,0.00010482703510206193,3.2347990782000124e-05,0.0
gaussian,14,gOMP,baseline,0.0006258119974518195,2.9862014343962073e-05,8.440301462542266e-05,0.00022341801377478987,6.816200038883835e-05,0.0
gaussian,14,gOMP,optimized,0.00029114399512764066,2.7785004931502044e-05,6.029897485859692e-05,9.928901272360235e-05,2.9884991818107665e-05,0.0
gaussian,15,gOMP,baseline,0.0005444230046123266,3.1969015253707767e-05,7.297399861272424e-05,0.0002113049995386973,4.5442982809618115e-05,0.0
gaussian,15,gOMP,optimized,0.00024427899916190654,2.528399636503309e-05,5.2453018724918365e-05,8.459300443064421e-05,3.153400029987097e-05,0.0
gaussian,16,gOMP,baseline,0.0007287280022865161,2.656798460520804e-05,0.00023481802782043815,0.00023799999326001853,4.936500045005232e-05,0.0
gaussian,16,gOMP,optimized,0.00034121100907213986,3.075602580793202e-05,8.652500400785357e-05,0.00011987097968813032,4.474799789022654e-05,0.0
gaussian,17,gOMP,baseline,0.0006656969926552847,4.249898483976722e-05,0.00011395900219213217,0.0002478709939168766,5.377900379244238e-05,0.0
gaussian,17,gOMP,optimized,0.0003682409878820181,5.480300751514733e-05,7.431901758536696e-05,0.00012481899466365576,4.3159001506865025e-05,0.0
gaussian,18,gOMP,baseline,0.0010360690066590905,4.7213994548656046e-05,0.00016005699581000954,0.0003675020270748064,0.00010342700988985598,0.0
gaussian,18,gOMP,optimized,0.0005463359993882477,4.2512998334132135e-05,0.00012656900798901916,0.00017821701476350427,8.405199332628399e-05,0.0
gaussian,19,gOMP,baseline,0.0005497620004462078,2.948299515992403e-05,7.413499406538904e-05,0.00022083499061409384,4.684001032728702e-05,0.0
gaussian,19,gOMP,optimized,0.0003035280096810311,2.7753005269914865e-05,5.7195022236555815e-05,0.00010850199032574892,4.1396007873117924e-05,0.0
gaussian,20,gOMP,baseline,0.0006121299957158044,2.6619003619998693e-05,0.00010177699732594192,0.00024507599300704896,5.1372990128584206e-05,0.0
gaussian,20,gOMP,optimized,0.00030770398734603077,2.4568013031966984e-05,7.637300586793572e-05,0.00011131299834232777,3.5003991797566414e-05,0.0
gaussian,21,gOMP,baseline,0.0006152910063974559,3.036699490621686e-05,8.734400034882128e-05,0.00022695399820804596,6.524600030388683e-05,0.0
gaussian,21,gOMP,optimized,0.00031828900682739913,2.9920018278062344e-05,7.204400026239455e-05,0.00010739603021647781,4.595697100739926e-05,0.0
gaussian,22,gOMP,baseline,0.0005759740015491843,2.9723014449700713e-05,8.50189826451242e-05,0.0002203290059696883,4.883602377958596e-05,0.0
gaussian,22,gOMP,optimized,0.00031003500043880194,3.4393000532872975e-05,6.617401959374547e-05,0.00010680101695470512,4.004299989901483e-05,0.0
gaussian,23,gOMP,baseline,0.0010489480046089739,7.149600423872471e-05,0.00014861798263154924,0.00039131802623160183,9.384099394083023e-05,0.0
gaussian,23,gOMP,optimized,0.0006767229933757335,6.32989831501618e-05,0.0001595189969521016,0.00022155698388814926,0.00010057399049401283,0.0
gaussian,24,gOMP,baseline,0.0005641919997287914,2.9592003556899726e-05,8.281196642201394e-05,0.00022067299869377166,4.934000025968999e-05,0.0
gaussian,24,gOMP,optimized,0.0002834009937942028,2.579197462182492e-05,6.208301056176424e-05,9.850702190306038e-05,3.742298576980829e-05,0.0
gaussian,25,gOMP,baseline,0.0009077580034499988,4.4504005927592516e-05,0.0001660759880905971,0.0003031349915545434,7.453499711118639e-05,0.0
gaussian,25,gOMP,optimized,0.00037387899647001177,3.4164986573159695e-05,8.269699173979461e-05,0.00014341399946715683,4.9089998356066644e-05,0.0
gaussian,26,gOMP,baseline,0.0005168859934201464,2.6563007850199938e-05,6.605700764339417e-05,0.00021178400493226945,4.514299507718533e-05,0.0
gaussian,26,gOMP,optimized,0.0002436560025671497,2.5200992240570486e-05,5.0946997362188995e-05,8.491499465890229e-05,2.7848989702761173e-05,0.0
gaussian,27,gOMP,baseline,0.0007354690023930743,3.918202128261328e-05,9.679597860667855e-05,0.0002687619999051094,9.148800745606422e-05,0.0
gaussian,27,gOMP,optimized,0.0002601629967102781,2.6758003514260054e-05,5.326399696059525e-05,9.237599442712963e-05,3.0618029995821416e-05,0.0
gaussian,28,gOMP,baseline,0.0005948100006207824,3.0723007512278855e-05,8.306402014568448e-05,0.00022092400467954576,6.422001752071083e-05,0.0
gaussian,28,gOMP,optimized,0.00027526500343810767,2.489898179192096e-05,5.569697532337159e-05,9.723100811243057e-05,3.548197855707258e-05,0.0
gaussian,29,gOMP,baseline,0.0006193759909365326,4.337199789006263e-05,8.724699728190899e-05,0.00021751598978880793,4.837301094084978e-05,0.0
gaussian,29,gOMP,optimized,0.0003321069962112233,5.354500899557024e-05,7.159599044825882e-05,0.00010462901263963431,4.253302176948637e-05,0.0
gaussian,30,gOMP,baseline,0.0005262310005491599,3.328702587168664e-05,7.13420013198629e-05,0.00019469103426672518,4.409799294080585e-05,0.0
gaussian,30,gOMP,optimized,0.00038154900539666414,2.6942012482322752e-05,8.504997822456062e-05,0.0001363339979434386,5.816298653371632e-05,0.0
gaussian,31,gOMP,baseline,0.0007006499945418909,4.4904008973389864e-05,0.00010580499656498432,0.0002511409984435886,5.8626988902688026e-05,0.0
gaussian,31,gOMP,optimized,0.0002957130054710433,2.7126981876790524e-05,5.695101572200656e-05,0.000100832010502927,4.233600338920951e-05,0.0
gaussian,32,gOMP,baseline,0.0005116730026202276,2.343002415727824e-05,7.018000178504735e-05,0.00021392098278738558,4.1252016671933234e-05,0.0
gaussian,32,gOMP,optimized,0.00027394399512559175,2.2299980628304183e-05,5.3499010391533375e-05,0.00011080798867624253,3.256996569689363e-05,0.0
gaussian,33,gOMP,baseline,0.0004651569906855002,2.7704998501576483e-05,6.328099698293954e-05,0.00018386801821179688,3.903202014043927e-05,0.0
gaussian,33,gOMP,optimized,0.0002444359997753054,2.4160981411114335e-05,4.8030007747001946e-05,8.850396261550486e-05,2.7084024623036385e-05,0.0
gaussian,34,gOMP,baseline,0.000536435007234104,2.9682996682822704e-05,8.012900070752949e-05,0.00021482797455973923,4.1772014810703695e-05,0.0
gaussian,34,gOMP,optimized,0.00026269900263287127,2.0641993614844978e-05,5.620799493044615e-05,9.433296509087086e-05,3.741799446288496e-05,0.0
gaussian,35,gOMP,baseline,0.0005765950045315549,3.539900353644043e-05,7.920799544081092e-05,0.00021386099979281425,4.8250018153339624e-05,0.0
gaussian,35,gOMP,optimized,0.00031155098986346275,2.7304980903863907e-05,7.728101627435535e-05,0.00010403500346001238,3.686896525323391e-05,0.0
gaussian,36,gOMP,baseline,0.0006484269979409873,3.075800486840308e-05,0.00011007001739926636,0.00023152100038714707,7.010099943727255e-05,0.0
gaussian,36,gOMP,optimized,0.00029953400371596217,2.7658999897539616e-05,6.753200432285666e-05,0.0001076829939847812,3.2419993658550084e-05,0.0
gaussian,37,gOMP,baseline,0.0006149989931145683,3.161595668643713e-05,9.020997094921768e-05,0.00023696197604294866,5.5500015150755644e-05,0.0
gaussian,37,gOMP,optimized,0.00027730099100153893,2.626002242323011e-05,5.3382987971417606e-05,9.654700988903642e-05,3.6868019378744066e-05,0.0
gaussian,38,gOMP,baseline,0.0005904220015509054,3.0713999876752496e-05,9.180899360217154e-05,0.00023342802887782454,5.224901542533189e-05,0.0
gaussian,38,gOMP,optimized,0.0003572189889382571,4.887100658379495e-05,7.179498788900673e-05,0.00011655599519144744,4.187700687907636e-05,0.0
gaussian,39,gOMP,baseline,0.0006601939967367798,4.769298539031297e-05,0.00010193500202149153,0.00023775099543854594,5.2606992539949715e-05,0.0
gaussian,39,gOMP,optimized,0.00029112500487826765,3.096800355706364e-05,5.7667013606987894e-05,0.00010273701627738774,3.8206009776331484e-05,0.0
gaussian,40,gOMP,baseline,0.0005621680029435083,3.07340087601915e-05,7.578599615953863e-05,0.00022371798695530742,4.5949986088089645e-05,0.0
gaussian,40,gOMP,optimized,0.00036012100463267416,2.9529983294196427e-05,9.605799277778715e-05,0.00011138101399410516,4.133400216232985e-05,0.0
gaussian,41,gOMP,baseline,0.0006214280001586303,3.103801282122731e-05,7.858299068175256e-05,0.00023733901616651565,7.759599247947335e-05,0.0
gaussian,41,gOMP,optimized,0.00034383499587420374,3.049102087970823e-05,7.691801874898374e-05,0.00012223600060679018,4.683098813984543e-05,0.0
gaussian,42,gOMP,baseline,0.0007009130058577284,3.1948991818353534e-05,8.635500853415579e-05,0.0002807270211633295,6.029497308190912e-05,0.0
gaussian,42,gOMP,optimized,0.0002443410048726946,2.166898048017174e-05,5.2010000217705965e-05,8.56420083437115e-05,2.8206995921209455e-05,0.0
gaussian,43,gOMP,baseline,0.0006589789991267025,3.340901457704604e-05,9.805399167817086e-05,0.0002466670121066272,5.7358003687113523e-05,0.0
gaussian,43,gOMP,optimized,0.00034873600816354156,2.8148991987109184e-05,7.111199374776334e-05,0.00013001600746065378,3.87789768865332e-05,0.0
gaussian,44,gOMP,baseline,0.0007134710031095892,3.6554993130266666e-05,0.00010125098924618214,0.00026772999262902886,6.856898835394531e-05,0.0
gaussian,44,gOMP,optimized,0.0003399809938855469,2.789401332847774e-05,7.879899931140244e-05,0.00012180001067463309,3.636596375145018e-05,0.0
gaussian,45,gOMP,baseline,0.0013015980075579137,6.243397365324199e-05,0.00022267199528869241,0.0004859440086875111,0.00011898099910467863,0.0
gaussian,45,gOMP,optimized,0.0005852220056112856,5.298401811160147e-05,0.00012672299635596573,0.00020219101861584932,7.812498370185494e-05,0.0
gaussian,46,gOMP,baseline,0.0009450319921597838,5.2817005780525506e-05,0.0001369720121147111,0.00035221401776652783,7.85650045145303e-05,0.0
gaussian,46,gOMP,optimized,0.0006670880102319643,4.625598376151174e-05,0.00016616498760413378,0.000242049980442971,7.718599226791412e-05,0.0
gaussian,47,gOMP,baseline,0.0007368920050794259,4.246499156579375e-05,0.00012062498717568815,0.00027771899476647377,5.768697883468121e-05,0.0
gaussian,47,gOMP,optimized,0.0003841639991151169,3.785800072364509e-05,7.350699161179364e-05,0.0001451939606340602,4.3719017412513494e-05,0.0
gaussian,48,gOMP,baseline,0.0007402409974019974,5.123300070408732e-05,0.00010810499952640384,0.0002727069950196892,7.160498353186995e-05,0.0
gaussian,48,gOMP,optimized,0.0002815320040099323,2.7861970011144876e-05,5.8775985962711275e-05,9.118499292526394e-05,4.4222993892617524e-05,0.0
gaussian,49,gOMP,baseline,0.0010166919964831322,5.5742013501003385e-05,0.00015238398918882012,0.00036741700023412704,8.574601088184863e-05,0.0
gaussian,49,gOMP,optimized,0.0005839910008944571,4.6096029109321535e-05,0.00016785698244348168,0.0001950899895746261,6.533398118335754e-05,0.0
gaussian,50,gOMP,baseline,0.0011463490081951022,6.0978971305303276e-05,0.00021157100854907185,0.0004179869865765795,9.191100252792239e-05,0.0
gaussian,50,gOMP,optimized,0.0005419720109784976,4.2194020352326334e-05,0.0001146549911936745,0.00021468599152285606,6.582900823559612e-05,0.0
gaussian,51,gOMP,baseline,0.0011308299872325733,5.688802048098296e-05,0.00016508200496900827,0.0004298730054870248,0.00010103901149705052,0.0
gaussian,51,gOMP,optimized,0.0005659659946104512,4.2584011680446565e-05,0.00014072898193262517,0.00021813799685332924,6.97359791956842e-05,0.0
gaussian,52,gOMP,baseline,0.0010039790067821741,6.248801946640015e-05,0.00015435500245075673,0.0003657460038084537,9.440600115340203e-05,0.0
gaussian,52,gOMP,optimized,0.0005715860024793074,5.087103636469692e-05,0.00011648800864350051,0.00021275397739373147,6.580799527000636e-05,0.0
gaussian,53,gOMP,baseline,0.000969391010585241,5.328799306880683e-05,0.00015538898878730834,0.0003528029628796503,9.211899305228144e-05,0.0
gaussian,53,gOMP,optimized,0.0005694270075764507,4.566399729810655e-05,0.00012804001744370908,0.0001955519983312115,7.045200618449599e-05,0.0
gaussian,54,gOMP,baseline,0.0011242250038776547,5.356701149139553e-05,0.0001858180039562285,0.0004133130132686347,0.00011324598744977266,0.0
gaussian,54,gOMP,optimized,0.0005337460024747998,4.530197475105524e-05,0.00012886000331491232,0.00019136600894853473,7.257501420099288e-05,0.0
gaussian,55,gOMP,baseline,0.000966563995461911,5.0453993026167154e-05,0.0001318780123256147,0.0003626889956649393,8.980299753602594e-05,0.0
gaussian,55,gOMP,optimized,0.0005565309984376654,4.466103564482182e-05,0.00012667803093791008,0.00019144898396916687,8.239700400736183e-05,0.0
gaussian,56,gOMP,baseline,0.0010219159885309637,5.6070013670250773e-05,0.0001572949840920046,0.0003497389843687415,9.322099504061043e-05,0.0
gaussian,56,gOMP,optimized,0.000547850999282673,4.0628990973345935e-05,0.00011003598046954721,0.00016573698667343706,0.0001100730150938034,0.0
gaussian,57,gOMP,baseline,0.0006014169921400025,4.320099833421409e-05,8.63339810166508e-05,0.0002322659856872633,4.833102866541594e-05,0.0
gaussian,57,gOMP,optimized,0.0003297910006949678,2.8834023396484554e-05,6.94619957357645e-05,0.00011354801245033741,4.1100007365457714e-05,0.0
gaussian,58,gOMP,baseline,0.0010756409901659936,5.975902604404837e-05,0.00015434800297953188,0.0004004859656561166,0.00010390797979198396,0.0
gaussian,58,gOMP,optimized,0.0006712489994242787,6.785799632780254e-05,0.00013782901805825531,0.00020594598026946187,9.551098628435284e-05,0.0
gaussian,59,gOMP,baseline,0.0006462640012614429,3.968999953940511e-05,9.145401418209076e-05,0.00024176400620490313,7.007800741121173e-05,0.0
gaussian,59,gOMP,optimized,0.0002971079957205802,3.1364994356408715e-05,6.402801955118775e-05,9.826703171711415e-05,3.079799353145063e-05,0.0
gaussian,60,gOMP,baseline,0.0006199110066518188,3.8425991078838706e-05,8.226401405408978e-05,0.00023408503329847008,5.451899778563529e-05,0.0
gaussian,60,gOMP,optimized,0.00038668799970764667,3.9135979022830725e-05,9.187101386487484e-05,0.0001313809771090746,4.750497464556247e-05,0.0
gaussian,61,gOMP,baseline,0.0012011009966954589,6.612901051994413e-05,0.00018587401427794248,0.0004210179904475808,0.00011280998296570033,0.0
gaussian,61,gOMP,optimized,0.0005429969896795228,5.826499545946717e-05,0.00012417099787853658,0.00017430401931051165,7.481500506401062e-05,0.0
gaussian,62,gOMP,baseline,0.001171134994365275,6.109201058279723e-05,0.00018137598817702383,0.0004353740223450586,9.789799514692277e-05,0.0
gaussian,62,gOMP,optimized,0.0005282359925331548,4.733898094855249e-05,0.00011552900832612067,0.00016890597180463374,6.985200161579996e-05,0.0
gaussian,63,gOMP,baseline,0.0006260869995458052,3.186399408150464e-05,8.547700417693704e-05,0.0002500560076441616,5.840697849635035e-05,0.0
gaussian,63,gOMP,optimized,0.000268449992290698,2.558802952989936e-05,5.862399120815098e-05,9.430100908502936e-05,3.4580996725708246e-05,0.0
gaussian,64,gOMP,baseline,0.0005433500045910478,2.9789982363581657e-05,7.48470047255978e-05,0.0002068900066660717,4.836102016270161e-05,0.0
gaussian,64,gOMP,optimized,0.000257538995356299,2.5354995159432292e-05,5.746699753217399e-05,8.565997995901853e-05,2.7850997867062688e-05,0.0
gaussian,65,gOMP,baseline,0.0006097380100982264,2.8678987291641533e-05,9.004198363982141e-05,0.00022623001132160425,6.369399488903582e-05,0.0
gaussian,65,gOMP,optimized,0.0002732029970502481,2.377698547206819e-05,5.889000021852553e-05,9.808799950405955e-05,3.032902895938605e-05,0.0
gaussian,66,gOMP,baseline,0.0014888919977238402,7.435401494149119e-05,0.0002823469985742122,0.0005123999872012064,0.00014244198973756284,0.0
gaussian,66,gOMP,optimized,0.0006589109980268404,6.0224003391340375e-05,0.00017052901966962963,0.00022437599545810372,8.339002670254558e-05,0.0
gaussian,67,gOMP,baseline,0.00110424000013154,4.8461006372235715e-05,0.00016134197358042002,0.0004375580174382776,9.615898306947201e-05,0.0
gaussian,67,gOMP,optimized,0.0006862800073577091,5.1431008614599705e-05,0.00015190498379524797,0.0002499109832569957,0.00010359598672948778,0.0
gaussian,68,gOMP,baseline,0.0008404090040130541,4.7303008614107966e-05,0.00014262303011491895,0.00025718398683238775,0.00011713099956978112,0.0
gaussian,68,gOMP,optimized,0.0006495140114566311,5.288896500132978e-05,0.00010382999607827514,0.0002193569962400943,0.0001668030017754063,0.0
gaussian,69,gOMP,baseline,0.0007479609921574593,3.529198875185102e-05,0.00010513000597711653,0.00028325500898063183,5.960599810350686e-05,0.0
gaussian,69,gOMP,optimized,0.00024235199089162052,2.1359999664127827e-05,5.1587994676083326e-05,8.965902088675648e-05,2.780402428470552e-05,0.0
gaussian,70,gOMP,baseline,0.0006955540011404082,3.345801087561995e-05,0.0001112300087697804,0.00027370300085749477,5.889098974876106e-05,0.0
gaussian,70,gOMP,optimized,0.0003343440039316192,3.0120994779281318e-05,6.140698678791523e-05,0.00011154399544466287,6.57110067550093e-05,0.0
gaussian,71,gOMP,baseline,0.0005894119967706501,3.413402009755373e-05,9.476100967731327e-05,0.00023148299078457057,4.5809996663592756e-05,0.0
gaussian,71,gOMP,optimized,0.00025295300292782485,2.1701984223909676e-05,6.020798173267394e-05,8.845800766721368e-05,2.7963003958575428e-05,0.0
gaussian,72,gOMP,baseline,0.0005820020014652982,3.076600842177868e-05,7.530197035521269e-05,0.00022087401885073632,5.108700133860111e-05,0.0
gaussian,72,gOMP,optimized,0.000264418005826883,2.5101006031036377e-05,5.507699097506702e-05,9.93049907265231e-05,3.159901825711131e-05,0.0
gaussian,73,gOMP,baseline,0.0005625860067084432,2.709396358113736e-05,7.462798384949565e-05,0.0002195309934904799,4.5236010919325054e-05,0.0
gaussian,73,gOMP,optimized,0.0002807060081977397,2.3154003429226577e-05,5.825399421155453e-05,0.00010662601562216878,3.793898213189095e-05,0.0
gaussian,74,gOMP,baseline,0.000687687992467545,4.128797445446253e-05,9.774498175829649e-05,0.00025925302179530263,5.8847974287346005e-05,0.0
gaussian,74,gOMP,optimized,0.0003271590103395283,3.215199103578925e-05,6.266401032917202e-05,0.00011344101221766323,4.740999429486692e-05,0.0
gaussian,75,gOMP,baseline,0.0005433609912870452,2.672702248673886e-05,8.677999721840024e-05,0.0002076660020975396,4.070199793204665e-05,0.0
gaussian,75,gOMP,optimized,0.00036595799610950053,2.3634012904949486e-05,5.656697612721473e-05,0.00016426799993496388,3.6277997423894703e-05,0.0
gaussian,76,gOMP,baseline,0.0005877229996258393,3.064800694119185e-05,8.506300218869e-05,0.00022212001204025,5.419300578068942e-05,0.0
gaussian,76,gOMP,optimized,0.0002526180032873526,2.5860004825517535e-05,5.2987990784458816e-05,8.561802678741515e-05,2.8914000722579658e-05,0.0
gaussian,77,gOMP,baseline,0.0010714340023696423,7.144197297748178e-05,0.00015122498734854162,0.0003806799795711413,9.397798567079008e-05,0.0
gaussian,77,gOMP,optimized,0.0005400049994932488,4.861401976086199e-05,0.00012661598157137632,0.00018806499429047108,6.853300146758556e-05,0.0
gaussian,78,gOMP,baseline,0.001235435003763996,6.734098133165389e-05,0.00019534601597115397,0.00045278400648385286,0.00010211998596787453,0.0
gaussian,78,gOMP,optimized,0.0006474709953181446,4.411500412970781e-05,0.00013584500993601978,0.00024403801944572479,8.793298911768943e-05,0.0
gaussian,79,gOMP,baseline,0.0010081859945785254,5.7469980674795806e-05,0.00015982102195266634,0.0003805140149779618,8.365999383386225e-05,0.0
gaussian,79,gOMP,optimized,0.0005040170071879402,4.228299076203257e-05,0.000113570989924483,0.00017742396448738873,6.837199907749891e-05,0.0
gaussian,80,gOMP,baseline,0.0008342000073753297,5.316500028129667e-05,0.0001512260059826076,0.00030159899324644357,6.541299808304757e-05,0.0
gaussian,80,gOMP,optimized,0.000344268002663739,2.8442038455978036e-05,7.701801951043308e-05,0.00012384400179143995,4.137499490752816e-05,0.0
gaussian,81,gOMP,baseline,0.0006878470012452453,3.52480128640309e-05,9.4476985395886e-05,0.0002506330201867968,6.074502016417682e-05,0.0
gaussian,81,gOMP,optimized,0.0002438140072626993,2.5281027774326503e-05,5.1973998779430985e-05,8.62360029714182e-05,2.795300679281354e-05,0.0
gaussian,82,gOMP,baseline,0.0007147849973989651,3.585101512726396e-05,0.00011419999646022916,0.0002526139869587496,5.930100451223552e-05,0.0
gaussian,82,gOMP,optimized,0.0003501269966363907,2.7130969101563096e-05,7.194698264356703e-05,0.0001253709924640134,4.159999662078917e-05,0.0
gaussian,83,gOMP,baseline,0.0005866819992661476,3.210199065506458e-05,8.83359753061086e-05,0.0002108810149366036,4.696597170550376e-05,0.0
gaussian,83,gOMP,optimized,0.00029143100255168974,3.309099702164531e-05,6.332600605674088e-05,9.901997691486031e-05,3.359999391250312e-05,0.0
gaussian,84,gOMP,baseline,0.000666003004880622,4.111698945052922e-05,9.520299499854445e-05,0.00023576599778607488,7.171403558459133e-05,0.0
gaussian,84,gOMP,optimized,0.0002618080034153536,2.3492015316151083e-05,6.286799907684326e-05,9.260198567062616e-05,2.8826980269514024e-05,0.0
gaussian,85,gOMP,baseline,0.0006447170017054304,3.789800393860787e-05,9.671402222011238e-05,0.00023993998183868825,5.791199509985745e-05,0.0
gaussian,85,gOMP,optimized,0.00031849001243244857,3.1069008400663733e-05,7.035001181066036e-05,0.00012377700477372855,3.598201146814972e-05,0.0
gaussian,86,gOMP,baseline,0.0006351949996314943,2.924499858636409e-05,0.00010476401075720787,0.00024088101054076105,5.226400389801711e-05,0.0
gaussian,86,gOMP,optimized,0.00028580499929375947,2.6698020519688725e-05,6.145797669887543e-05,0.0001039600174408406,3.2270996598526835e-05,0.0
gaussian,87,gOMP,baseline,0.0007059679919620976,3.2119001843966544e-05,0.00012146201333962381,0.00027620499895419925,6.128699169494212e-05,0.0
gaussian,87,gOMP,optimized,0.00026860700745601207,2.3204993340186775e-05,5.886002327315509e-05,8.95990087883547e-05,2.995702379848808e-05,0.0
gaussian,88,gOMP,baseline,0.0006742140103597194,4.219799302518368e-05,8.820899529382586e-05,0.00023721298202872276,5.715702718589455e-05,0.0
gaussian,88,gOMP,optimized,0.0002881719992728904,2.23680108319968e-05,5.664199125021696e-05,0.00010277799447067082,3.0611001420766115e-05,0.0
gaussian,89,gOMP,baseline,0.0006362489948514849,3.322598058730364e-05,8.773199806455523e-05,0.0002634639822645113,5.379898357205093e-05,0.0
gaussian,89,gOMP,optimized,0.0003163130022585392,2.822201349772513e-05,6.625798414461315e-05,0.00012401801359374076,4.057199112139642e-05,0.0
gaussian,90,gOMP,baseline,0.0010488900006748736,5.564499588217586e-05,0.0001404710055794567,0.0003751320036826655,0.00010530398867558688,0.0
gaussian,90,gOMP,optimized,0.0005543040024349466,4.402399645186961e-05,0.00014307801029644907,0.00019319902639836073,7.468299008905888e-05,0.0
gaussian,91,gOMP,baseline,0.0016622379916952923,0.00017485998978372663,0.000317753991112113,0.0005318869807524607,0.0001468679984100163,0.0
gaussian,91,gOMP,optimized,0.0007652360072825104,7.031499990262091e-05,0.0002154160029022023,0.0002483549906173721,0.00010700602433644235,0.0
gaussian,92,gOMP,baseline,0.0008169799984898418,3.842700971290469e-05,0.00011274097778368741,0.0003573300054995343,6.962400220800191e-05,0.0
gaussian,92,gOMP,optimized,0.00029409599665086716,2.8403024771250784e-05,6.311498873401433e-05,0.00010844301141332835,3.562899655662477e-05,0.0
gaussian,93,gOMP,baseline,0.0006914249970577657,4.006199014838785e-05,0.0001067240082193166,0.00025022697809617966,5.591999797616154e-05,0.0
gaussian,93,gOMP,optimized,0.0003459639992797747,3.527998342178762e-05,7.877797179389745e-05,0.0001288799976464361,4.20520082116127e-05,0.0
gaussian,94,gOMP,baseline,0.0007751779921818525,4.772200190927833e-05,0.00011284099309705198,0.0002843149995896965,7.854201248846948e-05,0.0
gaussian,94,gOMP,optimized,0.0002889379975385964,2.924499858636409e-05,5.5698983487673104e-05,0.00010035300510935485,4.4320011511445045e-05,0.0
gaussian,95,gOMP,baseline,0.0012330099998507649,4.667000030167401e-05,0.00011756301682908088,0.0004441229975782335,0.00012671202421188354,0.0
gaussian,95,gOMP,optimized,0.00028164900140836835,2.9865987016819417e-05,5.873601185157895e-05,0.00010083800589200109,3.109498356934637e-05,0.0
gaussian,96,gOMP,baseline,0.0006317329971352592,3.317698428872973e-05,9.005200990941375e-05,0.00024574901908636093,6.458799180109054e-05,0.0
gaussian,96,gOMP,optimized,0.0002705939987208694,3.00430110655725e-05,5.589300417341292e-05,9.21400060178712e-05,3.627098340075463e-05,0.0
gaussian,97,gOMP,baseline,0.0006017010018695146,3.2364026992581785e-05,8.135399548336864e-05,0.00023524097923655063,5.6841978221200407e-05,0.0
gaussian,97,gOMP,optimized,0.0009772049961611629,8.36320105008781e-05,0.00019441000767983496,0.00036372301110532135,0.0001560460077598691,0.0
gaussian,98,gOMP,baseline,0.0006185809907037765,3.814099181909114e-05,9.180800407193601e-05,0.00022054002329241484,5.0048998673446476e-05,0.0
gaussian,98,gOMP,optimized,0.00031258800299838185,3.002698940690607e-05,6.90180022502318e-05,0.0001149829913629219,3.402997390367091e-05,0.0
gaussian,99,gOMP,baseline,0.0006006390030961484,3.1621981179341674e-05,7.793601253069937e-05,0.00022101499780546874,4.6482018660753965e-05,0.0
gaussian,99,gOMP,optimized,0.0003494569973554462,3.4317985409870744e-05,7.29790044715628e-05,0.00011399597860872746,4.227600584272295e-05,0.0
gaussian,100,gOMP,baseline,0.0006607399991480634,3.3554009860381484e-05,8.559499110560864e-05,0.00022987398551777005,6.118101009633392e-05,0.0
gaussian,100,gOMP,optimized,0.0003189080016454682,3.0575989512726665e-05,7.083200034685433e-05,0.0001101079978980124,3.833300434052944e-05,0.0
gaussian,101,gOMP,baseline,0.0006993759889155626,4.357099533081055e-05,9.926300845108926e-05,0.00025071599520742893,7.174501661211252e-05,0.0
gaussian,101,gOMP,optimized,0.0004099420038983226,3.874700632877648e-05,6.764700810890645e-05,0.00018571200780570507,4.916399484500289e-05,0.0
gaussian,102,gOMP,baseline,0.0006669290014542639,3.2562980777584016e-05,7.911099237389863e-05,0.00023317799787037075,5.121302092447877e-05,0.0
gaussian,102,gOMP,optimized,0.0002706039958866313,2.8665992431342602e-05,6.477699207607657e-05,9.223299275618047e-05,2.938399848062545e-05,0.0
gaussian,103,gOMP,baseline,0.0006536319997394457,4.23700112150982e-05,0.00010484801896382123,0.00023444399994332343,5.602600867860019e-05,0.0
gaussian,103,gOMP,optimized,0.00030395899375434965,2.7583999326452613e-05,6.382100400514901e-05,0.00010929399286396801,3.526097862049937e-05,0.0
gaussian,104,gOMP,baseline,0.0006068329967092723,3.417000698391348e-05,9.2964997747913e-05,0.00021728698629885912,5.9371988754719496e-05,0.0
gaussian,104,gOMP,optimized,0.00031619699439033866,2.7456000680103898e-05,5.8071003877557814e-05,0.00011847200221382082,3.7792997318319976e-05,0.0
gaussian,105,gOMP,baseline,0.0013587809953605756,6.153900176286697e-05,0.00022742798319086432,0.0005185969785088673,0.00011010099842678756,0.0
gaussian,105,gOMP,optimized,0.0005771249998360872,4.430599801708013e-05,0.000145820013131015,0.00020852999296039343,6.679899524897337e-05,0.0
gaussian,106,gOMP,baseline,0.001328653990640305,6.0785969253629446e-05,0.00019400101155042648,0.00046674000623170286,0.00013594000483863056,0.0
gaussian,106,gOMP,optimized,0.00035754400596488267,3.3957010600715876e-05,8.450201130472124e-05,0.00012381402484606951,4.0682993130758405e-05,0.0
gaussian,107,gOMP,baseline,0.0005240080063231289,2.4398003006353974e-05,7.453400758095086e-05,0.0002090350171783939,4.3298976379446685e-05,0.0
gaussian,107,gOMP,optimized,0.0002590810036053881,2.157800190616399e-05,5.0978007493540645e-05,8.458198863081634e-05,2.7573012630455196e-05,0.0
gaussian,108,gOMP,baseline,0.0011271100083831698,5.314497684594244e-05,0.0001584799902047962,0.0004431349952938035,9.411700011696666e-05,0.0
gaussian,108,gOMP,optimized,0.0005991370126139373,4.482199437916279e-05,0.00013421800395008177,0.00021828897297382355,8.16420215414837e-05,0.0
gaussian,109,gOMP,baseline,0.0009496099955867976,5.0784015911631286e-05,0.00015782800619490445,0.00035048402787651867,7.656299567315727e-05,0.0
gaussian,109,gOMP,optimized,0.0005780239880550653,5.5567012168467045e-05,0.0001317329879384488,0.00019701400015037507,7.666200690437108e-05,0.0
gaussian,110,gOMP,baseline,0.0012245049874763936,6.12880103290081e-05,0.00026690900267567486,0.00043325001024641097,9.14870179258287e-05,0.0
gaussian,110,gOMP,optimized,0.000605353998253122,6.052799290046096e-05,0.00014483001723419875,0.00021045998437330127,7.561800885014236e-05,0.0
gaussian,111,gOMP,baseline,0.0009988009987864643,4.711498331744224e-05,0.00016305501048918813,0.00036289298441261053,9.147899982053787e-05,0.0
gaussian,111,gOMP,optimized,0.0005821700033266097,4.3487001676112413e-05,0.00014836898481007665,0.00019592902390286326,7.867999374866486e-05,0.0
gaussian,112,gOMP,baseline,0.000990952001302503,5.198101280257106e-05,0.00014343298971652985,0.00036736499168910086,8.136898395605385e-05,0.0
gaussian,112,gOMP,optimized,0.0005333189910743386,4.651500785257667e-05,0.00011871599417645484,0.00017128599574789405,8.225200872402638e-05,0.0
gaussian,113,gOMP,baseline,0.001014302994008176,5.3203999414108694e-05,0.0001466710091335699,0.00036582499160431325,8.545500168111175e-05,0.0
gaussian,113,gOMP,optimized,0.0005555739917326719,4.085102409590036e-05,0.00012331700418144464,0.0002105020103044808,6.998401659075171e-05,0.0
gaussian,114,gOMP,baseline,0.00188734800030943,9.981798939406872e-05,0.0003178590122843161,0.000629140020464547,0.00022603700926993042,0.0
gaussian,114,gOMP,optimized,0.000964571998338215,8.757799514569342e-05,0.00025117902259808034,0.0003428530035307631,0.00012400400009937584,0.0
gaussian,115,gOMP,baseline,0.0006375280063366517,3.6671990528702736e-05,8.646001515444368e-05,0.00024995200510602444,5.3715004469268024e-05,0.0
gaussian,115,gOMP,optimized,0.0003805919986916706,2.639100421220064e-05,7.661298150196671e-05,0.00014065000868868083,4.5670021791011095e-05,0.0
gaussian,116,gOMP,baseline,0.0015224550006678328,9.440201392862946e-05,0.0002791000297293067,0.00048794997564982623,0.0001825460058171302,0.0
gaussian,116,gOMP,optimized,0.000799658999312669,8.97209974937141e-05,0.00022072097635827959,0.0002483669959474355,0.00010313099483028054,0.0
gaussian,117,gOMP,baseline,0.0010452300048200414,5.1732989959418774e-05,0.00015537200670223683,0.0003910469822585583,8.644101035315543e-05,0.0
gaussian,117,gOMP,optimized,0.0006269069999689236,4.518701462075114e-05,0.00013688801846001297,0.00021378198289312422,8.489600440952927e-05,0.0
gaussian,118,gOMP,baseline,0.0012199030024930835,6.694800686091185e-05,0.00018714700127020478,0.00047431496204808354,0.00010358197323512286,0.0
gaussian,118,gOMP,optimized,0.0006281750102061778,5.536900425795466e-05,0.00013687199680134654,0.00023939598759170622,8.234601409640163e-05,0.0
gaussian,119,gOMP,baseline,0.0011539830011315644,6.547500379383564e-05,0.000174218017491512,0.00044287601485848427,9.592501737643033e-05,0.0
gaussian,119,gOMP,optimized,0.0006592519930563867,6.140301411505789e-05,0.00013341203157324344,0.00021025702881161124,0.00014322895731311291,0.0
gaussian,120,gOMP,baseline,0.0011104069999419153,5.9542988310568035e-05,0.00016981098451651633,0.0004165010032011196,9.793096978683025e-05,0.0
gaussian,120,gOMP,optimized,0.0005840830126544461,6.983999628573656e-05,0.00011600099969655275,0.00020287798542995006,7.798700244165957e-05,0.0
gaussian,121,gOMP,baseline,0.001304821009398438,5.572798545472324e-05,0.0001896950270747766,0.00048177599092014134,9.879699791781604e-05,0.0
gaussian,121,gOMP,optimized,0.0006464729958679527,4.933701711706817e-05,0.00015501501911785454,0.00024448097974527627,8.27579788165167e-05,0.0
gaussian,122,gOMP,baseline,0.0013493359874701127,8.885501301847398e-05,0.00021218298934400082,0.00047656602691859007,0.00011880999954883009,0.0
gaussian,122,gOMP,optimized,0.0006251439917832613,4.862497735302895e-05,0.0001455899910070002,0.00022988600539974868,8.409700240008533e-05,0.0
gaussian,123,gOMP,baseline,0.0011571670038392767,6.614602170884609e-05,0.0001716230035526678,0.0004312269884394482,9.352400957141072e-05,0.0
gaussian,123,gOMP,optimized,0.0006415820098482072,4.680400888901204e-05,0.00017365800158586353,0.0002290179836563766,8.481800614390522e-05,0.0
gaussian,124,gOMP,baseline,0.0012518290022853762,6.251499871723354e-05,0.00015879700367804617,0.00044343501213006675,0.00011085197911597788,0.0
gaussian,124,gOMP,optimized,0.0006306879949988797,5.1628012442961335e-05,0.00014806797844357789,0.00023360899649560452,7.839001773390919e-05,0.0
gaussian,125,gOMP,baseline,0.0012839539995184168,6.024997856002301e-05,0.00025167698913719505,0.00043734401697292924,0.00010092402226291597,0.0
gaussian,125,gOMP,optimized,0.000608513000770472,5.758700717706233e-05,0.0001318560098297894,0.00022256198280956596,7.365598867181689e-05,0.0
gaussian,126,gOMP,baseline,0.00100430499878712,5.626598431263119e-05,0.00013555501936934888,0.0003660190268419683,8.271299884654582e-05,0.0
gaussian,126,gOMP,optimized,0.0006588849937543273,5.710996629204601e-05,0.00015785900177434087,0.00022134097525849938,9.859599231276661e-05,0.0
gaussian,127,gOMP,baseline,0.001156012003775686,5.4239004384726286e-05,0.00016482399951200932,0.0004566739808069542,0.00010324596951249987,0.0
gaussian,127,gOMP,optimized,0.0005251190013950691,3.789999755099416e-05,0.00011710201215464622,0.00019549000717233866,6.462397868745029e-05,0.0
gaussian,128,gOMP,baseline,0.001030375002301298,5.399099609348923e-05,0.00015411400818265975,0.0003918459842680022,8.694698044564575e-05,0.0
gaussian,128,gOMP,optimized,0.0005297800089465454,4.471199645195156e-05,0.00011865298438351601,0.00018399000691715628,6.992898124735802e-05,0.0
gaussian,129,gOMP,baseline,0.0005420720117399469,2.550800854805857e-05,7.947400445118546e-05,0.00021549203665927052,4.2047977331094444e-05,0.0
gaussian,129,gOMP,optimized,0.00026979400718118995,2.1306012058630586e-05,5.640900053549558e-05,9.459198918193579e-05,2.9980001272633672e-05,0.0
gaussian,130,gOMP,baseline,0.000490798003738746,2.511798811610788e-05,7.137900684028864e-05,0.0001884299999801442,3.832099901046604e-05,0.0
gaussian,130,gOMP,optimized,0.0002784730022540316,2.452598710078746e-05,5.590201180893928e-05,0.00010643500718288124,3.52569913957268e-05,0.0
gaussian,131,gOMP,baseline,0.0005321420030668378,2.639599551912397e-05,7.21629912732169e-05,0.00020106400188524276,3.8789978134445846e-05,0.0
gaussian,131,gOMP,optimized,0.00032253899553325027,3.314299101475626e-05,6.40980142634362e-05,0.00010677799582481384,4.040100611746311e-05,0.0
gaussian,132,gOMP,baseline,0.00046031099918764085,2.3383981897495687e-05,6.421301804948598e-05,0.00018197600729763508,3.516001743264496e-05,0.0
gaussian,132,gOMP,optimized,0.0002229370002169162,1.9583982066251338e-05,4.7999987145885825e-05,7.992898463271558e-05,2.7121001039631665e-05,0.0
gaussian,133,gOMP,baseline,0.0005423960101325065,2.5313987862318754e-05,8.990800415631384e-05,0.00020384999515954405,4.3024017941206694e-05,0.0
gaussian,133,gOMP,optimized,0.0002750779967755079,2.258800668641925e-05,5.693298589903861e-05,0.00010532498708926141,3.498101432342082e-05,0.0
gaussian,134,gOMP,baseline,0.0005332650034688413,2.4092005332931876e-05,6.293998740147799e-05,0.00021011799981351942,3.780401311814785e-05,0.0
gaussian,134,gOMP,optimized,0.0002487579913577065,2.207198122050613e-05,5.259198951534927e-05,9.08379879547283e-05,2.9930990422144532e-05,0.0
gaussian,135,gOMP,baseline,0.0005734489968745038,2.6510999305173755e-05,8.556801185477525e-05,0.00021735897462349385,3.994902363047004e-05,0.0
gaussian,135,gOMP,optimized,0.00026634999085217714,2.3464017431251705e-05,6.14989985479042e-05,9.482701716478914e-05,3.046500205527991e-05,0.0
gaussian,136,gOMP,baseline,0.000547574003576301,2.6913985493592918e-05,7.328801439143717e-05,0.0002162879827665165,4.6496003051288426e-05,0.0
gaussian,136,gOMP,optimized,0.00024733600730542094,2.38840002566576e-05,5.253699782770127e-05,8.974099182523787e-05,2.944299194496125e-05,0.0
gaussian,137,gOMP,baseline,0.0005559120036195964,2.6767011149786413e-05,0.00010102598753292114,0.0002010560128837824,4.2454994400031865e-05,0.0
gaussian,137,gOMP,optimized,0.0002915819932240993,2.145300095435232e-05,7.845001528039575e-05,0.00010162901889998466,3.274899790994823e-05,0.0
gaussian,138,gOMP,baseline,0.0005154069949639961,2.571899676695466e-05,6.892300734762102e-05,0.00019749901548493654,4.0530008845962584e-05,0.0
gaussian,138,gOMP,optimized,0.0002542369911679998,2.5842979084700346e-05,5.440496897790581e-05,8.876300125848502e-05,2.8974012820981443e-05,0.0
gaussian,139,gOMP,baseline,0.0004711340006906539,2.3382992367260158e-05,6.514001870527864e-05,0.00018575001740828156,3.473700780887157e-05,0.0
gaussian,139,gOMP,optimized,0.00024615999427624047,2.0029983716085553e-05,4.7923007514327765e-05,8.013899787329137e-05,4.252100188750774e-05,0.0
gaussian,140,gOMP,baseline,0.0005384800024330616,2.6587993488647044e-05,7.207799353636801e-05,0.00021073600510135293,4.932699084747583e-05,0.0
gaussian,140,gOMP,optimized,0.0002469609898980707,2.2485008230432868e-05,5.274201976135373e-05,8.859499939717352e-05,2.9023998649790883e-05,0.0
gaussian,141,gOMP,baseline,0.0005418850050773472,2.524301817175001e-05,8.214001718442887e-05,0.0002088600303977728,5.3790994570590556e-05,0.0
gaussian,141,gOMP,optimized,0.00023679299920331687,2.0837003830820322e-05,4.980097583029419e-05,8.526402234565467e-05,2.8444002964533865e-05,0.0
gaussian,142,gOMP,baseline,0.001056188004440628,4.87180077470839e-05,0.0001232639915542677,0.00045357800263445824,0.00011173500388395041,0.0
gaussian,142,gOMP,optimized,0.0005064150027465075,4.174602509010583e-05,0.00011436398199293762,0.00018318399088457227,6.468998617492616e-05,0.0
gaussian,143,gOMP,baseline,0.0008575179963372648,4.366000939626247e-05,0.0001234920200658962,0.0003128180105704814,7.236699457280338e-05,0.0
gaussian,143,gOMP,optimized,0.0004705909959739074,3.924802877008915e-05,0.00011362299846950918,0.00015670999709982425,6.100800237618387e-05,0.0
gaussian,144,gOMP,baseline,0.0005588250060100108,2.510998456273228e-05,8.108899055514485e-05,0.00023084500571712852,4.3132982682436705e-05,0.0
gaussian,144,gOMP,optimized,0.00023865100229158998,2.107198815792799e-05,5.1740018534474075e-05,8.525600424036384e-05,2.8467984520830214e-05,0.0
gaussian,145,gOMP,baseline,0.00048825998965185136,2.4331005988642573e-05,6.748900341335684e-05,0.0001945550029631704,3.5908014979213476e-05,0.0
gaussian,145,gOMP,optimized,0.00025312299840152264,2.1536005078814924e-05,5.6877994211390615e-05,9.272903844248503e-05,2.9022994567640126e-05,0.0
gaussian,146,gOMP,baseline,0.00048196800344157964,2.346700057387352e-05,7.08390143699944e-05,0.0001902729709399864,3.578100586310029e-05,0.0
gaussian,146,gOMP,optimized,0.00023383100051432848,2.0753999706357718e-05,5.003999103792012e-05,8.108200563583523e-05,2.6895009796135128e-05,0.0
gaussian,147,gOMP,baseline,0.0005600669974228367,3.185000969097018e-05,7.906000246293843e-05,0.00020558298274409026,4.113497561775148e-05,0.0
gaussian,147,gOMP,optimized,0.0002570189972175285,2.2563981474377215e-05,5.400198278948665e-05,9.385999874211848e-05,3.1809991924092174e-05,0.0
gaussian,148,gOMP,baseline,0.0005177059938432649,2.9912989703007042e-05,7.179199019446969e-05,0.00020114699145779014,3.920604649465531e-05,0.0
gaussian,148,gOMP,optimized,0.0002786390105029568,2.2925014491192997e-05,6.584398215636611e-05,9.884301107376814e-05,3.3750999136827886e-05,0.0
gaussian,149,gOMP,baseline,0.00046294700587168336,2.2633044864051044e-05,6.284902337938547e-05,0.00018624703807290643,3.5814009606838226e-05,0.0
gaussian,149,gOMP,optimized,0.00021912300144322217,1.975700433831662e-05,4.710498615168035e-05,7.876601011957973e-05,2.6264970074407756e-05,0.0
gaussian,150,gOMP,baseline,0.0008035049977479503,4.3221996747888625e-05,0.00011846900451928377,0.00030551401141565293,6.730899622198194e-05,0.0
gaussian,150,gOMP,optimized,0.0004471459978958592,3.616002504713833e-05,9.480002336204052e-05,0.00016557902563363314,5.399099609348923e-05,0.0
gaussian,151,gOMP,baseline,0.0011575690004974604,5.4648975492455065e-05,0.0001701069704722613,0.0004373150004539639,0.0001246039755642414,0.0
gaussian,151,gOMP,optimized,0.000521395995747298,4.51960222562775e-05,0.00011234598059672862,0.0001897189940791577,5.557197437155992e-05,0.0
gaussian,152,gOMP,baseline,0.0005522459978237748,2.5151006411761045e-05,7.706800533924252e-05,0.00021847699827048928,4.445898230187595e-05,0.0
gaussian,152,gOMP,optimized,0.0009450899960938841,0.00013106700498610735,0.00021762805408798158,0.0002912299823947251,0.00011542398715391755,0.0
gaussian,153,gOMP,baseline,0.0005379420035751536,2.8266003937460482e-05,6.935598503332585e-05,0.00021815698710270226,4.4730972149409354e-05,0.0
gaussian,153,gOMP,optimized,0.0002463099954184145,2.5529006961733103e-05,5.1498005632311106e-05,8.89679795363918e-05,2.8449008823372424e-05,0.0
gaussian,154,gOMP,baseline,0.0009084129997063428,8.001198875717819e-05,0.0001118460058933124,0.0003039199800696224,6.902198947500437e-05,0.0
gaussian,154,gOMP,optimized,0.0008224199991673231,6.950300303287804e-05,0.00019334099488332868,0.000318855993100442,0.0001061930088326335,0.0
gaussian,155,gOMP,baseline,0.0006453829992096871,3.1445990316569805e-05,8.151201473083347e-05,0.0002935749798780307,4.916498437523842e-05,0.0
gaussian,155,gOMP,optimized,0.000249768010689877,2.4060980649664998e-05,5.170199437998235e-05,8.69939976837486e-05,2.9919989174231887e-05,0.0
gaussian,156,gOMP,baseline,0.0012620930065168068,7.49689934309572e-05,0.00020993599900975823,0.0004219439870212227,0.0001330499944742769,0.0
gaussian,156,gOMP,optimized,0.0007998459914233536,8.23050067992881e-05,0.00019763696764130145,0.0002620460436446592,0.00010970100993290544,0.0
gaussian,157,gOMP,baseline,0.0010164669947698712,6.036403647158295e-05,0.00014182600716594607,0.0003566839877748862,8.652900578454137e-05,0.0
gaussian,157,gOMP,optimized,0.00027566400240175426,2.784999378491193e-05,5.886201688554138e-05,9.481700544711202e-05,3.0328024877235293e-05,0.0
gaussian,158,gOMP,baseline,0.0005171289958525449,2.6133973733521998e-05,7.817299047019333e-05,0.00020296897855587304,3.886299964506179e-05,0.0
gaussian,158,gOMP,optimized,0.00025006200303323567,2.218398731201887e-05,5.07700169691816e-05,9.936801507137716e-05,2.7950023650191724e-05,0.0
gaussian,159,gOMP,baseline,0.0010350929951528087,6.10839924775064e-05,0.0001509280118625611,0.00039279201882891357,9.687298734206706e-05,0.0
gaussian,159,gOMP,optimized,0.0005269779940135777,4.8524991143494844e-05,0.00011465999705251306,0.00019616197096183896,6.482201570179313e-05,0.0
gaussian,160,gOMP,baseline,0.0005250690010143444,2.5048982934094965e-05,8.837900531943887e-05,0.00020387998665682971,4.1391016566194594e-05,0.0
gaussian,160,gOMP,optimized,0.00023919000523164868,2.2029998945072293e-05,4.959999932907522e-05,8.807600534055382e-05,2.880199463106692e-05,0.0
gaussian,161,gOMP,baseline,0.0005576739931711927,3.485100751277059e-05,7.360399467870593e-05,0.0002213660191046074,4.561501555144787e-05,0.0
gaussian,161,gOMP,optimized,0.00024603799101896584,2.542800211813301e-05,5.272698763292283e-05,8.70950025273487e-05,2.9041984817013144e-05,0.0
gaussian,162,gOMP,baseline,0.0005931859923293814,3.934699634555727e-05,9.457797568757087e-05,0.00021434300288092345,4.4302010792307556e-05,0.0
gaussian,162,gOMP,optimized,0.0002509620098862797,2.217499422840774e-05,5.3754993132315576e-05,9.056301496457309e-05,2.9981994885019958e-05,0.0
gaussian,163,gOMP,baseline,0.0008953209908213466,4.838898894377053e-05,0.00012930401135236025,0.00033251500281039625,7.64339929446578e-05,0.0
gaussian,163,gOMP,optimized,0.00046865400508977473,4.120598896406591e-05,0.00010307898628525436,0.00015948897635098547,6.078497972339392e-05,0.0
gaussian,164,gOMP,baseline,0.0010683029977371916,5.991599755361676e-05,0.00014395597099792212,0.0004062830121256411,8.859900117386132e-05,0.0
gaussian,164,gOMP,optimized,0.00032344600185751915,3.631498839240521e-05,7.481800275854766e-05,0.00010768401261884719,3.377598477527499e-05,0.0
gaussian,165,gOMP,baseline,0.00048641799367032945,2.62110261246562e-05,6.42629893263802e-05,0.00019665199215523899,3.6819998058490455e-05,0.0
gaussian,165,gOMP,optimized,0.00025398298748768866,2.5215995265170932e-05,5.453699850477278e-05,8.713596616871655e-05,3.3625983633100986e-05,0.0
gaussian,166,gOMP,baseline,0.000526720003108494,2.4520006263628602e-05,7.31430045561865e-05,0.0002128460182575509,4.768797953147441e-05,0.0
gaussian,166,gOMP,optimized,0.0002356040058657527,2.085199230350554e-05,5.0161994295194745e-05,8.722202619537711e-05,2.743201912380755e-05,0.0
gaussian,167,gOMP,baseline,0.0005898840026929975,3.492998075671494e-05,8.394700125791132e-05,0.00022675498621538281,4.8578003770671785e-05,0.0
gaussian,167,gOMP,optimized,0.0002377780037932098,2.5237008230760694e-05,5.272998532745987e-05,8.209400402847677e-05,2.7843008865602314e-05,0.0
gaussian,168,gOMP,baseline,0.0005136870022397488,2.5088011170737445e-05,8.948500908445567e-05,0.0001923179952427745,4.1723993490450084e-05,0.0
gaussian,168,gOMP,optimized,0.0002353489981032908,2.13040184462443e-05,5.009798042010516e-05,8.438099757768214e-05,2.8151029255241156e-05,0.0
gaussian,169,gOMP,baseline,0.0011357670009601861,5.1850962336175144e-05,0.00014824401296209544,0.0004406720108818263,9.310599125456065e-05,0.0
gaussian,169,gOMP,optimized,0.0005409309960668907,4.3813008232973516e-05,0.0001229679910466075,0.00020230903464835137,6.716500502079725e-05,0.0
gaussian,170,gOMP,baseline,0.001173127006040886,6.82550307828933e-05,0.00019811801030300558,0.00041366397636011243,0.000110150984255597,0.0
gaussian,170,gOMP,optimized,0.000612675998127088,5.5697993957437575e-05,0.00016580500232521445,0.00019789498765021563,8.298098691739142e-05,0.0
gaussian,171,gOMP,baseline,0.0005144789902260527,2.8569018468260765e-05,7.057900074869394e-05,0.000204503012355417,4.080998769495636e-05,0.0
gaussian,171,gOMP,optimized,0.00024019900592975318,2.4299995857290924e-05,5.024099664296955e-05,8.53839737828821e-05,2.8626018320210278e-05,0.0
gaussian,172,gOMP,baseline,0.0005264600040391088,2.5007000658661127e-05,7.488499977625906e-05,0.00021760999516118318,4.343900945968926e-05,0.0
gaussian,172,gOMP,optimized,0.0002576300030341372,2.354300522711128e-05,5.387900455389172e-05,9.629203123040497e-05,3.235899202991277e-05,0.0
gaussian,173,gOMP,baseline,0.0005729469994548708,3.0522001907229424e-05,9.537801088299602e-05,0.00022245501168072224,4.2660030885599554e-05,0.0
gaussian,173,gOMP,optimized,0.00033773899485822767,2.8115013265050948e-05,0.00010947500413749367,0.0001061639777617529,3.2693002140149474e-05,0.0
gaussian,174,gOMP,baseline,0.0005080840055597946,2.5924979127012193e-05,7.120998634491116e-05,0.00019940201309509575,3.8480007788166404e-05,0.0
gaussian,174,gOMP,optimized,0.00029862800147384405,2.2621970856562257e-05,6.765102443750948e-05,0.00010223400022368878,3.4904995118267834e-05,0.0
gaussian,175,gOMP,baseline,0.0005626099882647395,3.423201269470155e-05,7.588500739075243e-05,0.00021733301400672644,4.5591979869641364e-05,0.0
gaussian,175,gOMP,optimized,0.000309517010464333,2.746499376371503e-05,7.995098712854087e-05,0.0001018210023175925,3.410701174288988e-05,0.0
gaussian,176,gOMP,baseline,0.0005194980039959773,2.7237008907832205e-05,7.24849960533902e-05,0.00019991300359833986,3.892598033417016e-05,0.0
gaussian,176,gOMP,optimized,0.00024446700990665704,2.1063984604552388e-05,5.054599023424089e-05,8.304901712108403e-05,3.2616007956676185e-05,0.0
gaussian,177,gOMP,baseline,0.0005058550013927743,2.8013004339300096e-05,7.260699931066483e-05,0.00019457598682492971,4.604698915500194e-05,0.0
gaussian,177,gOMP,optimized,0.0002490760089131072,2.4087028577923775e-05,6.019801367074251e-05,8.56200058478862e-05,2.830701123457402e-05,0.0
gaussian,178,gOMP,baseline,0.0004420769982971251,2.3235028493218124e-05,6.107700755819678e-05,0.00017610398936085403,3.3600968890823424e-05,0.0
gaussian,178,gOMP,optimized,0.0002248379896627739,2.0648978534154594e-05,4.697902477346361e-05,8.011699537746608e-05,2.7348010917194188e-05,0.0
gaussian,179,gOMP,baseline,0.0010499480122234672,5.4527001339010894e-05,0.00016460703045595437,0.00036206097865942866,8.669098315294832e-05,0.0
gaussian,179,gOMP,optimized,0.00044092099415138364,3.796200326178223e-05,9.83380014076829e-05,0.00015476098633371294,5.3082971135154366e-05,0.0
gaussian,180,gOMP,baseline,0.000978459996986203,5.842800601385534e-05,0.00013893800496589392,0.0003627760161180049,8.415899355895817e-05,0.0
gaussian,180,gOMP,optimized,0.0005346279940567911,4.330399679020047e-05,0.00011471599282231182,0.00019218400120735168,7.014900620561093e-05,0.0
gaussian,181,gOMP,baseline,0.0010271120117977262,5.144299939274788e-05,0.00016440199397038668,0.0003931219835067168,8.944999717641622e-05,0.0
gaussian,181,gOMP,optimized,0.0005148780037416145,4.412200360093266e-05,0.00011490200995467603,0.0001899939961731434,6.289599696174264e-05,0.0
gaussian,182,gOMP,baseline,0.0009141280024778098,4.666701715905219e-05,0.00012850899656768888,0.0003540589677868411,7.638901297468692e-05,0.0
gaussian,182,gOMP,optimized,0.000493801009724848,4.1006962419487536e-05,0.0001282019802602008,0.00016825397324282676,6.17310288362205e-05,0.0
gaussian,183,gOMP,baseline,0.0005360719951568171,3.195099998265505e-05,8.107403118629009e-05,0.00020425801631063223,4.568599979393184e-05,0.0
gaussian,183,gOMP,optimized,0.00032997199741657823,2.9413989977911115e-05,5.959098052699119e-05,0.00013878897880204022,3.987101081293076e-05,0.0
gaussian,184,gOMP,baseline,0.0006615380116272718,3.07269801851362e-05,8.224901102948934e-05,0.0002705100196180865,4.7726003685966134e-05,0.0
gaussian,184,gOMP,optimized,0.00025068799732252955,2.2320993593893945e-05,5.2611969294957817e-05,8.865399286150932e-05,3.0279014026746154e-05,0.0
gaussian,185,gOMP,baseline,0.000483918993268162,2.6838984922505915e-05,6.547800148837268e-05,0.00018755500786937773,3.8708982174284756e-05,0.0
gaussian,185,gOMP,optimized,0.00025899500178638846,3.3912991057150066e-05,5.395001790020615e-05,8.772399451117963e-05,2.917798701673746e-05,0.0
gaussian,186,gOMP,baseline,0.0005049910105299205,2.534600207582116e-05,7.158299558795989e-05,0.0002013930061366409,3.753596683964133e-05,0.0
gaussian,186,gOMP,optimized,0.00026732600235845894,2.1881001885049045e-05,5.41119952686131e-05,8.750100096222013e-05,5.059897375758737e-05,0.0
gaussian,187,gOMP,baseline,0.0005139870045240968,2.6724024792201817e-05,6.60110090393573e-05,0.00021028802439104766,4.4572982005774975e-05,0.0
gaussian,187,gOMP,optimized,0.000262977002421394,2.621299063321203e-05,5.4673029808327556e-05,9.321999095845968e-05,3.017799463123083e-05,0.0
gaussian,188,gOMP,baseline,0.000519713998073712,2.5766014005057514e-05,8.787499973550439e-05,0.00020016098278574646,3.937097790185362e-05,0.0
gaussian,188,gOMP,optimized,0.0002580959990154952,2.2714011720381677e-05,5.3414987633004785e-05,9.576500451657921e-05,2.848397707566619e-05,0.0
gaussian,189,gOMP,baseline,0.00048962100117933,2.3548025637865067e-05,6.653400487266481e-05,0.00018733997421804816,4.9623995437286794e-05,0.0
gaussian,189,gOMP,optimized,0.0002600349980639294,2.1149986423552036e-05,5.324298399500549e-05,8.758300100453198e-05,3.311298496555537e-05,0.0
gaussian,190,gOMP,baseline,0.0005141149886185303,2.9067014111205935e-05,7.07369763404131e-05,0.0001924209645949304,4.12390218116343e-05,0.0
gaussian,190,gOMP,optimized,0.0002334890014026314,2.331400173716247e-05,4.925602115690708e-05,8.183799218386412e-05,2.7838017558678985e-05,0.0
gaussian,191,gOMP,baseline,0.0005697729939129204,3.129000833723694e-05,7.930499850772321e-05,0.00021846499294042587,4.6725021093152463e-05,0.0
gaussian,191,gOMP,optimized,0.0002735439920797944,4.4163985876366496e-05,5.360897921491414e-05,9.119302558247e-05,3.041699528694153e-05,0.0
gaussian,192,gOMP,baseline,0.0006451090011978522,3.530197136569768e-05,8.286700176540762e-05,0.00024425900483038276,5.062499258201569e-05,0.0
gaussian,192,gOMP,optimized,0.00023531699844170362,2.4605004000477493e-05,4.9178997869603336e-05,8.353401790373027e-05,2.836101339198649e-05,0.0
gaussian,193,gOMP,baseline,0.0005319600022630766,2.846302231773734e-05,7.251599163282663e-05,0.00020787300309166312,4.290200013201684e-05,0.0
gaussian,193,gOMP,optimized,0.0002514609950594604,2.5191009626723826e-05,5.422701360657811e-05,8.804701792541891e-05,2.8829992515966296e-05,0.0
gaussian,194,gOMP,baseline,0.000537558997166343,2.789900463540107e-05,6.813798972871155e-05,0.00021112897957209498,4.476495087146759e-05,0.0
gaussian,194,gOMP,optimized,0.0002742770011536777,2.4681008653715253e-05,5.1073002396151423e-05,9.777101513464004e-05,2.8467999072745442e-05,0.0
gaussian,195,gOMP,baseline,0.0004934330063406378,2.829301229212433e-05,6.948297959752381e-05,0.00019217602675780654,4.121300298720598e-05,0.0
gaussian,195,gOMP,optimized,0.0002541650028433651,2.5430999812670052e-05,5.414299084804952e-05,8.800500654615462e-05,2.9524002457037568e-05,0.0
gaussian,196,gOMP,baseline,0.0004979649966116995,2.803800452966243e-05,6.708600267302245e-05,0.00020041600510012358,4.0161990909837186e-05,0.0
gaussian,196,gOMP,optimized,0.0004576579958666116,2.9118004022166133e-05,6.35719916317612e-05,0.00010511900472920388,3.6433993955142796e-05,0.0
gaussian,197,gOMP,baseline,0.0005004589911550283,2.6734982384368777e-05,6.508502701763064e-05,0.00019281200366094708,3.671500599011779e-05,0.0
gaussian,197,gOMP,optimized,0.0002573060046415776,2.9185001039877534e-05,5.573198723141104e-05,8.829399303067476e-05,2.8694994398392737e-05,0.0
gaussian,198,gOMP,baseline,0.0015361709956778213,8.174500544555485e-05,0.00028696798835881054,0.0005379409994930029,0.00014298700261861086,0.0
gaussian,198,gOMP,optimized,0.0008581720030633733,7.341399032156914e-05,0.00020570599008351564,0.0002865599817596376,0.0001617520028958097,0.0
gaussian,199,gOMP,baseline,0.0004808979865629226,2.688901440706104e-05,6.523396586999297e-05,0.0001938209607033059,3.688801371026784e-05,0.0
gaussian,199,gOMP,optimized,0.0002422290126560256,2.3706001229584217e-05,4.69479855382815e-05,8.075499499682337e-05,2.6959998649545014e-05,0.0
gaussian,200,gOMP,baseline,0.00046664899855386466,2.6529000024311244e-05,6.328799645416439e-05,0.00018430000636726618,3.776898665819317e-05,0.0
gaussian,200,gOMP,optimized,0.0002481539995642379,2.267700619995594e-05,4.736801201943308e-05,9.691900049801916e-05,2.956799289677292e-05,0.0
gaussian,201,gOMP,baseline,0.0007352370012085885,3.379001282155514e-05,8.348897972609848e-05,0.00031036300060804933,5.161699664313346e-05,0.0
gaussian,201,gOMP,optimized,0.00027636099548544735,2.591100928839296e-05,6.468399078585207e-05,8.889399759937078e-05,2.8247013688087463e-05,0.0
gaussian,202,gOMP,baseline,0.00054110299970489,3.1189003493636847e-05,7.002697384450585e-05,0.00019460100156720728,4.051400173921138e-05,0.0
gaussian,202,gOMP,optimized,0.00022860699391458184,2.344099630136043e-05,4.877398896496743e-05,8.066699956543744e-05,2.7143993065692484e-05,0.0
gaussian,203,gOMP,baseline,0.0009574290015734732,5.0596005166880786e-05,0.00013895699521526694,0.0003452149830991402,8.374499157071114e-05,0.0
gaussian,203,gOMP,optimized,0.0004743790050270036,4.202999116387218e-05,0.0001089930156012997,0.00016396598948631436,6.577699969056994e-05,0.0
gaussian,204,gOMP,baseline,0.000905368011444807,4.907399124931544e-05,0.0001353050029138103,0.00033111700031440705,7.81670241849497e-05,0.0
gaussian,204,gOMP,optimized,0.0004949989961460233,4.397799784783274e-05,0.0001145679852925241,0.0001694650127319619,6.299001688603312e-05,0.0
gaussian,205,gOMP,baseline,0.0009742149995872751,5.201500607654452e-05,0.00015238599735312164,0.00036547097261063755,8.543000149074942e-05,0.0
gaussian,205,gOMP,optimized,0.0004917939950246364,4.260402056388557e-05,0.00010915698658209294,0.00017424199904780835,6.236597255337983e-05,0.0
gaussian,206,gOMP,baseline,0.0009841540013439953,5.305801460053772e-05,0.00013703400327358395,0.00032983097480610013,8.10300261946395e-05,0.0
gaussian,206,gOMP,optimized,0.00046621300862170756,4.256000102031976e-05,0.00011312897549942136,0.00016012298874557018,5.9421014157123864e-05,0.0
gaussian,207,gOMP,baseline,0.0005639820010401309,2.9942020773887634e-05,9.39290039241314e-05,0.00021551598911173642,4.677199467550963e-05,0.0
gaussian,207,gOMP,optimized,0.0002601349988253787,2.605101326480508e-05,5.1843991968780756e-05,9.871101065073162e-05,3.0871990020386875e-05,0.0
gaussian,208,gOMP,baseline,0.00046459201257675886,2.615399716887623e-05,6.186500831972808e-05,0.0001855509908637032,3.666596603579819e-05,0.0
gaussian,208,gOMP,optimized,0.00022757999249733984,2.4200009647756815e-05,4.872196586802602e-05,7.972499588504434e-05,2.6676003471948206e-05,0.0
gaussian,209,gOMP,baseline,0.0010489200067240745,5.1096954848617315e-05,0.0001653219951549545,0.00038244700408540666,8.630599768366665e-05,0.0
gaussian,209,gOMP,optimized,0.0005069210019428283,4.3167994590476155e-05,0.00011389798601157963,0.0001831780100474134,6.31050206720829e-05,0.0
gaussian,210,gOMP,baseline,0.0009825720044318587,4.805198113899678e-05,0.00016120201325975358,0.0003535190044203773,8.23040318209678e-05,0.0
gaussian,210,gOMP,optimized,0.0004836250009248033,4.0108003304339945e-05,0.00010999002552125603,0.00017203798051923513,6.0434016631916165e-05,0.0
gaussian,211,gOMP,baseline,0.0006299749948084354,4.042098589707166e-05,8.031399920582771e-05,0.0002319490013178438,6.049999501556158e-05,0.0
gaussian,211,gOMP,optimized,0.0005300009943312034,3.723800182342529e-05,0.00013582698011305183,0.00021318200742825866,4.915401223115623e-05,0.0
gaussian,212,gOMP,baseline,0.0005351309955585748,2.400000812485814e-05,8.225599594879895e-05,0.00021128999651409686,4.1270002839155495e-05,0.0
gaussian,212,gOMP,optimized,0.0002229469973826781,1.982499088626355e-05,4.6908011427149177e-05,8.10350029496476e-05,2.6974987122230232e-05,0.0
gaussian,213,gOMP,baseline,0.0007978720095707104,3.163100336678326e-05,0.00015417700342368335,0.0002981879952130839,6.457301788032055e-05,0.0
gaussian,213,gOMP,optimized,0.0005260189936961979,4.3343985453248024e-05,0.00011470400204416364,0.00018419499974697828,7.154302147682756e-05,0.0
gaussian,214,gOMP,baseline,0.0004958310018992051,2.522101567592472e-05,6.94749760441482e-05,0.00019290600903332233,3.998598549515009e-05,0.0
gaussian,214,gOMP,optimized,0.0002417290088487789,2.074801886919886e-05,5.036302900407463e-05,8.699196041561663e-05,2.8934009606018662e-05,0.0
gaussian,215,gOMP,baseline,0.0009972590050892904,4.865200025960803e-05,0.00019119700300507247,0.00034776702523231506,0.00012867497571278363,0.0
gaussian,215,gOMP,optimized,0.0002532420039642602,2.617201243992895e-05,5.428999429568648e-05,8.88410140760243e-05,2.977097756229341e-05,0.0
gaussian,216,gOMP,baseline,0.0005622480093734339,2.442397817503661e-05,8.837698260322213e-05,0.00022453602286987007,4.755698319058865e-05,0.0
gaussian,216,gOMP,optimized,0.0002328349946765229,2.0435007172636688e-05,5.077000241726637e-05,8.427099965047091e-05,2.7654008590616286e-05,0.0
gaussian,217,gOMP,baseline,0.001159090010332875,6.005099567119032e-05,0.00027500798751134425,0.0003711090248543769,0.00010255600500386208,0.0
gaussian,217,gOMP,optimized,0.00035984700662083924,6.344198482111096e-05,6.650798604823649e-05,0.00012922899622935802,3.53860086761415e-05,0.0
gaussian,218,gOMP,baseline,0.00048341299407184124,2.304001827724278e-05,7.359399751294404e-05,0.00019232300110161304,3.4249984310008585e-05,0.0
gaussian,218,gOMP,optimized,0.00023034799960441887,2.0109975594095886e-05,5.04130293847993e-05,7.972399180289358e-05,2.67690047621727e-05,0.0
gaussian,219,gOMP,baseline,0.0005373809981392696,2.9717979487031698e-05,7.151100726332515e-05,0.00019966400577686727,3.790801565628499e-05,0.0
gaussian,219,gOMP,optimized,0.00024880599812604487,2.642700565047562e-05,5.6859018513932824e-05,8.513497596140951e-05,2.7539004804566503e-05,0.0
gaussian,220,gOMP,baseline,0.00048768799751996994,2.331998257432133e-05,7.736901170574129e-05,0.00018940497830044478,3.56929813278839e-05,0.0
gaussian,220,gOMP,optimized,0.00023696699645370245,2.1568979718722403e-05,4.992297908756882e-05,8.618700667284429e-05,2.8537004254758358e-05,0.0
gaussian,221,gOMP,baseline,0.0005391880113165826,3.484603075776249e-05,8.013997285161167e-05,0.00019834500562865287,4.0490005630999804e-05,0.0
gaussian,221,gOMP,optimized,0.0002520400012144819,2.3905973648652434e-05,5.316000897437334e-05,8.597700798418373e-05,3.264099359512329e-05,0.0
gaussian,222,gOMP,baseline,0.000672989001031965,2.8303998988121748e-05,8.979701669886708e-05,0.0002423809637548402,4.668699693866074e-05,0.0
gaussian,222,gOMP,optimized,0.00025855501007754356,2.296401362400502e-05,5.452202458400279e-05,9.562799823470414e-05,3.0053008231334388e-05,0.0
gaussian,223,gOMP,baseline,0.0005217819998506457,3.106199437752366e-05,7.566002022940665e-05,0.00020292800036258996,4.107598215341568e-05,0.0
gaussian,223,gOMP,optimized,0.0003771579940803349,3.525799547787756e-05,6.00950006628409e-05,0.00018752900359686464,3.619299968704581e-05,0.0
gaussian,224,gOMP,baseline,0.0005125250027049333,2.3433021851815283e-05,6.701101665385067e-05,0.00021456599642988294,3.87740001315251e-05,0.0
gaussian,224,gOMP,optimized,0.0002294120058650151,2.0497027435339987e-05,4.88310179207474e-05,8.353299926966429e-05,2.7371992473490536e-05,0.0
gaussian,225,gOMP,baseline,0.0006639560015173629,3.3235992304980755e-05,8.142800652422011e-05,0.00024661599309183657,4.8442991101183e-05,0.0
gaussian,225,gOMP,optimized,0.00024111200764309615,2.4376990040764213e-05,4.827302473131567e-05,8.345098467543721e-05,2.7596004656516016e-05,0.0
gaussian,226,gOMP,baseline,0.000608011003350839,3.352898056618869e-05,8.417498611379415e-05,0.00021794100757688284,4.2974032112397254e-05,0.0
gaussian,226,gOMP,optimized,0.00024352999753318727,2.2093969164416194e-05,5.2292001782916486e-05,8.822699601296335e-05,2.8220980311743915e-05,0.0
gaussian,227,gOMP,baseline,0.0004988180007785559,2.80290114460513e-05,6.953501724638045e-05,0.00019547097326721996,3.8914993638172746e-05,0.0
gaussian,227,gOMP,optimized,0.0002510210033506155,2.565101021900773e-05,5.322399374563247e-05,8.718299795873463e-05,2.951998612843454e-05,0.0
gaussian,228,gOMP,baseline,0.0005038079980295151,2.3430970031768084e-05,8.32049991004169e-05,0.0001946809934452176,4.112301394343376e-05,0.0
gaussian,228,gOMP,optimized,0.00022877700394019485,2.0481966203078628e-05,4.7527020797133446e-05,8.487499144393951e-05,2.716301241889596e-05,0.0
gaussian,229,gOMP,baseline,0.000920196995139122,5.228299414739013e-05,0.0001421449996996671,0.00033624100615270436,8.359501953236759e-05,0.0
gaussian,229,gOMP,optimized,0.000558106999960728,4.698600969277322e-05,0.00014479797391686589,0.00018445902969688177,7.085701508913189e-05,0.0
gaussian,230,gOMP,baseline,0.0004761809977935627,2.3748987587168813e-05,6.664700049441308e-05,0.00019014900317415595,3.485601337160915e-05,0.0
gaussian,230,gOMP,optimized,0.00026681199960876256,2.1041982108727098e-05,5.100698035676032e-05,9.034902905113995e-05,2.9198999982327223e-05,0.0
gaussian,231,gOMP,baseline,0.0004656429955502972,2.5595029001124203e-05,6.356700032483786e-05,0.00018555999849922955,3.587499668356031e-05,0.0
gaussian,231,gOMP,optimized,0.00024527600908186287,2.4013002985157073e-05,4.805899516213685e-05,8.2970000221394e-05,3.069099329877645e-05,0.0
gaussian,232,gOMP,baseline,0.00090844499936793,4.8152985982596874e-05,0.00013555899204220623,0.00033827900188043714,7.401700713671744e-05,0.0
gaussian,232,gOMP,optimized,0.0004812239931197837,3.971699334215373e-05,0.00011117300891783088,0.0001644910080358386,6.5689004259184e-05,0.0
gaussian,233,gOMP,baseline,0.0005364690005080774,2.9820992494933307e-05,7.3645991506055e-05,0.00020207601482979953,4.1296996641904116e-05,0.0
gaussian,233,gOMP,optimized,0.00028723700961563736,2.360199869144708e-05,5.032098852097988e-05,9.14910197025165e-05,2.778398629743606e-05,0.0
gaussian,234,gOMP,baseline,0.0007177780062193051,0.00014598002599086612,0.00010207999730482697,0.00023978500394150615,5.024501297157258e-05,0.0
gaussian,234,gOMP,optimized,0.0002833479957189411,2.229501842521131e-05,6.74730254104361e-05,9.96939925244078e-05,3.085400385316461e-05,0.0
gaussian,235,gOMP,baseline,0.0005079129914520308,2.7593006961978972e-05,6.758300878573209e-05,0.00020473604672588408,4.2558007407933474e-05,0.0
gaussian,235,gOMP,optimized,0.00023649600916542113,2.3886997951194644e-05,5.3660012781620026e-05,8.206898928619921e-05,2.749499981291592e-05,0.0
gaussian,236,gOMP,baseline,0.0005374409956857562,2.6025038096122444e-05,6.654902244918048e-05,0.00019518898625392467,3.477299469523132e-05,0.0
gaussian,236,gOMP,optimized,0.0002598370047053322,2.2768013877794147e-05,5.5347001762129366e-05,8.834799518808722e-05,3.998000465799123e-05,0.0
gaussian,237,gOMP,baseline,0.0005331530119292438,3.192899748682976e-05,7.447002280969173e-05,0.00019165797857567668,4.0238999645225704e-05,0.0
gaussian,237,gOMP,optimized,0.00023587299801874906,2.452598710078746e-05,5.013002373743802e-05,8.582897135056555e-05,2.6996975066140294e-05,0.0
gaussian,238,gOMP,baseline,0.0010621590045047924,6.590499833691865e-05,0.0001828070089686662,0.0003696329949889332,9.637502080295235e-05,0.0
gaussian,238,gOMP,optimized,0.0005154429964022711,3.910600207746029e-05,0.00010793199180625379,0.0002401720266789198,4.956198972649872e-05,0.0
gaussian,239,gOMP,baseline,0.0005185040063224733,2.7622998459264636e-05,7.09329906385392e-05,0.00020881100499536842,4.399599856697023e-05,0.0
gaussian,239,gOMP,optimized,0.0002278769970871508,2.382601087447256e-05,4.754799010697752e-05,8.185399929061532e-05,2.6873982278630137e-05,0.0
gaussian,240,gOMP,baseline,0.0004997750074835494,2.6269990485161543e-05,7.119397923815995e-05,0.0001955490151885897,3.92800138797611e-05,0.0
gaussian,240,gOMP,optimized,0.0002706480008782819,2.6950001483783126e-05,6.087298970669508e-05,9.34930139919743e-05,3.20490071317181e-05,0.0
gaussian,241,gOMP,baseline,0.0004736059927381575,2.976099494844675e-05,6.371898052748293e-05,0.00018301399541087449,3.97280091419816e-05,0.0
gaussian,241,gOMP,optimized,0.00026983099814970046,2.3797998437657952e-05,7.110400474630296e-05,8.946300658863038e-05,2.9116010409779847e-05,0.0
gaussian,242,gOMP,baseline,0.0004915180034004152,2.4313980247825384e-05,6.731200846843421e-05,0.00019984498794656247,3.526198270265013e-05,0.0
gaussian,242,gOMP,optimized,0.00023521399998571724,2.1172003471292555e-05,5.00339810969308e-05,8.518500544596463e-05,2.8292008209973574e-05,0.0
gaussian,243,gOMP,baseline,0.00097249100508634,5.962296563666314e-05,0.00013896000746171921,0.0003523619961924851,8.218600123655051e-05,0.0
gaussian,243,gOMP,optimized,0.0004690400091931224,4.248401091899723e-05,0.00010932498844340444,0.00015848298789933324,6.150100671220571e-05,0.0
gaussian,244,gOMP,baseline,0.0004862249916186556,2.4704000679776073e-05,6.873699021525681e-05,0.00019821002206299454,3.479802398942411e-05,0.0
gaussian,244,gOMP,optimized,0.00023252000391948968,2.0230974769219756e-05,4.873199213761836e-05,8.602297748439014e-05,2.79700179817155e-05,0.0
gaussian,245,gOMP,baseline,0.00044401299965102226,2.6422989321872592e-05,6.081398169044405e-05,0.00017405700054951012,3.5326011129654944e-05,0.0
gaussian,245,gOMP,optimized,0.0002683000057004392,2.5366985937580466e-05,5.334800516720861e-05,0.000100791992736049,3.2002979423850775e-05,0.0
gaussian,246,gOMP,baseline,0.0005792930023744702,2.7034009690396488e-05,7.323600584641099e-05,0.00024966298951767385,4.4321001041680574e-05,0.0
gaussian,246,gOMP,optimized,0.00026898999931290746,2.329798007849604e-05,5.770100688096136e-05,0.00010481102799531072,2.9417991754598916e-05,0.0
gaussian,247,gOMP,baseline,0.0004936280020046979,2.8130991267971694e-05,6.827001925557852e-05,0.00019399900338612497,3.9147998904809356e-05,0.0
gaussian,247,gOMP,optimized,0.0002844110131263733,2.578599378466606e-05,5.597098788712174e-05,0.00010638998355716467,3.6173994885757565e-05,0.0
gaussian,248,gOMP,baseline,0.0005379100039135665,2.5340006686747074e-05,7.1668007876724e-05,0.00020763302745763212,4.0386978071182966e-05,0.0
gaussian,248,gOMP,optimized,0.00024351300089620054,2.1755986381322145e-05,5.21069741807878e-05,8.818402420729399e-05,2.89049930870533e-05,0.0
gaussian,249,gOMP,baseline,0.0005019789969082922,2.680098987184465e-05,7.278198609128594e-05,0.00019787700148299336,3.786300658248365e-05,0.0
gaussian,249,gOMP,optimized,0.00023003999376669526,2.032599877566099e-05,4.84009797219187e-05,8.23960144771263e-05,2.7405985747464e-05,0.0
gaussian,250,gOMP,baseline,0.0005332250002538785,3.661599475890398e-05,7.406201621051878e-05,0.00020199998107273132,4.2481988202780485e-05,0.0
gaussian,250,gOMP,optimized,0.0004894400044577196,4.364899359643459e-05,0.00011618701682891697,0.0001691470097284764,6.412201037164778e-05,0.0
gaussian,251,gOMP,baseline,0.0005024779966333881,2.445399877615273e-05,7.469097909051925e-05,0.00019666801381390542,4.066797555424273e-05,0.0
gaussian,251,gOMP,optimized,0.00023525400320068002,2.072501229122281e-05,4.828799865208566e-05,8.28940246719867e-05,2.771402068901807e-05,0.0
gaussian,252,gOMP,baseline,0.00048160000005736947,2.866002614609897e-05,6.361702980939299e-05,0.00018591700063552707,3.811498754657805e-05,0.0
gaussian,252,gOMP,optimized,0.00023479700030293316,2.3739979951642454e-05,5.137502739671618e-05,8.4201994468458e-05,2.710901026148349e-05,0.0
gaussian,253,gOMP,baseline,0.0004711799992946908,2.5065994122996926e-05,6.410501373466104e-05,0.00018554901180323213,3.8040001527406275e-05,0.0
gaussian,253,gOMP,optimized,0.00023322300694417208,2.244998177047819e-05,4.982201789971441e-05,8.271698607131839e-05,2.7960006264038384e-05,0.0
gaussian,254,gOMP,baseline,0.0010982240055454895,5.7500990806147456e-05,0.00014595000538975,0.0004160170065006241,9.438702545594424e-05,0.0
gaussian,254,gOMP,optimized,0.0005987519980408251,5.130998033564538e-05,0.00013310300710145384,0.00021486500918399543,7.228899630717933e-05,0.0
gaussian,255,gOMP,baseline,0.0005495250079547986,2.5147979613393545e-05,7.387198274955153e-05,0.000208745026611723,3.942397597711533e-05,0.0
gaussian,255,gOMP,optimized,0.00028071099950466305,2.8865993954241276e-05,5.615799454972148e-05,0.00010651699267327785,3.2783980714157224e-05,0.0
gaussian,256,gOMP,baseline,0.00047325600462500006,2.814101753756404e-05,6.415099778678268e-05,0.00018552200344856828,3.7712001358158886e-05,0.0
gaussian,256,gOMP,optimized,0.00023326299560721964,2.319399209227413e-05,4.7604014980606735e-05,8.38999985717237e-05,2.7390997274778783e-05,0.0
gaussian,257,gOMP,baseline,0.0009506589994998649,5.045198486186564e-05,0.0001327700010733679,0.0003670680016512051,7.914900197647512e-05,0.0
gaussian,257,gOMP,optimized,0.00047738899593241513,4.081499355379492e-05,0.0001097659842344001,0.00016541099466849118,6.097198638599366e-05,0.0
gaussian,258,gOMP,baseline,0.0009016959957079962,4.799701855517924e-05,0.00014002299576532096,0.00033697098842822015,7.806401117704809e-05,0.0
gaussian,258,gOMP,optimized,0.00044539899681694806,4.021497443318367e-05,0.00010216799273621291,0.0001500590005889535,5.745398811995983e-05,0.0
gaussian,259,gOMP,baseline,0.0009454620012547821,4.738698771689087e-05,0.00013667599705513567,0.00035373499849811196,8.233400876633823e-05,0.0
gaussian,259,gOMP,optimized,0.0005389489961089566,4.183399141766131e-05,0.00014287102385424078,0.00017879898950923234,7.689099584240466e-05,0.0
gaussian,260,gOMP,baseline,0.0006863040034659207,3.212699084542692e-05,0.00012824601435568184,0.00023193199012894183,4.4899003114551306e-05,0.0
gaussian,260,gOMP,optimized,0.0003316669899504632,3.102599293924868e-05,7.723702583462e-05,0.00012114002311136574,3.693599137477577e-05,0.0
gaussian,261,gOMP,baseline,0.0005056509980931878,2.4438995751552284e-05,6.997097807470709e-05,0.00018833599460776895,3.771502815652639e-05,0.0
gaussian,261,gOMP,optimized,0.0002662149927346036,2.0261009922251105e-05,5.247500666882843e-05,0.00010142398241441697,3.128299431409687e-05,0.0
gaussian,262,gOMP,baseline,0.001039210008457303,5.5743978009559214e-05,0.00015058698772918433,0.00038363400381058455,9.031000081449747e-05,0.0
gaussian,262,gOMP,optimized,0.0005318729963619262,4.491199797485024e-05,0.0001367109944112599,0.00017723299970384687,6.576899613719434e-05,0.0
gaussian,263,gOMP,baseline,0.0009796930098673329,5.184600013308227e-05,0.00016695998783688992,0.0003555160074029118,8.576198888476938e-05,0.0
gaussian,263,gOMP,optimized,0.0004970260051777586,3.93510126741603e-05,0.00012379202235024422,0.00016958999913185835,6.227001722436398e-05,0.0
gaussian,264,gOMP,baseline,0.0010781370074255392,5.378597415983677e-05,0.00014394501340575516,0.00037119902845006436,8.475298818666488e-05,0.0
gaussian,264,gOMP,optimized,0.0005219239974394441,4.4612985220737755e-05,0.00014170899521559477,0.00017393201414961368,6.133000715635717e-05,0.0
gaussian,265,gOMP,baseline,0.000883428001543507,4.8334026359952986e-05,0.00012898800196126103,0.0003173699806211516,9.07079956959933e-05,0.0
gaussian,265,gOMP,optimized,0.0005233450065134093,4.0507002267986536e-05,0.0001378989836666733,0.0001762340107234195,6.495197885669768e-05,0.0
gaussian,266,gOMP,baseline,0.0006226900004548952,2.7654023142531514e-05,7.786000787746161e-05,0.0002581489970907569,5.074600630905479e-05,0.0
gaussian,266,gOMP,optimized,0.00024140800815075636,2.139998832717538e-05,5.020498065277934e-05,8.634199912194163e-05,2.840100205503404e-05,0.0
gaussian,267,gOMP,baseline,0.0005431970057543367,3.906899655703455e-05,7.328399806283414e-05,0.00020346402016002685,5.513598443940282e-05,0.0
gaussian,267,gOMP,optimized,0.0002662859915290028,2.51329765887931e-05,5.1780996727757156e-05,0.00010222299897577614,3.039800503756851e-05,0.0
gaussian,268,gOMP,baseline,0.000509944002260454,2.467399463057518e-05,6.907200440764427e-05,0.00020952701743226498,4.04650199925527e-05,0.0
gaussian,268,gOMP,optimized,0.00024226300592999905,2.100499114021659e-05,5.0067988922819495e-05,9.213700832333416e-05,2.9085000278428197e-05,0.0
gaussian,269,gOMP,baseline,0.0004573319893097505,2.387598215136677e-05,6.187800318002701e-05,0.0001810460234992206,3.455200931057334e-05,0.0
gaussian,269,gOMP,optimized,0.0002250219986308366,2.037599915638566e-05,4.7179972170852125e-05,7.984897820279002e-05,2.676097210496664e-05,0.0
gaussian,270,gOMP,baseline,0.0004829340032301843,2.410900196991861e-05,6.683498213533312e-05,0.00019038601021748036,3.833096707239747e-05,0.0
gaussian,270,gOMP,optimized,0.0002507129975128919,2.4370019673369825e-05,5.3786992793902755e-05,8.956198871601373e-05,3.057398134842515e-05,0.0
gaussian,271,gOMP,baseline,0.0005320189957274124,2.603897883091122e-05,6.962400220800191e-05,0.0001982400135602802,5.819398211315274e-05,0.0
gaussian,271,gOMP,optimized,0.0002509600017219782,2.245299401693046e-05,5.024098209105432e-05,9.505498746875674e-05,3.171397838741541e-05,0.0
gaussian,272,gOMP,baseline,0.0009319670061813667,4.9883004976436496e-05,0.00017817299521993846,0.00038217900146264583,5.662701732944697e-05,0.0
gaussian,272,gOMP,optimized,0.0003371940110810101,2.20620131585747e-05,7.700998685322702e-05,0.00011860298400279135,3.276797360740602e-05,0.0
gaussian,273,gOMP,baseline,0.0005437460058601573,2.4451030185446143e-05,7.18369847163558e-05,0.00022797401470597833,4.509599239099771e-05,0.0
gaussian,273,gOMP,optimized,0.0002366459957556799,2.1163010387681425e-05,4.922699008602649e-05,8.428700675722212e-05,3.196601755917072e-05,0.0
gaussian,274,gOMP,baseline,0.0004914320015814155,2.4855005904100835e-05,6.909600051585585e-05,0.00019513998995535076,3.5797987948171794e-05,0.0
gaussian,274,gOMP,optimized,0.0002714300062507391,2.1693995222449303e-05,5.3202995331957936e-05,8.894001075532287e-05,5.06560318171978e-05,0.0
gaussian,275,gOMP,baseline,0.0005326800019247457,2.7327012503519654e-05,7.372000254690647e-05,0.00020602301810868084,3.814198134932667e-05,0.0
gaussian,275,gOMP,optimized,0.0003329479950480163,7.856701267883182e-05,6.146698433440179e-05,0.00010054200538434088,3.150197153445333e-05,0.0
gaussian,276,gOMP,baseline,0.0025930889969458804,0.00023167500330600888,0.00033782397804316133,0.0011427219869801775,0.00022698898101225495,0.0
gaussian,276,gOMP,optimized,0.0006726819992763922,7.513503078371286e-05,0.0001708499767119065,0.0002259579923702404,7.616900256834924e-05,0.0
gaussian,277,gOMP,baseline,0.000454140012152493,2.292597491759807e-05,6.273899634834379e-05,0.0001820150064304471,3.288898733444512e-05,0.0
gaussian,277,gOMP,optimized,0.0002211760001955554,2.005798160098493e-05,4.7366993385367095e-05,7.871998241171241e-05,2.6901005185209215e-05,0.0
gaussian,278,gOMP,baseline,0.0007836709992261603,4.097199416719377e-05,0.00020932299958076328,0.00025804201140999794,5.526099994312972e-05,0.0
gaussian,278,gOMP,optimized,0.00036598600854631513,3.511799150146544e-05,7.549898873548955e-05,0.0001406239898642525,4.208198515698314e-05,0.0
gaussian,279,gOMP,baseline,0.00047477999760303646,2.3925007553771138e-05,6.605997623410076e-05,0.00018905499018728733,3.7753008655272424e-05,0.0
gaussian,279,gOMP,optimized,0.0002311730058863759,1.998500374611467e-05,5.286898522172123e-05,8.289101242553443e-05,2.70799791906029e-05,0.0
gaussian,280,gOMP,baseline,0.0005533490038942546,2.5611967430450022e-05,7.279800774995238e-05,0.00021756700880359858,4.4680986320599914e-05,0.0
gaussian,280,gOMP,optimized,0.00022859299497213215,2.032700285781175e-05,4.87180077470839e-05,8.256403089035302e-05,2.885500725824386e-05,0.0
gaussian,281,gOMP,baseline,0.0004685789899667725,2.2590000298805535e-05,6.557197775691748e-05,0.0001898809859994799,3.509003727231175e-05,0.0
gaussian,281,gOMP,optimized,0.00022925699886400253,2.0086998119950294e-05,4.7887995606288314e-05,8.306000381708145e-05,2.8075999580323696e-05,0.0
gaussian,282,gOMP,baseline,0.0004810470127267763,2.371799200773239e-05,6.64970139041543e-05,0.00019339201389811933,3.541799378581345e-05,0.0
gaussian,282,gOMP,optimized,0.00023171500652097166,2.121599391102791e-05,5.066300218459219e-05,8.23250156827271e-05,2.88500013994053e-05,0.0
gaussian,283,gOMP,baseline,0.0006528410012833774,3.060301241930574e-05,8.472400077152997e-05,0.00026841298677027225,6.998800381552428e-05,0.0
gaussian,283,gOMP,optimized,0.0003004199970746413,2.9818984330631793e-05,5.63840294489637e-05,0.00012293501640670002,3.226099943276495e-05,0.0
gaussian,284,gOMP,baseline,0.0009192680008709431,4.876198363490403e-05,0.0001286530023207888,0.000350808011717163,7.719299173913896e-05,0.0
gaussian,284,gOMP,optimized,0.0004872599965892732,4.0799000998958945e-05,0.0001111990277422592,0.00016900201444514096,6.352999480441213e-05,0.0
gaussian,285,gOMP,baseline,0.0009961570031009614,4.954499308951199e-05,0.00014345796080306172,0.0003569659893400967,9.914400288835168e-05,0.0
gaussian,285,gOMP,optimized,0.0004838479944737628,4.2806961573660374e-05,0.00011418100621085614,0.00017040602688211948,6.306800059974194e-05,0.0
gaussian,286,gOMP,baseline,0.0005156850093044341,3.012597153428942e-05,7.5965013820678e-05,0.0001979899825528264,4.096201155334711e-05,0.0
gaussian,286,gOMP,optimized,0.0002626189962029457,2.6982015697285533e-05,5.411598249338567e-05,9.805100853554904e-05,3.0753028113394976e-05,0.0
gaussian,287,gOMP,baseline,0.0007523550011683255,3.894399560522288e-05,0.00010314601240679622,0.000303631997667253,6.968597881495953e-05,0.0
gaussian,287,gOMP,optimized,0.0002354159951210022,2.100203710142523e-05,4.9412992666475475e-05,8.702199556864798e-05,2.7614005375653505e-05,0.0
gaussian,288,gOMP,baseline,0.0004847550007980317,2.7595990104600787e-05,6.498798029497266e-05,0.000192674997379072,3.884600300807506e-05,0.0
gaussian,288,gOMP,optimized,0.0002583339955890551,2.3891014279797673e-05,4.966699634678662e-05,8.377699123229831e-05,2.735700400080532e-05,0.0
gaussian,289,gOMP,baseline,0.0005075670051155612,2.7418005629442632e-05,6.776797818019986e-05,0.0001924470125231892,4.7905996325425804e-05,0.0
gaussian,289,gOMP,optimized,0.0002586960035841912,2.6128007448278368e-05,5.2351009799167514e-05,9.978700836654752e-05,2.8660986572504044e-05,0.0
gaussian,290,gOMP,baseline,0.0005356589972507209,2.5363013264723122e-05,6.974201824050397e-05,0.00019849100499413908,3.661698428913951e-05,0.0
gaussian,290,gOMP,optimized,0.00025257800007238984,2.156999835278839e-05,5.52420096937567e-05,9.001701255328953e-05,2.9201997676864266e-05,0.0
gaussian,291,gOMP,baseline,0.0005903399869566783,3.1714997021481395e-05,7.755900151096284e-05,0.0002243879862362519,5.474498902913183e-05,0.0
gaussian,291,gOMP,optimized,0.00030731801234651357,4.096399061381817e-05,6.233596650417894e-05,9.737198706716299e-05,2.9903007089160383e-05,0.0
gaussian,292,gOMP,baseline,0.0005055569927208126,3.5479970392771065e-05,7.041401113383472e-05,0.00019666699517983943,3.6775003536604345e-05,0.0
gaussian,292,gOMP,optimized,0.0002476459922036156,2.101398422382772e-05,4.9833019147627056e-05,8.331402204930782e-05,2.808202407322824e-05,0.0
gaussian,293,gOMP,baseline,0.0004902600048808381,2.8687994927167892e-05,6.765499711036682e-05,0.00019040497136302292,4.1400999180041254e-05,0.0
gaussian,293,gOMP,optimized,0.0002949969930341467,3.638501220848411e-05,5.8869001804850996e-05,9.694900654722005e-05,3.224598185624927e-05,0.0
gaussian,294,gOMP,baseline,0.0008665470086270943,4.699200508184731e-05,0.0001241690042661503,0.00033215800067409873,7.601600373163819e-05,0.0
gaussian,294,gOMP,optimized,0.00046391300566028804,3.8048994611017406e-05,0.00010586901044007391,0.0001571800239617005,5.9260986745357513e-05,0.0
gaussian,295,gOMP,baseline,0.00048425600107293576,2.657501318026334e-05,6.768599268980324e-05,0.00019154802430421114,3.748197923414409e-05,0.0
gaussian,295,gOMP,optimized,0.00023140499251894653,2.3506974685005844e-05,4.8883011913858354e-05,8.262801566161215e-05,2.7453992515802383e-05,0.0
gaussian,296,gOMP,baseline,0.0005033740017097443,2.374500036239624e-05,7.778403232805431e-05,0.0002010170283028856,3.725699207279831e-05,0.0
gaussian,296,gOMP,optimized,0.00024109199875965714,2.0170031348243356e-05,4.8424029955640435e-05,8.172000525519252e-05,2.8014997951686382e-05,0.0
gaussian,297,gOMP,baseline,0.0007299099961528555,3.415301034692675e-05,0.0001005779777187854,0.0002661760081537068,5.3168972954154015e-05,0.0
gaussian,297,gOMP,optimized,0.0003329009923618287,2.6376976165920496e-05,5.8784004068002105e-05,0.0001236940297530964,3.408902557566762e-05,0.0
gaussian,298,gOMP,baseline,0.0005744460067944601,2.6711015379987657e-05,7.305297185666859e-05,0.00022681700647808611,4.048700793646276e-05,0.0
gaussian,298,gOMP,optimized,0.0002393890026723966,2.207698707934469e-05,5.158998828846961e-05,8.518897811882198e-05,2.888697781600058e-05,0.0
gaussian,299,gOMP,baseline,0.0005209989903960377,2.748699625954032e-05,7.10629828972742e-05,0.00020213700190652162,4.372598777990788e-05,0.0
gaussian,299,gOMP,optimized,0.00023474000045098364,2.4070002837106586e-05,4.863301001023501e-05,8.527899626642466e-05,2.762199437711388e-05,0.0
bernoulli,0,gOMP,baseline,0.0010076180042233318,5.197199061512947e-05,0.0001368939847452566,0.00040621701919008046,8.740999328438193e-05,0.0
bernoulli,0,gOMP,optimized,0.00046430299698840827,4.2316984036006033e-05,0.00010765899787656963,0.00016129299183376133,5.8268007705919445e-05,0.0
bernoulli,1,gOMP,baseline,0.000989099993603304,5.3023992222733796e-05,0.00014609098434448242,0.0003708840085892007,8.355600584764034e-05,0.0
bernoulli,1,gOMP,optimized,0.0005088309990242124,4.3487001676112413e-05,0.00011325597006361932,0.0001905870158225298,6.203103112056851e-05,0.0
bernoulli,2,gOMP,baseline,0.0011005150008713827,5.8182005886919796e-05,0.00018510999507270753,0.00042190701060462743,8.461897959932685e-05,0.0
bernoulli,2,gOMP,optimized,0.0006168499967316166,4.0535000152885914e-05,0.00016709898773115128,0.00020603998564183712,6.452198431361467e-05,0.0
bernoulli,3,gOMP,baseline,0.0010185629944317043,5.4548014304600656e-05,0.0001376859872834757,0.0003722649853443727,9.12950054043904e-05,0.0
bernoulli,3,gOMP,optimized,0.0004715109971584752,4.2710002162493765e-05,0.00010814701090566814,0.00016269099432975054,5.961798888165504e-05,0.0
bernoulli,4,gOMP,baseline,0.0005149610078660771,2.7433023205958307e-05,8.622099994681776e-05,0.00019140700169373304,4.2518979171290994e-05,0.0
bernoulli,4,gOMP,optimized,0.00029095700301695615,2.7875983505509794e-05,5.661899922415614e-05,8.988702029455453e-05,4.6307992306537926e-05,0.0
bernoulli,5,gOMP,baseline,0.0005130969948368147,2.5819987058639526e-05,7.407298835460097e-05,0.0001898290211101994,3.7999998312443495e-05,0.0
bernoulli,5,gOMP,optimized,0.00022354599786922336,2.037599915638566e-05,4.8276997404173017e-05,8.005701238289475e-05,2.703302016016096e-05,0.0
bernoulli,6,gOMP,baseline,0.0008739729964872822,4.672800423577428e-05,0.00012677600898314267,0.00033082300797104836,7.331097731366754e-05,0.0
bernoulli,6,gOMP,optimized,0.0005030650063417852,4.417600575834513e-05,0.00011581099533941597,0.0001742089953040704,6.387897883541882e-05,0.0
bernoulli,7,gOMP,baseline,0.0006227350095286965,3.2607000321149826e-05,9.2069007223472e-05,0.00025553999876137823,5.356900510378182e-05,0.0
bernoulli,7,gOMP,optimized,0.00025075800658669323,2.7362999389879405e-05,5.108799086883664e-05,8.987898763734847e-05,2.8816997655667365e-05,0.0
bernoulli,8,gOMP,baseline,0.0005671899998560548,2.9753005946986377e-05,7.368602382484823e-05,0.0002214190026279539,4.523196548689157e-05,0.0
bernoulli,8,gOMP,optimized,0.0002384209947194904,2.2275984520092607e-05,5.066199810244143e-05,8.663602056913078e-05,2.8781985747627914e-05,0.0
bernoulli,9,gOMP,baseline,0.0005237830046098679,2.5475004804320633e-05,7.048797851894051e-05,0.00021505402401089668,4.160100070293993e-05,0.0
bernoulli,9,gOMP,optimized,0.00023527898883912712,2.2526000975631177e-05,5.008898733649403e-05,8.487103332299739e-05,2.8023016056977212e-05,0.0
bernoulli,10,gOMP,baseline,0.000530396995600313,3.332299820613116e-05,7.310598448384553e-05,0.00020496301294770092,4.612300836015493e-05,0.0
bernoulli,10,gOMP,optimized,0.00025474000722169876,2.607399073895067e-05,5.7564975577406585e-05,9.201301145367324e-05,2.8376030968502164e-05,0.0
bernoulli,11,gOMP,baseline,0.0005288009997457266,2.6007008273154497e-05,7.009597902651876e-05,0.00022021098993718624,4.259201523382217e-05,0.0
bernoulli,11,gOMP,optimized,0.00024542398750782013,2.4070002837106586e-05,5.220802268013358e-05,8.655599958728999e-05,2.9403032385744154e-05,0.0
bernoulli,12,gOMP,baseline,0.000550619006389752,3.084700438193977e-05,8.020999666769058e-05,0.00021476800611708313,4.385698412079364e-05,0.0
bernoulli,12,gOMP,optimized,0.0002550270000938326,2.611400850582868e-05,5.0889982958324254e-05,8.96820129128173e-05,3.0879993573762476e-05,0.0
bernoulli,13,gOMP,baseline,0.0005180669977562502,2.6112000341527164e-05,7.016702147666365e-05,0.00018889200873672962,6.330801988951862e-05,0.0
bernoulli,13,gOMP,optimized,0.0002331709983991459,2.2364998585544527e-05,4.8653993871994317e-05,8.497197995893657e-05,2.774698077701032e-05,0.0
bernoulli,14,gOMP,baseline,0.0005307420069584623,4.7801018808968365e-05,7.225300942081958e-05,0.0001973930193344131,4.4536995119415224e-05,0.0
bernoulli,14,gOMP,optimized,0.000249471006100066,2.657101140357554e-05,5.0565999117679894e-05,9.008600318338722e-05,2.881497493945062e-05,0.0
bernoulli,15,gOMP,baseline,0.0010147439897991717,5.128401971887797e-05,0.00013942299119662493,0.0003976180014433339,8.746098319534212e-05,0.0
bernoulli,15,gOMP,optimized,0.0005197949940338731,4.373100819066167e-05,0.00011486497533041984,0.0001922610099427402,6.539998867083341e-05,0.0
bernoulli,16,gOMP,baseline,0.000512076003360562,2.9349015676416457e-05,7.018000178504735e-05,0.0001998959924094379,4.280700522940606e-05,0.0
bernoulli,16,gOMP,optimized,0.00024033899535425007,2.45080009335652e-05,5.0991991884075105e-05,8.518299728166312e-05,2.8430993552319705e-05,0.0
bernoulli,17,gOMP,baseline,0.0005006999999750406,2.967500768136233e-05,6.720502278767526e-05,0.00019726299797184765,4.028000694233924e-05,0.0
bernoulli,17,gOMP,optimized,0.00025429400557186455,2.389299334026873e-05,5.943200085312128e-05,8.568499470129609e-05,2.9479022487066686e-05,0.0
bernoulli,18,gOMP,baseline,0.0008983369916677475,4.954199539497495e-05,0.00012982900079805404,0.0003376760141691193,7.427499804180115e-05,0.0
bernoulli,18,gOMP,optimized,0.0005247990047791973,4.1921986849047244e-05,0.00011307398381177336,0.00019741700089070946,6.668001879006624e-05,0.0
bernoulli,19,gOMP,baseline,0.0009379069961141795,4.717199772130698e-05,0.0001360429887427017,0.0003535080177243799,7.977701898198575e-05,0.0
bernoulli,19,gOMP,optimized,0.00048362198867835104,4.139800148550421e-05,0.00010825700883287936,0.00017024300177581608,6.20500068180263e-05,0.0
bernoulli,20,gOMP,baseline,0.0009521720057819039,5.1740003982558846e-05,0.0001387790107401088,0.0003452139935689047,8.070896728895605e-05,0.0
bernoulli,20,gOMP,optimized,0.0004972820024704561,5.158099520485848e-05,0.00010856300650630146,0.00017119898984674364,6.391100760083646e-05,0.0
bernoulli,21,gOMP,baseline,0.0010337169951526448,5.119001434650272e-05,0.00016632498591206968,0.0003814830124611035,8.503900608047843e-05,0.0
bernoulli,21,gOMP,optimized,0.0004950689908582717,4.210601036902517e-05,0.00010955000470858067,0.0001809090026654303,6.017599662300199e-05,0.0
bernoulli,22,gOMP,baseline,0.0004956450138706714,2.684802166186273e-05,6.370000483002514e-05,0.00019042201165575534,3.896297130268067e-05,0.0
bernoulli,22,gOMP,optimized,0.0002332580043002963,2.4091030354611576e-05,4.947300476487726e-05,8.157799311447889e-05,2.7678004698827863e-05,0.0
bernoulli,23,gOMP,baseline,0.0004699540004367009,2.3604996385984123e-05,6.305899296421558e-05,0.00018817797536030412,3.7479010643437505e-05,0.0
bernoulli,23,gOMP,optimized,0.00025326300237793475,2.2823005565442145e-05,5.499400140251964e-05,8.670000534038991e-05,2.9001996153965592e-05,0.0
bernoulli,24,gOMP,baseline,0.000499424000736326,2.8488007956184447e-05,6.504199700430036e-05,0.00018414798250887543,4.058999184053391e-05,0.0
bernoulli,24,gOMP,optimized,0.00023809199046809226,2.584399771876633e-05,5.076199886389077e-05,8.351798169314861e-05,2.6769994292408228e-05,0.0
bernoulli,25,gOMP,baseline,0.000463517993921414,2.2913984139449894e-05,6.311899051070213e-05,0.0001874759909696877,3.530400863382965e-05,0.0
bernoulli,25,gOMP,optimized,0.00022608600556850433,2.1198997274041176e-05,4.7965964768081903e-05,8.138699922710657e-05,2.745899837464094e-05,0.0
bernoulli,26,gOMP,baseline,0.0005190090014366433,2.7327012503519654e-05,6.884399044793099e-05,0.00021524701151065528,4.151000757701695e-05,0.0
bernoulli,26,gOMP,optimized,0.00023267600045073777,2.368602144997567e-05,4.821100446861237e-05,8.293702558148652e-05,2.7429996407590806e-05,0.0
bernoulli,27,gOMP,baseline,0.0004539319925243035,2.289701660629362e-05,6.107799708843231e-05,0.0001830260007409379,3.410801582504064e-05,0.0
bernoulli,27,gOMP,optimized,0.00022821100719738752,2.1058018319308758e-05,4.7429013648070395e-05,8.500801050104201e-05,2.717202005442232e-05,0.0
bernoulli,28,gOMP,baseline,0.0009926950006047264,5.062401760369539e-05,0.00013234400830697268,0.0003791619965340942,8.297299791593105e-05,0.0
bernoulli,28,gOMP,optimized,0.0004723759921034798,4.160095704719424e-05,0.00010831600229721516,0.00016467997920699418,5.980099376756698e-05,0.0
bernoulli,29,gOMP,baseline,0.0009360090043628588,4.683902079705149e-05,0.00014237900904845446,0.0003576929884729907,7.830702816136181e-05,0.0
bernoulli,29,gOMP,optimized,0.0005126130126882344,4.042999353259802e-05,0.00011197099229320884,0.00020180299179628491,6.1008991906419396e-05,0.0
bernoulli,30,gOMP,baseline,0.0004859809996560216,2.5332992663607e-05,6.785397999919951e-05,0.00019078899640589952,3.661101800389588e-05,0.0
bernoulli,30,gOMP,optimized,0.00022615600028075278,2.0404986571520567e-05,4.8618006985634565e-05,8.1061982200481e-05,2.7021000278182328e-05,0.0
bernoulli,31,gOMP,baseline,0.001174348988570273,6.501900497823954e-05,0.00021564998314715922,0.0004179179959464818,0.00014889801968820393,0.0
bernoulli,31,gOMP,optimized,0.0002701210032682866,2.7953035896643996e-05,5.5603013606742024e-05,9.96229937300086e-05,3.0740993679501116e-05,0.0
bernoulli,32,gOMP,baseline,0.0005085989978397265,2.5273984647355974e-05,6.87040010234341e-05,0.00020876100461464375,4.2454019421711564e-05,0.0
bernoulli,32,gOMP,optimized,0.00022910299594514072,2.292401040904224e-05,4.6703004045411944e-05,8.285000512842089e-05,2.7552014216780663e-05,0.0
bernoulli,33,gOMP,baseline,0.0009668330021668226,5.000199598725885e-05,0.00015728599100839347,0.0003614119777921587,8.209500811062753e-05,0.0
bernoulli,33,gOMP,optimized,0.00048040199908427894,4.139899101573974e-05,0.00010928099800366908,0.00016360700828954577,6.635603494942188e-05,0.0
bernoulli,34,gOMP,baseline,0.0005211029929341748,2.8447015210986137e-05,7.329802610911429e-05,0.0001935649779625237,4.173198249191046e-05,0.0
bernoulli,34,gOMP,optimized,0.00023421099467668682,2.3131011403165758e-05,4.894498852081597e-05,8.499399700667709e-05,2.8665977879427373e-05,0.0
bernoulli,35,gOMP,baseline,0.0006037069979356602,2.990900247823447e-05,0.00012322601105552167,0.00022192300821188837,4.909299605060369e-05,0.0
bernoulli,35,gOMP,optimized,0.0002436099894111976,2.4959997972473502e-05,5.1230963435955346e-05,8.77190032042563e-05,2.8342983569018543e-05,0.0
bernoulli,36,gOMP,baseline,0.000551049000932835,2.4548018700443208e-05,7.483200170099735e-05,0.0002121569705195725,4.2171988752670586e-05,0.0
bernoulli,36,gOMP,optimized,0.0002239159948658198,2.04290117835626e-05,4.788600199390203e-05,8.064699068199843e-05,2.7403002604842186e-05,0.0
bernoulli,37,gOMP,baseline,0.0013444299984257668,6.969500100240111e-05,0.00024459700216539204,0.0004243709845468402,0.00016013099229894578,0.0
bernoulli,37,gOMP,optimized,0.0002617739955894649,2.670501999091357e-05,5.58660103706643e-05,9.419600246474147e-05,2.816098276525736e-05,0.0
bernoulli,38,gOMP,baseline,0.000483413998153992,2.9556016670539975e-05,6.536902219522744e-05,0.00018900999566540122,4.182000702712685e-05,0.0
bernoulli,38,gOMP,optimized,0.0002609899966046214,2.2999985958449543e-05,4.800998431164771e-05,8.485699072480202e-05,4.5317006879486144e-05,0.0
bernoulli,39,gOMP,baseline,0.00047912100853864104,2.85319983959198e-05,6.452802335843444e-05,0.000190767997992225,3.8516984204761684e-05,0.0
bernoulli,39,gOMP,optimized,0.00022962399816606194,2.5361005100421607e-05,4.6599991037510335e-05,8.132903894875199e-05,2.7645015507005155e-05,0.0
bernoulli,40,gOMP,baseline,0.00047767499927431345,2.788001438602805e-05,6.80290104355663e-05,0.00018747900321613997,3.98330157622695e-05,0.0
bernoulli,40,gOMP,optimized,0.0002330069983145222,2.4665016098879278e-05,4.965100379195064e-05,8.246600918937474e-05,2.7734015020541847e-05,0.0
bernoulli,41,gOMP,baseline,0.0005050949985161424,2.710999979171902e-05,6.776300142519176e-05,0.0001997609797399491,4.0696977521292865e-05,0.0
bernoulli,41,gOMP,optimized,0.000263316003838554,2.492599014658481e-05,6.633299926761538e-05,8.925602014642209e-05,3.0010996852070093e-05,0.0
bernoulli,42,gOMP,baseline,0.0009684230026323348,5.047499143984169e-05,0.00014252700202632695,0.00034137198235839605,7.911199645604938e-05,0.0
bernoulli,42,gOMP,optimized,0.000541180997970514,4.4798958697356284e-05,0.00013561200466938317,0.00018426099268253893,6.841002323199064e-05,0.0
bernoulli,43,gOMP,baseline,0.0009088090009754524,4.651299968827516e-05,0.0001338840083917603,0.0003431719815125689,7.677297980990261e-05,0.0
bernoulli,43,gOMP,optimized,0.00048054399667307734,4.107000131625682e-05,0.00012852699728682637,0.00015735102351754904,5.88349939789623e-05,0.0
bernoulli,44,gOMP,baseline,0.001142928987974301,5.440000677481294e-05,0.00021414700313471258,0.0004264560266165063,8.91330128069967e-05,0.0
bernoulli,44,gOMP,optimized,0.0004907739930786192,4.1634004446677864e-05,0.00011130201164633036,0.00017499300884082913,6.413897790480405e-05,0.0
bernoulli,45,gOMP,baseline,0.0009282889950554818,5.0763977924361825e-05,0.00013244300498627126,0.00035564198333304375,7.791200187057257e-05,0.0
bernoulli,45,gOMP,optimized,0.0004926340043311939,5.3764990298077464e-05,0.00011682497279252857,0.00016601401148363948,5.862303078174591e-05,0.0
bernoulli,46,gOMP,baseline,0.0009596940071787685,4.703699960373342e-05,0.00015871701180003583,0.0003594390000216663,7.69669859437272e-05,0.0
bernoulli,46,gOMP,optimized,0.0005134090024512261,4.172499757260084e-05,0.00014159300189930946,0.00016934498853515834,6.202000076882541e-05,0.0
bernoulli,47,gOMP,baseline,0.000711358996341005,2.7687012334354222e-05,6.698099605273455e-05,0.00029036597697995603,4.587000876199454e-05,0.0
bernoulli,47,gOMP,optimized,0.0007573689945274964,6.813599611632526e-05,0.00019414800044614822,0.0002542409929446876,0.00010262698924634606,0.0
bernoulli,48,gOMP,baseline,0.0005488239985425025,2.680400211829692e-05,9.338700328953564e-05,0.0002072810020763427,4.093699681106955e-05,0.0
bernoulli,48,gOMP,optimized,0.00024685899552423507,2.226099604740739e-05,4.9686001148074865e-05,9.750001481734216e-05,2.80920066870749e-05,0.0
bernoulli,49,gOMP,baseline,0.0004778050060849637,2.8274982469156384e-05,6.456799746956676e-05,0.00019022601190954447,3.844397724606097e-05,0.0
bernoulli,49,gOMP,optimized,0.0002849189913831651,3.812497016042471e-05,6.920998566783965e-05,8.906400762498379e-05,2.873800985980779e-05,0.0
bernoulli,50,gOMP,baseline,0.0004691799986176193,2.3203014279715717e-05,6.682798266410828e-05,0.00018809000903274864,3.456001286394894e-05,0.0
bernoulli,50,gOMP,optimized,0.0002201409952249378,2.036799560301006e-05,4.719301068689674e-05,7.86949967732653e-05,2.6455032639205456e-05,0.0
bernoulli,51,gOMP,baseline,0.0005276010051602498,2.9942981200292706e-05,7.423698843922466e-05,0.00019739600247703493,4.089299181941897e-05,0.0
bernoulli,51,gOMP,optimized,0.00023493000480812043,2.403299731668085e-05,4.959598300047219e-05,8.301199704874307e-05,2.8395021217875183e-05,0.0
bernoulli,52,gOMP,baseline,0.000479212001664564,2.4536013370379806e-05,6.660999497398734e-05,0.00019123501260764897,3.692900645546615e-05,0.0
bernoulli,52,gOMP,optimized,0.00023932100157253444,2.0462000975385308e-05,4.944298416376114e-05,8.418801007792354e-05,2.8354988899081945e-05,0.0
bernoulli,53,gOMP,baseline,0.0005153279926162213,3.1613017199561e-05,7.076300971675664e-05,0.00020012199820484966,4.5760985813103616e-05,0.0
bernoulli,53,gOMP,optimized,0.0002456330112181604,2.407797728665173e-05,5.606000195257366e-05,8.608000644017011e-05,2.7551010134629905e-05,0.0
bernoulli,54,gOMP,baseline,0.0005070810002507642,3.288401057943702e-05,6.810500053688884e-05,0.00018775800708681345,4.232701030559838e-05,0.0
bernoulli,54,gOMP,optimized,0.00022964600066188723,2.4381006369367242e-05,4.7690002247691154e-05,8.195900591090322e-05,2.7672984288074076e-05,0.0
bernoulli,55,gOMP,baseline,0.0006388329929905012,3.779101825784892e-05,8.646097558084875e-05,0.0002182769967475906,5.417999636847526e-05,0.0
bernoulli,55,gOMP,optimized,0.0002719369949772954,2.6263034669682384e-05,5.691198748536408e-05,9.693099127616733e-05,3.228697460144758e-05,0.0
bernoulli,56,gOMP,baseline,0.0007162780093494803,8.426501881331205e-05,9.85260121524334e-05,0.00024937899434007704,7.720201392658055e-05,0.0
bernoulli,56,gOMP,optimized,0.0002778670022962615,2.510400372557342e-05,6.315697100944817e-05,0.00010114599717780948,3.082901821471751e-05,0.0
bernoulli,57,gOMP,baseline,0.00047940900549292564,2.7750007575377822e-05,6.473799294326454e-05,0.0001838160096667707,3.867501800414175e-05,0.0
bernoulli,57,gOMP,optimized,0.0002274470025440678,2.4758977815508842e-05,4.808699304703623e-05,8.006200368981808e-05,2.6844005333259702e-05,0.0
bernoulli,58,gOMP,baseline,0.00045685000077355653,2.5034998543560505e-05,6.250299338717014e-05,0.0001793460251064971,3.5053002648055553e-05,0.0
bernoulli,58,gOMP,optimized,0.00028472299163695425,2.2428022930398583e-05,5.196301208343357e-05,0.00012421899009495974,3.325102443341166e-05,0.0
bernoulli,59,gOMP,baseline,0.0005330709973350167,2.9083967092446983e-05,7.11379834683612e-05,0.00021697202464565635,4.557899956125766e-05,0.0
bernoulli,59,gOMP,optimized,0.0002609850052976981,2.8530979761853814e-05,5.451601464301348e-05,9.261698869522661e-05,3.136800660286099e-05,0.0
bernoulli,60,gOMP,baseline,0.0005389449943322688,3.099600144196302e-05,7.104901305865496e-05,0.0002196500136051327,4.419100878294557e-05,0.0
bernoulli,60,gOMP,optimized,0.00023096200311556458,2.0970008336007595e-05,4.925299435853958e-05,8.340200292877853e-05,2.763001248240471e-05,0.0
bernoulli,61,gOMP,baseline,0.0008487389859510586,0.00012686901027336717,0.00015727900608908385,0.0002517469984013587,6.864299939479679e-05,0.0
bernoulli,61,gOMP,optimized,0.0003054000117117539,3.109699173364788e-05,6.384000880643725e-05,0.00011180397996213287,3.472201933618635e-05,0.0
bernoulli,62,gOMP,baseline,0.0005283880018396303,2.502302231732756e-05,7.086001278366894e-05,0.00022038098541088402,4.132198228035122e-05,0.0
bernoulli,62,gOMP,optimized,0.00026865399559028447,3.4639015211723745e-05,5.8128993259742856e-05,9.136398148257285e-05,3.040299634449184e-05,0.0
bernoulli,63,gOMP,baseline,0.0005282700003590435,2.9408009140752256e-05,7.592201291117817e-05,0.00019987502309959382,4.119200457353145e-05,0.0
bernoulli,63,gOMP,optimized,0.0002517380053177476,2.6154026272706687e-05,5.2149000111967325e-05,8.659799641463906e-05,3.012402157764882e-05,0.0
bernoulli,64,gOMP,baseline,0.0004878719919361174,2.5392990210093558e-05,6.728700827807188e-05,0.00019429399981163442,4.000800254289061e-05,0.0
bernoulli,64,gOMP,optimized,0.0002786210097838193,2.506899181753397e-05,5.7227021898142993e-05,9.44519997574389e-05,3.19270184263587e-05,0.0
bernoulli,65,gOMP,baseline,0.0005195660050958395,3.0444993171840906e-05,7.445701339747757e-05,0.00020149200281593949,4.2728992411866784e-05,0.0
bernoulli,65,gOMP,optimized,0.00024985900381579995,2.6159992557950318e-05,5.1319002523086965e-05,8.89209914021194e-05,3.0287017580121756e-05,0.0
bernoulli,66,gOMP,baseline,0.0005202479951549321,2.6420995709486306e-05,7.105899567250162e-05,0.00020027603022754192,3.8825019146315753e-05,0.0
bernoulli,66,gOMP,optimized,0.00023500299721490592,2.0683975890278816e-05,4.935299511998892e-05,8.524999429937452e-05,2.899098035413772e-05,0.0
bernoulli,67,gOMP,baseline,0.000604458007728681,3.012499655596912e-05,8.502302807755768e-05,0.00022024002100806683,7.994200859684497e-05,0.0
bernoulli,67,gOMP,optimized,0.00024181899789255112,2.5525980163365602e-05,5.073701322544366e-05,8.515203080605716e-05,2.9095972422510386e-05,0.0
bernoulli,68,gOMP,baseline,0.0005130520003149286,2.682699414435774e-05,6.883199966978282e-05,0.00019314902601763606,3.826199099421501e-05,0.0
bernoulli,68,gOMP,optimized,0.000336192999384366,7.322899182327092e-05,6.560298788826913e-05,0.00010542098607402295,3.359300899319351e-05,0.0
bernoulli,69,gOMP,baseline,0.0004893690056633204,2.7322006644681096e-05,6.70790032017976e-05,0.00019378399883862585,3.805597953032702e-05,0.0
bernoulli,69,gOMP,optimized,0.00027076499827671796,2.6096997316926718e-05,5.5302007240243256e-05,9.379500988870859e-05,2.93560151476413e-05,0.0
bernoulli,70,gOMP,baseline,0.0005042690027039498,2.5484987418167293e-05,7.098795322235674e-05,0.00020226300694048405,3.82809666916728e-05,0.0
bernoulli,70,gOMP,optimized,0.00024435200612060726,2.2064996301196516e-05,5.182999302633107e-05,8.883298141881824e-05,2.937100362032652e-05,0.0
bernoulli,71,gOMP,baseline,0.0007744430040474981,4.0885977796278894e-05,0.00010768402717076242,0.00029677800193894655,7.516599725931883e-05,0.0
bernoulli,71,gOMP,optimized,0.000273512996500358,2.6183988666161895e-05,5.313000292517245e-05,9.025399049278349e-05,2.9315997380763292e-05,0.0
bernoulli,72,gOMP,baseline,0.0005107780016260222,2.5290995836257935e-05,6.585301889572293e-05,0.00021563199697993696,4.1745981434360147e-05,0.0
bernoulli,72,gOMP,optimized,0.00024466399918310344,2.7749963919632137e-05,5.180598236620426e-05,8.247299410868436e-05,2.8959999326616526e-05,0.0
bernoulli,73,gOMP,baseline,0.000510686993948184,2.8673981432802975e-05,6.704000406898558e-05,0.0002085960004478693,4.4945001718588173e-05,0.0
bernoulli,73,gOMP,optimized,0.0002731380081968382,2.6393987354822457e-05,7.00899981893599e-05,9.195900929626077e-05,3.0064984457567334e-05,0.0
bernoulli,74,gOMP,baseline,0.000497522996738553,2.4528009817004204e-05,7.276001269929111e-05,0.0001985300041269511,3.744801506400108e-05,0.0
bernoulli,74,gOMP,optimized,0.00023055299243424088,2.041198604274541e-05,4.781202005688101e-05,8.59569845488295e-05,2.767000114545226e-05,0.0
bernoulli,75,gOMP,baseline,0.0005222929903538898,2.787601260934025e-05,7.033499423414469e-05,0.00021221701172180474,4.362300387583673e-05,0.0
bernoulli,75,gOMP,optimized,0.000238503998843953,2.4070002837106586e-05,4.9492999096401036e-05,8.802396769169718e-05,2.6890993467532098e-05,0.0
bernoulli,76,gOMP,baseline,0.000524683011462912,2.6671012165024877e-05,6.937200669199228e-05,0.00019559900101739913,3.9121005102060735e-05,0.0
bernoulli,76,gOMP,optimized,0.00022896598966326565,2.0258987206034362e-05,4.785200871992856e-05,8.236600842792541e-05,2.7493995730765164e-05,0.0
bernoulli,77,gOMP,baseline,0.00047598501259926707,3.026801277883351e-05,6.511798710562289e-05,0.00018434399680700153,4.043700755573809e-05,0.0
bernoulli,77,gOMP,optimized,0.00025039199681486934,2.8135997126810253e-05,5.2933013648726046e-05,8.693398558534682e-05,2.9489994631148875e-05,0.0
bernoulli,78,gOMP,baseline,0.0008880370005499572,4.923900996800512e-05,0.0001319930306635797,0.0003286560095148161,7.829001697245985e-05,0.0
bernoulli,78,gOMP,optimized,0.000561043998459354,4.495598841458559e-05,0.00013250799383968115,0.00019316398538649082,6.890197983011603e-05,0.0
bernoulli,79,gOMP,baseline,0.000940618003369309,5.3419003961607814e-05,0.00013979800860397518,0.000342695988365449,8.161099685821682e-05,0.0
bernoulli,79,gOMP,optimized,0.00048467300075571984,4.399902536533773e-05,0.00011435599299147725,0.00016195297939702868,6.393599323928356e-05,0.0
bernoulli,80,gOMP,baseline,0.0010807689977809787,5.7801007642410696e-05,0.00015673998859710991,0.00038848801341373473,9.027398482430726e-05,0.0
bernoulli,80,gOMP,optimized,0.0005336419999366626,4.357399302534759e-05,0.00013538099301513284,0.00017972601926885545,6.617799226660281e-05,0.0
bernoulli,81,gOMP,baseline,0.0005658180016325787,3.247903077863157e-05,7.625999569427222e-05,0.00022910097322892398,4.375800199341029e-05,0.0
bernoulli,81,gOMP,optimized,0.0002574620011728257,2.5562025257386267e-05,5.2849005442112684e-05,8.844802505336702e-05,2.8637005016207695e-05,0.0
bernoulli,82,gOMP,baseline,0.0005108760087750852,2.7989037334918976e-05,8.145501487888396e-05,0.00019088397675659508,3.890499647241086e-05,0.0
bernoulli,82,gOMP,optimized,0.00022830399393569678,2.451601903885603e-05,4.821800393983722e-05,8.112803334370255e-05,2.6830995921045542e-05,0.0
bernoulli,83,gOMP,baseline,0.0004901710053673014,2.3061016690917313e-05,6.674601172562689e-05,0.00018477701814845204,3.5172997741028666e-05,0.0
bernoulli,83,gOMP,optimized,0.00023606901231687516,2.0895007764920592e-05,5.1511015044525266e-05,8.556498505640775e-05,2.771000436041504e-05,0.0
bernoulli,84,gOMP,baseline,0.0005337100010365248,2.924998989328742e-05,7.137501961551607e-05,0.00021721699158661067,4.2687024688348174e-05,0.0
bernoulli,84,gOMP,optimized,0.00023740000324323773,2.5483008357696235e-05,5.1161026931367815e-05,8.382298983633518e-05,2.77079816441983e-05,0.0
bernoulli,85,gOMP,baseline,0.0005134569946676493,3.1014991691336036e-05,6.843901064712554e-05,0.00019642701954580843,4.602398257702589e-05,0.0
bernoulli,85,gOMP,optimized,0.0004394449933897704,3.863801248371601e-05,8.919999527279288e-05,0.00015092399553395808,7.804902270436287e-05,0.0
bernoulli,86,gOMP,baseline,0.0009501320018898696,5.115900421515107e-05,0.00015234999591484666,0.0003421889850869775,7.986300624907017e-05,0.0
bernoulli,86,gOMP,optimized,0.0005069579929113388,4.572799662128091e-05,0.00011215599079150707,0.00017001900414470583,7.752899546176195e-05,0.0
bernoulli,87,gOMP,baseline,0.0009142780036199838,4.776498826686293e-05,0.00012994198186788708,0.00034628900175448507,8.129597699735314e-05,0.0
bernoulli,87,gOMP,optimized,0.00048163800965994596,4.127301508560777e-05,0.00011089598410762846,0.00017044499691110104,6.275999476201832e-05,0.0
bernoulli,88,gOMP,baseline,0.0009325749997515231,5.201999738346785e-05,0.00015110299864318222,0.00033687100221868604,8.119600533973426e-05,0.0
bernoulli,88,gOMP,optimized,0.0004893970035482198,4.278500273358077e-05,0.00011494201316963881,0.0001685370079940185,6.165201193653047e-05,0.0
bernoulli,89,gOMP,baseline,0.0010505429963814095,5.139998393133283e-05,0.00016353400133084506,0.0004107799904886633,9.517400758340955e-05,0.0
bernoulli,89,gOMP,optimized,0.0005277059972286224,4.1937018977478147e-05,0.00011173103121109307,0.0001837139716371894,6.56979827908799e-05,0.0
bernoulli,90,gOMP,baseline,0.0008525870071025565,4.660199920181185e-05,0.00015922699822112918,0.0003290870226919651,6.443301390390843e-05,0.0
bernoulli,90,gOMP,optimized,0.00030165100179146975,2.729498373810202e-05,5.5701995734125376e-05,0.00010681101412046701,3.201200161129236e-05,0.0
bernoulli,91,gOMP,baseline,0.000535445986315608,3.030398511327803e-05,7.251602073665708e-05,0.0001991170138353482,4.208202881272882e-05,0.0
bernoulli,91,gOMP,optimized,0.0002906809968408197,2.3799017071723938e-05,5.633699765894562e-05,0.00012033998791594058,3.529603418428451e-05,0.0
bernoulli,92,gOMP,baseline,0.0005715330044040456,2.911100455094129e-05,8.732099377084523e-05,0.00021567899966612458,5.6528981076553464e-05,0.0
bernoulli,92,gOMP,optimized,0.0003028619976248592,3.139000909868628e-05,5.946998135186732e-05,9.548502566758543e-05,5.7365017710253596e-05,0.0
bernoulli,93,gOMP,baseline,0.0005422569956863299,2.848199801519513e-05,7.198100502137095e-05,0.00022168800933286548,4.6088011004030704e-05,0.0
bernoulli,93,gOMP,optimized,0.00026455000624991953,3.419000131543726e-05,5.477099330164492e-05,9.147496894001961e-05,3.0968032660894096e-05,0.0
bernoulli,94,gOMP,baseline,0.0007841039914637804,0.00014877600187901407,0.00010371097596362233,0.00023667402274440974,4.929998249281198e-05,0.0
bernoulli,94,gOMP,optimized,0.0002642370091052726,2.8951995773240924e-05,5.7388999266549945e-05,9.025001781992614e-05,2.9654023819603026e-05,0.0
bernoulli,95,gOMP,baseline,0.00048796199553180486,2.566998591646552e-05,6.744601705577224e-05,0.00019336699915584177,3.9574006223119795e-05,0.0
bernoulli,95,gOMP,optimized,0.00028867399669252336,2.4703986127860844e-05,5.2548013627529144e-05,0.00012148600944783539,3.438199928496033e-05,0.0
bernoulli,96,gOMP,baseline,0.0005325750098563731,3.063902840949595e-05,8.062498818617314e-05,0.00019697402603924274,4.2438958189450204e-05,0.0
bernoulli,96,gOMP,optimized,0.00023540700203739107,2.7097004931420088e-05,4.839799657929689e-05,8.278898894786835e-05,2.8364971512928605e-05,0.0
bernoulli,97,gOMP,baseline,0.0010343239991925657,4.9547976232133806e-05,0.00015313700714614242,0.0003964059869758785,8.412401075474918e-05,0.0
bernoulli,97,gOMP,optimized,0.0004636060039047152,3.901199670508504e-05,0.00010524400568101555,0.00016637402586638927,6.057298742234707e-05,0.0
bernoulli,98,gOMP,baseline,0.0005790680006612092,3.762599953915924e-05,9.143298666458577e-05,0.000208705008844845,5.583900201600045e-05,0.0
bernoulli,98,gOMP,optimized,0.0002956930111395195,3.101599577348679e-05,6.209498678799719e-05,0.0001070420112228021,4.3409992940723896e-05,0.0
bernoulli,99,gOMP,baseline,0.0005297930038068444,2.809699799399823e-05,8.720699406694621e-05,0.00019833201076835394,4.6738990931771696e-05,0.0
bernoulli,99,gOMP,optimized,0.00023677799617871642,2.2011008695699275e-05,4.998898657504469e-05,8.319901826325804e-05,2.763399970717728e-05,0.0
bernoulli,100,gOMP,baseline,0.0005418739892775193,2.7725007385015488e-05,7.660800474695861e-05,0.00020953701459802687,4.436401650309563e-05,0.0
bernoulli,100,gOMP,optimized,0.0002639299927977845,2.5761983124539256e-05,5.264898936729878e-05,0.00010000099427998066,3.0172988772392273e-05,0.0
bernoulli,101,gOMP,baseline,0.0004889219999313354,2.4958993890322745e-05,7.10400054231286e-05,0.0001937309862114489,3.586702223401517e-05,0.0
bernoulli,101,gOMP,optimized,0.0002444200072204694,2.719803887885064e-05,4.992600588593632e-05,8.739001350477338e-05,2.7739981305785477e-05,0.0
bernoulli,102,gOMP,baseline,0.0005126710020704195,2.6828987756744027e-05,7.065798854455352e-05,0.00019586901180446148,3.881801967509091e-05,0.0
bernoulli,102,gOMP,optimized,0.00022881400946062058,2.0958003005944192e-05,4.70109807793051e-05,8.20409768493846e-05,2.77749786619097e-05,0.0
bernoulli,103,gOMP,baseline,0.0005734849983127788,2.8839000151492655e-05,7.887801621109247e-05,0.00023276401043403894,4.756600537803024e-05,0.0
bernoulli,103,gOMP,optimized,0.0002509559999452904,2.3265019990503788e-05,5.3400988690555096e-05,9.16450226213783e-05,2.9318995075300336e-05,0.0
bernoulli,104,gOMP,baseline,0.0005265709914965555,2.819100336637348e-05,7.184800051618367e-05,0.00020909198792651296,4.0753016946837306e-05,0.0
bernoulli,104,gOMP,optimized,0.00026387399702798575,2.582601155154407e-05,5.406397394835949e-05,9.079297888092697e-05,4.035800520796329e-05,0.0
bernoulli,105,gOMP,baseline,0.0004702669975813478,2.4761000531725585e-05,6.83570106048137e-05,0.0001869789994088933,3.549002576619387e-05,0.0
bernoulli,105,gOMP,optimized,0.0002429790038149804,2.2078980691730976e-05,5.1391005399636924e-05,8.569401688873768e-05,2.8695998480543494e-05,0.0
bernoulli,106,gOMP,baseline,0.0009632470028009266,4.818600427825004e-05,0.00016523197700735182,0.00036079199344385415,7.850700058043003e-05,0.0
bernoulli,106,gOMP,optimized,0.00045502401189878583,3.7255987990647554e-05,0.00011122901923954487,0.00015909397916402668,5.6379009038209915e-05,0.0
bernoulli,107,gOMP,baseline,0.0004913599987048656,2.624800254125148e-05,6.910398951731622e-05,0.00019350001821294427,3.9574006223119795e-05,0.0
bernoulli,107,gOMP,optimized,0.0002509579935576767,2.4716995540075004e-05,5.8186997193843126e-05,8.758800686337054e-05,2.9055008781142533e-05,0.0
bernoulli,108,gOMP,baseline,0.0005064150027465075,2.5904999347403646e-05,7.358400034718215e-05,0.00020343600772321224,4.102698585484177e-05,0.0
bernoulli,108,gOMP,optimized,0.0002515520027372986,2.951703208964318e-05,5.2781993872486055e-05,8.919098763726652e-05,2.935799420811236e-05,0.0
bernoulli,109,gOMP,baseline,0.000511274003656581,3.091998223681003e-05,7.205698057077825e-05,0.00019556301413103938,4.1207982576452196e-05,0.0
bernoulli,109,gOMP,optimized,0.0003106869990006089,2.5823988835327327e-05,6.971000402700156e-05,0.00010739598656073213,3.214699972886592e-05,0.0
bernoulli,110,gOMP,baseline,0.0004736749979201704,2.4514010874554515e-05,6.37200428172946e-05,0.00018833900685422122,3.76559910364449e-05,0.0
bernoulli,110,gOMP,optimized,0.00023954999051056802,2.360102371312678e-05,4.7725014155730605e-05,9.137601591646671e-05,2.8281036065891385e-05,0.0
bernoulli,111,gOMP,baseline,0.00047447301039937884,2.3828004486858845e-05,6.698000652249902e-05,0.00018962599278893322,3.6981015000492334e-05,0.0
bernoulli,111,gOMP,optimized,0.00022402399918064475,2.0592022337950766e-05,4.702899605035782e-05,8.183201134670526e-05,2.7086003683507442e-05,0.0
bernoulli,112,gOMP,baseline,0.000460658993688412,2.4726992705836892e-05,6.27759873168543e-05,0.0001819800236262381,3.682100214064121e-05,0.0
bernoulli,112,gOMP,optimized,0.00022349899518303573,2.2140011424198747e-05,4.7913999878801405e-05,7.952998566906899e-05,2.706197847146541e-05,0.0
bernoulli,113,gOMP,baseline,0.0005737840110668913,2.6892972528003156e-05,0.00011126499157398939,0.00021410398767329752,4.503600939642638e-05,0.0
bernoulli,113,gOMP,optimized,0.00024185700749512762,2.1220999769866467e-05,5.2162009524181485e-05,8.916101069189608e-05,2.9008006094954908e-05,0.0
bernoulli,114,gOMP,baseline,0.0005412900063674897,2.8035006835125387e-05,7.365598867181689e-05,0.00021964700135868043,4.3899010051973164e-05,0.0
bernoulli,114,gOMP,optimized,0.0002589350042399019,2.1926985937170684e-05,5.823100218549371e-05,9.25759959500283e-05,2.9344024369493127e-05,0.0
bernoulli,115,gOMP,baseline,0.0004976350028300658,2.7431975468061864e-05,6.465300975833088e-05,0.000197472982108593,4.208098107483238e-05,0.0
bernoulli,115,gOMP,optimized,0.000299872990581207,2.861701068468392e-05,7.698900299146771e-05,9.992900595534593e-05,3.345200093463063e-05,0.0
bernoulli,116,gOMP,baseline,0.0005339960043784231,2.687601954676211e-05,7.757099228911102e-05,0.00020641899027395993,4.087301203981042e-05,0.0
bernoulli,116,gOMP,optimized,0.00024212499556597322,2.107101317960769e-05,5.0542992539703846e-05,9.14830161491409e-05,2.7906004106625915e-05,0.0
bernoulli,117,gOMP,baseline,0.0005699820030713454,3.257302159909159e-05,7.85020092735067e-05,0.00020706398936454207,4.668299516197294e-05,0.0
bernoulli,117,gOMP,optimized,0.00026403600350022316,2.487099845893681e-05,5.124098970554769e-05,9.762600529938936e-05,3.4075972507707775e-05,0.0
bernoulli,118,gOMP,baseline,0.0005387089913710952,2.8511029086075723e-05,7.401197217404842e-05,0.00022124600945971906,4.6150991693139076e-05,0.0
bernoulli,118,gOMP,optimized,0.0002592490054666996,2.2299995180219412e-05,4.978801007382572e-05,8.296001760754734e-05,2.7873014914803207e-05,0.0
bernoulli,119,gOMP,baseline,0.0005228859954513609,2.8857975848950446e-05,7.569497392978519e-05,0.0002044720167759806,4.01010038331151e-05,0.0
bernoulli,119,gOMP,optimized,0.00029133800126146525,2.4343011318705976e-05,7.273700612131506e-05,9.870197391137481e-05,3.316401853226125e-05,0.0
bernoulli,120,gOMP,baseline,0.0005036169895902276,2.4164997739717364e-05,6.543197378050536e-05,0.00020470100571401417,4.2821018723770976e-05,0.0
bernoulli,120,gOMP,optimized,0.00025578599888831377,2.2801978047937155e-05,5.793102900497615e-05,8.783998782746494e-05,2.886701258830726e-05,0.0
bernoulli,121,gOMP,baseline,0.0007352899992838502,4.643599095288664e-05,0.00016319099813699722,0.00025617299252189696,5.641300231218338e-05,0.0
bernoulli,121,gOMP,optimized,0.00028470699908211827,2.3725995561107993e-05,7.208800525404513e-05,0.00010089600982610136,3.0673021683469415e-05,0.0
bernoulli,122,gOMP,baseline,0.000457033995189704,2.5435976567678154e-05,6.266201671678573e-05,0.00018001202261075377,3.774602373596281e-05,0.0
bernoulli,122,gOMP,optimized,0.0002852420002454892,2.285699883941561e-05,5.633798718918115e-05,0.00011524598812684417,3.458898572716862e-05,0.0
bernoulli,123,gOMP,baseline,0.0005402890092227608,2.492500061634928e-05,7.380898750852793e-05,0.00022810298833064735,4.6734974603168666e-05,0.0
bernoulli,123,gOMP,optimized,0.00024350300373043865,2.3757980670779943e-05,5.023101402912289e-05,9.002600563690066e-05,2.9350994736887515e-05,0.0
bernoulli,124,gOMP,baseline,0.0004904739907942712,2.6969006285071373e-05,7.895201270002872e-05,0.00018850497144740075,3.8717989809811115e-05,0.0
bernoulli,124,gOMP,optimized,0.000248180003836751,2.3900996893644333e-05,5.155701364856213e-05,9.442000009585172e-05,2.7722999220713973e-05,0.0
bernoulli,125,gOMP,baseline,0.0009708259894978255,5.0781978643499315e-05,0.000136735980049707,0.0003516770084388554,8.292500569950789e-05,0.0
bernoulli,125,gOMP,optimized,0.0005802320083603263,4.5320019125938416e-05,0.00012025500473100692,0.00020036801288370043,7.42390111554414e-05,0.0
bernoulli,126,gOMP,baseline,0.00048724899534136057,2.781899820547551e-05,6.83940015733242e-05,0.00019032502314075828,3.934097185265273e-05,0.0
bernoulli,126,gOMP,optimized,0.0002883349952753633,2.9207018087618053e-05,5.759298801422119e-05,9.534800483379513e-05,5.020196840632707e-05,0.0
bernoulli,127,gOMP,baseline,0.0005272550042718649,3.163599467370659e-05,7.028599793557078e-05,0.0001952720049303025,4.21119766542688e-05,0.0
bernoulli,127,gOMP,optimized,0.0002659009915078059,2.7556990971788764e-05,5.607599450740963e-05,9.733099432196468e-05,2.9196016839705408e-05,0.0
bernoulli,128,gOMP,baseline,0.0004783890035469085,2.7169997338205576e-05,6.565799412783235e-05,0.00018855200323741883,3.860703145619482e-05,0.0
bernoulli,128,gOMP,optimized,0.00022965700190979987,2.4071996449492872e-05,4.7115987399592996e-05,8.080799307208508e-05,2.7003014110960066e-05,0.0
bernoulli,129,gOMP,baseline,0.0005644550110446289,5.958198744338006e-05,8.001396781764925e-05,0.00021115699200890958,4.461400385480374e-05,0.0
bernoulli,129,gOMP,optimized,0.00022952200379222631,2.3420987417921424e-05,4.729699867311865e-05,8.313699800055474e-05,2.7515998226590455e-05,0.0
bernoulli,130,gOMP,baseline,0.0005960369890090078,3.1243995181284845e-05,7.148999429773539e-05,0.0002639989834278822,4.981097299605608e-05,0.0
bernoulli,130,gOMP,optimized,0.0002615830017020926,2.706998202484101e-05,6.22269872110337e-05,9.020799188874662e-05,2.911197952926159e-05,0.0
bernoulli,131,gOMP,baseline,0.0005152850062586367,3.036600537598133e-05,7.313495734706521e-05,0.0002016540092881769,4.216097295284271e-05,0.0
bernoulli,131,gOMP,optimized,0.0003165439993608743,4.096202610526234e-05,6.406501051969826e-05,0.00010386001667939126,4.9681999371387064e-05,0.0
bernoulli,132,gOMP,baseline,0.0005225110071478412,2.8919981559738517e-05,6.9348985562101e-05,0.0002127139741787687,4.4213011278770864e-05,0.0
bernoulli,132,gOMP,optimized,0.00031094500445760787,2.756102185230702e-05,0.00010456900054123253,9.315299394074827e-05,3.091197868343443e-05,0.0
bernoulli,133,gOMP,baseline,0.0006552150007337332,3.702401590999216e-05,9.036700066644698e-05,0.0002286289818584919,5.0991016905754805e-05,0.0
bernoulli,133,gOMP,optimized,0.0003036419948330149,2.8489012038335204e-05,6.49659923510626e-05,0.00010526199184823781,4.001100023742765e-05,0.0
bernoulli,134,gOMP,baseline,0.0005495350051205605,3.114300488959998e-05,8.222600445151329e-05,0.00021065799228381366,4.692199581768364e-05,0.0
bernoulli,134,gOMP,optimized,0.00030040300043765455,2.7453992515802383e-05,5.679900641553104e-05,0.000118524010758847,3.63360159099102e-05,0.0
bernoulli,135,gOMP,baseline,0.0009474429971305653,5.5002994486130774e-05,0.00011701301264110953,0.000410239037591964,0.00011568497575353831,0.0
bernoulli,135,gOMP,optimized,0.0002810949954437092,2.8694019420072436e-05,6.0314006987027824e-05,0.0001005360099952668,2.9829985578544438e-05,0.0
bernoulli,136,gOMP,baseline,0.00047465400712098926,2.7505986508913338e-05,6.503199983853847e-05,0.00018517699209041893,4.0013997931964695e-05,0.0
bernoulli,136,gOMP,optimized,0.00026112201157957315,2.7467031031847e-05,6.204300734680146e-05,8.788202831055969e-05,3.0328999855555594e-05,0.0
bernoulli,137,gOMP,baseline,0.0005832430033478886,3.1893025152385235e-05,7.703002484049648e-05,0.00023481900279875845,5.0529008149169385e-05,0.0
bernoulli,137,gOMP,optimized,0.0003236290067434311,3.0260998755693436e-05,6.379402475431561e-05,0.00012756898649968207,3.876499249599874e-05,0.0
bernoulli,138,gOMP,baseline,0.0005777670012321323,3.118699532933533e-05,0.00011420101509429514,0.00020895000488962978,4.774502303916961e-05,0.0
bernoulli,138,gOMP,optimized,0.000242630994762294,2.545899769756943e-05,5.1502021960914135e-05,8.689399692229927e-05,2.8933995054103434e-05,0.0
bernoulli,139,gOMP,baseline,0.0005004020058549941,3.0547016649506986e-05,6.769101310055703e-05,0.00019544902897905558,4.196401278022677e-05,0.0
bernoulli,139,gOMP,optimized,0.0003137599996989593,2.9665010515600443e-05,6.0802005464211106e-05,0.00012957600119989365,3.667999408207834e-05,0.0
bernoulli,140,gOMP,baseline,0.000577180995605886,3.6370998714119196e-05,7.80340051278472e-05,0.00022100901696830988,6.376601231750101e-05,0.0
bernoulli,140,gOMP,optimized,0.0002622330066515133,2.6832989533431828e-05,5.739698826801032e-05,8.787297701928765e-05,3.085403295699507e-05,0.0
bernoulli,141,gOMP,baseline,0.0006845770112704486,3.324300632812083e-05,8.167102350853384e-05,0.00023252000391948968,5.56699960725382e-05,0.0
bernoulli,141,gOMP,optimized,0.00024299298820551485,2.9566988814622164e-05,4.923500819131732e-05,8.688500383868814e-05,2.720496559049934e-05,0.0
bernoulli,142,gOMP,baseline,0.0005135050014359877,3.161000495310873e-05,7.479400665033609e-05,0.00019689800683408976,4.3149993871338665e-05,0.0
bernoulli,142,gOMP,optimized,0.0002939469995908439,2.6780995540320873e-05,5.0368995289318264e-05,9.276501077692956e-05,3.1288014724850655e-05,0.0
bernoulli,143,gOMP,baseline,0.00047779499436728656,2.9129005270078778e-05,6.604997906833887e-05,0.00018522200116422027,3.9126010960899293e-05,0.0
bernoulli,143,gOMP,optimized,0.00024852600472513586,2.5305009330622852e-05,4.882601206190884e-05,8.365599205717444e-05,2.8373964596539736e-05,0.0
bernoulli,144,gOMP,baseline,0.0005034310015616938,3.6577999708242714e-05,7.017399184405804e-05,0.00019395301933400333,4.091998562216759e-05,0.0
bernoulli,144,gOMP,optimized,0.00023222398885991424,2.4367996957153082e-05,4.749800427816808e-05,8.364097448065877e-05,2.783200761768967e-05,0.0
bernoulli,145,gOMP,baseline,0.0005427370051620528,3.0310970032587647e-05,7.073300366755575e-05,0.00020887100254185498,4.24879981437698e-05,0.0
bernoulli,145,gOMP,optimized,0.0002368929999647662,2.469797618687153e-05,5.298297037370503e-05,8.280100882984698e-05,2.74640042334795e-05,0.0
bernoulli,146,gOMP,baseline,0.0005391960003180429,3.693399776238948e-05,7.44239951018244e-05,0.00020193598174955696,5.0453003495931625e-05,0.0
bernoulli,146,gOMP,optimized,0.0002485089935362339,2.648797817528248e-05,5.1081020501442254e-05,9.025998588185757e-05,2.956300158984959e-05,0.0
bernoulli,147,gOMP,baseline,0.0004974400071660057,2.7689005946740508e-05,7.21589894965291e-05,0.00019407804938964546,4.438997711986303e-05,0.0
bernoulli,147,gOMP,optimized,0.000279474988928996,2.6256006094627082e-05,6.98970106896013e-05,9.569901158101857e-05,3.4217009670101106e-05,0.0
bernoulli,148,gOMP,baseline,0.0004955639888066798,2.4344000848941505e-05,7.64469732530415e-05,0.00019207799050491303,3.780300903599709e-05,0.0
bernoulli,148,gOMP,optimized,0.00025891000404953957,2.1432002540677786e-05,5.1602008170448244e-05,9.762501576915383e-05,3.221498627681285e-05,0.0
bernoulli,149,gOMP,baseline,0.0005364240059861913,3.0369978048838675e-05,7.917999755591154e-05,0.00020725501235574484,4.408098175190389e-05,0.0
bernoulli,149,gOMP,optimized,0.00024982000468298793,2.589300856925547e-05,5.248200614005327e-05,8.982798317447305e-05,2.9242029995657504e-05,0.0
bernoulli,150,gOMP,baseline,0.0006151849956950173,3.277197538409382e-05,9.575601143296808e-05,0.00022692700440529734,6.306699651759118e-05,0.0
bernoulli,150,gOMP,optimized,0.00027759801014326513,3.025900514330715e-05,5.780300125479698e-05,9.610698907636106e-05,3.169800038449466e-05,0.0
bernoulli,151,gOMP,baseline,0.0007055620080791414,4.1673993109725416e-05,0.0001031440042424947,0.0002203450130764395,4.795902350451797e-05,0.0
bernoulli,151,gOMP,optimized,0.0002557679981691763,2.533399674575776e-05,5.3548996220342815e-05,9.376101661473513e-05,2.9246002668514848e-05,0.0
bernoulli,152,gOMP,baseline,0.0005607839993899688,2.9376999009400606e-05,7.485001697205007e-05,0.00020805401436518878,5.4908974561840296e-05,0.0
bernoulli,152,gOMP,optimized,0.00023924499691929668,2.2303996956907213e-05,5.129801866132766e-05,8.521098061464727e-05,2.903499989770353e-05,0.0
bernoulli,153,gOMP,baseline,0.0005297610041452572,3.184299566783011e-05,7.979998190421611e-05,0.00020487798610702157,4.015001468360424e-05,0.0
bernoulli,153,gOMP,optimized,0.00024700599897187203,2.4993001716211438e-05,5.2109986427240074e-05,9.030198270920664e-05,2.8041002224199474e-05,0.0
bernoulli,154,gOMP,baseline,0.0004995930066797882,2.7996982680633664e-05,6.523299089167267e-05,0.0001989949814742431,4.182399425189942e-05,0.0
bernoulli,154,gOMP,optimized,0.000248444004682824,2.5723027647472918e-05,5.144797614775598e-05,8.394299948122352e-05,3.490199742373079e-05,0.0
bernoulli,155,gOMP,baseline,0.0005087139870738611,3.14339849865064e-05,7.078400813043118e-05,0.00019850001262966543,4.340699524618685e-05,0.0
bernoulli,155,gOMP,optimized,0.0002512010105419904,2.708396641537547e-05,5.250997492112219e-05,9.010601206682622e-05,2.972401853185147e-05,0.0
bernoulli,156,gOMP,baseline,0.0004958070057909936,2.5900008040480316e-05,6.956998549867421e-05,0.00019761602743528783,3.751700569409877e-05,0.0
bernoulli,156,gOMP,optimized,0.000293673001579009,4.825700307264924e-05,5.7814992032945156e-05,9.471799421589822e-05,3.2496973290108144e-05,0.0
bernoulli,157,gOMP,baseline,0.0012023310118820518,5.0350980018265545e-05,0.0002510279882699251,0.00040910298412200063,0.0001239479606738314,0.0
bernoulli,157,gOMP,optimized,0.000330943992594257,3.1436982681043446e-05,6.947199290152639e-05,0.00012018399138469249,3.2746014767326415e-05,0.0
bernoulli,158,gOMP,baseline,0.0004967830027453601,2.7461996069177985e-05,6.963498890399933e-05,0.00019423698540776968,3.934801497962326e-05,0.0
bernoulli,158,gOMP,optimized,0.0002350590075366199,2.5204004487022758e-05,5.016798968426883e-05,8.316402090713382e-05,2.7518995921127498e-05,0.0
bernoulli,159,gOMP,baseline,0.0008991499926196411,4.674198862630874e-05,0.00011724299110937864,0.0003664170071715489,7.990600715856999e-05,0.0
bernoulli,159,gOMP,optimized,0.00043043399637099355,4.208501195535064e-05,0.00010814900451805443,0.00014675197598990053,4.8160989535972476e-05,0.0
bernoulli,160,gOMP,baseline,0.0007426200027111918,3.6038996768184006e-05,0.00010397398727945983,0.0003001300065079704,5.7774988817982376e-05,0.0
bernoulli,160,gOMP,optimized,0.0003993450081907213,3.983599890489131e-05,8.235199493356049e-05,0.00013624998973682523,4.804501077160239e-05,0.0
bernoulli,161,gOMP,baseline,0.0004765820049215108,2.853601472452283e-05,6.643999950028956e-05,0.00018408198957331479,3.939199086744338e-05,0.0
bernoulli,161,gOMP,optimized,0.0002295540034538135,2.6156980311498046e-05,4.8164016334339976e-05,8.05750023573637e-05,2.7376998332329094e-05,0.0
bernoulli,162,gOMP,baseline,0.0004951070004608482,2.4518012651242316e-05,6.667198613286018e-05,0.00018635098240338266,5.0498987548053265e-05,0.0
bernoulli,162,gOMP,optimized,0.000514469007612206,4.5163018512539566e-05,0.0001260980061488226,0.0001887319958768785,6.092201510909945e-05,0.0
bernoulli,163,gOMP,baseline,0.0005207349895499647,3.102501796092838e-05,7.25900026736781e-05,0.00020263000624254346,4.361999162938446e-05,0.0
bernoulli,163,gOMP,optimized,0.0002938229881692678,2.7971997042186558e-05,5.88770053582266e-05,0.00011558800179045647,3.517098957672715e-05,0.0
bernoulli,164,gOMP,baseline,0.000986561004538089,4.9561975174583495e-05,0.00014087700401432812,0.0003598520124796778,8.563301526010036e-05,0.0
bernoulli,164,gOMP,optimized,0.0004628309980034828,3.883102908730507e-05,0.00010777097486425191,0.00016168999718502164,5.8295976486988366e-05,0.0
bernoulli,165,gOMP,baseline,0.0005444560083560646,3.363400173839182e-05,7.408300007227808e-05,0.0002010329917538911,4.507398989517242e-05,0.0
bernoulli,165,gOMP,optimized,0.0002864159905584529,2.732100256253034e-05,6.464699981734157e-05,0.00010686099994927645,3.3469987101852894e-05,0.0
bernoulli,166,gOMP,baseline,0.00047357199946418405,2.4559980374760926e-05,6.509898230433464e-05,0.00018998997984454036,3.73840011889115e-05,0.0
bernoulli,166,gOMP,optimized,0.0002856149949366227,2.7656002203002572e-05,5.6616016081534326e-05,0.00010756502160802484,3.9923019357956946e-05,0.0
bernoulli,167,gOMP,baseline,0.0005062929994892329,2.8025024221278727e-05,7.445900700986385e-05,0.0001960139925358817,4.028600233141333e-05,0.0
bernoulli,167,gOMP,optimized,0.0002457980008330196,2.5837012799456716e-05,5.025099380873144e-05,8.769999840296805e-05,2.9212998924776912e-05,0.0
bernoulli,168,gOMP,baseline,0.0005554899980779737,2.620398299768567e-05,9.979198512155563e-05,0.00021428200125228614,3.825499152299017e-05,0.0
bernoulli,168,gOMP,optimized,0.00039763499808032066,3.9588005165569484e-05,6.828000186942518e-05,0.0001123770052799955,5.584298924077302e-05,0.0
bernoulli,169,gOMP,baseline,0.0005307209939928725,2.986800973303616e-05,7.138901855796576e-05,0.00019689796317834407,5.649201921187341e-05,0.0
bernoulli,169,gOMP,optimized,0.00022896500013303012,2.4702007067389786e-05,4.878398613072932e-05,8.037999214138836e-05,2.6994006475433707e-05,0.0
bernoulli,170,gOMP,baseline,0.0005046799924457446,2.5897985324263573e-05,6.710801972076297e-05,0.00018933498358819634,3.6196011933498085e-05,0.0
bernoulli,170,gOMP,optimized,0.00024315300106536597,2.2539985366165638e-05,5.199400766286999e-05,8.379999781027436e-05,3.001601726282388e-05,0.0
bernoulli,171,gOMP,baseline,0.0004930639988742769,2.7781003154814243e-05,6.866498733870685e-05,0.0001929779682541266,4.0910017560236156e-05,0.0
bernoulli,171,gOMP,optimized,0.00023005600087344646,2.3609987692907453e-05,4.8264977522194386e-05,8.296802116092294e-05,2.6803012588061392e-05,0.0
bernoulli,172,gOMP,baseline,0.0004769609950017184,2.440097159706056e-05,6.715398922096938e-05,0.00019139700452797115,3.6604003980755806e-05,0.0
bernoulli,172,gOMP,optimized,0.00022452299890574068,2.0751991542056203e-05,4.748001811094582e-05,8.084099681582302e-05,2.726101956795901e-05,0.0
bernoulli,173,gOMP,baseline,0.0005310440028551966,3.1974021112546325e-05,7.713100058026612e-05,0.00020272398251108825,4.721299046650529e-05,0.0
bernoulli,173,gOMP,optimized,0.0003403970040380955,3.549500252120197e-05,7.09140149410814e-05,0.00011170597281306982,5.83869987167418e-05,0.0
bernoulli,174,gOMP,baseline,0.0006504600023617968,3.2046984415501356e-05,8.422597602475435e-05,0.00028193801699671894,5.945301381871104e-05,0.0
bernoulli,174,gOMP,optimized,0.0002592590026324615,2.196498098783195e-05,5.584399332292378e-05,9.367401071358472e-05,2.926602610386908e-05,0.0
bernoulli,175,gOMP,baseline,0.0004840699984924868,3.0394992791116238e-05,6.328399467747658e-05,0.00018890101637225598,4.138499207329005e-05,0.0
bernoulli,175,gOMP,optimized,0.00022882199846208096,2.5537025067023933e-05,4.785299825016409e-05,8.034701750148088e-05,2.7102985768578947e-05,0.0
bernoulli,176,gOMP,baseline,0.000573036988498643,2.7013011276721954e-05,8.43829766381532e-05,0.00023597499239258468,4.72770188935101e-05,0.0
bernoulli,176,gOMP,optimized,0.00023961100669112056,2.2522013750858605e-05,5.0933012971654534e-05,8.709396934136748e-05,2.7968024369329214e-05,0.0
bernoulli,177,gOMP,baseline,0.0004960689984727651,2.7878006221726537e-05,6.660999497398734e-05,0.0001977540086954832,3.884600300807506e-05,0.0
bernoulli,177,gOMP,optimized,0.0002760960051091388,2.623899490572512e-05,5.16490254085511e-05,9.609897097107023e-05,3.2041018130257726e-05,0.0
bernoulli,178,gOMP,baseline,0.0005414040060713887,4.8227011575363576e-05,7.372100662905723e-05,0.00020133100042585284,4.364698543213308e-05,0.0
bernoulli,178,gOMP,optimized,0.0003332899941597134,2.9381000786088407e-05,6.111399852670729e-05,0.000141743992571719,3.7770019844174385e-05,0.0
bernoulli,179,gOMP,baseline,0.00050073501188308,2.937900717370212e-05,7.058901246637106e-05,0.00019515398889780045,3.945002390537411e-05,0.0
bernoulli,179,gOMP,optimized,0.00026106600125785917,2.521699934732169e-05,5.148898344486952e-05,8.491598418913782e-05,2.9515009373426437e-05,0.0
bernoulli,180,gOMP,baseline,0.0005383029929362237,2.88459996227175e-05,7.913300942163914e-05,0.00020483702246565372,4.8830974265001714e-05,0.0
bernoulli,180,gOMP,optimized,0.0002929250040324405,2.9565999284386635e-05,5.5356998927891254e-05,0.00010021300113294274,3.110199759248644e-05,0.0
bernoulli,181,gOMP,baseline,0.0004776819987455383,2.63370166067034e-05,6.5593994804658e-05,0.00018878598348237574,3.770599141716957e-05,0.0
bernoulli,181,gOMP,optimized,0.00023609799973201007,2.378500357735902e-05,5.0121001549996436e-05,8.256302680820227e-05,2.7358008082956076e-05,0.0
bernoulli,182,gOMP,baseline,0.0004568069998640567,2.316199243068695e-05,6.33999879937619e-05,0.00018229696433991194,3.488798392936587e-05,0.0
bernoulli,182,gOMP,optimized,0.00024038700212258846,2.3995991796255112e-05,5.159698775969446e-05,8.465599967166781e-05,2.9073053156025708e-05,0.0
bernoulli,183,gOMP,baseline,0.0009889780048979446,5.1804003305733204e-05,0.00013625901192426682,0.0003862249868689105,8.989499474409968e-05,0.0
bernoulli,183,gOMP,optimized,0.0005106469907332212,4.560002707876265e-05,0.00011749498662538826,0.00017467702855356038,6.501798634417355e-05,0.0
bernoulli,184,gOMP,baseline,0.0005179700092412531,2.5341985747218132e-05,7.898198964539915e-05,0.00020425401453394443,4.0027007344178855e-05,0.0
bernoulli,184,gOMP,optimized,0.00024193100398406386,2.196499553974718e-05,5.042999691795558e-05,8.816702757030725e-05,2.9157978133298457e-05,0.0
bernoulli,185,gOMP,baseline,0.0004779459995916113,2.8852009563706815e-05,6.753398338332772e-05,0.00018653000006452203,3.952797851525247e-05,0.0
bernoulli,185,gOMP,optimized,0.00023486600548494607,2.995497197844088e-05,4.910997813567519e-05,8.177498239092529e-05,2.7032991056330502e-05,0.0
bernoulli,186,gOMP,baseline,0.0005909169994993135,3.246699634473771e-05,8.112200885079801e-05,0.000209135003387928,4.397498560138047e-05,0.0
bernoulli,186,gOMP,optimized,0.00024874300288502127,2.2591004380956292e-05,5.5683995014987886e-05,8.807501581031829e-05,2.83359840977937e-05,0.0
bernoulli,187,gOMP,baseline,0.0006278140062931925,3.2688010833226144e-05,7.381101022474468e-05,0.00024630599364172667,5.085500015411526e-05,0.0
bernoulli,187,gOMP,optimized,0.0002617339923745021,2.71530298050493e-05,5.701500049326569e-05,9.147799573838711e-05,2.9673989047296345e-05,0.0
bernoulli,188,gOMP,baseline,0.0006838680128566921,3.580398333724588e-05,8.599399006925523e-05,0.0002193329855799675,0.0001150739990407601,0.0
bernoulli,188,gOMP,optimized,0.00027353400946594775,2.6317007723264396e-05,6.554098217748106e-05,9.262700041290373e-05,2.8566966648213565e-05,0.0
bernoulli,189,gOMP,baseline,0.000553457997739315,2.4689987185411155e-05,6.916798884049058e-05,0.00020274902635719627,7.937998452689499e-05,0.0
bernoulli,189,gOMP,optimized,0.00023205899924505502,2.119602868333459e-05,5.0084025133401155e-05,8.270099351648241e-05,2.793196472339332e-05,0.0
bernoulli,190,gOMP,baseline,0.0005682359915226698,3.0369003070518374e-05,7.75359949329868e-05,0.00021678200573660433,5.7707991800270975e-05,0.0
bernoulli,190,gOMP,optimized,0.0002442069962853566,2.4982989998534322e-05,5.3038980695419014e-05,8.607700874563307e-05,2.8544003725983202e-05,0.0
bernoulli,191,gOMP,baseline,0.0005239839956630021,2.8367983759380877e-05,7.15060014044866e-05,0.0002089360059471801,4.390499088913202e-05,0.0
bernoulli,191,gOMP,optimized,0.00024032800865825266,2.432097971905023e-05,5.565500759985298e-05,8.176598930731416e-05,2.716701419558376e-05,0.0
bernoulli,192,gOMP,baseline,0.0009415859967703,6.929099617991596e-05,9.574701834935695e-05,0.000242424983298406,5.420201341621578e-05,0.0
bernoulli,192,gOMP,optimized,0.0008236490102717653,7.88280158303678e-05,0.00020529900211840868,0.00027813599444925785,0.00010532299347687513,0.0
bernoulli,193,gOMP,baseline,0.0005122700094943866,2.9354996513575315e-05,7.016999006737024e-05,0.00020187099289614707,4.044601519126445e-05,0.0
bernoulli,193,gOMP,optimized,0.0002410849992884323,2.423400292173028e-05,4.980899393558502e-05,8.879699453245848e-05,2.8193986508995295e-05,0.0
bernoulli,194,gOMP,baseline,0.0005385249969549477,3.1508010579273105e-05,9.008300548885018e-05,0.00019938498735427856,4.746399645227939e-05,0.0
bernoulli,194,gOMP,optimized,0.00025166600244119763,2.7619986212812364e-05,5.0470029236748815e-05,8.405999687965959e-05,2.8448004741221666e-05,0.0
bernoulli,195,gOMP,baseline,0.0005044849967816845,2.701296762097627e-05,6.603401561733335e-05,0.00019184901611879468,3.8151993067003787e-05,0.0
bernoulli,195,gOMP,optimized,0.0002327050024177879,2.391100861132145e-05,4.955401527695358e-05,8.131100912578404e-05,2.7734989998862147e-05,0.0
bernoulli,196,gOMP,baseline,0.000562182001885958,2.8983995434828103e-05,7.638600072823465e-05,0.00022747102775610983,4.4926986447535455e-05,0.0
bernoulli,196,gOMP,optimized,0.00025912201090250164,2.71580065600574e-05,5.165699985809624e-05,9.86520026344806e-05,2.845001290552318e-05,0.0
bernoulli,197,gOMP,baseline,0.0005337899929145351,2.9080998501740396e-05,7.381901377812028e-05,0.00021395899238996208,4.600001557264477e-05,0.0
bernoulli,197,gOMP,optimized,0.00024151800607796758,2.4435983505100012e-05,5.010598397348076e-05,8.66880000103265e-05,2.9090995667502284e-05,0.0
bernoulli,198,gOMP,baseline,0.0005455950013129041,3.109702083747834e-05,7.548900612164289e-05,0.00021192600252106786,4.274597449693829e-05,0.0
bernoulli,198,gOMP,optimized,0.0003134840080747381,2.9462011298164725e-05,6.301798566710204e-05,0.00012283401156309992,3.7331003113649786e-05,0.0
bernoulli,199,gOMP,baseline,0.0005377989873522893,2.884501009248197e-05,7.352801912929863e-05,0.00021283900423441082,4.436298331711441e-05,0.0
bernoulli,199,gOMP,optimized,0.00025730699417181313,2.822602982632816e-05,5.283298378344625e-05,8.966299355961382e-05,3.0193972634151578e-05,0.0
bernoulli,200,gOMP,baseline,0.0006271530000958592,3.386000753380358e-05,8.602997695561498e-05,0.00022779800929129124,4.85769851366058e-05,0.0
bernoulli,200,gOMP,optimized,0.00038074700569268316,3.323399869259447e-05,7.735200051683933e-05,0.0001352539984509349,3.621299401856959e-05,0.0
bernoulli,201,gOMP,baseline,0.0005294000002322719,2.900700201280415e-05,7.267399632837623e-05,0.00019684599828906357,5.72649878449738e-05,0.0
bernoulli,201,gOMP,optimized,0.00023828500707168132,2.4681998183950782e-05,4.848500248044729e-05,8.609298674855381e-05,2.7772010071203113e-05,0.0
bernoulli,202,gOMP,baseline,0.0004932320007355884,2.977097756229341e-05,7.067600381560624e-05,0.00019169198640156537,4.033101140521467e-05,0.0
bernoulli,202,gOMP,optimized,0.0002382709935773164,2.5286004529334605e-05,4.936500045005232e-05,8.5399005911313e-05,2.815498737618327e-05,0.0
bernoulli,203,gOMP,baseline,0.00048339899512939155,2.8887006919831038e-05,6.573602149728686e-05,0.00019015099678654224,3.8932019378989935e-05,0.0
bernoulli,203,gOMP,optimized,0.0002618809958221391,2.7485977625474334e-05,4.824800998903811e-05,0.000102864985819906,3.056997957173735e-05,0.0
bernoulli,204,gOMP,baseline,0.0005703490023734048,2.8870010282844305e-05,8.647599315736443e-05,0.00022823001199867576,4.628597525879741e-05,0.0
bernoulli,204,gOMP,optimized,0.00024194001161959022,2.5021974579431117e-05,5.062200943939388e-05,8.748499385546893e-05,2.8852009563706815e-05,0.0
bernoulli,205,gOMP,baseline,0.0009841780120041221,4.980403173249215e-05,0.00016027898527681828,0.0003640950017143041,8.65660113049671e-05,0.0
bernoulli,205,gOMP,optimized,0.0005563000013353303,5.7743018260225654e-05,0.0001461520150769502,0.00018008299230132252,6.71330199111253e-05,0.0
bernoulli,206,gOMP,baseline,0.0008858359942678362,5.1871000323444605e-05,0.00012988998787477612,0.00032515698694624007,7.735798135399818e-05,0.0
bernoulli,206,gOMP,optimized,0.00051859300583601,4.5155014959163964e-05,0.00014027301222085953,0.0001750230003381148,6.123700586613268e-05,0.0
bernoulli,207,gOMP,baseline,0.0010529519931878895,5.7973971706815064e-05,0.00015664899547118694,0.0003591459972085431,0.00013157300418242812,0.0
bernoulli,207,gOMP,optimized,0.0005180330044822767,4.477500624489039e-05,0.00011202100722584873,0.00019106001127511263,6.615000893361866e-05,0.0
bernoulli,208,gOMP,baseline,0.0009507020004093647,4.56280104117468e-05,0.0001330719969701022,0.0003342969866935164,9.125200449489057e-05,0.0
bernoulli,208,gOMP,optimized,0.0005109519988764077,4.1973020415753126e-05,0.00011414304026402533,0.00019274700025562197,6.583199137821794e-05,0.0
bernoulli,209,gOMP,baseline,0.00048399801016785204,2.3575994418933988e-05,6.873600068502128e-05,0.00019526902178768069,3.5522025427781045e-05,0.0
bernoulli,209,gOMP,optimized,0.00023312101257033646,2.0719991880469024e-05,4.915996396448463e-05,8.281299960799515e-05,3.138500323984772e-05,0.0
bernoulli,210,gOMP,baseline,0.0008146090112859383,3.1451971153728664e-05,8.353599696420133e-05,0.00043121799535583705,6.235302134882659e-05,0.0
bernoulli,210,gOMP,optimized,0.0003136790037387982,2.649801899679005e-05,5.670002428814769e-05,0.0001380119938403368,3.472798562142998e-05,0.0
bernoulli,211,gOMP,baseline,0.0005168850038899109,2.964399755001068e-05,6.84830010868609e-05,0.00020708999363705516,4.492499283514917e-05,0.0
bernoulli,211,gOMP,optimized,0.00023334899742621928,2.6017005438916385e-05,4.850397817790508e-05,8.192200039047748e-05,2.7799003873951733e-05,0.0
bernoulli,212,gOMP,baseline,0.0007578530057799071,3.498702426441014e-05,8.378300117328763e-05,0.0003355790104251355,6.435398245230317e-05,0.0
bernoulli,212,gOMP,optimized,0.00029350799741223454,2.5479996111243963e-05,6.163000944070518e-05,0.00010338400898035616,3.1594972824677825e-05,0.0
bernoulli,213,gOMP,baseline,0.0006976010045036674,3.4012002288363874e-05,8.538200927432626e-05,0.000225238996790722,7.558698416687548e-05,0.0
bernoulli,213,gOMP,optimized,0.000285246002022177,2.772000152617693e-05,5.8124001952819526e-05,9.448599303141236e-05,4.337700374890119e-05,0.0
bernoulli,214,gOMP,baseline,0.0009048520005308092,3.995797305833548e-05,0.0001582939876243472,0.00029648299096152186,6.78409996908158e-05,0.0
bernoulli,214,gOMP,optimized,0.00030698999762535095,2.843301626853645e-05,6.802499410696328e-05,0.00010335800470784307,3.6569006624631584e-05,0.0
bernoulli,215,gOMP,baseline,0.00050314400868956,2.946500899270177e-05,6.82099926052615e-05,0.00019937998149544,4.170200554654002e-05,0.0
bernoulli,215,gOMP,optimized,0.00030210299883037806,2.724499790929258e-05,5.657000292558223e-05,0.00011076101509388536,3.433198435232043e-05,0.0
bernoulli,216,gOMP,baseline,0.0009544279891997576,5.1961964345537126e-05,0.00014020198432262987,0.0003580100310500711,7.998899673111737e-05,0.0
bernoulli,216,gOMP,optimized,0.00024173400015570223,2.1643994841724634e-05,5.2588991820812225e-05,8.737799362279475e-05,2.763801603578031e-05,0.0
bernoulli,217,gOMP,baseline,0.0005133859958732501,2.7907983167096972e-05,6.750399188604206e-05,0.00021055201068520546,4.313497629482299e-05,0.0
bernoulli,217,gOMP,optimized,0.000281153988908045,3.990202094428241e-05,5.487501039169729e-05,9.747201693244278e-05,3.1683011911809444e-05,0.0
bernoulli,218,gOMP,baseline,0.0005306109960656613,2.5409026420675218e-05,7.21260003047064e-05,0.00021796597866341472,4.0970000554807484e-05,0.0
bernoulli,218,gOMP,optimized,0.00022932900174055248,2.0866020349785686e-05,5.075000808574259e-05,8.141998841892928e-05,2.7034009690396488e-05,0.0
bernoulli,219,gOMP,baseline,0.0005235779972281307,3.0736016924493015e-05,6.829301128163934e-05,0.00019243100541643798,4.139498923905194e-05,0.0
bernoulli,219,gOMP,optimized,0.00023683700419496745,2.5627014110796154e-05,4.937499761581421e-05,8.505799632985145e-05,2.7773974579758942e-05,0.0
bernoulli,220,gOMP,baseline,0.000899006990948692,4.357899888418615e-05,0.00013055800809524953,0.00034946101368404925,7.522100349888206e-05,0.0
bernoulli,220,gOMP,optimized,0.0004968389985151589,3.87270119972527e-05,0.00012403300206642598,0.00015876001270953566,6.138498429208994e-05,0.0
bernoulli,221,gOMP,baseline,0.0008773289882810786,4.852699930779636e-05,0.00012920999142806977,0.00032738201844040304,7.622598786838353e-05,0.0
bernoulli,221,gOMP,optimized,0.00047223099682014436,4.234000516589731e-05,0.00010921499051619321,0.00015600201732013375,6.13559823250398e-05,0.0
bernoulli,222,gOMP,baseline,0.0009561170008964837,4.967600398231298e-05,0.00013726099859923124,0.00035034798202104867,8.172501111403108e-05,0.0
bernoulli,222,gOMP,optimized,0.00044426599924918264,3.948599623981863e-05,0.00010474500595591962,0.00015453599917236716,5.647299985866994e-05,0.0
bernoulli,223,gOMP,baseline,0.0005161680019227788,3.089699021074921e-05,6.81649980833754e-05,0.0002043370041064918,4.648699541576207e-05,0.0
bernoulli,223,gOMP,optimized,0.00028033999842591584,2.571000368334353e-05,5.287301610223949e-05,0.0001070410362444818,3.36829834850505e-05,0.0
bernoulli,224,gOMP,baseline,0.00046938400191720575,2.291001146659255e-05,6.488000508397818e-05,0.0001869899861048907,3.5456003388389945e-05,0.0
bernoulli,224,gOMP,optimized,0.00022492300195153803,2.2909982362762094e-05,4.8187008360400796e-05,7.939999341033399e-05,2.683002094272524e-05,0.0
bernoulli,225,gOMP,baseline,0.000511310005094856,2.894998760893941e-05,7.393000123556703e-05,0.00020092399790883064,4.1355015127919614e-05,0.0
bernoulli,225,gOMP,optimized,0.0002524659939808771,2.562001463957131e-05,5.141001020092517e-05,9.600698831491172e-05,2.9111033654771745e-05,0.0
bernoulli,226,gOMP,baseline,0.00048317199980374426,2.3738000891171396e-05,6.551100523211062e-05,0.00019270702614448965,4.130799788981676e-05,0.0
bernoulli,226,gOMP,optimized,0.00022806000197306275,2.17489869100973e-05,4.858600732404739e-05,8.397398050874472e-05,2.647601650096476e-05,0.0
bernoulli,227,gOMP,baseline,0.0004731570079457015,2.6802008505910635e-05,6.358599057421088e-05,0.00018475200340617448,3.832696529570967e-05,0.0
bernoulli,227,gOMP,optimized,0.0002268190000904724,2.3118976969271898e-05,4.7263980377465487e-05,7.897400064393878e-05,2.7084999601356685e-05,0.0
bernoulli,228,gOMP,baseline,0.000487750003230758,2.5280998670496047e-05,6.872300582472235e-05,0.00019017403246834874,3.781898703891784e-05,0.0
bernoulli,228,gOMP,optimized,0.00022915701265446842,2.1598985767923295e-05,4.851800622418523e-05,8.258801244664937e-05,2.7344998670741916e-05,0.0
bernoulli,229,gOMP,baseline,0.0005319409974617884,2.8711030608974397e-05,7.103498501237482e-05,0.00019876399892382324,4.787599027622491e-05,0.0
bernoulli,229,gOMP,optimized,0.0002329480048501864,2.5518995244055986e-05,4.9376991228200495e-05,8.234698907472193e-05,2.7794987545348704e-05,0.0
bernoulli,230,gOMP,baseline,0.0005304369988152757,2.423800469841808e-05,7.366800855379552e-05,0.00021942802413832396,4.3670006562024355e-05,0.0
bernoulli,230,gOMP,optimized,0.00023856200277805328,1.9921979401260614e-05,4.884199006482959e-05,9.126697841566056e-05,2.7601970941759646e-05,0.0
bernoulli,231,gOMP,baseline,0.0004620989930117503,2.584098547231406e-05,6.800200208090246e-05,0.00017805698735173792,3.6876052035950124e-05,0.0
bernoulli,231,gOMP,optimized,0.00025363999884575605,2.401098026894033e-05,6.388800102286041e-05,8.566801261622459e-05,2.7910995413549244e-05,0.0
bernoulli,232,gOMP,baseline,0.0004900930071016774,2.5433982955291867e-05,6.777899398002774e-05,0.00018347000877838582,3.773700154852122e-05,0.0
bernoulli,232,gOMP,optimized,0.0002340010105399415,2.2158012143336236e-05,5.1108974730595946e-05,8.402801176998764e-05,2.714499714784324e-05,0.0
bernoulli,233,gOMP,baseline,0.0004991790046915412,2.7178000891581178e-05,6.648000271525234e-05,0.00018250303401146084,5.017200601287186e-05,0.0
bernoulli,233,gOMP,optimized,0.00025048499810509384,2.2485008230432868e-05,4.8541027354076505e-05,8.047897426877171e-05,2.7489979402162135e-05,0.0
bernoulli,234,gOMP,baseline,0.0007432860002154484,3.3294985769316554e-05,0.00013902100909035653,0.0002614819968584925,5.9601981774903834e-05,0.0
bernoulli,234,gOMP,optimized,0.0004920389910694212,4.491001891437918e-05,0.00011614698451012373,0.00016766900080256164,5.981499271001667e-05,0.0
bernoulli,235,gOMP,baseline,0.0004970330046489835,2.704698999878019e-05,6.776001828256994e-05,0.00018972301040776074,4.382301995065063e-05,0.0
bernoulli,235,gOMP,optimized,0.0002623459877213463,2.3833999875932932e-05,4.815899592358619e-05,0.00010290497448295355,3.302296681795269e-05,0.0
bernoulli,236,gOMP,baseline,0.00045603400212712586,2.331900759600103e-05,6.211598520167172e-05,0.00017861399101093411,3.4185999538749456e-05,0.0
bernoulli,236,gOMP,optimized,0.0002630290109664202,2.2038031602278352e-05,5.465399590320885e-05,0.0001011010172078386,3.1226983992382884e-05,0.0
bernoulli,237,gOMP,baseline,0.000492474006023258,3.1970004783943295e-05,6.853000377304852e-05,0.00018978001025971025,4.099296347703785e-05,0.0
bernoulli,237,gOMP,optimized,0.00024371000472456217,3.402502625249326e-05,5.19000313943252e-05,8.249899838119745e-05,2.6709007215686142e-05,0.0
bernoulli,238,gOMP,baseline,0.0004877969913650304,2.360501093789935e-05,8.069502655416727e-05,0.00019042298663407564,3.5339980968274176e-05,0.0
bernoulli,238,gOMP,optimized,0.00021689300774596632,1.9950995920225978e-05,4.662801802624017e-05,7.814801938366145e-05,2.6308029191568494e-05,0.0
bernoulli,239,gOMP,baseline,0.000499240995850414,2.763900556601584e-05,6.650498835369945e-05,0.00020638298883568496,4.237501707393676e-05,0.0
bernoulli,239,gOMP,optimized,0.00023863899696152657,2.5417990400455892e-05,5.011398752685636e-05,8.229799277614802e-05,2.76560167549178e-05,0.0
bernoulli,240,gOMP,baseline,0.0005436899955384433,2.994902024511248e-05,7.275599637068808e-05,0.0002193269901908934,5.007900472264737e-05,0.0
bernoulli,240,gOMP,optimized,0.0002663890045369044,2.0849009160883725e-05,6.926398782525212e-05,9.215701720677316e-05,2.969997876789421e-05,0.0
bernoulli,241,gOMP,baseline,0.0005601910088444129,3.2581985578872263e-05,7.254700176417828e-05,0.00019003298075404018,4.113900649826974e-05,0.0
bernoulli,241,gOMP,optimized,0.00022616299975197762,2.3796004825271666e-05,4.737400740850717e-05,8.163799066096544e-05,2.641900209710002e-05,0.0
bernoulli,242,gOMP,baseline,0.0004926760011585429,2.3519998649135232e-05,6.472498353105038e-05,0.0001922399824252352,3.5680975997820497e-05,0.0
bernoulli,242,gOMP,optimized,0.00022288199397735298,2.0103994756937027e-05,4.8018977395258844e-05,8.121400605887175e-05,2.6950991014018655e-05,0.0
bernoulli,243,gOMP,baseline,0.0004831950063817203,2.3199987481348217e-05,6.58899953123182e-05,0.00018386999727226794,3.487498906906694e-05,0.0
bernoulli,243,gOMP,optimized,0.00024408500757999718,2.0400970242917538e-05,5.866000719834119e-05,8.583100861869752e-05,2.726601087488234e-05,0.0
bernoulli,244,gOMP,baseline,0.00048420300299767405,2.384498657193035e-05,6.515999848488718e-05,0.00018383901624474674,3.543999628163874e-05,0.0
bernoulli,244,gOMP,optimized,0.00021815799118485302,1.961103407666087e-05,4.726400948129594e-05,7.856698357500136e-05,2.618001599330455e-05,0.0
bernoulli,245,gOMP,baseline,0.00046949900570325553,2.3400993086397648e-05,6.346602458506823e-05,0.00019319201237522066,3.5267003113403916e-05,0.0
bernoulli,245,gOMP,optimized,0.00025325699243694544,2.9575006919912994e-05,5.266301741357893e-05,8.743299986235797e-05,3.014200774487108e-05,0.0
bernoulli,246,gOMP,baseline,0.000472151004942134,2.9590970370918512e-05,6.503301847260445e-05,0.00018373499915469438,4.0404003812000155e-05,0.0
bernoulli,246,gOMP,optimized,0.0002434470079606399,2.9431015718728304e-05,4.8707996029406786e-05,8.163100574165583e-05,3.53190116584301e-05,0.0
bernoulli,247,gOMP,baseline,0.000483038995298557,2.4867011234164238e-05,6.567902164533734e-05,0.00018734500918071717,4.383097984828055e-05,0.0
bernoulli,247,gOMP,optimized,0.00022209300368558615,2.1061001461930573e-05,4.7295005060732365e-05,7.922001532278955e-05,2.697900345083326e-05,0.0
bernoulli,248,gOMP,baseline,0.0005089260084787384,2.7368994778953493e-05,6.987500819377601e-05,0.0002080149861285463,4.2203988414257765e-05,0.0
bernoulli,248,gOMP,optimized,0.00023638398852199316,2.4617984308861196e-05,4.8573012463748455e-05,8.331099525094032e-05,2.7286005206406116e-05,0.0
bernoulli,249,gOMP,baseline,0.0004625309957191348,2.2924999939277768e-05,6.22600200586021e-05,0.0001891040155896917,3.653801104519516e-05,0.0
bernoulli,249,gOMP,optimized,0.00022459100000560284,2.0639010472223163e-05,5.122100992593914e-05,7.942999945953488e-05,2.6646986952982843e-05,0.0
bernoulli,250,gOMP,baseline,0.0009530440001981333,5.196296842768788e-05,0.00016591098392382264,0.0003446629998506978,8.220899326261133e-05,0.0
bernoulli,250,gOMP,optimized,0.0004803240008186549,4.050100687891245e-05,0.00010651400953065604,0.00015787901065777987,5.830200097989291e-05,0.0
bernoulli,251,gOMP,baseline,0.0007279440033016726,3.425001341383904e-05,9.769501048140228e-05,0.0002727000101003796,5.5047989008016884e-05,0.0
bernoulli,251,gOMP,optimized,0.0002812080056173727,2.4253007723018527e-05,5.599499854724854e-05,9.737200161907822e-05,3.459698928054422e-05,0.0
bernoulli,252,gOMP,baseline,0.0004766810016008094,2.7797985239885747e-05,6.957401637919247e-05,0.00018190499395132065,3.7968988181091845e-05,0.0
bernoulli,252,gOMP,optimized,0.00022661399270873517,2.2688982426188886e-05,4.772399552166462e-05,8.17600084701553e-05,2.694800787139684e-05,0.0
bernoulli,253,gOMP,baseline,0.00046559100155718625,2.427499566692859e-05,6.398200639523566e-05,0.0001870640116976574,3.365198790561408e-05,0.0
bernoulli,253,gOMP,optimized,0.0002176749985665083,2.0046005374751985e-05,4.621599509846419e-05,7.849100802559406e-05,2.6130015612579882e-05,0.0
bernoulli,254,gOMP,baseline,0.00047441000060644,3.063899930566549e-05,6.471200322266668e-05,0.00018394201470073313,3.9605991332791746e-05,0.0
bernoulli,254,gOMP,optimized,0.00022741900465916842,2.5197005015797913e-05,4.6872999519109726e-05,7.998300134204328e-05,2.6551002520136535e-05,0.0
bernoulli,255,gOMP,baseline,0.0004631199990399182,2.158396819140762e-05,6.060299347154796e-05,0.00019225101277697831,3.5375982406549156e-05,0.0
bernoulli,255,gOMP,optimized,0.0002193280088249594,2.063100691884756e-05,4.795100539922714e-05,7.816699508111924e-05,2.5936984457075596e-05,0.0
bernoulli,256,gOMP,baseline,0.0005607510101981461,4.163500852882862e-05,8.014299964997917e-05,0.00020708197553176433,6.047498027328402e-05,0.0
bernoulli,256,gOMP,optimized,0.0002462499978719279,2.7660964406095445e-05,5.086601595394313e-05,8.610999793745577e-05,2.9485003324225545e-05,0.0
bernoulli,257,gOMP,baseline,0.00048342699301429093,2.5282963179051876e-05,6.778299575671554e-05,0.00018727999122347683,3.459498111624271e-05,0.0
bernoulli,257,gOMP,optimized,0.00022969201381783932,1.956897904165089e-05,4.6417961129918694e-05,7.960500079207122e-05,3.479498263914138e-05,0.0
bernoulli,258,gOMP,baseline,0.000510877012857236,3.136800660286099e-05,6.676804332528263e-05,0.00020026598940603435,4.636900848709047e-05,0.0
bernoulli,258,gOMP,optimized,0.00023424600658472627,2.4644992663525045e-05,4.960899241268635e-05,8.214601257350296e-05,2.8144990210421383e-05,0.0
bernoulli,259,gOMP,baseline,0.0004882200009888038,2.5635003112256527e-05,6.699899677187204e-05,0.00018787795852404088,3.6739002098329365e-05,0.0
bernoulli,259,gOMP,optimized,0.00022189000446815044,2.089599729515612e-05,4.75280248792842e-05,7.846200605854392e-05,2.6766996597871184e-05,0.0
bernoulli,260,gOMP,baseline,0.0005523379950318485,3.713500336743891e-05,7.495997124351561e-05,0.00020355200103949755,4.1503008105792105e-05,0.0
bernoulli,260,gOMP,optimized,0.00026481600070837885,3.188400296494365e-05,5.212800169829279e-05,9.40169848036021e-05,2.9279006412252784e-05,0.0
bernoulli,261,gOMP,baseline,0.0005269440007396042,2.4565000785514712e-05,8.55249963933602e-05,0.0001965929986909032,3.70239868061617e-05,0.0
bernoulli,261,gOMP,optimized,0.00022647799050901085,2.02320225071162e-05,4.9277994548901916e-05,8.058499952312559e-05,2.6047011488117278e-05,0.0
bernoulli,262,gOMP,baseline,0.0004673810035455972,2.6708003133535385e-05,6.236099579837173e-05,0.00018317397916689515,3.65750165656209e-05,0.0
bernoulli,262,gOMP,optimized,0.00023251300444826484,2.373600727878511e-05,4.778600123245269e-05,7.963200914673507e-05,2.699298784136772e-05,0.0
bernoulli,263,gOMP,baseline,0.0005418009968707338,5.105297896079719e-05,7.34039640519768e-05,0.00019956400501541793,4.1589984903112054e-05,0.0
bernoulli,263,gOMP,optimized,0.00023340299958363175,2.549801138229668e-05,4.819303285330534e-05,8.310498378705233e-05,2.710000262595713e-05,0.0
bernoulli,264,gOMP,baseline,0.0004912589938612655,2.510998456273228e-05,6.561499321833253e-05,0.00018825898587238044,3.406401083339006e-05,0.0
bernoulli,264,gOMP,optimized,0.000235515006352216,2.0898994989693165e-05,4.8807982238940895e-05,8.00779671408236e-05,3.50760092260316e-05,0.0
bernoulli,265,gOMP,baseline,0.0006887950003147125,3.274701884947717e-05,0.00012510802480392158,0.0002280650078319013,0.00010435799777042121,0.0
bernoulli,265,gOMP,optimized,0.00024898198898881674,2.095098898280412e-05,4.8757021431811154e-05,9.859797137323767e-05,2.89049930870533e-05,0.0
bernoulli,266,gOMP,baseline,0.00045355899783317,2.7544971089810133e-05,6.232901068869978e-05,0.00017867100541479886,3.384098818060011e-05,0.0
bernoulli,266,gOMP,optimized,0.0002509559999452904,2.0441002561710775e-05,6.05819805059582e-05,8.764000085648149e-05,3.002599987667054e-05,0.0
bernoulli,267,gOMP,baseline,0.000518854008987546,2.9328002710826695e-05,7.259300036821514e-05,0.00019362499006092548,4.115598858334124e-05,0.0
bernoulli,267,gOMP,optimized,0.00022791999799665064,2.3379994672723114e-05,4.8475005314685404e-05,8.126802276819944e-05,2.6465990231372416e-05,0.0
bernoulli,268,gOMP,baseline,0.00043011800153180957,2.1575993741862476e-05,6.054400000721216e-05,0.00016918200708460063,3.1907009542919695e-05,0.0
bernoulli,268,gOMP,optimized,0.0002692499983822927,2.443199628032744e-05,5.5800002883188426e-05,8.695297583471984e-05,2.9880990041419864e-05,0.0
bernoulli,269,gOMP,baseline,0.000512503000209108,2.5644010747782886e-05,9.128099191002548e-05,0.000192860999959521,3.8583006244152784e-05,0.0
bernoulli,269,gOMP,optimized,0.00030123400210868567,4.59540169686079e-05,5.811601295135915e-05,0.00010499301424715668,3.220100188627839e-05,0.0
bernoulli,270,gOMP,baseline,0.00046272001054603606,2.4239008780568838e-05,6.4902997110039e-05,0.00018027600890491158,3.541700425557792e-05,0.0
bernoulli,270,gOMP,optimized,0.00023225399490911514,2.154397952836007e-05,4.837801679968834e-05,8.021396934054792e-05,2.7964008040726185e-05,0.0
bernoulli,271,gOMP,baseline,0.00046204999671317637,2.544198650866747e-05,6.238902278710157e-05,0.00018435796664562076,3.627002297434956e-05,0.0
bernoulli,271,gOMP,optimized,0.00026668199279811233,2.5266999728046358e-05,7.055998139549047e-05,8.615301339887083e-05,2.9638991691172123e-05,0.0
bernoulli,272,gOMP,baseline,0.0004919970087939873,2.60820088442415e-05,7.60109833208844e-05,0.00019361503655090928,3.812200156971812e-05,0.0
bernoulli,272,gOMP,optimized,0.0002462779957568273,2.665200736373663e-05,5.398999201133847e-05,8.552898361813277e-05,2.8462964110076427e-05,0.0
bernoulli,273,gOMP,baseline,0.0005276869924273342,4.5092980144545436e-05,7.224699947983027e-05,0.00020125201262999326,3.924799966625869e-05,0.0
bernoulli,273,gOMP,optimized,0.0002306709939148277,2.051900082733482e-05,4.942300438415259e-05,8.162001904565841e-05,2.792100713122636e-05,0.0
bernoulli,274,gOMP,baseline,0.0005854100018041208,2.8502996428869665e-05,8.861698734108359e-05,0.00023094902280718088,4.466500831767917e-05,0.0
bernoulli,274,gOMP,optimized,0.00031789200147613883,4.8291010898537934e-05,6.287200085353106e-05,0.00010504998499527574,3.400100104045123e-05,0.0
bernoulli,275,gOMP,baseline,0.0006016019906383008,3.1714982469566166e-05,8.016401261556894e-05,0.00020686698553618044,6.725799175910652e-05,0.0
bernoulli,275,gOMP,optimized,0.00023678199795540422,2.481201954651624e-05,4.982799873687327e-05,8.387798152398318e-05,2.805198892019689e-05,0.0
bernoulli,276,gOMP,baseline,0.0005282380006974563,2.9598013497889042e-05,7.432598795276135e-05,0.0002066570013994351,4.4284010073170066e-05,0.0
bernoulli,276,gOMP,optimized,0.00024410699552390724,2.7120986487716436e-05,4.94639971293509e-05,8.658699516672641e-05,2.940699050668627e-05,0.0
bernoulli,277,gOMP,baseline,0.00047066700062714517,2.2586988052353263e-05,6.449699867516756e-05,0.00018365700088907033,3.363602445460856e-05,0.0
bernoulli,277,gOMP,optimized,0.00022906099911779165,2.0432984456419945e-05,5.0296002882532775e-05,8.108899055514485e-05,2.7443020371720195e-05,0.0
bernoulli,278,gOMP,baseline,0.0005596150003839284,3.359600668773055e-05,8.935801452025771e-05,0.00021199900947976857,4.9686990678310394e-05,0.0
bernoulli,278,gOMP,optimized,0.00032268199720419943,4.21860022470355e-05,7.332400127779692e-05,0.00011308302055113018,3.440403088461608e-05,0.0
bernoulli,279,gOMP,baseline,0.0004631449992302805,2.8323003789409995e-05,6.21479848632589e-05,0.00018110100063495338,3.9389997255057096e-05,0.0
bernoulli,279,gOMP,optimized,0.00022260499827098101,2.5514018489047885e-05,4.6025990741327405e-05,7.767797796986997e-05,2.5949004339054227e-05,0.0
bernoulli,280,gOMP,baseline,0.00044414900185074657,2.2275984520092607e-05,6.058599683456123e-05,0.0001767329958966002,3.455698606558144e-05,0.0
bernoulli,280,gOMP,optimized,0.00025028400705195963,1.8961975001730025e-05,6.313997437246144e-05,8.365100075025111e-05,2.807301643770188e-05,0.0
bernoulli,281,gOMP,baseline,0.0005488610040629283,2.789500285871327e-05,8.458399679511786e-05,0.00020601600408554077,5.505098670255393e-05,0.0
bernoulli,281,gOMP,optimized,0.00024199500330723822,2.137797127943486e-05,5.135701212566346e-05,8.876199717633426e-05,2.95369973173365e-05,0.0
bernoulli,282,gOMP,baseline,0.0005018840020056814,2.586700429674238e-05,6.915401900187135e-05,0.0001872659777291119,3.692999598570168e-05,0.0
bernoulli,282,gOMP,optimized,0.0002270170080009848,2.113000664394349e-05,4.953501047566533e-05,8.12419893918559e-05,2.733399742282927e-05,0.0
bernoulli,283,gOMP,baseline,0.00044585400610230863,2.521600981708616e-05,6.031700468156487e-05,0.00017533601203467697,3.5204997402615845e-05,0.0
bernoulli,283,gOMP,optimized,0.00023830999271012843,2.5923014618456364e-05,5.277199670672417e-05,8.019301458261907e-05,2.7898000553250313e-05,0.0
bernoulli,284,gOMP,baseline,0.0005442370020318776,3.2464973628520966e-05,7.199301035143435e-05,0.00020642401068471372,4.545900446828455e-05,0.0
bernoulli,284,gOMP,optimized,0.00023665100161451846,2.707800013013184e-05,4.941498627886176e-05,8.338999759871513e-05,2.7277012122794986e-05,0.0
bernoulli,285,gOMP,baseline,0.000632836003205739,3.304499841760844e-05,0.0001130809832829982,0.0002152830275008455,6.946301436983049e-05,0.0
bernoulli,285,gOMP,optimized,0.00026626299950294197,2.903702261392027e-05,5.3252020734362304e-05,0.00010069500422105193,3.112199192401022e-05,0.0
bernoulli,286,gOMP,baseline,0.0004950450093019754,2.6980997063219547e-05,6.5634012571536e-05,0.0001983330148505047,4.23429737566039e-05,0.0
bernoulli,286,gOMP,optimized,0.00022034300491213799,2.287901588715613e-05,4.6990986447781324e-05,7.814999844413251e-05,2.6147972675971687e-05,0.0
bernoulli,287,gOMP,baseline,0.0004655919910874218,2.4030028725974262e-05,6.314100755844265e-05,0.0001846109953476116,3.5555000067688525e-05,0.0
bernoulli,287,gOMP,optimized,0.00022864599304739386,2.1181011106818914e-05,4.875099693890661e-05,8.153502130880952e-05,2.747398684732616e-05,0.0
bernoulli,288,gOMP,baseline,0.0005913130007684231,2.733097062446177e-05,6.456799746956676e-05,0.00025126100808847696,5.81479980610311e-05,0.0
bernoulli,288,gOMP,optimized,0.00027235099696554244,2.818502252921462e-05,6.346301233861595e-05,9.015097748488188e-05,2.8735012165270746e-05,0.0
bernoulli,289,gOMP,baseline,0.0004539090004982427,2.2969019482843578e-05,6.540997128468007e-05,0.00017978300456888974,3.373097570147365e-05,0.0
bernoulli,289,gOMP,optimized,0.0002545629977248609,2.1369007299654186e-05,6.455299444496632e-05,8.766302198637277e-05,2.9796981834806502e-05,0.0
bernoulli,290,gOMP,baseline,0.0005005109997000545,3.0039998819120228e-05,6.928700895514339e-05,0.0001854209986049682,3.967899829149246e-05,0.0
bernoulli,290,gOMP,optimized,0.00022908899700269103,2.467399463057518e-05,4.739502037409693e-05,8.111201168503612e-05,2.7009984478354454e-05,0.0
bernoulli,291,gOMP,baseline,0.0005371220031520352,2.535099338274449e-05,7.198197999969125e-05,0.00020334302098490298,5.98430196987465e-05,0.0
bernoulli,291,gOMP,optimized,0.00022501000785268843,1.9124025129713118e-05,4.7119989176280797e-05,7.94329826021567e-05,2.659400342963636e-05,0.0
bernoulli,292,gOMP,baseline,0.0005002169928047806,2.7215981390327215e-05,7.051999273244292e-05,0.00019793299725279212,3.859000571537763e-05,0.0
bernoulli,292,gOMP,optimized,0.00023338000755757093,2.3609012714587152e-05,4.858399915974587e-05,8.38020205264911e-05,2.8019989258609712e-05,0.0
bernoulli,293,gOMP,baseline,0.0004629039904102683,2.28049757424742e-05,6.240997754503042e-05,0.00018796698714140803,3.441801527515054e-05,0.0
bernoulli,293,gOMP,optimized,0.00022301699209492654,2.1051993826404214e-05,4.7622015699744225e-05,7.932899461593479e-05,2.6637993869371712e-05,0.0
bernoulli,294,gOMP,baseline,0.0005195000121602789,3.1549978302791715e-05,7.099602953530848e-05,0.0002027280133916065,4.330900264903903e-05,0.0
bernoulli,294,gOMP,optimized,0.00030386399885173887,2.8515001758933067e-05,5.092500941827893e-05,0.00012777498341165483,3.476702840998769e-05,0.0
bernoulli,295,gOMP,baseline,0.00046953999844845384,2.3366010282188654e-05,6.66310079395771e-05,0.00018651496793609113,3.571499837562442e-05,0.0
bernoulli,295,gOMP,optimized,0.00030986299680080265,6.91369641572237e-05,5.843299732077867e-05,9.466797928325832e-05,3.197198384441435e-05,0.0
bernoulli,296,gOMP,baseline,0.0006093700067140162,3.2190990168601274e-05,0.0001096529740607366,0.00024408100580330938,4.835700383409858e-05,0.0
bernoulli,296,gOMP,optimized,0.00023262400645762682,2.3765009245835245e-05,4.9987007514573634e-05,8.377099584322423e-05,2.663899795152247e-05,0.0
bernoulli,297,gOMP,baseline,0.0005681789916707203,3.157800529152155e-05,7.366899808403105e-05,0.0002017880033235997,4.050800635013729e-05,0.0
bernoulli,297,gOMP,optimized,0.0002371299924561754,2.0491002942435443e-05,4.9071022658608854e-05,8.600598084740341e-05,2.902199048548937e-05,0.0
bernoulli,298,gOMP,baseline,0.0004852010024478659,2.5859000743366778e-05,7.829899550415576e-05,0.0001851270062616095,3.830503555946052e-05,0.0
bernoulli,298,gOMP,optimized,0.00022386800264939666,2.3262022295966744e-05,4.8089990741573274e-05,7.790597737766802e-05,2.666198997758329e-05,0.0
bernoulli,299,gOMP,baseline,0.0009373950015287846,4.8273985157720745e-05,0.00013529199350159615,0.0003565909864846617,7.872098649386317e-05,0.0
bernoulli,299,gOMP,optimized,0.0005466479924507439,5.20970206707716e-05,0.00011990801431238651,0.00017356398166157305,9.617500472813845e-05,0.0
partial_dct,0,gOMP,baseline,0.0005439579981612042,3.256600757595152e-05,7.363098848145455e-05,0.0001950790174305439,3.9897000533528626e-05,0.0
partial_dct,0,gOMP,optimized,0.00024329600273631513,2.7224989025853574e-05,5.0175003707408905e-05,8.468098531011492e-05,2.8757989639416337e-05,0.0
partial_dct,1,gOMP,baseline,0.000496811990160495,2.4277993361465633e-05,6.809498881921172e-05,0.00020002199744340032,3.715799539349973e-05,0.0
partial_dct,1,gOMP,optimized,0.0002459359966451302,2.307699469383806e-05,5.216497811488807e-05,8.801800140645355e-05,2.9327013180591166e-05,0.0
partial_dct,2,gOMP,baseline,0.00047485801042057574,2.7261005016043782e-05,6.423299782909453e-05,0.0001871040149126202,3.791101335082203e-05,0.0
partial_dct,2,gOMP,optimized,0.0002662350016180426,2.5334986275993288e-05,5.265702202450484e-05,0.00010071000724565238,3.513001138344407e-05,0.0
partial_dct,3,gOMP,baseline,0.0005011960020055994,2.574501559138298e-05,6.694499461445957e-05,0.00020387199765536934,4.077097401022911e-05,0.0
partial_dct,3,gOMP,optimized,0.0002387510030530393,2.3599990527145565e-05,4.8627000069245696e-05,8.499700925312936e-05,2.9225993785075843e-05,0.0
partial_dct,4,gOMP,baseline,0.0004956280026817694,2.7207992388866842e-05,6.624800153076649e-05,0.00018677301704883575,3.8668993511237204e-05,0.0
partial_dct,4,gOMP,optimized,0.00022619600349571556,2.3464002879336476e-05,4.831099067814648e-05,7.961400842759758e-05,2.645899076014757e-05,0.0
partial_dct,5,gOMP,baseline,0.000503778996062465,2.7982983738183975e-05,7.134399493224919e-05,0.00020027799473609775,3.9138991269283e-05,0.0
partial_dct,5,gOMP,optimized,0.0002502309944247827,2.565199974924326e-05,5.860200326424092e-05,8.581300789956003e-05,2.800700895022601e-05,0.0
partial_dct,6,gOMP,baseline,0.00045478799438569695,2.317900361958891e-05,6.295298226177692e-05,0.00017903100524563342,3.5200006095692515e-05,0.0
partial_dct,6,gOMP,optimized,0.00022705599258188158,2.056898665614426e-05,5.009399319533259e-05,7.9816032666713e-05,2.7543981559574604e-05,0.0
partial_dct,7,gOMP,baseline,0.0004520520014921203,2.5022978661581874e-05,6.174299051053822e-05,0.00017896801000460982,3.604100493248552e-05,0.0
partial_dct,7,gOMP,optimized,0.00022968198754824698,2.5125977117568254e-05,4.65789926238358e-05,8.437097130808979e-05,2.6917012291960418e-05,0.0
partial_dct,8,gOMP,baseline,0.00047095600166358054,2.835299528669566e-05,6.386100722011179e-05,0.0001837250019889325,3.9220991311594844e-05,0.0
partial_dct,8,gOMP,optimized,0.0002259070024592802,2.3773012799210846e-05,4.609498137142509e-05,8.1178019172512e-05,2.6551977498456836e-05,0.0
partial_dct,9,gOMP,baseline,0.0004803369956789538,2.479400427546352e-05,6.774798384867609e-05,0.00019019200408365577,3.884697798639536e-05,0.0
partial_dct,9,gOMP,optimized,0.0002541209978517145,2.3558997781947255e-05,4.838300810661167e-05,8.308998076245189e-05,3.234499308746308e-05,0.0
partial_dct,10,gOMP,baseline,0.0004561070090858266,2.5461020413786173e-05,6.19870115770027e-05,0.0001807999942684546,3.617999027483165e-05,0.0
partial_dct,10,gOMP,optimized,0.00025876400468405336,2.3678992874920368e-05,5.0575981731526554e-05,0.0001023070071823895,3.056001150980592e-05,0.0
partial_dct,11,gOMP,baseline,0.0005911480111535639,3.768499300349504e-05,8.556399552617222e-05,0.00020889101142529398,6.322900298982859e-05,0.0
partial_dct,11,gOMP,optimized,0.00023711100220680237,2.4181994376704097e-05,4.875200102105737e-05,8.579000132158399e-05,2.6704001356847584e-05,0.0
partial_dct,12,gOMP,baseline,0.0004878939944319427,2.68320000031963e-05,6.247198325581849e-05,0.00018836100935004652,3.641399962361902e-05,0.0
partial_dct,12,gOMP,optimized,0.00027034999220632017,2.2633990738540888e-05,5.271699046716094e-05,8.744897786527872e-05,4.9404974561184645e-05,0.0
partial_dct,13,gOMP,baseline,0.0005558919947361574,3.303599078208208e-05,0.00010224602010566741,0.00020571300410665572,4.458699550013989e-05,0.0
partial_dct,13,gOMP,optimized,0.00023394200252369046,2.4779001250863075e-05,4.938102210871875e-05,7.994098996277899e-05,2.6291978429071605e-05,0.0
partial_dct,14,gOMP,baseline,0.0004913009906886145,3.046597703360021e-05,6.78409996908158e-05,0.00018740100495051593,4.3207997805438936e-05,0.0
partial_dct,14,gOMP,optimized,0.00023655800032429397,2.7628979296423495e-05,4.81910101370886e-05,8.32290097605437e-05,2.8283000574447215e-05,0.0
partial_dct,15,gOMP,baseline,0.0004907149996142834,2.3313987185247242e-05,7.34310015104711e-05,0.00018644299416337162,4.0180981159210205e-05,0.0
partial_dct,15,gOMP,optimized,0.0004464350058697164,4.3074964196421206e-05,9.543803753331304e-05,0.00014892901526764035,7.443601498380303e-05,0.0
partial_dct,16,gOMP,baseline,0.0007463590009137988,3.605399979278445e-05,9.020201105158776e-05,0.0003066799836233258,8.410702866967767e-05,0.0
partial_dct,16,gOMP,optimized,0.00024375299108214676,2.379303623456508e-05,5.402699753176421e-05,8.480499673169106e-05,2.6488996809348464e-05,0.0
partial_dct,17,gOMP,baseline,0.0006431739893741906,3.5828023101203144e-05,8.505702135153115e-05,0.00022352200176101178,4.7263005399145186e-05,0.0
partial_dct,17,gOMP,optimized,0.0002579930005595088,2.2920008632354438e-05,4.8169997171498835e-05,8.43860034365207e-05,2.9879010980948806e-05,0.0
partial_dct,18,gOMP,baseline,0.00048008600424509495,2.6793015422299504e-05,6.479000148829073e-05,0.0001871950225904584,4.045000241603702e-05,0.0
partial_dct,18,gOMP,optimized,0.00026872800663113594,4.063600499648601e-05,5.5661017540842295e-05,8.794803579803556e-05,3.0101000447757542e-05,0.0
partial_dct,19,gOMP,baseline,0.00045348300773184747,2.4637978640384972e-05,6.678697536699474e-05,0.00017766401288099587,3.499999002087861e-05,0.0
partial_dct,19,gOMP,optimized,0.00022104299569036812,2.2886029910296202e-05,4.6433007810264826e-05,7.783601176925004e-05,2.5870001991279423e-05,0.0
partial_dct,20,gOMP,baseline,0.0005715099978260696,2.72710167337209e-05,7.292199006769806e-05,0.0002352640003664419,4.295598773751408e-05,0.0
partial_dct,20,gOMP,optimized,0.00029156499658711255,2.9194998205639422e-05,8.09940102044493e-05,9.590601257514209e-05,3.1418006983585656e-05,0.0
partial_dct,21,gOMP,baseline,0.0004565429990179837,2.3392989533022046e-05,6.236199988052249e-05,0.00017930500325746834,3.675901098176837e-05,0.0
partial_dct,21,gOMP,optimized,0.00022964300296735018,2.212999970652163e-05,4.941000952385366e-05,8.18069966044277e-05,2.7030997443944216e-05,0.0
partial_dct,22,gOMP,baseline,0.00046450899390038103,2.5136017939075828e-05,6.603400106541812e-05,0.0001837379822973162,3.5649005440063775e-05,0.0
partial_dct,22,gOMP,optimized,0.00022296400857158005,2.296999446116388e-05,4.792900290340185e-05,7.79490073909983e-05,2.60780070675537e-05,0.0
partial_dct,23,gOMP,baseline,0.0005137150001246482,3.138800093438476e-05,7.037202885840088e-05,0.00018823299615178257,4.226299643050879e-05,0.0
partial_dct,23,gOMP,optimized,0.0002689889952307567,2.899800892919302e-05,5.399002111516893e-05,9.127598605118692e-05,3.06129950331524e-05,0.0
partial_dct,24,gOMP,baseline,0.0004786929930560291,2.287801180500537e-05,6.105200736783445e-05,0.0001980449742404744,3.952800761908293e-05,0.0
partial_dct,24,gOMP,optimized,0.00022515200544148684,2.042000414803624e-05,4.9054986448027194e-05,8.035401697270572e-05,2.7335016056895256e-05,0.0
partial_dct,25,gOMP,baseline,0.0005974649975541979,2.773497544694692e-05,7.116400229278952e-05,0.00026432798767928034,4.750398511532694e-05,0.0
partial_dct,25,gOMP,optimized,0.0002494970103725791,2.5749977794475853e-05,5.1498995162546635e-05,8.795299800112844e-05,2.956399112008512e-05,0.0
partial_dct,26,gOMP,baseline,0.0005119530105730519,2.77079816441983e-05,6.976700387895107e-05,0.00020858101197518408,4.384297062642872e-05,0.0
partial_dct,26,gOMP,optimized,0.0002446589933242649,2.6762005290947855e-05,4.905299283564091e-05,8.153099042829126e-05,3.707499126903713e-05,0.0
partial_dct,27,gOMP,baseline,0.0005106329917907715,2.920500992331654e-05,7.515399192925543e-05,0.0001963740069186315,4.058699414599687e-05,0.0
partial_dct,27,gOMP,optimized,0.00027809700986836106,2.2769003408029675e-05,4.679597623180598e-05,8.502299897372723e-05,2.6914014597423375e-05,0.0
partial_dct,28,gOMP,baseline,0.0005067640013294294,2.9167000320740044e-05,6.789001054130495e-05,0.00020493198826443404,4.327301576267928e-05,0.0
partial_dct,28,gOMP,optimized,0.00022655900102108717,2.4101973394863307e-05,4.92630060762167e-05,7.974199252203107e-05,2.58979998761788e-05,0.0
partial_dct,29,gOMP,baseline,0.0004986639978596941,2.8353999368846416e-05,6.710996967740357e-05,0.00018563000776339322,4.9686001148074865e-05,0.0
partial_dct,29,gOMP,optimized,0.0002507050085114315,2.3635991965420544e-05,4.902998625766486e-05,7.981200178619474e-05,2.7756992494687438e-05,0.0
partial_dct,30,gOMP,baseline,0.0004796309949597344,2.484401920810342e-05,6.58890203339979e-05,0.00018985199858434498,3.8457976188510656e-05,0.0
partial_dct,30,gOMP,optimized,0.00022463800269179046,2.167600905522704e-05,4.701899888459593e-05,8.10690107755363e-05,2.645999484229833e-05,0.0
partial_dct,31,gOMP,baseline,0.0004951940063619986,2.614401455502957e-05,6.671302253380418e-05,0.00018627797544468194,4.213400825392455e-05,0.0
partial_dct,31,gOMP,optimized,0.00022762799926567823,2.253000275231898e-05,5.19889872521162e-05,7.9590012319386e-05,2.637899888213724e-05,0.0
partial_dct,32,gOMP,baseline,0.0005060140101704746,2.82760156551376e-05,7.654000364709646e-05,0.00019472299027256668,4.140299279242754e-05,0.0
partial_dct,32,gOMP,optimized,0.0002896499936468899,2.6080990210175514e-05,5.321999196894467e-05,9.619799675419927e-05,5.8043005992658436e-05,0.0
partial_dct,33,gOMP,baseline,0.0004726570041384548,2.402202517259866e-05,6.461802695412189e-05,0.00018772500334307551,3.727599687408656e-05,0.0
partial_dct,33,gOMP,optimized,0.0002396970085101202,2.1268031559884548e-05,4.878699837718159e-05,9.116297587752342e-05,2.8300986741669476e-05,0.0
partial_dct,34,gOMP,baseline,0.0005081910057924688,2.967198088299483e-05,6.758602103218436e-05,0.00019209399761166424,4.022600478492677e-05,0.0
partial_dct,34,gOMP,optimized,0.00027351999597158283,3.118398308288306e-05,5.539099220186472e-05,0.00010050999117083848,3.3145013730973005e-05,0.0
partial_dct,35,gOMP,baseline,0.0005268699896987528,3.0225986847653985e-05,6.993397255428135e-05,0.0001961559901246801,3.935300628654659e-05,0.0
partial_dct,35,gOMP,optimized,0.0002579540014266968,2.4244014639407396e-05,6.689703150186688e-05,8.608298958279192e-05,2.8112990548834205e-05,0.0
partial_dct,36,gOMP,baseline,0.00046877899148967117,2.266098454128951e-05,6.383497384376824e-05,0.00018780400569085032,3.576201561372727e-05,0.0
partial_dct,36,gOMP,optimized,0.0002335559984203428,2.3661996237933636e-05,4.9833019147627056e-05,8.270400576293468e-05,2.8377980925142765e-05,0.0
partial_dct,37,gOMP,baseline,0.0005402419919846579,2.730199776124209e-05,0.00010541899246163666,0.00019897901802323759,4.249799530953169e-05,0.0
partial_dct,37,gOMP,optimized,0.0002332259900867939,2.316599420737475e-05,5.397698259912431e-05,8.035097562242299e-05,2.6476001949049532e-05,0.0
partial_dct,38,gOMP,baseline,0.0004876269958913326,2.9404996894299984e-05,6.392899376805872e-05,0.00018187999376095831,3.8811020203866065e-05,0.0
partial_dct,38,gOMP,optimized,0.00022988200362306088,2.423499245196581e-05,4.7196983359754086e-05,8.339497435372323e-05,2.6850990252569318e-05,0.0
partial_dct,39,gOMP,baseline,0.000509379999130033,2.7086978661827743e-05,6.818902329541743e-05,0.00018908901256509125,4.020999767817557e-05,0.0
partial_dct,39,gOMP,optimized,0.00026237299607601017,2.6861991500481963e-05,5.089100159239024e-05,0.00010028299584519118,3.0414012144319713e-05,0.0
partial_dct,40,gOMP,baseline,0.0004499019996728748,2.55129998549819e-05,6.051499804016203e-05,0.00017815902538131922,3.591401036828756e-05,0.0
partial_dct,40,gOMP,optimized,0.00023693600087426603,2.3136002710089087e-05,4.743298632092774e-05,7.880799239501357e-05,2.5657005608081818e-05,0.0
partial_dct,41,gOMP,baseline,0.0005812669987790287,3.138199099339545e-05,7.975498738233e-05,0.00022243398416321725,5.91529969824478e-05,0.0
partial_dct,41,gOMP,optimized,0.00027514300018083304,2.7934001991525292e-05,5.789499846287072e-05,9.760599641595036e-05,3.1551971915178e-05,0.0
partial_dct,42,gOMP,baseline,0.0004779229930136353,2.4388995370827615e-05,6.618499173782766e-05,0.00018443701264914125,4.318301216699183e-05,0.0
partial_dct,42,gOMP,optimized,0.0002486149896867573,2.0635008695535362e-05,5.090500053483993e-05,9.72860143519938e-05,2.908399619627744e-05,0.0
partial_dct,43,gOMP,baseline,0.0005106280004838482,3.348900645505637e-05,6.667200068477541e-05,0.00019324001914355904,4.771898966282606e-05,0.0
partial_dct,43,gOMP,optimized,0.000301911000860855,2.9304996132850647e-05,5.797302583232522e-05,0.00010131599265150726,3.370099875610322e-05,0.0
partial_dct,44,gOMP,baseline,0.0004855299921473488,3.052700776606798e-05,6.366200977936387e-05,0.00018960799206979573,4.4043976231478155e-05,0.0
partial_dct,44,gOMP,optimized,0.0002445919963065535,2.979101554956287e-05,5.117899854667485e-05,8.511199848726392e-05,2.9561007977463305e-05,0.0
partial_dct,45,gOMP,baseline,0.0004958189965691417,2.4817025405354798e-05,7.060798816382885e-05,0.00019093001901637763,3.800301055889577e-05,0.0
partial_dct,45,gOMP,optimized,0.0002772309962892905,3.81339923478663e-05,5.494701326824725e-05,9.503898036200553e-05,3.0125011107884347e-05,0.0
partial_dct,46,gOMP,baseline,0.0005259769968688488,3.0480034183710814e-05,7.901400385890156e-05,0.00019347600755281746,4.068599082529545e-05,0.0
partial_dct,46,gOMP,optimized,0.00023265701020136476,2.4217006284743547e-05,4.94679989060387e-05,8.259501191787422e-05,2.7005982701666653e-05,0.0
partial_dct,47,gOMP,baseline,0.0005212940013734624,2.8815993573516607e-05,6.943600601516664e-05,0.00019077099568676203,3.9516991819255054e-05,0.0
partial_dct,47,gOMP,optimized,0.00023662399325985461,2.4531997041776776e-05,4.972096940036863e-05,8.28569900477305e-05,2.81500251730904e-05,0.0
partial_dct,48,gOMP,baseline,0.00047093800094444305,2.543200389482081e-05,6.969300739001483e-05,0.00018001999706029892,4.113301110919565e-05,0.0
partial_dct,48,gOMP,optimized,0.00023678599973209202,2.524399315007031e-05,4.760200681630522e-05,8.272100239992142e-05,2.811901504173875e-05,0.0
partial_dct,49,gOMP,baseline,0.0004883859946858138,2.5496978196315467e-05,6.324499554466456e-05,0.00018389098113402724,3.544297942426056e-05,0.0
partial_dct,49,gOMP,optimized,0.00023915599740576,2.4141016183421016e-05,5.0583999836817384e-05,8.268399687949568e-05,2.7269998099654913e-05,0.0
partial_dct,50,gOMP,baseline,0.0005024740094086155,2.7409972972236574e-05,7.077700865920633e-05,0.00019814302504528314,4.036900645587593e-05,0.0
partial_dct,50,gOMP,optimized,0.00023057800717651844,2.414001210127026e-05,4.781798634212464e-05,8.222399628721178e-05,2.711800334509462e-05,0.0
partial_dct,51,gOMP,baseline,0.0005546720058191568,3.810899215750396e-05,8.78440187079832e-05,0.00020616798428818583,4.5122025767341256e-05,0.0
partial_dct,51,gOMP,optimized,0.0002548280026530847,2.1110012312419713e-05,5.161698209121823e-05,9.215898171532899e-05,3.745401045307517e-05,0.0
partial_dct,52,gOMP,baseline,0.0006799010006943718,3.8498983485624194e-05,9.85239603323862e-05,0.0002697189920581877,7.35999783501029e-05,0.0
partial_dct,52,gOMP,optimized,0.0002774070017039776,3.631501749623567e-05,5.439402593765408e-05,9.699302609078586e-05,3.3679985790513456e-05,0.0
partial_dct,53,gOMP,baseline,0.0005379990034271032,2.7927992050535977e-05,6.893298996146768e-05,0.00021461899450514466,4.462699871510267e-05,0.0
partial_dct,53,gOMP,optimized,0.0002352680021431297,2.4698019842617214e-05,5.035601498093456e-05,8.226798672694713e-05,2.7844012947753072e-05,0.0
partial_dct,54,gOMP,baseline,0.00047382198681589216,2.3904009140096605e-05,6.547899101860821e-05,0.00018921599257737398,3.618800838012248e-05,0.0
partial_dct,54,gOMP,optimized,0.000690732995280996,0.00011900500976480544,0.00012375001097097993,0.00022750398784410208,7.119399379007518e-05,0.0
partial_dct,55,gOMP,baseline,0.00046330600162036717,2.5626985006965697e-05,6.215801113285124e-05,0.00018289397121407092,3.7007019273005426e-05,0.0
partial_dct,55,gOMP,optimized,0.00022127499687485397,2.4349006707780063e-05,4.619601531885564e-05,7.720800931565464e-05,2.592999953776598e-05,0.0
partial_dct,56,gOMP,baseline,0.0004732580127893016,2.6236986741423607e-05,6.650899013038725e-05,0.0001845560036599636,3.885800833813846e-05,0.0
partial_dct,56,gOMP,optimized,0.00022491200070362538,2.3208995116874576e-05,4.700699355453253e-05,8.047702431213111e-05,2.6627021725289524e-05,0.0
partial_dct,57,gOMP,baseline,0.0005059980030637234,2.537202090024948e-05,6.970198592171073e-05,0.00019829398661386222,3.713100159075111e-05,0.0
partial_dct,57,gOMP,optimized,0.00022826899657957256,2.0983017748221755e-05,4.931900184601545e-05,8.242497278843075e-05,2.713699359446764e-05,0.0
partial_dct,58,gOMP,baseline,0.0005595620023086667,3.641299554146826e-05,7.528399873990566e-05,0.00020202298765070736,4.741000884678215e-05,0.0
partial_dct,58,gOMP,optimized,0.0002534240047680214,2.800398215185851e-05,4.905402602162212e-05,9.564496576786041e-05,2.7836969820782542e-05,0.0
partial_dct,59,gOMP,baseline,0.0004727440100396052,2.668399247340858e-05,6.539300375152379e-05,0.00018483400344848633,3.807702159974724e-05,0.0
partial_dct,59,gOMP,optimized,0.0002278199972352013,2.293298894073814e-05,4.8277011956088245e-05,8.06219904916361e-05,2.6956986403092742e-05,0.0
partial_dct,60,gOMP,baseline,0.00045841299288440496,2.584098547231406e-05,5.972897633910179e-05,0.0001821589976316318,3.805597953032702e-05,0.0
partial_dct,60,gOMP,optimized,0.00028497200401034206,2.737499016802758e-05,6.987000233493745e-05,9.195500751957297e-05,3.162496432196349e-05,0.0
partial_dct,61,gOMP,baseline,0.0006026740011293441,3.728794399648905e-05,7.652498607058078e-05,0.0002102000144077465,6.57860073260963e-05,0.0
partial_dct,61,gOMP,optimized,0.00032191800710279495,2.9365008231252432e-05,5.75159938307479e-05,0.00013420400500763208,3.745401045307517e-05,0.0
partial_dct,62,gOMP,baseline,0.0005020130047341809,2.746899554040283e-05,6.513301923405379e-05,0.00018995899881701916,5.4020987590774894e-05,0.0
partial_dct,62,gOMP,optimized,0.00024086199118755758,2.7164947823621333e-05,5.047998274676502e-05,8.412101306021214e-05,2.9543996788561344e-05,0.0
partial_dct,63,gOMP,baseline,0.0004976799973519519,2.7556990971788764e-05,6.538299203384668e-05,0.00020366001990623772,4.0916987927630544e-05,0.0
partial_dct,63,gOMP,optimized,0.0002535660023568198,2.4618988391011953e-05,6.23399973846972e-05,8.443198748864233e-05,2.7999994927085936e-05,0.0
partial_dct,64,gOMP,baseline,0.00046612399455625564,2.582698652986437e-05,6.312399636954069e-05,0.0001869260158855468,3.623899829108268e-05,0.0
partial_dct,64,gOMP,optimized,0.00022169799194671214,2.3234024411067367e-05,4.6524000936187804e-05,7.768398791085929e-05,2.7179004973731935e-05,0.0
partial_dct,65,gOMP,baseline,0.000597794001805596,2.8574999305419624e-05,7.728101627435535e-05,0.0002474729990353808,4.8874979256652296e-05,0.0
partial_dct,65,gOMP,optimized,0.00024522100284229964,2.3904023692011833e-05,5.099202098790556e-05,8.718900789972395e-05,2.7829009923152626e-05,0.0
partial_dct,66,gOMP,baseline,0.0004736139962915331,2.6242996682412922e-05,6.51239970466122e-05,0.00019002199405804276,3.628898411989212e-05,0.0
partial_dct,66,gOMP,optimized,0.00025602499954402447,2.357500488869846e-05,4.914098826702684e-05,8.144299499690533e-05,2.6887981221079826e-05,0.0
partial_dct,67,gOMP,baseline,0.0005158940039109439,2.815001062117517e-05,6.72349997330457e-05,0.00020395098545122892,3.936102439183742e-05,0.0
partial_dct,67,gOMP,optimized,0.00028811699303332716,2.675500581972301e-05,5.858302756678313e-05,0.00011229301162529737,3.435500548221171e-05,0.0
partial_dct,68,gOMP,baseline,0.0006153640133561566,2.8350012144073844e-05,7.142200774978846e-05,0.0002528220065869391,8.230797538999468e-05,0.0
partial_dct,68,gOMP,optimized,0.00023553799837827682,2.1680985810235143e-05,5.056802183389664e-05,8.407700806856155e-05,2.7981994207948446e-05,0.0
partial_dct,69,gOMP,baseline,0.0014231829991331324,0.00011008299770765007,0.00025277100212406367,0.0004416619776748121,0.0001260179706150666,0.0
partial_dct,69,gOMP,optimized,0.0004852720012422651,4.0705010178498924e-05,0.00010863697389140725,0.00015813899517524987,6.0340011259540915e-05,0.0
partial_dct,70,gOMP,baseline,0.00091343600070104,4.967297718394548e-05,0.0001299949799431488,0.0003451830125413835,7.609298336319625e-05,0.0
partial_dct,70,gOMP,optimized,0.000477605004562065,4.237100074533373e-05,0.00011005098349414766,0.00015953999536577612,6.716100324410945e-05,0.0
partial_dct,71,gOMP,baseline,0.0005050990002928302,2.564102760516107e-05,6.611000571865588e-05,0.00018138199811801314,3.780300903599709e-05,0.0
partial_dct,71,gOMP,optimized,0.00023591700301039964,2.2129985154606402e-05,5.020800745114684e-05,8.408601570408791e-05,2.7937974664382637e-05,0.0
partial_dct,72,gOMP,baseline,0.000460249008028768,2.6385998353362083e-05,6.310601020231843e-05,0.000180307004484348,3.7421006709337234e-05,0.0
partial_dct,72,gOMP,optimized,0.00021760599338449538,2.2548003471456468e-05,4.645799344871193e-05,7.630803156644106e-05,2.6120993425138295e-05,0.0
partial_dct,73,gOMP,baseline,0.00048798399802763015,3.0005990993231535e-05,6.64309918647632e-05,0.00018959301814902574,4.072899173479527e-05,0.0
partial_dct,73,gOMP,optimized,0.00023413299641106278,2.4916997062973678e-05,4.762799653690308e-05,8.43190064188093e-05,2.8353999368846416e-05,0.0
partial_dct,74,gOMP,baseline,0.0004646940069505945,2.8211972676217556e-05,6.277702050283551e-05,0.00018619101319927722,3.422198642510921e-05,0.0
partial_dct,74,gOMP,optimized,0.00021948899666313082,2.0908017177134752e-05,4.680499841924757e-05,7.79849651735276e-05,2.6776018785312772e-05,0.0
partial_dct,75,gOMP,baseline,0.000547025993000716,2.9017013730481267e-05,8.246897778008133e-05,0.00022215697390493006,4.503299714997411e-05,0.0
partial_dct,75,gOMP,optimized,0.00024241099890787154,2.4752982426434755e-05,5.062602576799691e-05,8.61930166138336e-05,2.820498775690794e-05,0.0
partial_dct,76,gOMP,baseline,0.0005176819977350533,2.899301762226969e-05,6.802298594266176e-05,0.00020660401787608862,4.5742985093966126e-05,0.0
partial_dct,76,gOMP,optimized,0.0002299049956491217,2.42609967244789e-05,4.877601168118417e-05,8.268198871519417e-05,2.6769019314087927e-05,0.0
partial_dct,77,gOMP,baseline,0.00046830800420138985,2.4100023438222706e-05,6.86410057824105e-05,0.00018460502906236798,3.5148957977071404e-05,0.0
partial_dct,77,gOMP,optimized,0.0002359790087211877,2.0749983377754688e-05,5.5908996728248894e-05,8.213799446821213e-05,2.757699985522777e-05,0.0
partial_dct,78,gOMP,baseline,0.00047091199667192996,2.820399822667241e-05,6.25749962637201e-05,0.00018628299585543573,3.905700577888638e-05,0.0
partial_dct,78,gOMP,optimized,0.0002348080015508458,2.4631997803226113e-05,4.80699964100495e-05,8.229601371567696e-05,2.757200854830444e-05,0.0
partial_dct,79,gOMP,baseline,0.0006428460037568584,4.095300391782075e-05,8.437900396529585e-05,0.0002473779895808548,6.275701161939651e-05,0.0
partial_dct,79,gOMP,optimized,0.00041444999806117266,3.789100446738303e-05,9.200398926623166e-05,0.00014704401837661862,4.7533001634292305e-05,0.0
partial_dct,80,gOMP,baseline,0.000461424991954118,2.3806001991033554e-05,6.479999865405262e-05,0.00018452601216267794,3.5316988942213356e-05,0.0
partial_dct,80,gOMP,optimized,0.00022677901142742485,2.062300336547196e-05,4.892199649475515e-05,8.26600007712841e-05,2.6743000489659607e-05,0.0
partial_dct,81,gOMP,baseline,0.0004765229969052598,2.9389993869699538e-05,6.289298471529037e-05,0.0001860839984146878,3.954801650252193e-05,0.0
partial_dct,81,gOMP,optimized,0.000257018007687293,2.502700954210013e-05,6.601499626412988e-05,8.485499711241573e-05,2.753600711002946e-05,0.0
partial_dct,82,gOMP,baseline,0.0005304880032781512,2.754999150056392e-05,6.916199345141649e-05,0.00021892698714509606,4.45729965576902e-05,0.0
partial_dct,82,gOMP,optimized,0.0002440899988869205,2.4159991880878806e-05,5.132598744239658e-05,8.632599201519042e-05,2.887602022383362e-05,0.0
partial_dct,83,gOMP,baseline,0.0006911139935255051,3.7093996070325375e-05,0.0001336109999101609,0.0002501010167179629,5.5118027376011014e-05,0.0
partial_dct,83,gOMP,optimized,0.00023548600438516587,2.1154002752155066e-05,4.906597314402461e-05,8.412299212068319e-05,2.7494010282680392e-05,0.0
partial_dct,84,gOMP,baseline,0.000503592993482016,2.7803995180875063e-05,6.593597936443985e-05,0.00018740700033959,4.8986010369844735e-05,0.0
partial_dct,84,gOMP,optimized,0.0002557520056143403,2.9353017453104258e-05,5.289602268021554e-05,8.790902211330831e-05,2.962297003250569e-05,0.0
partial_dct,85,gOMP,baseline,0.0011356049944879487,0.00017477798974141479,0.00014959898544475436,0.00038880099600646645,9.555599535815418e-05,0.0
partial_dct,85,gOMP,optimized,0.0003623100055847317,2.8476002626121044e-05,0.00011065199214499444,0.00012129799870308489,3.5168995964340866e-05,0.0
partial_dct,86,gOMP,baseline,0.00047176900261547416,2.345397660974413e-05,6.45589898340404e-05,0.000190788006875664,3.3573960536159575e-05,0.0
partial_dct,86,gOMP,optimized,0.00025291698693763465,2.81550019280985e-05,5.17799926456064e-05,9.23660263651982e-05,2.9151022317819297e-05,0.0
partial_dct,87,gOMP,baseline,0.00047535699559375644,2.845100243575871e-05,6.585998926311731e-05,0.00018387098680250347,4.047602124046534e-05,0.0
partial_dct,87,gOMP,optimized,0.0002686349907889962,2.7879999834112823e-05,5.4280986660160124e-05,9.99320182017982e-05,3.29870090354234e-05,0.0
partial_dct,88,gOMP,baseline,0.0005258710007183254,2.9529997846111655e-05,7.892100256867707e-05,0.0002031150070251897,4.336200072430074e-05,0.0
partial_dct,88,gOMP,optimized,0.00024259999918285757,2.51369783654809e-05,5.063902062829584e-05,8.684498607181013e-05,2.84690031548962e-05,0.0
partial_dct,89,gOMP,baseline,0.0006989319954300299,4.004000220447779e-05,9.616298484615982e-05,0.0002488859900040552,5.31060213688761e-05,0.0
partial_dct,89,gOMP,optimized,0.000503087998367846,4.7922992962412536e-05,0.00011656999413389713,0.00018078999710269272,6.387797475326806e-05,0.0
partial_dct,90,gOMP,baseline,0.0009420639980817214,5.12979895574972e-05,0.00013538901112042367,0.00035409998963586986,8.08100012363866e-05,0.0
partial_dct,90,gOMP,optimized,0.0004713500093203038,4.204998549539596e-05,0.00011036198702640831,0.00016469797992613167,5.870001041330397e-05,0.0
partial_dct,91,gOMP,baseline,0.00046286599535960704,2.6049005100503564e-05,6.245401164051145e-05,0.00018460501451045275,3.792099596466869e-05,0.0
partial_dct,91,gOMP,optimized,0.00022589800937566906,2.3201006115414202e-05,4.687400360126048e-05,8.03589791757986e-05,2.6731999241746962e-05,0.0
partial_dct,92,gOMP,baseline,0.0004748450010083616,2.6784007786773145e-05,6.756401853635907e-05,0.00018848701438400894,3.691999881993979e-05,0.0
partial_dct,92,gOMP,optimized,0.0002348569978494197,2.2890002583153546e-05,5.370601138565689e-05,8.30369972391054e-05,2.7049987693317235e-05,0.0
partial_dct,93,gOMP,baseline,0.0005190750089241192,2.7623987989500165e-05,7.101097435224801e-05,0.0002088939945679158,4.262800212018192e-05,0.0
partial_dct,93,gOMP,optimized,0.0002296820021001622,2.3922009859234095e-05,4.843599162995815e-05,8.23920127004385e-05,2.6952038751915097e-05,0.0
partial_dct,94,gOMP,baseline,0.0005272599955787882,2.6875990442931652e-05,6.601499626412988e-05,0.00020476602367125452,5.367999256122857e-05,0.0
partial_dct,94,gOMP,optimized,0.00025366600311826915,2.5690984330140054e-05,5.4351985454559326e-05,8.84769979165867e-05,3.082999319303781e-05,0.0
partial_dct,95,gOMP,baseline,0.0005102499999338761,3.860499418806285e-05,6.563297938555479e-05,0.00020387901167850941,4.147300205659121e-05,0.0
partial_dct,95,gOMP,optimized,0.0002623089967528358,2.5020999601110816e-05,5.018299270886928e-05,9.747198782861233e-05,2.8283975552767515e-05,0.0
partial_dct,96,gOMP,baseline,0.0004922810039715841,2.6335983420722187e-05,6.54720060992986e-05,0.00019901597988791764,4.2517000110819936e-05,0.0
partial_dct,96,gOMP,optimized,0.00022758799605071545,2.3236003471538424e-05,4.701600119005889e-05,8.2333994214423e-05,2.7104004402644932e-05,0.0
partial_dct,97,gOMP,baseline,0.0004913029988529161,2.601098094601184e-05,8.16639803815633e-05,0.00018888298654928803,3.851200744975358e-05,0.0
partial_dct,97,gOMP,optimized,0.0002206499921157956,2.23729875870049e-05,4.6784974983893335e-05,7.888102845754474e-05,2.6079011149704456e-05,0.0
partial_dct,98,gOMP,baseline,0.00046385699533857405,2.5215005734935403e-05,6.783400021959096e-05,0.00018212398572359234,3.595602174755186e-05,0.0
partial_dct,98,gOMP,optimized,0.00026292599795851856,2.4913999368436635e-05,6.68740103719756e-05,8.849201549310237e-05,2.9396993340924382e-05,0.0
partial_dct,99,gOMP,baseline,0.0005340939969755709,2.9887989512644708e-05,7.938097405713052e-05,0.000198880021343939,4.577799700200558e-05,0.0
partial_dct,99,gOMP,optimized,0.00022420000459533185,2.3051019525155425e-05,4.5913999201729894e-05,8.121797873172909e-05,2.6470006559975445e-05,0.0
partial_dct,100,gOMP,baseline,0.00046239000221248716,2.6344016077928245e-05,6.13979937043041e-05,0.00017857302736956626,3.629298589657992e-05,0.0
partial_dct,100,gOMP,optimized,0.00022384300245903432,2.4178996682167053e-05,4.640998668037355e-05,7.909000851213932e-05,2.6673005777411163e-05,0.0
partial_dct,101,gOMP,baseline,0.00045351900917012244,2.6663008611649275e-05,6.386097811628133e-05,0.00017647499043960124,3.555799776222557e-05,0.0
partial_dct,101,gOMP,optimized,0.00024584500351920724,2.541000139899552e-05,5.338898336049169e-05,8.564897871110588e-05,2.8505994123406708e-05,0.0
partial_dct,102,gOMP,baseline,0.0005153839883860201,3.191400901414454e-05,7.622901466675103e-05,0.00019972898007836193,4.0651008021086454e-05,0.0
partial_dct,102,gOMP,optimized,0.0002864399866666645,2.6397014153189957e-05,7.116301276255399e-05,9.774498175829649e-05,3.2800991903059185e-05,0.0
partial_dct,103,gOMP,baseline,0.0005738699983339757,2.985999162774533e-05,9.18729929253459e-05,0.00019728303595911711,4.300900036469102e-05,0.0
partial_dct,103,gOMP,optimized,0.00028282799758017063,2.3908985895104706e-05,7.484198431484401e-05,9.812998177949339e-05,2.991898509208113e-05,0.0
partial_dct,104,gOMP,baseline,0.0004965660045854747,2.8542999643832445e-05,6.495697016362101e-05,0.0001988220028579235,4.388301749713719e-05,0.0
partial_dct,104,gOMP,optimized,0.0002373710012761876,2.6745008653961122e-05,4.9650989240035415e-05,8.368202543351799e-05,2.8394017135724425e-05,0.0
partial_dct,105,gOMP,baseline,0.000897461999556981,4.701099533122033e-05,0.00013246499293018132,0.0003377310058567673,7.50740000512451e-05,0.0
partial_dct,105,gOMP,optimized,0.00043753300269600004,3.796099917963147e-05,0.00010238398681394756,0.0001540340163046494,5.580899596679956e-05,0.0
partial_dct,106,gOMP,baseline,0.001140744992881082,5.3039999329485e-05,0.00019886699737980962,0.0004313420067774132,9.46729996940121e-05,0.0
partial_dct,106,gOMP,optimized,0.000470355007564649,3.919401206076145e-05,0.00010357201972510666,0.00017763397772796452,5.684996722266078e-05,0.0
partial_dct,107,gOMP,baseline,0.0008263500058092177,4.4208005419932306e-05,0.00012331501056905836,0.00030643098580185324,7.000098412390798e-05,0.0
partial_dct,107,gOMP,optimized,0.0007418550085276365,4.4895001337863505e-05,0.00022112797887530178,0.0002627869980642572,8.231298124883324e-05,0.0
partial_dct,108,gOMP,baseline,0.00047787999210413545,2.2811000235378742e-05,7.239101978484541e-05,0.00018990399257745594,3.440100408624858e-05,0.0
partial_dct,108,gOMP,optimized,0.00022326299222186208,2.0638006390072405e-05,4.6537970774807036e-05,8.206098573282361e-05,2.6319001335650682e-05,0.0
partial_dct,109,gOMP,baseline,0.00045408499136101454,2.5865010684356093e-05,6.163003854453564e-05,0.000180532006197609,3.6106983316130936e-05,0.0
partial_dct,109,gOMP,optimized,0.00024322100216522813,2.3766988306306303e-05,4.641799023374915e-05,8.16639803815633e-05,2.61999957729131e-05,0.0
partial_dct,110,gOMP,baseline,0.000465556004201062,2.3023021640256047e-05,6.447898340411484e-05,0.0001846819941420108,3.3410004107281566e-05,0.0
partial_dct,110,gOMP,optimized,0.0002411399909760803,2.017499355133623e-05,4.999699012842029e-05,9.017200500238687e-05,2.8313021175563335e-05,0.0
partial_dct,111,gOMP,baseline,0.0005137499974807724,2.929898619186133e-05,8.421098755206913e-05,0.00019314599921926856,4.447100218385458e-05,0.0
partial_dct,111,gOMP,optimized,0.00023430898727383465,2.666597720235586e-05,4.731597437057644e-05,8.287501987069845e-05,2.7044006856158376e-05,0.0
partial_dct,112,gOMP,baseline,0.0005591680092038587,2.785999095067382e-05,7.640600961167365e-05,0.0001973530015675351,4.2257976019755006e-05,0.0
partial_dct,112,gOMP,optimized,0.0002447729930281639,2.2438005544245243e-05,5.277199670672417e-05,8.990000060293823e-05,2.808398858178407e-05,0.0
partial_dct,113,gOMP,baseline,0.0005342719960026443,2.8077003662474453e-05,7.131900929380208e-05,0.00021510498481802642,4.7178997192531824e-05,0.0
partial_dct,113,gOMP,optimized,0.00023529501049779356,2.397398930042982e-05,4.949400317855179e-05,8.37730331113562e-05,2.836099884007126e-05,0.0
partial_dct,114,gOMP,baseline,0.0005434949998743832,2.4697001208551228e-05,7.15890055289492e-05,0.00022173400793690234,5.14650164404884e-05,0.0
partial_dct,114,gOMP,optimized,0.00027037400286644697,3.559399920050055e-05,5.7276003644801676e-05,9.214499732479453e-05,3.0701005016453564e-05,0.0
partial_dct,115,gOMP,baseline,0.0006686970009468496,3.355700755491853e-05,8.38539854157716e-05,0.0002987280022352934,5.802602390758693e-05,0.0
partial_dct,115,gOMP,optimized,0.0002483319985913113,2.9960996471345425e-05,5.09580277139321e-05,8.476698712911457e-05,2.675599534995854e-05,0.0
partial_dct,116,gOMP,baseline,0.000489894999191165,2.4011998903006315e-05,6.583602225873619e-05,0.00019604001136031002,3.90880013583228e-05,0.0
partial_dct,116,gOMP,optimized,0.00023146899184212089,2.0315012079663575e-05,4.8501999117434025e-05,8.281298505607992e-05,2.8043999918736517e-05,0.0
partial_dct,117,gOMP,baseline,0.0004871440032729879,2.772998414002359e-05,6.581598427146673e-05,0.00018427900795359164,4.852100391872227e-05,0.0
partial_dct,117,gOMP,optimized,0.00029827300750184804,2.808202407322824e-05,7.29289895389229e-05,0.00011064601130783558,3.2477008062414825e-05,0.0
partial_dct,118,gOMP,baseline,0.00045015600335318595,2.257899905089289e-05,5.992699880152941e-05,0.00018081899906974286,3.572899731807411e-05,0.0
partial_dct,118,gOMP,optimized,0.00024280000070575625,2.234199200756848e-05,5.062198033556342e-05,8.374101889785379e-05,3.395200474187732e-05,0.0
partial_dct,119,gOMP,baseline,0.0006639869970967993,3.887199272867292e-05,8.017600339371711e-05,0.00021520401060115546,4.956102930009365e-05,0.0
partial_dct,119,gOMP,optimized,0.00024540600134059787,2.465100260451436e-05,5.294902075547725e-05,8.861902460921556e-05,2.7224989025853574e-05,0.0
partial_dct,120,gOMP,baseline,0.00046999599726404995,2.3477012291550636e-05,6.58029894111678e-05,0.00018470398208592087,3.512100374791771e-05,0.0
partial_dct,120,gOMP,optimized,0.00023961300030350685,2.0838997443206608e-05,5.051602784078568e-05,8.471203909721226e-05,2.9065966373309493e-05,0.0
partial_dct,121,gOMP,baseline,0.0005170630029169843,2.9750997782684863e-05,6.885400216560811e-05,0.00019766800687648356,4.1193008655682206e-05,0.0
partial_dct,121,gOMP,optimized,0.00023898700601421297,2.4015986127778888e-05,5.433903425000608e-05,8.456299838144332e-05,2.6973997591994703e-05,0.0
partial_dct,122,gOMP,baseline,0.0004504039970925078,2.2240987163968384e-05,6.243698589969426e-05,0.000182639982085675,3.216099867131561e-05,0.0
partial_dct,122,gOMP,optimized,0.00021913899399805814,2.0228995708748698e-05,4.667400207836181e-05,7.879998884163797e-05,2.6574998628348112e-05,0.0
partial_dct,123,gOMP,baseline,0.0007260760030476376,3.26309964293614e-05,0.00016049304394982755,0.0002687030064407736,5.303899524733424e-05,0.0
partial_dct,123,gOMP,optimized,0.0002358880010433495,2.4282009690068662e-05,4.8785979743115604e-05,8.611398516222835e-05,2.6785986847244203e-05,0.0
partial_dct,124,gOMP,baseline,0.0004964989930158481,2.3199987481348217e-05,6.640901847276837e-05,0.00020014599431306124,3.684496914502233e-05,0.0
partial_dct,124,gOMP,optimized,0.00025195999478455633,2.0775027223862708e-05,4.906998947262764e-05,9.69640095718205e-05,3.0947994673624635e-05,0.0
partial_dct,125,gOMP,baseline,0.0005405039992183447,2.6955996872857213e-05,8.829301805235445e-05,0.00020867701095994562,4.258297849446535e-05,0.0
partial_dct,125,gOMP,optimized,0.00026065600104629993,2.435001078993082e-05,5.2785020670853555e-05,0.00010006199590861797,3.050698433071375e-05,0.0
partial_dct,126,gOMP,baseline,0.0005934460059506819,2.5879009626805782e-05,9.356299415230751e-05,0.0002105570019921288,8.370299474336207e-05,0.0
partial_dct,126,gOMP,optimized,0.00023439599317498505,2.143099845852703e-05,5.1750976126641035e-05,8.412099850829691e-05,2.697599120438099e-05,0.0
partial_dct,127,gOMP,baseline,0.000552842000615783,2.9333008569665253e-05,7.15760252205655e-05,0.00022442499175667763,4.791199171449989e-05,0.0
partial_dct,127,gOMP,optimized,0.000244739989284426,2.48809956246987e-05,5.2369970944710076e-05,8.650300151202828e-05,2.873301855288446e-05,0.0
partial_dct,128,gOMP,baseline,0.0005292690038913861,2.814999606925994e-05,7.18160008545965e-05,0.00021509098587557673,4.397497104946524e-05,0.0
partial_dct,128,gOMP,optimized,0.00024273099552374333,2.4061984731815755e-05,5.025201244279742e-05,8.798700582701713e-05,2.787199628073722e-05,0.0
partial_dct,129,gOMP,baseline,0.00045790399599354714,2.2401989554055035e-05,6.212199514266104e-05,0.00017936600488610566,3.391999052837491e-05,0.0
partial_dct,129,gOMP,optimized,0.0002157260023523122,1.997298386413604e-05,4.6492990804836154e-05,7.709000783506781e-05,2.590201620478183e-05,0.0
partial_dct,130,gOMP,baseline,0.0004656779929064214,2.7575006242841482e-05,6.335398938972503e-05,0.00018236598407384008,3.928199294023216e-05,0.0
partial_dct,130,gOMP,optimized,0.00022024799545761198,2.3657994461245835e-05,4.6107976231724024e-05,7.686000026296824e-05,2.611300442367792e-05,0.0
partial_dct,131,gOMP,baseline,0.000480743998195976,2.6093010092154145e-05,6.216099427547306e-05,0.00018372001068200916,3.7761987186968327e-05,0.0
partial_dct,131,gOMP,optimized,0.0002538900007493794,2.499199763406068e-05,5.260399484541267e-05,9.175699960906059e-05,2.9995004297234118e-05,0.0
partial_dct,132,gOMP,baseline,0.0010500239877728745,5.9452009736560285e-05,0.0001614219945622608,0.0003629689890658483,0.00011728501704055816,0.0
partial_dct,132,gOMP,optimized,0.0005150920042069629,4.705501487478614e-05,0.00011416598863434047,0.00017668897635303438,6.238701462280005e-05,0.0
partial_dct,133,gOMP,baseline,0.0005359389906516299,2.8350987122394145e-05,7.17310031177476e-05,0.00022309200721792877,4.4100030208937824e-05,0.0
partial_dct,133,gOMP,optimized,0.00022977800108492374,2.3950007744133472e-05,4.8851987230591476e-05,8.137300028465688e-05,2.7250018320046365e-05,0.0
partial_dct,134,gOMP,baseline,0.0005234830023255199,2.9467992135323584e-05,6.775200017727911e-05,0.0002122879959642887,4.46749763796106e-05,0.0
partial_dct,134,gOMP,optimized,0.00024645699886605144,2.610099909361452e-05,5.2480987505987287e-05,8.861599781084806e-05,2.8798007406294346e-05,0.0
partial_dct,135,gOMP,baseline,0.0005241199978627264,2.9365983209572732e-05,7.705001917202026e-05,0.00019319599959999323,3.977898450102657e-05,0.0
partial_dct,135,gOMP,optimized,0.00022704900766257197,2.4024993763305247e-05,4.736000846605748e-05,8.13910155557096e-05,2.673298877198249e-05,0.0
partial_dct,136,gOMP,baseline,0.00046698701044078916,2.6503985282033682e-05,6.471299275290221e-05,0.0001853419962571934,3.69579647667706e-05,0.0
partial_dct,136,gOMP,optimized,0.00022434200218413025,2.3232016246765852e-05,4.633798380382359e-05,7.847600500099361e-05,2.635101554915309e-05,0.0
partial_dct,137,gOMP,baseline,0.0005479039973579347,4.1163977584801614e-05,7.45330034988001e-05,0.00021295799524523318,4.231801722198725e-05,0.0
partial_dct,137,gOMP,optimized,0.00024029800260905176,2.4273991584777832e-05,4.996301140636206e-05,8.372197044081986e-05,2.6730980607680976e-05,0.0
partial_dct,138,gOMP,baseline,0.0005601080047199503,3.0143011827021837e-05,7.84940057201311e-05,0.00022622899268753827,4.708202322944999e-05,0.0
partial_dct,138,gOMP,optimized,0.0002435000060359016,2.55200284300372e-05,4.9811002099886537e-05,8.601002627983689e-05,2.878702071029693e-05,0.0
partial_dct,139,gOMP,baseline,0.0005417619977379218,3.346099401824176e-05,6.71590241836384e-05,0.00022651301696896553,4.4729982619173825e-05,0.0
partial_dct,139,gOMP,optimized,0.0002495910011930391,2.5322966394014657e-05,5.313000292517245e-05,8.528499165549874e-05,2.961202699225396e-05,0.0
partial_dct,140,gOMP,baseline,0.001238769997144118,5.538802361115813e-05,0.00019997399067506194,0.0005411530000856146,8.88499926077202e-05,0.0
partial_dct,140,gOMP,optimized,0.0004382359911687672,3.7440971937030554e-05,0.0001038340269587934,0.0001519699872005731,5.195998528506607e-05,0.0
partial_dct,141,gOMP,baseline,0.0004758239956572652,2.819999644998461e-05,6.154998845886439e-05,0.00019229701138101518,3.585996455512941e-05,0.0
partial_dct,141,gOMP,optimized,0.00023486399732064456,2.4174005375243723e-05,4.836100561078638e-05,8.196200360544026e-05,2.7027010219171643e-05,0.0
partial_dct,142,gOMP,baseline,0.0005241000035312027,3.179600753355771e-05,7.04110279912129e-05,0.00019301999418530613,5.966500611975789e-05,0.0
partial_dct,142,gOMP,optimized,0.00022480299230664968,2.4744978873059154e-05,4.619901301339269e-05,8.066199370659888e-05,2.628302900120616e-05,0.0
partial_dct,143,gOMP,baseline,0.0004557030042633414,2.812300226651132e-05,6.11509894952178e-05,0.00017634796677157283,3.810599446296692e-05,0.0
partial_dct,143,gOMP,optimized,0.00022263098799157888,2.6052002795040607e-05,4.698800330515951e-05,7.699201523791999e-05,2.5866975192911923e-05,0.0
partial_dct,144,gOMP,baseline,0.0005667180084856227,3.9269012631848454e-05,7.337999704759568e-05,0.00020404602400958538,5.463798879645765e-05,0.0
partial_dct,144,gOMP,optimized,0.0010415389988338575,0.00014551599451806396,0.00025571000878699124,0.00027864001458510756,0.00010769297659862787,0.0
partial_dct,145,gOMP,baseline,0.0005248660017969087,3.05339926853776e-05,7.278499833773822e-05,0.0002026110014412552,4.165201971773058e-05,0.0
partial_dct,145,gOMP,optimized,0.00022721099958289415,2.4770983145572245e-05,4.747898492496461e-05,8.006200368981808e-05,2.6757013984024525e-05,0.0
partial_dct,146,gOMP,baseline,0.0006469350046245381,3.43930150847882e-05,0.00011427699064370245,0.00021065100736450404,4.747798084281385e-05,0.0
partial_dct,146,gOMP,optimized,0.0002881560067180544,2.5827015633694828e-05,5.409399454947561e-05,0.00011539700790308416,3.323997952975333e-05,0.0
partial_dct,147,gOMP,baseline,0.0009667260019341484,5.114299710839987e-05,0.00013654401118401438,0.00037829500797670335,8.386099943891168e-05,0.0
partial_dct,147,gOMP,optimized,0.000501895003253594,3.930300590582192e-05,0.00011110800551250577,0.00017227200441993773,8.239301678258926e-05,0.0
partial_dct,148,gOMP,baseline,0.0006056419952074066,4.9834998208098114e-05,9.43890045164153e-05,0.0002246730145998299,4.887901013717055e-05,0.0
partial_dct,148,gOMP,optimized,0.00023517399677075446,2.2908992832526565e-05,4.854099825024605e-05,8.354397141374648e-05,2.7219997718930244e-05,0.0
partial_dct,149,gOMP,baseline,0.0005539150006370619,3.095399006269872e-05,7.154297782108188e-05,0.00021873900550417602,5.125399911776185e-05,0.0
partial_dct,149,gOMP,optimized,0.000308824994135648,3.455100522842258e-05,6.97009963914752e-05,0.00010522399679757655,3.816900425590575e-05,0.0
partial_dct,150,gOMP,baseline,0.0008146630134433508,4.5465974835678935e-05,9.842602594289929e-05,0.0003270989836892113,8.188899664673954e-05,0.0
partial_dct,150,gOMP,optimized,0.0002635709970491007,2.517600660212338e-05,6.264098919928074e-05,9.096102439798415e-05,2.720400516409427e-05,0.0
partial_dct,151,gOMP,baseline,0.0004914239980280399,2.7994989068247378e-05,6.497501453850418e-05,0.0001990600285353139,3.7842008168809116e-05,0.0
partial_dct,151,gOMP,optimized,0.00022233399795368314,2.2667009034194052e-05,4.67710051452741e-05,7.934999302960932e-05,2.6088004233315587e-05,0.0
partial_dct,152,gOMP,baseline,0.0008029939926927909,0.00010589498560875654,9.117199806496501e-05,0.000237273023230955,6.526500510517508e-05,0.0
partial_dct,152,gOMP,optimized,0.0002481419942341745,2.4133973056450486e-05,5.3313036914914846e-05,8.771700959187001e-05,2.7960020815953612e-05,0.0
partial_dct,153,gOMP,baseline,0.00046701199607923627,2.6265988708473742e-05,6.091300747357309e-05,0.00018849399930331856,3.670601290650666e-05,0.0
partial_dct,153,gOMP,optimized,0.00025583800743333995,3.190099960193038e-05,5.0116999773308635e-05,8.875402272678912e-05,3.165300586260855e-05,0.0
partial_dct,154,gOMP,baseline,0.00045352100278250873,2.6394991436973214e-05,5.985802272334695e-05,0.00017212600505445153,3.476701385807246e-05,0.0
partial_dct,154,gOMP,optimized,0.0002694549912121147,2.54500046139583e-05,5.244801286607981e-05,0.00010775499686133116,2.9788017855025828e-05,0.0
partial_dct,155,gOMP,baseline,0.0004865950031671673,2.8246009605936706e-05,6.785198638681322e-05,0.0001838200114434585,3.8036989280954e-05,0.0
partial_dct,155,gOMP,optimized,0.00022337600239552557,2.267102536279708e-05,4.594300116878003e-05,7.763698522467166e-05,2.9650007490999997e-05,0.0
partial_dct,156,gOMP,baseline,0.0005038300005253404,2.8575988835655153e-05,7.881301280576736e-05,0.00019594999321270734,3.79020202672109e-05,0.0
partial_dct,156,gOMP,optimized,0.00024226499954238534,2.4030014174059033e-05,5.110401252750307e-05,8.881700341589749e-05,2.7147994842380285e-05,0.0
partial_dct,157,gOMP,baseline,0.0004523149982560426,2.5067987735383213e-05,6.255701009649783e-05,0.0001773289986886084,3.5334029234945774e-05,0.0
partial_dct,157,gOMP,optimized,0.00022482099302578717,2.3257001885212958e-05,4.723598249256611e-05,7.946697587613016e-05,2.7275993488729e-05,0.0
partial_dct,158,gOMP,baseline,0.00046318800013978034,3.123503120150417e-05,6.283899710979313e-05,0.00017969698819797486,3.6559998989105225e-05,0.0
partial_dct,158,gOMP,optimized,0.0002190850063925609,2.3212982341647148e-05,4.676898242905736e-05,7.74100044509396e-05,2.5694025680422783e-05,0.0
partial_dct,159,gOMP,baseline,0.0004944289976265281,2.5089000700972974e-05,6.919298903085291e-05,0.0001904370146803558,3.7295001675374806e-05,0.0
partial_dct,159,gOMP,optimized,0.00024765299167484045,2.3062006221152842e-05,5.154201062396169e-05,8.688903471920639e-05,2.7304005925543606e-05,0.0
partial_dct,160,gOMP,baseline,0.00045669601240660995,2.246697840746492e-05,6.149400724098086e-05,0.00018401998386252671,3.359699621796608e-05,0.0
partial_dct,160,gOMP,optimized,0.0002380359946982935,2.048398891929537e-05,4.683498991653323e-05,7.894496957305819e-05,3.701800596900284e-05,0.0
partial_dct,161,gOMP,baseline,0.0005342959921108559,2.625299384817481e-05,8.553998486604542e-05,0.00021154798741918057,3.7558042095042765e-05,0.0
partial_dct,161,gOMP,optimized,0.00032932199246715754,2.4633962311781943e-05,6.072001997381449e-05,0.00012400401465129107,3.789301263168454e-05,0.0
partial_dct,162,gOMP,baseline,0.0006416069954866543,4.695697862189263e-05,8.585001341998577e-05,0.00021937800920568407,7.013800495769829e-05,0.0
partial_dct,162,gOMP,optimized,0.00024182700144592673,2.6223016902804375e-05,4.954301402904093e-05,8.774703019298613e-05,2.7850997867062688e-05,0.0
partial_dct,163,gOMP,baseline,0.00046773299982305616,2.3004002287052572e-05,6.614201993215829e-05,0.00018783398263622075,3.3073025406338274e-05,0.0
partial_dct,163,gOMP,optimized,0.00021889799972996116,1.8889026250690222e-05,4.591001197695732e-05,8.039898239076138e-05,2.633898111525923e-05,0.0
partial_dct,164,gOMP,baseline,0.00046340099652297795,2.322498767171055e-05,6.713902985211462e-05,0.0001839949982240796,3.416699473746121e-05,0.0
partial_dct,164,gOMP,optimized,0.00023200099531095475,2.0235995179973543e-05,5.013299232814461e-05,8.388700371142477e-05,2.6169000193476677e-05,0.0
partial_dct,165,gOMP,baseline,0.0005726329982280731,3.1535018933936954e-05,7.565702253486961e-05,0.0002157179987989366,4.53060056315735e-05,0.0
partial_dct,165,gOMP,optimized,0.00026661099400371313,2.7738991775549948e-05,5.660098395310342e-05,9.358199895359576e-05,3.100301546510309e-05,0.0
partial_dct,166,gOMP,baseline,0.0005769830022472888,2.8619993827305734e-05,0.00011006400745827705,0.00021281401859596372,4.3840991565957665e-05,0.0
partial_dct,166,gOMP,optimized,0.00023950300237629563,2.1660991478711367e-05,5.0512986490502954e-05,8.714098657947034e-05,2.9884002287872136e-05,0.0
partial_dct,167,gOMP,baseline,0.0007353629916906357,4.879600601270795e-05,0.00013310702343005687,0.00024112497339956462,7.127897697500885e-05,0.0
partial_dct,167,gOMP,optimized,0.0003697159991133958,4.0422994061373174e-05,6.459500582423061e-05,0.00012290601443964988,7.633099448867142e-05,0.0
partial_dct,168,gOMP,baseline,0.0004651869967347011,2.6040012016892433e-05,6.270597805269063e-05,0.00018421802087686956,3.6806988646276295e-05,0.0
partial_dct,168,gOMP,optimized,0.00022366100165527314,2.38250067923218e-05,4.61349991383031e-05,7.927996921353042e-05,2.5949004339054227e-05,0.0
partial_dct,169,gOMP,baseline,0.0005796469922643155,3.438002022448927e-05,9.616799070499837e-05,0.00021361898689065129,5.464599234983325e-05,0.0
partial_dct,169,gOMP,optimized,0.0002827090065693483,2.8185007977299392e-05,5.766702815890312e-05,0.00010086297697853297,3.244800609536469e-05,0.0
partial_dct,170,gOMP,baseline,0.0005081960116513073,2.985098399221897e-05,8.60310101415962e-05,0.00018963898764923215,4.154098860453814e-05,0.0
partial_dct,170,gOMP,optimized,0.00023522399715147913,2.938597754109651e-05,4.8089976189658046e-05,8.197600254788995e-05,2.7433023205958307e-05,0.0
partial_dct,171,gOMP,baseline,0.0005579919961746782,2.9768998501822352e-05,9.485999180469662e-05,0.0002116829709848389,4.4827000238001347e-05,0.0
partial_dct,171,gOMP,optimized,0.00026964400603901595,2.694800787139684e-05,5.601701559498906e-05,0.00010053400183096528,2.9719012673012912e-05,0.0
partial_dct,172,gOMP,baseline,0.0005213910044403747,2.736500755418092e-05,8.532599895261228e-05,0.00019889201212208718,4.341700696386397e-05,0.0
partial_dct,172,gOMP,optimized,0.00027101598971057683,2.467398007865995e-05,5.620298907160759e-05,9.039601718541235e-05,2.9993010684847832e-05,0.0
partial_dct,173,gOMP,baseline,0.0004909979907097295,2.4500011932104826e-05,7.812802505213767e-05,0.00019029898976441473,3.7435005651786923e-05,0.0
partial_dct,173,gOMP,optimized,0.00023138000688049942,2.140800643246621e-05,5.317300383467227e-05,8.104598964564502e-05,2.7147994842380285e-05,0.0
partial_dct,174,gOMP,baseline,0.0005374320026021451,2.953103103209287e-05,7.233901123981923e-05,0.00019776499539148062,4.004602669738233e-05,0.0
partial_dct,174,gOMP,optimized,0.00023765700461808592,2.499298716429621e-05,4.892099241260439e-05,8.37310217320919e-05,2.8982991352677345e-05,0.0
partial_dct,175,gOMP,baseline,0.0005005769926356152,2.454899367876351e-05,7.017399184405804e-05,0.00019697798416018486,3.867199120577425e-05,0.0
partial_dct,175,gOMP,optimized,0.0003084299969486892,2.0810985006392002e-05,9.590500849299133e-05,0.00010133898467756808,3.133103018626571e-05,0.0
partial_dct,176,gOMP,baseline,0.0005179430008865893,2.5280998670496047e-05,7.908100087661296e-05,0.0002071759954560548,3.810599446296692e-05,0.0
partial_dct,176,gOMP,optimized,0.0002401509991614148,3.009200736414641e-05,5.042100383434445e-05,8.214298577513546e-05,2.7065994800068438e-05,0.0
partial_dct,177,gOMP,baseline,0.00045437800872605294,2.2316991817206144e-05,6.103703344706446e-05,0.0001837719901232049,3.338599344715476e-05,0.0
partial_dct,177,gOMP,optimized,0.00022880200413055718,2.1376967197284102e-05,4.658702528104186e-05,8.14460072433576e-05,2.7188973035663366e-05,0.0
partial_dct,178,gOMP,baseline,0.0005205670022405684,2.7956994017586112e-05,7.218000246211886e-05,0.0002040479885181412,4.1682011215016246e-05,0.0
partial_dct,178,gOMP,optimized,0.0002617419959278777,2.2630018065683544e-05,5.972098733764142e-05,9.262000094167888e-05,2.9730013920925558e-05,0.0
partial_dct,179,gOMP,baseline,0.0004667350003728643,2.470500476192683e-05,6.35920005152002e-05,0.00018716602062340826,3.5635996027849615e-05,0.0
partial_dct,179,gOMP,optimized,0.0002429470041533932,2.1415005903691053e-05,5.5890981457196176e-05,8.500200056005269e-05,2.6695008273236454e-05,0.0
partial_dct,180,gOMP,baseline,0.0005319170013535768,2.7665984816849232e-05,7.348698272835463e-05,0.0001998610096052289,4.57669812021777e-05,0.0
partial_dct,180,gOMP,optimized,0.00023782798962201923,2.1433996153064072e-05,4.891501157544553e-05,8.418898505624384e-05,2.8041002224199474e-05,0.0
partial_dct,181,gOMP,baseline,0.00046059499436523765,2.7182017220184207e-05,6.051702075637877e-05,0.0001798979938030243,3.935200220439583e-05,0.0
partial_dct,181,gOMP,optimized,0.00023632700322195888,2.5412009563297033e-05,4.993900074623525e-05,8.30990175018087e-05,2.7698013582266867e-05,0.0
partial_dct,182,gOMP,baseline,0.000608029993600212,2.8384994948282838e-05,7.669904152862728e-05,0.0002569600037531927,4.4796004658564925e-05,0.0
partial_dct,182,gOMP,optimized,0.0002468499878887087,2.4020002456381917e-05,5.341198993846774e-05,8.770899148657918e-05,2.958698314614594e-05,0.0
partial_dct,183,gOMP,baseline,0.0004699480050476268,2.438199589960277e-05,6.440695142373443e-05,0.0001864889927674085,3.625299723353237e-05,0.0
partial_dct,183,gOMP,optimized,0.00022725701273884624,2.0939012756571174e-05,4.9649024731479585e-05,8.079501276370138e-05,2.7231013518758118e-05,0.0
partial_dct,184,gOMP,baseline,0.0008499570103595033,3.467299393378198e-05,8.79650324350223e-05,0.00035012001171708107,8.237098518293351e-05,0.0
partial_dct,184,gOMP,optimized,0.0002440149983158335,2.1155996364541352e-05,5.666000652126968e-05,8.641699969302863e-05,2.772401785477996e-05,0.0
partial_dct,185,gOMP,baseline,0.0005239019956206903,2.9821982025168836e-05,7.205200381577015e-05,0.00020021000818815082,3.95909883081913e-05,0.0
partial_dct,185,gOMP,optimized,0.0002468799939379096,2.5029003154486418e-05,4.8483008868061006e-05,8.536000677850097e-05,2.759098424576223e-05,0.0
partial_dct,186,gOMP,baseline,0.0005141260044183582,2.671900438144803e-05,6.950600072741508e-05,0.00019435700960457325,3.720801032613963e-05,0.0
partial_dct,186,gOMP,optimized,0.00022448999516200274,2.0256018615327775e-05,4.802599141839892e-05,8.064301800914109e-05,2.6875000912696123e-05,0.0
partial_dct,187,gOMP,baseline,0.0008776860049692914,3.3127027563750744e-05,0.0003005040198331699,0.00027389900060370564,5.98310143686831e-05,0.0
partial_dct,187,gOMP,optimized,0.00024114300322253257,2.1063984604552388e-05,5.1964991143904626e-05,8.78020073287189e-05,2.74010089924559e-05,0.0
partial_dct,188,gOMP,baseline,0.0009060199954546988,4.588397860061377e-05,0.00013291201321408153,0.00034572495496831834,7.561400707345456e-05,0.0
partial_dct,188,gOMP,optimized,0.00040371100476477295,3.5119999665766954e-05,9.424502786714584e-05,0.00013929401757195592,4.9201000365428627e-05,0.0
partial_dct,189,gOMP,baseline,0.0009302770049544051,5.2005008910782635e-05,0.00013266799214761704,0.00036448700120672584,7.612099580001086e-05,0.0
partial_dct,189,gOMP,optimized,0.0005478050006786361,5.4674994316883385e-05,0.00011134101077914238,0.00018896401161327958,6.420900172088295e-05,0.0
partial_dct,190,gOMP,baseline,0.0008913640049286187,4.448399704415351e-05,0.00015130000247154385,0.00033199600875377655,7.42150004953146e-05,0.0
partial_dct,190,gOMP,optimized,0.0004196310037514195,3.502497565932572e-05,9.756597864907235e-05,0.00014744099462404847,4.9156995373778045e-05,0.0
partial_dct,191,gOMP,baseline,0.00048820000665728003,2.364102692808956e-05,6.42110244370997e-05,0.00019969600543845445,3.8672995287925005e-05,0.0
partial_dct,191,gOMP,optimized,0.00022230700415093452,2.0339983166195452e-05,4.741999146062881e-05,8.055000216700137e-05,2.628499350976199e-05,0.0
partial_dct,192,gOMP,baseline,0.000496122011099942,2.4708991986699402e-05,8.070198236964643e-05,0.0001919390051625669,3.7430989323183894e-05,0.0
partial_dct,192,gOMP,optimized,0.0002249670069431886,2.0384002709761262e-05,4.6818997361697257e-05,8.100998820737004e-05,2.7214002329856157e-05,0.0
partial_dct,193,gOMP,baseline,0.00046617900079581887,2.5322005967609584e-05,6.344099529087543e-05,0.00018713199824560434,3.5384990042075515e-05,0.0
partial_dct,193,gOMP,optimized,0.0002282390050822869,2.3383006919175386e-05,4.776401328854263e-05,8.097499085124582e-05,2.705502265598625e-05,0.0
partial_dct,194,gOMP,baseline,0.0004896769969491288,2.3235988919623196e-05,6.541697075590491e-05,0.00020246399799361825,3.731198376044631e-05,0.0
partial_dct,194,gOMP,optimized,0.00022184000408742577,1.9813989638350904e-05,4.8242000048048794e-05,7.902398647274822e-05,2.6726003852672875e-05,0.0
partial_dct,195,gOMP,baseline,0.0005421730020316318,2.6403984520584345e-05,8.789000276010484e-05,0.00021175399888306856,4.1014995076693594e-05,0.0
partial_dct,195,gOMP,optimized,0.0002488070022081956,2.327300899196416e-05,5.2831979701295495e-05,8.838401117827743e-05,2.9768983949907124e-05,0.0
partial_dct,196,gOMP,baseline,0.0004917769983876497,2.3177999537438154e-05,6.738000956829637e-05,0.00018654100131243467,3.527900844346732e-05,0.0
partial_dct,196,gOMP,optimized,0.0002586859918665141,2.438102092128247e-05,5.304500518832356e-05,9.622698416933417e-05,2.8641996323131025e-05,0.0
partial_dct,197,gOMP,baseline,0.00047305799671448767,2.6146983145736158e-05,6.536298315040767e-05,0.00018730800366029143,3.612697764765471e-05,0.0
partial_dct,197,gOMP,optimized,0.0002704760117921978,2.4509005015715957e-05,4.986200656276196e-05,8.360801439266652e-05,3.314798232167959e-05,0.0
partial_dct,198,gOMP,baseline,0.00047808799718040973,2.736900933086872e-05,6.459098949562758e-05,0.00018797999655362219,3.983199712820351e-05,0.0
partial_dct,198,gOMP,optimized,0.0002808490098686889,3.509999078232795e-05,6.201901123858988e-05,9.456898260395974e-05,3.3899006666615605e-05,0.0
partial_dct,199,gOMP,baseline,0.0005507470050361007,2.9028014978393912e-05,7.357601134572178e-05,0.0001926969998748973,3.969497629441321e-05,0.0
partial_dct,199,gOMP,optimized,0.00024033199588302523,3.053498221561313e-05,4.834300489164889e-05,8.383399108424783e-05,2.749002305790782e-05,0.0
partial_dct,200,gOMP,baseline,0.0005119409906910732,2.6955996872857213e-05,6.860701250843704e-05,0.00021307200950104743,4.0305021684616804e-05,0.0
partial_dct,200,gOMP,optimized,0.00022897600138094276,2.4013963411562145e-05,4.843897477257997e-05,8.164597966242582e-05,2.6784007786773145e-05,0.0
partial_dct,201,gOMP,baseline,0.0004829949903069064,2.8533002478070557e-05,6.717799988109618e-05,0.0001882619981188327,3.999299951829016e-05,0.0
partial_dct,201,gOMP,optimized,0.00022729799093212932,2.3925997084006667e-05,4.811899270862341e-05,7.995300984475762e-05,2.6816007448360324e-05,0.0
partial_dct,202,gOMP,baseline,0.00047713599633425474,2.391100861132145e-05,6.378699617926031e-05,0.00019435700960457325,3.593301516957581e-05,0.0
partial_dct,202,gOMP,optimized,0.0002917280071415007,2.328601840417832e-05,9.03069885680452e-05,9.229301940649748e-05,3.0396011425182223e-05,0.0
partial_dct,203,gOMP,baseline,0.0004939979990012944,2.617700374685228e-05,7.140699017327279e-05,0.0001926839759107679,3.896003181580454e-05,0.0
partial_dct,203,gOMP,optimized,0.0002375290059717372,2.3735003196634352e-05,4.845003422815353e-05,8.515302033629268e-05,2.7403992135077715e-05,0.0
partial_dct,204,gOMP,baseline,0.0005502309941221029,3.302701225038618e-05,7.915998867247254e-05,0.00021327301510609686,4.426696978043765e-05,0.0
partial_dct,204,gOMP,optimized,0.0003548099921317771,2.9273011023178697e-05,6.20269711362198e-05,0.00015784699644427747,3.896100679412484e-05,0.0
partial_dct,205,gOMP,baseline,0.0009206839895341545,4.6043976908549666e-05,0.00013805300113745034,0.0003363189898664132,7.476398604921997e-05,0.0
partial_dct,205,gOMP,optimized,0.0005109900084789842,4.0781014831736684e-05,0.00013501098146662116,0.00016932397556956857,6.509099330287427e-05,0.0
partial_dct,206,gOMP,baseline,0.001093590006348677,6.348099850583822e-05,0.00015932101814541966,0.00039427100273314863,9.166402742266655e-05,0.0
partial_dct,206,gOMP,optimized,0.0004833310085814446,4.492898005992174e-05,0.00010872901475522667,0.00016934200539253652,6.315500650089234e-05,0.0
partial_dct,207,gOMP,baseline,0.0006989590037846938,3.646896220743656e-05,9.683800453785807e-05,0.00028164900140836835,5.5180033086799085e-05,0.0
partial_dct,207,gOMP,optimized,0.0003296880022389814,3.2804004149511456e-05,7.19410163583234e-05,0.00011297002492938191,3.9407997974194586e-05,0.0
partial_dct,208,gOMP,baseline,0.0007467789982911199,3.848297637887299e-05,0.00010920599743258208,0.00029149302281439304,5.650799721479416e-05,0.0
partial_dct,208,gOMP,optimized,0.0004285469913156703,3.2970012398436666e-05,8.801503281574696e-05,0.0001639880210859701,4.848500248044729e-05,0.0
partial_dct,209,gOMP,baseline,0.000581330998102203,3.171898424625397e-05,0.00010583498806226999,0.00021075899712741375,5.032596527598798e-05,0.0
partial_dct,209,gOMP,optimized,0.0002405279956292361,2.392900933045894e-05,5.045099533163011e-05,8.840402006171644e-05,2.8076974558643997e-05,0.0
partial_dct,210,gOMP,baseline,0.0004827429947908968,3.101899346802384e-05,6.677501369267702e-05,0.00018435298989061266,4.395698488224298e-05,0.0
partial_dct,210,gOMP,optimized,0.00026728400553110987,4.374599666334689e-05,5.325498932506889e-05,8.919001265894622e-05,2.9843009542673826e-05,0.0
partial_dct,211,gOMP,baseline,0.0005736799939768389,2.8048016247339547e-05,8.437701035290956e-05,0.0002137380070053041,4.290297511033714e-05,0.0
partial_dct,211,gOMP,optimized,0.0002294289879500866,2.0661012968048453e-05,4.804402124136686e-05,8.485601574648172e-05,2.6790003175847232e-05,0.0
partial_dct,212,gOMP,baseline,0.00045859700185246766,2.577799023129046e-05,6.256501364987344e-05,0.00018069198995362967,3.698299406096339e-05,0.0
partial_dct,212,gOMP,optimized,0.00021871499484404922,2.288301766384393e-05,4.562300455290824e-05,7.815298158675432e-05,2.5899993488565087e-05,0.0
partial_dct,213,gOMP,baseline,0.0009297829965362325,4.887797695118934e-05,0.00013306201435625553,0.0003167189861414954,9.961701289284974e-05,0.0
partial_dct,213,gOMP,optimized,0.0004700169956777245,6.401502469088882e-05,0.00010469299741089344,0.00015803001588210464,5.569697532337159e-05,0.0
partial_dct,214,gOMP,baseline,0.0007389689999399707,3.4931013942696154e-05,0.00013434399443212897,0.00025880997418425977,8.067999442573637e-05,0.0
partial_dct,214,gOMP,optimized,0.00023873800819274038,2.1458021365106106e-05,5.057200905866921e-05,8.449102460872382e-05,2.8998038033023477e-05,0.0
partial_dct,215,gOMP,baseline,0.00048247700033243746,2.5137996999546885e-05,7.092099986039102e-05,0.00018933697720058262,3.8098005461506546e-05,0.0
partial_dct,215,gOMP,optimized,0.00023864700051490217,2.5379020371474326e-05,4.8614005208946764e-05,8.643101318739355e-05,2.8099006158299744e-05,0.0
partial_dct,216,gOMP,baseline,0.0005518730031326413,2.7536996640264988e-05,8.440698729828e-05,0.00020083201525267214,6.274899351410568e-05,0.0
partial_dct,216,gOMP,optimized,0.0002429189917165786,2.2876993170939386e-05,5.0816015573218465e-05,8.81030282471329e-05,2.938702527899295e-05,0.0
partial_dct,217,gOMP,baseline,0.00052432699885685,2.8263995773158967e-05,7.358199218288064e-05,0.00019730802159756422,5.083502037450671e-05,0.0
partial_dct,217,gOMP,optimized,0.000335747012286447,2.9073009500280023e-05,9.744598355609924e-05,0.00011065302533097565,3.594899317249656e-05,0.0
partial_dct,218,gOMP,baseline,0.0004825859941774979,2.4365013814531267e-05,7.070100400596857e-05,0.00019182001415174454,3.490399103611708e-05,0.0
partial_dct,218,gOMP,optimized,0.00028776000544894487,2.502399729564786e-05,5.6545017287135124e-05,0.00011485698632895947,3.494399425107986e-05,0.0
partial_dct,219,gOMP,baseline,0.0005529810005100444,3.0709998100064695e-05,0.00010955000470858067,0.00019728799816221,4.7542009269818664e-05,0.0
partial_dct,219,gOMP,optimized,0.00023749300453346223,2.6391979190520942e-05,4.88319928990677e-05,8.461601100862026e-05,2.799899084493518e-05,0.0
partial_dct,220,gOMP,baseline,0.0009167600073851645,4.795299901161343e-05,0.00013569000293500721,0.00035317501169629395,8.100100967567414e-05,0.0
partial_dct,220,gOMP,optimized,0.0004821149923373014,4.003901267424226e-05,0.00010513199958950281,0.0001639849942876026,5.445699207484722e-05,0.0
partial_dct,221,gOMP,baseline,0.0011874920019181445,6.55970216030255e-05,0.00017231598030775785,0.0004871050186920911,0.00011596801050473005,0.0
partial_dct,221,gOMP,optimized,0.0002621849998831749,2.2634994820691645e-05,5.637701542582363e-05,9.366299491375685e-05,2.9190006898716092e-05,0.0
partial_dct,222,gOMP,baseline,0.0004620140098268166,2.5309986085630953e-05,6.33879826636985e-05,0.0001825589861255139,3.640598151832819e-05,0.0
partial_dct,222,gOMP,optimized,0.00023400899954140186,2.2086984245106578e-05,4.846596857532859e-05,8.43820016598329e-05,2.7867965400218964e-05,0.0
partial_dct,223,gOMP,baseline,0.00046922400360926986,2.4255976313725114e-05,6.636501348111778e-05,0.00018344500858802348,3.7290010368451476e-05,0.0
partial_dct,223,gOMP,optimized,0.0002490760089131072,2.333798329345882e-05,5.2785020670853555e-05,8.788701961748302e-05,2.962601138278842e-05,0.0
partial_dct,224,gOMP,baseline,0.00048792500456329435,2.2351989173330367e-05,7.908297993708402e-05,0.00018848202307708561,3.634599852375686e-05,0.0
partial_dct,224,gOMP,optimized,0.00021072699746582657,1.8695995095185935e-05,4.450397682376206e-05,7.60320108383894e-05,2.541400317568332e-05,0.0
partial_dct,225,gOMP,baseline,0.0004758529976243153,2.4662018404342234e-05,6.915602716617286e-05,0.00018801100668497384,3.5892968298867345e-05,0.0
partial_dct,225,gOMP,optimized,0.00022577799973078072,2.0387014956213534e-05,4.61810122942552e-05,8.249000529758632e-05,2.5990986614488065e-05,0.0
partial_dct,226,gOMP,baseline,0.0005678279994754121,2.7739995857700706e-05,9.475200204178691e-05,0.00020621498697437346,5.9336001868359745e-05,0.0
partial_dct,226,gOMP,optimized,0.0002872949989978224,2.3249012883752584e-05,5.6945980759337544e-05,0.00011006301792804152,3.618501068558544e-05,0.0
partial_dct,227,gOMP,baseline,0.0006175129965413362,3.262702375650406e-05,8.546300523448735e-05,0.00025049598480109125,4.466700193006545e-05,0.0
partial_dct,227,gOMP,optimized,0.00030264200177043676,2.613601100165397e-05,6.458298594225198e-05,0.00010740899597294629,3.612699219956994e-05,0.0
partial_dct,228,gOMP,baseline,0.0005570850044023246,3.339101385790855e-05,7.844904030207545e-05,0.00021936600387562066,5.250499816611409e-05,0.0
partial_dct,228,gOMP,optimized,0.0002563900052336976,2.4340013624168932e-05,5.968300683889538e-05,9.043900354299694e-05,2.8887996450066566e-05,0.0
partial_dct,229,gOMP,baseline,0.00047122398973442614,2.258301537949592e-05,6.284397386480123e-05,0.00018022899166680872,3.3271004213020205e-05,0.0
partial_dct,229,gOMP,optimized,0.0003145219961879775,2.0709994714707136e-05,4.939599602948874e-05,0.00015374399663414806,3.317800292279571e-05,0.0
partial_dct,230,gOMP,baseline,0.001096086998586543,7.311298395507038e-05,0.00018004002049565315,0.00036364898551255465,9.588198736310005e-05,0.0
partial_dct,230,gOMP,optimized,0.00041740101005416363,3.79730190616101e-05,6.667501293122768e-05,0.00012217900075484067,5.342601798474789e-05,0.0
partial_dct,231,gOMP,baseline,0.0005040469986852258,2.3297994630411267e-05,6.551500700879842e-05,0.0001966070121852681,3.605599340517074e-05,0.0
partial_dct,231,gOMP,optimized,0.00024862900318112224,2.086599124595523e-05,5.462800618261099e-05,9.291901369579136e-05,2.8611000743694603e-05,0.0
partial_dct,232,gOMP,baseline,0.001003599987598136,5.1593990065157413e-05,0.0001420530170435086,0.0003744420100701973,0.00010366801870986819,0.0
partial_dct,232,gOMP,optimized,0.0004786930076079443,4.0615006582811475e-05,0.0001083870156435296,0.00017359101912006736,6.047899660188705e-05,0.0
partial_dct,233,gOMP,baseline,0.000900522994925268,4.6244997065514326e-05,0.0001536370109533891,0.000317192985676229,7.316599658224732e-05,0.0
partial_dct,233,gOMP,optimized,0.00043779899715445936,3.7645018892362714e-05,0.00010076699254568666,0.00015516801795456558,5.530800262931734e-05,0.0
partial_dct,234,gOMP,baseline,0.0004511980077950284,2.2685984731651843e-05,6.094897980801761e-05,0.0001808549859561026,3.501596802379936e-05,0.0
partial_dct,234,gOMP,optimized,0.0002248350065201521,2.041102561634034e-05,5.1445967983454466e-05,7.875000301282853e-05,2.671100082807243e-05,0.0
partial_dct,235,gOMP,baseline,0.00047695799730718136,2.8441980248317122e-05,6.495600973721594e-05,0.0001869460247689858,3.999196633230895e-05,0.0
partial_dct,235,gOMP,optimized,0.00028777999978046864,3.165598900523037e-05,5.4293996072374284e-05,9.141200280282646e-05,5.458899249788374e-05,0.0
partial_dct,236,gOMP,baseline,0.0004766320053022355,2.5507004465907812e-05,6.7146000219509e-05,0.0001894269953481853,3.7420992157422006e-05,0.0
partial_dct,236,gOMP,optimized,0.00040674000047147274,3.046401252504438e-05,0.0001232920039910823,0.00014083899441175163,4.044697561766952e-05,0.0
partial_dct,237,gOMP,baseline,0.0005046280130045488,2.7371017495170236e-05,6.85780105413869e-05,0.00020426798437256366,4.148400330450386e-05,0.0
partial_dct,237,gOMP,optimized,0.00023937399964779615,2.446799771860242e-05,4.8197980504482985e-05,8.408799476455897e-05,2.7156012947671115e-05,0.0
partial_dct,238,gOMP,baseline,0.0005082749994471669,2.7797024813480675e-05,6.921301246620715e-05,0.0002058939717244357,3.90339846489951e-05,0.0
partial_dct,238,gOMP,optimized,0.00025875399296637625,2.2439955500885844e-05,4.9143010983243585e-05,8.978499681688845e-05,2.831699384842068e-05,0.0
partial_dct,239,gOMP,baseline,0.0005485190049512312,3.3033997169695795e-05,7.581400859635323e-05,0.00021564601047430187,4.493400047067553e-05,0.0
partial_dct,239,gOMP,optimized,0.00037447000795509666,2.7654983568936586e-05,5.934997170697898e-05,0.00010994798503816128,3.3110991353169084e-05,0.0
partial_dct,240,gOMP,baseline,0.0005667999939760193,3.0009003239683807e-05,8.423702092841268e-05,0.00020557401876430959,4.018799518235028e-05,0.0
partial_dct,240,gOMP,optimized,0.000315735989715904,2.559702261351049e-05,5.928700556978583e-05,0.00012893599341623485,3.487597859930247e-05,0.0
partial_dct,241,gOMP,baseline,0.0005132379883434623,2.7579997549764812e-05,7.912701403256506e-05,0.00018514902330935001,4.1544975829310715e-05,0.0
partial_dct,241,gOMP,optimized,0.00022911900305189192,2.391099405940622e-05,4.936197365168482e-05,8.18230037111789e-05,2.6685986085794866e-05,0.0
partial_dct,242,gOMP,baseline,0.000896261990419589,4.511201404966414e-05,0.00013008300447836518,0.0003373689978616312,7.514301978517324e-05,0.0
partial_dct,242,gOMP,optimized,0.00047925900435075164,3.811498754657805e-05,0.000120856988360174,0.00016010900435503572,6.122099875938147e-05,0.0
partial_dct,243,gOMP,baseline,0.0006650040013482794,3.2296025892719626e-05,0.00012077200517524034,0.00026026602427009493,5.3558003855869174e-05,0.0
partial_dct,243,gOMP,optimized,0.0002399340010015294,2.325698733329773e-05,4.9035996198654175e-05,8.694099960848689e-05,2.725498052313924e-05,0.0
partial_dct,244,gOMP,baseline,0.0004752999957418069,2.2108011762611568e-05,5.972500366624445e-05,0.0001982700196094811,3.845001629088074e-05,0.0
partial_dct,244,gOMP,optimized,0.000287882998236455,2.398398646619171e-05,5.607903585769236e-05,0.00011939898831769824,3.288302104920149e-05,0.0
partial_dct,245,gOMP,baseline,0.00048688400420360267,3.0023016734048724e-05,7.380601891782135e-05,0.0001828700042096898,4.214700311422348e-05,0.0
partial_dct,245,gOMP,optimized,0.0002690190012799576,2.6227004127576947e-05,5.0826987717300653e-05,0.00010448398825246841,3.2280993764288723e-05,0.0
partial_dct,246,gOMP,baseline,0.0006235019973246381,3.105797804892063e-05,8.622602035757154e-05,0.0002187289937864989,7.3009985499084e-05,0.0
partial_dct,246,gOMP,optimized,0.00022851199901197106,2.009799936786294e-05,4.8564004828222096e-05,8.428501314483583e-05,2.6645968318916857e-05,0.0
partial_dct,247,gOMP,baseline,0.0005266230000415817,2.7608999516814947e-05,9.172200225293636e-05,0.0001969589793588966,4.359500599093735e-05,0.0
partial_dct,247,gOMP,optimized,0.00024091900559142232,2.3432003217749298e-05,4.9296009819954634e-05,8.694898860994726e-05,2.7929010684601963e-05,0.0
partial_dct,248,gOMP,baseline,0.0007741360022919253,3.738600935321301e-05,0.00011168001219630241,0.0003169940027873963,8.264000643976033e-05,0.0
partial_dct,248,gOMP,optimized,0.0002399540098849684,2.2588996216654778e-05,4.819000605493784e-05,9.027998021338135e-05,2.8283015126362443e-05,0.0
partial_dct,249,gOMP,baseline,0.0005114099913043901,2.8368012863211334e-05,8.506001904606819e-05,0.0001925870164996013,4.299399734009057e-05,0.0
partial_dct,249,gOMP,optimized,0.00029333701240830123,3.0194991268217564e-05,5.8834964875131845e-05,0.00010778100113384426,3.424298483878374e-05,0.0
partial_dct,250,gOMP,baseline,0.0009643219964345917,7.065602403599769e-05,0.00013210200995672494,0.0002635269775055349,0.0001081060036085546,0.0
partial_dct,250,gOMP,optimized,0.000983562000328675,0.00010364099580328912,0.000349983005435206,0.0003462260210653767,7.283799641299993e-05,0.0
partial_dct,251,gOMP,baseline,0.000531051991856657,2.853796468116343e-05,8.586198964621872e-05,0.00019989098655059934,4.398099554236978e-05,0.0
partial_dct,251,gOMP,optimized,0.0002284259971929714,2.3326021619141102e-05,4.6721004764549434e-05,7.939597708173096e-05,2.9654038371518254e-05,0.0
partial_dct,252,gOMP,baseline,0.0006489840016001835,2.7040005079470575e-05,6.869398930575699e-05,0.00024392102204728872,6.361198029480875e-05,0.0
partial_dct,252,gOMP,optimized,0.0008128530025715008,5.243300984147936e-05,0.00021149199164938182,0.00028118499903939664,9.709197911433876e-05,0.0
partial_dct,253,gOMP,baseline,0.0005120190035086125,2.7843969292007387e-05,6.91190070938319e-05,0.00019033897842746228,5.724700167775154e-05,0.0
partial_dct,253,gOMP,optimized,0.00023050700838211924,2.4029985070228577e-05,4.885499947704375e-05,8.1642996519804e-05,2.7139016310684383e-05,0.0
partial_dct,254,gOMP,baseline,0.0005060789990238845,2.422196848783642e-05,6.853298691567034e-05,0.0002089059998979792,3.8663987652398646e-05,0.0
partial_dct,254,gOMP,optimized,0.00023430900182574987,2.1204978111200035e-05,5.078600952401757e-05,8.42180015752092e-05,2.7788031729869545e-05,0.0
partial_dct,255,gOMP,baseline,0.0005121220019645989,2.9422997613437474e-05,6.784501601941884e-05,0.00019289599731564522,4.265598545316607e-05,0.0
partial_dct,255,gOMP,optimized,0.0002412999892840162,2.527900505810976e-05,5.050800973549485e-05,8.646302740089595e-05,2.8045978979207575e-05,0.0
partial_dct,256,gOMP,baseline,0.0005394469917519018,2.634699922055006e-05,8.124897431116551e-05,0.00020017298811580986,5.355698522180319e-05,0.0
partial_dct,256,gOMP,optimized,0.0002335230092285201,2.0728009985759854e-05,4.872398858424276e-05,8.744698425289243e-05,2.766698889899999e-05,0.0
partial_dct,257,gOMP,baseline,0.00048675200378056616,2.2662992705591023e-05,6.332900375127792e-05,0.00020057499932590872,3.730099706444889e-05,0.0
partial_dct,257,gOMP,optimized,0.0002763399970717728,2.592500823084265e-05,5.657499423250556e-05,0.00010629900498315692,3.2194002415053546e-05,0.0
partial_dct,258,gOMP,baseline,0.0004980189987691119,2.663800842128694e-05,6.450999353546649e-05,0.00019374197290744632,4.279798304196447e-05,0.0
partial_dct,258,gOMP,optimized,0.00023132399655878544,2.404501719865948e-05,4.861799243371934e-05,7.98760011093691e-05,2.745501114986837e-05,0.0
partial_dct,259,gOMP,baseline,0.0007333239918807521,0.00014274100249167532,0.00011226699280086905,0.0002320260100532323,5.232200783211738e-05,0.0
partial_dct,259,gOMP,optimized,0.00024166300136130303,2.4573993869125843e-05,4.878701292909682e-05,8.935799996834248e-05,2.7426984161138535e-05,0.0
partial_dct,260,gOMP,baseline,0.0005091869970783591,2.794498868752271e-05,6.815299275331199e-05,0.0002033310302067548,4.254697705619037e-05,0.0
partial_dct,260,gOMP,optimized,0.0002594639954622835,3.0042996513657272e-05,5.220499588176608e-05,9.155999578069896e-05,2.8772003133781254e-05,0.0
partial_dct,261,gOMP,baseline,0.0013938070042058825,6.498201400972903e-05,0.0002473450294928625,0.0005171509983483702,0.00013534296886064112,0.0
partial_dct,261,gOMP,optimized,0.0007986599957803264,6.07190013397485e-05,0.00015511801757384092,0.00040063701453618705,8.80650186445564e-05,0.0
partial_dct,262,gOMP,baseline,0.0004926800029352307,2.774700988084078e-05,7.579702651128173e-05,0.0001861209748312831,3.8632002542726696e-05,0.0
partial_dct,262,gOMP,optimized,0.00023879999935161322,2.3980013793334365e-05,5.0901027861982584e-05,8.279999019578099e-05,2.8512004064396024e-05,0.0
partial_dct,263,gOMP,baseline,0.0004783059994224459,2.6586014428175986e-05,6.739499804098159e-05,0.00018873700173571706,3.87869804399088e-05,0.0
partial_dct,263,gOMP,optimized,0.00023226399207487702,2.2916996385902166e-05,5.310199048835784e-05,8.126100874505937e-05,2.6843976229429245e-05,0.0
partial_dct,264,gOMP,baseline,0.00045735499588772655,2.516896347515285e-05,6.15619937889278e-05,0.0001812739938031882,3.6142999306321144e-05,0.0
partial_dct,264,gOMP,optimized,0.00024371000472456217,2.3321015760302544e-05,4.7578971134498715e-05,8.027702278923243e-05,2.6524998247623444e-05,0.0
partial_dct,265,gOMP,baseline,0.0005307449901010841,3.0545998015441e-05,7.151800673455e-05,0.00021095102420076728,4.797399742528796e-05,0.0
partial_dct,265,gOMP,optimized,0.00023330301337409765,2.5265981093980372e-05,4.848098615184426e-05,8.311399142257869e-05,2.7552989195100963e-05,0.0
partial_dct,266,gOMP,baseline,0.0004680090059991926,2.7012007194571197e-05,6.423999730031937e-05,0.00018342702242080122,3.768900933209807e-05,0.0
partial_dct,266,gOMP,optimized,0.00023566200979985297,2.484800643287599e-05,4.823599010705948e-05,8.738800534047186e-05,2.673798007890582e-05,0.0
partial_dct,267,gOMP,baseline,0.0004927429981762543,2.9517002985812724e-05,6.826002208981663e-05,0.0001901769865071401,4.279299173504114e-05,0.0
partial_dct,267,gOMP,optimized,0.00023340899497270584,2.493898500688374e-05,4.822798655368388e-05,8.285802323371172e-05,2.8122987714596093e-05,0.0
partial_dct,268,gOMP,baseline,0.0005006259889341891,3.134999133180827e-05,8.287598029710352e-05,0.0001876860042102635,3.855700197163969e-05,0.0
partial_dct,268,gOMP,optimized,0.00024004299484658986,2.4249020498245955e-05,4.7555004130117595e-05,7.963400275912136e-05,2.663802297320217e-05,0.0
partial_dct,269,gOMP,baseline,0.0005690690013580024,3.2701005693525076e-05,7.992300379555672e-05,0.00020977899839635938,4.5200984459370375e-05,0.0
partial_dct,269,gOMP,optimized,0.0005012890032958239,3.648501296993345e-05,0.00012794299982488155,0.00013794399274047464,0.00011808599811047316,0.0
partial_dct,270,gOMP,baseline,0.00047575400094501674,2.7115005650557578e-05,6.542399933096021e-05,0.00018543201440479606,4.084200190845877e-05,0.0
partial_dct,270,gOMP,optimized,0.00022273299691732973,2.286100061610341e-05,4.7591995098628104e-05,7.899301999714226e-05,2.6085996069014072e-05,0.0
partial_dct,271,gOMP,baseline,0.0004756450070999563,2.6397989131510258e-05,6.532901898026466e-05,0.000189406011486426,3.729898890014738e-05,0.0
partial_dct,271,gOMP,optimized,0.0002247720112791285,2.2949985577724874e-05,4.6051020035520196e-05,8.038101077545434e-05,2.6237990823574364e-05,0.0
partial_dct,272,gOMP,baseline,0.0004845100047532469,2.770902938209474e-05,6.838400440756232e-05,0.0001902840012917295,3.835999814327806e-05,0.0
partial_dct,272,gOMP,optimized,0.00024135499552357942,2.54540063906461e-05,4.946901754010469e-05,8.28609918244183e-05,3.4046999644488096e-05,0.0
partial_dct,273,gOMP,baseline,0.0004676300013670698,2.64519767370075e-05,6.366400339175016e-05,0.0001822809863369912,3.8165017031133175e-05,0.0
partial_dct,273,gOMP,optimized,0.00024920099531300366,2.389700966887176e-05,4.8242000048048794e-05,7.903299410827458e-05,2.6851004804484546e-05,0.0
partial_dct,274,gOMP,baseline,0.0004735020047519356,2.6801004423759878e-05,6.61289959680289e-05,0.00018525698396842927,3.764498978853226e-05,0.0
partial_dct,274,gOMP,optimized,0.00022241700207814574,2.317500184290111e-05,4.6456014388240874e-05,7.876398740336299e-05,2.6295019779354334e-05,0.0
partial_dct,275,gOMP,baseline,0.0005214340053498745,3.15429933834821e-05,7.202501001302153e-05,0.0001990540185943246,4.375498974695802e-05,0.0
partial_dct,275,gOMP,optimized,0.0002664889907464385,3.251498856116086e-05,6.0614984249696136e-05,8.542499563191086e-05,2.8139984351582825e-05,0.0
partial_dct,276,gOMP,baseline,0.0010233719949610531,5.193198740016669e-05,0.00014088799071032554,0.00039672700222581625,9.359901014249772e-05,0.0
partial_dct,276,gOMP,optimized,0.0005369680002331734,4.488098784349859e-05,0.00012176702148281038,0.0001940089714480564,6.68490247335285e-05,0.0
partial_dct,277,gOMP,baseline,0.00046714999189134687,2.7169007807970047e-05,6.141600897535682e-05,0.00018961502064485103,3.6551005905494094e-05,0.0
partial_dct,277,gOMP,optimized,0.00028877699514850974,2.524799492675811e-05,6.891599332448095e-05,9.414700616616756e-05,3.168400144204497e-05,0.0
partial_dct,278,gOMP,baseline,0.00047417999303434044,2.7695001335814595e-05,6.455199036281556e-05,0.0001860510092228651,3.968499368056655e-05,0.0
partial_dct,278,gOMP,optimized,0.0003425900067668408,8.274898573290557e-05,6.891497469041497e-05,9.879900608211756e-05,3.1042000045999885e-05,0.0
partial_dct,279,gOMP,baseline,0.0004793940024683252,2.8496026061475277e-05,6.546200893353671e-05,0.00018714298494160175,3.996198938693851e-05,0.0
partial_dct,279,gOMP,optimized,0.00024836200464051217,2.6425012038089335e-05,5.511600465979427e-05,8.515003719367087e-05,2.8813970857299864e-05,0.0
partial_dct,280,gOMP,baseline,0.0005037250084569678,2.658000448718667e-05,7.12000037310645e-05,0.00019848103693220764,4.206200537737459e-05,0.0
partial_dct,280,gOMP,optimized,0.0002267889940412715,2.2899999748915434e-05,4.637899110093713e-05,8.230001549236476e-05,2.6819994673132896e-05,0.0
partial_dct,281,gOMP,baseline,0.0005871180037502199,2.8031994588673115e-05,0.0001018250040942803,0.00021465998725034297,4.734800313599408e-05,0.0
partial_dct,281,gOMP,optimized,0.0002442719996906817,2.4950000806711614e-05,5.7277007726952434e-05,8.356798207387328e-05,2.774201857391745e-05,0.0
partial_dct,282,gOMP,baseline,0.0006977830053074285,3.2527008443139493e-05,8.451299800071865e-05,0.0002495489898137748,9.103398770093918e-05,0.0
partial_dct,282,gOMP,optimized,0.00027131999377161264,2.497702371329069e-05,5.6468998081982136e-05,0.00010208401363343,2.8844006010331213e-05,0.0
partial_dct,283,gOMP,baseline,0.0005887909937882796,3.524897329043597e-05,7.744799950160086e-05,0.00021802699484396726,4.800799069926143e-05,0.0
partial_dct,283,gOMP,optimized,0.00029892400198150426,3.3584015909582376e-05,6.0884980484843254e-05,0.00010781901073642075,3.708800068125129e-05,0.0
partial_dct,284,gOMP,baseline,0.000562699991860427,3.163101791869849e-05,6.986700464040041e-05,0.00020822399528697133,4.761698073707521e-05,0.0
partial_dct,284,gOMP,optimized,0.0005095649976283312,4.3059015297330916e-05,0.00012870100908912718,0.0001728779898257926,6.365198350977153e-05,0.0
partial_dct,285,gOMP,baseline,0.0004871199926128611,2.6065026759169996e-05,6.0659003793261945e-05,0.0001997740037040785,4.179200914222747e-05,0.0
partial_dct,285,gOMP,optimized,0.0002748459955910221,2.792100713122636e-05,5.510097253136337e-05,0.00010405498323962092,3.265400300733745e-05,0.0
partial_dct,286,gOMP,baseline,0.0006215830071596429,3.801599086727947e-05,8.204596815630794e-05,0.00023982301354408264,6.150199624244124e-05,0.0
partial_dct,286,gOMP,optimized,0.0002865659917006269,3.823697625193745e-05,5.792500451207161e-05,0.00010008602112066001,3.338500391691923e-05,0.0
partial_dct,287,gOMP,baseline,0.0005130579957040027,2.8427981305867434e-05,8.988901390694082e-05,0.00019077298929914832,4.420099139679223e-05,0.0
partial_dct,287,gOMP,optimized,0.00022802100284025073,2.372798917349428e-05,4.556798376142979e-05,7.874298898968846e-05,2.604698238428682e-05,0.0
partial_dct,288,gOMP,baseline,0.0006369359907694161,2.9884991818107665e-05,7.817900041118264e-05,0.0002948019973700866,5.129900819156319e-05,0.0
partial_dct,288,gOMP,optimized,0.0003010579966939986,2.6235997211188078e-05,6.010098149999976e-05,9.761200635693967e-05,6.099401798564941e-05,0.0
partial_dct,289,gOMP,baseline,0.0005317600007401779,3.088002267759293e-05,7.379500311799347e-05,0.0002062589774141088,4.426501982379705e-05,0.0
partial_dct,289,gOMP,optimized,0.0002729970001382753,2.8335998649708927e-05,5.74959849473089e-05,9.86050145002082e-05,3.3481992431916296e-05,0.0
partial_dct,290,gOMP,baseline,0.0005349919956643134,3.2060997909866273e-05,7.271301001310349e-05,0.00019736099056899548,4.8278001486323774e-05,0.0
partial_dct,290,gOMP,optimized,0.0002340339997317642,2.5659013772383332e-05,4.671099304687232e-05,8.316399180330336e-05,2.7817004593089223e-05,0.0
partial_dct,291,gOMP,baseline,0.0005332849978003651,4.3092964915558696e-05,6.834602390881628e-05,0.0001992979960050434,5.150899232830852e-05,0.0
partial_dct,291,gOMP,optimized,0.00033851400075946003,3.246002597734332e-05,7.127301068976521e-05,0.00010864900832530111,3.940798342227936e-05,0.0
partial_dct,292,gOMP,baseline,0.0005072120111435652,2.7870002668350935e-05,6.935198325663805e-05,0.0002035169891314581,4.208300379104912e-05,0.0
partial_dct,292,gOMP,optimized,0.00024370799656026065,2.4710010620765388e-05,4.905297828372568e-05,8.640199666842818e-05,2.8492009732872248e-05,0.0
partial_dct,293,gOMP,baseline,0.0004687140026362613,2.3939006496220827e-05,6.436301919165999e-05,0.00018735899357125163,3.5810997360385954e-05,0.0
partial_dct,293,gOMP,optimized,0.0002694309951039031,2.3665008484385908e-05,5.4119969718158245e-05,0.00010534901230130345,3.309802559670061e-05,0.0
partial_dct,294,gOMP,baseline,0.0009893389942590147,5.017498915549368e-05,0.00016546402184758335,0.0003586649982025847,8.368903945665807e-05,0.0
partial_dct,294,gOMP,optimized,0.00046634300088044256,4.012900171801448e-05,0.00010363702313043177,0.00016656098887324333,5.968498589936644e-05,0.0
partial_dct,295,gOMP,baseline,0.0005557269905693829,2.443601260893047e-05,7.265101885423064e-05,0.00022751100186724216,4.3039966840296984e-05,0.0
partial_dct,295,gOMP,optimized,0.0003305099962744862,4.425199585966766e-05,7.405297947116196e-05,0.00010340001608710736,4.310600343160331e-05,0.0
partial_dct,296,gOMP,baseline,0.0004834489955101162,2.3868007701821625e-05,6.179600313771516e-05,0.00019987899577245116,4.057299520354718e-05,0.0
partial_dct,296,gOMP,optimized,0.0002693090063985437,2.637399302329868e-05,5.713697464670986e-05,8.860898378770798e-05,3.1136005418375134e-05,0.0
partial_dct,297,gOMP,baseline,0.0005001490062568337,3.036798443645239e-05,6.809100159443915e-05,0.00019564697868190706,4.271599755156785e-05,0.0
partial_dct,297,gOMP,optimized,0.0002421609970042482,2.726003003772348e-05,5.0406000809744e-05,8.559900743421167e-05,2.8494992875494063e-05,0.0
partial_dct,298,gOMP,baseline,0.0005180430016480386,2.461099938955158e-05,8.707999950274825e-05,0.00020006998965982348,3.8703015889041126e-05,0.0
partial_dct,298,gOMP,optimized,0.0002305550005985424,2.1180982002988458e-05,4.872800491284579e-05,8.287500531878322e-05,2.7645015507005155e-05,0.0
partial_dct,299,gOMP,baseline,0.0006984679930610582,7.886398816481233e-05,0.00011445701238699257,0.00024592498084530234,5.353201413527131e-05,0.0
partial_dct,299,gOMP,optimized,0.00025908800307661295,2.8669004677794874e-05,5.466998845804483e-05,9.118397429119796e-05,2.893901546485722e-05,0.0
