k,trial,algorithm,implementation,runtime_sec,correlation_time_sec,selection_time_sec,solve_time_sec,residual_update_time_sec,support_refinement_time_sec
4,0,gOMP,baseline,0.00015110700041987002,9.740004315972328e-06,3.445098991505802e-05,4.6303000999614596e-05,1.3773998944088817e-05,0.0
4,0,gOMP,optimized,0.00010312999074812979,8.95498669706285e-06,2.2218009689822793e-05,3.3688993426039815e-05,8.70700750965625e-06,0.0
4,1,gOMP,baseline,0.00013586301065515727,9.821000276133418e-06,2.699298784136772e-05,4.3302992708049715e-05,1.3275988749228418e-05,0.0
4,1,gOMP,optimized,8.916400838643312e-05,8.256989531219006e-06,1.9826999050565064e-05,2.7717993361875415e-05,8.294009603559971e-06,0.0
4,2,gOMP,baseline,0.00012422699364833534,9.141003829427063e-06,2.363701059948653e-05,3.889499930664897e-05,1.142600376624614e-05,0.0
4,2,gOMP,optimized,8.700400940142572e-05,8.172006346285343e-06,1.8165010260418057e-05,2.714100992307067e-05,8.159011485986412e-06,0.0
4,3,gOMP,baseline,0.00010659299732651561,6.928996299393475e-06,2.1674000890925527e-05,3.454300167504698e-05,9.889990906231105e-06,0.0
4,3,gOMP,optimized,7.825400098226964e-05,6.413989467546344e-06,1.7063997802324593e-05,2.5453002308495343e-05,7.77801324147731e-06,0.0
4,4,gOMP,baseline,0.00011446699500083923,8.781018550507724e-06,2.2647014702670276e-05,3.495100827421993e-05,1.228798646479845e-05,0.0
4,4,gOMP,optimized,8.681901090312749e-05,8.376999176107347e-06,1.8532999092713e-05,2.660798782017082e-05,8.58200655784458e-06,0.0
4,5,gOMP,baseline,0.0002391039888607338,1.7869999282993376e-05,4.076599725522101e-05,9.361200500279665e-05,2.653001865837723e-05,0.0
4,5,gOMP,optimized,9.960400348063558e-05,8.675007848069072e-06,2.2599997464567423e-05,3.21910047205165e-05,9.276001947000623e-06,0.0
4,6,gOMP,baseline,0.00028835500415880233,1.1618001735769212e-05,6.162100180517882e-05,0.00012623300426639616,2.8788999770767987e-05,0.0
4,6,gOMP,optimized,0.00020105199655517936,2.57050123764202e-05,4.2289975681342185e-05,6.840798596385866e-05,1.5765006537549198e-05,0.0
4,7,gOMP,baseline,0.00012932700337842107,8.823990356177092e-06,2.660699828993529e-05,4.015499143861234e-05,1.2437012628652155e-05,0.0
4,7,gOMP,optimized,8.924100256990641e-05,7.669994374737144e-06,1.9484010408632457e-05,2.8299997211433947e-05,8.791990694589913e-06,0.0
4,8,gOMP,baseline,0.00011291699775028974,8.144008461385965e-06,2.2114996681921184e-05,3.691799065563828e-05,1.0855990694835782e-05,0.0
4,8,gOMP,optimized,0.00020944199059158564,1.2989010429009795e-05,6.527500227093697e-05,6.143400969449431e-05,1.799898745957762e-05,0.0
4,9,gOMP,baseline,0.00012488100037444383,7.887007086537778e-06,2.5793007807806134e-05,4.111199814360589e-05,1.1455995263531804e-05,0.0
4,9,gOMP,optimized,8.510900079272687e-05,7.098002242855728e-06,1.8436010577715933e-05,2.561199653428048e-05,1.141701068263501e-05,0.0
4,10,gOMP,baseline,0.00011041700781788677,8.271992555819452e-06,2.220200258307159e-05,3.334900247864425e-05,1.134999911300838e-05,0.0
4,10,gOMP,optimized,9.340699762105942e-05,8.257018635049462e-06,2.2113992599770427e-05,2.7084999601356685e-05,8.22299625724554e-06,0.0
4,11,gOMP,baseline,0.00010908600233960897,7.382986950688064e-06,2.2118998458608985e-05,3.327400190755725e-05,1.0303978342562914e-05,0.0
4,11,gOMP,optimized,8.335600432474166e-05,7.186987204477191e-06,1.8687991541810334e-05,2.5558998459018767e-05,8.448987500742078e-06,0.0
4,12,gOMP,baseline,0.00014184699102770537,1.0143994586542249e-05,3.050100349355489e-05,4.265400639269501e-05,1.3776007108390331e-05,0.0
4,12,gOMP,optimized,0.00011381600052118301,1.1051000910811126e-05,2.204001066274941e-05,3.635200846474618e-05,1.0948002454824746e-05,0.0
4,13,gOMP,baseline,0.0001456360041629523,9.227005648426712e-06,3.136799205094576e-05,4.743099270854145e-05,1.3294993550516665e-05,0.0
4,13,gOMP,optimized,9.124100324697793e-05,7.676004315726459e-06,1.9583996618166566e-05,2.9706003260798752e-05,8.750983397476375e-06,0.0
4,14,gOMP,baseline,0.00011764299415517598,8.68999632075429e-06,2.3653017706237733e-05,3.6591009120456874e-05,1.2008997146040201e-05,0.0
4,14,gOMP,optimized,8.54279933264479e-05,8.283983333967626e-06,1.849699765443802e-05,2.6914014597423375e-05,8.02901922725141e-06,0.0
4,15,gOMP,baseline,0.00017861300148069859,9.032009984366596e-06,4.4509986764751375e-05,5.720600893255323e-05,1.654100196901709e-05,0.0
4,15,gOMP,optimized,0.00010807500802911818,8.497008820995688e-06,2.5540008209645748e-05,3.583199577406049e-05,9.745985153131187e-06,0.0
4,16,gOMP,baseline,0.00013055199815426022,9.89199907053262e-06,2.4313005269505084e-05,4.4240005081519485e-05,1.2365999282337725e-05,0.0
4,16,gOMP,optimized,9.63019992923364e-05,8.791001164354384e-06,1.9284998415969312e-05,3.343599382787943e-05,8.834991604089737e-06,0.0
4,17,gOMP,baseline,0.00012127000081818551,7.95800588093698e-06,2.6313995476812124e-05,3.60690028173849e-05,1.2579010217450559e-05,0.0
4,17,gOMP,optimized,0.00011656701099127531,1.5453013475053012e-05,2.706899249460548e-05,3.488300717435777e-05,1.004498335532844e-05,0.0
4,18,gOMP,baseline,0.00012265700206626207,8.992996299639344e-06,2.5025001377798617e-05,3.8384998333640397e-05,1.3024997315369546e-05,0.0
4,18,gOMP,optimized,8.398000500164926e-05,8.695002179592848e-06,1.806698855943978e-05,2.604699693620205e-05,8.26800533104688e-06,0.0
4,19,gOMP,baseline,0.00011524900037329644,7.746013579890132e-06,2.456600486766547e-05,3.43229912687093e-05,1.1420997907407582e-05,0.0
4,19,gOMP,optimized,9.186701208818704e-05,9.987008525058627e-06,1.9297003746032715e-05,2.787799166981131e-05,8.62700107973069e-06,0.0
4,20,gOMP,baseline,0.00011931100743822753,8.727991371415555e-06,2.4630004190839827e-05,3.636398469097912e-05,1.151599281001836e-05,0.0
4,20,gOMP,optimized,0.0001243839942617342,1.0952993761748075e-05,2.5214991183020175e-05,3.0745999538339674e-05,1.0731993825174868e-05,0.0
4,21,gOMP,baseline,0.0001501789956819266,7.854003342799842e-06,2.63969850493595e-05,5.4257980082184076e-05,1.4917997759766877e-05,0.0
4,21,gOMP,optimized,9.231900912709534e-05,7.703987648710608e-06,2.142100129276514e-05,2.8233000193722546e-05,8.842995157465339e-06,0.0
4,22,gOMP,baseline,0.00011330899724271148,7.692011422477663e-06,2.2530992282554507e-05,3.540099714882672e-05,1.1272015399299562e-05,0.0
4,22,gOMP,optimized,8.316300227306783e-05,7.241993444040418e-06,1.8178994650952518e-05,2.618401776999235e-05,8.285001968033612e-06,0.0
4,23,gOMP,baseline,0.00030087100458331406,1.091499871108681e-05,4.013899888377637e-05,5.146001058164984e-05,4.495501343626529e-05,0.0
4,23,gOMP,optimized,0.0001672919897828251,1.1217998689971864e-05,4.2356987250968814e-05,6.0435006162151694e-05,1.4594988897442818e-05,0.0
4,24,gOMP,baseline,0.00012100901221856475,8.163988240994513e-06,2.606000634841621e-05,3.7389996577985585e-05,1.1694995919242501e-05,0.0
4,24,gOMP,optimized,0.0003017919952981174,1.7484009731560946e-05,4.0306986193172634e-05,9.610300185158849e-05,9.627200779505074e-05,0.0
4,25,gOMP,baseline,0.00012886100739706308,1.3056996976956725e-05,2.5569999706931412e-05,3.949401434510946e-05,1.2746997526846826e-05,0.0
4,25,gOMP,optimized,8.277800225187093e-05,7.075010216794908e-06,1.8377992091700435e-05,2.6078996597789228e-05,7.922004442662e-06,0.0
4,26,gOMP,baseline,0.00013902300270274282,1.0310002835467458e-05,2.8241993277333677e-05,4.377099685370922e-05,1.427099050488323e-05,0.0
4,26,gOMP,optimized,0.00010102300439029932,1.632100611459464e-05,2.028601011261344e-05,2.9158996767364442e-05,9.194016456604004e-06,0.0
4,27,gOMP,baseline,0.00011924900172743946,8.472998160868883e-06,2.346698602195829e-05,3.693999315146357e-05,1.155698555521667e-05,0.0
4,27,gOMP,optimized,8.317299943882972e-05,8.194998372346163e-06,1.8216000171378255e-05,2.5618006475269794e-05,7.990995072759688e-06,0.0
4,28,gOMP,baseline,0.00011317600728943944,7.763010216876864e-06,2.1031999494880438e-05,3.7833990063518286e-05,1.09370012069121e-05,0.0
4,28,gOMP,optimized,8.591699588578194e-05,7.297989213839173e-06,1.8488994101062417e-05,2.6671012165024877e-05,9.769006283022463e-06,0.0
4,29,gOMP,baseline,0.00010910400305874646,8.483999408781528e-06,2.139098069164902e-05,3.3280986826866865e-05,1.0877003660425544e-05,0.0
4,29,gOMP,optimized,8.743900980334729e-05,8.127011824399233e-06,1.7878002836368978e-05,2.4652996216900647e-05,8.158996934071183e-06,0.0
4,30,gOMP,baseline,0.0001612899941392243,9.373994544148445e-06,3.7806006730534136e-05,5.1713010179810226e-05,1.3466997188515961e-05,0.0
4,30,gOMP,optimized,9.962900367099792e-05,8.489005267620087e-06,2.2200998500920832e-05,3.1531002605333924e-05,9.481998858973384e-06,0.0
4,31,gOMP,baseline,0.00035498700162861496,8.951014024205506e-06,8.916198567021638e-05,0.00017063799896277487,2.4470995413139462e-05,0.0
4,31,gOMP,optimized,0.00012229899584781379,1.2137999874539673e-05,2.7588001103140414e-05,3.927799116354436e-05,1.0693998774513602e-05,0.0
4,32,gOMP,baseline,0.0001353639963781461,8.461007382720709e-06,2.6426001568324864e-05,4.323299799580127e-05,1.1435011401772499e-05,0.0
4,32,gOMP,optimized,9.049799700733274e-05,7.4789859354496e-06,1.933099702000618e-05,2.9892005841247737e-05,8.625996997579932e-06,0.0
4,33,gOMP,baseline,0.0001227309985551983,8.805000106804073e-06,2.7431990019977093e-05,3.740200190804899e-05,1.1672003893181682e-05,0.0
4,33,gOMP,optimized,8.706298831384629e-05,7.86499003879726e-06,1.8815015209838748e-05,2.5424989871680737e-05,1.126498682424426e-05,0.0
4,34,gOMP,baseline,0.00012587200035341084,7.703012670390308e-06,2.8527996619232e-05,4.1207997128367424e-05,1.0849995305761695e-05,0.0
4,34,gOMP,optimized,7.843699131626636e-05,6.794012733735144e-06,1.7815007595345378e-05,2.3855012841522694e-05,7.658018148504198e-06,0.0
4,35,gOMP,baseline,0.00010612099140416831,8.230999810621142e-06,2.0715990103781223e-05,3.243501123506576e-05,1.078000059351325e-05,0.0
4,35,gOMP,optimized,8.433600305579603e-05,8.282993803732097e-06,1.7797996406443417e-05,2.5426983484067023e-05,8.13799852039665e-06,0.0
4,36,gOMP,baseline,0.00011916999937966466,6.943999323993921e-06,2.6996989618055522e-05,3.423799353186041e-05,1.3613011105917394e-05,0.0
4,36,gOMP,optimized,9.090399544220418e-05,8.942995918914676e-06,1.921401417348534e-05,2.971199864987284e-05,9.310009772889316e-06,0.0
4,37,gOMP,baseline,0.0003737130027730018,1.5738012734800577e-05,0.00010305701289325953,8.500898547936231e-05,3.0333001632243395e-05,0.0
4,37,gOMP,optimized,0.00010769000800792128,1.138501102104783e-05,2.2571999579668045e-05,3.568599640857428e-05,9.242983651347458e-06,0.0
4,38,gOMP,baseline,0.00012231299479026347,7.419992471113801e-06,2.4620996555313468e-05,4.198000533506274e-05,1.1010997695848346e-05,0.0
4,38,gOMP,optimized,7.866599480621517e-05,6.9229863584041595e-06,1.738900027703494e-05,2.4618988391011953e-05,7.6669966802001e-06,0.0
4,39,gOMP,baseline,0.00010979700891766697,8.304006769321859e-06,2.2042993805371225e-05,3.320298856124282e-05,1.1058014933951199e-05,0.0
4,39,gOMP,optimized,8.666500798426569e-05,8.350994903594255e-06,1.934899773914367e-05,2.6806010282598436e-05,8.144997991621494e-06,0.0
4,40,gOMP,baseline,0.000380156998289749,3.612601722124964e-05,5.7756988098844886e-05,7.002899656072259e-05,2.5098997866734862e-05,0.0
4,40,gOMP,optimized,0.00012645599781535566,1.0036004823632538e-05,2.8050999389961362e-05,4.473200533539057e-05,1.0324001777917147e-05,0.0
4,41,gOMP,baseline,0.0001330780069110915,9.262003004550934e-06,2.784199023153633e-05,4.274000821169466e-05,1.2771008186973631e-05,0.0
4,41,gOMP,optimized,8.51680088089779e-05,8.049988537095487e-06,1.8591017578728497e-05,2.6807989343069494e-05,8.247021469287574e-06,0.0
4,42,gOMP,baseline,0.00011350000568199903,6.853995728306472e-06,2.4219014449045062e-05,3.621798532549292e-05,1.0142000974155962e-05,0.0
4,42,gOMP,optimized,0.000113420988782309,2.7492002118378878e-05,2.1186002413742244e-05,2.79039959423244e-05,9.89199907053262e-06,0.0
4,43,gOMP,baseline,0.00012079400767106563,9.190000128000975e-06,2.5296991225332022e-05,3.697401552926749e-05,1.2160991900600493e-05,0.0
4,43,gOMP,optimized,8.586200419813395e-05,8.897011866793036e-06,1.904899545479566e-05,2.676800068002194e-05,7.84199801273644e-06,0.0
4,44,gOMP,baseline,0.00014313499559648335,2.0508989109657705e-05,2.6213005185127258e-05,4.113400063943118e-05,1.4605000615119934e-05,0.0
4,44,gOMP,optimized,8.804300159681588e-05,8.080009138211608e-06,2.1069005015306175e-05,2.67180148512125e-05,8.56800761539489e-06,0.0
4,45,gOMP,baseline,0.0001792859984561801,9.406998287886381e-06,5.592299567069858e-05,4.602200351655483e-05,1.595700450707227e-05,0.0
4,45,gOMP,optimized,9.679999493528157e-05,9.274997864849865e-06,2.1290004951879382e-05,3.0351991881616414e-05,8.99900624062866e-06,0.0
4,46,gOMP,baseline,0.00015194898878689855,9.674011380411685e-06,4.146101127844304e-05,4.629399336408824e-05,1.2496995623223484e-05,0.0
4,46,gOMP,optimized,0.00014945399016141891,1.1016003554686904e-05,2.9185001039877534e-05,5.575000250246376e-05,1.7120008124038577e-05,0.0
4,47,gOMP,baseline,0.00011849899601656944,8.390983566641808e-06,2.5249988539144397e-05,3.66260064765811e-05,1.2268006685189903e-05,0.0
4,47,gOMP,optimized,8.405999687965959e-05,8.431990863755345e-06,1.8026999896392226e-05,2.6911002350971103e-05,7.887996616773307e-06,0.0
4,48,gOMP,baseline,0.0001366869983030483,1.06819934444502e-05,2.8633003239519894e-05,4.220199480187148e-05,1.338199945166707e-05,0.0
4,48,gOMP,optimized,8.391001028940082e-05,7.668990292586386e-06,1.7395999748259783e-05,2.7811009204015136e-05,7.94000516179949e-06,0.0
4,49,gOMP,baseline,0.00012153299758210778,8.769988198764622e-06,2.4674998712725937e-05,3.7878999137319624e-05,1.1885000276379287e-05,0.0
4,49,gOMP,optimized,8.555399836041033e-05,8.705013897269964e-06,1.8834994989447296e-05,2.5897010345943272e-05,7.957001798786223e-06,0.0
4,50,gOMP,baseline,0.00011945300502702594,9.244991815648973e-06,2.3615997633896768e-05,3.775001096073538e-05,1.1260999599471688e-05,0.0
4,50,gOMP,optimized,8.341298962477595e-05,8.215007255785167e-06,1.8332997569814324e-05,2.5879984605126083e-05,7.975002517923713e-06,0.0
4,51,gOMP,baseline,0.00012616600724868476,8.705988875590265e-06,2.2612002794630826e-05,3.3459989936091006e-05,1.1194002581760287e-05,0.0
4,51,gOMP,optimized,9.920999582391232e-05,9.308001608587801e-06,2.1061990992166102e-05,3.0413997592404485e-05,8.90500086825341e-06,0.0
4,52,gOMP,baseline,0.00011899399396497756,8.493996574543417e-06,2.4100998416543007e-05,3.674600156955421e-05,1.1606985935941339e-05,0.0
4,52,gOMP,optimized,8.348799019586295e-05,8.076996891759336e-06,1.817301381379366e-05,2.5645000278018415e-05,7.675000233575702e-06,0.0
4,53,gOMP,baseline,0.0007442859932780266,7.232600182760507e-05,0.00014065299183130264,0.00021131298854015768,0.00012570101534947753,0.0
4,53,gOMP,optimized,0.00020331398991402239,2.4410997866652906e-05,5.2418006816878915e-05,6.836300599388778e-05,1.5830009942874312e-05,0.0
4,54,gOMP,baseline,0.00011985200399067253,9.41200414672494e-06,2.5801011361181736e-05,3.5483011743053794e-05,1.2325006537139416e-05,0.0
4,54,gOMP,optimized,8.675799472257495e-05,8.508999599143863e-06,1.8434991943649948e-05,2.8198992367833853e-05,8.475006325170398e-06,0.0
4,55,gOMP,baseline,0.00011884499690495431,8.84200562722981e-06,2.4326000129804015e-05,3.605600795708597e-05,1.1812997399829328e-05,0.0
4,55,gOMP,optimized,9.412800136487931e-05,9.805007721297443e-06,2.390200097579509e-05,2.7618007152341306e-05,8.121001883409917e-06,0.0
4,56,gOMP,baseline,0.00010861599002964795,8.434988558292389e-06,2.1925006876699626e-05,3.2746989745646715e-05,1.083400275092572e-05,0.0
4,56,gOMP,optimized,8.332100696861744e-05,7.878988981246948e-06,1.7573984223417938e-05,2.4585009668953717e-05,7.718001143075526e-06,0.0
4,57,gOMP,baseline,0.00015038199489936233,1.4695004210807383e-05,3.256599302403629e-05,4.614301724359393e-05,1.2984004570171237e-05,0.0
4,57,gOMP,optimized,8.57760023791343e-05,8.350005373358727e-06,1.8740000086836517e-05,2.650498936418444e-05,7.985014235600829e-06,0.0
4,58,gOMP,baseline,0.00011485800496302545,8.566988981328905e-06,2.4941997253336012e-05,3.392400685697794e-05,1.1247990187257528e-05,0.0
4,58,gOMP,optimized,8.828699355944991e-05,8.508985047228634e-06,1.8252001609653234e-05,2.561500878073275e-05,1.1973999789915979e-05,0.0
4,59,gOMP,baseline,0.00016804599727038294,1.2100004823878407e-05,3.174399898853153e-05,4.8749003326520324e-05,2.078899706248194e-05,0.0
4,59,gOMP,optimized,0.0001723689929349348,1.3536016922444105e-05,3.8193000364117324e-05,5.2445015171542764e-05,1.8228980479761958e-05,0.0
4,60,gOMP,baseline,0.00015254400204867125,1.029099803417921e-05,2.9713017283938825e-05,5.313799192663282e-05,1.513698953203857e-05,0.0
4,60,gOMP,optimized,9.63950005825609e-05,9.488998330198228e-06,2.0096005755476654e-05,3.0212991987355053e-05,9.894007234834135e-06,0.0
4,61,gOMP,baseline,0.00013685600424651057,1.0891992133110762e-05,2.82769906334579e-05,4.381600592751056e-05,1.2851989595219493e-05,0.0
4,61,gOMP,optimized,9.598801261745393e-05,8.642993634566665e-06,1.985099515877664e-05,2.8620008379220963e-05,8.413000614382327e-06,0.0
4,62,gOMP,baseline,0.00011078300303779542,8.135000825859606e-06,2.1711006411351264e-05,3.392499638721347e-05,1.1334006558172405e-05,0.0
4,62,gOMP,optimized,8.413000614382327e-05,7.953000022098422e-06,1.8283986719325185e-05,2.511400089133531e-05,8.261995390057564e-06,0.0
4,63,gOMP,baseline,0.00011279700265731663,8.634990081191063e-06,2.14340107049793e-05,3.269100852776319e-05,1.0821007890626788e-05,0.0
4,63,gOMP,optimized,7.950600411277264e-05,8.066999725997448e-06,1.715401594992727e-05,2.4109991500154138e-05,7.78399407863617e-06,0.0
4,64,gOMP,baseline,0.00014462400577031076,8.409973816014826e-06,3.329299215693027e-05,4.70020022476092e-05,1.1997995898127556e-05,0.0
4,64,gOMP,optimized,8.59260035213083e-05,6.885995389893651e-06,1.885599340312183e-05,2.756201138254255e-05,8.05700256023556e-06,0.0
4,65,gOMP,baseline,0.00013599800877273083,9.66398511081934e-06,2.6703011826612055e-05,4.167002043686807e-05,1.4401011867448688e-05,0.0
4,65,gOMP,optimized,0.00012473300739657134,1.0749994544312358e-05,2.1069005015306175e-05,3.078901499975473e-05,1.0361996828578413e-05,0.0
4,66,gOMP,baseline,0.00011217100836802274,7.224007276818156e-06,2.5271991034969687e-05,3.392099461052567e-05,1.0218005627393723e-05,0.0
4,66,gOMP,optimized,7.93149956734851e-05,6.636997568421066e-06,1.7753001884557307e-05,2.498700632713735e-05,7.705006282776594e-06,0.0
4,67,gOMP,baseline,0.00011386300320737064,6.968009984120727e-06,2.3491986212320626e-05,3.666197881102562e-05,1.0710995411500335e-05,0.0
4,67,gOMP,optimized,7.932500739116222e-05,6.762988050468266e-06,1.812301343306899e-05,2.5551009457558393e-05,7.484995876438916e-06,0.0
4,68,gOMP,baseline,0.00011432499741204083,7.586015271954238e-06,2.2588996216654778e-05,3.396399552002549e-05,1.0914984159171581e-05,0.0
4,68,gOMP,optimized,8.485099533572793e-05,6.9359957706183195e-06,1.882899960037321e-05,2.680400211829692e-05,8.35300306789577e-06,0.0
4,69,gOMP,baseline,0.00011296798766124994,7.572001777589321e-06,2.310299896635115e-05,3.4963988582603633e-05,1.0599003871902823e-05,0.0
4,69,gOMP,optimized,8.481500844936818e-05,7.447015377692878e-06,1.842099300120026e-05,2.67810100922361e-05,8.278002496808767e-06,0.0
4,70,gOMP,baseline,0.00012994500866625458,8.884991984814405e-06,2.566500916145742e-05,4.016801540274173e-05,1.374099520035088e-05,0.0
4,70,gOMP,optimized,0.0001962630049092695,1.2634001905098557e-05,3.7438992876559496e-05,5.242999759502709e-05,4.082900704815984e-05,0.0
4,71,gOMP,baseline,0.00015210799756459892,2.2209002054296434e-05,3.017799463123083e-05,4.347099456936121e-05,1.3846001820638776e-05,0.0
4,71,gOMP,optimized,8.712698763702065e-05,7.1590038714930415e-06,1.934899773914367e-05,2.860899257939309e-05,8.26800533104688e-06,0.0
4,72,gOMP,baseline,0.0001223110011778772,7.368988008238375e-06,2.4936001864261925e-05,3.9503982407040894e-05,1.1879994417540729e-05,0.0
4,72,gOMP,optimized,8.87829955900088e-05,8.222006727010012e-06,1.923201489262283e-05,2.849100565072149e-05,8.013987098820508e-06,0.0
4,73,gOMP,baseline,0.00012076199345756322,7.1820104494690895e-06,2.4644003133289516e-05,3.891400410793722e-05,1.1021998943760991e-05,0.0
4,73,gOMP,optimized,8.091999916359782e-05,6.561007467098534e-06,1.823600905481726e-05,2.5177010684274137e-05,7.987997378222644e-06,0.0
4,74,gOMP,baseline,0.00013364000187721103,7.5669813668355346e-06,3.170399577356875e-05,4.037999315187335e-05,1.2793010682798922e-05,0.0
4,74,gOMP,optimized,8.629501098766923e-05,7.199996616691351e-06,2.210799721069634e-05,2.549900091253221e-05,8.1699836300686e-06,0.0
4,75,gOMP,baseline,0.00012727199646178633,7.90000194683671e-06,2.425200364086777e-05,4.115101182833314e-05,1.1376003385521472e-05,0.0
4,75,gOMP,optimized,8.219698793254793e-05,6.995993317104876e-06,1.8502993043512106e-05,2.5936009478755295e-05,7.992013706825674e-06,0.0
4,76,gOMP,baseline,0.0004166970029473305,1.713300298433751e-05,4.0539001929573715e-05,0.00019334099488332868,3.562301571946591e-05,0.0
4,76,gOMP,optimized,0.0001613589993212372,1.1085998266935349e-05,2.9006987460888922e-05,4.062600783072412e-05,1.0885996744036674e-05,0.0
4,77,gOMP,baseline,0.0001276359980693087,8.13799852039665e-06,2.7040994609706104e-05,4.145999264437705e-05,1.1388998245820403e-05,0.0
4,77,gOMP,optimized,8.402799721807241e-05,7.1150134317576885e-06,1.8547012587077916e-05,2.618199505377561e-05,8.193994290195405e-06,0.0
4,78,gOMP,baseline,0.00011708699457813054,8.239003363996744e-06,2.320700150448829e-05,3.669799480121583e-05,1.0666000889614224e-05,0.0
4,78,gOMP,optimized,0.0001383010094286874,1.0272007784806192e-05,4.709699715021998e-05,3.505998756736517e-05,1.3873999705538154e-05,0.0
4,79,gOMP,baseline,0.00011818099301308393,7.52799678593874e-06,2.2396023268811405e-05,3.860899596475065e-05,1.0938994819298387e-05,0.0
4,79,gOMP,optimized,0.00027791298634838313,1.3191005564294755e-05,0.000124072001199238,7.207298767752945e-05,1.9777988200075924e-05,0.0
4,80,gOMP,baseline,0.00011261699546594173,7.654991350136697e-06,2.3550004698336124e-05,3.540300531312823e-05,1.0400995961390436e-05,0.0
4,80,gOMP,optimized,7.598400407005101e-05,6.6490028984844685e-06,1.694499223958701e-05,2.3511980543844402e-05,7.423994247801602e-06,0.0
4,81,gOMP,baseline,0.00011342400102876127,7.766007911413908e-06,2.2419990273192525e-05,3.373100480530411e-05,1.1340001947246492e-05,0.0
4,81,gOMP,optimized,9.61479963734746e-05,1.2291988241486251e-05,2.0262988982722163e-05,2.8968992410227656e-05,8.9270033640787e-06,0.0
4,82,gOMP,baseline,0.00012949500523973256,8.103001164272428e-06,2.677399606909603e-05,4.0659011574462056e-05,1.1795986210927367e-05,0.0
4,82,gOMP,optimized,8.960999548435211e-05,7.1829999797046185e-06,1.907099795062095e-05,2.7398011297918856e-05,8.233997505158186e-06,0.0
4,83,gOMP,baseline,0.00012295300257392228,8.46901093609631e-06,2.7824004064314067e-05,3.6509998608380556e-05,1.2338015949353576e-05,0.0
4,83,gOMP,optimized,8.858399814926088e-05,7.87799945101142e-06,1.855500158853829e-05,2.900398976635188e-05,8.821996743790805e-06,0.0
4,84,gOMP,baseline,0.00010727500193752348,6.786984158679843e-06,2.284299989696592e-05,3.335499786771834e-05,1.0140007361769676e-05,0.0
4,84,gOMP,optimized,8.886700379662216e-05,7.902010111138225e-06,1.7304017092101276e-05,3.1760006095282733e-05,7.947994163259864e-06,0.0
4,85,gOMP,baseline,0.00012784000136889517,1.064599200617522e-05,2.793100429698825e-05,4.02979931095615e-05,1.0803007171489298e-05,0.0
4,85,gOMP,optimized,8.598399290349334e-05,7.2020047809928656e-06,1.7880985978990793e-05,2.7120011509396136e-05,8.49699426908046e-06,0.0
4,86,gOMP,baseline,0.00013272800424601883,8.937990060076118e-06,3.0433002393692732e-05,4.091400478500873e-05,1.2275006156414747e-05,0.0
4,86,gOMP,optimized,8.26640025479719e-05,7.978000212460756e-06,1.843301288317889e-05,2.5087007088586688e-05,7.732000085525215e-06,0.0
4,87,gOMP,baseline,0.00018636399181559682,1.0839983588084579e-05,3.6218014429323375e-05,5.807800334878266e-05,2.028199378401041e-05,0.0
4,87,gOMP,optimized,0.0002991310029756278,5.739298649132252e-05,5.515399971045554e-05,8.044000423979014e-05,2.7022004360333085e-05,0.0
4,88,gOMP,baseline,0.00011488900054246187,7.056005415506661e-06,2.4459994165226817e-05,3.59479890903458e-05,1.1961019481532276e-05,0.0
4,88,gOMP,optimized,7.802399341017008e-05,6.747999577783048e-06,1.701099972706288e-05,2.499199763406068e-05,7.627997547388077e-06,0.0
4,89,gOMP,baseline,0.00011884000559803098,7.748007192276418e-06,2.342299558222294e-05,3.759800165425986e-05,1.2414995580911636e-05,0.0
4,89,gOMP,optimized,9.181699715554714e-05,7.618989911861718e-06,1.9364000763744116e-05,2.9252987587824464e-05,8.589981007389724e-06,0.0
4,90,gOMP,baseline,0.00010533700697124004,7.189999450929463e-06,2.126098843291402e-05,3.2077994546853006e-05,1.0661009582690895e-05,0.0
4,90,gOMP,optimized,7.827099761925638e-05,6.305999704636633e-06,1.645401061978191e-05,2.315700112376362e-05,7.328999345190823e-06,0.0
4,91,gOMP,baseline,0.00010031700367107987,6.590998964384198e-06,2.0087012671865523e-05,3.095901047345251e-05,9.675000910647213e-06,0.0
4,91,gOMP,optimized,7.309799548238516e-05,6.230009603314102e-06,1.589898602105677e-05,2.2439009626396e-05,7.4490089900791645e-06,0.0
4,92,gOMP,baseline,0.00010346599447075278,6.869013304822147e-06,1.9857005099765956e-05,3.0269991839304566e-05,9.25500353332609e-06,0.0
4,92,gOMP,optimized,7.935099711176008e-05,6.5689964685589075e-06,1.6982012311927974e-05,2.4150009267032146e-05,7.467999239452183e-06,0.0
4,93,gOMP,baseline,0.0002753440057858825,7.844995707273483e-06,2.5457004085183144e-05,0.0001064020034391433,2.7637986931949854e-05,0.0
4,93,gOMP,optimized,0.00014872899919282645,1.3403987395577133e-05,3.737899533007294e-05,4.887199611403048e-05,1.097700442187488e-05,0.0
4,94,gOMP,baseline,0.00012015699758194387,7.916009053587914e-06,2.472898631822318e-05,3.72549839084968e-05,1.1060008546337485e-05,0.0
4,94,gOMP,optimized,0.00012540200259536505,1.0741001460701227e-05,2.627000503707677e-05,4.1157996747642756e-05,1.3959011994302273e-05,0.0
4,95,gOMP,baseline,0.00013153499457985163,8.078990504145622e-06,2.780099748633802e-05,4.523897951003164e-05,1.1963013093918562e-05,0.0
4,95,gOMP,optimized,8.698800229467452e-05,7.2789989644661546e-06,1.9423998310230672e-05,2.9542003176175058e-05,8.259012247435749e-06,0.0
4,96,gOMP,baseline,0.00010355300037190318,6.513990228995681e-06,2.190598752349615e-05,3.1647010473534465e-05,1.0546005796641111e-05,0.0
4,96,gOMP,optimized,7.730801007710397e-05,6.754009518772364e-06,1.6741003491915762e-05,2.4322987883351743e-05,7.2580151027068496e-06,0.0
4,97,gOMP,baseline,0.00012677999620791525,7.488997653126717e-06,2.574099926277995e-05,4.0992003050632775e-05,1.152000913862139e-05,0.0
4,97,gOMP,optimized,8.270499529317021e-05,6.71100860927254e-06,1.8055012333206832e-05,2.6631998480297625e-05,7.916009053587914e-06,0.0
4,98,gOMP,baseline,0.00011337599426042289,7.21399555914104e-06,2.2252992494031787e-05,3.609599662013352e-05,1.1093987268395722e-05,0.0
4,98,gOMP,optimized,8.417399658355862e-05,7.0590031100437045e-06,1.9202008843421936e-05,2.5764005840756e-05,8.228991646319628e-06,0.0
4,99,gOMP,baseline,0.0001581230026204139,8.172995876520872e-06,3.099598689004779e-05,4.734100366476923e-05,1.7847996787168086e-05,0.0
4,99,gOMP,optimized,0.00014314899453893304,1.1527998140081763e-05,3.477600694168359e-05,4.198400711175054e-05,1.5865996829234064e-05,0.0
4,100,gOMP,baseline,0.00012670099386014044,7.6269934652373195e-06,2.5298999389633536e-05,4.402399645186961e-05,1.2122996849939227e-05,0.0
4,100,gOMP,optimized,8.617399726063013e-05,7.638998795300722e-06,1.898901246022433e-05,2.6292007532902062e-05,8.584014722146094e-06,0.0
4,101,gOMP,baseline,0.00014944699069019407,7.711001671850681e-06,2.3914995836094022e-05,5.351997970137745e-05,1.4961013221181929e-05,0.0
4,101,gOMP,optimized,0.0001158319937530905,9.883995517157018e-06,2.565501199569553e-05,3.5488003049977124e-05,1.0388990631327033e-05,0.0
4,102,gOMP,baseline,0.00011769600678235292,7.265014573931694e-06,2.5084998924285173e-05,3.689299046527594e-05,1.0505988029763103e-05,0.0
4,102,gOMP,optimized,8.704200445208699e-05,7.4459967436268926e-06,1.81560026248917e-05,2.818201028276235e-05,8.710005204193294e-06,0.0
4,103,gOMP,baseline,0.00010762299643829465,7.137001375667751e-06,2.164600300602615e-05,3.3042015274986625e-05,1.100098597817123e-05,0.0
4,103,gOMP,optimized,8.02910071797669e-05,6.629998097196221e-06,1.755800622049719e-05,2.617698919493705e-05,7.675000233575702e-06,0.0
4,104,gOMP,baseline,0.00013109199062455446,6.877991836518049e-06,2.1539002773351967e-05,3.451699740253389e-05,1.0039002518169582e-05,0.0
4,104,gOMP,optimized,8.794599852990359e-05,7.624985300935805e-06,2.031700569204986e-05,2.647699147928506e-05,8.334012818522751e-06,0.0
4,105,gOMP,baseline,0.00011353599256835878,7.4830022640526295e-06,2.2380001610144973e-05,3.6097000702284276e-05,1.0518007911741734e-05,0.0
4,105,gOMP,optimized,8.30630015116185e-05,7.30300962459296e-06,1.8665014067664742e-05,2.5236993678845465e-05,8.388000424019992e-06,0.0
4,106,gOMP,baseline,0.00011734299187082797,8.00300040282309e-06,2.3043001419864595e-05,3.843799640890211e-05,1.047500700224191e-05,0.0
4,106,gOMP,optimized,9.069799853023142e-05,7.804002962075174e-06,2.0198000129312277e-05,2.8408001526258886e-05,8.94001277629286e-06,0.0
4,107,gOMP,baseline,0.00010458199540153146,6.606991519220173e-06,2.106798638124019e-05,3.367700264789164e-05,9.394992957822978e-06,0.0
4,107,gOMP,optimized,0.00011776499741245061,1.1252996046096087e-05,2.45080009335652e-05,4.059899947606027e-05,1.1584008461795747e-05,0.0
4,108,gOMP,baseline,0.0004297440027585253,4.762999014928937e-05,8.94739932846278e-05,0.00014519799151457846,4.329900548327714e-05,0.0
4,108,gOMP,optimized,0.000306752001051791,1.7942991689778864e-05,7.06779828760773e-05,0.00012957000581081957,3.311200998723507e-05,0.0
4,109,gOMP,baseline,0.00015887799963820726,9.244991815648973e-06,2.4348002625629306e-05,3.414301318116486e-05,1.0794989066198468e-05,0.0
4,109,gOMP,optimized,0.00016878700989764184,1.644200528971851e-05,4.0233993786387146e-05,5.150400102138519e-05,1.1420008377172053e-05,0.0
4,110,gOMP,baseline,0.00012749100278597325,8.038987289182842e-06,2.5927991373464465e-05,3.923001349903643e-05,1.4125995221547782e-05,0.0
4,110,gOMP,optimized,9.42129991017282e-05,1.274500391446054e-05,1.93579908227548e-05,2.728000981733203e-05,1.0225994628854096e-05,0.0
4,111,gOMP,baseline,0.00013074300659354776,7.515001925639808e-06,2.3536995286121964e-05,3.747298615053296e-05,1.1037001968361437e-05,0.0
4,111,gOMP,optimized,9.084200428333133e-05,7.873997674323618e-06,2.0874998881481588e-05,2.768400008790195e-05,8.212999091483653e-06,0.0
4,112,gOMP,baseline,0.00013959700299892575,9.604002116248012e-06,2.9896997148171067e-05,4.417600575834513e-05,1.331900421064347e-05,0.0
4,112,gOMP,optimized,8.472400077152997e-05,7.1580143412575126e-06,1.8602004274725914e-05,2.6900001103058457e-05,8.38801497593522e-06,0.0
4,113,gOMP,baseline,0.00010985900007653981,7.0699898060411215e-06,2.607799251563847e-05,3.269599983468652e-05,9.612995199859142e-06,0.0
4,113,gOMP,optimized,8.622900350019336e-05,6.867994670756161e-06,1.8383987480774522e-05,2.7389003662392497e-05,9.02199826668948e-06,0.0
4,114,gOMP,baseline,0.00012240301293786615,8.369999704882503e-06,2.5704008294269443e-05,3.823901352006942e-05,1.1409007129259408e-05,0.0
4,114,gOMP,optimized,8.689200330991298e-05,7.508002454414964e-06,1.863499346654862e-05,2.895400393754244e-05,8.47400224301964e-06,0.0
4,115,gOMP,baseline,0.00012747298751492053,8.33500234875828e-06,2.9939008527435362e-05,3.8287005736492574e-05,1.1837983038276434e-05,0.0
4,115,gOMP,optimized,0.00010132099851034582,8.763003279455006e-06,1.9982995581813157e-05,3.797198587562889e-05,9.196999599225819e-06,0.0
4,116,gOMP,baseline,0.00010099100472871214,8.12899088487029e-06,2.065800072159618e-05,3.0786002753302455e-05,9.277995559386909e-06,0.0
4,116,gOMP,optimized,9.636000322643667e-05,6.337999366223812e-06,2.038000093307346e-05,3.532499249558896e-05,9.874987881630659e-06,0.0
4,117,gOMP,baseline,0.0002182019961765036,1.3948010746389627e-05,4.334400000516325e-05,7.172999903559685e-05,1.9398998119868338e-05,0.0
4,117,gOMP,optimized,0.00015806900046300143,1.261099532712251e-05,3.689099685288966e-05,4.8767004045657814e-05,1.5183992218226194e-05,0.0
4,118,gOMP,baseline,0.00013546200352720916,8.78800346981734e-06,2.4136985302902758e-05,3.990299592260271e-05,1.3564000255428255e-05,0.0
4,118,gOMP,optimized,0.00015769699530210346,8.316987077705562e-06,2.0383013179525733e-05,3.695300256367773e-05,9.167008101940155e-06,0.0
4,119,gOMP,baseline,0.00011751499550882727,7.628987077623606e-06,2.6882000383920968e-05,3.4598997444845736e-05,1.1371012078598142e-05,0.0
4,119,gOMP,optimized,0.00012317700020503253,8.260991307906806e-06,2.0884996047243476e-05,2.963199221994728e-05,1.0261996067129076e-05,0.0
4,120,gOMP,baseline,0.00011909600289072841,7.68899917602539e-06,2.509000478312373e-05,3.704101254697889e-05,1.1153009836561978e-05,0.0
4,120,gOMP,optimized,8.338999759871513e-05,7.2699913289397955e-06,1.783200423233211e-05,2.6820984203368425e-05,8.089002221822739e-06,0.0
4,121,gOMP,baseline,0.00019225099822506309,1.223300932906568e-05,4.15339891333133e-05,5.619300645776093e-05,1.617798989173025e-05,0.0
4,121,gOMP,optimized,0.00029609100602101535,1.4389996067620814e-05,9.57790034590289e-05,0.00010731301154009998,2.489799226168543e-05,0.0
4,122,gOMP,baseline,0.00011435800115577877,7.460999768227339e-06,2.1408995962701738e-05,3.640999784693122e-05,1.1003998224623501e-05,0.0
4,122,gOMP,optimized,8.496000373270363e-05,6.894988473504782e-06,1.7871003365144134e-05,2.7340996894054115e-05,8.253016858361661e-06,0.0
4,123,gOMP,baseline,0.0001243010046891868,8.004994015209377e-06,2.3800006601959467e-05,4.01639990741387e-05,1.209900074172765e-05,0.0
4,123,gOMP,optimized,8.55169928399846e-05,7.301001460291445e-06,1.909398997668177e-05,2.6292982511222363e-05,8.406001143157482e-06,0.0
4,124,gOMP,baseline,0.0001139980013249442,7.385999197140336e-06,2.135000249836594e-05,3.397499676793814e-05,1.0918985935859382e-05,0.0
4,124,gOMP,optimized,8.336700557265431e-05,6.923000910319388e-06,1.826700463425368e-05,2.6811001589521766e-05,8.14200029708445e-06,0.0
4,125,gOMP,baseline,0.00011518599058035761,7.662994903512299e-06,2.2576001356355846e-05,3.484400804154575e-05,1.1182011803612113e-05,0.0
4,125,gOMP,optimized,0.0001388280070386827,9.320996468886733e-06,3.294201451353729e-05,4.690501373261213e-05,1.2504999176599085e-05,0.0
4,126,gOMP,baseline,0.00011575499956961721,7.385009666904807e-06,2.3806001991033554e-05,3.535200085025281e-05,1.2759992387145758e-05,0.0
4,126,gOMP,optimized,9.002799924928695e-05,7.708993507549167e-06,1.988701114896685e-05,2.889901224989444e-05,7.980008376762271e-06,0.0
4,127,gOMP,baseline,0.00015139700553845614,8.43899033498019e-06,3.324300632812083e-05,5.1601993618533015e-05,1.2573989806696773e-05,0.0
4,127,gOMP,optimized,9.254799806512892e-05,8.503018761985004e-06,2.1115003619343042e-05,2.9166010790504515e-05,8.09799530543387e-06,0.0
4,128,gOMP,baseline,0.00011277600424364209,7.679991540499032e-06,2.326902176719159e-05,3.636098699644208e-05,1.061400689650327e-05,0.0
4,128,gOMP,optimized,7.996799831744283e-05,6.952992407605052e-06,1.7399986973032355e-05,2.5540008209645748e-05,7.975992048159242e-06,0.0
4,129,gOMP,baseline,0.00011079300020355731,6.6350039560347795e-06,2.1927000489085913e-05,3.6079014535062015e-05,1.008401159197092e-05,0.0
4,129,gOMP,optimized,0.00010848899546544999,7.208000170066953e-06,1.999000960495323e-05,4.3378997361287475e-05,1.1908006854355335e-05,0.0
4,130,gOMP,baseline,0.0001267220068257302,9.22399340197444e-06,2.4697990738786757e-05,4.1912004235200584e-05,1.2330987374298275e-05,0.0
4,130,gOMP,optimized,8.367400732822716e-05,8.325005182996392e-06,1.8575985450297594e-05,2.5594999897293746e-05,7.880982593633235e-06,0.0
4,131,gOMP,baseline,0.00011207700299564749,7.142996764741838e-06,2.254299761261791e-05,3.579500480554998e-05,1.0236006346531212e-05,0.0
4,131,gOMP,optimized,0.00011710300168488175,7.553011528216302e-06,1.915199391078204e-05,2.571000368334353e-05,8.350005373358727e-06,0.0
4,132,gOMP,baseline,0.0001249229972017929,9.49797686189413e-06,2.6344991056248546e-05,3.775401273742318e-05,1.3394004781730473e-05,0.0
4,132,gOMP,optimized,9.30620008148253e-05,8.827002602629364e-06,1.9163999240845442e-05,3.101299807894975e-05,8.183007594197989e-06,0.0
4,133,gOMP,baseline,0.00011354000889696181,7.691007340326905e-06,2.474001666996628e-05,3.511700197122991e-05,1.026000245474279e-05,0.0
4,133,gOMP,optimized,8.448600419797003e-05,7.12800829205662e-06,1.8430000636726618e-05,2.7600995963439345e-05,8.014016202650964e-06,0.0
4,134,gOMP,baseline,0.0001296700065722689,8.666000212542713e-06,2.760300412774086e-05,4.126800922676921e-05,1.2350996257737279e-05,0.0
4,134,gOMP,optimized,8.727499516680837e-05,7.341004675254226e-06,1.915100438054651e-05,2.7175003197044134e-05,8.553994121029973e-06,0.0
4,135,gOMP,baseline,0.00011912500485777855,9.116993169300258e-06,2.5184985133819282e-05,3.601500065997243e-05,1.1652009561657906e-05,0.0
4,135,gOMP,optimized,9.762300760485232e-05,8.948001777753234e-06,2.0078994566574693e-05,3.129000833723694e-05,8.956005331128836e-06,0.0
4,136,gOMP,baseline,0.00012444599997252226,8.118004188872874e-06,2.630600647535175e-05,3.963301423937082e-05,1.1091993656009436e-05,0.0
4,136,gOMP,optimized,8.619300206191838e-05,7.174996426329017e-06,1.8489998183213174e-05,2.8479000320658088e-05,7.862006896175444e-06,0.0
4,137,gOMP,baseline,0.00015425600577145815,9.788986062631011e-06,3.3805990824475884e-05,4.972401075065136e-05,1.4456003555096686e-05,0.0
4,137,gOMP,optimized,0.00010230499901808798,9.948009392246604e-06,2.153799869120121e-05,3.259300137870014e-05,9.040988516062498e-06,0.0
4,138,gOMP,baseline,0.00011602100857999176,7.423994247801602e-06,2.5771005311980844e-05,3.5033997846767306e-05,1.0796997230499983e-05,0.0
4,138,gOMP,optimized,9.492599929217249e-05,9.094015695154667e-06,2.1387997549027205e-05,2.8467009542509913e-05,9.509007213637233e-06,0.0
4,139,gOMP,baseline,0.00011166700278408825,8.129005436785519e-06,2.214201958850026e-05,3.528399975039065e-05,1.0685995221138e-05,0.0
4,139,gOMP,optimized,8.269600220955908e-05,7.66200537327677e-06,2.1826985175721347e-05,2.35699990298599e-05,7.449023541994393e-06,0.0
4,140,gOMP,baseline,0.00010626499715726823,7.297989213839173e-06,2.1666011889465153e-05,3.354701038915664e-05,1.0189993190579116e-05,0.0
4,140,gOMP,optimized,7.537199417129159e-05,6.5250060288235545e-06,1.6564998077228665e-05,2.3751999833621085e-05,7.795999408699572e-06,0.0
4,141,gOMP,baseline,0.00013143901014700532,8.838993380777538e-06,2.7918998966924846e-05,4.180599353276193e-05,1.2438991689123213e-05,0.0
4,141,gOMP,optimized,8.045599679462612e-05,7.8550074249506e-06,1.8035003449767828e-05,2.4195993319153786e-05,7.474009180441499e-06,0.0
4,142,gOMP,baseline,0.00020295000285841525,1.2638993212021887e-05,3.0495008104480803e-05,4.41919983131811e-05,4.120598896406591e-05,0.0
4,142,gOMP,optimized,9.873599628917873e-05,7.979993824847043e-06,2.1482017473317683e-05,2.9946007998660207e-05,1.2882010196335614e-05,0.0
4,143,gOMP,baseline,0.00018634700973052531,1.666101161390543e-05,4.878798790741712e-05,4.9941998440772295e-05,2.051400952041149e-05,0.0
4,143,gOMP,optimized,0.0001471410068916157,1.7436992493458092e-05,3.054300032090396e-05,4.4764994527213275e-05,1.3468001270666718e-05,0.0
4,144,gOMP,baseline,0.00024049499188549817,1.3391021639108658e-05,5.066599987912923e-05,6.841300637461245e-05,1.9475002773106098e-05,0.0
4,144,gOMP,optimized,0.0001809940004022792,1.4194010873325169e-05,4.1300998418591917e-05,5.637199501506984e-05,1.76030007423833e-05,0.0
4,145,gOMP,baseline,0.00023354300356004387,1.5882993466220796e-05,4.438598989509046e-05,7.354999252129346e-05,2.3266009520739317e-05,0.0
4,145,gOMP,optimized,0.00016843399498611689,1.3029988622292876e-05,4.2396000935696065e-05,4.9448004574514925e-05,1.6368983779102564e-05,0.0
4,146,gOMP,baseline,0.00011212400568183511,7.44700082577765e-06,2.2307009203359485e-05,3.469600051175803e-05,1.061301736626774e-05,0.0
4,146,gOMP,optimized,9.362099808640778e-05,7.380003808066249e-06,2.5277011445723474e-05,2.8309004846960306e-05,8.862989488989115e-06,0.0
4,147,gOMP,baseline,0.00012315899948589504,1.0674004442989826e-05,2.2312000510282815e-05,3.463399480096996e-05,1.172200427390635e-05,0.0
4,147,gOMP,optimized,0.0001831720001064241,2.3626998881809413e-05,4.245599848218262e-05,5.3284005844034255e-05,1.627900928724557e-05,0.0
4,148,gOMP,baseline,0.0002862289984477684,1.9033992430195212e-05,4.779000300914049e-05,8.439499652013183e-05,4.124100087210536e-05,0.0
4,148,gOMP,optimized,0.00019996199989691377,2.3629007046110928e-05,3.587501123547554e-05,6.81550009176135e-05,2.125100581906736e-05,0.0
4,149,gOMP,baseline,0.0001313539978582412,9.318988304585218e-06,2.6702007744461298e-05,4.0853992686606944e-05,1.2766016880050302e-05,0.0
4,149,gOMP,optimized,8.868200529832393e-05,8.336995961144567e-06,1.8567006918601692e-05,2.927600871771574e-05,8.497998351231217e-06,0.0
4,150,gOMP,baseline,0.00014922799891792238,1.448100374545902e-05,3.014699905179441e-05,4.765900666825473e-05,1.2472999515011907e-05,0.0
4,150,gOMP,optimized,8.487798913847655e-05,7.230002665892243e-06,1.9131999579258263e-05,2.6110006729140878e-05,7.919006748124957e-06,0.0
4,151,gOMP,baseline,0.00010679999832063913,7.9180026659742e-06,2.130900975316763e-05,3.1616000342182815e-05,1.1127995094284415e-05,0.0
4,151,gOMP,optimized,8.297699969261885e-05,8.240007446147501e-06,1.8445003661327064e-05,2.612799289636314e-05,7.994996849447489e-06,0.0
4,152,gOMP,baseline,9.943998884409666e-05,6.789996405132115e-06,2.0149003830738366e-05,3.071500395890325e-05,1.000899646896869e-05,0.0
4,152,gOMP,optimized,7.261699647642672e-05,7.1260001277551055e-06,1.6075005987659097e-05,2.2176012862473726e-05,7.096008630469441e-06,0.0
4,153,gOMP,baseline,0.00010335599654354155,6.8559893406927586e-06,1.9712999346666038e-05,3.2073992770165205e-05,9.834009688347578e-06,0.0
4,153,gOMP,optimized,8.591100049670786e-05,6.2449980759993196e-06,1.6471982235088944e-05,3.057300637010485e-05,8.36201070342213e-06,0.0
4,154,gOMP,baseline,0.00023293000413104892,1.5785000869072974e-05,4.5868990127928555e-05,7.336199632845819e-05,2.1068990463390946e-05,0.0
4,154,gOMP,optimized,0.00019912100106012076,1.5350000467151403e-05,4.326397902332246e-05,5.952699575573206e-05,2.1108993678353727e-05,0.0
4,155,gOMP,baseline,0.00020648200006689876,1.416700251866132e-05,4.420198092702776e-05,6.455900438595563e-05,1.997299841605127e-05,0.0
4,155,gOMP,optimized,0.00017201300943270326,1.3546014088205993e-05,3.642700903583318e-05,5.3938012570142746e-05,1.6960009816102684e-05,0.0
4,156,gOMP,baseline,0.00022370999795384705,1.4238990843296051e-05,4.6451998059637845e-05,7.03999976394698e-05,2.1692001610063016e-05,0.0
4,156,gOMP,optimized,0.00016626699652988464,1.3587981811724603e-05,3.831999492831528e-05,5.138400592841208e-05,1.653599611017853e-05,0.0
4,157,gOMP,baseline,0.0002688569948077202,1.8643011571839452e-05,5.551600770559162e-05,7.53370113670826e-05,2.8668990125879645e-05,0.0
4,157,gOMP,optimized,0.0002219740126747638,3.408901102375239e-05,4.817500303033739e-05,6.469199433922768e-05,1.872099528554827e-05,0.0
4,158,gOMP,baseline,0.0002310190029675141,1.53969886014238e-05,4.482200893107802e-05,7.32140033505857e-05,2.5706991436891258e-05,0.0
4,158,gOMP,optimized,0.00016760299331508577,1.465198874939233e-05,4.038598854094744e-05,5.074699583929032e-05,1.6745005268603563e-05,0.0
4,159,gOMP,baseline,0.00025815999833866954,1.618100213818252e-05,4.6836998080834746e-05,7.751700468361378e-05,2.2138003259897232e-05,0.0
4,159,gOMP,optimized,0.00015038599667605013,1.2839998817071319e-05,3.337798989377916e-05,4.554400220513344e-05,1.4157994883134961e-05,0.0
4,160,gOMP,baseline,0.00024301900702994317,1.4158998965285718e-05,4.10350039601326e-05,8.582098234910518e-05,2.5814006221480668e-05,0.0
4,160,gOMP,optimized,0.00015376100782305002,1.418001193087548e-05,3.8031008443795145e-05,4.529001307673752e-05,1.3469005352817476e-05,0.0
4,161,gOMP,baseline,0.00023499100643675774,1.5290002920664847e-05,4.320900188758969e-05,6.931700045242906e-05,2.2075982997193933e-05,0.0
4,161,gOMP,optimized,0.0001740949956001714,1.5303987311199307e-05,3.897999704349786e-05,5.687600059900433e-05,1.5291996533051133e-05,0.0
4,162,gOMP,baseline,0.00012275800690986216,9.198003681376576e-06,2.6793990400619805e-05,3.7690988392569125e-05,1.1037991498596966e-05,0.0
4,162,gOMP,optimized,8.850000449456275e-05,8.656003046780825e-06,1.8744991393759847e-05,2.9351009288802743e-05,8.25899769552052e-06,0.0
4,163,gOMP,baseline,0.00010864798969123513,8.153016096912324e-06,2.2961001377552748e-05,3.3150994568131864e-05,1.0490985005162656e-05,0.0
4,163,gOMP,optimized,7.955099863465875e-05,7.52300547901541e-06,1.6799982404336333e-05,2.4881999706849456e-05,7.737995474599302e-06,0.0
4,164,gOMP,baseline,0.0001548409927636385,1.5243989764712751e-05,3.275398921687156e-05,4.650201299227774e-05,1.4784003724344075e-05,0.0
4,164,gOMP,optimized,8.696700388099998e-05,8.019997039809823e-06,1.8259990611113608e-05,2.8274007490836084e-05,8.520990377292037e-06,0.0
4,165,gOMP,baseline,0.00011617300333455205,8.617003913968801e-06,2.4502005544491112e-05,3.510000533424318e-05,1.2030010111629963e-05,0.0
4,165,gOMP,optimized,0.00013977799972053617,1.111200253944844e-05,2.2328007617034018e-05,5.644100019708276e-05,1.7915997887030244e-05,0.0
4,166,gOMP,baseline,0.0002626939967740327,1.038999471347779e-05,0.00011498198728077114,6.354099605232477e-05,2.2706997697241604e-05,0.0
4,166,gOMP,optimized,9.05619963305071e-05,8.736984455026686e-06,1.9924991647712886e-05,2.79629894066602e-05,8.512986823916435e-06,0.0
4,167,gOMP,baseline,0.00010702500003390014,8.086994057521224e-06,2.1620988263748586e-05,3.2652998925186694e-05,1.0535994078963995e-05,0.0
4,167,gOMP,optimized,7.870899571571499e-05,7.766997441649437e-06,1.6821009921841323e-05,2.3766988306306303e-05,8.117000106722116e-06,0.0
4,168,gOMP,baseline,0.0001636829983908683,1.02420017356053e-05,3.994800499640405e-05,5.364301614463329e-05,1.4551013009622693e-05,0.0
4,168,gOMP,optimized,0.000559563995921053,5.6662014685571194e-05,0.0001892830041470006,0.0001832690031733364,3.2258001738227904e-05,0.0
4,169,gOMP,baseline,0.00013185699936002493,9.162991773337126e-06,2.8596987249329686e-05,4.051801806781441e-05,1.3725017197430134e-05,0.0
4,169,gOMP,optimized,8.894200436770916e-05,8.597999112680554e-06,1.937198976520449e-05,2.8385999030433595e-05,8.327013347297907e-06,0.0
4,170,gOMP,baseline,0.00015108300431165844,1.741500454954803e-05,3.1244984711520374e-05,4.554398765321821e-05,1.4456993085332215e-05,0.0
4,170,gOMP,optimized,0.0001421430060872808,9.52801201492548e-06,3.091400139965117e-05,3.791399649344385e-05,1.2822012649849057e-05,0.0
4,171,gOMP,baseline,0.00011528898903634399,8.71199881657958e-06,2.3877000785432756e-05,3.522599581629038e-05,1.1340991477482021e-05,0.0
4,171,gOMP,optimized,0.0001618069945834577,4.9210997531190515e-05,3.345400909893215e-05,3.409899363759905e-05,1.1210984666831791e-05,0.0
4,172,gOMP,baseline,0.00012506400526035577,9.059003787115216e-06,2.4770997697487473e-05,4.0180006180889904e-05,1.2276010238565505e-05,0.0
4,172,gOMP,optimized,8.471799083054066e-05,8.506001904606819e-06,1.8759994418360293e-05,2.568800118751824e-05,8.149014320224524e-06,0.0
4,173,gOMP,baseline,0.00011375700705684721,8.208997314795852e-06,2.1571991965174675e-05,3.874600224662572e-05,1.1183001333847642e-05,0.0
4,173,gOMP,optimized,7.665000157430768e-05,7.589012966491282e-06,1.6633988707326353e-05,2.435500209685415e-05,7.288006599992514e-06,0.0
4,174,gOMP,baseline,0.00021053598902653903,1.1723997886292636e-05,4.393600102048367e-05,6.318298983387649e-05,2.1234009182080626e-05,0.0
4,174,gOMP,optimized,0.00023892399622127414,1.6671008779667318e-05,5.6352990213781595e-05,5.101600254420191e-05,1.3445009244605899e-05,0.0
4,175,gOMP,baseline,0.00012746200081892312,7.908005500212312e-06,2.7906004106625915e-05,4.013600118923932e-05,1.2137010344304144e-05,0.0
4,175,gOMP,optimized,8.642199099995196e-05,7.4929994298145175e-06,1.8919003196060658e-05,2.8475988074205816e-05,7.731010555289686e-06,0.0
4,176,gOMP,baseline,0.00011697600712068379,7.676004315726459e-06,2.2684005671180785e-05,3.341799310874194e-05,1.1486015864647925e-05,0.0
4,176,gOMP,optimized,8.186399645637721e-05,6.975009455345571e-06,1.7971993656829e-05,2.6380002964287996e-05,8.214992703869939e-06,0.0
4,177,gOMP,baseline,0.000118113006465137,8.46901093609631e-06,2.3943997803144157e-05,3.5371005651541054e-05,1.2407996109686792e-05,0.0
4,177,gOMP,optimized,8.607099880464375e-05,8.4209896158427e-06,1.887799589894712e-05,2.7169997338205576e-05,8.036993676796556e-06,0.0
4,178,gOMP,baseline,0.00012053699174430221,7.451002602465451e-06,2.5411995011381805e-05,3.830299829132855e-05,1.1778000043705106e-05,0.0
4,178,gOMP,optimized,8.408501162193716e-05,6.871996447443962e-06,1.8845006707124412e-05,2.6263995096087456e-05,7.98999099060893e-06,0.0
4,179,gOMP,baseline,0.00019558100029826164,1.3013996067456901e-05,5.588300700765103e-05,6.309599848464131e-05,1.522600359749049e-05,0.0
4,179,gOMP,optimized,9.32669936446473e-05,8.939008694142103e-06,1.9099999917671084e-05,3.164500230923295e-05,8.3619961515069e-06,0.0
4,180,gOMP,baseline,0.00010624500282574445,7.883994840085506e-06,2.2998006897978485e-05,3.182399086654186e-05,1.1199008440598845e-05,0.0
4,180,gOMP,optimized,8.142901060637087e-05,7.42400879971683e-06,1.7328013200312853e-05,2.5886009098030627e-05,7.563998224213719e-06,0.0
4,181,gOMP,baseline,0.0001009090046864003,6.490008672699332e-06,2.1012005163356662e-05,3.12360207317397e-05,9.49300010688603e-06,0.0
4,181,gOMP,optimized,7.939299393910915e-05,6.423011654987931e-06,1.7750993720255792e-05,2.5668996386229992e-05,7.373018888756633e-06,0.0
4,182,gOMP,baseline,0.00011706499208230525,9.034993126988411e-06,2.2908003302291036e-05,3.456600825302303e-05,1.2603981303982437e-05,0.0
4,182,gOMP,optimized,8.875099592842162e-05,8.873001206666231e-06,1.8960985471494496e-05,2.7828005841001868e-05,9.202994988299906e-06,0.0
4,183,gOMP,baseline,0.00010230900079477578,6.928006769157946e-06,2.072901406791061e-05,3.1557996408082545e-05,9.675000910647213e-06,0.0
4,183,gOMP,optimized,7.791600364726037e-05,6.639020284637809e-06,1.7113983631134033e-05,2.4531997041776776e-05,7.580005330964923e-06,0.0
4,184,gOMP,baseline,0.00022877799347043037,1.769700611475855e-05,4.290899960324168e-05,7.94060033513233e-05,2.1400992409326136e-05,0.0
4,184,gOMP,optimized,9.744500857777894e-05,8.955001248978078e-06,2.0737992599606514e-05,3.120199835393578e-05,8.975999662652612e-06,0.0
4,185,gOMP,baseline,0.00010678499529603869,7.390000973828137e-06,2.100400160998106e-05,3.320501127745956e-05,1.0507006663829088e-05,0.0
4,185,gOMP,optimized,8.269998943433166e-05,7.68098107073456e-06,1.839299511630088e-05,2.558098640292883e-05,7.732014637440443e-06,0.0
4,186,gOMP,baseline,0.0002328039990970865,1.738799619488418e-05,4.7945999540388584e-05,7.339099829550833e-05,2.680400211829692e-05,0.0
4,186,gOMP,optimized,9.642599616199732e-05,8.855000487528741e-06,2.1575993741862476e-05,3.0798997613601387e-05,9.37600270844996e-06,0.0
4,187,gOMP,baseline,0.00011316800373606384,6.958987796679139e-06,2.5520988856442273e-05,3.6182987969368696e-05,9.363007848151028e-06,0.0
4,187,gOMP,optimized,8.090600022114813e-05,6.763002602383494e-06,1.7776008462533355e-05,2.647200017236173e-05,7.681999704800546e-06,0.0
4,188,gOMP,baseline,0.00010341400047764182,7.737995474599302e-06,2.079299883916974e-05,3.1069008400663733e-05,1.0500996722839773e-05,0.0
4,188,gOMP,optimized,0.00012404800509102643,9.7439915407449e-06,2.015200152527541e-05,5.392399907577783e-05,1.2491000234149396e-05,0.0
4,189,gOMP,baseline,0.00011598099081311375,7.328009814955294e-06,2.3599000996910036e-05,3.658499917946756e-05,1.0979012586176395e-05,0.0
4,189,gOMP,optimized,0.00010486699466127902,6.946007488295436e-06,1.835200237110257e-05,2.6936992071568966e-05,7.883994840085506e-06,0.0
4,190,gOMP,baseline,0.00037482699553947896,5.390400474425405e-05,6.304799171630293e-05,0.0001037640031427145,4.350200470071286e-05,0.0
4,190,gOMP,optimized,0.0001615450019016862,1.6794016119092703e-05,4.172000626567751e-05,4.5110995415598154e-05,1.2226009857840836e-05,0.0
4,191,gOMP,baseline,0.00010504700185265392,7.147013093344867e-06,2.0516992663033307e-05,3.2576994271948934e-05,9.821000276133418e-06,0.0
4,191,gOMP,optimized,7.9645004007034e-05,7.046997779980302e-06,1.7750004190020263e-05,2.4209002731367946e-05,8.03900184109807e-06,0.0
4,192,gOMP,baseline,0.00010971399024128914,7.979004294611514e-06,2.2378007997758687e-05,3.428799391258508e-05,1.0925999958999455e-05,0.0
4,192,gOMP,optimized,7.845500658731908e-05,7.701994036324322e-06,1.730299845803529e-05,2.3802989744581282e-05,7.661990821361542e-06,0.0
4,193,gOMP,baseline,0.0001210449991049245,8.031987817957997e-06,2.421101089566946e-05,3.937301516998559e-05,1.1134980013594031e-05,0.0
4,193,gOMP,optimized,9.098000009544194e-05,7.3160044848918915e-06,2.021998807322234e-05,2.8584006940945983e-05,9.293013135902584e-06,0.0
4,194,gOMP,baseline,0.0001187879970530048,8.431001333519816e-06,2.4915003450587392e-05,3.632799780461937e-05,1.1862008250318468e-05,0.0
4,194,gOMP,optimized,0.00011379001080058515,1.5380996046587825e-05,2.5592991732992232e-05,3.125000512227416e-05,1.052899460773915e-05,0.0
4,195,gOMP,baseline,0.00011004800035152584,7.075999747030437e-06,2.4789987946860492e-05,3.307698352728039e-05,1.0136995115317404e-05,0.0
4,195,gOMP,optimized,8.119999256450683e-05,6.804999429732561e-06,1.829999382607639e-05,2.585799666121602e-05,7.501002983190119e-06,0.0
4,196,gOMP,baseline,0.00011506800365168601,8.802991942502558e-06,2.30049918172881e-05,3.446699702180922e-05,1.2230986612848938e-05,0.0
4,196,gOMP,optimized,8.412500028498471e-05,8.848015568219125e-06,1.7669997760094702e-05,2.6235997211188078e-05,7.927010301500559e-06,0.0
4,197,gOMP,baseline,0.00016211900219786912,7.82801362220198e-06,4.2436993680894375e-05,5.0349990488030016e-05,1.4386008842848241e-05,0.0
4,197,gOMP,optimized,9.686200064606965e-05,7.633003406226635e-06,2.6260997401550412e-05,2.764201781246811e-05,8.404007530771196e-06,0.0
4,198,gOMP,baseline,0.00013387700892053545,8.351998985745013e-06,2.296999446116388e-05,3.654000465758145e-05,1.1020994861610234e-05,0.0
4,198,gOMP,optimized,0.00025211401225533336,4.364999767858535e-05,5.575499380938709e-05,7.335400732699782e-05,2.4217006284743547e-05,0.0
4,199,gOMP,baseline,0.00011512900528032333,1.1285999789834023e-05,2.2563021047972143e-05,3.52060014847666e-05,1.079800131265074e-05,0.0
4,199,gOMP,optimized,8.525500015821308e-05,7.713009836152196e-06,1.8161998013965786e-05,2.605600457172841e-05,8.036004146561027e-06,0.0
4,200,gOMP,baseline,0.00011315199662931263,8.740011253394186e-06,2.2043008357286453e-05,3.4612996387295425e-05,1.1685988283716142e-05,0.0
4,200,gOMP,optimized,9.544000204186887e-05,8.580987923778594e-06,2.4353008484467864e-05,2.750400744844228e-05,8.762988727539778e-06,0.0
4,201,gOMP,baseline,0.00014076099614612758,1.0087998816743493e-05,2.827199932653457e-05,4.4899992644786835e-05,1.3195007340982556e-05,0.0
4,201,gOMP,optimized,9.320100070908666e-05,9.647992555983365e-06,1.8956998246721923e-05,2.9937989893369377e-05,8.967006579041481e-06,0.0
4,202,gOMP,baseline,0.00013929599663242698,1.0144009138457477e-05,2.888200106099248e-05,4.5420005335472524e-05,1.4724006177857518e-05,0.0
4,202,gOMP,optimized,9.32749971980229e-05,8.686998626217246e-06,2.0715000573545694e-05,2.8728987672366202e-05,8.937990060076118e-06,0.0
4,203,gOMP,baseline,0.00012364199210423976,9.020994184538722e-06,2.51320016104728e-05,3.91670037060976e-05,1.1630007065832615e-05,0.0
4,203,gOMP,optimized,9.04909975361079e-05,8.00300040282309e-06,1.8037011614069343e-05,2.6734996936284006e-05,7.827009540051222e-06,0.0
4,204,gOMP,baseline,0.00011610399815253913,8.542003342881799e-06,2.2895997972227633e-05,3.68309993064031e-05,1.2254007742740214e-05,0.0
4,204,gOMP,optimized,9.368400787934661e-05,8.749004337005317e-06,1.9947998225688934e-05,2.8416005079634488e-05,8.852992323227227e-06,0.0
4,205,gOMP,baseline,0.0001417720050085336,9.060982847586274e-06,2.7909991331398487e-05,3.838801058009267e-05,1.3115000911056995e-05,0.0
4,205,gOMP,optimized,0.00011358100164216012,9.105002391152084e-06,2.1700005163438618e-05,4.370798706077039e-05,1.0351999662816525e-05,0.0
4,206,gOMP,baseline,0.00011114598601125181,8.071001502685249e-06,2.1933010430075228e-05,3.3357006032019854e-05,1.2218981282785535e-05,0.0
4,206,gOMP,optimized,8.01069982117042e-05,8.094997610896826e-06,1.691299257799983e-05,2.5369998184032738e-05,7.579001248814166e-06,0.0
4,207,gOMP,baseline,0.00012513899127952754,9.149007382802665e-06,2.675001451279968e-05,3.837399708572775e-05,1.1898009688593447e-05,0.0
4,207,gOMP,optimized,0.00012186900130473077,9.002003935165703e-06,2.1276006009429693e-05,4.4814005377702415e-05,1.3243014109320939e-05,0.0
4,208,gOMP,baseline,0.00018141299369744956,9.34000127017498e-06,3.209598071407527e-05,7.830499089322984e-05,1.758600410539657e-05,0.0
4,208,gOMP,optimized,8.741499914322048e-05,8.157003321684897e-06,1.906599209178239e-05,2.5771994842216372e-05,7.983006071299314e-06,0.0
4,209,gOMP,baseline,0.00010505098907742649,8.098999387584627e-06,2.0637016859836876e-05,3.190999268554151e-05,1.0596995707601309e-05,0.0
4,209,gOMP,optimized,7.711999933235347e-05,7.745009497739375e-06,1.6946010873652995e-05,2.3146989406086504e-05,7.540991646237671e-06,0.0
4,210,gOMP,baseline,0.0001250689965672791,9.66701190918684e-06,2.5186003767885268e-05,3.604999801609665e-05,1.3295997632667422e-05,0.0
4,210,gOMP,optimized,9.588499960955232e-05,9.591996786184609e-06,1.9771992811001837e-05,2.98469967674464e-05,9.836003300733864e-06,0.0
4,211,gOMP,baseline,0.00035720199230127037,2.125900937244296e-05,6.70549925416708e-05,0.00012810100452043116,5.0602000555954874e-05,0.0
4,211,gOMP,optimized,0.00011562099098227918,1.0723015293478966e-05,2.6093010092154145e-05,3.816898970399052e-05,9.473980753682554e-06,0.0
4,212,gOMP,baseline,0.00010422599734738469,7.805007044225931e-06,2.2566993720829487e-05,3.0365990824066103e-05,9.982002666220069e-06,0.0
4,212,gOMP,optimized,8.629300282336771e-05,8.869013981893659e-06,1.771502138581127e-05,2.6659996365197003e-05,8.211995009332895e-06,0.0
4,213,gOMP,baseline,0.00011402899690438062,8.45699105411768e-06,2.3635991965420544e-05,3.504099731799215e-05,1.1363998055458069e-05,0.0
4,213,gOMP,optimized,8.212700777221471e-05,8.45199974719435e-06,1.776500721462071e-05,2.529397897887975e-05,7.930997526273131e-06,0.0
4,214,gOMP,baseline,0.00012114900164306164,8.540999260731041e-06,2.7632995625026524e-05,3.712299803737551e-05,1.1522017302922904e-05,0.0
4,214,gOMP,optimized,0.00012415301171131432,1.1475000064820051e-05,2.1535000996664166e-05,4.892499418929219e-05,1.2061995221301913e-05,0.0
4,215,gOMP,baseline,0.00011496100341901183,8.580987923778594e-06,2.200900053139776e-05,3.5810007830150425e-05,1.1254000128246844e-05,0.0
4,215,gOMP,optimized,7.918600749690086e-05,7.916009053587914e-06,1.73479929799214e-05,2.4533990654163063e-05,7.543989340774715e-06,0.0
4,216,gOMP,baseline,0.00015840999549254775,1.0866002412512898e-05,3.148899122606963e-05,5.2032002713531256e-05,1.4637000276707113e-05,0.0
4,216,gOMP,optimized,9.801500709727407e-05,9.70800465438515e-06,2.2460008040070534e-05,2.9652001103386283e-05,9.17301804292947e-06,0.0
4,217,gOMP,baseline,0.00011142100265715271,8.340997737832367e-06,2.2881009499542415e-05,3.336399095132947e-05,1.1041003745049238e-05,0.0
4,217,gOMP,optimized,8.527599857188761e-05,8.676011930219829e-06,1.938801142387092e-05,2.5868008378893137e-05,8.104005246423185e-06,0.0
4,218,gOMP,baseline,0.0002694560098461807,8.000002708286047e-06,2.6931011234410107e-05,9.764198330231011e-05,4.913100565318018e-05,0.0
4,218,gOMP,optimized,0.00013906000822316855,1.039401104208082e-05,3.815098898485303e-05,4.6155008021742105e-05,9.643001249060035e-06,0.0
4,219,gOMP,baseline,0.00012428700574673712,7.914000889286399e-06,2.7256013709120452e-05,3.9291990105994046e-05,1.08740059658885e-05,0.0
4,219,gOMP,optimized,8.392799645662308e-05,7.21399555914104e-06,1.8318998627364635e-05,2.664299972821027e-05,8.117989636957645e-06,0.0
4,220,gOMP,baseline,0.00015606101078446954,9.567011147737503e-06,2.7016008971258998e-05,6.0102989664301276e-05,1.8091988749802113e-05,0.0
4,220,gOMP,optimized,8.6931002442725e-05,8.28501651994884e-06,1.959198561962694e-05,2.7330999728292227e-05,8.15100793261081e-06,0.0
4,221,gOMP,baseline,0.00010292899969499558,6.6920038079842925e-06,2.150599902961403e-05,3.1189993023872375e-05,9.663999662734568e-06,0.0
4,221,gOMP,optimized,7.872699643485248e-05,6.526999641209841e-06,1.668497861828655e-05,2.490299812052399e-05,7.4599956860765815e-06,0.0
4,222,gOMP,baseline,0.0001700939901638776,8.442002581432462e-06,2.602000313345343e-05,7.227699097711593e-05,1.879299816209823e-05,0.0
4,222,gOMP,optimized,8.494200301356614e-05,7.0499954745173454e-06,1.9198007066734135e-05,2.671599213499576e-05,8.364993846043944e-06,0.0
4,223,gOMP,baseline,0.00011452801118139178,9.565992513671517e-06,2.1649000700563192e-05,3.729600575752556e-05,1.1177980923093855e-05,0.0
4,223,gOMP,optimized,8.123800216708332e-05,1.1875992640852928e-05,1.6744001186452806e-05,2.3447020794264972e-05,7.5690040830522776e-06,0.0
4,224,gOMP,baseline,0.00011021899990737438,7.512004231102765e-06,2.192301326431334e-05,3.399999695830047e-05,1.0364994523115456e-05,0.0
4,224,gOMP,optimized,8.981999417301267e-05,7.497001206502318e-06,1.95460015675053e-05,2.8052993002347648e-05,8.143004379235208e-06,0.0
4,225,gOMP,baseline,0.00015239199274219573,9.057999704964459e-06,4.1467996197752655e-05,4.5734006562270224e-05,1.2658012565225363e-05,0.0
4,225,gOMP,optimized,0.00033017700479831547,1.1750002158805728e-05,0.00019660299585666507,6.109398964326829e-05,1.5491008525714278e-05,0.0
4,226,gOMP,baseline,0.00013291100913193077,8.221002644859254e-06,2.8804992325603962e-05,4.284600436221808e-05,1.1602998711168766e-05,0.0
4,226,gOMP,optimized,9.780601249076426e-05,8.219998562708497e-06,1.9863000488840044e-05,3.526000364217907e-05,9.217998012900352e-06,0.0
4,227,gOMP,baseline,0.00014280399773269892,1.0602001566439867e-05,2.707800013013184e-05,4.54319961136207e-05,1.3448006939142942e-05,0.0
4,227,gOMP,optimized,9.114800195675343e-05,8.364993846043944e-06,1.894900924526155e-05,2.9259012080729008e-05,8.570990758016706e-06,0.0
4,228,gOMP,baseline,0.0001564090052852407,7.702983566559851e-06,4.817600711248815e-05,4.4317013816908e-05,1.5120007446967065e-05,0.0
4,228,gOMP,optimized,8.140099816955626e-05,6.693997420370579e-06,1.7898011719807982e-05,2.6011999580077827e-05,7.990005542524159e-06,0.0
4,229,gOMP,baseline,0.00012850099301431328,8.728995453566313e-06,2.974300878122449e-05,3.91469948226586e-05,1.201800478156656e-05,0.0
4,229,gOMP,optimized,9.279999358113855e-05,8.45199974719435e-06,2.4708002456463873e-05,2.662999031599611e-05,8.545001037418842e-06,0.0
4,230,gOMP,baseline,0.00011176599946338683,6.991016562096775e-06,2.4869004846550524e-05,3.461498999968171e-05,1.0236981324851513e-05,0.0
4,230,gOMP,optimized,8.108399924822152e-05,6.5580097725614905e-06,1.8378996173851192e-05,2.5927001843228936e-05,7.6029973570257425e-06,0.0
4,231,gOMP,baseline,0.00019975499890279025,1.0888994438573718e-05,3.596401074901223e-05,8.088098547887057e-05,1.9890008843503892e-05,0.0
4,231,gOMP,optimized,0.00010070099961012602,9.668001439422369e-06,2.2799998987466097e-05,3.041699528694153e-05,9.12499672267586e-06,0.0
4,232,gOMP,baseline,0.00011719900066964328,7.624999852851033e-06,2.6367008103989065e-05,3.513501724228263e-05,1.1002004612237215e-05,0.0
4,232,gOMP,optimized,8.721600170247257e-05,6.6929933382198215e-06,1.7420999938622117e-05,2.6063004042953253e-05,7.733004167675972e-06,0.0
4,233,gOMP,baseline,0.00010564700642134994,7.556009222753346e-06,2.2043008357286453e-05,3.206299152225256e-05,1.0849995305761695e-05,0.0
4,233,gOMP,optimized,8.205999620258808e-05,7.5369898695498705e-06,1.7775004380382597e-05,2.5119996280409396e-05,7.63198477216065e-06,0.0
4,234,gOMP,baseline,0.00011489100870676339,1.0841002222150564e-05,2.247600059490651e-05,3.53190116584301e-05,1.0185991413891315e-05,0.0
4,234,gOMP,optimized,7.854199793655425e-05,6.579008186236024e-06,1.713699020911008e-05,2.4365013814531267e-05,8.099013939499855e-06,0.0
4,235,gOMP,baseline,0.00010483700316399336,8.357004844583571e-06,2.1070009097456932e-05,3.0866998713463545e-05,1.0840012691915035e-05,0.0
4,235,gOMP,optimized,8.451900794170797e-05,8.027011062949896e-06,1.8216000171378255e-05,2.5864996132440865e-05,8.005008567124605e-06,0.0
4,236,gOMP,baseline,0.00012730900198221207,7.244991138577461e-06,2.2110005374997854e-05,3.319898678455502e-05,2.496199158485979e-05,0.0
4,236,gOMP,optimized,8.446400170214474e-05,6.946007488295436e-06,1.8362014088779688e-05,2.6460998924449086e-05,7.873997674323618e-06,0.0
4,237,gOMP,baseline,0.00022235800861380994,1.035800960380584e-05,3.2866999390535057e-05,9.744799172040075e-05,2.4291992303915322e-05,0.0
4,237,gOMP,optimized,9.883999882731587e-05,9.240015060640872e-06,2.4271997972391546e-05,3.120600013062358e-05,8.341987268067896e-06,0.0
4,238,gOMP,baseline,0.00012563499331008643,7.951006409712136e-06,2.55799968726933e-05,4.01050056098029e-05,1.234599039889872e-05,0.0
4,238,gOMP,optimized,8.528699981980026e-05,8.548013283871114e-06,1.8699996871873736e-05,2.6577006792649627e-05,8.132992661558092e-06,0.0
4,239,gOMP,baseline,0.00012668299314100295,8.921997505240142e-06,2.8698996175080538e-05,3.840499266516417e-05,1.2229997082613409e-05,0.0
4,239,gOMP,optimized,0.00011686301149893552,1.0161995305679739e-05,2.3191008949652314e-05,3.1786010367795825e-05,2.210299135185778e-05,0.0
4,240,gOMP,baseline,0.00011324200022500008,7.883994840085506e-06,2.29419965762645e-05,3.5411008866503835e-05,1.0813004337251186e-05,0.0
4,240,gOMP,optimized,9.292601316701621e-05,8.158007403835654e-06,2.095401578117162e-05,2.8633003239519894e-05,8.79299477674067e-06,0.0
4,241,gOMP,baseline,0.00012738601071760058,8.7349908426404e-06,2.8183989343233407e-05,3.947499499190599e-05,1.278500712942332e-05,0.0
4,241,gOMP,optimized,8.496099326293916e-05,8.622999303042889e-06,1.812400296330452e-05,2.528799814172089e-05,8.412011084146798e-06,0.0
4,242,gOMP,baseline,0.00016068099648691714,1.808399974834174e-05,2.7443995350040495e-05,4.184500721748918e-05,2.5953995645977557e-05,0.0
4,242,gOMP,optimized,8.683800115250051e-05,7.556998752988875e-06,1.859401527326554e-05,2.767801925074309e-05,8.581992005929351e-06,0.0
4,243,gOMP,baseline,0.00020929999300278723,1.1516007361933589e-05,4.5191001845523715e-05,6.565498188138008e-05,2.2674998035654426e-05,0.0
4,243,gOMP,optimized,0.00011680199531838298,1.1046999134123325e-05,2.666101499926299e-05,3.8703990867361426e-05,9.151000995188951e-06,0.0
4,244,gOMP,baseline,0.0001258750125998631,8.440998499281704e-06,2.7662987122312188e-05,3.969398676417768e-05,1.1707001249305904e-05,0.0
4,244,gOMP,optimized,8.507100574206561e-05,8.410002919845283e-06,1.845599035732448e-05,2.696698356885463e-05,8.017988875508308e-06,0.0
4,245,gOMP,baseline,0.00010922100045718253,7.023001671768725e-06,2.2351989173330367e-05,3.3975986298173666e-05,1.0350006050430238e-05,0.0
4,245,gOMP,optimized,8.888900629244745e-05,6.884991307742894e-06,1.7242011381313205e-05,2.6726993382908404e-05,7.90000194683671e-06,0.0
4,246,gOMP,baseline,0.00011272799747530371,8.803006494417787e-06,2.3643995518796146e-05,3.266800194978714e-05,1.186100416816771e-05,0.0
4,246,gOMP,optimized,8.745500235818326e-05,8.671006071381271e-06,1.901299401652068e-05,2.7232003048993647e-05,7.998984074220061e-06,0.0
4,247,gOMP,baseline,0.00010942800145130605,7.177004590630531e-06,2.2221007384359837e-05,3.3635005820542574e-05,1.0315998224541545e-05,0.0
4,247,gOMP,optimized,8.20789864519611e-05,6.528003723360598e-06,1.721299486234784e-05,2.841500099748373e-05,7.999988156370819e-06,0.0
4,248,gOMP,baseline,0.00011057799565605819,8.381990483030677e-06,2.104400482494384e-05,3.55119991581887e-05,1.105399860534817e-05,0.0
4,248,gOMP,optimized,7.729799835942686e-05,7.49698665458709e-06,1.668398908805102e-05,2.4653010768815875e-05,7.4390118243172765e-06,0.0
4,249,gOMP,baseline,0.0001064609969034791,7.156995707191527e-06,2.200499875470996e-05,3.2598021789453924e-05,1.0140007361769676e-05,0.0
4,249,gOMP,optimized,7.973599713295698e-05,7.094989996403456e-06,1.7911006580106914e-05,2.4973982363007963e-05,7.740003638900816e-06,0.0
4,250,gOMP,baseline,0.00012025999603793025,8.764996891841292e-06,2.379399666097015e-05,3.7761987186968327e-05,1.184399297926575e-05,0.0
4,250,gOMP,optimized,9.669200517237186e-05,9.005016181617975e-06,2.0346997189335525e-05,2.9049013392068446e-05,9.828989277593791e-06,0.0
4,251,gOMP,baseline,0.00013100000796839595,9.979994501918554e-06,2.8997004847042263e-05,3.815500531345606e-05,1.4416000340133905e-05,0.0
4,251,gOMP,optimized,9.059300646185875e-05,8.01600981503725e-06,1.890001294668764e-05,3.0498005799017847e-05,8.636008715257049e-06,0.0
4,252,gOMP,baseline,0.00012407099711708724,9.310999303124845e-06,2.632899850141257e-05,3.8017999031580985e-05,1.210800837725401e-05,0.0
4,252,gOMP,optimized,9.759300155565143e-05,1.582600816618651e-05,1.9565995899029076e-05,2.933100040536374e-05,8.58200655784458e-06,0.0
4,253,gOMP,baseline,0.00011439499212428927,7.1359972935169935e-06,2.4164997739717364e-05,3.6066994653083384e-05,1.0880001354962587e-05,0.0
4,253,gOMP,optimized,8.17989930510521e-05,7.0459936978295445e-06,1.8189006368629634e-05,2.589401265140623e-05,8.024988346733153e-06,0.0
4,254,gOMP,baseline,0.00011691301187966019,8.775998139753938e-06,2.324601518921554e-05,3.6555997212417424e-05,1.1380005162209272e-05,0.0
4,254,gOMP,optimized,0.00011200099834240973,9.076000424101949e-06,2.0948020392097533e-05,4.434499714989215e-05,1.1546988389454782e-05,0.0
4,255,gOMP,baseline,0.00023488000442739576,1.5099009033292532e-05,4.8618996515870094e-05,5.980100831948221e-05,2.332701114937663e-05,0.0
4,255,gOMP,optimized,0.0001592290063854307,1.3035009033046663e-05,3.258600190747529e-05,4.834600258618593e-05,2.0911989849992096e-05,0.0
4,256,gOMP,baseline,0.00012402900028973818,8.534014341421425e-06,2.521600981708616e-05,3.8543003029190004e-05,1.2513002729974687e-05,0.0
4,256,gOMP,optimized,8.69530049385503e-05,8.274990250356495e-06,2.0211009541526437e-05,2.662598853930831e-05,8.754999726079404e-06,0.0
4,257,gOMP,baseline,0.00011120499402750283,9.89600084722042e-06,2.1547020878642797e-05,3.3962001907639205e-05,9.900002623908222e-06,0.0
4,257,gOMP,optimized,9.694098844192922e-05,8.56800761539489e-06,2.059100370388478e-05,2.9665985493920743e-05,9.134993888437748e-06,0.0
4,258,gOMP,baseline,0.00011880300007760525,8.663992048241198e-06,2.536401734687388e-05,3.734898928087205e-05,1.11219851532951e-05,0.0
4,258,gOMP,optimized,8.839998918119818e-05,1.2748001608997583e-05,1.8561011529527605e-05,2.504198346287012e-05,7.978000212460756e-06,0.0
4,259,gOMP,baseline,0.00010844200733117759,7.022012141533196e-06,2.2119013010524213e-05,3.461401502136141e-05,9.852999937720597e-06,0.0
4,259,gOMP,optimized,8.266499207820743e-05,7.24001438356936e-06,1.851400884333998e-05,2.5917004677467048e-05,8.279006578959525e-06,0.0
4,260,gOMP,baseline,0.00012212600267957896,8.730989065952599e-06,2.8422000468708575e-05,3.6559984437189996e-05,1.199501275550574e-05,0.0
4,260,gOMP,optimized,8.951399649959058e-05,8.274990250356495e-06,1.8984006601385772e-05,2.7439004043117166e-05,8.998991688713431e-06,0.0
4,261,gOMP,baseline,0.00044251100916881114,2.7018002583645284e-05,9.265799599234015e-05,9.206499089486897e-05,3.260400262661278e-05,0.0
4,261,gOMP,optimized,0.0006688760040560737,5.916200461797416e-05,0.00012295400665607303,0.0003303250123281032,6.009999196976423e-05,0.0
4,262,gOMP,baseline,0.00016014400171115994,1.0236006346531212e-05,3.189600829500705e-05,4.4037995394319296e-05,1.3796990970149636e-05,0.0
4,262,gOMP,optimized,9.04280022950843e-05,8.711984264664352e-06,1.934301690198481e-05,2.8447015210986137e-05,8.691989933140576e-06,0.0
4,263,gOMP,baseline,0.0001195660006487742,7.858005119487643e-06,2.5424014893360436e-05,3.62029968528077e-05,1.1325013474561274e-05,0.0
4,263,gOMP,optimized,8.635999984107912e-05,7.420996553264558e-06,1.8784005078487098e-05,2.7971997042186558e-05,8.382005034945905e-06,0.0
4,264,gOMP,baseline,0.00012133100244682282,9.009003406390548e-06,2.3716987925581634e-05,3.693401231430471e-05,1.264200545847416e-05,0.0
4,264,gOMP,optimized,9.387399768456817e-05,8.41199653223157e-06,2.4335007765330374e-05,2.8242997359484434e-05,8.313014404848218e-06,0.0
4,265,gOMP,baseline,0.00010726699838414788,7.456997991539538e-06,2.1782019757665694e-05,3.2490992452949286e-05,1.0065996320918202e-05,0.0
4,265,gOMP,optimized,8.326300303451717e-05,7.063004886731505e-06,1.820400939323008e-05,2.6604000595398247e-05,8.210990927182138e-06,0.0
4,266,gOMP,baseline,0.0001417339954059571,9.49300010688603e-06,3.562400524970144e-05,4.29949868703261e-05,1.3384997146204114e-05,0.0
4,266,gOMP,optimized,9.053200483322144e-05,8.757997420616448e-06,1.9663013517856598e-05,2.8577996999956667e-05,8.893999620340765e-06,0.0
4,267,gOMP,baseline,0.00012559699825942516,7.996990461833775e-06,2.528300683479756e-05,3.804999869316816e-05,1.2352000339888036e-05,0.0
4,267,gOMP,optimized,9.505200432613492e-05,7.263995939865708e-06,1.8709994037635624e-05,2.601400774437934e-05,8.403003448620439e-06,0.0
4,268,gOMP,baseline,0.00012157899618614465,8.561983122490346e-06,2.919501275755465e-05,3.409499186091125e-05,1.3202981790527701e-05,0.0
4,268,gOMP,optimized,9.18849982554093e-05,8.44700844027102e-06,1.8991006072610617e-05,3.0251001589931548e-05,8.520000847056508e-06,0.0
4,269,gOMP,baseline,0.00016650099132675678,7.852009730413556e-06,3.706300049088895e-05,6.143099744804204e-05,1.7201993614435196e-05,0.0
4,269,gOMP,optimized,8.749299740884453e-05,7.738999556750059e-06,1.9621991668827832e-05,2.7767004212364554e-05,8.23699519969523e-06,0.0
4,270,gOMP,baseline,0.00011634100519586354,8.413000614382327e-06,2.4114007828757167e-05,3.540099714882672e-05,1.1585012543946505e-05,0.0
4,270,gOMP,optimized,9.873800445348024e-05,8.634000550955534e-06,2.0046005374751985e-05,2.8555004973895848e-05,9.045004844665527e-06,0.0
4,271,gOMP,baseline,0.00011229299707338214,6.952002877369523e-06,2.3851011064834893e-05,3.613700391724706e-05,9.843002771958709e-06,0.0
4,271,gOMP,optimized,7.55039945943281e-05,6.483009201474488e-06,1.6810008673928678e-05,2.3678992874920368e-05,7.2499969974160194e-06,0.0
4,272,gOMP,baseline,0.0001556919887661934,1.2190008419565856e-05,2.72799952654168e-05,3.985500370617956e-05,1.3971992302685976e-05,0.0
4,272,gOMP,optimized,8.752000576350838e-05,8.508999599143863e-06,1.9062994397245347e-05,2.748200495261699e-05,8.534014341421425e-06,0.0
4,273,gOMP,baseline,0.0001029559934977442,7.2730035753920674e-06,2.0395993487909436e-05,3.157400351483375e-05,9.786002920009196e-06,0.0
4,273,gOMP,optimized,0.0001082439994206652,6.599992047995329e-06,3.158100298605859e-05,2.8638009098358452e-05,9.477982530370355e-06,0.0
4,274,gOMP,baseline,0.0001124359987443313,8.228991646319628e-06,2.171300002373755e-05,3.4957993193529546e-05,1.0994015610776842e-05,0.0
4,274,gOMP,optimized,7.450500561390072e-05,7.542010280303657e-06,1.673700171522796e-05,2.229599340353161e-05,7.130016456358135e-06,0.0
4,275,gOMP,baseline,0.00013413900160230696,7.608003215864301e-06,2.6219990104436874e-05,3.5285003832541406e-05,1.2268996215425432e-05,0.0
4,275,gOMP,optimized,8.732399146538228e-05,8.538991096429527e-06,1.846899976953864e-05,2.884100831579417e-05,8.086004527285695e-06,0.0
4,276,gOMP,baseline,0.00013598700752481818,8.408023859374225e-06,2.441700780764222e-05,4.954199539497495e-05,1.5986006474122405e-05,0.0
4,276,gOMP,optimized,8.972598880063742e-05,8.156988769769669e-06,1.890098792500794e-05,2.864398993551731e-05,8.439979865215719e-06,0.0
4,277,gOMP,baseline,0.00011266799992881715,7.437003660015762e-06,2.390699228271842e-05,3.3958000130951405e-05,1.0592993930913508e-05,0.0
4,277,gOMP,optimized,8.433499897364527e-05,7.395006832666695e-06,1.8094011466018856e-05,2.719099575188011e-05,8.167990017682314e-06,0.0
4,278,gOMP,baseline,0.00013566500274464488,9.178984328173101e-06,2.7139001758769155e-05,4.090099537279457e-05,1.3023993233218789e-05,0.0
4,278,gOMP,optimized,8.691100811120123e-05,8.08498589321971e-06,1.887399412225932e-05,2.7221001801081002e-05,8.118993719108403e-06,0.0
4,279,gOMP,baseline,0.00011611300578806549,7.434005965478718e-06,2.321199281141162e-05,3.7654011975973845e-05,1.048899139277637e-05,0.0
4,279,gOMP,optimized,7.796399586368352e-05,6.655012839473784e-06,1.7198006389662623e-05,2.363800012972206e-05,7.5060088420286775e-06,0.0
4,280,gOMP,baseline,0.00014518100942950696,1.0178991942666471e-05,3.163599467370659e-05,4.688599437940866e-05,1.254300877917558e-05,0.0
4,280,gOMP,optimized,9.486099588684738e-05,8.75200203154236e-06,2.025000867433846e-05,3.227300476282835e-05,8.643997716717422e-06,0.0
4,281,gOMP,baseline,0.00011513900244608521,1.2553005944937468e-05,2.2701991838403046e-05,3.295498027000576e-05,1.1493000783957541e-05,0.0
4,281,gOMP,optimized,0.0001808380038710311,1.0760006261989474e-05,9.343100828118622e-05,3.527000080794096e-05,1.142600376624614e-05,0.0
4,282,gOMP,baseline,0.00011736599844880402,7.766982889734209e-06,2.15010077226907e-05,3.231399750802666e-05,1.0584000847302377e-05,0.0
4,282,gOMP,optimized,8.17689870018512e-05,7.6169962994754314e-06,1.7561993445269763e-05,2.601000596769154e-05,8.058996172621846e-06,0.0
4,283,gOMP,baseline,0.00012380999396555126,8.040995453484356e-06,2.5227011064998806e-05,3.845601167995483e-05,1.1757001630030572e-05,0.0
4,283,gOMP,optimized,8.894600614439696e-05,7.852009730413556e-06,1.8651000573299825e-05,2.8858004952780902e-05,8.615999831818044e-06,0.0
4,284,gOMP,baseline,0.00023334199795499444,1.4437013305723667e-05,4.9538997700437903e-05,7.172100595198572e-05,2.1166997612453997e-05,0.0
4,284,gOMP,optimized,0.00014628500503022224,1.2385004083625972e-05,3.6572993849404156e-05,4.2382001993246377e-05,1.4260993339121342e-05,0.0
4,285,gOMP,baseline,0.00021654900046996772,1.4165008906275034e-05,4.0758008253760636e-05,6.812099309172481e-05,2.1839994587935507e-05,0.0
4,285,gOMP,optimized,0.0001825420040404424,1.47680111695081e-05,4.1145001887343824e-05,5.746199167333543e-05,1.7638012650422752e-05,0.0
4,286,gOMP,baseline,0.00024577099247835577,1.5619996702298522e-05,5.040799442213029e-05,7.515600009355694e-05,2.459700044710189e-05,0.0
4,286,gOMP,optimized,0.00021456099057104439,1.968597644008696e-05,4.515799810178578e-05,6.339199899230152e-05,1.7413985915482044e-05,0.0
4,287,gOMP,baseline,0.00025217900110874325,1.6003992641344666e-05,4.8403002438135445e-05,7.701400318183005e-05,2.448499435558915e-05,0.0
4,287,gOMP,optimized,0.00020263000624254346,1.4421995729207993e-05,4.9093010602518916e-05,6.664999818895012e-05,2.0306993974372745e-05,0.0
4,288,gOMP,baseline,0.00014568200276698917,1.01169862318784e-05,2.2692998754791915e-05,5.583300662692636e-05,1.6474004951305687e-05,0.0
4,288,gOMP,optimized,9.72319976426661e-05,8.906994480639696e-06,2.0729989046230912e-05,2.8927999665029347e-05,8.968985639512539e-06,0.0
4,289,gOMP,baseline,0.00010203300917055458,7.655005902051926e-06,2.0341991330496967e-05,3.133698191959411e-05,1.0189993190579116e-05,0.0
4,289,gOMP,optimized,7.531700248364359e-05,7.500988431274891e-06,1.6188001609407365e-05,2.3227010387927294e-05,7.755006663501263e-06,0.0
4,290,gOMP,baseline,0.00011203000030945987,8.105998858809471e-06,2.0624996977858245e-05,3.3320015063509345e-05,1.1083990102633834e-05,0.0
4,290,gOMP,optimized,8.405699918512255e-05,8.214017725549638e-06,1.775199780240655e-05,2.5513014406897128e-05,8.342001819983125e-06,0.0
4,291,gOMP,baseline,0.0001348410005448386,8.691000402905047e-06,3.0248003895394504e-05,4.343499313108623e-05,1.2497010175138712e-05,0.0
4,291,gOMP,optimized,9.921200398821384e-05,7.718001143075526e-06,1.808399974834174e-05,2.5228000595234334e-05,7.2799884947016835e-06,0.0
4,292,gOMP,baseline,0.00015919000725261867,8.404997061006725e-06,2.9180999263189733e-05,3.546799416653812e-05,1.4281991752795875e-05,0.0
4,292,gOMP,optimized,9.327400766778737e-05,8.74800025485456e-06,2.0435996702872217e-05,2.955899981316179e-05,8.319999324157834e-06,0.0
4,293,gOMP,baseline,0.00011720199836418033,8.992996299639344e-06,2.364200190640986e-05,3.63910075975582e-05,1.1141994036734104e-05,0.0
4,293,gOMP,optimized,9.662499360274523e-05,9.124982170760632e-06,1.9767991034314036e-05,3.100700268987566e-05,8.63199238665402e-06,0.0
4,294,gOMP,baseline,0.00010676099918782711,7.964015821926296e-06,2.1195010049268603e-05,3.2333002309314907e-05,1.0769988875836134e-05,0.0
4,294,gOMP,optimized,0.00011655899288598448,1.0851988918147981e-05,2.930399205069989e-05,3.647700941655785e-05,9.836992830969393e-06,0.0
4,295,gOMP,baseline,0.00010838698653969914,7.933995220810175e-06,2.129099448211491e-05,3.440999716985971e-05,1.0982999810948968e-05,0.0
4,295,gOMP,optimized,8.114500087685883e-05,7.892012945376337e-06,1.76030007423833e-05,2.5532004656270146e-05,8.126007742248476e-06,0.0
4,296,gOMP,baseline,0.000111909001134336,8.638002327643335e-06,2.0926992874592543e-05,3.3858013921417296e-05,1.1437005014158785e-05,0.0
4,296,gOMP,optimized,8.167199848685414e-05,7.920010830275714e-06,1.74029846675694e-05,2.5640998501330614e-05,7.905997335910797e-06,0.0
4,297,gOMP,baseline,0.00011366099352017045,8.6759973783046e-06,2.2533000446856022e-05,3.522599581629038e-05,1.1190000805072486e-05,0.0
4,297,gOMP,optimized,8.765498932916671e-05,8.257993613369763e-06,2.1175015717744827e-05,2.567499177530408e-05,8.262999472208321e-06,0.0
4,298,gOMP,baseline,0.00011528200411703438,8.66700429469347e-06,2.3066007997840643e-05,3.602799552027136e-05,1.1172000085934997e-05,0.0
4,298,gOMP,optimized,8.777200127951801e-05,8.340997737832367e-06,1.8947001080960035e-05,2.664800558704883e-05,8.122995495796204e-06,0.0
4,299,gOMP,baseline,0.00023952800256665796,1.2828008038923144e-05,4.53649990959093e-05,8.905399590730667e-05,2.5348010240122676e-05,0.0
4,299,gOMP,optimized,0.000175319000845775,1.8082995666190982e-05,4.2961983126588166e-05,5.166100163478404e-05,1.5236990293487906e-05,0.0
8,0,gOMP,baseline,0.00021683301019947976,1.5139987226575613e-05,4.255000385455787e-05,7.253399235196412e-05,1.9334984244778752e-05,0.0
8,0,gOMP,optimized,0.00014776000170968473,1.4172983355820179e-05,3.173800359945744e-05,5.123601295053959e-05,1.4049990568310022e-05,0.0
8,1,gOMP,baseline,0.00018598099995870143,1.306399644818157e-05,3.395599196664989e-05,6.132000999059528e-05,1.7408994608558714e-05,0.0
8,1,gOMP,optimized,0.00013261500862427056,1.322402385994792e-05,2.8358001145534217e-05,4.3988984543830156e-05,1.3302007573656738e-05,0.0
8,2,gOMP,baseline,0.00019863099441863596,1.3290991773828864e-05,3.538001328706741e-05,6.73340109642595e-05,1.8040998838841915e-05,0.0
8,2,gOMP,optimized,0.00012132301344536245,1.23189965961501e-05,2.662400947883725e-05,3.8395985029637814e-05,1.2860982678830624e-05,0.0
8,3,gOMP,baseline,0.0001823740021791309,1.2293981853872538e-05,3.273498441558331e-05,6.177900650072843e-05,1.6901016351766884e-05,0.0
8,3,gOMP,optimized,0.00011760499910451472,1.1506010196171701e-05,2.523401053622365e-05,3.685000410769135e-05,1.1759999324567616e-05,0.0
8,4,gOMP,baseline,0.00020212998788338155,1.2889009667560458e-05,3.825301246251911e-05,6.87790015945211e-05,1.9412997062318027e-05,0.0
8,4,gOMP,optimized,0.0001240459969267249,1.3141005183570087e-05,2.6637004339136183e-05,3.982298949267715e-05,1.2580989277921617e-05,0.0
8,5,gOMP,baseline,0.0001837839954532683,1.2865988537669182e-05,3.408901102375239e-05,5.9098005294799805e-05,1.707499905023724e-05,0.0
8,5,gOMP,optimized,0.00013118400238454342,1.3876982848159969e-05,2.9138012905605137e-05,4.2903979192487895e-05,1.3151002349331975e-05,0.0
8,6,gOMP,baseline,0.00017454101180192083,1.0969015420414507e-05,3.075999848078936e-05,5.8578007156029344e-05,1.5247991541400552e-05,0.0
8,6,gOMP,optimized,0.00010911400022450835,9.550989489071071e-06,2.3464992409572005e-05,3.702400135807693e-05,1.13099958980456e-05,0.0
8,7,gOMP,baseline,0.00019815099949482828,1.3715995009988546e-05,3.443501191213727e-05,6.880400178488344e-05,1.7638012650422752e-05,0.0
8,7,gOMP,optimized,0.00011870400339830667,1.1747979442588985e-05,2.5278990506194532e-05,3.9506019675172865e-05,1.2539007002487779e-05,0.0
8,8,gOMP,baseline,0.00016228300228249282,1.0325995390303433e-05,2.936100645456463e-05,5.4127987823449075e-05,1.4114004443399608e-05,0.0
8,8,gOMP,optimized,0.00011315399024169892,1.3584009138867259e-05,2.4164008209481835e-05,3.5461984225548804e-05,1.1411000741645694e-05,0.0
8,9,gOMP,baseline,0.00022057699970901012,1.5815981896594167e-05,4.3235006160102785e-05,7.368999649770558e-05,1.976199564523995e-05,0.0
8,9,gOMP,optimized,0.00012047300697304308,1.1480020475573838e-05,2.5493995053693652e-05,4.0786006138660014e-05,1.2010990758426487e-05,0.0
8,10,gOMP,baseline,0.00019961399084422737,1.1243013432249427e-05,3.462299355305731e-05,6.374201620928943e-05,1.607499143574387e-05,0.0
8,10,gOMP,optimized,0.00011085199366789311,9.177994797937572e-06,2.4266017135232687e-05,3.616300818976015e-05,1.182500272989273e-05,0.0
8,11,gOMP,baseline,0.0001724339963402599,1.2333010090515018e-05,3.0411974876187742e-05,5.574998795054853e-05,1.6359001165255904e-05,0.0
8,11,gOMP,optimized,0.00015010299102868885,2.656200376804918e-05,3.153998113702983e-05,4.384700150694698e-05,1.4999008271843195e-05,0.0
8,12,gOMP,baseline,0.000161549003678374,9.759009117260575e-06,2.959500125143677e-05,5.368699203245342e-05,1.3693992514163256e-05,0.0
8,12,gOMP,optimized,0.00011551998613867909,9.603987564332783e-06,2.517100074328482e-05,3.702500544022769e-05,1.1596974218264222e-05,0.0
8,13,gOMP,baseline,0.00027942299493588507,1.880500349216163e-05,5.9658996178768575e-05,9.559599857311696e-05,2.5444009224884212e-05,0.0
8,13,gOMP,optimized,0.00025836699933279306,2.587500785011798e-05,6.168999243527651e-05,8.651801908854395e-05,1.9259998225606978e-05,0.0
8,14,gOMP,baseline,0.000188788995728828,1.0610994650050998e-05,3.58800170943141e-05,6.585501250810921e-05,1.5981990145519376e-05,0.0
8,14,gOMP,optimized,0.0001361270115012303,1.7530008335597813e-05,2.8367023332975805e-05,4.2458996176719666e-05,1.2531003449112177e-05,0.0
8,15,gOMP,baseline,0.00019181899551767856,1.324701588600874e-05,3.560598997864872e-05,6.434801616705954e-05,1.7537997337058187e-05,0.0
8,15,gOMP,optimized,0.00010889199620578438,1.0877003660425544e-05,2.3679982405155897e-05,3.5214005038142204e-05,1.1337993782944977e-05,0.0
8,16,gOMP,baseline,0.00019108700507786125,1.1048003216274083e-05,3.8368001696653664e-05,6.275800114963204e-05,1.763598993420601e-05,0.0
8,16,gOMP,optimized,0.00013519299682229757,1.1521013220772147e-05,3.0965995392762125e-05,4.340200393926352e-05,1.3601005775853992e-05,0.0
8,17,gOMP,baseline,0.00018336200446356088,1.2445001630112529e-05,3.4908007364720106e-05,6.119601312093437e-05,1.7721002222970128e-05,0.0
8,17,gOMP,optimized,0.0001143589906860143,1.2010001228190958e-05,2.5347020709887147e-05,3.715399361681193e-05,1.1563985026441514e-05,0.0
8,18,gOMP,baseline,0.0002524309966247529,1.021499338094145e-05,3.065299824811518e-05,0.00011737000022549182,2.475499059073627e-05,0.0
8,18,gOMP,optimized,0.00013755100371781737,1.2074000551365316e-05,3.189100243616849e-05,4.444899968802929e-05,1.3431999832391739e-05,0.0
8,19,gOMP,baseline,0.00019311900541651994,1.2383010471239686e-05,3.300599928479642e-05,6.85740087646991e-05,1.8662991351448e-05,0.0
8,19,gOMP,optimized,0.00011362601071596146,1.1208991054445505e-05,2.5214991183020175e-05,3.6568017094396055e-05,1.1976997484453022e-05,0.0
8,20,gOMP,baseline,0.0001793830015230924,1.086901465896517e-05,3.132599522359669e-05,5.637398862745613e-05,1.575000351294875e-05,0.0
8,20,gOMP,optimized,0.00012304399569984525,1.1122014257125556e-05,2.7950023650191724e-05,3.989899414591491e-05,1.328799407929182e-05,0.0
8,21,gOMP,baseline,0.0003756560035981238,2.4744993424974382e-05,7.155498315114528e-05,0.0001255919924005866,3.6864003050141037e-05,0.0
8,21,gOMP,optimized,0.0002461300027789548,2.0396997570060194e-05,5.9524012613110244e-05,7.720199937466532e-05,2.594399848021567e-05,0.0
8,22,gOMP,baseline,0.0001761190069373697,1.8313992768526077e-05,3.2894007745198905e-05,5.499199323821813e-05,1.5725992852821946e-05,0.0
8,22,gOMP,optimized,0.00011697399895638227,9.861993021331728e-06,2.4576002033427358e-05,3.880399162881076e-05,1.1732001439668238e-05,0.0
8,23,gOMP,baseline,0.00019497799803502858,1.3805984053760767e-05,3.595701127778739e-05,6.443000165745616e-05,1.773700932972133e-05,0.0
8,23,gOMP,optimized,0.00012380100088194013,1.2160991900600493e-05,2.5604997063055634e-05,4.357000580057502e-05,1.2235002941451967e-05,0.0
8,24,gOMP,baseline,0.00021281700173858553,1.1195996194146574e-05,4.80029993923381e-05,6.838700210209936e-05,1.964098191820085e-05,0.0
8,24,gOMP,optimized,0.00014550599735230207,1.0861025657504797e-05,3.338298120070249e-05,5.4279997129924595e-05,1.3848984963260591e-05,0.0
8,25,gOMP,baseline,0.00019166000129189342,1.3514989404939115e-05,3.285100683569908e-05,6.512698018923402e-05,1.7350001144222915e-05,0.0
8,25,gOMP,optimized,0.00012301500828471035,1.1954005458392203e-05,2.6005000108852983e-05,4.320401058066636e-05,1.2074000551365316e-05,0.0
8,26,gOMP,baseline,0.0002332079893676564,1.3811993994750082e-05,3.672699676826596e-05,6.68199936626479e-05,1.8538004951551557e-05,0.0
8,26,gOMP,optimized,0.00014480200479738414,1.399798202328384e-05,3.296299837529659e-05,4.8470988986082375e-05,1.3833996490575373e-05,0.0
8,27,gOMP,baseline,0.00018769300368148834,1.3002019841223955e-05,3.412901423871517e-05,6.028100324328989e-05,1.8179998733103275e-05,0.0
8,27,gOMP,optimized,0.00012117999722249806,1.220798003487289e-05,2.5850997189991176e-05,4.005699884146452e-05,1.234198862221092e-05,0.0
8,28,gOMP,baseline,0.00019023798813577741,1.3010008842684329e-05,3.503299376461655e-05,6.449098873417825e-05,1.753101241774857e-05,0.0
8,28,gOMP,optimized,0.00012438099656719714,1.2321004760451615e-05,2.6897017960436642e-05,4.2032013880088925e-05,1.2311007594689727e-05,0.0
8,29,gOMP,baseline,0.00022134299797471613,1.2335003702901304e-05,4.0826009353622794e-05,7.605900464113802e-05,2.0157007384113967e-05,0.0
8,29,gOMP,optimized,0.0002957780088763684,4.03520098188892e-05,6.765000580344349e-05,9.481300367042422e-05,2.968899207189679e-05,0.0
8,30,gOMP,baseline,0.0001830609980970621,1.2118005543015897e-05,3.46160086337477e-05,6.189700798131526e-05,1.6345991753041744e-05,0.0
8,30,gOMP,optimized,0.00011639499280136079,1.1799013009294868e-05,2.6249006623402238e-05,3.711201134137809e-05,1.2025993783026934e-05,0.0
8,31,gOMP,baseline,0.00019861799955833703,1.257899566553533e-05,4.560199158731848e-05,6.394200318027288e-05,1.5884012100286782e-05,0.0
8,31,gOMP,optimized,0.00013379199663177133,1.29429972730577e-05,2.9041984817013144e-05,4.3141000787727535e-05,1.2620002962648869e-05,0.0
8,32,gOMP,baseline,0.00016355299158021808,1.1416996130719781e-05,3.050500527024269e-05,5.280699406284839e-05,1.616399094928056e-05,0.0
8,32,gOMP,optimized,0.00012608598626684397,1.2172997230663896e-05,2.708699321374297e-05,4.1171006159856915e-05,1.2380012776702642e-05,0.0
8,33,gOMP,baseline,0.00018362300761509687,1.126001006923616e-05,3.361300332471728e-05,6.291898898780346e-05,1.61549833137542e-05,0.0
8,33,gOMP,optimized,0.0001386889925925061,1.123300171457231e-05,2.7897011023014784e-05,4.038399492856115e-05,1.7265003407374024e-05,0.0
8,34,gOMP,baseline,0.00026697000430431217,1.834997965488583e-05,5.539999983739108e-05,8.291000267490745e-05,3.1118994229473174e-05,0.0
8,34,gOMP,optimized,0.00026082400290761143,3.139999171253294e-05,4.199500835966319e-05,0.00010661999112926424,3.093999112024903e-05,0.0
8,35,gOMP,baseline,0.00017032399773597717,1.025501114781946e-05,3.231399750802666e-05,5.6361997849307954e-05,1.4823002857156098e-05,0.0
8,35,gOMP,optimized,0.00017075201321858913,1.4439996448345482e-05,3.133501741103828e-05,6.684298568870872e-05,1.8616003217175603e-05,0.0
8,36,gOMP,baseline,0.0001938050118042156,1.2470001820474863e-05,3.612201544456184e-05,6.602999928873032e-05,1.832001726143062e-05,0.0
8,36,gOMP,optimized,0.00014810699212830514,2.721798955462873e-05,3.042501339223236e-05,4.1692008380778134e-05,1.481300569139421e-05,0.0
8,37,gOMP,baseline,0.00019209898891858757,1.4011995517648757e-05,3.544098581187427e-05,6.628698611166328e-05,1.5637997421436012e-05,0.0
8,37,gOMP,optimized,0.00010782699973788112,9.32299008127302e-06,2.4573018890805542e-05,3.383599687367678e-05,1.1589014320634305e-05,0.0
8,38,gOMP,baseline,0.00018503300088923424,1.2343996786512434e-05,3.480998566374183e-05,6.097200093790889e-05,1.7722006305120885e-05,0.0
8,38,gOMP,optimized,0.00011835100303869694,1.1473995982669294e-05,2.611400850582868e-05,3.924500197172165e-05,1.2042000889778137e-05,0.0
8,39,gOMP,baseline,0.0002737140021054074,1.4573015505447984e-05,7.65269942348823e-05,8.393899770453572e-05,2.5152985472232103e-05,0.0
8,39,gOMP,optimized,0.00012959400191903114,1.2058982974849641e-05,2.6825000531971455e-05,4.473498847801238e-05,1.4486999134533107e-05,0.0
8,40,gOMP,baseline,0.00018082099268212914,1.2101983884349465e-05,3.2270996598526835e-05,6.011800724081695e-05,1.6940990462899208e-05,0.0
8,40,gOMP,optimized,0.00017201299488078803,1.4304998330771923e-05,5.725398659706116e-05,4.6536995796486735e-05,1.812899427022785e-05,0.0
8,41,gOMP,baseline,0.0002111429930664599,1.2644988601095974e-05,3.8739992305636406e-05,7.20630050636828e-05,1.9125014659948647e-05,0.0
8,41,gOMP,optimized,0.0001206130109494552,1.0105010005645454e-05,2.714501169975847e-05,3.874598769471049e-05,1.3051991118118167e-05,0.0
8,42,gOMP,baseline,0.00017457800277043134,1.2119999155402184e-05,3.253899922128767e-05,5.6953984312713146e-05,1.654999505262822e-05,0.0
8,42,gOMP,optimized,0.00011709499813150615,1.1433003237470984e-05,2.5087996618822217e-05,3.7829988286830485e-05,1.2186996173113585e-05,0.0
8,43,gOMP,baseline,0.00021692199516110122,1.3094002497382462e-05,3.621699579525739e-05,6.55129988444969e-05,1.833899295888841e-05,0.0
8,43,gOMP,optimized,0.00022083100338932127,1.083800452761352e-05,3.2159005058929324e-05,4.0925006032921374e-05,1.3373995898291469e-05,0.0
8,44,gOMP,baseline,0.00021287798881530762,1.4810007996857166e-05,3.744599234778434e-05,7.146199641283602e-05,1.9148996216244996e-05,0.0
8,44,gOMP,optimized,0.00012826500460505486,1.2536984286271036e-05,2.69650190602988e-05,4.2230996768921614e-05,1.4031000318937004e-05,0.0
8,45,gOMP,baseline,0.0001890869898488745,1.818699820432812e-05,3.378099063411355e-05,6.0632999520748854e-05,1.562900433782488e-05,0.0
8,45,gOMP,optimized,0.00042281199421267956,2.3611006326973438e-05,0.00016330098151229322,0.00013962099910713732,3.141599881928414e-05,0.0
8,46,gOMP,baseline,0.00020987799507565796,1.1790005373768508e-05,3.1557021429762244e-05,6.285199197009206e-05,1.6842022887431085e-05,0.0
8,46,gOMP,optimized,0.0001382629998261109,1.3078009942546487e-05,3.5496981581673026e-05,4.2041006963700056e-05,1.3033000868745148e-05,0.0
8,47,gOMP,baseline,0.00019524501112755388,1.1764990631490946e-05,3.43650026479736e-05,7.001998892519623e-05,1.6902005882002413e-05,0.0
8,47,gOMP,optimized,0.00012161499762441963,1.0624004062265158e-05,2.6779991458170116e-05,3.9624006603844464e-05,1.3507000403478742e-05,0.0
8,48,gOMP,baseline,0.0002592009986983612,1.607097510714084e-05,5.723899812437594e-05,8.493900531902909e-05,2.3271000827662647e-05,0.0
8,48,gOMP,optimized,0.00014935099170543253,1.4067991287447512e-05,2.771599974948913e-05,5.506798333954066e-05,1.5619996702298522e-05,0.0
8,49,gOMP,baseline,0.00026698999863583595,2.1159998141229153e-05,5.0403017667122185e-05,8.931598858907819e-05,2.2505992092192173e-05,0.0
8,49,gOMP,optimized,0.00013486800889950246,1.1115014785900712e-05,2.7449990739114583e-05,4.796100256498903e-05,1.3082011719234288e-05,0.0
8,50,gOMP,baseline,0.00024506100453436375,4.318701394367963e-05,3.789701440837234e-05,7.215900404844433e-05,1.9297978724353015e-05,0.0
8,50,gOMP,optimized,0.00012023199815303087,1.1799987987615168e-05,2.640100137796253e-05,4.0009996155276895e-05,1.2429009075276554e-05,0.0
8,51,gOMP,baseline,0.0002895700017688796,1.6516001778654754e-05,6.291200406849384e-05,7.40630057407543e-05,2.08020064746961e-05,0.0
8,51,gOMP,optimized,0.00013187799777369946,1.0799005394801497e-05,2.8215989004820585e-05,4.371898830868304e-05,1.3333992683328688e-05,0.0
8,52,gOMP,baseline,0.00018690300930757076,1.3867989764548838e-05,3.5486998967826366e-05,6.0067992308177054e-05,1.8706981791183352e-05,0.0
8,52,gOMP,optimized,0.00014505199214909226,1.3618991943076253e-05,2.5904984795488417e-05,3.8255995605140924e-05,2.876900543924421e-05,0.0
8,53,gOMP,baseline,0.00019157299539074302,1.0839998139999807e-05,3.667100099846721e-05,6.531299732159823e-05,1.6575009794905782e-05,0.0
8,53,gOMP,optimized,0.00011450800229795277,9.90999978967011e-06,2.6142995920963585e-05,3.681298403535038e-05,1.2109012459404767e-05,0.0
8,54,gOMP,baseline,0.0002268310054205358,1.3149008736945689e-05,4.131201421841979e-05,6.998699973337352e-05,1.7874990589916706e-05,0.0
8,54,gOMP,optimized,0.00012470499495975673,1.2509000953286886e-05,2.69579904852435e-05,3.9260004996322095e-05,1.2588992831297219e-05,0.0
8,55,gOMP,baseline,0.00016881999908946455,1.0572010069154203e-05,3.008899511769414e-05,5.801301449537277e-05,1.490701106376946e-05,0.0
8,55,gOMP,optimized,0.0001086249976651743,9.310999303124845e-06,2.3508997401222587e-05,3.533299604896456e-05,1.2315009371377528e-05,0.0
8,56,gOMP,baseline,0.0002873269986594096,1.5122001059353352e-05,7.232400821521878e-05,9.601500642020255e-05,2.877898805309087e-05,0.0
8,56,gOMP,optimized,0.00013691600179299712,1.3443990610539913e-05,3.103702329099178e-05,4.50009829364717e-05,1.3711978681385517e-05,0.0
8,57,gOMP,baseline,0.00018053299572784454,1.0700998245738447e-05,3.252000897191465e-05,5.98190090386197e-05,1.5861005522310734e-05,0.0
8,57,gOMP,optimized,0.00034725900331977755,1.1739000910893083e-05,2.8121998184360564e-05,0.00017924899293575436,4.8677000449970365e-05,0.0
8,58,gOMP,baseline,0.0001851760025601834,1.2876014807261527e-05,3.446200571488589e-05,6.16109900875017e-05,1.7314014257863164e-05,0.0
8,58,gOMP,optimized,0.00012108800001442432,1.2268006685189903e-05,2.5399000151082873e-05,4.0175000322051346e-05,1.2578006135299802e-05,0.0
8,59,gOMP,baseline,0.0001991280005313456,1.0087998816743493e-05,2.888198650907725e-05,7.676999666728079e-05,1.877000613603741e-05,0.0
8,59,gOMP,optimized,0.00014320200716610998,1.1205978807993233e-05,4.044399247504771e-05,4.316000558901578e-05,1.3320997823029757e-05,0.0
8,60,gOMP,baseline,0.00017408200073987246,1.2293996405787766e-05,2.893999044317752e-05,5.8493984397500753e-05,1.5798999811522663e-05,0.0
8,60,gOMP,optimized,0.00011167398770339787,1.170899486169219e-05,2.3779008188284934e-05,3.6227007512934506e-05,1.1545984307304025e-05,0.0
8,61,gOMP,baseline,0.00025843399635050446,1.586200960446149e-05,6.242899689823389e-05,8.811100269667804e-05,2.0749008399434388e-05,0.0
8,61,gOMP,optimized,0.00015356199583038688,1.2763994163833559e-05,3.183299850206822e-05,5.5288997828029096e-05,1.594399509485811e-05,0.0
8,62,gOMP,baseline,0.0001947819982888177,1.350299862679094e-05,3.613198350649327e-05,6.652402225881815e-05,1.7323996871709824e-05,0.0
8,62,gOMP,optimized,0.00011861399980261922,1.3522017979994416e-05,2.433797635603696e-05,3.918701258953661e-05,1.2035015970468521e-05,0.0
8,63,gOMP,baseline,0.00017106399172917008,1.0757983545772731e-05,3.1212999601848423e-05,5.8905003243125975e-05,1.5026002074591815e-05,0.0
8,63,gOMP,optimized,0.00012535900168586522,9.947005310095847e-06,2.5272995117120445e-05,4.14160022046417e-05,1.4738994650542736e-05,0.0
8,64,gOMP,baseline,0.00016092899022623897,1.1616983101703227e-05,2.8565991669893265e-05,5.2732997573912144e-05,1.5321988030336797e-05,0.0
8,64,gOMP,optimized,0.00010557399946264923,1.0849995305761695e-05,2.2881009499542415e-05,3.3514006645418704e-05,1.1097989045083523e-05,0.0
8,65,gOMP,baseline,0.0001953819883055985,1.1118987458758056e-05,3.469600051175803e-05,7.098600326571614e-05,1.7179016140289605e-05,0.0
8,65,gOMP,optimized,0.00012377300299704075,1.1006020940840244e-05,2.7991991373710334e-05,3.8313999539241195e-05,1.3573997421190143e-05,0.0
8,66,gOMP,baseline,0.00018106000788975507,1.3028984540142119e-05,3.2293988624587655e-05,5.8416000683791935e-05,1.734300167299807e-05,0.0
8,66,gOMP,optimized,0.00012613399303518236,1.2250980944372714e-05,2.649999805726111e-05,4.321600135881454e-05,1.2938995496369898e-05,0.0
8,67,gOMP,baseline,0.00020314699213486165,1.1935990187339485e-05,3.958500747103244e-05,6.833502266090363e-05,1.9925981177948415e-05,0.0
8,67,gOMP,optimized,0.00015028899360913783,1.3297991245053709e-05,2.962700091302395e-05,5.750299897044897e-05,1.6743026208132505e-05,0.0
8,68,gOMP,baseline,0.00017499200475867838,1.2163989595137537e-05,3.237099735997617e-05,5.750800482928753e-05,1.6251011402346194e-05,0.0
8,68,gOMP,optimized,0.00011676699796225876,1.1872994946315885e-05,2.6011999580077827e-05,3.840099088847637e-05,1.1400989023968577e-05,0.0
8,69,gOMP,baseline,0.000222716000280343,1.2881006114184856e-05,4.752201493829489e-05,7.436999294441193e-05,1.963999238796532e-05,0.0
8,69,gOMP,optimized,0.0001305250043515116,1.1222989996895194e-05,2.7983973268419504e-05,4.4545013224706054e-05,1.344000338576734e-05,0.0
8,70,gOMP,baseline,0.00018792299670167267,1.2549004168249667e-05,3.326598380226642e-05,6.0744001530110836e-05,1.9584986148402095e-05,0.0
8,70,gOMP,optimized,0.0001309850049437955,1.2784992577508092e-05,2.772000152617693e-05,4.1821986087597907e-05,1.3088996638543904e-05,0.0
8,71,gOMP,baseline,0.00021751799795310944,1.1315991287119687e-05,5.128199700266123e-05,6.733702321071178e-05,1.9979997887276113e-05,0.0
8,71,gOMP,optimized,0.00012091000098735094,1.044799864757806e-05,2.6626017643138766e-05,3.8341007893905044e-05,1.2670003343373537e-05,0.0
8,72,gOMP,baseline,0.0002011559990933165,1.3502984074875712e-05,3.365801239851862e-05,6.811501225456595e-05,1.796201104298234e-05,0.0
8,72,gOMP,optimized,0.00012283999240025878,1.1828000424429774e-05,2.4701992515474558e-05,4.340801388025284e-05,1.2665987014770508e-05,0.0
8,73,gOMP,baseline,0.0002501649869373068,1.126500137615949e-05,8.56200058478862e-05,6.67959830025211e-05,2.09909921977669e-05,0.0
8,73,gOMP,optimized,0.00018651499703992158,1.101399539038539e-05,3.7349018384702504e-05,4.750398511532694e-05,1.7332989955320954e-05,0.0
8,74,gOMP,baseline,0.00023112200142350048,1.7920989193953574e-05,4.944900865666568e-05,7.620501855853945e-05,1.8371996702626348e-05,0.0
8,74,gOMP,optimized,0.00014228500367607921,1.4625009498558939e-05,3.171301796101034e-05,4.5378998038358986e-05,1.519000215921551e-05,0.0
8,75,gOMP,baseline,0.00020955299260094762,1.3464989024214447e-05,4.161300603300333e-05,6.913399556651711e-05,1.9839993910863996e-05,0.0
8,75,gOMP,optimized,0.00014008799917064607,1.3404001947492361e-05,3.283399564679712e-05,4.368099325802177e-05,1.338199945166707e-05,0.0
8,76,gOMP,baseline,0.00017985199519898742,1.0915988241322339e-05,3.221898805350065e-05,5.842698737978935e-05,1.9265993614681065e-05,0.0
8,76,gOMP,optimized,0.00012911600060760975,1.126001006923616e-05,2.7824018616229296e-05,4.1270992369391024e-05,1.264698221348226e-05,0.0
8,77,gOMP,baseline,0.00017196800035890192,1.0426010703667998e-05,3.377300163265318e-05,5.6944991229102015e-05,1.4813020243309438e-05,0.0
8,77,gOMP,optimized,0.00010881399794016033,9.416020475327969e-06,2.3846994736231863e-05,3.562097845133394e-05,1.1684998753480613e-05,0.0
8,78,gOMP,baseline,0.0001936290063895285,1.1519994586706161e-05,3.378499241080135e-05,6.641300569754094e-05,1.7717000446282327e-05,0.0
8,78,gOMP,optimized,0.00013956900511402637,1.1483993148431182e-05,2.936698729172349e-05,4.543500836007297e-05,1.4530000044032931e-05,0.0
8,79,gOMP,baseline,0.00040480100142303854,2.3347005480900407e-05,7.445200753863901e-05,0.00013198099622968584,4.131700552534312e-05,0.0
8,79,gOMP,optimized,0.0002381859958404675,2.003599365707487e-05,5.8506004279479384e-05,7.500898209400475e-05,2.5029992684721947e-05,0.0
8,80,gOMP,baseline,0.0003791639901464805,2.2672000341117382e-05,6.642300286330283e-05,0.00012360198888927698,3.822101280093193e-05,0.0
8,80,gOMP,optimized,0.0002651590039022267,1.9701998098753393e-05,7.73630163166672e-05,8.021399844437838e-05,2.6901005185209215e-05,0.0
8,81,gOMP,baseline,0.00042402300459798425,2.7247995603829622e-05,6.727299478370696e-05,0.00016787400818429887,4.606200673151761e-05,0.0
8,81,gOMP,optimized,0.0005261990008875728,0.00011229199299123138,0.00012120901374146342,0.00016877101734280586,3.944901982322335e-05,0.0
8,82,gOMP,baseline,0.00022911099949851632,1.2782984413206577e-05,3.76940006390214e-05,8.530201739631593e-05,2.5683999410830438e-05,0.0
8,82,gOMP,optimized,0.0001299150026170537,1.1027994332835078e-05,2.876100188586861e-05,4.398799501359463e-05,1.3693002983927727e-05,0.0
8,83,gOMP,baseline,0.00026345399965066463,1.3247001334093511e-05,6.223501986823976e-05,8.81870073499158e-05,2.599200524855405e-05,0.0
8,83,gOMP,optimized,0.00011709298996720463,1.0046016541309655e-05,2.5201006792485714e-05,4.109498695470393e-05,1.2032993254251778e-05,0.0
8,84,gOMP,baseline,0.00019105699902866036,1.1316995369270444e-05,3.521198232192546e-05,6.525102071464062e-05,1.6254998627118766e-05,0.0
8,84,gOMP,optimized,0.0001374059938825667,1.1427997378632426e-05,2.9243994504213333e-05,4.5829001464881e-05,1.3683005818165839e-05,0.0
8,85,gOMP,baseline,0.0002313510049134493,1.1538999387994409e-05,5.5693002650514245e-05,7.925498357508332e-05,1.72889995155856e-05,0.0
8,85,gOMP,optimized,0.00012614000297617167,1.1431999155320227e-05,2.7192989364266396e-05,4.088599234819412e-05,1.2635005987249315e-05,0.0
8,86,gOMP,baseline,0.00016444599896203727,1.0275005479343235e-05,3.080001624766737e-05,5.370499275159091e-05,1.4236007700674236e-05,0.0
8,86,gOMP,optimized,0.00011530199844855815,1.0194999049417675e-05,2.666600630618632e-05,3.8129990571178496e-05,1.1418014764785767e-05,0.0
8,87,gOMP,baseline,0.0001741150044836104,1.1018011718988419e-05,3.1001996831037104e-05,5.852799222338945e-05,1.597900700289756e-05,0.0
8,87,gOMP,optimized,0.0001442580105504021,1.0875010048039258e-05,2.8336013201624155e-05,4.3338004616089165e-05,1.5063007595017552e-05,0.0
8,88,gOMP,baseline,0.00015942699974402785,9.966999641619623e-06,2.8550013666972518e-05,5.358697671908885e-05,1.3782992027699947e-05,0.0
8,88,gOMP,optimized,0.00011001800885424018,9.565002983435988e-06,2.3438013158738613e-05,3.4572003642097116e-05,1.1891999747604132e-05,0.0
8,89,gOMP,baseline,0.00020166400645393878,1.1197000276297331e-05,4.1934996261261404e-05,6.734799535479397e-05,1.7851009033620358e-05,0.0
8,89,gOMP,optimized,0.00013770601071882993,1.2913995306007564e-05,2.848201256711036e-05,4.639299004338682e-05,1.3183991541154683e-05,0.0
8,90,gOMP,baseline,0.000188509002327919,1.2585005606524646e-05,3.594800364226103e-05,6.45840191282332e-05,1.6368008800782263e-05,0.0
8,90,gOMP,optimized,0.00011773499136324972,9.958006558008492e-06,2.5072004063986242e-05,3.825299791060388e-05,1.235499803442508e-05,0.0
8,91,gOMP,baseline,0.00018482201267033815,1.0989009751938283e-05,3.374401421751827e-05,6.457898416556418e-05,1.69120030477643e-05,0.0
8,91,gOMP,optimized,0.00013447301171254367,9.55599534790963e-06,2.3907996364869177e-05,5.341198993846774e-05,1.5394994989037514e-05,0.0
8,92,gOMP,baseline,0.00017284999194089323,1.3284006854519248e-05,2.9772985726594925e-05,5.564601451624185e-05,1.8445003661327064e-05,0.0
8,92,gOMP,optimized,0.00011798999912571162,1.2104996130801737e-05,2.532800135668367e-05,3.725299029611051e-05,1.1666998034343123e-05,0.0
8,93,gOMP,baseline,0.00017235599807463586,1.079800131265074e-05,3.1549003324471414e-05,5.6375982239842415e-05,1.4744000509381294e-05,0.0
8,93,gOMP,optimized,0.00014644699695054442,1.141201937571168e-05,3.436801489442587e-05,5.1130002248100936e-05,1.4422010281123221e-05,0.0
8,94,gOMP,baseline,0.0001900080096675083,1.2891003279946744e-05,3.38879763148725e-05,6.000901339575648e-05,2.1888015908189118e-05,0.0
8,94,gOMP,optimized,0.00012765300925821066,1.2778982636518776e-05,2.5888992240652442e-05,4.492899461183697e-05,1.2958989827893674e-05,0.0
8,95,gOMP,baseline,0.00020404299721121788,1.280799915548414e-05,3.772399213630706e-05,7.104499673005193e-05,1.675999374128878e-05,0.0
8,95,gOMP,optimized,0.00011921400437131524,9.97299503069371e-06,2.545499592088163e-05,4.138398799113929e-05,1.1894982890225947e-05,0.0
8,96,gOMP,baseline,0.00018610000552143902,1.3290991773828864e-05,3.341601404827088e-05,6.134800787549466e-05,1.714100653771311e-05,0.0
8,96,gOMP,optimized,0.0001306689955526963,1.3119992217980325e-05,2.8260998078621924e-05,4.160800017416477e-05,1.2690987205132842e-05,0.0
8,97,gOMP,baseline,0.00017094999202527106,1.1056996299885213e-05,3.226501576136798e-05,5.592301022261381e-05,1.5232988516800106e-05,0.0
8,97,gOMP,optimized,0.00012590400001499802,1.2699994840659201e-05,2.769200364127755e-05,3.993100835941732e-05,1.3370998203754425e-05,0.0
8,98,gOMP,baseline,0.00017223200120497495,1.2216987670399249e-05,2.9808012186549604e-05,5.6652992498129606e-05,1.6538018826395273e-05,0.0
8,98,gOMP,optimized,0.00011479901149868965,1.1294992873445153e-05,2.5175002519972622e-05,3.664100950118154e-05,1.1722993804141879e-05,0.0
8,99,gOMP,baseline,0.00019087200053036213,1.3284006854519248e-05,3.2997995731420815e-05,6.621700595133007e-05,1.5899000572972e-05,0.0
8,99,gOMP,optimized,0.00011983800504822284,1.0014991858042777e-05,2.8601993108168244e-05,3.799601108767092e-05,1.2321994290687144e-05,0.0
8,100,gOMP,baseline,0.00018454600649420172,1.2923002941533923e-05,3.471497620921582e-05,6.0341000789776444e-05,1.7108017345890403e-05,0.0
8,100,gOMP,optimized,0.000118633994134143,1.1932992492802441e-05,2.542800211813301e-05,3.992598794866353e-05,1.167798473034054e-05,0.0
8,101,gOMP,baseline,0.00019401700410526246,1.0741001460701227e-05,3.725399437826127e-05,6.756199582014233e-05,1.6155012417584658e-05,0.0
8,101,gOMP,optimized,0.00012477400014176965,1.0119998478330672e-05,2.688099630177021e-05,3.9282007492147386e-05,1.6858000890351832e-05,0.0
8,102,gOMP,baseline,0.00017034400661941618,1.2331016478128731e-05,3.014299727510661e-05,5.647601210512221e-05,1.6238001990132034e-05,0.0
8,102,gOMP,optimized,0.0005049839965067804,6.0915990616194904e-05,0.00019176599744241685,0.00012024700117763132,4.522099334280938e-05,0.0
8,103,gOMP,baseline,0.00024802700500003994,1.2247997801750898e-05,4.899899067822844e-05,9.84880025498569e-05,2.1325016859918833e-05,0.0
8,103,gOMP,optimized,0.00014547401224263012,1.3242010027170181e-05,3.03619890473783e-05,5.012798646930605e-05,1.4173012459650636e-05,0.0
8,104,gOMP,baseline,0.00019234299543313682,1.2891978258267045e-05,3.470900992397219e-05,6.341001426335424e-05,1.9735016394406557e-05,0.0
8,104,gOMP,optimized,0.00012579499161802232,1.440000778529793e-05,3.223698877263814e-05,3.8012993172742426e-05,1.1534008081071079e-05,0.0
8,105,gOMP,baseline,0.00017475400818511844,1.043900556396693e-05,3.1670002499595284e-05,5.924898141529411e-05,1.5277997590601444e-05,0.0
8,105,gOMP,optimized,0.00010961099178530276,9.266019333153963e-06,2.3576008970849216e-05,3.7309990148060024e-05,1.1848998838104308e-05,0.0
8,106,gOMP,baseline,0.00018137600272893906,1.2689983122982085e-05,3.1185001716949046e-05,6.290200690273196e-05,1.7304992070421576e-05,0.0
8,106,gOMP,optimized,0.00012042801245115697,1.1929994798265398e-05,2.4743014364503324e-05,4.0637998608872294e-05,1.2797012459486723e-05,0.0
8,107,gOMP,baseline,0.00024309600121341646,1.1929994798265398e-05,4.410700057633221e-05,9.478699939791113e-05,2.1420986740849912e-05,0.0
8,107,gOMP,optimized,0.00011080500553362072,1.0520991054363549e-05,2.4554989067837596e-05,3.581700730137527e-05,1.165099092759192e-05,0.0
8,108,gOMP,baseline,0.00026845499814953655,1.538799551781267e-05,4.3047984945587814e-05,8.030999742913991e-05,2.188702637795359e-05,0.0
8,108,gOMP,optimized,0.0001330719969701022,1.2568008969537914e-05,2.7645015507005155e-05,4.8161004087887704e-05,1.2774995411746204e-05,0.0
8,109,gOMP,baseline,0.00022003399499226362,1.0753996321000159e-05,3.46249871654436e-05,8.0972007708624e-05,2.130000211764127e-05,0.0
8,109,gOMP,optimized,0.00011790500138886273,9.650990250520408e-06,2.6466004783287644e-05,3.846701292786747e-05,1.2304008123464882e-05,0.0
8,110,gOMP,baseline,0.00017069699242711067,1.2207005056552589e-05,2.9665985493920743e-05,5.619897274300456e-05,1.6555990441702306e-05,0.0
8,110,gOMP,optimized,0.00015786099538672715,2.0655992557294667e-05,2.9176997486501932e-05,4.295799590181559e-05,1.3026990927755833e-05,0.0
8,111,gOMP,baseline,0.0002735419984674081,1.534397597424686e-05,4.31669905083254e-05,7.668501348234713e-05,2.2968000848777592e-05,0.0
8,111,gOMP,optimized,0.00013537300401367247,1.1637996067292988e-05,2.995401155203581e-05,4.3989988625980914e-05,1.459897612221539e-05,0.0
8,112,gOMP,baseline,0.00018160699983127415,1.191098999697715e-05,3.508600639179349e-05,6.0520993429236114e-05,1.654998050071299e-05,0.0
8,112,gOMP,optimized,0.00012295300257392228,1.1281998013146222e-05,2.439599484205246e-05,3.421198925934732e-05,1.1333992006257176e-05,0.0
8,113,gOMP,baseline,0.0003564420039765537,2.0408988348208368e-05,8.554499072488397e-05,0.00012281099043320864,3.21870029438287e-05,0.0
8,113,gOMP,optimized,0.00021073699463158846,2.4648979888297617e-05,3.9425998693332076e-05,7.422199996653944e-05,2.0777006284333766e-05,0.0
8,114,gOMP,baseline,0.00018228100088890642,1.2604999938048422e-05,3.416700928937644e-05,5.777398473583162e-05,1.7947008018381894e-05,0.0
8,114,gOMP,optimized,0.00014803999511059374,1.202701241709292e-05,4.2692015995271504e-05,4.4805987272411585e-05,1.3921991921961308e-05,0.0
8,115,gOMP,baseline,0.00019573500321712345,1.1559008271433413e-05,3.5199016565456986e-05,6.713000766467303e-05,1.566199352964759e-05,0.0
8,115,gOMP,optimized,0.00012131599942222238,1.0333998943679035e-05,2.6493013137951493e-05,4.1005012462846935e-05,1.2827993487007916e-05,0.0
8,116,gOMP,baseline,0.00018664399976842105,1.0855001164600253e-05,3.413899685256183e-05,6.589500117115676e-05,1.6525998944416642e-05,0.0
8,116,gOMP,optimized,0.0001191140036098659,1.0447984095662832e-05,2.646702341735363e-05,3.7937992601655424e-05,1.2268006685189903e-05,0.0
8,117,gOMP,baseline,0.0001701099972706288,1.0083007509820163e-05,3.031200321856886e-05,5.853199400007725e-05,1.569699088577181e-05,0.0
8,117,gOMP,optimized,0.00010658300016075373,9.329000022262335e-06,2.3500993847846985e-05,3.433100937400013e-05,1.1437019566074014e-05,0.0
8,118,gOMP,baseline,0.00019286999304313213,1.117402280215174e-05,3.644601383712143e-05,6.70040026307106e-05,1.689001510385424e-05,0.0
8,118,gOMP,optimized,0.00012289799633435905,1.1149997590109706e-05,2.680499164853245e-05,3.971900150645524e-05,1.221500860992819e-05,0.0
8,119,gOMP,baseline,0.00021002399444114417,1.1864991392940283e-05,4.0336002712138e-05,7.307899068109691e-05,1.8637991161085665e-05,0.0
8,119,gOMP,optimized,0.0001215980009874329,1.0370014933869243e-05,2.7026006137020886e-05,4.051801806781441e-05,1.2564996723085642e-05,0.0
8,120,gOMP,baseline,0.00019555700419005007,1.1422991519793868e-05,3.562898200470954e-05,6.834401574451476e-05,1.655799860600382e-05,0.0
8,120,gOMP,optimized,0.0001159410021500662,9.944007615558803e-06,2.5909990654326975e-05,3.778199607040733e-05,1.2419011909514666e-05,0.0
8,121,gOMP,baseline,0.00022886200167704374,1.1199997970834374e-05,4.413101123645902e-05,8.587201591581106e-05,2.014300844166428e-05,0.0
8,121,gOMP,optimized,0.00023650600633118302,3.569199179764837e-05,5.5172989959828556e-05,7.241198909468949e-05,1.4536009985022247e-05,0.0
8,122,gOMP,baseline,0.00020999200933147222,1.1841999366879463e-05,4.672700015362352e-05,6.794699584133923e-05,1.808399974834174e-05,0.0
8,122,gOMP,optimized,0.00013660400873050094,1.2075004633516073e-05,2.994498936459422e-05,4.626999725587666e-05,1.3709985068999231e-05,0.0
8,123,gOMP,baseline,0.0001939189969561994,1.1494004866108298e-05,3.891698725055903e-05,6.511200626846403e-05,1.7206999473273754e-05,0.0
8,123,gOMP,optimized,0.00011490899487398565,1.0054005542770028e-05,2.5437009753659368e-05,3.723199188243598e-05,1.2014017556793988e-05,0.0
8,124,gOMP,baseline,0.0003200310020474717,2.1298998035490513e-05,5.854202026966959e-05,0.00010456702148076147,3.342599666211754e-05,0.0
8,124,gOMP,optimized,0.00021529800142161548,1.7174999811686575e-05,4.696901305578649e-05,7.400399772450328e-05,2.1666986867785454e-05,0.0
8,125,gOMP,baseline,0.0003606409882195294,1.8349019228480756e-05,8.595400140620768e-05,0.00011423400428611785,3.446901973802596e-05,0.0
8,125,gOMP,optimized,0.00029720399470534176,2.039702667389065e-05,9.914301335811615e-05,8.386200352106243e-05,2.907999441958964e-05,0.0
8,126,gOMP,baseline,0.00025504200311843306,2.011199831031263e-05,4.9708003643900156e-05,8.600401633884758e-05,2.0287989173084497e-05,0.0
8,126,gOMP,optimized,0.00015983400226105005,1.203200372401625e-05,3.219298378098756e-05,5.8061006711795926e-05,1.820900070015341e-05,0.0
8,127,gOMP,baseline,0.0001638529938645661,1.0174000635743141e-05,2.9830989660695195e-05,5.567798507399857e-05,1.4226010534912348e-05,0.0
8,127,gOMP,optimized,0.00011530000483617187,9.772993507795036e-06,2.5052999262697995e-05,3.7278005038388073e-05,1.1718017049133778e-05,0.0
8,128,gOMP,baseline,0.00017768399266060442,1.0778996511362493e-05,3.0669994885101914e-05,5.6280012358911335e-05,1.5020006685517728e-05,0.0
8,128,gOMP,optimized,0.00014868899597786367,1.5542012988589704e-05,3.264499537181109e-05,4.571498720906675e-05,1.5475001418963075e-05,0.0
8,129,gOMP,baseline,0.0002680729958228767,2.963098813779652e-05,4.60640003439039e-05,8.258601883426309e-05,2.1539017325267196e-05,0.0
8,129,gOMP,optimized,0.00013152799510862678,1.1019990779459476e-05,2.8367008781060576e-05,4.3473002733662724e-05,1.3323980965651572e-05,0.0
8,130,gOMP,baseline,0.0003973929997300729,2.5630011805333197e-05,9.494299592915922e-05,0.00010917002509813756,3.155600279569626e-05,0.0
8,130,gOMP,optimized,0.00015794999490026385,1.2816977687180042e-05,3.356199886184186e-05,4.8201996833086014e-05,2.4362001568078995e-05,0.0
8,131,gOMP,baseline,0.00018178799655288458,9.991999831981957e-06,3.178299812134355e-05,5.954501102678478e-05,1.5211015124805272e-05,0.0
8,131,gOMP,optimized,0.0001766439963830635,1.3644021237269044e-05,3.075700078625232e-05,4.53850079793483e-05,1.5313009498640895e-05,0.0
8,132,gOMP,baseline,0.00020244299957994372,1.2110991519875824e-05,3.947097866330296e-05,6.709198351018131e-05,1.726299524307251e-05,0.0
8,132,gOMP,optimized,0.00012739798694383353,1.1575000826269388e-05,2.7059984859079123e-05,4.237900429870933e-05,1.4256002032198012e-05,0.0
8,133,gOMP,baseline,0.00016604400298092514,1.0108997230418026e-05,3.051001112908125e-05,5.722200148738921e-05,1.3972006854601204e-05,0.0
8,133,gOMP,optimized,0.00013587099965661764,9.441995644010603e-06,2.452598710078746e-05,4.689799970947206e-05,1.606499426998198e-05,0.0
8,134,gOMP,baseline,0.00020969299657735974,1.2279997463338077e-05,4.2275976738892496e-05,7.212201307993382e-05,1.843299833126366e-05,0.0
8,134,gOMP,optimized,0.00013719299749936908,1.1840995284728706e-05,2.8559021302498877e-05,4.1915991459973156e-05,2.11200094781816e-05,0.0
8,135,gOMP,baseline,0.00020755099831148982,1.2173986760899425e-05,3.8089987356215715e-05,7.449999975506216e-05,1.7573009245097637e-05,0.0
8,135,gOMP,optimized,0.00014358900079969317,9.975003194995224e-06,2.5836998247541487e-05,5.686600343324244e-05,1.8634003936313093e-05,0.0
8,136,gOMP,baseline,0.0003868950007017702,3.845499304588884e-05,7.145400741137564e-05,0.0001239200064446777,3.743100387509912e-05,0.0
8,136,gOMP,optimized,0.00024694799503777176,2.6048015570268035e-05,5.109100311528891e-05,7.729798380751163e-05,2.6659981813281775e-05,0.0
8,137,gOMP,baseline,0.00018222600920125842,1.3083001249469817e-05,3.424700116738677e-05,5.774099554400891e-05,1.7420010408386588e-05,0.0
8,137,gOMP,optimized,0.00016702200809959322,1.7763013602234423e-05,3.215398464817554e-05,4.762499884236604e-05,3.203500818926841e-05,0.0
8,138,gOMP,baseline,0.00021487500634975731,1.2660006177611649e-05,3.877200651913881e-05,7.396000728476793e-05,1.671499921940267e-05,0.0
8,138,gOMP,optimized,0.00011179799912497401,9.099007002077997e-06,2.558898995630443e-05,3.665100666694343e-05,1.1625015758909285e-05,0.0
8,139,gOMP,baseline,0.00015735099441371858,9.92300920188427e-06,2.9045986593700945e-05,5.243401392363012e-05,1.3424985809251666e-05,0.0
8,139,gOMP,optimized,0.00010746299813035876,9.512994438409805e-06,2.3549015168100595e-05,3.4060998586937785e-05,1.1397991329431534e-05,0.0
8,140,gOMP,baseline,0.00017916499928105623,1.0786010534502566e-05,3.0911993235349655e-05,6.30770082352683e-05,1.5033016097731888e-05,0.0
8,140,gOMP,optimized,0.00013888199464417994,1.0338000720366836e-05,2.7016998501494527e-05,4.097199416719377e-05,2.7385001885704696e-05,0.0
8,141,gOMP,baseline,0.0006127199885668233,0.00012862100265920162,0.00012051900557707995,0.00016725901514291763,7.233300129882991e-05,0.0
8,141,gOMP,optimized,0.00025245899450965226,1.8125982023775578e-05,9.524601045995951e-05,7.009699766058475e-05,1.9100014469586313e-05,0.0
8,142,gOMP,baseline,0.00019630099995993078,1.2536998838186264e-05,3.5567994927987456e-05,6.408701301552355e-05,1.817898009903729e-05,0.0
8,142,gOMP,optimized,0.00012806800077669322,1.1654003174044192e-05,2.7184985810890794e-05,4.3252017349004745e-05,1.3890996342524886e-05,0.0
8,143,gOMP,baseline,0.00016615400090813637,9.997005690820515e-06,2.9941991670057178e-05,5.477400554809719e-05,1.5407000319100916e-05,0.0
8,143,gOMP,optimized,0.00017787299293559045,1.5259996871463954e-05,4.9974987632595e-05,4.973399336449802e-05,1.7754020518623292e-05,0.0
8,144,gOMP,baseline,0.00017682499310467392,1.0996009223163128e-05,3.073300467804074e-05,6.106500222813338e-05,1.5283003449440002e-05,0.0
8,144,gOMP,optimized,0.00012573201092891395,1.0991992894560099e-05,2.7218004106543958e-05,4.004400398116559e-05,1.2883014278486371e-05,0.0
8,145,gOMP,baseline,0.000208403987926431,1.1131007340736687e-05,3.229999856557697e-05,7.896398892626166e-05,1.9144004909321666e-05,0.0
8,145,gOMP,optimized,0.0001098729990189895,9.62299236562103e-06,2.392899477854371e-05,3.6810015444643795e-05,1.179301762022078e-05,0.0
8,146,gOMP,baseline,0.00020495599892456084,1.2481017620302737e-05,3.8672005757689476e-05,6.912297976668924e-05,1.893100852612406e-05,0.0
8,146,gOMP,optimized,0.0001393169950461015,1.2392018106766045e-05,3.0027003958821297e-05,4.7021996579132974e-05,1.6910009435378015e-05,0.0
8,147,gOMP,baseline,0.0004104160034330562,1.9243016140535474e-05,0.00010855398431885988,0.0001357309811282903,3.872998058795929e-05,0.0
8,147,gOMP,optimized,0.00014830600412096828,1.2700998922809958e-05,3.175300662405789e-05,5.163800960872322e-05,1.4460005331784487e-05,0.0
8,148,gOMP,baseline,0.00015982901095412672,9.59100725594908e-06,2.8340989956632257e-05,5.39900065632537e-05,1.3801996828988194e-05,0.0
8,148,gOMP,optimized,0.0001102800015360117,9.707000572234392e-06,2.5465007638558745e-05,3.575398295652121e-05,1.1231997632421553e-05,0.0
8,149,gOMP,baseline,0.0002067460009129718,1.2159987818449736e-05,3.626500256359577e-05,7.231399649754167e-05,1.805397914722562e-05,0.0
8,149,gOMP,optimized,0.00013173199840821326,1.160500687547028e-05,2.998599666170776e-05,4.4311003875918686e-05,1.3414988643489778e-05,0.0
8,150,gOMP,baseline,0.00021855499653611332,1.3306009350344539e-05,3.9866994484327734e-05,6.783800199627876e-05,2.418400254100561e-05,0.0
8,150,gOMP,optimized,0.00022329899366013706,1.7897997167892754e-05,5.223897460382432e-05,6.835699605289847e-05,2.1607993403449655e-05,0.0
8,151,gOMP,baseline,0.00018638100300449878,1.1931988410651684e-05,3.402600123081356e-05,6.169799598865211e-05,1.7730999388732016e-05,0.0
8,151,gOMP,optimized,0.00012917100684717298,1.0929987183772027e-05,2.8473004931584e-05,4.3557010940276086e-05,1.2417003745213151e-05,0.0
8,152,gOMP,baseline,0.00016271299682557583,1.0038027539849281e-05,3.030301013495773e-05,5.471300391945988e-05,1.4098986866883934e-05,0.0
8,152,gOMP,optimized,0.0001375819992972538,1.0035000741481781e-05,2.5291999918408692e-05,3.718698280863464e-05,1.1876007192768157e-05,0.0
8,153,gOMP,baseline,0.00019397700089029968,1.2258009519428015e-05,3.331300104036927e-05,6.251299055293202e-05,1.781499304343015e-05,0.0
8,153,gOMP,optimized,0.00014333199942484498,1.5277008060365915e-05,3.392800863366574e-05,4.3195002945140004e-05,1.3607990695163608e-05,0.0
8,154,gOMP,baseline,0.00018795899813994765,1.0949006536975503e-05,3.721300163306296e-05,6.35579926893115e-05,1.8053004168905318e-05,0.0
8,154,gOMP,optimized,0.00015906000044196844,1.3438009773381054e-05,4.8950998461805284e-05,4.581300891004503e-05,1.6359015717171133e-05,0.0
8,155,gOMP,baseline,0.0001871919957920909,1.184300344903022e-05,3.485199704300612e-05,6.21840008534491e-05,1.6220001270994544e-05,0.0
8,155,gOMP,optimized,0.00012876199616584927,1.1247000657022e-05,2.8552007279358804e-05,4.5410008169710636e-05,1.2890988728031516e-05,0.0
8,156,gOMP,baseline,0.0001601900003151968,1.0110976290889084e-05,2.882798435166478e-05,5.34919963683933e-05,1.4033998013474047e-05,0.0
8,156,gOMP,optimized,0.00014606300101149827,1.0256000678054988e-05,2.6121997507289052e-05,4.65119956061244e-05,1.421698834747076e-05,0.0
8,157,gOMP,baseline,0.00017171300714835525,1.0773001122288406e-05,3.0937022529542446e-05,5.830200097989291e-05,1.5119017916731536e-05,0.0
8,157,gOMP,optimized,0.0001087970013031736,9.401992429047823e-06,2.411201421637088e-05,3.585200465749949e-05,1.1911019100807607e-05,0.0
8,158,gOMP,baseline,0.0006000940047670156,2.7833011699840426e-05,0.00013310198846738786,0.00025207700673490763,5.576599505729973e-05,0.0
8,158,gOMP,optimized,0.00023301701003219932,1.2145013897679746e-05,3.291100438218564e-05,7.797600119374692e-05,1.614099892321974e-05,0.0
8,159,gOMP,baseline,0.00019833901023957878,1.2420001439750195e-05,3.679501242004335e-05,6.596799357794225e-05,1.7880985978990793e-05,0.0
8,159,gOMP,optimized,0.0001516880001872778,1.923699164763093e-05,3.0189999961294234e-05,4.7402019845321774e-05,1.5465979231521487e-05,0.0
8,160,gOMP,baseline,0.00017892099276650697,1.0832009138539433e-05,3.2104988349601626e-05,6.054498953744769e-05,1.69709965121001e-05,0.0
8,160,gOMP,optimized,0.0001511089940322563,1.0946998372673988e-05,3.9874008507467806e-05,4.36650007031858e-05,1.5951009117998183e-05,0.0
8,161,gOMP,baseline,0.0002072019997285679,1.048400008585304e-05,3.510800888761878e-05,5.83159999223426e-05,1.5022014849819243e-05,0.0
8,161,gOMP,optimized,0.00011925000580959022,1.0683987056836486e-05,2.718598989304155e-05,3.7811987567692995e-05,1.2190983397886157e-05,0.0
8,162,gOMP,baseline,0.0003840729914372787,2.09319987334311e-05,6.440999277401716e-05,0.00011917499068658799,3.75769886886701e-05,0.0
8,162,gOMP,optimized,0.0002353710005991161,1.85450044227764e-05,5.370398866944015e-05,7.831200491636992e-05,2.5550994905643165e-05,0.0
8,163,gOMP,baseline,0.00019956199685111642,1.185700239147991e-05,3.844300226774067e-05,6.768100138287991e-05,1.750400406308472e-05,0.0
8,163,gOMP,optimized,0.00012310899910517037,1.0408999514766037e-05,2.5607994757592678e-05,4.356598947197199e-05,1.2571021215990186e-05,0.0
8,164,gOMP,baseline,0.0002142690063919872,1.1851996532641351e-05,3.911599924322218e-05,7.786699279677123e-05,1.9257990061305463e-05,0.0
8,164,gOMP,optimized,0.0001452799915568903,1.0658986866474152e-05,4.176501533947885e-05,4.3858002754859626e-05,1.361001341138035e-05,0.0
8,165,gOMP,baseline,0.00019542699737939984,1.1708005331456661e-05,3.5976001527160406e-05,6.772499182261527e-05,1.6314006643369794e-05,0.0
8,165,gOMP,optimized,0.00011682500189635903,1.0478994227014482e-05,2.5906992959789932e-05,3.7636986235156655e-05,1.2532007531262934e-05,0.0
8,166,gOMP,baseline,0.00017026600835379213,1.009898551274091e-05,3.1190968002192676e-05,5.7581011787988245e-05,1.5214012819342315e-05,0.0
8,166,gOMP,optimized,0.00011449999874457717,9.892013622447848e-06,2.514901279937476e-05,3.832599031738937e-05,1.2007003533653915e-05,0.0
8,167,gOMP,baseline,0.00026409099518787116,3.3329983125440776e-05,4.9969981773756444e-05,7.855899457354099e-05,1.9358994904905558e-05,0.0
8,167,gOMP,optimized,0.00015611998969689012,1.082499511539936e-05,2.7695001335814595e-05,4.333700053393841e-05,1.2866017641499639e-05,0.0
8,168,gOMP,baseline,0.00019480900664348155,1.1115000233985484e-05,3.682600799947977e-05,6.542800110764802e-05,1.7425991245545447e-05,0.0
8,168,gOMP,optimized,0.00012081699969712645,1.0988005669787526e-05,2.607799251563847e-05,3.9063001167960465e-05,1.3011012924835086e-05,0.0
8,169,gOMP,baseline,0.00018913000531028956,1.1406998964957893e-05,3.4712982596829534e-05,6.344301800709218e-05,1.6789999790489674e-05,0.0
8,169,gOMP,optimized,0.00011779098713304847,9.822004358284175e-06,2.479001705069095e-05,4.1547013097442687e-05,1.3218988897278905e-05,0.0
8,170,gOMP,baseline,0.00018634700973052531,1.1221985914744437e-05,3.2459996873512864e-05,6.295900675468147e-05,1.6609992599114776e-05,0.0
8,170,gOMP,optimized,0.0001104019902413711,9.431008948013186e-06,2.417500945739448e-05,3.658099740277976e-05,1.1561991414055228e-05,0.0
8,171,gOMP,baseline,0.00019658000383060426,1.1784009984694421e-05,3.92299989471212e-05,6.759399548172951e-05,1.6701000276952982e-05,0.0
8,171,gOMP,optimized,0.00011383299715816975,1.0200004908256233e-05,2.7095986297354102e-05,3.650800499599427e-05,1.1588999768719077e-05,0.0
8,172,gOMP,baseline,0.00022804399486631155,1.2030999641865492e-05,3.8991012843325734e-05,7.144900155253708e-05,3.14880016958341e-05,0.0
8,172,gOMP,optimized,0.00011787300172727555,9.921001037582755e-06,2.606899943202734e-05,3.858600393868983e-05,1.2527001672424376e-05,0.0
8,173,gOMP,baseline,0.00017256000137422234,1.0803996701724827e-05,3.190801362507045e-05,5.8182995417155325e-05,1.5045996406115592e-05,0.0
8,173,gOMP,optimized,0.00012481599696911871,1.067601260729134e-05,3.0017996323294938e-05,3.797697718255222e-05,1.246700412593782e-05,0.0
8,174,gOMP,baseline,0.00020550799672491848,1.154700294137001e-05,3.827600448857993e-05,7.151800673455e-05,1.750999945215881e-05,0.0
8,174,gOMP,optimized,0.00011681098840199411,1.0285992175340652e-05,2.66430142801255e-05,3.6783996620215476e-05,1.2327000149525702e-05,0.0
8,175,gOMP,baseline,0.00022933099535293877,1.274001260753721e-05,3.830798959825188e-05,6.908801151439548e-05,3.512999683152884e-05,0.0
8,175,gOMP,optimized,0.0001517530035926029,1.0360003216192126e-05,2.7327012503519654e-05,5.748099647462368e-05,1.7961006960831583e-05,0.0
8,176,gOMP,baseline,0.0001963440008694306,1.2822987628169358e-05,3.619398921728134e-05,6.69579894747585e-05,1.743700704537332e-05,0.0
8,176,gOMP,optimized,0.00012157100718468428,1.2312986655160785e-05,2.6474008336663246e-05,3.9915001252666116e-05,1.1896001524291933e-05,0.0
8,177,gOMP,baseline,0.00022214400814846158,1.1644006008282304e-05,3.58800170943141e-05,8.283198985736817e-05,2.1818006644025445e-05,0.0
8,177,gOMP,optimized,0.0001418089959770441,1.2452001101337373e-05,3.0862996936775744e-05,4.233299114275724e-05,1.4684002962894738e-05,0.0
8,178,gOMP,baseline,0.00016463200154248625,1.1466981959529221e-05,2.8819995350204408e-05,5.392600724007934e-05,1.5502999303862453e-05,0.0
8,178,gOMP,optimized,0.000112113993964158,1.1454001651145518e-05,2.579401188995689e-05,3.552899579517543e-05,1.1581010767258704e-05,0.0
8,179,gOMP,baseline,0.0003766200097743422,2.2133986931294203e-05,6.79809891153127e-05,0.00012601898924913257,3.7582984077744186e-05,0.0
8,179,gOMP,optimized,0.0002235790016129613,1.8318009097129107e-05,5.30560064362362e-05,7.103598909452558e-05,2.4542008759453893e-05,0.0
8,180,gOMP,baseline,0.00019295199308544397,1.3122989912517369e-05,3.719399683177471e-05,6.306500290520489e-05,1.8494989490136504e-05,0.0
8,180,gOMP,optimized,0.00012321201211307198,1.1761992936953902e-05,2.639100421220064e-05,4.183199780527502e-05,1.292499655392021e-05,0.0
8,181,gOMP,baseline,0.00020249299996066839,1.2105010682716966e-05,3.601501521188766e-05,6.678201316390187e-05,2.1727988496422768e-05,0.0
8,181,gOMP,optimized,0.00014433999604079872,1.2222997611388564e-05,3.206502879038453e-05,4.596401413436979e-05,1.4181001461111009e-05,0.0
8,182,gOMP,baseline,0.0001671089994488284,1.2055985280312598e-05,2.9596005333587527e-05,5.498799146153033e-05,1.5774014173075557e-05,0.0
8,182,gOMP,optimized,0.00012435099051799625,1.7086000298149884e-05,2.548001066315919e-05,3.786600427702069e-05,1.2030999641865492e-05,0.0
8,183,gOMP,baseline,0.0001751810050336644,1.0239993571303785e-05,3.1176008633337915e-05,5.878100637346506e-05,1.5600016922689974e-05,0.0
8,183,gOMP,optimized,0.0001184699940495193,1.028600672725588e-05,2.7355985366739333e-05,3.933902189601213e-05,1.2400982086546719e-05,0.0
8,184,gOMP,baseline,0.0002629160007927567,1.582200638949871e-05,5.634802801068872e-05,8.095699013210833e-05,2.5011002435348928e-05,0.0
8,184,gOMP,optimized,0.0004151539906160906,2.1943007595837116e-05,6.55630137771368e-05,0.00014723198546562344,3.7905992940068245e-05,0.0
8,185,gOMP,baseline,0.00023881001106929034,1.3462005881592631e-05,4.5868000597693026e-05,8.370500290766358e-05,1.983399852178991e-05,0.0
8,185,gOMP,optimized,0.00012899099965579808,1.074399915523827e-05,2.87209841189906e-05,4.3163992813788354e-05,1.3127995771355927e-05,0.0
8,186,gOMP,baseline,0.00017390500579494983,1.2040007277391851e-05,3.290099266450852e-05,5.731399869546294e-05,1.6011996194720268e-05,0.0
8,186,gOMP,optimized,0.00011867200373671949,1.1859010555781424e-05,2.5558998459018767e-05,3.887100319843739e-05,1.1813011951744556e-05,0.0
8,187,gOMP,baseline,0.0004120090015931055,9.487599891144782e-05,7.663499854970723e-05,9.541600593365729e-05,4.016997991129756e-05,0.0
8,187,gOMP,optimized,0.00018821599951479584,1.774897100403905e-05,3.9682010537944734e-05,7.059400377329439e-05,2.0099992980249226e-05,0.0
8,188,gOMP,baseline,0.0001896720059448853,1.5141995390877128e-05,3.300100797787309e-05,5.747099930886179e-05,2.4227992980740964e-05,0.0
8,188,gOMP,optimized,0.00012773899652529508,1.211201015394181e-05,3.2212992664426565e-05,3.988901153206825e-05,1.2366988812573254e-05,0.0
8,189,gOMP,baseline,0.00019372999668121338,1.1469994205981493e-05,3.545400977600366e-05,6.551502156071365e-05,1.7430007574148476e-05,0.0
8,189,gOMP,optimized,0.00012031600635964423,1.0741001460701227e-05,2.6962996344082057e-05,3.879101132042706e-05,1.2536998838186264e-05,0.0
8,190,gOMP,baseline,0.0002078520046779886,1.4302990166470408e-05,3.548600943759084e-05,7.426200318150222e-05,2.02999945031479e-05,0.0
8,190,gOMP,optimized,0.00014046199794393033,1.4994991943240166e-05,2.9221992008388042e-05,4.559700028039515e-05,1.5222991351038218e-05,0.0
8,191,gOMP,baseline,0.00020585600577760488,1.1541997082531452e-05,3.712199395522475e-05,6.939598824828863e-05,1.9233993953093886e-05,0.0
8,191,gOMP,optimized,0.0001443290093448013,1.229101326316595e-05,3.198900958523154e-05,4.4899992644786835e-05,1.793100091163069e-05,0.0
8,192,gOMP,baseline,0.000237978994846344,1.3272001524455845e-05,3.7811012589372694e-05,9.305900312028825e-05,2.2827007342129946e-05,0.0
8,192,gOMP,optimized,0.00015183999494183809,1.4026023563928902e-05,2.9749018722213805e-05,4.3302003177814186e-05,1.435901504009962e-05,0.0
8,193,gOMP,baseline,0.0004534070030786097,4.343100590631366e-05,7.761799497529864e-05,0.000125433987705037,3.4227006835862994e-05,0.0
8,193,gOMP,optimized,0.00013473400031216443,1.134500780608505e-05,2.943801518995315e-05,4.5074018999002874e-05,1.353998959530145e-05,0.0
8,194,gOMP,baseline,0.00022334199456963688,1.4886987628415227e-05,3.7317993701435626e-05,6.468601350206882e-05,3.5110992030240595e-05,0.0
8,194,gOMP,optimized,0.00011516999802552164,1.2089993106201291e-05,2.5635978090576828e-05,3.5882985685020685e-05,1.1846001143567264e-05,0.0
8,195,gOMP,baseline,0.0001892440050141886,1.1540003470145166e-05,3.8860016502439976e-05,6.015300459694117e-05,1.716898987069726e-05,0.0
8,195,gOMP,optimized,0.00013480499910656363,1.0944000678136945e-05,2.492002386134118e-05,4.047801485285163e-05,1.2524003977887332e-05,0.0
8,196,gOMP,baseline,0.00022466799418907613,1.444001100026071e-05,4.4801010517403483e-05,7.37630034564063e-05,2.1422994905151427e-05,0.0
8,196,gOMP,optimized,0.00014964000729378313,1.4285003999248147e-05,3.1517993193119764e-05,4.780100425705314e-05,1.541098754387349e-05,0.0
8,197,gOMP,baseline,0.00017549999756738544,1.057898043654859e-05,3.3235017326660454e-05,5.8618010370992124e-05,1.5724013792350888e-05,0.0
8,197,gOMP,optimized,0.00011599900608416647,1.0208983439952135e-05,2.4849010515026748e-05,3.9264996303245425e-05,1.2079020962119102e-05,0.0
8,198,gOMP,baseline,0.00023722200421616435,1.3464989024214447e-05,3.885301703121513e-05,9.14069969439879e-05,2.1608007955364883e-05,0.0
8,198,gOMP,optimized,0.00012318100198172033,1.1997995898127556e-05,2.7309011784382164e-05,4.012399585917592e-05,1.2500007869675756e-05,0.0
8,199,gOMP,baseline,0.0001774600095814094,1.1183001333847642e-05,3.132398705929518e-05,5.8339996030554175e-05,1.6577003407292068e-05,0.0
8,199,gOMP,optimized,0.00012427200272213668,1.0895004379563034e-05,2.9096001526340842e-05,4.018700565211475e-05,1.2689008144661784e-05,0.0
8,200,gOMP,baseline,0.00017790500714909285,1.1790994904004037e-05,3.30070179188624e-05,6.00240018684417e-05,1.573200279381126e-05,0.0
8,200,gOMP,optimized,0.00010923200170509517,1.108598371502012e-05,2.4015011149458587e-05,3.4858996514230967e-05,1.1471012840047479e-05,0.0
8,201,gOMP,baseline,0.0002489790058461949,1.1790994904004037e-05,4.2091982322745025e-05,8.003300172276795e-05,2.8975002351216972e-05,0.0
8,201,gOMP,optimized,0.00036379699304234236,3.336399095132947e-05,9.451599908061326e-05,0.00012345000868663192,3.6008001188747585e-05,0.0
8,202,gOMP,baseline,0.00018824399739969522,1.4945995644666255e-05,3.4362004953436553e-05,6.26660039415583e-05,1.649100158829242e-05,0.0
8,202,gOMP,optimized,0.0001225279993377626,1.2469012290239334e-05,2.5918008759617805e-05,3.9870006730780005e-05,1.2726013665087521e-05,0.0
8,203,gOMP,baseline,0.00020226099877618253,2.652101102285087e-05,3.449000359978527e-05,6.234997999854386e-05,1.8153994460590184e-05,0.0
8,203,gOMP,optimized,0.00011302900384180248,9.759009117260575e-06,2.46450217673555e-05,3.771099727600813e-05,1.1872994946315885e-05,0.0
8,204,gOMP,baseline,0.0002619639999466017,1.824001083150506e-05,5.120399873703718e-05,7.793500844854861e-05,2.3133994545787573e-05,0.0
8,204,gOMP,optimized,0.0001808219967642799,1.3465003576129675e-05,3.064599877689034e-05,4.6917019062675536e-05,4.432698187883943e-05,0.0
8,205,gOMP,baseline,0.00024258399207610637,1.397400046698749e-05,4.993200127501041e-05,8.473100024275482e-05,2.0493011106736958e-05,0.0
8,205,gOMP,optimized,0.0001349929952993989,1.2648000847548246e-05,2.9071990866214037e-05,4.502202500589192e-05,1.3739991118200123e-05,0.0
8,206,gOMP,baseline,0.00018060399452224374,1.2125005014240742e-05,3.2077019568532705e-05,6.154000584501773e-05,1.7170998034998775e-05,0.0
8,206,gOMP,optimized,0.0001879210030892864,1.103100657928735e-05,7.233199721667916e-05,4.395599535200745e-05,1.388498640153557e-05,0.0
8,207,gOMP,baseline,0.00016271301137749106,9.948998922482133e-06,2.912498894147575e-05,5.459699605125934e-05,1.424300717189908e-05,0.0
8,207,gOMP,optimized,0.00011543199070729315,9.951982065103948e-06,2.448599843773991e-05,3.6372977774590254e-05,1.2212010915391147e-05,0.0
8,208,gOMP,baseline,0.0004825069918297231,3.1477989978156984e-05,9.364400466438383e-05,0.00012905099720228463,3.283098340034485e-05,0.0
8,208,gOMP,optimized,0.0001511390000814572,1.423098728992045e-05,3.363600990269333e-05,5.112399230711162e-05,1.3366996427066624e-05,0.0
8,209,gOMP,baseline,0.00020657999266404659,1.2634001905098557e-05,4.021699714940041e-05,6.91780005581677e-05,1.9372993847355247e-05,0.0
8,209,gOMP,optimized,0.00013431500701699406,1.2765012797899544e-05,2.9192990041337907e-05,4.476800677366555e-05,1.3343000318855047e-05,0.0
8,210,gOMP,baseline,0.00021887400362174958,1.4522011042572558e-05,4.1364008211530745e-05,7.483000808861107e-05,1.9799001165665686e-05,0.0
8,210,gOMP,optimized,0.00011813499440904707,1.1724012438207865e-05,2.571400546003133e-05,3.792400821112096e-05,1.3233991921879351e-05,0.0
8,211,gOMP,baseline,0.00016695699014235288,9.805997251532972e-06,3.195901808794588e-05,5.67459937883541e-05,1.4405013644136488e-05,0.0
8,211,gOMP,optimized,0.00011127100151497871,9.265990229323506e-06,2.875100472010672e-05,3.460000152699649e-05,1.1361014912836254e-05,0.0
8,212,gOMP,baseline,0.00016338800196535885,1.1918004020117223e-05,2.9283997719176114e-05,5.390400474425405e-05,1.537399657536298e-05,0.0
8,212,gOMP,optimized,0.00011805600661318749,1.1643001926131546e-05,2.505801967345178e-05,3.7295001675374806e-05,1.174000499304384e-05,0.0
8,213,gOMP,baseline,0.00047510999138467014,2.4200999177992344e-05,0.00016053499712143093,0.00012666000111494213,3.5909994039684534e-05,0.0
8,213,gOMP,optimized,0.0006981699989410117,6.645898974966258e-05,0.00010372299584560096,0.00020922899420838803,0.00021678399934899062,0.0
8,214,gOMP,baseline,0.00036978400021325797,3.00430110655725e-05,5.875600618310273e-05,0.0001057619956554845,2.9036003979854286e-05,0.0
8,214,gOMP,optimized,0.00016525598766747862,1.3879005564376712e-05,3.067398210987449e-05,6.343702261801809e-05,1.6512000001966953e-05,0.0
8,215,gOMP,baseline,0.00020496599609032273,1.2236982001923025e-05,4.062101652380079e-05,6.831699283793569e-05,1.9364990293979645e-05,0.0
8,215,gOMP,optimized,0.00017174199456349015,1.3109005521982908e-05,5.1894981879740953e-05,5.2225994295440614e-05,1.7212005332112312e-05,0.0
8,216,gOMP,baseline,0.00021088299399707466,1.9412997062318027e-05,4.1005987441167235e-05,6.809300975874066e-05,1.8937978893518448e-05,0.0
8,216,gOMP,optimized,0.00015809900651220232,1.3829994713887572e-05,4.185098805464804e-05,4.655699012801051e-05,1.6153993783518672e-05,0.0
8,217,gOMP,baseline,0.00017710099928081036,1.0728021152317524e-05,3.418300184421241e-05,5.8389006881043315e-05,1.621799310669303e-05,0.0
8,217,gOMP,optimized,0.0001290119980694726,1.0980002116411924e-05,3.5326011129654944e-05,4.0297003579325974e-05,1.2090997188352048e-05,0.0
8,218,gOMP,baseline,0.00019845299539156258,1.242200960405171e-05,3.631999425124377e-05,6.779901741538197e-05,1.6671998309902847e-05,0.0
8,218,gOMP,optimized,0.00011752199498005211,1.0094008757732809e-05,2.4784996639937162e-05,3.8389989640563726e-05,1.1714990250766277e-05,0.0
8,219,gOMP,baseline,0.00016924800002016127,1.1709998943842947e-05,2.9435017495416105e-05,5.823899118695408e-05,1.5761994291096926e-05,0.0
8,219,gOMP,optimized,0.0001468539994675666,1.2868986232206225e-05,4.373899719212204e-05,4.2952015064656734e-05,1.440099731553346e-05,0.0
8,220,gOMP,baseline,0.0002636739955050871,1.6310994396917522e-05,4.846400406677276e-05,7.691100472584367e-05,2.1280007786117494e-05,0.0
8,220,gOMP,optimized,0.000122183992061764,1.060099748428911e-05,2.7133995899930596e-05,3.9848993765190244e-05,1.246700412593782e-05,0.0
8,221,gOMP,baseline,0.00018820600234903395,1.3437995221465826e-05,3.5388991818763316e-05,6.237100751604885e-05,1.7180005670525134e-05,0.0
8,221,gOMP,optimized,0.0001183059939648956,1.1812007869593799e-05,2.4695007596164942e-05,3.873498644679785e-05,1.1504002031870186e-05,0.0
8,222,gOMP,baseline,0.00022769499628338963,1.3712982763536274e-05,3.422697773203254e-05,6.591399142052978e-05,1.7696991562843323e-05,0.0
8,222,gOMP,optimized,0.0001248439948540181,1.071700535248965e-05,2.6784997317008674e-05,4.23700112150982e-05,1.3069002307020128e-05,0.0
8,223,gOMP,baseline,0.00016590600716881454,1.1916010407730937e-05,2.9535993235185742e-05,5.426099232863635e-05,1.5635014278814197e-05,0.0
8,223,gOMP,optimized,0.0001108699943870306,1.1050011380575597e-05,2.4102002498693764e-05,3.5917022614739835e-05,1.1528012691996992e-05,0.0
8,224,gOMP,baseline,0.00015972899564076215,9.704002877697349e-06,2.8963011573068798e-05,5.340199277270585e-05,1.3997007044963539e-05,0.0
8,224,gOMP,optimized,0.00010810399544425309,9.524024790152907e-06,2.3981992853805423e-05,3.407199983485043e-05,1.1379001080058515e-05,0.0
8,225,gOMP,baseline,0.0002081030106637627,1.3626995496451855e-05,4.7577006625942886e-05,6.411800859495997e-05,1.9475992303341627e-05,0.0
8,225,gOMP,optimized,0.00013632900663651526,1.3634999049827456e-05,2.937599492724985e-05,4.466001701075584e-05,1.37599854497239e-05,0.0
8,226,gOMP,baseline,0.00016964900714810938,1.038999471347779e-05,3.153299621772021e-05,5.681598850060254e-05,1.5353987691923976e-05,0.0
8,226,gOMP,optimized,0.00010891500278376043,9.207011316902936e-06,2.346200926695019e-05,3.73379880329594e-05,1.1153984814882278e-05,0.0
8,227,gOMP,baseline,0.00021510999067686498,2.9123984859324992e-05,3.471499076113105e-05,6.433601083699614e-05,1.720800355542451e-05,0.0
8,227,gOMP,optimized,0.0001163220003945753,1.187001180369407e-05,2.5592002202756703e-05,3.750399628188461e-05,1.2290009181015193e-05,0.0
8,228,gOMP,baseline,0.00017478798690717667,9.924013284035027e-06,3.1221003155224025e-05,6.0386984841898084e-05,1.5272991731762886e-05,0.0
8,228,gOMP,optimized,0.00010759799624793231,9.45600913837552e-06,2.4562992621213198e-05,3.378899418748915e-05,1.1473995982669294e-05,0.0
8,229,gOMP,baseline,0.0001828359963838011,1.1473995982669294e-05,2.949200279545039e-05,6.447498162742704e-05,1.8341001123189926e-05,0.0
8,229,gOMP,optimized,0.00011479899694677442,1.1891985195688903e-05,2.6169000193476677e-05,3.657900379039347e-05,1.1482989066280425e-05,0.0
8,230,gOMP,baseline,0.00019149600120726973,1.3375014532357454e-05,3.277401265222579e-05,6.52879971312359e-05,1.637901004869491e-05,0.0
8,230,gOMP,optimized,0.00011985799937974662,1.014799636323005e-05,2.5950997951440513e-05,4.052699659951031e-05,1.2775009963661432e-05,0.0
8,231,gOMP,baseline,0.00019914300355594605,1.4562989235855639e-05,3.719401138368994e-05,6.37969933450222e-05,1.956400228664279e-05,0.0
8,231,gOMP,optimized,0.00012150000839028507,1.2051998055540025e-05,2.620801387820393e-05,4.0530008845962584e-05,1.280799915548414e-05,0.0
8,232,gOMP,baseline,0.00020561000565066934,1.1387994163669646e-05,4.2682993807829916e-05,6.898400897625834e-05,1.793199044186622e-05,0.0
8,232,gOMP,optimized,0.00011914200149476528,1.007599348668009e-05,2.7310990844853222e-05,3.856301191262901e-05,1.208100002259016e-05,0.0
8,233,gOMP,baseline,0.0001671250065555796,1.1839991202577949e-05,3.032501263078302e-05,5.5038006394170225e-05,1.5904006431810558e-05,0.0
8,233,gOMP,optimized,0.00013765800395049155,1.1885000276379287e-05,2.7901987778022885e-05,3.793901123572141e-05,1.7116020899266005e-05,0.0
8,234,gOMP,baseline,0.0003388979966985062,1.9758008420467377e-05,6.123201455920935e-05,0.00011396199988666922,3.2647003536112607e-05,0.0
8,234,gOMP,optimized,0.00021168300008866936,1.8539009033702314e-05,4.985100531484932e-05,6.658797792624682e-05,2.387198037467897e-05,0.0
8,235,gOMP,baseline,0.00018345299758948386,1.2524993508122861e-05,3.479000588413328e-05,6.043301254976541e-05,1.689000055193901e-05,0.0
8,235,gOMP,optimized,0.00013402100012172014,1.4361998182721436e-05,2.8704991564154625e-05,4.309401265345514e-05,1.335999695584178e-05,0.0
8,236,gOMP,baseline,0.00017283199122175574,1.1308991815894842e-05,3.295800706837326e-05,5.697301821783185e-05,1.483599771745503e-05,0.0
8,236,gOMP,optimized,0.0001261269935639575,9.719005902297795e-06,2.4232984287664294e-05,3.662800008896738e-05,1.1771000572480261e-05,0.0
8,237,gOMP,baseline,0.00017118699906859547,1.1814001481980085e-05,2.974398375954479e-05,5.6060991482809186e-05,1.709199568722397e-05,0.0
8,237,gOMP,optimized,0.00012496800627559423,1.2596981832757592e-05,2.706500526983291e-05,3.979398752562702e-05,1.2934993719682097e-05,0.0
8,238,gOMP,baseline,0.00017937600205186754,1.1114985682070255e-05,3.4483979106880724e-05,6.029098585713655e-05,1.5271012671291828e-05,0.0
8,238,gOMP,optimized,0.00011532699863892049,9.697003406472504e-06,2.48180003836751e-05,3.87780019082129e-05,1.2205011444166303e-05,0.0
8,239,gOMP,baseline,0.00016885600052773952,1.1333002476021647e-05,3.0413008062168956e-05,5.53840072825551e-05,1.6000994946807623e-05,0.0
8,239,gOMP,optimized,0.00012216299364808947,1.1671989341266453e-05,2.7489004423841834e-05,3.885097976308316e-05,1.4175006072036922e-05,0.0
8,240,gOMP,baseline,0.00018110200471710414,1.1034993804059923e-05,3.2903000828810036e-05,6.016800762154162e-05,1.654500374570489e-05,0.0
8,240,gOMP,optimized,0.00015641399659216404,1.511799928266555e-05,3.415600804146379e-05,4.3683990952558815e-05,1.8732025637291372e-05,0.0
8,241,gOMP,baseline,0.0004433129943208769,1.781497849151492e-05,9.37229924602434e-05,0.0001569050073157996,6.33529998594895e-05,0.0
8,241,gOMP,optimized,0.00028627000574488193,2.135800605174154e-05,5.972398503217846e-05,0.00011040200479328632,3.5434000892564654e-05,0.0
8,242,gOMP,baseline,0.0004739519936265424,6.406501051969826e-05,8.172498201020062e-05,0.00017467798897996545,4.085998807568103e-05,0.0
8,242,gOMP,optimized,0.00021463299344759434,1.907501427922398e-05,5.0699018174782395e-05,7.051999273244292e-05,1.7686994397081435e-05,0.0
8,243,gOMP,baseline,0.00018396599625702947,1.2754011549986899e-05,3.4616983612068e-05,6.154899892862886e-05,1.6515012248419225e-05,0.0
8,243,gOMP,optimized,0.00012389400217216462,1.1533003998920321e-05,2.6515001081861556e-05,4.030998388770968e-05,1.2748001608997583e-05,0.0
8,244,gOMP,baseline,0.00017660199955571443,1.0559000656940043e-05,3.2199983252212405e-05,6.09740091022104e-05,1.5668993000872433e-05,0.0
8,244,gOMP,optimized,0.00013890600530430675,1.0709991329349577e-05,2.8005000785924494e-05,4.0121987694874406e-05,2.8457012376748025e-05,0.0
8,245,gOMP,baseline,0.00023441600205842406,1.329298538621515e-05,4.66210040031001e-05,8.056499063968658e-05,1.8791004549711943e-05,0.0
8,245,gOMP,optimized,0.0001341179886367172,1.3369994121603668e-05,3.082100010942668e-05,4.2279003537259996e-05,1.260101271327585e-05,0.0
8,246,gOMP,baseline,0.0001730070071062073,1.0949996067211032e-05,3.16099904011935e-05,5.7877987273968756e-05,1.5338999219238758e-05,0.0
8,246,gOMP,optimized,0.00011886500578839332,1.029598934110254e-05,2.885899448301643e-05,3.7874997360631824e-05,1.2367003364488482e-05,0.0
8,247,gOMP,baseline,0.00031028399826027453,1.3187003787606955e-05,3.879201540257782e-05,0.0001566969876876101,2.4523003958165646e-05,0.0
8,247,gOMP,optimized,0.00013370301167014986,1.2729011359624565e-05,3.086098877247423e-05,4.3257998186163604e-05,1.2518008588813245e-05,0.0
8,248,gOMP,baseline,0.00026435799372848123,1.2953008990734816e-05,5.8062010793946683e-05,9.186199167743325e-05,2.550701901782304e-05,0.0
8,248,gOMP,optimized,0.00013521200162358582,1.2218020856380463e-05,2.993502130266279e-05,4.374099080450833e-05,1.4848003047518432e-05,0.0
8,249,gOMP,baseline,0.00017943300190381706,1.2329997844062746e-05,3.0583993066102266e-05,6.0610007494688034e-05,1.6523015801794827e-05,0.0
8,249,gOMP,optimized,0.00011195499973837286,1.1075011570937932e-05,2.38840002566576e-05,3.668399585876614e-05,1.1723997886292636e-05,0.0
8,250,gOMP,baseline,0.00021706099505536258,1.3706972822546959e-05,3.822300641331822e-05,7.532499148510396e-05,1.8567981896921992e-05,0.0
8,250,gOMP,optimized,0.0001137469953391701,1.0257004760205746e-05,2.5071014533750713e-05,3.662100061774254e-05,1.176200748886913e-05,0.0
8,251,gOMP,baseline,0.0002545419993111864,1.398799940943718e-05,5.1019000238738954e-05,8.520200208295137e-05,1.8898004782386124e-05,0.0
8,251,gOMP,optimized,0.0002461060066707432,3.136199666187167e-05,5.8456003898754716e-05,7.48340244172141e-05,2.2005988284945488e-05,0.0
8,252,gOMP,baseline,0.00019089299894403666,1.04349892353639e-05,3.0925002647563815e-05,6.997399032115936e-05,1.832698762882501e-05,0.0
8,252,gOMP,optimized,0.0001215189986396581,1.0832998668774962e-05,2.7218004106543958e-05,3.941199975088239e-05,1.188399619422853e-05,0.0
8,253,gOMP,baseline,0.00018717900093179196,1.2832999345846474e-05,3.445301263127476e-05,6.280998059082776e-05,1.6815989511087537e-05,0.0
8,253,gOMP,optimized,0.00011039800301659852,1.1217984138056636e-05,2.3634012904949486e-05,3.609499253798276e-05,1.149301533587277e-05,0.0
8,254,gOMP,baseline,0.0003615239984355867,4.165699647273868e-05,9.284699626732618e-05,0.00011027400614693761,2.6585024897940457e-05,0.0
8,254,gOMP,optimized,0.0001714450045255944,1.1213021934963763e-05,5.042800330556929e-05,5.636799323838204e-05,1.5761004760861397e-05,0.0
8,255,gOMP,baseline,0.00018905899196397513,1.299199357163161e-05,3.388800541870296e-05,6.301500252448022e-05,1.823501952458173e-05,0.0
8,255,gOMP,optimized,0.00011542699940036982,1.1665004421956837e-05,2.447600127197802e-05,3.825398744083941e-05,1.2436008546501398e-05,0.0
8,256,gOMP,baseline,0.00019156299822498113,1.1554977390915155e-05,3.465000190772116e-05,6.640500214416534e-05,1.5899000572972e-05,0.0
8,256,gOMP,optimized,0.00011712900595739484,1.0040021152235568e-05,2.5174012989737093e-05,3.986900264862925e-05,1.2126998626627028e-05,0.0
8,257,gOMP,baseline,0.00017245899653062224,1.1449985322542489e-05,3.038899740204215e-05,5.9510988648980856e-05,1.6345002222806215e-05,0.0
8,257,gOMP,optimized,0.00010852799459826201,1.086099655367434e-05,2.3702974431216717e-05,3.449498035479337e-05,1.1336000170558691e-05,0.0
8,258,gOMP,baseline,0.00025994700263254344,1.6519014025107026e-05,7.614499190822244e-05,7.476100290659815e-05,2.343999221920967e-05,0.0
8,258,gOMP,optimized,0.0001317569985985756,1.1506985174492002e-05,2.8991998988203704e-05,4.1875988245010376e-05,1.6655991203151643e-05,0.0
8,259,gOMP,baseline,0.0006797590031055734,9.682799282018095e-05,0.00024772199685685337,0.00014519301475957036,3.8393001887016e-05,0.0
8,259,gOMP,optimized,0.00023474599584005773,1.5631987480446696e-05,4.767400969285518e-05,9.851400682236999e-05,1.914700260385871e-05,0.0
8,260,gOMP,baseline,0.00018488099158275872,1.2901989975944161e-05,3.4697994124144316e-05,6.187299732118845e-05,1.6548990970477462e-05,0.0
8,260,gOMP,optimized,0.0001152709883172065,1.1539988918229938e-05,2.417199721094221e-05,3.8640995626337826e-05,1.2050004443153739e-05,0.0
8,261,gOMP,baseline,0.0001787530054571107,1.0056988685391843e-05,3.364798612892628e-05,6.23980158707127e-05,1.4848992577753961e-05,0.0
8,261,gOMP,optimized,0.00010647199815139174,9.275987395085394e-06,2.374999166931957e-05,3.458201535977423e-05,1.1048003216274083e-05,0.0
8,262,gOMP,baseline,0.00023530000180471689,1.485399843659252e-05,4.011600685771555e-05,7.18200026312843e-05,2.0050996681675315e-05,0.0
8,262,gOMP,optimized,0.0001206599990837276,1.1925993021577597e-05,2.9140996048226953e-05,3.753899363800883e-05,1.2161981430836022e-05,0.0
8,263,gOMP,baseline,0.0001691069919615984,1.066399272531271e-05,2.928001049440354e-05,5.7976983953267336e-05,1.4770004781894386e-05,0.0
8,263,gOMP,optimized,0.00011060001270379871,9.751995094120502e-06,2.4455002858303487e-05,3.6178011214360595e-05,1.151100150309503e-05,0.0
8,264,gOMP,baseline,0.0001872610009741038,1.2139018508605659e-05,3.717001527547836e-05,6.279499211814255e-05,1.7407000996172428e-05,0.0
8,264,gOMP,optimized,0.00014872499741613865,1.3726996257901192e-05,2.8224982088431716e-05,5.795199831482023e-05,1.616400550119579e-05,0.0
8,265,gOMP,baseline,0.00033435899240430444,6.843599840067327e-05,5.698599852621555e-05,9.409300400875509e-05,2.765200042631477e-05,0.0
8,265,gOMP,optimized,0.00012987700756639242,1.1003983672708273e-05,2.739201590884477e-05,4.4154992792755365e-05,1.2855030945502222e-05,0.0
8,266,gOMP,baseline,0.0001834779977798462,1.2631004210561514e-05,3.3297998015768826e-05,6.136100273579359e-05,1.7359998309984803e-05,0.0
8,266,gOMP,optimized,0.00013200899411458522,1.4202014426700771e-05,2.9681992600671947e-05,4.0274011553265154e-05,1.3822005712427199e-05,0.0
8,267,gOMP,baseline,0.0001574079942656681,9.748997399583459e-06,2.7995993150398135e-05,5.282598431222141e-05,1.3558994396589696e-05,0.0
8,267,gOMP,optimized,0.00011520499538164586,9.805007721297443e-06,2.554400998633355e-05,3.631199069786817e-05,1.1833006283268332e-05,0.0
8,268,gOMP,baseline,0.00027112499810755253,2.4451990611851215e-05,5.1736002205871046e-05,8.84769979165867e-05,2.586397749837488e-05,0.0
8,268,gOMP,optimized,0.00014694900892209262,1.6089004930108786e-05,2.9023998649790883e-05,4.936200275551528e-05,1.5222016372717917e-05,0.0
8,269,gOMP,baseline,0.00018554000416770577,1.0948002454824746e-05,3.447099879849702e-05,6.350599869620055e-05,1.6175006749108434e-05,0.0
8,269,gOMP,optimized,0.00012017300468869507,1.1301992344669998e-05,2.6377980248071253e-05,3.906400525011122e-05,1.2320990208536386e-05,0.0
8,270,gOMP,baseline,0.0001891550055006519,1.3438984751701355e-05,3.553199348971248e-05,6.455800030380487e-05,1.6985010006465018e-05,0.0
8,270,gOMP,optimized,0.00011671399988699704,1.2515985872596502e-05,2.5807996280491352e-05,3.746601578313857e-05,1.1791984434239566e-05,0.0
8,271,gOMP,baseline,0.0002533289953134954,1.618600799702108e-05,4.388499655760825e-05,8.500300464220345e-05,2.7464018785394728e-05,0.0
8,271,gOMP,optimized,0.00022931599232833833,2.562899317126721e-05,4.5231994590722024e-05,7.006399391684681e-05,3.2010982977226377e-05,0.0
8,272,gOMP,baseline,0.00017145300807897002,1.1599011486396194e-05,3.1472009140998125e-05,5.569499626290053e-05,1.6264995792880654e-05,0.0
8,272,gOMP,optimized,0.0001295529946219176,1.3544005923904479e-05,2.8795984690077603e-05,4.114599141757935e-05,1.3327007764019072e-05,0.0
8,273,gOMP,baseline,0.0002013829944189638,1.2935008271597326e-05,3.7954989238642156e-05,6.640999345108867e-05,1.753699325490743e-05,0.0
8,273,gOMP,optimized,0.0001242809958057478,1.0809002560563385e-05,2.9661008738912642e-05,3.8797996239736676e-05,1.2798001989722252e-05,0.0
8,274,gOMP,baseline,0.00017190199287142605,1.2005009921267629e-05,3.0929004424251616e-05,5.846098065376282e-05,1.5748984878882766e-05,0.0
8,274,gOMP,optimized,0.0001858329924289137,1.2618998880498111e-05,7.761501183267683e-05,4.4266009354032576e-05,1.5612022252753377e-05,0.0
8,275,gOMP,baseline,0.00016330101061612368,9.907991625368595e-06,2.899899845942855e-05,5.503000284079462e-05,1.430699194315821e-05,0.0
8,275,gOMP,optimized,0.00011543599248398095,9.885989129543304e-06,2.5011002435348928e-05,3.6981000448577106e-05,1.1548996553756297e-05,0.0
8,276,gOMP,baseline,0.00032428499253001064,2.31220037676394e-05,6.136699812486768e-05,9.50299872783944e-05,2.811997546814382e-05,0.0
8,276,gOMP,optimized,0.00023768800019752234,2.309802221134305e-05,3.486299829091877e-05,9.092700202018023e-05,2.252899867016822e-05,0.0
8,277,gOMP,baseline,0.00019972099107690156,1.2347009032964706e-05,3.792400821112096e-05,6.957298319321126e-05,1.6296995454467833e-05,0.0
8,277,gOMP,optimized,0.00014790400746278465,1.1223004548810422e-05,2.8209993615746498e-05,5.9892001445405185e-05,1.5915997209958732e-05,0.0
8,278,gOMP,baseline,0.00020550399494823068,1.1979005648754537e-05,4.4693995732814074e-05,6.793801730964333e-05,1.706999319139868e-05,0.0
8,278,gOMP,optimized,0.00019050198898185045,1.4694989658892155e-05,3.727199509739876e-05,4.9493013648316264e-05,5.053100176155567e-05,0.0
8,279,gOMP,baseline,0.00019053099094890058,1.1223994079045951e-05,3.710000601131469e-05,6.785799632780254e-05,1.543699181638658e-05,0.0
8,279,gOMP,optimized,0.0001368950033793226,1.1828989954665303e-05,2.8600028599612415e-05,4.713900852948427e-05,1.339500886388123e-05,0.0
8,280,gOMP,baseline,0.00017133299843408167,1.2240998330526054e-05,3.0302995583042502e-05,5.805898399557918e-05,1.600699033588171e-05,0.0
8,280,gOMP,optimized,0.0001333679974777624,1.240400888491422e-05,3.055801789741963e-05,4.114600596949458e-05,1.152000913862139e-05,0.0
8,281,gOMP,baseline,0.00025438598822802305,1.6391990357078612e-05,5.495399818755686e-05,8.93689866643399e-05,2.2118998458608985e-05,0.0
8,281,gOMP,optimized,0.00048197200521826744,2.7824979042634368e-05,5.4477990488521755e-05,0.00018212800205219537,5.9497979236766696e-05,0.0
8,282,gOMP,baseline,0.0002936240052804351,1.0877993190661073e-05,3.928599471691996e-05,0.00014874199405312538,2.5478002498857677e-05,0.0
8,282,gOMP,optimized,0.00012429199705366045,1.0212985216639936e-05,2.8341994038783014e-05,4.0465994970873e-05,1.2388016330078244e-05,0.0
8,283,gOMP,baseline,0.0001698440028121695,1.1618991266004741e-05,3.118498716503382e-05,5.579201388172805e-05,1.587699807714671e-05,0.0
8,283,gOMP,optimized,0.00011231499956920743,1.1587006156332791e-05,2.430600579828024e-05,3.61319980584085e-05,1.1407013516873121e-05,0.0
8,284,gOMP,baseline,0.00016821399913169444,1.0279996786266565e-05,3.071200626436621e-05,5.6281001889146864e-05,1.4811987057328224e-05,0.0
8,284,gOMP,optimized,0.00010918900079559535,9.397990652360022e-06,2.4226013920269907e-05,3.560697950888425e-05,1.1619995348155499e-05,0.0
8,285,gOMP,baseline,0.00017351499991491437,1.2213014997541904e-05,3.037600254174322e-05,5.82490029046312e-05,1.5946003259159625e-05,0.0
8,285,gOMP,optimized,0.0001299310097238049,1.2680990039370954e-05,2.957299875561148e-05,4.149199230596423e-05,1.2900985893793404e-05,0.0
8,286,gOMP,baseline,0.00020267299260012805,1.1900003300979733e-05,3.632002335507423e-05,7.071199070196599e-05,1.766397326719016e-05,0.0
8,286,gOMP,optimized,0.00011754099978134036,1.0248011676594615e-05,2.575598773546517e-05,3.80200071958825e-05,1.2452001101337373e-05,0.0
8,287,gOMP,baseline,0.00017537099483888596,1.2087999493815005e-05,3.22419946314767e-05,5.515301018022001e-05,1.8192004063166678e-05,0.0
8,287,gOMP,optimized,0.000129471009131521,1.3145006960257888e-05,2.918299287557602e-05,4.108098801225424e-05,1.235499803442508e-05,0.0
8,288,gOMP,baseline,0.00023111999325919896,1.624898868612945e-05,4.0804006857797503e-05,7.447002280969173e-05,2.6216002879664302e-05,0.0
8,288,gOMP,optimized,0.00013725701137445867,1.3648008462041616e-05,3.0615003197453916e-05,4.4163010898046196e-05,1.4630990335717797e-05,0.0
8,289,gOMP,baseline,0.00022221899416763335,1.3834011042490602e-05,3.9687001844868064e-05,7.624799036420882e-05,2.2241001715883613e-05,0.0
8,289,gOMP,optimized,0.0001294190005864948,1.2612013961188495e-05,2.6712019462138414e-05,4.263698065187782e-05,1.3322001905180514e-05,0.0
8,290,gOMP,baseline,0.00021657400066033006,1.3337994460016489e-05,4.0026017813943326e-05,7.383599586319178e-05,1.7853017197921872e-05,0.0
8,290,gOMP,optimized,0.00013409899838734418,1.1252996046096087e-05,2.7936999686062336e-05,4.5577005948871374e-05,1.3561002560891211e-05,0.0
8,291,gOMP,baseline,0.00019327900372445583,1.3217999367043376e-05,3.716700302902609e-05,6.412899529095739e-05,1.6735008102841675e-05,0.0
8,291,gOMP,optimized,0.00011177500709891319,1.0956006008200347e-05,2.3454995243810117e-05,3.719000960700214e-05,1.1771975550800562e-05,0.0
8,292,gOMP,baseline,0.0001761150051606819,1.0624993592500687e-05,3.1271003535948694e-05,5.970698839519173e-05,1.4985009329393506e-05,0.0
8,292,gOMP,optimized,0.00010917299368884414,9.213021257892251e-06,2.365099499002099e-05,3.5851000575348735e-05,1.1890006135217845e-05,0.0
8,293,gOMP,baseline,0.00019009399693459272,1.3210999895818532e-05,3.245800326112658e-05,6.524000491481274e-05,1.698598498478532e-05,0.0
8,293,gOMP,optimized,0.00013090101128909737,1.5640005585737526e-05,2.6277004508301616e-05,4.126700514461845e-05,1.2873992091044784e-05,0.0
8,294,gOMP,baseline,0.00019624199194367975,1.0996009223163128e-05,3.431900404393673e-05,6.878199928905815e-05,1.5847006579861045e-05,0.0
8,294,gOMP,optimized,0.00014058899250812829,1.1109979823231697e-05,2.6383015210740268e-05,3.825800376944244e-05,1.2235992471687496e-05,0.0
8,295,gOMP,baseline,0.00018127899966202676,1.2855001841671765e-05,3.488801303319633e-05,5.8815014199353755e-05,1.7162004951387644e-05,0.0
8,295,gOMP,optimized,0.00011306200758554041,1.1444994015619159e-05,2.4071996449492872e-05,3.7905003409832716e-05,1.1557989637367427e-05,0.0
8,296,gOMP,baseline,0.0002103139995597303,1.1473995982669294e-05,3.436801489442587e-05,8.004499250091612e-05,1.9507016986608505e-05,0.0
8,296,gOMP,optimized,0.00012619800691027194,1.0688003385439515e-05,2.9058996005915105e-05,3.998199827037752e-05,1.25660008052364e-05,0.0
8,297,gOMP,baseline,0.00016157299978658557,1.1557989637367427e-05,2.901199331972748e-05,5.345999670680612e-05,1.5099984011612833e-05,0.0
8,297,gOMP,optimized,0.00011393699969630688,1.1481999536044896e-05,2.4811990442685783e-05,3.597598697524518e-05,1.1766984243877232e-05,0.0
8,298,gOMP,baseline,0.00019047199748456478,1.1768002877943218e-05,3.240702790208161e-05,6.286999268922955e-05,2.137699630111456e-05,0.0
8,298,gOMP,optimized,0.00013227100134827197,1.2114018318243325e-05,2.902999403886497e-05,4.270899808034301e-05,1.4670004020445049e-05,0.0
8,299,gOMP,baseline,0.00026975900982506573,3.8479003706015646e-05,5.675401189364493e-05,8.238901500590146e-05,2.0894003682769835e-05,0.0
8,299,gOMP,optimized,0.0001411440025549382,1.2202013749629259e-05,4.3715001083910465e-05,4.2414016206748784e-05,1.2111995602026582e-05,0.0
12,0,gOMP,baseline,0.00025551799626555294,1.3173004845157266e-05,4.328398790676147e-05,9.395999950356781e-05,2.013897756114602e-05,0.0
12,0,gOMP,optimized,0.00015248500858433545,1.31319829961285e-05,3.2488998840563e-05,5.427701398730278e-05,1.6147008864209056e-05,0.0
12,1,gOMP,baseline,0.0005803139938507229,2.8826005291193724e-05,7.082997763063759e-05,0.00017770299746189266,9.744596900418401e-05,0.0
12,1,gOMP,optimized,0.0003252519964007661,2.8735012165270746e-05,8.584400347899646e-05,0.00010381400352343917,2.7978996513411403e-05,0.0
12,2,gOMP,baseline,0.00035936999483965337,1.7506987205706537e-05,5.465399590320885e-05,0.00013195302744861692,3.9309990825131536e-05,0.0
12,2,gOMP,optimized,0.00023624100140295923,1.782299659680575e-05,5.667399091180414e-05,7.50439940020442e-05,2.7592002879828215e-05,0.0
12,3,gOMP,baseline,0.0006381729908753186,5.522000719793141e-05,0.00011772601283155382,0.0001822789927246049,6.558500172104686e-05,0.0
12,3,gOMP,optimized,0.0002009919990086928,2.4504988687112927e-05,4.063900269102305e-05,6.87669962644577e-05,2.0366001990623772e-05,0.0
12,4,gOMP,baseline,0.0002718600007938221,1.4157980331219733e-05,5.7038996601477265e-05,9.75669827312231e-05,2.0262014004401863e-05,0.0
12,4,gOMP,optimized,0.00014688799274154007,1.339100708719343e-05,3.12449992634356e-05,5.054697976447642e-05,1.57109898282215e-05,0.0
12,5,gOMP,baseline,0.00025623399415053427,1.6386009519919753e-05,4.4222993892617524e-05,9.214300371240824e-05,2.3280983441509306e-05,0.0
12,5,gOMP,optimized,0.00014802301302552223,1.5020981663838029e-05,3.0293987947516143e-05,5.2513001719489694e-05,1.5940997400321066e-05,0.0
12,6,gOMP,baseline,0.0003056599962292239,1.6072997823357582e-05,5.019997479394078e-05,0.00010504999954719096,2.2617998183704913e-05,0.0
12,6,gOMP,optimized,0.00015243700181599706,1.318901195190847e-05,3.2796990126371384e-05,5.1386014092713594e-05,1.6198988305404782e-05,0.0
12,7,gOMP,baseline,0.00031679800304118544,1.6913996660150588e-05,5.076898378320038e-05,0.0001104809925891459,2.421200042590499e-05,0.0
12,7,gOMP,optimized,0.0001534850016469136,1.4559991541318595e-05,3.215500328224152e-05,5.4132993682287633e-05,1.6049991245381534e-05,0.0
12,8,gOMP,baseline,0.0002574740065028891,1.341897586826235e-05,4.264399467501789e-05,9.561701153870672e-05,2.0228995708748698e-05,0.0
12,8,gOMP,optimized,0.00014756800374016166,1.2195014278404415e-05,3.0997005524113774e-05,5.045099533163011e-05,1.7081998521462083e-05,0.0
12,9,gOMP,baseline,0.00035661199945025146,2.2029009414836764e-05,6.281997775658965e-05,0.0001271090004593134,2.9507020371966064e-05,0.0
12,9,gOMP,optimized,0.0002518499968573451,2.4196982849389315e-05,6.070001109037548e-05,8.798899943940341e-05,2.6192996301688254e-05,0.0
12,10,gOMP,baseline,0.0002733879955485463,1.8610982806421816e-05,4.602300759870559e-05,0.00010178401134908199,2.178001159336418e-05,0.0
12,10,gOMP,optimized,0.00015914700634311885,1.375000283587724e-05,3.290599852334708e-05,5.5922981118783355e-05,1.6263016732409596e-05,0.0
12,11,gOMP,baseline,0.00025919300969690084,1.6182995750568807e-05,4.408898530527949e-05,9.326101280748844e-05,2.3222994059324265e-05,0.0
12,11,gOMP,optimized,0.00015615498705301434,1.55809975694865e-05,3.184398519806564e-05,5.22860063938424e-05,1.642898132558912e-05,0.0
12,12,gOMP,baseline,0.0004943590029142797,2.7693022275343537e-05,0.00010337401181459427,0.00017623399617150426,3.562499477993697e-05,0.0
12,12,gOMP,optimized,0.00016220500401686877,1.3765020412392914e-05,3.547100641299039e-05,5.614299152512103e-05,1.769300433807075e-05,0.0
12,13,gOMP,baseline,0.00029255500703584403,1.5947007341310382e-05,4.8079993575811386e-05,0.00011047901352867484,2.8305992600508034e-05,0.0
12,13,gOMP,optimized,0.00015340199752245098,1.5419995179399848e-05,3.352899511810392e-05,5.1117996918037534e-05,1.668899494688958e-05,0.0
12,14,gOMP,baseline,0.0004648829926736653,2.6637979317456484e-05,9.309600864071399e-05,0.00014674599515274167,4.999201337341219e-05,0.0
12,14,gOMP,optimized,0.00032578498939983547,3.899401053786278e-05,5.643600889015943e-05,0.00010132399620488286,7.041002390906215e-05,0.0
12,15,gOMP,baseline,0.0002867559960577637,1.704797614365816e-05,4.724299651570618e-05,9.525801579002291e-05,2.4479013518430293e-05,0.0
12,15,gOMP,optimized,0.0001495040050940588,1.4986988389864564e-05,3.125703369732946e-05,5.1620008889585733e-05,1.6017991583794355e-05,0.0
12,16,gOMP,baseline,0.00033434299984946847,1.600699033588171e-05,6.576998566742986e-05,0.0001255750103155151,2.3560001864098012e-05,0.0
12,16,gOMP,optimized,0.00019795300613623112,1.7429993022233248e-05,4.044100933242589e-05,7.083798118401319e-05,2.006201248150319e-05,0.0
12,17,gOMP,baseline,0.00032607399043627083,2.1454980014823377e-05,4.872700083069503e-05,0.00012347998563200235,3.4882992622442544e-05,0.0
12,17,gOMP,optimized,0.00017232900427188724,2.417099312879145e-05,3.4792014048434794e-05,5.4100004490464926e-05,1.965898263733834e-05,0.0
12,18,gOMP,baseline,0.0002469369937898591,1.3018026947975159e-05,4.112800525035709e-05,9.015799150802195e-05,1.9847997464239597e-05,0.0
12,18,gOMP,optimized,0.00016795301053207368,1.2280012015253305e-05,4.836001608055085e-05,5.1641996833495796e-05,1.7808008124120533e-05,0.0
12,19,gOMP,baseline,0.00026586500462144613,1.603300916031003e-05,4.170800093561411e-05,9.743598639033735e-05,2.2988999262452126e-05,0.0
12,19,gOMP,optimized,0.00015638300101272762,1.6345016774721444e-05,3.398298576939851e-05,5.128099292051047e-05,1.7189973732456565e-05,0.0
12,20,gOMP,baseline,0.00034234199847560376,2.5244022253900766e-05,6.560701876878738e-05,0.00012628200056497008,2.8945010853931308e-05,0.0
12,20,gOMP,optimized,0.00017073500202968717,1.3613011105917394e-05,4.450700362212956e-05,5.378498462960124e-05,1.8292994354851544e-05,0.0
12,21,gOMP,baseline,0.00025825100601650774,1.597801747266203e-05,4.148398875258863e-05,9.441899601370096e-05,2.2411986719816923e-05,0.0
12,21,gOMP,optimized,0.00016298700938932598,1.6247009625658393e-05,3.539200406521559e-05,5.413701001089066e-05,1.650498597882688e-05,0.0
12,22,gOMP,baseline,0.0002442179975332692,1.3388009392656386e-05,3.865800681523979e-05,9.096099529415369e-05,1.9322993466630578e-05,0.0
12,22,gOMP,optimized,0.00014780300261918455,1.2844990123994648e-05,3.166797978337854e-05,4.8250993131659925e-05,1.5855985111556947e-05,0.0
12,23,gOMP,baseline,0.0003145079972455278,1.6672027413733304e-05,5.640000745188445e-05,0.00011369999265298247,2.8067021048627794e-05,0.0
12,23,gOMP,optimized,0.00019693700596690178,1.8322985852137208e-05,3.88369953725487e-05,6.422799197025597e-05,1.7853017197921872e-05,0.0
12,24,gOMP,baseline,0.0002677480079000816,1.5416997484862804e-05,4.533299943432212e-05,9.788900206331164e-05,2.0769002730958164e-05,0.0
12,24,gOMP,optimized,0.00018365299911238253,1.3163007679395378e-05,3.277299401815981e-05,5.418399814516306e-05,3.5855016903951764e-05,0.0
12,25,gOMP,baseline,0.0002926680026575923,1.7364989616908133e-05,5.721100023947656e-05,9.990300168283284e-05,2.6933994377031922e-05,0.0
12,25,gOMP,optimized,0.00015651198918931186,1.5600002370774746e-05,3.3958989661186934e-05,5.223600601311773e-05,1.7677011783234775e-05,0.0
12,26,gOMP,baseline,0.0005224569904385135,2.416699135210365e-05,6.395799573510885e-05,0.00017106797895394266,5.169401993043721e-05,0.0
12,26,gOMP,optimized,0.00037366100877989084,2.5731002097018063e-05,0.00012439399142749608,0.00011263899796176702,3.8933983887545764e-05,0.0
12,27,gOMP,baseline,0.00035268299689050764,1.9875980797223747e-05,7.671699859201908e-05,0.00011576601536944509,3.332000051159412e-05,0.0
12,27,gOMP,optimized,0.00023406700347550213,2.257499727420509e-05,5.322201468516141e-05,7.353498949669302e-05,3.065099008381367e-05,0.0
12,28,gOMP,baseline,0.0002806650009006262,1.4908000594004989e-05,4.313999670557678e-05,0.00010851302067749202,2.2930020350031555e-05,0.0
12,28,gOMP,optimized,0.0001930230064317584,2.351199509575963e-05,3.824001760222018e-05,6.13109878031537e-05,2.209898957516998e-05,0.0
12,29,gOMP,baseline,0.0006001689907861874,3.718199150171131e-05,9.50539979385212e-05,0.00018203799845650792,3.825400199275464e-05,0.0
12,29,gOMP,optimized,0.00017428699356969446,1.7066005966626108e-05,3.563298378139734e-05,6.100301106926054e-05,1.7945014405995607e-05,0.0
12,30,gOMP,baseline,0.00025573499442543834,1.3908997061662376e-05,4.250199708621949e-05,9.457599662709981e-05,2.0041014067828655e-05,0.0
12,30,gOMP,optimized,0.00015001300198491663,1.3389988453127444e-05,3.166899841744453e-05,4.968700523022562e-05,1.6168021829798818e-05,0.0
12,31,gOMP,baseline,0.00028792799275834113,2.0944993593730032e-05,4.603399429470301e-05,0.00010214102803729475,2.6160007109865546e-05,0.0
12,31,gOMP,optimized,0.00017760100308805704,1.6784993931651115e-05,3.552700218278915e-05,5.4418022045865655e-05,2.6430003345012665e-05,0.0
12,32,gOMP,baseline,0.00038005800161045045,3.22419946314767e-05,7.011399429757148e-05,0.00012386000889819115,4.4657004764303565e-05,0.0
12,32,gOMP,optimized,0.0002514730003895238,2.439599484205246e-05,4.4333995901979506e-05,8.024799171835184e-05,2.8605005354620516e-05,0.0
12,33,gOMP,baseline,0.0003076550055993721,1.7825019313022494e-05,5.53639983991161e-05,0.00011413298489060253,2.737899194471538e-05,0.0
12,33,gOMP,optimized,0.00021355900389607996,2.3324013454839587e-05,4.338998405728489e-05,7.269899651873857e-05,1.952800084836781e-05,0.0
12,34,gOMP,baseline,0.0002539870038162917,1.636099477764219e-05,3.925299097318202e-05,9.222698281519115e-05,2.175701956730336e-05,0.0
12,34,gOMP,optimized,0.0002088819892378524,1.4486984582617879e-05,3.596600436139852e-05,4.9147012759931386e-05,1.556600909680128e-05,0.0
12,35,gOMP,baseline,0.00026339301257394254,1.5492987586185336e-05,4.475601599551737e-05,9.66749939834699e-05,2.2701002308167517e-05,0.0
12,35,gOMP,optimized,0.0001420150074409321,1.4379998901858926e-05,2.9932998586446047e-05,4.5563996536657214e-05,1.5484998584724963e-05,0.0
12,36,gOMP,baseline,0.00033080299908760935,2.3632979718968272e-05,6.111800030339509e-05,0.00011788499250542372,3.237799683120102e-05,0.0
12,36,gOMP,optimized,0.00017582600412424654,1.975300256162882e-05,3.291301254648715e-05,6.79299992043525e-05,1.7831000150181353e-05,0.0
12,37,gOMP,baseline,0.00025954400189220905,1.6399993910454214e-05,4.278100095689297e-05,9.451901132706553e-05,2.2138003259897232e-05,0.0
12,37,gOMP,optimized,0.00014606201148126274,1.4361008652485907e-05,3.0350973247550428e-05,4.968700523022562e-05,1.5711993910372257e-05,0.0
12,38,gOMP,baseline,0.00032231101067736745,3.5559001844376326e-05,5.059099930804223e-05,0.00010888501128647476,2.6880981749854982e-05,0.0
12,38,gOMP,optimized,0.00016402800974901766,1.6457008314318955e-05,3.391000791452825e-05,5.6063974625431e-05,1.820099714677781e-05,0.0
12,39,gOMP,baseline,0.00033607499790377915,1.7963990103453398e-05,5.949600017629564e-05,0.0001139159721788019,2.7515983674675226e-05,0.0
12,39,gOMP,optimized,0.00016489900008309633,1.6321020666509867e-05,3.465099143795669e-05,5.449300806503743e-05,1.7849990399554372e-05,0.0
12,40,gOMP,baseline,0.00028490700060501695,1.6775986296124756e-05,4.656700184568763e-05,0.00010516098700463772,2.4787994334474206e-05,0.0
12,40,gOMP,optimized,0.00018639699555933475,1.654999505262822e-05,4.9117967137135565e-05,5.8035002439282835e-05,1.7787009710446e-05,0.0
12,41,gOMP,baseline,0.0003359099937370047,1.9463011994957924e-05,6.272199971135706e-05,0.00012144198990426958,2.801600203383714e-05,0.0
12,41,gOMP,optimized,0.00018979299056809396,2.0274994312785566e-05,3.800602280534804e-05,6.283099355641752e-05,1.952399907168001e-05,0.0
12,42,gOMP,baseline,0.00037203099054750055,4.300400905776769e-05,6.82139943819493e-05,0.0001189680042443797,3.4073018468916416e-05,0.0
12,42,gOMP,optimized,0.00018360100511927158,1.9237995729781687e-05,4.0524028008803725e-05,5.994700768496841e-05,1.9235012587159872e-05,0.0
12,43,gOMP,baseline,0.00025016299332492054,1.560700184199959e-05,4.0134997107088566e-05,9.139100438915193e-05,2.1428000763989985e-05,0.0
12,43,gOMP,optimized,0.00014816300245001912,1.4814009773544967e-05,3.084201307501644e-05,4.809198435395956e-05,1.623999560251832e-05,0.0
12,44,gOMP,baseline,0.0013603449915535748,4.7299006837420166e-05,0.00019533798331394792,0.0005561689904425293,0.00013751898950431496,0.0
12,44,gOMP,optimized,0.0005685080104740337,3.9610982639715075e-05,0.00018964699120260775,0.00019517702457960695,5.2750983741134405e-05,0.0
12,45,gOMP,baseline,0.0003341150004416704,1.7426995327696204e-05,6.643102096859366e-05,0.00012171200069133192,3.1845003832131624e-05,0.0
12,45,gOMP,optimized,0.00016440199397038668,1.5473997336812317e-05,3.762198321055621e-05,5.356500332709402e-05,1.7426005797460675e-05,0.0
12,46,gOMP,baseline,0.0002497060049790889,1.6017002053558826e-05,3.9117003325372934e-05,8.9510009274818e-05,2.1365005522966385e-05,0.0
12,46,gOMP,optimized,0.00014487899898085743,1.5094017726369202e-05,3.005701000802219e-05,4.905299283564091e-05,1.5359008102677763e-05,0.0
12,47,gOMP,baseline,0.0003686929994728416,1.8053004168905318e-05,6.07730180490762e-05,0.00011531701602507383,2.8055001166649163e-05,0.0
12,47,gOMP,optimized,0.00025923000066541135,2.427899744361639e-05,5.588801286648959e-05,9.14919946808368e-05,2.5251007173210382e-05,0.0
12,48,gOMP,baseline,0.0003143659996567294,1.8808015738613904e-05,4.993000766262412e-05,0.00010385698988102376,2.6298992452211678e-05,0.0
12,48,gOMP,optimized,0.0001738130085868761,1.791800605133176e-05,3.681800444610417e-05,5.957500252407044e-05,1.7386002582497895e-05,0.0
12,49,gOMP,baseline,0.00028652200126089156,1.7189013306051493e-05,4.655601514969021e-05,0.00010629999451339245,2.3671003873459995e-05,0.0
12,49,gOMP,optimized,0.0001544210099382326,1.516798511147499e-05,3.394699888303876e-05,5.0161004764959216e-05,1.613200583960861e-05,0.0
12,50,gOMP,baseline,0.00029230899235699326,1.769700611475855e-05,5.123998562339693e-05,0.00010389499948360026,2.4841996491886675e-05,0.0
12,50,gOMP,optimized,0.00016646500444039702,1.6894977306947112e-05,3.626900434028357e-05,5.56220329599455e-05,1.7512007616460323e-05,0.0
12,51,gOMP,baseline,0.00025574100436642766,1.626700395718217e-05,3.935200220439583e-05,9.361299453303218e-05,2.1588013623841107e-05,0.0
12,51,gOMP,optimized,0.00018038100097328424,1.6602978575974703e-05,3.673200262710452e-05,5.6389981182292104e-05,2.1778017980977893e-05,0.0
12,52,gOMP,baseline,0.0003565749939298257,2.3582993890158832e-05,5.854001210536808e-05,0.00011996598914265633,3.1782983569428325e-05,0.0
12,52,gOMP,optimized,0.00016829199739731848,1.6209014574997127e-05,3.221599035896361e-05,6.25480170128867e-05,1.7350001144222915e-05,0.0
12,53,gOMP,baseline,0.0002796139888232574,1.6766003682278097e-05,4.511199949774891e-05,0.00010287700570188463,2.38830252783373e-05,0.0
12,53,gOMP,optimized,0.00017282800399698317,1.5035999240353703e-05,3.3361982787027955e-05,6.546100485138595e-05,1.8719991203397512e-05,0.0
12,54,gOMP,baseline,0.00029987399466335773,1.768597576301545e-05,5.13949926244095e-05,0.00011090401676483452,2.7281988877803087e-05,0.0
12,54,gOMP,optimized,0.0001642179995542392,1.7619007849134505e-05,3.452699456829578e-05,5.546602187678218e-05,1.8373990315012634e-05,0.0
12,55,gOMP,baseline,0.000272001008852385,1.547700958326459e-05,3.9260994526557624e-05,9.02059837244451e-05,2.1567990188486874e-05,0.0
12,55,gOMP,optimized,0.00017242800095118582,1.6877995221875608e-05,3.945599019061774e-05,5.375898035708815e-05,1.7359008779749274e-05,0.0
12,56,gOMP,baseline,0.0003051350067835301,1.7393991583958268e-05,4.9520996981300414e-05,0.0001033839798765257,2.5066998205147684e-05,0.0
12,56,gOMP,optimized,0.0001518460048828274,1.5048994100652635e-05,3.1266012229025364e-05,5.010599852539599e-05,1.6079997294582427e-05,0.0
12,57,gOMP,baseline,0.0005351900035748258,2.6554014766588807e-05,9.465700713917613e-05,0.00015956501010805368,8.005501877050847e-05,0.0
12,57,gOMP,optimized,0.00020682001195382327,1.988701114896685e-05,5.742699431721121e-05,6.514099368359894e-05,1.956400228664279e-05,0.0
12,58,gOMP,baseline,0.00024733098689466715,1.5626981621608138e-05,4.012900171801448e-05,8.998399425763637e-05,2.174802648369223e-05,0.0
12,58,gOMP,optimized,0.00014765799278393388,1.4605990145355463e-05,3.127899253740907e-05,4.9138994654640555e-05,1.5397017705254257e-05,0.0
12,59,gOMP,baseline,0.00029668699426110834,2.0638995920307934e-05,5.440200038719922e-05,0.00011255500430706888,2.3818996851332486e-05,0.0
12,59,gOMP,optimized,0.00014858499343972653,1.4300982002168894e-05,3.079701855313033e-05,4.70859813503921e-05,1.5637997421436012e-05,0.0
12,60,gOMP,baseline,0.00024582899641245604,1.5098965377546847e-05,3.830800415016711e-05,9.095203131437302e-05,2.1020008716732264e-05,0.0
12,60,gOMP,optimized,0.00015254999743774533,1.523099490441382e-05,3.1087984098121524e-05,4.8156987759284675e-05,1.9398998119868338e-05,0.0
12,61,gOMP,baseline,0.0006289239972829819,0.00011469802120700479,0.00010436298907734454,0.00018208798428531736,4.829799581784755e-05,0.0
12,61,gOMP,optimized,0.00018519100558478385,1.7497994122095406e-05,3.816401294898242e-05,6.43039820715785e-05,1.8673003069125116e-05,0.0
12,62,gOMP,baseline,0.0002527129981899634,1.5890997019596398e-05,4.1001985664479434e-05,9.253498865291476e-05,2.0849998691119254e-05,0.0
12,62,gOMP,optimized,0.00015440600691363215,1.5115991118364036e-05,3.3406002330593765e-05,5.127201438881457e-05,1.623001298867166e-05,0.0
12,63,gOMP,baseline,0.00027036500978283584,1.6707999748177826e-05,4.283200541976839e-05,9.939901065081358e-05,2.3519998649135232e-05,0.0
12,63,gOMP,optimized,0.00015414100198540837,1.4940000255592167e-05,3.641999501269311e-05,4.8183981562033296e-05,1.6604026313871145e-05,0.0
12,64,gOMP,baseline,0.0007298089913092554,6.39380159555003e-05,0.00011787998664658517,0.00018479101709090173,8.017300569918007e-05,0.0
12,64,gOMP,optimized,0.00018702101078815758,2.033900818787515e-05,3.778898098971695e-05,6.910799129400402e-05,1.8645005184225738e-05,0.0
12,65,gOMP,baseline,0.0002905790024669841,1.7237005522474647e-05,5.594299000222236e-05,0.00010060399654321373,2.4765991838648915e-05,0.0
12,65,gOMP,optimized,0.00016515300376340747,1.6099002095870674e-05,3.487100184429437e-05,5.471199983730912e-05,1.796102151274681e-05,0.0
12,66,gOMP,baseline,0.0003505139902699739,4.463698132894933e-05,5.851399328093976e-05,0.0001150359894381836,3.0045994208194315e-05,0.0
12,66,gOMP,optimized,0.00019936199532821774,2.376399061176926e-05,3.9941020077094436e-05,6.6694978158921e-05,2.0247010979801416e-05,0.0
12,67,gOMP,baseline,0.00034572499862406403,2.0403997041285038e-05,5.111600330565125e-05,0.00010584799747448415,2.600198786240071e-05,0.0
12,67,gOMP,optimized,0.00015574099961668253,1.5437995898537338e-05,3.211700823158026e-05,5.423299444373697e-05,1.7982019926421344e-05,0.0
12,68,gOMP,baseline,0.00030978600261732936,1.6851015971042216e-05,5.177500133868307e-05,0.00011332299618516117,2.9076996725052595e-05,0.0
12,68,gOMP,optimized,0.00016877100279089063,1.5469995560124516e-05,3.541400656104088e-05,5.608597712125629e-05,1.6563993995077908e-05,0.0
12,69,gOMP,baseline,0.00025731099594850093,1.618599344510585e-05,4.111501039005816e-05,9.376498928759247e-05,2.2203006665222347e-05,0.0
12,69,gOMP,optimized,0.000150266001583077,1.4660981833003461e-05,3.244300023652613e-05,4.968099528923631e-05,1.576899376232177e-05,0.0
12,70,gOMP,baseline,0.0002723299985518679,1.7552985809743404e-05,4.457400063984096e-05,0.00010085999383591115,2.3293003323487937e-05,0.0
12,70,gOMP,optimized,0.00019737498951144516,1.5758982044644654e-05,3.648099664133042e-05,6.51789887342602e-05,2.318096812814474e-05,0.0
12,71,gOMP,baseline,0.0002654870040714741,1.5474011888727546e-05,4.786199133377522e-05,9.515702549833804e-05,2.3710003006272018e-05,0.0
12,71,gOMP,optimized,0.00016052801220212132,1.6025995137169957e-05,3.322001430206001e-05,5.3445008234120905e-05,1.6659992979839444e-05,0.0
12,72,gOMP,baseline,0.00027977699937764555,1.7023019609041512e-05,4.558099317364395e-05,0.00010052998550236225,2.494300133548677e-05,0.0
12,72,gOMP,optimized,0.00016546501137781888,1.651399361435324e-05,3.5778997698798776e-05,5.5204014643095434e-05,1.8122984329238534e-05,0.0
12,73,gOMP,baseline,0.0005533379880944267,1.7924015992321074e-05,5.089999467600137e-05,0.0001854169968282804,6.098800804466009e-05,0.0
12,73,gOMP,optimized,0.0003632019943324849,3.569101681932807e-05,9.060201409738511e-05,0.0001284520112676546,3.62739956472069e-05,0.0
12,74,gOMP,baseline,0.00030564400367438793,1.6729012713767588e-05,5.880201933905482e-05,0.0001080599904526025,2.4777997168712318e-05,0.0
12,74,gOMP,optimized,0.00016122999659273773,1.5711004380136728e-05,3.439599822741002e-05,5.4370000725612044e-05,1.7300000763498247e-05,0.0
12,75,gOMP,baseline,0.00030823599081486464,1.6919017070904374e-05,6.868700438644737e-05,0.00010331800149288028,2.8606009436771274e-05,0.0
12,75,gOMP,optimized,0.00016229601169470698,1.6147998394444585e-05,3.521598409861326e-05,5.285200313664973e-05,1.75329769263044e-05,0.0
12,76,gOMP,baseline,0.0006565359944943339,3.371200000401586e-05,9.084299381356686e-05,0.00023857101041357964,7.953502063173801e-05,0.0
12,76,gOMP,optimized,0.00029884900141041726,3.112500417046249e-05,6.945800851099193e-05,9.682000381872058e-05,2.4718028726056218e-05,0.0
12,77,gOMP,baseline,0.0002968159969896078,2.280299668200314e-05,4.761501622851938e-05,0.00010427799134049565,2.5444009224884212e-05,0.0
12,77,gOMP,optimized,0.00016955399769358337,1.7444006516598165e-05,3.4092983696609735e-05,5.6872013374231756e-05,2.0037012291140854e-05,0.0
12,78,gOMP,baseline,0.0007618730014655739,4.175398498773575e-05,0.00013508900883607566,0.0002655809948919341,0.00010500500502530485,0.0
12,78,gOMP,optimized,0.00023879299988038838,2.2217020159587264e-05,4.4944987166672945e-05,8.671998511999846e-05,1.955899642780423e-05,0.0
12,79,gOMP,baseline,0.00032844700035639107,1.8919992726296186e-05,5.216900899540633e-05,0.00012851299834437668,3.104099596384913e-05,0.0
12,79,gOMP,optimized,0.00014763401122763753,1.4727003872394562e-05,3.082300827372819e-05,4.888002877123654e-05,1.586298458278179e-05,0.0
12,80,gOMP,baseline,0.0002588030038168654,1.5483019524253905e-05,4.007101233582944e-05,9.299599332734942e-05,2.1126994397491217e-05,0.0
12,80,gOMP,optimized,0.00016762499581091106,1.5048019122332335e-05,3.4042008337564766e-05,5.948798207100481e-05,1.7261991160921752e-05,0.0
12,81,gOMP,baseline,0.0003510409878799692,2.4998982553370297e-05,5.039699317421764e-05,0.00011895695934072137,3.9820995880290866e-05,0.0
12,81,gOMP,optimized,0.00044550599704962224,3.589398693293333e-05,0.00014152000949252397,0.00014174499665386975,4.171200271230191e-05,0.0
12,82,gOMP,baseline,0.0003172739961883053,2.7915986720472574e-05,5.221398896537721e-05,0.00010800200107041746,3.095300053246319e-05,0.0
12,82,gOMP,optimized,0.0002276029990753159,1.8058010027743876e-05,6.815498636569828e-05,7.09579762769863e-05,2.0164981833659112e-05,0.0
12,83,gOMP,baseline,0.0002562480076448992,1.6295991372317076e-05,4.058901686221361e-05,9.353600034955889e-05,2.1503990865312517e-05,0.0
12,83,gOMP,optimized,0.00016121800581458956,1.9771992811001837e-05,3.3836986403912306e-05,5.101699207443744e-05,1.6327001503668725e-05,0.0
12,84,gOMP,baseline,0.0003327129961689934,1.676900137681514e-05,3.943800402339548e-05,9.823300933931023e-05,2.244900679215789e-05,0.0
12,84,gOMP,optimized,0.0001880329946288839,1.6157995560206473e-05,4.853498830925673e-05,6.148098327685148e-05,1.8834994989447296e-05,0.0
12,85,gOMP,baseline,0.0004128580039832741,2.3586006136611104e-05,8.551101200282574e-05,0.0001476179895689711,3.628298873081803e-05,0.0
12,85,gOMP,optimized,0.0001836890005506575,1.764301850926131e-05,3.6946978070773184e-05,6.578299507964402e-05,1.9983999663963914e-05,0.0
12,86,gOMP,baseline,0.00031655099883209914,1.9646991859190166e-05,5.752200377173722e-05,0.00011514702055137604,2.7103989850729704e-05,0.0
12,86,gOMP,optimized,0.0001981739915208891,1.882300421129912e-05,5.391801823861897e-05,6.305899296421558e-05,1.858199539128691e-05,0.0
12,87,gOMP,baseline,0.0004293329984648153,9.787497401703149e-05,6.02580257691443e-05,0.00013481499627232552,3.149300755467266e-05,0.0
12,87,gOMP,optimized,0.0001729760115267709,1.6734993550926447e-05,3.661999653559178e-05,5.814401083625853e-05,1.8063001334667206e-05,0.0
12,88,gOMP,baseline,0.0007730449869995937,6.985598884057254e-05,0.00012168999819550663,0.00022058800095692277,5.760598287452012e-05,0.0
12,88,gOMP,optimized,0.00018536399875301868,1.6790014342404902e-05,3.677800123114139e-05,7.058201299514621e-05,1.770199742168188e-05,0.0
12,89,gOMP,baseline,0.0002718399919103831,1.589999010320753e-05,4.494200402405113e-05,9.98220348265022e-05,2.3957007215358317e-05,0.0
12,89,gOMP,optimized,0.00017484799900557846,2.982899604830891e-05,3.4938013413921e-05,5.281998892314732e-05,1.7481012037023902e-05,0.0
12,90,gOMP,baseline,0.0002716690069064498,1.5698009519837797e-05,4.150101449340582e-05,9.600901103112847e-05,2.1649000700563192e-05,0.0
12,90,gOMP,optimized,0.00016082500224001706,1.586200960446149e-05,3.45610169460997e-05,5.2728006266988814e-05,1.606899604666978e-05,0.0
12,91,gOMP,baseline,0.0002800740039674565,1.6631995094940066e-05,5.0412985729053617e-05,0.00010219600517302752,2.3751985281705856e-05,0.0
12,91,gOMP,optimized,0.0001632269995752722,1.5080004232004285e-05,3.282498801127076e-05,5.878199590370059e-05,1.7125013982877135e-05,0.0
12,92,gOMP,baseline,0.00029827500111423433,1.8306003767065704e-05,5.1759983762167394e-05,0.00010828001541085541,2.7286994736641645e-05,0.0
12,92,gOMP,optimized,0.0002052409981843084,1.7313010175712407e-05,5.163598689250648e-05,6.471201777458191e-05,2.1220985217951238e-05,0.0
12,93,gOMP,baseline,0.00029673300741706043,1.818798773456365e-05,4.7685010940767825e-05,0.00010940898209810257,2.5115004973486066e-05,0.0
12,93,gOMP,optimized,0.00023809299455024302,1.513100869487971e-05,3.2785028452053666e-05,5.310398410074413e-05,1.6905993106774986e-05,0.0
12,94,gOMP,baseline,0.0002956919925054535,1.9228013115935028e-05,4.660099511966109e-05,0.00011612600064836442,2.493899955879897e-05,0.0
12,94,gOMP,optimized,0.00015320500824600458,1.519499346613884e-05,3.205900429747999e-05,5.297501047607511e-05,1.587199221830815e-05,0.0
12,95,gOMP,baseline,0.00024474700330756605,1.6186997527256608e-05,3.930203092750162e-05,8.846301352605224e-05,2.0801002392545342e-05,0.0
12,95,gOMP,optimized,0.00022579100914299488,1.478297053836286e-05,2.9911971068941057e-05,4.8824003897607327e-05,1.6120000509545207e-05,0.0
12,96,gOMP,baseline,0.00035143998684361577,1.8781982362270355e-05,5.4160962463356555e-05,0.00014351599384099245,3.0358991352841258e-05,0.0
12,96,gOMP,optimized,0.00016118399798870087,1.702597364783287e-05,3.378500696271658e-05,5.2759001846425235e-05,1.680999412201345e-05,0.0
12,97,gOMP,baseline,0.0004421799967531115,2.552200749050826e-05,8.447501750197262e-05,0.00015488200006075203,3.480700252112001e-05,0.0
12,97,gOMP,optimized,0.00019935700402129441,2.3878994397819042e-05,4.0013997931964695e-05,7.23269913578406e-05,2.126401523128152e-05,0.0
12,98,gOMP,baseline,0.0005444349953904748,2.693598798941821e-05,7.61869887355715e-05,0.0002197540015913546,6.251400918699801e-05,0.0
12,98,gOMP,optimized,0.0001973390026250854,1.7892016330733895e-05,3.900101000908762e-05,7.359801384154707e-05,2.0598017727024853e-05,0.0
12,99,gOMP,baseline,0.00026357999013271183,1.6219011740759015e-05,4.812800034414977e-05,9.35520074563101e-05,2.2321008145809174e-05,0.0
12,99,gOMP,optimized,0.00016038399189710617,1.584198616910726e-05,3.3571006497368217e-05,5.258398596197367e-05,1.726798654999584e-05,0.0
12,100,gOMP,baseline,0.0003151549899484962,1.6663994756527245e-05,6.125299842096865e-05,0.00011621200246736407,2.7079004212282598e-05,0.0
12,100,gOMP,optimized,0.00014398799976333976,1.4142991858534515e-05,3.1531002605333924e-05,4.761098534800112e-05,1.5276993508450687e-05,0.0
12,101,gOMP,baseline,0.00030959901050664485,3.113500133622438e-05,5.326802784111351e-05,0.00010690298222471029,2.4824999854899943e-05,0.0
12,101,gOMP,optimized,0.00016213799244724214,1.569199957884848e-05,3.3159987651742995e-05,5.426001735031605e-05,1.6402016626670957e-05,0.0
12,102,gOMP,baseline,0.000272821998805739,1.669699850026518e-05,4.544900730252266e-05,9.790899639483541e-05,2.401997335255146e-05,0.0
12,102,gOMP,optimized,0.00015428500773850828,1.4887002180330455e-05,3.109000681433827e-05,4.9677008064463735e-05,1.5541008906438947e-05,0.0
12,103,gOMP,baseline,0.00030606400105170906,1.6792997485026717e-05,6.093601405154914e-05,0.00010331999510526657,2.6851019356399775e-05,0.0
12,103,gOMP,optimized,0.00021457199181895703,1.936600892804563e-05,4.9057009164243937e-05,7.09610030753538e-05,1.8493999959900975e-05,0.0
12,104,gOMP,baseline,0.0002515139931347221,1.573700865264982e-05,4.1130027966573834e-05,9.079999290406704e-05,2.251699334010482e-05,0.0
12,104,gOMP,optimized,0.0001412050041835755,1.4249992091208696e-05,3.0033988878130913e-05,4.7048000851646066e-05,1.518501085229218e-05,0.0
12,105,gOMP,baseline,0.00029962899861857295,1.9273997168056667e-05,4.77099820272997e-05,0.00010907099931500852,2.6124995201826096e-05,0.0
12,105,gOMP,optimized,0.0001706520124571398,1.769700611475855e-05,3.5712000681087375e-05,5.633199180010706e-05,1.806100772228092e-05,0.0
12,106,gOMP,baseline,0.00028700601251330227,1.7664016922935843e-05,5.0385991926304996e-05,0.00010457000462338328,2.344597305636853e-05,0.0
12,106,gOMP,optimized,0.00017335900338366628,1.6147008864209056e-05,3.5913006286136806e-05,6.229101563803852e-05,1.8201986677013338e-05,0.0
12,107,gOMP,baseline,0.0002511079946998507,1.5941011952236295e-05,4.093299503438175e-05,9.226401743944734e-05,2.1608997485600412e-05,0.0
12,107,gOMP,optimized,0.00014524000289384276,1.5079000149853528e-05,3.081199247390032e-05,4.7388995881192386e-05,1.5879020793363452e-05,0.0
12,108,gOMP,baseline,0.00025301800633314997,1.5497993445023894e-05,4.030400305055082e-05,9.30279929889366e-05,2.2581967641599476e-05,0.0
12,108,gOMP,optimized,0.00018544400518294424,1.588500163052231e-05,3.603100776672363e-05,6.914499681442976e-05,2.179799776058644e-05,0.0
12,109,gOMP,baseline,0.0002646959910634905,1.7786005628295243e-05,4.060400533489883e-05,9.680599032435566e-05,2.2687003365717828e-05,0.0
12,109,gOMP,optimized,0.00016266699822153896,1.6375997802242637e-05,3.478500002529472e-05,5.181002779863775e-05,1.7368991393595934e-05,0.0
12,110,gOMP,baseline,0.0003459029976511374,2.060197584796697e-05,6.087898509576917e-05,0.00013391498941928148,3.0987997888587415e-05,0.0
12,110,gOMP,optimized,0.00016953199519775808,1.853199501056224e-05,3.652198938652873e-05,5.6325021432712674e-05,1.8620994524098933e-05,0.0
12,111,gOMP,baseline,0.000259481996181421,1.6192003386095166e-05,4.287900810595602e-05,9.463001333642751e-05,2.2364009055308998e-05,0.0
12,111,gOMP,optimized,0.0001584900019224733,1.548200089018792e-05,3.244800609536469e-05,5.33499987795949e-05,1.6537989722564816e-05,0.0
12,112,gOMP,baseline,0.0002767260011751205,1.7013997421599925e-05,4.4886008254252374e-05,9.978300658985972e-05,2.4858993128873408e-05,0.0
12,112,gOMP,optimized,0.00025832200481090695,7.211900083348155e-05,4.6725996071472764e-05,6.624801608268172e-05,2.1781001123599708e-05,0.0
12,113,gOMP,baseline,0.00040385899774264544,2.7111978852190077e-05,9.039801079779863e-05,0.0001288519852096215,4.1269013308919966e-05,0.0
12,113,gOMP,optimized,0.00019629200687631965,2.5478977477177978e-05,3.888599167112261e-05,6.564900104422122e-05,2.158300776500255e-05,0.0
12,114,gOMP,baseline,0.000263536989223212,1.649100158829242e-05,4.314897523727268e-05,9.688001591712236e-05,2.234698331449181e-05,0.0
12,114,gOMP,optimized,0.0001655389933148399,1.740502193570137e-05,3.533299604896456e-05,5.547501496039331e-05,1.8143007764592767e-05,0.0
12,115,gOMP,baseline,0.0003195409954059869,1.9826009520329535e-05,4.9996000598184764e-05,0.00011330402048770338,3.226401167921722e-05,0.0
12,115,gOMP,optimized,0.00037762499414384365,2.376300108153373e-05,0.00013692800712306052,0.0001055269967764616,3.066399949602783e-05,0.0
12,116,gOMP,baseline,0.00025955599267035723,1.655401138123125e-05,4.271799116395414e-05,9.414998930878937e-05,2.3048996808938682e-05,0.0
12,116,gOMP,optimized,0.00017774300067685544,2.936599776148796e-05,3.615400055423379e-05,5.5500990129075944e-05,1.8642997019924223e-05,0.0
12,117,gOMP,baseline,0.0002685020008357242,1.62759970407933e-05,4.29909850936383e-05,9.811301424633712e-05,2.332800067961216e-05,0.0
12,117,gOMP,optimized,0.00015203299699351192,1.4906996511854231e-05,3.237699274905026e-05,5.086300370749086e-05,1.5841011190786958e-05,0.0
12,118,gOMP,baseline,0.00028940899937879294,1.7750993720255792e-05,4.5881024561822414e-05,0.00010258001566398889,2.3882996174506843e-05,0.0
12,118,gOMP,optimized,0.00016076499014161527,1.5475015970878303e-05,3.7949997931718826e-05,5.0597009249031544e-05,1.6382007743231952e-05,0.0
12,119,gOMP,baseline,0.0004817000008188188,2.179801231250167e-05,0.00011902400001417845,0.00016903100186027586,4.0916987927630544e-05,0.0
12,119,gOMP,optimized,0.00019779799913521856,2.1023995941504836e-05,4.208400787319988e-05,6.666099943686277e-05,2.0794002921320498e-05,0.0
12,120,gOMP,baseline,0.00032782000198494643,3.34979995386675e-05,5.560599674936384e-05,0.00011050600733142346,3.0123992473818362e-05,0.0
12,120,gOMP,optimized,0.00020711199613288045,1.9525003153830767e-05,3.958199522458017e-05,6.428298365790397e-05,1.9697006791830063e-05,0.0
12,121,gOMP,baseline,0.0003567359963199124,2.0395018509589136e-05,7.631299376953393e-05,0.00012617399625014514,2.9282018658705056e-05,0.0
12,121,gOMP,optimized,0.00017158999980892986,1.797100412659347e-05,3.448800998739898e-05,6.0094986110925674e-05,1.8125996575690806e-05,0.0
12,122,gOMP,baseline,0.00026354199508205056,1.6049001715146005e-05,4.491598519962281e-05,9.480798325967044e-05,2.2492007701657712e-05,0.0
12,122,gOMP,optimized,0.00016858999151736498,1.7183992895297706e-05,3.7777004763484e-05,5.703799251932651e-05,1.701099972706288e-05,0.0
12,123,gOMP,baseline,0.00028853600088041276,1.8118007574230433e-05,4.44899924332276e-05,0.00011028100561816245,2.3878004867583513e-05,0.0
12,123,gOMP,optimized,0.00015208299737423658,1.5241006622090936e-05,3.091800317633897e-05,4.963198443874717e-05,1.6157006029970944e-05,0.0
12,124,gOMP,baseline,0.00029281299794092774,1.8000006093643606e-05,4.863800131715834e-05,0.00010667000606190413,2.5459012249484658e-05,0.0
12,124,gOMP,optimized,0.00025303599250037223,2.2617983631789684e-05,4.178602830506861e-05,7.38880189601332e-05,1.950500882230699e-05,0.0
12,125,gOMP,baseline,0.0002749660052359104,1.6653997590765357e-05,4.8363988753408194e-05,9.863999730441719e-05,2.389798464719206e-05,0.0
12,125,gOMP,optimized,0.00015143198834266514,1.5730998711660504e-05,3.122900670859963e-05,5.212899122852832e-05,1.614402572158724e-05,0.0
12,126,gOMP,baseline,0.00027193198911845684,1.6008998500183225e-05,4.190500476397574e-05,9.751600737217814e-05,2.4051012587733567e-05,0.0
12,126,gOMP,optimized,0.0001543830003356561,1.5245997929014266e-05,3.225597902201116e-05,5.0915012252517045e-05,1.5951998648233712e-05,0.0
12,127,gOMP,baseline,0.0003907569916918874,2.539200067985803e-05,7.607600127812475e-05,0.00013990100705996156,3.4047989174723625e-05,0.0
12,127,gOMP,optimized,0.0002155719994334504,2.199500158894807e-05,4.717599949799478e-05,7.404800271615386e-05,2.223299816250801e-05,0.0
12,128,gOMP,baseline,0.0005161630106158555,2.5248999008908868e-05,0.00010162100079469383,0.0002085820015054196,5.313499423209578e-05,0.0
12,128,gOMP,optimized,0.0001856320013757795,1.9050014088861644e-05,3.9197984733618796e-05,6.69619912514463e-05,1.849600812420249e-05,0.0
12,129,gOMP,baseline,0.0002900860126828775,1.7665981431491673e-05,5.8382996940054e-05,0.00010058398765977472,2.4595996364951134e-05,0.0
12,129,gOMP,optimized,0.00019524699018802494,1.8948980141431093e-05,3.827200271189213e-05,7.10440071998164e-05,2.2364998585544527e-05,0.0
12,130,gOMP,baseline,0.0002792000013869256,1.7367987311445177e-05,4.722599987871945e-05,0.00010085800022352487,2.3737986339256167e-05,0.0
12,130,gOMP,optimized,0.00016599800437688828,1.738400897011161e-05,3.313900378998369e-05,5.641700408887118e-05,1.6821999452076852e-05,0.0
12,131,gOMP,baseline,0.0002672529953997582,1.5918980352580547e-05,4.5465989387594163e-05,9.957699512597173e-05,2.2245993022806942e-05,0.0
12,131,gOMP,optimized,0.0001502899976912886,1.4537014067173004e-05,3.144200309179723e-05,4.90169768454507e-05,1.6411999240517616e-05,0.0
12,132,gOMP,baseline,0.0002449369931127876,1.6012010746635497e-05,3.962600021623075e-05,8.76929989317432e-05,2.0886000129394233e-05,0.0
12,132,gOMP,optimized,0.00017631000082474202,1.511898881290108e-05,4.000699846073985e-05,5.2947012591175735e-05,2.846999268513173e-05,0.0
12,133,gOMP,baseline,0.00027928000781685114,1.55180023284629e-05,4.258901753928512e-05,9.505797061137855e-05,2.9335016733966768e-05,0.0
12,133,gOMP,optimized,0.00014363700756803155,1.4152989024296403e-05,3.079400630667806e-05,4.639598773792386e-05,1.622599666006863e-05,0.0
12,134,gOMP,baseline,0.00032466600532643497,1.903099473565817e-05,6.484401819761842e-05,0.00011860899394378066,2.661600592546165e-05,0.0
12,134,gOMP,optimized,0.00019011000404134393,1.8391016055829823e-05,3.971000842284411e-05,6.465998012572527e-05,1.9520986825227737e-05,0.0
12,135,gOMP,baseline,0.00025251301121897995,1.5112993423826993e-05,4.2082014260813594e-05,9.233300806954503e-05,2.2849984816275537e-05,0.0
12,135,gOMP,optimized,0.00015147999511100352,1.4829027350060642e-05,3.169597766827792e-05,5.1524999435059726e-05,1.5973986592143774e-05,0.0
12,136,gOMP,baseline,0.0002657300065038726,1.6313002561219037e-05,4.488498962018639e-05,9.428100020159036e-05,2.3461005184799433e-05,0.0
12,136,gOMP,optimized,0.0001920140057336539,1.930899452418089e-05,4.273001104593277e-05,6.154100992716849e-05,1.7654005205258727e-05,0.0
12,137,gOMP,baseline,0.0002673010021680966,1.6461999621242285e-05,4.366699431557208e-05,0.00010011800623033196,2.2743013687431812e-05,0.0
12,137,gOMP,optimized,0.00021555498824454844,1.8207007087767124e-05,4.3083986383862793e-05,6.0381993534974754e-05,4.9439011490903795e-05,0.0
12,138,gOMP,baseline,0.00027604699425864965,1.7511018086224794e-05,5.104301089886576e-05,9.826899622566998e-05,2.282197237946093e-05,0.0
12,138,gOMP,optimized,0.00015814299695193768,1.6420017345808446e-05,3.3285003155469894e-05,5.339598283171654e-05,1.766100467648357e-05,0.0
12,139,gOMP,baseline,0.00027962500462308526,1.6391990357078612e-05,5.055000656284392e-05,0.00010184799612034112,2.4549022782593966e-05,0.0
12,139,gOMP,optimized,0.00018579800962470472,1.8008984625339508e-05,3.6577985156327486e-05,6.302799738477916e-05,1.742300810292363e-05,0.0
12,140,gOMP,baseline,0.0002833940088748932,1.6354999388568103e-05,4.273001104593277e-05,9.290700836572796e-05,4.069397982675582e-05,0.0
12,140,gOMP,optimized,0.00018323599942959845,1.5217010513879359e-05,3.3549978979863226e-05,5.112400685902685e-05,1.6671008779667318e-05,0.0
12,141,gOMP,baseline,0.00026312000409234315,1.5493991668336093e-05,4.404399078339338e-05,9.665600373409688e-05,2.2638007067143917e-05,0.0
12,141,gOMP,optimized,0.00016396399587392807,1.5247991541400552e-05,4.004199581686407e-05,5.276402225717902e-05,1.6713995137251914e-05,0.0
12,142,gOMP,baseline,0.00033690599957481027,1.7310987459495664e-05,8.458799857180566e-05,0.0001150390162365511,2.5574001483619213e-05,0.0
12,142,gOMP,optimized,0.00016686299932189286,1.6537975170649588e-05,3.783198189921677e-05,5.358600174076855e-05,1.689097553025931e-05,0.0
12,143,gOMP,baseline,0.0002475969959050417,1.5393015928566456e-05,3.951899998355657e-05,9.026502084452659e-05,2.1715983166359365e-05,0.0
12,143,gOMP,optimized,0.00014260200259741396,1.4372009900398552e-05,3.0764000257477164e-05,4.714199167210609e-05,1.5853001968935132e-05,0.0
12,144,gOMP,baseline,0.0002618589933263138,1.5663972590118647e-05,4.18430136051029e-05,9.531901741866022e-05,2.2377993445843458e-05,0.0
12,144,gOMP,optimized,0.00016047600365709513,1.566500577609986e-05,3.3235002774745226e-05,5.7617013226263225e-05,1.636499655432999e-05,0.0
12,145,gOMP,baseline,0.00030092999804764986,2.1043990273028612e-05,5.596001574303955e-05,0.00010464999650139362,2.531100471969694e-05,0.0
12,145,gOMP,optimized,0.0005218520091148093,3.119398024864495e-05,6.0906008002348244e-05,0.00026769499527290463,8.906800940167159e-05,0.0
12,146,gOMP,baseline,0.00030153999978210777,1.9161001546308398e-05,4.665101005230099e-05,0.00010662000568117946,2.4813998606987298e-05,0.0
12,146,gOMP,optimized,0.00015431598876602948,1.5309997252188623e-05,3.2096009817905724e-05,5.0852991989813745e-05,1.636198430787772e-05,0.0
12,147,gOMP,baseline,0.0002462150005158037,1.5247002011165023e-05,4.081902443431318e-05,8.854200132191181e-05,2.1243002265691757e-05,0.0
12,147,gOMP,optimized,0.00015358900418505073,1.4913995983079076e-05,3.7429024814628065e-05,4.9030015361495316e-05,1.574798079673201e-05,0.0
12,148,gOMP,baseline,0.00032864700187928975,1.727198832668364e-05,5.240898462943733e-05,0.00010063800436910242,2.453099295962602e-05,0.0
12,148,gOMP,optimized,0.0002122389996657148,1.7613987438380718e-05,4.093200550414622e-05,8.725501538719982e-05,2.1589992684312165e-05,0.0
12,149,gOMP,baseline,0.0002978349948534742,1.5986996004357934e-05,5.561302532441914e-05,0.00010994203330483288,2.563300949987024e-05,0.0
12,149,gOMP,optimized,0.00016208300075959414,1.5443016309291124e-05,3.405498864594847e-05,5.306398088578135e-05,1.9521001377142966e-05,0.0
12,150,gOMP,baseline,0.0002786190016195178,1.9286017050035298e-05,4.5603999751619995e-05,0.00010272901272401214,2.4738983483985066e-05,0.0
12,150,gOMP,optimized,0.00015127799997571856,1.5340992831625044e-05,3.064997144974768e-05,5.280101322568953e-05,1.6191988834179938e-05,0.0
12,151,gOMP,baseline,0.0006935279961908236,5.242502084001899e-05,0.00010482600191608071,0.0001823870261432603,9.223401139024645e-05,0.0
12,151,gOMP,optimized,0.00027411599876359105,5.77589962631464e-05,4.856601299252361e-05,8.880699169822037e-05,2.422598481643945e-05,0.0
12,152,gOMP,baseline,0.0008269740064861253,4.599902604240924e-05,0.00010763098543975502,0.00023972099006641656,5.018398223910481e-05,0.0
12,152,gOMP,optimized,0.000362702994607389,3.083898627664894e-05,6.676999328192323e-05,0.00011418701615184546,7.723001181147993e-05,0.0
12,153,gOMP,baseline,0.00036221800837665796,2.018798841163516e-05,7.869202818255872e-05,0.00012648299161810428,2.908498572651297e-05,0.0
12,153,gOMP,optimized,0.00018173300486523658,1.7776008462533355e-05,3.815801755990833e-05,6.28970010438934e-05,1.885999517980963e-05,0.0
12,154,gOMP,baseline,0.0003144210058962926,1.9177008653059602e-05,4.866998642683029e-05,0.00010191999899689108,2.5662986445240676e-05,0.0
12,154,gOMP,optimized,0.00016151800809893757,1.5846992027945817e-05,3.366400778759271e-05,5.353399319574237e-05,1.65270030265674e-05,0.0
12,155,gOMP,baseline,0.0002595999976620078,2.4038003175519407e-05,4.051098949275911e-05,9.139900794252753e-05,2.1625004592351615e-05,0.0
12,155,gOMP,optimized,0.00019013098790310323,1.5964993508532643e-05,5.0762988394126296e-05,5.8851001085713506e-05,1.9860002794303e-05,0.0
12,156,gOMP,baseline,0.00036590300442185253,2.7377012884244323e-05,5.383499956224114e-05,0.00012123600754421204,3.952300176024437e-05,0.0
12,156,gOMP,optimized,0.0003598159964894876,5.39310130989179e-05,7.390799873974174e-05,0.00011576799442991614,4.051900759804994e-05,0.0
12,157,gOMP,baseline,0.00027492699155118316,1.752299431245774e-05,4.319299478083849e-05,9.938901348505169e-05,2.47550051426515e-05,0.0
12,157,gOMP,optimized,0.0001670299971010536,1.7860002117231488e-05,3.3939009881578386e-05,5.5953016271814704e-05,1.7801023204810917e-05,0.0
12,158,gOMP,baseline,0.00030956500268075615,1.7883008695207536e-05,5.500501720234752e-05,0.00011348200496286154,2.7983012842014432e-05,0.0
12,158,gOMP,optimized,0.0001537810021545738,1.534797775093466e-05,3.273099719081074e-05,5.0588991143740714e-05,1.6254984075203538e-05,0.0
12,159,gOMP,baseline,0.0004110870067961514,1.8507998902350664e-05,4.7748995712026954e-05,0.00017267301154788584,4.399601311888546e-05,0.0
12,159,gOMP,optimized,0.0002219279995188117,2.4172011762857437e-05,4.922100924886763e-05,6.974698044359684e-05,2.279800537507981e-05,0.0
12,160,gOMP,baseline,0.00028673298947978765,1.6851001419126987e-05,4.5630004024133086e-05,0.00010743299208115786,2.5229979655705392e-05,0.0
12,160,gOMP,optimized,0.0003215730102965608,2.006100839935243e-05,8.859900117386132e-05,0.0001337620196864009,2.7129994123242795e-05,0.0
12,161,gOMP,baseline,0.00027668300026562065,1.6570993466302752e-05,4.719900607597083e-05,9.684999531600624e-05,2.7264992240816355e-05,0.0
12,161,gOMP,optimized,0.00022533099399879575,1.9134007743559778e-05,5.946301098447293e-05,7.277300755959004e-05,2.3424014216288924e-05,0.0
12,162,gOMP,baseline,0.0003794920048676431,1.894900924526155e-05,4.994001938030124e-05,0.00017678500444162637,3.245800326112658e-05,0.0
12,162,gOMP,optimized,0.00015877099940553308,1.5519006410613656e-05,3.340498369652778e-05,5.1924987928941846e-05,1.641899871174246e-05,0.0
12,163,gOMP,baseline,0.0003018849965883419,1.672899816185236e-05,4.690399509854615e-05,0.0001175199868157506,2.854598278645426e-05,0.0
12,163,gOMP,optimized,0.0001611909974599257,1.7317986930720508e-05,3.347698657307774e-05,5.58159954380244e-05,1.6741978470236063e-05,0.0
12,164,gOMP,baseline,0.00025444800849072635,1.572300971020013e-05,4.1381019400432706e-05,9.208796836901456e-05,2.1979998564347625e-05,0.0
12,164,gOMP,optimized,0.00014931500481907278,1.5013007214292884e-05,3.136100713163614e-05,5.006400169804692e-05,1.6179008525796235e-05,0.0
12,165,gOMP,baseline,0.0003399660054128617,1.8180013285018504e-05,7.193599594756961e-05,0.0001207559835165739,2.735599991865456e-05,0.0
12,165,gOMP,optimized,0.0001594079949427396,1.5474986867047846e-05,3.360401024110615e-05,5.515701195690781e-05,1.6979000065475702e-05,0.0
12,166,gOMP,baseline,0.0002710349945118651,1.6893012798391283e-05,4.3818014091812074e-05,9.939601295627654e-05,2.3945991415530443e-05,0.0
12,166,gOMP,optimized,0.00016389900702051818,1.645401061978191e-05,3.434100653976202e-05,5.438097286969423e-05,1.650999183766544e-05,0.0
12,167,gOMP,baseline,0.0002849829907063395,1.7059006495401263e-05,4.41879965364933e-05,0.00010043696966022253,2.3119995603337884e-05,0.0
12,167,gOMP,optimized,0.0001475469907745719,1.561902172397822e-05,3.181200008839369e-05,4.848600656259805e-05,1.5940997400321066e-05,0.0
12,168,gOMP,baseline,0.0002811500016832724,1.7963990103453398e-05,4.788400838151574e-05,9.990500984713435e-05,2.5148983695544302e-05,0.0
12,168,gOMP,optimized,0.0001645540032768622,1.677300315350294e-05,3.537601151037961e-05,5.5388984037563205e-05,1.7453028704039752e-05,0.0
12,169,gOMP,baseline,0.0002934520016424358,1.5784986317157745e-05,4.291099321562797e-05,0.00011628298670984805,2.7584988856688142e-05,0.0
12,169,gOMP,optimized,0.00015129199891816825,1.4777018805034459e-05,3.405599272809923e-05,5.009598680771887e-05,1.6089994460344315e-05,0.0
12,170,gOMP,baseline,0.0002671190013643354,1.7237005522474647e-05,4.2095984099432826e-05,9.704800322651863e-05,2.226997457910329e-05,0.0
12,170,gOMP,optimized,0.00021416200615931302,1.616301597096026e-05,4.118200740776956e-05,6.040401058271527e-05,2.0244988263584673e-05,0.0
12,171,gOMP,baseline,0.00026248999347444624,1.594799687154591e-05,4.1009989217855036e-05,9.67130035860464e-05,2.247100928798318e-05,0.0
12,171,gOMP,optimized,0.0001859780022641644,1.5413010260090232e-05,3.6438999813981354e-05,7.119601650629193e-05,1.9461018382571638e-05,0.0
12,172,gOMP,baseline,0.00033082699519582093,1.9935003365390003e-05,5.436400533653796e-05,0.00010995699267368764,2.7089001378044486e-05,0.0
12,172,gOMP,optimized,0.00018516500131227076,1.9551007426343858e-05,4.039201303385198e-05,6.225799734238535e-05,1.8136983271688223e-05,0.0
12,173,gOMP,baseline,0.0003477300051599741,1.7678990843705833e-05,4.816000000573695e-05,0.00015222298679873347,3.2451003789901733e-05,0.0
12,173,gOMP,optimized,0.00016706799215171486,1.6085003153420985e-05,3.346700395923108e-05,5.26080111740157e-05,2.5915011065080762e-05,0.0
12,174,gOMP,baseline,0.0002893109922297299,1.660898851696402e-05,4.454700683709234e-05,9.948399383574724e-05,2.291500277351588e-05,0.0
12,174,gOMP,optimized,0.00014659400039818138,1.5131983673200011e-05,3.193299926351756e-05,4.841000190936029e-05,1.5806988812983036e-05,0.0
12,175,gOMP,baseline,0.000295015997835435,1.6359001165255904e-05,5.6716977269388735e-05,0.00010575898340903223,2.379098441451788e-05,0.0
12,175,gOMP,optimized,0.0001655750093050301,1.6065998352132738e-05,3.3837000955827534e-05,5.665200296789408e-05,1.7326994566246867e-05,0.0
12,176,gOMP,baseline,0.00030850700568407774,2.0049992599524558e-05,4.768298822455108e-05,0.00010290999489370733,2.6372974389232695e-05,0.0
12,176,gOMP,optimized,0.00017806301184464246,1.729399082250893e-05,4.61939926026389e-05,5.3347990615293384e-05,1.8320977687835693e-05,0.0
12,177,gOMP,baseline,0.0004612190095940605,2.7743983082473278e-05,0.00013027801469434053,0.00014613500388804823,4.1791005060076714e-05,0.0
12,177,gOMP,optimized,0.0002179709990741685,2.0520019461400807e-05,4.104699473828077e-05,8.656299905851483e-05,2.443102130200714e-05,0.0
12,178,gOMP,baseline,0.00026285900094080716,1.6043006326071918e-05,5.3297990234568715e-05,8.969398913905025e-05,2.236301952507347e-05,0.0
12,178,gOMP,optimized,0.00016008700185921043,1.546899147797376e-05,3.3155985875055194e-05,5.3136987844482064e-05,1.7511003534309566e-05,0.0
12,179,gOMP,baseline,0.00037111200799699873,1.850000990089029e-05,0.000109931017505005,0.00011457799701020122,3.158200706820935e-05,0.0
12,179,gOMP,optimized,0.00016448400856461376,1.602400152478367e-05,3.353299689479172e-05,5.573600356001407e-05,1.6695019439794123e-05,0.0
12,180,gOMP,baseline,0.00026893899485003203,1.7009995644912124e-05,4.303199239075184e-05,9.787100134417415e-05,2.308501279912889e-05,0.0
12,180,gOMP,optimized,0.00015658000484108925,1.5466997865587473e-05,3.409900818951428e-05,5.1939976401627064e-05,1.620799594093114e-05,0.0
12,181,gOMP,baseline,0.00029663898749276996,1.8664024537429214e-05,4.872497811447829e-05,9.878598211798817e-05,2.520301495678723e-05,0.0
12,181,gOMP,optimized,0.00015430500207003206,1.3677010429091752e-05,3.190098505001515e-05,5.5316981161013246e-05,1.676999090705067e-05,0.0
12,182,gOMP,baseline,0.0002827760035870597,1.7902973922900856e-05,4.725200415123254e-05,0.00010541101801209152,2.4114982807077467e-05,0.0
12,182,gOMP,optimized,0.0001493419986218214,1.491600414738059e-05,3.1495990697294474e-05,4.864900256507099e-05,1.6524005332030356e-05,0.0
12,183,gOMP,baseline,0.0002600739971967414,1.4207980711944401e-05,4.081599763594568e-05,9.607900574337691e-05,2.079398836940527e-05,0.0
12,183,gOMP,optimized,0.00014698499580845237,1.290699583478272e-05,3.3122996683232486e-05,4.9139009206555784e-05,1.601198164280504e-05,0.0
12,184,gOMP,baseline,0.0002983800077345222,1.9970015273429453e-05,5.481598782353103e-05,0.00010330099030397832,2.5245011784136295e-05,0.0
12,184,gOMP,optimized,0.00016056900494731963,1.67860125657171e-05,3.4711003536358476e-05,5.5086027714423835e-05,1.7066020518541336e-05,0.0
12,185,gOMP,baseline,0.00028378899150993675,1.6368983779102564e-05,4.988002183381468e-05,0.0001059909991454333,2.4653010768815875e-05,0.0
12,185,gOMP,optimized,0.00016692600911483169,1.4754987205378711e-05,3.261999518144876e-05,6.037000275682658e-05,1.7286016372963786e-05,0.0
12,186,gOMP,baseline,0.00032232599915005267,1.6325997421517968e-05,4.480498319026083e-05,0.00012476100528147072,3.516397555358708e-05,0.0
12,186,gOMP,optimized,0.00017316199955530465,1.646301825530827e-05,3.6680998164229095e-05,5.854401388205588e-05,1.6385019989684224e-05,0.0
12,187,gOMP,baseline,0.00030533800600096583,1.523998798802495e-05,6.535000284202397e-05,0.00010880098852794617,2.278499596286565e-05,0.0
12,187,gOMP,optimized,0.00017021800158545375,1.3940996723249555e-05,3.5617005778476596e-05,5.744199734181166e-05,1.8259015632793307e-05,0.0
12,188,gOMP,baseline,0.0002835889899870381,1.7777987523004413e-05,4.8259011236950755e-05,0.0001015370071399957,2.6429013814777136e-05,0.0
12,188,gOMP,optimized,0.00016779098950792104,1.7474987544119358e-05,3.548199310898781e-05,5.72019926039502e-05,1.7380007193423808e-05,0.0
12,189,gOMP,baseline,0.00024496900732629,1.3580021914094687e-05,3.997700696345419e-05,9.002699516713619e-05,1.9932995201088488e-05,0.0
12,189,gOMP,optimized,0.00014954399375710636,1.2710996088571846e-05,3.162800567224622e-05,5.030297324992716e-05,1.5911980881355703e-05,0.0
12,190,gOMP,baseline,0.0003146110102534294,1.7686979845166206e-05,6.676602060906589e-05,0.00010802800534293056,2.8440015739761293e-05,0.0
12,190,gOMP,optimized,0.00016191900067497045,1.6375008272007108e-05,3.3267991966567934e-05,5.554100789595395e-05,1.7010010196827352e-05,0.0
12,191,gOMP,baseline,0.0003259660006733611,1.5918005374260247e-05,4.969400470145047e-05,0.00013166699500288814,2.8700989787466824e-05,0.0
12,191,gOMP,optimized,0.00016001200128812343,1.3481010682880878e-05,3.422399458941072e-05,5.826698907185346e-05,1.6834979760460556e-05,0.0
12,192,gOMP,baseline,0.0002624010085128248,1.6238001990132034e-05,4.3512016418389976e-05,9.55780124058947e-05,2.2936001187190413e-05,0.0
12,192,gOMP,optimized,0.0001529019937152043,1.5095982234925032e-05,3.268402360845357e-05,5.014099588152021e-05,1.6075995517894626e-05,0.0
12,193,gOMP,baseline,0.0002607770002214238,1.3465003576129675e-05,4.1153980419039726e-05,9.764400601852685e-05,2.11759761441499e-05,0.0
12,193,gOMP,optimized,0.00018345400167163461,1.8897000700235367e-05,3.696201019920409e-05,5.903698911424726e-05,1.9993982277810574e-05,0.0
12,194,gOMP,baseline,0.00035129699972458184,2.0862978999502957e-05,5.3063995437696576e-05,0.0001268539926968515,3.0345996492542326e-05,0.0
12,194,gOMP,optimized,0.0001602120028110221,1.583901757840067e-05,3.438199928496033e-05,5.499499093275517e-05,1.7341983038932085e-05,0.0
12,195,gOMP,baseline,0.0002699129981920123,1.440499909222126e-05,4.388797970023006e-05,9.950200910679996e-05,2.223701449111104e-05,0.0
12,195,gOMP,optimized,0.0001581999968038872,1.3168988516554236e-05,3.403298615012318e-05,5.2517993026413023e-05,1.7380007193423808e-05,0.0
12,196,gOMP,baseline,0.00027926400071009994,1.7921978724189103e-05,4.353298572823405e-05,0.00010404501517768949,2.4791006580926478e-05,0.0
12,196,gOMP,optimized,0.00015088099462445825,1.66520185302943e-05,3.185297828167677e-05,4.8964007874019444e-05,1.6143996617756784e-05,0.0
12,197,gOMP,baseline,0.0002462580014253035,1.3975019101053476e-05,3.9619975723326206e-05,9.028500062413514e-05,2.014398341998458e-05,0.0
12,197,gOMP,optimized,0.0001713430101517588,1.4645018381997943e-05,3.736501093953848e-05,5.458800296764821e-05,1.9970000721514225e-05,0.0
12,198,gOMP,baseline,0.0002925830049207434,1.7933998606167734e-05,5.100398266222328e-05,0.00010643599671311677,2.611301897559315e-05,0.0
12,198,gOMP,optimized,0.0001809960085665807,1.831699046306312e-05,3.656200715340674e-05,6.342098640743643e-05,2.108099579345435e-05,0.0
12,199,gOMP,baseline,0.000262175002717413,1.3812008546665311e-05,4.2763014789670706e-05,9.712997416500002e-05,2.050699549727142e-05,0.0
12,199,gOMP,optimized,0.0001614619977772236,1.3236000086180866e-05,4.1243998566642404e-05,5.216100544203073e-05,1.623100251890719e-05,0.0
12,200,gOMP,baseline,0.00027250499988440424,1.7422004020772874e-05,4.251902282703668e-05,9.391098865307868e-05,2.441799733787775e-05,0.0
12,200,gOMP,optimized,0.00014815700706094503,1.5251993318088353e-05,3.1557996408082545e-05,4.8583984607830644e-05,1.611400512047112e-05,0.0
12,201,gOMP,baseline,0.0007581950048916042,2.480497641954571e-05,8.623900066595525e-05,0.00021470501087605953,0.00024057399423327297,0.0
12,201,gOMP,optimized,0.0003058970032725483,1.9512997823767364e-05,7.7586984843947e-05,8.40090069686994e-05,6.466099875979125e-05,0.0
12,202,gOMP,baseline,0.00028570099675562233,1.628596510272473e-05,5.222097388468683e-05,0.00010002100316341966,2.579900319688022e-05,0.0
12,202,gOMP,optimized,0.00016866000078152865,1.69629929587245e-05,3.599599585868418e-05,5.190800584387034e-05,2.2781023290008307e-05,0.0
12,203,gOMP,baseline,0.000255186008871533,1.5214987797662616e-05,4.3222971726208925e-05,9.302097896579653e-05,2.097700780723244e-05,0.0
12,203,gOMP,optimized,0.00015183098730631173,1.4493009075522423e-05,3.181101055815816e-05,4.944999818690121e-05,1.731199154164642e-05,0.0
12,204,gOMP,baseline,0.0002936689998023212,2.6474983314983547e-05,5.0017013563774526e-05,0.00010134199692402035,2.3721993784420192e-05,0.0
12,204,gOMP,optimized,0.00015506899217143655,1.5582016203552485e-05,3.3728021662682295e-05,5.203497130423784e-05,1.6431004041805863e-05,0.0
12,205,gOMP,baseline,0.0002462170086801052,1.321600575465709e-05,4.028200055472553e-05,9.055300324689597e-05,1.9542014342732728e-05,0.0
12,205,gOMP,optimized,0.00015478399291168898,1.342201721854508e-05,3.792601637542248e-05,5.0157992518506944e-05,1.6130012227222323e-05,0.0
12,206,gOMP,baseline,0.00031672799377702177,1.766298373695463e-05,6.350901094265282e-05,0.00010922799992840737,2.8569993446581066e-05,0.0
12,206,gOMP,optimized,0.0003281370009062812,3.3769989386200905e-05,7.767100760247558e-05,9.792801574803889e-05,3.285099228378385e-05,0.0
12,207,gOMP,baseline,0.00031808001222088933,1.5350989997386932e-05,6.57150085316971e-05,0.00011359798372723162,2.5369023205712438e-05,0.0
12,207,gOMP,optimized,0.00047300299047492445,2.3011991288512945e-05,0.00012297701323404908,0.00011243399058002979,5.400701775215566e-05,0.0
12,208,gOMP,baseline,0.0002695949951885268,1.6155987395904958e-05,4.145099956076592e-05,9.711198799777776e-05,2.324201341252774e-05,0.0
12,208,gOMP,optimized,0.00017342300270684063,1.7198981367982924e-05,3.617901529651135e-05,5.6894015870057046e-05,1.757600693963468e-05,0.0
12,209,gOMP,baseline,0.0003550569963408634,1.7086014850065112e-05,8.326100942213088e-05,0.0001101870002457872,2.6390014681965113e-05,0.0
12,209,gOMP,optimized,0.0001939690118888393,1.542799873277545e-05,3.8278012652881444e-05,6.804599252063781e-05,1.91730068763718e-05,0.0
12,210,gOMP,baseline,0.0004666450113290921,2.325100649613887e-05,6.18699996266514e-05,0.00018898099369835109,4.011900455225259e-05,0.0
12,210,gOMP,optimized,0.0001952739985426888,1.8270002328790724e-05,4.0632992750033736e-05,6.512303662020713e-05,2.086599124595523e-05,0.0
12,211,gOMP,baseline,0.0002569530042819679,1.4348013792186975e-05,4.1683990275487304e-05,9.510300878901035e-05,2.115700044669211e-05,0.0
12,211,gOMP,optimized,0.00014424500113818794,1.2639007763937116e-05,3.115000436082482e-05,4.749301297124475e-05,1.6021003830246627e-05,0.0
12,212,gOMP,baseline,0.0002745420060819015,1.672998769208789e-05,4.429598629940301e-05,0.00010170601308345795,2.3917993530631065e-05,0.0
12,212,gOMP,optimized,0.00014960199769120663,1.4946010196581483e-05,3.174800076521933e-05,5.079299444332719e-05,1.6344987670890987e-05,0.0
12,213,gOMP,baseline,0.0003004489990416914,1.5129990060813725e-05,6.69570144964382e-05,0.00010383898916188627,2.4432985810562968e-05,0.0
12,213,gOMP,optimized,0.00023373699514195323,3.933701373171061e-05,6.0547012253664434e-05,6.508099613711238e-05,2.1203988580964506e-05,0.0
12,214,gOMP,baseline,0.0002582159941084683,1.5947007341310382e-05,4.1431980207562447e-05,9.504500485491008e-05,2.252400736324489e-05,0.0
12,214,gOMP,optimized,0.00018773600459098816,3.4074007999151945e-05,3.6062003346160054e-05,5.677399167325348e-05,1.8250007997266948e-05,0.0
12,215,gOMP,baseline,0.00027155500720255077,1.454899029340595e-05,4.8066998715512455e-05,9.903297177515924e-05,2.2100983187556267e-05,0.0
12,215,gOMP,optimized,0.00019874199642799795,1.3910001143813133e-05,3.3661010093055665e-05,5.401899397838861e-05,4.9255002522841096e-05,0.0
12,216,gOMP,baseline,0.0002659559977473691,1.6247984603978693e-05,4.376901779323816e-05,9.643301018513739e-05,2.2627005819231272e-05,0.0
12,216,gOMP,optimized,0.0001551300083519891,1.523499668110162e-05,3.223899693693966e-05,5.1354014431126416e-05,1.6708014300093055e-05,0.0
12,217,gOMP,baseline,0.0002475460059940815,1.377299486193806e-05,3.967601514887065e-05,9.135501750279218e-05,1.941100344993174e-05,0.0
12,217,gOMP,optimized,0.00015166899538598955,1.2946009519509971e-05,3.1911011319607496e-05,5.063301068730652e-05,1.6205987776629627e-05,0.0
12,218,gOMP,baseline,0.0002822989918058738,1.8740989617072046e-05,4.5761989895254374e-05,0.00010523799574002624,2.4294015020132065e-05,0.0
12,218,gOMP,optimized,0.00021876099344808608,2.982097794301808e-05,3.5273973480798304e-05,5.819900252390653e-05,1.9287996110506356e-05,0.0
12,219,gOMP,baseline,0.00028808499337174,1.5551006072200835e-05,4.742600140161812e-05,0.00010837502486538142,2.401899837423116e-05,0.0
12,219,gOMP,optimized,0.00016178900841623545,1.790399255696684e-05,3.434199606999755e-05,5.402197712101042e-05,1.7135986126959324e-05,0.0
12,220,gOMP,baseline,0.0003112779959337786,1.7250000382773578e-05,4.918198101222515e-05,0.00010126100096385926,4.502199590206146e-05,0.0
12,220,gOMP,optimized,0.00015073400572873652,1.5260011423379183e-05,3.272100002504885e-05,4.9224006943404675e-05,1.6421006876043975e-05,0.0
12,221,gOMP,baseline,0.00026804300432559103,1.5181998605839908e-05,4.46740014012903e-05,9.995698928833008e-05,2.082598803099245e-05,0.0
12,221,gOMP,optimized,0.00015586501103825867,1.3657001545652747e-05,3.406799805816263e-05,5.337499896995723e-05,1.756798883434385e-05,0.0
12,222,gOMP,baseline,0.00032667200139258057,2.068100729957223e-05,5.533799412660301e-05,0.00010909601405728608,2.7093992684967816e-05,0.0
12,222,gOMP,optimized,0.00019305601017549634,1.622199488338083e-05,6.0349993873387575e-05,5.604598845820874e-05,1.7120022675953805e-05,0.0
12,223,gOMP,baseline,0.00031314100488089025,1.703800808172673e-05,4.832899139728397e-05,0.00012161399354226887,2.794800093397498e-05,0.0
12,223,gOMP,optimized,0.00015229498967528343,1.3152006431482732e-05,3.325400757603347e-05,5.1230003009550273e-05,1.6480989870615304e-05,0.0
12,224,gOMP,baseline,0.0002709120017243549,1.721300941426307e-05,4.2917003156617284e-05,9.923300240188837e-05,2.361500810366124e-05,0.0
12,224,gOMP,optimized,0.00019287699251435697,3.397899854462594e-05,3.9767997805029154e-05,5.7303986977785826e-05,1.9843006157316267e-05,0.0
12,225,gOMP,baseline,0.0002525099989725277,1.5644021914340556e-05,3.9354999898932874e-05,9.132699051406235e-05,2.2272011847235262e-05,0.0
12,225,gOMP,optimized,0.0001798129960661754,3.0009017791599035e-05,3.63839790225029e-05,5.283302743919194e-05,1.7714002751745284e-05,0.0
12,226,gOMP,baseline,0.0002933490031864494,1.5435987734235823e-05,5.2596020395867527e-05,0.00011198899301234633,2.3248008801601827e-05,0.0
12,226,gOMP,optimized,0.00017628299247007817,1.4411998563446105e-05,3.36279917974025e-05,5.1790004363283515e-05,1.655799860600382e-05,0.0
12,227,gOMP,baseline,0.00026422399969305843,1.614099892321974e-05,4.2710991692729294e-05,9.472497913520783e-05,2.4936001864261925e-05,0.0
12,227,gOMP,optimized,0.00015474400424864143,1.5419995179399848e-05,3.2926007406786084e-05,5.336398317012936e-05,1.634798536542803e-05,0.0
12,228,gOMP,baseline,0.00029739600722678006,1.6891994164325297e-05,5.068401515018195e-05,0.00010825000936165452,2.393400063738227e-05,0.0
12,228,gOMP,optimized,0.00019936999888159335,1.6368998331017792e-05,3.56259843101725e-05,8.63330060383305e-05,1.984297705348581e-05,0.0
12,229,gOMP,baseline,0.00027118000434711576,1.6259014955721796e-05,4.422898928169161e-05,9.740098903421313e-05,2.2911015548743308e-05,0.0
12,229,gOMP,optimized,0.00015805300790816545,1.663998409640044e-05,3.320201358292252e-05,5.287300155032426e-05,1.6382007743231952e-05,0.0
12,230,gOMP,baseline,0.0003045989869860932,1.5415018424391747e-05,4.592901677824557e-05,0.0001121969980886206,2.3875996703282e-05,0.0
12,230,gOMP,optimized,0.0001516170013928786,1.279498974326998e-05,3.314000787213445e-05,4.787601938005537e-05,1.8350008758716285e-05,0.0
12,231,gOMP,baseline,0.0004819250025320798,2.9772985726594925e-05,8.666500798426569e-05,0.0001602789998287335,7.20129901310429e-05,0.0
12,231,gOMP,optimized,0.00035318199661560357,6.216000474523753e-05,0.00011015099880751222,9.371701162308455e-05,2.273698919452727e-05,0.0
12,232,gOMP,baseline,0.0003164959925925359,1.5268000424839556e-05,5.181197775527835e-05,0.00010728900087997317,2.6541994884610176e-05,0.0
12,232,gOMP,optimized,0.00021633401047438383,1.612699998077005e-05,6.21000217506662e-05,6.783098797313869e-05,2.1576008293777704e-05,0.0
12,233,gOMP,baseline,0.0002867050061468035,1.7076992662623525e-05,5.178400897420943e-05,0.00010403602209407836,2.302799839526415e-05,0.0
12,233,gOMP,optimized,0.0001541439996799454,1.5192999853752553e-05,3.307599399704486e-05,4.970100417267531e-05,1.6390986274927855e-05,0.0
12,234,gOMP,baseline,0.0002505709999240935,1.3465993106365204e-05,4.1947991121560335e-05,9.1842986876145e-05,2.0364983356557786e-05,0.0
12,234,gOMP,optimized,0.00021744100376963615,1.4990000636316836e-05,6.478599971160293e-05,6.226399273145944e-05,2.1009022020734847e-05,0.0
12,235,gOMP,baseline,0.0002664210041984916,1.6330988728441298e-05,4.3756983359344304e-05,9.867498010862619e-05,2.290199336130172e-05,0.0
12,235,gOMP,optimized,0.00019087200053036213,1.609697937965393e-05,5.643200711347163e-05,5.408099968917668e-05,2.16779881156981e-05,0.0
12,236,gOMP,baseline,0.00026905100094154477,1.4870005543343723e-05,4.2718020267784595e-05,0.0001049069978762418,2.1303989342413843e-05,0.0
12,236,gOMP,optimized,0.00014295699656940997,1.2607983080670238e-05,3.134099824819714e-05,4.78189904242754e-05,1.585498102940619e-05,0.0
12,237,gOMP,baseline,0.0002898499951697886,1.8413003999739885e-05,4.423802602104843e-05,0.00010622301488183439,2.572899393271655e-05,0.0
12,237,gOMP,optimized,0.00015006899775471538,1.585097925271839e-05,3.133101563435048e-05,5.0457994802854955e-05,1.6188016161322594e-05,0.0
12,238,gOMP,baseline,0.00031845399644225836,2.103600127156824e-05,5.921798583585769e-05,0.00011083998833782971,3.0313036404550076e-05,0.0
12,238,gOMP,optimized,0.00017348999972455204,1.6856982256285846e-05,3.6447003367356956e-05,5.9883008361794055e-05,1.869801781140268e-05,0.0
12,239,gOMP,baseline,0.0003194450109731406,1.9231985788792372e-05,5.142501322552562e-05,0.00010815900168381631,2.684899664018303e-05,0.0
12,239,gOMP,optimized,0.00016974400205072016,1.453500590287149e-05,3.5420001950114965e-05,5.9856014559045434e-05,1.6593985492363572e-05,0.0
12,240,gOMP,baseline,0.00026211100339423865,1.3762997696176171e-05,4.2458006646484137e-05,9.780800610315055e-05,2.0974999642930925e-05,0.0
12,240,gOMP,optimized,0.00018220700439997017,3.141598426736891e-05,3.5488003049977124e-05,5.4917007219046354e-05,1.7116995877586305e-05,0.0
12,241,gOMP,baseline,0.0002963500010082498,1.4530000044032931e-05,4.679500125348568e-05,0.00011715898290276527,2.55210034083575e-05,0.0
12,241,gOMP,optimized,0.00020746399241033942,1.679698470979929e-05,4.8937989049591124e-05,6.735598435625434e-05,1.9731000065803528e-05,0.0
12,242,gOMP,baseline,0.00031505399965681136,2.119300188496709e-05,5.7034005294553936e-05,0.00010983199172187597,3.069000376854092e-05,0.0
12,242,gOMP,optimized,0.00016432198754046112,1.6017016605474055e-05,3.40599799528718e-05,5.7254001148976386e-05,1.629799953661859e-05,0.0
12,243,gOMP,baseline,0.0005001949903089553,2.382999809924513e-05,8.443598926533014e-05,0.0001826069928938523,5.790599971078336e-05,0.0
12,243,gOMP,optimized,0.0001770029921317473,1.3854005374014378e-05,3.3952994272112846e-05,5.445700662676245e-05,1.6460006008856e-05,0.0
12,244,gOMP,baseline,0.0004210800107102841,2.373100141994655e-05,5.4005999118089676e-05,0.00011792000441346318,8.34989914437756e-05,0.0
12,244,gOMP,optimized,0.0004730780055979267,3.403300070203841e-05,0.00015188197721727192,0.0001548690052004531,4.252202052157372e-05,0.0
12,245,gOMP,baseline,0.00032118899980559945,1.4346980606205761e-05,4.769799124915153e-05,0.00011976496898569167,2.638300065882504e-05,0.0
12,245,gOMP,optimized,0.00017274600395467132,1.466499816160649e-05,3.681800444610417e-05,5.756500468123704e-05,1.8031991203315556e-05,0.0
12,246,gOMP,baseline,0.0002668980014277622,1.6047997632995248e-05,4.219598486088216e-05,9.661400690674782e-05,2.302200300619006e-05,0.0
12,246,gOMP,optimized,0.00016040999616961926,1.6039004549384117e-05,3.348400059621781e-05,5.262299964670092e-05,1.7098995158448815e-05,0.0
12,247,gOMP,baseline,0.00036540901055559516,2.248000237159431e-05,5.615797999780625e-05,0.00013328601198736578,3.269599983468652e-05,0.0
12,247,gOMP,optimized,0.0005502310086740181,3.787798050325364e-05,0.0001476339966757223,0.00021164801728446037,6.584801303688437e-05,0.0
12,248,gOMP,baseline,0.0002738290058914572,1.861201599240303e-05,4.533999890554696e-05,9.932898683473468e-05,2.409999433439225e-05,0.0
12,248,gOMP,optimized,0.00016395800048485398,1.7794998711906374e-05,3.433701931498945e-05,5.692799459211528e-05,1.7443002434447408e-05,0.0
12,249,gOMP,baseline,0.0003017760027432814,1.5440004062838852e-05,4.849498509429395e-05,0.00012088801304344088,2.3810018319636583e-05,0.0
12,249,gOMP,optimized,0.0001910270075313747,1.2649994459934533e-05,3.1602015951648355e-05,7.770498632453382e-05,2.039498940575868e-05,0.0
12,250,gOMP,baseline,0.00027453500661067665,1.69080012710765e-05,4.4638014514930546e-05,9.779199899639934e-05,2.3647007765248418e-05,0.0
12,250,gOMP,optimized,0.00015706200792919844,1.5900004655122757e-05,3.216099867131561e-05,5.3117008064873517e-05,1.7143989680334926e-05,0.0
12,251,gOMP,baseline,0.00041410099947825074,2.1000989363528788e-05,9.019802382681519e-05,0.00015109100786503404,3.513501724228263e-05,0.0
12,251,gOMP,optimized,0.00030754299950785935,4.718400305137038e-05,5.682102346327156e-05,0.00010403801570646465,3.570599074009806e-05,0.0
12,252,gOMP,baseline,0.0004100390069652349,4.319300933275372e-05,6.421199941542e-05,0.0001370260288240388,3.9582999306730926e-05,0.0
12,252,gOMP,optimized,0.00022856400755699724,4.08429914386943e-05,4.411800182424486e-05,7.131500751711428e-05,2.177199348807335e-05,0.0
12,253,gOMP,baseline,0.00026424298994243145,1.3437995221465826e-05,4.4317013816908e-05,0.00010013302380684763,2.1444997400976717e-05,0.0
12,253,gOMP,optimized,0.0002276599989272654,1.2702003004960716e-05,3.1154006137512624e-05,4.773298860527575e-05,1.666600292082876e-05,0.0
12,254,gOMP,baseline,0.0002626469940878451,1.5767014701850712e-05,4.320798325352371e-05,9.351898916065693e-05,2.3150976630859077e-05,0.0
12,254,gOMP,optimized,0.00021539500448852777,2.6098001399077475e-05,3.6744982935488224e-05,5.947300815023482e-05,1.8532999092713e-05,0.0
12,255,gOMP,baseline,0.000281003987765871,1.4573015505447984e-05,4.4563013943843544e-05,9.930100350175053e-05,2.0381994545459747e-05,0.0
12,255,gOMP,optimized,0.00017008199938572943,1.4525008737109601e-05,3.69440094800666e-05,5.709900869987905e-05,1.785998756531626e-05,0.0
12,256,gOMP,baseline,0.0002630740054883063,1.6834994312375784e-05,4.0686994907446206e-05,9.554998541716486e-05,2.2150998120196164e-05,0.0
12,256,gOMP,optimized,0.00017736200243234634,1.5318000805564225e-05,3.1485993531532586e-05,6.989599205553532e-05,2.0405990653671324e-05,0.0
12,257,gOMP,baseline,0.0003151260025333613,1.637401874177158e-05,6.181999924592674e-05,0.00011919801181647927,2.343000960536301e-05,0.0
12,257,gOMP,optimized,0.00017419700452592224,1.3282013242132962e-05,4.6379020204767585e-05,5.892699118703604e-05,1.649501791689545e-05,0.0
12,258,gOMP,baseline,0.0003093129926128313,1.753299147821963e-05,4.653799987863749e-05,0.00011717900633811951,3.008301428053528e-05,0.0
12,258,gOMP,optimized,0.0002590449876151979,1.687700569164008e-05,3.615800233092159e-05,5.658098962157965e-05,1.768399670254439e-05,0.0
12,259,gOMP,baseline,0.0002864829875761643,1.493400486651808e-05,4.933001764584333e-05,0.00010580600064713508,2.2817024728283286e-05,0.0
12,259,gOMP,optimized,0.0001701949950074777,1.3565993867814541e-05,4.7967012505978346e-05,5.256399163044989e-05,1.8010003259405494e-05,0.0
12,260,gOMP,baseline,0.0005329910054570064,2.900300023611635e-05,7.365300552919507e-05,0.00018928496865555644,6.447697523981333e-05,0.0
12,260,gOMP,optimized,0.0005564360035350546,8.095000521279871e-05,0.00011086900485679507,0.0001352849940303713,0.00014137598918750882,0.0
12,261,gOMP,baseline,0.00031897200096864253,1.780499587766826e-05,5.560000136028975e-05,0.00011728200479410589,2.7086978661827743e-05,0.0
12,261,gOMP,optimized,0.00015836099919397384,1.3114986359141767e-05,3.318098606541753e-05,5.5885015171952546e-05,1.692699152044952e-05,0.0
12,262,gOMP,baseline,0.0002585649926913902,1.61540083354339e-05,4.053501470480114e-05,9.434099774807692e-05,2.2204025299288332e-05,0.0
12,262,gOMP,optimized,0.00016682999557815492,1.6613994375802577e-05,3.4783995943143964e-05,5.439497181214392e-05,1.648699981160462e-05,0.0
12,263,gOMP,baseline,0.00025157399068120867,1.3532015145756304e-05,4.198601527605206e-05,9.311801113653928e-05,1.9883998902514577e-05,0.0
12,263,gOMP,optimized,0.00015362200792878866,1.2360993423499167e-05,3.2006006222218275e-05,5.4598014685325325e-05,1.6282996512018144e-05,0.0
12,264,gOMP,baseline,0.0003411499928915873,1.8350998288951814e-05,5.4378993809223175e-05,0.00013837002916261554,2.8373993700370193e-05,0.0
12,264,gOMP,optimized,0.00015717200585640967,1.5063982573337853e-05,3.344999277032912e-05,5.4064003052189946e-05,1.734800753183663e-05,0.0
12,265,gOMP,baseline,0.00028978800401091576,1.6637000953778625e-05,4.7134002670645714e-05,0.0001066530094249174,2.2608990548178554e-05,0.0
12,265,gOMP,optimized,0.00015874599921517074,1.3194003258831799e-05,3.2589989132247865e-05,5.513399082701653e-05,1.6757025150582194e-05,0.0
12,266,gOMP,baseline,0.0003035039990209043,1.7427984857931733e-05,5.014199996367097e-05,0.00011449301382526755,2.889901224989444e-05,0.0
12,266,gOMP,optimized,0.00018085999181494117,1.6666017472743988e-05,3.4900003811344504e-05,5.565801984630525e-05,3.250798908993602e-05,0.0
12,267,gOMP,baseline,0.0002706039958866313,1.4806995750404894e-05,4.5138003770262e-05,9.923201287165284e-05,2.1732004825025797e-05,0.0
12,267,gOMP,optimized,0.00014840699441265315,1.3010998372919858e-05,3.140399348922074e-05,5.159898137208074e-05,1.6277015674859285e-05,0.0
12,268,gOMP,baseline,0.00029765500221401453,1.7919999663718045e-05,4.582600377034396e-05,0.0001010630076052621,2.529397897887975e-05,0.0
12,268,gOMP,optimized,0.00016070000128820539,1.5717014321126044e-05,3.3742006053216755e-05,5.2858988055959344e-05,1.7149985069409013e-05,0.0
12,269,gOMP,baseline,0.0010780580050777644,0.00010089899296872318,0.00016999999934341758,0.00028344600286800414,0.00011723600619006902,0.0
12,269,gOMP,optimized,0.00035391699930187315,2.843300171662122e-05,0.00011092599015682936,9.864599269349128e-05,5.428101576399058e-05,0.0
12,270,gOMP,baseline,0.00039632800326216966,2.3397995391860604e-05,6.800799746997654e-05,0.00012734299525618553,3.138001193292439e-05,0.0
12,270,gOMP,optimized,0.00022994399478193372,2.960900019388646e-05,4.6599991037510335e-05,8.10739875305444e-05,2.4121982278302312e-05,0.0
12,271,gOMP,baseline,0.00025295499654021114,1.5515994164161384e-05,4.162399272900075e-05,9.434400999452919e-05,1.9821993191726506e-05,0.0
12,271,gOMP,optimized,0.00014223900507204235,1.2769989552907646e-05,3.0728988349437714e-05,4.866499511990696e-05,1.610697654541582e-05,0.0
12,272,gOMP,baseline,0.0005803679960081354,2.0351013517938554e-05,0.00020061898976564407,0.0001849859836511314,4.550097219180316e-05,0.0
12,272,gOMP,optimized,0.00024891700013540685,2.255200524814427e-05,5.3625990403816104e-05,7.527398702222854e-05,2.5179004296660423e-05,0.0
12,273,gOMP,baseline,0.00029308401281014085,1.528499706182629e-05,5.380601214710623e-05,0.00010980700608342886,2.2684005671180785e-05,0.0
12,273,gOMP,optimized,0.00015936400450300425,1.3396012946031988e-05,3.3307980629615486e-05,5.5849013733677566e-05,1.612299820408225e-05,0.0
12,274,gOMP,baseline,0.00031371299701277167,2.2714986698701978e-05,5.5351993069052696e-05,0.00011480000102892518,2.4033011868596077e-05,0.0
12,274,gOMP,optimized,0.00015882900333963335,1.5466008335351944e-05,3.356199886184186e-05,5.3001989726908505e-05,1.6457997844554484e-05,0.0
12,275,gOMP,baseline,0.0003561240009730682,1.55809975694865e-05,4.899800114799291e-05,0.00013943198428023607,2.845199196599424e-05,0.0
12,275,gOMP,optimized,0.00017451299936510623,1.4806995750404894e-05,4.419797915033996e-05,5.5693002650514245e-05,1.8906997865997255e-05,0.0
12,276,gOMP,baseline,0.00040177800110541284,2.4883003789000213e-05,0.00010302098235115409,0.00013244798174127936,3.064599877689034e-05,0.0
12,276,gOMP,optimized,0.0001806799991754815,1.7649013898335397e-05,3.83880251320079e-05,6.227999983821064e-05,1.8887993064709008e-05,0.0
12,277,gOMP,baseline,0.0003232949966331944,2.820401277858764e-05,5.720200715586543e-05,0.00011521198030095547,2.427099389024079e-05,0.0
12,277,gOMP,optimized,0.0001635509979678318,1.3786993804387748e-05,3.378400288056582e-05,6.054500408936292e-05,1.732999226078391e-05,0.0
12,278,gOMP,baseline,0.0007165679999161512,3.1149014830589294e-05,0.00011021899990737438,0.00020036101341247559,0.00018642301438376307,0.0
12,278,gOMP,optimized,0.0002693999995244667,1.995400816667825e-05,5.65659865969792e-05,9.885200415737927e-05,2.302201755810529e-05,0.0
12,279,gOMP,baseline,0.0002933979994850233,1.7205995391122997e-05,4.5441993279382586e-05,0.00010229200415778905,3.1041985494084656e-05,0.0
12,279,gOMP,optimized,0.00017266000213567168,1.5134995919652283e-05,3.626500256359577e-05,5.8752004406414926e-05,1.8307982827536762e-05,0.0
12,280,gOMP,baseline,0.00030354100454133004,1.5586992958560586e-05,6.377500540111214e-05,0.00010810901585500687,2.4834007490426302e-05,0.0
12,280,gOMP,optimized,0.00016527599655091763,1.62170035764575e-05,3.567802195902914e-05,5.3391995606943965e-05,1.740599691402167e-05,0.0
12,281,gOMP,baseline,0.00034584499371703714,1.9512008293531835e-05,5.2844014135189354e-05,0.00011100700066890568,4.6352011850103736e-05,0.0
12,281,gOMP,optimized,0.00016949100245255977,1.4533987268805504e-05,3.621200448833406e-05,5.825699190609157e-05,1.8205013475380838e-05,0.0
12,282,gOMP,baseline,0.000289432005956769,1.7273981939069927e-05,4.6262997784651816e-05,0.0001075879845302552,2.5518005713820457e-05,0.0
12,282,gOMP,optimized,0.00015881500439718366,1.572998007759452e-05,3.401901631150395e-05,5.495900404639542e-05,1.7364014638587832e-05,0.0
12,283,gOMP,baseline,0.00026666399207897484,1.4124976587481797e-05,4.1386010707356036e-05,0.00010527601989451796,2.1397980162873864e-05,0.0
12,283,gOMP,optimized,0.00015397999959532171,1.3195996871218085e-05,3.276500501669943e-05,5.1970986532978714e-05,1.6393008991144598e-05,0.0
12,284,gOMP,baseline,0.0003782980056712404,1.958699431270361e-05,0.000102830003015697,0.00012046100164297968,2.9270988306961954e-05,0.0
12,284,gOMP,optimized,0.00018252800509799272,1.722699380479753e-05,3.8009980926290154e-05,6.730901077389717e-05,1.7530997865833342e-05,0.0
12,285,gOMP,baseline,0.000652492992230691,4.6460016164928675e-05,0.00011730598635040224,0.00020158800180070102,5.262700142338872e-05,0.0
12,285,gOMP,optimized,0.00017988699255511165,1.5572019037790596e-05,3.8291997043415904e-05,6.329499592538923e-05,1.8100006855092943e-05,0.0
12,286,gOMP,baseline,0.00027845799922943115,1.6510006389580667e-05,4.34920220868662e-05,0.00010893397848121822,2.3486994905397296e-05,0.0
12,286,gOMP,optimized,0.00024660301278345287,1.6075980965979397e-05,3.457801358308643e-05,5.58199972147122e-05,1.886098471004516e-05,0.0
12,287,gOMP,baseline,0.00026502899709157646,1.4717996236868203e-05,4.334100231062621e-05,9.847001638263464e-05,2.035300713032484e-05,0.0
12,287,gOMP,optimized,0.00015248899580910802,1.3445023796521127e-05,3.30070179188624e-05,5.079798575025052e-05,1.7190977814607322e-05,0.0
12,288,gOMP,baseline,0.0002553819940658286,1.572998007759452e-05,3.949600795749575e-05,9.299600787926465e-05,2.2338004782795906e-05,0.0
12,288,gOMP,optimized,0.00014782999642193317,1.4919991372153163e-05,3.103099879808724e-05,4.662098945118487e-05,1.7471000319346786e-05,0.0
12,289,gOMP,baseline,0.00031406499329023063,2.070300979539752e-05,5.224200140219182e-05,0.00012063898611813784,2.762099029496312e-05,0.0
12,289,gOMP,optimized,0.00016053499712143093,1.4767996617592871e-05,3.4451993997208774e-05,5.294600850902498e-05,1.744700421113521e-05,0.0
12,290,gOMP,baseline,0.00030662100471090525,1.941100344993174e-05,5.357300688046962e-05,0.00010875899170059711,2.7879985282197595e-05,0.0
12,290,gOMP,optimized,0.00016069599951151758,1.610899926163256e-05,3.408499469514936e-05,5.2803996368311346e-05,1.80309871211648e-05,0.0
12,291,gOMP,baseline,0.00035021299845539033,1.707900082692504e-05,6.0546022723428905e-05,0.00011500596883706748,2.4276989279314876e-05,0.0
12,291,gOMP,optimized,0.00018274900503456593,1.3504992239177227e-05,3.64379957318306e-05,5.574701935984194e-05,1.7394006135873497e-05,0.0
12,292,gOMP,baseline,0.00027640799817163497,1.6910984413698316e-05,4.4370986870490015e-05,9.484098700340837e-05,2.328799746464938e-05,0.0
12,292,gOMP,optimized,0.00019432300177868456,1.7017009668052197e-05,3.6792989703826606e-05,5.680398317053914e-05,3.8784986827522516e-05,0.0
12,293,gOMP,baseline,0.0002780799986794591,1.5648998669348657e-05,4.510798316914588e-05,0.00010220700642094016,2.210300590377301e-05,0.0
12,293,gOMP,optimized,0.00015765101124998182,1.3737982953898609e-05,3.394699888303876e-05,5.1548006013035774e-05,1.757699646987021e-05,0.0
12,294,gOMP,baseline,0.0007214479992398992,4.215797525830567e-05,0.00011014299525413662,0.00025572699087206274,8.566401083953679e-05,0.0
12,294,gOMP,optimized,0.00024612699053250253,1.9248996977694333e-05,4.739699943456799e-05,8.595301187597215e-05,2.0073974155820906e-05,0.0
12,295,gOMP,baseline,0.00032285200722981244,1.7924990970641375e-05,5.8224977692589164e-05,0.00011430997983552516,2.4913999368436635e-05,0.0
12,295,gOMP,optimized,0.0002863449917640537,1.9768005586229265e-05,4.6124012442305684e-05,0.00013945900718681514,3.0490002245642245e-05,0.0
12,296,gOMP,baseline,0.00030539299768861383,1.8803999410010874e-05,4.8106026952154934e-05,0.00010534400644246489,2.5264002033509314e-05,0.0
12,296,gOMP,optimized,0.00015386399172712117,1.5420999261550605e-05,3.252098395023495e-05,5.260799662210047e-05,1.643299765419215e-05,0.0
12,297,gOMP,baseline,0.00025535799795761704,1.3783996109850705e-05,4.331799573265016e-05,9.346600563731045e-05,2.020198735408485e-05,0.0
12,297,gOMP,optimized,0.00015242099470924586,1.2926015187986195e-05,3.2733994885347784e-05,5.101000715512782e-05,1.740797597449273e-05,0.0
12,298,gOMP,baseline,0.00029562300187535584,1.631698978599161e-05,6.001901056151837e-05,0.00010507700790185481,2.330500865355134e-05,0.0
12,298,gOMP,optimized,0.0001775739947333932,1.7286991351284087e-05,3.767998714465648e-05,5.861798126716167e-05,1.8145001376979053e-05,0.0
12,299,gOMP,baseline,0.00027150400273967534,1.526599226053804e-05,4.6684988774359226e-05,9.895699622575194e-05,2.1680985810235143e-05,0.0
12,299,gOMP,optimized,0.00017340701015200466,1.2254022294655442e-05,3.1015006243251264e-05,7.202502456493676e-05,1.786701614037156e-05,0.0
16,0,gOMP,baseline,0.000582976994337514,2.8750000637955964e-05,7.995599298737943e-05,0.0002336570032639429,4.861901106778532e-05,0.0
16,0,gOMP,optimized,0.00024649199622217566,2.0320017938502133e-05,5.0368005759082735e-05,8.502398850396276e-05,2.7586997020989656e-05,0.0
16,1,gOMP,baseline,0.0004925209941575304,2.5782996090129018e-05,8.166600309778005e-05,0.00019140599761158228,3.747199662029743e-05,0.0
16,1,gOMP,optimized,0.00024138300796039402,2.4704000679776073e-05,4.987698048353195e-05,8.731997513677925e-05,2.6434019673615694e-05,0.0
16,2,gOMP,baseline,0.0005198149883653969,2.1410989575088024e-05,7.248097972478718e-05,0.00022421299945563078,4.066398832947016e-05,0.0
16,2,gOMP,optimized,0.00021950500376988202,1.9434999558143318e-05,4.784500924870372e-05,8.060599793680012e-05,2.5713001377880573e-05,0.0
16,3,gOMP,baseline,0.00044534199696499854,2.1837986423633993e-05,5.942299321759492e-05,0.0001798879966372624,3.3025004086084664e-05,0.0
16,3,gOMP,optimized,0.00023928300652187318,2.03629897441715e-05,4.770001396536827e-05,9.539998427499086e-05,2.702997880987823e-05,0.0
16,4,gOMP,baseline,0.0005813789903186262,2.50149896601215e-05,0.00010006199590861797,0.00021964900952298194,3.746998845599592e-05,0.0
16,4,gOMP,optimized,0.0002388239954598248,2.196898276451975e-05,4.898701445199549e-05,8.780299685895443e-05,2.8255992219783366e-05,0.0
16,5,gOMP,baseline,0.0004932279989589006,2.4191991542465985e-05,6.950201350264251e-05,0.00019481100025586784,3.687999560497701e-05,0.0
16,5,gOMP,optimized,0.00023813500592950732,2.1508007193915546e-05,5.184602923691273e-05,8.763697405811399e-05,2.7803995180875063e-05,0.0
16,6,gOMP,baseline,0.0004808869998669252,2.229200617875904e-05,6.378699617926031e-05,0.00018401298439130187,3.6497003748081625e-05,0.0
16,6,gOMP,optimized,0.00021515099797397852,1.881099888123572e-05,4.632899072021246e-05,7.721800648141652e-05,2.585700713098049e-05,0.0
16,7,gOMP,baseline,0.0005184220062801614,2.3999004042707384e-05,7.854902651160955e-05,0.00020427301933523268,4.432398418430239e-05,0.0
16,7,gOMP,optimized,0.00033361499663442373,4.0592014556750655e-05,7.628198363818228e-05,0.0001091860031010583,3.2302996260114014e-05,0.0
16,8,gOMP,baseline,0.0005187079950701445,2.385397965554148e-05,7.022397767286748e-05,0.000211153004784137,3.996600571554154e-05,0.0
16,8,gOMP,optimized,0.00024067900085356086,2.1379993995651603e-05,5.066201265435666e-05,8.382697706110775e-05,2.7474001399241388e-05,0.0
16,9,gOMP,baseline,0.0005291099951136857,2.4109991500154138e-05,7.47299927752465e-05,0.00021907799236942083,3.551598638296127e-05,0.0
16,9,gOMP,optimized,0.0010920729982899502,0.00015911200898699462,0.00018442598229739815,0.0002314619778189808,0.0002790830039884895,0.0
16,10,gOMP,baseline,0.0005445940041681752,2.272201527375728e-05,7.49640166759491e-05,0.0002518809778848663,3.730799653567374e-05,0.0
16,10,gOMP,optimized,0.0002317809994565323,2.8595008188858628e-05,4.544500552583486e-05,7.992099563125521e-05,2.5935005396604538e-05,0.0
16,11,gOMP,baseline,0.0005412079917732626,2.7883987058885396e-05,7.986299169715494e-05,0.00020154801313765347,4.114300827495754e-05,0.0
16,11,gOMP,optimized,0.00024229798873420805,2.2254986106418073e-05,4.977500066161156e-05,8.782098302617669e-05,2.963098813779652e-05,0.0
16,12,gOMP,baseline,0.00060700299218297,2.486600715201348e-05,7.579800148960203e-05,0.00023558999237138778,4.647001333069056e-05,0.0
16,12,gOMP,optimized,0.00021869900228921324,1.9394006812945008e-05,4.6550005208700895e-05,8.118498953990638e-05,2.5180968805216253e-05,0.0
16,13,gOMP,baseline,0.000842810986796394,4.72690153401345e-05,0.0001420900080120191,0.00031288199534174055,7.247000758070499e-05,0.0
16,13,gOMP,optimized,0.0006473380053648725,4.8910980694927275e-05,0.000148768987855874,0.0001913960004458204,6.665500404778868e-05,0.0
16,14,gOMP,baseline,0.000516088999575004,2.8745998861268163e-05,7.967800775077194e-05,0.00019394700939301401,3.744997957255691e-05,0.0
16,14,gOMP,optimized,0.0002182629978051409,1.9830025848932564e-05,4.702401929534972e-05,7.919502968434244e-05,2.5426983484067023e-05,0.0
16,15,gOMP,baseline,0.0005385650001699105,3.488801303319633e-05,6.558799941558391e-05,0.0002165000041713938,4.836000152863562e-05,0.0
16,15,gOMP,optimized,0.0002554989914642647,2.0639985450543463e-05,5.1904033171013e-05,0.00010639301035553217,2.625798515509814e-05,0.0
16,16,gOMP,baseline,0.0005644750053761527,3.110800753347576e-05,7.495297177229077e-05,0.00022537300537806004,5.0192014896310866e-05,0.0
16,16,gOMP,optimized,0.0002872860059142113,2.3963992134667933e-05,7.038499461486936e-05,0.00010297699191141874,2.9386996175162494e-05,0.0
16,17,gOMP,baseline,0.000645038002403453,3.220999496988952e-05,0.00012951796816196293,0.00022827800421509892,5.456998769659549e-05,0.0
16,17,gOMP,optimized,0.00022468899260275066,1.9466999219730496e-05,5.0382004701532423e-05,8.045299910008907e-05,2.616897108964622e-05,0.0
16,18,gOMP,baseline,0.00046937799197621644,2.260599285364151e-05,7.359401206485927e-05,0.00018717099737841636,3.3633041311986744e-05,0.0
16,18,gOMP,optimized,0.00022187801369000226,1.9390980014577508e-05,4.5940003474242985e-05,8.158403215929866e-05,2.612300158943981e-05,0.0
16,19,gOMP,baseline,0.00043935699795838445,2.1933010430075228e-05,6.107302033342421e-05,0.00017547000607009977,3.189398557879031e-05,0.0
16,19,gOMP,optimized,0.00025615400227252394,2.727500395849347e-05,4.691001959145069e-05,9.579001925885677e-05,2.7960995794273913e-05,0.0
16,20,gOMP,baseline,0.0005214620032347739,2.3840984795242548e-05,7.241798448376358e-05,0.00020329300605226308,4.4257016270421445e-05,0.0
16,20,gOMP,optimized,0.00022627900762017816,1.993903424590826e-05,4.491198342293501e-05,8.57929844642058e-05,2.579099964350462e-05,0.0
16,21,gOMP,baseline,0.00045835399942006916,2.2276013623923063e-05,6.11759751336649e-05,0.000182154995854944,3.7573990994133055e-05,0.0
16,21,gOMP,optimized,0.0002461729891365394,2.5038010790012777e-05,5.1557988626882434e-05,9.370800398755819e-05,2.7485002647154033e-05,0.0
16,22,gOMP,baseline,0.000610684001003392,2.581201260909438e-05,7.710902718827128e-05,0.000273831989034079,5.4513002396561205e-05,0.0
16,22,gOMP,optimized,0.00026119299582205713,2.121098805218935e-05,7.741502486169338e-05,8.491198241245002e-05,2.7216985472477973e-05,0.0
16,23,gOMP,baseline,0.0007669189944863319,4.739001451525837e-05,0.00012469095236156136,0.0003030110092367977,5.2750008762814105e-05,0.0
16,23,gOMP,optimized,0.00024976799613796175,2.164402394555509e-05,5.1225011702626944e-05,9.120299364440143e-05,2.9194008675403893e-05,0.0
16,24,gOMP,baseline,0.0005891309992875904,2.7191985282115638e-05,0.0001320269948337227,0.0002082050050375983,4.314201942179352e-05,0.0
16,24,gOMP,optimized,0.0002178979921154678,1.8906008335761726e-05,4.5155014959163964e-05,8.124900341499597e-05,2.5725006707943976e-05,0.0
16,25,gOMP,baseline,0.0004314880061428994,2.155500988010317e-05,5.9662997955456376e-05,0.00017177200061269104,3.110500983893871e-05,0.0
16,25,gOMP,optimized,0.0007208089955383912,0.0001688939955784008,0.00015452000661753118,0.00020848397980444133,4.574899503495544e-05,0.0
16,26,gOMP,baseline,0.0008747560059418902,4.2661005863919854e-05,0.0001251370122190565,0.00030010100454092026,8.591299410909414e-05,0.0
16,26,gOMP,optimized,0.00036850100150331855,3.653002204373479e-05,8.609599899500608e-05,0.00013485299132298678,3.917701542377472e-05,0.0
16,27,gOMP,baseline,0.0009679989889264107,3.856800321955234e-05,0.00012768497981596738,0.00040006999915931374,0.0001023539953166619,0.0
16,27,gOMP,optimized,0.0002792330051306635,2.5326007744297385e-05,6.191797729115933e-05,9.412200597580522e-05,3.465003101155162e-05,0.0
16,28,gOMP,baseline,0.0005151100049261004,2.2382009774446487e-05,7.657597598154098e-05,0.0001947699929587543,6.201500946190208e-05,0.0
16,28,gOMP,optimized,0.00021442999423015863,1.912401057779789e-05,4.442599311005324e-05,7.833298877812922e-05,2.6223002350889146e-05,0.0
16,29,gOMP,baseline,0.0007025159866316244,3.058198490180075e-05,9.152301936410367e-05,0.0003136070299660787,6.243299867492169e-05,0.0
16,29,gOMP,optimized,0.00027492801018524915,2.1060011931695044e-05,6.957999721635133e-05,0.00010571299935691059,2.8202019166201353e-05,0.0
16,30,gOMP,baseline,0.0004218050016788766,2.0942999981343746e-05,5.722399509977549e-05,0.0001680209970800206,3.053298860322684e-05,0.0
16,30,gOMP,optimized,0.00022558600176125765,1.9897997844964266e-05,4.558298678603023e-05,7.816602010279894e-05,2.7209986001253128e-05,0.0
16,31,gOMP,baseline,0.0004661389975808561,2.3361979401670396e-05,7.015999290160835e-05,0.0001827700180001557,3.719000960700214e-05,0.0
16,31,gOMP,optimized,0.0002221830072812736,2.0168008632026613e-05,4.589201125781983e-05,8.325200178660452e-05,2.6216002879664302e-05,0.0
16,32,gOMP,baseline,0.00048234099813271314,2.4051012587733567e-05,6.742699770256877e-05,0.00018547401123214513,3.429700154811144e-05,0.0
16,32,gOMP,optimized,0.0002460859977873042,2.1669984562322497e-05,5.429299199022353e-05,9.209400741383433e-05,2.666001091711223e-05,0.0
16,33,gOMP,baseline,0.0005116919928696007,2.6146008167415857e-05,8.500098192598671e-05,0.00018433097284287214,3.830400237347931e-05,0.0
16,33,gOMP,optimized,0.00021686300169676542,2.057397796306759e-05,4.443399666342884e-05,8.020998211577535e-05,2.5743982405401766e-05,0.0
16,34,gOMP,baseline,0.00043546699453145266,2.121498982887715e-05,6.043698522262275e-05,0.00017521802510600537,3.223102248739451e-05,0.0
16,34,gOMP,optimized,0.00020938100351486355,1.842800702434033e-05,4.3328996980562806e-05,7.658700633328408e-05,2.623900945764035e-05,0.0
16,35,gOMP,baseline,0.0004293320089345798,2.0312989363446832e-05,5.82029897486791e-05,0.00017381698125973344,3.097797161899507e-05,0.0
16,35,gOMP,optimized,0.00022616400383412838,2.051098272204399e-05,4.9228998250328004e-05,7.861499034333974e-05,2.5632005417719483e-05,0.0
16,36,gOMP,baseline,0.0004882869980065152,4.4451007852330804e-05,6.958597805351019e-05,0.00018400498083792627,3.5033997846767306e-05,0.0
16,36,gOMP,optimized,0.00021440201089717448,1.8809005268849432e-05,4.5092019718140364e-05,7.857602031435817e-05,2.4910012143664062e-05,0.0
16,37,gOMP,baseline,0.0005854970077052712,3.709699376486242e-05,8.938602695707232e-05,0.00022220199753064662,5.468199378810823e-05,0.0
16,37,gOMP,optimized,0.00025609199656173587,2.792698796838522e-05,5.0381000619381666e-05,9.668200800660998e-05,2.7654008590616286e-05,0.0
16,38,gOMP,baseline,0.0004721060104202479,2.1077998098917305e-05,6.632301665376872e-05,0.0001926580152940005,3.53310169884935e-05,0.0
16,38,gOMP,optimized,0.000212496001040563,1.8898994312621653e-05,4.5379012590274215e-05,7.78110115788877e-05,2.4964989279396832e-05,0.0
16,39,gOMP,baseline,0.0004326610069256276,2.1190993720665574e-05,5.905199213884771e-05,0.00017320197366643697,3.157299943268299e-05,0.0
16,39,gOMP,optimized,0.00022742700821254402,1.9122002413496375e-05,4.5079010305926204e-05,8.756898751016706e-05,2.710500848479569e-05,0.0
16,40,gOMP,baseline,0.000543349000508897,2.9628004995174706e-05,8.178300049621612e-05,0.00020634298562072217,4.8595989937894046e-05,0.0
16,40,gOMP,optimized,0.0002312560100108385,2.1849002223461866e-05,4.91379905724898e-05,8.265399083029479e-05,2.667801163624972e-05,0.0
16,41,gOMP,baseline,0.0005032540066167712,2.286500239279121e-05,6.974898860789835e-05,0.00019384900224395096,5.3661002311855555e-05,0.0
16,41,gOMP,optimized,0.00021557099535129964,1.8847014871425927e-05,4.503999662119895e-05,7.828298839740455e-05,2.5451008696109056e-05,0.0
16,42,gOMP,baseline,0.0005118029948789626,2.2958018234930933e-05,7.091999577824026e-05,0.00018881898722611368,3.703399852383882e-05,0.0
16,42,gOMP,optimized,0.00025833600375335664,2.304500958416611e-05,5.470099858939648e-05,9.096298890653998e-05,2.8227994334883988e-05,0.0
16,43,gOMP,baseline,0.0004328580107539892,2.0774008589796722e-05,5.996697291266173e-05,0.00017603801097720861,3.1674979254603386e-05,0.0
16,43,gOMP,optimized,0.0002112420042976737,1.9340994185768068e-05,4.530099977273494e-05,7.603403355460614e-05,2.510497870389372e-05,0.0
16,44,gOMP,baseline,0.0004364429914858192,2.206300268881023e-05,5.780899664387107e-05,0.0001756069832481444,3.19239916279912e-05,0.0
16,44,gOMP,optimized,0.00021506400662474334,1.96639884961769e-05,4.632098716683686e-05,7.701102003920823e-05,2.5832021492533386e-05,0.0
16,45,gOMP,baseline,0.0005245229986030608,2.6591005735099316e-05,8.024999988265336e-05,0.0002108029875671491,3.949001256842166e-05,0.0
16,45,gOMP,optimized,0.0002929500042228028,4.763399192597717e-05,6.73840258968994e-05,9.196900646202266e-05,2.911801857408136e-05,0.0
16,46,gOMP,baseline,0.0004822170012630522,2.309400588274002e-05,7.317801646422595e-05,0.0001869779807748273,3.771297633647919e-05,0.0
16,46,gOMP,optimized,0.0004938439960824326,2.6492009055800736e-05,7.31569598428905e-05,0.00010345401824451983,2.9122005798853934e-05,0.0
16,47,gOMP,baseline,0.00047141799586825073,2.4098990252241492e-05,6.679499347228557e-05,0.00019080702622886747,3.4334982046857476e-05,0.0
16,47,gOMP,optimized,0.0002572800003690645,1.9678991520777345e-05,4.944797547068447e-05,0.00010825901699718088,2.9219983844086528e-05,0.0
16,48,gOMP,baseline,0.0004844859940931201,2.1508007193915546e-05,6.413999653887004e-05,0.00020266200590413064,4.252202052157372e-05,0.0
16,48,gOMP,optimized,0.00024390000908169895,1.9579980289563537e-05,5.513899668585509e-05,8.898097439669073e-05,3.079698944929987e-05,0.0
16,49,gOMP,baseline,0.00047521099622827023,2.2017979063093662e-05,6.507498619612306e-05,0.00018104497576132417,3.311398904770613e-05,0.0
16,49,gOMP,optimized,0.00027086399495601654,2.08650017157197e-05,5.513799260370433e-05,9.512799442745745e-05,4.26219921791926e-05,0.0
16,50,gOMP,baseline,0.00044113500916864723,2.194699482060969e-05,6.305398710537702e-05,0.00017736502923071384,3.2974014175124466e-05,0.0
16,50,gOMP,optimized,0.00025207799626514316,2.0167019101791084e-05,6.380800914485008e-05,8.848501602187753e-05,2.8498019673861563e-05,0.0
16,51,gOMP,baseline,0.00045014999341219664,2.0706007489934564e-05,6.057998689357191e-05,0.00018413200450595468,3.3012969652190804e-05,0.0
16,51,gOMP,optimized,0.00031150400172919035,2.3809014237485826e-05,6.164501246530563e-05,0.00010137297795154154,4.126301791984588e-05,0.0
16,52,gOMP,baseline,0.0006850869976915419,3.8332989788614213e-05,0.00010468497930560261,0.00025340201682411134,6.642099469900131e-05,0.0
16,52,gOMP,optimized,0.0002894850040320307,2.5320026907138526e-05,5.6518008932471275e-05,0.0001175909856101498,3.328202001284808e-05,0.0
16,53,gOMP,baseline,0.0005330529966158792,2.356099139433354e-05,6.910800584591925e-05,0.00019594898913055658,3.487900539766997e-05,0.0
16,53,gOMP,optimized,0.00026785799127537757,2.182999742217362e-05,5.8518999139778316e-05,9.140197653323412e-05,3.082898911088705e-05,0.0
16,54,gOMP,baseline,0.0005786469992017373,2.7668022084981203e-05,7.363599434029311e-05,0.00020703201880678535,4.000398621428758e-05,0.0
16,54,gOMP,optimized,0.00026332699053455144,2.583698369562626e-05,5.295901792123914e-05,9.616799070499837e-05,3.1289004255086184e-05,0.0
16,55,gOMP,baseline,0.0006885719922138378,4.880801134277135e-05,9.839702397584915e-05,0.000259331995039247,6.78839860484004e-05,0.0
16,55,gOMP,optimized,0.0003418360138311982,3.2387019018642604e-05,6.763901910744607e-05,0.0001385449868394062,3.6465993616729975e-05,0.0
16,56,gOMP,baseline,0.000528137999936007,2.862297696992755e-05,7.526800618506968e-05,0.0001896749745355919,3.744698187801987e-05,0.0
16,56,gOMP,optimized,0.00024889499763958156,2.1679006749764085e-05,4.874600563198328e-05,9.472898091189563e-05,2.7866975869983435e-05,0.0
16,57,gOMP,baseline,0.000429848994826898,2.0728009985759854e-05,5.5433003581129014e-05,0.000177207009983249,3.1112998840399086e-05,0.0
16,57,gOMP,optimized,0.00024951000523287803,2.13639868889004e-05,5.000398959964514e-05,9.036602568812668e-05,2.7117988793179393e-05,0.0
16,58,gOMP,baseline,0.0006129780085757375,2.6766007067635655e-05,9.558402234688401e-05,0.00023957900702953339,4.874402657151222e-05,0.0
16,58,gOMP,optimized,0.00035562900302466005,2.7472982765175402e-05,7.653096690773964e-05,0.0001237039832631126,5.8211968280375004e-05,0.0
16,59,gOMP,baseline,0.0004639629914890975,3.214400203432888e-05,6.402499275282025e-05,0.00018420601554680616,3.2817013561725616e-05,0.0
16,59,gOMP,optimized,0.00033860999974422157,2.5115019525401294e-05,6.3466010033153e-05,0.00011856300989165902,3.788000321947038e-05,0.0
16,60,gOMP,baseline,0.0005064050055807456,2.166398917324841e-05,6.773602217435837e-05,0.0001968110300367698,4.112599708605558e-05,0.0
16,60,gOMP,optimized,0.00027055399550590664,2.3226995836012065e-05,5.657400470227003e-05,9.403898729942739e-05,2.968899207189679e-05,0.0
16,61,gOMP,baseline,0.000465631004772149,2.1283995010890067e-05,6.842099537607282e-05,0.00018156801525037736,3.2010997529141605e-05,0.0
16,61,gOMP,optimized,0.00023737199080642313,2.025900175794959e-05,4.6963992645032704e-05,8.29159835120663e-05,2.9373986762948334e-05,0.0
16,62,gOMP,baseline,0.00047696399269625545,2.1854008082300425e-05,7.504697714466602e-05,0.00019323999003972858,3.5259989090263844e-05,0.0
16,62,gOMP,optimized,0.00024353100161533803,2.0884981495328248e-05,4.999301745556295e-05,8.754197915550321e-05,3.0291994335129857e-05,0.0
16,63,gOMP,baseline,0.0008418790093855932,4.432698187883943e-05,0.00010047598334494978,0.00024252700677607208,5.315200542099774e-05,0.0
16,63,gOMP,optimized,0.0002327959955437109,2.0342995412647724e-05,4.949199501425028e-05,8.488501771353185e-05,2.562803274486214e-05,0.0
16,64,gOMP,baseline,0.000707006998709403,3.781201667152345e-05,9.996698645409197e-05,0.00026903800608124584,5.1883995183743536e-05,0.0
16,64,gOMP,optimized,0.00022112199803814292,1.9436993170529604e-05,4.557098145596683e-05,8.094297663774341e-05,2.6101028197444975e-05,0.0
16,65,gOMP,baseline,0.0004620139952749014,2.327401307411492e-05,6.343699351418763e-05,0.0001840110053308308,3.8761019823141396e-05,0.0
16,65,gOMP,optimized,0.00029009400168433785,2.4326989660039544e-05,7.389100210275501e-05,0.00010242297139484435,2.9408984119072556e-05,0.0
16,66,gOMP,baseline,0.0004403409984661266,2.1044033928774297e-05,6.145196675788611e-05,0.00017592700896784663,3.3418022212572396e-05,0.0
16,66,gOMP,optimized,0.00020849199790973216,1.8459992134012282e-05,4.398601595312357e-05,7.639398972969502e-05,2.4916022084653378e-05,0.0
16,67,gOMP,baseline,0.0006081679894123226,3.2468014978803694e-05,9.943399345502257e-05,0.00022528199770022184,7.028602703940123e-05,0.0
16,67,gOMP,optimized,0.00025176399503834546,1.9354003597982228e-05,4.522502422332764e-05,9.397199028171599e-05,2.769200364127755e-05,0.0
16,68,gOMP,baseline,0.00043513899436220527,2.1427986212074757e-05,6.135400326456875e-05,0.0001740780280670151,3.394798841327429e-05,0.0
16,68,gOMP,optimized,0.0002611050003906712,2.3069995222613215e-05,5.585001781582832e-05,9.8382995929569e-05,3.090499376412481e-05,0.0
16,69,gOMP,baseline,0.0004273390077287331,1.9800994778051972e-05,5.7236989960074425e-05,0.0001735769910737872,3.0375042115338147e-05,0.0
16,69,gOMP,optimized,0.00022790400544181466,1.9224011339247227e-05,5.3494994062930346e-05,7.97709944890812e-05,2.5182991521432996e-05,0.0
16,70,gOMP,baseline,0.0004384019994176924,2.1162020857445896e-05,6.25249813310802e-05,0.00017514101637061685,3.267599095124751e-05,0.0
16,70,gOMP,optimized,0.00024465999740641564,2.0560997654683888e-05,6.334698991850019e-05,8.309498662129045e-05,2.7765010599978268e-05,0.0
16,71,gOMP,baseline,0.0005424370028777048,2.393701288383454e-05,7.674800872337073e-05,0.00022829501540400088,4.0237020584754646e-05,0.0
16,71,gOMP,optimized,0.0002477410016581416,2.8431983082555234e-05,5.2118004532530904e-05,8.592399535700679e-05,2.7763016987591982e-05,0.0
16,72,gOMP,baseline,0.0006687670102110133,3.7764053558930755e-05,9.695801418274641e-05,0.00021633900178130716,4.148899461142719e-05,0.0
16,72,gOMP,optimized,0.0002747149992501363,2.165598561987281e-05,5.811700248159468e-05,0.00010478899639565498,3.119798202533275e-05,0.0
16,73,gOMP,baseline,0.0004674920055549592,2.116101677529514e-05,6.11629948252812e-05,0.00017792398284655064,3.123501664958894e-05,0.0
16,73,gOMP,optimized,0.00025611399905756116,2.450701140332967e-05,5.361699732020497e-05,8.926299051381648e-05,2.8246999136172235e-05,0.0
16,74,gOMP,baseline,0.0004326880007283762,2.071601920761168e-05,6.149199907667935e-05,0.00017319399921689183,3.08640010189265e-05,0.0
16,74,gOMP,optimized,0.0002286810049554333,1.92940206034109e-05,4.475499736145139e-05,9.260502702090889e-05,2.5675006327219307e-05,0.0
16,75,gOMP,baseline,0.00042295300227124244,2.0424005924724042e-05,5.722399509977549e-05,0.00017150801431853324,3.134598955512047e-05,0.0
16,75,gOMP,optimized,0.0002594580000732094,1.883300137706101e-05,6.344099529087543e-05,8.234399138018489e-05,2.777299960143864e-05,0.0
16,76,gOMP,baseline,0.0005497330130310729,2.7118978323414922e-05,8.305501251015812e-05,0.00022667701705358922,3.888997889589518e-05,0.0
16,76,gOMP,optimized,0.0003422450099606067,3.7951976992189884e-05,8.051702752709389e-05,0.00011204399925190955,3.8953046896494925e-05,0.0
16,77,gOMP,baseline,0.0004692980000982061,2.1204017684794962e-05,7.298900163732469e-05,0.00018396099039819092,3.383598232176155e-05,0.0
16,77,gOMP,optimized,0.0002278320025652647,1.9754021195694804e-05,5.650300590787083e-05,7.881499186623842e-05,2.5803004973568022e-05,0.0
16,78,gOMP,baseline,0.000511721009388566,2.4827008019201458e-05,6.603900692425668e-05,0.0002023519919021055,3.7160993088036776e-05,0.0
16,78,gOMP,optimized,0.00022366900520864874,2.0652980310842395e-05,4.711000656243414e-05,7.875698793213814e-05,2.855301136150956e-05,0.0
16,79,gOMP,baseline,0.0005568959895754233,2.6501031243242323e-05,0.00010361199383623898,0.00020606802718248218,3.859901335090399e-05,0.0
16,79,gOMP,optimized,0.00023098599922377616,2.026898437179625e-05,4.678299592342228e-05,8.741099736653268e-05,2.8212001780048013e-05,0.0
16,80,gOMP,baseline,0.0004721180011983961,1.9722996512427926e-05,6.207003025338054e-05,0.00019227698794566095,3.846098843496293e-05,0.0
16,80,gOMP,optimized,0.000244239010498859,2.059999678749591e-05,4.8963993322104216e-05,7.82309944042936e-05,2.5796005502343178e-05,0.0
16,81,gOMP,baseline,0.000592795986449346,2.8080990887247026e-05,8.698100282344967e-05,0.00020833697635680437,3.856797411572188e-05,0.0
16,81,gOMP,optimized,0.0002468430029693991,2.1177009330131114e-05,5.092300125397742e-05,8.843200339470059e-05,2.860497625079006e-05,0.0
16,82,gOMP,baseline,0.00048071799392346293,2.6502020773477852e-05,7.120298687368631e-05,0.00018772101611830294,3.639700298663229e-05,0.0
16,82,gOMP,optimized,0.0002760809875326231,2.5658024242147803e-05,5.2991032134741545e-05,9.163098002318293e-05,5.058501847088337e-05,0.0
16,83,gOMP,baseline,0.00060001399833709,2.9686998459510505e-05,0.00010065500100608915,0.00026003200036939234,3.6533980164676905e-05,0.0
16,83,gOMP,optimized,0.0002455329959047958,2.1494008251465857e-05,4.815401916857809e-05,9.651397704146802e-05,2.7193003916181624e-05,0.0
16,84,gOMP,baseline,0.0004568570002447814,2.0437990315258503e-05,5.929800681769848e-05,0.00018714698671828955,3.503799962345511e-05,0.0
16,84,gOMP,optimized,0.00021684799867216498,2.0107996533624828e-05,4.651700146496296e-05,7.849802204873413e-05,2.5141998776234686e-05,0.0
16,85,gOMP,baseline,0.0006228510028449818,3.0763025279156864e-05,0.00010630200267769396,0.00022235499636735767,4.806301149073988e-05,0.0
16,85,gOMP,optimized,0.00026485600392334163,2.1294996258802712e-05,5.176097329240292e-05,9.601601050235331e-05,2.880304236896336e-05,0.0
16,86,gOMP,baseline,0.00044636899838224053,2.0828985725529492e-05,6.199200288392603e-05,0.00017532097990624607,3.2778989407233894e-05,0.0
16,86,gOMP,optimized,0.00022174000332597643,1.989697921089828e-05,4.5366992708295584e-05,7.8372991993092e-05,2.6489986339583993e-05,0.0
16,87,gOMP,baseline,0.00043019899749197066,2.0693987607955933e-05,6.0000980738550425e-05,0.00017197303532157093,3.1777977710589767e-05,0.0
16,87,gOMP,optimized,0.0002092280046781525,1.8409002223052084e-05,4.459299088921398e-05,7.676298264414072e-05,2.4986016796901822e-05,0.0
16,88,gOMP,baseline,0.00047626699961256236,2.1776999346911907e-05,6.573899008799344e-05,0.0001827730011427775,3.357400419190526e-05,0.0
16,88,gOMP,optimized,0.0002701860066736117,2.6296998839825392e-05,5.4750009439885616e-05,9.938800940290093e-05,3.065200871787965e-05,0.0
16,89,gOMP,baseline,0.0004318380088079721,2.108099579345435e-05,6.01539941271767e-05,0.00017378298798575997,3.304998972453177e-05,0.0
16,89,gOMP,optimized,0.00021130399545654655,1.9049010006710887e-05,4.480898496694863e-05,7.668201578781009e-05,2.5545014068484306e-05,0.0
16,90,gOMP,baseline,0.0004718249983852729,2.5197005015797913e-05,6.416199903469533e-05,0.00018928000645246357,3.42439889209345e-05,0.0
16,90,gOMP,optimized,0.00023667499772273004,2.1989995730109513e-05,4.9789014155976474e-05,8.272100239992142e-05,2.7139991289004683e-05,0.0
16,91,gOMP,baseline,0.0007645809964742512,3.0352966859936714e-05,0.00011586099572014064,0.00031500100158154964,6.126599328126758e-05,0.0
16,91,gOMP,optimized,0.0003057510039070621,3.186801041010767e-05,6.705199484713376e-05,0.00010061200009658933,3.2828000257723033e-05,0.0
16,92,gOMP,baseline,0.0004407840024214238,2.1334024495445192e-05,6.147603562567383e-05,0.00017826298426371068,3.2225012546405196e-05,0.0
16,92,gOMP,optimized,0.00022201899264473468,1.9432991393841803e-05,4.7106004785746336e-05,8.029599848669022e-05,2.6672001695260406e-05,0.0
16,93,gOMP,baseline,0.0004468600091058761,2.1208979887887836e-05,6.326302536763251e-05,0.00017720297910273075,3.4532989957369864e-05,0.0
16,93,gOMP,optimized,0.00021681998623535037,1.9686995074152946e-05,4.4720989535562694e-05,7.974597974680364e-05,2.5604007532820106e-05,0.0
16,94,gOMP,baseline,0.0006558460008818656,2.632899850141257e-05,0.000177282010554336,0.00022210399038158357,4.641601117327809e-05,0.0
16,94,gOMP,optimized,0.0002514160005375743,2.173999382648617e-05,5.13560080435127e-05,9.245699038729072e-05,2.8933980502188206e-05,0.0
16,95,gOMP,baseline,0.000835746992379427,5.591500666923821e-05,0.00014142798318061978,0.00028280400147195905,0.00012491201050579548,0.0
16,95,gOMP,optimized,0.00024992199905682355,2.3784014047123492e-05,5.1386989071033895e-05,9.309301094617695e-05,2.9561007977463305e-05,0.0
16,96,gOMP,baseline,0.0009129749960266054,0.0002506010059732944,0.00011614197865128517,0.00026389199774712324,6.30309950793162e-05,0.0
16,96,gOMP,optimized,0.00031003099866211414,2.607399073895067e-05,6.265500269364566e-05,0.00012048598728142679,3.5936012864112854e-05,0.0
16,97,gOMP,baseline,0.0004565940034808591,2.2536012693308294e-05,6.123099592514336e-05,0.00017456099158152938,3.333602217026055e-05,0.0
16,97,gOMP,optimized,0.00021215500601101667,1.8525985069572926e-05,4.590298340190202e-05,7.689499761909246e-05,2.570000651758164e-05,0.0
16,98,gOMP,baseline,0.0005200309969950467,2.283400681335479e-05,9.443299495615065e-05,0.0002033990022027865,4.1444989619776607e-05,0.0
16,98,gOMP,optimized,0.00023390799469780177,2.3048996808938682e-05,4.739299765788019e-05,8.521199924871325e-05,2.784199023153633e-05,0.0
16,99,gOMP,baseline,0.00046571400889661163,2.445996506139636e-05,6.369697803165764e-05,0.0001784959895303473,3.540098259691149e-05,0.0
16,99,gOMP,optimized,0.0002136510011041537,1.9004990463145077e-05,4.480498319026083e-05,7.89500045357272e-05,2.559300628490746e-05,0.0
16,100,gOMP,baseline,0.0007372770051006228,4.176999209448695e-05,0.00011286100198049098,0.0002542560105212033,7.171697507146746e-05,0.0
16,100,gOMP,optimized,0.0003858069976558909,6.549099634867162e-05,7.70879996707663e-05,0.00011926201113965362,3.356100933160633e-05,0.0
16,101,gOMP,baseline,0.0004654989897971973,2.1625994122587144e-05,6.604699592571706e-05,0.0001896509638754651,3.2995012588799e-05,0.0
16,101,gOMP,optimized,0.00021893600933253765,1.9513012375682592e-05,4.634397919289768e-05,7.91019992902875e-05,2.6320034521631896e-05,0.0
16,102,gOMP,baseline,0.0004755989939440042,2.180199953727424e-05,7.262402505148202e-05,0.00019203797273803502,3.342198033351451e-05,0.0
16,102,gOMP,optimized,0.0002497540117474273,2.1476982510648668e-05,5.013798363506794e-05,8.39709973661229e-05,2.7964997570961714e-05,0.0
16,103,gOMP,baseline,0.0004392730043036863,2.1522995666600764e-05,6.1018989072181284e-05,0.00017598900012671947,3.2034979085437953e-05,0.0
16,103,gOMP,optimized,0.00023458899522665888,1.8799008103087544e-05,4.850800905842334e-05,8.254700514953583e-05,3.403298615012318e-05,0.0
16,104,gOMP,baseline,0.0005546530010178685,3.505901258904487e-05,8.79279978107661e-05,0.0002083919825963676,5.215102282818407e-05,0.0
16,104,gOMP,optimized,0.0003253730101278052,4.181099939160049e-05,6.462697638198733e-05,0.00011340602941345423,3.966799704357982e-05,0.0
16,105,gOMP,baseline,0.000490735998027958,2.4087989004328847e-05,7.086001278366894e-05,0.0001945120166055858,3.9586026105098426e-05,0.0
16,105,gOMP,optimized,0.00021314399782568216,1.8893013475462794e-05,4.4791027903556824e-05,7.840998296160251e-05,2.5407993234694004e-05,0.0
16,106,gOMP,baseline,0.0005599770083790645,2.4052016669884324e-05,7.228399044834077e-05,0.00023609098570887,4.426001396495849e-05,0.0
16,106,gOMP,optimized,0.0002369800058659166,2.1613974240608513e-05,5.418401269707829e-05,8.164098835550249e-05,2.7314003091305494e-05,0.0
16,107,gOMP,baseline,0.0005483870045281947,2.6174981030635536e-05,7.489199924748391e-05,0.0002206679928349331,4.0777988033369184e-05,0.0
16,107,gOMP,optimized,0.00022537200129590929,1.9816026906482875e-05,4.757900023832917e-05,8.173500827979296e-05,2.6959998649545014e-05,0.0
16,108,gOMP,baseline,0.0004640569968614727,2.3371016141027212e-05,6.48649875074625e-05,0.0001886300160549581,3.3670992706902325e-05,0.0
16,108,gOMP,optimized,0.00022286499734036624,1.949199941009283e-05,4.508502024691552e-05,8.620397420600057e-05,2.5047003873623908e-05,0.0
16,109,gOMP,baseline,0.000601263003773056,3.0539988074451685e-05,8.680700557306409e-05,0.00022629201703239232,5.69469848414883e-05,0.0
16,109,gOMP,optimized,0.0007204400026239455,3.742201079148799e-05,0.00010827102232724428,0.0003234580217394978,9.564199717715383e-05,0.0
16,110,gOMP,baseline,0.0004591679899021983,2.2696985979564488e-05,6.465600745286793e-05,0.0001788609952200204,3.904699406120926e-05,0.0
16,110,gOMP,optimized,0.00027265099924989045,2.0947991288267076e-05,5.6150980526581407e-05,0.0001091949816327542,3.260902303736657e-05,0.0
16,111,gOMP,baseline,0.0005814440082758665,2.875100472010672e-05,9.223498636856675e-05,0.0002309110132046044,4.622101550921798e-05,0.0
16,111,gOMP,optimized,0.0006713570037391037,4.1047009290196e-05,0.00017554000078234822,0.00027517398120835423,7.617901428602636e-05,0.0
16,112,gOMP,baseline,0.0004442509962245822,2.5326007744297385e-05,6.034801481291652e-05,0.00017734801804181188,3.515800926834345e-05,0.0
16,112,gOMP,optimized,0.0002193100081058219,2.2568987333215773e-05,4.513401654548943e-05,7.744901813566685e-05,2.4915978428907692e-05,0.0
16,113,gOMP,baseline,0.00047695999091956764,2.3316984879784286e-05,6.407199543900788e-05,0.00019002500630449504,3.7703008274547756e-05,0.0
16,113,gOMP,optimized,0.0003081960021518171,3.602700599003583e-05,6.485499034170061e-05,0.00010334097896702588,3.766598820220679e-05,0.0
16,114,gOMP,baseline,0.000507380987983197,2.631598908919841e-05,6.662499799858779e-05,0.00019505400268826634,4.00849967263639e-05,0.0
16,114,gOMP,optimized,0.0002936240052804351,2.6578971301205456e-05,5.5926007917150855e-05,0.00011949102918151766,3.491803363431245e-05,0.0
16,115,gOMP,baseline,0.0004635700024664402,2.1544998162426054e-05,7.10239983163774e-05,0.00018325602286495268,3.184501838404685e-05,0.0
16,115,gOMP,optimized,0.00020986500021535903,1.8789010937325656e-05,4.4496002374216914e-05,7.598100637551397e-05,2.487901656422764e-05,0.0
16,116,gOMP,baseline,0.0005276459996821359,2.6142006390728056e-05,8.317000174429268e-05,0.00021339900558814406,4.253700899425894e-05,0.0
16,116,gOMP,optimized,0.00023346599482465535,2.3657994461245835e-05,4.773700493387878e-05,8.703301136847585e-05,2.635501732584089e-05,0.0
16,117,gOMP,baseline,0.0005336969916243106,2.394600596744567e-05,0.0001102880050893873,0.00019763302407227457,3.797101089730859e-05,0.0
16,117,gOMP,optimized,0.0002492749918019399,2.361998485866934e-05,4.696600080933422e-05,8.520799747202545e-05,2.8758993721567094e-05,0.0
16,118,gOMP,baseline,0.00043868199281860143,2.3494998458772898e-05,5.818302452098578e-05,0.00017479099915362895,3.4640004741959274e-05,0.0
16,118,gOMP,optimized,0.00021886700415052474,2.243902417831123e-05,4.551501478999853e-05,7.718597771599889e-05,2.542299625929445e-05,0.0
16,119,gOMP,baseline,0.000470800994662568,2.1810992620885372e-05,7.158299558795989e-05,0.00019056002201978117,3.469099465291947e-05,0.0
16,119,gOMP,optimized,0.00022849200468044728,2.1689003915525973e-05,4.725200415123254e-05,8.301899651996791e-05,2.6162000722251832e-05,0.0
16,120,gOMP,baseline,0.0006309239979600534,3.472199023235589e-05,0.00011340400669723749,0.00022866200015414506,6.460498843807727e-05,0.0
16,120,gOMP,optimized,0.00024105000193230808,2.424699778202921e-05,4.847699892707169e-05,8.939298277255148e-05,2.6738998712971807e-05,0.0
16,121,gOMP,baseline,0.0005023919948143885,2.5258996174670756e-05,7.238899706862867e-05,0.00019132699526380748,3.782498242799193e-05,0.0
16,121,gOMP,optimized,0.0002599220024421811,2.1056010155007243e-05,4.953298775944859e-05,9.103103366214782e-05,2.940600097645074e-05,0.0
16,122,gOMP,baseline,0.0007918509945739061,4.301701846998185e-05,0.00011258202721364796,0.000321528990752995,7.733298116363585e-05,0.0
16,122,gOMP,optimized,0.0002783250092761591,2.8683003620244563e-05,5.718399188481271e-05,0.00010156900680158287,3.321001713629812e-05,0.0
16,123,gOMP,baseline,0.0005155760009074584,2.4563007173128426e-05,9.66340012382716e-05,0.00019499300105962902,3.965396899729967e-05,0.0
16,123,gOMP,optimized,0.0002565179893281311,2.3854983737692237e-05,5.291201523505151e-05,9.03149921214208e-05,3.0768991564400494e-05,0.0
16,124,gOMP,baseline,0.0004995389899704605,2.8511014534160495e-05,6.454699905589223e-05,0.00020348999532870948,3.9286023820750415e-05,0.0
16,124,gOMP,optimized,0.00023113700444810092,2.366301487199962e-05,4.8568021156825125e-05,8.166200132109225e-05,2.651700924616307e-05,0.0
16,125,gOMP,baseline,0.000444309989688918,2.1845000446774065e-05,6.35530159343034e-05,0.00018069599173031747,3.353500505909324e-05,0.0
16,125,gOMP,optimized,0.00022598999203182757,2.0644001779146492e-05,4.678100231103599e-05,8.342901128344238e-05,2.6901994715444744e-05,0.0
16,126,gOMP,baseline,0.00047745399933774024,2.801699156407267e-05,6.334298814181238e-05,0.00017717000446282327,5.396701453719288e-05,0.0
16,126,gOMP,optimized,0.00022618199000135064,2.322900400031358e-05,4.755199188366532e-05,8.199700096156448e-05,2.594398392830044e-05,0.0
16,127,gOMP,baseline,0.0004310810036258772,2.0654028048738837e-05,5.726197559852153e-05,0.0001736550038913265,3.2135998480953276e-05,0.0
16,127,gOMP,optimized,0.0002571649965830147,2.1616011508740485e-05,5.281101039145142e-05,9.582500206306577e-05,3.019599535036832e-05,0.0
16,128,gOMP,baseline,0.000532733989530243,2.8197013307362795e-05,7.272900256793946e-05,0.00021460300195030868,4.51219966635108e-05,0.0
16,128,gOMP,optimized,0.00025611999444663525,2.500599657651037e-05,5.024099664296955e-05,8.761398203205317e-05,2.8600989026017487e-05,0.0
16,129,gOMP,baseline,0.0005226260109338909,2.801699156407267e-05,7.514400931540877e-05,0.0001959990186151117,4.035800520796329e-05,0.0
16,129,gOMP,optimized,0.0002715010050451383,2.2994965547695756e-05,7.336499402299523e-05,9.058100113179535e-05,2.9422983061522245e-05,0.0
16,130,gOMP,baseline,0.00046066599315963686,2.653099363669753e-05,6.655897595919669e-05,0.00017934100469574332,3.7339996197260916e-05,0.0
16,130,gOMP,optimized,0.0002173810062231496,2.2916996385902166e-05,4.564799019135535e-05,7.779599400237203e-05,2.520898124203086e-05,0.0
16,131,gOMP,baseline,0.0004193960048723966,2.153399691451341e-05,5.774600140284747e-05,0.00016927000251598656,3.075698623433709e-05,0.0
16,131,gOMP,optimized,0.00025145799736492336,2.025900175794959e-05,5.021299875807017e-05,9.590199624653906e-05,3.0884999432601035e-05,0.0
16,132,gOMP,baseline,0.0004925070097669959,2.8953974833711982e-05,7.312899106182158e-05,0.00019089000124949962,4.3837979319505394e-05,0.0
16,132,gOMP,optimized,0.00026730399986263365,2.8383976314216852e-05,4.7456982429139316e-05,9.014300303533673e-05,4.803399497177452e-05,0.0
16,133,gOMP,baseline,0.00044930700096301734,2.3383006919175386e-05,6.426102481782436e-05,0.00017977900279220194,3.232101153116673e-05,0.0
16,133,gOMP,optimized,0.00021137700241524726,1.8787002773024142e-05,4.502400406636298e-05,7.628800813108683e-05,2.5156026822514832e-05,0.0
16,134,gOMP,baseline,0.0014726149966008961,8.201699529308826e-05,0.0003461459855316207,0.0004491480067372322,0.00014622700109612197,0.0
16,134,gOMP,optimized,0.0003419290005695075,3.7276025977917016e-05,6.22609950369224e-05,0.0001354240084765479,3.754001227207482e-05,0.0
16,135,gOMP,baseline,0.00042797400965355337,2.139400749001652e-05,5.8231016737408936e-05,0.00017171599029097706,3.114399441983551e-05,0.0
16,135,gOMP,optimized,0.00022412199177779257,1.918601628858596e-05,5.504500586539507e-05,7.791799725964665e-05,2.5850007659755647e-05,0.0
16,136,gOMP,baseline,0.00043443500180728734,2.5089015252888203e-05,6.011596997268498e-05,0.00016938999760895967,3.5819015465676785e-05,0.0
16,136,gOMP,optimized,0.00021297599596437067,2.253899583593011e-05,4.451598215382546e-05,7.55840155761689e-05,2.5421992177143693e-05,0.0
16,137,gOMP,baseline,0.0008153460075845942,3.0434021027758718e-05,0.00021705000835936517,0.0002502389979781583,5.457400402519852e-05,0.0
16,137,gOMP,optimized,0.00024322800163645297,2.1319996449165046e-05,5.094197695143521e-05,8.907400479074568e-05,2.7807982405647635e-05,0.0
16,138,gOMP,baseline,0.0006176750030135736,3.5204997402615845e-05,9.401001443620771e-05,0.0002494490036042407,5.204998888075352e-05,0.0
16,138,gOMP,optimized,0.0003387420001672581,6.989100074861199e-05,6.086700886953622e-05,0.00010830702376551926,3.363702853675932e-05,0.0
16,139,gOMP,baseline,0.0005323210061760619,2.707399835344404e-05,7.288801134563982e-05,0.00019290202180854976,5.7195997214876115e-05,0.0
16,139,gOMP,optimized,0.0002596280100988224,2.1162981283850968e-05,5.0835980800911784e-05,0.00010235598892904818,3.26060107909143e-05,0.0
16,140,gOMP,baseline,0.00047831799020059407,2.907500311266631e-05,6.458896677941084e-05,0.0001896300382213667,3.822600410785526e-05,0.0
16,140,gOMP,optimized,0.00022655200154986233,2.3720000172033906e-05,4.7743000322952867e-05,8.134399831760675e-05,2.6128996978513896e-05,0.0
16,141,gOMP,baseline,0.0005050140025559813,2.3961008992046118e-05,7.336298585869372e-05,0.00020449596922844648,4.124599217902869e-05,0.0
16,141,gOMP,optimized,0.00022137300402391702,1.9435989088378847e-05,4.717799311038107e-05,8.165701001416892e-05,2.6045003323815763e-05,0.0
16,142,gOMP,baseline,0.0004602129920385778,2.5303001166321337e-05,6.379799742717296e-05,0.00018087599892169237,3.9004007703624666e-05,0.0
16,142,gOMP,optimized,0.00023017900821287185,2.331400173716247e-05,4.582102701533586e-05,8.459699165541679e-05,2.5896995794028044e-05,0.0
16,143,gOMP,baseline,0.0006934939883649349,4.6528977691195905e-05,9.804601722862571e-05,0.000293297998723574,5.775800673291087e-05,0.0
16,143,gOMP,optimized,0.00023720000172033906,2.131801738869399e-05,5.136197432875633e-05,8.691198308952153e-05,2.7012007194571197e-05,0.0
16,144,gOMP,baseline,0.0004708659980678931,2.4035005480982363e-05,5.990202771499753e-05,0.00019847200019285083,3.687999560497701e-05,0.0
16,144,gOMP,optimized,0.0002179870061809197,2.258201129734516e-05,4.6383996959775686e-05,7.771802484057844e-05,2.541996946092695e-05,0.0
16,145,gOMP,baseline,0.0004576339997584,2.1090003428980708e-05,6.123098137322813e-05,0.0001869399711722508,3.443598689045757e-05,0.0
16,145,gOMP,optimized,0.0003964720090152696,2.8829002985730767e-05,9.917002171278e-05,0.00013470699195750058,5.186599446460605e-05,0.0
16,146,gOMP,baseline,0.0005811829905724153,3.2866999390535057e-05,0.00010813296830747277,0.0002066710003418848,4.699100099969655e-05,0.0
16,146,gOMP,optimized,0.00031293400388676673,3.091301186941564e-05,8.001699461601675e-05,0.00010227803431916982,3.007400664500892e-05,0.0
16,147,gOMP,baseline,0.00043422498856671154,2.1234009182080626e-05,5.833299655932933e-05,0.00017380902136210352,3.183099033776671e-05,0.0
16,147,gOMP,optimized,0.0002078380057355389,1.926400000229478e-05,4.552800965029746e-05,7.323200406972319e-05,2.4648979888297617e-05,0.0
16,148,gOMP,baseline,0.0005773880111519247,3.0192997655831277e-05,9.781899279914796e-05,0.00021931598894298077,4.831200931221247e-05,0.0
16,148,gOMP,optimized,0.00023072899784892797,2.344901440665126e-05,4.751302185468376e-05,8.515501394867897e-05,2.7198984753340483e-05,0.0
16,149,gOMP,baseline,0.0005379729991545901,2.3872984456829727e-05,7.296298281289637e-05,0.00021505600307136774,5.277001764625311e-05,0.0
16,149,gOMP,optimized,0.0002471009938744828,2.2801992599852383e-05,5.4499018006026745e-05,8.6444997577928e-05,3.147499228361994e-05,0.0
16,150,gOMP,baseline,0.000521005000337027,2.7898990083485842e-05,7.10909953340888e-05,0.0001923509844345972,4.1395003790967166e-05,0.0
16,150,gOMP,optimized,0.00028591399313881993,2.5585992261767387e-05,5.653299740515649e-05,0.00010965002002194524,3.3598989830352366e-05,0.0
16,151,gOMP,baseline,0.0004660760023398325,2.3195971152745187e-05,6.650300929322839e-05,0.00018209201516583562,3.6026991438120604e-05,0.0
16,151,gOMP,optimized,0.0002985180035466328,4.175298090558499e-05,6.269902223721147e-05,0.0001003439974738285,3.054698754567653e-05,0.0
16,152,gOMP,baseline,0.000442425996880047,2.4982000468298793e-05,6.128002132754773e-05,0.00017403702076990157,3.4949000109918416e-05,0.0
16,152,gOMP,optimized,0.00021651499264407903,2.195099659729749e-05,4.567098221741617e-05,7.62120180297643e-05,2.5707995519042015e-05,0.0
16,153,gOMP,baseline,0.000520145011250861,2.335499448236078e-05,6.7167027737014e-05,0.00020896601199638098,4.7909998102113605e-05,0.0
16,153,gOMP,optimized,0.00024265599495265633,2.1832005586475134e-05,5.390000296756625e-05,9.00970189832151e-05,2.5775996618904173e-05,0.0
16,154,gOMP,baseline,0.00047279399586841464,2.503300493117422e-05,6.516299617942423e-05,0.00019407601212151349,3.6882993299514055e-05,0.0
16,154,gOMP,optimized,0.0002107190084643662,2.201498136855662e-05,4.4227985199540854e-05,7.526599802076817e-05,2.4231994757428765e-05,0.0
16,155,gOMP,baseline,0.0008039389940677211,2.714197034947574e-05,0.0002607099886517972,0.00024790599127300084,6.939000741112977e-05,0.0
16,155,gOMP,optimized,0.00024780299281701446,3.410597855690867e-05,4.9852009397000074e-05,8.513800275977701e-05,2.6215013349428773e-05,0.0
16,156,gOMP,baseline,0.00047594700299669057,2.6722002075985074e-05,6.662399391643703e-05,0.00018878100672736764,3.6227007512934506e-05,0.0
16,156,gOMP,optimized,0.00021226098760962486,2.2310996428132057e-05,4.3926978833042085e-05,7.527902198489755e-05,2.5410990929231048e-05,0.0
16,157,gOMP,baseline,0.00043160900531802326,2.2155989427119493e-05,6.172098801471293e-05,0.0001711040094960481,3.177000326104462e-05,0.0
16,157,gOMP,optimized,0.000224397997953929,1.9116996554657817e-05,4.65159973828122e-05,7.8899014624767e-05,2.6156034437008202e-05,0.0
16,158,gOMP,baseline,0.0005436409992398694,2.662598853930831e-05,8.87520145624876e-05,0.00022415901185013354,4.220200935378671e-05,0.0
16,158,gOMP,optimized,0.0002251190016977489,2.2102001821622252e-05,5.024002166464925e-05,7.957499474287033e-05,2.570000651758164e-05,0.0
16,159,gOMP,baseline,0.0007709899946348742,4.1328996303491294e-05,0.00011464599811006337,0.00026614998932927847,6.915099220350385e-05,0.0
16,159,gOMP,optimized,0.000624640000751242,4.2373998439870775e-05,9.441698784939945e-05,0.0003258330107200891,6.049199146218598e-05,0.0
16,160,gOMP,baseline,0.0004419370088726282,2.4512002710253e-05,6.111296534072608e-05,0.00017684300837572664,3.510896931402385e-05,0.0
16,160,gOMP,optimized,0.00022489098773803562,2.300500636920333e-05,4.678698314819485e-05,7.877999451011419e-05,2.5866000214591622e-05,0.0
16,161,gOMP,baseline,0.00048288999823853374,2.1011990611441433e-05,6.246200064197183e-05,0.00019630702445283532,4.1947001591324806e-05,0.0
16,161,gOMP,optimized,0.0002407220017630607,2.8098002076148987e-05,4.905597597826272e-05,8.386799891013652e-05,2.7489993954077363e-05,0.0
16,162,gOMP,baseline,0.00048035300278570503,2.6088033337146044e-05,7.250400085467845e-05,0.00018545500643085688,4.1475999751128256e-05,0.0
16,162,gOMP,optimized,0.0002910250041168183,3.0370007152669132e-05,5.855699419043958e-05,9.808698086999357e-05,2.9049013392068446e-05,0.0
16,163,gOMP,baseline,0.0005115230014780536,2.4769018637016416e-05,7.171400648076087e-05,0.0001882330107036978,5.31810219399631e-05,0.0
16,163,gOMP,optimized,0.00021970199304632843,1.948898716364056e-05,4.480997449718416e-05,8.344501839019358e-05,2.5004002964124084e-05,0.0
16,164,gOMP,baseline,0.0007791270036250353,0.00011753896251320839,0.00010962401574943215,0.0002818530047079548,6.757699884474277e-05,0.0
16,164,gOMP,optimized,0.0004480399948079139,4.8806017730385065e-05,0.00010469499102327973,0.00016687500465195626,4.6236003981903195e-05,0.0
16,165,gOMP,baseline,0.00048344398965127766,2.294298610650003e-05,6.721900717820972e-05,0.0001950209989445284,3.701001696754247e-05,0.0
16,165,gOMP,optimized,0.00022360899311024696,2.083898289129138e-05,4.709399945568293e-05,8.104999142233282e-05,2.6973997591994703e-05,0.0
16,166,gOMP,baseline,0.0005163000023458153,3.132100391667336e-05,7.374997949227691e-05,0.00019489602709654719,4.364199412520975e-05,0.0
16,166,gOMP,optimized,0.0002363459934713319,2.8458991437219083e-05,4.598700616043061e-05,8.948099275585264e-05,2.5510002160444856e-05,0.0
16,167,gOMP,baseline,0.0005288109969114885,2.5950997951440513e-05,7.31839973013848e-05,0.00019681401317939162,4.0718980017118156e-05,0.0
16,167,gOMP,optimized,0.00024249400303233415,2.0680992747657e-05,4.783998883794993e-05,9.670200233813375e-05,2.63339898083359e-05,0.0
16,168,gOMP,baseline,0.0005015149945393205,2.9924980481155217e-05,7.407102384604514e-05,0.00019283800793346018,4.3293985072523355e-05,0.0
16,168,gOMP,optimized,0.0002821280068019405,2.8874972485937178e-05,5.65069931326434e-05,0.00011049298336729407,3.167598333675414e-05,0.0
16,169,gOMP,baseline,0.0004832699924008921,2.345799293834716e-05,6.359501276165247e-05,0.00018289205036126077,3.372698847670108e-05,0.0
16,169,gOMP,optimized,0.0002448410086799413,2.1060972358100116e-05,5.147299089003354e-05,8.630398951936513e-05,2.7593006961978972e-05,0.0
16,170,gOMP,baseline,0.00048032500490080565,2.5952045689336956e-05,7.038802141323686e-05,0.00019009900279343128,3.816898970399052e-05,0.0
16,170,gOMP,optimized,0.00023851900186855346,2.741099160630256e-05,4.900201747659594e-05,8.028499723877758e-05,2.6013993192464113e-05,0.0
16,171,gOMP,baseline,0.0007759800064377487,2.360198413953185e-05,6.688099529128522e-05,0.00035609796759672463,9.478400170337409e-05,0.0
16,171,gOMP,optimized,0.0005953020008746535,3.4603988751769066e-05,0.0001930940052261576,0.0002194159897044301,6.3089988543652e-05,0.0
16,172,gOMP,baseline,0.0006487709906650707,2.6480003725737333e-05,9.319798846263438e-05,0.00031339898123405874,5.0753995310515165e-05,0.0
16,172,gOMP,optimized,0.00022998500207904726,2.2409993107430637e-05,4.746601916849613e-05,8.486097794957459e-05,2.6735026040114462e-05,0.0
16,173,gOMP,baseline,0.0005253319977782667,3.119300527032465e-05,8.414601325057447e-05,0.00020469400624278933,3.691599704325199e-05,0.0
16,173,gOMP,optimized,0.0002853559999493882,2.7556976419873536e-05,5.674998101312667e-05,0.00010386400390416384,3.472501703072339e-05,0.0
16,174,gOMP,baseline,0.00047217999235726893,2.5191984605044127e-05,6.181499338708818e-05,0.00017791301070246845,5.193000833969563e-05,0.0
16,174,gOMP,optimized,0.0002893430064432323,2.352098817937076e-05,0.00010022899368777871,8.651900861877948e-05,2.8005015337839723e-05,0.0
16,175,gOMP,baseline,0.0005074840009910986,2.7569010853767395e-05,8.667899237480015e-05,0.0001924969838000834,4.2661980842240155e-05,0.0
16,175,gOMP,optimized,0.0004322869936004281,2.165400655940175e-05,4.6697037760168314e-05,0.00018782999541144818,5.7411001762375236e-05,0.0
16,176,gOMP,baseline,0.0005022590048611164,2.7797999791800976e-05,6.878998829051852e-05,0.00019788103236351162,4.542600072454661e-05,0.0
16,176,gOMP,optimized,0.00021928400383330882,2.3339001927524805e-05,4.5563007006421685e-05,7.827601803001016e-05,2.565198519732803e-05,0.0
16,177,gOMP,baseline,0.0006088310037739575,2.1700005163438618e-05,6.124997162260115e-05,0.0002644640189828351,5.369599966797978e-05,0.0
16,177,gOMP,optimized,0.00029880000511184335,2.4250999558717012e-05,6.41650112811476e-05,0.00010478899639565498,3.4702010452747345e-05,0.0
16,178,gOMP,baseline,0.0005269300017971545,2.9899980290792882e-05,7.20759853720665e-05,0.00018746200657915324,6.324100831989199e-05,0.0
16,178,gOMP,optimized,0.0004911989963147789,3.2393974834121764e-05,0.00016565999248996377,0.00015426600293722004,4.035899473819882e-05,0.0
16,179,gOMP,baseline,0.0004422530037118122,2.1373009076341987e-05,5.977896216791123e-05,0.0001777889992808923,3.252099850215018e-05,0.0
16,179,gOMP,optimized,0.0002265619987156242,1.9398998119868338e-05,4.943298699799925e-05,7.668600301258266e-05,2.829998265951872e-05,0.0
16,180,gOMP,baseline,0.0005081550043541938,2.7066998882219195e-05,8.204998448491096e-05,0.00019899300241377205,3.9471007767133415e-05,0.0
16,180,gOMP,optimized,0.00028267400921322405,2.4477005354128778e-05,5.1241033361293375e-05,0.00011892500333487988,3.316900983918458e-05,0.0
16,181,gOMP,baseline,0.00044766599603462964,2.1792002371512353e-05,6.646201654803008e-05,0.00017681499593891203,3.1823001336306334e-05,0.0
16,181,gOMP,optimized,0.0002257979940623045,2.172698441427201e-05,4.650698974728584e-05,7.97460088506341e-05,2.586199843790382e-05,0.0
16,182,gOMP,baseline,0.0006575290026376024,3.151000419165939e-05,8.261899347417057e-05,0.0002726150123635307,6.647899863310158e-05,0.0
16,182,gOMP,optimized,0.00045043199497740716,5.1718016038648784e-05,9.895801485981792e-05,0.00015033197996672243,5.44809881830588e-05,0.0
16,183,gOMP,baseline,0.0005030889878980815,2.5564993848092854e-05,6.753398338332772e-05,0.00018982298206537962,3.814100637100637e-05,0.0
16,183,gOMP,optimized,0.00028971899882890284,2.408902219031006e-05,7.683500007260591e-05,9.921997843775898e-05,3.189199196640402e-05,0.0
16,184,gOMP,baseline,0.0005432850011857226,2.7606001822277904e-05,0.00010212000051978976,0.00020363499061204493,4.090400761924684e-05,0.0
16,184,gOMP,optimized,0.0002523599978303537,2.389798464719206e-05,4.87600191263482e-05,0.000100662000477314,2.779698115773499e-05,0.0
16,185,gOMP,baseline,0.0004640950064640492,2.0879015210084617e-05,5.996896652504802e-05,0.0001980869856197387,3.47549794241786e-05,0.0
16,185,gOMP,optimized,0.00022160899243317544,1.9566010450944304e-05,4.860496846958995e-05,7.785100024193525e-05,2.5703979190438986e-05,0.0
16,186,gOMP,baseline,0.0005300789925968274,2.8327980544418097e-05,7.594199269078672e-05,0.0002174909895984456,3.835599636659026e-05,0.0
16,186,gOMP,optimized,0.0002572960074758157,2.44530092459172e-05,5.324998346623033e-05,9.26970096770674e-05,2.955000672955066e-05,0.0
16,187,gOMP,baseline,0.0004683869919972494,2.6054010959342122e-05,6.964997737668455e-05,0.00018403599096927792,3.704299160744995e-05,0.0
16,187,gOMP,optimized,0.0002796890039462596,2.7537986170500517e-05,6.471702363342047e-05,9.087401849683374e-05,4.100396472495049e-05,0.0
16,188,gOMP,baseline,0.0004758769937325269,2.0984021830372512e-05,6.351400224957615e-05,0.00019810900266747922,3.8995029171928763e-05,0.0
16,188,gOMP,optimized,0.00021656000171788037,1.9333994714543223e-05,4.7690977226011455e-05,7.765898772049695e-05,2.5447981897741556e-05,0.0
16,189,gOMP,baseline,0.000550935001228936,3.599299816414714e-05,8.604802133049816e-05,0.0002070589835057035,4.8838992370292544e-05,0.0
16,189,gOMP,optimized,0.0002863080007955432,2.7281013899482787e-05,7.857201853767037e-05,9.448800119571388e-05,2.977998519781977e-05,0.0
16,190,gOMP,baseline,0.00045317699550651014,2.1289015421643853e-05,6.0331018175929785e-05,0.00017530200420878828,3.1527000828646123e-05,0.0
16,190,gOMP,optimized,0.0002323219960089773,2.0077015506103635e-05,5.93919976381585e-05,7.870701665524393e-05,2.6025008992291987e-05,0.0
16,191,gOMP,baseline,0.00043961599294561893,2.4966007913462818e-05,5.9505022363737226e-05,0.00017288800154346973,3.751703479792923e-05,0.0
16,191,gOMP,optimized,0.00023172299552243203,2.339598722755909e-05,4.8434012569487095e-05,8.009099110495299e-05,2.701401535887271e-05,0.0
16,192,gOMP,baseline,0.0004923090018564835,2.5546003598719835e-05,7.507001282647252e-05,0.00019769299251493067,3.6065030144527555e-05,0.0
16,192,gOMP,optimized,0.00021688999549951404,1.9511004211381078e-05,4.5048000174574554e-05,8.040499233175069e-05,2.5215005734935403e-05,0.0
16,193,gOMP,baseline,0.0005062029958935454,2.6537993107922375e-05,6.389000918716192e-05,0.00020932601182721555,4.163802077528089e-05,0.0
16,193,gOMP,optimized,0.00042946999019477516,3.234698669984937e-05,7.086098776198924e-05,0.00012561300536617637,4.6235014451667666e-05,0.0
16,194,gOMP,baseline,0.000504001000081189,2.475401561241597e-05,6.946598296053708e-05,0.00020510399190243334,3.4707991289906204e-05,0.0
16,194,gOMP,optimized,0.00022934599837753922,2.2213018382899463e-05,4.758899740409106e-05,8.33590020192787e-05,2.8104012017138302e-05,0.0
16,195,gOMP,baseline,0.0004500049981288612,2.4823995772749186e-05,6.200099596753716e-05,0.00017625097825657576,3.51850176230073e-05,0.0
16,195,gOMP,optimized,0.00025755600654520094,2.4723034584894776e-05,5.088698526378721e-05,8.394801989197731e-05,4.242399882059544e-05,0.0
16,196,gOMP,baseline,0.0005403480026870966,2.8440990718081594e-05,7.451698184013367e-05,0.0001968549913726747,4.653997893910855e-05,0.0
16,196,gOMP,optimized,0.00024525600019842386,2.4627006496302783e-05,5.2225979743525386e-05,8.76440026331693e-05,2.9310991521924734e-05,0.0
16,197,gOMP,baseline,0.00045998499263077974,2.562001463957131e-05,6.259899237193167e-05,0.00018380799156147987,3.5765988286584616e-05,0.0
16,197,gOMP,optimized,0.00021507999917957932,2.2244988940656185e-05,4.568698932416737e-05,7.624499266967177e-05,2.5026994990184903e-05,0.0
16,198,gOMP,baseline,0.000647786000627093,3.3217016607522964e-05,0.00011061099939979613,0.00024072900123428553,4.76380082545802e-05,0.0
16,198,gOMP,optimized,0.0005147830088390037,5.884701386094093e-05,6.85620034346357e-05,0.00016019100439734757,5.5810000048950315e-05,0.0
16,199,gOMP,baseline,0.0007930480060167611,4.6335990191437304e-05,0.00013498500629793853,0.0003192380099790171,6.920000305399299e-05,0.0
16,199,gOMP,optimized,0.00036121299490332603,2.614098775666207e-05,5.4760006605647504e-05,0.00016717499238438904,4.541400994639844e-05,0.0
16,200,gOMP,baseline,0.00044584900024347007,2.204801421612501e-05,6.170797860249877e-05,0.00017912899784278125,3.4823999158106744e-05,0.0
16,200,gOMP,optimized,0.0002490799961378798,1.9763989257626235e-05,4.894401354249567e-05,9.933901310432702e-05,2.8508002287708223e-05,0.0
16,201,gOMP,baseline,0.000689669992425479,3.673601895570755e-05,0.00012139399768784642,0.00024154799757525325,7.254400406964123e-05,0.0
16,201,gOMP,optimized,0.00038065000262577087,3.3661999623291194e-05,7.969400030560791e-05,0.00012857998081017286,6.586298695765436e-05,0.0
16,202,gOMP,baseline,0.0006814730004407465,4.507799167186022e-05,0.0001315500121563673,0.00024581499747000635,6.682801176793873e-05,0.0
16,202,gOMP,optimized,0.0005299710028339177,2.822699025273323e-05,0.00020240798767190427,0.00015874502423685044,4.6428991481661797e-05,0.0
16,203,gOMP,baseline,0.000512929997057654,2.8061011107638478e-05,7.063901284709573e-05,0.0002030890027526766,4.222602001391351e-05,0.0
16,203,gOMP,optimized,0.0002689770044526085,2.5159009965136647e-05,5.344398960005492e-05,0.00010426096559967846,3.1853007385507226e-05,0.0
16,204,gOMP,baseline,0.00048269399849232286,2.3055021301843226e-05,7.538002682849765e-05,0.00019241597328800708,3.367102181073278e-05,0.0
16,204,gOMP,optimized,0.00043772599019575864,1.9723011064343154e-05,0.00020347200916148722,0.00011107999307569116,3.294300404377282e-05,0.0
16,205,gOMP,baseline,0.0005124409944983199,3.0121998861432076e-05,7.16980139259249e-05,0.00019656801305245608,4.069299029652029e-05,0.0
16,205,gOMP,optimized,0.0003446429909672588,4.3738968088291585e-05,7.042397919576615e-05,0.00012101299944333732,4.238098335918039e-05,0.0
16,206,gOMP,baseline,0.00043415599793661386,2.2616004571318626e-05,5.9565005358308554e-05,0.00017662298341747373,3.2648982596583664e-05,0.0
16,206,gOMP,optimized,0.00022804598847869784,2.0911000319756567e-05,4.706598701886833e-05,7.988601282704622e-05,2.5770990760065615e-05,0.0
16,207,gOMP,baseline,0.000499178990139626,2.7461996069177985e-05,7.9043980804272e-05,0.00019045798399019986,4.094401083420962e-05,0.0
16,207,gOMP,optimized,0.0003145190130453557,3.128600656054914e-05,6.672697782050818e-05,0.00010514899622648954,3.7102014175616205e-05,0.0
16,208,gOMP,baseline,0.00045291800051927567,2.2146006813272834e-05,6.299398955889046e-05,0.00017994399240706116,3.3360018278472126e-05,0.0
16,208,gOMP,optimized,0.00022416000138036907,2.063199644908309e-05,4.4988992158323526e-05,8.178102143574506e-05,2.7026981115341187e-05,0.0
16,209,gOMP,baseline,0.00048440399405080825,3.139500040560961e-05,6.49659923510626e-05,0.00019088301633019,3.981501504313201e-05,0.0
16,209,gOMP,optimized,0.0002312909928150475,2.2872976842336357e-05,4.457398608792573e-05,7.994100451469421e-05,3.359897527843714e-05,0.0
16,210,gOMP,baseline,0.00047824400826357305,2.2410997189581394e-05,7.851197733543813e-05,0.0001902009971672669,3.391598875168711e-05,0.0
16,210,gOMP,optimized,0.0002192859974456951,1.9929997506551445e-05,4.6182001824490726e-05,7.96190433902666e-05,2.5451983674429357e-05,0.0
16,211,gOMP,baseline,0.0004710520006483421,2.459200914017856e-05,6.273703183978796e-05,0.0001923920208355412,3.803800791501999e-05,0.0
16,211,gOMP,optimized,0.0002308510011062026,2.2705004084855318e-05,4.795599670615047e-05,8.290098048746586e-05,2.6878988137468696e-05,0.0
16,212,gOMP,baseline,0.0005621140007860959,2.724000660236925e-05,7.038298645056784e-05,0.00023775298905093223,4.309798532631248e-05,0.0
16,212,gOMP,optimized,0.0002301439963048324,1.9804996554739773e-05,4.916798206977546e-05,8.69430077727884e-05,2.691798727028072e-05,0.0
16,213,gOMP,baseline,0.0004866780072916299,2.563398447819054e-05,7.614598143845797e-05,0.000190861988812685,3.9672013372182846e-05,0.0
16,213,gOMP,optimized,0.00024600700999144465,2.2680003894492984e-05,5.2938019507564604e-05,8.17440013634041e-05,2.6303008780814707e-05,0.0
16,214,gOMP,baseline,0.0006163849902804941,3.2719981390982866e-05,9.479999425821006e-05,0.0002463089913362637,5.423299444373697e-05,0.0
16,214,gOMP,optimized,0.0002362990053370595,2.3679007426835597e-05,4.751399683300406e-05,8.667602378409356e-05,2.8745998861268163e-05,0.0
16,215,gOMP,baseline,0.0004319160070735961,2.406300336588174e-05,5.945701559539884e-05,0.00016717899416107684,3.398799162823707e-05,0.0
16,215,gOMP,optimized,0.0002220070018665865,2.2067033569328487e-05,4.5672975829802454e-05,7.987997378222644e-05,2.8229987947270274e-05,0.0
16,216,gOMP,baseline,0.00045275999582372606,2.0944018615409732e-05,5.983798473607749e-05,0.00017585801833774894,3.365697921253741e-05,0.0
16,216,gOMP,optimized,0.0004185069992672652,4.345398338045925e-05,9.338799281977117e-05,0.00013085499813314527,3.952599945478141e-05,0.0
16,217,gOMP,baseline,0.0004720980068668723,2.5271991034969687e-05,6.93169713485986e-05,0.00018690399883780628,3.6433993955142796e-05,0.0
16,217,gOMP,optimized,0.0002177030110033229,2.212199615314603e-05,4.457001341506839e-05,7.738599379081279e-05,2.542398578952998e-05,0.0
16,218,gOMP,baseline,0.0004342070023994893,2.1660001948475838e-05,5.7581011787988245e-05,0.00017339698388241231,3.269000444561243e-05,0.0
16,218,gOMP,optimized,0.0002910790062742308,1.891700958367437e-05,6.309698801487684e-05,8.588597120251507e-05,2.893099735956639e-05,0.0
16,219,gOMP,baseline,0.0005633320106426254,3.2844021916389465e-05,8.349702693521976e-05,0.00022167099814396352,5.308800609782338e-05,0.0
16,219,gOMP,optimized,0.00032908900175243616,2.744200173765421e-05,6.729300366714597e-05,0.00010845300857909024,3.5895005566999316e-05,0.0
16,220,gOMP,baseline,0.0006863540038466454,2.1072031813673675e-05,5.959098052699119e-05,0.0003323390119476244,7.284000457730144e-05,0.0
16,220,gOMP,optimized,0.00034904001222457737,2.678199962247163e-05,8.880499808583409e-05,0.00011961700511164963,3.643402305897325e-05,0.0
16,221,gOMP,baseline,0.0005439740052679554,2.603200846351683e-05,7.379200542345643e-05,0.00021732901223003864,4.99150191899389e-05,0.0
16,221,gOMP,optimized,0.00024414900690317154,2.4735971237532794e-05,5.192102980799973e-05,8.710296242497861e-05,2.7871981728821993e-05,0.0
16,222,gOMP,baseline,0.0004956449993187562,2.3028012947179377e-05,6.987398955971003e-05,0.0001999529922613874,3.739699604921043e-05,0.0
16,222,gOMP,optimized,0.00023568100004922599,1.9776009139604867e-05,5.04180061398074e-05,7.957298657856882e-05,2.9342991183511913e-05,0.0
16,223,gOMP,baseline,0.0004853939899476245,2.5807996280491352e-05,7.396099681500345e-05,0.0001886609970824793,4.07839979743585e-05,0.0
16,223,gOMP,optimized,0.0002567549963714555,2.5240995455533266e-05,5.172599048819393e-05,9.015302930492908e-05,2.7641988708637655e-05,0.0
16,224,gOMP,baseline,0.0004827559896511957,2.1552012185566127e-05,8.257199078798294e-05,0.00018464602180756629,3.3639997127465904e-05,0.0
16,224,gOMP,optimized,0.0002527029864722863,1.930899452418089e-05,4.60640003439039e-05,9.182003850582987e-05,2.7619011234492064e-05,0.0
16,225,gOMP,baseline,0.0006326509901555255,3.74429946532473e-05,9.39450110308826e-05,0.00023040302039589733,7.762400491628796e-05,0.0
16,225,gOMP,optimized,0.0002925769949797541,3.2682029996067286e-05,5.27920201420784e-05,0.00011594602256081998,3.062799805775285e-05,0.0
16,226,gOMP,baseline,0.0008478660020045936,3.582298813853413e-05,0.00015326699940487742,0.00033628199889790267,6.508901424240321e-05,0.0
16,226,gOMP,optimized,0.000238540000282228,2.0516003132797778e-05,5.308799154590815e-05,8.64000030560419e-05,2.693598798941821e-05,0.0
16,227,gOMP,baseline,0.0004754859983222559,2.585799666121602e-05,6.457603012677282e-05,0.000177207009983249,3.787598689086735e-05,0.0
16,227,gOMP,optimized,0.00021403300343081355,2.3004977265372872e-05,4.5442007831297815e-05,7.561198435723782e-05,2.496999513823539e-05,0.0
16,228,gOMP,baseline,0.0004356860008556396,2.521200804039836e-05,6.18619960732758e-05,0.00017386498802807182,3.365500015206635e-05,0.0
16,228,gOMP,optimized,0.00033948900818359107,2.7444984880276024e-05,5.379000504035503e-05,0.00016329197387676686,3.543999628163874e-05,0.0
16,229,gOMP,baseline,0.00045089500781614333,2.538796979933977e-05,6.0385005781427026e-05,0.00017856000340543687,3.5949982702732086e-05,0.0
16,229,gOMP,optimized,0.0002793489984469488,3.7977995816618204e-05,5.5803990107961e-05,9.390599734615535e-05,3.261897654738277e-05,0.0
16,230,gOMP,baseline,0.0005144419992575422,2.9148999601602554e-05,7.795602141413838e-05,0.00019749999046325684,4.125401028431952e-05,0.0
16,230,gOMP,optimized,0.00023940099345054477,2.4190987460315228e-05,4.743598401546478e-05,8.600600995123386e-05,2.7797985239885747e-05,0.0
16,231,gOMP,baseline,0.00047081800585146993,2.586799382697791e-05,6.551200931426138e-05,0.0001807539665605873,3.743298293557018e-05,0.0
16,231,gOMP,optimized,0.00022789801005274057,2.2994005121290684e-05,4.8308022087439895e-05,8.114799857139587e-05,2.710599801503122e-05,0.0
16,232,gOMP,baseline,0.00045204200432635844,2.39469954976812e-05,6.383098661899567e-05,0.0001779249869287014,3.504499909467995e-05,0.0
16,232,gOMP,optimized,0.00022780899598728865,2.0357983885332942e-05,4.63199830846861e-05,8.250700193457305e-05,2.785498509183526e-05,0.0
16,233,gOMP,baseline,0.00046751400805078447,2.503200084902346e-05,6.663400563411415e-05,0.0001898600166896358,3.8205995224416256e-05,0.0
16,233,gOMP,optimized,0.0002140139986295253,2.2136024199426174e-05,4.552101017907262e-05,7.654599903617054e-05,2.5031986297108233e-05,0.0
16,234,gOMP,baseline,0.0006868140044389293,3.8879996282048523e-05,8.489697938784957e-05,0.00023059600789565593,6.742899131495506e-05,0.0
16,234,gOMP,optimized,0.0005650620005326346,4.151498433202505e-05,0.0001076420012395829,0.0002523199946153909,6.691899034194648e-05,0.0
16,235,gOMP,baseline,0.0005152270023245364,2.6205001631751657e-05,8.703899220563471e-05,0.000196765991859138,4.0664002881385386e-05,0.0
16,235,gOMP,optimized,0.00021622500207740813,2.1671992726624012e-05,4.367201472632587e-05,7.996101339813322e-05,2.53209873335436e-05,0.0
16,236,gOMP,baseline,0.00043188499694224447,2.086001040879637e-05,5.8645004173740745e-05,0.00017626903718337417,3.100298636127263e-05,0.0
16,236,gOMP,optimized,0.00024211499840021133,1.9983010133728385e-05,6.276200292631984e-05,8.158299897331744e-05,2.8284004656597972e-05,0.0
16,237,gOMP,baseline,0.0004563770053209737,2.5600995286367834e-05,6.592602585442364e-05,0.00017587700858712196,3.8233003579080105e-05,0.0
16,237,gOMP,optimized,0.00036902799911331385,3.7563018850050867e-05,7.62179697630927e-05,0.00011571001959964633,7.31269974494353e-05,0.0
16,238,gOMP,baseline,0.00045983699965290725,2.6061985408887267e-05,6.386499444488436e-05,0.00017932899936567992,3.741400723811239e-05,0.0
16,238,gOMP,optimized,0.0002524799929233268,2.5186993298120797e-05,5.559001874644309e-05,9.314299677498639e-05,2.6929978048428893e-05,0.0
16,239,gOMP,baseline,0.0008648329967400059,5.165998300071806e-05,0.00011320301564410329,0.00030241099011618644,0.00010683397704269737,0.0
16,239,gOMP,optimized,0.00042494499939493835,3.615996683947742e-05,0.0001228219916811213,0.00014519998512696475,4.1624982259236276e-05,0.0
16,240,gOMP,baseline,0.0005365340039134026,2.979701093863696e-05,7.604500569868833e-05,0.00021056200785096735,4.721198638435453e-05,0.0
16,240,gOMP,optimized,0.00024620800104457885,2.8946014936082065e-05,5.197999416850507e-05,8.55329999467358e-05,3.040299634449184e-05,0.0
16,241,gOMP,baseline,0.00047597500088158995,2.5708999601192772e-05,7.491401629522443e-05,0.00018583999190013856,3.71530040865764e-05,0.0
16,241,gOMP,optimized,0.0002609859948279336,2.2224034182727337e-05,4.7860987251624465e-05,0.00011067799641750753,2.937098906841129e-05,0.0
16,242,gOMP,baseline,0.0004421170015120879,2.166799094993621e-05,6.125202344264835e-05,0.00017859999206848443,3.128100070171058e-05,0.0
16,242,gOMP,optimized,0.00022382900351658463,1.9790983060374856e-05,5.42419875273481e-05,7.755399565212429e-05,2.5210014428012073e-05,0.0
16,243,gOMP,baseline,0.00046117599413264543,2.6088018785230815e-05,6.0896010836586356e-05,0.00018124000052921474,3.5478995414450765e-05,0.0
16,243,gOMP,optimized,0.0002728989929892123,2.6044013793580234e-05,5.6881021009758115e-05,9.603500075172633e-05,3.4388984204269946e-05,0.0
16,244,gOMP,baseline,0.0005052029882790521,2.6711015379987657e-05,6.593896250706166e-05,0.00021134600683581084,3.6690980778075755e-05,0.0
16,244,gOMP,optimized,0.00024280400248244405,2.0907973521389067e-05,5.173399404156953e-05,9.03489999473095e-05,2.7825997676700354e-05,0.0
16,245,gOMP,baseline,0.00043318299867678434,2.4837994715198874e-05,5.997599510010332e-05,0.00016874099674168974,3.468101203907281e-05,0.0
16,245,gOMP,optimized,0.00022010300017427653,2.1442014258354902e-05,4.464098310563713e-05,7.671800267416984e-05,2.973401569761336e-05,0.0
16,246,gOMP,baseline,0.0004956089978804812,2.4890992790460587e-05,7.444100629072636e-05,0.00018120501772500575,3.485800698399544e-05,0.0
16,246,gOMP,optimized,0.00021667100372724235,1.9450002582743764e-05,4.459203046280891e-05,8.030298340599984e-05,2.587100607343018e-05,0.0
16,247,gOMP,baseline,0.0004885280068265274,2.4515000404790044e-05,5.9003024944104254e-05,0.00017322797793895006,3.5908014979213476e-05,0.0
16,247,gOMP,optimized,0.00023034100013319403,2.246600342914462e-05,4.8304020310752094e-05,8.233198605012149e-05,2.715499431360513e-05,0.0
16,248,gOMP,baseline,0.0005738670006394386,3.413399099372327e-05,7.638099486939609e-05,0.00020419298380147666,4.4033004087395966e-05,0.0
16,248,gOMP,optimized,0.00026917000650428236,2.4318011128343642e-05,6.675400072708726e-05,9.339499229099602e-05,3.0426977900788188e-05,0.0
16,249,gOMP,baseline,0.000505217001773417,2.668800880201161e-05,6.451900117099285e-05,0.00021120700694154948,3.945401113014668e-05,0.0
16,249,gOMP,optimized,0.00023443200916517526,2.2807958885096014e-05,4.570500459522009e-05,7.537598139606416e-05,2.5432018446736038e-05,0.0
16,250,gOMP,baseline,0.00046024599578231573,2.2182008251547813e-05,6.86249986756593e-05,0.000182154995854944,3.35020013153553e-05,0.0
16,250,gOMP,optimized,0.00022550900757778436,2.1837011445313692e-05,4.5774999307468534e-05,8.280400652438402e-05,2.6101013645529747e-05,0.0
16,251,gOMP,baseline,0.00045996400876902044,2.4738023057579994e-05,6.166001548990607e-05,0.00018443100270815194,3.74500232283026e-05,0.0
16,251,gOMP,optimized,0.00021482199372258037,2.1904997993260622e-05,4.458699550013989e-05,7.664301665499806e-05,2.5560992071405053e-05,0.0
16,252,gOMP,baseline,0.0005735329905292019,2.751799183897674e-05,8.878100197762251e-05,0.00022559899662155658,4.4294982217252254e-05,0.0
16,252,gOMP,optimized,0.00034151900035794824,4.0677012293599546e-05,5.4684976930730045e-05,0.00012815500667784363,4.4737011194229126e-05,0.0
16,253,gOMP,baseline,0.00047959400399122387,2.5979999918490648e-05,6.584702350664884e-05,0.00019332501688040793,3.7923004128970206e-05,0.0
16,253,gOMP,optimized,0.00025284799630753696,2.3995991796255112e-05,4.97770233778283e-05,9.935502021107823e-05,2.950697671622038e-05,0.0
16,254,gOMP,baseline,0.0004588790034176782,2.30080186156556e-05,6.09119888395071e-05,0.00017842301167547703,3.2203010050579906e-05,0.0
16,254,gOMP,optimized,0.0002145710022887215,1.87339901458472e-05,4.4702988816425204e-05,7.548702706117183e-05,2.588100323919207e-05,0.0
16,255,gOMP,baseline,0.000522371003171429,2.9228001949377358e-05,8.03480070317164e-05,0.00019846997747663409,4.55579865956679e-05,0.0
16,255,gOMP,optimized,0.00024543599283788353,2.5903995265252888e-05,4.884996451437473e-05,8.721800986677408e-05,2.7377012884244323e-05,0.0
16,256,gOMP,baseline,0.0006779069954063743,5.766800313722342e-05,0.00011372898006811738,0.00024139900051523,4.8471978516317904e-05,0.0
16,256,gOMP,optimized,0.00028266498702578247,2.9122995329089463e-05,5.3943003877066076e-05,0.00010709100752137601,3.146597009617835e-05,0.0
16,257,gOMP,baseline,0.0004422350029926747,2.4434018996544182e-05,6.109097739681602e-05,0.00017496399232186377,3.392498183529824e-05,0.0
16,257,gOMP,optimized,0.0002531500067561865,2.4210006813518703e-05,5.039198731537908e-05,8.416900527663529e-05,4.230598278809339e-05,0.0
16,258,gOMP,baseline,0.00048441000399179757,2.9432005248963833e-05,6.478397699538618e-05,0.00018349301535636187,3.862100129481405e-05,0.0
16,258,gOMP,optimized,0.0002184269978897646,2.217899600509554e-05,4.653497308026999e-05,7.766699127387255e-05,2.5935994926840067e-05,0.0
16,259,gOMP,baseline,0.0005041780095780268,3.8484009564854205e-05,6.985697837080806e-05,0.0001962300157174468,3.868098428938538e-05,0.0
16,259,gOMP,optimized,0.0003208779962733388,2.97219812637195e-05,6.188999395817518e-05,0.00011535700468812138,4.081199585925788e-05,0.0
16,260,gOMP,baseline,0.0005451220058603212,4.131399327889085e-05,7.943798846099526e-05,0.000213521983823739,4.477100446820259e-05,0.0
16,260,gOMP,optimized,0.0003492010000627488,5.347402475308627e-05,7.118898793123662e-05,0.00012292800238355994,3.3562988392077386e-05,0.0
16,261,gOMP,baseline,0.0008564129966543987,5.3284980822354555e-05,0.0001229740009875968,0.0003178149927407503,9.703201067168266e-05,0.0
16,261,gOMP,optimized,0.0003292499895906076,3.1405987101607025e-05,6.895999831613153e-05,0.00011314099538139999,3.6394965718500316e-05,0.0
16,262,gOMP,baseline,0.000468692000140436,3.6227022064849734e-05,6.202202348504215e-05,0.00018436697428114712,3.5802979255095124e-05,0.0
16,262,gOMP,optimized,0.0002522919967304915,2.3077023797668517e-05,4.9685011617839336e-05,9.953798144124448e-05,2.9293994884938e-05,0.0
16,263,gOMP,baseline,0.0005515410011867061,3.10369796352461e-05,7.133299368433654e-05,0.0002169700019294396,4.156700742896646e-05,0.0
16,263,gOMP,optimized,0.00022562799858860672,2.569299249444157e-05,4.601902037393302e-05,8.107400208245963e-05,2.5908986572176218e-05,0.0
16,264,gOMP,baseline,0.00046711099275853485,2.749101258814335e-05,6.746298458892852e-05,0.00018318397633265704,3.728301089722663e-05,0.0
16,264,gOMP,optimized,0.00022116499894764274,2.2976993932388723e-05,4.50469960924238e-05,8.072698256000876e-05,2.548297925386578e-05,0.0
16,265,gOMP,baseline,0.001005906000500545,7.829698733985424e-05,0.00014105999434832484,0.00046021697926335037,7.474901212844998e-05,0.0
16,265,gOMP,optimized,0.000281287997495383,2.6425987016409636e-05,5.899599636904895e-05,0.00010733601811807603,2.9629998607560992e-05,0.0
16,266,gOMP,baseline,0.00046282900439109653,2.5312008801847696e-05,6.293300248216838e-05,0.00018836699018720537,3.666899283416569e-05,0.0
16,266,gOMP,optimized,0.00021818299137521535,2.2213003830984235e-05,4.46150079369545e-05,7.785100024193525e-05,2.5417975848540664e-05,0.0
16,267,gOMP,baseline,0.0004326409980421886,2.4540990125387907e-05,5.8479010476730764e-05,0.0001713899982860312,3.492100222501904e-05,0.0
16,267,gOMP,optimized,0.0002507879980839789,2.502498682588339e-05,5.0458009354770184e-05,8.377399353776127e-05,3.911498060915619e-05,0.0
16,268,gOMP,baseline,0.0005616789858322591,2.929999027401209e-05,8.308199176099151e-05,0.0002215839922428131,5.4931981139816344e-05,0.0
16,268,gOMP,optimized,0.00025108699628617615,2.4990004021674395e-05,5.394899926614016e-05,9.365900768898427e-05,2.7506015612743795e-05,0.0
16,269,gOMP,baseline,0.0004954030009685084,2.7920992579311132e-05,6.687399582006037e-05,0.00019131800218019634,3.952300176024437e-05,0.0
16,269,gOMP,optimized,0.0002459539973642677,2.5188011932186782e-05,5.0453993026167154e-05,8.655298734083772e-05,2.9408009140752256e-05,0.0
16,270,gOMP,baseline,0.0004760810115840286,2.6066016289405525e-05,7.336403359659016e-05,0.00018295100016985089,3.877701237797737e-05,0.0
16,270,gOMP,optimized,0.00021944499167148024,2.2804000764153898e-05,4.537399217952043e-05,7.850599649827927e-05,2.4908003979362547e-05,0.0
16,271,gOMP,baseline,0.00047765299677848816,2.535599924158305e-05,7.659100810997188e-05,0.0001915460015879944,3.620801726356149e-05,0.0
16,271,gOMP,optimized,0.00022311399516183883,2.2634005290456116e-05,4.4825952500104904e-05,7.993998588062823e-05,2.6120993425138295e-05,0.0
16,272,gOMP,baseline,0.0005062970012659207,2.7045010938309133e-05,7.171898323576897e-05,0.00020548899192363024,3.9659003959968686e-05,0.0
16,272,gOMP,optimized,0.00032598500547464937,3.215397009626031e-05,7.447900134138763e-05,0.00010613798804115504,3.56250093318522e-05,0.0
16,273,gOMP,baseline,0.00048761599464342,2.7709014830179513e-05,6.613599543925375e-05,0.0001970999874174595,4.402799822855741e-05,0.0
16,273,gOMP,optimized,0.00021832500351592898,2.178500290028751e-05,4.4146989239379764e-05,7.954399916343391e-05,2.5778019335120916e-05,0.0
16,274,gOMP,baseline,0.0005766910035163164,2.9619011911563575e-05,0.00010131100134458393,0.00022296400857158005,4.6226021368056536e-05,0.0
16,274,gOMP,optimized,0.000238519991398789,2.3397020413540304e-05,4.8839021474123e-05,8.864302071742713e-05,2.7981994207948446e-05,0.0
16,275,gOMP,baseline,0.00046216300688683987,2.432800829410553e-05,5.9532016166485846e-05,0.00018769099551718682,3.840601129923016e-05,0.0
16,275,gOMP,optimized,0.00022030399122741073,2.2797990823164582e-05,4.7192006604745984e-05,7.873796857893467e-05,2.564897295087576e-05,0.0
16,276,gOMP,baseline,0.0007359549927059561,4.8734989832155406e-05,9.788399620447308e-05,0.00024200300686061382,0.0001091199810616672,0.0
16,276,gOMP,optimized,0.00043883199396077543,3.188301343470812e-05,5.929201142862439e-05,0.0001032190048135817,2.9243979952298105e-05,0.0
16,277,gOMP,baseline,0.0005258109886199236,3.0355004128068686e-05,7.59310059947893e-05,0.00019668198365252465,5.299900658428669e-05,0.0
16,277,gOMP,optimized,0.00021770899184048176,2.235801366623491e-05,4.543499380815774e-05,7.682199066039175e-05,2.5789006031118333e-05,0.0
16,278,gOMP,baseline,0.0004611629992723465,2.512600622139871e-05,5.955301458016038e-05,0.0001750490046106279,3.372102219145745e-05,0.0
16,278,gOMP,optimized,0.00022251899645198137,2.3020998924039304e-05,4.7236986574716866e-05,7.790901872795075e-05,2.5299988919869065e-05,0.0
16,279,gOMP,baseline,0.0006185710080899298,3.302002733107656e-05,7.71160121075809e-05,0.00020950700854882598,4.808898665942252e-05,0.0
16,279,gOMP,optimized,0.00025862999609671533,2.5609013391658664e-05,5.12309925397858e-05,9.471399243921041e-05,3.014798858202994e-05,0.0
16,280,gOMP,baseline,0.0005006380088161677,2.5479006581008434e-05,6.751200999133289e-05,0.00020390600548125803,4.071500734426081e-05,0.0
16,280,gOMP,optimized,0.0002771699946606532,2.540402056183666e-05,6.187200779095292e-05,0.00010419299360364676,3.144801303278655e-05,0.0
16,281,gOMP,baseline,0.00047362400800921023,2.5870001991279423e-05,6.985000800341368e-05,0.0001823630154831335,3.9466001908294857e-05,0.0
16,281,gOMP,optimized,0.0002420779928797856,2.464200952090323e-05,4.708798951469362e-05,8.780899224802852e-05,2.7963978936895728e-05,0.0
16,282,gOMP,baseline,0.00047285899927373976,2.4476961698383093e-05,5.869301094207913e-05,0.00019631601753644645,4.056998295709491e-05,0.0
16,282,gOMP,optimized,0.00022127199918031693,2.2277978132478893e-05,4.7286972403526306e-05,7.897798786871135e-05,2.5712986825965345e-05,0.0
16,283,gOMP,baseline,0.0005687200027750805,3.079599991906434e-05,7.72669882280752e-05,0.00020524801220744848,7.069199637044221e-05,0.0
16,283,gOMP,optimized,0.0002864900015993044,2.6626003091223538e-05,5.665099888574332e-05,0.00010531998123042285,4.1916995542123914e-05,0.0
16,284,gOMP,baseline,0.0004557029897114262,2.483998832758516e-05,6.129998655524105e-05,0.00018329598242416978,3.569900582078844e-05,0.0
16,284,gOMP,optimized,0.0002237169974250719,2.3185028112493455e-05,4.741798329632729e-05,7.8372991993092e-05,2.619001315906644e-05,0.0
16,285,gOMP,baseline,0.0005226280045462772,2.6182009605690837e-05,7.355499838013202e-05,0.00021145599021110684,4.1270017391070724e-05,0.0
16,285,gOMP,optimized,0.00022738199913874269,2.291500277351588e-05,4.7837005695328116e-05,8.175898983608931e-05,2.666001091711223e-05,0.0
16,286,gOMP,baseline,0.0005003319965908304,2.6024965336546302e-05,7.028301479294896e-05,0.00018429697956889868,5.768101254943758e-05,0.0
16,286,gOMP,optimized,0.00023842700466047972,2.4412001948803663e-05,5.031199543736875e-05,8.289699326269329e-05,2.8103997465223074e-05,0.0
16,287,gOMP,baseline,0.0005878660012967885,3.654000465758145e-05,8.671799150761217e-05,0.00022195099154487252,4.948099376633763e-05,0.0
16,287,gOMP,optimized,0.0002869239979190752,2.226998913101852e-05,5.178700666874647e-05,0.00011346698738634586,3.458801074884832e-05,0.0
16,288,gOMP,baseline,0.0010531959997024387,6.830098573118448e-05,0.00014940999972168356,0.0003984840150224045,7.967298734001815e-05,0.0
16,288,gOMP,optimized,0.00023857899941504002,2.3604996385984123e-05,4.7115026973187923e-05,8.954002987593412e-05,2.726601087488234e-05,0.0
16,289,gOMP,baseline,0.000494660998811014,2.417500945739448e-05,6.913996185176075e-05,0.00019885302754119039,3.623498196247965e-05,0.0
16,289,gOMP,optimized,0.0003108540113316849,2.3097993107512593e-05,0.00010392600961495191,9.532601688988507e-05,3.312999615445733e-05,0.0
16,290,gOMP,baseline,0.0004646769957616925,2.5852990802377462e-05,6.724099512211978e-05,0.00018208900291938335,3.784598084166646e-05,0.0
16,290,gOMP,optimized,0.0002771680010482669,2.7789006708189845e-05,5.1956987590529025e-05,8.942899876274168e-05,5.4199015721678734e-05,0.0
16,291,gOMP,baseline,0.0004907069960609078,2.502399729564786e-05,7.077500049490482e-05,0.00018845002341549844,3.548501990735531e-05,0.0
16,291,gOMP,optimized,0.0004255840030964464,3.8075013435445726e-05,8.298500324599445e-05,0.000131619002786465,3.324399585835636e-05,0.0
16,292,gOMP,baseline,0.0004454200097825378,2.4010994820855558e-05,6.02759828325361e-05,0.00017729097453411669,3.3333999454043806e-05,0.0
16,292,gOMP,optimized,0.0002956429962068796,3.980698238592595e-05,5.709599645342678e-05,9.348898311145604e-05,3.0036026146262884e-05,0.0
16,293,gOMP,baseline,0.0005639450100716203,2.6253997930325568e-05,7.387700316030532e-05,0.00021743099205195904,4.186001024208963e-05,0.0
16,293,gOMP,optimized,0.00024815900542307645,2.3205007892102003e-05,5.460498505271971e-05,8.980598067864776e-05,2.9923015972599387e-05,0.0
16,294,gOMP,baseline,0.0006365500012179837,3.2243013265542686e-05,0.00010207798914052546,0.0002739869960350916,5.107899778522551e-05,0.0
16,294,gOMP,optimized,0.0002864299895009026,4.463299410417676e-05,5.378099740482867e-05,9.646300168242306e-05,3.0484006856568158e-05,0.0
16,295,gOMP,baseline,0.0004344500048318878,2.108099579345435e-05,5.896697985008359e-05,0.00017710698011796921,3.052799729630351e-05,0.0
16,295,gOMP,optimized,0.0002527499891584739,2.0614999812096357e-05,5.072099156677723e-05,9.660901559982449e-05,3.168698458466679e-05,0.0
16,296,gOMP,baseline,0.0010111790033988655,4.443599027581513e-05,0.00015239699860103428,0.0003620149800553918,0.00011032700422219932,0.0
16,296,gOMP,optimized,0.0003425610047997907,3.288497100584209e-05,8.419700316153467e-05,0.00011879701924044639,3.1736009987071157e-05,0.0
16,297,gOMP,baseline,0.0004687449982156977,2.4338994990102947e-05,6.373600626830012e-05,0.00018356101645622402,3.685802221298218e-05,0.0
16,297,gOMP,optimized,0.00024913200468290597,3.095300053246319e-05,4.9286987632513046e-05,8.674999116919935e-05,2.8968977858312428e-05,0.0
16,298,gOMP,baseline,0.0005236710130702704,2.9322996851988137e-05,7.588302833028138e-05,0.00019410799723118544,4.1207982576452196e-05,0.0
16,298,gOMP,optimized,0.0002461380063323304,2.4626002414152026e-05,4.9923997721634805e-05,8.768300176598132e-05,2.8400012524798512e-05,0.0
16,299,gOMP,baseline,0.0004628189926734194,2.4784996639937162e-05,6.876999395899475e-05,0.00017826200928539038,3.6909987102262676e-05,0.0
16,299,gOMP,optimized,0.00021855300292372704,2.0069011952728033e-05,4.6644985559396446e-05,7.909700798336416e-05,2.54500046139583e-05,0.0
20,0,gOMP,baseline,0.000704874997609295,2.7566988137550652e-05,0.00010929400741588324,0.000298682032735087,5.691401020158082e-05,0.0
20,0,gOMP,optimized,0.0002806959964800626,2.2734995582140982e-05,5.408698052633554e-05,0.00010416998702567071,3.252802707720548e-05,0.0
20,1,gOMP,baseline,0.0006164630030980334,3.086199285462499e-05,7.578302756883204e-05,0.00026329897809773684,4.385298234410584e-05,0.0
20,1,gOMP,optimized,0.0002798709901981056,2.6197987608611584e-05,5.2817995310761034e-05,0.0001071139849955216,3.1566014513373375e-05,0.0
20,2,gOMP,baseline,0.000717175003956072,2.9253977118059993e-05,7.880502380430698e-05,0.00032894001924432814,5.87099784752354e-05,0.0
20,2,gOMP,optimized,0.00029738199373241514,2.8847993235103786e-05,6.274398765526712e-05,0.00010392001422587782,3.400500281713903e-05,0.0
20,3,gOMP,baseline,0.0005865240091225132,3.1055009458214045e-05,7.156602805480361e-05,0.00025066199305001646,4.231798811815679e-05,0.0
20,3,gOMP,optimized,0.0003061070019612089,2.737900649663061e-05,5.26710064150393e-05,9.453301026951522e-05,5.221299943514168e-05,0.0
20,4,gOMP,baseline,0.0007404939970001578,3.2504991395398974e-05,9.750001481734216e-05,0.0002896499936468899,5.202101601753384e-05,0.0
20,4,gOMP,optimized,0.00045474299986381084,2.975200186483562e-05,8.0575977335684e-05,0.00010959000792354345,3.523500345181674e-05,0.0
20,5,gOMP,baseline,0.000579405008465983,3.134999133180827e-05,7.457098399754614e-05,0.00024030200438573956,4.2184998164884746e-05,0.0
20,5,gOMP,optimized,0.0002635139971971512,2.5851986720226705e-05,5.302099452819675e-05,9.403600415680557e-05,3.0759008950553834e-05,0.0
20,6,gOMP,baseline,0.0006029029900673777,2.7312999009154737e-05,7.73479841882363e-05,0.00024893002409953624,4.4719010475091636e-05,0.0
20,6,gOMP,optimized,0.0004520750080700964,3.514401032589376e-05,0.0001121469831559807,0.00014778597687836736,4.7465000534430146e-05,0.0
20,7,gOMP,baseline,0.0006437420088332146,2.7457033866085112e-05,0.00010523499804548919,0.00025888599338941276,4.8474015784449875e-05,0.0
20,7,gOMP,optimized,0.0003486940113361925,2.3468994186259806e-05,9.82480269158259e-05,0.00011807100963778794,3.391900099813938e-05,0.0
20,8,gOMP,baseline,0.0006035760015947744,2.4860011762939394e-05,8.038697706069797e-05,0.00025890101096592844,4.396302392706275e-05,0.0
20,8,gOMP,optimized,0.00026025099214166403,2.198298170696944e-05,5.2903007599525154e-05,9.715100168250501e-05,3.107998054474592e-05,0.0
20,9,gOMP,baseline,0.0006179419870022684,2.7841015253216028e-05,7.891801942605525e-05,0.00024679701891727746,4.067900590598583e-05,0.0
20,9,gOMP,optimized,0.0003995580045739189,3.7142017390578985e-05,8.301202615257353e-05,0.0001459259947296232,4.951700975652784e-05,0.0
20,10,gOMP,baseline,0.0005754890007665381,2.610900264699012e-05,7.739299326203763e-05,0.0002408880100119859,4.0333005017600954e-05,0.0
20,10,gOMP,optimized,0.00030822999542579055,2.4599983589723706e-05,6.818200927227736e-05,0.00011452799662947655,3.379299596417695e-05,0.0
20,11,gOMP,baseline,0.0006978589954087511,2.9328977689146996e-05,9.7638025181368e-05,0.00029041098605375737,4.3261010432615876e-05,0.0
20,11,gOMP,optimized,0.0002648270019562915,2.1755986381322145e-05,5.3369978559203446e-05,9.760398825164884e-05,3.127699892502278e-05,0.0
20,12,gOMP,baseline,0.0006923579931026325,7.610299508087337e-05,0.00010077498154714704,0.0002649729867698625,4.4643020373769104e-05,0.0
20,12,gOMP,optimized,0.00026206699840258807,2.2388994693756104e-05,5.22909831488505e-05,9.871301881503314e-05,3.0466995667666197e-05,0.0
20,13,gOMP,baseline,0.0007436199957737699,3.8183017750270665e-05,0.00012901099398732185,0.0003030200023204088,5.135199171490967e-05,0.0
20,13,gOMP,optimized,0.0002719100011745468,2.3609012714587152e-05,5.441500979941338e-05,0.00010283399024046957,3.072801337111741e-05,0.0
20,14,gOMP,baseline,0.0005588450003415346,2.497497189324349e-05,7.047700637485832e-05,0.00023592100478708744,3.774100332520902e-05,0.0
20,14,gOMP,optimized,0.0002953039947897196,2.3500979295931756e-05,6.135499279480428e-05,0.0001038510090438649,3.469899820629507e-05,0.0
20,15,gOMP,baseline,0.0007647160091437399,3.6693993024528027e-05,0.00010679199476726353,0.000280928987194784,4.692800575867295e-05,0.0
20,15,gOMP,optimized,0.00028901599580422044,2.657501318026334e-05,5.83200016990304e-05,0.00010305698378942907,3.445996844675392e-05,0.0
20,16,gOMP,baseline,0.0006190669955685735,2.6433990569785237e-05,8.119702397380024e-05,0.0002533479855628684,4.216001252643764e-05,0.0
20,16,gOMP,optimized,0.00031784799648448825,2.380300429649651e-05,6.644398672506213e-05,0.00012037997657898813,3.21669940603897e-05,0.0
20,17,gOMP,baseline,0.000600292012677528,2.7830974431708455e-05,7.30960164219141e-05,0.0002442800032440573,3.9866004954092205e-05,0.0
20,17,gOMP,optimized,0.0002832000027410686,2.5121000362560153e-05,5.9147016145288944e-05,0.0001078070345101878,3.402800939511508e-05,0.0
20,18,gOMP,baseline,0.0008043810084927827,3.10409814119339e-05,0.00011794600868597627,0.0003551170084392652,5.838301149196923e-05,0.0
20,18,gOMP,optimized,0.00047976599307730794,3.036600537598133e-05,9.480300650466233e-05,0.00020560302073135972,5.9582001995295286e-05,0.0
20,19,gOMP,baseline,0.0005876510113012046,2.6061999960802495e-05,7.141198148019612e-05,0.0002535040257498622,4.2943982407450676e-05,0.0
20,19,gOMP,optimized,0.0002630219969432801,2.3147978936322033e-05,5.373399471864104e-05,9.580598270986229e-05,3.102901973761618e-05,0.0
20,20,gOMP,baseline,0.0006369120092131197,3.014699905179441e-05,7.882200588937849e-05,0.00026851102302316576,5.03269984619692e-05,0.0
20,20,gOMP,optimized,0.00042315199971199036,3.070202365051955e-05,6.147498788777739e-05,0.00016555497131776065,4.370500391814858e-05,0.0
20,21,gOMP,baseline,0.0008657679863972589,5.2247996791265905e-05,0.0001424919901182875,0.0003301099786767736,7.880499470047653e-05,0.0
20,21,gOMP,optimized,0.0003297829971415922,3.30039911204949e-05,6.286398274824023e-05,0.0001227730099344626,3.8568032323382795e-05,0.0
20,22,gOMP,baseline,0.0005692010017810389,2.5857982109300792e-05,7.370300590991974e-05,0.00024182700144592673,3.696100611705333e-05,0.0
20,22,gOMP,optimized,0.0002884530113078654,2.560199936851859e-05,5.824299296364188e-05,0.00010510900756344199,3.26100125676021e-05,0.0
20,23,gOMP,baseline,0.0007830389949958771,3.215300966985524e-05,9.610498091205955e-05,0.0003652519953902811,5.91910065850243e-05,0.0
20,23,gOMP,optimized,0.00030044501181691885,2.6093999622389674e-05,5.926500307396054e-05,0.00012078700819984078,3.386200114618987e-05,0.0
20,24,gOMP,baseline,0.0007898300100350752,3.52440110873431e-05,0.00011151799117214978,0.00031911297992337495,5.824699474032968e-05,0.0
20,24,gOMP,optimized,0.00041418999899178743,3.45739972544834e-05,9.725501877255738e-05,0.00014963503053877503,5.553801020141691e-05,0.0
20,25,gOMP,baseline,0.0006632799922954291,2.8654976631514728e-05,8.822100062388927e-05,0.0002893130003940314,4.7945999540388584e-05,0.0
20,25,gOMP,optimized,0.0003317139926366508,2.791201404761523e-05,6.455600669141859e-05,0.00011309600085951388,5.699098983313888e-05,0.0
20,26,gOMP,baseline,0.0006312860059551895,2.788500569295138e-05,7.45490106055513e-05,0.00026453897589817643,4.552000609692186e-05,0.0
20,26,gOMP,optimized,0.0003235600015614182,2.626501373015344e-05,7.205299334600568e-05,0.00011812901357188821,3.62739956472069e-05,0.0
20,27,gOMP,baseline,0.0005971490027150139,2.5416986318305135e-05,7.195898797363043e-05,0.00026084900309797376,4.322700260672718e-05,0.0
20,27,gOMP,optimized,0.0002869970048777759,2.469199534971267e-05,5.954300286248326e-05,0.00010040400957223028,3.760799882002175e-05,0.0
20,28,gOMP,baseline,0.0006028939969837666,2.7331989258527756e-05,8.367601549252868e-05,0.00025388901121914387,4.0171988075599074e-05,0.0
20,28,gOMP,optimized,0.0002712809946388006,2.3375003365799785e-05,5.379595677368343e-05,9.9150012829341e-05,3.211201692465693e-05,0.0
20,29,gOMP,baseline,0.0007216319936560467,3.0171999242156744e-05,0.00010968597780447453,0.0003079830057686195,5.1466995500959456e-05,0.0
20,29,gOMP,optimized,0.00029123498825356364,2.4964989279396832e-05,5.8487989008426666e-05,0.00010500299686100334,3.458998980931938e-05,0.0
20,30,gOMP,baseline,0.0013583779946202412,6.829900667071342e-05,0.000207807999686338,0.0005489050236064941,0.00013817500439472497,0.0
20,30,gOMP,optimized,0.0005247730005066842,6.752302579116076e-05,9.485999180469662e-05,0.00021423198631964624,5.4916017688810825e-05,0.0
20,31,gOMP,baseline,0.0006154360016807914,2.4371998733840883e-05,7.256100070662796e-05,0.0002652340044733137,4.398298915475607e-05,0.0
20,31,gOMP,optimized,0.0002943360013887286,2.5339017156511545e-05,6.522299372591078e-05,0.00010515398753341287,3.363100404385477e-05,0.0
20,32,gOMP,baseline,0.0013516740000341088,7.735102553851902e-05,0.00016714399680495262,0.00046091403055470437,7.965000986587256e-05,0.0
20,32,gOMP,optimized,0.00035318599839229137,3.522401675581932e-05,7.221598934847862e-05,0.00012854899978265166,3.89610358979553e-05,0.0
20,33,gOMP,baseline,0.0006058919971110299,2.5717963580973446e-05,7.124598778318614e-05,0.00026025500847026706,4.165398422628641e-05,0.0
20,33,gOMP,optimized,0.0002818950015353039,2.372701419517398e-05,5.7437995565123856e-05,0.00010150499292649329,3.7394973332993686e-05,0.0
20,34,gOMP,baseline,0.0006260270019993186,2.705001679714769e-05,8.356702164746821e-05,0.000262228975770995,4.0768005419522524e-05,0.0
20,34,gOMP,optimized,0.00030274300661403686,2.6814988814294338e-05,6.240697985049337e-05,0.00011001799430232495,3.521196777001023e-05,0.0
20,35,gOMP,baseline,0.0006621990032726899,2.777301415335387e-05,8.902096305973828e-05,0.00028875299904029816,5.051300104241818e-05,0.0
20,35,gOMP,optimized,0.0002681619953364134,2.3073996999301016e-05,5.2310002502053976e-05,9.92620043689385e-05,3.124697832390666e-05,0.0
20,36,gOMP,baseline,0.0005783910019090399,2.535100793465972e-05,7.803698827046901e-05,0.0002467519952915609,3.862900484818965e-05,0.0
20,36,gOMP,optimized,0.00032674201065674424,2.610999217722565e-05,7.296502008102834e-05,0.00011880698730237782,3.999200998805463e-05,0.0
20,37,gOMP,baseline,0.0006325180002022535,3.5228978958912194e-05,8.586002513766289e-05,0.0002576340193627402,5.169000360183418e-05,0.0
20,37,gOMP,optimized,0.00034886400680989027,2.9728995286859572e-05,6.920800660736859e-05,0.0001422420027665794,4.1113991755992174e-05,0.0
20,38,gOMP,baseline,0.0006104549975134432,2.5137996999546885e-05,8.61189910210669e-05,0.00025248601741623133,4.2558996938169e-05,0.0
20,38,gOMP,optimized,0.0002626930072437972,2.2760999854654074e-05,5.3516996558755636e-05,9.596599556971341e-05,3.093300620093942e-05,0.0
20,39,gOMP,baseline,0.0006909850053489208,2.8256981750018895e-05,9.722002141643316e-05,0.00025670602917671204,4.579697269946337e-05,0.0
20,39,gOMP,optimized,0.0002756040048552677,2.1219035261310637e-05,6.577301246579736e-05,9.804301953408867e-05,3.131700213998556e-05,0.0
20,40,gOMP,baseline,0.0005703979986719787,2.5164030375890434e-05,7.436603482346982e-05,0.0002425880084047094,3.8156023947522044e-05,0.0
20,40,gOMP,optimized,0.0002678640012163669,2.210201637353748e-05,5.20390021847561e-05,0.00010226397716905922,3.072900290135294e-05,0.0
20,41,gOMP,baseline,0.0006924109911778942,3.337602538522333e-05,8.87060014065355e-05,0.00029197199910413474,5.8587000239640474e-05,0.0
20,41,gOMP,optimized,0.0002876999933505431,2.785499964375049e-05,6.178498733788729e-05,0.00010447799286339432,3.422499867156148e-05,0.0
20,42,gOMP,baseline,0.001681378998910077,8.683399937581271e-05,0.00023134300136007369,0.0006715090130455792,0.00015011100913397968,0.0
20,42,gOMP,optimized,0.0003169960109516978,3.0028983019292355e-05,6.459698488470167e-05,0.00011897498916368932,3.5760022001340985e-05,0.0
20,43,gOMP,baseline,0.0005508259928319603,2.4215973098762333e-05,6.881298031657934e-05,0.00023350097762886435,3.763299901038408e-05,0.0
20,43,gOMP,optimized,0.00025299300614278764,2.141200820915401e-05,5.1372990128584206e-05,9.486699127592146e-05,3.0116032576188445e-05,0.0
20,44,gOMP,baseline,0.0008501080010319129,4.9417983973398805e-05,0.00011307500244583935,0.0003080299939028919,6.640399806201458e-05,0.0
20,44,gOMP,optimized,0.00030896099633537233,2.5650006136856973e-05,6.321299588307738e-05,0.00011444601113907993,3.4576994949020445e-05,0.0
20,45,gOMP,baseline,0.0007070790015859529,2.7942980523221195e-05,9.656298789195716e-05,0.00032645299506839365,4.849303513765335e-05,0.0
20,45,gOMP,optimized,0.0002688770036911592,2.324298839084804e-05,5.472201155498624e-05,9.954300185199827e-05,3.14170029014349e-05,0.0
20,46,gOMP,baseline,0.0006530210084747523,2.857600338757038e-05,9.121200127992779e-05,0.0002587999915704131,4.169902240391821e-05,0.0
20,46,gOMP,optimized,0.0003326900041429326,2.3150991182774305e-05,5.449300806503743e-05,9.892099478747696e-05,3.169802948832512e-05,0.0
20,47,gOMP,baseline,0.0006080019957153127,2.629202208481729e-05,7.525099499616772e-05,0.0002451410109642893,4.287995398044586e-05,0.0
20,47,gOMP,optimized,0.0002576550032244995,2.1529995137825608e-05,5.185199552215636e-05,9.405199671164155e-05,3.099901368841529e-05,0.0
20,48,gOMP,baseline,0.0007444490038324147,3.377901157364249e-05,0.00011952596832998097,0.00029802098288200796,6.297598883975297e-05,0.0
20,48,gOMP,optimized,0.0002716879971558228,2.4013977963477373e-05,5.7465978898108006e-05,0.0001019109768094495,3.164901863783598e-05,0.0
20,49,gOMP,baseline,0.0007324790058191866,3.277597716078162e-05,9.091199899557978e-05,0.0003324699791846797,4.780398739967495e-05,0.0
20,49,gOMP,optimized,0.0002633639960549772,2.209597732871771e-05,5.285402585286647e-05,0.00010253100481349975,3.078998997807503e-05,0.0
20,50,gOMP,baseline,0.0007315099937841296,3.278799704276025e-05,0.00012509101361501962,0.00028326301253400743,5.339700146578252e-05,0.0
20,50,gOMP,optimized,0.000318764999974519,2.8497990570031106e-05,6.12479925621301e-05,0.00012266401608940214,3.869798092637211e-05,0.0
20,51,gOMP,baseline,0.0006300509994616732,3.281798854004592e-05,8.570699719712138e-05,0.00026081000396516174,4.5846987632103264e-05,0.0
20,51,gOMP,optimized,0.00026872400485444814,2.421198587398976e-05,5.4105010349303484e-05,0.00010116997873410583,3.246100095566362e-05,0.0
20,52,gOMP,baseline,0.0006120930047472939,2.5842004106380045e-05,7.737302803434432e-05,0.0002564340102253482,4.174400237388909e-05,0.0
20,52,gOMP,optimized,0.00040486198849976063,3.7085002986714244e-05,0.00010369702067691833,0.0001377960288664326,5.0296977860853076e-05,0.0
20,53,gOMP,baseline,0.0008046760049182922,3.340499824844301e-05,0.00010421000479254872,0.0002992260124301538,6.310801836661994e-05,0.0
20,53,gOMP,optimized,0.0003037190035684034,2.945600135717541e-05,5.942900315858424e-05,0.0001107709831558168,3.5743985790759325e-05,0.0
20,54,gOMP,baseline,0.0006090570095693693,2.628900983836502e-05,7.710397767368704e-05,0.00026357700699009,3.939299494959414e-05,0.0
20,54,gOMP,optimized,0.00033510099456179887,2.2849009837955236e-05,5.740000051446259e-05,9.581199265085161e-05,3.167700197082013e-05,0.0
20,55,gOMP,baseline,0.0005636089917970821,2.4320994270965457e-05,7.110701699275523e-05,0.00023997199605219066,3.875297261402011e-05,0.0
20,55,gOMP,optimized,0.00030085499747656286,2.4813023628666997e-05,5.598200368694961e-05,0.00011872399772983044,3.651899169199169e-05,0.0
20,56,gOMP,baseline,0.000684101993101649,2.836402563843876e-05,0.00011456396896392107,0.00027541098825167865,5.408501601777971e-05,0.0
20,56,gOMP,optimized,0.00035285300691612065,2.6339010219089687e-05,8.301498019136488e-05,0.00010980501247104257,3.711000317707658e-05,0.0
20,57,gOMP,baseline,0.0006051259988453239,2.3989996407181025e-05,6.857598782517016e-05,0.0002643129992065951,4.469901614356786e-05,0.0
20,57,gOMP,optimized,0.0002892740012612194,2.4121982278302312e-05,5.925202276557684e-05,0.00010417499288450927,3.394698433112353e-05,0.0
20,58,gOMP,baseline,0.0007665519951842725,3.308999293949455e-05,0.00010486898827366531,0.0002961579884868115,5.2868970669806004e-05,0.0
20,58,gOMP,optimized,0.0003129199903924018,2.6489986339583993e-05,5.990000499878079e-05,0.00011767004616558552,3.766900044865906e-05,0.0
20,59,gOMP,baseline,0.0006239170033950359,3.008000203408301e-05,7.778401777613908e-05,0.0002549669734435156,4.4015017920173705e-05,0.0
20,59,gOMP,optimized,0.000289900999632664,2.455797221045941e-05,6.307901639956981e-05,0.0001008950057439506,3.508002555463463e-05,0.0
20,60,gOMP,baseline,0.0009089520026464015,3.87860054615885e-05,9.294200572185218e-05,0.00026988997706212103,0.00018915800319518894,0.0
20,60,gOMP,optimized,0.0003337559901410714,3.0460956622846425e-05,7.769498915877193e-05,0.00011409999569877982,3.8646001485176384e-05,0.0
20,61,gOMP,baseline,0.0005504839937202632,2.462400880176574e-05,6.971301627345383e-05,0.0002309550327481702,3.710498276632279e-05,0.0
20,61,gOMP,optimized,0.00029505400743801147,2.301996573805809e-05,5.695201980415732e-05,0.00011561000428628176,3.7151985452510417e-05,0.0
20,62,gOMP,baseline,0.0005930539919063449,2.5152010493911803e-05,7.359599112533033e-05,0.0002579600113676861,4.067397094331682e-05,0.0
20,62,gOMP,optimized,0.0002851730096153915,2.233698614872992e-05,5.142099689692259e-05,9.346302249468863e-05,3.992600250057876e-05,0.0
20,63,gOMP,baseline,0.0007528679998358712,3.1932955607771873e-05,9.537802543491125e-05,0.0003144930233247578,6.155698793008924e-05,0.0
20,63,gOMP,optimized,0.000339781996444799,2.6997033273801208e-05,8.767799590714276e-05,0.00011317401367705315,3.410702629480511e-05,0.0
20,64,gOMP,baseline,0.0006366809975588694,2.7716014301404357e-05,7.845000072848052e-05,0.0002628859947435558,4.191999323666096e-05,0.0
20,64,gOMP,optimized,0.0002545489987824112,2.2514985175803304e-05,5.381801747716963e-05,9.277199569623917e-05,3.0315000913105905e-05,0.0
20,65,gOMP,baseline,0.0005996550025884062,2.9067989089526236e-05,8.564401650801301e-05,0.00025172598543576896,3.970599209424108e-05,0.0
20,65,gOMP,optimized,0.00033726000401657075,2.7080983272753656e-05,7.549498695880175e-05,0.00011117097164969891,5.3020965424366295e-05,0.0
20,66,gOMP,baseline,0.0005900810065213591,2.5834000553004444e-05,7.74939835537225e-05,0.00023853300081100315,3.89589840779081e-05,0.0
20,66,gOMP,optimized,0.00024973599647637457,2.1670028218068182e-05,5.11550169903785e-05,9.019501158036292e-05,3.017498238477856e-05,0.0
20,67,gOMP,baseline,0.0006117189914220944,2.6501016691327095e-05,9.124400094151497e-05,0.00026199599960818887,4.153698682785034e-05,0.0
20,67,gOMP,optimized,0.0006101260078139603,3.954902058467269e-05,0.00010297597327735275,0.00029405100212898105,7.584999548271298e-05,0.0
20,68,gOMP,baseline,0.0008161690057022497,4.1212988435290754e-05,0.00012734498886857182,0.00030757300555706024,6.612500874325633e-05,0.0
20,68,gOMP,optimized,0.0004559660010272637,8.247703954111785e-05,9.677599882707e-05,0.00014832599845249206,4.5778026105836034e-05,0.0
20,69,gOMP,baseline,0.0005654109991155565,2.5433982955291867e-05,6.851297803223133e-05,0.0002455839712638408,3.778301470447332e-05,0.0
20,69,gOMP,optimized,0.0008518670074408874,4.539698420558125e-05,0.00012316300126258284,0.0002641989995026961,6.783498974982649e-05,0.0
20,70,gOMP,baseline,0.0006789390026824549,3.485799243208021e-05,8.234100823756307e-05,0.0002879089879570529,5.327600229065865e-05,0.0
20,70,gOMP,optimized,0.0003059739974560216,3.135899896733463e-05,6.039199070073664e-05,0.00010962500527966768,3.496800491120666e-05,0.0
20,71,gOMP,baseline,0.0005992740043438971,2.596198464743793e-05,7.418000313919038e-05,0.00025944899243768305,3.95310198655352e-05,0.0
20,71,gOMP,optimized,0.0002544449962442741,2.2566018742509186e-05,5.174300167709589e-05,9.273900650441647e-05,3.0126990168355405e-05,0.0
20,72,gOMP,baseline,0.0008043260022532195,3.3603995689190924e-05,0.00010584300616756082,0.0003498950245557353,7.048099359963089e-05,0.0
20,72,gOMP,optimized,0.00027385899738874286,2.505697193555534e-05,5.7262994232587516e-05,0.0001030300190905109,3.096298314630985e-05,0.0
20,73,gOMP,baseline,0.0007043849909678102,2.78410007013008e-05,7.703997835051268e-05,0.000261162975220941,4.285102477297187e-05,0.0
20,73,gOMP,optimized,0.0004278169944882393,3.858197305817157e-05,8.799399074632674e-05,0.00013966401456855237,4.658300895243883e-05,0.0
20,74,gOMP,baseline,0.0006382519932230935,3.401999128982425e-05,7.88289908086881e-05,0.00027154298732057214,5.0165996071882546e-05,0.0
20,74,gOMP,optimized,0.0002525529998820275,2.1754996851086617e-05,5.0763977924361825e-05,9.327600128017366e-05,3.0180031899362803e-05,0.0
20,75,gOMP,baseline,0.0012827029859181494,6.941698666196316e-05,0.0001726270274957642,0.0005121510330354795,8.541000715922564e-05,0.0
20,75,gOMP,optimized,0.0005281980120344087,3.092798579018563e-05,0.00016666801820974797,0.00017172200023196638,4.6147979446686804e-05,0.0
20,76,gOMP,baseline,0.0005716890009352937,2.529601624701172e-05,7.369900413323194e-05,0.00023943300766404718,3.928301157429814e-05,0.0
20,76,gOMP,optimized,0.00035630200000014156,4.11649962188676e-05,6.454097456298769e-05,0.00010789600491989404,3.554801514837891e-05,0.0
20,77,gOMP,baseline,0.0005789699935121462,2.5447967345826328e-05,6.990002293605357e-05,0.00024689099518582225,3.991799894720316e-05,0.0
20,77,gOMP,optimized,0.00025984000239986926,2.2435968276113272e-05,5.288800457492471e-05,9.379698894917965e-05,3.112704143859446e-05,0.0
20,78,gOMP,baseline,0.0006630290008615702,2.761199721135199e-05,7.943299715407193e-05,0.00028042797930538654,5.101397982798517e-05,0.0
20,78,gOMP,optimized,0.0004029080009786412,3.1872972613200545e-05,9.401500574313104e-05,0.00013662298442795873,4.60680021205917e-05,0.0
20,79,gOMP,baseline,0.0007377619913313538,2.6462963433004916e-05,9.781800326891243e-05,0.00027849200705531985,4.301602893974632e-05,0.0
20,79,gOMP,optimized,0.0003588989929994568,3.471998206805438e-05,7.820599421393126e-05,0.00012408198381308466,4.38819988630712e-05,0.0
20,80,gOMP,baseline,0.0009110370010603219,3.332000051159412e-05,0.00012100498133804649,0.00037310000334400684,8.72499804245308e-05,0.0
20,80,gOMP,optimized,0.00047121799434535205,5.111000791657716e-05,9.282103565055877e-05,0.0001668900076765567,6.318298983387649e-05,0.0
20,81,gOMP,baseline,0.00061488599749282,2.5963003281503916e-05,7.886800449341536e-05,0.00026894602342508733,4.192702181171626e-05,0.0
20,81,gOMP,optimized,0.0002583339955890551,2.147402847185731e-05,5.217701254878193e-05,9.558702004142106e-05,3.0911993235349655e-05,0.0
20,82,gOMP,baseline,0.0007868529937695712,2.953798684757203e-05,0.00010647000453900546,0.00035459399805404246,5.75709855183959e-05,0.0
20,82,gOMP,optimized,0.00036390600143931806,3.2984011340886354e-05,6.791501073166728e-05,0.00013064801169093698,4.591999459080398e-05,0.0
20,83,gOMP,baseline,0.0006215739995241165,2.5906992959789932e-05,7.600802928209305e-05,0.0002617350110085681,4.4701999286189675e-05,0.0
20,83,gOMP,optimized,0.00027751800371333957,2.3133979993872344e-05,5.792698357254267e-05,0.0001031749852700159,3.247499989811331e-05,0.0
20,84,gOMP,baseline,0.0006801470008213073,2.5645989808253944e-05,8.078699465841055e-05,0.0002679569734027609,4.0511993574909866e-05,0.0
20,84,gOMP,optimized,0.0004048929986311123,5.289900582283735e-05,8.784998499322683e-05,0.00013357499847188592,4.212697967886925e-05,0.0
20,85,gOMP,baseline,0.000582042004680261,2.6772002456709743e-05,7.064199598971754e-05,0.00024819701502565295,4.3292020563967526e-05,0.0
20,85,gOMP,optimized,0.0002614169934531674,2.272299025207758e-05,5.35549916094169e-05,9.371701162308455e-05,3.1356976251117885e-05,0.0
20,86,gOMP,baseline,0.0006436080002458766,2.6792011340148747e-05,7.980303780641407e-05,0.00027668899565469474,4.598101077135652e-05,0.0
20,86,gOMP,optimized,0.000264022994088009,2.2483014618046582e-05,5.3194991778582335e-05,9.621998469810933e-05,3.154300793539733e-05,0.0
20,87,gOMP,baseline,0.000828760996228084,3.3392978366464376e-05,0.0001226820022566244,0.00035209101042710245,6.985096842981875e-05,0.0
20,87,gOMP,optimized,0.00031791201035957783,2.7287009288556874e-05,6.10790157224983e-05,0.00012325499847065657,3.482698230072856e-05,0.0
20,88,gOMP,baseline,0.0005530380003619939,2.416600182186812e-05,7.003101927693933e-05,0.00023568999313283712,3.736502549145371e-05,0.0
20,88,gOMP,optimized,0.00032218599517364055,2.493899955879897e-05,7.02820107107982e-05,0.00012512500688899308,3.645899414550513e-05,0.0
20,89,gOMP,baseline,0.0009676050103735179,5.0879010814242065e-05,0.00016505100938957185,0.00033692398574203253,9.09340160433203e-05,0.0
20,89,gOMP,optimized,0.00039098699926398695,4.730198998004198e-05,7.155697676353157e-05,0.0001460550120100379,4.717599949799478e-05,0.0
20,90,gOMP,baseline,0.0006182750075822696,2.6531997718848288e-05,9.24660125747323e-05,0.0002468780003255233,4.4082014937885106e-05,0.0
20,90,gOMP,optimized,0.00035168000613339245,2.4878012482076883e-05,6.854900857433677e-05,0.00012040101864840835,5.513598443940282e-05,0.0
20,91,gOMP,baseline,0.0006009520002407953,2.648199733812362e-05,7.636801456101239e-05,0.00025300598645117134,4.5375985791906714e-05,0.0
20,91,gOMP,optimized,0.0003482850006548688,4.468197585083544e-05,6.302499969024211e-05,0.00010513400775380433,5.155001417733729e-05,0.0
20,92,gOMP,baseline,0.0007947120029712096,3.1118004699237645e-05,8.701899787411094e-05,0.00034422200405970216,7.55210203351453e-05,0.0
20,92,gOMP,optimized,0.0005498289974639192,4.097798955626786e-05,0.00011930000619031489,0.00016956498438958079,5.921200499869883e-05,0.0
20,93,gOMP,baseline,0.0006249779980862513,2.6416993932798505e-05,7.64290161896497e-05,0.00024654599837958813,3.989900869783014e-05,0.0
20,93,gOMP,optimized,0.00026863699895329773,2.180102455895394e-05,5.2812014473602176e-05,9.86729864962399e-05,3.0768991564400494e-05,0.0
20,94,gOMP,baseline,0.0007667620084248483,3.909901715815067e-05,0.00012131800758652389,0.00031767797190696,5.201299791224301e-05,0.0
20,94,gOMP,optimized,0.00031697099620942026,2.6637004339136183e-05,7.590897439513355e-05,0.00011536001693457365,3.487998037599027e-05,0.0
20,95,gOMP,baseline,0.000546862996998243,2.531000063754618e-05,7.124998955987394e-05,0.00022884301142767072,3.6690005799755454e-05,0.0
20,95,gOMP,optimized,0.0002548050106270239,2.2765016183257103e-05,5.2907984354533255e-05,9.369499457534403e-05,3.0512004741467535e-05,0.0
20,96,gOMP,baseline,0.0006282959948293865,2.7042027795687318e-05,7.353100227192044e-05,0.00026059897209051996,4.462800279725343e-05,0.0
20,96,gOMP,optimized,0.0005682170012732968,3.0342984246090055e-05,8.349699783138931e-05,0.00019249800243414938,0.00010762698366306722,0.0
20,97,gOMP,baseline,0.0006052050011930987,2.615801349747926e-05,7.637601811438799e-05,0.00026563202845864,4.0835991967469454e-05,0.0
20,97,gOMP,optimized,0.00030004199652466923,3.647897392511368e-05,5.864299600943923e-05,0.00010027900862041861,3.257898788433522e-05,0.0
20,98,gOMP,baseline,0.0006672859890386462,3.412597288843244e-05,7.906499376986176e-05,0.00028637799550779164,4.8829009756445885e-05,0.0
20,98,gOMP,optimized,0.00028468199889175594,2.4692009901627898e-05,6.0111997299827635e-05,0.00010367999493610114,3.2988013117574155e-05,0.0
20,99,gOMP,baseline,0.0006562700000358745,2.91010073851794e-05,7.929097046144307e-05,0.0002713320136535913,6.129697430878878e-05,0.0
20,99,gOMP,optimized,0.00040736400114838034,3.714901686180383e-05,7.485703099519014e-05,0.00017251998360734433,4.3325009755790234e-05,0.0
20,100,gOMP,baseline,0.0006059209990780801,2.835200575646013e-05,7.751998782623559e-05,0.00025291698693763465,4.0462982724420726e-05,0.0
20,100,gOMP,optimized,0.00025566399563103914,2.2908017854206264e-05,5.2916017011739314e-05,9.466600022278726e-05,3.0295996111817658e-05,0.0
20,101,gOMP,baseline,0.0005628390063066036,2.4949025828391314e-05,7.001098128966987e-05,0.00024124601623043418,3.75179952243343e-05,0.0
20,101,gOMP,optimized,0.0003327329905005172,2.2622989490628242e-05,5.662099283654243e-05,0.00010889796249102801,3.378500696271658e-05,0.0
20,102,gOMP,baseline,0.0007120460068108514,4.277400148566812e-05,8.577201515436172e-05,0.0002769799903035164,5.9062003856524825e-05,0.0
20,102,gOMP,optimized,0.0002863240079022944,2.678502642083913e-05,5.690701073035598e-05,0.00010397702862974256,3.380200359970331e-05,0.0
20,103,gOMP,baseline,0.0005714699946111068,2.5090979761444032e-05,7.697599357925355e-05,0.0002354159951210022,3.8237980334088206e-05,0.0
20,103,gOMP,optimized,0.0005087790050311014,3.656299668364227e-05,0.00012766096915584058,0.0001867959654191509,6.059900624677539e-05,0.0
20,104,gOMP,baseline,0.000776897999458015,3.358398680575192e-05,0.00013713299995288253,0.00031040400790516287,5.661400791723281e-05,0.0
20,104,gOMP,optimized,0.0002753979933913797,2.409900480415672e-05,5.752901779487729e-05,0.0001020299969241023,3.486900823190808e-05,0.0
20,105,gOMP,baseline,0.0006487499922513962,2.7246976969763637e-05,9.187302202917635e-05,0.00026439997600391507,4.8287984100170434e-05,0.0
20,105,gOMP,optimized,0.00025977700715884566,2.2283027647063136e-05,5.24209754075855e-05,9.436102118343115e-05,3.113102866336703e-05,0.0
20,106,gOMP,baseline,0.0006447969935834408,2.7597998268902302e-05,7.742599700577557e-05,0.00027659101760946214,4.4625019654631615e-05,0.0
20,106,gOMP,optimized,0.0005157389969099313,5.436298670247197e-05,0.00011734501458704472,0.00017738000315148383,6.063701584935188e-05,0.0
20,107,gOMP,baseline,0.0006366210000123829,2.9458009521476924e-05,8.061699918471277e-05,0.00025339797139167786,4.09649801440537e-05,0.0
20,107,gOMP,optimized,0.0002517039974918589,2.2321997676044703e-05,5.189699004404247e-05,9.415102249477059e-05,3.0141003662720323e-05,0.0
20,108,gOMP,baseline,0.0011389049905119464,0.00012915697880089283,0.00016177698853425682,0.000474522021249868,8.484801219310611e-05,0.0
20,108,gOMP,optimized,0.00031835299159865826,2.820900408551097e-05,6.321902037598193e-05,0.00012660096399486065,3.360402479302138e-05,0.0
20,109,gOMP,baseline,0.000553265999769792,2.5834015104919672e-05,6.757999653927982e-05,0.00023423701350111514,3.786302113439888e-05,0.0
20,109,gOMP,optimized,0.00026325600629206747,2.313501317985356e-05,5.435998900793493e-05,9.719101944938302e-05,3.130901313852519e-05,0.0
20,110,gOMP,baseline,0.0005986969918012619,2.5455985451117158e-05,7.875901064835489e-05,0.0002523849834688008,4.5048000174574554e-05,0.0
20,110,gOMP,optimized,0.00037696599611081183,3.4688011510297656e-05,7.780503074172884e-05,0.00012153599527664483,4.3728025048039854e-05,0.0
20,111,gOMP,baseline,0.0009038590069394559,4.931700823362917e-05,0.00011651300883386284,0.0003191940049873665,7.991601887624711e-05,0.0
20,111,gOMP,optimized,0.00030880099802743644,3.4330005291849375e-05,5.914698704145849e-05,0.00011125701712444425,3.654899774119258e-05,0.0
20,112,gOMP,baseline,0.0008760049968259409,3.843198646791279e-05,0.00011342301149852574,0.0003475130070000887,9.734502236824483e-05,0.0
20,112,gOMP,optimized,0.00029005900432821363,2.355102333240211e-05,5.530599446501583e-05,9.810698975343257e-05,3.087500226683915e-05,0.0
20,113,gOMP,baseline,0.0005853979964740574,2.50770099228248e-05,6.863499584142119e-05,0.00023495499044656754,3.685700357891619e-05,0.0
20,113,gOMP,optimized,0.00031932500132825226,2.5103974621742964e-05,6.361401756294072e-05,0.00012496097770053893,3.2500000088475645e-05,0.0
20,114,gOMP,baseline,0.0006083280022721738,2.6632013032212853e-05,7.638699025847018e-05,0.0002589270152384415,3.9462989661842585e-05,0.0
20,114,gOMP,optimized,0.0003067840007133782,2.496098750270903e-05,7.294899842236191e-05,0.0001052439765771851,3.39219841407612e-05,0.0
20,115,gOMP,baseline,0.0005840819940203801,2.5029003154486418e-05,6.894500984344631e-05,0.000250586963375099,3.941802424378693e-05,0.0
20,115,gOMP,optimized,0.00025751101202331483,2.270900586154312e-05,5.3427997045218945e-05,9.277400386054069e-05,3.080299939028919e-05,0.0
20,116,gOMP,baseline,0.0006611270073335618,3.090400423388928e-05,8.432299364358187e-05,0.00028338901756796986,4.7367007937282324e-05,0.0
20,116,gOMP,optimized,0.0003021409938810393,2.3380998754873872e-05,5.457800580188632e-05,0.00012380997941363603,3.6102006561122835e-05,0.0
20,117,gOMP,baseline,0.0006557110027642921,2.542200672905892e-05,7.417998858727515e-05,0.0002976059913635254,4.3262014514766634e-05,0.0
20,117,gOMP,optimized,0.00025786600599531084,2.186499477829784e-05,5.811300070490688e-05,9.216298349201679e-05,3.0745999538339674e-05,0.0
20,118,gOMP,baseline,0.0005816170014441013,2.5160014047287405e-05,7.625599391758442e-05,0.0002447119913995266,3.9937003748491406e-05,0.0
20,118,gOMP,optimized,0.0002781189978122711,2.2333988454192877e-05,5.4203017498366535e-05,9.39619931159541e-05,4.523700044956058e-05,0.0
20,119,gOMP,baseline,0.0006468719948315993,2.63339898083359e-05,0.00010020099580287933,0.00025897200976032764,4.764898039866239e-05,0.0
20,119,gOMP,optimized,0.0002627299982123077,2.3323038476519287e-05,5.445299029815942e-05,9.818401304073632e-05,3.1436007702723145e-05,0.0
20,120,gOMP,baseline,0.0006940509920241311,4.089099820703268e-05,8.450599852949381e-05,0.0002809799916576594,5.200899613555521e-05,0.0
20,120,gOMP,optimized,0.0002758839982561767,2.2770982468500733e-05,6.115602445788682e-05,9.792296623345464e-05,3.3536984119564295e-05,0.0
20,121,gOMP,baseline,0.0005815510085085407,2.465500438120216e-05,8.123303996399045e-05,0.00024294998729601502,4.043799708597362e-05,0.0
20,121,gOMP,optimized,0.00033140400773845613,2.812799357343465e-05,6.251101149246097e-05,0.00011139801063109189,5.758901534136385e-05,0.0
20,122,gOMP,baseline,0.0005856579955434427,3.798099351115525e-05,7.230899063870311e-05,0.00024371498147957027,3.907099016942084e-05,0.0
20,122,gOMP,optimized,0.00025428699154872447,2.1516985725611448e-05,5.219299055170268e-05,9.303500701207668e-05,3.057898720726371e-05,0.0
20,123,gOMP,baseline,0.0006770870095351711,2.9848000849597156e-05,8.965699817053974e-05,0.00029513597837649286,4.286800685804337e-05,0.0
20,123,gOMP,optimized,0.00028463399212341756,2.4199995095841587e-05,5.6841003242880106e-05,0.000104266990092583,3.265097620896995e-05,0.0
20,124,gOMP,baseline,0.0007148040022002533,3.527301305439323e-05,7.989599544089288e-05,0.0002849420125130564,5.5096010328270495e-05,0.0
20,124,gOMP,optimized,0.0003206029941793531,2.7045010938309133e-05,6.724197010044008e-05,0.00011821297812275589,3.6954006645828485e-05,0.0
20,125,gOMP,baseline,0.0011515639926074073,4.6873989049345255e-05,0.00018779200036078691,0.00046979502076283097,0.00010955797915812582,0.0
20,125,gOMP,optimized,0.00037073800922371447,3.422197187319398e-05,6.948801456019282e-05,0.00014508097956422716,4.458097100723535e-05,0.0
20,126,gOMP,baseline,0.0006217000045580789,2.6555964723229408e-05,9.113398846238852e-05,0.00025414800620637834,4.370998067315668e-05,0.0
20,126,gOMP,optimized,0.00028217199724167585,2.3778018658049405e-05,5.816800694447011e-05,0.00010157701035495847,3.265800478402525e-05,0.0
20,127,gOMP,baseline,0.0010597000073175877,7.049400301184505e-05,0.00014577303954865783,0.00039961800212040544,0.00012160101323388517,0.0
20,127,gOMP,optimized,0.00035097099316772074,3.5761011531576514e-05,6.973497511353344e-05,0.000129640000523068,3.968599776271731e-05,0.0
20,128,gOMP,baseline,0.0006193640001583844,2.824500552378595e-05,7.986101263668388e-05,0.0002584129979368299,4.357499710749835e-05,0.0
20,128,gOMP,optimized,0.00028935499722138047,2.5850007659755647e-05,5.8412973885424435e-05,0.00010408897651359439,3.444499452598393e-05,0.0
20,129,gOMP,baseline,0.000634632000583224,3.0041002901270986e-05,8.993499795906246e-05,0.00026572600472718477,4.0746977902017534e-05,0.0
20,129,gOMP,optimized,0.00028742900758516043,2.2687017917633057e-05,5.29260141775012e-05,0.00011022099351976067,3.578500763978809e-05,0.0
20,130,gOMP,baseline,0.0005889290041523054,2.6578971301205456e-05,7.509198621846735e-05,0.0002449779858579859,4.152097972109914e-05,0.0
20,130,gOMP,optimized,0.0002939929981948808,2.4605978978797793e-05,5.94000011915341e-05,0.00010522699449211359,3.5309974919073284e-05,0.0
20,131,gOMP,baseline,0.0008728819957468659,2.9709990485571325e-05,9.082398901227862e-05,0.0003486489877104759,0.0001505980035290122,0.0
20,131,gOMP,optimized,0.00031533100991509855,2.697402669582516e-05,6.813299842178822e-05,0.00011371901200618595,3.5035001928918064e-05,0.0
20,132,gOMP,baseline,0.0007097869965946302,3.011999069713056e-05,0.00012196501484140754,0.0002909940085373819,4.86319768242538e-05,0.0
20,132,gOMP,optimized,0.00031750700145494193,3.100700268987566e-05,6.39770005363971e-05,0.00011359802738297731,3.527999797370285e-05,0.0
20,133,gOMP,baseline,0.0008370189898414537,3.267198917455971e-05,9.419495472684503e-05,0.0003839299752144143,6.338799721561372e-05,0.0
20,133,gOMP,optimized,0.0002920359984273091,2.439599484205246e-05,5.975502426736057e-05,0.00010856098379008472,3.401897265575826e-05,0.0
20,134,gOMP,baseline,0.0006185149977682158,2.624899207148701e-05,8.748398977331817e-05,0.0002591129741631448,4.407002415973693e-05,0.0
20,134,gOMP,optimized,0.00030335701012518257,2.3501008399762213e-05,5.496702215168625e-05,0.0001176919904537499,3.830897912848741e-05,0.0
20,135,gOMP,baseline,0.0009338679956272244,4.934301250614226e-05,0.00011407000420149416,0.00035849999403581023,6.864799070172012e-05,0.0
20,135,gOMP,optimized,0.0003740780084626749,7.516899495385587e-05,6.922999455127865e-05,0.00011857501522172242,3.678901703096926e-05,0.0
20,136,gOMP,baseline,0.0006685089902020991,2.9360016924329102e-05,9.017002594191581e-05,0.00026997200620826334,4.316000558901578e-05,0.0
20,136,gOMP,optimized,0.00031633200705982745,2.6412977604195476e-05,6.197503535076976e-05,0.00011041098332498223,5.329599662218243e-05,0.0
20,137,gOMP,baseline,0.0008805260004010051,3.548900713212788e-05,0.00017405998369213194,0.00032702801399864256,5.7209981605410576e-05,0.0
20,137,gOMP,optimized,0.00033823300327640027,2.7646005037240684e-05,6.999900506343693e-05,0.00012062200403306633,3.862498851958662e-05,0.0
20,138,gOMP,baseline,0.0006515450077131391,2.8248978196643293e-05,8.45039903651923e-05,0.000265145004959777,4.617098602466285e-05,0.0
20,138,gOMP,optimized,0.00030149699887260795,2.677399606909603e-05,6.092000694479793e-05,0.00010831799590960145,3.6253026337362826e-05,0.0
20,139,gOMP,baseline,0.0008454000053461641,4.4846005039289594e-05,0.00011659401934593916,0.0003148869436699897,5.808201967738569e-05,0.0
20,139,gOMP,optimized,0.00029466699925251305,2.555201353970915e-05,5.7694982388056815e-05,0.00011095900845248252,3.542298509273678e-05,0.0
20,140,gOMP,baseline,0.0006490919913630933,2.7745991246774793e-05,8.397598867304623e-05,0.00027789699379354715,4.360997991170734e-05,0.0
20,140,gOMP,optimized,0.00028867300716228783,2.4672990548424423e-05,6.283803668338805e-05,0.00010317798296455294,3.259700315538794e-05,0.0
20,141,gOMP,baseline,0.0006626630056416616,2.9503993573598564e-05,9.721102833282202e-05,0.0002626129862619564,5.304496153257787e-05,0.0
20,141,gOMP,optimized,0.00045147299533709884,3.394398663658649e-05,7.069201092235744e-05,0.00014196601114235818,4.364598134998232e-05,0.0
20,142,gOMP,baseline,0.000931981994654052,3.688801371026784e-05,0.00010361899330746382,0.0004254970117472112,7.567899592686445e-05,0.0
20,142,gOMP,optimized,0.00035101799585390836,2.7111978852190077e-05,8.916298975236714e-05,0.00012136899749748409,3.877900599036366e-05,0.0
20,143,gOMP,baseline,0.0006395280070137233,2.7269998099654913e-05,7.987000572029501e-05,0.0002575989783508703,4.101898230146617e-05,0.0
20,143,gOMP,optimized,0.00028262799605727196,2.30009900406003e-05,5.6774995755404234e-05,0.00010772599489428103,3.2863012165762484e-05,0.0
20,144,gOMP,baseline,0.001212428993312642,6.311999459285289e-05,0.0003371909842826426,0.00040617700142320246,0.00010136600758414716,0.0
20,144,gOMP,optimized,0.00030928799242246896,2.7476009563542902e-05,6.310398748610169e-05,0.00011558299593161792,3.593001747503877e-05,0.0
20,145,gOMP,baseline,0.0007764420006424189,3.3442978747189045e-05,9.844898886512965e-05,0.00031142099760472775,6.84609985910356e-05,0.0
20,145,gOMP,optimized,0.0007141120004234836,6.309601303655654e-05,0.00016160498489625752,0.00023535499349236488,0.0001314839901169762,0.0
20,146,gOMP,baseline,0.000625607994152233,2.691101690288633e-05,7.98840046627447e-05,0.0002626899949973449,4.595101927407086e-05,0.0
20,146,gOMP,optimized,0.00040475200512446463,2.607301576063037e-05,0.00011349402484484017,0.00014282400661613792,4.1222971049137414e-05,0.0
20,147,gOMP,baseline,0.000770494996686466,3.359201946295798e-05,0.00010000902693718672,0.00028313702205196023,5.1346971304155886e-05,0.0
20,147,gOMP,optimized,0.00038085599953774363,3.280599776189774e-05,8.491201151628047e-05,0.00013519999629352242,4.0247992728836834e-05,0.0
20,148,gOMP,baseline,0.000883984990650788,3.266400017309934e-05,0.00011185900075361133,0.0003860500000882894,7.822102634236217e-05,0.0
20,148,gOMP,optimized,0.00032098199881147593,2.7786969440057874e-05,6.9725007051602e-05,0.00011489097960293293,3.638198541011661e-05,0.0
20,149,gOMP,baseline,0.0005907040031161159,2.5370012735947967e-05,7.009200635366142e-05,0.0002570350043242797,4.2490006308071315e-05,0.0
20,149,gOMP,optimized,0.0005054209905210882,2.7264002710580826e-05,0.00014904598356224597,0.00018095201812684536,4.776299465447664e-05,0.0
20,150,gOMP,baseline,0.0006550099933519959,3.208398993592709e-05,8.281698683276772e-05,0.0002777139889076352,4.383998748380691e-05,0.0
20,150,gOMP,optimized,0.00027540601149667054,2.4024993763305247e-05,5.536798562388867e-05,0.00010298703273292631,3.304901474621147e-05,0.0
20,151,gOMP,baseline,0.0006354319921229035,2.8713984647765756e-05,8.311198325827718e-05,0.00025990200811065733,4.148998414166272e-05,0.0
20,151,gOMP,optimized,0.0005282609927235171,3.76940006390214e-05,9.243300883099437e-05,0.00023505202261731029,7.190598989836872e-05,0.0
20,152,gOMP,baseline,0.000634161988273263,2.9413000447675586e-05,8.454702037852257e-05,0.0002622580068418756,4.567400901578367e-05,0.0
20,152,gOMP,optimized,0.00041736700222827494,2.951800706796348e-05,5.817197961732745e-05,0.00018213098519481719,5.6357996072620153e-05,0.0
20,153,gOMP,baseline,0.0006813540094299242,7.686398748774081e-05,7.952700252644718e-05,0.00026642001466825604,4.5079985284246504e-05,0.0
20,153,gOMP,optimized,0.0003213090094504878,2.5263972929678857e-05,6.378199032042176e-05,0.00012859798152931035,3.747701703105122e-05,0.0
20,154,gOMP,baseline,0.0006243980024009943,2.720202610362321e-05,8.321799396071583e-05,0.00024954398395493627,4.468101542443037e-05,0.0
20,154,gOMP,optimized,0.0005060599942225963,5.162700836081058e-05,0.00014192699745763093,0.0001446730166207999,4.29140345659107e-05,0.0
20,155,gOMP,baseline,0.0006281069945544004,2.8309994377195835e-05,9.253602183889598e-05,0.00024890596978366375,4.30610089097172e-05,0.0
20,155,gOMP,optimized,0.000259391003055498,2.272397978231311e-05,5.381200753618032e-05,9.563298954162747e-05,3.1364994356408715e-05,0.0
20,156,gOMP,baseline,0.0007179139938671142,3.129796823486686e-05,9.810802293941379e-05,0.00029923097463324666,6.376502278726548e-05,0.0
20,156,gOMP,optimized,0.0003210790018783882,2.8472990379668772e-05,6.319898238871247e-05,0.00011946499580517411,3.77730029867962e-05,0.0
20,157,gOMP,baseline,0.0006660110084339976,3.1319985282607377e-05,7.645500591024756e-05,0.00029324099887162447,5.155999679118395e-05,0.0
20,157,gOMP,optimized,0.0002679030003491789,2.674199640750885e-05,5.286600207909942e-05,9.637897892389446e-05,3.1207018764689565e-05,0.0
20,158,gOMP,baseline,0.000629565998679027,2.8444002964533865e-05,8.567796612624079e-05,0.0002661729959072545,4.359401646070182e-05,0.0
20,158,gOMP,optimized,0.0002957379911094904,2.6033041649498045e-05,5.7887009461410344e-05,0.00010621901310514659,3.5640987334772944e-05,0.0
20,159,gOMP,baseline,0.0006676500051980838,3.317098889965564e-05,8.625397458672523e-05,0.0002829550066962838,5.243602208793163e-05,0.0
20,159,gOMP,optimized,0.00033161700412165374,2.977901021949947e-05,6.32150040473789e-05,0.00013080998905934393,4.015403101220727e-05,0.0
20,160,gOMP,baseline,0.000631773000350222,2.624998160172254e-05,7.325400656554848e-05,0.000276167003903538,4.525798431131989e-05,0.0
20,160,gOMP,optimized,0.0002892990014515817,2.5195011403411627e-05,6.318600208032876e-05,0.00010354898404330015,3.4311990020796657e-05,0.0
20,161,gOMP,baseline,0.0012922559981234372,5.322700599208474e-05,0.00030663100187666714,0.0004722610174212605,0.0001026809768518433,0.0
20,161,gOMP,optimized,0.00033450299815740436,3.377697430551052e-05,7.032699068076909e-05,0.00012051999510731548,3.6946003092452884e-05,0.0
20,162,gOMP,baseline,0.0006196920003276318,2.6316993171349168e-05,7.388398807961494e-05,0.0002705829974729568,4.466598329599947e-05,0.0
20,162,gOMP,optimized,0.00027338000654708594,2.4774999474175274e-05,5.7640994782559574e-05,0.00010048401600215584,3.251103044021875e-05,0.0
20,163,gOMP,baseline,0.0008521359995938838,4.452100256457925e-05,0.0001473070151405409,0.00029808100953232497,5.799201608169824e-05,0.0
20,163,gOMP,optimized,0.0002791659935610369,3.124600334558636e-05,5.429997690953314e-05,0.0001021420321194455,3.244000254198909e-05,0.0
20,164,gOMP,baseline,0.000545240007340908,2.5209024897776544e-05,6.775099609512836e-05,0.0002306889946339652,3.665100666694343e-05,0.0
20,164,gOMP,optimized,0.00029880600050091743,2.6758978492580354e-05,6.109604146331549e-05,0.00010692600335460156,3.710901364684105e-05,0.0
20,165,gOMP,baseline,0.0007113250030670315,3.2329000532627106e-05,8.783501107245684e-05,0.00028576796466950327,5.309600965119898e-05,0.0
20,165,gOMP,optimized,0.0002643839980009943,2.5685003492981195e-05,5.199501174502075e-05,9.593999129720032e-05,3.1660005333833396e-05,0.0
20,166,gOMP,baseline,0.0007132970058592036,3.361800918355584e-05,0.00011901799007318914,0.0002794250031001866,5.49879769096151e-05,0.0
20,166,gOMP,optimized,0.0003620080096879974,2.9843984520994127e-05,6.225502875167876e-05,0.00014516597730107605,4.324701149016619e-05,0.0
20,167,gOMP,baseline,0.0005649779923260212,2.760798088274896e-05,6.926902278792113e-05,0.00023670100199524313,4.0852028178051114e-05,0.0
20,167,gOMP,optimized,0.0002877060032915324,2.642800973262638e-05,5.575899558607489e-05,0.00010732299415394664,3.566402301657945e-05,0.0
20,168,gOMP,baseline,0.000686287006828934,3.310301690362394e-05,7.863501377869397e-05,0.0002524219744373113,4.571603494696319e-05,0.0
20,168,gOMP,optimized,0.00033172899566125125,2.868499723263085e-05,7.31089967302978e-05,0.00012050999794155359,3.880099393427372e-05,0.0
20,169,gOMP,baseline,0.0006048119976185262,2.9924995033070445e-05,7.88280158303678e-05,0.0002506520104361698,4.423699283506721e-05,0.0
20,169,gOMP,optimized,0.00030429700564127415,2.8858004952780902e-05,6.50489964755252e-05,0.00010920803470071405,3.458300489000976e-05,0.0
20,170,gOMP,baseline,0.0007666629971936345,3.0047973268665373e-05,0.00013879299513064325,0.00029994998476468027,5.5875032558105886e-05,0.0
20,170,gOMP,optimized,0.0002973119990201667,2.5483022909611464e-05,6.011800724081695e-05,0.00010774098336696625,3.482199099380523e-05,0.0
20,171,gOMP,baseline,0.0006996750016696751,3.3019023248925805e-05,8.443799742963165e-05,0.000292270997306332,5.247197987046093e-05,0.0
20,171,gOMP,optimized,0.0003702789981616661,3.169597766827792e-05,8.413397881668061e-05,0.00013235403457656503,3.7977981264702976e-05,0.0
20,172,gOMP,baseline,0.0006792589992983267,3.300599928479642e-05,8.915297803469002e-05,0.00028726701566483825,4.744499165099114e-05,0.0
20,172,gOMP,optimized,0.000303874010569416,2.3676984710618854e-05,5.9330996009521186e-05,0.00011527696915436536,4.165699647273868e-05,0.0
20,173,gOMP,baseline,0.0006604779919143766,3.029400249943137e-05,8.008100849110633e-05,0.00029404499218799174,4.9111011321656406e-05,0.0
20,173,gOMP,optimized,0.00028216200007591397,2.91590258711949e-05,5.591499211732298e-05,0.00010135900811292231,3.177997132297605e-05,0.0
20,174,gOMP,baseline,0.0005904279969399795,2.6738009182736278e-05,7.144900155253708e-05,0.00025088699476327747,3.944100171793252e-05,0.0
20,174,gOMP,optimized,0.0002689969987841323,2.3014014004729688e-05,5.342901567928493e-05,9.74440190475434e-05,3.270999877713621e-05,0.0
20,175,gOMP,baseline,0.0006405210006050766,3.252898750361055e-05,8.253796841017902e-05,0.00026436898042447865,4.93970001116395e-05,0.0
20,175,gOMP,optimized,0.00033788400469347835,3.263198595959693e-05,7.379899034276605e-05,0.00011507500312291086,3.4576994949020445e-05,0.0
20,176,gOMP,baseline,0.0006502779870061204,2.786800905596465e-05,7.686298340559006e-05,0.00028176899650134146,4.690096830017865e-05,0.0
20,176,gOMP,optimized,0.0003082920011365786,2.5604997063055634e-05,6.320302782114595e-05,0.00010646898590493947,3.7048986996524036e-05,0.0
20,177,gOMP,baseline,0.0005729989934479818,2.8600989026017487e-05,7.139099761843681e-05,0.00023879298532847315,4.235397500451654e-05,0.0
20,177,gOMP,optimized,0.0002607959904707968,2.5818997528403997e-05,5.184700421523303e-05,9.392200445290655e-05,3.153298166580498e-05,0.0
20,178,gOMP,baseline,0.0008447650034213439,3.794701478909701e-05,0.0001185209839604795,0.0003289720043540001,8.741900091990829e-05,0.0
20,178,gOMP,optimized,0.00045610500092152506,3.69600165868178e-05,8.443898695986718e-05,0.00016658700769767165,5.150199285708368e-05,0.0
20,179,gOMP,baseline,0.0012261390074854717,6.0609017964452505e-05,0.00016754097305238247,0.00048103599692694843,0.00010514099267311394,0.0
20,179,gOMP,optimized,0.0009288110013585538,6.841999129392207e-05,0.00018458101840224117,0.0002668630186235532,0.00010059202031698078,0.0
20,180,gOMP,baseline,0.0006644889945164323,3.228697460144758e-05,8.636499114800245e-05,0.00027959400904364884,4.686199827119708e-05,0.0
20,180,gOMP,optimized,0.00029180401179473847,2.5693036150187254e-05,5.78889885218814e-05,0.00010764498438220471,3.3338015782646835e-05,0.0
20,181,gOMP,baseline,0.000701964003383182,3.337101952638477e-05,8.918099047150463e-05,0.0002607750066090375,4.582102701533586e-05,0.0
20,181,gOMP,optimized,0.0002762600051937625,2.50770099228248e-05,5.5361990234814584e-05,0.00010015700536314398,3.26239678543061e-05,0.0
20,182,gOMP,baseline,0.0006699840014334768,3.4451993997208774e-05,8.008698932826519e-05,0.00028814202232751995,5.41789922863245e-05,0.0
20,182,gOMP,optimized,0.00031615000625606626,2.717602183111012e-05,5.84549707127735e-05,0.00010038797336164862,3.30070179188624e-05,0.0
20,183,gOMP,baseline,0.0006521639879792929,3.490502422209829e-05,8.789797720964998e-05,0.0002597319835331291,4.9857000703923404e-05,0.0
20,183,gOMP,optimized,0.0003193830052623525,3.385599120520055e-05,6.225603283382952e-05,0.00010682099673431367,4.070601426064968e-05,0.0
20,184,gOMP,baseline,0.0007078549970174208,3.1966003007255495e-05,0.00012493797112256289,0.0002842949761543423,5.0973001634702086e-05,0.0
20,184,gOMP,optimized,0.00028357400151435286,2.6714988052845e-05,5.450901517178863e-05,0.00010739697609096766,3.1296018278226256e-05,0.0
20,185,gOMP,baseline,0.0008051559998420998,3.817002288997173e-05,9.83159989118576e-05,0.0003083839837927371,8.660599996801466e-05,0.0
20,185,gOMP,optimized,0.00038201099960133433,3.972901322413236e-05,8.506601443514228e-05,0.00014030098100192845,3.7721983972005546e-05,0.0
20,186,gOMP,baseline,0.0006438479904318228,3.7025019992142916e-05,7.981901580933481e-05,0.0002708340034587309,4.848600656259805e-05,0.0
20,186,gOMP,optimized,0.0005956109962426126,6.554699211847037e-05,0.00011356803588569164,0.0001889080012915656,0.00010898897016886622,0.0
20,187,gOMP,baseline,0.0006947470101295039,3.074701817240566e-05,7.727401680313051e-05,0.0003103889903286472,5.368299025576562e-05,0.0
20,187,gOMP,optimized,0.00032024001120589674,3.176300378981978e-05,6.769702304154634e-05,0.00011108198668807745,3.5335993743501604e-05,0.0
20,188,gOMP,baseline,0.0006685769913019612,3.486700006760657e-05,8.320703636854887e-05,0.00026721900212578475,4.9219015636481345e-05,0.0
20,188,gOMP,optimized,0.0002657149889273569,2.6617999537847936e-05,5.34759892616421e-05,9.574498108122498e-05,3.061801544390619e-05,0.0
20,189,gOMP,baseline,0.0010253749933326617,0.00010188603482674807,0.0001301940210396424,0.0004053639859193936,9.78139869403094e-05,0.0
20,189,gOMP,optimized,0.0004981980018783361,4.98529989272356e-05,0.00011445299605838954,0.00018730902229435742,5.569899803958833e-05,0.0
20,190,gOMP,baseline,0.0006349679897539318,3.040600859094411e-05,7.992199971340597e-05,0.00025717198150232434,4.4472995796240866e-05,0.0
20,190,gOMP,optimized,0.0002852239995263517,2.811197191476822e-05,5.733799480367452e-05,0.00010277397814206779,3.4441996831446886e-05,0.0
20,191,gOMP,baseline,0.0006207349942997098,4.684700979851186e-05,7.6641037594527e-05,0.00025139300851151347,4.537100903689861e-05,0.0
20,191,gOMP,optimized,0.0003623959928518161,3.313001070637256e-05,6.388298061210662e-05,0.00013205500727053732,5.5092983529902995e-05,0.0
20,192,gOMP,baseline,0.0006307230069069192,4.459200135897845e-05,7.901298522483557e-05,0.00025828501384239644,4.633702337741852e-05,0.0
20,192,gOMP,optimized,0.00027954799588769674,2.8488007956184447e-05,5.5661002988927066e-05,0.00010371000098530203,3.244896652176976e-05,0.0
20,193,gOMP,baseline,0.0006927010108483955,3.275703056715429e-05,0.0001254419912584126,0.00027089798822999,5.1117982366122305e-05,0.0
20,193,gOMP,optimized,0.0002882409899029881,2.9221017030067742e-05,5.6347023928537965e-05,0.0001056640176102519,3.333701170049608e-05,0.0
20,194,gOMP,baseline,0.000562329005333595,2.8193011530674994e-05,6.908098293934017e-05,0.0002347679837839678,4.2264029616490006e-05,0.0
20,194,gOMP,optimized,0.00028884600033052266,2.9921982786618173e-05,5.824401159770787e-05,0.00010295398533344269,3.514999116305262e-05,0.0
20,195,gOMP,baseline,0.0005984720046399161,3.0777984648011625e-05,7.449901022482663e-05,0.0002489680045982823,4.314801481086761e-05,0.0
20,195,gOMP,optimized,0.00029236500267870724,3.186198591720313e-05,6.020998989697546e-05,0.00010286500037182122,3.293399640824646e-05,0.0
20,196,gOMP,baseline,0.0006621899956371635,3.454300167504698e-05,8.364600944332778e-05,0.00027154597046319395,4.7604000428691506e-05,0.0
20,196,gOMP,optimized,0.0002968990011140704,3.15429933834821e-05,6.039100117050111e-05,0.00010632099292706698,3.4560958738438785e-05,0.0
20,197,gOMP,baseline,0.0006849840137874708,3.272699541412294e-05,8.977699326351285e-05,0.0002881699620047584,5.350197898223996e-05,0.0
20,197,gOMP,optimized,0.0003189270064467564,3.427402407396585e-05,6.219101487658918e-05,0.00011895799252670258,3.549900429788977e-05,0.0
20,198,gOMP,baseline,0.0006847649929113686,3.2177005778066814e-05,9.363799472339451e-05,0.000281530010397546,5.30480028828606e-05,0.0
20,198,gOMP,optimized,0.0005882769910385832,3.9210994145832956e-05,0.00016796101408544928,0.00014635801198892295,5.73900033487007e-05,0.0
20,199,gOMP,baseline,0.0005971689970465377,3.1045958166942e-05,7.472698052879423e-05,0.00024115201085805893,4.2611005483195186e-05,0.0
20,199,gOMP,optimized,0.0002654310083016753,2.5742017896845937e-05,5.2485003834590316e-05,9.585198131389916e-05,3.019200812559575e-05,0.0
20,200,gOMP,baseline,0.0006065589986974373,3.038000431843102e-05,7.75279913796112e-05,0.00025434501003473997,4.356898716650903e-05,0.0
20,200,gOMP,optimized,0.0003290329914307222,3.1948002288118005e-05,7.903602090664208e-05,0.00011347400140948594,4.012801218777895e-05,0.0
20,201,gOMP,baseline,0.0013994909968459979,5.035202775616199e-05,0.0001921070070238784,0.0006131349946372211,0.00012879000860266387,0.0
20,201,gOMP,optimized,0.0005716759915230796,4.734397225547582e-05,0.00013191800098866224,0.00018443501903675497,6.794997898396105e-05,0.0
20,202,gOMP,baseline,0.0006694329931633547,3.5352015402168036e-05,9.10889939405024e-05,0.00026278199220541865,4.580701352097094e-05,0.0
20,202,gOMP,optimized,0.00028689300233963877,2.8031005058437586e-05,6.265299452934414e-05,0.00010504799138288945,3.295998612884432e-05,0.0
20,203,gOMP,baseline,0.0005809750000480562,2.878897066693753e-05,6.993098941165954e-05,0.00023540100664831698,4.264999006409198e-05,0.0
20,203,gOMP,optimized,0.00032407601247541606,4.4029016862623394e-05,6.052301614545286e-05,0.00011451101454440504,3.543698403518647e-05,0.0
20,204,gOMP,baseline,0.0007132440077839419,3.547199594322592e-05,0.00011114799417555332,0.0002903199929278344,5.205199704505503e-05,0.0
20,204,gOMP,optimized,0.0003113330021733418,2.9946007998660207e-05,6.947301153559238e-05,0.00011045800056308508,3.5693999961949885e-05,0.0
20,205,gOMP,baseline,0.0006319370004348457,3.087900404352695e-05,7.63049756642431e-05,0.00026905200502369553,4.7623005229979753e-05,0.0
20,205,gOMP,optimized,0.0002594840043457225,2.6540961698628962e-05,5.169499490875751e-05,9.33290139073506e-05,3.0620009056292474e-05,0.0
20,206,gOMP,baseline,0.0006870259967399761,3.5276985727250576e-05,8.096499368548393e-05,0.0002698680036701262,4.50780353276059e-05,0.0
20,206,gOMP,optimized,0.0003343499993206933,2.828000287991017e-05,5.8968988014385104e-05,0.00012821800191886723,3.6398996599018574e-05,0.0
20,207,gOMP,baseline,0.0006472099921666086,3.0463983421213925e-05,7.915600144769996e-05,0.0002795260079437867,4.883001383859664e-05,0.0
20,207,gOMP,optimized,0.0002900709951063618,2.8613998438231647e-05,5.570499342866242e-05,0.00010415598808322102,3.2890995498746634e-05,0.0
20,208,gOMP,baseline,0.0006789430044591427,3.429398930165917e-05,8.942597196437418e-05,0.0002614960103528574,4.5531007344834507e-05,0.0
20,208,gOMP,optimized,0.0003194410091964528,2.875601057894528e-05,6.387499161064625e-05,0.00011003500549122691,3.622903022915125e-05,0.0
20,209,gOMP,baseline,0.0006373530050041154,3.28150053974241e-05,7.81050039222464e-05,0.00026303202321287245,4.6335000661201775e-05,0.0
20,209,gOMP,optimized,0.00028755300445482135,2.9722985345870256e-05,5.785698886029422e-05,0.00011072498455177993,3.2194016966968775e-05,0.0
20,210,gOMP,baseline,0.0005603020108537748,2.8081005439162254e-05,6.9048983277753e-05,0.00023477899958379567,4.3181993532925844e-05,0.0
20,210,gOMP,optimized,0.0002592609962448478,2.7197980671189725e-05,5.198598955757916e-05,9.051799133885652e-05,3.060800372622907e-05,0.0
20,211,gOMP,baseline,0.0006051249947631732,3.103203198406845e-05,8.039797830861062e-05,0.00024596099683549255,4.9959999159909785e-05,0.0
20,211,gOMP,optimized,0.0005467180017149076,3.611797001212835e-05,7.383197953458875e-05,0.000245116010773927,9.901598969008774e-05,0.0
20,212,gOMP,baseline,0.0007003890059422702,3.370098420418799e-05,9.774397767614573e-05,0.0002888590097427368,5.2737988880835474e-05,0.0
20,212,gOMP,optimized,0.0002653760020621121,2.7721005608327687e-05,5.2721035899594426e-05,9.478101856075227e-05,3.126401861663908e-05,0.0
20,213,gOMP,baseline,0.0006433380040107295,3.069800732191652e-05,9.580099140293896e-05,0.00025806900521274656,4.848896060138941e-05,0.0
20,213,gOMP,optimized,0.00030251199495978653,3.0337992939166725e-05,6.035600381437689e-05,0.00010941401706077158,3.561598714441061e-05,0.0
20,214,gOMP,baseline,0.0006339469982776791,3.094800922553986e-05,8.296698797494173e-05,0.0002707900130189955,4.981900565326214e-05,0.0
20,214,gOMP,optimized,0.0002659009915078059,2.639502054080367e-05,5.1695998990908265e-05,9.680999210104346e-05,3.1122996006160975e-05,0.0
20,215,gOMP,baseline,0.0005706670053768903,2.835200575646013e-05,7.212700438685715e-05,0.00023593902005814016,4.175199137534946e-05,0.0
20,215,gOMP,optimized,0.0003170849959133193,4.361399624031037e-05,6.040401058271527e-05,0.00010768398351501673,3.5820004995912313e-05,0.0
20,216,gOMP,baseline,0.000576885009650141,2.975299139507115e-05,7.405399810522795e-05,0.00023702600446995348,4.340799932833761e-05,0.0
20,216,gOMP,optimized,0.00027560700254980475,2.6096022338606417e-05,5.387401324696839e-05,9.384301665704697e-05,3.133997961413115e-05,0.0
20,217,gOMP,baseline,0.00076090800575912,3.762000415008515e-05,0.00010916001338046044,0.00030052401416469365,7.833896961528808e-05,0.0
20,217,gOMP,optimized,0.0002894329954870045,2.9870003345422447e-05,5.7245997595600784e-05,0.00010550499428063631,3.434599784668535e-05,0.0
20,218,gOMP,baseline,0.001175582001451403,0.00010757401469163597,0.00019903300562873483,0.0004312180099077523,7.680700218770653e-05,0.0
20,218,gOMP,optimized,0.00032230999204330146,3.0368988518603146e-05,6.432601367123425e-05,0.00011800299398601055,3.5766977816820145e-05,0.0
20,219,gOMP,baseline,0.001197730001877062,7.256098615471274e-05,0.00015976197028066963,0.0004757449933094904,9.453798702452332e-05,0.0
20,219,gOMP,optimized,0.0005269020039122552,4.581004031933844e-05,0.0001218699908349663,0.00018816802185028791,6.695998308714479e-05,0.0
20,220,gOMP,baseline,0.0005759070045314729,2.9363014618866146e-05,7.076900510583073e-05,0.0002402330283075571,4.192799679003656e-05,0.0
20,220,gOMP,optimized,0.0002948809997178614,2.736598253250122e-05,6.881699664518237e-05,9.878398850560188e-05,3.397000546101481e-05,0.0
20,221,gOMP,baseline,0.0011432699975557625,5.4656993597745895e-05,0.00015281300875358284,0.000437674971180968,0.00011172199447173625,0.0
20,221,gOMP,optimized,0.0003004500031238422,2.9399001505225897e-05,6.07690162723884e-05,0.00011122699652332813,3.41139966621995e-05,0.0
20,222,gOMP,baseline,0.0006791689957026392,3.620800271164626e-05,8.661199535708874e-05,0.0002661359903868288,5.135602259542793e-05,0.0
20,222,gOMP,optimized,0.0002928790054284036,3.008400381077081e-05,6.090500392019749e-05,0.00011071201879531145,3.2305048080161214e-05,0.0
20,223,gOMP,baseline,0.0007358369912253693,6.21719955233857e-05,0.00010844002827070653,0.00029063597321510315,5.296498420648277e-05,0.0
20,223,gOMP,optimized,0.000326927998685278,3.056798595935106e-05,6.580000626854599e-05,0.0001268989872187376,3.448899951763451e-05,0.0
20,224,gOMP,baseline,0.0005960239941487089,3.2186973839998245e-05,7.209698378574103e-05,0.0002462670236127451,4.482599615585059e-05,0.0
20,224,gOMP,optimized,0.00035611100611276925,9.389600018039346e-05,5.99069899180904e-05,0.00010135499178431928,3.5810982808470726e-05,0.0
20,225,gOMP,baseline,0.0006606859969906509,3.680300142150372e-05,8.823401003610343e-05,0.00026898799114860594,4.741398151963949e-05,0.0
20,225,gOMP,optimized,0.00028002599719911814,2.653499541338533e-05,5.319993942975998e-05,9.52809932641685e-05,3.140600165352225e-05,0.0
20,226,gOMP,baseline,0.0006893980025779456,3.1779942219145596e-05,8.091601193882525e-05,0.0003072409890592098,4.928400448989123e-05,0.0
20,226,gOMP,optimized,0.0003446909977355972,2.8443988412618637e-05,7.67640012782067e-05,0.00013538099301513284,3.9745005778968334e-05,0.0
20,227,gOMP,baseline,0.0006864830065751448,3.324101271573454e-05,9.656698966864496e-05,0.0002754219894995913,5.208402581047267e-05,0.0
20,227,gOMP,optimized,0.0003452889941399917,4.185797297395766e-05,6.416896940208972e-05,0.0001273269735975191,3.5007979022338986e-05,0.0
20,228,gOMP,baseline,0.0006664319953415543,3.1961011700332165e-05,7.73719948483631e-05,0.0002783179807011038,5.2109986427240074e-05,0.0
20,228,gOMP,optimized,0.0003801300044870004,3.686397394631058e-05,8.113002695608884e-05,0.00011738597822841257,5.487100861500949e-05,0.0
20,229,gOMP,baseline,0.0006583619979210198,3.0790994060225785e-05,7.972799357958138e-05,0.0002799380017677322,5.383399548009038e-05,0.0
20,229,gOMP,optimized,0.00026598099793773144,2.6233014068566263e-05,5.3898984333500266e-05,9.607701213099062e-05,3.130400727968663e-05,0.0
20,230,gOMP,baseline,0.0007933750021038577,3.522401675581932e-05,0.00015948999498505145,0.00030516796687152237,5.804398097097874e-05,0.0
20,230,gOMP,optimized,0.0004045320092700422,5.55050210095942e-05,7.188599556684494e-05,0.0001606470177648589,4.461301432456821e-05,0.0
20,231,gOMP,baseline,0.000701855999068357,3.481902240309864e-05,8.471499313600361e-05,0.00027284501993563026,5.504998262040317e-05,0.0
20,231,gOMP,optimized,0.0003144410002278164,2.9833012376911938e-05,6.489800580311567e-05,0.00011769201955758035,3.461500455159694e-05,0.0
20,232,gOMP,baseline,0.0006695030024275184,3.302501863799989e-05,9.021000005304813e-05,0.0002827839780366048,4.7573979827575386e-05,0.0
20,232,gOMP,optimized,0.0002701210032682866,2.6785972295328975e-05,5.384199903346598e-05,9.661898366175592e-05,3.142599598504603e-05,0.0
20,233,gOMP,baseline,0.0006049600051483139,3.0973998946137726e-05,7.304598693735898e-05,0.00025191901659127325,4.5186025090515614e-05,0.0
20,233,gOMP,optimized,0.0003023180033778772,2.9045986593700945e-05,6.358002428896725e-05,0.00010771802044473588,3.417597326915711e-05,0.0
20,234,gOMP,baseline,0.0009830040071392432,4.6277986257337034e-05,0.00014086598821450025,0.00039398799708578736,9.159801993519068e-05,0.0
20,234,gOMP,optimized,0.0004075899923918769,3.8807978853583336e-05,8.892502228263766e-05,0.00014992499200161546,4.97860019095242e-05,0.0
20,235,gOMP,baseline,0.0012213940062792972,5.9079015045426786e-05,0.00019234901992604136,0.00042414103518240154,8.35359824122861e-05,0.0
20,235,gOMP,optimized,0.0005065859877504408,4.3365973397158086e-05,0.00010186697181779891,0.00020010700973216444,5.573999078478664e-05,0.0
20,236,gOMP,baseline,0.000648717992589809,3.203400410711765e-05,8.062898996286094e-05,0.00027182903431821615,5.132099613547325e-05,0.0
20,236,gOMP,optimized,0.000301554988254793,2.9973016353324056e-05,6.010899960529059e-05,0.00010697697871364653,3.6689976695925e-05,0.0
20,237,gOMP,baseline,0.0006248020072234794,3.1400020816363394e-05,8.331899880431592e-05,0.0002498789835954085,4.651201015803963e-05,0.0
20,237,gOMP,optimized,0.00026898999931290746,2.6890993467532098e-05,5.286101077217609e-05,9.792100172489882e-05,3.193698648829013e-05,0.0
20,238,gOMP,baseline,0.0008289829856948927,4.382301995065063e-05,0.00012544600758701563,0.00033755999174900353,6.24069944024086e-05,0.0
20,238,gOMP,optimized,0.000509031000547111,4.9709982704371214e-05,0.00011125000310130417,0.00015730700397398323,0.00010168699373025447,0.0
20,239,gOMP,baseline,0.001171134994365275,5.98470214754343e-05,0.0001660249981796369,0.00044528700527735054,9.339902317151427e-05,0.0
20,239,gOMP,optimized,0.0005282900092424825,4.5092994696460664e-05,0.00011998302943538874,0.00018731497402768582,6.872402445878834e-05,0.0
20,240,gOMP,baseline,0.0006633290031459183,3.278598887845874e-05,9.004400635603815e-05,0.00027423296705819666,4.952501330990344e-05,0.0
20,240,gOMP,optimized,0.0009847630135482177,0.00010307598859071732,0.00017021101666614413,0.00024286699772346765,0.00021904497407376766,0.0
20,241,gOMP,baseline,0.0006343940040096641,3.059899609070271e-05,8.93840187927708e-05,0.0002575959952082485,4.9268011935055256e-05,0.0
20,241,gOMP,optimized,0.00027515699912328273,2.739699266385287e-05,5.698097811546177e-05,9.886799671221524e-05,3.3513992093503475e-05,0.0
20,242,gOMP,baseline,0.0006290489982347935,3.026996273547411e-05,7.950401050038636e-05,0.0002676630101632327,4.7496985644102097e-05,0.0
20,242,gOMP,optimized,0.00026712100952863693,2.679901081137359e-05,5.2912000683136284e-05,9.566998051013798e-05,3.1329007470048964e-05,0.0
20,243,gOMP,baseline,0.001335986002231948,8.399698708672076e-05,0.00034742598654702306,0.0004746409977087751,0.00010217000090051442,0.0
20,243,gOMP,optimized,0.0003454329998930916,4.785301280207932e-05,6.755000504199415e-05,0.0001210999907925725,3.447297785896808e-05,0.0
20,244,gOMP,baseline,0.0006960339960642159,3.5047996789216995e-05,9.738797962199897e-05,0.0002866280119633302,5.209899973124266e-05,0.0
20,244,gOMP,optimized,0.00032208499033004045,2.9133021598681808e-05,6.141499034129083e-05,0.00012061197776347399,3.72079957742244e-05,0.0
20,245,gOMP,baseline,0.0005890920001547784,3.128500247839838e-05,7.479896885342896e-05,0.00024278501223307103,4.405801882967353e-05,0.0
20,245,gOMP,optimized,0.00031517900060862303,2.929098263848573e-05,5.9119018260389566e-05,0.00012192300346214324,3.71570058632642e-05,0.0
20,246,gOMP,baseline,0.0007513289892813191,3.557000309228897e-05,0.00010564399417489767,0.00029848697886336595,5.25450159329921e-05,0.0
20,246,gOMP,optimized,0.0004030940035590902,3.429100615903735e-05,0.00010040098277386278,0.00014093299978412688,4.1302002500742674e-05,0.0
20,247,gOMP,baseline,0.001346231991192326,8.620200969744474e-05,0.00019882999185938388,0.0005138190317666158,0.00012680298823397607,0.0
20,247,gOMP,optimized,0.0004582069959724322,4.0547020034864545e-05,0.00010098899656441063,0.00016255100490525365,5.454399797599763e-05,0.0
20,248,gOMP,baseline,0.0006325349968392402,3.105199721176177e-05,7.462500070687383e-05,0.00026572700880933553,4.837301094084978e-05,0.0
20,248,gOMP,optimized,0.00027754400798585266,2.7076996047981083e-05,5.619498551823199e-05,0.00010021899652201682,3.1823001336306334e-05,0.0
20,249,gOMP,baseline,0.0005896880029467866,2.963599399663508e-05,7.203199493233114e-05,0.000248514988925308,4.265400639269501e-05,0.0
20,249,gOMP,optimized,0.00029003300005570054,2.9597984394058585e-05,5.8668971178121865e-05,0.00010139099322259426,3.443002060521394e-05,0.0
20,250,gOMP,baseline,0.000661853002384305,3.467196074780077e-05,8.724798681214452e-05,0.0002745309902820736,4.822798655368388e-05,0.0
20,250,gOMP,optimized,0.00035666499752551317,3.4526019589975476e-05,6.147900421638042e-05,0.00014619898865930736,4.0605998947285116e-05,0.0
20,251,gOMP,baseline,0.0006051499949535355,3.084102354478091e-05,8.04610172053799e-05,0.00024810401373542845,4.378297307994217e-05,0.0
20,251,gOMP,optimized,0.0003250490117352456,2.793999738059938e-05,5.964201409369707e-05,0.0001333920081378892,3.7607038393616676e-05,0.0
20,252,gOMP,baseline,0.0006074509874451905,3.145700611639768e-05,7.620900578331202e-05,0.00024987901269923896,4.704197635874152e-05,0.0
20,252,gOMP,optimized,0.0002817370113916695,2.9328002710826695e-05,5.569597124122083e-05,0.00010266002209391445,3.624397504609078e-05,0.0
20,253,gOMP,baseline,0.000632091992883943,3.072901745326817e-05,8.122601138893515e-05,0.0002490900078555569,4.495798202697188e-05,0.0
20,253,gOMP,optimized,0.00029162000282667577,3.9445978472940624e-05,5.6019998737610877e-05,0.00010102699161507189,3.242201637476683e-05,0.0
20,254,gOMP,baseline,0.0007652970089111477,3.3127987990155816e-05,0.0001703599700704217,0.0002838399959728122,5.45009970664978e-05,0.0
20,254,gOMP,optimized,0.00030662299832329154,3.793502401094884e-05,6.165598460938781e-05,0.00010841801122296602,3.476400161162019e-05,0.0
20,255,gOMP,baseline,0.0005936449888395146,3.089597157668322e-05,7.750402437523007e-05,0.0002470780164003372,4.290499782655388e-05,0.0
20,255,gOMP,optimized,0.000278633990092203,2.877401129808277e-05,5.7527999160811305e-05,0.00010007501987274736,3.300599928479642e-05,0.0
20,256,gOMP,baseline,0.000994923000689596,4.745801561512053e-05,0.00011393797467462718,0.0003811619826592505,0.00012421899009495974,0.0
20,256,gOMP,optimized,0.0003123339993180707,3.0601993785239756e-05,6.201500946190208e-05,0.00010954301978927106,4.1920982766896486e-05,0.0
20,257,gOMP,baseline,0.0006440970028052106,3.017400740645826e-05,7.294703391380608e-05,0.0002770790015347302,5.286997475195676e-05,0.0
20,257,gOMP,optimized,0.0002914720098488033,3.089598612859845e-05,5.798098572995514e-05,0.00010325996845494956,3.375601954758167e-05,0.0
20,258,gOMP,baseline,0.0007727640040684491,3.62690188921988e-05,0.00011173599341418594,0.0003158589970553294,5.841301754117012e-05,0.0
20,258,gOMP,optimized,0.00029481899400707334,2.8978989575989544e-05,6.154499715194106e-05,0.00010920998465735465,3.40679835062474e-05,0.0
20,259,gOMP,baseline,0.0006085219938540831,3.126700175926089e-05,7.283297600224614e-05,0.00024802397820167243,4.241599526721984e-05,0.0
20,259,gOMP,optimized,0.00028751300123985857,2.8727983590215445e-05,5.671801045536995e-05,0.00010933898738585413,3.320797986816615e-05,0.0
20,260,gOMP,baseline,0.0005800689978059381,2.8960988856852055e-05,7.297698175534606e-05,0.0002418120129732415,4.425000224728137e-05,0.0
20,260,gOMP,optimized,0.00029885899857617915,2.8484995709732175e-05,6.125097570475191e-05,0.00010684003063943237,3.407399344723672e-05,0.0
20,261,gOMP,baseline,0.0005925110017415136,2.9724003979936242e-05,7.337001443374902e-05,0.00023697700817137957,5.5217984481714666e-05,0.0
20,261,gOMP,optimized,0.0002687270025489852,2.8237016522325575e-05,5.515399971045554e-05,9.783401037566364e-05,3.152897988911718e-05,0.0
20,262,gOMP,baseline,0.000833448997582309,5.3943003877066076e-05,0.0001104420080082491,0.0003058930014958605,9.219101048074663e-05,0.0
20,262,gOMP,optimized,0.0004596560029312968,3.843200101982802e-05,9.459500142838806e-05,0.00016398799198213965,5.463599518407136e-05,0.0
20,263,gOMP,baseline,0.0011296470038359985,5.9559999499469995e-05,0.00015357599477283657,0.000441789990873076,9.873499220702797e-05,0.0
20,263,gOMP,optimized,0.0005793599993921816,5.185599729884416e-05,0.0001258919801330194,0.00019947397231590003,6.867099727969617e-05,0.0
20,264,gOMP,baseline,0.0005734030128223822,2.9587026801891625e-05,7.532098970841616e-05,0.00023617100669071078,4.239301779307425e-05,0.0
20,264,gOMP,optimized,0.0002719689946388826,2.767099067568779e-05,5.4518983233720064e-05,9.650198626331985e-05,3.0239025363698602e-05,0.0
20,265,gOMP,baseline,0.0008562919974792749,4.104702384211123e-05,0.00013232896162662655,0.00035744596971198916,6.350298644974828e-05,0.0
20,265,gOMP,optimized,0.00030081599834375083,3.563899372238666e-05,5.761598004028201e-05,0.00010861000919248909,3.366300370544195e-05,0.0
20,266,gOMP,baseline,0.0008832039893604815,3.995702718384564e-05,9.26729990169406e-05,0.00035238300915807486,7.56630179239437e-05,0.0
20,266,gOMP,optimized,0.0005795690085506067,5.52340061403811e-05,0.00013605797721538693,0.00020238202705513686,6.738699448760599e-05,0.0
20,267,gOMP,baseline,0.0011936119990423322,5.579898424912244e-05,0.00016949401469901204,0.0004421800113050267,0.00012575002619996667,0.0
20,267,gOMP,optimized,0.000547902993275784,4.654699296224862e-05,0.0001224229927174747,0.0001939260255312547,6.823800504207611e-05,0.0
20,268,gOMP,baseline,0.0006061509920982644,3.111698606517166e-05,7.489199924748391e-05,0.00025111799186561257,4.411301051732153e-05,0.0
20,268,gOMP,optimized,0.00035033900348935276,3.486599598545581e-05,7.346300117205828e-05,0.00011721400369424373,4.124498809687793e-05,0.0
20,269,gOMP,baseline,0.0006118579913163558,3.101599577348679e-05,7.72039929870516e-05,0.0002555439859861508,4.464999074116349e-05,0.0
20,269,gOMP,optimized,0.0003133450081804767,2.983699960168451e-05,7.011796697042882e-05,0.00010777398711070418,3.629103593993932e-05,0.0
20,270,gOMP,baseline,0.0006968130037421361,3.2302006729878485e-05,9.42630140343681e-05,0.0002786049881251529,5.509897891897708e-05,0.0
20,270,gOMP,optimized,0.0006234979955479503,3.866199404001236e-05,0.00018136198923457414,0.00022929998522158712,5.6635995861142874e-05,0.0
20,271,gOMP,baseline,0.0006039040017640218,3.488901711534709e-05,7.691000064369291e-05,0.00024679501075297594,4.5066000893712044e-05,0.0
20,271,gOMP,optimized,0.0003238060016883537,2.7734015020541847e-05,6.581800698768348e-05,0.00012681899534072727,3.6738012568093836e-05,0.0
20,272,gOMP,baseline,0.0005873729969607666,2.6658992283046246e-05,7.428298704326153e-05,0.00024693099840078503,3.976000880356878e-05,0.0
20,272,gOMP,optimized,0.0002624729968374595,2.3517990484833717e-05,5.486400914378464e-05,9.589301771484315e-05,3.254700277466327e-05,0.0
20,273,gOMP,baseline,0.000617817000602372,4.972898750565946e-05,7.843402272555977e-05,0.0002480459661455825,4.553800681605935e-05,0.0
20,273,gOMP,optimized,0.00026672499370761216,2.6067005819641054e-05,5.1830997108481824e-05,9.703097748570144e-05,3.111499245278537e-05,0.0
20,274,gOMP,baseline,0.0009426539909327403,3.915000706911087e-05,0.00012804599828086793,0.000398913020035252,8.404100663028657e-05,0.0
20,274,gOMP,optimized,0.00031417699938174337,2.6013993192464113e-05,7.112399907782674e-05,0.00011054099013563246,3.53820068994537e-05,0.0
20,275,gOMP,baseline,0.0006168450054246932,3.1509000109508634e-05,8.424500992987305e-05,0.0002549019845901057,4.5894994400441647e-05,0.0
20,275,gOMP,optimized,0.00027816199872177094,2.6901980163529515e-05,5.3921001381240785e-05,0.00011215898848604411,3.049299994017929e-05,0.0
20,276,gOMP,baseline,0.0005992799997329712,2.7085989131592214e-05,8.76480044098571e-05,0.0002445579884806648,4.1804014472290874e-05,0.0
20,276,gOMP,optimized,0.0002729130064835772,2.3990010959096253e-05,5.5055017583072186e-05,0.00010091102740261704,3.280199598520994e-05,0.0
20,277,gOMP,baseline,0.0013268949987832457,6.993400165811181e-05,0.00016168398724403232,0.0004907849943265319,0.0001029779959935695,0.0
20,277,gOMP,optimized,0.000483338997582905,3.619602648541331e-05,0.00010072901204694062,0.0001796960277715698,6.031000521034002e-05,0.0
20,278,gOMP,baseline,0.0005608849896816537,2.5560992071405053e-05,7.270403148140758e-05,0.00023492499894928187,3.899898729287088e-05,0.0
20,278,gOMP,optimized,0.000257838997640647,2.2620020899921656e-05,5.173301906324923e-05,9.467601194046438e-05,3.0709998100064695e-05,0.0
20,279,gOMP,baseline,0.0008317030005855486,5.5185999372042716e-05,0.0001615989749552682,0.00032157599343918264,5.758300540037453e-05,0.0
20,279,gOMP,optimized,0.0002924029977293685,2.808397402986884e-05,5.83200016990304e-05,0.00010810898675117642,3.314900095574558e-05,0.0
20,280,gOMP,baseline,0.0010659670078894123,5.0609029131010175e-05,0.00018123800691682845,0.0003388370096217841,0.00020208598289173096,0.0
20,280,gOMP,optimized,0.0004821339971385896,0.00011937100498471409,8.508397149853408e-05,0.00013698301336262375,4.2790008592419326e-05,0.0
20,281,gOMP,baseline,0.0006097760051488876,3.0218041501939297e-05,7.659199764020741e-05,0.0002512600185582414,4.461099160835147e-05,0.0
20,281,gOMP,optimized,0.0002815159969031811,2.7862988645210862e-05,5.7016994105651975e-05,0.00010073598241433501,3.265900886617601e-05,0.0
20,282,gOMP,baseline,0.0013609479938168079,5.8820005506277084e-05,0.00022826099302619696,0.0005437259824248031,0.0001060130016412586,0.0
20,282,gOMP,optimized,0.0005956469976808876,4.205801815260202e-05,0.0001243980077560991,0.0001936810149345547,6.517900328617543e-05,0.0
20,283,gOMP,baseline,0.0006347159942379221,3.0130002414807677e-05,7.649498002137989e-05,0.0002745130186667666,4.92710096295923e-05,0.0
20,283,gOMP,optimized,0.000283282992313616,2.7107016649097204e-05,5.832499300595373e-05,9.929401858244091e-05,3.6483004805631936e-05,0.0
20,284,gOMP,baseline,0.0005750290001742542,2.7608999516814947e-05,7.464300142601132e-05,0.0002412309986539185,4.01680008508265e-05,0.0
20,284,gOMP,optimized,0.00027197800227440894,2.3275977582670748e-05,5.254200368653983e-05,9.938997391145676e-05,3.244300023652613e-05,0.0
20,285,gOMP,baseline,0.0006609389965888113,3.165700763929635e-05,0.00010211800690740347,0.0002696990122785792,4.754096153192222e-05,0.0
20,285,gOMP,optimized,0.00031205099367070943,2.8587994165718555e-05,5.67499955650419e-05,0.0001183640124509111,3.880199801642448e-05,0.0
20,286,gOMP,baseline,0.0005773719894932583,2.5717992684803903e-05,7.461899076588452e-05,0.00024158801534213126,3.977202868554741e-05,0.0
20,286,gOMP,optimized,0.0002815229963744059,2.441399556118995e-05,5.7541008573025465e-05,0.00010109899449162185,3.285397542640567e-05,0.0
20,287,gOMP,baseline,0.0005932150088483468,3.06670117424801e-05,7.955801265779883e-05,0.00024476501857861876,4.188201273791492e-05,0.0
20,287,gOMP,optimized,0.00030682000215165317,2.7496993425302207e-05,5.8685021940618753e-05,0.00011771402205340564,3.68220207747072e-05,0.0
20,288,gOMP,baseline,0.0005972389917587861,2.6456997147761285e-05,7.729200297035277e-05,0.00024620097246952355,4.045902460347861e-05,0.0
20,288,gOMP,optimized,0.000640052996459417,6.80439843563363e-05,0.00015793797501828521,0.00021749100415036082,8.313401485793293e-05,0.0
20,289,gOMP,baseline,0.0006322699919110164,3.140800981782377e-05,8.230398816522211e-05,0.0002703349746298045,4.545699630398303e-05,0.0
20,289,gOMP,optimized,0.00027964999026153237,2.7551010134629905e-05,5.6132994359359145e-05,0.00010267298785038292,3.342900890856981e-05,0.0
20,290,gOMP,baseline,0.0014654059923486784,8.282999624498188e-05,0.0002705109945964068,0.0005563610175158828,0.00011991502833552659,0.0
20,290,gOMP,optimized,0.0006548380042659119,5.030400643590838e-05,0.00016119200154207647,0.00021866500901523978,9.90330008789897e-05,0.0
20,291,gOMP,baseline,0.0013311149959918112,7.386499783024192e-05,0.00018432301294524223,0.0004941079969285056,0.00013380200834944844,0.0
20,291,gOMP,optimized,0.0008051430049818009,7.826200453564525e-05,0.0001624190335860476,0.00031624500115867704,9.253899042960256e-05,0.0
20,292,gOMP,baseline,0.0006594880105694756,3.02900152746588e-05,9.877199772745371e-05,0.00025645201094448566,5.893301567994058e-05,0.0
20,292,gOMP,optimized,0.0003125970106339082,3.0884984880685806e-05,6.136899173725396e-05,0.0001114309998229146,3.634100721683353e-05,0.0
20,293,gOMP,baseline,0.0006981819897191599,3.438199928496033e-05,9.383601718582213e-05,0.00028822799504268914,4.80190064990893e-05,0.0
20,293,gOMP,optimized,0.00027531900559552014,2.364299143664539e-05,5.513499490916729e-05,0.00010252102219965309,3.253102477174252e-05,0.0
20,294,gOMP,baseline,0.0008469839958706871,4.78949659736827e-05,0.00011790599091909826,0.0003190870047546923,7.113299216143787e-05,0.0
20,294,gOMP,optimized,0.0005090680060675368,3.1885982025414705e-05,8.292801794596016e-05,0.00013514497550204396,3.919997834600508e-05,0.0
20,295,gOMP,baseline,0.0006003210000926629,2.729898551478982e-05,7.68229947425425e-05,0.00024378497619181871,4.147400613874197e-05,0.0
20,295,gOMP,optimized,0.0002932310017058626,2.379000943619758e-05,5.96979953115806e-05,0.00011230801464989781,3.4810000215657055e-05,0.0
20,296,gOMP,baseline,0.0005574149981839582,2.9277987778186798e-05,6.712500180583447e-05,0.00023201700241770595,4.088495916221291e-05,0.0
20,296,gOMP,optimized,0.00029916700441390276,2.9080008971504867e-05,6.55350013403222e-05,0.00010212401684839278,3.420298162382096e-05,0.0
20,297,gOMP,baseline,0.0006915999983903021,3.0813986086286604e-05,8.69739888003096e-05,0.00028177601052448153,5.062199488747865e-05,0.0
20,297,gOMP,optimized,0.0002948629989987239,2.700698678381741e-05,6.00669882260263e-05,0.00010636601655278355,3.412998921703547e-05,0.0
20,298,gOMP,baseline,0.0006088359950808808,3.176198515575379e-05,7.793802069500089e-05,0.0002442820114083588,4.406800144352019e-05,0.0
20,298,gOMP,optimized,0.00032036400807555765,2.663800842128694e-05,5.759298801422119e-05,0.00010756799019873142,3.5885022953152657e-05,0.0
20,299,gOMP,baseline,0.000596647005295381,2.601000596769154e-05,7.038400508463383e-05,0.00024909700732678175,3.9887032471597195e-05,0.0
20,299,gOMP,optimized,0.00026860900106839836,2.329199924133718e-05,5.5940006859600544e-05,9.825699089560658e-05,3.083299088757485e-05,0.0
24,0,gOMP,baseline,0.0015815500082680956,7.229800394270569e-05,0.00024093298998195678,0.0006317689694697037,0.00012247000995557755,0.0
24,0,gOMP,optimized,0.0007924509991426021,6.079699960537255e-05,0.00015563798660878092,0.0002849320153472945,9.0667002950795e-05,0.0
24,1,gOMP,baseline,0.0007511010044254363,2.968098851852119e-05,8.373300079256296e-05,0.00033482098660897464,4.868701216764748e-05,0.0
24,1,gOMP,optimized,0.0003315939975436777,3.145496884826571e-05,6.612599827349186e-05,0.00012299399531912059,3.968704550061375e-05,0.0
24,2,gOMP,baseline,0.0007743349997326732,3.000602009706199e-05,8.296797750517726e-05,0.0003209489514119923,4.434197035152465e-05,0.0
24,2,gOMP,optimized,0.00034723100543487817,2.8708003810606897e-05,6.873196980450302e-05,0.00013202300760895014,4.186801379546523e-05,0.0
24,3,gOMP,baseline,0.0011026639986084774,4.430697299540043e-05,0.000150472013046965,0.0004757279821205884,8.919501851778477e-05,0.0
24,3,gOMP,optimized,0.0003501979954307899,2.871999458875507e-05,7.14750203769654e-05,0.00013517601473722607,3.969699901062995e-05,0.0
24,4,gOMP,baseline,0.00073051500658039,3.342198033351451e-05,8.55169928399846e-05,0.0003184320084983483,4.656799137592316e-05,0.0
24,4,gOMP,optimized,0.0007000110053922981,5.078400135971606e-05,0.0002677380252862349,0.00018792596529237926,5.7003009715117514e-05,0.0
24,5,gOMP,baseline,0.0008408900030190125,3.5106000723317266e-05,9.312700422015041e-05,0.0003526119835441932,5.54189900867641e-05,0.0
24,5,gOMP,optimized,0.00030886199965607375,2.610900264699012e-05,6.0560007113963366e-05,0.00011541700223460793,3.663201641757041e-05,0.0
24,6,gOMP,baseline,0.0007673119980609044,3.2388983527198434e-05,8.989899652078748e-05,0.0003410439967410639,5.163899913895875e-05,0.0
24,6,gOMP,optimized,0.0003136750019621104,2.717299503274262e-05,5.9829006204381585e-05,0.00011915397772099823,3.633300366345793e-05,0.0
24,7,gOMP,baseline,0.0009681840019766241,4.4010012061335146e-05,0.0001484460080973804,0.00042171202949248254,6.481898890342563e-05,0.0
24,7,gOMP,optimized,0.0003499729937175289,3.0561990570276976e-05,6.65949919493869e-05,0.00013597799988929182,4.073302261531353e-05,0.0
24,8,gOMP,baseline,0.0007742619927739725,3.059901064261794e-05,9.168899850919843e-05,0.0003431790246395394,4.777104186359793e-05,0.0
24,8,gOMP,optimized,0.0003367040044395253,2.4883978767320514e-05,6.618302722927183e-05,0.00011761600035242736,3.9731996366754174e-05,0.0
24,9,gOMP,baseline,0.0008277520100818947,4.411301051732153e-05,0.0001060750219039619,0.0003529940004227683,5.1363997044973075e-05,0.0
24,9,gOMP,optimized,0.0004783189942827448,3.3701013308018446e-05,8.134196104947478e-05,0.0001401470071868971,0.00012778400559909642,0.0
24,10,gOMP,baseline,0.0007638549868715927,3.0216004233807325e-05,0.00010881898924708366,0.00032430095598101616,4.789500962942839e-05,0.0
24,10,gOMP,optimized,0.0003279109951108694,2.6035995688289404e-05,6.483103788923472e-05,0.00011734900181181729,3.711799217853695e-05,0.0
24,11,gOMP,baseline,0.001350933001958765,6.0271006077528e-05,0.00016414198034908623,0.0005427010328276083,0.00010695903620216995,0.0
24,11,gOMP,optimized,0.0005472140037454665,5.160400178283453e-05,9.934799163602293e-05,0.00019304698798805475,5.4095027735456824e-05,0.0
24,12,gOMP,baseline,0.0007336200069403276,4.16099646827206e-05,8.84890032466501e-05,0.00031458599551115185,4.4316984713077545e-05,0.0
24,12,gOMP,optimized,0.00031573099840898067,2.7115020202472806e-05,6.189099804032594e-05,0.00012054100807290524,3.750398172996938e-05,0.0
24,13,gOMP,baseline,0.0008503709977958351,3.718197694979608e-05,0.00010554198524914682,0.00036270800046622753,5.141801375430077e-05,0.0
24,13,gOMP,optimized,0.00034506499650888145,2.795201726257801e-05,6.797599780838937e-05,0.0001266089966520667,4.0655009797774255e-05,0.0
24,14,gOMP,baseline,0.0007799049926688895,3.0249982955865562e-05,0.00010984600521624088,0.0003414470120333135,4.792401159647852e-05,0.0
24,14,gOMP,optimized,0.0003586599923437461,4.609400639310479e-05,6.903902976773679e-05,0.000126349987112917,3.9744016248732805e-05,0.0
24,15,gOMP,baseline,0.0007666649908060208,3.4590018913149834e-05,9.586397209204733e-05,0.0003367080062162131,5.463701381813735e-05,0.0
24,15,gOMP,optimized,0.00039455998921766877,3.314999048598111e-05,0.00010235798254143447,0.0001333000254817307,4.256900865584612e-05,0.0
24,16,gOMP,baseline,0.0006823200092185289,2.882700937334448e-05,7.673498475924134e-05,0.0003029079962288961,4.388499655760825e-05,0.0
24,16,gOMP,optimized,0.0002925970038631931,2.4716980988159776e-05,5.885498831048608e-05,0.00010858902533072978,3.4585013054311275e-05,0.0
24,17,gOMP,baseline,0.0007286649924935773,2.923200372606516e-05,8.350498683284968e-05,0.00032556398946326226,4.777699359692633e-05,0.0
24,17,gOMP,optimized,0.0003227039997000247,2.772000152617693e-05,6.609699630644172e-05,0.00011556198296602815,3.624700184445828e-05,0.0
24,18,gOMP,baseline,0.0009161439957097173,3.631500294432044e-05,0.00014019798254594207,0.00037265304126776755,7.312398520298302e-05,0.0
24,18,gOMP,optimized,0.0006745659920852631,6.928201764822006e-05,0.00018477602861821651,0.00021118299628142267,0.00010542599193286151,0.0
24,19,gOMP,baseline,0.0007165150018408895,3.089504025410861e-05,8.116998651530594e-05,0.0003142169880447909,4.409400571603328e-05,0.0
24,19,gOMP,optimized,0.000325246001011692,2.6645997422747314e-05,7.129400910343975e-05,0.00011615699622780085,3.7831996451132e-05,0.0
24,20,gOMP,baseline,0.0007510379946324974,3.157398896291852e-05,8.735700976103544e-05,0.0003328130260342732,5.6181990657933056e-05,0.0
24,20,gOMP,optimized,0.0003068609948968515,2.550496719777584e-05,5.7250988902524114e-05,0.00011450199235696346,3.691398887895048e-05,0.0
24,21,gOMP,baseline,0.0008618879946880043,3.514598938636482e-05,0.00010534799366723746,0.0003815980162471533,6.478899740613997e-05,0.0
24,21,gOMP,optimized,0.00039639801252633333,3.71289934264496e-05,9.431397484149784e-05,0.0001374360144836828,4.288299533072859e-05,0.0
24,22,gOMP,baseline,0.0010165339917875826,5.556100222747773e-05,0.00012012000661343336,0.00040811400685925037,8.47369956318289e-05,0.0
24,22,gOMP,optimized,0.0004906569956801832,6.697099888697267e-05,9.957098518498242e-05,0.00015827400784473866,4.913102020509541e-05,0.0
24,23,gOMP,baseline,0.0008049349999055266,4.005696973763406e-05,0.00010283199662808329,0.0003395709936739877,4.766100028064102e-05,0.0
24,23,gOMP,optimized,0.00031391798984259367,2.641999162733555e-05,6.23369705863297e-05,0.00011960799747612327,3.7807010812684894e-05,0.0
24,24,gOMP,baseline,0.0007187909941421822,3.138498868793249e-05,9.371599298901856e-05,0.00031199303339235485,4.538102075457573e-05,0.0
24,24,gOMP,optimized,0.0004633890057448298,2.823199611157179e-05,0.00013969698920845985,0.00012988799426238984,4.3194988393224776e-05,0.0
24,25,gOMP,baseline,0.0008017660002224147,3.841695433948189e-05,9.24889900488779e-05,0.00034302401763852686,5.856796633452177e-05,0.0
24,25,gOMP,optimized,0.0003776070079766214,2.949699410237372e-05,6.955699063837528e-05,0.00013383796613197774,4.9063979531638324e-05,0.0
24,26,gOMP,baseline,0.0007134560000849888,2.958797267638147e-05,8.376401092391461e-05,0.000302454995107837,4.3181993532925844e-05,0.0
24,26,gOMP,optimized,0.0003471770032774657,2.6780006010085344e-05,8.374401659239084e-05,0.00012171102571301162,3.978003223892301e-05,0.0
24,27,gOMP,baseline,0.0008983669977169484,3.4362979931756854e-05,0.00011338299373164773,0.00038215699896682054,6.0202000895515084e-05,0.0
24,27,gOMP,optimized,0.00041808800597209483,3.4307013265788555e-05,7.71879858803004e-05,0.00015739099762868136,5.485696601681411e-05,0.0
24,28,gOMP,baseline,0.0007333620014833286,4.379800520837307e-05,8.498698298353702e-05,0.0003170990094076842,4.6828004997223616e-05,0.0
24,28,gOMP,optimized,0.00030585798958782107,2.5793982786126435e-05,6.0914986534044147e-05,0.00011242397886235267,3.525700594764203e-05,0.0
24,29,gOMP,baseline,0.0007379989983746782,3.153298166580498e-05,9.794498328119516e-05,0.0003132959973299876,4.758697468787432e-05,0.0
24,29,gOMP,optimized,0.0003273049951530993,2.8551032301038504e-05,6.389398186001927e-05,0.00011621900193858892,3.700697561725974e-05,0.0
24,30,gOMP,baseline,0.0007302250014618039,3.0480005079880357e-05,7.908299448899925e-05,0.00031329802004620433,4.783901385962963e-05,0.0
24,30,gOMP,optimized,0.0004187380109215155,4.6271990868262947e-05,8.52579833008349e-05,0.00015682901721447706,4.465501115191728e-05,0.0
24,31,gOMP,baseline,0.0007281470025191084,3.0445982702076435e-05,8.712199633009732e-05,0.0003149170079268515,4.45059995399788e-05,0.0
24,31,gOMP,optimized,0.00033573700056876987,2.75279744528234e-05,6.427500920835882e-05,0.00012072901881765574,3.9143997128121555e-05,0.0
24,32,gOMP,baseline,0.001284187994315289,4.5616019633598626e-05,0.00028578001365531236,0.00047825400542933494,9.038401185534894e-05,0.0
24,32,gOMP,optimized,0.0003337259986437857,2.8460999601520598e-05,6.497798312921077e-05,0.00012554103159345686,3.9888996980153024e-05,0.0
24,33,gOMP,baseline,0.0007682430004933849,3.470401861704886e-05,8.756302122492343e-05,0.0003391779900994152,5.8448000345379114e-05,0.0
24,33,gOMP,optimized,0.0003717869985848665,3.4136028261855245e-05,8.497601083945483e-05,0.00013437001325655729,4.038898623548448e-05,0.0
24,34,gOMP,baseline,0.0007078690105117857,2.8964015655219555e-05,7.904297672212124e-05,0.00031430200033355504,4.618400998879224e-05,0.0
24,34,gOMP,optimized,0.00032523299159947783,2.5776971597224474e-05,6.131200643721968e-05,0.00012499900185503066,3.9690014091320336e-05,0.0
24,35,gOMP,baseline,0.0007383600022876635,2.951301576104015e-05,8.317200990859419e-05,0.00032856696634553373,4.993400943931192e-05,0.0
24,35,gOMP,optimized,0.00029033899772912264,2.425101411063224e-05,5.712200072593987e-05,0.00010875101725105196,3.477101563476026e-05,0.0
24,36,gOMP,baseline,0.0007263919978868216,3.147800453007221e-05,8.609901124145836e-05,0.0003169089904986322,4.572799662128091e-05,0.0
24,36,gOMP,optimized,0.0003610419953474775,2.7105037588626146e-05,6.040098378434777e-05,0.00011637897114269435,3.6781959352083504e-05,0.0
24,37,gOMP,baseline,0.0012209850101498887,0.00023623199376743287,0.00015413196524605155,0.00046543798816855997,6.611899880226701e-05,0.0
24,37,gOMP,optimized,0.0006496619898825884,8.131802314892411e-05,0.00011055701179429889,0.0002359689533477649,0.00011152602382935584,0.0
24,38,gOMP,baseline,0.0008709149988135323,3.970699617639184e-05,9.336699440609664e-05,0.0003597770119085908,6.921601016074419e-05,0.0
24,38,gOMP,optimized,0.0005847930005984381,5.206199421081692e-05,0.00012665799295064062,0.0001935439941007644,9.869897621683776e-05,0.0
24,39,gOMP,baseline,0.0007159539964050055,2.9108981834724545e-05,7.929198909550905e-05,0.0003225880063837394,4.651398921851069e-05,0.0
24,39,gOMP,optimized,0.00031440300517715514,2.5518020265735686e-05,6.214102904777974e-05,0.00011911599722225219,3.7739024264737964e-05,0.0
24,40,gOMP,baseline,0.0007064249948598444,3.106903750449419e-05,8.62909946590662e-05,0.00030967699422035366,4.5141990995034575e-05,0.0
24,40,gOMP,optimized,0.000437825990957208,2.8770009521394968e-05,6.801100971642882e-05,0.0002164160250686109,4.627100133802742e-05,0.0
24,41,gOMP,baseline,0.000733218010282144,2.8941998607479036e-05,8.649099618196487e-05,0.00031210800807457417,4.6998990001156926e-05,0.0
24,41,gOMP,optimized,0.0002959239936899394,2.5066998205147684e-05,6.158399628475308e-05,0.00010893701983150095,3.5285003832541406e-05,0.0
24,42,gOMP,baseline,0.0007969599973876029,3.162396023981273e-05,9.844300802797079e-05,0.00035761699837166816,5.125599273014814e-05,0.0
24,42,gOMP,optimized,0.00031216400384437293,2.6331981644034386e-05,6.241300434339792e-05,0.00011777500913012773,3.698702494148165e-05,0.0
24,43,gOMP,baseline,0.000744075994589366,3.0449009500443935e-05,9.339398820884526e-05,0.0003201020444976166,5.0525995902717113e-05,0.0
24,43,gOMP,optimized,0.000369636996765621,2.8417009161785245e-05,8.469901513308287e-05,0.00013163202675059438,3.957799344789237e-05,0.0
24,44,gOMP,baseline,0.000735969006200321,3.112497506663203e-05,8.405998232774436e-05,0.00032391000422649086,5.099800182506442e-05,0.0
24,44,gOMP,optimized,0.000372793001588434,2.6397989131510258e-05,9.245399269275367e-05,0.00013967299310024828,3.8610000046901405e-05,0.0
24,45,gOMP,baseline,0.0007667379977647215,3.2280004234053195e-05,9.31029935600236e-05,0.00032482598908245564,6.490902160294354e-05,0.0
24,45,gOMP,optimized,0.0003176500031258911,2.4442022549919784e-05,6.119899626355618e-05,0.00012070102093275636,3.849499626085162e-05,0.0
24,46,gOMP,baseline,0.000852178010973148,3.945002390537411e-05,0.00012647599214687943,0.00036011298652738333,6.380201375577599e-05,0.0
24,46,gOMP,optimized,0.0002957540127681568,2.5147979613393545e-05,5.927597521804273e-05,0.00011136500688735396,3.5496006603352726e-05,0.0
24,47,gOMP,baseline,0.0007548450084868819,2.9934002668596804e-05,0.00010433500574436039,0.00032811601704452187,4.623096901923418e-05,0.0
24,47,gOMP,optimized,0.0003523809864418581,2.8661001124419272e-05,8.05549934739247e-05,0.0001265079918084666,3.847997868433595e-05,0.0
24,48,gOMP,baseline,0.0008878880034899339,3.661200753413141e-05,0.00011811101285275072,0.0003702660178532824,6.946400390006602e-05,0.0
24,48,gOMP,optimized,0.00038424000376835465,3.063600161112845e-05,6.871599180158228e-05,0.00015854496450629085,4.412801354192197e-05,0.0
24,49,gOMP,baseline,0.0009899089927785099,3.775197546929121e-05,0.00011553101649042219,0.0004110619775019586,8.310498378705233e-05,0.0
24,49,gOMP,optimized,0.00041278699063695967,3.208802081644535e-05,9.592999413143843e-05,0.00014659199223387986,4.243799776304513e-05,0.0
24,50,gOMP,baseline,0.0007602710102219135,3.014199319295585e-05,7.642900163773447e-05,0.0003319409879622981,4.7025998355820775e-05,0.0
24,50,gOMP,optimized,0.0003393280057935044,2.6899971999228e-05,8.183898171409965e-05,0.00012028799392282963,3.7686986615881324e-05,0.0
24,51,gOMP,baseline,0.0007616909861098975,2.9900023946538568e-05,9.395698725711554e-05,0.0003378679830348119,4.83339827042073e-05,0.0
24,51,gOMP,optimized,0.0003960790054406971,2.871100150514394e-05,8.079099643509835e-05,0.0001648479956202209,4.4836022425442934e-05,0.0
24,52,gOMP,baseline,0.0007642479904461652,3.075903805438429e-05,8.081499254330993e-05,0.0003250150039093569,4.9026988563127816e-05,0.0
24,52,gOMP,optimized,0.0006102479965193197,5.5564974900335073e-05,0.0001607329904800281,0.00019553201855160296,7.392300176434219e-05,0.0
24,53,gOMP,baseline,0.0009731470054248348,5.082596908323467e-05,0.0001197269739350304,0.00040316497324965894,6.94110058248043e-05,0.0
24,53,gOMP,optimized,0.0005381759983720258,4.702901060227305e-05,0.00011078098032157868,0.00020728501840494573,6.464704347308725e-05,0.0
24,54,gOMP,baseline,0.0008647909999126568,4.222700954414904e-05,0.0001088099816115573,0.00036282198561821133,5.986397445667535e-05,0.0
24,54,gOMP,optimized,0.0003295319911558181,2.7120011509396136e-05,6.626200047321618e-05,0.0001239330304088071,3.7951002013869584e-05,0.0
24,55,gOMP,baseline,0.0010864509968087077,4.072600859217346e-05,0.00011925502622034401,0.0004964749823557213,9.850798232946545e-05,0.0
24,55,gOMP,optimized,0.0004459470073925331,4.7567009460181e-05,7.98429682618007e-05,0.00016331201186403632,7.125096453819424e-05,0.0
24,56,gOMP,baseline,0.001081528011127375,3.9291990105994046e-05,0.0001500069920439273,0.0004756889975396916,6.85410195728764e-05,0.0
24,56,gOMP,optimized,0.0006298670050455257,8.959700062405318e-05,0.0001240989804500714,0.00022178799554239959,5.663400224875659e-05,0.0
24,57,gOMP,baseline,0.0009591229900252074,4.3180014472454786e-05,0.0001373029954265803,0.0003397550026420504,5.732498539146036e-05,0.0
24,57,gOMP,optimized,0.0004043900116812438,6.0694030253216624e-05,7.689002086408436e-05,0.0001329770020674914,5.537497054319829e-05,0.0
24,58,gOMP,baseline,0.0007786700007272884,3.1728006433695555e-05,8.851801976561546e-05,0.0003542310150805861,5.36689767614007e-05,0.0
24,58,gOMP,optimized,0.0004356069985078648,2.741000207606703e-05,9.367699385620654e-05,0.00017247999494429678,4.6699002268724144e-05,0.0
24,59,gOMP,baseline,0.0007606779981870204,3.1565999961458147e-05,8.607999188825488e-05,0.0003213729796698317,4.7923997044563293e-05,0.0
24,59,gOMP,optimized,0.00045802100794389844,6.322900298982859e-05,9.814597433432937e-05,0.00015105301281437278,4.6743007260374725e-05,0.0
24,60,gOMP,baseline,0.0007242380088428035,3.416000981815159e-05,8.345498645212501e-05,0.00031417897844221443,5.0766015192493796e-05,0.0
24,60,gOMP,optimized,0.00030544999754056334,2.5873989216051996e-05,5.8048011851496994e-05,0.00011749299301300198,3.4971992135979235e-05,0.0
24,61,gOMP,baseline,0.0013143639953341335,6.69360306346789e-05,0.00016327599587384611,0.00047515898768324405,0.00017003901302814484,0.0
24,61,gOMP,optimized,0.0009604640072211623,5.3329989896155894e-05,0.00011752400314435363,0.00041697898996062577,8.377600170206279e-05,0.0
24,62,gOMP,baseline,0.0007189270108938217,2.946695894934237e-05,8.077200618572533e-05,0.00030995297129265964,4.496496694628149e-05,0.0
24,62,gOMP,optimized,0.0002884819987230003,2.4065011530183256e-05,5.7434983318671584e-05,0.00010789399675559253,3.536303120199591e-05,0.0
24,63,gOMP,baseline,0.000794988009147346,3.093201667070389e-05,9.120997856371105e-05,0.0003252360038459301,8.641699969302863e-05,0.0
24,63,gOMP,optimized,0.0003737619990715757,3.189798735547811e-05,9.120198956225067e-05,0.00013129001308698207,4.210298357065767e-05,0.0
24,64,gOMP,baseline,0.0008034479978960007,4.17389819631353e-05,9.472099191043526e-05,0.00034238299122080207,6.443701568059623e-05,0.0
24,64,gOMP,optimized,0.00048380601219832897,3.929798549506813e-05,7.833201379980892e-05,0.00021974500850774348,5.6873992434702814e-05,0.0
24,65,gOMP,baseline,0.0007333990070037544,2.9869013815186918e-05,8.15710227470845e-05,0.0003229740250390023,4.9843991291709244e-05,0.0
24,65,gOMP,optimized,0.0003055300039704889,2.632899850141257e-05,6.25999819021672e-05,0.00011313600407447666,3.6183977499604225e-05,0.0
24,66,gOMP,baseline,0.0007554619951406494,3.2499025110155344e-05,8.944400178734213e-05,0.0003274469927418977,4.579400410875678e-05,0.0
24,66,gOMP,optimized,0.0002902120031649247,2.441897231619805e-05,5.600899748969823e-05,0.000110492022940889,3.484197077341378e-05,0.0
24,67,gOMP,baseline,0.0007800619932822883,3.076500433962792e-05,0.00011018900841008872,0.0003365259908605367,5.0883987569250166e-05,0.0
24,67,gOMP,optimized,0.00038528999721165746,4.634799552150071e-05,7.619000098202378e-05,0.00013109701103530824,3.933400148525834e-05,0.0
24,68,gOMP,baseline,0.0014284420030890033,5.34080172656104e-05,0.00016085202514659613,0.0005646149948006496,0.00013047100219409913,0.0
24,68,gOMP,optimized,0.0003430759970797226,2.708201645873487e-05,6.931001553311944e-05,0.0001218270044773817,3.7838995922356844e-05,0.0
24,69,gOMP,baseline,0.0007319599972106516,3.115102299489081e-05,7.791700772941113e-05,0.0003291749890195206,4.378301673568785e-05,0.0
24,69,gOMP,optimized,0.00030280799546744674,2.502801362425089e-05,5.7352022849954665e-05,0.0001084820250980556,3.5053002648055553e-05,0.0
24,70,gOMP,baseline,0.000716683003702201,2.8611015295609832e-05,9.012801456265152e-05,0.0003131729899905622,4.8097994294948876e-05,0.0
24,70,gOMP,optimized,0.000295931997243315,2.4469016352668405e-05,5.834200419485569e-05,0.0001102539972634986,3.601099888328463e-05,0.0
24,71,gOMP,baseline,0.0012790350010618567,6.400098209269345e-05,0.000167876947671175,0.0005389300204114988,0.0001385009818477556,0.0
24,71,gOMP,optimized,0.000374379989807494,3.2239986467175186e-05,7.471800199709833e-05,0.00014186899352353066,4.2997999116778374e-05,0.0
24,72,gOMP,baseline,0.0007823659980203956,3.642603405751288e-05,8.367201371584088e-05,0.00035462999949231744,4.9807000323198736e-05,0.0
24,72,gOMP,optimized,0.0003272850008215755,3.825602470897138e-05,6.602001667488366e-05,0.00011774597805924714,3.7857971619814634e-05,0.0
24,73,gOMP,baseline,0.0007665270095458254,3.056401328649372e-05,0.00010480897617526352,0.00032931800524238497,5.111198697704822e-05,0.0
24,73,gOMP,optimized,0.0003017779963556677,2.5474000722169876e-05,5.673200939781964e-05,0.00010877000750042498,4.471399006433785e-05,0.0
24,74,gOMP,baseline,0.0008390449947910383,3.099598689004779e-05,9.017898992169648e-05,0.00036007200833410025,6.993299757596105e-05,0.0
24,74,gOMP,optimized,0.000694021990057081,4.971498856320977e-05,0.00011350300337653607,0.00021316998754628003,6.656299228779972e-05,0.0
24,75,gOMP,baseline,0.000969596003415063,5.476700607687235e-05,0.00012349398457445204,0.000392562011256814,8.555702515877783e-05,0.0
24,75,gOMP,optimized,0.000355401003616862,3.134801227133721e-05,6.0386970289982855e-05,0.00012596097076311707,3.911196836270392e-05,0.0
24,76,gOMP,baseline,0.0008847209974192083,4.284299211576581e-05,0.00010289401689078659,0.0003923099866369739,5.9894984588027e-05,0.0
24,76,gOMP,optimized,0.00030942499870434403,2.5178989744745195e-05,6.955799472052604e-05,0.00011227799404878169,3.483598993625492e-05,0.0
24,77,gOMP,baseline,0.0009420079877600074,3.3567979699000716e-05,9.98829782474786e-05,0.0003871790104312822,6.054899131413549e-05,0.0
24,77,gOMP,optimized,0.0007750080112600699,6.269401637837291e-05,0.00015544598863925785,0.0002798060013446957,0.00010137699428014457,0.0
24,78,gOMP,baseline,0.0008825830009300262,3.7950987461954355e-05,0.00010322700836695731,0.0003928190126316622,6.0730992117896676e-05,0.0
24,78,gOMP,optimized,0.00033415800135117024,2.6819005142897367e-05,6.396403477992862e-05,0.00013203000708017498,3.920498420484364e-05,0.0
24,79,gOMP,baseline,0.0009690389997558668,3.816798562183976e-05,0.0001331670064246282,0.0003818179975496605,8.279197209049016e-05,0.0
24,79,gOMP,optimized,0.0003210509894415736,2.498799585737288e-05,7.22470140317455e-05,0.0001186410227091983,3.6062003346160054e-05,0.0
24,80,gOMP,baseline,0.0006833759980509058,2.6718000299297273e-05,7.821299368515611e-05,0.0003050970262847841,4.243000876158476e-05,0.0
24,80,gOMP,optimized,0.0003055480046896264,2.5202985852956772e-05,6.051997479517013e-05,0.00011201197048649192,3.670201112981886e-05,0.0
24,81,gOMP,baseline,0.000726719998056069,3.044398908969015e-05,8.172501111403108e-05,0.0003260240046074614,4.6927001676522195e-05,0.0
24,81,gOMP,optimized,0.00029982399428263307,2.4160981411114335e-05,5.855699419043958e-05,0.00011198803258594126,3.530597314238548e-05,0.0
24,82,gOMP,baseline,0.0010871340055018663,6.312401092145592e-05,0.00013468500401359051,0.00043881998863071203,9.528697410132736e-05,0.0
24,82,gOMP,optimized,0.0003747040027519688,3.094598650932312e-05,7.684498268645257e-05,0.00013743599993176758,4.054098099004477e-05,0.0
24,83,gOMP,baseline,0.0006937200087122619,2.9044982511550188e-05,8.132701623253524e-05,0.00030452503415290266,4.274499951861799e-05,0.0
24,83,gOMP,optimized,0.0003310659958515316,2.412102185189724e-05,7.677201938349754e-05,0.00011548798647709191,3.7035017157904804e-05,0.0
24,84,gOMP,baseline,0.0007309560023713857,2.958696859423071e-05,7.856501906644553e-05,0.00033158699807245284,4.856199666392058e-05,0.0
24,84,gOMP,optimized,0.00030643900390714407,2.4971013772301376e-05,6.215700705070049e-05,0.00011270098912063986,3.682200622279197e-05,0.0
24,85,gOMP,baseline,0.0008052939956542104,3.857098636217415e-05,9.948898514267057e-05,0.0003300240059616044,5.0714981625787914e-05,0.0
24,85,gOMP,optimized,0.00034000599407590926,2.9183996957726777e-05,6.66069972794503e-05,0.00012082398461643606,3.8583006244152784e-05,0.0
24,86,gOMP,baseline,0.0007671420025872067,3.1850955565460026e-05,9.182700887322426e-05,0.0003407920157769695,5.144299939274788e-05,0.0
24,86,gOMP,optimized,0.00031277899688575417,2.636901626829058e-05,6.163099897094071e-05,0.00012055397382937372,3.6619967431761324e-05,0.0
24,87,gOMP,baseline,0.0010440039914101362,5.3428986575454473e-05,0.00010834200656972826,0.00037417595740407705,5.6482997024431825e-05,0.0
24,87,gOMP,optimized,0.0003679950023069978,2.880500687751919e-05,7.026997627690434e-05,0.00014496898802462965,4.627500311471522e-05,0.0
24,88,gOMP,baseline,0.0006718350050505251,2.7189002139493823e-05,7.689002086408436e-05,0.0002983090380439535,4.155695205554366e-05,0.0
24,88,gOMP,optimized,0.0003194510063622147,2.6672001695260406e-05,6.34350290056318e-05,0.00011612699017859995,3.6102006561122835e-05,0.0
24,89,gOMP,baseline,0.0008157650008797646,3.6469995393417776e-05,9.828199108596891e-05,0.00034444202901795506,5.437902291305363e-05,0.0
24,89,gOMP,optimized,0.0003058220027014613,2.504100848454982e-05,5.862701800651848e-05,0.0001173140190076083,3.675899642985314e-05,0.0
24,90,gOMP,baseline,0.0007585329876746982,4.732499655801803e-05,8.070700278040022e-05,0.0003312890185043216,4.727501072920859e-05,0.0
24,90,gOMP,optimized,0.0006673390016658232,5.3225987358018756e-05,0.0001446289970772341,0.0002619680017232895,8.753500878810883e-05,0.0
24,91,gOMP,baseline,0.0008735300070839003,3.555300645530224e-05,0.00012379599502310157,0.0003956080036005005,5.463199340738356e-05,0.0
24,91,gOMP,optimized,0.00031755698728375137,2.5803979951888323e-05,6.209799903444946e-05,0.00011890102177858353,3.6591969546861947e-05,0.0
24,92,gOMP,baseline,0.0008540220005670562,5.1658033044077456e-05,0.00010670900519471616,0.00036476801324170083,5.318899638950825e-05,0.0
24,92,gOMP,optimized,0.00033714000892359763,2.7122005121782422e-05,6.298597145359963e-05,0.00011914799688383937,3.7694990169256926e-05,0.0
24,93,gOMP,baseline,0.0009149319957941771,3.834301605820656e-05,0.000107893007225357,0.00038453198794741184,7.323203317355365e-05,0.0
24,93,gOMP,optimized,0.0003493940021144226,2.6891997549682856e-05,8.191903179977089e-05,0.0001242159924004227,4.0511018596589565e-05,0.0
24,94,gOMP,baseline,0.0008823169919196516,4.0130995330400765e-05,0.00011146099132020026,0.00036156497662886977,6.406102329492569e-05,0.0
24,94,gOMP,optimized,0.0003777410020120442,2.9614006052725017e-05,6.61670055706054e-05,0.00014288701640907675,6.459403084591031e-05,0.0
24,95,gOMP,baseline,0.0009226380061591044,3.6931014619767666e-05,0.00010247297177556902,0.0003891310188919306,6.804696749895811e-05,0.0
24,95,gOMP,optimized,0.00034646899439394474,2.6223016902804375e-05,6.808698526583612e-05,0.0001223860017489642,3.868098428938538e-05,0.0
24,96,gOMP,baseline,0.001068291996489279,3.596901660785079e-05,0.00011960502888541669,0.00048344799142796546,0.0001024169905576855,0.0
24,96,gOMP,optimized,0.0003544060018612072,3.392899816390127e-05,7.377397560048848e-05,0.00012771399633493274,4.1315011912956834e-05,0.0
24,97,gOMP,baseline,0.0007864079962018877,3.2858981285244226e-05,9.276899800170213e-05,0.0003520159953041002,5.144799069967121e-05,0.0
24,97,gOMP,optimized,0.00030298400088213384,2.5908011593855917e-05,5.974198575131595e-05,0.00011204101610928774,3.599398769438267e-05,0.0
24,98,gOMP,baseline,0.0010523939999984577,0.00011830900621134788,0.0001494990283390507,0.0004064509703312069,6.376396049745381e-05,0.0
24,98,gOMP,optimized,0.0004807859950233251,4.4760003220289946e-05,9.354301437269896e-05,0.0001675260136835277,5.833801697008312e-05,0.0
24,99,gOMP,baseline,0.0007929410057840869,3.097600711043924e-05,0.00011429698497522622,0.00033332296879962087,5.191098898649216e-05,0.0
24,99,gOMP,optimized,0.0003720520035130903,2.8730020858347416e-05,7.565900159534067e-05,0.0001455100136809051,4.265099414624274e-05,0.0
24,100,gOMP,baseline,0.0008296849991893396,3.7121004424989223e-05,9.321096877101809e-05,0.00031775899697095156,4.728799103759229e-05,0.0
24,100,gOMP,optimized,0.0003301169926999137,2.554801176302135e-05,6.008896161802113e-05,0.0001141039829235524,3.6442012060433626e-05,0.0
24,101,gOMP,baseline,0.0012370740005280823,6.051399395801127e-05,0.00014670401287730783,0.0004391719994600862,0.00016385097114834934,0.0
24,101,gOMP,optimized,0.00033975699625443667,2.811901504173875e-05,6.846299220342189e-05,0.00012932499521411955,3.777799429371953e-05,0.0
24,102,gOMP,baseline,0.0009977020090445876,4.8488000174984336e-05,0.00012148200767114758,0.0003892899985658005,7.085998367983848e-05,0.0
24,102,gOMP,optimized,0.0004927850095555186,4.463798541110009e-05,9.825802408158779e-05,0.00015107201761566103,5.6214004871435463e-05,0.0
24,103,gOMP,baseline,0.0007480909989681095,3.0484996386803687e-05,8.343700028490275e-05,0.0003302080003777519,5.2315983339212835e-05,0.0
24,103,gOMP,optimized,0.00029440100479405373,2.4659006157889962e-05,5.686601798515767e-05,0.00011205999180674553,3.452500095590949e-05,0.0
24,104,gOMP,baseline,0.0007203199929790571,2.8445007046684623e-05,8.393998723477125e-05,0.0003247099812142551,4.61309973616153e-05,0.0
24,104,gOMP,optimized,0.00030458500259555876,2.6216002879664302e-05,6.226498226169497e-05,0.00011343600635882467,3.60180129064247e-05,0.0
24,105,gOMP,baseline,0.0010173240007134154,4.543700197245926e-05,0.00013130799925420433,0.0003710810124175623,9.2425019829534e-05,0.0
24,105,gOMP,optimized,0.00032446099794469774,2.5155997718684375e-05,7.545795233454555e-05,0.00011700397590175271,3.6420984542928636e-05,0.0
24,106,gOMP,baseline,0.0007313130045076832,3.10989998979494e-05,8.107397297862917e-05,0.00031853601103648543,4.628498572856188e-05,0.0
24,106,gOMP,optimized,0.00033048698969651014,2.5305969757027924e-05,6.36500190012157e-05,0.00013092398876324296,4.037797043565661e-05,0.0
24,107,gOMP,baseline,0.0007430780096910894,2.928903268184513e-05,8.760399941820651e-05,0.0003413619997445494,4.80110029457137e-05,0.0
24,107,gOMP,optimized,0.0002969730121549219,2.405997656751424e-05,5.854896153323352e-05,0.0001110599550884217,3.5429999115876853e-05,0.0
24,108,gOMP,baseline,0.0006872070080135018,2.6412977604195476e-05,8.008700388018042e-05,0.0003078159934375435,4.3100008042529225e-05,0.0
24,108,gOMP,optimized,0.00033760299265850335,2.472799678798765e-05,6.265200499910861e-05,0.00011326199455652386,3.590600681491196e-05,0.0
24,109,gOMP,baseline,0.0007744840113446116,3.124798240605742e-05,9.821500862017274e-05,0.0003291089815320447,4.7163033741526306e-05,0.0
24,109,gOMP,optimized,0.0003022960008820519,2.5530971470288932e-05,6.0196034610271454e-05,0.00011599503341130912,3.590199048630893e-05,0.0
24,110,gOMP,baseline,0.0014272900007199496,8.307801908813417e-05,0.0001466419780626893,0.0005355680041247979,8.794902532827109e-05,0.0
24,110,gOMP,optimized,0.0003628980048233643,3.134296275675297e-05,7.835500582586974e-05,0.00012940401211380959,4.336699203122407e-05,0.0
24,111,gOMP,baseline,0.0007575390045531094,3.295400529168546e-05,9.26189823076129e-05,0.00033178599551320076,4.8550020437687635e-05,0.0
24,111,gOMP,optimized,0.00030710099963471293,2.4339969968423247e-05,6.0165999457240105e-05,0.00011642300523817539,3.572800778783858e-05,0.0
24,112,gOMP,baseline,0.0007231100025819615,2.8619993827305734e-05,8.397700730711222e-05,0.0003164779773214832,4.786599311046302e-05,0.0
24,112,gOMP,optimized,0.0003563700011000037,2.7521993615664542e-05,6.791499617975205e-05,0.00011983001604676247,3.8076977944001555e-05,0.0
24,113,gOMP,baseline,0.000753625005017966,4.106201231479645e-05,8.520099800080061e-05,0.0003267339779995382,5.02849870827049e-05,0.0
24,113,gOMP,optimized,0.00045068099279887974,4.7214984078891575e-05,7.986499986145645e-05,0.00016910098202060908,5.9635000070557e-05,0.0
24,114,gOMP,baseline,0.0007301720033865422,3.0145005439408123e-05,9.147298987954855e-05,0.00032318595913238823,4.735501715913415e-05,0.0
24,114,gOMP,optimized,0.0005271720001474023,3.913599357474595e-05,0.00010182797268498689,0.00022280699340626597,6.219500210136175e-05,0.0
24,115,gOMP,baseline,0.0008926120062824339,3.672899038065225e-05,9.536300785839558e-05,0.0004253459919709712,7.010500121396035e-05,0.0
24,115,gOMP,optimized,0.0003912410029442981,2.8395981644280255e-05,8.241101750172675e-05,0.00015522401372436434,4.326204361859709e-05,0.0
24,116,gOMP,baseline,0.001150808995589614,5.406599666457623e-05,0.0001358740119030699,0.00043309399916324764,7.820999599061906e-05,0.0
24,116,gOMP,optimized,0.0008217210124712437,5.985400639474392e-05,0.00021148903761059046,0.0003179869818268344,0.00010015800944529474,0.0
24,117,gOMP,baseline,0.0007223690045066178,2.921400300692767e-05,7.986200216691941e-05,0.0003211330040358007,4.7081004595384e-05,0.0
24,117,gOMP,optimized,0.00034747600147966295,3.3326970878988504e-05,6.459599535446614e-05,0.0001349520025542006,3.971895785070956e-05,0.0
24,118,gOMP,baseline,0.0007304180035134777,3.0566996429115534e-05,8.695101132616401e-05,0.0003158659965265542,5.367402627598494e-05,0.0
24,118,gOMP,optimized,0.0003282990073785186,2.6610010536387563e-05,6.213499000295997e-05,0.00012574897846207023,3.932298568543047e-05,0.0
24,119,gOMP,baseline,0.0007502689986722544,3.219200880266726e-05,8.630297088529915e-05,0.00032287601788993925,4.825698852073401e-05,0.0
24,119,gOMP,optimized,0.00036826399445999414,2.9396993340924382e-05,6.578599277418107e-05,0.00012038400745950639,3.724999260157347e-05,0.0
24,120,gOMP,baseline,0.0007594839989906177,3.025998012162745e-05,8.157698903232813e-05,0.0003115280269412324,4.427798558026552e-05,0.0
24,120,gOMP,optimized,0.0003175160090904683,2.493799547664821e-05,6.04599918005988e-05,0.000125653954455629,3.906099300365895e-05,0.0
24,121,gOMP,baseline,0.0007623170095030218,3.159299376420677e-05,8.468901796732098e-05,0.0003402069996809587,5.0291011575609446e-05,0.0
24,121,gOMP,optimized,0.00030028399487491697,2.417599898763001e-05,5.705500370822847e-05,0.00011140100832562894,3.780898987315595e-05,0.0
24,122,gOMP,baseline,0.0007003069913480431,2.8898008167743683e-05,8.4598024841398e-05,0.00030867598252370954,4.558202635962516e-05,0.0
24,122,gOMP,optimized,0.0003705830022227019,3.2199008273892105e-05,6.887000927235931e-05,0.00014537501556333154,5.299801705405116e-05,0.0
24,123,gOMP,baseline,0.0006760120013495907,2.739600313361734e-05,7.465299859177321e-05,0.00029257799906190485,4.2166022467426956e-05,0.0
24,123,gOMP,optimized,0.0005824679974466562,4.253798397257924e-05,0.0001844090293161571,0.00019004600471816957,5.924997094552964e-05,0.0
24,124,gOMP,baseline,0.0006851570069557056,2.680499164853245e-05,8.035500650294125e-05,0.0003023269819095731,4.277499101590365e-05,0.0
24,124,gOMP,optimized,0.0003509069938445464,2.7464964659884572e-05,7.161099347285926e-05,0.0001263459853362292,3.7752994103357196e-05,0.0
24,125,gOMP,baseline,0.0007765399932395667,3.1871022656559944e-05,9.016497642733157e-05,0.00031187597778625786,9.142198541667312e-05,0.0
24,125,gOMP,optimized,0.00035401601053308696,2.8073976864106953e-05,6.808100442867726e-05,0.00013753797975368798,4.3136009480804205e-05,0.0
24,126,gOMP,baseline,0.0007465649978257716,2.7934001991525292e-05,8.4201994468458e-05,0.0003363839932717383,4.917600017506629e-05,0.0
24,126,gOMP,optimized,0.0003275089984526858,2.7103975298814476e-05,6.681305239908397e-05,0.0001221139682456851,3.5038014175370336e-05,0.0
24,127,gOMP,baseline,0.0008950460032792762,4.760296724271029e-05,0.00010253602522425354,0.0003859740245388821,6.035700789652765e-05,0.0
24,127,gOMP,optimized,0.0003611819993238896,2.7350994059816003e-05,7.000498590059578e-05,0.00015109500964172184,3.871296939905733e-05,0.0
24,128,gOMP,baseline,0.0008283899951493368,3.253102477174252e-05,9.792801574803889e-05,0.00036738500057253987,5.0852991989813745e-05,0.0
24,128,gOMP,optimized,0.0003828930057352409,2.696600859053433e-05,8.692198025528342e-05,0.00014970000484026968,4.394998541101813e-05,0.0
24,129,gOMP,baseline,0.0011561999999685213,5.8022982557304204e-05,0.00014819198986515403,0.0004029999836347997,7.690698839724064e-05,0.0
24,129,gOMP,optimized,0.0003959360037697479,3.3917007385753095e-05,7.397001900244504e-05,0.00016296099056489766,4.642698331736028e-05,0.0
24,130,gOMP,baseline,0.0009164209914160892,3.8326994399540126e-05,0.00011161298607476056,0.00039436401857528836,7.168299634940922e-05,0.0
24,130,gOMP,optimized,0.00038972300535533577,3.6121971788816154e-05,7.461097266059369e-05,0.00014902499970048666,4.919900675304234e-05,0.0
24,131,gOMP,baseline,0.0007346839993260801,2.946099266409874e-05,8.729498949833214e-05,0.00033253301808144897,4.865002119913697e-05,0.0
24,131,gOMP,optimized,0.0003141799970762804,3.5209988709539175e-05,5.984898598399013e-05,0.00011522299610078335,3.597501199692488e-05,0.0
24,132,gOMP,baseline,0.0008087930036708713,3.282498801127076e-05,9.54180140979588e-05,0.0003350199986016378,7.05050042597577e-05,0.0
24,132,gOMP,optimized,0.00035304400080349296,2.6245004846714437e-05,6.293598562479019e-05,0.00013214797945693135,5.300396878737956e-05,0.0
24,133,gOMP,baseline,0.0007830859976820648,3.308399755042046e-05,9.025401959661394e-05,0.00032963400008156896,5.0026035751216114e-05,0.0
24,133,gOMP,optimized,0.0003868750063702464,4.477299808058888e-05,7.084298704285175e-05,0.00013894100266043097,4.353499389253557e-05,0.0
24,134,gOMP,baseline,0.0008469140011584386,3.1634976039640605e-05,0.00010385400673840195,0.00039297997136600316,5.1648967200890183e-05,0.0
24,134,gOMP,optimized,0.00034250599856022745,2.6363006327301264e-05,7.385404023807496e-05,0.00011896798969246447,3.872098750434816e-05,0.0
24,135,gOMP,baseline,0.00148775200068485,9.084299381356686e-05,0.0002298259933013469,0.0006548310193466023,0.00011286800145171583,0.0
24,135,gOMP,optimized,0.0003320769901620224,2.8098002076148987e-05,6.8063018261455e-05,0.00012351300392765552,3.791003837250173e-05,0.0
24,136,gOMP,baseline,0.0007174089987529442,4.862097557634115e-05,8.302700007334352e-05,0.0003068759833695367,4.641499253921211e-05,0.0
24,136,gOMP,optimized,0.0006593809957848862,3.308900340925902e-05,8.742399222683161e-05,0.0003458669816609472,8.013898332137614e-05,0.0
24,137,gOMP,baseline,0.0007503599917981774,2.9998962418176234e-05,9.176500316243619e-05,0.0003317480004625395,4.8887988668866456e-05,0.0
24,137,gOMP,optimized,0.0003006650076713413,2.4761000531725585e-05,5.9893951402045786e-05,0.00011313498544041067,3.67010070476681e-05,0.0
24,138,gOMP,baseline,0.0010582310060271993,5.331399734131992e-05,0.0001221370039274916,0.00042951901559717953,0.00010485196253284812,0.0
24,138,gOMP,optimized,0.0004081530059920624,4.483302473090589e-05,8.324401278514415e-05,0.0001437699975213036,4.696699033956975e-05,0.0
24,139,gOMP,baseline,0.0009072209941223264,3.558196476660669e-05,8.991801587399095e-05,0.00035139497776981443,9.990199760068208e-05,0.0
24,139,gOMP,optimized,0.0003229600115446374,2.7179994503967464e-05,6.296901847235858e-05,0.00011537202226463705,3.744696732610464e-05,0.0
24,140,gOMP,baseline,0.000757581990910694,3.08040325762704e-05,8.821401570457965e-05,0.00033896898094099015,4.759998410008848e-05,0.0
24,140,gOMP,optimized,0.0002986699983011931,2.6000969228334725e-05,5.875399801880121e-05,0.00011378699855413288,3.561099583748728e-05,0.0
24,141,gOMP,baseline,0.0007970120059326291,3.290700260549784e-05,0.00010105599358212203,0.0003450860094744712,5.548499757423997e-05,0.0
24,141,gOMP,optimized,0.0007659270049771294,5.1386989071033895e-05,0.00017927800945471972,0.0002628059883136302,0.00012810601037926972,0.0
24,142,gOMP,baseline,0.0013431200059130788,6.667499837931246e-05,0.00017864000983536243,0.0005821759841637686,0.00011982599971815944,0.0
24,142,gOMP,optimized,0.00047821400221437216,5.9335987316444516e-05,0.0001096430205507204,0.0001575799979036674,5.1733004511334e-05,0.0
24,143,gOMP,baseline,0.0007528639980591834,3.102200571447611e-05,9.167798270937055e-05,0.00032835398451425135,4.7581997932866216e-05,0.0
24,143,gOMP,optimized,0.0003210639988537878,3.069700323976576e-05,6.143598875496536e-05,0.00012244998652022332,3.939199086744338e-05,0.0
24,144,gOMP,baseline,0.0007946550031192601,3.069202648475766e-05,9.732600301504135e-05,0.0003484560002107173,5.4679985623806715e-05,0.0
24,144,gOMP,optimized,0.00031306000892072916,2.7465008315630257e-05,6.390096677932888e-05,0.000117791976663284,3.72150243492797e-05,0.0
24,145,gOMP,baseline,0.0007750539953121915,3.392096550669521e-05,9.514795965515077e-05,0.00031925395887810737,4.912700387649238e-05,0.0
24,145,gOMP,optimized,0.00035965300048701465,5.161200533621013e-05,6.958500307518989e-05,0.00012202000652905554,3.726501017808914e-05,0.0
24,146,gOMP,baseline,0.0007531489973189309,3.447401104494929e-05,9.555798897054046e-05,0.0003257650096202269,4.733799141831696e-05,0.0
24,146,gOMP,optimized,0.0003055480046896264,2.536400279495865e-05,6.0008984291926026e-05,0.00011790197459049523,3.605100209824741e-05,0.0
24,147,gOMP,baseline,0.0007775879930704832,3.263901453465223e-05,0.00010514596942812204,0.00033158397127408534,5.1520997658371925e-05,0.0
24,147,gOMP,optimized,0.00034092999703716487,2.7056958060711622e-05,6.700500671286136e-05,0.00012057696585543454,4.932002048008144e-05,0.0
24,148,gOMP,baseline,0.0007879319891799241,3.5016986657865345e-05,8.902899571694434e-05,0.0003536669973982498,4.6792003558948636e-05,0.0
24,148,gOMP,optimized,0.0003123030037386343,2.4425011361017823e-05,5.7110009947791696e-05,0.00010723699233494699,5.033398338127881e-05,0.0
24,149,gOMP,baseline,0.001142296998295933,5.7366007240489125e-05,0.0001434599980711937,0.0005033569905208424,9.868398774415255e-05,0.0
24,149,gOMP,optimized,0.0003144570073345676,2.6640002033673227e-05,6.243302777875215e-05,0.00011828300193883479,3.6542973248288035e-05,0.0
24,150,gOMP,baseline,0.0006920180021552369,2.871599281206727e-05,7.569800072815269e-05,0.000297218983178027,4.416200681589544e-05,0.0
24,150,gOMP,optimized,0.0002932920033344999,2.5617016945034266e-05,5.867000436410308e-05,0.00010909700358752161,3.4558994229882956e-05,0.0
24,151,gOMP,baseline,0.0007082079973770306,2.987300103995949e-05,8.337301551364362e-05,0.0003076610009884462,4.508998245000839e-05,0.0
24,151,gOMP,optimized,0.0002998080017277971,2.549999044276774e-05,5.9368976508267224e-05,0.00011209599324502051,3.560699406079948e-05,0.0
24,152,gOMP,baseline,0.0010332819947507232,4.104204708710313e-05,0.00010440795449540019,0.00038464198587462306,5.233900446910411e-05,0.0
24,152,gOMP,optimized,0.00037238700315356255,3.1567004043608904e-05,7.448098040185869e-05,0.00014746698434464633,4.132199683226645e-05,0.0
24,153,gOMP,baseline,0.000813651000498794,3.0094000976532698e-05,9.41840116865933e-05,0.0003763850108953193,5.662099283654243e-05,0.0
24,153,gOMP,optimized,0.0003425650065764785,2.7001966373063624e-05,6.222500815056264e-05,0.00013848900562152267,4.123299731872976e-05,0.0
24,154,gOMP,baseline,0.0007470720011042431,3.0374983907677233e-05,8.166200132109225e-05,0.000338809986715205,4.9057009164243937e-05,0.0
24,154,gOMP,optimized,0.0002940859994851053,2.437397779431194e-05,5.953999061603099e-05,0.00010861098417080939,3.566297527868301e-05,0.0
24,155,gOMP,baseline,0.0007635850051883608,3.693402686621994e-05,8.84010223671794e-05,0.0003234000032534823,5.508400499820709e-05,0.0
24,155,gOMP,optimized,0.00029723199259024113,2.9239003197290003e-05,5.778705235570669e-05,0.00011230900418013334,3.4544020309112966e-05,0.0
24,156,gOMP,baseline,0.0007335029949899763,3.0104027246125042e-05,9.113602573052049e-05,0.00032145497971214354,4.6850022044964135e-05,0.0
24,156,gOMP,optimized,0.0003564299986464903,2.979396958835423e-05,6.578501779586077e-05,0.0001231540081789717,5.843897815793753e-05,0.0
24,157,gOMP,baseline,0.0009943059994839132,4.532498132903129e-05,0.00011044599523302168,0.00039950196514837444,7.469397678505629e-05,0.0
24,157,gOMP,optimized,0.00038463299279101193,3.537797601893544e-05,9.318401862401515e-05,0.00013545599358621985,4.0788043406791985e-05,0.0
24,158,gOMP,baseline,0.0007790910021867603,4.605198046192527e-05,9.498801955487579e-05,0.00032654000096954405,4.8574001993983984e-05,0.0
24,158,gOMP,optimized,0.0003168300027027726,2.6314985007047653e-05,6.848001794423908e-05,0.00011397100752219558,3.59519908670336e-05,0.0
24,159,gOMP,baseline,0.0006961159961065277,3.3599979360587895e-05,7.920197094790637e-05,0.0003038820286747068,4.6443004976026714e-05,0.0
24,159,gOMP,optimized,0.0003303519915789366,2.9722024919465184e-05,6.669704453088343e-05,0.00011561998690012842,3.642799856606871e-05,0.0
24,160,gOMP,baseline,0.0007407520024571568,3.091602411586791e-05,8.808900020085275e-05,0.0003240249789087102,4.944199463352561e-05,0.0
24,160,gOMP,optimized,0.0003348159953020513,2.7467991458252072e-05,7.936102338135242e-05,0.0001221610145876184,3.69059998774901e-05,0.0
24,161,gOMP,baseline,0.0006970520043978468,3.01100080832839e-05,7.777100836392492e-05,0.0003061659954255447,4.646397428587079e-05,0.0
24,161,gOMP,optimized,0.00029741600155830383,2.546700125094503e-05,5.6510980357415974e-05,0.00011015601921826601,3.604197991080582e-05,0.0
24,162,gOMP,baseline,0.0006999629986239597,2.87240109173581e-05,8.067800081335008e-05,0.00030614003480877727,4.491901199799031e-05,0.0
24,162,gOMP,optimized,0.00032755300344433635,2.505401789676398e-05,6.0099962865933776e-05,0.00013195499195717275,3.799101978074759e-05,0.0
24,163,gOMP,baseline,0.0007581720128655434,3.540799662005156e-05,9.05490160221234e-05,0.0003196170291630551,6.487098289653659e-05,0.0
24,163,gOMP,optimized,0.0003009320062119514,2.4250985006801784e-05,6.794898945372552e-05,0.0001098729990189895,3.392799408175051e-05,0.0
24,164,gOMP,baseline,0.0008847270073601976,4.454200097825378e-05,9.16830322239548e-05,0.00037408099160529673,7.789800292812288e-05,0.0
24,164,gOMP,optimized,0.0004315910045988858,5.0609014579094946e-05,7.805497443769127e-05,0.0001662279973970726,4.5244989451020956e-05,0.0
24,165,gOMP,baseline,0.0006672309973509982,2.697804302442819e-05,7.461300992872566e-05,0.0002962799771921709,4.173899651505053e-05,0.0
24,165,gOMP,optimized,0.00029383999935816973,2.3409025743603706e-05,5.733800935558975e-05,0.00010773101530503482,3.439901047386229e-05,0.0
24,166,gOMP,baseline,0.0007316870032809675,3.0798997613601387e-05,8.419099322054535e-05,0.0003296979848528281,4.8264002543874085e-05,0.0
24,166,gOMP,optimized,0.0003886139893438667,3.958099114242941e-05,8.376300684176385e-05,0.0001328180223936215,5.683598283212632e-05,0.0
24,167,gOMP,baseline,0.000822766000055708,3.09349998133257e-05,8.77399870660156e-05,0.00035124596615787596,5.517098179552704e-05,0.0
24,167,gOMP,optimized,0.0006013120000716299,4.5120978029444814e-05,0.0001173229975393042,0.00022119599452707916,7.576198549941182e-05,0.0
24,168,gOMP,baseline,0.0015172089915722609,5.2441988373175263e-05,0.00022188799630384892,0.0005360439972719178,0.00023320801847148687,0.0
24,168,gOMP,optimized,0.0004030249983770773,3.305196878500283e-05,8.590500510763377e-05,0.0001568650041008368,4.258700937498361e-05,0.0
24,169,gOMP,baseline,0.0008060609980020672,5.369300197344273e-05,9.06369969015941e-05,0.0003455679689068347,4.905699461232871e-05,0.0
24,169,gOMP,optimized,0.000325396002153866,2.7525020414032042e-05,6.381999992299825e-05,0.00012077699648216367,3.856301191262901e-05,0.0
24,170,gOMP,baseline,0.0007802510081091896,3.0929979402571917e-05,9.715800115372986e-05,0.0003488479560473934,4.9206995754502714e-05,0.0
24,170,gOMP,optimized,0.0003197030018782243,2.7809976018033922e-05,6.198899063747376e-05,0.00012018802226521075,3.924101474694908e-05,0.0
24,171,gOMP,baseline,0.0011466059950180352,6.027899507898837e-05,0.00016387000505346805,0.0004075610340805724,0.00011833301687147468,0.0
24,171,gOMP,optimized,0.00036674099101219326,3.136997111141682e-05,7.746100891381502e-05,0.00014086297596804798,4.1324994526803493e-05,0.0
24,172,gOMP,baseline,0.000734194996766746,4.456302849575877e-05,9.072797547560185e-05,0.00031410102383233607,4.747101047541946e-05,0.0
24,172,gOMP,optimized,0.0002982620062539354,2.4787979782558978e-05,5.952002538833767e-05,0.00011065402941312641,3.507699875626713e-05,0.0
24,173,gOMP,baseline,0.0008030419994611293,3.431997902225703e-05,9.401999705005437e-05,0.00035750798997469246,5.76870224904269e-05,0.0
24,173,gOMP,optimized,0.00032188399927690625,2.9547984013333917e-05,6.262700480874628e-05,0.00011957700189668685,3.8928003050386906e-05,0.0
24,174,gOMP,baseline,0.0008472970075672492,3.626900434028357e-05,0.00010809698142111301,0.000340118000167422,5.8564008213579655e-05,0.0
24,174,gOMP,optimized,0.00030164100462570786,2.6501016691327095e-05,5.9242986026220024e-05,0.0001129720185417682,3.7012025131843984e-05,0.0
24,175,gOMP,baseline,0.0007851699920138344,3.571099659893662e-05,0.00010272198414895684,0.00033049997000489384,4.861700290348381e-05,0.0
24,175,gOMP,optimized,0.0003138939937343821,2.4670996936038136e-05,5.7927987654693425e-05,0.00010816199937835336,3.4509997931309044e-05,0.0
24,176,gOMP,baseline,0.0006945929926587269,2.772000152617693e-05,8.567799523007125e-05,0.00030850598705001175,4.2776999180205166e-05,0.0
24,176,gOMP,optimized,0.0003345099976286292,2.683598722796887e-05,8.413000614382327e-05,0.00011588397319428623,3.829496563412249e-05,0.0
24,177,gOMP,baseline,0.0007614239875692874,3.266800194978714e-05,9.410205530002713e-05,0.00033950900251511484,4.764800542034209e-05,0.0
24,177,gOMP,optimized,0.00036646801163442433,4.689098568633199e-05,6.559598841704428e-05,0.00014373197336681187,3.907302743755281e-05,0.0
24,178,gOMP,baseline,0.000707827988662757,2.834996848832816e-05,8.038102532736957e-05,0.0003035109693882987,5.400496593210846e-05,0.0
24,178,gOMP,optimized,0.0002930589980678633,2.4706008844077587e-05,5.773903103545308e-05,0.00010696898971218616,3.5424993257038295e-05,0.0
24,179,gOMP,baseline,0.0007228340109577402,2.8705006116069853e-05,8.624899783171713e-05,0.00031368200143333524,4.493998130783439e-05,0.0
24,179,gOMP,optimized,0.00033268101105932146,2.78440274996683e-05,6.940899766050279e-05,0.00011497702507767826,3.759597893804312e-05,0.0
24,180,gOMP,baseline,0.000689486987539567,2.907999441958964e-05,7.723501767031848e-05,0.0003125500079477206,4.1261999285779893e-05,0.0
24,180,gOMP,optimized,0.00032608199398964643,3.435698454268277e-05,6.393798685166985e-05,0.000117661984404549,3.7048986996524036e-05,0.0
24,181,gOMP,baseline,0.0007461249915650114,3.329000901430845e-05,9.021197911351919e-05,0.0003110510151600465,6.762298289686441e-05,0.0
24,181,gOMP,optimized,0.0003264530096203089,2.934900112450123e-05,7.289400673471391e-05,0.00011692299449350685,3.77109827240929e-05,0.0
24,182,gOMP,baseline,0.0009048799984157085,3.622997610364109e-05,0.00011852700845338404,0.0003951580001739785,6.407100590877235e-05,0.0
24,182,gOMP,optimized,0.000533351005287841,4.5523993321694434e-05,9.22969775274396e-05,0.00014945698785595596,0.00015012099174782634,0.0
24,183,gOMP,baseline,0.0008407819987041876,3.991600533481687e-05,0.00010192899208050221,0.00037163500383030623,6.675499025732279e-05,0.0
24,183,gOMP,optimized,0.0003473269898677245,3.3069023629650474e-05,8.004499250091612e-05,0.00011943301069550216,3.729300806298852e-05,0.0
24,184,gOMP,baseline,0.0010408810048829764,5.2862989832647145e-05,0.00015707600687164813,0.00041414603765588254,8.081397390924394e-05,0.0
24,184,gOMP,optimized,0.0006324550049612299,5.909099127165973e-05,0.00013542600208893418,0.0002036549849435687,0.00010558798385318369,0.0
24,185,gOMP,baseline,0.0006748659943696111,3.182100772392005e-05,7.458300387952477e-05,0.0002968350163428113,4.485699173528701e-05,0.0
24,185,gOMP,optimized,0.0007809639937477186,4.24210011260584e-05,0.00010141701204702258,0.00015119300223886967,0.00039292301516979933,0.0
24,186,gOMP,baseline,0.000815428007626906,3.4159995266236365e-05,9.668398706708103e-05,0.00033936602994799614,5.567996413446963e-05,0.0
24,186,gOMP,optimized,0.0004049050039611757,3.4105003578588367e-05,7.836800068616867e-05,0.00014230297529138625,5.7022974942810833e-05,0.0
24,187,gOMP,baseline,0.0007935839967103675,3.8112004403956234e-05,9.420901187695563e-05,0.00032353300775866956,8.109597547445446e-05,0.0
24,187,gOMP,optimized,0.00034349699853919446,3.089901292696595e-05,6.112099799793214e-05,0.0001363540068268776,3.9134014514274895e-05,0.0
24,188,gOMP,baseline,0.0007052459986880422,2.904799475800246e-05,7.688302139285952e-05,0.0003150190314045176,4.629300383385271e-05,0.0
24,188,gOMP,optimized,0.000287900009425357,2.4488006602041423e-05,5.822101957164705e-05,0.00010723700688686222,3.505802305880934e-05,0.0
24,189,gOMP,baseline,0.0011857469944516197,3.2249983632937074e-05,7.49340106267482e-05,0.00031524102087132633,4.966002597939223e-05,0.0
24,189,gOMP,optimized,0.000402107005356811,4.0404003812000155e-05,8.655997226014733e-05,0.00014410699077416211,4.2990010115318e-05,0.0
24,190,gOMP,baseline,0.0007642609998583794,2.817898348439485e-05,0.00011650499072857201,0.0003248259745305404,4.941399674862623e-05,0.0
24,190,gOMP,optimized,0.0003383309958735481,2.751497959252447e-05,6.648799171671271e-05,0.00011901897960342467,3.82250000257045e-05,0.0
24,191,gOMP,baseline,0.0009024680039146915,4.128098953515291e-05,0.0001086950214812532,0.0004170629836153239,6.910999945830554e-05,0.0
24,191,gOMP,optimized,0.00035781398764811456,3.2584008295089006e-05,6.507903162855655e-05,0.00013913295697420835,4.1525985579937696e-05,0.0
24,192,gOMP,baseline,0.0007814090058673173,3.191900032106787e-05,0.00010623197886161506,0.000335781995090656,5.3625000873580575e-05,0.0
24,192,gOMP,optimized,0.00038273900281637907,2.938702527899295e-05,7.670599734410644e-05,0.0001403490168740973,5.5469979997724295e-05,0.0
24,193,gOMP,baseline,0.0007218980026664212,3.202799416612834e-05,7.821901817806065e-05,0.0003238200006308034,5.057397356722504e-05,0.0
24,193,gOMP,optimized,0.0003095139982178807,3.070004459004849e-05,5.9712998336181045e-05,0.00011533302313182503,3.6071971408091486e-05,0.0
24,194,gOMP,baseline,0.0008102200081339106,3.4716009395197034e-05,0.00010895499144680798,0.0003305899736005813,5.188201612327248e-05,0.0
24,194,gOMP,optimized,0.0003247070126235485,2.5815010303631425e-05,6.0506004956550896e-05,0.00012766501458827406,3.8568017771467566e-05,0.0
24,195,gOMP,baseline,0.0008669239905430004,4.992396861780435e-05,0.00011357497714925557,0.0003477529971860349,5.820798105560243e-05,0.0
24,195,gOMP,optimized,0.0007120899972505867,7.768800423946232e-05,0.0001379660243401304,0.00029500701930373907,9.241898078471422e-05,0.0
24,196,gOMP,baseline,0.0008357500046258792,3.2427007681690156e-05,0.00011026699212379754,0.0003768239985220134,5.954399239271879e-05,0.0
24,196,gOMP,optimized,0.00034457200672477484,2.7986025088466704e-05,7.729399658273906e-05,0.0001256529794773087,3.938803274650127e-05,0.0
24,197,gOMP,baseline,0.0008320830092998222,3.842398291453719e-05,9.249200229533017e-05,0.000366704014595598,5.42459893040359e-05,0.0
24,197,gOMP,optimized,0.0003025979967787862,2.906098961830139e-05,5.8497986174188554e-05,0.00011412100866436958,3.50560003425926e-05,0.0
24,198,gOMP,baseline,0.0008007520082173869,3.269898297730833e-05,8.702900959178805e-05,0.00032788101816549897,4.7901979996822774e-05,0.0
24,198,gOMP,optimized,0.00028771799406968057,2.4976994609460235e-05,5.5693002650514245e-05,0.00010714697418734431,3.513101546559483e-05,0.0
24,199,gOMP,baseline,0.0011515189980855212,5.377801426220685e-05,0.0001769110094755888,0.0005085049924673513,8.609899668954313e-05,0.0
24,199,gOMP,optimized,0.0003422959998715669,2.9856004402972758e-05,6.353198841679841e-05,0.00013725801545660943,3.803998697549105e-05,0.0
24,200,gOMP,baseline,0.000740225994377397,3.039701550733298e-05,9.755298378877342e-05,0.00031708496680948883,4.8469999455846846e-05,0.0
24,200,gOMP,optimized,0.00035607499012257904,2.9938993975520134e-05,8.313597936648875e-05,0.00012430601054802537,4.0597980841994286e-05,0.0
24,201,gOMP,baseline,0.0008779469935689121,3.9467966416850686e-05,0.00010597700020298362,0.00036426995939109474,7.495397585444152e-05,0.0
24,201,gOMP,optimized,0.0003372350038262084,3.356800880283117e-05,7.05519923940301e-05,0.00011877399811055511,3.706496499944478e-05,0.0
24,202,gOMP,baseline,0.0009744010021677241,3.6420024116523564e-05,0.0002071699855150655,0.0003884949837811291,6.213701271917671e-05,0.0
24,202,gOMP,optimized,0.00033171899849548936,2.7417016099207103e-05,6.185298843774945e-05,0.00012532396067399532,3.88999906135723e-05,0.0
24,203,gOMP,baseline,0.0006823310104664415,3.291800385341048e-05,7.403800555039197e-05,0.00029772800917271525,4.612198972608894e-05,0.0
24,203,gOMP,optimized,0.0002866810100385919,2.8434034902602434e-05,5.7169992942363024e-05,0.00010351798846386373,3.41800187015906e-05,0.0
24,204,gOMP,baseline,0.0007096479967003688,2.8349008061923087e-05,8.245097706094384e-05,0.00031439597660209984,4.768904182128608e-05,0.0
24,204,gOMP,optimized,0.0003059619921259582,2.4335968191735446e-05,5.914800567552447e-05,0.00011006701970472932,3.564698272384703e-05,0.0
24,205,gOMP,baseline,0.0009059000003617257,4.545800038613379e-05,0.00010484299855306745,0.00037767300091218203,7.548001303803176e-05,0.0
24,205,gOMP,optimized,0.00036750199797097594,3.94100061384961e-05,6.927897629793733e-05,0.00013127102283760905,4.6146014938130975e-05,0.0
24,206,gOMP,baseline,0.0008021729881875217,3.173596633132547e-05,8.497000089846551e-05,0.00032685599580872804,4.931598959956318e-05,0.0
24,206,gOMP,optimized,0.0003247519925935194,2.5233966880477965e-05,6.241298979148269e-05,0.00012805401638615876,3.852701047435403e-05,0.0
24,207,gOMP,baseline,0.0009379229886690155,4.8479982069693506e-05,0.00012160596088506281,0.00038535201747436076,7.342998287640512e-05,0.0
24,207,gOMP,optimized,0.000848773997859098,0.00013278900587465614,0.0001739379804348573,0.0003026329941349104,8.958099351730198e-05,0.0
24,208,gOMP,baseline,0.0006966159999137744,3.144900256302208e-05,7.946000550873578e-05,0.0003107549709966406,4.622997948899865e-05,0.0
24,208,gOMP,optimized,0.0003292720066383481,3.617901529651135e-05,6.229302380234003e-05,0.00011588998313527554,3.6878001992590725e-05,0.0
24,209,gOMP,baseline,0.0008682159968884662,4.419298784341663e-05,9.236400364898145e-05,0.00035981202381663024,8.13750084489584e-05,0.0
24,209,gOMP,optimized,0.00041973400220740587,3.6386962165124714e-05,7.57649977458641e-05,0.00013274700904730707,5.716297891922295e-05,0.0
24,210,gOMP,baseline,0.0013031559938099235,6.542899063788354e-05,0.0001462380023440346,0.0005193179968046024,0.00012925697956234217,0.0
24,210,gOMP,optimized,0.0005091979983262718,5.462499393615872e-05,0.00010951397416647524,0.00019571499433368444,5.56079758098349e-05,0.0
24,211,gOMP,baseline,0.0007223919965326786,4.6989996917545795e-05,8.078401151578873e-05,0.000310433009872213,4.9161986680701375e-05,0.0
24,211,gOMP,optimized,0.0003272399917477742,2.9885995900258422e-05,5.847201100550592e-05,0.00011048000305891037,3.541298792697489e-05,0.0
24,212,gOMP,baseline,0.0008548340119887143,3.759399987757206e-05,0.00010051002027466893,0.0003851020155707374,6.17369805695489e-05,0.0
24,212,gOMP,optimized,0.0003970200050389394,3.723500412888825e-05,0.0001008009712677449,0.00013405697245616466,4.4144035200588405e-05,0.0
24,213,gOMP,baseline,0.0009305610001320019,4.139098746236414e-05,0.00012912000238429755,0.0003848280030069873,8.306698873639107e-05,0.0
24,213,gOMP,optimized,0.00030607199005316943,2.9457005439326167e-05,5.947201861999929e-05,0.00011355899914633483,3.541301703080535e-05,0.0
24,214,gOMP,baseline,0.0011809199932031333,6.68350257910788e-05,0.00016084099479485303,0.00047313298273365945,0.00011756700405385345,0.0
24,214,gOMP,optimized,0.0003976019943365827,3.823100996669382e-05,9.091399260796607e-05,0.0001424179645255208,4.4841013732366264e-05,0.0
24,215,gOMP,baseline,0.0007389499951386824,3.589398693293333e-05,8.523301221430302e-05,0.0003172360302414745,5.22869813721627e-05,0.0
24,215,gOMP,optimized,0.0004943880048813298,3.97080002585426e-05,9.329298336524516e-05,0.00017218102584592998,0.00010223597928415984,0.0
24,216,gOMP,baseline,0.0007465419912477955,3.703398397192359e-05,9.01600142242387e-05,0.00031850200321059674,5.054699431639165e-05,0.0
24,216,gOMP,optimized,0.00031164399115368724,2.8435999411158264e-05,5.685201904270798e-05,0.00011779397027567029,3.897900751326233e-05,0.0
24,217,gOMP,baseline,0.0011269189999438822,6.536499131470919e-05,0.00015503099712077528,0.00042258000758010894,9.799099643714726e-05,0.0
24,217,gOMP,optimized,0.00046214899339247495,3.626600664574653e-05,9.203604713547975e-05,0.00015395600348711014,6.5983971580863e-05,0.0
24,218,gOMP,baseline,0.001007202998152934,4.762898606713861e-05,0.00018173700664192438,0.0004030889831483364,6.920799205545336e-05,0.0
24,218,gOMP,optimized,0.00034066800435539335,3.055199340451509e-05,7.54999928176403e-05,0.00012382397835608572,3.7806996260769665e-05,0.0
24,219,gOMP,baseline,0.000704676000168547,2.772998414002359e-05,7.575198833364993e-05,0.00030219301697798073,5.927999154664576e-05,0.0
24,219,gOMP,optimized,0.00029376999009400606,2.435900387354195e-05,5.841898382641375e-05,0.00010904297232627869,3.543500497471541e-05,0.0
24,220,gOMP,baseline,0.0007918080082163215,3.7191028241068125e-05,9.18560108402744e-05,0.00033846199221443385,5.527399480342865e-05,0.0
24,220,gOMP,optimized,0.0003307470033178106,3.0112016247585416e-05,5.974699161015451e-05,0.00013231798948254436,3.8559999666176736e-05,0.0
24,221,gOMP,baseline,0.0009419289999641478,4.114300827495754e-05,0.0001317060086876154,0.00039556199044454843,6.859799032099545e-05,0.0
24,221,gOMP,optimized,0.0004964849940733984,4.007901588920504e-05,0.00010447601380292326,0.00016085105016827583,5.215099372435361e-05,0.0
24,222,gOMP,baseline,0.0007177819934440777,3.287500294391066e-05,9.722699178382754e-05,0.0003083969932049513,4.991798778064549e-05,0.0
24,222,gOMP,optimized,0.0003153970028506592,2.9906004783697426e-05,5.858403164893389e-05,0.0001211950002470985,3.465900954324752e-05,0.0
24,223,gOMP,baseline,0.0009406419994775206,3.87749751098454e-05,0.00010145598207600415,0.00035646896867547184,6.22640218352899e-05,0.0
24,223,gOMP,optimized,0.00031237700022757053,2.7568006771616638e-05,6.141298217698932e-05,0.0001195840013679117,3.628901322372258e-05,0.0
24,224,gOMP,baseline,0.000824934002594091,4.018598701804876e-05,0.000119215008453466,0.0003471599775366485,5.637203867081553e-05,0.0
24,224,gOMP,optimized,0.00032835100137162954,3.2059993827715516e-05,6.208702689036727e-05,0.0001214340009028092,4.045201058033854e-05,0.0
24,225,gOMP,baseline,0.0009277460048906505,3.9488018956035376e-05,0.0001133740006480366,0.00039049898623488843,6.397902325261384e-05,0.0
24,225,gOMP,optimized,0.0003800080012297258,3.3697986509650946e-05,8.540903218090534e-05,0.00014378501509781927,4.07099723815918e-05,0.0
24,226,gOMP,baseline,0.001686750998487696,6.968896195758134e-05,0.00016584200784564018,0.0005030360043747351,0.0001678109692875296,0.0
24,226,gOMP,optimized,0.0004937240009894595,4.142899706494063e-05,0.00011946199811063707,0.00017705000936985016,5.484600842464715e-05,0.0
24,227,gOMP,baseline,0.0007247030007420108,3.0277020414359868e-05,8.777499897405505e-05,0.000320983977871947,4.569801967591047e-05,0.0
24,227,gOMP,optimized,0.00037626300763804466,2.6907000574283302e-05,6.690602458547801e-05,0.0001465090026613325,4.564398841466755e-05,0.0
24,228,gOMP,baseline,0.0010882369970204309,6.29500427749008e-05,0.00013129298167768866,0.00043645300320349634,0.00010600702080409974,0.0
24,228,gOMP,optimized,0.00040628400165587664,3.80200071958825e-05,7.416398148052394e-05,0.00016788297216407955,4.7289999201893806e-05,0.0
24,229,gOMP,baseline,0.0008314809965668246,4.2348969145677984e-05,0.0001114519836846739,0.0003532809787429869,6.064699846319854e-05,0.0
24,229,gOMP,optimized,0.0003627300029620528,3.453399403952062e-05,6.556298467330635e-05,0.00012817399692721665,3.762599953915924e-05,0.0
24,230,gOMP,baseline,0.0007647599995834753,3.633898450061679e-05,9.626102109905332e-05,0.0003308440063847229,5.1870985771529377e-05,0.0
24,230,gOMP,optimized,0.00031647199648432434,3.046296478714794e-05,6.220400973688811e-05,0.00011427400750108063,3.6783021641895175e-05,0.0
24,231,gOMP,baseline,0.0007982700044522062,3.323701093904674e-05,9.038699499797076e-05,0.00034438801230862737,6.858400593046099e-05,0.0
24,231,gOMP,optimized,0.00032574399665463716,2.6931986212730408e-05,6.096602010075003e-05,0.0001274330134037882,3.7797988625243306e-05,0.0
24,232,gOMP,baseline,0.0007019610056886449,3.190198913216591e-05,7.566699059680104e-05,0.00031065901566762477,4.801801696885377e-05,0.0
24,232,gOMP,optimized,0.0002958010009024292,2.9611997888423502e-05,5.966502067167312e-05,0.00010793001274578273,3.48129979101941e-05,0.0
24,233,gOMP,baseline,0.0007487020047847182,2.7991991373710334e-05,8.19910055724904e-05,0.0003490429953671992,4.704901948571205e-05,0.0
24,233,gOMP,optimized,0.00028718699468299747,2.4556982680223882e-05,5.86389796808362e-05,0.0001069169957190752,3.420696884859353e-05,0.0
24,234,gOMP,baseline,0.000959580997005105,4.076298500876874e-05,0.00020206699264235795,0.00037046801298856735,6.503501208499074e-05,0.0
24,234,gOMP,optimized,0.0003096250002272427,3.014299727510661e-05,6.172501889523119e-05,0.00011646798520814627,3.5420976928435266e-05,0.0
24,235,gOMP,baseline,0.001153769000666216,5.258496094029397e-05,0.0001321320014540106,0.0003914239932782948,6.012701487634331e-05,0.0
24,235,gOMP,optimized,0.0003876350092468783,2.746899554040283e-05,6.83310063323006e-05,0.0001607970189070329,4.22910088673234e-05,0.0
24,236,gOMP,baseline,0.0011575200041988865,6.593100260943174e-05,0.0001790459791664034,0.000429082996561192,0.0001134440244641155,0.0
24,236,gOMP,optimized,0.0005250490066828206,5.4687014198862016e-05,0.00010797499271575361,0.00019306300964672118,5.8694015024229884e-05,0.0
24,237,gOMP,baseline,0.000722494994988665,2.9547998565249145e-05,8.351600263267756e-05,0.00032222100708168,4.3211039155721664e-05,0.0
24,237,gOMP,optimized,0.00030445099400822073,2.584498724900186e-05,5.879199306946248e-05,0.00011638303112704307,3.788297181017697e-05,0.0
24,238,gOMP,baseline,0.0007863560022087768,3.549898974597454e-05,0.00010423202184028924,0.00032740099413786083,5.21019974257797e-05,0.0
24,238,gOMP,optimized,0.0003311320033390075,2.9798015020787716e-05,6.166298408061266e-05,0.00012170498666819185,4.4096013880334795e-05,0.0
24,239,gOMP,baseline,0.0014328949910122901,6.998202297836542e-05,0.00018471700605005026,0.0005583029997069389,0.00011216798156965524,0.0
24,239,gOMP,optimized,0.00034006299392785877,2.917800156865269e-05,6.48649875074625e-05,0.0001286160113522783,3.984401701018214e-05,0.0
24,240,gOMP,baseline,0.0007676609966438264,3.7160018109716475e-05,9.052801760844886e-05,0.00031520302582066506,5.20309986313805e-05,0.0
24,240,gOMP,optimized,0.00035995899816043675,3.274397749919444e-05,8.364100358448923e-05,0.00012714898912236094,4.2037005187012255e-05,0.0
24,241,gOMP,baseline,0.0007177060033427551,3.375699452590197e-05,8.284299110528082e-05,0.0003170899726683274,4.2876985389739275e-05,0.0
24,241,gOMP,optimized,0.0006908929935889319,4.605796129908413e-05,0.00012340297689661384,0.0003368860197952017,9.143901115749031e-05,0.0
24,242,gOMP,baseline,0.0006746750004822388,3.2598982215858996e-05,7.684701995458454e-05,0.0002922460116678849,4.591602191794664e-05,0.0
24,242,gOMP,optimized,0.00030708099075127393,2.9271002858877182e-05,5.709199467673898e-05,0.0001060499926097691,3.412700607441366e-05,0.0
24,243,gOMP,baseline,0.0009196000028168783,3.559798642527312e-05,0.00011340004857629538,0.00039553598617203534,8.569099009037018e-05,0.0
24,243,gOMP,optimized,0.00044673000229522586,3.363800351507962e-05,0.00012606500240508467,0.00015331800386775285,4.351098323240876e-05,0.0
24,244,gOMP,baseline,0.0008120479906210676,4.076298500876874e-05,0.00010288498015142977,0.0003414130042074248,5.4763033404015005e-05,0.0
24,244,gOMP,optimized,0.0003450799995334819,3.02289699902758e-05,6.12010044278577e-05,0.00011347197869326919,4.387999069876969e-05,0.0
24,245,gOMP,baseline,0.0007868430111557245,3.145200025755912e-05,9.94619622360915e-05,0.0003474069817457348,5.516798410099e-05,0.0
24,245,gOMP,optimized,0.00033806299325078726,2.908398164436221e-05,7.152999751269817e-05,0.0001230910129379481,3.84019804187119e-05,0.0
24,246,gOMP,baseline,0.0007936699985293671,3.419799031689763e-05,8.780500502325594e-05,0.0003653269959613681,5.844898987561464e-05,0.0
24,246,gOMP,optimized,0.0003376480017323047,3.1325980671681464e-05,6.747498991899192e-05,0.0001251379871973768,3.667800046969205e-05,0.0
24,247,gOMP,baseline,0.0011390010040486231,6.135398871265352e-05,0.00013491700519807637,0.0004433930153027177,7.839997124392539e-05,0.0
24,247,gOMP,optimized,0.0003300280077382922,2.6815017918124795e-05,7.106101838871837e-05,0.00011975699453614652,3.822700819000602e-05,0.0
24,248,gOMP,baseline,0.0007519840000895783,3.7874997360631824e-05,8.723701466806233e-05,0.00032995399669744074,5.3132971515879035e-05,0.0
24,248,gOMP,optimized,0.0003146959934383631,3.0357972718775272e-05,6.14600139670074e-05,0.00011864598491229117,3.6999001167714596e-05,0.0
24,249,gOMP,baseline,0.0006631939904764295,2.8067006496712565e-05,7.319400901906192e-05,0.00029451100272126496,4.1737963329069316e-05,0.0
24,249,gOMP,optimized,0.00032440200448036194,2.5565983378328383e-05,6.686900451313704e-05,0.00011743500363081694,3.540198667906225e-05,0.0
24,250,gOMP,baseline,0.0008441539976047352,3.4357013646513224e-05,7.96400272520259e-05,0.00039263600774575025,6.529099482577294e-05,0.0
24,250,gOMP,optimized,0.0003469669900368899,3.530499816406518e-05,7.029301195871085e-05,0.000119741031085141,3.6874000215902925e-05,0.0
24,251,gOMP,baseline,0.0009234979952452704,6.927501817699522e-05,0.00011755101149901748,0.00037545397935900837,6.196099275257438e-05,0.0
24,251,gOMP,optimized,0.00030422600684687495,2.5238958187401295e-05,6.112898699939251e-05,0.00011336700117681175,3.6020996049046516e-05,0.0
24,252,gOMP,baseline,0.0007676339882891625,3.463096800260246e-05,8.797601913101971e-05,0.00033698699553497136,5.620601586997509e-05,0.0
24,252,gOMP,optimized,0.00029267599165905267,2.8382986783981323e-05,5.552799848373979e-05,0.00010635500075295568,3.46879824064672e-05,0.0
24,253,gOMP,baseline,0.0014566070021828637,6.708498403895646e-05,0.00019814702682197094,0.000620375998551026,0.00017922699043992907,0.0
24,253,gOMP,optimized,0.00032428100530523807,2.8087975806556642e-05,6.16650067968294e-05,0.000122744997497648,3.749500319827348e-05,0.0
24,254,gOMP,baseline,0.000780339993070811,3.878101415466517e-05,8.77829734236002e-05,0.00034610400325618684,5.4482981795445085e-05,0.0
24,254,gOMP,optimized,0.0003233799943700433,3.0651979614049196e-05,5.951400089543313e-05,0.00010944102541543543,4.1499006329104304e-05,0.0
24,255,gOMP,baseline,0.00087927799904719,3.684598777908832e-05,0.00010718202975112945,0.00035118599771521986,9.941600728780031e-05,0.0
24,255,gOMP,optimized,0.000320989012834616,2.6075009373016655e-05,6.202598160598427e-05,0.000123660996905528,3.8072001188993454e-05,0.0
24,256,gOMP,baseline,0.0007891680143075064,3.425496106501669e-05,8.166297629941255e-05,0.0003673790051834658,5.242899351287633e-05,0.0
24,256,gOMP,optimized,0.0002942569990409538,3.217300400137901e-05,5.604901525657624e-05,0.00010481299250386655,3.423499583732337e-05,0.0
24,257,gOMP,baseline,0.0006871170044178143,2.8588008717633784e-05,7.366802310571074e-05,0.0003046000056201592,4.228901525493711e-05,0.0
24,257,gOMP,optimized,0.00035720301093533635,2.7499001589603722e-05,6.346798909362406e-05,0.00014205402112565935,4.0151018765755e-05,0.0
24,258,gOMP,baseline,0.0006842760049039498,3.334098437335342e-05,7.513498712796718e-05,0.0003005759936058894,4.5569016947411e-05,0.0
24,258,gOMP,optimized,0.00033548900682944804,2.9449016437865794e-05,5.895398498978466e-05,0.0001150699972640723,4.733105015475303e-05,0.0
24,259,gOMP,baseline,0.0013010770053369924,4.706498293671757e-05,0.00015391303168144077,0.0005561219877563417,0.00011876900680363178,0.0
24,259,gOMP,optimized,0.0007544319960288703,5.4647010983899236e-05,0.0001884680095827207,0.00030746599077247083,8.3209975855425e-05,0.0
24,260,gOMP,baseline,0.000768251993576996,3.439500869717449e-05,8.562297443859279e-05,0.000319506973028183,5.200997111387551e-05,0.0
24,260,gOMP,optimized,0.0002900730032706633,2.9224000172689557e-05,5.733995931223035e-05,0.00010574898624327034,3.416600520722568e-05,0.0
24,261,gOMP,baseline,0.0007431200065184385,3.103702329099178e-05,8.310600242111832e-05,0.0003147420211462304,6.520000169984996e-05,0.0
24,261,gOMP,optimized,0.0003315210051368922,2.7308007702231407e-05,8.00440029706806e-05,0.0001180609833681956,3.733302582986653e-05,0.0
24,262,gOMP,baseline,0.000720722004189156,3.305997233837843e-05,8.781097130849957e-05,0.0003145430237054825,4.913700104225427e-05,0.0
24,262,gOMP,optimized,0.00035471799492370337,4.8532994696870446e-05,6.592003046534956e-05,0.00012156002048868686,3.9157996070571244e-05,0.0
24,263,gOMP,baseline,0.0007661450072191656,3.578099131118506e-05,9.005801985040307e-05,0.00031911200494505465,5.504000000655651e-05,0.0
24,263,gOMP,optimized,0.0003110230027232319,2.7910980861634016e-05,6.086799839977175e-05,0.00011578599514905363,3.8744998164474964e-05,0.0
24,264,gOMP,baseline,0.0011506220034789294,5.824300751555711e-05,0.00013428898819256574,0.0004816399741685018,9.698400390334427e-05,0.0
24,264,gOMP,optimized,0.00037257101212162524,3.5940000088885427e-05,7.086699770297855e-05,0.00014466299035120755,4.225698648951948e-05,0.0
24,265,gOMP,baseline,0.0006885830080136657,3.266699786763638e-05,7.543801621068269e-05,0.0003076019638683647,4.54900145996362e-05,0.0
24,265,gOMP,optimized,0.00030738300119992346,2.980099816340953e-05,6.083401967771351e-05,0.00011306100350338966,3.559699689503759e-05,0.0
24,266,gOMP,baseline,0.0007513650052715093,3.5025994293391705e-05,9.389201295562088e-05,0.0003274360060459003,5.353798042051494e-05,0.0
24,266,gOMP,optimized,0.0003586020029615611,3.16179939545691e-05,6.396201206371188e-05,0.00012369301111903042,3.974699939135462e-05,0.0
24,267,gOMP,baseline,0.0009627739927964285,3.788698813878e-05,0.00019918802718166262,0.00038166300510056317,6.780900002922863e-05,0.0
24,267,gOMP,optimized,0.00030276500910986215,3.0950031941756606e-05,5.902002158109099e-05,0.00011283301864750683,3.525099600665271e-05,0.0
24,268,gOMP,baseline,0.0009222019871231169,4.736101254820824e-05,0.00010106197441928089,0.0003475390112726018,6.111997936386615e-05,0.0
24,268,gOMP,optimized,0.00031302799470722675,3.1639967346563935e-05,6.284700066316873e-05,0.00011358701158314943,3.50050104316324e-05,0.0
24,269,gOMP,baseline,0.0010020189947681502,4.5760985813103616e-05,0.00011358701158314943,0.00037666498974431306,6.11759751336649e-05,0.0
24,269,gOMP,optimized,0.00031907600350677967,3.146697417832911e-05,6.284497794695199e-05,0.00011855400225613266,3.68850160157308e-05,0.0
24,270,gOMP,baseline,0.0008527609898010269,3.983902570325881e-05,0.00010884497896768153,0.00035167302121408284,5.7671000831760466e-05,0.0
24,270,gOMP,optimized,0.0003109459939878434,2.913702337536961e-05,5.978102853987366e-05,0.00011788899428211153,3.5972014302387834e-05,0.0
24,271,gOMP,baseline,0.0007231150084408,3.378899418748915e-05,8.519698167219758e-05,0.0003054089756915346,4.840099427383393e-05,0.0
24,271,gOMP,optimized,0.0003190849965903908,2.9507995350286365e-05,7.17459770385176e-05,0.00011506499140523374,3.735499922186136e-05,0.0
24,272,gOMP,baseline,0.0007793160039000213,4.0839004213921726e-05,9.627296822145581e-05,0.00032779702451080084,5.2535979193635285e-05,0.0
24,272,gOMP,optimized,0.0005601890006801113,5.081100971437991e-05,0.0001544940023450181,0.0001809930254239589,5.293701542541385e-05,0.0
24,273,gOMP,baseline,0.0007826490036677569,4.3226988054811954e-05,0.00010065401147585362,0.0003310550091555342,5.985602911096066e-05,0.0
24,273,gOMP,optimized,0.0003189550043316558,3.1800969736650586e-05,5.9986021369695663e-05,0.00011996801185887307,3.88409971492365e-05,0.0
24,274,gOMP,baseline,0.0012626649986486882,9.801598207559437e-05,0.00018324800475966185,0.00048365599650423974,0.00011903798440471292,0.0
24,274,gOMP,optimized,0.0003428670024732128,3.3616990549489856e-05,6.722901889588684e-05,0.00012856801913585514,3.887800266966224e-05,0.0
24,275,gOMP,baseline,0.0007109800062607974,3.441103035584092e-05,7.787700451444834e-05,0.00030984499608166516,4.7367982915602624e-05,0.0
24,275,gOMP,optimized,0.00038369500543922186,3.118895983789116e-05,0.000102905003586784,0.00012675198377110064,3.902203752659261e-05,0.0
24,276,gOMP,baseline,0.0007972190069267526,3.4119002521038055e-05,8.979698759503663e-05,0.00035472496529109776,5.915097426623106e-05,0.0
24,276,gOMP,optimized,0.0004010499978903681,3.94210364902392e-05,8.269802492577583e-05,0.0001333069958491251,4.821494803763926e-05,0.0
24,277,gOMP,baseline,0.0006834740051999688,3.278499934822321e-05,7.78350222390145e-05,0.00029812402499374,4.535198968369514e-05,0.0
24,277,gOMP,optimized,0.00029436699696816504,2.9159971745684743e-05,5.655697896145284e-05,0.00010690200724638999,3.4365017199888825e-05,0.0
24,278,gOMP,baseline,0.0007586810097564012,3.629497950896621e-05,8.943503780756146e-05,0.0003196350298821926,5.218702426645905e-05,0.0
24,278,gOMP,optimized,0.0003018449933733791,2.9275004635564983e-05,5.840903031639755e-05,0.00011185900075361133,3.52069764630869e-05,0.0
24,279,gOMP,baseline,0.0007798860024195164,3.714302147272974e-05,0.00010011598351411521,0.0003351519990246743,5.037599476054311e-05,0.0
24,279,gOMP,optimized,0.0004058290069224313,3.2314026611857116e-05,0.00010830700921360403,0.00012702398817054927,3.841400030069053e-05,0.0
24,280,gOMP,baseline,0.0007365990022663027,3.6447003367356956e-05,9.46990039665252e-05,0.00031887300428934395,4.773699038196355e-05,0.0
24,280,gOMP,optimized,0.0003020029980689287,2.9456961783580482e-05,5.80140040256083e-05,0.00010973299504257739,3.5649005440063775e-05,0.0
24,281,gOMP,baseline,0.0007005539955571294,3.310298779979348e-05,7.57550005801022e-05,0.0002971169742522761,5.9559999499469995e-05,0.0
24,281,gOMP,optimized,0.0002974300005007535,2.875999780371785e-05,5.709403194487095e-05,0.00010906101670116186,3.5222008591517806e-05,0.0
24,282,gOMP,baseline,0.000723615987226367,3.879700670950115e-05,8.499799878336489e-05,0.00031013098487164825,4.883401561528444e-05,0.0
24,282,gOMP,optimized,0.00036784099938813597,3.137999738100916e-05,7.048598490655422e-05,0.00014557199028786272,4.172000626567751e-05,0.0
24,283,gOMP,baseline,0.0007945230026962236,3.841098805423826e-05,0.0001048270205501467,0.0003437520208535716,5.2242015954107046e-05,0.0
24,283,gOMP,optimized,0.0003074889973504469,2.9970004106871784e-05,5.824302206747234e-05,0.00011278499732725322,3.539302269928157e-05,0.0
24,284,gOMP,baseline,0.0009775880025699735,4.442698264028877e-05,0.00011869198351632804,0.000437494003563188,6.453004607465118e-05,0.0
24,284,gOMP,optimized,0.0004327449860284105,3.523800114635378e-05,8.435401832684875e-05,0.00015626699314452708,5.5594005971215665e-05,0.0
24,285,gOMP,baseline,0.0007443990034516901,3.419398854020983e-05,7.933797314763069e-05,0.00031441598548553884,4.915999306831509e-05,0.0
24,285,gOMP,optimized,0.0003908360085915774,3.644500975497067e-05,7.295503746718168e-05,0.00014283797645475715,5.074501677881926e-05,0.0
24,286,gOMP,baseline,0.000834408012451604,2.85310234175995e-05,0.0001044080127030611,0.00038373102142941207,6.157798634376377e-05,0.0
24,286,gOMP,optimized,0.00028737500542774796,2.5240995455533266e-05,5.732898716814816e-05,0.00010717501572798938,3.4487980883568525e-05,0.0
24,287,gOMP,baseline,0.0007720290013821796,3.3854987123049796e-05,8.680099563207477e-05,0.0003435099933994934,5.782100197393447e-05,0.0
24,287,gOMP,optimized,0.0003366980090504512,3.482901956886053e-05,6.614498852286488e-05,0.00012510201486293226,3.874399408232421e-05,0.0
24,288,gOMP,baseline,0.001437886996427551,7.846301014069468e-05,0.00017379097698722035,0.0004902840009890497,8.498597890138626e-05,0.0
24,288,gOMP,optimized,0.0003477459977148101,2.8606969863176346e-05,6.759702228009701e-05,0.00013491400750353932,3.8386002415791154e-05,0.0
24,289,gOMP,baseline,0.0010237730020890012,5.58110186830163e-05,0.0001130050077335909,0.0004529290017671883,7.891599670983851e-05,0.0
24,289,gOMP,optimized,0.0003968090022681281,3.549399843905121e-05,7.756997365504503e-05,0.00015765297575853765,4.889402771368623e-05,0.0
24,290,gOMP,baseline,0.0006919169973116368,2.7512011001817882e-05,7.783099135849625e-05,0.00030968601640779525,4.449997504707426e-05,0.0
24,290,gOMP,optimized,0.00032275699777528644,3.182301588822156e-05,7.302398444153368e-05,0.00011285897926427424,3.7501013139262795e-05,0.0
24,291,gOMP,baseline,0.0007998850051080808,3.954197745770216e-05,0.00011324699153192341,0.0003387420147191733,5.283596692606807e-05,0.0
24,291,gOMP,optimized,0.0003465409972704947,3.246002597734332e-05,6.503297481685877e-05,0.00013339101860765368,4.5244989451020956e-05,0.0
24,292,gOMP,baseline,0.0008086279995040968,3.4060009056702256e-05,0.00011487198935355991,0.00034854399564210325,5.731600685976446e-05,0.0
24,292,gOMP,optimized,0.0003747160080820322,3.54539806721732e-05,7.393899431917816e-05,0.00013128102000337094,4.467299731913954e-05,0.0
24,293,gOMP,baseline,0.0007688729965593666,3.489799564704299e-05,8.589099161326885e-05,0.00034180500369984657,5.050600157119334e-05,0.0
24,293,gOMP,optimized,0.0003164630034007132,3.086599463131279e-05,6.122600461822003e-05,0.00011566199827939272,3.681998350657523e-05,0.0
24,294,gOMP,baseline,0.0007703909941483289,3.527197986841202e-05,0.00010585499694570899,0.00032711398671381176,5.419897206593305e-05,0.0
24,294,gOMP,optimized,0.0002952479990199208,2.4288034182973206e-05,5.73890283703804e-05,0.00010905899398494512,3.57509998138994e-05,0.0
24,295,gOMP,baseline,0.0007578829972771928,3.6313969758339226e-05,8.803399396128953e-05,0.00032281302264891565,5.104097363073379e-05,0.0
24,295,gOMP,optimized,0.00036652598646469414,3.361902781762183e-05,6.710301386192441e-05,0.0001280590076930821,3.9829988963902e-05,0.0
24,296,gOMP,baseline,0.0007353190012509003,3.146201197523624e-05,9.03189938981086e-05,0.00030466898169834167,4.996500501874834e-05,0.0
24,296,gOMP,optimized,0.0004049760027555749,3.2890005968511105e-05,9.372799831908196e-05,0.00013409298844635487,4.039799387101084e-05,0.0
24,297,gOMP,baseline,0.0006810529885115102,3.263200051151216e-05,7.636898953933269e-05,0.00030013496871106327,4.5181019231677055e-05,0.0
24,297,gOMP,optimized,0.0002951770002255216,2.848300209734589e-05,5.724899529013783e-05,0.00010806600039359182,3.4787008189596236e-05,0.0
24,298,gOMP,baseline,0.0009188080002786592,3.806500171776861e-05,0.00010220801050309092,0.0003945209755329415,7.679902773816139e-05,0.0
24,298,gOMP,optimized,0.0004420990007929504,2.9811024433001876e-05,0.00013055001909378916,0.0001550719898659736,4.587900184560567e-05,0.0
24,299,gOMP,baseline,0.0011295289878034964,5.4297008318826556e-05,0.00016356796550098807,0.0005124680028529838,9.531798423267901e-05,0.0
24,299,gOMP,optimized,0.0003246380074415356,2.960801066365093e-05,5.769198469351977e-05,0.00011807598639279604,3.5388991818763316e-05,0.0
28,0,gOMP,baseline,0.0011310519912512973,6.384600419551134e-05,0.00011179802822880447,0.0005138449923833832,6.522398325614631e-05,0.0
28,0,gOMP,optimized,0.00048558700655121356,4.4971980969421566e-05,9.318800584878772e-05,0.00018462601292412728,5.788603448309004e-05,0.0
28,1,gOMP,baseline,0.0010096399928443134,4.6504035708494484e-05,9.861003491096199e-05,0.00046735501382499933,6.023900641594082e-05,0.0
28,1,gOMP,optimized,0.00041496001358609647,3.954498970415443e-05,7.458501204382628e-05,0.00015076099953148514,4.9789989134296775e-05,0.0
28,2,gOMP,baseline,0.0011256690049776807,4.5308988774195313e-05,0.00010721599392127246,0.0005216280260356143,6.704300176352262e-05,0.0
28,2,gOMP,optimized,0.00038387499807868153,3.661100345198065e-05,7.192599878180772e-05,0.00014531798660755157,4.671196802519262e-05,0.0
28,3,gOMP,baseline,0.0011448989971540868,6.5614003688097e-05,0.00011306298256386071,0.0005070529732620344,6.73229806125164e-05,0.0
28,3,gOMP,optimized,0.00042862800182774663,3.7035992136225104e-05,8.338302723132074e-05,0.0001708320196485147,5.017094372306019e-05,0.0
28,4,gOMP,baseline,0.001292632005061023,5.190400406718254e-05,0.00013393501285463572,0.0005576289840973914,8.097801764961332e-05,0.0
28,4,gOMP,optimized,0.0005246810032986104,6.278899672906846e-05,9.5414012321271e-05,0.00018017602269537747,5.7051016483455896e-05,0.0
28,5,gOMP,baseline,0.0013431449915515259,6.459902215283364e-05,0.00014286002260632813,0.0005630830128211528,7.839099271222949e-05,0.0
28,5,gOMP,optimized,0.00041873700683936477,3.9489998016506433e-05,8.429201261606067e-05,0.0001577600050950423,5.1035996875725687e-05,0.0
28,6,gOMP,baseline,0.0010540469957049936,3.7228004657663405e-05,0.00010641900007613003,0.00049600399506744,5.9717989643104374e-05,0.0
28,6,gOMP,optimized,0.0003930410020984709,3.194499004166573e-05,8.4913001046516e-05,0.0001471769792260602,4.728099156636745e-05,0.0
28,7,gOMP,baseline,0.0011238329898333177,5.719998443964869e-05,0.00010795801063068211,0.0005225810164120048,6.663899694103748e-05,0.0
28,7,gOMP,optimized,0.00044325798808131367,4.244199953973293e-05,8.61069856910035e-05,0.0001602580159669742,5.252301343716681e-05,0.0
28,8,gOMP,baseline,0.001110721001168713,3.5693010431714356e-05,0.00010840198956429958,0.0005110570054966956,6.135301373433322e-05,0.0
28,8,gOMP,optimized,0.0004912620061077178,4.515600448939949e-05,9.727496944833547e-05,0.00019498297479003668,5.828999564982951e-05,0.0
28,9,gOMP,baseline,0.001244022001628764,7.067802653182298e-05,0.00012657699699047953,0.0005389590078266338,7.021102646831423e-05,0.0
28,9,gOMP,optimized,0.0004376660072011873,4.3020001612603664e-05,8.770800195634365e-05,0.00015378600801341236,4.7488007112406194e-05,0.0
28,10,gOMP,baseline,0.0011277210141997784,4.283300950191915e-05,0.00011165501200594008,0.0005131469952175394,6.488901271950454e-05,0.0
28,10,gOMP,optimized,0.0005374829925131053,8.89499788172543e-05,9.727601718623191e-05,0.0001959959918167442,5.734196747653186e-05,0.0
28,11,gOMP,baseline,0.0018343060073675588,0.00010262300202157348,0.0002591809898149222,0.0007055210007820278,0.00012124096974730492,0.0
28,11,gOMP,optimized,0.0006948590016691014,6.600900087505579e-05,0.00011646900384221226,0.0003041840100195259,8.780797361396253e-05,0.0
28,12,gOMP,baseline,0.0011955700028920546,3.955201827920973e-05,0.00010919698979705572,0.0005770519492216408,7.230699702631682e-05,0.0
28,12,gOMP,optimized,0.0006289070006459951,4.14200039813295e-05,0.0001285559992538765,0.0001903349912026897,6.528002268169075e-05,0.0
28,13,gOMP,baseline,0.0010590059973765165,4.4352986151352525e-05,0.00010718900011852384,0.0004874820006079972,6.573402788490057e-05,0.0
28,13,gOMP,optimized,0.00042337700142525136,3.889702202286571e-05,8.992801303975284e-05,0.0001552430185256526,5.157799751032144e-05,0.0
28,14,gOMP,baseline,0.001233898990903981,5.0121001549996436e-05,0.00013718999980483204,0.0005465169961098582,7.625998114235699e-05,0.0
28,14,gOMP,optimized,0.0003905420016963035,3.336899681016803e-05,7.38229718990624e-05,0.00015385802544187754,4.6829984057694674e-05,0.0
28,15,gOMP,baseline,0.0016075929888756946,8.6459971498698e-05,0.00020454298646654934,0.0006525810313178226,0.00014099301188252866,0.0
28,15,gOMP,optimized,0.0006204349920153618,7.80740228947252e-05,0.00012482401507440954,0.00023057300131767988,7.216501398943365e-05,0.0
28,16,gOMP,baseline,0.001028087004669942,3.850598295684904e-05,9.403200238011777e-05,0.00048091300413943827,5.784499808214605e-05,0.0
28,16,gOMP,optimized,0.0003906960046151653,3.178496262989938e-05,7.611799810547382e-05,0.00014372497389558703,4.7460009227506816e-05,0.0
28,17,gOMP,baseline,0.0012629109987756237,6.871201912872493e-05,0.00013418699381873012,0.0005579589924309403,9.992100240197033e-05,0.0
28,17,gOMP,optimized,0.0004798880108864978,4.816101863980293e-05,9.186197712551802e-05,0.0001741940068313852,6.935895362403244e-05,0.0
28,18,gOMP,baseline,0.001057116998708807,3.8833022699691355e-05,0.00011100400297436863,0.0004892430151812732,5.775096360594034e-05,0.0
28,18,gOMP,optimized,0.0004512629966484383,3.394701343495399e-05,8.638002327643335e-05,0.00017063799896277487,5.4182964959181845e-05,0.0
28,19,gOMP,baseline,0.0013822100008837879,4.81320166727528e-05,0.00014098398969508708,0.0005929619946982712,0.00017755600856617093,0.0
28,19,gOMP,optimized,0.00041017499461304396,3.9560021832585335e-05,8.044898277148604e-05,0.00015612301649525762,5.0425995141267776e-05,0.0
28,20,gOMP,baseline,0.0010889949917327613,4.124999395571649e-05,0.00011844004620797932,0.0005103639996377751,5.985301686450839e-05,0.0
28,20,gOMP,optimized,0.00042661200859583914,3.6971017834730446e-05,8.164401515386999e-05,0.00016500901256222278,5.389297439251095e-05,0.0
28,21,gOMP,baseline,0.001646060001803562,9.292099275626242e-05,0.0002482870331732556,0.0006760780088370666,0.0001325029879808426,0.0
28,21,gOMP,optimized,0.0005553340015467256,4.8366011469624937e-05,0.00013054399460088462,0.00020325400691945106,6.130697147455066e-05,0.0
28,22,gOMP,baseline,0.0012054730032104999,4.286198236513883e-05,0.00011711401748470962,0.0005415469931904227,7.418399036396295e-05,0.0
28,22,gOMP,optimized,0.0003820790007011965,3.0857016099616885e-05,7.417498272843659e-05,0.00014872699102852494,4.715999239124358e-05,0.0
28,23,gOMP,baseline,0.001044983000610955,4.1186969610862434e-05,9.828699694480747e-05,0.0004897279723081738,6.505500641651452e-05,0.0
28,23,gOMP,optimized,0.0004153990012127906,3.6085970350541174e-05,7.330298831220716e-05,0.00014701702457387,4.99150191899389e-05,0.0
28,24,gOMP,baseline,0.0010301060101483017,3.690397716127336e-05,9.770500764716417e-05,0.00048403402615804225,5.723099457100034e-05,0.0
28,24,gOMP,optimized,0.0004375179996713996,3.523399936966598e-05,8.888801676221192e-05,0.00016066002717707306,5.36019797436893e-05,0.0
28,25,gOMP,baseline,0.0011152579972986132,4.397101292852312e-05,0.00010740601283032447,0.0005126219912199304,7.425401418004185e-05,0.0
28,25,gOMP,optimized,0.000495294007123448,5.570198118221015e-05,8.758000330999494e-05,0.00020043598487973213,5.549499474000186e-05,0.0
28,26,gOMP,baseline,0.0010714530071709305,3.955702413804829e-05,0.00010749200009740889,0.0005125869938638061,6.0332968132570386e-05,0.0
28,26,gOMP,optimized,0.0003689400036819279,3.175102756358683e-05,7.162101974245161e-05,0.00014326396922115237,4.589800664689392e-05,0.0
28,27,gOMP,baseline,0.0011271920084254816,4.6590983401983976e-05,0.00012040000001434237,0.000527631986187771,6.554000719916075e-05,0.0
28,27,gOMP,optimized,0.00042363200918771327,3.9609993109479547e-05,8.2265047240071e-05,0.0001664909941609949,5.0687973271124065e-05,0.0
28,28,gOMP,baseline,0.001962248992640525,0.00011111497587990016,0.00020325601508375257,0.0009846939938142896,0.0001466289977543056,0.0
28,28,gOMP,optimized,0.000758295995183289,7.463699148502201e-05,0.00014523201389238238,0.0002654190029716119,0.0001337930152658373,0.0
28,29,gOMP,baseline,0.001164322005934082,4.655502561945468e-05,0.00011032600014004856,0.0005548909830395132,6.901500455569476e-05,0.0
28,29,gOMP,optimized,0.0004037650069221854,3.89700144296512e-05,7.722500595264137e-05,0.00015299502410925925,4.9622030928730965e-05,0.0
28,30,gOMP,baseline,0.00108529299905058,3.856798866763711e-05,0.00011226099741179496,0.000519786000950262,5.7205994380638e-05,0.0
28,30,gOMP,optimized,0.000505445001181215,5.03300252603367e-05,9.245199908036739e-05,0.00020832399604842067,6.029098585713655e-05,0.0
28,31,gOMP,baseline,0.0010557259956840426,4.204096330795437e-05,0.00011236300633754581,0.0004909040144411847,6.130599649623036e-05,0.0
28,31,gOMP,optimized,0.0004083460080437362,3.7748002796433866e-05,8.2074009696953e-05,0.00014867600111756474,4.796500434167683e-05,0.0
28,32,gOMP,baseline,0.0010411999974166974,3.733299672603607e-05,0.00011059899406973273,0.0004744720063172281,5.535499076358974e-05,0.0
28,32,gOMP,optimized,0.0004338979924796149,3.272700996603817e-05,9.388496982865036e-05,0.00016443502681795508,5.379703361541033e-05,0.0
28,33,gOMP,baseline,0.001098653010558337,4.5428983867168427e-05,0.00011297801393084228,0.0004992640315322205,6.981802289374173e-05,0.0
28,33,gOMP,optimized,0.00044067999988328665,3.794701478909701e-05,8.925297879613936e-05,0.00017013904289342463,5.016897921450436e-05,0.0
28,34,gOMP,baseline,0.0011160979920532554,4.113603790756315e-05,0.00011862000974360853,0.0005151700024725869,6.706600834149867e-05,0.0
28,34,gOMP,optimized,0.0006066759960958734,4.147300205659121e-05,0.00012864000746048987,0.00021728001593146473,0.00010263703006785363,0.0
28,35,gOMP,baseline,0.001058548004948534,4.372501280158758e-05,0.00010462096543051302,0.00047972101310733706,6.117300654295832e-05,0.0
28,35,gOMP,optimized,0.0004164440033491701,3.867702616844326e-05,9.117097943089902e-05,0.00015139699098654091,4.8282003263011575e-05,0.0
28,36,gOMP,baseline,0.0011713760031852871,4.201600677333772e-05,0.0001487660047132522,0.0005229919770499691,6.995801231823862e-05,0.0
28,36,gOMP,optimized,0.0004237770044710487,3.688698052428663e-05,8.155300747603178e-05,0.00016300698916893452,5.0135975470766425e-05,0.0
28,37,gOMP,baseline,0.0017729579994920641,0.00011484601418487728,0.00022310799977276474,0.0006879649881739169,0.000160522002261132,0.0
28,37,gOMP,optimized,0.0004614850040525198,4.4069980503991246e-05,9.3580994871445e-05,0.00017263599147554487,5.2408024203032255e-05,0.0
28,38,gOMP,baseline,0.0011578880075830966,4.4195985537953675e-05,0.00011231201642658561,0.0005126840260345489,7.253799412865192e-05,0.0
28,38,gOMP,optimized,0.0005383509997045621,3.993601421825588e-05,0.0001263259764527902,0.000177804016857408,5.6787001085467637e-05,0.0
28,39,gOMP,baseline,0.001474852004321292,5.7987053878605366e-05,0.00011949996405746788,0.0006200569769134745,0.00013583397958427668,0.0
28,39,gOMP,optimized,0.0005271900008665398,5.239597521722317e-05,0.00011179901775904,0.00019192499166820198,5.699999746866524e-05,0.0
28,40,gOMP,baseline,0.001084563002223149,3.876398841384798e-05,0.00010032596765086055,0.0005186809867154807,6.283597031142563e-05,0.0
28,40,gOMP,optimized,0.0005233179981587455,4.9585039960220456e-05,0.0001282810262637213,0.00018630600243341178,6.403299630619586e-05,0.0
28,41,gOMP,baseline,0.0011236639984417707,4.517902561929077e-05,0.00010293196828570217,0.00050222800928168,6.650100112892687e-05,0.0
28,41,gOMP,optimized,0.00040229498699773103,3.737201041076332e-05,7.694601663388312e-05,0.00014758699398953468,4.853699647355825e-05,0.0
28,42,gOMP,baseline,0.0010580609960015863,3.704598930198699e-05,0.00011490799079183489,0.0004937930061714724,5.7756027672439814e-05,0.0
28,42,gOMP,optimized,0.00046884499897714704,4.31280059274286e-05,8.827001147437841e-05,0.00017200701404362917,6.154904258437455e-05,0.0
28,43,gOMP,baseline,0.001017125992802903,4.202600393909961e-05,9.924099140334874e-05,0.0004719680000562221,5.9676007367670536e-05,0.0
28,43,gOMP,optimized,0.0005696660082321614,4.942798113916069e-05,0.0001248119951924309,0.0002056570228887722,5.990597128402442e-05,0.0
28,44,gOMP,baseline,0.0009766160073922947,3.5963996197097003e-05,9.361901902593672e-05,0.0004600060055963695,5.377399793360382e-05,0.0
28,44,gOMP,optimized,0.00042844199924729764,3.508199006319046e-05,8.265001815743744e-05,0.0001559070369694382,6.774700887035578e-05,0.0
28,45,gOMP,baseline,0.0011619229917414486,4.81530005345121e-05,0.00010874799045268446,0.0005411959864431992,7.234900840558112e-05,0.0
28,45,gOMP,optimized,0.0004388590023154393,3.893500252161175e-05,7.989299774635583e-05,0.00018382600683253258,5.1336974138394e-05,0.0
28,46,gOMP,baseline,0.0012679349893005565,4.410998371895403e-05,0.00014017097419127822,0.0005965650198049843,7.096599438227713e-05,0.0
28,46,gOMP,optimized,0.0003967560041928664,3.260900848545134e-05,7.711001671850681e-05,0.00015657498443033546,4.7851994168013334e-05,0.0
28,47,gOMP,baseline,0.0016157580103026703,7.18569935997948e-05,0.0001917229819810018,0.0006557399756275117,0.00018882201402448118,0.0
28,47,gOMP,optimized,0.00043069699313491583,4.115198680665344e-05,8.305198571179062e-05,0.00016779200814198703,5.1884999265894294e-05,0.0
28,48,gOMP,baseline,0.0011061779950978234,4.061400250066072e-05,0.00010932801524177194,0.0005082790012238547,6.209401180967689e-05,0.0
28,48,gOMP,optimized,0.0004474729939829558,3.755801299121231e-05,9.00470040505752e-05,0.00016856899310369045,5.3198018576949835e-05,0.0
28,49,gOMP,baseline,0.001163469991297461,4.5104039600118995e-05,0.00012990696995984763,0.0005368429847294465,7.249401824083179e-05,0.0
28,49,gOMP,optimized,0.0006460720032919198,5.119600973557681e-05,0.00012998499732930213,0.00024310803564731032,0.00010930295684374869,0.0
28,50,gOMP,baseline,0.0011233510012971237,3.9228994864970446e-05,0.00011376998736523092,0.0005355130269890651,6.125104846432805e-05,0.0
28,50,gOMP,optimized,0.0004154740017838776,3.309802559670061e-05,7.70290062064305e-05,0.0001683390000835061,5.234399577602744e-05,0.0
28,51,gOMP,baseline,0.0019876400037901476,7.669100887142122e-05,0.00034139900526497513,0.0008415010233875364,0.00016831100219860673,0.0
28,51,gOMP,optimized,0.0006320910033537075,4.923502274323255e-05,0.00017783098155632615,0.00023107201559469104,6.369799666572362e-05,0.0
28,52,gOMP,baseline,0.001396192004904151,5.8532008551992476e-05,0.0001469699782319367,0.0005930269981035963,0.00013468897668644786,0.0
28,52,gOMP,optimized,0.00044347600487526506,4.699699638877064e-05,8.73709941515699e-05,0.00016311001672875136,5.293200956657529e-05,0.0
28,53,gOMP,baseline,0.0013671150081790984,6.70620211167261e-05,0.00015047501074150205,0.0006015209801262245,9.512098040431738e-05,0.0
28,53,gOMP,optimized,0.0010469690023455769,0.0001292480155825615,0.0003460390289546922,0.00032530204043723643,9.017398406285793e-05,0.0
28,54,gOMP,baseline,0.0010557850037002936,4.228198667988181e-05,9.96690068859607e-05,0.0004935570177622139,5.839101504534483e-05,0.0
28,54,gOMP,optimized,0.0006564829964190722,4.502299998421222e-05,0.00012271101877558976,0.00023247202625498176,9.221999789588153e-05,0.0
28,55,gOMP,baseline,0.0011083290009992197,4.406603693496436e-05,0.0001082999660866335,0.0004961669910699129,6.548597593791783e-05,0.0
28,55,gOMP,optimized,0.00042011099867522717,3.8964004488661885e-05,7.70740007283166e-05,0.00016108396812342107,5.3759998991154134e-05,0.0
28,56,gOMP,baseline,0.0010381140018580481,3.684997500386089e-05,0.00010696199024096131,0.00048230601532850415,5.770500865764916e-05,0.0
28,56,gOMP,optimized,0.000470749000669457,3.670001751743257e-05,0.00010478802141733468,0.0001701679575489834,5.486000736709684e-05,0.0
28,57,gOMP,baseline,0.0011015579948434606,4.644296132028103e-05,0.00010303300223313272,0.0005153010279173031,6.58469507470727e-05,0.0
28,57,gOMP,optimized,0.00042010200559161603,3.922301402781159e-05,7.613100751768798e-05,0.0001507149572717026,6.419101555366069e-05,0.0
28,58,gOMP,baseline,0.0009642820077715442,3.401999128982425e-05,9.35600110096857e-05,0.0004550449812086299,5.2718009101226926e-05,0.0
28,58,gOMP,optimized,0.0004157740040682256,3.178000042680651e-05,9.286808199249208e-05,0.0001502130035078153,4.927098052576184e-05,0.0
28,59,gOMP,baseline,0.0010703109874157235,4.292596713639796e-05,0.00010330900840926915,0.0005024109996156767,6.409597699530423e-05,0.0
28,59,gOMP,optimized,0.00041244400199502707,4.2786981794051826e-05,8.111401984933764e-05,0.00015855999663472176,4.9036985728889704e-05,0.0
28,60,gOMP,baseline,0.0011863399995490909,4.243696457706392e-05,0.000133397028548643,0.0005572739901253954,6.793098873458803e-05,0.0
28,60,gOMP,optimized,0.0003813399962382391,3.2033000024966896e-05,7.285198080353439e-05,0.00015052598610054702,4.6003988245502114e-05,0.0
28,61,gOMP,baseline,0.0011153539962833747,6.36919867247343e-05,0.0001099980145227164,0.0004974859912181273,7.795101555529982e-05,0.0
28,61,gOMP,optimized,0.00048497300304006785,4.298798739910126e-05,0.00011222402099519968,0.0001805760111892596,5.845999112352729e-05,0.0
28,62,gOMP,baseline,0.0011127300094813108,4.625701694749296e-05,0.00013072001456748694,0.0005065299919806421,7.582599937450141e-05,0.0
28,62,gOMP,optimized,0.0004276129911886528,3.585798549465835e-05,7.96919921413064e-05,0.00017154299712274224,5.4899996030144393e-05,0.0
28,63,gOMP,baseline,0.0010209030006080866,4.175296635366976e-05,9.571798727847636e-05,0.0004808649973710999,6.0297970776446164e-05,0.0
28,63,gOMP,optimized,0.00038298800063785166,3.7767968024127185e-05,7.431600533891469e-05,0.00014558703696820885,4.668899055104703e-05,0.0
28,64,gOMP,baseline,0.0010500450007384643,3.785097214858979e-05,9.852602670434862e-05,0.0004991739988327026,5.6317003327421844e-05,0.0
28,64,gOMP,optimized,0.00041411700658500195,3.1674004276283085e-05,8.382699161302298e-05,0.00014625598851125687,6.368200411088765e-05,0.0
28,65,gOMP,baseline,0.0009932370012393221,3.945999196730554e-05,9.761106048244983e-05,0.000462672978756018,5.9556972701102495e-05,0.0
28,65,gOMP,optimized,0.000387665000744164,3.637398185674101e-05,7.539497164543718e-05,0.00014741702761966735,4.632098716683686e-05,0.0
28,66,gOMP,baseline,0.0010364829940954223,4.0337006794288754e-05,9.936503192875534e-05,0.00047441099013667554,6.051102536730468e-05,0.0
28,66,gOMP,optimized,0.00039159500738605857,3.114101127721369e-05,7.115698826964945e-05,0.00014324400399345905,4.7317022108472884e-05,0.0
28,67,gOMP,baseline,0.001232363996678032,5.454699567053467e-05,0.00012533401604741812,0.0005791809962829575,8.303798676934093e-05,0.0
28,67,gOMP,optimized,0.0004135650087846443,3.931102401111275e-05,9.037999552674592e-05,0.0001520360092399642,4.847301170229912e-05,0.0
28,68,gOMP,baseline,0.0011780050117522478,4.068099951837212e-05,0.00012153397256042808,0.0005578160198638216,6.845097232144326e-05,0.0
28,68,gOMP,optimized,0.00041198599501512945,3.197700425516814e-05,9.590297122485936e-05,0.0001512760209152475,4.735199036076665e-05,0.0
28,69,gOMP,baseline,0.0016872030100785196,7.194597856141627e-05,0.0001701169676380232,0.0006990139954723418,0.00020663999021053314,0.0
28,69,gOMP,optimized,0.0006600109918508679,4.6599991037510335e-05,0.00012189097469672561,0.0003053950204048306,7.143904804252088e-05,0.0
28,70,gOMP,baseline,0.0011749469995265827,4.5630993554368615e-05,0.00012085001799277961,0.0005408659781096503,6.518101145047694e-05,0.0
28,70,gOMP,optimized,0.00043953700514975935,3.395200474187732e-05,7.842897321097553e-05,0.00016495599993504584,5.161200533621013e-05,0.0
28,71,gOMP,baseline,0.0017690840031718835,7.395001011900604e-05,0.00027507000777404755,0.0007283669838216156,0.00012575701111927629,0.0
28,71,gOMP,optimized,0.00044498399074655026,4.1669001802802086e-05,8.855198393575847e-05,0.00017618099809624255,5.2745992434211075e-05,0.0
28,72,gOMP,baseline,0.0015907170018181205,7.355597335845232e-05,0.00020704499911516905,0.0005976199900032952,0.00010944499808829278,0.0
28,72,gOMP,optimized,0.0004573559999698773,3.536799340508878e-05,8.634498226456344e-05,0.00018594098219182342,5.690200487151742e-05,0.0
28,73,gOMP,baseline,0.001120829998399131,4.3593987356871367e-05,0.00010777299758046865,0.0005293279973557219,6.656696496065706e-05,0.0
28,73,gOMP,optimized,0.0004386450018500909,4.167102451901883e-05,8.259098103735596e-05,0.0001634230138733983,5.372700979933143e-05,0.0
28,74,gOMP,baseline,0.0018858810071833432,9.644597594160587e-05,0.000293508026516065,0.0007177639927249402,0.00010725598258432001,0.0
28,74,gOMP,optimized,0.0004846640076721087,3.92920192098245e-05,9.571097325533628e-05,0.00018801500846166164,5.558898556046188e-05,0.0
28,75,gOMP,baseline,0.001418849002220668,6.53200113447383e-05,0.0001625829900149256,0.0006043959729140624,0.00010219098476227373,0.0
28,75,gOMP,optimized,0.0005658890004269779,5.176698323339224e-05,9.592699643690139e-05,0.00024217297323048115,6.274897896219045e-05,0.0
28,76,gOMP,baseline,0.0010511959990253672,3.8296988350339234e-05,0.00010471403948031366,0.0004962510138284415,6.054498953744769e-05,0.0
28,76,gOMP,optimized,0.00036878800892736763,3.1126997782848775e-05,7.226000889204443e-05,0.00014282201300375164,4.539098881650716e-05,0.0
28,77,gOMP,baseline,0.0012137310113757849,4.9883004976436496e-05,0.00011661798635032028,0.0005623739998554811,8.296100713778287e-05,0.0
28,77,gOMP,optimized,0.0004275410028640181,4.935298056807369e-05,8.270703256130219e-05,0.00015687497216276824,5.2419971325434744e-05,0.0
28,78,gOMP,baseline,0.0014679269952466711,5.394304753281176e-05,0.00015312399773392826,0.0007174089696491137,0.00010977302736137062,0.0
28,78,gOMP,optimized,0.0004577939980663359,3.48679895978421e-05,0.00010261696297675371,0.00017312703130301088,5.206101923249662e-05,0.0
28,79,gOMP,baseline,0.0011517819948494434,6.712299364153296e-05,0.00011060701217502356,0.000517419000971131,7.885000377427787e-05,0.0
28,79,gOMP,optimized,0.000430953994509764,5.1740003982558846e-05,8.285901276394725e-05,0.00016084499657154083,5.17750158905983e-05,0.0
28,80,gOMP,baseline,0.0011255429999437183,4.0642989915795624e-05,0.00011206800991203636,0.0005389220168581232,6.176700117066503e-05,0.0
28,80,gOMP,optimized,0.0003998140018666163,3.2697018468752503e-05,7.675998494960368e-05,0.00015523300680797547,4.919001366943121e-05,0.0
28,81,gOMP,baseline,0.001199054007884115,4.4689979404211044e-05,0.00011934000940527767,0.0005486460140673444,9.107399091590196e-05,0.0
28,81,gOMP,optimized,0.0003830430068774149,3.60779813490808e-05,7.172096229624003e-05,0.00014614597603213042,4.639402322936803e-05,0.0
28,82,gOMP,baseline,0.0012188079999759793,4.191201878711581e-05,0.00012402496940921992,0.000566366987186484,7.730898505542427e-05,0.0
28,82,gOMP,optimized,0.00044331399840302765,3.9062986616045237e-05,8.529699698556215e-05,0.00017507302982266992,5.308598338160664e-05,0.0
28,83,gOMP,baseline,0.0011491609911900014,4.536702181212604e-05,0.00011791002179961652,0.0005448729789350182,7.06590071786195e-05,0.0
28,83,gOMP,optimized,0.0005478910024976358,3.843702143058181e-05,9.343303099740297e-05,0.00016583898104727268,4.9941998440772295e-05,0.0
28,84,gOMP,baseline,0.0015174129948718473,7.366797944996506e-05,0.00019506698299665004,0.0006200550269568339,0.00011164999159518629,0.0
28,84,gOMP,optimized,0.0006471970118582249,4.3876993004232645e-05,0.00011561498104128987,0.00027838900859933347,9.220898209605366e-05,0.0
28,85,gOMP,baseline,0.0010743989987531677,4.461302887648344e-05,0.00010172603651881218,0.0004939010104862973,6.397403194569051e-05,0.0
28,85,gOMP,optimized,0.0003809460031334311,3.70789784938097e-05,7.346401980612427e-05,0.0001438979961676523,4.725702456198633e-05,0.0
28,86,gOMP,baseline,0.001093482002033852,3.844199818558991e-05,0.00010230395128019154,0.0005039169918745756,7.894300506450236e-05,0.0
28,86,gOMP,optimized,0.00038074499752838165,3.262401151005179e-05,7.505201210733503e-05,0.0001451010029995814,4.718800482805818e-05,0.0
28,87,gOMP,baseline,0.0010946060065180063,4.268699558451772e-05,0.00011478998931124806,0.0005082450079498813,7.003301288932562e-05,0.0
28,87,gOMP,optimized,0.0004458720068214461,3.8519996451213956e-05,7.866199302952737e-05,0.00018193101277574897,5.3517986088991165e-05,0.0
28,88,gOMP,baseline,0.001015639994875528,3.551796544343233e-05,9.708198194857687e-05,0.000484742020489648,5.919799150433391e-05,0.0
28,88,gOMP,optimized,0.0003745279973372817,3.06590081891045e-05,7.230897608678788e-05,0.0001452280266676098,4.69430087832734e-05,0.0
28,89,gOMP,baseline,0.0011290309921605512,4.4611020712181926e-05,0.00010888602992054075,0.0005117739783599973,6.802001735195518e-05,0.0
28,89,gOMP,optimized,0.00041589498869143426,3.716300125233829e-05,7.734303653705865e-05,0.00015206100943032652,4.933602758683264e-05,0.0
28,90,gOMP,baseline,0.0011481550027383491,4.423200152814388e-05,0.0001420539920218289,0.0005169820215087384,8.174501999747008e-05,0.0
28,90,gOMP,optimized,0.0004429379914654419,4.461400385480374e-05,8.125802560243756e-05,0.00016465299995616078,5.186097405385226e-05,0.0
28,91,gOMP,baseline,0.0012532520049717277,4.7581997932866216e-05,0.0001322240277659148,0.0006136709998827428,7.401101174764335e-05,0.0
28,91,gOMP,optimized,0.00045241999032441527,4.130900197196752e-05,8.402098319493234e-05,0.00016987600247375667,6.794100045226514e-05,0.0
28,92,gOMP,baseline,0.0011091549968114123,3.7232981412671506e-05,0.00010753497190307826,0.0005408810102380812,6.247102282941341e-05,0.0
28,92,gOMP,optimized,0.00044028500269632787,3.5043020034208894e-05,8.151298970915377e-05,0.00016422099724877626,6.645098619628698e-05,0.0
28,93,gOMP,baseline,0.0014550659980159253,5.9021011111326516e-05,0.00014985101006459445,0.0007132629980333149,0.00010054896119982004,0.0
28,93,gOMP,optimized,0.0004595780046656728,3.932999970857054e-05,9.772399789653718e-05,0.0001781950268195942,5.504897853825241e-05,0.0
28,94,gOMP,baseline,0.0013489889970514923,5.770901043433696e-05,0.00014996298705227673,0.0005807640118291602,9.160999616142362e-05,0.0
28,94,gOMP,optimized,0.00043448799988254905,3.3501026337035e-05,8.117497782222927e-05,0.0001744160254020244,4.9565976951271296e-05,0.0
28,95,gOMP,baseline,0.00117011800466571,4.7559995437040925e-05,0.00012404302833601832,0.0005304069636622444,7.186201401054859e-05,0.0
28,95,gOMP,optimized,0.0004472170112421736,3.970395482610911e-05,8.362301741726696e-05,0.00018046001787297428,5.492499622050673e-05,0.0
28,96,gOMP,baseline,0.001581010001245886,9.41410253290087e-05,0.0001870560081442818,0.000721150980098173,0.00010857098095584661,0.0
28,96,gOMP,optimized,0.00041263201273977757,3.191402356605977e-05,9.065399353858083e-05,0.00015747698489576578,4.71470266347751e-05,0.0
28,97,gOMP,baseline,0.0012492750101955608,7.408300007227808e-05,0.00012863801384810358,0.0005753280274802819,7.315898255910724e-05,0.0
28,97,gOMP,optimized,0.0005363100062822923,8.705099753569812e-05,9.298299846705049e-05,0.0001814250135794282,5.8448000345379114e-05,0.0
28,98,gOMP,baseline,0.001180705992737785,4.115499905310571e-05,0.00011460400128271431,0.0005410089943325147,6.87669962644577e-05,0.0
28,98,gOMP,optimized,0.00039879599353298545,3.4093973226845264e-05,7.825199281796813e-05,0.00015406000602524728,4.9897003918886185e-05,0.0
28,99,gOMP,baseline,0.001279607997275889,4.966797132510692e-05,0.00013229099567979574,0.0005890110041946173,9.517298894934356e-05,0.0
28,99,gOMP,optimized,0.0003948340017814189,3.737998486030847e-05,7.58779642637819e-05,0.00014957798703107983,4.818099841941148e-05,0.0
28,100,gOMP,baseline,0.0012946079950779676,5.153399251867086e-05,0.0001507369743194431,0.0005676499858964235,9.707201388664544e-05,0.0
28,100,gOMP,optimized,0.00044607599556911737,3.5792982089333236e-05,8.507001621183008e-05,0.00016802300524432212,6.894097896292806e-05,0.0
28,101,gOMP,baseline,0.001844988000812009,0.00010279697016812861,0.00028140496578998864,0.0008005060080904514,0.00012807500024791807,0.0
28,101,gOMP,optimized,0.0004869760014116764,4.24960016971454e-05,8.389698632527143e-05,0.00020534401119221002,6.0955979279242456e-05,0.0
28,102,gOMP,baseline,0.0012150900001870468,4.231798811815679e-05,0.00012196297757327557,0.0005771270080003887,7.977799396030605e-05,0.0
28,102,gOMP,optimized,0.00039869899046607316,3.227498382329941e-05,7.416501466650516e-05,0.00014777401520404965,4.6739965910091996e-05,0.0
28,103,gOMP,baseline,0.0011203210015082732,4.912701842840761e-05,0.00012011200306005776,0.000519788998644799,6.622499495279044e-05,0.0
28,103,gOMP,optimized,0.0004187239974271506,3.7195990444161e-05,7.724799797870219e-05,0.00016545705148018897,5.230105307418853e-05,0.0
28,104,gOMP,baseline,0.0010554719920037314,3.6582001484930515e-05,0.0001054170134011656,0.0004967700078850612,7.505099347326905e-05,0.0
28,104,gOMP,optimized,0.00043952900159638375,3.448800998739898e-05,8.081500709522516e-05,0.00018117300351150334,5.389298894442618e-05,0.0
28,105,gOMP,baseline,0.0010923669906333089,4.310498479753733e-05,0.0001224220177391544,0.0005085559969302267,6.393602234311402e-05,0.0
28,105,gOMP,optimized,0.0003831229987554252,3.7318983231671154e-05,7.22130062058568e-05,0.00014525001461151987,4.762101161759347e-05,0.0
28,106,gOMP,baseline,0.0012765319988830015,5.728399264626205e-05,0.00013621700054500252,0.0005394219915615395,6.820401176810265e-05,0.0
28,106,gOMP,optimized,0.0004730240034405142,3.7133999285288155e-05,8.929499017540365e-05,0.00019332399824634194,5.735900776926428e-05,0.0
28,107,gOMP,baseline,0.001291223001317121,6.788801692891866e-05,0.00012627997784875333,0.0005508710310095921,9.953900007531047e-05,0.0
28,107,gOMP,optimized,0.0007760470034554601,0.00013831100659444928,0.00012481298472266644,0.00026999699184671044,8.053600322455168e-05,0.0
28,108,gOMP,baseline,0.0011278279998805374,4.048798291478306e-05,0.00012170501577202231,0.000500103022204712,6.140100595075637e-05,0.0
28,108,gOMP,optimized,0.00041892300941981375,3.534798452164978e-05,8.472701301798224e-05,0.00016142395907081664,5.0740010919980705e-05,0.0
28,109,gOMP,baseline,0.0013292160001583397,6.029603537172079e-05,0.0001770739909261465,0.0005857580254087225,8.237799920607358e-05,0.0
28,109,gOMP,optimized,0.0004825060022994876,4.735200491268188e-05,9.536101424600929e-05,0.00018579498282633722,5.616701673716307e-05,0.0
28,110,gOMP,baseline,0.0010970000002998859,3.7237972719594836e-05,0.00013198899978306144,0.0005065610021119937,6.328997551463544e-05,0.0
28,110,gOMP,optimized,0.0004096850025234744,3.17949743475765e-05,7.870400440879166e-05,0.00014664701302535832,5.287399108055979e-05,0.0
28,111,gOMP,baseline,0.0011933470086660236,5.7953991927206516e-05,0.00011076100054197013,0.0005651929968735203,7.972901221364737e-05,0.0
28,111,gOMP,optimized,0.000381685997126624,3.667497367132455e-05,7.364799967035651e-05,0.0001442709908587858,4.655697557609528e-05,0.0
28,112,gOMP,baseline,0.0013148370053386316,4.8289031838066876e-05,0.00012912701640743762,0.0005431309691630304,0.00011258802260272205,0.0
28,112,gOMP,optimized,0.00039954799285624176,3.305202699266374e-05,7.714102684985846e-05,0.00015645695384591818,4.7726003685966134e-05,0.0
28,113,gOMP,baseline,0.0012034819956170395,8.166198676917702e-05,0.00012933601101394743,0.0005361200019251555,7.113504398148507e-05,0.0
28,113,gOMP,optimized,0.0010255160013912246,5.001598037779331e-05,0.0001208609901368618,0.0006041669985279441,0.00012910901568830013,0.0
28,114,gOMP,baseline,0.0012498790019890293,4.112499300390482e-05,0.00010953399760182947,0.0006181640055729076,7.177698716986924e-05,0.0
28,114,gOMP,optimized,0.0005832429887959734,3.593399014789611e-05,8.976196113508195e-05,0.00018729196744970977,0.00010596697393339127,0.0
28,115,gOMP,baseline,0.0014311410050140694,5.610499647445977e-05,0.00013756500266026706,0.0006345779838738963,0.00011930998880416155,0.0
28,115,gOMP,optimized,0.0005910740001127124,5.5563970818184316e-05,0.00010705999739002436,0.00019594198965933174,6.0455990023911e-05,0.0
28,116,gOMP,baseline,0.0011370180000085384,4.158299998380244e-05,0.00010669400217011571,0.0005153109814273193,6.7030981881544e-05,0.0
28,116,gOMP,optimized,0.0007294940005522221,5.399901419878006e-05,0.00013582200335804373,0.00028831796953454614,0.0001179849641630426,0.0
28,117,gOMP,baseline,0.0011311819980619475,4.4863001676276326e-05,0.00011255900608375669,0.0005291960114846006,7.40660325391218e-05,0.0
28,117,gOMP,optimized,0.00041804400098044425,4.339001316111535e-05,7.903703954070807e-05,0.00015812800847925246,5.12850092491135e-05,0.0
28,118,gOMP,baseline,0.001238850993104279,4.627800080925226e-05,0.00011534900113474578,0.000594264012761414,8.491301559843123e-05,0.0
28,118,gOMP,optimized,0.0007638099923497066,0.00010200700489804149,0.00015967401850502938,0.00026447101845405996,9.933102410286665e-05,0.0
28,119,gOMP,baseline,0.0013202970003476366,5.2508985390886664e-05,0.0001464730012230575,0.0005995750107103959,8.760600758250803e-05,0.0
28,119,gOMP,optimized,0.0004182410048088059,4.042098589707166e-05,8.06050084065646e-05,0.00015843201254028827,5.031398904975504e-05,0.0
28,120,gOMP,baseline,0.0011459399975137785,3.964800271205604e-05,0.00012548397353384644,0.0005388640274759382,6.836499960627407e-05,0.0
28,120,gOMP,optimized,0.0003935710119549185,3.285300044808537e-05,7.632198685314506e-05,0.0001513949828222394,4.8942980356514454e-05,0.0
28,121,gOMP,baseline,0.0012969439994776621,5.93169970670715e-05,0.00014053599443286657,0.0005730520060751587,7.873799768276513e-05,0.0
28,121,gOMP,optimized,0.0006145919905975461,4.578499647323042e-05,0.00019365000480320305,0.0001999849919229746,6.488699000328779e-05,0.0
28,122,gOMP,baseline,0.0014551789936376736,5.318800685927272e-05,0.00014881698007229716,0.0006587660027435049,0.00012486599734984338,0.0
28,122,gOMP,optimized,0.00044383000931702554,3.552102134563029e-05,9.910002700053155e-05,0.0001676399988355115,5.11090038344264e-05,0.0
28,123,gOMP,baseline,0.001470762988901697,7.328097126446664e-05,0.00016152799071278423,0.0006307260046014562,8.959400292951614e-05,0.0
28,123,gOMP,optimized,0.0004501069925026968,4.212096973787993e-05,8.580199209973216e-05,0.00017402799858245999,5.3715979447588325e-05,0.0
28,124,gOMP,baseline,0.0012345540017122403,5.333099397830665e-05,0.00012316802167333663,0.000516682950546965,7.748494681436568e-05,0.0
28,124,gOMP,optimized,0.0004475290043046698,4.108197754248977e-05,8.288097160402685e-05,0.00017218501307070255,5.6482007494196296e-05,0.0
28,125,gOMP,baseline,0.0011101319978479296,4.398402234073728e-05,0.00010378699516877532,0.0005241229955572635,6.539301830343902e-05,0.0
28,125,gOMP,optimized,0.0004877169994870201,3.784196451306343e-05,0.0001196349912788719,0.0001728229981381446,6.179600313771516e-05,0.0
28,126,gOMP,baseline,0.0010966609988827258,3.900699084624648e-05,0.0001182899868581444,0.0005087410099804401,6.431600195355713e-05,0.0
28,126,gOMP,optimized,0.00040993599395733327,3.43810097547248e-05,7.877798634581268e-05,0.0001572740002302453,5.057999806012958e-05,0.0
28,127,gOMP,baseline,0.0010637619998306036,4.30680374847725e-05,0.00010555800690781325,0.00048329896526411176,6.089800444897264e-05,0.0
28,127,gOMP,optimized,0.00045317900367081165,4.055901081301272e-05,8.706300286576152e-05,0.00017852101882454008,5.5774988140910864e-05,0.0
28,128,gOMP,baseline,0.0011031789908884093,3.9713006117381155e-05,0.00010758498683571815,0.0005215200362727046,6.234498869162053e-05,0.0
28,128,gOMP,optimized,0.00067495099210646,5.219402373768389e-05,0.00016980602231342345,0.00024999899324029684,9.362799755763263e-05,0.0
28,129,gOMP,baseline,0.0010637779923854396,4.3109990656375885e-05,9.696798224467784e-05,0.0004970520094502717,6.57159835100174e-05,0.0
28,129,gOMP,optimized,0.0005270620022201911,4.888502007815987e-05,8.949100447352976e-05,0.00018817700038198382,6.585899973288178e-05,0.0
28,130,gOMP,baseline,0.001120553002692759,3.669199941214174e-05,0.00010571398888714612,0.0005454080237541348,6.274103361647576e-05,0.0
28,130,gOMP,optimized,0.0004004740039817989,3.232799645047635e-05,7.802600157447159e-05,0.0001551419700263068,4.854203143622726e-05,0.0
28,131,gOMP,baseline,0.0011777110048569739,4.742397868540138e-05,0.00011932299821637571,0.0005296149756759405,7.330099469982088e-05,0.0
28,131,gOMP,optimized,0.0004454589943634346,4.334804543759674e-05,9.084703924600035e-05,0.00016646600852254778,5.271700501907617e-05,0.0
28,132,gOMP,baseline,0.0011497039959067479,4.165299469605088e-05,0.00012607603275682777,0.0005221890169195831,6.737002695444971e-05,0.0
28,132,gOMP,optimized,0.0004152629990130663,3.5069024306721985e-05,7.865601219236851e-05,0.00016243403661064804,5.013404006604105e-05,0.0
28,133,gOMP,baseline,0.0010865819931495935,4.4046988477930427e-05,0.00010016099258791655,0.0005038400122430176,6.28340058028698e-05,0.0
28,133,gOMP,optimized,0.00041748498915694654,3.703398397192359e-05,8.538000111002475e-05,0.00015657994663342834,4.957504279445857e-05,0.0
28,134,gOMP,baseline,0.0011718249879777431,3.781000850722194e-05,0.00010055003804154694,0.000515557054313831,5.857000360265374e-05,0.0
28,134,gOMP,optimized,0.0006698430079268292,5.2193994633853436e-05,0.0001272089866688475,0.0002749739942373708,9.910402877721936e-05,0.0
28,135,gOMP,baseline,0.0010821070027304813,4.43090102635324e-05,0.00010534499597270042,0.0005022959958296269,6.513095286209136e-05,0.0
28,135,gOMP,optimized,0.0004323839966673404,3.981000918429345e-05,8.167899795807898e-05,0.00017167300393339247,5.2915012929588556e-05,0.0
28,136,gOMP,baseline,0.0011207789939362556,4.226999590173364e-05,0.00011333200382068753,0.0005191319796722382,6.27040135441348e-05,0.0
28,136,gOMP,optimized,0.00039750100404489785,3.3557997085154057e-05,7.89800105849281e-05,0.00015369498578365892,4.9049995141103864e-05,0.0
28,137,gOMP,baseline,0.0011207770003238693,4.446700040716678e-05,0.00010530001600272954,0.0005350220162654296,6.582598143722862e-05,0.0
28,137,gOMP,optimized,0.0004748979990836233,4.259600245859474e-05,8.573800732847303e-05,0.00017788201512303203,5.557898839469999e-05,0.0
28,138,gOMP,baseline,0.001024465003865771,3.6038021789863706e-05,9.590797708369792e-05,0.00048482499551028013,5.902802513446659e-05,0.0
28,138,gOMP,optimized,0.0003738650120794773,3.136297164019197e-05,7.296199328266084e-05,0.00014215399278327823,4.555999475996941e-05,0.0
28,139,gOMP,baseline,0.0010841619950952008,4.404196806717664e-05,0.00010377098806202412,0.0005058650276623666,6.300199311226606e-05,0.0
28,139,gOMP,optimized,0.00053305400069803,5.172399687580764e-05,9.532702097203583e-05,0.00022440298926085234,6.24450040049851e-05,0.0
28,140,gOMP,baseline,0.0012417969992384315,4.473501758184284e-05,0.00011998202535323799,0.0005441019893623888,8.2915008533746e-05,0.0
28,140,gOMP,optimized,0.0005278460012050346,3.9605016354471445e-05,0.0001079059875337407,0.00020262799807824194,6.0856007621623576e-05,0.0
28,141,gOMP,baseline,0.0010707589972298592,4.32339875260368e-05,9.98490140773356e-05,0.0005069600010756403,6.505500641651452e-05,0.0
28,141,gOMP,optimized,0.0004376869910629466,4.0785002056509256e-05,7.886400271672755e-05,0.00016214298375416547,5.048600723966956e-05,0.0
28,142,gOMP,baseline,0.0011006989952875301,4.1584979044273496e-05,0.00010746798943728209,0.0005204709887038916,6.455897528212517e-05,0.0
28,142,gOMP,optimized,0.00041311400127597153,3.53209616150707e-05,7.92059872765094e-05,0.00015990601968951523,5.154400423634797e-05,0.0
28,143,gOMP,baseline,0.0012274460023036227,4.5639011659659445e-05,0.00010611097968649119,0.0005682310147676617,9.573900024406612e-05,0.0
28,143,gOMP,optimized,0.00045521100400947034,4.418901517055929e-05,9.397300891578197e-05,0.00016932700236793607,5.336101457942277e-05,0.0
28,144,gOMP,baseline,0.0011901910038432106,4.396402800921351e-05,0.00012074901314917952,0.00055306802096311,6.737398507539183e-05,0.0
28,144,gOMP,optimized,0.00042844199924729764,3.5048011341132224e-05,8.339597843587399e-05,0.00016795202100183815,5.047899321652949e-05,0.0
28,145,gOMP,baseline,0.001062612995156087,4.277497646398842e-05,0.00010049200500361621,0.0005015920323785394,6.478698924183846e-05,0.0
28,145,gOMP,optimized,0.00039018699317239225,3.679000656120479e-05,7.22370168659836e-05,0.0001483309461036697,4.837504820898175e-05,0.0
28,146,gOMP,baseline,0.0010554909968050197,3.674899926409125e-05,0.00010277400724589825,0.0004987890424672514,5.8106990763917565e-05,0.0
28,146,gOMP,optimized,0.0003999899927293882,3.2958967494778335e-05,7.897302566561848e-05,0.00015639398770872504,4.850703408010304e-05,0.0
28,147,gOMP,baseline,0.0012005099997622892,5.6721983128227293e-05,0.00012341597175691277,0.0005496550147654489,7.019701297394931e-05,0.0
28,147,gOMP,optimized,0.0004283299931557849,3.973499406129122e-05,8.218601578846574e-05,0.00016696001694072038,5.1619004807434976e-05,0.0
28,148,gOMP,baseline,0.0016191799950320274,4.8076966777443886e-05,0.00014941203698981553,0.0008021870016818866,0.00012283104297239333,0.0
28,148,gOMP,optimized,0.0005751259886892512,5.463200795929879e-05,0.0001269790082005784,0.00022161200467962772,6.591799319721758e-05,0.0
28,149,gOMP,baseline,0.001121184992371127,4.325600457377732e-05,0.00011208202340640128,0.000529990007635206,6.701603706460446e-05,0.0
28,149,gOMP,optimized,0.0004431669949553907,4.028402327094227e-05,7.898599142208695e-05,0.00016090999997686595,5.170798976905644e-05,0.0
28,150,gOMP,baseline,0.0011616890114964917,4.138500662520528e-05,0.00011813001765403897,0.0005351930012693629,6.726401625201106e-05,0.0
28,150,gOMP,optimized,0.00046371099597308785,3.481601015664637e-05,0.00010834199201781303,0.00017233699327334762,5.2683986723423004e-05,0.0
28,151,gOMP,baseline,0.001427080002031289,5.53090067114681e-05,0.00013994799519423395,0.0006526970100821927,0.00011780102795455605,0.0
28,151,gOMP,optimized,0.0009043400059454143,9.516601858194917e-05,0.00016732299991417676,0.0002989260101458058,0.00015784900460857898,0.0
28,152,gOMP,baseline,0.0011115849920315668,4.262702714186162e-05,0.0001123269903473556,0.0005153140082256868,6.162699719425291e-05,0.0
28,152,gOMP,optimized,0.0005845749983564019,3.954501880798489e-05,0.0001362730108667165,0.00020941598631907254,5.9700978454202414e-05,0.0
28,153,gOMP,baseline,0.001401969013386406,7.642096898052841e-05,0.00015671498840674758,0.0005869849846931174,0.00011481497494969517,0.0
28,153,gOMP,optimized,0.0004470150015549734,4.563700349535793e-05,8.164999599102885e-05,0.00017015004414133728,5.39890315849334e-05,0.0
28,154,gOMP,baseline,0.0014068870077608153,6.521999603137374e-05,0.0001444060035282746,0.0006132209673523903,0.00011911598267033696,0.0
28,154,gOMP,optimized,0.0005497779930010438,6.63719984004274e-05,0.00010887398093473166,0.00019153700850438327,5.9672995121218264e-05,0.0
28,155,gOMP,baseline,0.0012378779938444495,5.085600423626602e-05,0.00014059098612051457,0.0005527389876078814,8.253499981947243e-05,0.0
28,155,gOMP,optimized,0.0004534399922704324,4.1831983253359795e-05,8.628399518784136e-05,0.00017562403809279203,5.246100772637874e-05,0.0
28,156,gOMP,baseline,0.0012141479965066537,4.106198321096599e-05,0.00012793700443580747,0.0005544609884964302,8.636702841613442e-05,0.0
28,156,gOMP,optimized,0.0004253090010024607,3.346803714521229e-05,8.272400009445846e-05,0.00016605602286290377,5.170698568690568e-05,0.0
28,157,gOMP,baseline,0.0011348080006428063,4.4346030335873365e-05,0.00010577999637462199,0.0005172509991098195,7.036299211904407e-05,0.0
28,157,gOMP,optimized,0.0003924589982489124,3.705697599798441e-05,7.829499372746795e-05,0.00014825501421000808,4.790700040757656e-05,0.0
28,158,gOMP,baseline,0.001218529010657221,4.616600926965475e-05,0.00014473898045253009,0.0005487950256792828,7.019699842203408e-05,0.0
28,158,gOMP,optimized,0.00046390198986046016,3.6479992559179664e-05,9.805300214793533e-05,0.00017579999985173345,5.4356001783162355e-05,0.0
28,159,gOMP,baseline,0.0011681210016831756,4.797300789505243e-05,0.0001100020162994042,0.0005503640131792054,7.188702875282615e-05,0.0
28,159,gOMP,optimized,0.000455054992926307,5.076899833511561e-05,8.784698729868978e-05,0.00016711100761312991,5.458202213048935e-05,0.0
28,160,gOMP,baseline,0.0011172300000907853,3.944197669625282e-05,0.00011638199794106185,0.0005108250043122098,5.9394005802460015e-05,0.0
28,160,gOMP,optimized,0.00039814999036025256,3.402199945412576e-05,7.779701263643801e-05,0.00015356900985352695,4.9604030209593475e-05,0.0
28,161,gOMP,baseline,0.0011484400019980967,4.529101715888828e-05,0.00011236801219638437,0.0005445069982670248,6.883099558763206e-05,0.0
28,161,gOMP,optimized,0.0004219389957142994,4.0081999031826854e-05,7.840403122827411e-05,0.00016255301306955516,5.178801075089723e-05,0.0
28,162,gOMP,baseline,0.001163445005659014,4.005698428954929e-05,0.00011230399832129478,0.0005558589909924194,7.497300975956023e-05,0.0
28,162,gOMP,optimized,0.000412847992265597,3.448400821071118e-05,8.029599848669022e-05,0.00016098201740533113,5.017800140194595e-05,0.0
28,163,gOMP,baseline,0.0014463100087596104,6.171796121634543e-05,0.00014721100160386413,0.0006323820125544444,0.00012064899783581495,0.0
28,163,gOMP,optimized,0.0004301389999454841,4.0893995901569724e-05,8.265100768767297e-05,0.0001614829816389829,5.106498429086059e-05,0.0
28,164,gOMP,baseline,0.0010916979954345152,3.9609032683074474e-05,0.00011272697884123772,0.000514046972966753,6.030799704603851e-05,0.0
28,164,gOMP,optimized,0.00041322800097987056,3.399803244974464e-05,8.235100540332496e-05,0.0001626029988983646,4.989297303836793e-05,0.0
28,165,gOMP,baseline,0.0011778409971157089,4.72029933007434e-05,0.00013686995953321457,0.0005435069761006162,7.080897921696305e-05,0.0
28,165,gOMP,optimized,0.0004346530040493235,4.119001096114516e-05,8.003399125300348e-05,0.00017503701383247972,5.1390990847721696e-05,0.0
28,166,gOMP,baseline,0.0019270540069555864,7.576998905278742e-05,0.00021121998724993318,0.0008506229496560991,0.00013434099673759192,0.0
28,166,gOMP,optimized,0.0008266420045401901,6.166400271467865e-05,0.00020502600818872452,0.00029821699718013406,0.00010785297490656376,0.0
28,167,gOMP,baseline,0.0011937410017708316,4.708798951469362e-05,0.00011359699419699609,0.0005487849848577753,9.15910059120506e-05,0.0
28,167,gOMP,optimized,0.00041412300197407603,4.257998079992831e-05,7.838598685339093e-05,0.00015726500714663416,5.0332993851043284e-05,0.0
28,168,gOMP,baseline,0.0017479369998909533,8.844902913551778e-05,0.00018088100478053093,0.0007607500301674008,0.00010694999946281314,0.0
28,168,gOMP,optimized,0.0012954359990544617,0.00010204101272393018,0.0003122539783362299,0.0004579610249493271,0.00017295002180617303,0.0
28,169,gOMP,baseline,0.0022018799936631694,8.885501301847398e-05,0.000251153003773652,0.0009679029899416491,0.0001549290172988549,0.0
28,169,gOMP,optimized,0.0008131849899655208,6.39739737380296e-05,0.0001774309785105288,0.0002993259986396879,0.00010117000783793628,0.0
28,170,gOMP,baseline,0.0011285420041531324,4.2107974877581e-05,0.00011166802141815424,0.0005251700204098597,6.153600406832993e-05,0.0
28,170,gOMP,optimized,0.00045138200221117586,3.4640979720279574e-05,8.044799324125051e-05,0.00017236097482964396,5.3844996728003025e-05,0.0
28,171,gOMP,baseline,0.0011531479976838455,4.659300611820072e-05,0.00014281398034654558,0.0005184740002732724,6.978299643378705e-05,0.0
28,171,gOMP,optimized,0.0006083649932406843,5.273998249322176e-05,0.00011106899182777852,0.00024012502399273217,9.472998499404639e-05,0.0
28,172,gOMP,baseline,0.001122829009545967,3.931300307158381e-05,0.00010910500714089721,0.0005091279890621081,7.537496276199818e-05,0.0
28,172,gOMP,optimized,0.0003982839989475906,3.316401853226125e-05,7.734900282230228e-05,0.00015209199045784771,4.949598223902285e-05,0.0
28,173,gOMP,baseline,0.0011529969924595207,4.524501855485141e-05,0.0001137540239142254,0.0005393460305640474,6.964700878597796e-05,0.0
28,173,gOMP,optimized,0.0004299180000089109,3.992702113464475e-05,8.086000161711127e-05,0.00015942602476570755,5.12800324941054e-05,0.0
28,174,gOMP,baseline,0.0011112010106444359,3.7517020246014e-05,0.00010586202552076429,0.0005212100222706795,6.624098750762641e-05,0.0
28,174,gOMP,optimized,0.0004418880125740543,3.785299486480653e-05,9.266898268833756e-05,0.00016351397789549083,5.377498746383935e-05,0.0
28,175,gOMP,baseline,0.0011154570092912763,4.533799074124545e-05,0.0001088630233425647,0.0005257319862721488,6.912302342243493e-05,0.0
28,175,gOMP,optimized,0.0006553839921252802,4.0157989133149385e-05,7.797601574566215e-05,0.0002947049797512591,8.546601748093963e-05,0.0
28,176,gOMP,baseline,0.0014725419896421954,9.195298480335623e-05,0.00014388997806236148,0.0006824930314905941,7.930700667202473e-05,0.0
28,176,gOMP,optimized,0.0004317540006013587,3.324901626911014e-05,9.245100955013186e-05,0.00016483997751493007,5.0112983444705606e-05,0.0
28,177,gOMP,baseline,0.00161709199892357,0.00014061400725040585,0.00018466197070665658,0.0006745040154783055,0.00012380100088194013,0.0
28,177,gOMP,optimized,0.0005108350014779717,4.387197259347886e-05,0.00012383598368614912,0.000185628974577412,5.857498035766184e-05,0.0
28,178,gOMP,baseline,0.0016397180006606504,7.187601295299828e-05,0.00016051699640229344,0.0007276959950104356,0.00010045400995295495,0.0
28,178,gOMP,optimized,0.0007492580043617636,6.11239520367235e-05,0.00015343901759479195,0.0002862420224118978,8.888398588169366e-05,0.0
28,179,gOMP,baseline,0.0011408769933041185,4.86949720652774e-05,0.00011703297786880285,0.0005259449972072616,6.952100375201553e-05,0.0
28,179,gOMP,optimized,0.00044437199539970607,4.052298027090728e-05,8.003601396922022e-05,0.00016472302377223969,5.3988987929187715e-05,0.0
28,180,gOMP,baseline,0.0011739759938791394,4.665699088945985e-05,0.00012400398554746062,0.0005242120241746306,6.823800504207611e-05,0.0
28,180,gOMP,optimized,0.00047756799904163927,3.920300514437258e-05,0.00010875801672227681,0.0001752199896145612,6.0587000916711986e-05,0.0
28,181,gOMP,baseline,0.001094972001737915,4.531402373686433e-05,0.00010674700024537742,0.0004978699871571735,6.34239986538887e-05,0.0
28,181,gOMP,optimized,0.00045788199349772185,4.290499782655388e-05,8.621795859653503e-05,0.00017995999951381236,5.6846984080038965e-05,0.0
28,182,gOMP,baseline,0.0011042719997931272,3.925400960724801e-05,0.00011404800170566887,0.0005215259734541178,6.091799878049642e-05,0.0
28,182,gOMP,optimized,0.00044004600204061717,3.285297134425491e-05,8.79039871506393e-05,0.0001793050323612988,5.176698323339224e-05,0.0
28,183,gOMP,baseline,0.001236012001754716,4.623798304237425e-05,0.00010894003207795322,0.0005983999872114509,8.149903442244977e-05,0.0
28,183,gOMP,optimized,0.0006190390122355893,6.748501618858427e-05,0.00011111101775895804,0.0002059539983747527,7.452600402757525e-05,0.0
28,184,gOMP,baseline,0.0011319020122755319,3.984500654041767e-05,0.00012730498565360904,0.0005153509846422821,6.227800622582436e-05,0.0
28,184,gOMP,optimized,0.0003980210021836683,3.369698242750019e-05,7.590500172227621e-05,0.0001525420229882002,4.911399446427822e-05,0.0
28,185,gOMP,baseline,0.001103852002415806,4.457402974367142e-05,0.00010515601024962962,0.000517543958267197,6.906100315973163e-05,0.0
28,185,gOMP,optimized,0.00039704301161691546,3.8368001696653664e-05,7.684598676860332e-05,0.00015120398893486708,4.864898801315576e-05,0.0
28,186,gOMP,baseline,0.0011713749991031364,3.8646976463496685e-05,0.0001104880211642012,0.0005372580199036747,8.29610216896981e-05,0.0
28,186,gOMP,optimized,0.0004616289952537045,4.775900742970407e-05,9.427600889466703e-05,0.00017019998631440103,5.653400148730725e-05,0.0
28,187,gOMP,baseline,0.0012477700074668974,4.836401785723865e-05,0.00012647501716855913,0.0005901309777982533,8.022102701943368e-05,0.0
28,187,gOMP,optimized,0.0004260300047462806,3.9071019273251295e-05,8.046303992159665e-05,0.00016494901501573622,5.160899308975786e-05,0.0
28,188,gOMP,baseline,0.0011029799934476614,4.098599310964346e-05,0.0001060490176314488,0.0005251889961073175,6.467300408985466e-05,0.0
28,188,gOMP,optimized,0.0009554729913361371,0.0001452029828215018,0.0001643060240894556,0.00024430501798633486,0.00024038802075665444,0.0
28,189,gOMP,baseline,0.0017361280042678118,7.211093907244503e-05,0.0001953180180862546,0.0007416989974444732,0.0001519420329714194,0.0
28,189,gOMP,optimized,0.0004447270039236173,4.053296288475394e-05,7.993902545422316e-05,0.00016422900080215186,5.133898230269551e-05,0.0
28,190,gOMP,baseline,0.0013780220033368096,6.792001659050584e-05,0.0001389920071233064,0.0006470710359280929,9.485703776590526e-05,0.0
28,190,gOMP,optimized,0.0004968160064890981,4.052798612974584e-05,0.00010627898154780269,0.000189515994861722,6.042799213901162e-05,0.0
28,191,gOMP,baseline,0.0015624240040779114,5.5818003602325916e-05,0.0001468370173824951,0.0007925010286271572,0.0001119889784604311,0.0
28,191,gOMP,optimized,0.0005474180070450529,6.46090047666803e-05,9.82999918051064e-05,0.00019537200569175184,6.183497316669673e-05,0.0
28,192,gOMP,baseline,0.0016176640056073666,6.424399907700717e-05,0.0002016480138991028,0.0007047450199024752,0.00011264102067798376,0.0
28,192,gOMP,optimized,0.0004728899948531762,3.8708996726199985e-05,8.934499055612832e-05,0.00018624500080477446,6.625500100199133e-05,0.0
28,193,gOMP,baseline,0.0012882070004707202,5.4199015721678734e-05,0.00013523899542633444,0.0005633210093947127,8.091297058854252e-05,0.0
28,193,gOMP,optimized,0.0004904110101051629,4.34809917351231e-05,9.052296809386462e-05,0.00020537998352665454,5.926500307396054e-05,0.0
28,194,gOMP,baseline,0.0014721210027346388,5.044200224801898e-05,0.00014451700553763658,0.0006867139891255647,0.00010218202078249305,0.0
28,194,gOMP,optimized,0.00045434200728777796,3.4101976780220866e-05,0.00010167399886995554,0.00017166997713502496,5.2467017667368054e-05,0.0
28,195,gOMP,baseline,0.0015215570019790903,5.998597771394998e-05,0.00023101799888536334,0.0006640639912802726,0.00010819401359185576,0.0
28,195,gOMP,optimized,0.000441119002061896,4.183399141766131e-05,7.98250111984089e-05,0.00016877199232112616,5.219000740908086e-05,0.0
28,196,gOMP,baseline,0.0012042330054100603,4.208198515698314e-05,0.00011879896919708699,0.0005586410115938634,6.734399357810616e-05,0.0
28,196,gOMP,optimized,0.00042009000026155263,3.5652017686516047e-05,8.665802306495607e-05,0.00016184401465579867,5.146801413502544e-05,0.0
28,197,gOMP,baseline,0.00224594101018738,0.0001653409854043275,0.00031068500538822263,0.0009204590023728088,0.00016178599616978317,0.0
28,197,gOMP,optimized,0.000518052009283565,4.666097811423242e-05,9.880300785880536e-05,0.00020371697610244155,6.136101728770882e-05,0.0
28,198,gOMP,baseline,0.001204385989694856,4.228802572470158e-05,0.00012746200081892312,0.0005566100153373554,8.120796701405197e-05,0.0
28,198,gOMP,optimized,0.00041846999374683946,3.3944990718737245e-05,7.800401363056153e-05,0.0001655269879847765,5.1062015700154006e-05,0.0
28,199,gOMP,baseline,0.0011355239985277876,4.501399234868586e-05,0.00010267899779137224,0.0005395160260377452,6.626101094298065e-05,0.0
28,199,gOMP,optimized,0.0004427249950822443,4.226597957313061e-05,8.758004696574062e-05,0.00016485097876284271,5.2897012210451066e-05,0.0
28,200,gOMP,baseline,0.0014361829962581396,4.984198312740773e-05,0.00014247999934013933,0.0006635819736402482,0.00010642003326211125,0.0
28,200,gOMP,optimized,0.0004201760020805523,3.557698801159859e-05,8.067199087236077e-05,0.000167171994689852,5.094301013741642e-05,0.0
28,201,gOMP,baseline,0.0011565810127649456,4.563496622722596e-05,0.00011901599646080285,0.000533240003278479,7.374600681941956e-05,0.0
28,201,gOMP,optimized,0.0004462649958441034,4.211600753478706e-05,8.217699360102415e-05,0.0001682699949014932,5.758000770583749e-05,0.0
28,202,gOMP,baseline,0.0011987350007984787,4.2782980017364025e-05,0.00011516900849528611,0.000544044014532119,7.418797758873552e-05,0.0
28,202,gOMP,optimized,0.0006203170050866902,6.555799336638302e-05,0.00013418398157227784,0.00022763398010283709,7.846803055144846e-05,0.0
28,203,gOMP,baseline,0.0010350350057706237,4.149301094003022e-05,9.666998812463135e-05,0.0004883940127911046,6.019900320097804e-05,0.0
28,203,gOMP,optimized,0.0004270450008334592,4.091497976332903e-05,8.220298332162201e-05,0.00015494399121962488,6.307099829427898e-05,0.0
28,204,gOMP,baseline,0.0011132830113638192,3.933499101549387e-05,0.00012683401291724294,0.0005091489729238674,6.39539648545906e-05,0.0
28,204,gOMP,optimized,0.00038680499710608274,3.346901212353259e-05,7.570501475129277e-05,0.00015126698417589068,4.666001768782735e-05,0.0
28,205,gOMP,baseline,0.0011304030049359426,4.856202576775104e-05,0.0001097269996535033,0.0005239700258243829,6.743898848071694e-05,0.0
28,205,gOMP,optimized,0.000418045005062595,4.163998528383672e-05,7.934102904982865e-05,0.00016010800027288496,5.307502578943968e-05,0.0
28,206,gOMP,baseline,0.0013609890011139214,5.692000559065491e-05,0.00014328300312627107,0.0005898630042793229,7.353301043622196e-05,0.0
28,206,gOMP,optimized,0.0004014930018456653,3.184600791428238e-05,8.385100227314979e-05,0.00015224999515339732,4.9493988626636565e-05,0.0
28,207,gOMP,baseline,0.0018322220130357891,6.408401532098651e-05,0.0002021189866354689,0.0008509720064466819,0.00014412400196306407,0.0
28,207,gOMP,optimized,0.0004424279904924333,4.184502176940441e-05,9.15820273803547e-05,0.00016706401947885752,5.191602394916117e-05,0.0
28,208,gOMP,baseline,0.0014629250072175637,5.467399023473263e-05,0.0001395519939251244,0.0006917260179761797,0.00010396298603154719,0.0
28,208,gOMP,optimized,0.0004918399936286733,4.0403014281764627e-05,8.952096686698496e-05,0.00019739099661819637,6.127599044702947e-05,0.0
28,209,gOMP,baseline,0.001085508003598079,4.5585009502246976e-05,0.00011179799912497401,0.0004978530341759324,6.826697790529579e-05,0.0
28,209,gOMP,optimized,0.0006083229964133352,4.3167019612155855e-05,0.00018150701362174004,0.0002099799894494936,6.2494000303559e-05,0.0
28,210,gOMP,baseline,0.0011860829981742427,5.750800482928753e-05,0.00012407101166900247,0.0005326299869921058,8.931000775191933e-05,0.0
28,210,gOMP,optimized,0.00039770900912117213,3.297801595181227e-05,7.454898150172085e-05,0.00015313999028876424,5.2212009904906154e-05,0.0
28,211,gOMP,baseline,0.0017711179971229285,7.287297921720892e-05,0.00020155000675003976,0.0007918600022094324,0.00012465902545955032,0.0
28,211,gOMP,optimized,0.0006845789903309196,5.571699875872582e-05,0.00016327702905982733,0.0002471020125085488,8.195897680707276e-05,0.0
28,212,gOMP,baseline,0.0011551510106073692,4.05320170102641e-05,0.00016389500524383038,0.00050597898371052,6.434097304008901e-05,0.0
28,212,gOMP,optimized,0.0003970380057580769,3.24939755955711e-05,7.415696745738387e-05,0.00015115698624867946,4.7904017264954746e-05,0.0
28,213,gOMP,baseline,0.0010978350037476048,4.6249027946032584e-05,0.00010371499229222536,0.0005056519876234233,6.454699905589223e-05,0.0
28,213,gOMP,optimized,0.000423147008405067,4.029099363833666e-05,7.863703649491072e-05,0.00016492100257892162,5.249398236628622e-05,0.0
28,214,gOMP,baseline,0.0010102839878527448,3.616399771999568e-05,0.00010663097782526165,0.0004677519900724292,5.801900988444686e-05,0.0
28,214,gOMP,optimized,0.0004414959985297173,4.187699232716113e-05,8.27539770398289e-05,0.00017661605670582503,5.379294452723116e-05,0.0
28,215,gOMP,baseline,0.0010541480005485937,4.215002991259098e-05,0.00010412000119686127,0.000499778994708322,6.075001147110015e-05,0.0
28,215,gOMP,optimized,0.0004186930018477142,4.010698467027396e-05,7.962298695929348e-05,0.0001603749842615798,5.123700248077512e-05,0.0
28,216,gOMP,baseline,0.0010199530079262331,3.632002335507423e-05,0.00010203200508840382,0.0004860050103161484,5.4971969802863896e-05,0.0
28,216,gOMP,optimized,0.00048041099216789007,3.467399801593274e-05,0.00010769399523269385,0.00018581098993308842,5.675001011695713e-05,0.0
28,217,gOMP,baseline,0.0011295059957774356,4.762900061905384e-05,0.00011226200149394572,0.0005033910128986463,7.031700806692243e-05,0.0
28,217,gOMP,optimized,0.0003938290028600022,3.647696576081216e-05,7.386296056210995e-05,0.00015071200323291123,4.878902109339833e-05,0.0
28,218,gOMP,baseline,0.001109147007809952,4.465498204808682e-05,0.00010753999231383204,0.0005225549975875765,6.459702854044735e-05,0.0
28,218,gOMP,optimized,0.00037155099562369287,3.1180010410025716e-05,7.295796240214258e-05,0.00014442198153119534,4.66889759991318e-05,0.0
28,219,gOMP,baseline,0.0010835499997483566,4.345101478975266e-05,0.00010908900003414601,0.0005069619801361114,6.782701530028135e-05,0.0
28,219,gOMP,optimized,0.0004173960041953251,4.2512998334132135e-05,7.912499131634831e-05,0.00016193802002817392,4.9526963266544044e-05,0.0
28,220,gOMP,baseline,0.0010715170064941049,3.7488978705368936e-05,0.00011346999963279814,0.0004992969625163823,5.923098069615662e-05,0.0
28,220,gOMP,optimized,0.00046521000331267715,3.8569021853618324e-05,8.699600584805012e-05,0.00018376598018221557,5.7491997722536325e-05,0.0
28,221,gOMP,baseline,0.001183729007607326,4.2777013732120395e-05,0.00010846000805031508,0.0005591179942712188,6.776000373065472e-05,0.0
28,221,gOMP,optimized,0.0005305060039972886,5.4305026424117386e-05,0.00010166400170419365,0.00018961698515340686,8.182697638403624e-05,0.0
28,222,gOMP,baseline,0.0014962029963498935,6.902398308739066e-05,0.00014083099085837603,0.0006293720070971176,0.00011882300896104425,0.0
28,222,gOMP,optimized,0.0006243790121516213,4.9135982408188283e-05,0.0001538259966764599,0.0002331030264031142,7.21789983799681e-05,0.0
28,223,gOMP,baseline,0.0012301899987505749,5.243998020887375e-05,0.00012275898188818246,0.0005731830024160445,8.305901428684592e-05,0.0
28,223,gOMP,optimized,0.00045294000301510096,4.3404041207395494e-05,8.457295189145952e-05,0.0001743340108077973,5.3670970373786986e-05,0.0
28,224,gOMP,baseline,0.0012462890008464456,5.8895020629279315e-05,0.00013234801008366048,0.0005825500120408833,7.7811986557208e-05,0.0
28,224,gOMP,optimized,0.0004059690108988434,3.297699731774628e-05,7.776400889270008e-05,0.0001604049903107807,5.019102536607534e-05,0.0
28,225,gOMP,baseline,0.0010267070028930902,4.262798756826669e-05,0.00010198699601460248,0.0004716590337920934,6.050401134416461e-05,0.0
28,225,gOMP,optimized,0.0004737659910460934,4.4190019252710044e-05,8.749401604291052e-05,0.00018388200260233134,5.8636986068449914e-05,0.0
28,226,gOMP,baseline,0.001162550994195044,4.7344001359306276e-05,0.00011255998106207699,0.0005445890128612518,7.040500349830836e-05,0.0
28,226,gOMP,optimized,0.0003899750008713454,3.6865007132291794e-05,7.633001951035112e-05,0.00014660798478871584,4.7347042709589005e-05,0.0
28,227,gOMP,baseline,0.0014330410049296916,5.621803575195372e-05,0.00015454099047929049,0.0006712200120091438,0.00010784399637486786,0.0
28,227,gOMP,optimized,0.00048681499902158976,3.9656966691836715e-05,8.06410243967548e-05,0.0001961640373338014,7.052799628581852e-05,0.0
28,228,gOMP,baseline,0.0017115170048782602,8.829800935927778e-05,0.0002051820047199726,0.000659158977214247,0.00019643199630081654,0.0
28,228,gOMP,optimized,0.00048366899136453867,4.202102718409151e-05,0.00010481597564648837,0.00018265401013195515,5.168402276467532e-05,0.0
28,229,gOMP,baseline,0.0017567379982210696,6.71950401738286e-05,0.00018695701146498322,0.0007737840060144663,0.00016570898878853768,0.0
28,229,gOMP,optimized,0.00044543300464283675,4.311598604544997e-05,8.351902943104506e-05,0.00017139794363174587,5.3234005463309586e-05,0.0
28,230,gOMP,baseline,0.0014132900105323642,4.373298725113273e-05,0.00010386896610725671,0.0007249579939525574,0.00011277999146841466,0.0
28,230,gOMP,optimized,0.0005344020028132945,4.660601553041488e-05,0.00011100199481006712,0.00019058500765822828,7.079198257997632e-05,0.0
28,231,gOMP,baseline,0.001662166992900893,7.904101221356541e-05,0.00020616501569747925,0.0007181330001913011,0.00011510701733641326,0.0
28,231,gOMP,optimized,0.0004331230011302978,3.919500159099698e-05,8.08349868748337e-05,0.00016403201152570546,5.243498890195042e-05,0.0
28,232,gOMP,baseline,0.0011292919953120872,4.229802289046347e-05,0.00012240702926646918,0.0005195619887672365,6.21430081082508e-05,0.0
28,232,gOMP,optimized,0.00043959599861409515,3.4590979339554906e-05,8.060100662987679e-05,0.00016818202857393771,6.083001790102571e-05,0.0
28,233,gOMP,baseline,0.0011238250008318573,4.742399323731661e-05,0.00011230597738176584,0.0005295360460877419,6.784399738535285e-05,0.0
28,233,gOMP,optimized,0.00042297599429730326,3.9789010770618916e-05,7.858802564442158e-05,0.00015370901382993907,6.593599391635507e-05,0.0
28,234,gOMP,baseline,0.0011407099955249578,4.379301390144974e-05,0.0001065409742295742,0.0005398409848567098,7.670401828363538e-05,0.0
28,234,gOMP,optimized,0.0003774350043386221,3.101899346802384e-05,7.250497583299875e-05,0.00014917500084266067,4.616795922629535e-05,0.0
28,235,gOMP,baseline,0.0010943110100924969,4.558300133794546e-05,0.00010469197877682745,0.0005061030096840113,7.027701940387487e-05,0.0
28,235,gOMP,optimized,0.0004293160018278286,3.786600427702069e-05,8.951798372436315e-05,0.00015099099255166948,6.392897921614349e-05,0.0
28,236,gOMP,baseline,0.0013979450013721362,4.09649801440537e-05,0.00012594700092449784,0.0007032079738564789,0.00010311802907381207,0.0
28,236,gOMP,optimized,0.0005366919940570369,3.979001485276967e-05,0.00011082499986514449,0.000216421001823619,6.230601866263896e-05,0.0
28,237,gOMP,baseline,0.001354909996734932,7.472699508070946e-05,0.00014578798436559737,0.0005903620185563341,9.550101822242141e-05,0.0
28,237,gOMP,optimized,0.0007509300048695877,6.113901326898485e-05,0.00012337396037764847,0.0002214630221715197,0.00022151700977701694,0.0
28,238,gOMP,baseline,0.001130569988163188,4.086302942596376e-05,0.00012223099474795163,0.0005241479957476258,6.539501191582531e-05,0.0
28,238,gOMP,optimized,0.0004914580058539286,3.583297075238079e-05,0.00010776499402709305,0.0001952720049303025,5.424802657216787e-05,0.0
28,239,gOMP,baseline,0.0016571880114497617,0.00012834701919928193,0.00018794597417581826,0.0006477520073531196,0.00017566498718224466,0.0
28,239,gOMP,optimized,0.0004469069972401485,4.4917018385604024e-05,8.417601929977536e-05,0.00017043299158103764,5.3935960750095546e-05,0.0
28,240,gOMP,baseline,0.0010217710077995434,3.5253033274784684e-05,9.257398778572679e-05,0.000489318001200445,5.9366997447796166e-05,0.0
28,240,gOMP,optimized,0.000445732002845034,3.44989966833964e-05,9.758501255419105e-05,0.00016696599777787924,5.427397263702005e-05,0.0
28,241,gOMP,baseline,0.0011292639974271879,4.482199437916279e-05,0.00010243899305351079,0.0005247110093478113,6.380805280059576e-05,0.0
28,241,gOMP,optimized,0.00040989700937643647,3.785497392527759e-05,7.945700781419873e-05,0.0001574619673192501,5.2409013733267784e-05,0.0
28,242,gOMP,baseline,0.0010672509961295873,3.761699190363288e-05,0.00010694902448449284,0.0004737229901365936,5.767299444414675e-05,0.0
28,242,gOMP,optimized,0.0004930839932058007,4.300000728107989e-05,0.0001072269951691851,0.00017802002548705786,5.46229857718572e-05,0.0
28,243,gOMP,baseline,0.0011831589945359156,4.362799518276006e-05,0.0001120719825848937,0.0005530280177481472,8.027801231946796e-05,0.0
28,243,gOMP,optimized,0.00042263900104444474,4.0206010453402996e-05,8.246899233199656e-05,0.00016021997726056725,4.9558948376215994e-05,0.0
28,244,gOMP,baseline,0.001034783010254614,3.7542980862781405e-05,0.00010841301991604269,0.00047597802767995745,5.648899241350591e-05,0.0
28,244,gOMP,optimized,0.00038261301233433187,3.1481991754844785e-05,7.432200072798878e-05,0.00014525196456816047,4.6290006139315665e-05,0.0
28,245,gOMP,baseline,0.0010344879992771894,3.971498517785221e-05,9.747895819600672e-05,0.000489877988002263,6.383798609022051e-05,0.0
28,245,gOMP,optimized,0.00038536099600605667,3.670599835459143e-05,7.332200766541064e-05,0.0001435560261597857,4.7276989789679646e-05,0.0
28,246,gOMP,baseline,0.001148213996202685,4.736598930321634e-05,0.00011473898484837264,0.0005160160071682185,6.540599861182272e-05,0.0
28,246,gOMP,optimized,0.00038024000241421163,3.199302591383457e-05,7.335000555031002e-05,0.0001465090026613325,4.6007000491954386e-05,0.0
28,247,gOMP,baseline,0.001098242006264627,4.229802289046347e-05,0.00012175002484582365,0.00048375398910138756,8.041398541536182e-05,0.0
28,247,gOMP,optimized,0.00038515799678862095,3.6048018955625594e-05,7.355198613367975e-05,0.00014748802641406655,4.6676985220983624e-05,0.0
28,248,gOMP,baseline,0.0012920489971293136,3.591299173422158e-05,0.0001287919731112197,0.0005046309961471707,0.00017386199033353478,0.0
28,248,gOMP,optimized,0.00048508201143704355,3.8502010283991694e-05,0.00010495797323528677,0.00018802296835929155,5.709796096198261e-05,0.0
28,249,gOMP,baseline,0.0012134799908380955,4.568799340631813e-05,0.00012140498438384384,0.0005536550161195919,9.347197192255408e-05,0.0
28,249,gOMP,optimized,0.00042512700019869953,3.9439022657461464e-05,8.189899381250143e-05,0.00016938202315941453,4.8891990445554256e-05,0.0
28,250,gOMP,baseline,0.0010233799985144287,3.9811013266444206e-05,9.799504186958075e-05,0.0004786630015587434,6.188698171172291e-05,0.0
28,250,gOMP,optimized,0.0005171950033400208,4.122899554204196e-05,9.982899064198136e-05,0.00017785700038075447,9.741999383550137e-05,0.0
28,251,gOMP,baseline,0.0014748500107089058,6.438001582864672e-05,0.0001515520125394687,0.0005919360264670104,0.00016354199033230543,0.0
28,251,gOMP,optimized,0.0004387660010252148,4.12279914598912e-05,8.145697938743979e-05,0.00017510002362541854,5.1553972298279405e-05,0.0
28,252,gOMP,baseline,0.0014712539996253327,6.258703069761395e-05,0.0001673869846854359,0.0006403750303434208,0.00010488498082850128,0.0
28,252,gOMP,optimized,0.0009704800031613559,6.538799789268523e-05,0.00020678300643339753,0.0004014429869130254,0.0001508339773863554,0.0
28,253,gOMP,baseline,0.0012143289932282642,4.885000817012042e-05,0.0001341470197075978,0.0005777210171800107,8.037398220039904e-05,0.0
28,253,gOMP,optimized,0.0008311580022564158,5.6689983466640115e-05,0.00013535202015191317,0.00028889098030049354,0.0001054559979820624,0.0
28,254,gOMP,baseline,0.0016529760032426566,5.2309027523733675e-05,0.00014007599384058267,0.0008450259774690494,0.00013390398817136884,0.0
28,254,gOMP,optimized,0.0005596859991783276,4.067600821144879e-05,0.00010363200271967798,0.00022314098896458745,6.088899681344628e-05,0.0
28,255,gOMP,baseline,0.0011917399970116094,4.865397932007909e-05,0.00012841600982937962,0.0005488669994520023,7.787099457345903e-05,0.0
28,255,gOMP,optimized,0.00038088299334049225,3.67779575753957e-05,7.329405343625695e-05,0.00014692801050841808,4.648597678169608e-05,0.0
28,256,gOMP,baseline,0.0013339120050659403,5.7204015320166945e-05,0.00013852697156835347,0.0005569800123339519,7.001799531280994e-05,0.0
28,256,gOMP,optimized,0.0004061949875904247,3.255000046920031e-05,8.930799958761781e-05,0.00015481701120734215,4.8322021029889584e-05,0.0
28,257,gOMP,baseline,0.0011349959968356416,4.4002008507959545e-05,0.00011196394916623831,0.0005380590009735897,7.494501187466085e-05,0.0
28,257,gOMP,optimized,0.00047662798897363245,4.315598926041275e-05,8.518299728166312e-05,0.0001986940042115748,5.704899376723915e-05,0.0
28,258,gOMP,baseline,0.0012265309924259782,5.44800132047385e-05,0.00012112001422792673,0.0005636089917970821,8.526798046659678e-05,0.0
28,258,gOMP,optimized,0.0004061949875904247,3.560101322364062e-05,7.561502570752054e-05,0.00016117296763695776,4.8899033572524786e-05,0.0
28,259,gOMP,baseline,0.0010596370120765641,4.3626001570373774e-05,0.00010630699398461729,0.0004968379798810929,6.431997462641448e-05,0.0
28,259,gOMP,optimized,0.00040886799979489297,3.690201265271753e-05,7.705202733632177e-05,0.00016493399743922055,4.850997356697917e-05,0.0
28,260,gOMP,baseline,0.0013719319977099076,5.6133983889594674e-05,0.000151738990098238,0.0005878250231035054,8.0595986219123e-05,0.0
28,260,gOMP,optimized,0.0003872800007229671,3.173698496539146e-05,7.331499364227057e-05,0.00015355298819486052,4.695699317380786e-05,0.0
28,261,gOMP,baseline,0.001746695998008363,9.737300570122898e-05,0.00020548001339193434,0.0006815550004830584,0.00018754600023385137,0.0
28,261,gOMP,optimized,0.000844776994199492,7.9008998000063e-05,0.00019625501590780914,0.0003392740181880072,9.219800995197147e-05,0.0
28,262,gOMP,baseline,0.001132932011387311,4.1732011595740914e-05,0.00011317199096083641,0.0005362819938454777,6.281398236751556e-05,0.0
28,262,gOMP,optimized,0.00038203599979169667,3.159001062158495e-05,7.472699508070946e-05,0.00014567302423529327,4.658798570744693e-05,0.0
28,263,gOMP,baseline,0.0010183580016018823,4.0758997783996165e-05,9.966599463950843e-05,0.0004778239963343367,6.251000741031021e-05,0.0
28,263,gOMP,optimized,0.0009877520060399547,0.0002782090159598738,0.00023539600078947842,0.0002627190260682255,7.728101627435535e-05,0.0
28,264,gOMP,baseline,0.0013912549911765382,5.526498716790229e-05,0.00016575799963902682,0.0006338459788821638,8.953102224040776e-05,0.0
28,264,gOMP,optimized,0.0004182050033705309,3.6744968383572996e-05,7.957100751809776e-05,0.00015506801719311625,6.299598317127675e-05,0.0
28,265,gOMP,baseline,0.0013157189969206229,4.783000622410327e-05,0.00011952199565712363,0.0006469910003943369,9.037999552674592e-05,0.0
28,265,gOMP,optimized,0.00045690099068451673,3.996297891717404e-05,0.00010540103539824486,0.00016576297639403492,5.5742988479323685e-05,0.0
28,266,gOMP,baseline,0.0012825940066250041,4.0710001485422254e-05,0.0001164390123449266,0.0006445749750128016,8.136201358865947e-05,0.0
28,266,gOMP,optimized,0.0004186080041108653,3.4048978704959154e-05,8.232600521296263e-05,0.0001662139839027077,5.035298818256706e-05,0.0
28,267,gOMP,baseline,0.0011431299935793504,4.674697993323207e-05,0.00011393097520340234,0.0005375189648475498,8.187303319573402e-05,0.0
28,267,gOMP,optimized,0.0006175739981699735,3.906198253389448e-05,7.64090073062107e-05,0.00016022598720155656,6.135001603979617e-05,0.0
28,268,gOMP,baseline,0.0010288720077369362,3.829201159533113e-05,9.874500392470509e-05,0.0004778750299010426,5.489103205036372e-05,0.0
28,268,gOMP,optimized,0.0005123990122228861,4.108800203539431e-05,0.000117142015369609,0.00017960499098990113,5.3087976993992925e-05,0.0
28,269,gOMP,baseline,0.0017836420011008158,5.47529780305922e-05,0.0003215829492546618,0.00079457598621957,0.000124278012663126,0.0
28,269,gOMP,optimized,0.00039470499905291945,3.688297874759883e-05,7.676998211536556e-05,0.0001481779763707891,4.778300353791565e-05,0.0
28,270,gOMP,baseline,0.0013408079976215959,5.417500506155193e-05,0.00016354098625015467,0.0005860480014234781,9.249000868294388e-05,0.0
28,270,gOMP,optimized,0.00046973000280559063,4.038098268210888e-05,9.19510202948004e-05,0.00018768901645671576,5.7967990869656205e-05,0.0
28,271,gOMP,baseline,0.0012422759900800884,4.9021997256204486e-05,0.00014377896150108427,0.000561952983844094,8.64169851411134e-05,0.0
28,271,gOMP,optimized,0.0006058650033082813,4.514798638410866e-05,0.00010679701517801732,0.00027758498617913574,6.74699986120686e-05,0.0
28,272,gOMP,baseline,0.0011485360009828582,4.30530053563416e-05,0.00016925497038755566,0.0005118289991514757,6.474999827332795e-05,0.0
28,272,gOMP,optimized,0.0004154780035605654,3.222899977117777e-05,8.170699584297836e-05,0.00016606500139459968,5.189601506572217e-05,0.0
28,273,gOMP,baseline,0.0011472960031824186,4.570704186335206e-05,0.0001291709631914273,0.0005183109897188842,6.91550230840221e-05,0.0
28,273,gOMP,optimized,0.0006349670002236962,5.0992981414310634e-05,0.00012603201321326196,0.0002646180219016969,9.269401198253036e-05,0.0
28,274,gOMP,baseline,0.0013876709999749437,4.834002174902707e-05,0.0001469089911552146,0.0006651930598309264,9.644300735089928e-05,0.0
28,274,gOMP,optimized,0.00044021999929100275,3.400199057068676e-05,8.070202602539212e-05,0.00018265799735672772,5.142496956977993e-05,0.0
28,275,gOMP,baseline,0.0014699090097565204,6.451300578191876e-05,0.00015090998203959316,0.0005820240039611235,8.490998880006373e-05,0.0
28,275,gOMP,optimized,0.0004521649971138686,4.120501398574561e-05,8.815598266664892e-05,0.00017785800446290523,5.5226002587005496e-05,0.0
28,276,gOMP,baseline,0.0011356059985700995,4.143500700592995e-05,0.00012199299817439169,0.0005402150127338246,6.733900227118284e-05,0.0
28,276,gOMP,optimized,0.00044399000762496144,3.37619858328253e-05,8.821101801004261e-05,0.0001779599697329104,5.635099660139531e-05,0.0
28,277,gOMP,baseline,0.0019028420065296814,8.852597966324538e-05,0.0002520929847378284,0.0007403500057989731,0.00027119297010358423,0.0
28,277,gOMP,optimized,0.00043564500811044127,4.293701204005629e-05,8.319300832226872e-05,0.0001701520086498931,5.1076989620923996e-05,0.0
28,278,gOMP,baseline,0.0014143809967208654,5.6581993703730404e-05,0.00017754599684849381,0.0006165670056361705,9.573300485499203e-05,0.0
28,278,gOMP,optimized,0.0006630110001424327,4.9884984036907554e-05,0.00018360198009759188,0.000234208011534065,6.743401172570884e-05,0.0
28,279,gOMP,baseline,0.0009830930066527799,4.192498454358429e-05,9.527496877126396e-05,0.0004556200001388788,5.855600466020405e-05,0.0
28,279,gOMP,optimized,0.00040991099376697093,3.8256970583461225e-05,8.722498023416847e-05,0.00014995099627412856,4.9480964662507176e-05,0.0
28,280,gOMP,baseline,0.0013603579864138737,5.4400996305048466e-05,0.00015484102186746895,0.0006264120020205155,7.691400242038071e-05,0.0
28,280,gOMP,optimized,0.000428019993705675,3.8833997678011656e-05,8.56860278872773e-05,0.00016289600171148777,5.297297320794314e-05,0.0
28,281,gOMP,baseline,0.001395377010339871,6.40319922240451e-05,0.00013821804895997047,0.0006196710164658725,8.174900722224265e-05,0.0
28,281,gOMP,optimized,0.00039696200110483915,3.864601603709161e-05,7.431300764437765e-05,0.00015171599807217717,4.81409952044487e-05,0.0
28,282,gOMP,baseline,0.0010137450008187443,4.6510991523973644e-05,9.769899770617485e-05,0.0004726069892058149,5.708895332645625e-05,0.0
28,282,gOMP,optimized,0.0006427059997804463,4.773902765009552e-05,0.00011834996985271573,0.00029023800743743777,7.577898213639855e-05,0.0
28,283,gOMP,baseline,0.0011643420002656057,5.028599116485566e-05,0.00011843602987937629,0.0005337489856174216,6.785600271541625e-05,0.0
28,283,gOMP,optimized,0.0004010139964520931,4.032999277114868e-05,7.727800402790308e-05,0.00015213398728519678,4.8264002543874085e-05,0.0
28,284,gOMP,baseline,0.0010985710105160251,4.327094939071685e-05,0.00010677697719074786,0.0005128429911565036,6.705497798975557e-05,0.0
28,284,gOMP,optimized,0.0004504829994402826,3.5901961382478476e-05,8.250698738265783e-05,0.00017793300503399223,5.5060983868315816e-05,0.0
28,285,gOMP,baseline,0.001475281998864375,7.239000115077943e-05,0.00017454898625146598,0.0006447550113080069,9.479999425821006e-05,0.0
28,285,gOMP,optimized,0.000581793996389024,4.804297350347042e-05,0.00011720099428202957,0.0002238860324723646,8.800199429970235e-05,0.0
28,286,gOMP,baseline,0.0011615990079008043,4.2558996938169e-05,0.0001308729697484523,0.000503558010677807,0.00010031400597654283,0.0
28,286,gOMP,optimized,0.00048332799633499235,4.062599327880889e-05,0.00010551004379522055,0.0001817230076994747,5.189001967664808e-05,0.0
28,287,gOMP,baseline,0.0011055279901484028,5.940900882706046e-05,0.00012578399037010968,0.0004940699873259291,6.857799598947167e-05,0.0
28,287,gOMP,optimized,0.0006851079961052164,5.596596747636795e-05,8.00609850557521e-05,0.00015690902364440262,5.125100142322481e-05,0.0
28,288,gOMP,baseline,0.0017127009923569858,7.690596976317465e-05,0.00020159795531071723,0.0006739079981343821,0.0002452509943395853,0.0
28,288,gOMP,optimized,0.0004394860006868839,3.4061973565258086e-05,9.520602179691195e-05,0.00016729102935642004,5.269100074656308e-05,0.0
28,289,gOMP,baseline,0.0014468930021394044,5.669298116117716e-05,0.0002338929771212861,0.0006161290220916271,9.323999984189868e-05,0.0
28,289,gOMP,optimized,0.0004581300017889589,4.018201434519142e-05,8.465196879114956e-05,0.00018350199388805777,5.3254960221238434e-05,0.0
28,290,gOMP,baseline,0.0011102090065833181,3.8363010389730334e-05,0.00010656997619662434,0.0005324719968484715,6.543500057887286e-05,0.0
28,290,gOMP,optimized,0.00038573500933125615,3.1337025575339794e-05,7.43730051908642e-05,0.00015150499530136585,4.7200999688357115e-05,0.0
28,291,gOMP,baseline,0.0011806419934146106,5.013299232814461e-05,0.00011440597882028669,0.000507966018631123,0.00012516602873802185,0.0
28,291,gOMP,optimized,0.0004615520010702312,4.0260027162730694e-05,9.64860082603991e-05,0.00017302201013080776,5.419700755737722e-05,0.0
28,292,gOMP,baseline,0.001151363001554273,4.9237016355618834e-05,0.00012073003745172173,0.0005316379974829033,8.125102613121271e-05,0.0
28,292,gOMP,optimized,0.0004086980043211952,3.849597123917192e-05,7.44319986552e-05,0.00015658600023016334,5.20229950780049e-05,0.0
28,293,gOMP,baseline,0.0011739729961846024,4.893000004813075e-05,0.00011560898565221578,0.0005261260084807873,7.159996312111616e-05,0.0
28,293,gOMP,optimized,0.0003849420027108863,3.668498538900167e-05,7.432399434037507e-05,0.0001454930315958336,4.758403520099819e-05,0.0
28,294,gOMP,baseline,0.0011778620100812986,4.020100459456444e-05,0.00011819299834314734,0.0005702930211555213,6.940599996596575e-05,0.0
28,294,gOMP,optimized,0.0004816250002477318,3.542797639966011e-05,0.00011409400030970573,0.00017273197590839118,5.5338008678518236e-05,0.0
28,295,gOMP,baseline,0.0011640620068646967,5.1351977162994444e-05,0.0001397769810864702,0.0005202150205150247,8.365196117665619e-05,0.0
28,295,gOMP,optimized,0.00044455399620346725,4.321800952311605e-05,8.067997987382114e-05,0.0001630040060263127,6.727698200847954e-05,0.0
28,296,gOMP,baseline,0.0010213759960606694,3.5208999179303646e-05,9.729601151775569e-05,0.0004903709777863696,5.7587967603467405e-05,0.0
28,296,gOMP,optimized,0.00041871699795592576,3.242804086767137e-05,7.879798067733645e-05,0.0001684740127529949,5.215598503127694e-05,0.0
28,297,gOMP,baseline,0.0011408590071368963,5.283801874611527e-05,0.0001349449739791453,0.0005229400121606886,7.204001303762197e-05,0.0
28,297,gOMP,optimized,0.0004403369966894388,4.129600711166859e-05,8.037799852900207e-05,0.00016851098916959018,5.202101601753384e-05,0.0
28,298,gOMP,baseline,0.0014775239978916943,6.067899812478572e-05,0.00016672999481670558,0.0006303950067376718,0.00011696499132085592,0.0
28,298,gOMP,optimized,0.0006773740024073049,5.488400347530842e-05,0.00013382300676312298,0.00022100500063970685,0.00013946201943326741,0.0
28,299,gOMP,baseline,0.0015533370024058968,6.447604391723871e-05,0.00018011702923104167,0.0006740319804521278,0.0001270629873033613,0.0
28,299,gOMP,optimized,0.0005573480011662468,5.837299977429211e-05,0.00010062396177090704,0.00022109699784778059,6.7632005084306e-05,0.0
32,0,gOMP,baseline,0.0013633689959533513,5.151504592504352e-05,0.0001241449936060235,0.0006171520071802661,7.207201269920915e-05,0.0
32,0,gOMP,optimized,0.0005403980030678213,4.975298361387104e-05,0.00010144199768546969,0.00020115402003284544,6.373100040946156e-05,0.0
32,1,gOMP,baseline,0.0012706280103884637,4.7151013859547675e-05,0.00011261898907832801,0.0005962399736745283,8.675501157995313e-05,0.0
32,1,gOMP,optimized,0.0007045160018606111,6.608900730498135e-05,0.00013343598402570933,0.00024685097741894424,0.0001242199941771105,0.0
32,2,gOMP,baseline,0.0013735329994233325,5.023198900744319e-05,0.0001296530244871974,0.0006448290077969432,8.33850062917918e-05,0.0
32,2,gOMP,optimized,0.0009712429891806096,0.00011344200174789876,0.00021863903384655714,0.0003059189912164584,0.00010455498704686761,0.0
32,3,gOMP,baseline,0.002198888993007131,9.836899698711932e-05,0.00019872801203746349,0.0009665489924373105,0.00015868597256485373,0.0
32,3,gOMP,optimized,0.0005697369924746454,5.664602213073522e-05,0.0001031909923767671,0.00021851900964975357,6.80269586155191e-05,0.0
32,4,gOMP,baseline,0.0013967400009278208,5.5662007071077824e-05,0.0001343100011581555,0.0006775709771318361,8.423700637649745e-05,0.0
32,4,gOMP,optimized,0.0004393370036268607,4.0453989640809596e-05,8.14500090200454e-05,0.00017208901408594102,5.39199827471748e-05,0.0
32,5,gOMP,baseline,0.0012764839921146631,4.994001938030124e-05,0.00011558699770830572,0.0006069629598641768,7.308299245778471e-05,0.0
32,5,gOMP,optimized,0.0004722320009022951,4.333998367656022e-05,9.601499186828732e-05,0.00018027302576228976,5.477500963024795e-05,0.0
32,6,gOMP,baseline,0.0012297029898036271,4.685699241235852e-05,0.00010883902723435313,0.0005886569997528568,7.08029983798042e-05,0.0
32,6,gOMP,optimized,0.0004981059901183471,4.3920997995883226e-05,0.00010801000462379307,0.00018153502605855465,6.154297443572432e-05,0.0
32,7,gOMP,baseline,0.0014658670115750283,5.36179868504405e-05,0.0001420570188201964,0.0007071730215102434,8.82469757925719e-05,0.0
32,7,gOMP,optimized,0.0005817749915877357,6.705100531689823e-05,0.00010967800335492939,0.00022395500855054706,6.690301233902574e-05,0.0
32,8,gOMP,baseline,0.0019393240072531626,8.197101124096662e-05,0.000357153985532932,0.0007969220168888569,0.0001454670273233205,0.0
32,8,gOMP,optimized,0.0005121650028740987,4.540100053418428e-05,9.519998275209218e-05,0.00020711097749881446,6.20170176262036e-05,0.0
32,9,gOMP,baseline,0.0021825160074513406,8.954301301855594e-05,0.00030632699781563133,0.0009430460049770772,0.00015675202303100377,0.0
32,9,gOMP,optimized,0.0014044410054339096,0.00018448097398504615,0.0002911100018536672,0.0005512789939530194,0.00016681401757523417,0.0
32,10,gOMP,baseline,0.0014651719975518063,7.31309992261231e-05,0.0001526469859527424,0.0006859190034447238,9.396698442287743e-05,0.0
32,10,gOMP,optimized,0.0004768270009662956,4.419300239533186e-05,8.860697562340647e-05,0.00018263999663759023,5.576200783252716e-05,0.0
32,11,gOMP,baseline,0.0012730010057566687,5.527895700652152e-05,0.00010985902918037027,0.0005959649715805426,7.440499030053616e-05,0.0
32,11,gOMP,optimized,0.0005066249868832529,4.94670239277184e-05,0.00010535601177252829,0.00018821099365595728,6.105100328568369e-05,0.0
32,12,gOMP,baseline,0.0013231569901108742,4.7908033593557775e-05,0.00013034198491368443,0.0006298640073509887,7.422402268275619e-05,0.0
32,12,gOMP,optimized,0.0004718280106317252,4.3633015593513846e-05,9.180100460071117e-05,0.00017703200865071267,5.493800563272089e-05,0.0
32,13,gOMP,baseline,0.0014424059918383136,5.935100489296019e-05,0.00014993597869761288,0.0006441449804697186,8.946299203671515e-05,0.0
32,13,gOMP,optimized,0.0005088110046926886,4.652599454857409e-05,0.00010770201333798468,0.00018997900770045817,6.191998545546085e-05,0.0
32,14,gOMP,baseline,0.0014644089969806373,5.6213990319520235e-05,0.00016258400864899158,0.0006669189751846716,0.00010120299702975899,0.0
32,14,gOMP,optimized,0.0005239949969109148,4.8743997467681766e-05,9.640601638238877e-05,0.00018667701806407422,7.051200373098254e-05,0.0
32,15,gOMP,baseline,0.0013642390113091096,8.522003190591931e-05,0.00013120201765559614,0.0006300500244833529,8.728097600396723e-05,0.0
32,15,gOMP,optimized,0.0004954949981765822,4.483197699300945e-05,8.262702613137662e-05,0.0001857859897427261,5.82570064580068e-05,0.0
32,16,gOMP,baseline,0.0013962609955342487,5.2197035984136164e-05,0.0001280910219065845,0.0006756970105925575,7.778800500091165e-05,0.0
32,16,gOMP,optimized,0.000543819012818858,4.634600190911442e-05,0.00013324696919880807,0.00020130399207118899,6.150999979581684e-05,0.0
32,17,gOMP,baseline,0.0015225999959511682,6.0883990954607725e-05,0.00013648999447468668,0.0006923669716343284,0.00010104596731252968,0.0
32,17,gOMP,optimized,0.0004891779972240329,4.351002280600369e-05,9.08639922272414e-05,0.0001982709945878014,6.002998270560056e-05,0.0
32,18,gOMP,baseline,0.0012647719995584339,5.050502659287304e-05,0.00011822204396594316,0.0005917709786444902,7.1969028795138e-05,0.0
32,18,gOMP,optimized,0.0004529020079644397,4.0219994843937457e-05,7.819801976438612e-05,0.00018170899420510978,5.675401189364493e-05,0.0
32,19,gOMP,baseline,0.0013172370090615004,5.04640192957595e-05,0.00011586799519136548,0.0006255699845496565,7.646200538147241e-05,0.0
32,19,gOMP,optimized,0.0005185420013731346,4.232602077536285e-05,8.288500248454511e-05,0.00017109497275669128,5.655099812429398e-05,0.0
32,20,gOMP,baseline,0.001241760008269921,4.6715023927390575e-05,0.0001038890186464414,0.0006044670008122921,7.248901238199323e-05,0.0
32,20,gOMP,optimized,0.00045986399345565587,4.2517000110819936e-05,8.680697646923363e-05,0.0001796730066416785,5.7809040299616754e-05,0.0
32,21,gOMP,baseline,0.001942043993039988,7.84000294515863e-05,0.00024890099302865565,0.0008428170258412138,0.00012284699187148362,0.0
32,21,gOMP,optimized,0.0005038550007157028,4.83870244352147e-05,9.375801892019808e-05,0.00019568402785807848,6.193200533743948e-05,0.0
32,22,gOMP,baseline,0.0015402409917442128,8.518301183357835e-05,0.00013316897093318403,0.0006925839988980442,0.00010405898501630872,0.0
32,22,gOMP,optimized,0.0005556310061365366,4.6517045120708644e-05,9.635901369620115e-05,0.00024245199165306985,6.882195884827524e-05,0.0
32,23,gOMP,baseline,0.0013077250041533262,4.95890126330778e-05,0.00011896001524291933,0.000625837012194097,8.36699764477089e-05,0.0
32,23,gOMP,optimized,0.0004755340050905943,4.692599759437144e-05,8.680096652824432e-05,0.0001834379945648834,5.865200364496559e-05,0.0
32,24,gOMP,baseline,0.0013135430053807795,5.1385999540798366e-05,0.00012689997674897313,0.0006189999985508621,8.908900781534612e-05,0.0
32,24,gOMP,optimized,0.0005685649957740679,4.9463968025520444e-05,0.00013068602129351348,0.0002031780022662133,6.0638063587248325e-05,0.0
32,25,gOMP,baseline,0.0013962890079710633,5.991701618768275e-05,0.00013092299923300743,0.0006550099788000807,7.72639614297077e-05,0.0
32,25,gOMP,optimized,0.0004983100079698488,4.39360155723989e-05,9.098397276829928e-05,0.00020032997417729348,6.344498251564801e-05,0.0
32,26,gOMP,baseline,0.0012498199939727783,4.8520989366807044e-05,0.00011064401769544929,0.0005973990046186373,7.351898238994181e-05,0.0
32,26,gOMP,optimized,0.0004775480047101155,4.287596675567329e-05,8.784298552200198e-05,0.00019026298832613975,6.071600364521146e-05,0.0
32,27,gOMP,baseline,0.001640880000195466,6.415600364562124e-05,0.000159311035531573,0.0006917309656273574,8.70520161697641e-05,0.0
32,27,gOMP,optimized,0.0005243430059636012,5.357997724786401e-05,9.381400013808161e-05,0.0002037270023720339,6.379302067216486e-05,0.0
32,28,gOMP,baseline,0.001530235997051932,6.0770995332859457e-05,0.00013784502516500652,0.0007045259844744578,0.00011006603017449379,0.0
32,28,gOMP,optimized,0.0005758699990110472,5.458301166072488e-05,0.00010370300151407719,0.00024078697606455535,6.80179800838232e-05,0.0
32,29,gOMP,baseline,0.0016495690069859847,5.3346986533142626e-05,0.0001263620360987261,0.000773926978581585,0.00010789399675559253,0.0
32,29,gOMP,optimized,0.0006148050015326589,7.472798461094499e-05,0.00012896598491352051,0.0002162669989047572,5.999101267661899e-05,0.0
32,30,gOMP,baseline,0.0013126179983373731,4.9575974117033184e-05,0.00011682100011967123,0.0006289810116868466,8.509098552167416e-05,0.0
32,30,gOMP,optimized,0.0004613659984897822,4.210301267448813e-05,8.487200830131769e-05,0.00017619699065107852,5.592398520093411e-05,0.0
32,31,gOMP,baseline,0.001225212006829679,4.77649737149477e-05,0.00010555901098996401,0.0005913650093134493,6.974500138312578e-05,0.0
32,31,gOMP,optimized,0.000496213004225865,4.307598283048719e-05,8.687400259077549e-05,0.00019459999748505652,7.276704127434641e-05,0.0
32,32,gOMP,baseline,0.0014109129988355562,5.80850028200075e-05,0.00012521000462584198,0.0006626720132771879,0.0001063149975379929,0.0
32,32,gOMP,optimized,0.0006607250106753781,4.9694019253365695e-05,0.0001147550210589543,0.00029598301625810564,7.274594099726528e-05,0.0
32,33,gOMP,baseline,0.0017968030006159097,6.777200906071812e-05,0.00016028201207518578,0.0008073640346992761,0.00011370502761565149,0.0
32,33,gOMP,optimized,0.000558984000235796,4.543703107628971e-05,0.000141126976814121,0.0001967020216397941,6.237802153918892e-05,0.0
32,34,gOMP,baseline,0.0014473169867414981,6.113201379776001e-05,0.0001729210198391229,0.0006458180141635239,7.684397860430181e-05,0.0
32,34,gOMP,optimized,0.0006190510030137375,5.094701191410422e-05,0.00010040795314125717,0.00023205603065434843,8.341801003552973e-05,0.0
32,35,gOMP,baseline,0.0015174049913184717,5.028099985793233e-05,0.000129471009131521,0.0007210930052679032,0.00010822703188750893,0.0
32,35,gOMP,optimized,0.000904501008335501,7.521700172219425e-05,0.0002225259959232062,0.00033595802960917354,0.00011193998216185719,0.0
32,36,gOMP,baseline,0.0026209159987047315,0.00013787801435682923,0.0002926249580923468,0.001136734033934772,0.00016644496645312756,0.0
32,36,gOMP,optimized,0.000617441997746937,6.642402149736881e-05,0.00010681898857001215,0.00024559799931012094,7.710399222560227e-05,0.0
32,37,gOMP,baseline,0.0016041019989643246,5.734300066251308e-05,0.00013553800818044692,0.0008049109892453998,9.343598503619432e-05,0.0
32,37,gOMP,optimized,0.0006403959996532649,4.787599027622491e-05,0.00011583499144762754,0.00020417501218616962,6.172798748593777e-05,0.0
32,38,gOMP,baseline,0.0018254110036650673,7.501398795284331e-05,0.00018678898049984127,0.0007862509955884889,0.00018203898798674345,0.0
32,38,gOMP,optimized,0.0009103320044232532,5.237304139882326e-05,0.00017103602294810116,0.00043559698679018766,0.00010897799802478403,0.0
32,39,gOMP,baseline,0.0016236340015893802,6.427498010452837e-05,0.00015133697888813913,0.0007160690147429705,8.350898860953748e-05,0.0
32,39,gOMP,optimized,0.00046692800242453814,4.118899232707918e-05,8.429598528891802e-05,0.00018362593255005777,5.818797217216343e-05,0.0
32,40,gOMP,baseline,0.001353395011392422,5.245499778538942e-05,0.0001193669595522806,0.0006561999762197956,8.215100388042629e-05,0.0
32,40,gOMP,optimized,0.0004946879926137626,4.3629013816826046e-05,8.884302224032581e-05,0.00019680600962601602,5.933298962190747e-05,0.0
32,41,gOMP,baseline,0.0013616719952551648,5.6586010032333434e-05,0.00012997002340853214,0.0006613569858018309,8.414099283982068e-05,0.0
32,41,gOMP,optimized,0.0005014740017941222,5.21019974257797e-05,9.401999705005437e-05,0.00018624500080477446,5.721504567191005e-05,0.0
32,42,gOMP,baseline,0.0015640670026186854,6.506899080704898e-05,0.0001577889925101772,0.0007252400246215984,9.50760004343465e-05,0.0
32,42,gOMP,optimized,0.00047855700540822,5.0310962251387537e-05,9.089497325476259e-05,0.00018214399460703135,5.7209006627090275e-05,0.0
32,43,gOMP,baseline,0.0012064750044373795,4.5334993046708405e-05,0.00010973501775879413,0.0005757970066042617,6.740800745319575e-05,0.0
32,43,gOMP,optimized,0.0004351050010882318,4.2163010220974684e-05,8.115799573715776e-05,0.0001650260091992095,5.296798190101981e-05,0.0
32,44,gOMP,baseline,0.0014205489860614762,5.426998541224748e-05,0.00012329900346230716,0.000691369001287967,8.918104867916554e-05,0.0
32,44,gOMP,optimized,0.0004407359956530854,4.100202932022512e-05,8.211501699406654e-05,0.00017379800556227565,5.433701153378934e-05,0.0
32,45,gOMP,baseline,0.0012258839997230098,4.709901986643672e-05,0.00010724599997047335,0.0005898210220038891,6.677399505861104e-05,0.0
32,45,gOMP,optimized,0.00047487100528087467,4.3681007809937e-05,8.694799907971174e-05,0.00018562900368124247,5.920299736317247e-05,0.0
32,46,gOMP,baseline,0.001364156007184647,5.303900979924947e-05,0.00013522703375201672,0.0006457420240622014,8.533899381291121e-05,0.0
32,46,gOMP,optimized,0.0005595370021183044,4.716200055554509e-05,9.810400661081076e-05,0.00020460199448280036,0.00010482801008038223,0.0
32,47,gOMP,baseline,0.0013220989931141958,5.2037983550690114e-05,0.00012841899297200143,0.000607597001362592,7.273901428561658e-05,0.0
32,47,gOMP,optimized,0.0005468689923873171,4.429502587299794e-05,8.773199806455523e-05,0.00018848497711587697,6.438702985178679e-05,0.0
32,48,gOMP,baseline,0.0012165929947514087,4.620799154508859e-05,0.00011140598508063704,0.0005744780064560473,6.998602475505322e-05,0.0
32,48,gOMP,optimized,0.0004502729861997068,4.0144004742614925e-05,8.13040096545592e-05,0.0001659119880059734,5.278497701510787e-05,0.0
32,49,gOMP,baseline,0.0014875479973852634,6.020099681336433e-05,0.0001392210106132552,0.0006666180124739185,0.00011320797784719616,0.0
32,49,gOMP,optimized,0.0005789569986518472,6.434100214391947e-05,0.00011749898840207607,0.0002101999707520008,6.240997754503042e-05,0.0
32,50,gOMP,baseline,0.0013612920010928065,4.902997170574963e-05,0.000153215994942002,0.0006312879850156605,9.711198799777776e-05,0.0
32,50,gOMP,optimized,0.0004791490064235404,4.169899330008775e-05,8.464498387183994e-05,0.00019601498206611723,5.7573008234612644e-05,0.0
32,51,gOMP,baseline,0.001428792005754076,5.660900205839425e-05,0.00015128498489502817,0.0006333719502435997,8.34949896670878e-05,0.0
32,51,gOMP,optimized,0.0005291739944368601,4.7290013753809035e-05,0.00010106900299433619,0.00020843998936470598,6.015498365741223e-05,0.0
32,52,gOMP,baseline,0.0013983880053274333,6.410501373466104e-05,0.00014310698315966874,0.0006330909818643704,8.862598042469472e-05,0.0
32,52,gOMP,optimized,0.0005244939966360107,4.8743007937446237e-05,9.194502490572631e-05,0.00019841300672851503,6.536801811307669e-05,0.0
32,53,gOMP,baseline,0.0012843690055888146,4.918401828035712e-05,0.00011658701987471431,0.0006007340271025896,7.649199687875807e-05,0.0
32,53,gOMP,optimized,0.0004276910040061921,3.975798608735204e-05,8.003899711184204e-05,0.00016326698823831975,5.237098957877606e-05,0.0
32,54,gOMP,baseline,0.0014354000013554469,5.532595969270915e-05,0.00012123097258154303,0.0006847449840279296,9.325797145720571e-05,0.0
32,54,gOMP,optimized,0.0009703149989945814,7.684699085075408e-05,0.0002273499994771555,0.00029952600016258657,9.3560985988006e-05,0.0
32,55,gOMP,baseline,0.0015370250039268285,8.297002932522446e-05,0.00013202402624301612,0.000700791017152369,0.00011747698590625077,0.0
32,55,gOMP,optimized,0.0007768590003252029,6.743497215211391e-05,0.00018936899141408503,0.00029808499675709754,8.210798841901124e-05,0.0
32,56,gOMP,baseline,0.00145003100624308,4.946695116814226e-05,0.0001434079895261675,0.0007068950362736359,8.38769628899172e-05,0.0
32,56,gOMP,optimized,0.0005342840013327077,5.9218014939688146e-05,9.846998727880418e-05,0.0001987049909075722,6.337501690723002e-05,0.0
32,57,gOMP,baseline,0.0012564039934659377,4.4244996388442814e-05,0.00010591998579911888,0.0006059849984012544,7.125896809156984e-05,0.0
32,57,gOMP,optimized,0.0004636210069293156,4.186001024208963e-05,8.558500849176198e-05,0.0001825469807954505,5.7465993450023234e-05,0.0
32,58,gOMP,baseline,0.0012287069985177368,4.636596713680774e-05,0.00010467899846844375,0.0005897810042370111,6.899400614202023e-05,0.0
32,58,gOMP,optimized,0.0007670860068174079,5.672599945683032e-05,0.00010849097452592105,0.00024015401140786707,8.511097985319793e-05,0.0
32,59,gOMP,baseline,0.0016280900017591193,6.92109897499904e-05,0.00019825701019726694,0.0007512770098401234,9.547801164444536e-05,0.0
32,59,gOMP,optimized,0.00046908399963285774,4.311998782213777e-05,9.72159905359149e-05,0.00017510300676804036,5.569099448621273e-05,0.0
32,60,gOMP,baseline,0.0013411679974524304,5.3064984967932105e-05,0.00012221100041642785,0.0006375890079652891,8.284901559818536e-05,0.0
32,60,gOMP,optimized,0.0004430429980857298,4.298501880839467e-05,8.249901293311268e-05,0.00017454898625146598,5.425502604339272e-05,0.0
32,61,gOMP,baseline,0.0013053680013399571,4.9687965656630695e-05,0.00012039799185004085,0.0006407760083675385,7.327298226300627e-05,0.0
32,61,gOMP,optimized,0.0004839710018131882,4.677799006458372e-05,8.879401138983667e-05,0.0001837900053942576,6.734198541380465e-05,0.0
32,62,gOMP,baseline,0.0012361709959805012,4.697898111771792e-05,0.00011284997162874788,0.0005969030171399936,7.00490054441616e-05,0.0
32,62,gOMP,optimized,0.0004275129904272035,4.040100611746311e-05,7.90920021245256e-05,0.00016475901065859944,5.243801570031792e-05,0.0
32,63,gOMP,baseline,0.0014064990100450814,5.43519709026441e-05,0.0001399240136379376,0.0006496080022770911,9.575799049343914e-05,0.0
32,63,gOMP,optimized,0.0010709240013966337,8.464300481136888e-05,0.00018986998475156724,0.0004866559902438894,0.0001266869658138603,0.0
32,64,gOMP,baseline,0.0021040910069132224,9.567906090524048e-05,0.00022887402155902237,0.0009065549820661545,0.0001675690000411123,0.0
32,64,gOMP,optimized,0.0004822080081794411,4.30539803346619e-05,8.665300265420228e-05,0.00019518301996868104,5.5420983699150383e-05,0.0
32,65,gOMP,baseline,0.0015650050045223907,6.570201367139816e-05,0.00016335102554876357,0.0007052529690554366,0.00014329901023302227,0.0
32,65,gOMP,optimized,0.0004896589962299913,5.043603596277535e-05,9.011899237520993e-05,0.0001858589967014268,5.776400212198496e-05,0.0
32,66,gOMP,baseline,0.0012790920009138063,5.183300527278334e-05,0.00011778001498896629,0.0005932529602432624,7.050999556668103e-05,0.0
32,66,gOMP,optimized,0.00043157000618521124,4.081100632902235e-05,7.858600292820483e-05,0.00016884600336197764,5.2615010645240545e-05,0.0
32,67,gOMP,baseline,0.0014002429961692542,5.145001341588795e-05,0.00012321298709139228,0.0006582229980267584,9.037098789121956e-05,0.0
32,67,gOMP,optimized,0.0004794000124093145,6.114198185969144e-05,8.85019835550338e-05,0.00017915396892931312,5.5450014770030975e-05,0.0
32,68,gOMP,baseline,0.0012156730081187561,4.654398071579635e-05,0.00010921800276264548,0.0005806710105389357,6.83850230416283e-05,0.0
32,68,gOMP,optimized,0.0005737689934903756,4.514401371125132e-05,0.00010379300510976464,0.00021997503063175827,7.33489723643288e-05,0.0
32,69,gOMP,baseline,0.0014519579999614507,6.020099681336433e-05,0.00013302794832270592,0.0006485629710368812,7.684400770813227e-05,0.0
32,69,gOMP,optimized,0.0005333640001481399,6.322194531094283e-05,9.925298218149692e-05,0.00019690000044647604,6.454101821873337e-05,0.0
32,70,gOMP,baseline,0.0019574239995563403,8.428898581769317e-05,0.0002603530010674149,0.0008396639896091074,0.00011867099965456873,0.0
32,70,gOMP,optimized,0.0004801580071216449,5.749802221544087e-05,9.46649961406365e-05,0.00017668202053755522,5.5060998420231044e-05,0.0
32,71,gOMP,baseline,0.0012602579954545945,4.8815985792316496e-05,0.00011602599988691509,0.0006013310194248334,7.182199624367058e-05,0.0
32,71,gOMP,optimized,0.0004961979866493493,4.4468994019553065e-05,8.913196506910026e-05,0.00018427401664666831,7.362899486906826e-05,0.0
32,72,gOMP,baseline,0.0012298130022827536,4.655600059777498e-05,0.00010784099868033081,0.0005912619817536324,6.848401972092688e-05,0.0
32,72,gOMP,optimized,0.0005123829905642197,4.5352004235610366e-05,9.14410047698766e-05,0.00020537798991426826,6.426199979614466e-05,0.0
32,73,gOMP,baseline,0.0014206930063664913,5.53170102648437e-05,0.000116074996185489,0.0006782730197301134,9.573300485499203e-05,0.0
32,73,gOMP,optimized,0.0007020250050118193,7.360002200584859e-05,0.00012921300367452204,0.0002475359942764044,8.14160011941567e-05,0.0
32,74,gOMP,baseline,0.0012176030140835792,4.701297439169139e-05,0.0001082730304915458,0.0005920799885643646,6.915899575687945e-05,0.0
32,74,gOMP,optimized,0.0004818860033992678,4.326103953644633e-05,8.32240330055356e-05,0.00019468000391498208,5.693201092071831e-05,0.0
32,75,gOMP,baseline,0.0016261130076600239,7.356399146374315e-05,0.00016919300833251327,0.0007195300131570548,0.0001060219801729545,0.0
32,75,gOMP,optimized,0.0005984149902360514,6.949499947950244e-05,0.00010488697444088757,0.00023817502369638532,7.317298150155693e-05,0.0
32,76,gOMP,baseline,0.0013728250050917268,6.113402196206152e-05,0.0001242130238097161,0.0006436449912143871,9.66039951890707e-05,0.0
32,76,gOMP,optimized,0.0005153529928065836,5.313799192663282e-05,9.878301352728158e-05,0.00019642103870864958,5.834797048009932e-05,0.0
32,77,gOMP,baseline,0.0013249540061224252,5.057601083535701e-05,0.00012673201854340732,0.0006208850245457143,7.37790105631575e-05,0.0
32,77,gOMP,optimized,0.0004797180008608848,4.056302714161575e-05,8.02770082373172e-05,0.00016882896306924522,5.215097917243838e-05,0.0
32,78,gOMP,baseline,0.001334929998847656,4.9987007514573634e-05,0.00012589804828166962,0.0006251379963941872,7.653697684872895e-05,0.0
32,78,gOMP,optimized,0.0004671659989980981,4.312102100811899e-05,8.898600935935974e-05,0.00017324299551546574,5.538295954465866e-05,0.0
32,79,gOMP,baseline,0.0014895549975335598,6.0520018450915813e-05,0.00014812397421337664,0.0006459430005634204,8.321402128785849e-05,0.0
32,79,gOMP,optimized,0.0005110099882585928,4.6947941882535815e-05,8.441800309810787e-05,0.0002131639776052907,6.103399209678173e-05,0.0
32,80,gOMP,baseline,0.001303924000239931,4.769500810652971e-05,0.00011814296885859221,0.0006242439849302173,8.591199002694339e-05,0.0
32,80,gOMP,optimized,0.0004632240015780553,4.4904983951710165e-05,8.950498886406422e-05,0.00017857000057119876,5.558898556046188e-05,0.0
32,81,gOMP,baseline,0.0013769389915978536,7.629200990777463e-05,0.00012599497858900577,0.0006338420207612216,8.53060046210885e-05,0.0
32,81,gOMP,optimized,0.00048116801190190017,4.206402809359133e-05,8.019096276257187e-05,0.00019497700850479305,6.238097557798028e-05,0.0
32,82,gOMP,baseline,0.002367991008213721,9.377197420690209e-05,0.00024429199402220547,0.0009762490080902353,0.00016497903561685234,0.0
32,82,gOMP,optimized,0.00047519500367343426,4.478100163396448e-05,9.096197027247399e-05,0.00018354601343162358,5.539599806070328e-05,0.0
32,83,gOMP,baseline,0.001303716009715572,4.7152003389783204e-05,0.00011355499736964703,0.0006200919742695987,8.152202644851059e-05,0.0
32,83,gOMP,optimized,0.0006066589994588867,5.7904006098397076e-05,0.00010363300680182874,0.00022676601656712592,8.27309995656833e-05,0.0
32,84,gOMP,baseline,0.0013985279947519302,5.0162969273515046e-05,0.00013958901399746537,0.0006343249842757359,7.999401714187115e-05,0.0
32,84,gOMP,optimized,0.0005020879907533526,4.186799924355e-05,8.58750136103481e-05,0.00020462300744839013,5.842300015501678e-05,0.0
32,85,gOMP,baseline,0.0013661720004165545,4.834898572880775e-05,0.00012646497634705156,0.0006515009881695732,8.275499567389488e-05,0.0
32,85,gOMP,optimized,0.000523786002304405,4.665502638090402e-05,9.982699702959508e-05,0.00019301701104268432,7.81299895606935e-05,0.0
32,86,gOMP,baseline,0.001237282995134592,5.0609014579094946e-05,0.00011058698873966932,0.0005809060094179586,6.879502325318754e-05,0.0
32,86,gOMP,optimized,0.0004957850032951683,4.4390937546268106e-05,8.829400758258998e-05,0.0001813650014810264,5.6119009968824685e-05,0.0
32,87,gOMP,baseline,0.0012837329995818436,4.838801396545023e-05,0.0001155880163423717,0.0006129989778855816,7.333903340622783e-05,0.0
32,87,gOMP,optimized,0.000478893009130843,4.3469975935295224e-05,9.133401908911765e-05,0.00017781600763555616,5.965602758806199e-05,0.0
32,88,gOMP,baseline,0.0012915620027342811,4.75040142191574e-05,0.00011373600864317268,0.0005890210013603792,7.036799797788262e-05,0.0
32,88,gOMP,optimized,0.0006766959995729849,8.088200411293656e-05,0.000127568026073277,0.0002516109816497192,7.321003067772835e-05,0.0
32,89,gOMP,baseline,0.0013051630085101351,4.844697832595557e-05,0.00013045496598351747,0.0006245039694476873,7.490003190468997e-05,0.0
32,89,gOMP,optimized,0.0004613269993569702,3.9874008507467806e-05,8.007798169273883e-05,0.0001720950094750151,5.2858973504044116e-05,0.0
32,90,gOMP,baseline,0.0012792839988833293,5.383900133892894e-05,0.00011459899542387575,0.0006099810416344553,8.037102816160768e-05,0.0
32,90,gOMP,optimized,0.0005568490014411509,4.926198744215071e-05,0.00011368900595698506,0.0002095430245390162,6.532999395858496e-05,0.0
32,91,gOMP,baseline,0.0013848810049239546,4.906101094093174e-05,0.00011629797518253326,0.0006416930264094844,9.000403224490583e-05,0.0
32,91,gOMP,optimized,0.0005046190053690225,4.532597085926682e-05,0.00010249500337522477,0.00018038701091427356,5.5051001254469156e-05,0.0
32,92,gOMP,baseline,0.0013532620068872347,6.003699672874063e-05,0.00012922397581860423,0.0006168319960124791,8.637701102998108e-05,0.0
32,92,gOMP,optimized,0.0004744320031022653,5.0121001549996436e-05,8.657597936689854e-05,0.00017937696247827262,5.605202750302851e-05,0.0
32,93,gOMP,baseline,0.0012863770098192617,4.9888985813595355e-05,0.00010888499673455954,0.0006286550196819007,7.744600588921458e-05,0.0
32,93,gOMP,optimized,0.0004649780021281913,4.5706023229286075e-05,8.70569929247722e-05,0.00017630094953346997,5.680302274413407e-05,0.0
32,94,gOMP,baseline,0.0014379049971466884,5.832902388647199e-05,0.0001358899608021602,0.0006847559561720118,8.422399696428329e-05,0.0
32,94,gOMP,optimized,0.0004872880090260878,5.61170163564384e-05,9.17389988899231e-05,0.00018400004773866385,5.789303395431489e-05,0.0
32,95,gOMP,baseline,0.0013702470023417845,5.24749921169132e-05,0.00012491000234149396,0.0006424539751606062,8.999100828077644e-05,0.0
32,95,gOMP,optimized,0.0004740100121125579,5.329395935405046e-05,8.796900510787964e-05,0.00017972500063478947,5.732499994337559e-05,0.0
32,96,gOMP,baseline,0.0013828069932060316,5.22180343978107e-05,0.00012908701319247484,0.0006564939831150696,0.00010256798123009503,0.0
32,96,gOMP,optimized,0.0004739270079880953,4.263999289833009e-05,9.794200013857335e-05,0.00018162999185733497,5.6172022596001625e-05,0.0
32,97,gOMP,baseline,0.0014320470072561875,5.595598486252129e-05,0.0001530890294816345,0.0006630809948546812,9.299202065449208e-05,0.0
32,97,gOMP,optimized,0.0005067049933131784,4.4625994632951915e-05,8.48840136313811e-05,0.00019423500634729862,6.54540053801611e-05,0.0
32,98,gOMP,baseline,0.00146179499279242,5.7299970649182796e-05,0.00014679798914585263,0.0006881789886392653,8.328993862960488e-05,0.0
32,98,gOMP,optimized,0.0004921439976897091,4.04039747081697e-05,7.849093526601791e-05,0.00016681896522641182,5.194402183406055e-05,0.0
32,99,gOMP,baseline,0.0014964119909564033,6.214897439349443e-05,0.00014318499597720802,0.0006890780350659043,0.00010270600614603609,0.0
32,99,gOMP,optimized,0.000636872005998157,6.091700925026089e-05,0.00013239600230008364,0.00021172295964788646,6.847901386208832e-05,0.0
32,100,gOMP,baseline,0.0020093179919058457,0.00010470696724951267,0.0002309019910171628,0.0008833890169626102,0.00016787703498266637,0.0
32,100,gOMP,optimized,0.0005348449922166765,4.830201214645058e-05,0.00010237301466986537,0.00021372501214500517,6.361400301102549e-05,0.0
32,101,gOMP,baseline,0.0014018299989402294,6.0269012465141714e-05,0.00014692801050841808,0.0006345069850794971,8.519893162883818e-05,0.0
32,101,gOMP,optimized,0.0005067540041636676,5.2417992264963686e-05,0.00010737500269897282,0.00018994401034433395,5.860203236807138e-05,0.0
32,102,gOMP,baseline,0.0013293630036059767,5.505498847924173e-05,0.00012206498649902642,0.0006262490060180426,8.657998114358634e-05,0.0
32,102,gOMP,optimized,0.0004394709976622835,4.034301673527807e-05,7.536898192483932e-05,0.0001631319901207462,5.194997356738895e-05,0.0
32,103,gOMP,baseline,0.0012586550001287833,4.827298107556999e-05,0.00010859798931051046,0.0006105590000515804,7.028099207673222e-05,0.0
32,103,gOMP,optimized,0.0004510489961830899,4.055297176819295e-05,9.457299893256277e-05,0.0001684600138105452,5.426497955340892e-05,0.0
32,104,gOMP,baseline,0.0012054109974997118,4.619400715455413e-05,0.00010778698197100312,0.0005715360020985827,7.558103243354708e-05,0.0
32,104,gOMP,optimized,0.0004423789941938594,4.177195660304278e-05,7.597000512760133e-05,0.0001629779872018844,5.21689944434911e-05,0.0
32,105,gOMP,baseline,0.0014270370011217892,5.0977032515220344e-05,0.00011323997750878334,0.0007245019951369613,9.271199814975262e-05,0.0
32,105,gOMP,optimized,0.0005209869996178895,4.453801375348121e-05,9.053399844560772e-05,0.00021875699167139828,6.464100442826748e-05,0.0
32,106,gOMP,baseline,0.0013964649988338351,4.9780981498770416e-05,0.00016346001939382404,0.0006422639708034694,8.20549757918343e-05,0.0
32,106,gOMP,optimized,0.0004600329993991181,4.2633007979020476e-05,8.506000449415296e-05,0.00017728997045196593,5.913102359045297e-05,0.0
32,107,gOMP,baseline,0.00177807999716606,9.17970173759386e-05,0.0002035610086750239,0.0007369089871644974,0.00016683801368344575,0.0
32,107,gOMP,optimized,0.0008754949958529323,0.00011130800703540444,0.0001757309801178053,0.0003061869938392192,0.00012618499749805778,0.0
32,108,gOMP,baseline,0.0014911300095263869,9.834999218583107e-05,0.000157272006617859,0.000685319013427943,8.030702883843333e-05,0.0
32,108,gOMP,optimized,0.0004745920014102012,4.2687999666668475e-05,8.339899068232626e-05,0.00019715599773917347,5.40490000275895e-05,0.0
32,109,gOMP,baseline,0.0019461039919406176,0.00019187100406270474,0.00019649798923637718,0.0008272859849967062,0.00010707500041462481,0.0
32,109,gOMP,optimized,0.00043994000589009374,4.0963030187413096e-05,7.833699055481702e-05,0.00017647499043960124,5.330996646080166e-05,0.0
32,110,gOMP,baseline,0.0012203130027046427,4.33040113421157e-05,0.00011505401926115155,0.0005860669771209359,6.894301623106003e-05,0.0
32,110,gOMP,optimized,0.0004450100095709786,4.018700565211475e-05,8.213100954890251e-05,0.00017601196304894984,5.47319941688329e-05,0.0
32,111,gOMP,baseline,0.001296233996981755,6.300100358203053e-05,0.00011095803347416222,0.0006114809802966192,7.464301597792655e-05,0.0
32,111,gOMP,optimized,0.00045261600462254137,4.266200994607061e-05,8.762899960856885e-05,0.00017668199143372476,5.407498974818736e-05,0.0
32,112,gOMP,baseline,0.0012184059887658805,4.559400258585811e-05,0.00010583600669633597,0.000574760022573173,6.876300903968513e-05,0.0
32,112,gOMP,optimized,0.0004325339978095144,4.172000626567751e-05,7.97829998191446e-05,0.00016518599295523018,5.264198989607394e-05,0.0
32,113,gOMP,baseline,0.002444672994897701,7.5663992902264e-05,0.00020534996292553842,0.0012880580179626122,0.00021612399723380804,0.0
32,113,gOMP,optimized,0.0005959159898338839,5.1520997658371925e-05,0.0001146589929703623,0.00023280699679162353,6.432799273170531e-05,0.0
32,114,gOMP,baseline,0.001334130996838212,4.645399167202413e-05,0.00012214097660034895,0.0005975490057608113,7.696196553297341e-05,0.0
32,114,gOMP,optimized,0.0006428769993362948,5.9883008361794055e-05,0.00012303398398216814,0.0002244770003017038,8.105403685476631e-05,0.0
32,115,gOMP,baseline,0.001293227993301116,4.73860272904858e-05,0.00011934604845009744,0.0006144469807622954,8.261897892225534e-05,0.0
32,115,gOMP,optimized,0.00041192299977410585,3.7981997593306005e-05,7.560501398984343e-05,0.0001592930348124355,5.137802509125322e-05,0.0
32,116,gOMP,baseline,0.001191663002828136,4.68189682578668e-05,0.00010823398770298809,0.0005729560216423124,6.614199082832783e-05,0.0
32,116,gOMP,optimized,0.00044043500383850187,4.0390994399785995e-05,7.935697794891894e-05,0.00016207899898290634,5.367497215047479e-05,0.0
32,117,gOMP,baseline,0.0016336029948433861,8.765501843299717e-05,0.0001461329811718315,0.000698225005180575,0.0001405400107614696,0.0
32,117,gOMP,optimized,0.0005059719987912104,4.5230015530250967e-05,9.76250012172386e-05,0.0001987739815376699,5.799002246931195e-05,0.0
32,118,gOMP,baseline,0.0018933310057036579,7.145798008423299e-05,0.00018535199342295527,0.0008919610118027776,0.0001586660073371604,0.0
32,118,gOMP,optimized,0.0005245719949016348,4.595798964146525e-05,0.000119043979793787,0.0001889409904833883,6.420600402634591e-05,0.0
32,119,gOMP,baseline,0.0013124789984431118,4.864201764576137e-05,0.0001257220283150673,0.0006320829852484167,7.623800775036216e-05,0.0
32,119,gOMP,optimized,0.0005374930042307824,5.0497037591412663e-05,0.000106579958810471,0.00020032002066727728,6.074403063394129e-05,0.0
32,120,gOMP,baseline,0.0017159489943878725,9.841198334470391e-05,0.000209005011129193,0.0007140930101741105,0.00011574600648600608,0.0
32,120,gOMP,optimized,0.00045674300054088235,3.9264006773009896e-05,7.629695755895227e-05,0.00017162499716505408,5.260002217255533e-05,0.0
32,121,gOMP,baseline,0.0012732920004054904,4.955897748004645e-05,0.00011938900570385158,0.000618764985119924,6.979196041356772e-05,0.0
32,121,gOMP,optimized,0.0004629319882951677,4.250298661645502e-05,8.339399937540293e-05,0.00018944601470138878,5.8532983530312777e-05,0.0
32,122,gOMP,baseline,0.0013842899934388697,5.401302769314498e-05,0.00013118806236889213,0.0006262769893510267,7.83609866630286e-05,0.0
32,122,gOMP,optimized,0.0005283020000206307,4.64480253867805e-05,0.00011108901526313275,0.00019576797785703093,5.836001946590841e-05,0.0
32,123,gOMP,baseline,0.0013953579909866676,5.727498501073569e-05,0.00012265497935004532,0.0006576949963346124,9.613001020625234e-05,0.0
32,123,gOMP,optimized,0.00045401000534184277,4.385299689602107e-05,8.219399023801088e-05,0.00017843600653577596,5.466601578518748e-05,0.0
32,124,gOMP,baseline,0.0013130500010447577,5.300801421981305e-05,0.00012874302046839148,0.0006180200143717229,7.308999192900956e-05,0.0
32,124,gOMP,optimized,0.0004527359997155145,4.032001015730202e-05,8.196699491236359e-05,0.00018031202489510179,5.495097138918936e-05,0.0
32,125,gOMP,baseline,0.0012319689994910732,4.741302109323442e-05,0.00011004401312675327,0.0005793349846499041,6.99600059306249e-05,0.0
32,125,gOMP,optimized,0.0005059879913460463,5.162396701052785e-05,9.105401113629341e-05,0.00019944099767599255,6.020499859005213e-05,0.0
32,126,gOMP,baseline,0.002246122996439226,0.00013860195758752525,0.0002295580052305013,0.0009068849903997034,0.00023009501455817372,0.0
32,126,gOMP,optimized,0.000446107005700469,4.111102316528559e-05,8.157803677022457e-05,0.00017694997950457036,5.179898289497942e-05,0.0
32,127,gOMP,baseline,0.0013393720000749454,5.456099461298436e-05,0.00013709701306652278,0.0006219190254341811,8.1383012002334e-05,0.0
32,127,gOMP,optimized,0.0006202359945746139,5.0660979468375444e-05,0.00010767298226710409,0.00025240999821107835,9.316402429249138e-05,0.0
32,128,gOMP,baseline,0.0011940529948333278,4.6295972424559295e-05,0.00010708700574468821,0.0005602580058621243,6.616197060793638e-05,0.0
32,128,gOMP,optimized,0.0004225509910611436,3.968598321080208e-05,7.965101394802332e-05,0.00016327800403814763,5.199098086450249e-05,0.0
32,129,gOMP,baseline,0.0012894520041299984,5.1273993449285626e-05,0.00011714198626577854,0.0006093200208852068,7.285899482667446e-05,0.0
32,129,gOMP,optimized,0.0004596860089804977,4.025602538604289e-05,8.318199252244085e-05,0.00018641602946445346,5.6462959037162364e-05,0.0
32,130,gOMP,baseline,0.0013038899924140424,4.82509785797447e-05,0.00010995999036822468,0.0006183329969644547,8.472795889247209e-05,0.0
32,130,gOMP,optimized,0.0006969750102143735,6.797099194955081e-05,0.00013644099817611277,0.0002513539948267862,8.246100333053619e-05,0.0
32,131,gOMP,baseline,0.001325851000729017,5.151599179953337e-05,0.00012440998398233205,0.0006358079990604892,8.103200525511056e-05,0.0
32,131,gOMP,optimized,0.0004699200071627274,4.3805004679597914e-05,8.157196862157434e-05,0.0001793429983081296,5.970196798443794e-05,0.0
32,132,gOMP,baseline,0.0013069939886918291,4.9166003009304404e-05,0.0001329580118181184,0.0006113830022513866,8.669398084748536e-05,0.0
32,132,gOMP,optimized,0.00041260999569203705,3.930096863768995e-05,7.570898742415011e-05,0.00015896299737505615,4.9901995225809515e-05,0.0
32,133,gOMP,baseline,0.001219320998643525,5.038398376200348e-05,0.00010859398753382266,0.0005824799736728892,7.239401747938246e-05,0.0
32,133,gOMP,optimized,0.0004512000014074147,4.059899947606027e-05,8.175498805940151e-05,0.00017178399139083922,5.560099089052528e-05,0.0
32,134,gOMP,baseline,0.0021149950043763965,9.319800301454961e-05,0.0003066769859287888,0.0008527919999323785,0.000157546965056099,0.0
32,134,gOMP,optimized,0.000513082995894365,4.2565021431073546e-05,8.948503818828613e-05,0.00022422097390517592,5.881201650481671e-05,0.0
32,135,gOMP,baseline,0.0013303189916769043,5.010599852539599e-05,0.00012339599197730422,0.000617155950749293,9.349198080599308e-05,0.0
32,135,gOMP,optimized,0.00044345900823827833,4.0404018363915384e-05,7.898599142208695e-05,0.00016977502673398703,5.206001515034586e-05,0.0
32,136,gOMP,baseline,0.0013685459998669103,5.0789021770469844e-05,0.00015765996067784727,0.000625235988991335,8.601996523793787e-05,0.0
32,136,gOMP,optimized,0.0004913919983664528,4.709296626970172e-05,9.095200221054256e-05,0.0001794030104065314,5.8483987231738865e-05,0.0
32,137,gOMP,baseline,0.001528655004221946,6.93079928169027e-05,0.00014593201922252774,0.0006921820167917758,7.718200504314154e-05,0.0
32,137,gOMP,optimized,0.00044751400128006935,4.409901157487184e-05,8.703900675754994e-05,0.00017480798123870045,5.387498822528869e-05,0.0
32,138,gOMP,baseline,0.0013459350011544302,4.931999137625098e-05,0.00012824099394492805,0.0006572000129381195,8.49430070957169e-05,0.0
32,138,gOMP,optimized,0.0005071339983260259,4.082299710717052e-05,0.00010313799430150539,0.0001778510195435956,5.683599738404155e-05,0.0
32,139,gOMP,baseline,0.0013867460074834526,5.2898001740686595e-05,0.00012784799037035555,0.0006253809988265857,8.867098949849606e-05,0.0
32,139,gOMP,optimized,0.0007910019921837375,5.7133991504088044e-05,0.00022042301134206355,0.00026683601026888937,7.806399662513286e-05,0.0
32,140,gOMP,baseline,0.0024067079939413816,0.00010196100629400462,0.00040595502650830895,0.0010105060209752992,0.0001689340133452788,0.0
32,140,gOMP,optimized,0.0005471180047607049,5.2028000936843455e-05,0.00010825299250427634,0.0002090860070893541,6.079299782868475e-05,0.0
32,141,gOMP,baseline,0.0012201250065118074,4.663800064008683e-05,0.00011601098231039941,0.0005731589772040024,6.560698966495693e-05,0.0
32,141,gOMP,optimized,0.000462472002254799,4.018501203972846e-05,8.670300303492695e-05,0.0001774349802872166,5.5442986194975674e-05,0.0
32,142,gOMP,baseline,0.0012553870037663728,4.6527988160960376e-05,0.0001231059868587181,0.0005888180021429434,6.861095607746392e-05,0.0
32,142,gOMP,optimized,0.0004713709931820631,4.313902172725648e-05,8.976699609775096e-05,0.00017165302415378392,6.173895963001996e-05,0.0
32,143,gOMP,baseline,0.0012813559878850356,4.414301656652242e-05,0.00010293899686075747,0.0006459850264945999,7.806198846083134e-05,0.0
32,143,gOMP,optimized,0.00044044900278095156,4.360900493338704e-05,7.99040135461837e-05,0.00017044105334207416,5.32169797224924e-05,0.0
32,144,gOMP,baseline,0.0012990630057174712,5.3490992286242545e-05,0.00013012599083594978,0.0006122890044935048,8.030502067413181e-05,0.0
32,144,gOMP,optimized,0.0004779839946422726,4.157600051257759e-05,8.455496572423726e-05,0.00019505101954564452,6.007699994370341e-05,0.0
32,145,gOMP,baseline,0.001250061992323026,5.31190016772598e-05,0.00011313999129924923,0.0005848689906997606,7.803300104569644e-05,0.0
32,145,gOMP,optimized,0.0005760189960710704,6.940601451788098e-05,0.00012044503819197416,0.00021275499602779746,6.694199691992253e-05,0.0
32,146,gOMP,baseline,0.0015104390040505677,5.541503196582198e-05,0.00013611797476187348,0.0007084609824232757,0.0001233509974554181,0.0
32,146,gOMP,optimized,0.00048487400636076927,4.167002043686807e-05,8.557000546716154e-05,0.0001853199501056224,5.660901661030948e-05,0.0
32,147,gOMP,baseline,0.0015088780055521056,8.610902295913547e-05,0.00014059999375604093,0.0006647899863310158,0.00010973698226734996,0.0
32,147,gOMP,optimized,0.0007443329959642142,4.874102887697518e-05,9.187503019347787e-05,0.0003312370099592954,9.276799391955137e-05,0.0
32,148,gOMP,baseline,0.0011954399960814044,4.550101584754884e-05,0.00010014999134000391,0.0005623070028377697,6.621601642109454e-05,0.0
32,148,gOMP,optimized,0.000698942007147707,5.644901830237359e-05,0.00012932500976603478,0.0002328789996681735,0.0001427759852958843,0.0
32,149,gOMP,baseline,0.0015296189958462492,5.9467958635650575e-05,0.00015379401156678796,0.00070501200389117,9.386900637764484e-05,0.0
32,149,gOMP,optimized,0.0005508269969141111,4.958099452778697e-05,0.00011110301420558244,0.0002085530140902847,6.56729971524328e-05,0.0
32,150,gOMP,baseline,0.001823625003453344,5.848699947819114e-05,0.00016090903955046088,0.0008555840176995844,0.00017365101666655391,0.0
32,150,gOMP,optimized,0.0006046189955668524,5.337597394827753e-05,0.0001105350092984736,0.00022733303194399923,9.07979701878503e-05,0.0
32,151,gOMP,baseline,0.0012055859988322482,4.596597864292562e-05,0.00010669202310964465,0.0005675239663105458,6.582900823559612e-05,0.0
32,151,gOMP,optimized,0.00044790899846702814,4.0434038965031505e-05,8.608702046331018e-05,0.00017251298413611948,5.402903479989618e-05,0.0
32,152,gOMP,baseline,0.001214857999002561,4.587697912938893e-05,0.00010213501809630543,0.0005917640082770959,6.725701678078622e-05,0.0
32,152,gOMP,optimized,0.00046042099711485207,4.033402365166694e-05,9.479300933890045e-05,0.00017537899839226156,5.529102054424584e-05,0.0
32,153,gOMP,baseline,0.001212209986988455,4.557998909149319e-05,0.00011164895840920508,0.0005823259707540274,7.072801236063242e-05,0.0
32,153,gOMP,optimized,0.0004371490067569539,4.050502320751548e-05,8.114300726447254e-05,0.00016744899039622396,5.375103501137346e-05,0.0
32,154,gOMP,baseline,0.0011882139951922,4.6555011067539454e-05,0.0001071279839379713,0.0005667569930665195,6.671102892141789e-05,0.0
32,154,gOMP,optimized,0.0005309900006977841,5.469900497701019e-05,9.513700206298381e-05,0.0002034490171354264,6.203599332366139e-05,0.0
32,155,gOMP,baseline,0.0018351409962633625,7.895202725194395e-05,0.0001752949901856482,0.0007634989451617002,0.00019253301434218884,0.0
32,155,gOMP,optimized,0.000659144003293477,8.292897837236524e-05,0.00011696701403707266,0.0002495949884178117,8.530596096534282e-05,0.0
32,156,gOMP,baseline,0.0026448680000612512,0.00021289201686158776,0.00028781499713659286,0.0010317449632566422,0.00016858105664141476,0.0
32,156,gOMP,optimized,0.0004871709970757365,4.2885993025265634e-05,9.930203668773174e-05,0.00019036700541619211,5.689397221431136e-05,0.0
32,157,gOMP,baseline,0.0012485439947340637,4.54869878012687e-05,0.00012206399696879089,0.0006039870204403996,7.06850114511326e-05,0.0
32,157,gOMP,optimized,0.000539012995432131,4.49960061814636e-05,9.77389863692224e-05,0.00020234897965565324,7.850299880374223e-05,0.0
32,158,gOMP,baseline,0.0015620810008840635,7.179401291068643e-05,0.00014829894644208252,0.0006902930035721511,0.00012107698421459645,0.0
32,158,gOMP,optimized,0.000543532005394809,5.030003376305103e-05,9.744698763825e-05,0.00023130000045057386,6.293199840001762e-05,0.0
32,159,gOMP,baseline,0.0012709839938906953,4.560797242447734e-05,0.00012951096869073808,0.0006168390245875344,7.219598046503961e-05,0.0
32,159,gOMP,optimized,0.0004254670056980103,3.863500023726374e-05,8.138298289850354e-05,0.0001632209896342829,5.140600842423737e-05,0.0
32,160,gOMP,baseline,0.0012872100051026791,4.821200855076313e-05,0.00011528801405802369,0.0006368279864545912,7.240698323585093e-05,0.0
32,160,gOMP,optimized,0.0004543879913398996,5.243800114840269e-05,8.329602133017033e-05,0.00017281896725762635,5.411397432908416e-05,0.0
32,161,gOMP,baseline,0.001632416999200359,6.264001422096044e-05,0.00016997498460114002,0.0007416579901473597,0.0001148189912782982,0.0
32,161,gOMP,optimized,0.0004719949938589707,4.021200584247708e-05,8.389897993765771e-05,0.0001993029727600515,5.5540978792123497e-05,0.0
32,162,gOMP,baseline,0.001225435989908874,4.679898847825825e-05,0.00010687901522032917,0.0005878640658920631,6.661299266852438e-05,0.0
32,162,gOMP,optimized,0.00045082099677529186,4.0763974539004266e-05,9.405300079379231e-05,0.0001699900021776557,5.483198037836701e-05,0.0
32,163,gOMP,baseline,0.0011951110063819215,4.383899795357138e-05,0.00010295803076587617,0.0005742290086345747,6.478601426351815e-05,0.0
32,163,gOMP,optimized,0.0005944510048720986,5.7554017985239625e-05,0.00011410101433284581,0.0002194510307163,7.189701136667281e-05,0.0
32,164,gOMP,baseline,0.0012821659911423922,6.0514023061841726e-05,0.00011105601151939481,0.000593834018218331,7.603099220432341e-05,0.0
32,164,gOMP,optimized,0.0008095829980447888,6.938099977560341e-05,0.00016053298895712942,0.00033593099215067923,0.00010116799967363477,0.0
32,165,gOMP,baseline,0.0012944330082973465,4.657800309360027e-05,0.00011926698789466172,0.0006218880007509142,7.955699402373284e-05,0.0
32,165,gOMP,optimized,0.001418244995875284,0.00011974500375799835,0.0001765000051818788,0.0003989979741163552,0.0005405580013757572,0.0
32,166,gOMP,baseline,0.0014612139930250123,5.3642012062482536e-05,0.00018598997849039733,0.0007050270069157705,8.38610139908269e-05,0.0
32,166,gOMP,optimized,0.0004523899988271296,4.0944069041870534e-05,7.903194637037814e-05,0.00016576000780332834,7.210402691271156e-05,0.0
32,167,gOMP,baseline,0.0012443930027075112,4.950597940478474e-05,0.00011464300041552633,0.0005898710078326985,7.032795110717416e-05,0.0
32,167,gOMP,optimized,0.00042475800728425384,4.0915008867159486e-05,7.570598972961307e-05,0.00016355702246073633,5.145100294612348e-05,0.0
32,168,gOMP,baseline,0.0011861450038850307,4.493200685828924e-05,0.00010449600813444704,0.0005641959578497335,6.779098475817591e-05,0.0
32,168,gOMP,optimized,0.00047585999709554017,4.55020199296996e-05,8.007300493773073e-05,0.0001956009800778702,5.876498471479863e-05,0.0
32,169,gOMP,baseline,0.0014285439974628389,6.701902020722628e-05,0.00014407801791094244,0.0006401449791155756,0.00010145500709768385,0.0
32,169,gOMP,optimized,0.00047864399675745517,4.4124957639724016e-05,7.652500062249601e-05,0.00017552699137013406,5.598300776910037e-05,0.0
32,170,gOMP,baseline,0.0013115349865984172,5.321302160155028e-05,0.00013178898370824754,0.0006066779897082597,7.41189724067226e-05,0.0
32,170,gOMP,optimized,0.0005086090095574036,4.408998938743025e-05,8.759302727412432e-05,0.00021104102779645473,6.447498162742704e-05,0.0
32,171,gOMP,baseline,0.0013680470001418144,5.0552014727145433e-05,0.00012033699022140354,0.0006533280102303252,9.80240001808852e-05,0.0
32,171,gOMP,optimized,0.0004336649872129783,3.923599433619529e-05,7.830404501874e-05,0.00016183902334887534,5.159497959539294e-05,0.0
32,172,gOMP,baseline,0.001335302004008554,5.416902422439307e-05,0.00011848301801364869,0.0006194290181156248,8.020896348170936e-05,0.0
32,172,gOMP,optimized,0.00047651800559833646,5.348300328478217e-05,8.67149792611599e-05,0.00017838799976743758,6.22569932602346e-05,0.0
32,173,gOMP,baseline,0.0012802999990526587,4.9673006287775934e-05,0.00011613298556767404,0.0005959429981885478,7.28929735487327e-05,0.0
32,173,gOMP,optimized,0.00043384400487411767,3.891202504746616e-05,7.754501712042838e-05,0.00017120197298936546,5.336399772204459e-05,0.0
32,174,gOMP,baseline,0.0012449779896996915,4.591200558934361e-05,0.00010705296881496906,0.0005987700133118778,6.997899617999792e-05,0.0
32,174,gOMP,optimized,0.0005772910080850124,4.624199937097728e-05,0.00010762005695141852,0.000247062009293586,6.886602204758674e-05,0.0
32,175,gOMP,baseline,0.0016635999927530065,6.515602581202984e-05,0.00016529099957551807,0.0007788660150254145,0.00012649301788769662,0.0
32,175,gOMP,optimized,0.0009633320005377755,8.504600555170327e-05,0.00017874801415018737,0.000353923998773098,0.00013321000733412802,0.0
32,176,gOMP,baseline,0.0018324599950574338,6.143102655187249e-05,0.00014079001266509295,0.0008749640110181645,0.0001545089908177033,0.0
32,176,gOMP,optimized,0.0004485660028876737,4.554397310130298e-05,8.781799988355488e-05,0.00017034303164109588,5.237599543761462e-05,0.0
32,177,gOMP,baseline,0.0011869540030602366,4.51769883511588e-05,0.00010454900620970875,0.0005652559921145439,6.464697071351111e-05,0.0
32,177,gOMP,optimized,0.00048635900020599365,4.196398367639631e-05,9.467099152971059e-05,0.00017543896683491766,7.162099063862115e-05,0.0
32,178,gOMP,baseline,0.0012308770092204213,4.542700480669737e-05,0.00011041401012334973,0.0006013509846525267,6.867098272778094e-05,0.0
32,178,gOMP,optimized,0.00045904400758445263,3.934299456886947e-05,8.622597670182586e-05,0.00017248399672098458,6.649400165770203e-05,0.0
32,179,gOMP,baseline,0.0013402479962678626,5.745702947024256e-05,0.00013973898603580892,0.0006171840213937685,9.012498776428401e-05,0.0
32,179,gOMP,optimized,0.00048322000657208264,4.4319021981209517e-05,9.054502879735082e-05,0.00019545697432477027,5.676601722370833e-05,0.0
32,180,gOMP,baseline,0.0016051749989856035,6.408602348528802e-05,0.00016004403005354106,0.0007445579976774752,9.565999789629132e-05,0.0
32,180,gOMP,optimized,0.0005304209917085245,4.54399996669963e-05,9.29020025068894e-05,0.0002185929915867746,6.504700286313891e-05,0.0
32,181,gOMP,baseline,0.0013088279956718907,5.2960996981710196e-05,0.000128011975903064,0.0006161680212244391,7.914700836408883e-05,0.0
32,181,gOMP,optimized,0.0004630610055755824,4.283602174837142e-05,8.260599861387163e-05,0.00017445500998292118,5.4875999921932817e-05,0.0
32,182,gOMP,baseline,0.0018731460004346445,0.00010424901847727597,0.00017709998064674437,0.0008539019763702527,0.00018078497669193894,0.0
32,182,gOMP,optimized,0.0006509340018965304,5.6154021876864135e-05,0.00011179299326613545,0.0002252329868497327,6.681602098979056e-05,0.0
32,183,gOMP,baseline,0.001193217991385609,4.6439978177659214e-05,0.0001077099732356146,0.0005579470016527921,6.590801058337092e-05,0.0
32,183,gOMP,optimized,0.0004509000136749819,4.749897925648838e-05,8.311202691402286e-05,0.0001642940187593922,5.35340077476576e-05,0.0
32,184,gOMP,baseline,0.002285251990542747,9.885200415737927e-05,0.0003019410069100559,0.0010419099853606895,0.00017489698075223714,0.0
32,184,gOMP,optimized,0.0006533419946208596,5.402001261245459e-05,0.00010480401397217065,0.00025724498846102506,8.981199061963707e-05,0.0
32,185,gOMP,baseline,0.0015006879984866828,5.513099313247949e-05,0.00018385599832981825,0.000682851969031617,9.987900557462126e-05,0.0
32,185,gOMP,optimized,0.0005349490093067288,4.5652996050193906e-05,9.42969782045111e-05,0.00018820301920641214,6.208398554008454e-05,0.0
32,186,gOMP,baseline,0.001349921993096359,5.500999395735562e-05,0.00012865501048509032,0.0006364289729390293,8.046699804253876e-05,0.0
32,186,gOMP,optimized,0.0004216110100969672,3.849797940347344e-05,7.738296699244529e-05,0.00016340697766281664,5.190196679905057e-05,0.0
32,187,gOMP,baseline,0.001384816991048865,4.6003013267181814e-05,0.00010391695832367986,0.0006789629987906665,0.00010335400293115526,0.0
32,187,gOMP,optimized,0.00047631999768782407,4.539899236988276e-05,8.868897566571832e-05,0.00018986500799655914,5.465801223181188e-05,0.0
32,188,gOMP,baseline,0.001329088001511991,5.6196004152297974e-05,0.0001299290161114186,0.0006229849968804047,7.217797974590212e-05,0.0
32,188,gOMP,optimized,0.00055963899649214,4.502799129113555e-05,9.963000775314867e-05,0.00022599499789066613,7.467699469998479e-05,0.0
32,189,gOMP,baseline,0.0019613680051406845,0.00010418196325190365,0.00018555000133346766,0.0007250330090755597,0.0001361770264338702,0.0
32,189,gOMP,optimized,0.0006356100057018921,8.55710095493123e-05,0.00011997802357655019,0.00021391503105405718,6.394101365003735e-05,0.0
32,190,gOMP,baseline,0.0015894590032985434,6.0704987845383584e-05,0.000168780010426417,0.0007089239661581814,0.00011043700214941055,0.0
32,190,gOMP,optimized,0.0004890910058747977,4.510498547460884e-05,9.262296953238547e-05,0.00019115697068627924,5.6585005950182676e-05,0.0
32,191,gOMP,baseline,0.001851805005571805,7.258202822413296e-05,0.0002024529967457056,0.0008220599993364885,0.00012664296082220972,0.0
32,191,gOMP,optimized,0.0005653340049320832,4.8645000788383186e-05,0.00011783299851231277,0.00022516201715916395,6.708801083732396e-05,0.0
32,192,gOMP,baseline,0.001531931004137732,5.160000000614673e-05,0.00015115199494175613,0.0007803670014254749,9.534099081065506e-05,0.0
32,192,gOMP,optimized,0.0004934489988954738,4.163698758929968e-05,0.00010281000868417323,0.00019804503244813532,5.7137993280775845e-05,0.0
32,193,gOMP,baseline,0.0015009289927547798,5.672498082276434e-05,0.0001540599623695016,0.0006535709981108084,7.584299601148814e-05,0.0
32,193,gOMP,optimized,0.0004816779983229935,4.5056978706270456e-05,8.79740109667182e-05,0.000182734991540201,5.737299215979874e-05,0.0
32,194,gOMP,baseline,0.001376596002955921,5.246697401162237e-05,0.0001257039693882689,0.0006446280021918938,9.130401303991675e-05,0.0
32,194,gOMP,optimized,0.000496339998790063,5.2415969548746943e-05,0.00010158699296880513,0.0001817849843064323,5.868200969416648e-05,0.0
32,195,gOMP,baseline,0.0013450219994410872,5.370299913920462e-05,0.00011971697676926851,0.0006228060374269262,9.725797281134874e-05,0.0
32,195,gOMP,optimized,0.0005349540006136522,5.29250391991809e-05,9.392002539243549e-05,0.00020453199977055192,6.495801790151745e-05,0.0
32,196,gOMP,baseline,0.0013341809972189367,4.8565983888693154e-05,0.00012675198377110064,0.0006317139486782253,7.529198774136603e-05,0.0
32,196,gOMP,optimized,0.0008166920015355572,9.589697583578527e-05,0.00017203002062160522,0.00028923203353770077,0.0001106529962271452,0.0
32,197,gOMP,baseline,0.0013166200078558177,4.988699220120907e-05,0.00011877297947648913,0.0005836859927512705,7.067697879392654e-05,0.0
32,197,gOMP,optimized,0.0004676300013670698,4.306199843995273e-05,9.3580994871445e-05,0.00018207098764833063,5.754799349233508e-05,0.0
32,198,gOMP,baseline,0.0014583309966837987,5.130798672325909e-05,0.00012932997196912766,0.000721949982107617,9.134900756180286e-05,0.0
32,198,gOMP,optimized,0.0004852010024478659,4.5572975068353117e-05,9.611700079403818e-05,0.0001814400457078591,5.747501563746482e-05,0.0
32,199,gOMP,baseline,0.0016612649924354628,7.781799649819732e-05,0.00018920197908300906,0.0007314439862966537,0.00013477198081091046,0.0
32,199,gOMP,optimized,0.0004972710012225434,4.814502608496696e-05,9.29280067794025e-05,0.0001956390042323619,5.77589962631464e-05,0.0
32,200,gOMP,baseline,0.0012183369981357828,4.652002826333046e-05,0.00011007997090928257,0.0005858320218976587,6.835204840172082e-05,0.0
32,200,gOMP,optimized,0.00046147599641699344,4.3517007725313306e-05,8.697202429175377e-05,0.0001739810104481876,5.4944990552030504e-05,0.0
32,201,gOMP,baseline,0.001342187009868212,5.902802513446659e-05,0.00012269496801309288,0.000627794026513584,7.716099207755178e-05,0.0
32,201,gOMP,optimized,0.0005222190084168687,5.2266987040638924e-05,9.278998186346143e-05,0.00020517600933089852,6.945001950953156e-05,0.0
32,202,gOMP,baseline,0.0012395539961289614,4.9605980166234076e-05,0.000107085972558707,0.0005851420137332752,7.070398714859039e-05,0.0
32,202,gOMP,optimized,0.0004529089928837493,4.124801489524543e-05,8.047897426877171e-05,0.00016998499631881714,6.604896043427289e-05,0.0
32,203,gOMP,baseline,0.0017766590026440099,8.404998516198248e-05,0.0001827509986469522,0.0008220959716709331,0.00014535203808918595,0.0
32,203,gOMP,optimized,0.000554947997443378,4.882003122474998e-05,9.86929953796789e-05,0.00020476500503718853,9.028201748151332e-05,0.0
32,204,gOMP,baseline,0.001272723005968146,4.982200334779918e-05,0.00012071202218066901,0.0006039549771230668,7.270598143804818e-05,0.0
32,204,gOMP,optimized,0.000539535001735203,4.778799484483898e-05,0.00010529899736866355,0.00018763300613500178,7.782000466249883e-05,0.0
32,205,gOMP,baseline,0.001396081002894789,7.144297705963254e-05,0.00015092099783942103,0.000637870020000264,7.409299723803997e-05,0.0
32,205,gOMP,optimized,0.00044866499956697226,3.9892998756840825e-05,8.340102795045823e-05,0.00017498701345175505,5.419898661784828e-05,0.0
32,206,gOMP,baseline,0.0014291270053945482,6.049699732102454e-05,0.00014014498447068036,0.000644473999273032,9.100497118197381e-05,0.0
32,206,gOMP,optimized,0.0005354379973141477,4.5205000787973404e-05,0.00010013098653871566,0.00020344200311228633,6.011500954627991e-05,0.0
32,207,gOMP,baseline,0.0012970589887117967,4.9560985644347966e-05,0.00010976599878631532,0.0005996340041747317,8.414598414674401e-05,0.0
32,207,gOMP,optimized,0.000492065999424085,4.492299922276288e-05,0.0001092089805752039,0.00018620400805957615,5.590297223534435e-05,0.0
32,208,gOMP,baseline,0.0012414150114636868,4.8569010687060654e-05,0.00011252501280978322,0.0005934150103712454,7.073297456372529e-05,0.0
32,208,gOMP,optimized,0.00041769300878513604,3.8744023186154664e-05,8.026296563912183e-05,0.00015857200196478516,5.115302337799221e-05,0.0
32,209,gOMP,baseline,0.001546414991025813,4.915398312732577e-05,0.00022924499353393912,0.0007027090032352135,9.553403651807457e-05,0.0
32,209,gOMP,optimized,0.00047045400424394757,4.409499524626881e-05,9.256298653781414e-05,0.0001764950284268707,5.5940981837920845e-05,0.0
32,210,gOMP,baseline,0.0013523140078177676,5.7634999393485487e-05,0.00014372996520251036,0.000627546978648752,7.697497494518757e-05,0.0
32,210,gOMP,optimized,0.000420568001572974,3.916097921319306e-05,7.764101610518992e-05,0.00016338395653292537,5.131300713401288e-05,0.0
32,211,gOMP,baseline,0.0012878139968961477,4.653401265386492e-05,0.0001224049919983372,0.0006190530257299542,7.285499304998666e-05,0.0
32,211,gOMP,optimized,0.00048151600640267134,3.937401925213635e-05,8.538400288671255e-05,0.00020123699505347759,5.9717014664784074e-05,0.0
32,212,gOMP,baseline,0.0013023360079387203,6.284001574385911e-05,0.00012620999768842012,0.0006210100109456107,7.47540034353733e-05,0.0
32,212,gOMP,optimized,0.0004364519991213456,3.92219953937456e-05,8.796498877927661e-05,0.0001648270117584616,5.198597500566393e-05,0.0
32,213,gOMP,baseline,0.0020123870053794235,7.1032001869753e-05,0.00024972797837108374,0.0008449389861198142,0.00022461800836026669,0.0
32,213,gOMP,optimized,0.0004996220086468384,4.5786044211126864e-05,9.585903899278492e-05,0.0001888319820864126,5.6297023547813296e-05,0.0
32,214,gOMP,baseline,0.0013479250046657398,4.794495180249214e-05,0.0001273030211450532,0.0006178699986776337,7.584200648125261e-05,0.0
32,214,gOMP,optimized,0.0006157979951240122,5.380500806495547e-05,0.0001268350169993937,0.00022376299602910876,7.497800106648356e-05,0.0
32,215,gOMP,baseline,0.0012501649907790124,5.9704005252569914e-05,0.00012222299119457603,0.0005806629924336448,7.299701974261552e-05,0.0
32,215,gOMP,optimized,0.0004950790025759488,4.377697769086808e-05,8.952300413511693e-05,0.00018944896874018013,5.9259997215121984e-05,0.0
32,216,gOMP,baseline,0.001549025997519493,6.358700920827687e-05,0.00014604697935283184,0.0007006050000200048,0.00011543300934135914,0.0
32,216,gOMP,optimized,0.0006711470050504431,6.557698361575603e-05,0.00011374296445865184,0.0002285340306116268,7.894400914665312e-05,0.0
32,217,gOMP,baseline,0.0014179760037222877,5.243202031124383e-05,0.00017031402967404574,0.0006529989768750966,8.763598452787846e-05,0.0
32,217,gOMP,optimized,0.0005976510001346469,4.732896923087537e-05,0.00010053401638288051,0.00019642699044197798,6.21019717073068e-05,0.0
32,218,gOMP,baseline,0.0016508959961356595,5.903896817471832e-05,0.00016149200382642448,0.0007919549971120432,0.00011861900566145778,0.0
32,218,gOMP,optimized,0.0007174380007199943,7.183502020779997e-05,0.00013226699957158417,0.00023488199803978205,7.97679676907137e-05,0.0
32,219,gOMP,baseline,0.0014268069935496897,5.574901297222823e-05,0.00014726199151482433,0.0006665550463367254,8.30160133773461e-05,0.0
32,219,gOMP,optimized,0.00041700400470290333,4.0068989619612694e-05,7.456698222085834e-05,0.00016306900943163782,5.00839960295707e-05,0.0
32,220,gOMP,baseline,0.0018099809967679903,0.00010710601054597646,0.0001853769936133176,0.0007713630038779229,0.00017634901450946927,0.0
32,220,gOMP,optimized,0.0005698129971278831,4.907399124931544e-05,9.427603799849749e-05,0.00023277099535334855,7.13379995431751e-05,0.0
32,221,gOMP,baseline,0.0017858119972515851,7.299396384041756e-05,0.00021894497331231833,0.0008190430380636826,0.00011832700693048537,0.0
32,221,gOMP,optimized,0.000521749010658823,4.5474982471205294e-05,9.203498484566808e-05,0.00021344199194572866,6.474499241448939e-05,0.0
32,222,gOMP,baseline,0.0014296500012278557,6.646201654803008e-05,0.00014961401757318527,0.0006489989900728688,0.00010060999193228781,0.0
32,222,gOMP,optimized,0.00045695999870076776,4.251199425198138e-05,8.478901872877032e-05,0.00018244401144329458,5.537003744393587e-05,0.0
32,223,gOMP,baseline,0.001885730991489254,5.338899791240692e-05,0.0003885959886247292,0.0008075150108197704,0.00010001799091696739,0.0
32,223,gOMP,optimized,0.0014728219975950196,0.0003610090061556548,0.0002415879862383008,0.00040933096897788346,0.00011894700583070517,0.0
32,224,gOMP,baseline,0.0014630999939981848,5.1625975174829364e-05,0.0001295639667659998,0.0006808619946241379,0.00012451602378860116,0.0
32,224,gOMP,optimized,0.0005260429898044094,4.591101605910808e-05,9.684305405244231e-05,0.000204469048185274,6.834097439423203e-05,0.0
32,225,gOMP,baseline,0.0015391400083899498,6.570994446519762e-05,0.0001457659964216873,0.0006691189628327265,8.419596997555345e-05,0.0
32,225,gOMP,optimized,0.0005085649900138378,4.5679989852942526e-05,9.022802987601608e-05,0.00020655299886129797,6.208500417415053e-05,0.0
32,226,gOMP,baseline,0.001473030002671294,5.048699676990509e-05,0.00017374398885294795,0.0006966609944356605,8.439601515419781e-05,0.0
32,226,gOMP,optimized,0.0005009659944334999,4.3391017243266106e-05,9.027098712977022e-05,0.00020362503710202873,6.0983962612226605e-05,0.0
32,227,gOMP,baseline,0.0017158510017907247,8.070400508586317e-05,0.00017781901988200843,0.0007570160087198019,9.553699055686593e-05,0.0
32,227,gOMP,optimized,0.00047246999747585505,4.469403938855976e-05,8.794300083536655e-05,0.0001840250042732805,5.710702680516988e-05,0.0
32,228,gOMP,baseline,0.001469062000978738,6.0228005168028176e-05,0.00013825701898895204,0.0006921819876879454,8.498699753545225e-05,0.0
32,228,gOMP,optimized,0.0005368569982238114,4.3406966142356396e-05,8.957204408943653e-05,0.000181764000444673,5.7617013226263225e-05,0.0
32,229,gOMP,baseline,0.0014701330073876306,6.090597889851779e-05,0.0001369980163872242,0.0006500179879367352,8.710699330549687e-05,0.0
32,229,gOMP,optimized,0.0004901260108454153,4.5545006287284195e-05,9.137197048403323e-05,0.00018797797383740544,6.457603012677282e-05,0.0
32,230,gOMP,baseline,0.001499185003922321,6.258800567593426e-05,0.000145575002534315,0.0006831289938418195,8.284399518743157e-05,0.0
32,230,gOMP,optimized,0.0004884120135102421,4.673301009461284e-05,0.00010087096597999334,0.00018294200708623976,5.8061996242031455e-05,0.0
32,231,gOMP,baseline,0.001452616008464247,5.003498517908156e-05,0.00013597898941952735,0.0006982369959587231,0.00010174498311243951,0.0
32,231,gOMP,optimized,0.00046429201029241085,4.2324012611061335e-05,9.440799476578832e-05,0.0001777199504431337,5.758499901276082e-05,0.0
32,232,gOMP,baseline,0.0018660749919945374,7.192901102825999e-05,0.00028496599406935275,0.000747231999412179,0.00010064200614579022,0.0
32,232,gOMP,optimized,0.0007034029986243695,4.203099524602294e-05,9.26939828786999e-05,0.0002744419907685369,9.103701449930668e-05,0.0
32,233,gOMP,baseline,0.0029312639962881804,0.0001391740224789828,0.0007109639554983005,0.0009782880515558645,0.0003148219984723255,0.0
32,233,gOMP,optimized,0.0006656050099991262,5.3215044317767024e-05,0.00017627897614147514,0.00024121403112076223,6.91359891789034e-05,0.0
32,234,gOMP,baseline,0.0013289759954204783,5.1153983804397285e-05,0.0001272620283998549,0.0006174630107125267,7.290900975931436e-05,0.0
32,234,gOMP,optimized,0.0005160100117791444,4.402101330924779e-05,9.116000728681684e-05,0.00020326099183876067,7.175096834544092e-05,0.0
32,235,gOMP,baseline,0.0013123750104568899,4.9744994612410665e-05,0.00012078997679054737,0.0006092140101827681,7.177400402724743e-05,0.0
32,235,gOMP,optimized,0.0005521080020116642,4.672897921409458e-05,9.560800390318036e-05,0.00019069296831730753,0.0001161290128948167,0.0
32,236,gOMP,baseline,0.0012480830046115443,4.6746034058742225e-05,0.00010948600538540632,0.0005804400134366006,7.000198820605874e-05,0.0
32,236,gOMP,optimized,0.0004263720038579777,3.973896673414856e-05,8.133501978591084e-05,0.000161582967848517,5.190302908886224e-05,0.0
32,237,gOMP,baseline,0.0018074929976137355,5.483299901243299e-05,0.00014914899657014757,0.0009534719865769148,0.00011512299533933401,0.0
32,237,gOMP,optimized,0.0004707749903900549,4.428796819411218e-05,8.680798055138439e-05,0.00018546800129115582,5.667300138156861e-05,0.0
32,238,gOMP,baseline,0.0012668730050791055,4.987799911759794e-05,0.00011194302351213992,0.0006048400100553408,7.047700637485832e-05,0.0
32,238,gOMP,optimized,0.00047089999134186655,4.178898234385997e-05,8.587799675296992e-05,0.0001861399650806561,5.8146019000560045e-05,0.0
32,239,gOMP,baseline,0.0012687390117207542,4.633302160073072e-05,0.00011939700925722718,0.000611054987530224,7.318501593545079e-05,0.0
32,239,gOMP,optimized,0.0006179129995871335,4.96470311190933e-05,0.0001427170354872942,0.0002091030328301713,9.65830113273114e-05,0.0
32,240,gOMP,baseline,0.0013467600074363872,4.9829017370939255e-05,0.00012863001029472798,0.0006438330019591376,7.953401654958725e-05,0.0
32,240,gOMP,optimized,0.00046882899187039584,4.267101758159697e-05,8.707198139745742e-05,0.00018172799900639802,5.6805001804605126e-05,0.0
32,241,gOMP,baseline,0.0014607420016545802,5.796099139843136e-05,0.00013263901928439736,0.0006549749959958717,9.036299888975918e-05,0.0
32,241,gOMP,optimized,0.0005359939968911931,4.651398921851069e-05,9.054197289515287e-05,0.00020119697728659958,6.224200478754938e-05,0.0
32,242,gOMP,baseline,0.0014757769968127832,6.681800005026162e-05,0.00015326798893511295,0.0006664139946224168,0.00011193696991540492,0.0
32,242,gOMP,optimized,0.000511884005391039,5.00919995829463e-05,9.276604396291077e-05,0.0001945180119946599,6.0174992540851235e-05,0.0
32,243,gOMP,baseline,0.0014109369949437678,5.9712023357860744e-05,0.00012763193808495998,0.0006640929786954075,7.835397263988853e-05,0.0
32,243,gOMP,optimized,0.0004889830015599728,4.431899287737906e-05,8.620797598268837e-05,0.0001922839874168858,5.83119981456548e-05,0.0
32,244,gOMP,baseline,0.0014082170091569424,4.9909023800864816e-05,0.00012056597915943712,0.000628466994385235,7.726598414592445e-05,0.0
32,244,gOMP,optimized,0.0007972879975568503,6.147497333586216e-05,0.00012571098341140896,0.0003468479699222371,0.00010553399624768645,0.0
32,245,gOMP,baseline,0.001670142009970732,6.178696639835835e-05,0.00014187597844284028,0.0007274930103449151,0.00010487798135727644,0.0
32,245,gOMP,optimized,0.0007319839933188632,5.729701661039144e-05,0.00013461196795105934,0.00026082298427354544,9.152997517958283e-05,0.0
32,246,gOMP,baseline,0.00132987299002707,4.7626992454752326e-05,0.00011171397636644542,0.0006600380002055317,8.077597885858268e-05,0.0
32,246,gOMP,optimized,0.0004458290059119463,4.136600182391703e-05,8.36020044516772e-05,0.00017176003893837333,5.389496800489724e-05,0.0
32,247,gOMP,baseline,0.0012886759941466153,4.9030029913410544e-05,0.00010973800090141594,0.0006186859973240644,8.405199332628399e-05,0.0
32,247,gOMP,optimized,0.0005815820040879771,5.383302050177008e-05,0.00010865199146792293,0.0002124210150213912,6.673400639556348e-05,0.0
32,248,gOMP,baseline,0.0013648879976244643,4.9219015636481345e-05,0.00012335501378402114,0.0006489449879154563,8.168698695953935e-05,0.0
32,248,gOMP,optimized,0.0005407249991549179,4.38709685113281e-05,0.00010525701509322971,0.00021969899535179138,6.154697621241212e-05,0.0
32,249,gOMP,baseline,0.0014214359980542213,5.088797479402274e-05,0.0001353720435872674,0.0006815919768996537,8.421199163421988e-05,0.0
32,249,gOMP,optimized,0.0004304890026105568,4.05499740736559e-05,8.23720038169995e-05,0.00016613501065876335,5.097697430755943e-05,0.0
32,250,gOMP,baseline,0.001300534000620246,4.93309780722484e-05,0.0001223110011778772,0.0005947930039837956,7.336499402299523e-05,0.0
32,250,gOMP,optimized,0.00042471199412830174,3.852996451314539e-05,7.658798131160438e-05,0.00016246398445218801,5.185102054383606e-05,0.0
32,251,gOMP,baseline,0.0014341120113385841,5.7496014051139355e-05,0.00014917500084266067,0.0006781719857826829,8.121099381241947e-05,0.0
32,251,gOMP,optimized,0.0004653990035876632,4.060898208990693e-05,9.654399764258415e-05,0.00017580701387487352,5.508000322151929e-05,0.0
32,252,gOMP,baseline,0.0017428610008209944,7.830298272892833e-05,0.0001666100142756477,0.0007450709963450208,0.00011769701086450368,0.0
32,252,gOMP,optimized,0.0009427750046597794,6.5169035224244e-05,0.00015181300113908947,0.00046784702863078564,0.00010625299182720482,0.0
32,253,gOMP,baseline,0.0016375579871237278,6.107399531174451e-05,0.0001585970021551475,0.0007940450159367174,0.00011383301171008497,0.0
32,253,gOMP,optimized,0.0007749789947411045,5.8918987633660436e-05,0.00011663201439660043,0.00034241599496454,0.00011932400229852647,0.0
32,254,gOMP,baseline,0.002018500992562622,0.00010881799971684813,0.0002027340087806806,0.0008631059754407033,0.00013275202945806086,0.0
32,254,gOMP,optimized,0.0004650209884857759,4.290198558010161e-05,8.772600267548114e-05,0.00018467397603671998,5.420397792477161e-05,0.0
32,255,gOMP,baseline,0.0013205069990362972,4.8947971663437784e-05,0.0001231119967997074,0.0006170250126160681,7.261501741595566e-05,0.0
32,255,gOMP,optimized,0.0004996560019208118,4.425900988280773e-05,9.422801667824388e-05,0.0001877319737104699,6.095299613662064e-05,0.0
32,256,gOMP,baseline,0.0013628099986817688,5.079800030216575e-05,0.00012512099056039006,0.0006503879994852468,7.67079764045775e-05,0.0
32,256,gOMP,optimized,0.00047412099957000464,4.3154985178261995e-05,8.511796477250755e-05,0.00018939896835945547,5.4939009714871645e-05,0.0
32,257,gOMP,baseline,0.0012594330037245527,4.775301204062998e-05,0.00010763299360405654,0.000608476999332197,7.308300700969994e-05,0.0
32,257,gOMP,optimized,0.000443077995441854,4.150501627009362e-05,8.26439936645329e-05,0.00016978700296021998,5.4164964240044355e-05,0.0
32,258,gOMP,baseline,0.0012078540021320805,4.647298192139715e-05,0.00010487697727512568,0.0005842359678354114,7.089399150572717e-05,0.0
32,258,gOMP,optimized,0.0008645310008432716,6.0592006775550544e-05,0.00020067201694473624,0.0003043390315724537,0.00015175800945144147,0.0
32,259,gOMP,baseline,0.0012737999932141975,4.99679590575397e-05,0.00011484498099889606,0.0006055830453988165,7.951199950184673e-05,0.0
32,259,gOMP,optimized,0.0004431870038388297,4.306698974687606e-05,7.90920021245256e-05,0.00017186799959745258,5.456099461298436e-05,0.0
32,260,gOMP,baseline,0.0013176139909774065,4.831698606722057e-05,0.00011659099254757166,0.0006429390050470829,7.410795660689473e-05,0.0
32,260,gOMP,optimized,0.00044890200661029667,4.121099482290447e-05,8.364500536117703e-05,0.0001801630132831633,5.3508018027059734e-05,0.0
32,261,gOMP,baseline,0.001204628002597019,4.691099456977099e-05,0.0001056199980666861,0.0005725659866584465,6.600499909836799e-05,0.0
32,261,gOMP,optimized,0.00047215999802574515,4.1713996324688196e-05,9.984700591303408e-05,0.00017407501582056284,5.6684992159716785e-05,0.0
32,262,gOMP,baseline,0.001265859988052398,4.550399899017066e-05,0.00010969994764309376,0.0006082180043449625,7.294498209375888e-05,0.0
32,262,gOMP,optimized,0.00046279300295282155,3.864495374727994e-05,7.921198266558349e-05,0.00018529602675698698,5.5917014833539724e-05,0.0
32,263,gOMP,baseline,0.0019082860089838505,4.5531021896749735e-05,0.00011020898818969727,0.000805635005235672,0.00016142198001034558,0.0
32,263,gOMP,optimized,0.0006916260026628152,7.433001883327961e-05,0.00013083200610708445,0.00025108500267378986,9.346402657683939e-05,0.0
32,264,gOMP,baseline,0.0014319559995783493,5.212401447352022e-05,0.00013946197577752173,0.0007022219651844352,8.041200635489076e-05,0.0
32,264,gOMP,optimized,0.0004689430061262101,4.2163970647379756e-05,8.412799797952175e-05,0.00018631697457749397,5.6325006880797446e-05,0.0
32,265,gOMP,baseline,0.0012651779979933053,4.960400110576302e-05,0.00013549297000281513,0.0005908510211156681,7.788697257637978e-05,0.0
32,265,gOMP,optimized,0.0004632420022971928,4.4241955038160086e-05,8.24349990580231e-05,0.00017901402316056192,5.7314959121868014e-05,0.0
32,266,gOMP,baseline,0.001329043006990105,4.723100573755801e-05,0.0001171000039903447,0.0006482649914687499,7.918001210782677e-05,0.0
32,266,gOMP,optimized,0.000610117000178434,5.874199268873781e-05,0.00011483300477266312,0.00020443399262148887,6.39060017419979e-05,0.0
32,267,gOMP,baseline,0.001232474998687394,4.595395876094699e-05,0.00010990502778440714,0.0005924570141360164,6.867399497423321e-05,0.0
32,267,gOMP,optimized,0.0004953729949193075,4.269000783096999e-05,9.301799582317472e-05,0.00017898304213304073,6.793103239033371e-05,0.0
32,268,gOMP,baseline,0.0013497720065061003,5.3234994993545115e-05,0.0001289689971599728,0.0006260069785639644,8.878995140548795e-05,0.0
32,268,gOMP,optimized,0.00047283001185860485,4.176796937827021e-05,8.506499580107629e-05,0.00018977599393110722,5.828098801430315e-05,0.0
32,269,gOMP,baseline,0.0014907549921190366,6.389798363670707e-05,0.0001704490277916193,0.0006632019794778898,0.0001029989798553288,0.0
32,269,gOMP,optimized,0.0005116670072311535,4.764100594911724e-05,9.362000855617225e-05,0.000205078991712071,6.342704000417143e-05,0.0
32,270,gOMP,baseline,0.0015513399994233623,5.743899964727461e-05,0.0002077469980577007,0.000698245014064014,9.982399933505803e-05,0.0
32,270,gOMP,optimized,0.0008079270046437159,4.627002635970712e-05,9.670399595052004e-05,0.00026760400214698166,0.0001910800056066364,0.0
32,271,gOMP,baseline,0.0016111820004880428,6.409198977053165e-05,0.00015415299276355654,0.000702616001944989,9.934301488101482e-05,0.0
32,271,gOMP,optimized,0.0004808100056834519,4.166297730989754e-05,9.037298150360584e-05,0.00019572403107304126,5.80670457566157e-05,0.0
32,272,gOMP,baseline,0.0011744899966288358,4.5199034502729774e-05,0.00010516500333324075,0.0005626179918181151,6.482901517301798e-05,0.0
32,272,gOMP,optimized,0.0005430550081655383,5.762898945249617e-05,0.00011179898865520954,0.0001911710132844746,7.482404180336744e-05,0.0
32,273,gOMP,baseline,0.0018362169939791784,8.941198757383972e-05,0.00018337400979362428,0.0007376059948001057,0.00011442301911301911,0.0
32,273,gOMP,optimized,0.0007703079900238663,5.5112046538852155e-05,0.00010996698983944952,0.0002558499836595729,7.176601502578706e-05,0.0
32,274,gOMP,baseline,0.0017698599986033514,0.00011287302186246961,0.00018327799625694752,0.0007839420140953735,0.00013009097892791033,0.0
32,274,gOMP,optimized,0.0007531039882451296,5.246899672783911e-05,0.00014455801283475012,0.0002803759853122756,8.018100925255567e-05,0.0
32,275,gOMP,baseline,0.0013158299989299849,4.859197360929102e-05,0.00012452504597604275,0.0006250099540920928,7.886899402365088e-05,0.0
32,275,gOMP,optimized,0.0005025139980716631,4.400197940412909e-05,9.009000496007502e-05,0.0002029129973379895,6.214802851900458e-05,0.0
32,276,gOMP,baseline,0.001307152007939294,4.696800897363573e-05,0.00011210097000002861,0.0006276050116866827,7.770000956952572e-05,0.0
32,276,gOMP,optimized,0.0004468789993552491,4.0024970076046884e-05,8.218501170631498e-05,0.00017802396905608475,5.441297253128141e-05,0.0
32,277,gOMP,baseline,0.0016313140076817945,6.720502278767526e-05,0.0001750770170474425,0.000724272002116777,9.765797585714608e-05,0.0
32,277,gOMP,optimized,0.0005703000060748309,4.6151981223374605e-05,9.614400914870203e-05,0.00021683202066924423,6.591402052436024e-05,0.0
32,278,gOMP,baseline,0.001359048008453101,5.292799323797226e-05,0.00013395397400017828,0.0006327919982140884,7.971997547429055e-05,0.0
32,278,gOMP,optimized,0.0004167239967500791,3.9767008274793625e-05,7.75449734646827e-05,0.00016276701353490353,5.1785027608275414e-05,0.0
32,279,gOMP,baseline,0.0012803470017388463,4.653497308026999e-05,0.0001153339835582301,0.0006081429746700451,6.919096631463617e-05,0.0
32,279,gOMP,optimized,0.0005122120055602863,4.6836023102514446e-05,9.509701339993626e-05,0.00020497501827776432,6.442298763431609e-05,0.0
32,280,gOMP,baseline,0.0013204119895817712,6.23980158707127e-05,0.00012262401287443936,0.0006122910272097215,7.54750071791932e-05,0.0
32,280,gOMP,optimized,0.0004361809988040477,4.0233993786387146e-05,8.053499914240092e-05,0.00016985699767246842,5.1677998271770775e-05,0.0
32,281,gOMP,baseline,0.0013365560007514432,5.143201269675046e-05,0.00012110898387618363,0.0006207789992913604,7.47800077078864e-05,0.0
32,281,gOMP,optimized,0.00048224600323010236,4.414399154484272e-05,8.637997962068766e-05,0.00019416802388150245,5.7780969655141234e-05,0.0
32,282,gOMP,baseline,0.0014681449974887073,5.247301305644214e-05,0.00019947803230024874,0.000669593020575121,8.573899685870856e-05,0.0
32,282,gOMP,optimized,0.0004959940124535933,5.7535042287781835e-05,8.916197111830115e-05,0.00018675603496376425,5.840697849635035e-05,0.0
32,283,gOMP,baseline,0.0012208409898448735,4.569596785586327e-05,0.00010917300824075937,0.000588210008572787,7.08110019331798e-05,0.0
32,283,gOMP,optimized,0.0004379780002636835,4.0175000322051346e-05,7.908396946731955e-05,0.00016906500968616456,5.496702215168625e-05,0.0
32,284,gOMP,baseline,0.0012597199965966865,4.8322996008209884e-05,0.00011004699626937509,0.0005929340404691175,7.01789977028966e-05,0.0
32,284,gOMP,optimized,0.0005191520031075925,4.801400064025074e-05,9.254201722797006e-05,0.00019318900012876838,8.22160072857514e-05,0.0
32,285,gOMP,baseline,0.0012602079950738698,4.679402627516538e-05,0.00011091495980508626,0.0005804560205433518,7.387898222077638e-05,0.0
32,285,gOMP,optimized,0.0004230409977026284,3.861800360027701e-05,7.785898924339563e-05,0.00016403902554884553,5.060802504885942e-05,0.0
32,286,gOMP,baseline,0.0012745569983962923,4.789400554727763e-05,0.00011831396841444075,0.0006117889715824276,7.329897198360413e-05,0.0
32,286,gOMP,optimized,0.0006608999974559993,4.6303000999614596e-05,0.00019522898946888745,0.00023049500305205584,6.482702156063169e-05,0.0
32,287,gOMP,baseline,0.0013392840046435595,5.0210015615448356e-05,0.00011486296716611832,0.0006500520103145391,8.389299910049886e-05,0.0
32,287,gOMP,optimized,0.00047332800750155,4.127601278014481e-05,8.633198740426451e-05,0.00018823501886799932,5.977702676318586e-05,0.0
32,288,gOMP,baseline,0.0013328000059118494,5.003303522244096e-05,0.000130405998788774,0.000610287970630452,7.52440100768581e-05,0.0
32,288,gOMP,optimized,0.00045464200957212597,4.305201582610607e-05,8.637501741759479e-05,0.00017674399714451283,5.660003807861358e-05,0.0
32,289,gOMP,baseline,0.0015238630003295839,5.8743011322803795e-05,0.0001880030322354287,0.0007038369949441403,8.41200235299766e-05,0.0
32,289,gOMP,optimized,0.00047232198994606733,4.381201870273799e-05,8.76979756867513e-05,0.00018612598069012165,5.569402128458023e-05,0.0
32,290,gOMP,baseline,0.0012588460085680708,4.587597504723817e-05,0.0001291789667448029,0.0005976709799142554,7.061198994051665e-05,0.0
32,290,gOMP,optimized,0.0006491160020232201,4.682299913838506e-05,0.00012720802624244243,0.00022756500402465463,6.983902130741626e-05,0.0
32,291,gOMP,baseline,0.0022002730111125857,8.276298467535526e-05,0.000216833024751395,0.0010099989885929972,0.00014747299428563565,0.0
32,291,gOMP,optimized,0.0008494749927194789,7.014800212346017e-05,0.00017813501472119242,0.00032741701579652727,0.00010475101589690894,0.0
32,292,gOMP,baseline,0.00223034099326469,9.338700328953564e-05,0.0002799800131469965,0.0009636679897084832,0.00015416998940054327,0.0
32,292,gOMP,optimized,0.000551623001229018,4.6864995965734124e-05,9.797202073968947e-05,0.00022882701887283474,6.596799357794225e-05,0.0
32,293,gOMP,baseline,0.0017118450050475076,7.559001096524298e-05,0.00020828100969083607,0.0006817410176154226,0.00023000598594080657,0.0
32,293,gOMP,optimized,0.00043115099833812565,4.030299896840006e-05,7.517695485148579e-05,0.00016932697326410562,5.197095742914826e-05,0.0
32,294,gOMP,baseline,0.0014957590028643608,5.479202081914991e-05,0.00014686997747048736,0.0007260350248543546,9.603997750673443e-05,0.0
32,294,gOMP,optimized,0.0004858150059590116,4.3995984015055e-05,8.895400969777256e-05,0.00019177899230271578,5.872196925338358e-05,0.0
32,295,gOMP,baseline,0.0013313370000105351,5.494199285749346e-05,0.00011855897901114076,0.0006390780035872012,7.475099118892103e-05,0.0
32,295,gOMP,optimized,0.0005433619953691959,4.3229039874859154e-05,9.816301462706178e-05,0.00022912798158358783,7.029199332464486e-05,0.0
32,296,gOMP,baseline,0.0012449260102584958,4.5541994040831923e-05,0.00012529098603408784,0.0005874490161659196,7.043904042802751e-05,0.0
32,296,gOMP,optimized,0.00046431299415417016,4.12989902542904e-05,8.376898767892271e-05,0.0001813220005715266,5.805403634440154e-05,0.0
32,297,gOMP,baseline,0.0012380410043988377,4.5033011701889336e-05,0.00012238799536135048,0.0005861459794687107,6.923200271558017e-05,0.0
32,297,gOMP,optimized,0.0004496420006034896,4.3082996853627264e-05,8.191302185878158e-05,0.00017161096911877394,5.4702002671547234e-05,0.0
32,298,gOMP,baseline,0.0014712590054841712,5.529999907594174e-05,0.0001423019712092355,0.0006961569742998108,9.640499774832278e-05,0.0
32,298,gOMP,optimized,0.00042219999886583537,3.88400221709162e-05,7.91649945313111e-05,0.00016434599820058793,5.120897549204528e-05,0.0
32,299,gOMP,baseline,0.001427233000868,5.4622956668026745e-05,0.000154058012412861,0.0006780310213798657,8.516001980751753e-05,0.0
32,299,gOMP,optimized,0.00048503399011678994,4.46150079369545e-05,9.214399324264377e-05,0.00018400799308437854,6.077000580262393e-05,0.0
36,0,gOMP,baseline,0.0014506720035569742,5.085401062387973e-05,0.00011338100011926144,0.0007194719946710393,7.675398956052959e-05,0.0
36,0,gOMP,optimized,0.0005958789988653734,5.1741008064709604e-05,0.00011631300731096417,0.00023660298029426485,7.77050299802795e-05,0.0
36,1,gOMP,baseline,0.0014400309883058071,5.227202200330794e-05,0.00011847696441691369,0.000704880992998369,7.35600187908858e-05,0.0
36,1,gOMP,optimized,0.0005346929974621162,4.6522996854037046e-05,0.00010661798296496272,0.00020316797599662095,6.837196997366846e-05,0.0
36,2,gOMP,baseline,0.0014489210007013753,5.174800753593445e-05,0.00011208598152734339,0.0007021399942459539,8.050299948081374e-05,0.0
36,2,gOMP,optimized,0.0005121569993207231,4.3240986997261643e-05,8.588706259615719e-05,0.00020362196664791554,6.124602805357426e-05,0.0
36,3,gOMP,baseline,0.0018824010039679706,6.579500040970743e-05,0.00020021398086100817,0.0009290819725720212,0.00010660501720849425,0.0
36,3,gOMP,optimized,0.0005180919979466125,4.61390009149909e-05,8.992201765067875e-05,0.00021103998005855829,6.245500117074698e-05,0.0
36,4,gOMP,baseline,0.001648160003242083,5.760797648690641e-05,0.0001487799599999562,0.0008134999952744693,9.54779825406149e-05,0.0
36,4,gOMP,optimized,0.0005146879993844777,4.372699186205864e-05,8.851999882608652e-05,0.00021222200302872807,6.273097824305296e-05,0.0
36,5,gOMP,baseline,0.00164801899518352,5.6509990827180445e-05,0.000125194012071006,0.0008470240136375651,9.320701065007597e-05,0.0
36,5,gOMP,optimized,0.0005525900050997734,4.5622975449077785e-05,9.43180057220161e-05,0.00022407200594898313,7.411598926410079e-05,0.0
36,6,gOMP,baseline,0.001674049999564886,5.7345969253219664e-05,0.0001442820212105289,0.0008296679880004376,0.00010752399975899607,0.0
36,6,gOMP,optimized,0.0005196119891479611,4.306600021664053e-05,8.555500244256109e-05,0.00022069504484534264,5.990797944832593e-05,0.0
36,7,gOMP,baseline,0.0018678389897104353,7.625302532687783e-05,0.00017825297254603356,0.0009091490064747632,0.00012178598262835294,0.0
36,7,gOMP,optimized,0.0006481449963757768,5.468196468427777e-05,0.00011025599087588489,0.0002841370296664536,7.30760075384751e-05,0.0
36,8,gOMP,baseline,0.0018308550061192364,7.024301157798618e-05,0.0001952010061359033,0.000842592038679868,0.00011865101987496018,0.0
36,8,gOMP,optimized,0.0008161860023392364,6.563396891579032e-05,0.0001374059938825667,0.00030373097979463637,0.00011746500968001783,0.0
36,9,gOMP,baseline,0.001882030992419459,8.015701314434409e-05,0.00016272997891064733,0.0008594829996582121,0.00011975302186328918,0.0
36,9,gOMP,optimized,0.0008762139914324507,0.00012021897418890148,0.00014242398901842535,0.0003276860516052693,0.00011626795458141714,0.0
36,10,gOMP,baseline,0.0017662080063018948,0.00014397599443327636,0.0001593720371602103,0.0008339780033566058,9.173598664347082e-05,0.0
36,10,gOMP,optimized,0.0005650529928971082,5.275297735352069e-05,0.00010203103011008352,0.0002129949862137437,8.117200923152268e-05,0.0
36,11,gOMP,baseline,0.0015175369917415082,5.317700561136007e-05,0.0001176770165329799,0.0007556580094387755,8.271804836113006e-05,0.0
36,11,gOMP,optimized,0.0004973379982402548,4.36859845649451e-05,8.597598935011774e-05,0.00019295900710858405,6.0218022554181516e-05,0.0
36,12,gOMP,baseline,0.0014940059918444604,5.234401032794267e-05,0.00012997898738831282,0.0007310399960260838,8.289502875413746e-05,0.0
36,12,gOMP,optimized,0.0005098780093248934,4.364803317002952e-05,8.83599859662354e-05,0.00019158402574248612,7.914799789432436e-05,0.0
36,13,gOMP,baseline,0.0015569619863526896,5.662196781486273e-05,0.00014288000238593668,0.0007473200239473954,9.247599518857896e-05,0.0
36,13,gOMP,optimized,0.0006469799991464242,5.549601337406784e-05,0.00011085605365224183,0.0002580390282673761,7.769999501761049e-05,0.0
36,14,gOMP,baseline,0.001572572989971377,5.2857008995488286e-05,0.00013670501357410103,0.0007648109458386898,8.81700252648443e-05,0.0
36,14,gOMP,optimized,0.0005388910067267716,4.796500434167683e-05,9.442598093301058e-05,0.0002146590268239379,7.059198105707765e-05,0.0
36,15,gOMP,baseline,0.0014555750094586983,5.530600901693106e-05,0.00011633403482846916,0.0006973130512051284,7.925796671770513e-05,0.0
36,15,gOMP,optimized,0.0005054469947936013,5.0606977310962975e-05,8.994000381790102e-05,0.0002004979905905202,5.951199273113161e-05,0.0
36,16,gOMP,baseline,0.0016973330057226121,5.908397724851966e-05,0.0001591289765201509,0.0008427369903074577,0.00010364399349782616,0.0
36,16,gOMP,optimized,0.0005041330005042255,4.5882974518463016e-05,8.695101132616401e-05,0.00019992199668195099,6.046802445780486e-05,0.0
36,17,gOMP,baseline,0.002133450994733721,8.30950157251209e-05,0.00017232399841304868,0.0008412970200879499,9.782402776181698e-05,0.0
36,17,gOMP,optimized,0.0005344219971448183,4.5773034798912704e-05,9.741399844642729e-05,0.00021582297631539404,6.457000563386828e-05,0.0
36,18,gOMP,baseline,0.0017418569914298132,6.241603114176542e-05,0.00015910800721030682,0.0008588459895690903,0.00011152600927744061,0.0
36,18,gOMP,optimized,0.0005594590038526803,4.694801464211196e-05,9.50490211835131e-05,0.00022634702327195555,7.206098234746605e-05,0.0
36,19,gOMP,baseline,0.0015429900086019188,7.252601790241897e-05,0.00013062501966487616,0.0007383650081465021,8.295000588987023e-05,0.0
36,19,gOMP,optimized,0.0005004609993193299,4.3979991460219026e-05,8.961900311987847e-05,0.00020144098380114883,6.268199649639428e-05,0.0
36,20,gOMP,baseline,0.001665418007178232,5.482400592882186e-05,0.0001555579947307706,0.0008323639922309667,9.751602192409337e-05,0.0
36,20,gOMP,optimized,0.0004892690049018711,4.1759005398489535e-05,8.184797479771078e-05,0.0001836970041040331,5.7492987252771854e-05,0.0
36,21,gOMP,baseline,0.0014974799996707588,5.12140104547143e-05,0.00012276701454538852,0.0007398559828288853,8.95180128281936e-05,0.0
36,21,gOMP,optimized,0.0005191719974391162,4.483800148591399e-05,9.013796807266772e-05,0.00019323499873280525,7.332302629947662e-05,0.0
36,22,gOMP,baseline,0.0014920620014891028,5.061904084868729e-05,0.00013142998795956373,0.0007271230133483186,8.22940346552059e-05,0.0
36,22,gOMP,optimized,0.0020114709914196283,0.00021907004702370614,0.0005866099963895977,0.0006765130092389882,0.0002212879917351529,0.0
36,23,gOMP,baseline,0.0014765119994990528,5.875100032426417e-05,0.00011933596397284418,0.000702670993632637,9.445202886126935e-05,0.0
36,23,gOMP,optimized,0.0004874989972449839,4.407095548231155e-05,8.584503666497767e-05,0.0001889940322143957,5.821100785396993e-05,0.0
36,24,gOMP,baseline,0.0023154100053943694,7.70039769122377e-05,0.000181634008185938,0.001225535015692003,0.0001584000128787011,0.0
36,24,gOMP,optimized,0.0006973660056246445,6.552501872647554e-05,0.0001351859827991575,0.0002722969657042995,8.288698154501617e-05,0.0
36,25,gOMP,baseline,0.0015696240006946027,5.554199742618948e-05,0.00014121299318503588,0.0007474709709640592,0.00010832898260559887,0.0
36,25,gOMP,optimized,0.0006096219876781106,5.551298090722412e-05,0.00011271297989878803,0.00023618001432623714,7.069999992381781e-05,0.0
36,26,gOMP,baseline,0.001985886992770247,7.697202090639621e-05,0.00020753699936904013,0.000870519012096338,0.00014451201423071325,0.0
36,26,gOMP,optimized,0.0005497310048667714,6.040101288817823e-05,9.78130119619891e-05,0.00021461598225869238,6.178900366649032e-05,0.0
36,27,gOMP,baseline,0.0015754960040794685,6.056498386897147e-05,0.00013361302262637764,0.0007364569901255891,8.729097316972911e-05,0.0
36,27,gOMP,optimized,0.0005359009956009686,4.594199708662927e-05,0.00010261102579534054,0.0001996520149987191,8.14520608400926e-05,0.0
36,28,gOMP,baseline,0.0016683349967934191,5.708797834813595e-05,0.00020939101523254067,0.0007929860148578882,8.650997187942266e-05,0.0
36,28,gOMP,optimized,0.0005537460092455149,4.492401785682887e-05,9.240899817086756e-05,0.0002324319793842733,6.657501216977835e-05,0.0
36,29,gOMP,baseline,0.0027411009941715747,9.179898188449442e-05,0.0003535099676810205,0.0011588949855649844,0.00016918797336984426,0.0
36,29,gOMP,optimized,0.00048270399565808475,4.3257998186163604e-05,8.527099271304905e-05,0.0001924440439324826,6.063996988814324e-05,0.0
36,30,gOMP,baseline,0.0014304780052043498,5.0175978685729206e-05,0.00012006399629171938,0.0007070050342008471,7.390901737380773e-05,0.0
36,30,gOMP,optimized,0.0005313650035532191,4.684500163421035e-05,9.175404557026923e-05,0.000214984014746733,6.858701817691326e-05,0.0
36,31,gOMP,baseline,0.0014575910026906058,4.983200051356107e-05,0.00012880601570941508,0.0007096689805621281,7.39849783712998e-05,0.0
36,31,gOMP,optimized,0.0005181029991945252,4.661499406211078e-05,9.558502642903477e-05,0.00019708600302692503,7.154799823183566e-05,0.0
36,32,gOMP,baseline,0.0014528820029227063,5.110896017868072e-05,0.00012228995910845697,0.0007079829956637695,7.664495205972344e-05,0.0
36,32,gOMP,optimized,0.0004808039957424626,4.448402614798397e-05,8.728304237592965e-05,0.00018747700960375369,5.699398752767593e-05,0.0
36,33,gOMP,baseline,0.0018746169953374192,7.47339945519343e-05,0.000184363016160205,0.0008095979865174741,0.00011026003630831838,0.0
36,33,gOMP,optimized,0.0005630109953926876,7.044702942948788e-05,9.755002974998206e-05,0.0002208960213465616,6.320401735138148e-05,0.0
36,34,gOMP,baseline,0.0015489929937757552,6.071198731660843e-05,0.0001397829910274595,0.0007458430191036314,8.774299931246787e-05,0.0
36,34,gOMP,optimized,0.0015352790069300681,9.655600297264755e-05,0.00024625704099889845,0.000813945967820473,0.00014361397188622504,0.0
36,35,gOMP,baseline,0.0015047390043037012,5.371599399950355e-05,0.0001286129845539108,0.00072032495518215,9.78239841060713e-05,0.0
36,35,gOMP,optimized,0.0006396289973054081,7.977498171385378e-05,0.00013059300545137376,0.00022474701108876616,7.024200749583542e-05,0.0
36,36,gOMP,baseline,0.0023633030068594962,9.778400999493897e-05,0.00018686299154069275,0.0010736700205598027,0.0002226069918833673,0.0
36,36,gOMP,optimized,0.0011735139996744692,8.501399133820087e-05,0.0002713129943003878,0.000354185001924634,0.00024767198192421347,0.0
36,37,gOMP,baseline,0.0015667139959987253,5.576600960921496e-05,0.00015655001334380358,0.0007507300178986043,8.084994624368846e-05,0.0
36,37,gOMP,optimized,0.0006099200109019876,5.089399928692728e-05,0.00011437200009822845,0.0002236969885416329,0.00010193200432695448,0.0
36,38,gOMP,baseline,0.0015078989963512868,5.6217992096208036e-05,0.00012135000724811107,0.0007364949851762503,8.357498154509813e-05,0.0
36,38,gOMP,optimized,0.0005319250049069524,4.4885018724016845e-05,9.067401697393507e-05,0.00021732003369834274,6.11849973211065e-05,0.0
36,39,gOMP,baseline,0.0018039949936792254,6.379897240549326e-05,0.00015733001055195928,0.0008441100071649998,0.00011741099297069013,0.0
36,39,gOMP,optimized,0.0006851539947092533,5.993597733322531e-05,0.00013241503620520234,0.00026124999567400664,7.381298928521574e-05,0.0
36,40,gOMP,baseline,0.0017520020046504214,7.137907959986478e-05,0.00016888699610717595,0.0008311199635500088,0.00010525398829486221,0.0
36,40,gOMP,optimized,0.0005089219921501353,4.4568980229087174e-05,9.285402484238148e-05,0.00020095601212233305,6.119896715972573e-05,0.0
36,41,gOMP,baseline,0.0018658320041140541,6.660996587015688e-05,0.0001677710097283125,0.0009238369966624305,0.00011791597353294492,0.0
36,41,gOMP,optimized,0.00047482599620707333,4.4195985537953675e-05,8.523404540028423e-05,0.00018549998640082777,5.583302117884159e-05,0.0
36,42,gOMP,baseline,0.0016641029942547902,7.319402357097715e-05,0.00016117301129270345,0.0007777309947414324,0.0001146629947470501,0.0
36,42,gOMP,optimized,0.0004936689947498962,4.344098852016032e-05,8.94109980436042e-05,0.0001968440046766773,5.848000000696629e-05,0.0
36,43,gOMP,baseline,0.0014308210083981976,5.136599065735936e-05,0.00012288599100429565,0.000696658986271359,7.36339861759916e-05,0.0
36,43,gOMP,optimized,0.0005691519909305498,4.703298327513039e-05,0.00010804100020322949,0.000221956055611372,7.15429923729971e-05,0.0
36,44,gOMP,baseline,0.0015560759929940104,5.7407989515922964e-05,0.00013275300443638116,0.0007518820202676579,8.213297405745834e-05,0.0
36,44,gOMP,optimized,0.00047544200788252056,4.680703568737954e-05,8.419599907938391e-05,0.00018455198733136058,5.776499165222049e-05,0.0
36,45,gOMP,baseline,0.0016602359974058345,6.23620580881834e-05,0.00013960701471660286,0.0007843079656595364,9.793501521926373e-05,0.0
36,45,gOMP,optimized,0.000469737991807051,4.3544001528061926e-05,8.432399772573262e-05,0.00018600501061882824,5.712700658477843e-05,0.0
36,46,gOMP,baseline,0.0016371370002161711,6.840498826932162e-05,0.00015125100617296994,0.0007959079812280834,8.954700024332851e-05,0.0
36,46,gOMP,optimized,0.0005488680035341531,4.722697485703975e-05,0.00010158399527426809,0.0002166610211133957,6.575000588782132e-05,0.0
36,47,gOMP,baseline,0.0016273159999400377,5.967401375528425e-05,0.00016023802163545042,0.0007751099910819903,9.613398287910968e-05,0.0
36,47,gOMP,optimized,0.000507641991134733,4.4114000047557056e-05,8.607197378296405e-05,0.00019161400268785655,5.66320086363703e-05,0.0
36,48,gOMP,baseline,0.00151715699757915,5.528403562493622e-05,0.00012145802611485124,0.0007401579932775348,8.729398541618139e-05,0.0
36,48,gOMP,optimized,0.0008375670004170388,6.817502435296774e-05,0.00018007803009822965,0.0003493529948173091,0.00010576001659501344,0.0
36,49,gOMP,baseline,0.0016241810080828145,6.06480025453493e-05,0.0001490809809183702,0.0007678419933654368,9.828900510910898e-05,0.0
36,49,gOMP,optimized,0.0006162650097394362,5.648499063681811e-05,0.00011512298078741878,0.00024329201551154256,6.975499854888767e-05,0.0
36,50,gOMP,baseline,0.002004879992455244,0.00011165201431140304,0.00020075500651728362,0.000890552022610791,0.00016112402954604477,0.0
36,50,gOMP,optimized,0.0008040870015975088,6.146902160253376e-05,0.0001349660160485655,0.00034746003802865744,0.00011213598190806806,0.0
36,51,gOMP,baseline,0.0014712219999637455,5.483799031935632e-05,0.00012098798470105976,0.0007224419969134033,8.486497972626239e-05,0.0
36,51,gOMP,optimized,0.0007899960037320852,5.4424002883024514e-05,0.0002534980303607881,0.0002646530047059059,7.821701001375914e-05,0.0
36,52,gOMP,baseline,0.001576499009388499,6.070199015084654e-05,0.0001339450100203976,0.0007456990133505315,9.59430035436526e-05,0.0
36,52,gOMP,optimized,0.000506169002619572,4.602799890562892e-05,8.959099068306386e-05,0.00020596300601027906,5.9672005590982735e-05,0.0
36,53,gOMP,baseline,0.0015409939951496199,5.3050986025482416e-05,0.00014167498738970608,0.0007522780069848523,9.174401930067688e-05,0.0
36,53,gOMP,optimized,0.0004759869916597381,4.355602141004056e-05,8.786399848759174e-05,0.00018774101044982672,5.697397864423692e-05,0.0
36,54,gOMP,baseline,0.0014747859968338162,5.0982023822143674e-05,0.00011817204358521849,0.0007380279712378979,7.932701555546373e-05,0.0
36,54,gOMP,optimized,0.0006018550047883764,4.563301627058536e-05,0.0001020479976432398,0.00027610403776634485,6.922901957295835e-05,0.0
36,55,gOMP,baseline,0.001499809994129464,5.351402796804905e-05,0.0001352329709334299,0.000724051016732119,7.640304102096707e-05,0.0
36,55,gOMP,optimized,0.0006098009907873347,6.196298636496067e-05,0.00013076399045530707,0.00021801600814796984,6.738399679306895e-05,0.0
36,56,gOMP,baseline,0.0015128590021049604,5.005401908420026e-05,0.00012889204663224518,0.0007618049858137965,7.867698150221258e-05,0.0
36,56,gOMP,optimized,0.0005533119983738288,4.775598063133657e-05,0.00010045098315458745,0.0002253110142191872,6.785996083635837e-05,0.0
36,57,gOMP,baseline,0.0016134890029206872,5.746399983763695e-05,0.00018364700372330844,0.0007746110059088096,8.865699055604637e-05,0.0
36,57,gOMP,optimized,0.0004806219949387014,4.451797576621175e-05,8.327403338626027e-05,0.00019259097462054342,5.899602547287941e-05,0.0
36,58,gOMP,baseline,0.0015329120069509372,5.459599196910858e-05,0.00012643399531953037,0.0007535150070907548,9.24290216062218e-05,0.0
36,58,gOMP,optimized,0.0005354250024538487,4.583000554703176e-05,8.9769993792288e-05,0.00022152502788230777,6.0883990954607725e-05,0.0
36,59,gOMP,baseline,0.0020530030014924705,0.00011236396676395088,0.0002256929874420166,0.0009116810106206685,0.00011343597725499421,0.0
36,59,gOMP,optimized,0.0008876539941411465,7.029503467492759e-05,0.00021886199829168618,0.00032338700839318335,9.507700451649725e-05,0.0
36,60,gOMP,baseline,0.0016927349934121594,6.462498276960105e-05,0.000155138986883685,0.0008152800000971183,0.00010499803465791047,0.0
36,60,gOMP,optimized,0.0005861009994987398,5.356399924494326e-05,0.00010176099021919072,0.00023700199380982667,7.368401566054672e-05,0.0
36,61,gOMP,baseline,0.0016161259991349652,5.445595888886601e-05,0.00013816897990182042,0.000779070018325001,0.00011032399197574705,0.0
36,61,gOMP,optimized,0.0005116519896546379,4.614697536453605e-05,9.007602056954056e-05,0.00020515298820100725,6.174504233058542e-05,0.0
36,62,gOMP,baseline,0.0015001809952082112,5.1920986152254045e-05,0.00012167899694759399,0.0007483590015908703,7.665097655262798e-05,0.0
36,62,gOMP,optimized,0.0005479969986481592,4.71829844173044e-05,9.31889662751928e-05,0.0002282250061398372,6.689300062134862e-05,0.0
36,63,gOMP,baseline,0.001488295994931832,5.616500857286155e-05,0.0001280559808947146,0.0007214400102384388,8.262202027253807e-05,0.0
36,63,gOMP,optimized,0.0005280300101730973,4.849702236242592e-05,9.390502236783504e-05,0.00020517293887678534,6.364101136568934e-05,0.0
36,64,gOMP,baseline,0.0018031600047834218,8.2054000813514e-05,0.00018018402624875307,0.0008574420207878575,0.00012685298861470073,0.0
36,64,gOMP,optimized,0.0006659380014752969,6.056697748135775e-05,0.00011447595898061991,0.00023527001030743122,9.552002302370965e-05,0.0
36,65,gOMP,baseline,0.001949394994881004,7.687599281780422e-05,0.00017410499276593328,0.0008754840673645958,0.0002190979867009446,0.0
36,65,gOMP,optimized,0.0006159240001579747,6.715998461004347e-05,0.00010643198038451374,0.0002394250186625868,7.61949922889471e-05,0.0
36,66,gOMP,baseline,0.0015574169956380501,5.943799624219537e-05,0.0001248640037374571,0.0007459989719791338,9.16229619178921e-05,0.0
36,66,gOMP,optimized,0.0005144299939274788,4.4625005102716386e-05,9.084102930501103e-05,0.0002073170180665329,6.12809817539528e-05,0.0
36,67,gOMP,baseline,0.0015415540110552683,5.61330234631896e-05,0.0001518799690529704,0.0007153940241551027,7.920099596958607e-05,0.0
36,67,gOMP,optimized,0.0005338959890650585,4.7099965740926564e-05,9.255604527425021e-05,0.00021949197980575264,6.403002771548927e-05,0.0
36,68,gOMP,baseline,0.002017037011682987,7.682098657824099e-05,0.00017571896023582667,0.0008957530080806464,0.0001662790309637785,0.0
36,68,gOMP,optimized,0.0008439840021310374,0.00011088298924732953,0.00014285300858318806,0.0003107069933321327,0.00010164898412767798,0.0
36,69,gOMP,baseline,0.0016232120105996728,5.8518999139778316e-05,0.00015996501315385103,0.0007813909469405189,9.931800013873726e-05,0.0
36,69,gOMP,optimized,0.000640383004792966,8.111205534078181e-05,0.00010633899364620447,0.00024212001881096512,7.587802247144282e-05,0.0
36,70,gOMP,baseline,0.002104060011333786,9.747598960530013e-05,0.00021701499645132571,0.0009544360073050484,0.00015131397231016308,0.0
36,70,gOMP,optimized,0.000537967003765516,4.695197276305407e-05,8.880801033228636e-05,0.00022370700025931,6.894100806675851e-05,0.0
36,71,gOMP,baseline,0.0014850250008748844,5.2849005442112684e-05,0.00013335200492292643,0.0007146529969759285,8.07719916338101e-05,0.0
36,71,gOMP,optimized,0.0004933340096613392,4.556200292427093e-05,9.01090243132785e-05,0.0001865339872892946,5.840402445755899e-05,0.0
36,72,gOMP,baseline,0.0017895950004458427,5.935598164796829e-05,0.0001705850154394284,0.000907107038074173,0.00011202097812201828,0.0
36,72,gOMP,optimized,0.0004970470035914332,4.5447974116541445e-05,9.198703628499061e-05,0.00019431997498031706,5.80800260649994e-05,0.0
36,73,gOMP,baseline,0.002088870998704806,8.314098522532731e-05,0.0002214619453297928,0.0010239810071652755,0.00012109799718018621,0.0
36,73,gOMP,optimized,0.0005189060029806569,4.4828979298472404e-05,0.00010911397112067789,0.00019820494344457984,6.13300217082724e-05,0.0
36,74,gOMP,baseline,0.0016589930019108579,6.06980174779892e-05,0.00020592196960933506,0.0007610609754920006,9.46440122788772e-05,0.0
36,74,gOMP,optimized,0.000487486002384685,4.509800055529922e-05,8.42560111777857e-05,0.0001922380324685946,5.836196942254901e-05,0.0
36,75,gOMP,baseline,0.0017767950048437342,7.245701272040606e-05,0.00016290000348817557,0.0007878969918237999,0.0001126080023823306,0.0
36,75,gOMP,optimized,0.0009558920137351379,7.564699626527727e-05,0.0002237719891127199,0.00036988998181186616,9.152102575171739e-05,0.0
36,76,gOMP,baseline,0.0020120789995417,8.25930037535727e-05,0.00022663998242933303,0.000889389993972145,0.0001231900096172467,0.0
36,76,gOMP,optimized,0.0006016389961587265,5.980998685117811e-05,0.00010643797577358782,0.00022864002676215023,7.687399920541793e-05,0.0
36,77,gOMP,baseline,0.0014935170038370416,5.359099304769188e-05,0.00013837900769431144,0.0007159379892982543,8.049700409173965e-05,0.0
36,77,gOMP,optimized,0.00046652500168420374,4.372300463728607e-05,8.342901128344238e-05,0.00018121901666745543,5.6382050388492644e-05,0.0
36,78,gOMP,baseline,0.0014365910028573126,5.0883012590929866e-05,0.00012059102300554514,0.0007056080357870087,8.055701619014144e-05,0.0
36,78,gOMP,optimized,0.00046630499127786607,4.2064013541676104e-05,8.235198038164526e-05,0.0001806579966796562,5.6523989769630134e-05,0.0
36,79,gOMP,baseline,0.00138907200016547,4.88439982291311e-05,0.00011235596321057528,0.0006943220214452595,7.160699169617146e-05,0.0
36,79,gOMP,optimized,0.000609783994150348,4.4719010475091636e-05,0.00011379897478036582,0.0002664279891178012,7.433997234329581e-05,0.0
36,80,gOMP,baseline,0.0016618899971945211,6.347404269035906e-05,0.00014458798978012055,0.0008246650104410946,9.733899787534028e-05,0.0
36,80,gOMP,optimized,0.0005577080009970814,4.719299613498151e-05,9.645901445765048e-05,0.00022899899340700358,6.770998879801482e-05,0.0
36,81,gOMP,baseline,0.002255824991152622,5.755298479925841e-05,0.0001479410275351256,0.0013238760002423078,0.00012683503155130893,0.0
36,81,gOMP,optimized,0.0006041340093361214,5.3938027122057974e-05,0.00010402902262285352,0.00022914902365300804,8.071203774306923e-05,0.0
36,82,gOMP,baseline,0.0021399539982667193,8.924702706281096e-05,0.00029478102806024253,0.0009341999975731596,0.00014775602903682739,0.0
36,82,gOMP,optimized,0.0006239409995032474,5.924099241383374e-05,0.0001110749872168526,0.00023167698236647993,9.582399798091501e-05,0.0
36,83,gOMP,baseline,0.0016916150052566081,5.99550548940897e-05,0.0001443909713998437,0.0008131270005833358,0.0001168919843621552,0.0
36,83,gOMP,optimized,0.0007100759976310655,4.92799881612882e-05,0.00010164601553697139,0.0002336999459657818,6.449205102398992e-05,0.0
36,84,gOMP,baseline,0.0020805800013476983,0.00011068599997088313,0.00025804499455261976,0.0008972290088422596,0.00014964905858505517,0.0
36,84,gOMP,optimized,0.0006554159917868674,0.0001412810233887285,9.880101424641907e-05,0.0002229450474260375,6.480603769887239e-05,0.0
36,85,gOMP,baseline,0.0015806540031917393,5.497995880432427e-05,0.00012721998791676015,0.0007567830034531653,8.271598198916763e-05,0.0
36,85,gOMP,optimized,0.0005466650036396459,4.9475987907499075e-05,9.97560127871111e-05,0.0002150850195903331,6.593299622181803e-05,0.0
36,86,gOMP,baseline,0.0015712820022599772,5.748601688537747e-05,0.00012999399041291326,0.0007675190136069432,9.499500447418541e-05,0.0
36,86,gOMP,optimized,0.0006093640113249421,5.9489975683391094e-05,0.00010331702651455998,0.00023150599736254662,8.503696881234646e-05,0.0
36,87,gOMP,baseline,0.001589831997989677,5.3298004786483943e-05,0.00012491102097555995,0.00080744999286253,9.441805013921112e-05,0.0
36,87,gOMP,optimized,0.000522779009770602,4.4965025153942406e-05,8.487100421916693e-05,0.00019069398695137352,6.038097490090877e-05,0.0
36,88,gOMP,baseline,0.0019245059957029298,7.732199446763843e-05,0.00017855998885352165,0.0009003880113596097,0.0001322530151810497,0.0
36,88,gOMP,optimized,0.0017831400036811829,0.00011510697368066758,0.0003521799953887239,0.0009699430083855987,0.00014710301184095442,0.0
36,89,gOMP,baseline,0.001534761002403684,5.4463991546072066e-05,0.0001301970041822642,0.0007476629980374128,8.272097329609096e-05,0.0
36,89,gOMP,optimized,0.0005591259978245944,5.123300070408732e-05,0.00010018200555350631,0.00021279201610013843,7.570597517769784e-05,0.0
36,90,gOMP,baseline,0.0016365999908884987,5.485699512064457e-05,0.00016554199100937694,0.0007862979982746765,9.338799281977117e-05,0.0
36,90,gOMP,optimized,0.0004894229932688177,4.4617991079576313e-05,8.80919978953898e-05,0.000190788006875664,6.048202340025455e-05,0.0
36,91,gOMP,baseline,0.0016319230053341016,5.334400339052081e-05,0.00013357902935240418,0.0007884280057623982,8.303900540340692e-05,0.0
36,91,gOMP,optimized,0.0005930720071773976,5.1435999921523035e-05,0.00011112799984402955,0.0002347009867662564,6.653899617958814e-05,0.0
36,92,gOMP,baseline,0.0029872019949834794,0.00011368402920197695,0.00028202301473356783,0.0014657440187875181,0.00025569899298716336,0.0
36,92,gOMP,optimized,0.0005911150074098259,5.899497773498297e-05,0.00010930397547781467,0.0002315460005775094,7.07760191289708e-05,0.0
36,93,gOMP,baseline,0.00194473699957598,7.048898260109127e-05,0.00016700004925951362,0.0008498780080117285,0.00018961098976433277,0.0
36,93,gOMP,optimized,0.0004983500111848116,4.5299006160348654e-05,9.084802877623588e-05,0.0001983989932341501,6.121500337030739e-05,0.0
36,94,gOMP,baseline,0.0019369969959370792,8.903098932933062e-05,0.00018269704014528543,0.0009286349959438667,0.00013398303417488933,0.0
36,94,gOMP,optimized,0.0005667109944624826,4.816202272195369e-05,9.145299554802477e-05,0.00022159700165502727,6.17860205238685e-05,0.0
36,95,gOMP,baseline,0.0021954230032861233,0.00011593798990361392,0.00022142699162941426,0.000966796011198312,0.00017641800513956696,0.0
36,95,gOMP,optimized,0.0006376029923558235,6.719998782500625e-05,0.00010936798935290426,0.00023452902678400278,6.917597784195095e-05,0.0
36,96,gOMP,baseline,0.00203731500369031,6.768996536266059e-05,0.00015649198030587286,0.0010116059856954962,0.0001678540138527751,0.0
36,96,gOMP,optimized,0.0006601409986615181,5.9600002714432776e-05,0.00012721901293843985,0.0002605410263640806,7.978599751368165e-05,0.0
36,97,gOMP,baseline,0.002114260001690127,8.521100971847773e-05,0.0002209190424764529,0.0009236509795300663,0.00012919997971039265,0.0
36,97,gOMP,optimized,0.0006687879940727726,5.874699854757637e-05,0.00011399296636227518,0.00029741298931185156,7.24480050848797e-05,0.0
36,98,gOMP,baseline,0.0018367879965808243,6.284598202910274e-05,0.0001679319830145687,0.0008828219870338216,0.00011361001816112548,0.0
36,98,gOMP,optimized,0.0005350279971025884,4.697803524322808e-05,9.369100735057145e-05,0.00020624401804525405,7.794499106239527e-05,0.0
36,99,gOMP,baseline,0.001529211993329227,5.635297566186637e-05,0.000133416018798016,0.0007494840101571754,8.28520132927224e-05,0.0
36,99,gOMP,optimized,0.0006462269957410172,5.991297075524926e-05,0.00011005194392055273,0.00024026101164054126,8.589196659158915e-05,0.0
36,100,gOMP,baseline,0.001659505011048168,5.889499152544886e-05,0.0001411319972248748,0.0008141709986375645,9.128400415647775e-05,0.0
36,100,gOMP,optimized,0.0005676930013578385,5.943198630120605e-05,9.938697621691972e-05,0.00023225799668580294,6.647099507972598e-05,0.0
36,101,gOMP,baseline,0.001489327012677677,5.2686998969875276e-05,0.00011682798503898084,0.0007403910130960867,7.801601896062493e-05,0.0
36,101,gOMP,optimized,0.0005248879897408187,4.6223009121604264e-05,9.382197458762676e-05,0.0002100329875247553,6.559201574418694e-05,0.0
36,102,gOMP,baseline,0.0016511639987584203,5.758301995228976e-05,0.00015815399819985032,0.0008109899936243892,9.166498784907162e-05,0.0
36,102,gOMP,optimized,0.0005844980041729286,4.8121000872924924e-05,0.00010695896344259381,0.00024602100893389434,6.991502596065402e-05,0.0
36,103,gOMP,baseline,0.0018619390029925853,7.222199928946793e-05,0.00017960295372176915,0.0008595819817855954,0.00012930801312904805,0.0
36,103,gOMP,optimized,0.0006086740031605586,5.455201608128846e-05,0.00010797299910336733,0.00024636898888275027,6.720096280332655e-05,0.0
36,104,gOMP,baseline,0.0016528159903828055,6.043698522262275e-05,0.000144040968734771,0.0007989619916770607,9.961698378901929e-05,0.0
36,104,gOMP,optimized,0.0005688810051651672,5.362600495573133e-05,0.00010015397856477648,0.0002228989906143397,6.367301102727652e-05,0.0
36,105,gOMP,baseline,0.001834017995861359,9.231999865733087e-05,0.0001670840138103813,0.0008596870029577985,0.0001226070016855374,0.0
36,105,gOMP,optimized,0.0005634870030917227,5.062598211225122e-05,0.00010650500189512968,0.00022880300821270794,6.647098052781075e-05,0.0
36,106,gOMP,baseline,0.0020789139962289482,0.00010879998444579542,0.0001822129706852138,0.0009672360029071569,0.0001740380103001371,0.0
36,106,gOMP,optimized,0.0008196770068025216,5.823301034979522e-05,0.0001479149650549516,0.0003611639840528369,0.00010422999912407249,0.0
36,107,gOMP,baseline,0.002070592003292404,7.393299893010408e-05,0.00019492798310238868,0.0009494380065007135,0.00015281600644811988,0.0
36,107,gOMP,optimized,0.0005349800048861653,4.5146982301957905e-05,9.234801109414548e-05,0.00020001200027763844,7.927803380880505e-05,0.0
36,108,gOMP,baseline,0.0022695439984090626,6.473202665802091e-05,0.0001895930035971105,0.0010920159838860855,0.00021869699412491173,0.0
36,108,gOMP,optimized,0.000595695004449226,4.955097392667085e-05,0.00010862798080779612,0.0002566540351836011,6.365901208482683e-05,0.0
36,109,gOMP,baseline,0.001496055003372021,5.557300755754113e-05,0.0001200749829877168,0.0007291859947144985,7.92010105215013e-05,0.0
36,109,gOMP,optimized,0.000518272994668223,4.7711015213280916e-05,8.923698624130338e-05,0.00020541701815091074,6.479599687736481e-05,0.0
36,110,gOMP,baseline,0.0015709829895058647,5.440799577627331e-05,0.00013697099348064512,0.0007493499724660069,9.880799916572869e-05,0.0
36,110,gOMP,optimized,0.0009091000101761892,6.57350174151361e-05,0.00014834696776233613,0.0003647869743872434,0.00011739403998944908,0.0
36,111,gOMP,baseline,0.0015159409958869219,6.708400906063616e-05,0.00012315399362705648,0.0007417879824060947,8.384103421121836e-05,0.0
36,111,gOMP,optimized,0.0005519300029845908,4.8579953727312386e-05,9.812800271902233e-05,0.00021214997104834765,8.15630191937089e-05,0.0
36,112,gOMP,baseline,0.0016754020034568384,6.706899148412049e-05,0.00013935701281297952,0.0007872239657444879,0.00011218200961593539,0.0
36,112,gOMP,optimized,0.00047674900270067155,4.278001142665744e-05,8.489502943120897e-05,0.00018744298722594976,5.7177006965503097e-05,0.0
36,113,gOMP,baseline,0.0018662320071598515,7.184599235188216e-05,0.00024108000798150897,0.0008458490046905354,0.00010671099880710244,0.0
36,113,gOMP,optimized,0.0005883200064999983,4.9600028432905674e-05,0.00010238302638754249,0.00025342899607494473,6.894799298606813e-05,0.0
36,114,gOMP,baseline,0.0015341980033554137,5.371299630496651e-05,0.00013583597319666296,0.0007467289688065648,7.806500070728362e-05,0.0
36,114,gOMP,optimized,0.0005156970000825822,4.407601954881102e-05,8.72600357979536e-05,0.00021410497720353305,6.161301280371845e-05,0.0
36,115,gOMP,baseline,0.001847414008807391,6.447397754527628e-05,0.0001626020239200443,0.000887524030986242,0.00012347604206297547,0.0
36,115,gOMP,optimized,0.0006538059969898313,5.0860020564869046e-05,0.00010760797886177897,0.00022874398564454168,7.486400136258453e-05,0.0
36,116,gOMP,baseline,0.001586029989994131,5.6070013670250773e-05,0.00013409799430519342,0.0007674470252823085,0.00010162901889998466,0.0
36,116,gOMP,optimized,0.0007024079968687147,7.566697604488581e-05,0.00011485599679872394,0.000299556995742023,7.79289985075593e-05,0.0
36,117,gOMP,baseline,0.0016956000035861507,6.291200406849384e-05,0.0001526080013718456,0.0008203140023397282,0.00011538199032656848,0.0
36,117,gOMP,optimized,0.0005032370099797845,4.736198752652854e-05,9.076100832317024e-05,0.00020052901527378708,5.974300438538194e-05,0.0
36,118,gOMP,baseline,0.0017251879908144474,5.361602234188467e-05,0.00016302900621667504,0.000854530037031509,0.00010748695058282465,0.0
36,118,gOMP,optimized,0.0004959380021318793,4.486502439249307e-05,8.727701788302511e-05,0.00019448301463853568,5.823999526910484e-05,0.0
36,119,gOMP,baseline,0.0016632250044494867,5.746397073380649e-05,0.00013467897952068597,0.0008029389864532277,8.440301462542266e-05,0.0
36,119,gOMP,optimized,0.0007177410006988794,5.6984994444064796e-05,0.00014567298057954758,0.0002619800070533529,8.139497367665172e-05,0.0
36,120,gOMP,baseline,0.001567327999509871,6.316699727904052e-05,0.00013606699940282851,0.0007688899931963533,8.758503827266395e-05,0.0
36,120,gOMP,optimized,0.0005075349909020588,4.533202445600182e-05,9.247103298548609e-05,0.0001936999906320125,5.912699270993471e-05,0.0
36,121,gOMP,baseline,0.0014992210053605959,5.3670970373786986e-05,0.00012772399350069463,0.0007323160098167136,7.879702025093138e-05,0.0
36,121,gOMP,optimized,0.000522236994584091,4.59549919469282e-05,9.536801371723413e-05,0.00019459699979051948,5.941702693235129e-05,0.0
36,122,gOMP,baseline,0.0018073889950755984,6.902101449668407e-05,0.0001523589889984578,0.0008449030283372849,0.00011611901572905481,0.0
36,122,gOMP,optimized,0.0005383599927881733,4.539197834674269e-05,0.00010938398190774024,0.00020735101134050637,6.332398334052414e-05,0.0
36,123,gOMP,baseline,0.0018366139993304387,6.636997568421066e-05,0.00014973599172662944,0.0009153230203082785,0.0001146589929703623,0.0
36,123,gOMP,optimized,0.00056819299061317,4.9628011765889823e-05,0.00010692300566006452,0.0002179659641114995,6.722898979205638e-05,0.0
36,124,gOMP,baseline,0.001798320998204872,6.13590091234073e-05,0.0001656020467635244,0.0008652830438222736,9.750299795996398e-05,0.0
36,124,gOMP,optimized,0.0007294810056919232,6.704297265969217e-05,0.00013018901518080384,0.00025653402553871274,8.266499207820743e-05,0.0
36,125,gOMP,baseline,0.0015869060007389635,6.451699300669134e-05,0.0001410000113537535,0.0007503660017391667,8.609099313616753e-05,0.0
36,125,gOMP,optimized,0.0008328960102517158,0.00017515798390377313,0.0001469449925934896,0.0002802250091917813,7.979900692589581e-05,0.0
36,126,gOMP,baseline,0.0014329950063256547,5.139400309417397e-05,0.00011273898417130113,0.0007024209917290136,7.578700024168938e-05,0.0
36,126,gOMP,optimized,0.0005187279894016683,4.4110973249189556e-05,9.44340426940471e-05,0.0001904529781313613,5.90859999647364e-05,0.0
36,127,gOMP,baseline,0.0017467490106355399,7.137596549000591e-05,0.00016400600725319237,0.000839208994875662,0.00010568703874014318,0.0
36,127,gOMP,optimized,0.0008013530023163185,5.42330089956522e-05,0.00011272900155745447,0.00024780498642940074,9.949896775651723e-05,0.0
36,128,gOMP,baseline,0.0018599080067360774,7.63870048103854e-05,0.00018503698811400682,0.000878460006788373,0.0001270889479201287,0.0
36,128,gOMP,optimized,0.0005054470093455166,4.408102540764958e-05,8.617201820015907e-05,0.0002077799872495234,5.8824007282964885e-05,0.0
36,129,gOMP,baseline,0.0015031140064820647,5.316399619914591e-05,0.00012937902647536248,0.0007297600241145119,7.826999353710562e-05,0.0
36,129,gOMP,optimized,0.0005308980034897104,4.7581022954545915e-05,0.0001048740086844191,0.00020451104501262307,6.258899520616978e-05,0.0
36,130,gOMP,baseline,0.0017597900005057454,6.192101864144206e-05,0.0001657629618421197,0.0008392489835387096,0.00011207300121895969,0.0
36,130,gOMP,optimized,0.0005292129935696721,4.6492990804836154e-05,9.232699812855572e-05,0.00021830399055033922,6.0568025219254196e-05,0.0
36,131,gOMP,baseline,0.0016722459986340255,7.121497765183449e-05,0.00013834901619702578,0.0008052139746723697,9.113700070884079e-05,0.0
36,131,gOMP,optimized,0.0005593239911831915,5.6967008276842535e-05,0.00010141001257579774,0.00022296399401966482,6.538897287100554e-05,0.0
36,132,gOMP,baseline,0.0015118750015972182,5.202599277254194e-05,0.00012332691403571516,0.0007453419821104035,9.403302101418376e-05,0.0
36,132,gOMP,optimized,0.000590469004237093,6.185199890751392e-05,9.821300045587122e-05,0.00023985396546777338,7.642303535249084e-05,0.0
36,133,gOMP,baseline,0.0018304779950994998,5.8537989389151335e-05,0.0001449799892725423,0.0009626829705666751,0.00010467997344676405,0.0
36,133,gOMP,optimized,0.0005548680055653676,6.418600969482213e-05,0.00010021500929724425,0.00020717800362035632,6.317798397503793e-05,0.0
36,134,gOMP,baseline,0.001516970994998701,5.368601705413312e-05,0.0001191459596157074,0.0007497589831473306,8.24269955046475e-05,0.0
36,134,gOMP,optimized,0.0009854630043264478,4.9304013373330235e-05,0.00042850505269598216,0.00030292602605186403,7.895399176049978e-05,0.0
36,135,gOMP,baseline,0.0016724360029911622,5.8664969401434064e-05,0.00013751402730122209,0.000771738967159763,9.309199231211096e-05,0.0
36,135,gOMP,optimized,0.0005753670120611787,5.110599158797413e-05,9.93070425465703e-05,0.00022589102445635945,7.613301568198949e-05,0.0
36,136,gOMP,baseline,0.001539362987386994,5.292800778988749e-05,0.00013208805467002094,0.0007652900239918381,7.983499381225556e-05,0.0
36,136,gOMP,optimized,0.0005402349925134331,4.5943030272610486e-05,0.00010969702270813286,0.00020192096417304128,6.137600576039404e-05,0.0
36,137,gOMP,baseline,0.002019333012867719,7.969104626681656e-05,0.00020056399807799608,0.0009065280319191515,0.00013278400001581758,0.0
36,137,gOMP,optimized,0.0005396640044637024,4.742601595353335e-05,9.577200398780406e-05,0.0002152480010408908,6.435002433136106e-05,0.0
36,138,gOMP,baseline,0.0016713779914425686,5.507902824319899e-05,0.00013691400818061084,0.0008316459861816838,9.151098493020982e-05,0.0
36,138,gOMP,optimized,0.0011253429984208196,8.905903086997569e-05,0.00019038400205317885,0.0005472769698826596,0.00011805094254668802,0.0
36,139,gOMP,baseline,0.0026484760019229725,8.30000062705949e-05,0.00038858801417518407,0.001274448019103147,0.00014508100866805762,0.0
36,139,gOMP,optimized,0.0006653150048805401,5.3916985052637756e-05,0.00012544398487079889,0.00024753397156018764,6.94669724907726e-05,0.0
36,140,gOMP,baseline,0.0016178940131794661,5.889001477044076e-05,0.00013834401033818722,0.000783999013947323,9.530999523121864e-05,0.0
36,140,gOMP,optimized,0.0005067809979664162,4.795101995114237e-05,9.230502473656088e-05,0.0001966840063687414,6.23829837422818e-05,0.0
36,141,gOMP,baseline,0.0019605370034696534,9.638303890824318e-05,0.00020158202096354216,0.0009218669729307294,0.00011514998914208263,0.0
36,141,gOMP,optimized,0.0005104020092403516,4.767300561070442e-05,8.90469818841666e-05,0.00020174299424979836,5.891600449103862e-05,0.0
36,142,gOMP,baseline,0.0016870859981281683,5.671000690199435e-05,0.00013025900989305228,0.000806431969976984,0.00010731600923463702,0.0
36,142,gOMP,optimized,0.0005145640025148168,4.5805980334989727e-05,8.991600770968944e-05,0.00020735098223667592,6.456700793933123e-05,0.0
36,143,gOMP,baseline,0.0018204610096290708,6.496597779914737e-05,0.00014110800111666322,0.0008894299971871078,0.00011948897736147046,0.0
36,143,gOMP,optimized,0.0005606399936368689,4.6438988647423685e-05,0.0001152979675680399,0.0002219829912064597,6.596198363695294e-05,0.0
36,144,gOMP,baseline,0.0015993690030882135,5.37399755557999e-05,0.00014451402239501476,0.0008101200073724613,8.36240069475025e-05,0.0
36,144,gOMP,optimized,0.0004974499897798523,4.476800677366555e-05,9.023495658766478e-05,0.000195644999621436,5.829300789628178e-05,0.0
36,145,gOMP,baseline,0.0021570219978457317,9.604799561202526e-05,0.0001717169798212126,0.0009041710145538673,0.00012156899902038276,0.0
36,145,gOMP,optimized,0.0007326180057134479,6.50520232738927e-05,0.000134046989842318,0.00028219599334988743,9.060297452379018e-05,0.0
36,146,gOMP,baseline,0.0018934409890789539,8.171498484443873e-05,0.00016529300773981959,0.0009572109847795218,0.00011609702778514475,0.0
36,146,gOMP,optimized,0.0005679670139215887,4.953397728968412e-05,0.00010129397560376674,0.00023261600290425122,6.891900557093322e-05,0.0
36,147,gOMP,baseline,0.001958388995262794,8.05350427981466e-05,0.00017331801063846797,0.0008469399763271213,0.0001254670205526054,0.0
36,147,gOMP,optimized,0.001146909999079071,0.00015123002231121063,0.0002184299664804712,0.00046652101445943117,0.0001446810201741755,0.0
36,148,gOMP,baseline,0.001676963991485536,6.167998071759939e-05,0.0001441990170860663,0.0008180389850167558,9.738501103129238e-05,0.0
36,148,gOMP,optimized,0.0004968629946233705,4.6446992200799286e-05,8.818497008178383e-05,0.0001956600317498669,6.046499765943736e-05,0.0
36,149,gOMP,baseline,0.001584407000336796,5.5181997595354915e-05,0.0001567709696246311,0.0007583349652122706,9.557699377182871e-05,0.0
36,149,gOMP,optimized,0.0004986570129403844,4.600601096171886e-05,8.782302029430866e-05,0.00019974099996034056,5.952600622549653e-05,0.0
36,150,gOMP,baseline,0.001513912997324951,5.3702970035374165e-05,0.0001337999856332317,0.000717899005394429,7.920697680674493e-05,0.0
36,150,gOMP,optimized,0.000514220999320969,4.496001929510385e-05,9.560599573887885e-05,0.0001954300096258521,5.921702540945262e-05,0.0
36,151,gOMP,baseline,0.0015891850052867085,5.691395199391991e-05,0.00013484200462698936,0.000768608006183058,8.24120215838775e-05,0.0
36,151,gOMP,optimized,0.0005339619965525344,5.3077994380146265e-05,9.341696568299085e-05,0.00019857399456668645,7.584698323626071e-05,0.0
36,152,gOMP,baseline,0.00152255900320597,5.5001015425659716e-05,0.0001383509807055816,0.0007365100173046812,7.985900447238237e-05,0.0
36,152,gOMP,optimized,0.000558233994524926,4.595902282744646e-05,0.00012765498831868172,0.0002065489679807797,6.023801688570529e-05,0.0
36,153,gOMP,baseline,0.0018794839998008683,7.07729923306033e-05,0.00016125595720950514,0.0008857769862515852,0.00010996498167514801,0.0
36,153,gOMP,optimized,0.0014568670012522489,8.948201138991863e-05,0.00019315800454933196,0.0006691729795420542,0.00031099900661502033,0.0
36,154,gOMP,baseline,0.0018713529861997813,6.67320127831772e-05,0.00018704598187468946,0.0008536919631296769,0.00011313302093185484,0.0
36,154,gOMP,optimized,0.0006432820082409307,4.878199251834303e-05,0.00012050502118654549,0.00027294100436847657,7.642499986104667e-05,0.0
36,155,gOMP,baseline,0.0024353379994863644,0.00014318901230581105,0.00023822901130188257,0.0011070140026276931,0.0001846049854066223,0.0
36,155,gOMP,optimized,0.0005858139920746908,6.651798321399838e-05,0.00010715897951740772,0.00022614804038312286,6.775501242373139e-05,0.0
36,156,gOMP,baseline,0.0015432859945576638,5.316000897437334e-05,0.00012441500439308584,0.0007763979956507683,8.416299533564597e-05,0.0
36,156,gOMP,optimized,0.00047854799777269363,4.4028027332387865e-05,8.629904186818749e-05,0.00018641700444277376,5.82109933020547e-05,0.0
36,157,gOMP,baseline,0.0017938959936145693,7.182001718319952e-05,0.00014424798428080976,0.000843224028358236,0.00013970299914944917,0.0
36,157,gOMP,optimized,0.0008705509972060099,9.079895971808583e-05,0.00015767400327604264,0.000363823986845091,0.00011056700896006078,0.0
36,158,gOMP,baseline,0.0017893039912451059,6.781198317185044e-05,0.00014382398512680084,0.0008686760265845805,9.824299195315689e-05,0.0
36,158,gOMP,optimized,0.0004937000048812479,4.4405023800209165e-05,8.793899905867875e-05,0.00019090098794549704,5.979699199087918e-05,0.0
36,159,gOMP,baseline,0.0016060550115071237,5.608401261270046e-05,0.00012746997526846826,0.0007942759984871373,9.298298391513526e-05,0.0
36,159,gOMP,optimized,0.0005789679998997599,5.000797682441771e-05,9.969802340492606e-05,0.00024173199199140072,6.934900011401623e-05,0.0
36,160,gOMP,baseline,0.001578634008183144,5.4378993809223175e-05,0.0001450200070394203,0.0007596909708809108,8.634997357148677e-05,0.0
36,160,gOMP,optimized,0.0004965800035279244,4.4226981117390096e-05,9.021702862810344e-05,0.00019244299619458616,6.038797437213361e-05,0.0
36,161,gOMP,baseline,0.0018186860106652603,6.86459825374186e-05,0.0001685039751464501,0.0008775510214036331,0.00011348100088071078,0.0
36,161,gOMP,optimized,0.0009762899862835184,6.356900848913938e-05,0.00015733297914266586,0.0003862159501295537,0.00016714894445613027,0.0
36,162,gOMP,baseline,0.001840975004597567,6.964699423406273e-05,0.00019036896992474794,0.0008534099906682968,0.00011702302435878664,0.0
36,162,gOMP,optimized,0.0005381039954954758,4.734897811431438e-05,9.37340228119865e-05,0.0002223730116384104,6.508296064566821e-05,0.0
36,163,gOMP,baseline,0.0030813169869361445,0.00013515101454686373,0.00024579899036325514,0.001619965973077342,0.00018425198504701257,0.0
36,163,gOMP,optimized,0.0005489100003615022,4.808300582226366e-05,9.883099119178951e-05,0.00022645598801318556,6.35979522485286e-05,0.0
36,164,gOMP,baseline,0.0015816679951967672,5.7505007134750485e-05,0.00013026699889451265,0.0007880700286477804,8.533497748430818e-05,0.0
36,164,gOMP,optimized,0.00048653301200829446,4.384202475193888e-05,8.711800910532475e-05,0.00019175898341927677,5.929199687670916e-05,0.0
36,165,gOMP,baseline,0.003326746998936869,0.00019416400755289942,0.0003068520163651556,0.0011271050025243312,0.0004829050158150494,0.0
36,165,gOMP,optimized,0.0007678900001337752,6.32550218142569e-05,0.0001362940383842215,0.0003289729938842356,0.00010216599912382662,0.0
36,166,gOMP,baseline,0.001660709996940568,5.821100785396993e-05,0.00014101099804975092,0.0008144790190272033,0.00010096401092596352,0.0
36,166,gOMP,optimized,0.0005234230047790334,5.0655013183131814e-05,9.340999531559646e-05,0.00021170701074879616,6.142702477518469e-05,0.0
36,167,gOMP,baseline,0.0017462940013501793,6.759399548172951e-05,0.00014214801194611937,0.0008334050071425736,9.103299817070365e-05,0.0
36,167,gOMP,optimized,0.0005194420082261786,4.6065018977969885e-05,8.953499491326511e-05,0.00019721400167327374,6.02660293225199e-05,0.0
36,168,gOMP,baseline,0.0017685609927866608,6.433199450839311e-05,0.00017804201343096793,0.0008443889964837581,9.658897761255503e-05,0.0
36,168,gOMP,optimized,0.0005091159982839599,4.4850006815977395e-05,8.247300866059959e-05,0.00020788000256288797,6.392000068444759e-05,0.0
36,169,gOMP,baseline,0.0015738189977128059,6.378999387379736e-05,0.00012557902664411813,0.0007697629916947335,8.182799501810223e-05,0.0
36,169,gOMP,optimized,0.0005310100095812231,4.707601328846067e-05,9.64989885687828e-05,0.00021093801478855312,6.58180215395987e-05,0.0
36,170,gOMP,baseline,0.0019699950062204152,8.347800758201629e-05,0.0002107640029862523,0.0008795600006124005,0.00011888098379131407,0.0
36,170,gOMP,optimized,0.0007196509977802634,5.887499719392508e-05,0.00012735198833979666,0.0002930100017692894,0.00010553604806773365,0.0
36,171,gOMP,baseline,0.0016321799921570346,5.5527969379909337e-05,0.00013536300684791058,0.000798742999904789,9.189599950332195e-05,0.0
36,171,gOMP,optimized,0.0010485529928700998,0.00012347300071269274,0.00019837201398331672,0.0003905590419890359,0.00014621698937844485,0.0
36,172,gOMP,baseline,0.0017746910016285256,5.8314966736361384e-05,0.00019241703557781875,0.0008588850178057328,0.00010224799916613847,0.0
36,172,gOMP,optimized,0.0005617230053758249,4.591999459080398e-05,9.37880395213142e-05,0.00023156596580520272,6.528000812977552e-05,0.0
36,173,gOMP,baseline,0.0021948869980406016,0.00010059797205030918,0.00022983203234616667,0.0009343719721073285,0.00014898301742505282,0.0
36,173,gOMP,optimized,0.000873490993399173,8.89129878487438e-05,0.00016102194786071777,0.00030179797613527626,0.00016083904483821243,0.0
36,174,gOMP,baseline,0.0016294649976771325,5.5836993851698935e-05,0.00014823197852820158,0.0007810850074747577,9.23750048968941e-05,0.0
36,174,gOMP,optimized,0.000619475991697982,5.130801582708955e-05,9.914097608998418e-05,0.00024131203826982528,8.709199028089643e-05,0.0
36,175,gOMP,baseline,0.0015829369949642569,7.040004129521549e-05,0.00015433001681230962,0.0007500840292777866,8.236699795816094e-05,0.0
36,175,gOMP,optimized,0.000493804007419385,4.523800453171134e-05,8.8033004431054e-05,0.00019203100237064064,5.9668964240700006e-05,0.0
36,176,gOMP,baseline,0.0016578520007897168,5.8144956710748374e-05,0.0001349869999103248,0.0008102119900286198,9.849002526607364e-05,0.0
36,176,gOMP,optimized,0.0005268450040603057,4.4674015953205526e-05,8.918198000174016e-05,0.0002091400237986818,6.226901314221323e-05,0.0
36,177,gOMP,baseline,0.0016001139883883297,5.437897925730795e-05,0.00013488202239386737,0.0008100530103547499,8.713400166016072e-05,0.0
36,177,gOMP,optimized,0.00055033499666024,5.131904617883265e-05,9.876101103145629e-05,0.00021303999528754503,6.338200182653964e-05,0.0
36,178,gOMP,baseline,0.0016683369904058054,5.967698234599084e-05,0.00014580001879949123,0.0008003940165508538,9.125401265919209e-05,0.0
36,178,gOMP,optimized,0.0005479370011016726,6.007400224916637e-05,9.257800411432981e-05,0.00022163601533975452,6.532101542688906e-05,0.0
36,179,gOMP,baseline,0.0017261259927181527,7.766396447550505e-05,0.00021052001102361828,0.0007961839728523046,0.00010357597784604877,0.0
36,179,gOMP,optimized,0.0005931070045335218,5.571600922849029e-05,0.00011024097329936922,0.0002224710042355582,6.789698090869933e-05,0.0
36,180,gOMP,baseline,0.001609913000720553,5.4704039939679205e-05,0.0001269790082005784,0.000737753973226063,7.886800449341536e-05,0.0
36,180,gOMP,optimized,0.0005099760019220412,4.521000664681196e-05,8.845799311529845e-05,0.00020872597815468907,6.0694990679621696e-05,0.0
36,181,gOMP,baseline,0.0015746639983262867,5.438399966806173e-05,0.00013434099673759192,0.0007612010085722432,9.985397628042847e-05,0.0
36,181,gOMP,optimized,0.001061041999491863,9.005601168610156e-05,0.0001992220350075513,0.00043791999632958323,0.0001488760026404634,0.0
36,182,gOMP,baseline,0.0015315650089178234,5.3692987421527505e-05,0.000126630999147892,0.000757939022150822,8.209601219277829e-05,0.0
36,182,gOMP,optimized,0.0004942750092595816,4.601800173986703e-05,9.104699711315334e-05,0.00019298295956104994,5.844597762916237e-05,0.0
36,183,gOMP,baseline,0.0015623099898220971,5.3494994062930346e-05,0.0001237350224982947,0.0007812389958417043,8.53910023579374e-05,0.0
36,183,gOMP,optimized,0.000544769995030947,4.5828011934645474e-05,9.366801532451063e-05,0.00021737400675192475,7.643400749657303e-05,0.0
36,184,gOMP,baseline,0.001735467987600714,6.256201595533639e-05,0.0001416790037183091,0.0008694269636180252,9.851600043475628e-05,0.0
36,184,gOMP,optimized,0.0005090530030429363,4.485501267481595e-05,8.99580045370385e-05,0.00019867101218551397,5.911898915655911e-05,0.0
36,185,gOMP,baseline,0.0015526799979852512,5.533598596230149e-05,0.00013384998601395637,0.0007618040253873914,8.915401122067124e-05,0.0
36,185,gOMP,optimized,0.0004907520051347092,4.6774002839811146e-05,9.064901678357273e-05,0.00019023501954507083,5.8259975048713386e-05,0.0
36,186,gOMP,baseline,0.0015507979987887666,5.426198185887188e-05,0.0001183640124509111,0.0007526039989897981,8.0931989941746e-05,0.0
36,186,gOMP,optimized,0.0006165009981486946,4.712300142273307e-05,0.00012118196173105389,0.00021578400628641248,8.211900421883911e-05,0.0
36,187,gOMP,baseline,0.0018017889960901812,5.853500624652952e-05,0.00016169698210433125,0.0008816280023893341,0.0001314670080319047,0.0
36,187,gOMP,optimized,0.0005505130102392286,5.037100345361978e-05,0.00010304003080818802,0.00021508600912056863,6.285701238084584e-05,0.0
36,188,gOMP,baseline,0.001961756992386654,7.405104406643659e-05,0.000160351992235519,0.0008522269927198067,0.00012902998423669487,0.0
36,188,gOMP,optimized,0.0007334940019063652,7.979400106705725e-05,0.0001307019410887733,0.00027902600413654,9.282099199481308e-05,0.0
36,189,gOMP,baseline,0.0016432870033895597,5.566397157963365e-05,0.00014643999747931957,0.0007971189916133881,9.628802945371717e-05,0.0
36,189,gOMP,optimized,0.0006473669927800074,5.5620024795643985e-05,0.00014002701209392399,0.00023394702293444425,7.253800868056715e-05,0.0
36,190,gOMP,baseline,0.0016144459950737655,5.935099034104496e-05,0.00014684899360872805,0.0007695609820075333,8.451601024717093e-05,0.0
36,190,gOMP,optimized,0.00048073200741782784,4.433398135006428e-05,8.37190164020285e-05,0.00018890704086516052,5.834095645695925e-05,0.0
36,191,gOMP,baseline,0.002171425992855802,0.00011132801591884345,0.00021617602033074945,0.0009373260108986869,0.00017231401579920202,0.0
36,191,gOMP,optimized,0.0005828379944432527,5.413801409304142e-05,0.00010423101775813848,0.00023123700520955026,6.875400140415877e-05,0.0
36,192,gOMP,baseline,0.0017127899918705225,7.106299744918942e-05,0.00018857198301702738,0.0008029899909161031,0.00010605000716168433,0.0
36,192,gOMP,optimized,0.0006564299983438104,5.6719029089435935e-05,0.00011270999675616622,0.0002768570266198367,8.188799256458879e-05,0.0
36,193,gOMP,baseline,0.001542455007438548,5.4360003559850156e-05,0.0001360389869660139,0.0007418120512738824,7.999100489541888e-05,0.0
36,193,gOMP,optimized,0.0007548539870185778,6.494802073575556e-05,0.00011256098514422774,0.0002481259871274233,9.1877969680354e-05,0.0
36,194,gOMP,baseline,0.002261111992993392,6.381298589985818e-05,0.0005290299741318449,0.0009632660367060453,0.00011495097714941949,0.0
36,194,gOMP,optimized,0.0009059199946932495,6.387197936419398e-05,0.00014640801236964762,0.00041626603342592716,0.0001150530151790008,0.0
36,195,gOMP,baseline,0.0015165470103966072,5.3602998377755284e-05,0.0001251490175491199,0.0007391130056930706,8.342799264937639e-05,0.0
36,195,gOMP,optimized,0.0005180519947316498,5.0570990424603224e-05,9.189004776999354e-05,0.00020132798817940056,6.317193037830293e-05,0.0
36,196,gOMP,baseline,0.0019434989953879267,6.558201857842505e-05,0.00016804999904707074,0.0009551019757054746,0.00011796697799582034,0.0
36,196,gOMP,optimized,0.000861024993355386,6.370400660671294e-05,0.00013424898497760296,0.000401064011384733,8.805999823380262e-05,0.0
36,197,gOMP,baseline,0.0016248600004473701,5.7905970606952906e-05,0.00014264498895499855,0.0007613390043843538,8.445800631307065e-05,0.0
36,197,gOMP,optimized,0.0004905539972241968,4.5396998757496476e-05,8.79949948284775e-05,0.00019247797899879515,5.861902900505811e-05,0.0
36,198,gOMP,baseline,0.00166677100060042,6.265802949201316e-05,0.0001358969893772155,0.0007984689873410389,0.00010665504669304937,0.0
36,198,gOMP,optimized,0.0005386299890233204,5.1723007345572114e-05,9.361199045088142e-05,0.00021149298117961735,6.282303365878761e-05,0.0
36,199,gOMP,baseline,0.002268795986310579,8.188202627934515e-05,0.00020657699496950954,0.0010450960544403642,0.00019564697868190706,0.0
36,199,gOMP,optimized,0.0009728699951665476,8.144303865265101e-05,0.00015821799752302468,0.00043458203435875475,0.00012469000648707151,0.0
36,200,gOMP,baseline,0.002002474997425452,6.917100108694285e-05,0.00015860400162637234,0.0009602399804862216,0.00013542297529056668,0.0
36,200,gOMP,optimized,0.0006779479881515726,5.365900869946927e-05,0.00012901601439807564,0.0002965040039271116,7.177898078225553e-05,0.0
36,201,gOMP,baseline,0.001616662004380487,6.224303797353059e-05,0.0001398639869876206,0.0007739420107100159,9.379396215081215e-05,0.0
36,201,gOMP,optimized,0.000534396996954456,4.6585992095060647e-05,9.614498412702233e-05,0.00020642396702896804,6.572299753315747e-05,0.0
36,202,gOMP,baseline,0.0017551580094732344,6.732801557518542e-05,0.00015669100685045123,0.000818409986095503,0.0001295389811275527,0.0
36,202,gOMP,optimized,0.0005109360063215718,5.058500391896814e-05,8.925702422857285e-05,0.00020278096781112254,6.089595262892544e-05,0.0
36,203,gOMP,baseline,0.0015404039877466857,5.350196443032473e-05,0.00013064498489256948,0.0007368370424956083,8.173598325811327e-05,0.0
36,203,gOMP,optimized,0.0006437920092139393,5.3700015996582806e-05,0.00010749399370979518,0.0002667710214154795,7.863699283916503e-05,0.0
36,204,gOMP,baseline,0.001671107005677186,5.7501005358062685e-05,0.00014426599955186248,0.0008100339473458007,9.850200149230659e-05,0.0
36,204,gOMP,optimized,0.0006140460027381778,6.099401798564941e-05,0.00011499998799990863,0.0002275560109410435,6.609101546928287e-05,0.0
36,205,gOMP,baseline,0.0016431249969173223,5.405998672358692e-05,0.0001401310000801459,0.0008193090034183115,8.560599235352129e-05,0.0
36,205,gOMP,optimized,0.0005048530001658946,4.603201523423195e-05,9.23209881875664e-05,0.00019457400776445866,6.343299173749983e-05,0.0
36,206,gOMP,baseline,0.0015264210087480024,6.692601891700178e-05,0.0001250360073754564,0.0007401800394291058,9.081600001081824e-05,0.0
36,206,gOMP,optimized,0.0005455279897432774,5.1911993068642914e-05,9.611202403903008e-05,0.00021651701536029577,6.840800051577389e-05,0.0
36,207,gOMP,baseline,0.0016687489987816662,5.960899579804391e-05,0.0001457279868191108,0.0008071009942796081,9.039705037139356e-05,0.0
36,207,gOMP,optimized,0.0005279379984131083,4.813000850845128e-05,9.450803918298334e-05,0.00020729596144519746,6.451201625168324e-05,0.0
36,208,gOMP,baseline,0.0015331120084738359,5.3992989705875516e-05,0.00014187996566761285,0.0007473299483535811,8.317700121551752e-05,0.0
36,208,gOMP,optimized,0.0005576679977821186,4.8193978727795184e-05,9.762000991031528e-05,0.00022314100351650268,7.032098073977977e-05,0.0
36,209,gOMP,baseline,0.0025409549998585135,0.00012105100904591382,0.0002580379805294797,0.0011399999930290505,0.00017196503176819533,0.0
36,209,gOMP,optimized,0.0007595919887535274,7.875199662521482e-05,0.00013540101645048708,0.00026632598019205034,0.00013506200048141181,0.0
36,210,gOMP,baseline,0.0015601519990013912,5.5342010455206037e-05,0.00013523300003726035,0.000769766018493101,7.751703378744423e-05,0.0
36,210,gOMP,optimized,0.0005100609996588901,4.631404590327293e-05,8.785100362729281e-05,0.00019840103050228208,6.107600347604603e-05,0.0
36,211,gOMP,baseline,0.002300844993442297,0.0001024570083245635,0.00021022297732997686,0.0010392720287200063,0.0001979780208785087,0.0
36,211,gOMP,optimized,0.0005617870046989992,5.335695459507406e-05,0.00010344396287109703,0.0002258800232084468,6.618899351451546e-05,0.0
36,212,gOMP,baseline,0.0018880510033341125,7.834196730982512e-05,0.00017509098688606173,0.0009078079892788082,0.0001187049929285422,0.0
36,212,gOMP,optimized,0.0006609629926970229,5.0255024689249694e-05,0.00010554501204751432,0.00024295497860293835,7.699198613408953e-05,0.0
36,213,gOMP,baseline,0.0017419089999748394,5.976202373858541e-05,0.00016744699678383768,0.0008231840038206428,0.00012451097427401692,0.0
36,213,gOMP,optimized,0.0005994550010655075,5.1063994760625064e-05,0.00010791901149787009,0.00024304899852722883,7.00930249877274e-05,0.0
36,214,gOMP,baseline,0.0015638909972039983,5.2317947847768664e-05,0.00013627298176288605,0.0007818629965186119,8.181897283066064e-05,0.0
36,214,gOMP,optimized,0.0004877270112046972,4.447103128768504e-05,8.706397784408182e-05,0.00018823999562300742,5.736401362810284e-05,0.0
36,215,gOMP,baseline,0.001969613993423991,6.968298112042248e-05,0.0002518210239941254,0.0008903169946279377,0.00010405600187368691,0.0
36,215,gOMP,optimized,0.0005532990035135299,4.826304211746901e-05,9.588197281118482e-05,0.0002047820162260905,8.355197496712208e-05,0.0
36,216,gOMP,baseline,0.0016976079932646826,5.4805001127533615e-05,0.00021564497728832066,0.0007991750171640888,8.695598808117211e-05,0.0
36,216,gOMP,optimized,0.0005207529902691022,4.581903340294957e-05,0.0001048820122377947,0.00020017201313748956,6.199401104822755e-05,0.0
36,217,gOMP,baseline,0.0019158299983246252,6.220104114618152e-05,0.00017439601651858538,0.0009094449924305081,0.00011841699597425759,0.0
36,217,gOMP,optimized,0.0007708710036240518,6.962400220800191e-05,0.00012165799853391945,0.0003175420133629814,7.997498323675245e-05,0.0
36,218,gOMP,baseline,0.0019846610084641725,7.209801697172225e-05,0.0001672249927651137,0.0008802210068097338,0.00016474003496114165,0.0
36,218,gOMP,optimized,0.0012031739897793159,0.0001340420130873099,0.00023838998458813876,0.0004617770027834922,0.00019553197489585727,0.0
36,219,gOMP,baseline,0.0015478679997613654,5.7675017160363495e-05,0.0001351160171907395,0.0007384089985862374,7.955000910442322e-05,0.0
36,219,gOMP,optimized,0.0004822859918931499,4.432701098266989e-05,8.570600766688585e-05,0.00018924100731965154,5.92660071561113e-05,0.0
36,220,gOMP,baseline,0.0028204979898873717,0.0002106309839291498,0.0005230859969742596,0.0010843479976756498,0.00021810097678098828,0.0
36,220,gOMP,optimized,0.0005474470090121031,5.122700531501323e-05,9.606299863662571e-05,0.0002172730164602399,6.651300645899028e-05,0.0
36,221,gOMP,baseline,0.0014773860020795837,5.429198790807277e-05,0.000121349046821706,0.000715364032657817,7.532301242463291e-05,0.0
36,221,gOMP,optimized,0.0004777610010933131,4.43559983978048e-05,8.540997805539519e-05,0.0001884600060293451,5.739700281992555e-05,0.0
36,222,gOMP,baseline,0.0021770739986095577,7.278099656105042e-05,0.0001639209658605978,0.001035103967296891,0.00021321099484339356,0.0
36,222,gOMP,optimized,0.0005693810089724138,4.8787042032927275e-05,0.00010557599307503551,0.0002144419850083068,7.280599675141275e-05,0.0
36,223,gOMP,baseline,0.0018683900125324726,6.176202441565692e-05,0.00020267104264348745,0.0009038339921971783,0.00010486500104889274,0.0
36,223,gOMP,optimized,0.0005883359990548342,4.9834983656182885e-05,0.00011262200132478029,0.00023422896629199386,6.852300430182368e-05,0.0
36,224,gOMP,baseline,0.00254661199869588,0.00015151500701904297,0.00035317198489792645,0.0010035469895228744,0.00015037898265291005,0.0
36,224,gOMP,optimized,0.0005714260041713715,5.559502460528165e-05,9.990896796807647e-05,0.00022285700833890587,7.141604146454483e-05,0.0
36,225,gOMP,baseline,0.0017190530052175745,6.427204061765224e-05,0.00014613296661991626,0.0008197469869628549,0.0001104929979192093,0.0
36,225,gOMP,optimized,0.0005284910002956167,4.912102303933352e-05,9.892099478747696e-05,0.0002059609687421471,6.273498001974076e-05,0.0
36,226,gOMP,baseline,0.001883580000139773,8.731997513677925e-05,0.0001683109876466915,0.0008849010337144136,0.00013410899555310607,0.0
36,226,gOMP,optimized,0.000631208997219801,5.946203600615263e-05,0.00010968699643854052,0.00024268699053209275,9.079302253667265e-05,0.0
36,227,gOMP,baseline,0.0016169489972526208,6.174099689815193e-05,0.00013452500570565462,0.0007798300212016329,8.19560227682814e-05,0.0
36,227,gOMP,optimized,0.0006364020082401112,5.1478957175277174e-05,0.00011146899487357587,0.00028072998975403607,7.508398266509175e-05,0.0
36,228,gOMP,baseline,0.0018998300074599683,6.158901669550687e-05,0.00015100902237463742,0.0009558319870848209,0.00012111601245123893,0.0
36,228,gOMP,optimized,0.0007843070052331313,6.528002268169075e-05,0.00014439597725868225,0.0002890670148190111,0.00014693697448819876,0.0
36,229,gOMP,baseline,0.0018054230022244155,6.587903772015125e-05,0.0001505529653513804,0.000848116003908217,0.00010509601270314306,0.0
36,229,gOMP,optimized,0.0005823039973620325,5.456600047182292e-05,0.00010302501323167235,0.000227512966375798,7.269298657774925e-05,0.0
36,230,gOMP,baseline,0.0018145940121030435,6.645801477134228e-05,0.00022341094154398888,0.0008522390417056158,0.00010563299292698503,0.0
36,230,gOMP,optimized,0.0005589539941865951,5.257200973574072e-05,9.839402628131211e-05,0.00022681699192617089,6.687201675958931e-05,0.0
36,231,gOMP,baseline,0.0019058949983445928,7.265900785569102e-05,0.00017000797379296273,0.0009066540224011987,0.0001094790204660967,0.0
36,231,gOMP,optimized,0.0006005629984429106,5.9274971135891974e-05,0.00011121394345536828,0.00022838501899968833,7.134402403607965e-05,0.0
36,232,gOMP,baseline,0.002032817996223457,0.00011009702575393021,0.00016566998965572566,0.000912682997295633,0.00011746803647838533,0.0
36,232,gOMP,optimized,0.000515155988978222,4.7304012696258724e-05,9.188799594994634e-05,0.00020068098092451692,6.14760210737586e-05,0.0
36,233,gOMP,baseline,0.0017489640013081953,5.8290010201744735e-05,0.00013556999329011887,0.0008254440035670996,8.776599133852869e-05,0.0
36,233,gOMP,optimized,0.0005736149905715138,5.209895607549697e-05,0.0001037250185618177,0.00022460495529230684,6.940503953956068e-05,0.0
36,234,gOMP,baseline,0.0031295600056182593,0.00014328901306726038,0.00035378106986172497,0.0010535860201343894,0.00025134297902695835,0.0
36,234,gOMP,optimized,0.0007829959940863773,5.6634016800671816e-05,0.00010920802014879882,0.0002478860114933923,0.00018923198513220996,0.0
36,235,gOMP,baseline,0.0016338599962182343,5.665597564075142e-05,0.00013701998977921903,0.0008010540332179517,8.753698784857988e-05,0.0
36,235,gOMP,optimized,0.0008415430056629702,6.872296216897666e-05,0.00012913400132674724,0.00027424702420830727,0.00022451399127021432,0.0
36,236,gOMP,baseline,0.0016374650003854185,7.343401375692338e-05,0.0001267930056201294,0.0007881830242695287,9.825201414059848e-05,0.0
36,236,gOMP,optimized,0.0012717000063275918,0.00010789404041133821,0.0004011249984614551,0.0004456259775906801,0.00010247599857393652,0.0
36,237,gOMP,baseline,0.0015992260014172643,5.371699808165431e-05,0.00013482000213116407,0.0008124090381897986,8.54239915497601e-05,0.0
36,237,gOMP,optimized,0.0005434659979073331,4.5208988012745976e-05,8.868602162692696e-05,0.0002000930398935452,6.189601845107973e-05,0.0
36,238,gOMP,baseline,0.0018219499906990677,6.068700167816132e-05,0.0001435780432075262,0.0009152010170510039,0.00010648902389220893,0.0
36,238,gOMP,optimized,0.0006326440052362159,5.181800224818289e-05,0.00010825699428096414,0.0002536469983169809,8.785002864897251e-05,0.0
36,239,gOMP,baseline,0.0016104029928101227,5.7272016420029104e-05,0.00013862497871741652,0.0007876060262788087,9.681902884040028e-05,0.0
36,239,gOMP,optimized,0.0011998219997622073,0.00012992399570066482,0.0001876589813036844,0.00047495600301772356,0.0002331300056539476,0.0
36,240,gOMP,baseline,0.0015852920041652396,5.2529998356476426e-05,0.0001290219952352345,0.0007942750089569017,8.667401561979204e-05,0.0
36,240,gOMP,optimized,0.0004904329980490729,4.422799975145608e-05,8.8778993813321e-05,0.0001917399640660733,5.8680991060100496e-05,0.0
36,241,gOMP,baseline,0.0019843310001306236,6.91230088705197e-05,0.00017377801123075187,0.0009324920101789758,0.00014097899838816375,0.0
36,241,gOMP,optimized,0.0007331480010179803,5.580800643656403e-05,0.0001244659797521308,0.0003081570175709203,9.024898463394493e-05,0.0
36,242,gOMP,baseline,0.0016747229965403676,5.889197927899659e-05,0.00013190800382290035,0.0007948150159791112,9.462301386520267e-05,0.0
36,242,gOMP,optimized,0.0010740310099208727,8.19189881440252e-05,0.00024576199939474463,0.00038594400393776596,0.00014044302224647254,0.0
36,243,gOMP,baseline,0.0018990050011780113,7.751100929453969e-05,0.00023958702513482422,0.0008923690038500354,9.490099910181016e-05,0.0
36,243,gOMP,optimized,0.000542505003977567,4.948300193063915e-05,9.49799723457545e-05,0.00021992198890075088,6.614798621740192e-05,0.0
36,244,gOMP,baseline,0.0015997940063243732,5.439900269266218e-05,0.00013779100845567882,0.00077476205478888,8.288800017908216e-05,0.0
36,244,gOMP,optimized,0.0004891009884886444,4.33759851148352e-05,8.624199836049229e-05,0.0001904040400404483,5.7801982620730996e-05,0.0
36,245,gOMP,baseline,0.001741043000947684,6.133598799351603e-05,0.0001516070042271167,0.0008592400117777288,0.00010558996291365474,0.0
36,245,gOMP,optimized,0.0005114699888508767,4.771401290781796e-05,8.906301809474826e-05,0.00020456199126783758,6.129199755378067e-05,0.0
36,246,gOMP,baseline,0.002764001998002641,0.0001643079740460962,0.00039780202496331185,0.0010870620026253164,0.00019298202823847532,0.0
36,246,gOMP,optimized,0.000741705996915698,6.721298268530518e-05,0.00014700302563142031,0.0002801509981509298,7.951704901643097e-05,0.0
36,247,gOMP,baseline,0.0016433440032415092,6.979699537623674e-05,0.00014399203064385802,0.0007917600014479831,8.974799129646271e-05,0.0
36,247,gOMP,optimized,0.0005178790015634149,4.598399391397834e-05,9.21310274861753e-05,0.00020475899509619921,6.253502215258777e-05,0.0
36,248,gOMP,baseline,0.0018417880055494606,6.158396718092263e-05,0.00015387096209451556,0.0009368410392198712,0.00010868502431549132,0.0
36,248,gOMP,optimized,0.0005163449968677014,4.743601311929524e-05,9.053399844560772e-05,0.0002027790033025667,6.284000119194388e-05,0.0
36,249,gOMP,baseline,0.0016873499989742413,7.50569743104279e-05,0.00014213698159437627,0.0008201919845305383,9.411299834027886e-05,0.0
36,249,gOMP,optimized,0.0012703309912467375,9.323601261712611e-05,0.0001742870081216097,0.0005661309696733952,0.0002771560102701187,0.0
36,250,gOMP,baseline,0.001621920004254207,5.6311037042178214e-05,0.000144849022035487,0.0007906589744379744,8.363999950233847e-05,0.0
36,250,gOMP,optimized,0.0006577890017069876,4.772000829689205e-05,0.00011515003279782832,0.00022467201051767915,6.69719884172082e-05,0.0
36,251,gOMP,baseline,0.0021100599988130853,6.165803642943501e-05,0.00041203694127034396,0.000912052986677736,9.84670186880976e-05,0.0
36,251,gOMP,optimized,0.0006617309991270304,5.893400521017611e-05,0.00011273300333414227,0.0002701379999052733,7.342900789808482e-05,0.0
36,252,gOMP,baseline,0.0023023530084174126,0.00010879496403504163,0.00021194400324020535,0.0010215389920631424,0.00016392998804803938,0.0
36,252,gOMP,optimized,0.0005677649896824732,5.4782998631708324e-05,0.00010127300629392266,0.00022399799490813166,7.137400098145008e-05,0.0
36,253,gOMP,baseline,0.0015541459870291874,5.658800364471972e-05,0.00013236702943686396,0.0007496059697587043,8.25309834908694e-05,0.0
36,253,gOMP,optimized,0.0005094020016258582,4.6164001105353236e-05,8.933398930821568e-05,0.00019911001436412334,6.33039599051699e-05,0.0
36,254,gOMP,baseline,0.001814784001908265,6.434399983845651e-05,0.0001833629939937964,0.0008704809879418463,0.000110492022940889,0.0
36,254,gOMP,optimized,0.0005036049988120794,4.477999755181372e-05,9.051797678694129e-05,0.00020098396635148674,5.9920057537965477e-05,0.0
36,255,gOMP,baseline,0.0015294759941753,5.621998570859432e-05,0.00012781296391040087,0.0007497260085074231,8.028402226045728e-05,0.0
36,255,gOMP,optimized,0.0005948239995632321,5.117103864904493e-05,0.00010179996024817228,0.00024877597752492875,7.227403693832457e-05,0.0
36,256,gOMP,baseline,0.002048636000836268,8.80100269569084e-05,0.0002412129833828658,0.0009217019833158702,0.00011073202767875046,0.0
36,256,gOMP,optimized,0.000521659996593371,4.704500315710902e-05,9.759902604855597e-05,0.00020418096391949803,6.157896132208407e-05,0.0
36,257,gOMP,baseline,0.001942835995578207,8.010302553884685e-05,0.00021183099306654185,0.0008310390257975087,0.0001113710313802585,0.0
36,257,gOMP,optimized,0.0005878530064364895,5.004700506106019e-05,0.00010196100629400462,0.00023278695880435407,7.011002162471414e-05,0.0
36,258,gOMP,baseline,0.0014901009999448434,5.4472984629683197e-05,0.000120781987789087,0.0007205470174085349,8.828099817037582e-05,0.0
36,258,gOMP,optimized,0.0005751950084231794,4.784901102539152e-05,9.828100155573338e-05,0.0002276189625263214,6.66980049572885e-05,0.0
36,259,gOMP,baseline,0.0016856769943842664,5.777101614512503e-05,0.0001459749910281971,0.0008298979955725372,9.003697778098285e-05,0.0
36,259,gOMP,optimized,0.0006093269912526011,6.146998202893883e-05,0.00010138899961020797,0.00021773100888822228,8.020800305530429e-05,0.0
36,260,gOMP,baseline,0.0017719489987939596,6.588897667825222e-05,0.00013903500803280622,0.0008852839673636481,9.990103717427701e-05,0.0
36,260,gOMP,optimized,0.0009919220028677955,8.68130155140534e-05,0.00019103898375760764,0.0004126230051042512,9.998102905228734e-05,0.0
36,261,gOMP,baseline,0.0015856889949645847,5.4369011195376515e-05,0.00012335497012827545,0.0007523620442952961,8.327096293214709e-05,0.0
36,261,gOMP,optimized,0.0005564239982049912,4.879200423602015e-05,0.00011211699165869504,0.00021908800408709794,6.373100040946156e-05,0.0
36,262,gOMP,baseline,0.0018397349922452122,6.555303116329014e-05,0.00016265704471152276,0.0009015329997055233,0.0001071109581971541,0.0
36,262,gOMP,optimized,0.0005747689865529537,4.935797187499702e-05,0.00010032702994067222,0.0002332199946977198,7.389498932752758e-05,0.0
36,263,gOMP,baseline,0.0018221270001959056,6.50320143904537e-05,0.0001706580223981291,0.0008605689945397899,9.328899614047259e-05,0.0
36,263,gOMP,optimized,0.000848603987833485,6.198200571816415e-05,0.0001385000068694353,0.0003794000222114846,0.00010070401185657829,0.0
36,264,gOMP,baseline,0.0016111459990497679,5.893998604733497e-05,0.00013175798812881112,0.0007597739895572886,8.525697921868414e-05,0.0
36,264,gOMP,optimized,0.0005807080015074462,6.0872043832205236e-05,0.00010645799920894206,0.00021135702263563871,6.710398884024471e-05,0.0
36,265,gOMP,baseline,0.001791335002053529,5.982100265100598e-05,0.00015066302148625255,0.0008988809859147295,9.74620197666809e-05,0.0
36,265,gOMP,optimized,0.0005602840101346374,5.125402822159231e-05,9.935502021107823e-05,0.00021746802667621523,6.370297342073172e-05,0.0
36,266,gOMP,baseline,0.0015926409978419542,5.603200406767428e-05,0.00013111697626300156,0.000780228991061449,8.828402496874332e-05,0.0
36,266,gOMP,optimized,0.000500114998430945,4.41849697381258e-05,8.75510013429448e-05,0.00019692098430823535,6.01530191488564e-05,0.0
36,267,gOMP,baseline,0.0015974910056684166,6.1027996707707644e-05,0.00013527300325222313,0.0007692729996051639,9.446896729059517e-05,0.0
36,267,gOMP,optimized,0.0004886949900537729,4.440701741259545e-05,8.627702482044697e-05,0.00019266102754045278,6.02660293225199e-05,0.0
36,268,gOMP,baseline,0.0015724279946880415,5.319701449479908e-05,0.00012016703840345144,0.0008003189723240212,8.432503091171384e-05,0.0
36,268,gOMP,optimized,0.0005330080020939931,4.7169014578685164e-05,9.516101272311062e-05,0.00021869198826607317,6.522399780806154e-05,0.0
36,269,gOMP,baseline,0.0021103199978824705,0.00011639099102467299,0.0002494790096534416,0.0009509080264251679,0.00013178699009586126,0.0
36,269,gOMP,optimized,0.0005871330067748204,5.361399962566793e-05,9.697502537164837e-05,0.00023818903719075024,7.390101382043213e-05,0.0
36,270,gOMP,baseline,0.0019364390027476475,7.736601401120424e-05,0.00017147896869573742,0.0009056739654624835,0.0001335110137006268,0.0
36,270,gOMP,optimized,0.0005945270095253363,5.191897798795253e-05,0.00010368697985541075,0.00023717698059044778,6.932794349268079e-05,0.0
36,271,gOMP,baseline,0.0017039009981090203,5.936702655162662e-05,0.00013322700397111475,0.0008355569734703749,0.0001076580083463341,0.0
36,271,gOMP,optimized,0.0005632500106003135,4.874197475146502e-05,9.996898006647825e-05,0.00022860999160911888,7.002100755926222e-05,0.0
36,272,gOMP,baseline,0.0015396779926959425,5.4576987167820334e-05,0.0001338059810223058,0.0007627629966009408,8.114897354971617e-05,0.0
36,272,gOMP,optimized,0.0005839899968123063,6.310197932180017e-05,0.00011031898611690849,0.00022710901976097375,6.62580132484436e-05,0.0
36,273,gOMP,baseline,0.0016890800034161657,6.129899702500552e-05,0.00014988901966717094,0.0008201879973057657,8.800200885161757e-05,0.0
36,273,gOMP,optimized,0.0005626030033454299,5.1579976570792496e-05,0.00010029402619693428,0.00022378402354661375,7.258699042722583e-05,0.0
36,274,gOMP,baseline,0.0014445709966821596,5.067698657512665e-05,0.00011400197399780154,0.0007160199747886509,7.498399645555764e-05,0.0
36,274,gOMP,optimized,0.0005399570072768256,4.776900459546596e-05,9.698799112811685e-05,0.00020731402037199587,7.210996409412473e-05,0.0
36,275,gOMP,baseline,0.001531767993583344,5.3546013077721e-05,0.00013292201037984341,0.0007513409509556368,8.574097591917962e-05,0.0
36,275,gOMP,optimized,0.00048809198779053986,4.496399196796119e-05,8.796197653282434e-05,0.0001919819915201515,5.959400732535869e-05,0.0
36,276,gOMP,baseline,0.002356439988943748,6.707898864988238e-05,0.00015623502258677036,0.0010306319745723158,0.00020306500664446503,0.0
36,276,gOMP,optimized,0.0009430049976799637,6.612298602703959e-05,0.00021839397959411144,0.00033104600152000785,9.34750132728368e-05,0.0
36,277,gOMP,baseline,0.0018316920031793416,7.274797826539725e-05,0.000154959037899971,0.0008635060075903311,0.00013287899491842836,0.0
36,277,gOMP,optimized,0.0005468000017572194,5.013697955291718e-05,9.282598330173641e-05,0.00021426603780128062,6.223302625585347e-05,0.0
36,278,gOMP,baseline,0.0016923099901759997,5.804201646242291e-05,0.00015581899788230658,0.000807602031272836,8.6349988123402e-05,0.0
36,278,gOMP,optimized,0.0006451009976444766,5.408001015894115e-05,0.00013243500143289566,0.00025486203958280385,7.696998363826424e-05,0.0
36,279,gOMP,baseline,0.0016527609986951575,5.771001451648772e-05,0.00013590500748250633,0.0008273210405604914,9.124699863605201e-05,0.0
36,279,gOMP,optimized,0.0005459749954752624,6.499799201264977e-05,9.286300337407738e-05,0.00020603599841706455,6.368497270159423e-05,0.0
36,280,gOMP,baseline,0.001821169993490912,6.014102837070823e-05,0.00017359397315885872,0.0009124879870796576,0.00010365399066358805,0.0
36,280,gOMP,optimized,0.000512653001351282,4.6387023758143187e-05,9.063798643182963e-05,0.00020558999676723033,6.215000757947564e-05,0.0
36,281,gOMP,baseline,0.0016008600068744272,5.538899858947843e-05,0.00013489801494870335,0.0007845700019970536,8.8183005573228e-05,0.0
36,281,gOMP,optimized,0.000554857004317455,6.051899981684983e-05,9.723196853883564e-05,0.00021174394350964576,6.643998494837433e-05,0.0
36,282,gOMP,baseline,0.0019597899954533204,7.631705375388265e-05,0.00016102599329315126,0.0008669670060044155,9.539996972307563e-05,0.0
36,282,gOMP,optimized,0.0005317109898896888,4.777101275976747e-05,9.423302253708243e-05,0.0002129429776687175,6.39439676888287e-05,0.0
36,283,gOMP,baseline,0.0015494319959543645,5.302201316226274e-05,0.00012562100891955197,0.0007743049936834723,8.248502854257822e-05,0.0
36,283,gOMP,optimized,0.0005729929980589077,4.979601362720132e-05,0.00011523297871463001,0.0002230590325780213,6.85869890730828e-05,0.0
36,284,gOMP,baseline,0.0015335649950429797,6.676600605715066e-05,0.0001232049980899319,0.000747902988223359,8.654198609292507e-05,0.0
36,284,gOMP,optimized,0.00048374501056969166,4.402201739139855e-05,8.797198825050145e-05,0.000190186983672902,5.859699740540236e-05,0.0
36,285,gOMP,baseline,0.001608606005902402,5.6105986004695296e-05,0.00013921699428465217,0.0008009890152607113,9.115799912251532e-05,0.0
36,285,gOMP,optimized,0.0005364390090107918,4.7668974730186164e-05,9.597702592145652e-05,0.00021357602963689715,6.48980203550309e-05,0.0
36,286,gOMP,baseline,0.0017381239886162803,6.287297583185136e-05,0.0001592539920238778,0.0008404830150539055,9.080798190552741e-05,0.0
36,286,gOMP,optimized,0.0006830650090705603,5.4696021834388375e-05,0.0001372080296278,0.00027772897738032043,7.80620175646618e-05,0.0
36,287,gOMP,baseline,0.001700121007161215,5.9770012740045786e-05,0.0001687159965513274,0.0008052360208239406,0.00010009403922595084,0.0
36,287,gOMP,optimized,0.0005196749989409,4.6868997742421925e-05,9.01569874258712e-05,0.0002094809606205672,6.23319938313216e-05,0.0
36,288,gOMP,baseline,0.003210128008504398,0.00012021396833006293,0.0003628410049714148,0.0014180870057316497,0.0002432970068184659,0.0
36,288,gOMP,optimized,0.0011563570005819201,8.792700828053057e-05,0.0002318259939784184,0.0004675999953178689,0.00016608400619588792,0.0
36,289,gOMP,baseline,0.0018791970069287345,6.707102875225246e-05,0.00020430205040611327,0.000857399994856678,0.00010569498408585787,0.0
36,289,gOMP,optimized,0.0008634739933768287,6.835299427621067e-05,0.00015430500207003206,0.0003420839784666896,0.0001122279791161418,0.0
36,290,gOMP,baseline,0.0018373899947619066,7.154997729230672e-05,0.0001868390099843964,0.0008431720052612945,9.751999459695071e-05,0.0
36,290,gOMP,optimized,0.0005274370050756261,4.4423999497666955e-05,0.00010732401278801262,0.00019864797650370747,6.21080253040418e-05,0.0
36,291,gOMP,baseline,0.0016020969924284145,6.242899689823389e-05,0.0001485190005041659,0.0007690530037507415,9.141195914708078e-05,0.0
36,291,gOMP,optimized,0.0005866830033482984,6.326203583739698e-05,0.00010374300472903997,0.00021401498815976083,6.6305001382716e-05,0.0
36,292,gOMP,baseline,0.001550068991491571,5.3597032092511654e-05,0.00012409099144861102,0.0007474090089090168,9.661899821367115e-05,0.0
36,292,gOMP,optimized,0.0008158050040947273,6.21679937466979e-05,0.00014057102089282125,0.0003598390321712941,0.00010407200898043811,0.0
36,293,gOMP,baseline,0.0019315710087539628,7.905202801339328e-05,0.0001976580242626369,0.0009043279860634357,0.00015503796748816967,0.0
36,293,gOMP,optimized,0.0006650019931839779,5.7752011343836784e-05,0.0001290359941776842,0.00027073200908489525,7.965597615111619e-05,0.0
36,294,gOMP,baseline,0.0015697280032327399,5.5150012485682964e-05,0.0001397689920850098,0.0007597370276926085,8.174196409527212e-05,0.0
36,294,gOMP,optimized,0.0006719009979860857,4.936003824695945e-05,0.00011686998186632991,0.00024008900800254196,7.270698552019894e-05,0.0
36,295,gOMP,baseline,0.0014917699882062152,5.1233990234322846e-05,0.00013588700676336884,0.0007219309627544135,8.239202725235373e-05,0.0
36,295,gOMP,optimized,0.0006136040028650314,4.9035021220333874e-05,0.00010373597615398467,0.0002503020077710971,7.214599463623017e-05,0.0
36,296,gOMP,baseline,0.0015603759966325015,5.260096804704517e-05,0.00013395499263424426,0.0007700190035393462,8.401501690968871e-05,0.0
36,296,gOMP,optimized,0.0005650329985655844,4.873002762906253e-05,9.75760049186647e-05,0.00021716899937018752,6.460800068452954e-05,0.0
36,297,gOMP,baseline,0.0015217030013445765,6.939600280020386e-05,0.00012716498167719692,0.0007511949952458963,8.06149619165808e-05,0.0
36,297,gOMP,optimized,0.0004811329999938607,4.434600123204291e-05,8.466099097859114e-05,0.00018860898853745311,5.920497642364353e-05,0.0
36,298,gOMP,baseline,0.0025744130107341334,0.0001381509646307677,0.00031300100090447813,0.0010736549593275413,0.0002161560405511409,0.0
36,298,gOMP,optimized,0.0006267319986363873,5.423498805612326e-05,0.00010886300879064947,0.00026677100686356425,7.20799871487543e-05,0.0
36,299,gOMP,baseline,0.0018452630029059947,6.3561019487679e-05,0.0001574100024299696,0.0008747240208322182,9.84840007731691e-05,0.0
36,299,gOMP,optimized,0.0005383399984566495,5.1663999329321086e-05,9.857700206339359e-05,0.0002125559694832191,6.292700709309429e-05,0.0
40,0,gOMP,baseline,0.0026097199879586697,9.500200394541025e-05,0.00023489599698223174,0.0012396769889164716,0.00014295698201749474,0.0
40,0,gOMP,optimized,0.0007356679998338223,6.082495383452624e-05,0.00012536501162685454,0.0003085299686063081,9.324403072241694e-05,0.0
40,1,gOMP,baseline,0.0021880029962630942,6.14769960520789e-05,0.00016242297715507448,0.0010502370132599026,0.00010179397941101342,0.0
40,1,gOMP,optimized,0.0009209910058416426,7.652096974197775e-05,0.00018255299073643982,0.00036852702032774687,0.00012117798905819654,0.0
40,2,gOMP,baseline,0.002047496003797278,7.395300781354308e-05,0.00015127401275094599,0.0010419360478408635,9.48200176935643e-05,0.0
40,2,gOMP,optimized,0.0006285080016823485,5.4609045037068427e-05,0.00010631198529154062,0.00025977104087360203,7.798000297043473e-05,0.0
40,3,gOMP,baseline,0.0028269239992368966,7.777000428177416e-05,0.00021355401258915663,0.0015218699700199068,0.00016677197709213942,0.0
40,3,gOMP,optimized,0.0007249570044223219,4.7322973841801286e-05,0.00010452402057126164,0.0002649289963301271,7.703698065597564e-05,0.0
40,4,gOMP,baseline,0.0027187999949092045,0.00011129799531772733,0.00020943600975442678,0.0012283980613574386,0.00013440102338790894,0.0
40,4,gOMP,optimized,0.001078938992577605,9.481798042543232e-05,0.0001408600073773414,0.0004382450133562088,0.00016738404519855976,0.0
40,5,gOMP,baseline,0.0029378100007306784,9.84330108622089e-05,0.00024020098499022424,0.0013962679950054735,0.00019011400581803173,0.0
40,5,gOMP,optimized,0.0008311419951496646,7.632901542820036e-05,0.00013014700380153954,0.00034667203726712614,0.00012082798639312387,0.0
40,6,gOMP,baseline,0.0020928570011164993,6.475899135693908e-05,0.00014879398804623634,0.0010763859609141946,9.785799193195999e-05,0.0
40,6,gOMP,optimized,0.0006647059926763177,5.955302913207561e-05,0.00012425798922777176,0.0002590549847809598,8.851500751916319e-05,0.0
40,7,gOMP,baseline,0.0023270669917110354,7.239497790578753e-05,0.00020968298485968262,0.0011797000042861328,0.00010947400005534291,0.0
40,7,gOMP,optimized,0.0006560820038430393,4.427898966241628e-05,0.00010840498725883663,0.0002832140016835183,8.17870459286496e-05,0.0
40,8,gOMP,baseline,0.002252190010040067,8.705003710929304e-05,0.00015702898963354528,0.0011424969998188317,0.0001278120034839958,0.0
40,8,gOMP,optimized,0.0008526620076736435,6.105701322667301e-05,0.00013316301919985563,0.00039069002377800643,0.00011831699521280825,0.0
40,9,gOMP,baseline,0.00245277100475505,6.623200897593051e-05,0.0001954480103449896,0.0012294530315557495,0.00012244701792951673,0.0
40,9,gOMP,optimized,0.0006191119900904596,4.620202525984496e-05,0.00011211501259822398,0.00026233599055558443,7.683801231905818e-05,0.0
40,10,gOMP,baseline,0.0028782209992641583,0.00011164101306349039,0.00020847799896728247,0.0014490490430034697,0.00021781599207315594,0.0
40,10,gOMP,optimized,0.0008684780041221529,6.350998592097312e-05,0.00022644498676527292,0.0003347169840708375,9.45279753068462e-05,0.0
40,11,gOMP,baseline,0.0028150220023235306,8.453898772131652e-05,0.0002318310143891722,0.0013318459677975625,0.00017841698718257248,0.0
40,11,gOMP,optimized,0.0007919880008557811,7.406796794384718e-05,0.0001356730208499357,0.00033078601700253785,0.0001035250024870038,0.0
40,12,gOMP,baseline,0.0026788070099428296,9.839801350608468e-05,0.00021468698105309159,0.001277595030842349,0.00018276895571034402,0.0
40,12,gOMP,optimized,0.0008356009930139408,7.173903577495366e-05,0.0001552449684822932,0.0003618130285758525,9.705597767606378e-05,0.0
40,13,gOMP,baseline,0.0020002050005132332,5.710197729058564e-05,0.0001437549653928727,0.0010365900088800117,8.937701932154596e-05,0.0
40,13,gOMP,optimized,0.0006636479956796393,4.547998833004385e-05,0.00011154601816087961,0.0003021679585799575,7.893596193753183e-05,0.0
40,14,gOMP,baseline,0.0022499159967992455,8.200004231184721e-05,0.00015855398669373244,0.0011723009956767783,0.00012044195318594575,0.0
40,14,gOMP,optimized,0.0006012389931129292,5.5338998208753765e-05,0.0001047840341925621,0.00024365501303691417,7.231201743707061e-05,0.0
40,15,gOMP,baseline,0.0021916949917795137,8.868100121617317e-05,0.00015514600090682507,0.001064408992533572,0.00010198702511843294,0.0
40,15,gOMP,optimized,0.000587811999139376,4.493101732805371e-05,0.00010188201849814504,0.0002456939982948825,7.364699558820575e-05,0.0
40,16,gOMP,baseline,0.0025727660104166716,9.646000398788601e-05,0.00026717400760389864,0.0011933120113098994,0.00012503097241278738,0.0
40,16,gOMP,optimized,0.0010471419955138117,8.672096009831876e-05,0.00022852398979011923,0.00038738996954634786,0.0001465610257582739,0.0
40,17,gOMP,baseline,0.002972745001898147,0.00010523702076170594,0.0004282000008970499,0.0013530550204450265,0.00016652698104735464,0.0
40,17,gOMP,optimized,0.0006500349991256371,4.681300197262317e-05,0.00010789297812152654,0.00028485298389568925,8.407598943449557e-05,0.0
40,18,gOMP,baseline,0.0022451879922300577,6.841597496531904e-05,0.00016030996630433947,0.0011384019744582474,0.00010005704825744033,0.0
40,18,gOMP,optimized,0.0007617369992658496,5.758799670729786e-05,0.00012033300299663097,0.0003205250104656443,9.684298129286617e-05,0.0
40,19,gOMP,baseline,0.0020650289952754974,5.656000575982034e-05,0.0001515189796919003,0.0010721949656726792,0.00010027099051512778,0.0
40,19,gOMP,optimized,0.0006152949936222285,4.730999353341758e-05,0.00011128201731480658,0.00025183802063111216,7.569901936221868e-05,0.0
40,20,gOMP,baseline,0.0023363770014839247,7.891700079198927e-05,0.00019601901294663548,0.0012111510004615411,0.00011277600424364209,0.0
40,20,gOMP,optimized,0.0005936039960943162,5.2050003432668746e-05,9.963303455151618e-05,0.00024722998205106705,7.36950314603746e-05,0.0
40,21,gOMP,baseline,0.0026912930043181404,9.787402814254165e-05,0.00024511800438631326,0.001262477002455853,0.00012626798707060516,0.0
40,21,gOMP,optimized,0.0010327289928682148,8.064701978582889e-05,0.00021788000594824553,0.0004252869839547202,0.00011471202014945447,0.0
40,22,gOMP,baseline,0.003145475988276303,0.00011690199607983232,0.000293462973786518,0.001472796982852742,0.00020879300427623093,0.0
40,22,gOMP,optimized,0.0008132770017255098,6.0081976698711514e-05,0.00011912501940969378,0.00034551201679278165,0.00010241102427244186,0.0
40,23,gOMP,baseline,0.0027430490008555353,8.833399624563754e-05,0.00023488502483814955,0.0012691460142377764,0.00019350697402842343,0.0
40,23,gOMP,optimized,0.0011829779978143051,7.399803143925965e-05,0.0001577979710418731,0.0005630769883282483,0.00017461201059632003,0.0
40,24,gOMP,baseline,0.0020831650035688654,6.36700278846547e-05,0.00016044001677073538,0.0010486890096217394,9.93510038824752e-05,0.0
40,24,gOMP,optimized,0.0007557839999208227,5.848197906743735e-05,0.00017839999054558575,0.00027665698144119233,8.061800326686352e-05,0.0
40,25,gOMP,baseline,0.0023478499933844432,7.583395927213132e-05,0.00020625499018933624,0.0011483139969641343,0.0001308890205109492,0.0
40,25,gOMP,optimized,0.0006326540024019778,5.7594021200202405e-05,0.00010790899978019297,0.00025621301028877497,7.583701517432928e-05,0.0
40,26,gOMP,baseline,0.00259204299072735,0.00010174898488912731,0.0002248660020995885,0.001212594987009652,0.00017704899073578417,0.0
40,26,gOMP,optimized,0.0006523280026158318,5.822499224450439e-05,0.00011087200255133212,0.0002726090169744566,8.206798520404845e-05,0.0
40,27,gOMP,baseline,0.0020973159989807755,5.8031000662595034e-05,0.0001650690392125398,0.001057461995515041,9.513799159321934e-05,0.0
40,27,gOMP,optimized,0.0006537220033351332,4.9623995437286794e-05,0.00011695799184963107,0.0002717259922064841,7.942102092783898e-05,0.0
40,28,gOMP,baseline,0.0027058609994128346,8.455802162643522e-05,0.0002092090289806947,0.0012937900028191507,0.00013204498100094497,0.0
40,28,gOMP,optimized,0.0007423320057569072,6.841398135293275e-05,0.0001539379736641422,0.00029039496439509094,8.942400745581836e-05,0.0
40,29,gOMP,baseline,0.0023660399892833084,7.859099423512816e-05,0.0001943679671967402,0.0011293410352664068,0.00011192797683179379,0.0
40,29,gOMP,optimized,0.0006629590061493218,6.0623016906902194e-05,0.00011069198080804199,0.0002623570180730894,8.183800673577935e-05,0.0
40,30,gOMP,baseline,0.0022923539945622906,7.230101618915796e-05,0.00018459101556800306,0.0011706619552569464,0.00011353203444741666,0.0
40,30,gOMP,optimized,0.0006404300074791536,5.176999547984451e-05,0.0001199930120492354,0.00026103100390173495,7.719497079961002e-05,0.0
40,31,gOMP,baseline,0.00296819799405057,0.00012956696446053684,0.00027789596060756594,0.001387431999319233,0.0002142249868484214,0.0
40,31,gOMP,optimized,0.0006739200034644455,6.530902464874089e-05,0.0001131930184783414,0.0002709379914449528,9.465098264627159e-05,0.0
40,32,gOMP,baseline,0.0029825470119249076,8.804099343251437e-05,0.0002097129909088835,0.001600728981429711,0.00019749102648347616,0.0
40,32,gOMP,optimized,0.0008873860060703009,7.29719758965075e-05,0.000219226029003039,0.00032822799403220415,0.00011392997112125158,0.0
40,33,gOMP,baseline,0.002116184012265876,6.142897473182529e-05,0.00015456901746802032,0.001095530969905667,9.117898298427463e-05,0.0
40,33,gOMP,optimized,0.0007175829960033298,5.191098898649216e-05,0.00012511797831393778,0.00028165202820673585,0.0001052510051522404,0.0
40,34,gOMP,baseline,0.002668466986506246,0.00011972896754741669,0.00022978096967563033,0.0012881339935120195,0.00016441104526165873,0.0
40,34,gOMP,optimized,0.000949937995756045,9.918800788000226e-05,0.0001740450388751924,0.0003916260175174102,0.00011291197733953595,0.0
40,35,gOMP,baseline,0.003407096999580972,9.80820186669007e-05,0.0002509669720893726,0.001689396012807265,0.00023691897513344884,0.0
40,35,gOMP,optimized,0.0006136549927759916,4.617901868186891e-05,0.00010498399205971509,0.0002634800039231777,7.547599670942873e-05,0.0
40,36,gOMP,baseline,0.0027931740041822195,0.00010634094360284507,0.00023605301976203918,0.0012633969745365903,0.00013757700799033046,0.0
40,36,gOMP,optimized,0.0006938060105312616,5.6752003729343414e-05,0.0001152110198745504,0.0002824639668688178,8.335703751072288e-05,0.0
40,37,gOMP,baseline,0.0023627869959454983,6.552101694978774e-05,0.00018003500008489937,0.0011739999754354358,0.00010496500181034207,0.0
40,37,gOMP,optimized,0.0006388630135916173,4.67000063508749e-05,0.00010812797700054944,0.0002620350132929161,7.702699804212898e-05,0.0
40,38,gOMP,baseline,0.0026135070074815303,0.00012984998465981334,0.0002293410070706159,0.0011907400185009465,0.0001281059958273545,0.0
40,38,gOMP,optimized,0.0009584079962223768,9.039499855134636e-05,0.00017808501434046775,0.0003447580093052238,0.00014958901738282293,0.0
40,39,gOMP,baseline,0.00348749800468795,0.00011433303006924689,0.00039594603003934026,0.0016360309964511544,0.00029760402685496956,0.0
40,39,gOMP,optimized,0.0006744109996361658,5.150298238731921e-05,0.00011489402095321566,0.0002844390401151031,8.762201468925923e-05,0.0
40,40,gOMP,baseline,0.00202635298774112,6.535300053656101e-05,0.00014685699716210365,0.0010384699853602797,9.507098002359271e-05,0.0
40,40,gOMP,optimized,0.0005734330043196678,5.1871989853680134e-05,9.821401908993721e-05,0.0002332880103494972,6.940301682334393e-05,0.0
40,41,gOMP,baseline,0.0021335089986678213,6.32650189800188e-05,0.00016225699800997972,0.0010925179958576337,0.0001029220293276012,0.0
40,41,gOMP,optimized,0.0005857869982719421,4.572105535771698e-05,0.00010172001202590764,0.0002454830246279016,7.420302426908165e-05,0.0
40,42,gOMP,baseline,0.002999481002916582,0.00013804699119646102,0.0003842690057354048,0.0013639270036946982,0.00018355502106714994,0.0
40,42,gOMP,optimized,0.0006410070054698735,5.798498750664294e-05,0.0001088050048565492,0.00026753501151688397,7.960399670992047e-05,0.0
40,43,gOMP,baseline,0.0030269320122897625,0.00010311295045539737,0.00026633599190972745,0.0014238950243452564,0.00019973699818365276,0.0
40,43,gOMP,optimized,0.0006205509998835623,4.7851019189693034e-05,0.0001082350208889693,0.0002601410378701985,7.874199945945293e-05,0.0
40,44,gOMP,baseline,0.0022860070021124557,7.250902126543224e-05,0.0001741150044836104,0.0012035850086249411,0.00011042598634958267,0.0
40,44,gOMP,optimized,0.0006807809986639768,6.684193795081228e-05,0.00012960800086148083,0.000272006043815054,7.445296796504408e-05,0.0
40,45,gOMP,baseline,0.002240150992292911,5.881700781174004e-05,0.00017951698100659996,0.00107724400004372,0.0001062139926943928,0.0
40,45,gOMP,optimized,0.0011220109881833196,0.00015584401262458414,0.00022591200831811875,0.00042164503247477114,0.00012198599870316684,0.0
40,46,gOMP,baseline,0.0021181150077609345,8.45770409796387e-05,0.00016584998229518533,0.0010577469802228734,0.00010360695887356997,0.0
40,46,gOMP,optimized,0.0006860920111648738,6.882900197524577e-05,0.00012774796050507575,0.00025923903740476817,8.986500324681401e-05,0.0
40,47,gOMP,baseline,0.0020890070009045303,5.569196946453303e-05,0.00014046802243683487,0.001042424002662301,0.0001000580086838454,0.0
40,47,gOMP,optimized,0.0010610799945425242,8.531898492947221e-05,0.00019434203568380326,0.00040314398938789964,0.00015136795991566032,0.0
40,48,gOMP,baseline,0.002096601005177945,6.48859713692218e-05,0.00014945697330404073,0.0010870040277950466,0.00010425002255942672,0.0
40,48,gOMP,optimized,0.0007193700002972037,6.985403888393193e-05,0.00011424400145187974,0.00030845396395307034,8.778499613981694e-05,0.0
40,49,gOMP,baseline,0.0022448210074799135,5.957798566669226e-05,0.0001762079627951607,0.0011442929971963167,0.0001356499851681292,0.0
40,49,gOMP,optimized,0.0006000270077493042,4.698699922300875e-05,0.00010373997793067247,0.00024428304459434,7.067302067298442e-05,0.0
40,50,gOMP,baseline,0.0023492899927077815,8.507395978085697e-05,0.00016674798098392785,0.0011773110163630918,0.00013559398939833045,0.0
40,50,gOMP,optimized,0.0007209290051832795,6.479500734712929e-05,0.00012308200530242175,0.0003047810314456001,9.104299533646554e-05,0.0
40,51,gOMP,baseline,0.003239136000047438,0.00015471602091565728,0.00039336895861197263,0.001467147027142346,0.00024404001305811107,0.0
40,51,gOMP,optimized,0.0007175430073402822,5.0174028729088604e-05,0.0001196319644805044,0.00027234299341216683,8.801202056929469e-05,0.0
40,52,gOMP,baseline,0.0021414499933598563,6.766500882804394e-05,0.0001509700232418254,0.0010748629574663937,0.00010201601253356785,0.0
40,52,gOMP,optimized,0.000583998000365682,5.1041992264799774e-05,9.93470021057874e-05,0.0002412139583611861,7.175198697950691e-05,0.0
40,53,gOMP,baseline,0.0025595140032237396,8.645399066153914e-05,0.00023969401081558317,0.001252376037882641,0.00015792895283084363,0.0
40,53,gOMP,optimized,0.0005927249876549467,4.349998198449612e-05,0.0001005950034596026,0.00024067105550784618,7.171199831645936e-05,0.0
40,54,gOMP,baseline,0.0025887240044539794,8.372099546249956e-05,0.0002782649826258421,0.0012491070228861645,0.00013803198817186058,0.0
40,54,gOMP,optimized,0.0006198799965204671,5.205298657529056e-05,0.00010233499051537365,0.000247493022470735,8.967297617346048e-05,0.0
40,55,gOMP,baseline,0.002229145000455901,5.8379999245516956e-05,0.00016348401550203562,0.001172575997770764,0.00010244201985187829,0.0
40,55,gOMP,optimized,0.0006146750092739239,4.4481028453446925e-05,0.00010670001211110502,0.00026529601018410176,7.653200009372085e-05,0.0
40,56,gOMP,baseline,0.0022309750056592748,6.694103649351746e-05,0.00015979600721038878,0.0011735870211850852,0.00011388094571884722,0.0
40,56,gOMP,optimized,0.000696023998898454,6.031199882272631e-05,0.00013340305304154754,0.0002817900094669312,8.090797928161919e-05,0.0
40,57,gOMP,baseline,0.003032993001397699,8.695796714164317e-05,0.00023053599579725415,0.001525418003438972,0.0002265850198455155,0.0
40,57,gOMP,optimized,0.0009032399975694716,7.383695628959686e-05,0.00016724798479117453,0.00036129800719209015,0.0001132949983002618,0.0
40,58,gOMP,baseline,0.00206558799254708,6.480600859504193e-05,0.00016452002455480397,0.0010309889912605286,9.923703328240663e-05,0.0
40,58,gOMP,optimized,0.0006619699997827411,5.365097604226321e-05,0.00010907005344051868,0.0002566159673733637,7.40269897505641e-05,0.0
40,59,gOMP,baseline,0.002285661001224071,6.647901318501681e-05,0.00018981001630891114,0.0011385290272301063,0.0001339870213996619,0.0
40,59,gOMP,optimized,0.0006369679904310033,5.530902126338333e-05,0.00011519997497089207,0.00025814599939621985,7.421700865961611e-05,0.0
40,60,gOMP,baseline,0.0026470579905435443,8.614396210759878e-05,0.00021578399173449725,0.0013289570051711053,0.00018129503587260842,0.0
40,60,gOMP,optimized,0.0006607029936276376,5.864504782948643e-05,0.00011234299745410681,0.000275699989288114,8.189704385586083e-05,0.0
40,61,gOMP,baseline,0.0020199430000502616,5.464199057314545e-05,0.00015595799777656794,0.0010357930150348693,9.08960064407438e-05,0.0
40,61,gOMP,optimized,0.0005817750061396509,4.599601379595697e-05,0.00010110402945429087,0.00023832794977352023,6.987001688685268e-05,0.0
40,62,gOMP,baseline,0.002191303006839007,6.987800588831306e-05,0.0001703220041235909,0.001114383019739762,0.00011328600521665066,0.0
40,62,gOMP,optimized,0.0005736019957112148,5.081402196083218e-05,9.595399023965001e-05,0.00023532399791292846,6.951700197532773e-05,0.0
40,63,gOMP,baseline,0.003610750994994305,0.00010436901357024908,0.0003347569872858003,0.0016701890126569197,0.00038157399103511125,0.0
40,63,gOMP,optimized,0.0006047379865776747,4.5908003812655807e-05,0.0001071170117938891,0.00025087497488129884,7.240900595206767e-05,0.0
40,64,gOMP,baseline,0.003021826996700838,0.00011636900308076292,0.0002628520014695823,0.0013715769891859964,0.0003116349835181609,0.0
40,64,gOMP,optimized,0.0006424210005206987,5.6232966016978025e-05,0.00011238898150622845,0.000266956994892098,7.580098463222384e-05,0.0
40,65,gOMP,baseline,0.0024739489890635014,6.496200512629002e-05,0.00017350200505461544,0.0010785830236272886,0.0003428319760132581,0.0
40,65,gOMP,optimized,0.0006402180006261915,4.70649974886328e-05,0.00010973199096042663,0.0002714509901124984,7.839901081752032e-05,0.0
40,66,gOMP,baseline,0.0024189069954445586,8.494302164763212e-05,0.00018855702364817262,0.0011594510142458603,0.00014544898294843733,0.0
40,66,gOMP,optimized,0.001055813001585193,9.657499322202057e-05,0.00018785701831802726,0.0004203559656161815,0.00012843501463066787,0.0
40,67,gOMP,baseline,0.0023166859900811687,6.626301910728216e-05,0.00015884697495494038,0.001092964012059383,0.00011332501890137792,0.0
40,67,gOMP,optimized,0.0008709429966984317,6.0085993027314544e-05,0.0001484790409449488,0.0003112980048172176,8.42109730001539e-05,0.0
40,68,gOMP,baseline,0.0020622580050257966,6.660402868874371e-05,0.00015958602307364345,0.0010559649963397533,9.518401930108666e-05,0.0
40,68,gOMP,optimized,0.0006524799973703921,5.425601557362825e-05,0.00012663299276027828,0.0002550979988882318,8.950803021434695e-05,0.0
40,69,gOMP,baseline,0.0021392060007201508,5.801401857752353e-05,0.00015326699940487742,0.0010627360170474276,0.0001089109864551574,0.0
40,69,gOMP,optimized,0.0006381179991876706,4.917201295029372e-05,0.00011168001219630241,0.00026597898977342993,7.87219760240987e-05,0.0
40,70,gOMP,baseline,0.0020907039870508015,6.64690014673397e-05,0.00014889298472553492,0.0010589209850877523,9.618900367058814e-05,0.0
40,70,gOMP,optimized,0.000628277994110249,5.2934978157281876e-05,0.00011062101111747324,0.00025963001826312393,8.199701551347971e-05,0.0
40,71,gOMP,baseline,0.0019857720035361126,5.7689976529218256e-05,0.00014807003026362509,0.0010112510062754154,8.358698687516153e-05,0.0
40,71,gOMP,optimized,0.0007530959992436692,5.8394973166286945e-05,0.0001396860316162929,0.00030542799504473805,9.190601122099906e-05,0.0
40,72,gOMP,baseline,0.0024598599993623793,0.00010185599967371672,0.00019784699543379247,0.001175667974166572,0.0001253609952982515,0.0
40,72,gOMP,optimized,0.0008559380075894296,5.646198405884206e-05,0.00025011498655658215,0.000302881991956383,8.689699461683631e-05,0.0
40,73,gOMP,baseline,0.002045993009232916,5.5859010899439454e-05,0.00018334500782657415,0.0010500940261408687,8.754002919886261e-05,0.0
40,73,gOMP,optimized,0.0006671379960607737,4.685400926973671e-05,0.00011612400703597814,0.000282281034742482,8.286802039947361e-05,0.0
40,74,gOMP,baseline,0.0021744420082541183,7.113099854905158e-05,0.0001654160296311602,0.0011168690107297152,0.00010474097507540137,0.0
40,74,gOMP,optimized,0.0006612110009882599,5.618599243462086e-05,0.00011696301226038486,0.0002757780166575685,7.867800013627857e-05,0.0
40,75,gOMP,baseline,0.0029720960010308772,0.00013342499732971191,0.0002840369998011738,0.0013433000567601994,0.00025509098486509174,0.0
40,75,gOMP,optimized,0.0006441219884436578,4.987799911759794e-05,0.00011358295159880072,0.0002709389809751883,7.840695616323501e-05,0.0
40,76,gOMP,baseline,0.0026636679976945743,7.603099220432341e-05,0.00020208601199556142,0.0013472330174408853,0.00013380595191847533,0.0
40,76,gOMP,optimized,0.0007953080057632178,6.177005707286298e-05,0.00014180502330418676,0.00029922000248916447,0.00011802001972682774,0.0
40,77,gOMP,baseline,0.00248012799420394,7.452699355781078e-05,0.00020729599054902792,0.0010917529871221632,9.88770043477416e-05,0.0
40,77,gOMP,optimized,0.0007141149981180206,5.408597644418478e-05,0.00011906097643077374,0.0003134330181637779,9.104899072553962e-05,0.0
40,78,gOMP,baseline,0.0021323859982658178,6.938999285921454e-05,0.00017112503701355308,0.0010828820377355441,0.00010036198364105076,0.0
40,78,gOMP,optimized,0.0006420529971364886,5.424700793810189e-05,0.00010772400128189474,0.0002725400117924437,8.198201248887926e-05,0.0
40,79,gOMP,baseline,0.0021771659958176315,6.219602073542774e-05,0.00017735999426804483,0.0011183520255144686,0.00011999800335615873,0.0
40,79,gOMP,optimized,0.0006058160070097074,4.681703285314143e-05,0.00010753401147667319,0.0002526880125515163,7.38199451006949e-05,0.0
40,80,gOMP,baseline,0.002077393000945449,6.400699203368276e-05,0.00017665601626504213,0.0010497830080566928,9.904701437335461e-05,0.0
40,80,gOMP,optimized,0.0006351939955493435,5.3791984100826085e-05,0.00010627500887494534,0.00025532496511004865,7.472197466995567e-05,0.0
40,81,gOMP,baseline,0.00211057900742162,5.7550001656636596e-05,0.00015125398931559175,0.0010701739956857637,9.270000737160444e-05,0.0
40,81,gOMP,optimized,0.0010421290062367916,9.420100832358003e-05,0.0002000740059884265,0.0003775859804591164,0.00016862602205947042,0.0
40,82,gOMP,baseline,0.002157840004656464,6.505599594675004e-05,0.00018098005966749042,0.0010929309792118147,0.00010230597399640828,0.0
40,82,gOMP,optimized,0.0006272460013860837,5.334196612238884e-05,0.0001076159969670698,0.0002499399852240458,9.029102511703968e-05,0.0
40,83,gOMP,baseline,0.002661904989508912,9.356701048091054e-05,0.00021692899463232607,0.0012162859929958358,0.0001908730046125129,0.0
40,83,gOMP,optimized,0.0006409899942809716,4.724897735286504e-05,0.00010856300650630146,0.0002580060245236382,8.003102266229689e-05,0.0
40,84,gOMP,baseline,0.0026490269956411794,9.434696403332055e-05,0.00020735300495289266,0.0012864629970863461,0.00016706802125554532,0.0
40,84,gOMP,optimized,0.0007035169983282685,6.079401646275073e-05,0.00012495099508669227,0.0002809629950206727,7.638400711584836e-05,0.0
40,85,gOMP,baseline,0.0021906519978074357,6.457601557485759e-05,0.0001872409920906648,0.0010719749989220873,0.00012945299386046827,0.0
40,85,gOMP,optimized,0.0006681469967588782,4.4508022256195545e-05,0.00010534400644246489,0.0003157970495522022,8.066199370659888e-05,0.0
40,86,gOMP,baseline,0.0020919429953210056,6.517497240565717e-05,0.00015363897546194494,0.0010675620142137632,0.00010800898598972708,0.0
40,86,gOMP,optimized,0.0006822799914516509,5.55560109205544e-05,0.0001123440160881728,0.0002871269971365109,8.183899626601487e-05,0.0
40,87,gOMP,baseline,0.002283266992890276,6.661696534138173e-05,0.00018249600543640554,0.001169891984318383,0.00011439798981882632,0.0
40,87,gOMP,optimized,0.00059919198974967,4.2222978663630784e-05,0.00010097202903125435,0.00024716302868910134,7.270001515280455e-05,0.0
40,88,gOMP,baseline,0.002118751988746226,7.727000047452748e-05,0.00015326602442655712,0.0010549969447311014,0.00010070603457279503,0.0
40,88,gOMP,optimized,0.0006101129984017462,5.0612958148121834e-05,9.884398605208844e-05,0.0002380090008955449,7.016395102255046e-05,0.0
40,89,gOMP,baseline,0.0023082819971023127,8.289101242553443e-05,0.00016210798639804125,0.001093521001166664,0.00010729202767834067,0.0
40,89,gOMP,optimized,0.0005765609967056662,4.382901533972472e-05,0.00010070799908135086,0.00024125304480548948,7.110796286724508e-05,0.0
40,90,gOMP,baseline,0.002242139002191834,7.435103179886937e-05,0.00017119498807005584,0.0010895890154642984,0.00014230799570214003,0.0
40,90,gOMP,optimized,0.0006307150033535436,5.3216994274407625e-05,0.00010684001608751714,0.00025424901104997844,9.082195174414665e-05,0.0
40,91,gOMP,baseline,0.001987804993405007,5.6585020502097905e-05,0.00014500704128295183,0.0010222860146313906,8.331399294547737e-05,0.0
40,91,gOMP,optimized,0.0006336829974316061,4.948700370732695e-05,0.00011743498907890171,0.00025462001212872565,7.736502448096871e-05,0.0
40,92,gOMP,baseline,0.002683386002900079,8.017300569918007e-05,0.00022314401576295495,0.0013614109921036288,0.00015162296767812222,0.0
40,92,gOMP,optimized,0.0006996930023888126,5.657100700773299e-05,0.00012040199362672865,0.000293036995572038,9.362302080262452e-05,0.0
40,93,gOMP,baseline,0.002490404003765434,0.00017488400044385344,0.0002054939977824688,0.001175736979348585,0.0001568980369484052,0.0
40,93,gOMP,optimized,0.0007428730023093522,5.265497020445764e-05,0.00011898201773874462,0.0003344859869685024,9.785397560335696e-05,0.0
40,94,gOMP,baseline,0.002044590000878088,6.364802538882941e-05,0.00014426599955186248,0.0010359229781897739,9.592699643690139e-05,0.0
40,94,gOMP,optimized,0.0007068539998726919,5.1996001275256276e-05,0.0001153469638666138,0.00024548001238144934,0.00015508197247982025,0.0
40,95,gOMP,baseline,0.00199336301011499,5.995298852212727e-05,0.00014010902668815106,0.0010255960223730654,8.44300229800865e-05,0.0
40,95,gOMP,optimized,0.0011269870010437444,9.432996739633381e-05,0.0001789570233086124,0.0003699929948197678,0.00023951998446136713,0.0
40,96,gOMP,baseline,0.0021772499894723296,6.845900497864932e-05,0.00016181297542061657,0.0011469619785202667,0.0001008490362437442,0.0
40,96,gOMP,optimized,0.0006763959972886369,5.318498006090522e-05,0.00010977400233969092,0.00027742001111619174,9.13319963729009e-05,0.0
40,97,gOMP,baseline,0.002276582003105432,7.01589451637119e-05,0.00019295398669783026,0.0011269510287092999,0.00014049602032173425,0.0
40,97,gOMP,optimized,0.0007168149895733222,5.520298145711422e-05,0.00011722803174052387,0.00027980099548585713,9.232602315023541e-05,0.0
40,98,gOMP,baseline,0.0031630089943064377,0.00012467900523915887,0.0002753560256678611,0.0014840050280326977,0.00020515697542577982,0.0
40,98,gOMP,optimized,0.0009742900001583621,7.698799890931696e-05,0.0001708359777694568,0.0003650960134109482,0.00018113800615537912,0.0
40,99,gOMP,baseline,0.0025318139960290864,8.386102854274213e-05,0.0002599900180939585,0.0012763839913532138,0.00014266598736867309,0.0
40,99,gOMP,optimized,0.0006589999975403771,4.66250057797879e-05,0.00011036702198907733,0.0002668559900484979,9.353402128908783e-05,0.0
40,100,gOMP,baseline,0.0020291719993110746,6.209203274920583e-05,0.00014357401232700795,0.0010357659921282902,9.582897473592311e-05,0.0
40,100,gOMP,optimized,0.0006530220125569031,6.804699660278857e-05,0.00011405898840166628,0.00025581697991583496,8.2019018009305e-05,0.0
40,101,gOMP,baseline,0.0022738239931641147,6.525205390062183e-05,0.00017936401127371937,0.0011663880140986294,0.00011248400551266968,0.0
40,101,gOMP,optimized,0.0006794289947720245,5.162101297173649e-05,0.00011608404747676104,0.0002909590257331729,8.314799924846739e-05,0.0
40,102,gOMP,baseline,0.002190629005781375,7.138897490222007e-05,0.0001540900266263634,0.0011294590221950784,0.00010967101843561977,0.0
40,102,gOMP,optimized,0.0006278929940890521,5.499199323821813e-05,0.00012699200306087732,0.00024800900428090245,7.727599586360157e-05,0.0
40,103,gOMP,baseline,0.0024741899978835136,8.105796587187797e-05,0.00020709304953925312,0.001269565982511267,0.00012897000124212354,0.0
40,103,gOMP,optimized,0.0006688619905617088,5.1868948503397405e-05,0.00012461296864785254,0.0002745499514276162,7.646798621863127e-05,0.0
40,104,gOMP,baseline,0.0024699689965927973,8.609499491285533e-05,0.00020013898028992116,0.0012215440074214712,0.00015361799160018563,0.0
40,104,gOMP,optimized,0.0006539129972225055,6.305903661996126e-05,0.00010750396177172661,0.00027737600612454116,7.601200195495039e-05,0.0
40,105,gOMP,baseline,0.00212390000524465,6.043097528163344e-05,0.00015513501421082765,0.001081686990801245,9.017200500238687e-05,0.0
40,105,gOMP,optimized,0.0006792110070819035,4.804799391422421e-05,0.0001472109870519489,0.0002663720224518329,8.073195931501687e-05,0.0
40,106,gOMP,baseline,0.0023586400056956336,8.269096724689007e-05,0.00020188599592074752,0.0011579929996514693,0.00012630502169486135,0.0
40,106,gOMP,optimized,0.0005910929903620854,5.223396874498576e-05,0.00010079897765535861,0.00024378403031732887,7.22670229151845e-05,0.0
40,107,gOMP,baseline,0.002640222999616526,9.473398677073419e-05,0.0002206599892815575,0.001271235989406705,0.00013647001469507813,0.0
40,107,gOMP,optimized,0.0007988170109456405,4.865298978984356e-05,0.00012668102863244712,0.0003561249905033037,8.50399665068835e-05,0.0
40,108,gOMP,baseline,0.002647040004376322,8.352400618605316e-05,0.00024572703114245087,0.0013195729698054492,0.00014200799341779202,0.0
40,108,gOMP,optimized,0.0006542490009451285,5.7285011280328035e-05,0.00011095695663243532,0.00028203600959386677,7.817700679879636e-05,0.0
40,109,gOMP,baseline,0.0020855160109931603,5.8665042161010206e-05,0.000170907995197922,0.0010452830319991335,9.091699030250311e-05,0.0
40,109,gOMP,optimized,0.000879091996466741,6.77910284139216e-05,0.0001543639664305374,0.0003377940447535366,0.0001187210000352934,0.0
40,110,gOMP,baseline,0.0021272360027069226,6.949299131520092e-05,0.0001626409648451954,0.0010854510182980448,0.00010261201532557607,0.0
40,110,gOMP,optimized,0.0006394999945769086,5.338001938071102e-05,0.0001077000197255984,0.0002665260253706947,7.897801697254181e-05,0.0
40,111,gOMP,baseline,0.0028389479994075373,7.713698141742498e-05,0.00021977801225148141,0.001488114969106391,0.0001649020123295486,0.0
40,111,gOMP,optimized,0.000620657010586001,4.653002542909235e-05,0.00010597798973321915,0.00025484197249170393,7.428997196257114e-05,0.0
40,112,gOMP,baseline,0.002467291007633321,7.869800901971757e-05,0.00019004795467481017,0.001187942994874902,0.00010595699131954461,0.0
40,112,gOMP,optimized,0.0006235720065888017,5.420000525191426e-05,0.00010561798990238458,0.00024863101134542376,7.489002018701285e-05,0.0
40,113,gOMP,baseline,0.0022322919976431876,6.218897760845721e-05,0.0001777110155671835,0.0010691760253394023,0.00010678295802790672,0.0
40,113,gOMP,optimized,0.0006772350025130436,5.874197813682258e-05,0.00011795797036029398,0.0002717940224101767,8.572702063247561e-05,0.0
40,114,gOMP,baseline,0.002276000988786109,6.781202682759613e-05,0.0001965469855349511,0.001170207018731162,0.00011485701543278992,0.0
40,114,gOMP,optimized,0.0006842980073997751,5.497397796716541e-05,0.00011392697342671454,0.0002865399874281138,8.143601007759571e-05,0.0
40,115,gOMP,baseline,0.0020109939941903576,7.671395724173635e-05,0.00015143302152864635,0.0010164290288230404,8.636801794636995e-05,0.0
40,115,gOMP,optimized,0.0006660090002696961,4.7861976781859994e-05,0.00015348001033999026,0.00025906600058078766,7.897202158346772e-05,0.0
40,116,gOMP,baseline,0.002235830994322896,6.936996942386031e-05,0.00018070798250846565,0.0011545779998414218,0.0001074780011549592,0.0
40,116,gOMP,optimized,0.0006428569904528558,5.324404628481716e-05,0.00012249000428710133,0.0002665679785422981,7.619497773703188e-05,0.0
40,117,gOMP,baseline,0.0024026669998420402,7.51130428398028e-05,0.0001931240112753585,0.0011877260258188471,0.00011075097427237779,0.0
40,117,gOMP,optimized,0.0006353900098474696,4.455803718883544e-05,0.00010060201748274267,0.0002439910313114524,7.209602335933596e-05,0.0
40,118,gOMP,baseline,0.00253959400288295,8.652497490402311e-05,0.00022096699103713036,0.0011871170136146247,0.00013707100879400969,0.0
40,118,gOMP,optimized,0.0006848049961263314,6.278102227952331e-05,0.00011659500887617469,0.000271458993665874,8.333798905368894e-05,0.0
40,119,gOMP,baseline,0.003183806999004446,9.870104258880019e-05,0.00030607101507484913,0.0015768470038892701,0.00022136197367217392,0.0
40,119,gOMP,optimized,0.0006880449946038425,6.610601849388331e-05,0.0001231620117323473,0.0002804980176733807,8.10459750937298e-05,0.0
40,120,gOMP,baseline,0.0032191539939958602,9.746296564117074e-05,0.00025125403772108257,0.001519850004115142,0.0003235839685657993,0.0
40,120,gOMP,optimized,0.0006224100070539862,5.3767027566209435e-05,0.00011213899415452033,0.0002562320150900632,7.212000491563231e-05,0.0
40,121,gOMP,baseline,0.0023667829955229536,7.510998693760484e-05,0.00019084398809354752,0.0011814339959528297,0.0001348469959339127,0.0
40,121,gOMP,optimized,0.0006182809884194285,4.672299837693572e-05,0.0001041120121954009,0.0002546000323491171,7.411999104078859e-05,0.0
40,122,gOMP,baseline,0.0031970010022632778,0.00011927299783565104,0.0002708259999053553,0.0015505890041822568,0.00022852799156680703,0.0
40,122,gOMP,optimized,0.0006994069990469143,5.952897481620312e-05,0.00011420596274547279,0.00030129699734970927,8.764499216340482e-05,0.0
40,123,gOMP,baseline,0.002395243995124474,7.414100400637835e-05,0.00020239499281160533,0.0011687969963531941,0.0001434989826520905,0.0
40,123,gOMP,optimized,0.0012462599988793954,0.00012880201393272728,0.00019615697965491563,0.0005237299774307758,0.00020333797147031873,0.0
40,124,gOMP,baseline,0.0020508279994828627,6.531100370921195e-05,0.00016277399845421314,0.00101585200172849,9.618897456675768e-05,0.0
40,124,gOMP,optimized,0.0006629050039919093,5.888800660613924e-05,0.00011781799548771232,0.000258789979852736,7.896700117271394e-05,0.0
40,125,gOMP,baseline,0.0021105419873492792,5.5127020459622145e-05,0.00016732800577301532,0.0010781000164570287,9.940601012203842e-05,0.0
40,125,gOMP,optimized,0.0006803370051784441,4.7612033085897565e-05,0.00011810501746367663,0.00027419002435635775,0.00010451297566760331,0.0
40,126,gOMP,baseline,0.0023709960078122094,8.276799053419381e-05,0.00019548401178326458,0.0011764250084524974,0.00012339299428276718,0.0
40,126,gOMP,optimized,0.0006895639962749556,5.931204941589385e-05,0.00011261799954809248,0.0002814609615597874,8.494297799188644e-05,0.0
40,127,gOMP,baseline,0.0024177040031645447,8.329800039064139e-05,0.0001915640023071319,0.001132431032601744,0.00010489998385310173,0.0
40,127,gOMP,optimized,0.0006922329921508208,5.39190077688545e-05,0.00012060996959917247,0.00028436401044018567,9.514101839158684e-05,0.0
40,128,gOMP,baseline,0.0020552360074361786,6.397896504495293e-05,0.0001540850062156096,0.001036085988744162,9.671703446656466e-05,0.0
40,128,gOMP,optimized,0.0006353920034598559,5.257497832644731e-05,0.00010613705671858042,0.0002546190225984901,8.761500066611916e-05,0.0
40,129,gOMP,baseline,0.002286686998559162,6.563503120560199e-05,0.00016499499906785786,0.0011596670519793406,0.00011327899119351059,0.0
40,129,gOMP,optimized,0.0005857700016349554,4.4836997403763235e-05,0.00010129797738045454,0.00024503402528353035,7.180999091360718e-05,0.0
40,130,gOMP,baseline,0.0022175219928612933,6.95089838700369e-05,0.00016036700981203467,0.0011337920295773074,0.00012516198330558836,0.0
40,130,gOMP,optimized,0.0005995929968776181,5.247599619906396e-05,0.00010346402996219695,0.0002525140007492155,7.157698564697057e-05,0.0
40,131,gOMP,baseline,0.0025496690068393946,9.156503074336797e-05,0.0002114980306942016,0.0012575740256579593,0.00015776799409650266,0.0
40,131,gOMP,optimized,0.0006360380066325888,5.061599949840456e-05,0.000112360023194924,0.00026739700115285814,7.482498767785728e-05,0.0
40,132,gOMP,baseline,0.0026432599988766015,0.00010012701386585832,0.00021147301595192403,0.0012643039954127744,0.00016950596182141453,0.0
40,132,gOMP,optimized,0.0008742299978621304,8.687004446983337e-05,0.00017307898087892681,0.00035887499689124525,9.95390146272257e-05,0.0
40,133,gOMP,baseline,0.0021166569931665435,7.291798829101026e-05,0.00016345999028999358,0.001076240005204454,9.990102262236178e-05,0.0
40,133,gOMP,optimized,0.0005868550069862977,4.463201912585646e-05,0.0001044479722622782,0.00024594600836280733,7.359198934864253e-05,0.0
40,134,gOMP,baseline,0.0025899689935613424,0.0001841339690145105,0.00023649503418710083,0.0011977200047113001,0.00012531595712061971,0.0
40,134,gOMP,optimized,0.0007583010010421276,5.647099169436842e-05,0.00011200102744624019,0.00035476595803629607,9.686598787084222e-05,0.0
40,135,gOMP,baseline,0.002067151013761759,5.8775010984390974e-05,0.00016698600666131824,0.0010322190064471215,8.986801549326628e-05,0.0
40,135,gOMP,optimized,0.0006291840109042823,4.613101191353053e-05,0.00010662601562216878,0.000247102027060464,9.719701483845711e-05,0.0
40,136,gOMP,baseline,0.002267926000058651,6.809597834944725e-05,0.0001799979800125584,0.0011550190101843327,0.00011936399096157402,0.0
40,136,gOMP,optimized,0.0007061539945425466,6.683703395538032e-05,0.00012897502165287733,0.00028826600464526564,8.225602505262941e-05,0.0
40,137,gOMP,baseline,0.0020552319911075756,6.204099918249995e-05,0.00015802097914274782,0.0010296909895259887,8.998201519716531e-05,0.0
40,137,gOMP,optimized,0.0006845219904789701,4.90749953314662e-05,0.00014647898206021637,0.00028263599961064756,8.065899601206183e-05,0.0
40,138,gOMP,baseline,0.0027439209952717647,0.00013770299847237766,0.0002239020395791158,0.001203473992063664,0.00012347599840722978,0.0
40,138,gOMP,optimized,0.0007061760115902871,6.0735983424820006e-05,0.0001227000029757619,0.00029598404944408685,8.728602551855147e-05,0.0
40,139,gOMP,baseline,0.002414560003671795,6.038398714736104e-05,0.00018665501556824893,0.0013073360023554415,0.00011316203745082021,0.0
40,139,gOMP,optimized,0.0005963099974906072,4.6303015551529825e-05,0.00010745803592726588,0.0002439870295347646,7.326000195462257e-05,0.0
40,140,gOMP,baseline,0.0020683050097431988,6.407499313354492e-05,0.00015793602506164461,0.0010598440276226029,9.747501462697983e-05,0.0
40,140,gOMP,optimized,0.000634784999419935,5.68280229344964e-05,0.00010877702152356505,0.00026217599224764854,7.538398494943976e-05,0.0
40,141,gOMP,baseline,0.0021517179993679747,6.248097633942962e-05,0.00017802698130253702,0.0011001670209225267,9.411397331859916e-05,0.0
40,141,gOMP,optimized,0.0006462040037149563,4.473901935853064e-05,0.00010340299922972918,0.0002763789816526696,7.483003719244152e-05,0.0
40,142,gOMP,baseline,0.0022137380001368,6.934598786756396e-05,0.00017350801499560475,0.0010917670151684433,0.00010326001211069524,0.0
40,142,gOMP,optimized,0.0006508810038212687,5.356300971470773e-05,0.00010886501695495099,0.00027762701211031526,7.72179919295013e-05,0.0
40,143,gOMP,baseline,0.002321998996194452,6.880698492750525e-05,0.00017047702567651868,0.001141382017522119,0.0001967750140465796,0.0
40,143,gOMP,optimized,0.0006544420029968023,4.711300425697118e-05,0.00011463696137070656,0.0002789449936244637,8.80089501151815e-05,0.0
40,144,gOMP,baseline,0.0023111430054996163,8.150801295414567e-05,0.0001726340124150738,0.0011463480041129515,0.00011902800179086626,0.0
40,144,gOMP,optimized,0.0006799760012654588,6.235197361093014e-05,0.00011884204286616296,0.0002839150110958144,8.072600758168846e-05,0.0
40,145,gOMP,baseline,0.0026246490015182644,8.721004996914417e-05,0.00021750899031758308,0.0012761669786414132,0.0001431959681212902,0.0
40,145,gOMP,optimized,0.000749589002225548,4.931099829263985e-05,0.00012159998004790395,0.00034064901410602033,8.50699725560844e-05,0.0
40,146,gOMP,baseline,0.002082405990222469,6.651999137829989e-05,0.0001650340127525851,0.0010549559810897335,9.99120093183592e-05,0.0
40,146,gOMP,optimized,0.0006073279946576804,5.258305463939905e-05,0.00010451901471242309,0.0002423270052531734,8.531101047992706e-05,0.0
40,147,gOMP,baseline,0.002193077001720667,7.806003850419074e-05,0.00016310600040014833,0.0010728470515459776,0.0001205930020660162,0.0
40,147,gOMP,optimized,0.0006005049945088103,5.69370313314721e-05,0.00010135798947885633,0.00024824897991493344,7.229905168060213e-05,0.0
40,148,gOMP,baseline,0.002203124007792212,6.816998939029872e-05,0.00019288099429104477,0.001100336987292394,0.00011284399079158902,0.0
40,148,gOMP,optimized,0.0006512590043712407,5.434702325146645e-05,0.00010808598017320037,0.0002637820434756577,9.03640320757404e-05,0.0
40,149,gOMP,baseline,0.0019889440009137616,5.719995533581823e-05,0.00014916299551259726,0.001011850981740281,8.251996769104153e-05,0.0
40,149,gOMP,optimized,0.0006487060018116608,4.622199048753828e-05,0.00012031498772557825,0.0002713519788812846,7.94789957581088e-05,0.0
40,150,gOMP,baseline,0.002798075001919642,0.00011981501302216202,0.0002452320186421275,0.0013010440015932545,0.00020847101404797286,0.0
40,150,gOMP,optimized,0.0007305869949050248,6.0812002629972994e-05,0.000156820984557271,0.00029075703059788793,8.537901157978922e-05,0.0
40,151,gOMP,baseline,0.002078704987070523,5.705603689420968e-05,0.00015443596930708736,0.0010759289871202782,9.036400297190994e-05,0.0
40,151,gOMP,optimized,0.0006167779938550666,4.6846995246596634e-05,0.0001042010699165985,0.00025221701071131974,8.150999201461673e-05,0.0
40,152,gOMP,baseline,0.0024773199984338135,6.940100865904242e-05,0.00020260800374671817,0.0012631610443349928,0.00016711898206267506,0.0
40,152,gOMP,optimized,0.0007371950050583109,6.283199763856828e-05,0.0001341460010735318,0.0003068930236622691,8.657098805997521e-05,0.0
40,153,gOMP,baseline,0.002375460011535324,7.591505709569901e-05,0.00023103096464183182,0.0011605439649429172,0.0001329450315097347,0.0
40,153,gOMP,optimized,0.0009514669945929199,6.199697963893414e-05,0.00013672800560016185,0.00039571999514009804,0.00012998501188121736,0.0
40,154,gOMP,baseline,0.002230544007034041,6.921698513906449e-05,0.00016923902148846537,0.0011577249824767932,0.00011431497114244848,0.0
40,154,gOMP,optimized,0.0005789880087831989,5.046799196861684e-05,9.754698839969933e-05,0.00024057802511379123,6.975802534725517e-05,0.0
40,155,gOMP,baseline,0.0022666110016871244,6.324202695395797e-05,0.000171044041053392,0.0011638610012596473,0.00013025898078922182,0.0
40,155,gOMP,optimized,0.0007569770095869899,5.237100413069129e-05,0.00018800501129589975,0.00028888098313473165,8.413595787715167e-05,0.0
40,156,gOMP,baseline,0.0020432169985724613,6.541000038851053e-05,0.0001474299788242206,0.0010471600107848644,9.430601494386792e-05,0.0
40,156,gOMP,optimized,0.0006464759935624897,5.361500370781869e-05,0.00011768098920583725,0.00026194598467554897,7.761101005598903e-05,0.0
40,157,gOMP,baseline,0.002101882011629641,5.744599911849946e-05,0.00017026295245159417,0.0010635120124788955,9.364698780700564e-05,0.0
40,157,gOMP,optimized,0.0013061609934084117,6.71179877826944e-05,0.0002784370299195871,0.0005312400026014075,0.0001341540046269074,0.0
40,158,gOMP,baseline,0.0021262619993649423,6.501498864963651e-05,0.00016268201579805464,0.0010786619823193178,0.00010194197238888592,0.0
40,158,gOMP,optimized,0.0005820709920953959,5.208596121519804e-05,0.00010267905599903315,0.00023604101443197578,6.989299436099827e-05,0.0
40,159,gOMP,baseline,0.0024339750088984147,6.679703074041754e-05,0.0002008959709201008,0.0012554819986689836,0.00014073002967052162,0.0
40,159,gOMP,optimized,0.0014039719972060993,7.257499964907765e-05,0.00026617999537847936,0.0006279870140133426,0.00019118799536954612,0.0
40,160,gOMP,baseline,0.0030191400001058355,8.764298399910331e-05,0.00044959202932659537,0.0013833149860147387,0.00017210999794770032,0.0
40,160,gOMP,optimized,0.0005840800004079938,5.133695958647877e-05,9.98699979390949e-05,0.00024048399063758552,7.02119868947193e-05,0.0
40,161,gOMP,baseline,0.002516104999813251,8.114393858704716e-05,0.000203245974262245,0.0012174249859526753,0.0001200270198751241,0.0
40,161,gOMP,optimized,0.0006741760007571429,5.232599505688995e-05,0.00012760200479533523,0.0002764499804470688,8.06460011517629e-05,0.0
40,162,gOMP,baseline,0.002274878992466256,9.084802877623588e-05,0.00020380897331051528,0.0010990640003001317,0.00013473397120833397,0.0
40,162,gOMP,optimized,0.0008881700050551444,8.454700582660735e-05,0.00018495201948098838,0.00034659201628528535,0.00010203199053648859,0.0
40,163,gOMP,baseline,0.0021891429933020845,5.7751021813601255e-05,0.00015080097364261746,0.0011394449538784102,0.0001104099937947467,0.0
40,163,gOMP,optimized,0.0006311229954008013,5.0296992412768304e-05,0.00011170998914167285,0.0002623780019348487,7.656401430722326e-05,0.0
40,164,gOMP,baseline,0.0020180849969619885,6.270199082791805e-05,0.0001499650243204087,0.0010301599686499685,9.548601519782096e-05,0.0
40,164,gOMP,optimized,0.0005791060102637857,5.088701436761767e-05,0.00010171000030823052,0.00023848902492318302,7.081698277033865e-05,0.0
40,165,gOMP,baseline,0.0020997480023652315,5.929800681769848e-05,0.0001603800046723336,0.0010755780094768852,0.00010431303235236555,0.0
40,165,gOMP,optimized,0.0005684979987563565,4.4562999391928315e-05,9.818401304073632e-05,0.00023477703507523984,6.957401637919247e-05,0.0
40,166,gOMP,baseline,0.002064490006887354,6.353102799039334e-05,0.00015454101958312094,0.0010612560145091265,0.00010045595990959555,0.0
40,166,gOMP,optimized,0.0005996109975967556,5.327601684257388e-05,0.00010750697401817888,0.0002406619896646589,7.068805280141532e-05,0.0
40,167,gOMP,baseline,0.0027830350009026006,0.00010859398753382266,0.00025354600802529603,0.001293122986680828,0.00018639402696862817,0.0
40,167,gOMP,optimized,0.0006612299912376329,5.3740921430289745e-05,0.00011691600957419723,0.00027068999770563096,8.12619982752949e-05,0.0
40,168,gOMP,baseline,0.0024088829959509894,8.726699161343277e-05,0.00020475299970712513,0.0011673670232994482,0.00014391601143870503,0.0
40,168,gOMP,optimized,0.0006374580116244033,6.30220165476203e-05,0.00010473599832039326,0.0002598710125312209,7.77529930928722e-05,0.0
40,169,gOMP,baseline,0.0021578150044661015,5.774798046331853e-05,0.0001449330011382699,0.0011297379969619215,0.00010049100092146546,0.0
40,169,gOMP,optimized,0.0009758149972185493,7.730598736088723e-05,0.00017699399904813617,0.0003971630067098886,0.0001386729854857549,0.0
40,170,gOMP,baseline,0.0023757409944664687,6.965096690692008e-05,0.0001904070086311549,0.0012352769990684465,0.00011847401037812233,0.0
40,170,gOMP,optimized,0.0006739189993822947,5.683796189259738e-05,0.0001115600171033293,0.000274822989013046,8.251200779341161e-05,0.0
40,171,gOMP,baseline,0.002405454986728728,6.905299960635602e-05,0.00018252395966555923,0.0012039220455335453,0.00012461899314075708,0.0
40,171,gOMP,optimized,0.000674111011903733,5.735803279094398e-05,0.0001149699673987925,0.00028000198653899133,8.77800484886393e-05,0.0
40,172,gOMP,baseline,0.003593497007386759,0.000125733989989385,0.000339171034283936,0.0017011570307658985,0.0003139809996355325,0.0
40,172,gOMP,optimized,0.0007233710057334974,6.636296166107059e-05,0.00012627099931705743,0.00029871701553929597,8.867001452017576e-05,0.0
40,173,gOMP,baseline,0.003731410004547797,0.00011319601617287844,0.0002987440529977903,0.0018480770086171106,0.00029779104806948453,0.0
40,173,gOMP,optimized,0.0007206940063042566,5.612200766336173e-05,0.00013170897727832198,0.0003021319571416825,8.305603114422411e-05,0.0
40,174,gOMP,baseline,0.00287887999729719,8.70200019562617e-05,0.00020438196952454746,0.0014857719943393022,0.0001781669707270339,0.0
40,174,gOMP,optimized,0.0011764510127250105,8.714997966308147e-05,0.00028363600722514093,0.0004481529613258317,0.00013129400031175464,0.0
40,175,gOMP,baseline,0.0026586729945847765,8.348500705324113e-05,0.00019787898054346442,0.0013521020155167207,0.0001511699811089784,0.0
40,175,gOMP,optimized,0.0009765980066731572,6.960101018194109e-05,0.0001676910324022174,0.0004232320061419159,0.00010780499724205583,0.0
40,176,gOMP,baseline,0.0022754480014555156,6.823100557085127e-05,0.0001817940064938739,0.0011720169859472662,0.00010931903671007603,0.0
40,176,gOMP,optimized,0.0007048409897834063,5.7706027291715145e-05,0.0001152789918705821,0.000304418004816398,8.784102101344615e-05,0.0
40,177,gOMP,baseline,0.002964821003843099,0.00014306401135399938,0.00031113998556975275,0.0014177919802023098,0.00019118098134640604,0.0
40,177,gOMP,optimized,0.0006834569940110669,4.921203071717173e-05,0.00011978299880865961,0.000299803024972789,8.387403795495629e-05,0.0
40,178,gOMP,baseline,0.0025493200082564726,7.506502151954919e-05,0.00022706500021740794,0.0012751070316880941,0.0001382699701935053,0.0
40,178,gOMP,optimized,0.0007922440127003938,7.38189701223746e-05,0.00016308799968101084,0.0003007200139109045,9.5578987384215e-05,0.0
40,179,gOMP,baseline,0.002213440995546989,6.29960122751072e-05,0.00017721595941111445,0.0011209090007469058,0.00011055699724238366,0.0
40,179,gOMP,optimized,0.0006770469917682931,4.9230948206968606e-05,0.00011500802065711468,0.0002812049788190052,9.063095785677433e-05,0.0
40,180,gOMP,baseline,0.002196350003941916,7.687303877901286e-05,0.0001561230019433424,0.0011061079858336598,0.00010226298763882369,0.0
40,180,gOMP,optimized,0.0007562639948446304,5.451698962133378e-05,0.00010636998922564089,0.0002882300177589059,8.134600648190826e-05,0.0
40,181,gOMP,baseline,0.00211549099185504,5.6275996030308306e-05,0.00015332696784753352,0.0010926249669864774,9.442701411899179e-05,0.0
40,181,gOMP,optimized,0.000701627999660559,6.0806036344729364e-05,0.000119885997264646,0.00030535197583958507,8.535597589798272e-05,0.0
40,182,gOMP,baseline,0.0027971700037596747,0.00013745701289735734,0.0002345699758734554,0.0013023690116824582,0.00020410999422892928,0.0
40,182,gOMP,optimized,0.0009010380017571151,6.42620725557208e-05,0.0002097010292345658,0.00036600300518330187,9.764902642928064e-05,0.0
40,183,gOMP,baseline,0.00366715899144765,0.00021106598433107138,0.00034612498711794615,0.0016815370036056265,0.00024998802109621465,0.0
40,183,gOMP,optimized,0.0007419920002575964,5.600902659352869e-05,0.00013808697985950857,0.0003042939642909914,9.092700202018023e-05,0.0
40,184,gOMP,baseline,0.002447481994749978,7.651103078387678e-05,0.00017220902373082936,0.0011883809638675302,0.00012119798338972032,0.0
40,184,gOMP,optimized,0.0008414750045631081,7.61709816288203e-05,0.00014325299707707018,0.0003201950166840106,0.00010383703920524567,0.0
40,185,gOMP,baseline,0.0021709670108975843,6.0071994084864855e-05,0.00015809800243005157,0.0010728989873314276,8.937598613556474e-05,0.0
40,185,gOMP,optimized,0.0006798079994041473,5.1979004638269544e-05,0.0001175589713966474,0.00028106500394642353,8.145997708197683e-05,0.0
40,186,gOMP,baseline,0.0023995679948711768,0.0001240459969267249,0.00020097203378099948,0.0011929319880437106,0.00011610196088440716,0.0
40,186,gOMP,optimized,0.0006821549904998392,5.500900442712009e-05,0.00011212100798729807,0.0002776809851638973,7.981897215358913e-05,0.0
40,187,gOMP,baseline,0.0023135670053306967,6.96469796821475e-05,0.00017782399663701653,0.0011270149407209828,0.00014754300354979932,0.0
40,187,gOMP,optimized,0.0006169840053189546,4.793799598701298e-05,0.00010634202044457197,0.0002586600312497467,7.659998664166778e-05,0.0
40,188,gOMP,baseline,0.0029450180009007454,0.00010235197260044515,0.0002335769822821021,0.001358035980956629,0.00017106995801441371,0.0
40,188,gOMP,optimized,0.0007785389898344874,6.321498949546367e-05,0.00012785696890205145,0.0003271830064477399,9.297805081587285e-05,0.0
40,189,gOMP,baseline,0.0026219629944534972,9.085700730793178e-05,0.0001969960139831528,0.001260350996744819,0.00013441304326988757,0.0
40,189,gOMP,optimized,0.0007179210078902543,5.414597399067134e-05,0.00012153298303019255,0.0003132860147161409,8.734695438761264e-05,0.0
40,190,gOMP,baseline,0.00261887299711816,9.725801646709442e-05,0.00028137901972513646,0.0012482579913921654,0.0001380179892294109,0.0
40,190,gOMP,optimized,0.0006963780033402145,5.748802504967898e-05,0.0001413779827998951,0.0002783739910228178,8.118798723444343e-05,0.0
40,191,gOMP,baseline,0.0032266280031763017,0.0001086879929061979,0.00027076299011241645,0.0015962129837134853,0.00019780296133831143,0.0
40,191,gOMP,optimized,0.0008285780058940873,0.00010522000957280397,0.00015254000027198344,0.0003235349868191406,9.254901669919491e-05,0.0
40,192,gOMP,baseline,0.002278728992678225,7.244996959343553e-05,0.0001775060227373615,0.001148939976701513,0.00010902498615905643,0.0
40,192,gOMP,optimized,0.0007412660052068532,6.361800478771329e-05,0.00013506699178833514,0.0002973700320580974,8.942998829297721e-05,0.0
40,193,gOMP,baseline,0.0022123469971120358,6.093297270126641e-05,0.00017027401190716773,0.001113858015742153,9.476700506638736e-05,0.0
40,193,gOMP,optimized,0.0006800690025556833,4.9134978326037526e-05,0.00012774497736245394,0.0002869130112230778,8.002400863915682e-05,0.0
40,194,gOMP,baseline,0.0022350470098899677,6.78040087223053e-05,0.00016493200382683426,0.0011285040091024712,0.00010523303353693336,0.0
40,194,gOMP,optimized,0.0006929289957042783,5.213396798353642e-05,0.00010393401316832751,0.0002522470022086054,7.667404133826494e-05,0.0
40,195,gOMP,baseline,0.002170820996980183,6.527799996547401e-05,0.00015850301133468747,0.0011017320066457614,9.791302727535367e-05,0.0
40,195,gOMP,optimized,0.0006058550061425194,4.4872984290122986e-05,0.0001038119662553072,0.0002602550230221823,7.44350254535675e-05,0.0
40,196,gOMP,baseline,0.003086393990088254,9.947302169166505e-05,0.00022571600857190788,0.0014953929785406217,0.0002568670315667987,0.0
40,196,gOMP,optimized,0.0006414399977074936,5.5544005590491e-05,0.00011043295671697706,0.0002655440039234236,7.700899732299149e-05,0.0
40,197,gOMP,baseline,0.0021790049941046163,6.276802741922438e-05,0.00016756700642872602,0.0011157190019730479,0.00010021403431892395,0.0
40,197,gOMP,optimized,0.0014178319979691878,0.0001249319757334888,0.0002750160056166351,0.0005803829990327358,0.0002456660004099831,0.0
40,198,gOMP,baseline,0.0024190109979826957,7.435296720359474e-05,0.0001666369935264811,0.0011642250028671697,0.00012871301441919059,0.0
40,198,gOMP,optimized,0.0008676559955347329,7.588899461552501e-05,0.00016416999278590083,0.0003357270179549232,0.00010433698480483145,0.0
40,199,gOMP,baseline,0.002898627004469745,0.00016081503417808563,0.00023451301967725158,0.0013309170171851292,0.0002081580023514107,0.0
40,199,gOMP,optimized,0.0006650160066783428,5.151498771738261e-05,0.00011268600064795464,0.00028261296392884105,7.857999298721552e-05,0.0
40,200,gOMP,baseline,0.0023551869962830096,8.060398977249861e-05,0.00017059699166566133,0.0011812750017270446,0.0001246150059159845,0.0
40,200,gOMP,optimized,0.0007910700078355148,6.459001451730728e-05,0.0001869469997473061,0.00029524001001846045,8.918601088225842e-05,0.0
40,201,gOMP,baseline,0.0032614579977234825,0.00011909898603335023,0.000265704991761595,0.0014748600078746676,0.00021398899843916297,0.0
40,201,gOMP,optimized,0.0007882579957367852,6.261798262130469e-05,0.00015112696564756334,0.00031593197491019964,9.596699965186417e-05,0.0
40,202,gOMP,baseline,0.002184115001000464,6.644298264291137e-05,0.00016651702753733844,0.0011326690146233886,0.0001061660295818001,0.0
40,202,gOMP,optimized,0.0006383230065694079,5.4002986871637404e-05,0.0001098689972423017,0.00026735498977359384,7.730501238256693e-05,0.0
40,203,gOMP,baseline,0.002350433001993224,8.062298002187163e-05,0.00020678900182247162,0.0011622439924394712,0.00013375097478274256,0.0
40,203,gOMP,optimized,0.0007071229920256883,5.745500675402582e-05,0.00011678400915116072,0.00030537798011209816,8.784205419942737e-05,0.0
40,204,gOMP,baseline,0.0023537399974884465,8.088101458270103e-05,0.00017094300710596144,0.0011614480172283947,0.00012468504428397864,0.0
40,204,gOMP,optimized,0.0006700039957650006,5.399699148256332e-05,0.00010618302621878684,0.0002937300014309585,7.431300764437765e-05,0.0
40,205,gOMP,baseline,0.0024395460059167817,7.537101919297129e-05,0.00018892798107117414,0.0011930529872188345,0.00013795199629385024,0.0
40,205,gOMP,optimized,0.0007898589974502102,5.7724028010852635e-05,0.00015306298155337572,0.0003208780399290845,9.276001947000623e-05,0.0
40,206,gOMP,baseline,0.002730555002926849,8.229301602113992e-05,0.00020105097792111337,0.0014300219918368384,0.00016678000974934548,0.0
40,206,gOMP,optimized,0.0006860069988761097,5.967803008388728e-05,0.0001210449991049245,0.00028124600066803396,8.189197978936136e-05,0.0
40,207,gOMP,baseline,0.0021828280005138367,6.005904288031161e-05,0.00016130197036545724,0.0011115929810330272,9.825101005844772e-05,0.0
40,207,gOMP,optimized,0.0008869360026437789,6.839298293925822e-05,0.0001619360118638724,0.00034271801996510476,0.00010531301086302847,0.0
40,208,gOMP,baseline,0.0021489409991772845,6.846206088084728e-05,0.0001585760182933882,0.0010950290015898645,9.902003512252122e-05,0.0
40,208,gOMP,optimized,0.0007392339903162792,7.554001058451831e-05,0.00013111902808304876,0.0003079039743170142,9.07159992493689e-05,0.0
40,209,gOMP,baseline,0.0023240950104082003,6.452802335843444e-05,0.0001901030191220343,0.001202016996103339,0.00010475599265191704,0.0
40,209,gOMP,optimized,0.0005883599951630458,4.395098949316889e-05,0.00010091501462738961,0.0002489660255378112,7.368496153503656e-05,0.0
40,210,gOMP,baseline,0.002485641001840122,7.602600089740008e-05,0.0001926609838847071,0.0012841119896620512,0.00012737799261230975,0.0
40,210,gOMP,optimized,0.0006831319915363565,6.59270299365744e-05,0.00010877999011427164,0.0002882300177589059,8.179599535651505e-05,0.0
40,211,gOMP,baseline,0.0021899479907006025,5.763802619185299e-05,0.00015216198517009616,0.0011141709983348846,0.00012450199574232101,0.0
40,211,gOMP,optimized,0.0013055809977231547,8.126799366436899e-05,0.0002450669708196074,0.0005852600152138621,0.00016433502605650574,0.0
40,212,gOMP,baseline,0.0023738410091027617,9.082796168513596e-05,0.00016698600666131824,0.0011748710094252601,0.00011596200056374073,0.0
40,212,gOMP,optimized,0.0007953769963933155,8.137902477756143e-05,0.00014081095287110656,0.0003246350242989138,8.824898395687342e-05,0.0
40,213,gOMP,baseline,0.0021658960031345487,5.971099017187953e-05,0.00018137699225917459,0.001120382032240741,9.644294914323837e-05,0.0
40,213,gOMP,optimized,0.0006136549927759916,5.457794759422541e-05,0.00010736299736890942,0.0002498090034350753,7.497398473788053e-05,0.0
40,214,gOMP,baseline,0.002398113996605389,7.922400254756212e-05,0.00020796296303160489,0.0011852740426547825,0.0001367540389765054,0.0
40,214,gOMP,optimized,0.000699183001415804,5.798799975309521e-05,0.0001206969900522381,0.00028603701503016055,8.288597746286541e-05,0.0
40,215,gOMP,baseline,0.002203234995249659,5.973699444439262e-05,0.0001578690280439332,0.0011188679782208055,9.843498992267996e-05,0.0
40,215,gOMP,optimized,0.0008560809947084635,6.0767983086407185e-05,0.0001460500352550298,0.00033700802305247635,0.0001239669945789501,0.0
40,216,gOMP,baseline,0.0022775160032324493,7.06670107319951e-05,0.00017069002205971628,0.001143668981967494,0.00010332796955481172,0.0
40,216,gOMP,optimized,0.0006457779963966459,5.773705197498202e-05,0.00011080702824983746,0.00026846198306884617,7.897701289039105e-05,0.0
40,217,gOMP,baseline,0.002096704993164167,5.806301487609744e-05,0.00015952096146065742,0.001073280960554257,9.32709954213351e-05,0.0
40,217,gOMP,optimized,0.0006772509950678796,5.0699993153102696e-05,0.00011951402120757848,0.00027457898249849677,8.225302735809237e-05,0.0
40,218,gOMP,baseline,0.002373133000219241,8.219896699301898e-05,0.0001803900522645563,0.0011537029931787401,0.00011963101860601455,0.0
40,218,gOMP,optimized,0.0006125920044723898,5.378300556913018e-05,0.00010388302325736731,0.00025654101045802236,7.41800176911056e-05,0.0
40,219,gOMP,baseline,0.0021604140056297183,5.981503636576235e-05,0.00016513801529072225,0.0011111039784736931,9.918295836541802e-05,0.0
40,219,gOMP,optimized,0.0007178400119300932,5.3872005082666874e-05,0.00012044601317029446,0.0003135840088361874,8.668098598718643e-05,0.0
40,220,gOMP,baseline,0.0025817919959081337,8.667504880577326e-05,0.00023720496392343193,0.0012472550297388807,0.0001467050169594586,0.0
40,220,gOMP,optimized,0.0006842139991931617,5.6865959777496755e-05,0.00012120098108425736,0.00028685298457276076,8.158099080901593e-05,0.0
40,221,gOMP,baseline,0.0028384980105329305,8.351396536454558e-05,0.00023172098735813051,0.0014223659818526357,0.00015361199621111155,0.0
40,221,gOMP,optimized,0.0007411709957523271,6.224302342161536e-05,0.00012230301217641681,0.0003031380183529109,8.28560150694102e-05,0.0
40,222,gOMP,baseline,0.0022788539936300367,7.467497198376805e-05,0.00017671502428129315,0.0011376990005373955,0.00012778198288287967,0.0
40,222,gOMP,optimized,0.0007333969988394529,6.714303162880242e-05,0.0001294140238314867,0.0002952419745270163,8.271500701084733e-05,0.0
40,223,gOMP,baseline,0.002213138999650255,6.271598977036774e-05,0.00016723803128115833,0.001134001009631902,9.975599823519588e-05,0.0
40,223,gOMP,optimized,0.0007548450084868819,6.35750184301287e-05,0.00013871096598450094,0.00030909098859410733,8.949496259447187e-05,0.0
40,224,gOMP,baseline,0.0023212109954329208,7.270599598996341e-05,0.00016737800615374,0.0011706690274877474,0.0001129040028899908,0.0
40,224,gOMP,optimized,0.0005850409943377599,5.287400563247502e-05,0.00010157996439374983,0.00024046898761298507,7.054398884065449e-05,0.0
40,225,gOMP,baseline,0.002584482994279824,6.196099275257438e-05,0.00018982500478159636,0.0012293059844523668,0.00011316800373606384,0.0
40,225,gOMP,optimized,0.001698349995422177,0.0001387789670843631,0.00035598101385403425,0.0007089089776854962,0.00027459497505333275,0.0
40,226,gOMP,baseline,0.0028109569975640625,0.00010652298806235194,0.00022726795577909797,0.0013101839722367004,0.00023685500491410494,0.0
40,226,gOMP,optimized,0.0006926610076334327,5.7718061725609004e-05,0.00011793198063969612,0.0003004289756063372,8.374500612262636e-05,0.0
40,227,gOMP,baseline,0.0020885749981971458,5.7662007748149335e-05,0.0001631469785934314,0.0010683800501283258,9.260802471544594e-05,0.0
40,227,gOMP,optimized,0.0006765379948774353,5.49409887753427e-05,0.00011648001964204013,0.0002887349983211607,8.158804848790169e-05,0.0
40,228,gOMP,baseline,0.0026875659968936816,8.882100519258529e-05,0.00024517698329873383,0.0013184679992264137,0.00015833000361453742,0.0
40,228,gOMP,optimized,0.0006562449998455122,5.307899846229702e-05,0.00010845701035577804,0.00028240299434401095,7.810501847416162e-05,0.0
40,229,gOMP,baseline,0.0022291920031420887,6.207999831531197e-05,0.00016516301548108459,0.0011577670084079728,0.0001072109880624339,0.0
40,229,gOMP,optimized,0.000610957999015227,4.460601485334337e-05,0.00010550099250394851,0.00026120999245904386,7.577899668831378e-05,0.0
40,230,gOMP,baseline,0.002247291005915031,7.338300929404795e-05,0.00018250499852001667,0.0010853169806068763,9.771401528269053e-05,0.0
40,230,gOMP,optimized,0.000628724999842234,5.249495734460652e-05,0.00010184303391724825,0.00025157596974167973,7.231297786347568e-05,0.0
40,231,gOMP,baseline,0.0022643679985776544,7.517402991652489e-05,0.00017821502115111798,0.001112415993702598,0.0001085130061255768,0.0
40,231,gOMP,optimized,0.0006073850090615451,4.537403583526611e-05,0.00010814201959874481,0.0002511490019969642,7.433995779138058e-05,0.0
40,232,gOMP,baseline,0.0033771589951356873,0.0001053059968398884,0.00023650300863664597,0.0015272769815055653,0.00016373698599636555,0.0
40,232,gOMP,optimized,0.00082687298709061,8.397600322496146e-05,0.00014554998779203743,0.0003269239969085902,9.45369538385421e-05,0.0
40,233,gOMP,baseline,0.002034741992247291,5.544099258258939e-05,0.00014467304572463036,0.0010605420102365315,9.171798592433333e-05,0.0
40,233,gOMP,optimized,0.0006187260005390272,4.463798541110009e-05,0.00010657399252522737,0.00024319798103533685,7.352903776336461e-05,0.0
40,234,gOMP,baseline,0.002268946002004668,9.231299918610603e-05,0.00019785399490501732,0.001118139989557676,0.00011291600822005421,0.0
40,234,gOMP,optimized,0.0006716420029988512,5.907200102228671e-05,0.00012128797243349254,0.0002662560000317171,8.198496652767062e-05,0.0
40,235,gOMP,baseline,0.003149480005959049,9.415904060006142e-05,0.0002739829942584038,0.0014823120000073686,0.00017665702034719288,0.0
40,235,gOMP,optimized,0.0006851990037830546,5.293202411849052e-05,0.0001143830013461411,0.00027291098376736045,8.60949803609401e-05,0.0
40,236,gOMP,baseline,0.002159816009225324,6.874400423839688e-05,0.00015727701247669756,0.0010994780022883788,0.0001077089982572943,0.0
40,236,gOMP,optimized,0.0006501600000774488,5.567297921516001e-05,0.00010355301492381841,0.00026424298994243145,7.68859899835661e-05,0.0
40,237,gOMP,baseline,0.0028098129987483844,8.820899529382586e-05,0.00024114797997754067,0.0013481390196830034,0.00015787201118655503,0.0
40,237,gOMP,optimized,0.0009447300108149648,7.466801616828889e-05,0.00014852304593659937,0.00041984597919508815,0.000124441969092004,0.0
40,238,gOMP,baseline,0.0021216389868641272,6.709901208523661e-05,0.00015271098527591676,0.001080101981642656,9.748198499437422e-05,0.0
40,238,gOMP,optimized,0.0006891359953442588,6.384099833667278e-05,0.00012269402213860303,0.00027688901172950864,8.279900066554546e-05,0.0
40,239,gOMP,baseline,0.002372396003920585,0.0001161210093414411,0.00022018399613443762,0.0011466520081739873,9.92559507722035e-05,0.0
40,239,gOMP,optimized,0.0006479029980255291,4.4239015551283956e-05,0.000125063001178205,0.00026312000409234315,7.579696830362082e-05,0.0
40,240,gOMP,baseline,0.003267574997153133,9.176101593766361e-05,0.00022832502145320177,0.0016513529844814911,0.0002395879855612293,0.0
40,240,gOMP,optimized,0.0015365779981948435,0.00010606802243273705,0.00040932500269263983,0.0005914459616178647,0.0001712489902274683,0.0
40,241,gOMP,baseline,0.0022409409866668284,5.9972007875330746e-05,0.00015574296412523836,0.0011944370053242892,9.932702232617885e-05,0.0
40,241,gOMP,optimized,0.0007228430040413514,4.834801075048745e-05,0.0001461570500396192,0.00028123501397203654,8.395004260819405e-05,0.0
40,242,gOMP,baseline,0.0021828649914823472,6.8268011091277e-05,0.00017117201059591025,0.0011063580022891983,0.00011094503861386329,0.0
40,242,gOMP,optimized,0.0006044069887138903,5.048701132182032e-05,9.688099089544266e-05,0.0002400379889877513,7.086498953867704e-05,0.0
40,243,gOMP,baseline,0.002923869004007429,0.00014193104289006442,0.00026817597972694784,0.0013230980257503688,0.00016630998288746923,0.0
40,243,gOMP,optimized,0.0006472329987445846,4.8039015382528305e-05,0.00010751897934824228,0.0002616929996293038,7.491299766115844e-05,0.0
40,244,gOMP,baseline,0.0025399320002179593,8.064899884629995e-05,0.00020075702923350036,0.0012935679696965963,0.00014689003000967205,0.0
40,244,gOMP,optimized,0.0006918949948158115,7.162000110838562e-05,0.00011823698878288269,0.0002766819961834699,8.423399413004518e-05,0.0
40,245,gOMP,baseline,0.0025819430011324584,8.8087996118702e-05,0.00020024502009619027,0.0012495070113800466,0.00015138901653699577,0.0
40,245,gOMP,optimized,0.0007516109908465296,5.9251979109831154e-05,0.00012966599024366587,0.0003369069891050458,8.690700633451343e-05,0.0
40,246,gOMP,baseline,0.002679673008969985,0.00012380901898723096,0.0002797659835778177,0.001229343019076623,0.00017265896894969046,0.0
40,246,gOMP,optimized,0.0007463850051863119,6.56260090181604e-05,0.00014894199557602406,0.00029936202918179333,8.756696479395032e-05,0.0
40,247,gOMP,baseline,0.0021352659969124943,5.951200728304684e-05,0.00016905003576539457,0.0010757430136436597,0.00010430098336655647,0.0
40,247,gOMP,optimized,0.0006488369981525466,4.881797940470278e-05,0.00010954301978927106,0.00026659900322556496,7.961000665090978e-05,0.0
40,248,gOMP,baseline,0.0026787929964484647,8.816200715955347e-05,0.00029577901295851916,0.0012671810254687443,0.00015054298273753375,0.0
40,248,gOMP,optimized,0.0006846730102552101,5.425598646979779e-05,0.00011569001071620733,0.00030444099684245884,7.608601299580187e-05,0.0
40,249,gOMP,baseline,0.0024330689921043813,6.793598004151136e-05,0.00016703501751180738,0.0011311640118947253,0.0002630680246511474,0.0
40,249,gOMP,optimized,0.0008106710010906681,6.195399328134954e-05,0.00013119197683408856,0.00031082399073056877,0.00012896595580969006,0.0
40,250,gOMP,baseline,0.0024625349906273186,6.80989760439843e-05,0.00020243402104824781,0.001242589991306886,0.00014808100240770727,0.0
40,250,gOMP,optimized,0.0006294110062299296,5.6912016589194536e-05,0.0001125079725170508,0.00025885798095259815,7.697698310948908e-05,0.0
40,251,gOMP,baseline,0.002309485003934242,6.43450184725225e-05,0.00020453202887438238,0.0011528360191732645,0.00011042703408747911,0.0
40,251,gOMP,optimized,0.000627141009317711,4.6237968490459025e-05,0.00011688497033901513,0.0002641059982124716,7.458400796167552e-05,0.0
40,252,gOMP,baseline,0.0031333480001194403,0.00010918703628703952,0.0002590030198916793,0.0014372010045917705,0.00017522400594316423,0.0
40,252,gOMP,optimized,0.0006459059950429946,5.69300027564168e-05,0.00011073597124777734,0.00026927198632620275,7.675998494960368e-05,0.0
40,253,gOMP,baseline,0.0027192699926672503,0.00011562701547518373,0.00024236402532551438,0.0013148470170563087,0.0001870700070867315,0.0
40,253,gOMP,optimized,0.0007164830021793023,5.9470010455697775e-05,0.0001304309698753059,0.0003009200154338032,8.387201523873955e-05,0.0
40,254,gOMP,baseline,0.0021539250010391697,6.688202847726643e-05,0.00015291596355382353,0.0010830319952219725,0.00010592500620987266,0.0
40,254,gOMP,optimized,0.0006454779941122979,5.572501686401665e-05,0.00011226198694203049,0.0002639020240167156,7.998399087227881e-05,0.0
40,255,gOMP,baseline,0.00213028299913276,6.47349952487275e-05,0.00016045298252720386,0.001085878029698506,9.578197204973549e-05,0.0
40,255,gOMP,optimized,0.0006098470039432868,4.590298340190202e-05,0.00011681801697704941,0.00024934703833423555,7.487898983526975e-05,0.0
40,256,gOMP,baseline,0.002341928004170768,7.61940173106268e-05,0.0002011669857893139,0.0011889939924003556,0.00010986105189658701,0.0
40,256,gOMP,optimized,0.0006186129903653637,5.319398769643158e-05,0.00010654798825271428,0.00025307299802079797,7.519601786043495e-05,0.0
40,257,gOMP,baseline,0.0022126320109236985,5.880996468476951e-05,0.00016316300025209785,0.0011475819919724017,0.00010361902241129428,0.0
40,257,gOMP,optimized,0.0010355190024711192,6.584601942449808e-05,0.00020626101468224078,0.0004269250202924013,0.00011908203305210918,0.0
40,258,gOMP,baseline,0.0023446580016752705,6.18100311839953e-05,0.0001447890099370852,0.001232463982887566,0.00013528397539630532,0.0
40,258,gOMP,optimized,0.0007112070015864447,6.184497033245862e-05,0.00012629998673219234,0.0002984050224767998,8.213600085582584e-05,0.0
40,259,gOMP,baseline,0.002982249003252946,0.00014926097355782986,0.00022273398644756526,0.0013706909958273172,0.0001517340133432299,0.0
40,259,gOMP,optimized,0.0006229749997146428,4.841802001465112e-05,0.00010962600936181843,0.00025933198048733175,7.630001346115023e-05,0.0
40,260,gOMP,baseline,0.002385310988756828,6.944902997929603e-05,0.00017582201689947397,0.001236049982253462,0.00012101602624170482,0.0
40,260,gOMP,optimized,0.0011063979909522459,0.00015178797184489667,0.00019994500325992703,0.000421856006141752,0.00010558700887486339,0.0
40,261,gOMP,baseline,0.002144161000614986,5.781097570434213e-05,0.00021455199748743325,0.0010771500237751752,9.482300083618611e-05,0.0
40,261,gOMP,optimized,0.0005903729907004163,4.516198532655835e-05,0.00010484200902283192,0.00024415302323177457,7.31639884179458e-05,0.0
40,262,gOMP,baseline,0.0021738960058428347,6.802302959840745e-05,0.00016470700211357325,0.0010894579609157518,9.809104085434228e-05,0.0
40,262,gOMP,optimized,0.0006198269984452054,5.267697270028293e-05,0.00010775699047371745,0.000259376029134728,7.622796692885458e-05,0.0
40,263,gOMP,baseline,0.002408959000604227,7.717897824477404e-05,0.0001922890223795548,0.0012351009791018441,0.00012055797560606152,0.0
40,263,gOMP,optimized,0.0007677839894313365,6.496200512629002e-05,0.00013719798880629241,0.0002975590177811682,8.325299131684005e-05,0.0
40,264,gOMP,baseline,0.00276744800794404,8.351096767000854e-05,0.00019480100309010595,0.0013245359587017447,0.00018648101831786335,0.0
40,264,gOMP,optimized,0.000824258997454308,6.992601265665144e-05,0.00017135300731752068,0.00031879697053227574,9.082398901227862e-05,0.0
40,265,gOMP,baseline,0.0023043870023684576,7.196096703410149e-05,0.00017552402277942747,0.0011201739980606362,0.00010823202319443226,0.0
40,265,gOMP,optimized,0.0006081829924369231,4.7092020395211875e-05,0.00010923501395154744,0.00025362301676068455,7.370997627731413e-05,0.0
40,266,gOMP,baseline,0.002667182998266071,0.00010527503036428243,0.0003238449717173353,0.0012901040026918054,0.00014638899301644415,0.0
40,266,gOMP,optimized,0.0007068679988151416,5.728904216084629e-05,0.00011342701327521354,0.00027513797977007926,8.75550031196326e-05,0.0
40,267,gOMP,baseline,0.002529672987293452,7.042700599413365e-05,0.00017396103066857904,0.0012551969848573208,0.00011834103497676551,0.0
40,267,gOMP,optimized,0.0008675110002513975,5.4495991207659245e-05,0.00013599003432318568,0.00042340699292253703,9.552102710586041e-05,0.0
40,268,gOMP,baseline,0.0021169940009713173,6.888099596835673e-05,0.00015498499851673841,0.0010760789882624522,9.759100794326514e-05,0.0
40,268,gOMP,optimized,0.0006876020052004606,6.463201134465635e-05,0.00012274902837816626,0.00026205000176560134,7.924303645268083e-05,0.0
40,269,gOMP,baseline,0.0025472069974057376,7.073799497447908e-05,0.00027556499117054045,0.0012805300211766735,0.0001270679640583694,0.0
40,269,gOMP,optimized,0.0005978479894110933,4.348701622802764e-05,9.920304000843316e-05,0.00024867901811376214,7.06479768268764e-05,0.0
40,270,gOMP,baseline,0.0029356349987210706,0.00013247299648355693,0.00027977801801171154,0.0013905369996791705,0.0001922699884744361,0.0
40,270,gOMP,optimized,0.0006425100000342354,5.9456011513248086e-05,0.00010568398283794522,0.00026950899336952716,7.804001506883651e-05,0.0
40,271,gOMP,baseline,0.002065691995085217,5.670002428814769e-05,0.0001467179972678423,0.0010669739567674696,9.06110362848267e-05,0.0
40,271,gOMP,optimized,0.0005926729936618358,4.6717963414266706e-05,0.00010528600250836462,0.00024389596364926547,7.322499004658312e-05,0.0
40,272,gOMP,baseline,0.0021665880049113184,6.71559973852709e-05,0.000187277008080855,0.001091345024178736,0.0001071430160664022,0.0
40,272,gOMP,optimized,0.0006924030021764338,6.501602183561772e-05,0.0001249399792868644,0.0002728990075411275,8.335598977282643e-05,0.0
40,273,gOMP,baseline,0.0024948189966380596,7.946397818159312e-05,0.00024566402134951204,0.0012139080208726227,0.00012947605864610523,0.0
40,273,gOMP,optimized,0.0006897319981362671,5.6255012168549e-05,0.00012122601037845016,0.00028277096862439066,8.68689821800217e-05,0.0
40,274,gOMP,baseline,0.0025491919950582087,8.193599933292717e-05,0.00020305303041823208,0.0012301799724809825,0.0001622769923415035,0.0
40,274,gOMP,optimized,0.0006730539898853749,5.427596624940634e-05,0.00011955700756516308,0.00028973900771234185,7.574701157864183e-05,0.0
40,275,gOMP,baseline,0.0022993150050751865,6.642902735620737e-05,0.00022280096891336143,0.0011022659891750664,9.883199527394027e-05,0.0
40,275,gOMP,optimized,0.0005924560100538656,4.6218992793001235e-05,0.00010519800707697868,0.00024789798771962523,7.300596917048097e-05,0.0
40,276,gOMP,baseline,0.0023263890034286305,7.041498611215502e-05,0.00017530204786453396,0.0011976160167250782,0.00012444297317415476,0.0
40,276,gOMP,optimized,0.0007176029903348535,6.340602703858167e-05,0.00012130501272622496,0.00027621403569355607,8.421498932875693e-05,0.0
40,277,gOMP,baseline,0.0028397849964676425,0.00013827400107402354,0.00021980398742016405,0.0012977209844393656,0.00017561501590535045,0.0
40,277,gOMP,optimized,0.000723560995538719,5.3091003792360425e-05,0.00013000599574297667,0.0002947219763882458,8.241897739935666e-05,0.0
40,278,gOMP,baseline,0.002828736003721133,0.00011431000893935561,0.00022442202316597104,0.0013684349978575483,0.0001941860100487247,0.0
40,278,gOMP,optimized,0.0008047250012168661,8.333000005222857e-05,0.00013415796274784952,0.00031863800541032106,9.427798795513809e-05,0.0
40,279,gOMP,baseline,0.0021273589954944327,5.8065023040398955e-05,0.00016972397861536592,0.0010793070105137303,0.00010090797150041908,0.0
40,279,gOMP,optimized,0.0006602380017284304,6.880798900965601e-05,0.00011518801329657435,0.00026282497856300324,7.722897862549871e-05,0.0
40,280,gOMP,baseline,0.00220678499317728,7.004497456364334e-05,0.0001813489943742752,0.0011250609823036939,0.00010966100671794266,0.0
40,280,gOMP,optimized,0.0007842909981263801,6.257405038923025e-05,0.00017476298671681434,0.000294527955702506,9.362096898257732e-05,0.0
40,281,gOMP,baseline,0.002241486989078112,7.527097477577627e-05,0.0001635089865885675,0.001089684956241399,0.0001222719729412347,0.0
40,281,gOMP,optimized,0.0008784770034253597,8.103302388917655e-05,0.00013805100752506405,0.00039239802572410554,0.00010471804125700146,0.0
40,282,gOMP,baseline,0.002812530001392588,9.22070030355826e-05,0.0002521190181141719,0.0012802720157196745,0.00024133997794706374,0.0
40,282,gOMP,optimized,0.0011665870115393773,0.0001152829936472699,0.0002112880174536258,0.0004703230079030618,0.00017129801562987268,0.0
40,283,gOMP,baseline,0.003347143006976694,9.951001266017556e-05,0.00028420297894626856,0.001709479998680763,0.00025521896895952523,0.0
40,283,gOMP,optimized,0.0009331780020147562,6.062899774406105e-05,0.00025992002338171005,0.0003571769775589928,9.683097596280277e-05,0.0
40,284,gOMP,baseline,0.0022392069950001314,6.873802340123802e-05,0.00016965600661933422,0.0011001159728039056,0.00016992396558634937,0.0
40,284,gOMP,optimized,0.0006325810099951923,6.411799404304475e-05,0.0001103849645005539,0.0002532520011300221,7.990795711521059e-05,0.0
40,285,gOMP,baseline,0.002310569994733669,7.851496047805995e-05,0.00016565497207920998,0.001113158999942243,0.00010122400999534875,0.0
40,285,gOMP,optimized,0.0006190749991219491,4.6093977289274335e-05,0.00010695797391235828,0.0002574459940660745,7.635894871782511e-05,0.0
40,286,gOMP,baseline,0.0021159210009500384,6.950899842195213e-05,0.00016231501649599522,0.0010744849714683369,0.00011657200229819864,0.0
40,286,gOMP,optimized,0.0005808080022688955,5.059903196524829e-05,9.966798825189471e-05,0.00023812199651729316,7.124697731342167e-05,0.0
40,287,gOMP,baseline,0.0023304650094360113,8.60670261317864e-05,0.00018628001271281391,0.001146233014878817,0.00011170402285642922,0.0
40,287,gOMP,optimized,0.000623444007942453,4.522393282968551e-05,0.00010615700739435852,0.00026689498918130994,7.916100730653852e-05,0.0
40,288,gOMP,baseline,0.0026550290058366954,9.375804802402854e-05,0.0003119559696642682,0.0012925019836984575,0.00013628997839987278,0.0
40,288,gOMP,optimized,0.0007480170024791732,6.230801227502525e-05,0.0001443390065105632,0.0002976100076921284,8.120400889310986e-05,0.0
40,289,gOMP,baseline,0.002352146999328397,7.514600292779505e-05,0.0001869210391305387,0.0011389500286895782,0.00011868496949318796,0.0
40,289,gOMP,optimized,0.0007289579953067005,5.3705996833741665e-05,0.00012069397780578583,0.0003113539714831859,8.499203249812126e-05,0.0
40,290,gOMP,baseline,0.0028412219980964437,8.448597509413958e-05,0.00021200200717430562,0.0014896670618327335,0.00018404098227620125,0.0
40,290,gOMP,optimized,0.0005865359999006614,5.168702045921236e-05,0.00010090800060424954,0.0002407209831289947,7.11389584466815e-05,0.0
40,291,gOMP,baseline,0.002042658001300879,5.705001240130514e-05,0.00014360299974214286,0.0010537699854467064,8.947400783654302e-05,0.0
40,291,gOMP,optimized,0.0012863050069427118,7.069502316880971e-05,0.00016935996245592833,0.00044885900570079684,0.0001649650075705722,0.0
40,292,gOMP,baseline,0.0022034720022929832,7.267099863383919e-05,0.0001753579854266718,0.0010963119857478887,0.00011436101340223104,0.0
40,292,gOMP,optimized,0.0006582450005225837,5.321296339388937e-05,0.00012243696255609393,0.00026988700847141445,8.127900946419686e-05,0.0
40,293,gOMP,baseline,0.0021319759980542585,6.0372985899448395e-05,0.0001611920160939917,0.0011002309911418706,9.329698514193296e-05,0.0
40,293,gOMP,optimized,0.0006592349964194,4.9210997531190515e-05,0.00011936498049180955,0.00028015598945785314,8.153502130880952e-05,0.0
40,294,gOMP,baseline,0.0020796540047740564,6.858399137854576e-05,0.00016573799075558782,0.0010443850042065606,0.00010787900828290731,0.0
40,294,gOMP,optimized,0.0006590929988306016,5.562196020036936e-05,0.00010874800500459969,0.00026834300660993904,9.993597632274032e-05,0.0
40,295,gOMP,baseline,0.002291437005624175,7.017102325335145e-05,0.00017826298426371068,0.001154278957983479,0.00013118002971168607,0.0
40,295,gOMP,optimized,0.0007150799938244745,6.773298082407564e-05,0.00013679201947525144,0.00028719299007207155,8.29349592095241e-05,0.0
40,296,gOMP,baseline,0.0027373129996703938,8.023800910450518e-05,0.00018839897529687732,0.0012791619956260547,0.00016641301044728607,0.0
40,296,gOMP,optimized,0.0006528079975396395,5.6203018175438046e-05,0.0001114730112021789,0.00026463800168130547,7.951197039801627e-05,0.0
40,297,gOMP,baseline,0.003125194998574443,0.00012753804912790656,0.00037524102663155645,0.0013520720385713503,0.00016853297711350024,0.0
40,297,gOMP,optimized,0.0006794110086048022,4.7354973503388464e-05,0.00011492901830933988,0.00027410198526922613,8.495697693433613e-05,0.0
40,298,gOMP,baseline,0.002573379999375902,9.006296750158072e-05,0.0002023410052061081,0.0011686570069286972,0.0001250699715455994,0.0
40,298,gOMP,optimized,0.0011099469993496314,9.777800005394965e-05,0.0001705250033410266,0.00039182101318147033,0.0002748989936662838,0.0
40,299,gOMP,baseline,0.002336375997401774,6.195799505803734e-05,0.00016827404033392668,0.0011924819991691038,0.0001368380180792883,0.0
40,299,gOMP,optimized,0.0006345589936245233,4.863594949711114e-05,0.00011232300312258303,0.00026763195637613535,7.642398122698069e-05,0.0
