trial,k,algorithm,implementation,label,m,n,measurement_ratio,matrix_kind,coeff_mode,snr_db,noise_sigma,nmse,relative_l2_error,support_recall,support_precision,exact_support_recovery,runtime_sec,iterations,support_size,final_residual_norm,stop_reason,false_positive_count,false_negative_count,solver_time_sec,screening_pool_size_avg,used_incremental_solver,fallback_reason,solver_fallback_count,duplicate_candidate_hits,max_support_condition,rescue_attempted,rescue_accepted,used_tail_refinement,used_gain_reranking,used_forward_backward,used_two_phase_tail,used_cholesky_solver,peak_working_set_bytes,residual_bytes,x_hat_bytes,support_mask_bytes,solver_gram_bytes,solver_rhs_bytes,support_history_bytes,residual_history_bytes,support_size_history_bytes,candidate_size_history_bytes,group_size_history_bytes,support_condition_history_bytes,extra_array_bytes,correlation_time_sec,selection_time_sec,solve_time_sec,residual_update_time_sec,support_refinement_time_sec
0,4,OMP,baseline,OMP (baseline),128,256,0.5,gaussian,gaussian,clean,0.0,1.893522549547206e-31,4.3514624547928774e-16,1.0,1.0,1,0.004636170000594575,4,4.0,1.0686023336194972e-15,target_sparsity_reached,0,0,0.0028136100045230705,1.0,False,,0,0,1.2257196923037745,0.0,0.0,0.0,0.0,0.0,0.0,0.0,3224.0,1024.0,2048.0,0.0,0.0,0.0,80.0,40.0,0.0,0.0,0.0,32.0,0.0,0.00011163399904035032,0.0013413930028036702,0.0028136100045230705,8.982099825516343e-05,0.0
0,4,OMP,optimized,OMP (optimized),128,256,0.5,gaussian,gaussian,clean,0.0,8.56281707488458e-21,9.253549089341116e-11,1.0,1.0,1,0.0013712159998249263,4,4.0,2.4610656695264865e-10,target_sparsity_reached,0,0,0.000963355996645987,1.0,True,,0,0,1.2257196923037745,0.0,0.0,0.0,0.0,0.0,0.0,0.0,1520.0,1024.0,0.0,256.0,128.0,32.0,32.0,40.0,0.0,0.0,0.0,8.0,0.0,2.3702999897068366e-05,0.00022650599930784665,0.000963355996645987,3.922199903172441e-05,5.56759987375699e-05
0,4,gOMP,baseline,gOMP (baseline),128,256,0.5,gaussian,gaussian,clean,0.0,1.893522549547206e-31,4.3514624547928774e-16,1.0,1.0,1,0.0001508919995103497,2,4.0,1.0686023336194972e-15,target_sparsity_reached,0,0,4.660199920181185e-05,3.0,False,,0,0,1.2257196923037745,0.0,0.0,0.0,0.0,0.0,0.0,0.0,3424.0,1024.0,2048.0,256.0,0.0,0.0,56.0,24.0,0.0,0.0,0.0,16.0,0.0,9.586001397110522e-06,3.5456003388389945e-05,4.660199920181185e-05,1.346499630017206e-05,0.0
0,4,gOMP,optimized,gOMP (optimized),128,256,0.5,gaussian,gaussian,clean,0.0,8.562862631042363e-21,9.253573704813921e-11,1.0,1.0,1,0.0007086119985615369,2,4.0,2.46107131297371e-10,target_sparsity_reached,0,0,0.0005647319958370645,3.0,True,,0,0,1.2257196923037745,0.0,0.0,0.0,0.0,0.0,0.0,0.0,1344.0,1024.0,0.0,256.0,0.0,0.0,32.0,24.0,0.0,0.0,0.0,8.0,0.0,1.295000038226135e-05,3.780399856623262e-05,0.0005647319958370645,3.41929990099743e-05,0.0
0,4,Improved-gOMP,baseline,Improved-gOMP (baseline),128,256,0.5,gaussian,gaussian,clean,0.0,1.893522549547206e-31,4.3514624547928774e-16,1.0,1.0,1,0.00130709599761758,2,4.0,1.0686023336194972e-15,residual_tol,0,0,5.19580025866162e-05,12.5,False,,0,0,1.2257196923037745,1.0,1.0,1.0,1.0,1.0,1.0,0.0,3208.0,1024.0,2048.0,0.0,0.0,0.0,48.0,24.0,16.0,16.0,16.0,16.0,0.0,1.173700366052799e-05,0.0009436090003873687,3.407700205571018e-05,1.2991000403417274e-05,0.00013953300003777258
0,4,Improved-gOMP,optimized,Improved-gOMP (optimized),128,256,0.5,gaussian,gaussian,clean,0.0,1.893522549547206e-31,4.3514624547928774e-16,1.0,1.0,1,0.0005178360006539151,2,4.0,1.0686023336194972e-15,residual_tol,0,0,4.4317999709164724e-05,0.0,True,,0,0,1.2257196923037745,0.0,0.0,0.0,0.0,1.0,0.0,1.0,3312.0,1024.0,2048.0,0.0,128.0,32.0,32.0,24.0,16.0,0.0,0.0,8.0,0.0,9.844996384344995e-06,0.00016045399752329104,9.650799620430917e-05,1.4829001884208992e-05,0.0001689119999355171
1,4,OMP,baseline,OMP (baseline),128,256,0.5,gaussian,gaussian,clean,0.0,5.929906530137367e-31,7.700588633434049e-16,1.0,1.0,1,0.00022221700055524707,4,4.0,1.3894312053257066e-15,target_sparsity_reached,0,0,6.980699617997743e-05,1.0,False,,0,0,1.1745894165339543,0.0,0.0,0.0,0.0,0.0,0.0,0.0,3224.0,1024.0,2048.0,0.0,0.0,0.0,80.0,40.0,0.0,0.0,0.0,32.0,0.0,2.3411001166095957e-05,3.137999738100916e-05,6.980699617997743e-05,3.0196999432519078e-05,0.0
1,4,OMP,optimized,OMP (optimized),128,256,0.5,gaussian,gaussian,clean,0.0,9.785774318427927e-21,9.89230727304198e-11,1.0,1.0,1,0.0001630040023883339,4,4.0,1.8000848675132494e-10,target_sparsity_reached,0,0,5.891100227017887e-05,1.0,True,,0,0,1.1745894165339543,0.0,0.0,0.0,0.0,0.0,0.0,0.0,1520.0,1024.0,0.0,256.0,128.0,32.0,32.0,40.0,0.0,0.0,0.0,8.0,0.0,1.7342998035019264e-05,8.524999429937452e-06,5.891100227017887e-05,1.8545000784797594e-05,2.845699418685399e-05
1,4,gOMP,baseline,gOMP (baseline),128,256,0.5,gaussian,gaussian,clean,0.0,0.010558088444255145,0.10275255930756734,0.75,0.75,0,0.00011967799946432933,2,4.0,0.1793549784270051,target_sparsity_reached,1,1,3.702800313476473e-05,3.0,False,,0,0,1.4448016933769827,0.0,0.0,0.0,0.0,0.0,0.0,0.0,3424.0,1024.0,2048.0,256.0,0.0,0.0,56.0,24.0,0.0,0.0,0.0,16.0,0.0,8.593004167778417e-06,2.358799974899739e-05,3.702800313476473e-05,1.2282001989660785e-05,0.0
1,4,gOMP,optimized,gOMP (optimized),128,256,0.5,gaussian,gaussian,clean,0.0,0.010558088446540641,0.10275255931868871,0.75,0.75,0,8.64690009620972e-05,2,4.0,0.1793549784270051,target_sparsity_reached,1,1,2.704399958020076e-05,3.0,True,,0,0,1.4448016933769827,0.0,0.0,0.0,0.0,0.0,0.0,0.0,1344.0,1024.0,0.0,256.0,0.0,0.0,32.0,24.0,0.0,0.0,0.0,8.0,0.0,8.832001185510308e-06,1.8123999325325713e-05,2.704399958020076e-05,8.325001545017585e-06,0.0
1,4,Improved-gOMP,baseline,Improved-gOMP (baseline),128,256,0.5,gaussian,gaussian,clean,0.0,5.929906530137367e-31,7.700588633434049e-16,1.0,1.0,1,0.0007199459978437517,2,4.0,1.3894312053257066e-15,residual_tol,0,0,4.678400364355184e-05,13.0,False,,0,0,1.1745894165339543,1.0,1.0,1.0,1.0,1.0,1.0,0.0,3208.0,1024.0,2048.0,0.0,0.0,0.0,48.0,24.0,16.0,16.0,16.0,16.0,0.0,9.769995813257992e-06,0.0004351539973868057,2.7561996830627322e-05,1.1635002010734752e-05,0.0001355360000161454
1,4,Improved-gOMP,optimized,Improved-gOMP (optimized),128,256,0.5,gaussian,gaussian,clean,0.0,5.929906530137367e-31,7.700588633434049e-16,1.0,1.0,1,0.0004423300015332643,2,4.0,1.3894312053257066e-15,residual_tol,0,0,3.868400017381646e-05,0.0,True,,0,0,1.1745894165339543,0.0,0.0,0.0,0.0,1.0,0.0,1.0,3312.0,1024.0,2048.0,0.0,128.0,32.0,32.0,24.0,16.0,0.0,0.0,8.0,0.0,1.1814005119958892e-05,0.00013161599781597033,7.033200017758645e-05,1.4394001482287422e-05,0.00016221499754465185
2,4,OMP,baseline,OMP (baseline),128,256,0.5,gaussian,gaussian,clean,0.0,4.880782561400258e-31,6.98625977286864e-16,1.0,1.0,1,0.0001869709994934965,4,4.0,1.3541034250175538e-15,target_sparsity_reached,0,0,5.816699922434054e-05,1.0,False,,0,0,1.1538039501746409,0.0,0.0,0.0,0.0,0.0,0.0,0.0,3224.0,1024.0,2048.0,0.0,0.0,0.0,80.0,40.0,0.0,0.0,0.0,32.0,0.0,1.654099833103828e-05,2.723800207604654e-05,5.816699922434054e-05,2.378900535404682e-05,0.0
2,4,OMP,optimized,OMP (optimized),128,256,0.5,gaussian,gaussian,clean,0.0,1.0247247287655332e-20,1.0122868806645343e-10,1.0,1.0,1,0.00016584199693170376,4,4.0,2.0782363385456694e-10,target_sparsity_reached,0,0,6.072899850551039e-05,1.0,True,,0,0,1.1538039501746409,0.0,0.0,0.0,0.0,0.0,0.0,0.0,1520.0,1024.0,0.0,256.0,128.0,32.0,32.0,40.0,0.0,0.0,0.0,8.0,0.0,1.928500205394812e-05,8.166000043274835e-06,6.072899850551039e-05,2.0312996639404446e-05,2.7506001060828567e-05
2,4,gOMP,baseline,gOMP (baseline),128,256,0.5,gaussian,gaussian,clean,0.0,4.880782561400258e-31,6.98625977286864e-16,1.0,1.0,1,0.00011442600225564092,2,4.0,1.3541034250175538e-15,target_sparsity_reached,0,0,3.393600127310492e-05,3.0,False,,0,0,1.1538039501746409,0.0,0.0,0.0,0.0,0.0,0.0,0.0,3424.0,1024.0,2048.0,256.0,0.0,0.0,56.0,24.0,0.0,0.0,0.0,16.0,0.0,1.2297998182475567e-05,2.1724001271650195e-05,3.393600127310492e-05,1.1987001926172525e-05,0.0
2,4,gOMP,optimized,gOMP (optimized),128,256,0.5,gaussian,gaussian,clean,0.0,1.0247300464800815e-20,1.0122895072458676e-10,1.0,1.0,1,0.0002769620004983153,2,4.0,2.0782415576298575e-10,target_sparsity_reached,0,0,6.39749996480532e-05,3.0,True,,0,0,1.1538039501746409,0.0,0.0,0.0,0.0,0.0,0.0,0.0,1344.0,1024.0,0.0,256.0,0.0,0.0,32.0,24.0,0.0,0.0,0.0,8.0,0.0,1.8468996131559834e-05,3.799100159085356e-05,6.39749996480532e-05,9.453399979975075e-05,0.0
2,4,Improved-gOMP,baseline,Improved-gOMP (baseline),128,256,0.5,gaussian,gaussian,clean,0.0,0.06756798691753245,0.2599384290895297,0.75,0.75,0,0.0009784459980437532,2,4.0,0.52601138486406,target_sparsity_reached,1,1,5.010199674870819e-05,12.0,False,,0,0,1.3268284098276937,1.0,1.0,1.0,1.0,1.0,1.0,0.0,3208.0,1024.0,2048.0,0.0,0.0,0.0,48.0,24.0,16.0,16.0,16.0,16.0,0.0,1.040999632095918e-05,0.000675848001264967,3.1979998311726376e-05,1.2642998626688495e-05,0.00013682500139111653
2,4,Improved-gOMP,optimized,Improved-gOMP (optimized),128,256,0.5,gaussian,gaussian,clean,0.0,4.880782561400258e-31,6.98625977286864e-16,1.0,1.0,1,0.00046884699986549094,2,4.0,1.3541034250175538e-15,residual_tol,0,0,4.303200330468826e-05,0.0,True,,0,0,1.1538039501746409,0.0,0.0,0.0,0.0,1.0,0.0,1.0,3312.0,1024.0,2048.0,0.0,128.0,32.0,32.0,24.0,16.0,0.0,0.0,8.0,0.0,9.395997039973736e-06,0.00015186999735306017,7.837700104573742e-05,1.455999881727621e-05,0.00015490199803025462
3,4,OMP,baseline,OMP (baseline),128,256,0.5,gaussian,gaussian,clean,0.0,4.112073174144854e-32,2.0278247395040958e-16,1.0,1.0,1,0.0002490620026946999,4,4.0,8.240210410044302e-16,target_sparsity_reached,0,0,7.774799814797007e-05,1.0,False,,0,0,1.2694062298795707,0.0,0.0,0.0,0.0,0.0,0.0,0.0,3224.0,1024.0,2048.0,0.0,0.0,0.0,80.0,40.0,0.0,0.0,0.0,32.0,0.0,1.9526996766217053e-05,4.846600495511666e-05,7.774799814797007e-05,3.0817001970717683e-05,0.0
3,4,OMP,optimized,OMP (optimized),128,256,0.5,gaussian,gaussian,clean,0.0,9.769056413303417e-21,9.883853708601427e-11,1.0,1.0,1,0.00015201700080069713,4,4.0,3.4801963704848056e-10,target_sparsity_reached,0,0,5.525399319594726e-05,1.0,True,,0,0,1.2694062298795707,0.0,0.0,0.0,0.0,0.0,0.0,0.0,1520.0,1024.0,0.0,256.0,128.0,32.0,32.0,40.0,0.0,0.0,0.0,8.0,0.0,1.6053003491833806e-05,8.13599763205275e-06,5.525399319594726e-05,1.6973001038422808e-05,2.8219001251272857e-05
3,4,gOMP,baseline,gOMP (baseline),128,256,0.5,gaussian,gaussian,clean,0.0,0.042719885291275767,0.20668789343180158,0.75,0.75,0,0.00010580799789750017,2,4.0,0.6791587840897279,target_sparsity_reached,1,1,3.162299981340766e-05,3.0,False,,0,0,1.3757879465349183,0.0,0.0,0.0,0.0,0.0,0.0,0.0,3424.0,1024.0,2048.0,256.0,0.0,0.0,56.0,24.0,0.0,0.0,0.0,16.0,0.0,7.759997970424592e-06,2.1793002815684304e-05,3.162299981340766e-05,1.0750998626463115e-05,0.0
3,4,gOMP,optimized,gOMP (optimized),128,256,0.5,gaussian,gaussian,clean,0.0,0.042719885291469036,0.20668789343226912,0.75,0.75,0,9.226200199918821e-05,2,4.0,0.6791587840897279,target_sparsity_reached,1,1,2.7341000532032922e-05,3.0,True,,0,0,1.3757879465349183,0.0,0.0,0.0,0.0,0.0,0.0,0.0,1344.0,1024.0,0.0,256.0,0.0,0.0,32.0,24.0,0.0,0.0,0.0,8.0,0.0,1.2084998161299154e-05,1.8997001461684704e-05,2.7341000532032922e-05,8.31500074127689e-06,0.0
3,4,Improved-gOMP,baseline,Improved-gOMP (baseline),128,256,0.5,gaussian,gaussian,clean,0.0,0.0435447761298894,0.20867385109277445,0.75,0.75,0,0.0006399740013875999,2,4.0,0.6759755942098347,target_sparsity_reached,1,1,4.021299901069142e-05,12.5,False,,0,0,1.289281109494129,1.0,1.0,1.0,1.0,1.0,1.0,0.0,3208.0,1024.0,2048.0,0.0,0.0,0.0,48.0,24.0,16.0,16.0,16.0,16.0,0.0,8.089999028015882e-06,0.00039092799852369353,2.5436998839722946e-05,1.0725998436100781e-05,0.00010297699554939754
3,4,Improved-gOMP,optimized,Improved-gOMP (optimized),128,256,0.5,gaussian,gaussian,clean,0.0,4.112073174144854e-32,2.0278247395040958e-16,1.0,1.0,1,0.0005144090027897619,2,4.0,8.240210410044302e-16,residual_tol,0,0,4.428799729794264e-05,0.0,True,,0,0,1.2694062298795707,0.0,0.0,0.0,0.0,1.0,0.0,1.0,3312.0,1024.0,2048.0,0.0,128.0,32.0,32.0,24.0,16.0,0.0,0.0,8.0,0.0,9.398998372489586e-06,0.00014451599781750701,8.723599967197515e-05,1.862700082710944e-05,0.00019599399820435792
4,4,OMP,baseline,OMP (baseline),128,256,0.5,gaussian,gaussian,clean,0.0,5.498067498127992e-31,7.414895480131863e-16,1.0,1.0,1,0.00018159500177716836,4,4.0,7.563593288821126e-16,target_sparsity_reached,0,0,5.836799755343236e-05,1.0,False,,0,0,1.2099015514530154,0.0,0.0,0.0,0.0,0.0,0.0,0.0,3224.0,1024.0,2048.0,0.0,0.0,0.0,80.0,40.0,0.0,0.0,0.0,32.0,0.0,1.6076999600045383e-05,2.6966001314576715e-05,5.836799755343236e-05,2.1781004761578515e-05,0.0
4,4,OMP,optimized,OMP (optimized),128,256,0.5,gaussian,gaussian,clean,0.0,8.518388611049921e-21,9.229511694044231e-11,1.0,1.0,1,0.0001550939996377565,4,4.0,9.322126214798884e-11,target_sparsity_reached,0,0,5.295300070429221e-05,1.0,True,,0,0,1.2099015514530154,0.0,0.0,0.0,0.0,0.0,0.0,0.0,1520.0,1024.0,0.0,256.0,128.0,32.0,32.0,40.0,0.0,0.0,0.0,8.0,0.0,1.769500522641465e-05,7.6040014391765e-06,5.295300070429221e-05,1.961500311153941e-05,2.624700209707953e-05
4,4,gOMP,baseline,gOMP (baseline),128,256,0.5,gaussian,gaussian,clean,0.0,1.4070498183079035e-31,3.7510662728188416e-16,1.0,1.0,1,0.00011645300037343986,2,4.0,3.969637135845936e-16,target_sparsity_reached,0,0,3.7375997635535896e-05,3.0,False,,0,0,1.2099015514530158,0.0,0.0,0.0,0.0,0.0,0.0,0.0,3424.0,1024.0,2048.0,256.0,0.0,0.0,56.0,24.0,0.0,0.0,0.0,16.0,0.0,7.86500095273368e-06,2.253099955851212e-05,3.7375997635535896e-05,1.1460000678198412e-05,0.0
4,4,gOMP,optimized,gOMP (optimized),128,256,0.5,gaussian,gaussian,clean,0.0,8.51835743926906e-21,9.229494807013578e-11,1.0,1.0,1,7.8013999882387e-05,2,4.0,9.322109913702718e-11,target_sparsity_reached,0,0,2.3804001102689654e-05,3.0,True,,0,0,1.2099015514530158,0.0,0.0,0.0,0.0,0.0,0.0,0.0,1344.0,1024.0,0.0,256.0,0.0,0.0,32.0,24.0,0.0,0.0,0.0,8.0,0.0,7.436003215843812e-06,1.688499833107926e-05,2.3804001102689654e-05,7.860002369852737e-06,0.0
4,4,Improved-gOMP,baseline,Improved-gOMP (baseline),128,256,0.5,gaussian,gaussian,clean,0.0,1.4070498183079035e-31,3.7510662728188416e-16,1.0,1.0,1,0.0005996459985908587,2,4.0,3.969637135845936e-16,residual_tol,0,0,3.830399509752169e-05,13.0,False,,0,0,1.2099015514530158,1.0,1.0,1.0,1.0,1.0,1.0,0.0,3208.0,1024.0,2048.0,0.0,0.0,0.0,48.0,24.0,16.0,16.0,16.0,16.0,0.0,8.00400084699504e-06,0.0003766939989873208,2.411500463495031e-05,9.865998435998335e-06,9.605800732970238e-05
4,4,Improved-gOMP,optimized,Improved-gOMP (optimized),128,256,0.5,gaussian,gaussian,clean,0.0,1.4070498183079035e-31,3.7510662728188416e-16,1.0,1.0,1,0.00052283400145825,2,4.0,3.969637135845936e-16,residual_tol,0,0,4.519399954006076e-05,0.0,True,,0,0,1.2099015514530158,0.0,0.0,0.0,0.0,1.0,0.0,1.0,3312.0,1024.0,2048.0,0.0,128.0,32.0,32.0,24.0,16.0,0.0,0.0,8.0,0.0,9.592000424163416e-06,0.00015165099830483086,8.997900295071304e-05,1.7087000742321834e-05,0.00017894600023282692
5,4,OMP,baseline,OMP (baseline),128,256,0.5,gaussian,gaussian,clean,0.0,3.328226949124877e-31,5.769078738520456e-16,1.0,1.0,1,0.00023569600307382643,4,4.0,1.4272926944876272e-15,target_sparsity_reached,0,0,7.612199988216162e-05,1.0,False,,0,0,1.267624968043689,0.0,0.0,0.0,0.0,0.0,0.0,0.0,3224.0,1024.0,2048.0,0.0,0.0,0.0,80.0,40.0,0.0,0.0,0.0,32.0,0.0,2.0764997316291556e-05,3.1816005503060296e-05,7.612199988216162e-05,3.6718000046676025e-05,0.0
5,4,OMP,optimized,OMP (optimized),128,256,0.5,gaussian,gaussian,clean,0.0,1.5759687574015766e-20,1.2553759426568507e-10,1.0,1.0,1,0.00015496299965889193,4,4.0,2.9087712987405417e-10,target_sparsity_reached,0,0,5.4681000619893894e-05,1.0,True,,0,0,1.267624968043689,0.0,0.0,0.0,0.0,0.0,0.0,0.0,1520.0,1024.0,0.0,256.0,128.0,32.0,32.0,40.0,0.0,0.0,0.0,8.0,0.0,1.6286001482512802e-05,7.140999514376745e-06,5.4681000619893894e-05,1.8913004169007763e-05,2.788699566735886e-05
5,4,gOMP,baseline,gOMP (baseline),128,256,0.5,gaussian,gaussian,clean,0.0,3.328226949124877e-31,5.769078738520456e-16,1.0,1.0,1,0.0001864930018200539,2,4.0,1.4272926944876272e-15,target_sparsity_reached,0,0,7.12750006641727e-05,3.0,False,,0,0,1.267624968043689,0.0,0.0,0.0,0.0,0.0,0.0,0.0,3424.0,1024.0,2048.0,256.0,0.0,0.0,56.0,24.0,0.0,0.0,0.0,16.0,0.0,9.516999853076413e-06,2.8354003006825224e-05,7.12750006641727e-05,1.8719998479355127e-05,0.0
5,4,gOMP,optimized,gOMP (optimized),128,256,0.5,gaussian,gaussian,clean,0.0,1.575970349535364e-20,1.2553765767829844e-10,1.0,1.0,1,9.013399903778918e-05,2,4.0,2.9087719114606316e-10,target_sparsity_reached,0,0,2.711200068006292e-05,3.0,True,,0,0,1.267624968043689,0.0,0.0,0.0,0.0,0.0,0.0,0.0,1344.0,1024.0,0.0,256.0,0.0,0.0,32.0,24.0,0.0,0.0,0.0,8.0,0.0,8.290997357107699e-06,2.2464999346993864e-05,2.711200068006292e-05,8.381000952795148e-06,0.0
5,4,Improved-gOMP,baseline,Improved-gOMP (baseline),128,256,0.5,gaussian,gaussian,clean,0.0,3.328226949124877e-31,5.769078738520456e-16,1.0,1.0,1,0.0008341259999724571,2,4.0,1.4272926944876272e-15,residual_tol,0,0,4.1265000618295744e-05,12.0,False,,0,0,1.267624968043689,1.0,1.0,1.0,1.0,1.0,1.0,0.0,3208.0,1024.0,2048.0,0.0,0.0,0.0,48.0,24.0,16.0,16.0,16.0,16.0,0.0,9.762003173818812e-06,0.0004735000002256129,2.7865997253684327e-05,1.1163003364345059e-05,0.00010416100121801719
5,4,Improved-gOMP,optimized,Improved-gOMP (optimized),128,256,0.5,gaussian,gaussian,clean,0.0,3.328226949124877e-31,5.769078738520456e-16,1.0,1.0,1,0.0004299460015317891,2,4.0,1.4272926944876272e-15,residual_tol,0,0,3.668400313472375e-05,0.0,True,,0,0,1.267624968043689,0.0,0.0,0.0,0.0,1.0,0.0,1.0,3312.0,1024.0,2048.0,0.0,128.0,32.0,32.0,24.0,16.0,0.0,0.0,8.0,0.0,8.918999810703099e-06,0.00013218499952927232,6.777499947929755e-05,1.2996002624277025e-05,0.00015365000217570923
6,4,OMP,baseline,OMP (baseline),128,256,0.5,gaussian,gaussian,clean,0.0,3.490060431045998e-31,5.907673341549953e-16,1.0,1.0,1,0.00021924999964539893,4,4.0,1.416729662945916e-15,target_sparsity_reached,0,0,6.441800360335037e-05,1.0,False,,0,0,1.2732715914156885,0.0,0.0,0.0,0.0,0.0,0.0,0.0,3224.0,1024.0,2048.0,0.0,0.0,0.0,80.0,40.0,0.0,0.0,0.0,32.0,0.0,2.049100658041425e-05,3.1124996894504875e-05,6.441800360335037e-05,2.4573000700911507e-05,0.0
6,4,OMP,optimized,OMP (optimized),128,256,0.5,gaussian,gaussian,clean,0.0,1.138048233915168e-20,1.066793435448104e-10,1.0,1.0,1,0.00014179500067257322,4,4.0,2.4484081845215207e-10,target_sparsity_reached,0,0,5.1783001254079863e-05,1.0,True,,0,0,1.2732715914156885,0.0,0.0,0.0,0.0,0.0,0.0,0.0,1520.0,1024.0,0.0,256.0,128.0,32.0,32.0,40.0,0.0,0.0,0.0,8.0,0.0,1.529300061520189e-05,7.491998985642567e-06,5.1783001254079863e-05,1.7324997315881774e-05,2.4444001610390842e-05
6,4,gOMP,baseline,gOMP (baseline),128,256,0.5,gaussian,gaussian,clean,0.0,0.012674346705727566,0.11258040107286688,0.5,0.5,0,9.757999941939488e-05,2,4.0,0.25408895149793687,target_sparsity_reached,2,2,2.8697999368887395e-05,3.0,False,,0,0,1.4539320526875716,0.0,0.0,0.0,0.0,0.0,0.0,0.0,3424.0,1024.0,2048.0,256.0,0.0,0.0,56.0,24.0,0.0,0.0,0.0,16.0,0.0,7.424005161738023e-06,1.8998998712049797e-05,2.8697999368887395e-05,1.0088999260915443e-05,0.0
6,4,gOMP,optimized,gOMP (optimized),128,256,0.5,gaussian,gaussian,clean,0.0,0.012674346704162912,0.11258040106591784,0.5,0.5,0,7.708300108788535e-05,2,4.0,0.2540889514979368,target_sparsity_reached,2,2,2.4199998733820394e-05,3.0,True,,0,0,1.4539320526875716,0.0,0.0,0.0,0.0,0.0,0.0,0.0,1344.0,1024.0,0.0,256.0,0.0,0.0,32.0,24.0,0.0,0.0,0.0,8.0,0.0,6.980000762268901e-06,1.5820001863176003e-05,2.4199998733820394e-05,7.56800000090152e-06,0.0
6,4,Improved-gOMP,baseline,Improved-gOMP (baseline),128,256,0.5,gaussian,gaussian,clean,0.0,0.00450442224998773,0.06711499273625626,0.75,0.75,0,0.0006331910008157138,2,4.0,0.15319869456347535,target_sparsity_reached,1,1,4.13209963880945e-05,12.5,False,,0,0,1.328824701339499,1.0,1.0,1.0,1.0,1.0,1.0,0.0,3208.0,1024.0,2048.0,0.0,0.0,0.0,48.0,24.0,16.0,16.0,16.0,16.0,0.0,8.093000360531732e-06,0.0004008329997304827,2.4930996005423367e-05,1.099000292015262e-05,0.00010405500142951496
6,4,Improved-gOMP,optimized,Improved-gOMP (optimized),128,256,0.5,gaussian,gaussian,clean,0.0,0.0045151439985810435,0.06719482121846179,0.75,0.75,0,0.0003816940006799996,2,4.0,0.15272864729519212,target_sparsity_reached,1,1,3.114800347248092e-05,0.0,True,,0,0,1.338309231688175,0.0,0.0,0.0,0.0,1.0,0.0,1.0,3312.0,1024.0,2048.0,0.0,128.0,32.0,32.0,24.0,16.0,0.0,0.0,8.0,0.0,8.01799978944473e-06,0.00011975499728578143,5.947799581917934e-05,1.1414998880354688e-05,0.00013613500050269067
7,4,OMP,baseline,OMP (baseline),128,256,0.5,gaussian,gaussian,clean,0.0,4.607582418964757e-32,2.1465279916564695e-16,1.0,1.0,1,0.00026106800214620307,4,4.0,3.494536826637609e-16,target_sparsity_reached,0,0,7.785300113027915e-05,1.0,False,,0,0,1.1830829578610826,0.0,0.0,0.0,0.0,0.0,0.0,0.0,3224.0,1024.0,2048.0,0.0,0.0,0.0,80.0,40.0,0.0,0.0,0.0,32.0,0.0,2.355600008741021e-05,3.180300336680375e-05,7.785300113027915e-05,5.229399903328158e-05,0.0
7,4,OMP,optimized,OMP (optimized),128,256,0.5,gaussian,gaussian,clean,0.0,9.280822879894148e-21,9.633702756414144e-11,1.0,1.0,1,0.00016413299817941152,4,4.0,1.4191391739207612e-10,target_sparsity_reached,0,0,5.73619945498649e-05,1.0,True,,0,0,1.1830829578610826,0.0,0.0,0.0,0.0,0.0,0.0,0.0,1520.0,1024.0,0.0,256.0,128.0,32.0,32.0,40.0,0.0,0.0,0.0,8.0,0.0,2.0936000510118902e-05,8.509996405337006e-06,5.73619945498649e-05,1.8661005015019327e-05,2.918599420809187e-05
7,4,gOMP,baseline,gOMP (baseline),128,256,0.5,gaussian,gaussian,clean,0.0,4.607582418964757e-32,2.1465279916564695e-16,1.0,1.0,1,0.00011769100092351437,2,4.0,3.494536826637609e-16,target_sparsity_reached,0,0,3.517200093483552e-05,3.0,False,,0,0,1.1830829578610826,0.0,0.0,0.0,0.0,0.0,0.0,0.0,3424.0,1024.0,2048.0,256.0,0.0,0.0,56.0,24.0,0.0,0.0,0.0,16.0,0.0,8.819002687232569e-06,2.3893000616226345e-05,3.517200093483552e-05,1.2462001905078068e-05,0.0
7,4,gOMP,optimized,gOMP (optimized),128,256,0.5,gaussian,gaussian,clean,0.0,9.280884165715412e-21,9.633734564391637e-11,1.0,1.0,1,9.733199840411544e-05,2,4.0,1.4191436397821402e-10,target_sparsity_reached,0,0,2.965799649246037e-05,3.0,True,,0,0,1.1830829578610826,0.0,0.0,0.0,0.0,0.0,0.0,0.0,1344.0,1024.0,0.0,256.0,0.0,0.0,32.0,24.0,0.0,0.0,0.0,8.0,0.0,8.517999958712608e-06,2.0420000510057434e-05,2.965799649246037e-05,1.0129999282071367e-05,0.0
7,4,Improved-gOMP,baseline,Improved-gOMP (baseline),128,256,0.5,gaussian,gaussian,clean,0.0,4.607582418964757e-32,2.1465279916564695e-16,1.0,1.0,1,0.0007839780009817332,2,4.0,3.494536826637609e-16,residual_tol,0,0,5.1220995374023914e-05,13.0,False,,0,0,1.1830829578610826,1.0,1.0,1.0,1.0,1.0,1.0,0.0,3208.0,1024.0,2048.0,0.0,0.0,0.0,48.0,24.0,16.0,16.0,16.0,16.0,0.0,9.862997103482485e-06,0.00048811399756232277,3.124000068055466e-05,1.4326997188618407e-05,0.00012948099902132526
7,4,Improved-gOMP,optimized,Improved-gOMP (optimized),128,256,0.5,gaussian,gaussian,clean,0.0,4.607582418964757e-32,2.1465279916564695e-16,1.0,1.0,1,0.0004911350006295834,2,4.0,3.494536826637609e-16,residual_tol,0,0,4.3592001020442694e-05,0.0,True,,0,0,1.1830829578610826,0.0,0.0,0.0,0.0,1.0,0.0,1.0,3312.0,1024.0,2048.0,0.0,128.0,32.0,32.0,24.0,16.0,0.0,0.0,8.0,0.0,1.2987999070901424e-05,0.00016589900042163208,7.771200034767389e-05,1.501199949416332e-05,0.0001547839965496678
8,4,OMP,baseline,OMP (baseline),128,256,0.5,gaussian,gaussian,clean,0.0,2.286026963277953e-31,4.781241432178418e-16,1.0,1.0,1,0.00018033900050795637,4,4.0,1.204481920177072e-15,target_sparsity_reached,0,0,5.703499846276827e-05,1.0,False,,0,0,1.1505329375227433,0.0,0.0,0.0,0.0,0.0,0.0,0.0,3224.0,1024.0,2048.0,0.0,0.0,0.0,80.0,40.0,0.0,0.0,0.0,32.0,0.0,1.5842000721022487e-05,2.634699922055006e-05,5.703499846276827e-05,2.1820997062604874e-05,0.0
8,4,OMP,optimized,OMP (optimized),128,256,0.5,gaussian,gaussian,clean,0.0,1.0710262480181697e-20,1.0349039800958201e-10,1.0,1.0,1,0.0001425019981979858,4,4.0,2.396789551034257e-10,target_sparsity_reached,0,0,5.07059958181344e-05,1.0,True,,0,0,1.1505329375227433,0.0,0.0,0.0,0.0,0.0,0.0,0.0,1520.0,1024.0,0.0,256.0,128.0,32.0,32.0,40.0,0.0,0.0,0.0,8.0,0.0,1.5674995665904135e-05,7.318998541450128e-06,5.07059958181344e-05,1.6792997485026717e-05,2.58919972111471e-05
8,4,gOMP,baseline,gOMP (baseline),128,256,0.5,gaussian,gaussian,clean,0.0,2.286026963277953e-31,4.781241432178418e-16,1.0,1.0,1,0.00010713899973779917,2,4.0,1.204481920177072e-15,target_sparsity_reached,0,0,3.424699752940796e-05,3.0,False,,0,0,1.1505329375227433,0.0,0.0,0.0,0.0,0.0,0.0,0.0,3424.0,1024.0,2048.0,256.0,0.0,0.0,56.0,24.0,0.0,0.0,0.0,16.0,0.0,7.591999747091904e-06,2.0534997020149603e-05,3.424699752940796e-05,1.1278996680630371e-05,0.0
8,4,gOMP,optimized,gOMP (optimized),128,256,0.5,gaussian,gaussian,clean,0.0,1.0710332243895312e-20,1.034907350630737e-10,1.0,1.0,1,7.405399810522795e-05,2,4.0,2.396797550873948e-10,target_sparsity_reached,0,0,2.3324002540903166e-05,3.0,True,,0,0,1.1505329375227433,0.0,0.0,0.0,0.0,0.0,0.0,0.0,1344.0,1024.0,0.0,256.0,0.0,0.0,32.0,24.0,0.0,0.0,0.0,8.0,0.0,7.484999514417723e-06,1.58949987962842e-05,2.3324002540903166e-05,7.415001164190471e-06,0.0
8,4,Improved-gOMP,baseline,Improved-gOMP (baseline),128,256,0.5,gaussian,gaussian,clean,0.0,2.286026963277953e-31,4.781241432178418e-16,1.0,1.0,1,0.0006896619997860398,2,4.0,1.204481920177072e-15,residual_tol,0,0,3.873100286000408e-05,12.5,False,,0,0,1.1505329375227433,1.0,1.0,1.0,1.0,1.0,1.0,0.0,3208.0,1024.0,2048.0,0.0,0.0,0.0,48.0,24.0,16.0,16.0,16.0,16.0,0.0,8.082002750597894e-06,0.00046117200326989405,2.4502998712705448e-05,1.0783001926029101e-05,9.948199658538215e-05
8,4,Improved-gOMP,optimized,Improved-gOMP (optimized),128,256,0.5,gaussian,gaussian,clean,0.0,1.0710262480181697e-20,1.0349039800958201e-10,1.0,1.0,1,0.00046990500050014816,2,4.0,2.396789551034257e-10,residual_tol,0,0,3.8432997826021165e-05,0.0,True,,0,0,1.1505329375227433,0.0,0.0,0.0,0.0,1.0,0.0,1.0,3312.0,1024.0,2048.0,0.0,128.0,32.0,32.0,24.0,16.0,0.0,0.0,8.0,0.0,8.157003321684897e-06,0.00019211700055166148,7.09489977452904e-05,1.5744997654110193e-05,0.00012271699961274862
9,4,OMP,baseline,OMP (baseline),128,256,0.5,gaussian,gaussian,clean,0.0,4.4068215938849506e-31,6.638389559136275e-16,1.0,1.0,1,0.00017816000035963953,4,4.0,1.1991300338889155e-15,target_sparsity_reached,0,0,5.7254001148976386e-05,1.0,False,,0,0,1.168059412668811,0.0,0.0,0.0,0.0,0.0,0.0,0.0,3224.0,1024.0,2048.0,0.0,0.0,0.0,80.0,40.0,0.0,0.0,0.0,32.0,0.0,1.6469995898660272e-05,2.7022004360333085e-05,5.7254001148976386e-05,2.0836996554862708e-05,0.0
9,4,OMP,optimized,OMP (optimized),128,256,0.5,gaussian,gaussian,clean,0.0,9.736896064629761e-21,9.867571162464328e-11,1.0,1.0,1,0.00013717000183532946,4,4.0,1.7201034326734602e-10,target_sparsity_reached,0,0,4.8446006985614076e-05,1.0,True,,0,0,1.168059412668811,0.0,0.0,0.0,0.0,0.0,0.0,0.0,1520.0,1024.0,0.0,256.0,128.0,32.0,32.0,40.0,0.0,0.0,0.0,8.0,0.0,1.5334000636357814e-05,6.951002433197573e-06,4.8446006985614076e-05,1.6416001017205417e-05,2.4726999981794506e-05
9,4,gOMP,baseline,gOMP (baseline),128,256,0.5,gaussian,gaussian,clean,0.0,4.4068215938849506e-31,6.638389559136275e-16,1.0,1.0,1,0.00012065500050084665,2,4.0,1.1991300338889155e-15,target_sparsity_reached,0,0,3.1234001653501764e-05,3.0,False,,0,0,1.168059412668811,0.0,0.0,0.0,0.0,0.0,0.0,0.0,3424.0,1024.0,2048.0,256.0,0.0,0.0,56.0,24.0,0.0,0.0,0.0,16.0,0.0,7.709000783506781e-06,1.9292998331366107e-05,3.1234001653501764e-05,1.0108000424224883e-05,0.0
9,4,gOMP,optimized,gOMP (optimized),128,256,0.5,gaussian,gaussian,clean,0.0,9.736919062659591e-21,9.867582815796173e-11,1.0,1.0,1,9.028999920701608e-05,2,4.0,1.7201052865189089e-10,target_sparsity_reached,0,0,2.6101002731593326e-05,3.0,True,,0,0,1.168059412668811,0.0,0.0,0.0,0.0,0.0,0.0,0.0,1344.0,1024.0,0.0,256.0,0.0,0.0,32.0,24.0,0.0,0.0,0.0,8.0,0.0,8.69499854161404e-06,1.9385002815397456e-05,2.6101002731593326e-05,8.702001650817692e-06,0.0
9,4,Improved-gOMP,baseline,Improved-gOMP (baseline),128,256,0.5,gaussian,gaussian,clean,0.0,4.4068215938849506e-31,6.638389559136275e-16,1.0,1.0,1,0.0006335250000120141,2,4.0,1.1991300338889155e-15,residual_tol,0,0,4.0525002987124026e-05,11.5,False,,0,0,1.168059412668811,1.0,1.0,1.0,1.0,1.0,1.0,0.0,3208.0,1024.0,2048.0,0.0,0.0,0.0,48.0,24.0,16.0,16.0,16.0,16.0,0.0,8.926999726099893e-06,0.0003977109990955796,2.5550998543621972e-05,1.1677999282255769e-05,0.00010433700299472548
9,4,Improved-gOMP,optimized,Improved-gOMP (optimized),128,256,0.5,gaussian,gaussian,clean,0.0,4.4068215938849506e-31,6.638389559136275e-16,1.0,1.0,1,0.0003768440001294948,2,4.0,1.1991300338889155e-15,residual_tol,0,0,3.129199831164442e-05,0.0,True,,0,0,1.168059412668811,0.0,0.0,0.0,0.0,1.0,0.0,1.0,3312.0,1024.0,2048.0,0.0,128.0,32.0,32.0,24.0,16.0,0.0,0.0,8.0,0.0,7.956001354614273e-06,0.00012135199722251855,5.9002999478252605e-05,1.1457999789854512e-05,0.00013294799646246247
10,4,OMP,baseline,OMP (baseline),128,256,0.5,gaussian,gaussian,clean,0.0,5.44794187634406e-30,2.334082662705856e-15,1.0,1.0,1,0.00017828799900598824,4,4.0,4.934593436231543e-15,target_sparsity_reached,0,0,5.90939998801332e-05,1.0,False,,0,0,1.1932492063792342,0.0,0.0,0.0,0.0,0.0,0.0,0.0,3224.0,1024.0,2048.0,0.0,0.0,0.0,80.0,40.0,0.0,0.0,0.0,32.0,0.0,1.5019999409560114e-05,2.5923000066541135e-05,5.90939998801332e-05,2.0367002434795722e-05,0.0
10,4,OMP,optimized,OMP (optimized),128,256,0.5,gaussian,gaussian,clean,0.0,1.0799127042592519e-20,1.0391884835097298e-10,1.0,1.0,1,0.00015249299758579582,4,4.0,2.2066999597229107e-10,target_sparsity_reached,0,0,5.3088002459844574e-05,1.0,True,,0,0,1.1932492063792342,0.0,0.0,0.0,0.0,0.0,0.0,0.0,1520.0,1024.0,0.0,256.0,128.0,32.0,32.0,40.0,0.0,0.0,0.0,8.0,0.0,1.6777998098405078e-05,7.767001079628244e-06,5.3088002459844574e-05,1.7267004295717925e-05,2.9025995900155976e-05
10,4,gOMP,baseline,gOMP (baseline),128,256,0.5,gaussian,gaussian,clean,0.0,0.00439042150943294,0.06626025588113088,0.75,0.75,0,0.0001056950022757519,2,4.0,0.1398691741245373,target_sparsity_reached,1,1,3.274800110375509e-05,3.0,False,,0,0,1.3448724086464112,0.0,0.0,0.0,0.0,0.0,0.0,0.0,3424.0,1024.0,2048.0,256.0,0.0,0.0,56.0,24.0,0.0,0.0,0.0,16.0,0.0,7.632999768247828e-06,2.0353003492346033e-05,3.274800110375509e-05,1.1015999916708097e-05,0.0
10,4,gOMP,optimized,gOMP (optimized),128,256,0.5,gaussian,gaussian,clean,0.0,0.004390421506908461,0.06626025586208116,0.75,0.75,0,7.872200148995034e-05,2,4.0,0.1398691741245373,target_sparsity_reached,1,1,2.3598000552738085e-05,3.0,True,,0,0,1.3448724086464112,0.0,0.0,0.0,0.0,0.0,0.0,0.0,1344.0,1024.0,0.0,256.0,0.0,0.0,32.0,24.0,0.0,0.0,0.0,8.0,0.0,7.4549971031956375e-06,1.6619000234641135e-05,2.3598000552738085e-05,8.101000275928527e-06,0.0
10,4,Improved-gOMP,baseline,Improved-gOMP (baseline),128,256,0.5,gaussian,gaussian,clean,0.0,0.0043997080416587914,0.0663302950517996,0.75,0.75,0,0.0007904759986558929,2,4.0,0.13979907712425318,target_sparsity_reached,1,1,8.836100096232258e-05,12.5,False,,0,0,1.3223103359482726,1.0,1.0,1.0,1.0,1.0,1.0,0.0,3208.0,1024.0,2048.0,0.0,0.0,0.0,48.0,24.0,16.0,16.0,16.0,16.0,0.0,8.291000995086506e-06,0.00047964999976102263,7.216299854917452e-05,1.797200457076542e-05,0.00011752899808925577
10,4,Improved-gOMP,optimized,Improved-gOMP (optimized),128,256,0.5,gaussian,gaussian,clean,0.0,5.44794187634406e-30,2.334082662705856e-15,1.0,1.0,1,0.00039258000106201507,2,4.0,4.934593436231543e-15,residual_tol,0,0,3.5089000448351726e-05,0.0,True,,0,0,1.1932492063792342,0.0,0.0,0.0,0.0,1.0,0.0,1.0,3312.0,1024.0,2048.0,0.0,128.0,32.0,32.0,24.0,16.0,0.0,0.0,8.0,0.0,7.812002877471969e-06,0.00012688699644058943,6.446600309573114e-05,1.1707001249305904e-05,0.000134407000587089
11,4,OMP,baseline,OMP (baseline),128,256,0.5,gaussian,gaussian,clean,0.0,8.36617027703577e-33,9.146677143660298e-17,1.0,1.0,1,0.00019057499957852997,4,4.0,2.3804300049049583e-16,target_sparsity_reached,0,0,6.472999666584656e-05,1.0,False,,0,0,1.1970944768213354,0.0,0.0,0.0,0.0,0.0,0.0,0.0,3224.0,1024.0,2048.0,0.0,0.0,0.0,80.0,40.0,0.0,0.0,0.0,32.0,0.0,1.660699854255654e-05,2.7658999897539616e-05,6.472999666584656e-05,2.2269996406976134e-05,0.0
11,4,OMP,optimized,OMP (optimized),128,256,0.5,gaussian,gaussian,clean,0.0,1.3575720084730417e-20,1.16514892115688e-10,1.0,1.0,1,0.0001397949999955017,4,4.0,2.6139915071776073e-10,target_sparsity_reached,0,0,4.971399903297424e-05,1.0,True,,0,0,1.1970944768213354,0.0,0.0,0.0,0.0,0.0,0.0,0.0,1520.0,1024.0,0.0,256.0,128.0,32.0,32.0,40.0,0.0,0.0,0.0,8.0,0.0,1.5248002455336973e-05,6.795999070163816e-06,4.971399903297424e-05,1.6479996702400967e-05,2.615799894556403e-05
11,4,gOMP,baseline,gOMP (baseline),128,256,0.5,gaussian,gaussian,clean,0.0,8.36617027703577e-33,9.146677143660298e-17,1.0,1.0,1,0.00010602600013953634,2,4.0,2.3804300049049583e-16,target_sparsity_reached,0,0,3.274999835412018e-05,3.0,False,,0,0,1.1970944768213354,0.0,0.0,0.0,0.0,0.0,0.0,0.0,3424.0,1024.0,2048.0,256.0,0.0,0.0,56.0,24.0,0.0,0.0,0.0,16.0,0.0,8.097998943412676e-06,1.9993003661511466e-05,3.274999835412018e-05,1.0621002729749307e-05,0.0
11,4,gOMP,optimized,gOMP (optimized),128,256,0.5,gaussian,gaussian,clean,0.0,1.3575705674533366e-20,1.1651483027723708e-10,1.0,1.0,1,7.734400060144253e-05,2,4.0,2.6139898268817166e-10,target_sparsity_reached,0,0,2.4308999854838476e-05,3.0,True,,0,0,1.1970944768213354,0.0,0.0,0.0,0.0,0.0,0.0,0.0,1344.0,1024.0,0.0,256.0,0.0,0.0,32.0,24.0,0.0,0.0,0.0,8.0,0.0,7.522998203057796e-06,1.6031000996008515e-05,2.4308999854838476e-05,7.76300294091925e-06,0.0
11,4,Improved-gOMP,baseline,Improved-gOMP (baseline),128,256,0.5,gaussian,gaussian,clean,0.0,8.36617027703577e-33,9.146677143660298e-17,1.0,1.0,1,0.00056683500224608,2,4.0,2.3804300049049583e-16,residual_tol,0,0,3.807799657806754e-05,12.0,False,,0,0,1.1970944768213354,1.0,1.0,1.0,1.0,1.0,1.0,0.0,3208.0,1024.0,2048.0,0.0,0.0,0.0,48.0,24.0,16.0,16.0,16.0,16.0,0.0,7.475999154848978e-06,0.00035341900002094917,2.3276996216736734e-05,9.985997166950256e-06,9.40469981287606e-05
11,4,Improved-gOMP,optimized,Improved-gOMP (optimized),128,256,0.5,gaussian,gaussian,clean,0.0,8.36617027703577e-33,9.146677143660298e-17,1.0,1.0,1,0.00040233099934994243,2,4.0,2.3804300049049583e-16,residual_tol,0,0,3.224800093448721e-05,0.0,True,,0,0,1.1970944768213354,0.0,0.0,0.0,0.0,1.0,0.0,1.0,3312.0,1024.0,2048.0,0.0,128.0,32.0,32.0,24.0,16.0,0.0,0.0,8.0,0.0,7.757997082080692e-06,0.00011863000327139162,5.9876001614611596e-05,1.14070026029367e-05,0.00015894700118224137
12,4,OMP,baseline,OMP (baseline),128,256,0.5,gaussian,gaussian,clean,0.0,5.7927524210961785e-31,7.611013349808407e-16,1.0,1.0,1,0.0002763920019788202,4,4.0,1.734366086125809e-15,target_sparsity_reached,0,0,7.567600550828502e-05,1.0,False,,0,0,1.2569939402747972,0.0,0.0,0.0,0.0,0.0,0.0,0.0,3224.0,1024.0,2048.0,0.0,0.0,0.0,80.0,40.0,0.0,0.0,0.0,32.0,0.0,2.026999936788343e-05,3.192099757143296e-05,7.567600550828502e-05,3.029899744433351e-05,0.0
12,4,OMP,optimized,OMP (optimized),128,256,0.5,gaussian,gaussian,clean,0.0,1.4294226805262375e-20,1.1955846605432163e-10,1.0,1.0,1,0.00015349699970101938,4,4.0,2.532223767125871e-10,target_sparsity_reached,0,0,5.330299973138608e-05,1.0,True,,0,0,1.2569939402747972,0.0,0.0,0.0,0.0,0.0,0.0,0.0,1520.0,1024.0,0.0,256.0,128.0,32.0,32.0,40.0,0.0,0.0,0.0,8.0,0.0,1.5176996384980157e-05,1.2360000255284831e-05,5.330299973138608e-05,1.754399636411108e-05,2.7743000828195363e-05
12,4,gOMP,baseline,gOMP (baseline),128,256,0.5,gaussian,gaussian,clean,0.0,0.024761480741042445,0.15735781118534423,0.75,0.75,0,0.0001084830000763759,2,4.0,0.35894808374379183,target_sparsity_reached,1,1,3.227799606975168e-05,3.0,False,,0,0,1.4189587878812049,0.0,0.0,0.0,0.0,0.0,0.0,0.0,3424.0,1024.0,2048.0,256.0,0.0,0.0,56.0,24.0,0.0,0.0,0.0,16.0,0.0,1.1554999218787998e-05,2.0431998564163223e-05,3.227799606975168e-05,1.0375002602813765e-05,0.0
12,4,gOMP,optimized,gOMP (optimized),128,256,0.5,gaussian,gaussian,clean,0.0,0.024761480744578325,0.15735781119657938,0.75,0.75,0,0.00012620200141100213,2,4.0,0.3589480837437919,target_sparsity_reached,1,1,3.0485996830975637e-05,3.0,True,,0,0,1.4189587878812049,0.0,0.0,0.0,0.0,0.0,0.0,0.0,1344.0,1024.0,0.0,256.0,0.0,0.0,32.0,24.0,0.0,0.0,0.0,8.0,0.0,3.500800085021183e-05,2.33430000662338e-05,3.0485996830975637e-05,1.0476000170456246e-05,0.0
12,4,Improved-gOMP,baseline,Improved-gOMP (baseline),128,256,0.5,gaussian,gaussian,clean,0.0,5.7927524210961785e-31,7.611013349808407e-16,1.0,1.0,1,0.0006602510002267081,2,4.0,1.734366086125809e-15,residual_tol,0,0,5.3209001634968445e-05,12.0,False,,0,0,1.2569939402747972,1.0,1.0,1.0,1.0,1.0,1.0,0.0,3208.0,1024.0,2048.0,0.0,0.0,0.0,48.0,24.0,16.0,16.0,16.0,16.0,0.0,8.01599890110083e-06,0.00040734600406722166,3.75279996660538e-05,1.312200038228184e-05,0.00010537200068938546
12,4,Improved-gOMP,optimized,Improved-gOMP (optimized),128,256,0.5,gaussian,gaussian,clean,0.0,5.7927524210961785e-31,7.611013349808407e-16,1.0,1.0,1,0.00037515700023504905,2,4.0,1.734366086125809e-15,residual_tol,0,0,3.24200009345077e-05,0.0,True,,0,0,1.2569939402747972,0.0,0.0,0.0,0.0,1.0,0.0,1.0,3312.0,1024.0,2048.0,0.0,128.0,32.0,32.0,24.0,16.0,0.0,0.0,8.0,0.0,7.3500013968441635e-06,0.00011892900147358887,6.0241003666305915e-05,1.1244002962484956e-05,0.0001328369980910793
13,4,OMP,baseline,OMP (baseline),128,256,0.5,gaussian,gaussian,clean,0.0,8.508575588207872e-32,2.9169462779091205e-16,1.0,1.0,1,0.00017716900038067251,4,4.0,6.349407842524886e-16,target_sparsity_reached,0,0,5.713199789170176e-05,1.0,False,,0,0,1.213224425276803,0.0,0.0,0.0,0.0,0.0,0.0,0.0,3224.0,1024.0,2048.0,0.0,0.0,0.0,80.0,40.0,0.0,0.0,0.0,32.0,0.0,1.5017998521216214e-05,2.5638004444772378e-05,5.713199789170176e-05,2.1466999896802008e-05,0.0
13,4,OMP,optimized,OMP (optimized),128,256,0.5,gaussian,gaussian,clean,0.0,1.0693141812913002e-20,1.0340764871571639e-10,1.0,1.0,1,0.00014091800039750524,4,4.0,2.0858240379499625e-10,target_sparsity_reached,0,0,4.965000334777869e-05,1.0,True,,0,0,1.213224425276803,0.0,0.0,0.0,0.0,0.0,0.0,0.0,1520.0,1024.0,0.0,256.0,128.0,32.0,32.0,40.0,0.0,0.0,0.0,8.0,0.0,1.413200152455829e-05,6.479996955022216e-06,4.965000334777869e-05,1.6519003111170605e-05,2.5056000595213845e-05
13,4,gOMP,baseline,gOMP (baseline),128,256,0.5,gaussian,gaussian,clean,0.0,0.00034938732084009765,0.01869190522231743,0.75,0.75,0,0.00010335199840483256,2,4.0,0.03687683902082555,target_sparsity_reached,1,1,3.140000262646936e-05,3.0,False,,0,0,1.3196370377658617,0.0,0.0,0.0,0.0,0.0,0.0,0.0,3424.0,1024.0,2048.0,256.0,0.0,0.0,56.0,24.0,0.0,0.0,0.0,16.0,0.0,7.93500294093974e-06,2.0911000319756567e-05,3.140000262646936e-05,1.0531999578233808e-05,0.0
13,4,gOMP,optimized,gOMP (optimized),128,256,0.5,gaussian,gaussian,clean,0.0,0.0003493873206979461,0.01869190521851494,0.75,0.75,0,7.673800064367242e-05,2,4.0,0.03687683902082555,target_sparsity_reached,1,1,2.499099718988873e-05,3.0,True,,0,0,1.3196370377658617,0.0,0.0,0.0,0.0,0.0,0.0,0.0,1344.0,1024.0,0.0,256.0,0.0,0.0,32.0,24.0,0.0,0.0,0.0,8.0,0.0,7.168000593082979e-06,1.6337999113602564e-05,2.499099718988873e-05,7.382997864624485e-06,0.0
13,4,Improved-gOMP,baseline,Improved-gOMP (baseline),128,256,0.5,gaussian,gaussian,clean,0.0,8.508575588207872e-32,2.9169462779091205e-16,1.0,1.0,1,0.0006226330006029457,2,4.0,6.349407842524886e-16,residual_tol,0,0,3.739899693755433e-05,12.5,False,,0,0,1.213224425276803,1.0,1.0,1.0,1.0,1.0,1.0,0.0,3208.0,1024.0,2048.0,0.0,0.0,0.0,48.0,24.0,16.0,16.0,16.0,16.0,0.0,8.695002179592848e-06,0.00039871900298749097,2.409000080660917e-05,1.0113002645084634e-05,9.584299914422445e-05
13,4,Improved-gOMP,optimized,Improved-gOMP (optimized),128,256,0.5,gaussian,gaussian,clean,0.0,0.000349387320697945,0.018691905218514913,0.75,0.75,0,0.00037430399970617145,2,4.0,0.03687683902082555,target_sparsity_reached,1,1,3.406800169614144e-05,0.0,True,,0,0,1.3196370377658617,0.0,0.0,0.0,0.0,1.0,0.0,1.0,3312.0,1024.0,2048.0,0.0,128.0,32.0,32.0,24.0,16.0,0.0,0.0,8.0,0.0,8.613002137281e-06,0.00012758199954987504,6.372699499479495e-05,1.2494001566665247e-05,0.00011170499783474952
14,4,OMP,baseline,OMP (baseline),128,256,0.5,gaussian,gaussian,clean,0.0,3.478226936316533e-31,5.897649477814473e-16,1.0,1.0,1,0.0001766539971868042,4,4.0,1.2932942323344492e-15,target_sparsity_reached,0,0,5.6837001466192305e-05,1.0,False,,0,0,1.229217948801031,0.0,0.0,0.0,0.0,0.0,0.0,0.0,3224.0,1024.0,2048.0,0.0,0.0,0.0,80.0,40.0,0.0,0.0,0.0,32.0,0.0,1.62779979291372e-05,2.8134003514423966e-05,5.6837001466192305e-05,1.973800317500718e-05,0.0
14,4,OMP,optimized,OMP (optimized),128,256,0.5,gaussian,gaussian,clean,0.0,8.217426260389394e-21,9.065002074125187e-11,1.0,1.0,1,0.0002110840032401029,4,4.0,1.972503811048978e-10,target_sparsity_reached,0,0,9.570600013830699e-05,1.0,True,,0,0,1.229217948801031,0.0,0.0,0.0,0.0,0.0,0.0,0.0,1520.0,1024.0,0.0,256.0,128.0,32.0,32.0,40.0,0.0,0.0,0.0,8.0,0.0,2.0992996724089608e-05,8.74800025485456e-06,9.570600013830699e-05,2.2696003725286573e-05,2.8829002985730767e-05
14,4,gOMP,baseline,gOMP (baseline),128,256,0.5,gaussian,gaussian,clean,0.0,3.364186708896318e-31,5.800160953711818e-16,1.0,1.0,1,0.00012213800073368475,2,4.0,1.2909186921304602e-15,target_sparsity_reached,0,0,3.919199662050232e-05,3.0,False,,0,0,1.2292179488010313,0.0,0.0,0.0,0.0,0.0,0.0,0.0,3424.0,1024.0,2048.0,256.0,0.0,0.0,56.0,24.0,0.0,0.0,0.0,16.0,0.0,8.185001206584275e-06,2.362400118727237e-05,3.919199662050232e-05,1.1869000445585698e-05,0.0
14,4,gOMP,optimized,gOMP (optimized),128,256,0.5,gaussian,gaussian,clean,0.0,8.217464978996691e-21,9.065023430194039e-11,1.0,1.0,1,0.00010914199810940772,2,4.0,1.9725078455399789e-10,target_sparsity_reached,0,0,3.998499596491456e-05,3.0,True,,0,0,1.2292179488010313,0.0,0.0,0.0,0.0,0.0,0.0,0.0,1344.0,1024.0,0.0,256.0,0.0,0.0,32.0,24.0,0.0,0.0,0.0,8.0,0.0,8.33200101624243e-06,2.3220000002766028e-05,3.998499596491456e-05,1.150499883806333e-05,0.0
14,4,Improved-gOMP,baseline,Improved-gOMP (baseline),128,256,0.5,gaussian,gaussian,clean,0.0,3.478226936316533e-31,5.897649477814473e-16,1.0,1.0,1,0.0006818889996793587,2,4.0,1.2932942323344492e-15,residual_tol,0,0,4.2340998334111646e-05,12.0,False,,0,0,1.229217948801031,1.0,1.0,1.0,1.0,1.0,1.0,0.0,3208.0,1024.0,2048.0,0.0,0.0,0.0,48.0,24.0,16.0,16.0,16.0,16.0,0.0,8.107999747153372e-06,0.0004372590010461863,2.7499998395796865e-05,1.133299883804284e-05,0.00010645200018188916
14,4,Improved-gOMP,optimized,Improved-gOMP (optimized),128,256,0.5,gaussian,gaussian,clean,0.0,8.21742767748177e-21,9.065002855753422e-11,1.0,1.0,1,0.00037843899917788804,2,4.0,1.9725041890469937e-10,residual_tol,0,0,3.6961999285267666e-05,0.0,True,,0,0,1.2292179488010313,0.0,0.0,0.0,0.0,1.0,0.0,1.0,3312.0,1024.0,2048.0,0.0,128.0,32.0,32.0,24.0,16.0,0.0,0.0,8.0,0.0,8.528000762453303e-06,0.0001277310002478771,6.783400021959096e-05,1.3204000424593687e-05,0.00011016399730578996
15,4,OMP,baseline,OMP (baseline),128,256,0.5,gaussian,gaussian,clean,0.0,2.7896570337199166e-31,5.281720395590737e-16,1.0,1.0,1,0.00019720400086953305,4,4.0,1.311349981209844e-15,target_sparsity_reached,0,0,6.374500298989005e-05,1.0,False,,0,0,1.214476661234196,0.0,0.0,0.0,0.0,0.0,0.0,0.0,3224.0,1024.0,2048.0,0.0,0.0,0.0,80.0,40.0,0.0,0.0,0.0,32.0,0.0,1.7255995771847665e-05,2.833999678841792e-05,6.374500298989005e-05,2.44859947997611e-05,0.0
15,4,OMP,optimized,OMP (optimized),128,256,0.5,gaussian,gaussian,clean,0.0,1.36138310859694e-20,1.1667832311946124e-10,1.0,1.0,1,0.0001522069978818763,4,4.0,2.534163052413505e-10,target_sparsity_reached,0,0,5.4535994422622025e-05,1.0,True,,0,0,1.214476661234196,0.0,0.0,0.0,0.0,0.0,0.0,0.0,1520.0,1024.0,0.0,256.0,128.0,32.0,32.0,40.0,0.0,0.0,0.0,8.0,0.0,1.61239986482542e-05,7.699003617744893e-06,5.4535994422622025e-05,1.7703994672046974e-05,2.807699638651684e-05
15,4,gOMP,baseline,gOMP (baseline),128,256,0.5,gaussian,gaussian,clean,0.0,2.8782175744729295e-32,1.6965310414115415e-16,1.0,1.0,1,0.0001091129997803364,2,4.0,4.776509981534352e-16,target_sparsity_reached,0,0,3.39680009346921e-05,3.0,False,,0,0,1.2144766612341962,0.0,0.0,0.0,0.0,0.0,0.0,0.0,3424.0,1024.0,2048.0,256.0,0.0,0.0,56.0,24.0,0.0,0.0,0.0,16.0,0.0,8.112001523841172e-06,2.182200114475563e-05,3.39680009346921e-05,1.107500065700151e-05,0.0
15,4,gOMP,optimized,gOMP (optimized),128,256,0.5,gaussian,gaussian,clean,0.0,1.3613785470746285e-20,1.1667812764501447e-10,1.0,1.0,1,8.151200017891824e-05,2,4.0,2.534158248831621e-10,target_sparsity_reached,0,0,2.549900091253221e-05,3.0,True,,0,0,1.2144766612341962,0.0,0.0,0.0,0.0,0.0,0.0,0.0,1344.0,1024.0,0.0,256.0,0.0,0.0,32.0,24.0,0.0,0.0,0.0,8.0,0.0,7.87899989518337e-06,1.7903003026731312e-05,2.549900091253221e-05,7.800001185387373e-06,0.0
15,4,Improved-gOMP,baseline,Improved-gOMP (baseline),128,256,0.5,gaussian,gaussian,clean,0.0,2.8782175744729295e-32,1.6965310414115415e-16,1.0,1.0,1,0.0006607850009459071,2,4.0,4.776509981534352e-16,residual_tol,0,0,3.970300167566165e-05,12.0,False,,0,0,1.2144766612341962,1.0,1.0,1.0,1.0,1.0,1.0,0.0,3208.0,1024.0,2048.0,0.0,0.0,0.0,48.0,24.0,16.0,16.0,16.0,16.0,0.0,9.20100137591362e-06,0.0004255310013832059,2.5787001504795626e-05,1.1983996955677867e-05,9.986499935621396e-05
15,4,Improved-gOMP,optimized,Improved-gOMP (optimized),128,256,0.5,gaussian,gaussian,clean,0.0,2.8782175744729295e-32,1.6965310414115415e-16,1.0,1.0,1,0.0004298310013837181,2,4.0,4.776509981534352e-16,residual_tol,0,0,3.1315998057834804e-05,0.0,True,,0,0,1.2144766612341962,0.0,0.0,0.0,0.0,1.0,0.0,1.0,3312.0,1024.0,2048.0,0.0,128.0,32.0,32.0,24.0,16.0,0.0,0.0,8.0,0.0,7.812999683665112e-06,0.00011777699910453521,6.0111997299827635e-05,1.9798000721493736e-05,0.00017606700203032233
16,4,OMP,baseline,OMP (baseline),128,256,0.5,gaussian,gaussian,clean,0.0,5.073227282799599e-31,7.122659112157199e-16,1.0,1.0,1,0.00019285400048829615,4,4.0,1.4380344932099125e-15,target_sparsity_reached,0,0,5.995099854771979e-05,1.0,False,,0,0,1.2442800092913007,0.0,0.0,0.0,0.0,0.0,0.0,0.0,3224.0,1024.0,2048.0,0.0,0.0,0.0,80.0,40.0,0.0,0.0,0.0,32.0,0.0,1.5984001947799698e-05,3.254599869251251e-05,5.995099854771979e-05,2.362300074310042e-05,0.0
16,4,OMP,optimized,OMP (optimized),128,256,0.5,gaussian,gaussian,clean,0.0,6.621028340879524e-21,8.136970161478733e-11,1.0,1.0,1,0.0001591830005054362,4,4.0,1.690487839725921e-10,target_sparsity_reached,0,0,5.6277000112459064e-05,1.0,True,,0,0,1.2442800092913007,0.0,0.0,0.0,0.0,0.0,0.0,0.0,1520.0,1024.0,0.0,256.0,128.0,32.0,32.0,40.0,0.0,0.0,0.0,8.0,0.0,1.585000427439809e-05,7.760994776617736e-06,5.6277000112459064e-05,1.8474998796591535e-05,2.7573998522711918e-05
16,4,gOMP,baseline,gOMP (baseline),128,256,0.5,gaussian,gaussian,clean,0.0,5.073227282799599e-31,7.122659112157199e-16,1.0,1.0,1,0.00011278199963271618,2,4.0,1.4380344932099125e-15,target_sparsity_reached,0,0,3.45049993484281e-05,3.0,False,,0,0,1.2442800092913007,0.0,0.0,0.0,0.0,0.0,0.0,0.0,3424.0,1024.0,2048.0,256.0,0.0,0.0,56.0,24.0,0.0,0.0,0.0,16.0,0.0,8.266000804724172e-06,2.1941999875707552e-05,3.45049993484281e-05,1.1750002158805728e-05,0.0
16,4,gOMP,optimized,gOMP (optimized),128,256,0.5,gaussian,gaussian,clean,0.0,6.621075703808688e-21,8.136999264967822e-11,1.0,1.0,1,9.357299859402701e-05,2,4.0,1.6904944515634612e-10,target_sparsity_reached,0,0,2.3996999516384676e-05,3.0,True,,0,0,1.2442800092913007,0.0,0.0,0.0,0.0,0.0,0.0,0.0,1344.0,1024.0,0.0,256.0,0.0,0.0,32.0,24.0,0.0,0.0,0.0,8.0,0.0,7.431997801177204e-06,1.6133999451994896e-05,2.3996999516384676e-05,7.627000741194934e-06,0.0
16,4,Improved-gOMP,baseline,Improved-gOMP (baseline),128,256,0.5,gaussian,gaussian,clean,0.0,5.073227282799599e-31,7.122659112157199e-16,1.0,1.0,1,0.0006282380018092226,2,4.0,1.4380344932099125e-15,residual_tol,0,0,3.9099002606235445e-05,11.5,False,,0,0,1.2442800092913007,1.0,1.0,1.0,1.0,1.0,1.0,0.0,3208.0,1024.0,2048.0,0.0,0.0,0.0,48.0,24.0,16.0,16.0,16.0,16.0,0.0,7.953996828291565e-06,0.0003829830020549707,2.4914999812608585e-05,9.919000149238855e-06,0.0001121989953389857
16,4,Improved-gOMP,optimized,Improved-gOMP (optimized),128,256,0.5,gaussian,gaussian,clean,0.0,5.073227282799599e-31,7.122659112157199e-16,1.0,1.0,1,0.0007195540019893087,2,4.0,1.4380344932099125e-15,residual_tol,0,0,4.215499939164147e-05,0.0,True,,0,0,1.2442800092913007,0.0,0.0,0.0,0.0,1.0,0.0,1.0,3312.0,1024.0,2048.0,0.0,128.0,32.0,32.0,24.0,16.0,0.0,0.0,8.0,0.0,2.186699930462055e-05,0.0002862559958884958,7.949899736559018e-05,7.665800148970447e-05,0.00017828899581218138
17,4,OMP,baseline,OMP (baseline),128,256,0.5,gaussian,gaussian,clean,0.0,1.871301009026964e-31,4.325853683409743e-16,1.0,1.0,1,0.00020250099987606518,4,4.0,1.0613006469027088e-15,target_sparsity_reached,0,0,6.146499799797311e-05,1.0,False,,0,0,1.40491827174048,0.0,0.0,0.0,0.0,0.0,0.0,0.0,3224.0,1024.0,2048.0,0.0,0.0,0.0,80.0,40.0,0.0,0.0,0.0,32.0,0.0,1.794399940990843e-05,2.9932998586446047e-05,6.146499799797311e-05,2.981199577334337e-05,0.0
17,4,OMP,optimized,OMP (optimized),128,256,0.5,gaussian,gaussian,clean,0.0,1.6176921183058653e-20,1.2718852614547687e-10,1.0,1.0,1,0.0001449390001653228,4,4.0,2.316517977401634e-10,target_sparsity_reached,0,0,5.1679999160114676e-05,1.0,True,,0,0,1.40491827174048,0.0,0.0,0.0,0.0,0.0,0.0,0.0,1520.0,1024.0,0.0,256.0,128.0,32.0,32.0,40.0,0.0,0.0,0.0,8.0,0.0,1.6235997463809326e-05,6.996004231041297e-06,5.1679999160114676e-05,1.6914000298129395e-05,2.6439000066602603e-05
17,4,gOMP,baseline,gOMP (baseline),128,256,0.5,gaussian,gaussian,clean,0.0,3.6575428812799743e-31,6.04776229797433e-16,1.0,1.0,1,0.00019963800150435418,2,4.0,1.3365039645934229e-15,target_sparsity_reached,0,0,6.98890034982469e-05,3.0,False,,0,0,1.40491827174048,0.0,0.0,0.0,0.0,0.0,0.0,0.0,3424.0,1024.0,2048.0,256.0,0.0,0.0,56.0,24.0,0.0,0.0,0.0,16.0,0.0,1.5585002984153107e-05,3.687799835461192e-05,6.98890034982469e-05,1.7563004803378135e-05,0.0
17,4,gOMP,optimized,gOMP (optimized),128,256,0.5,gaussian,gaussian,clean,0.0,1.6176966751236402e-20,1.2718870528170496e-10,1.0,1.0,1,0.00010593700062599964,2,4.0,2.3165209351968848e-10,target_sparsity_reached,0,0,3.27240013575647e-05,3.0,True,,0,0,1.40491827174048,0.0,0.0,0.0,0.0,0.0,0.0,0.0,1344.0,1024.0,0.0,256.0,0.0,0.0,32.0,24.0,0.0,0.0,0.0,8.0,0.0,8.86699854163453e-06,1.995499769691378e-05,3.27240013575647e-05,1.5319001249736175e-05,0.0
17,4,Improved-gOMP,baseline,Improved-gOMP (baseline),128,256,0.5,gaussian,gaussian,clean,0.0,1.871301009026964e-31,4.325853683409743e-16,1.0,1.0,1,0.0006637999977101572,2,4.0,1.0613006469027088e-15,residual_tol,0,0,4.1146002331515774e-05,11.5,False,,0,0,1.40491827174048,1.0,1.0,1.0,1.0,1.0,1.0,0.0,3208.0,1024.0,2048.0,0.0,0.0,0.0,48.0,24.0,16.0,16.0,16.0,16.0,0.0,8.505001460434869e-06,0.00041798699749051593,2.5950997951440513e-05,1.0990999726345763e-05,0.00010481799836270511
17,4,Improved-gOMP,optimized,Improved-gOMP (optimized),128,256,0.5,gaussian,gaussian,clean,0.0,1.6176915590031977e-20,1.271885041583239e-10,1.0,1.0,1,0.0003680599984363653,2,4.0,2.3165174965984155e-10,residual_tol,0,0,3.5576002119341865e-05,0.0,True,,0,0,1.40491827174048,0.0,0.0,0.0,0.0,1.0,0.0,1.0,3312.0,1024.0,2048.0,0.0,128.0,32.0,32.0,24.0,16.0,0.0,0.0,8.0,0.0,7.812002877471969e-06,0.0001266129984287545,6.64710023556836e-05,1.3385004422161728e-05,0.00010580299931461923
18,4,OMP,baseline,OMP (baseline),128,256,0.5,gaussian,gaussian,clean,0.0,5.2318726334692185e-31,7.233168485158643e-16,1.0,1.0,1,0.00020524600040516816,4,4.0,1.6090951231401085e-15,target_sparsity_reached,0,0,6.39019999653101e-05,1.0,False,,0,0,1.1675836038560967,0.0,0.0,0.0,0.0,0.0,0.0,0.0,3224.0,1024.0,2048.0,0.0,0.0,0.0,80.0,40.0,0.0,0.0,0.0,32.0,0.0,1.712200537440367e-05,2.9040998924756423e-05,6.39019999653101e-05,2.386299820500426e-05,0.0
18,4,OMP,optimized,OMP (optimized),128,256,0.5,gaussian,gaussian,clean,0.0,9.420420773483404e-21,9.705885211294952e-11,1.0,1.0,1,0.00014149799972074106,4,4.0,2.1719404170707296e-10,target_sparsity_reached,0,0,5.00069982081186e-05,1.0,True,,0,0,1.1675836038560967,0.0,0.0,0.0,0.0,0.0,0.0,0.0,1520.0,1024.0,0.0,256.0,128.0,32.0,32.0,40.0,0.0,0.0,0.0,8.0,0.0,1.487299959990196e-05,6.973001291044056e-06,5.00069982081186e-05,1.676900137681514e-05,2.5090997951338068e-05
18,4,gOMP,baseline,gOMP (baseline),128,256,0.5,gaussian,gaussian,clean,0.0,0.0026061026772108762,0.05105000173565988,0.75,0.75,0,0.00010922699948423542,2,4.0,0.10991729174811062,target_sparsity_reached,1,1,3.482999818515964e-05,3.0,False,,0,0,1.2718543187581715,0.0,0.0,0.0,0.0,0.0,0.0,0.0,3424.0,1024.0,2048.0,256.0,0.0,0.0,56.0,24.0,0.0,0.0,0.0,16.0,0.0,7.509002898586914e-06,2.0888001017738134e-05,3.482999818515964e-05,1.1118001566501334e-05,0.0
18,4,gOMP,optimized,gOMP (optimized),128,256,0.5,gaussian,gaussian,clean,0.0,0.002606102677371379,0.05105000173723189,0.75,0.75,0,7.784500121488236e-05,2,4.0,0.10991729174811062,target_sparsity_reached,1,1,2.394100374658592e-05,3.0,True,,0,0,1.2718543187581715,0.0,0.0,0.0,0.0,0.0,0.0,0.0,1344.0,1024.0,0.0,256.0,0.0,0.0,32.0,24.0,0.0,0.0,0.0,8.0,0.0,7.458998879883438e-06,1.6932001017266884e-05,2.394100374658592e-05,7.89800105849281e-06,0.0
18,4,Improved-gOMP,baseline,Improved-gOMP (baseline),128,256,0.5,gaussian,gaussian,clean,0.0,5.2318726334692185e-31,7.233168485158643e-16,1.0,1.0,1,0.0006107139997766353,2,4.0,1.6090951231401085e-15,residual_tol,0,0,3.750899850274436e-05,13.0,False,,0,0,1.1675836038560967,1.0,1.0,1.0,1.0,1.0,1.0,0.0,3208.0,1024.0,2048.0,0.0,0.0,0.0,48.0,24.0,16.0,16.0,16.0,16.0,0.0,7.6120013545732945e-06,0.0003834060007648077,2.3735003196634352e-05,1.0248000762658194e-05,9.85670012596529e-05
18,4,Improved-gOMP,optimized,Improved-gOMP (optimized),128,256,0.5,gaussian,gaussian,clean,0.0,5.2318726334692185e-31,7.233168485158643e-16,1.0,1.0,1,0.000407950999942841,2,4.0,1.6090951231401085e-15,residual_tol,0,0,4.842699854634702e-05,0.0,True,,0,0,1.1675836038560967,0.0,0.0,0.0,0.0,1.0,0.0,1.0,3312.0,1024.0,2048.0,0.0,128.0,32.0,32.0,24.0,16.0,0.0,0.0,8.0,0.0,7.72400017012842e-06,0.00012494199836510234,7.598299998790026e-05,1.339699883828871e-05,0.0001358030021947343
19,4,OMP,baseline,OMP (baseline),128,256,0.5,gaussian,gaussian,clean,0.0,3.3648656261941313e-31,5.800746181478837e-16,1.0,1.0,1,0.00018759800150291994,4,4.0,8.778694941251098e-16,target_sparsity_reached,0,0,5.94850025663618e-05,1.0,False,,0,0,1.2506333644356624,0.0,0.0,0.0,0.0,0.0,0.0,0.0,3224.0,1024.0,2048.0,0.0,0.0,0.0,80.0,40.0,0.0,0.0,0.0,32.0,0.0,1.562800389365293e-05,2.8494003345258534e-05,5.94850025663618e-05,2.2236996301217005e-05,0.0
19,4,OMP,optimized,OMP (optimized),128,256,0.5,gaussian,gaussian,clean,0.0,1.1906066387392262e-20,1.0911492284464239e-10,1.0,1.0,1,0.0002413769980194047,4,4.0,1.5931369650938654e-10,target_sparsity_reached,0,0,0.00011928399908356369,1.0,True,,0,0,1.2506333644356624,0.0,0.0,0.0,0.0,0.0,0.0,0.0,1520.0,1024.0,0.0,256.0,128.0,32.0,32.0,40.0,0.0,0.0,0.0,8.0,0.0,1.9993003661511466e-05,9.212995792040601e-06,0.00011928399908356369,2.6712994440458715e-05,2.993300586240366e-05
19,4,gOMP,baseline,gOMP (baseline),128,256,0.5,gaussian,gaussian,clean,0.0,0.0005440362102016788,0.023324583816258734,0.75,0.75,0,0.00014825700054643676,2,4.0,0.034021150585812024,target_sparsity_reached,1,1,5.059399700257927e-05,3.0,False,,0,0,1.3920701289216721,0.0,0.0,0.0,0.0,0.0,0.0,0.0,3424.0,1024.0,2048.0,256.0,0.0,0.0,56.0,24.0,0.0,0.0,0.0,16.0,0.0,1.2183001672383398e-05,3.060899689444341e-05,5.059399700257927e-05,1.4298999303719029e-05,0.0
19,4,gOMP,optimized,gOMP (optimized),128,256,0.5,gaussian,gaussian,clean,0.0,0.0005440362105628357,0.023324583824000714,0.75,0.75,0,8.454400085611269e-05,2,4.0,0.034021150585812024,target_sparsity_reached,1,1,2.5629000447224826e-05,3.0,True,,0,0,1.3920701289216721,0.0,0.0,0.0,0.0,0.0,0.0,0.0,1344.0,1024.0,0.0,256.0,0.0,0.0,32.0,24.0,0.0,0.0,0.0,8.0,0.0,8.339997293660417e-06,1.8878999981097877e-05,2.5629000447224826e-05,8.282000635517761e-06,0.0
19,4,Improved-gOMP,baseline,Improved-gOMP (baseline),128,256,0.5,gaussian,gaussian,clean,0.0,3.3648656261941313e-31,5.800746181478837e-16,1.0,1.0,1,0.0006703069993818644,2,4.0,8.778694941251098e-16,residual_tol,0,0,4.241699571139179e-05,12.5,False,,0,0,1.2506333644356624,1.0,1.0,1.0,1.0,1.0,1.0,0.0,3208.0,1024.0,2048.0,0.0,0.0,0.0,48.0,24.0,16.0,16.0,16.0,16.0,0.0,9.488001524005085e-06,0.00041894400055753067,2.7261001378064975e-05,1.1796000762842596e-05,0.000106920997495763
19,4,Improved-gOMP,optimized,Improved-gOMP (optimized),128,256,0.5,gaussian,gaussian,clean,0.0,0.0005600316146669548,0.023664987104728263,0.75,0.75,0,0.000545715000043856,2,4.0,0.033736969515394316,target_sparsity_reached,1,1,3.6642995837610215e-05,0.0,True,,0,0,1.311131150866674,0.0,0.0,0.0,0.0,1.0,0.0,1.0,3312.0,1024.0,2048.0,0.0,128.0,32.0,32.0,24.0,16.0,0.0,0.0,8.0,0.0,8.702001650817692e-06,0.0001338440015388187,6.756600123480894e-05,1.3388002116698772e-05,0.00026587599859340116
20,4,OMP,baseline,OMP (baseline),128,256,0.5,gaussian,gaussian,clean,0.0,2.274720888066142e-31,4.769403409301987e-16,1.0,1.0,1,0.00019583100220188498,4,4.0,1.5071872161566319e-15,target_sparsity_reached,0,0,6.174400186864659e-05,1.0,False,,0,0,1.2051884394833545,0.0,0.0,0.0,0.0,0.0,0.0,0.0,3224.0,1024.0,2048.0,0.0,0.0,0.0,80.0,40.0,0.0,0.0,0.0,32.0,0.0,1.656699532759376e-05,3.113500133622438e-05,6.174400186864659e-05,2.317700273124501e-05,0.0
20,4,OMP,optimized,OMP (optimized),128,256,0.5,gaussian,gaussian,clean,0.0,1.1950378958589233e-20,1.0931778884787797e-10,1.0,1.0,1,0.00014906900105415843,4,4.0,3.2618603429473274e-10,target_sparsity_reached,0,0,5.458300074678846e-05,1.0,True,,0,0,1.2051884394833545,0.0,0.0,0.0,0.0,0.0,0.0,0.0,1520.0,1024.0,0.0,256.0,128.0,32.0,32.0,40.0,0.0,0.0,0.0,8.0,0.0,1.5138997696340084e-05,7.772996468702331e-06,5.458300074678846e-05,1.7276997823501006e-05,2.705199585761875e-05
20,4,gOMP,baseline,gOMP (baseline),128,256,0.5,gaussian,gaussian,clean,0.0,0.0002281028198832262,0.015103073193334732,0.75,0.75,0,0.00010452299829921685,2,4.0,0.04580365042788067,target_sparsity_reached,1,1,3.1321000278694555e-05,3.0,False,,0,0,1.441820699332667,0.0,0.0,0.0,0.0,0.0,0.0,0.0,3424.0,1024.0,2048.0,256.0,0.0,0.0,56.0,24.0,0.0,0.0,0.0,16.0,0.0,7.482998626073822e-06,2.1236002794466913e-05,3.1321000278694555e-05,1.0526000551180914e-05,0.0
20,4,gOMP,optimized,gOMP (optimized),128,256,0.5,gaussian,gaussian,clean,0.0,0.00022810281959956914,0.015103073183944027,0.75,0.75,0,8.346100003109314e-05,2,4.0,0.045803650427880635,target_sparsity_reached,1,1,2.4803997803246602e-05,3.0,True,,0,0,1.441820699332667,0.0,0.0,0.0,0.0,0.0,0.0,0.0,1344.0,1024.0,0.0,256.0,0.0,0.0,32.0,24.0,0.0,0.0,0.0,8.0,0.0,1.0411004041088745e-05,1.7463997210143134e-05,2.4803997803246602e-05,7.86099917604588e-06,0.0
20,4,Improved-gOMP,baseline,Improved-gOMP (baseline),128,256,0.5,gaussian,gaussian,clean,0.0,2.274720888066142e-31,4.769403409301987e-16,1.0,1.0,1,0.0006685970001854002,2,4.0,1.5071872161566319e-15,residual_tol,0,0,3.8742997276131064e-05,13.0,False,,0,0,1.2051884394833545,1.0,1.0,1.0,1.0,1.0,1.0,0.0,3208.0,1024.0,2048.0,0.0,0.0,0.0,48.0,24.0,16.0,16.0,16.0,16.0,0.0,8.078000973910093e-06,0.0004371029972389806,2.4886001483537257e-05,1.0402000043541193e-05,9.999699977925047e-05
20,4,Improved-gOMP,optimized,Improved-gOMP (optimized),128,256,0.5,gaussian,gaussian,clean,0.0,0.0002281028195995702,0.015103073183944061,0.75,0.75,0,0.00042942900108755566,2,4.0,0.04580365042788066,target_sparsity_reached,1,1,3.538499731803313e-05,0.0,True,,0,0,1.441820699332667,0.0,0.0,0.0,0.0,1.0,0.0,1.0,3312.0,1024.0,2048.0,0.0,128.0,32.0,32.0,24.0,16.0,0.0,0.0,8.0,0.0,7.819999154889956e-06,0.00013131800005794503,6.578000102308579e-05,1.2320000678300858e-05,0.00016039199908846058
21,4,OMP,baseline,OMP (baseline),128,256,0.5,gaussian,gaussian,clean,0.0,2.3671580665574774e-31,4.865344866047501e-16,1.0,1.0,1,0.00019081800201092847,4,4.0,8.230883585380261e-16,target_sparsity_reached,0,0,5.862500620423816e-05,1.0,False,,0,0,1.2192621561972985,0.0,0.0,0.0,0.0,0.0,0.0,0.0,3224.0,1024.0,2048.0,0.0,0.0,0.0,80.0,40.0,0.0,0.0,0.0,32.0,0.0,1.7854999896371737e-05,2.936900273198262e-05,5.862500620423816e-05,2.2961001377552748e-05,0.0
21,4,OMP,optimized,OMP (optimized),128,256,0.5,gaussian,gaussian,clean,0.0,9.650863388466457e-21,9.823880795523964e-11,1.0,1.0,1,0.00014947399904485792,4,4.0,1.6393043338635288e-10,target_sparsity_reached,0,0,5.432100442703813e-05,1.0,True,,0,0,1.2192621561972985,0.0,0.0,0.0,0.0,0.0,0.0,0.0,1520.0,1024.0,0.0,256.0,128.0,32.0,32.0,40.0,0.0,0.0,0.0,8.0,0.0,1.5853998775128275e-05,7.749000360490754e-06,5.432100442703813e-05,1.7265003407374024e-05,2.6552002964308485e-05
21,4,gOMP,baseline,gOMP (baseline),128,256,0.5,gaussian,gaussian,clean,0.0,2.3671580665574774e-31,4.865344866047501e-16,1.0,1.0,1,0.00013001800107304007,2,4.0,8.230883585380261e-16,target_sparsity_reached,0,0,3.455799742368981e-05,3.0,False,,0,0,1.2192621561972985,0.0,0.0,0.0,0.0,0.0,0.0,0.0,3424.0,1024.0,2048.0,256.0,0.0,0.0,56.0,24.0,0.0,0.0,0.0,16.0,0.0,8.538998372387141e-06,2.1719999494962394e-05,3.455799742368981e-05,1.249699926120229e-05,0.0
21,4,gOMP,optimized,gOMP (optimized),128,256,0.5,gaussian,gaussian,clean,0.0,9.650921489471772e-21,9.823910366789678e-11,1.0,1.0,1,9.055199916474521e-05,2,4.0,1.6393087709132103e-10,target_sparsity_reached,0,0,2.8197002393426374e-05,3.0,True,,0,0,1.2192621561972985,0.0,0.0,0.0,0.0,0.0,0.0,0.0,1344.0,1024.0,0.0,256.0,0.0,0.0,32.0,24.0,0.0,0.0,0.0,8.0,0.0,8.781997166806832e-06,1.922000228660181e-05,2.8197002393426374e-05,8.853996405377984e-06,0.0
21,4,Improved-gOMP,baseline,Improved-gOMP (baseline),128,256,0.5,gaussian,gaussian,clean,0.0,2.3671580665574774e-31,4.865344866047501e-16,1.0,1.0,1,0.0006782769996789284,2,4.0,8.230883585380261e-16,residual_tol,0,0,4.368499867268838e-05,12.5,False,,0,0,1.2192621561972985,1.0,1.0,1.0,1.0,1.0,1.0,0.0,3208.0,1024.0,2048.0,0.0,0.0,0.0,48.0,24.0,16.0,16.0,16.0,16.0,0.0,9.202998626278713e-06,0.00041917699854820967,2.7349000447429717e-05,1.28860046970658e-05,0.00011384899698896334
21,4,Improved-gOMP,optimized,Improved-gOMP (optimized),128,256,0.5,gaussian,gaussian,clean,0.0,2.3671580665574774e-31,4.865344866047501e-16,1.0,1.0,1,0.00044141300168121234,2,4.0,8.230883585380261e-16,residual_tol,0,0,3.825499879894778e-05,0.0,True,,0,0,1.2192621561972985,0.0,0.0,0.0,0.0,1.0,0.0,1.0,3312.0,1024.0,2048.0,0.0,128.0,32.0,32.0,24.0,16.0,0.0,0.0,8.0,0.0,9.185998351313174e-06,0.0001419000000169035,7.042699871817604e-05,1.383500057272613e-05,0.00015295299817807972
22,4,OMP,baseline,OMP (baseline),128,256,0.5,gaussian,gaussian,clean,0.0,1.0697954500385935e-31,3.2707727680757545e-16,1.0,1.0,1,0.00022001899924362078,4,4.0,8.41846061815563e-16,target_sparsity_reached,0,0,6.678800127701834e-05,1.0,False,,0,0,1.23430950115333,0.0,0.0,0.0,0.0,0.0,0.0,0.0,3224.0,1024.0,2048.0,0.0,0.0,0.0,80.0,40.0,0.0,0.0,0.0,32.0,0.0,2.2425007045967504e-05,3.638600173871964e-05,6.678800127701834e-05,2.7435002266429365e-05,0.0
22,4,OMP,optimized,OMP (optimized),128,256,0.5,gaussian,gaussian,clean,0.0,1.081658371824698e-20,1.0400280629986376e-10,1.0,1.0,1,0.00015688200073782355,4,4.0,2.2763223862257178e-10,target_sparsity_reached,0,0,5.5477998103015125e-05,1.0,True,,0,0,1.23430950115333,0.0,0.0,0.0,0.0,0.0,0.0,0.0,1520.0,1024.0,0.0,256.0,128.0,32.0,32.0,40.0,0.0,0.0,0.0,8.0,0.0,1.872000575531274e-05,9.156003216048703e-06,5.5477998103015125e-05,1.8555998394731432e-05,2.7614001737674698e-05
22,4,gOMP,baseline,gOMP (baseline),128,256,0.5,gaussian,gaussian,clean,0.0,0.011005575899490335,0.10490746350708482,0.5,0.5,0,0.00011201099914615043,2,4.0,0.23077070371582778,target_sparsity_reached,2,2,3.413800004636869e-05,3.0,False,,0,0,1.4684074975800252,0.0,0.0,0.0,0.0,0.0,0.0,0.0,3424.0,1024.0,2048.0,256.0,0.0,0.0,56.0,24.0,0.0,0.0,0.0,16.0,0.0,7.970000297063962e-06,2.0735998987220228e-05,3.413800004636869e-05,1.1746000382117927e-05,0.0
22,4,gOMP,optimized,gOMP (optimized),128,256,0.5,gaussian,gaussian,clean,0.0,0.011005575901259073,0.10490746351551482,0.5,0.5,0,8.292799975606613e-05,2,4.0,0.23077070371582775,target_sparsity_reached,2,2,2.6411998987896368e-05,3.0,True,,0,0,1.4684074975800252,0.0,0.0,0.0,0.0,0.0,0.0,0.0,1344.0,1024.0,0.0,256.0,0.0,0.0,32.0,24.0,0.0,0.0,0.0,8.0,0.0,7.823000487405807e-06,1.7523001588415354e-05,2.6411998987896368e-05,7.982001989148557e-06,0.0
22,4,Improved-gOMP,baseline,Improved-gOMP (baseline),128,256,0.5,gaussian,gaussian,clean,0.0,0.0006097817894083937,0.024693760131020825,0.75,0.75,0,0.0007370119965344202,2,4.0,0.05286806841423965,target_sparsity_reached,1,1,8.240500028477982e-05,13.0,False,,0,0,1.262491547325688,1.0,1.0,1.0,1.0,1.0,1.0,0.0,3208.0,1024.0,2048.0,0.0,0.0,0.0,48.0,24.0,16.0,16.0,16.0,16.0,0.0,9.167004463961348e-06,0.0004065260000061244,2.638200021465309e-05,1.1105996236437932e-05,0.0001844159996835515
22,4,Improved-gOMP,optimized,Improved-gOMP (optimized),128,256,0.5,gaussian,gaussian,clean,0.0,0.0005986627122555842,0.024467584928954147,0.75,0.75,0,0.0005451219985843636,2,4.0,0.053011683957597734,target_sparsity_reached,1,1,5.3656000090995803e-05,0.0,True,,0,0,1.372947572609155,0.0,0.0,0.0,0.0,1.0,0.0,1.0,3312.0,1024.0,2048.0,0.0,128.0,32.0,32.0,24.0,16.0,0.0,0.0,8.0,0.0,9.413000952918082e-06,0.00014792199726798572,8.55229991429951e-05,1.607500234968029e-05,0.00016127200069604442
23,4,OMP,baseline,OMP (baseline),128,256,0.5,gaussian,gaussian,clean,0.0,1.2379546524658925e-31,3.5184579754004347e-16,1.0,1.0,1,0.0001975069972104393,4,4.0,6.808342136141151e-16,target_sparsity_reached,0,0,6.315799691947177e-05,1.0,False,,0,0,1.2569928814624016,0.0,0.0,0.0,0.0,0.0,0.0,0.0,3224.0,1024.0,2048.0,0.0,0.0,0.0,80.0,40.0,0.0,0.0,0.0,32.0,0.0,1.905599856399931e-05,2.8145997930550948e-05,6.315799691947177e-05,2.6838006306206807e-05,0.0
23,4,OMP,optimized,OMP (optimized),128,256,0.5,gaussian,gaussian,clean,0.0,1.2261311386609673e-20,1.1073080595123325e-10,1.0,1.0,1,0.00014426499910769053,4,4.0,1.8466971620629992e-10,target_sparsity_reached,0,0,5.091300408821553e-05,1.0,True,,0,0,1.2569928814624016,0.0,0.0,0.0,0.0,0.0,0.0,0.0,1520.0,1024.0,0.0,256.0,128.0,32.0,32.0,40.0,0.0,0.0,0.0,8.0,0.0,1.782400067895651e-05,7.674996595596895e-06,5.091300408821553e-05,1.633200008654967e-05,2.596199919935316e-05
23,4,gOMP,baseline,gOMP (baseline),128,256,0.5,gaussian,gaussian,clean,0.0,0.025339676906524885,0.15918441163168234,0.75,0.75,0,0.00010264600132359192,2,4.0,0.2699814576182633,target_sparsity_reached,1,1,3.1442999897990376e-05,3.0,False,,0,0,1.4078353666179142,0.0,0.0,0.0,0.0,0.0,0.0,0.0,3424.0,1024.0,2048.0,256.0,0.0,0.0,56.0,24.0,0.0,0.0,0.0,16.0,0.0,7.874998118495569e-06,1.9636994693428278e-05,3.1442999897990376e-05,1.0668994946172461e-05,0.0
23,4,gOMP,optimized,gOMP (optimized),128,256,0.5,gaussian,gaussian,clean,0.0,0.02533967691061758,0.15918441164453753,0.75,0.75,0,8.098800026345998e-05,2,4.0,0.2699814576182633,target_sparsity_reached,1,1,2.525400122976862e-05,3.0,True,,0,0,1.4078353666179142,0.0,0.0,0.0,0.0,0.0,0.0,0.0,1344.0,1024.0,0.0,256.0,0.0,0.0,32.0,24.0,0.0,0.0,0.0,8.0,0.0,8.877002983354032e-06,1.6684000001987442e-05,2.525400122976862e-05,7.850998372305185e-06,0.0
23,4,Improved-gOMP,baseline,Improved-gOMP (baseline),128,256,0.5,gaussian,gaussian,clean,0.0,1.2379546524658925e-31,3.5184579754004347e-16,1.0,1.0,1,0.0006573390019184444,2,4.0,6.808342136141151e-16,residual_tol,0,0,5.9415997384348884e-05,13.0,False,,0,0,1.2569928814624016,1.0,1.0,1.0,1.0,1.0,1.0,0.0,3208.0,1024.0,2048.0,0.0,0.0,0.0,48.0,24.0,16.0,16.0,16.0,16.0,0.0,9.390001650899649e-06,0.00038910299917915836,4.139299926464446e-05,1.4094999642111361e-05,0.00011012099639629014
23,4,Improved-gOMP,optimized,Improved-gOMP (optimized),128,256,0.5,gaussian,gaussian,clean,0.0,1.2379546524658925e-31,3.5184579754004347e-16,1.0,1.0,1,0.00043026999992434867,2,4.0,6.808342136141151e-16,residual_tol,0,0,3.6397996154846624e-05,0.0,True,,0,0,1.2569928814624016,0.0,0.0,0.0,0.0,1.0,0.0,1.0,3312.0,1024.0,2048.0,0.0,128.0,32.0,32.0,24.0,16.0,0.0,0.0,8.0,0.0,8.192997484002262e-06,0.00013393199697020464,6.74620023346506e-05,1.4712000847794116e-05,0.00015481300215469673
24,4,OMP,baseline,OMP (baseline),128,256,0.5,gaussian,gaussian,clean,0.0,1.5514550089031468e-30,1.2455741683670012e-15,1.0,1.0,1,0.0001873420005722437,4,4.0,3.1502196223739607e-15,target_sparsity_reached,0,0,5.8583998907124624e-05,1.0,False,,0,0,1.2491707661777605,0.0,0.0,0.0,0.0,0.0,0.0,0.0,3224.0,1024.0,2048.0,0.0,0.0,0.0,80.0,40.0,0.0,0.0,0.0,32.0,0.0,1.6819998563732952e-05,2.9306997021194547e-05,5.8583998907124624e-05,2.323799708392471e-05,0.0
24,4,OMP,optimized,OMP (optimized),128,256,0.5,gaussian,gaussian,clean,0.0,9.39700273582755e-21,9.69381387062262e-11,1.0,1.0,1,0.0001688250013103243,4,4.0,2.464447044410382e-10,target_sparsity_reached,0,0,5.6877004681155086e-05,1.0,True,,0,0,1.2491707661777605,0.0,0.0,0.0,0.0,0.0,0.0,0.0,1520.0,1024.0,0.0,256.0,128.0,32.0,32.0,40.0,0.0,0.0,0.0,8.0,0.0,1.688399788690731e-05,8.6090003605932e-06,5.6877004681155086e-05,1.805600186344236e-05,3.375400046934374e-05
24,4,gOMP,baseline,gOMP (baseline),128,256,0.5,gaussian,gaussian,clean,0.0,7.737833252424215e-31,8.796495468323857e-16,1.0,1.0,1,0.0001150780008174479,2,4.0,2.2616856068083132e-15,target_sparsity_reached,0,0,3.622800068114884e-05,3.0,False,,0,0,1.2491707661777602,0.0,0.0,0.0,0.0,0.0,0.0,0.0,3424.0,1024.0,2048.0,256.0,0.0,0.0,56.0,24.0,0.0,0.0,0.0,16.0,0.0,8.513001375831664e-06,2.2506999812321737e-05,3.622800068114884e-05,1.1682997865136713e-05,0.0
24,4,gOMP,optimized,gOMP (optimized),128,256,0.5,gaussian,gaussian,clean,0.0,9.397086143026753e-21,9.693856891365145e-11,1.0,1.0,1,0.00010444599683978595,2,4.0,2.464457748885275e-10,target_sparsity_reached,0,0,3.7451001844601706e-05,3.0,True,,0,0,1.2491707661777602,0.0,0.0,0.0,0.0,0.0,0.0,0.0,1344.0,1024.0,0.0,256.0,0.0,0.0,32.0,24.0,0.0,0.0,0.0,8.0,0.0,1.3312997907632962e-05,1.9332001102156937e-05,3.7451001844601706e-05,9.157000022241846e-06,0.0
24,4,Improved-gOMP,baseline,Improved-gOMP (baseline),128,256,0.5,gaussian,gaussian,clean,0.0,1.1528982710270253e-30,1.073731004966805e-15,1.0,1.0,1,0.0006611839999095537,2,4.0,2.6661700958467484e-15,residual_tol,0,0,3.9313996239798144e-05,12.5,False,,0,0,1.2491707661777605,1.0,1.0,1.0,1.0,1.0,1.0,0.0,3208.0,1024.0,2048.0,0.0,0.0,0.0,48.0,24.0,16.0,16.0,16.0,16.0,0.0,8.456005161860958e-06,0.0004155429996899329,2.5078996259253472e-05,1.0437001037644222e-05,0.0001002589997369796
24,4,Improved-gOMP,optimized,Improved-gOMP (optimized),128,256,0.5,gaussian,gaussian,clean,0.0,9.397002328080678e-21,9.693813660309691e-11,1.0,1.0,1,0.0003380550006113481,2,4.0,2.464446983745888e-10,residual_tol,0,0,3.15590004902333e-05,0.0,True,,0,0,1.2491707661777602,0.0,0.0,0.0,0.0,1.0,0.0,1.0,3312.0,1024.0,2048.0,0.0,128.0,32.0,32.0,24.0,16.0,0.0,0.0,8.0,0.0,7.783000910421833e-06,0.000118808002298465,6.057199789211154e-05,1.122899993788451e-05,9.422600123798475e-05
25,4,OMP,baseline,OMP (baseline),128,256,0.5,gaussian,gaussian,clean,0.0,4.332888871966163e-31,6.582468284744077e-16,1.0,1.0,1,0.0001864810001279693,4,4.0,1.2623567358878313e-15,target_sparsity_reached,0,0,6.092399780754931e-05,1.0,False,,0,0,1.259001591731617,0.0,0.0,0.0,0.0,0.0,0.0,0.0,3224.0,1024.0,2048.0,0.0,0.0,0.0,80.0,40.0,0.0,0.0,0.0,32.0,0.0,1.689899363555014e-05,2.695900184335187e-05,6.092399780754931e-05,2.2729003831045702e-05,0.0
25,4,OMP,optimized,OMP (optimized),128,256,0.5,gaussian,gaussian,clean,0.0,1.3536012087073435e-20,1.1634436852324841e-10,1.0,1.0,1,0.00013843600027030334,4,4.0,1.8961309607316845e-10,target_sparsity_reached,0,0,4.8396999773103744e-05,1.0,True,,0,0,1.259001591731617,0.0,0.0,0.0,0.0,0.0,0.0,0.0,1520.0,1024.0,0.0,256.0,128.0,32.0,32.0,40.0,0.0,0.0,0.0,8.0,0.0,1.5907000488368794e-05,7.158996595535427e-06,4.8396999773103744e-05,1.625599543331191e-05,2.555300306994468e-05
25,4,gOMP,baseline,gOMP (baseline),128,256,0.5,gaussian,gaussian,clean,0.0,4.332888871966163e-31,6.582468284744077e-16,1.0,1.0,1,0.00013376800052355975,2,4.0,1.2623567358878313e-15,target_sparsity_reached,0,0,3.655299951788038e-05,3.0,False,,0,0,1.259001591731617,0.0,0.0,0.0,0.0,0.0,0.0,0.0,3424.0,1024.0,2048.0,256.0,0.0,0.0,56.0,24.0,0.0,0.0,0.0,16.0,0.0,7.908998668426648e-06,3.759299943340011e-05,3.655299951788038e-05,1.4138000551611185e-05,0.0
25,4,gOMP,optimized,gOMP (optimized),128,256,0.5,gaussian,gaussian,clean,0.0,1.3536028515704993e-20,1.1634443912669395e-10,1.0,1.0,1,8.595399776822887e-05,2,4.0,1.8961324231384812e-10,target_sparsity_reached,0,0,2.655299977050163e-05,3.0,True,,0,0,1.259001591731617,0.0,0.0,0.0,0.0,0.0,0.0,0.0,1344.0,1024.0,0.0,256.0,0.0,0.0,32.0,24.0,0.0,0.0,0.0,8.0,0.0,8.240000170189887e-06,1.9276998500572518e-05,2.655299977050163e-05,7.898997864685953e-06,0.0
25,4,Improved-gOMP,baseline,Improved-gOMP (baseline),128,256,0.5,gaussian,gaussian,clean,0.0,4.332888871966163e-31,6.582468284744077e-16,1.0,1.0,1,0.0005797480007458944,2,4.0,1.2623567358878313e-15,residual_tol,0,0,3.889599975082092e-05,12.5,False,,0,0,1.259001591731617,1.0,1.0,1.0,1.0,1.0,1.0,0.0,3208.0,1024.0,2048.0,0.0,0.0,0.0,48.0,24.0,16.0,16.0,16.0,16.0,0.0,8.098999387584627e-06,0.00035984199712402187,2.3765998776070774e-05,1.0205003491137177e-05,9.80160002654884e-05
25,4,Improved-gOMP,optimized,Improved-gOMP (optimized),128,256,0.5,gaussian,gaussian,clean,0.0,4.332888871966163e-31,6.582468284744077e-16,1.0,1.0,1,0.0004101089980395045,2,4.0,1.2623567358878313e-15,residual_tol,0,0,3.400499917916022e-05,0.0,True,,0,0,1.259001591731617,0.0,0.0,0.0,0.0,1.0,0.0,1.0,3312.0,1024.0,2048.0,0.0,128.0,32.0,32.0,24.0,16.0,0.0,0.0,8.0,0.0,7.733997335890308e-06,0.0001313520006078761,6.91620007273741e-05,1.452399737900123e-05,0.0001389090029988438
26,4,OMP,baseline,OMP (baseline),128,256,0.5,gaussian,gaussian,clean,0.0,1.6889244541335271e-31,4.1096526059188107e-16,1.0,1.0,1,0.0004987130014342256,4,4.0,7.111160304899532e-16,target_sparsity_reached,0,0,0.0001426250018994324,1.0,False,,0,0,1.0775774157882982,0.0,0.0,0.0,0.0,0.0,0.0,0.0,3224.0,1024.0,2048.0,0.0,0.0,0.0,80.0,40.0,0.0,0.0,0.0,32.0,0.0,4.9893002142198384e-05,8.9414999820292e-05,0.0001426250018994324,5.1191997044952586e-05,0.0
26,4,OMP,optimized,OMP (optimized),128,256,0.5,gaussian,gaussian,clean,0.0,1.0060931480000646e-20,1.00304194727841e-10,1.0,1.0,1,0.00017226499767275527,4,4.0,1.672478213738324e-10,target_sparsity_reached,0,0,6.090900205890648e-05,1.0,True,,0,0,1.0775774157882982,0.0,0.0,0.0,0.0,0.0,0.0,0.0,1520.0,1024.0,0.0,256.0,128.0,32.0,32.0,40.0,0.0,0.0,0.0,8.0,0.0,1.9047998648602515e-05,7.899994670879096e-06,6.090900205890648e-05,1.9292001525172964e-05,3.0347997380886227e-05
26,4,gOMP,baseline,gOMP (baseline),128,256,0.5,gaussian,gaussian,clean,0.0,1.5895759568315552e-31,3.9869486538348534e-16,1.0,1.0,1,0.00011085000005550683,2,4.0,6.972142620664586e-16,target_sparsity_reached,0,0,3.323700002511032e-05,3.0,False,,0,0,1.077577415788298,0.0,0.0,0.0,0.0,0.0,0.0,0.0,3424.0,1024.0,2048.0,256.0,0.0,0.0,56.0,24.0,0.0,0.0,0.0,16.0,0.0,8.652998076286167e-06,2.3583004804095253e-05,3.323700002511032e-05,1.1520998668856919e-05,0.0
26,4,gOMP,optimized,gOMP (optimized),128,256,0.5,gaussian,gaussian,clean,0.0,1.0060909015892449e-20,1.0030408274787447e-10,1.0,1.0,1,8.194900146918371e-05,2,4.0,1.6724763874741958e-10,target_sparsity_reached,0,0,2.4797001970000565e-05,3.0,True,,0,0,1.077577415788298,0.0,0.0,0.0,0.0,0.0,0.0,0.0,1344.0,1024.0,0.0,256.0,0.0,0.0,32.0,24.0,0.0,0.0,0.0,8.0,0.0,8.49000207381323e-06,1.7071000911528245e-05,2.4797001970000565e-05,7.801001629559323e-06,0.0
26,4,Improved-gOMP,baseline,Improved-gOMP (baseline),128,256,0.5,gaussian,gaussian,clean,0.0,0.05097877606918992,0.2257848003502227,0.75,0.75,0,0.0006382159990607761,2,4.0,0.37507737335098473,target_sparsity_reached,1,1,4.2275005398551e-05,12.5,False,,0,0,1.2915824498385988,1.0,1.0,1.0,1.0,1.0,1.0,0.0,3208.0,1024.0,2048.0,0.0,0.0,0.0,48.0,24.0,16.0,16.0,16.0,16.0,0.0,9.259001672035083e-06,0.0003931279970856849,2.5058001483557746e-05,1.1767002433771268e-05,0.0001083349998225458
26,4,Improved-gOMP,optimized,Improved-gOMP (optimized),128,256,0.5,gaussian,gaussian,clean,0.0,1.0060931913999037e-20,1.0030419689125195e-10,1.0,1.0,1,0.0004089800022484269,2,4.0,1.6724782300039367e-10,residual_tol,0,0,5.2842999139102176e-05,0.0,True,,0,0,1.077577415788298,0.0,0.0,0.0,0.0,1.0,0.0,1.0,3312.0,1024.0,2048.0,0.0,128.0,32.0,32.0,24.0,16.0,0.0,0.0,8.0,0.0,1.0185001883655787e-05,0.0001408930002071429,8.451600297121331e-05,1.6035995940910652e-05,0.00010346799899707548
27,4,OMP,baseline,OMP (baseline),128,256,0.5,gaussian,gaussian,clean,0.0,2.4102154910933184e-31,4.909394556453289e-16,1.0,1.0,1,0.00017155800014734268,4,4.0,1.0645210858481373e-15,target_sparsity_reached,0,0,5.500100087374449e-05,1.0,False,,0,0,1.1803129802454138,0.0,0.0,0.0,0.0,0.0,0.0,0.0,3224.0,1024.0,2048.0,0.0,0.0,0.0,80.0,40.0,0.0,0.0,0.0,32.0,0.0,1.4937002561055124e-05,2.5045002985280007e-05,5.500100087374449e-05,1.982800313271582e-05,0.0
27,4,OMP,optimized,OMP (optimized),128,256,0.5,gaussian,gaussian,clean,0.0,9.476691357088049e-21,9.734829919977055e-11,1.0,1.0,1,0.0001365389980492182,4,4.0,2.1009562433721748e-10,target_sparsity_reached,0,0,4.821600305149332e-05,1.0,True,,0,0,1.1803129802454138,0.0,0.0,0.0,0.0,0.0,0.0,0.0,1520.0,1024.0,0.0,256.0,128.0,32.0,32.0,40.0,0.0,0.0,0.0,8.0,0.0,1.4490000467048958e-05,7.206002919701859e-06,4.821600305149332e-05,1.6479996702400967e-05,2.4984998162835836e-05
27,4,gOMP,baseline,gOMP (baseline),128,256,0.5,gaussian,gaussian,clean,0.0,2.4102154910933184e-31,4.909394556453289e-16,1.0,1.0,1,0.00010082900189445354,2,4.0,1.0645210858481373e-15,target_sparsity_reached,0,0,3.086300057475455e-05,3.0,False,,0,0,1.1803129802454138,0.0,0.0,0.0,0.0,0.0,0.0,0.0,3424.0,1024.0,2048.0,256.0,0.0,0.0,56.0,24.0,0.0,0.0,0.0,16.0,0.0,7.320002623600885e-06,2.065599983325228e-05,3.086300057475455e-05,9.814000804908574e-06,0.0
27,4,gOMP,optimized,gOMP (optimized),128,256,0.5,gaussian,gaussian,clean,0.0,9.476727320482096e-21,9.734848391465628e-11,1.0,1.0,1,7.18100018275436e-05,2,4.0,2.1009609709131564e-10,target_sparsity_reached,0,0,2.2438001906266436e-05,3.0,True,,0,0,1.1803129802454138,0.0,0.0,0.0,0.0,0.0,0.0,0.0,1344.0,1024.0,0.0,256.0,0.0,0.0,32.0,24.0,0.0,0.0,0.0,8.0,0.0,6.87400097376667e-06,1.557999712531455e-05,2.2438001906266436e-05,7.333997928071767e-06,0.0
27,4,Improved-gOMP,baseline,Improved-gOMP (baseline),128,256,0.5,gaussian,gaussian,clean,0.0,2.4102154910933184e-31,4.909394556453289e-16,1.0,1.0,1,0.0005926010016992223,2,4.0,1.0645210858481373e-15,residual_tol,0,0,4.250900019542314e-05,11.5,False,,0,0,1.1803129802454138,1.0,1.0,1.0,1.0,1.0,1.0,0.0,3208.0,1024.0,2048.0,0.0,0.0,0.0,48.0,24.0,16.0,16.0,16.0,16.0,0.0,7.434002327499911e-06,0.00035657899934449233,2.3124997824197635e-05,1.0273000953020528e-05,0.00011449200246715918
27,4,Improved-gOMP,optimized,Improved-gOMP (optimized),128,256,0.5,gaussian,gaussian,clean,0.0,2.4102154910933184e-31,4.909394556453289e-16,1.0,1.0,1,0.0004130850029469002,2,4.0,1.0645210858481373e-15,residual_tol,0,0,3.411200304981321e-05,0.0,True,,0,0,1.1803129802454138,0.0,0.0,0.0,0.0,1.0,0.0,1.0,3312.0,1024.0,2048.0,0.0,128.0,32.0,32.0,24.0,16.0,0.0,0.0,8.0,0.0,8.341998182004318e-06,0.0001310379993810784,6.269099685596302e-05,1.2112002877984196e-05,0.0001448339971830137
28,4,OMP,baseline,OMP (baseline),128,256,0.5,gaussian,gaussian,clean,0.0,1.720766976286643e-31,4.148212839629426e-16,1.0,1.0,1,0.00024049699641182087,4,4.0,7.051368204792318e-16,target_sparsity_reached,0,0,8.559400157537311e-05,1.0,False,,0,0,1.3966779446261994,0.0,0.0,0.0,0.0,0.0,0.0,0.0,3224.0,1024.0,2048.0,0.0,0.0,0.0,80.0,40.0,0.0,0.0,0.0,32.0,0.0,1.8696006009122357e-05,3.341800038469955e-05,8.559400157537311e-05,2.7864000003319234e-05,0.0
28,4,OMP,optimized,OMP (optimized),128,256,0.5,gaussian,gaussian,clean,0.0,1.2588524348297336e-20,1.1219859334366602e-10,1.0,1.0,1,0.0001474290002079215,4,4.0,1.771327987179971e-10,target_sparsity_reached,0,0,5.431300087366253e-05,1.0,True,,0,0,1.3966779446261994,0.0,0.0,0.0,0.0,0.0,0.0,0.0,1520.0,1024.0,0.0,256.0,128.0,32.0,32.0,40.0,0.0,0.0,0.0,8.0,0.0,1.5451994840987027e-05,7.233000360429287e-06,5.431300087366253e-05,1.694900493021123e-05,2.7115998818771914e-05
28,4,gOMP,baseline,gOMP (baseline),128,256,0.5,gaussian,gaussian,clean,0.0,0.00031938304780940456,0.01787129116234763,0.75,0.75,0,0.00010272200233885087,2,4.0,0.029469478399064924,target_sparsity_reached,1,1,3.0623999919043854e-05,3.0,False,,0,0,1.4747089997776919,0.0,0.0,0.0,0.0,0.0,0.0,0.0,3424.0,1024.0,2048.0,256.0,0.0,0.0,56.0,24.0,0.0,0.0,0.0,16.0,0.0,7.732000085525215e-06,2.0486000721575692e-05,3.0623999919043854e-05,1.0646999726304784e-05,0.0
28,4,gOMP,optimized,gOMP (optimized),128,256,0.5,gaussian,gaussian,clean,0.0,0.00031938304807869604,0.017871291169881825,0.75,0.75,0,8.678800077177584e-05,2,4.0,0.029469478399064924,target_sparsity_reached,1,1,2.7029000193579122e-05,3.0,True,,0,0,1.4747089997776919,0.0,0.0,0.0,0.0,0.0,0.0,0.0,1344.0,1024.0,0.0,256.0,0.0,0.0,32.0,24.0,0.0,0.0,0.0,8.0,0.0,9.095998393604532e-06,1.817399970605038e-05,2.7029000193579122e-05,8.274000720120966e-06,0.0
28,4,Improved-gOMP,baseline,Improved-gOMP (baseline),128,256,0.5,gaussian,gaussian,clean,0.0,1.3570710989316177e-31,3.6838445935348813e-16,1.0,1.0,1,0.0010512190019653644,2,4.0,6.092140400640081e-16,residual_tol,0,0,9.371700434712693e-05,13.0,False,,0,0,1.3966779446261994,1.0,1.0,1.0,1.0,1.0,1.0,0.0,3208.0,1024.0,2048.0,0.0,0.0,0.0,48.0,24.0,16.0,16.0,16.0,16.0,0.0,8.328999683726579e-06,0.0006876970001030713,7.302500307559967e-05,2.1742998796980828e-05,0.00014370999633683823
28,4,Improved-gOMP,optimized,Improved-gOMP (optimized),128,256,0.5,gaussian,gaussian,clean,0.0,1.3570710989316177e-31,3.6838445935348813e-16,1.0,1.0,1,0.00045051699999021366,2,4.0,6.092140400640081e-16,residual_tol,0,0,3.9474998629884794e-05,0.0,True,,0,0,1.3966779446261994,0.0,0.0,0.0,0.0,1.0,0.0,1.0,3312.0,1024.0,2048.0,0.0,128.0,32.0,32.0,24.0,16.0,0.0,0.0,8.0,0.0,8.666000212542713e-06,0.0001477270052419044,7.22840013622772e-05,1.4274002751335502e-05,0.00015333999908762053
29,4,OMP,baseline,OMP (baseline),128,256,0.5,gaussian,gaussian,clean,0.0,4.47626444861452e-31,6.690489106645732e-16,1.0,1.0,1,0.0002644640007929411,4,4.0,1.3139863332457837e-15,target_sparsity_reached,0,0,7.348500002990477e-05,1.0,False,,0,0,1.2310852410747042,0.0,0.0,0.0,0.0,0.0,0.0,0.0,3224.0,1024.0,2048.0,0.0,0.0,0.0,80.0,40.0,0.0,0.0,0.0,32.0,0.0,1.8957998690893874e-05,2.6624002202879637e-05,7.348500002990477e-05,2.7965994377154857e-05,0.0
29,4,OMP,optimized,OMP (optimized),128,256,0.5,gaussian,gaussian,clean,0.0,1.0452617607295264e-20,1.0223804383542979e-10,1.0,1.0,1,0.00024391600163653493,4,4.0,1.90210080378196e-10,target_sparsity_reached,0,0,9.486499766353518e-05,1.0,True,,0,0,1.2310852410747042,0.0,0.0,0.0,0.0,0.0,0.0,0.0,1520.0,1024.0,0.0,256.0,128.0,32.0,32.0,40.0,0.0,0.0,0.0,8.0,0.0,2.289099938934669e-05,9.458995918976143e-06,9.486499766353518e-05,2.80619969998952e-05,5.2445000619627535e-05
29,4,gOMP,baseline,gOMP (baseline),128,256,0.5,gaussian,gaussian,clean,0.0,4.47626444861452e-31,6.690489106645732e-16,1.0,1.0,1,0.00013478300024871714,2,4.0,1.3139863332457837e-15,target_sparsity_reached,0,0,4.399899989948608e-05,3.0,False,,0,0,1.2310852410747042,0.0,0.0,0.0,0.0,0.0,0.0,0.0,3424.0,1024.0,2048.0,256.0,0.0,0.0,56.0,24.0,0.0,0.0,0.0,16.0,0.0,1.038200207403861e-05,2.5625999114708975e-05,4.399899989948608e-05,1.3597000361187384e-05,0.0
29,4,gOMP,optimized,gOMP (optimized),128,256,0.5,gaussian,gaussian,clean,0.0,1.0452661183801486e-20,1.0223825694817712e-10,1.0,1.0,1,0.00013512800069293007,2,4.0,1.9021051027276958e-10,target_sparsity_reached,0,0,3.34310025209561e-05,3.0,True,,0,0,1.2310852410747042,0.0,0.0,0.0,0.0,0.0,0.0,0.0,1344.0,1024.0,0.0,256.0,0.0,0.0,32.0,24.0,0.0,0.0,0.0,8.0,0.0,3.9045000448822975e-05,2.306399619556032e-05,3.34310025209561e-05,1.0961004591081291e-05,0.0
29,4,Improved-gOMP,baseline,Improved-gOMP (baseline),128,256,0.5,gaussian,gaussian,clean,0.0,0.006473041978884124,0.08045521722600793,0.75,0.75,0,0.0006246040029509459,2,4.0,0.14970484604432846,target_sparsity_reached,1,1,3.7832000089110807e-05,13.0,False,,0,0,1.3226571094082265,1.0,1.0,1.0,1.0,1.0,1.0,0.0,3208.0,1024.0,2048.0,0.0,0.0,0.0,48.0,24.0,16.0,16.0,16.0,16.0,0.0,9.255996701540425e-06,0.0003960029971494805,2.4559994926676154e-05,1.1788997653638944e-05,0.00010020600166171789
29,4,Improved-gOMP,optimized,Improved-gOMP (optimized),128,256,0.5,gaussian,gaussian,clean,0.0,1.0452617607295264e-20,1.0223804383542979e-10,1.0,1.0,1,0.0003977430023951456,2,4.0,1.90210080378196e-10,residual_tol,0,0,3.4845001209760085e-05,0.0,True,,0,0,1.2310852410747042,0.0,0.0,0.0,0.0,1.0,0.0,1.0,3312.0,1024.0,2048.0,0.0,128.0,32.0,32.0,24.0,16.0,0.0,0.0,8.0,0.0,8.735001756576821e-06,0.00014497300071525387,6.394600131898187e-05,1.296900154557079e-05,0.00011910700050066225
0,8,OMP,baseline,OMP (baseline),128,256,0.5,gaussian,gaussian,clean,0.0,4.657941396588602e-31,6.824911278975429e-16,1.0,1.0,1,0.0004255800013197586,8,8.0,1.663891923208597e-15,target_sparsity_reached,0,0,0.00015073900067363866,1.0,False,,0,0,1.8192366893268295,0.0,0.0,0.0,0.0,0.0,0.0,0.0,3496.0,1024.0,2048.0,0.0,0.0,0.0,288.0,72.0,0.0,0.0,0.0,64.0,0.0,3.295699571026489e-05,5.6445995141984895e-05,0.00015073900067363866,4.933300078846514e-05,0.0
0,8,OMP,optimized,OMP (optimized),128,256,0.5,gaussian,gaussian,clean,0.0,1.506192012440062e-20,1.2272701464796011e-10,1.0,1.0,1,0.0002668189990799874,8,8.0,2.4374442109086405e-10,target_sparsity_reached,0,0,9.881700316327624e-05,1.0,True,,0,0,1.8192366893268295,0.0,0.0,0.0,0.0,0.0,0.0,0.0,2000.0,1024.0,0.0,256.0,512.0,64.0,64.0,72.0,0.0,0.0,0.0,8.0,0.0,3.239400029997341e-05,1.1818996426882222e-05,9.881700316327624e-05,3.279900920460932e-05,5.265800064080395e-05
0,8,gOMP,baseline,gOMP (baseline),128,256,0.5,gaussian,gaussian,clean,0.0,0.0019423186988393954,0.04407174490350246,0.875,0.875,0,0.00017072500122594647,3,8.0,0.08481350386152782,target_sparsity_reached,1,1,5.7355999160790816e-05,3.0,False,,0,0,1.7680412601473896,0.0,0.0,0.0,0.0,0.0,0.0,0.0,3520.0,1024.0,2048.0,256.0,0.0,0.0,136.0,32.0,0.0,0.0,0.0,24.0,0.0,1.1202999303350225e-05,3.118399763479829e-05,5.7355999160790816e-05,1.641799826757051e-05,0.0
0,8,gOMP,optimized,gOMP (optimized),128,256,0.5,gaussian,gaussian,clean,0.0,0.001942318700558375,0.04407174492300452,0.875,0.875,0,0.00011544599692570046,3,8.0,0.08481350386152779,target_sparsity_reached,1,1,4.026600072393194e-05,3.0,True,,0,0,1.7680412601473896,0.0,0.0,0.0,0.0,0.0,0.0,0.0,1384.0,1024.0,0.0,256.0,0.0,0.0,64.0,32.0,0.0,0.0,0.0,8.0,0.0,1.2425000022631139e-05,2.3144999431679025e-05,4.026600072393194e-05,1.1971998901572078e-05,0.0
0,8,Improved-gOMP,baseline,Improved-gOMP (baseline),128,256,0.5,gaussian,gaussian,clean,0.0,4.657941396588602e-31,6.824911278975429e-16,1.0,1.0,1,0.0011945830010517966,3,8.0,1.663891923208597e-15,residual_tol,0,0,6.809499973314814e-05,17.333333333333332,False,,0,0,1.8192366893268295,1.0,1.0,1.0,1.0,1.0,1.0,0.0,3344.0,1024.0,2048.0,0.0,0.0,0.0,144.0,32.0,24.0,24.0,24.0,24.0,0.0,1.2816999515052885e-05,0.0007242350038723089,5.066900121164508e-05,1.618899841560051e-05,0.0002540809946367517
0,8,Improved-gOMP,optimized,Improved-gOMP (optimized),128,256,0.5,gaussian,gaussian,clean,0.0,0.001942318700558367,0.044071744923004426,0.875,0.875,0,0.0006041980013833381,3,8.0,0.0848135038615278,target_sparsity_reached,1,1,7.853299757698551e-05,0.0,True,,0,0,1.7680412601473896,0.0,0.0,0.0,0.0,1.0,0.0,1.0,3776.0,1024.0,2048.0,0.0,512.0,64.0,64.0,32.0,24.0,0.0,0.0,8.0,0.0,1.75929963006638e-05,0.00032795800143503584,0.0001439280022168532,2.595200203359127e-05,1.6079939086921513e-06
1,8,OMP,baseline,OMP (baseline),128,256,0.5,gaussian,gaussian,clean,0.0,8.94849657053408e-31,9.459649343677639e-16,1.0,1.0,1,0.0007735590006632265,8,8.0,2.320616563840585e-15,target_sparsity_reached,0,0,0.0002641589962877333,1.0,False,,0,0,1.5127826261489952,0.0,0.0,0.0,0.0,0.0,0.0,0.0,3496.0,1024.0,2048.0,0.0,0.0,0.0,288.0,72.0,0.0,0.0,0.0,64.0,0.0,6.205300087458454e-05,7.863099745009094e-05,0.0002641589962877333,8.918000457924791e-05,0.0
1,8,OMP,optimized,OMP (optimized),128,256,0.5,gaussian,gaussian,clean,0.0,1.2051606602141667e-20,1.0977980962882776e-10,1.0,1.0,1,0.0002944820007542148,8,8.0,2.7097382265403066e-10,target_sparsity_reached,0,0,0.0001067060002242215,1.0,True,,0,0,1.5127826261489952,0.0,0.0,0.0,0.0,0.0,0.0,0.0,2000.0,1024.0,0.0,256.0,512.0,64.0,64.0,72.0,0.0,0.0,0.0,8.0,0.0,3.7213994801277295e-05,1.3139004295226187e-05,0.0001067060002242215,3.74080118490383e-05,5.622799289994873e-05
1,8,gOMP,baseline,gOMP (baseline),128,256,0.5,gaussian,gaussian,clean,0.0,2.0354700353699753e-05,0.004511618374120284,0.875,0.875,0,0.0001957360000233166,3,8.0,0.010890199213529489,target_sparsity_reached,1,1,6.446299812523648e-05,3.0,False,,0,0,1.6440024140309903,0.0,0.0,0.0,0.0,0.0,0.0,0.0,3520.0,1024.0,2048.0,256.0,0.0,0.0,136.0,32.0,0.0,0.0,0.0,24.0,0.0,1.5224999515339732e-05,3.4771997889038175e-05,6.446299812523648e-05,1.9640003301901743e-05,0.0
1,8,gOMP,optimized,gOMP (optimized),128,256,0.5,gaussian,gaussian,clean,0.0,2.0354700397831233e-05,0.004511618379011154,0.875,0.875,0,0.0001250749992323108,3,8.0,0.010890199213529503,target_sparsity_reached,1,1,4.0066999645205215e-05,3.0,True,,0,0,1.6440024140309903,0.0,0.0,0.0,0.0,0.0,0.0,0.0,1384.0,1024.0,0.0,256.0,0.0,0.0,64.0,32.0,0.0,0.0,0.0,8.0,0.0,1.4482997357845306e-05,2.685200161067769e-05,4.0066999645205215e-05,1.3144999684300274e-05,0.0
1,8,Improved-gOMP,baseline,Improved-gOMP (baseline),128,256,0.5,gaussian,gaussian,clean,0.0,2.0442071311543207e-05,0.004521290889949817,0.875,0.875,0,0.0011962329990637954,3,8.0,0.010827197966866946,target_sparsity_reached,1,1,7.620600081281736e-05,18.0,False,,0,0,1.5009660001738054,1.0,1.0,1.0,1.0,1.0,1.0,0.0,3344.0,1024.0,2048.0,0.0,0.0,0.0,144.0,32.0,24.0,24.0,24.0,24.0,0.0,1.452399737900123e-05,0.0007163680020312313,5.954100197413936e-05,1.9664996216306463e-05,0.00025092900614254177
1,8,Improved-gOMP,optimized,Improved-gOMP (optimized),128,256,0.5,gaussian,gaussian,clean,0.0,2.0354700397831172e-05,0.004511618379011147,0.875,0.875,0,0.000677377000101842,3,8.0,0.010890199213529425,target_sparsity_reached,1,1,6.072000178392045e-05,0.0,True,,0,0,1.6440024140309903,0.0,0.0,0.0,0.0,1.0,0.0,1.0,3776.0,1024.0,2048.0,0.0,512.0,64.0,64.0,32.0,24.0,0.0,0.0,8.0,0.0,1.7193004168802872e-05,0.0003817629985860549,0.0001640820009924937,2.5284003640990704e-05,1.8120008462574333e-06
2,8,OMP,baseline,OMP (baseline),128,256,0.5,gaussian,gaussian,clean,0.0,3.32147571801207e-31,5.763224547084791e-16,1.0,1.0,1,0.00040286600051331334,8,8.0,1.446497274697259e-15,target_sparsity_reached,0,0,0.00013835498975822702,1.0,False,,0,0,1.4720026073559604,0.0,0.0,0.0,0.0,0.0,0.0,0.0,3496.0,1024.0,2048.0,0.0,0.0,0.0,288.0,72.0,0.0,0.0,0.0,64.0,0.0,3.667300188681111e-05,5.355800021789037e-05,0.00013835498975822702,4.4884996896144e-05,0.0
2,8,OMP,optimized,OMP (optimized),128,256,0.5,gaussian,gaussian,clean,0.0,1.0453003097093505e-20,1.0223992907418072e-10,1.0,1.0,1,0.000289486997644417,8,8.0,2.4865308975418315e-10,target_sparsity_reached,0,0,0.00010019300316344015,1.0,True,,0,0,1.4720026073559604,0.0,0.0,0.0,0.0,0.0,0.0,0.0,2000.0,1024.0,0.0,256.0,512.0,64.0,64.0,72.0,0.0,0.0,0.0,8.0,0.0,3.0155999411363155e-05,1.3015000149607658e-05,0.00010019300316344015,4.065199027536437e-05,5.4527001339010894e-05
2,8,gOMP,baseline,gOMP (baseline),128,256,0.5,gaussian,gaussian,clean,0.0,2.542907330522394e-31,5.042724789756421e-16,1.0,1.0,1,0.0001691289980954025,3,8.0,1.1919052602253838e-15,target_sparsity_reached,0,0,5.7285000366391614e-05,3.0,False,,0,0,1.4720026073559604,0.0,0.0,0.0,0.0,0.0,0.0,0.0,3520.0,1024.0,2048.0,256.0,0.0,0.0,136.0,32.0,0.0,0.0,0.0,24.0,0.0,1.1133000953122973e-05,3.0077000701567158e-05,5.7285000366391614e-05,1.5559999155811965e-05,0.0
2,8,gOMP,optimized,gOMP (optimized),128,256,0.5,gaussian,gaussian,clean,0.0,1.0452997847454415e-20,1.0223990340104208e-10,1.0,1.0,1,0.00011039400123991072,3,8.0,2.486530179013145e-10,target_sparsity_reached,0,0,3.601199932745658e-05,3.0,True,,0,0,1.4720026073559604,0.0,0.0,0.0,0.0,0.0,0.0,0.0,1384.0,1024.0,0.0,256.0,0.0,0.0,64.0,32.0,0.0,0.0,0.0,8.0,0.0,1.050200080499053e-05,2.3388001864077523e-05,3.601199932745658e-05,1.1937001545447856e-05,0.0
2,8,Improved-gOMP,baseline,Improved-gOMP (baseline),128,256,0.5,gaussian,gaussian,clean,0.0,2.542907330522394e-31,5.042724789756421e-16,1.0,1.0,1,0.0012535819987533614,3,8.0,1.1919052602253838e-15,residual_tol,0,0,7.246600216603838e-05,17.666666666666668,False,,0,0,1.4720026073559604,1.0,1.0,1.0,1.0,1.0,1.0,0.0,3344.0,1024.0,2048.0,0.0,0.0,0.0,144.0,32.0,24.0,24.0,24.0,24.0,0.0,1.2405002053128555e-05,0.0007237100035126787,5.427400174085051e-05,1.7858001228887588e-05,0.00030468200566247106
2,8,Improved-gOMP,optimized,Improved-gOMP (optimized),128,256,0.5,gaussian,gaussian,clean,0.0,1.0452993779400985e-20,1.0223988350639385e-10,1.0,1.0,1,0.000567486000363715,3,8.0,2.4865298345844726e-10,residual_tol,0,0,6.053100150893442e-05,0.0,True,,0,0,1.4720026073559604,0.0,0.0,0.0,0.0,1.0,0.0,1.0,3776.0,1024.0,2048.0,0.0,512.0,64.0,64.0,32.0,24.0,0.0,0.0,8.0,0.0,1.6670001059537753e-05,0.0002935760057880543,0.00013823700282955542,2.8513000870589167e-05,1.8539976736065e-06
3,8,OMP,baseline,OMP (baseline),128,256,0.5,gaussian,gaussian,clean,0.0,5.291874909335011e-31,7.274527413746552e-16,1.0,1.0,1,0.00041693400271469727,8,8.0,3.1782027826393244e-15,target_sparsity_reached,0,0,0.00014024199845152907,1.0,False,,0,0,1.4710556519745437,0.0,0.0,0.0,0.0,0.0,0.0,0.0,3496.0,1024.0,2048.0,0.0,0.0,0.0,288.0,72.0,0.0,0.0,0.0,64.0,0.0,3.873400419251993e-05,5.531799979507923e-05,0.00014024199845152907,5.11090038344264e-05,0.0
3,8,OMP,optimized,OMP (optimized),128,256,0.5,gaussian,gaussian,clean,0.0,1.6985471293216648e-20,1.3032832114784815e-10,1.0,1.0,1,0.0002952430004370399,8,8.0,4.958342087534281e-10,target_sparsity_reached,0,0,0.00011256599827902392,1.0,True,,0,0,1.4710556519745437,0.0,0.0,0.0,0.0,0.0,0.0,0.0,2000.0,1024.0,0.0,256.0,512.0,64.0,64.0,72.0,0.0,0.0,0.0,8.0,0.0,3.3397995139239356e-05,1.8417998944642022e-05,0.00011256599827902392,3.8541002140846103e-05,5.362499723560177e-05
3,8,gOMP,baseline,gOMP (baseline),128,256,0.5,gaussian,gaussian,clean,0.0,1.2367181442515217e-30,1.1120782995147066e-15,1.0,1.0,1,0.00016757800040068105,3,8.0,4.470534191733708e-15,target_sparsity_reached,0,0,5.502700514625758e-05,3.0,False,,0,0,1.4710556519745437,0.0,0.0,0.0,0.0,0.0,0.0,0.0,3520.0,1024.0,2048.0,256.0,0.0,0.0,136.0,32.0,0.0,0.0,0.0,24.0,0.0,1.2793003406841308e-05,2.8957998438272625e-05,5.502700514625758e-05,1.7160000425064936e-05,0.0
3,8,gOMP,optimized,gOMP (optimized),128,256,0.5,gaussian,gaussian,clean,0.0,1.6985593162480706e-20,1.3032878869413583e-10,1.0,1.0,1,0.00010978200225508772,3,8.0,4.958358747244881e-10,target_sparsity_reached,0,0,3.627400292316452e-05,3.0,True,,0,0,1.4710556519745437,0.0,0.0,0.0,0.0,0.0,0.0,0.0,1384.0,1024.0,0.0,256.0,0.0,0.0,64.0,32.0,0.0,0.0,0.0,8.0,0.0,1.2287000572541729e-05,2.308299735886976e-05,3.627400292316452e-05,1.1450003512436524e-05,0.0
3,8,Improved-gOMP,baseline,Improved-gOMP (baseline),128,256,0.5,gaussian,gaussian,clean,0.0,1.2367181442515217e-30,1.1120782995147066e-15,1.0,1.0,1,0.0009142160015471745,3,8.0,4.470534191733708e-15,residual_tol,0,0,6.98020012350753e-05,18.333333333333332,False,,0,0,1.4710556519745437,1.0,1.0,1.0,1.0,1.0,1.0,0.0,3328.0,1024.0,2048.0,0.0,0.0,0.0,128.0,32.0,24.0,24.0,24.0,24.0,0.0,1.4181001461111009e-05,0.0005986340001982171,5.1111001084791496e-05,1.8075999832944945e-05,0.000104931001260411
3,8,Improved-gOMP,optimized,Improved-gOMP (optimized),128,256,0.5,gaussian,gaussian,clean,0.0,1.6985517312056906e-20,1.3032849769738352e-10,1.0,1.0,1,0.0005961790011497214,3,8.0,4.958349043002177e-10,residual_tol,0,0,6.834300074842758e-05,0.0,True,,0,0,1.4710556519745437,1.0,1.0,0.0,0.0,1.0,0.0,1.0,3776.0,1024.0,2048.0,0.0,512.0,64.0,64.0,32.0,24.0,0.0,0.0,8.0,0.0,1.3622000551549718e-05,0.0002513049985282123,0.00010301399743184447,1.9760998839046806e-05,0.00011515799997141585
4,8,OMP,baseline,OMP (baseline),128,256,0.5,gaussian,gaussian,clean,0.0,3.717659487233967e-31,6.097261259970715e-16,1.0,1.0,1,0.0004381239996291697,8,8.0,2.5369249946969655e-15,target_sparsity_reached,0,0,0.0001553779948153533,1.0,False,,0,0,1.5779733298391163,0.0,0.0,0.0,0.0,0.0,0.0,0.0,3496.0,1024.0,2048.0,0.0,0.0,0.0,288.0,72.0,0.0,0.0,0.0,64.0,0.0,3.437999839661643e-05,5.415400300989859e-05,0.0001553779948153533,4.6634002501377836e-05,0.0
4,8,OMP,optimized,OMP (optimized),128,256,0.5,gaussian,gaussian,clean,0.0,6.950210419002204e-21,8.336792200242371e-11,1.0,1.0,1,0.0004348939983174205,8,8.0,3.58095003673657e-10,target_sparsity_reached,0,0,0.0001470420065743383,1.0,True,,0,0,1.5779733298391163,0.0,0.0,0.0,0.0,0.0,0.0,0.0,2000.0,1024.0,0.0,256.0,512.0,64.0,64.0,72.0,0.0,0.0,0.0,8.0,0.0,5.148800846654922e-05,1.902499934658408e-05,0.0001470420065743383,5.754998710472137e-05,9.935099660651758e-05
4,8,gOMP,baseline,gOMP (baseline),128,256,0.5,gaussian,gaussian,clean,0.0,6.6715231049733245e-31,8.167939216824109e-16,1.0,1.0,1,0.0002728729996306356,3,8.0,3.458558353405506e-15,target_sparsity_reached,0,0,0.00010058399857371114,3.0,False,,0,0,1.5779733298391163,0.0,0.0,0.0,0.0,0.0,0.0,0.0,3520.0,1024.0,2048.0,256.0,0.0,0.0,136.0,32.0,0.0,0.0,0.0,24.0,0.0,2.159400173695758e-05,4.386500222608447e-05,0.00010058399857371114,3.1011000828584656e-05,0.0
4,8,gOMP,optimized,gOMP (optimized),128,256,0.5,gaussian,gaussian,clean,0.0,6.950207345504772e-21,8.336790356908809e-11,1.0,1.0,1,0.00014817100236541592,3,8.0,3.5809478576612963e-10,target_sparsity_reached,0,0,5.196299753151834e-05,3.0,True,,0,0,1.5779733298391163,0.0,0.0,0.0,0.0,0.0,0.0,0.0,1384.0,1024.0,0.0,256.0,0.0,0.0,64.0,32.0,0.0,0.0,0.0,8.0,0.0,1.4983004803070799e-05,3.065300188609399e-05,5.196299753151834e-05,1.5223002264974639e-05,0.0
4,8,Improved-gOMP,baseline,Improved-gOMP (baseline),128,256,0.5,gaussian,gaussian,clean,0.0,1.3600242778245851e-30,1.1662007879540235e-15,1.0,1.0,1,0.0011597319971770048,3,8.0,5.173758602148833e-15,residual_tol,0,0,6.764099816791713e-05,16.666666666666668,False,,0,0,1.577973329839116,1.0,1.0,1.0,1.0,1.0,1.0,0.0,3344.0,1024.0,2048.0,0.0,0.0,0.0,144.0,32.0,24.0,24.0,24.0,24.0,0.0,1.4962999557610601e-05,0.0006952040021133143,5.22619993716944e-05,1.6556001355638728e-05,0.00024334899717359804
4,8,Improved-gOMP,optimized,Improved-gOMP (optimized),128,256,0.5,gaussian,gaussian,clean,0.0,6.950223152266526e-21,8.33679983702771e-11,1.0,1.0,1,0.0004723469974123873,3,8.0,3.580951179445522e-10,residual_tol,0,0,6.489399675047025e-05,0.0,True,,0,0,1.5779733298391163,0.0,0.0,0.0,0.0,1.0,0.0,1.0,3776.0,1024.0,2048.0,0.0,512.0,64.0,64.0,32.0,24.0,0.0,0.0,8.0,0.0,1.230099587701261e-05,0.0002498599969840143,0.0001191059964185115,2.134399619535543e-05,1.2829987099394202e-06
5,8,OMP,baseline,OMP (baseline),128,256,0.5,gaussian,gaussian,clean,0.0,1.2531156033765359e-29,3.5399372923493092e-15,1.0,1.0,1,0.00043853399984072894,8,8.0,1.07065339737603e-14,target_sparsity_reached,0,0,0.00015468199853785336,1.0,False,,0,0,1.4415509202886052,0.0,0.0,0.0,0.0,0.0,0.0,0.0,3496.0,1024.0,2048.0,0.0,0.0,0.0,288.0,72.0,0.0,0.0,0.0,64.0,0.0,3.5954999475507066e-05,6.84790029481519e-05,0.00015468199853785336,5.089900514576584e-05,0.0
5,8,OMP,optimized,OMP (optimized),128,256,0.5,gaussian,gaussian,clean,0.0,1.276992184969795e-20,1.130040789073472e-10,1.0,1.0,1,0.0002780190006888006,8,8.0,3.0067728113730657e-10,target_sparsity_reached,0,0,9.300400051870383e-05,1.0,True,,0,0,1.4415509202886052,0.0,0.0,0.0,0.0,0.0,0.0,0.0,2000.0,1024.0,0.0,256.0,512.0,64.0,64.0,72.0,0.0,0.0,0.0,8.0,0.0,3.300499520264566e-05,1.632799830986187e-05,9.300400051870383e-05,3.9882004784885794e-05,5.2420007705222815e-05
5,8,gOMP,baseline,gOMP (baseline),128,256,0.5,gaussian,gaussian,clean,0.0,0.0035456261681577547,0.05954516074508284,0.75,0.75,0,0.0001885070014395751,3,8.0,0.16134497362877048,target_sparsity_reached,2,2,6.391100032487884e-05,3.0,False,,0,0,1.6302968832942923,0.0,0.0,0.0,0.0,0.0,0.0,0.0,3520.0,1024.0,2048.0,256.0,0.0,0.0,136.0,32.0,0.0,0.0,0.0,24.0,0.0,1.412900019204244e-05,3.088699668296613e-05,6.391100032487884e-05,1.8975999410031363e-05,0.0
5,8,gOMP,optimized,gOMP (optimized),128,256,0.5,gaussian,gaussian,clean,0.0,0.0035456261678644086,0.05954516074261962,0.75,0.75,0,0.00013135300105204806,3,8.0,0.16134497362877054,target_sparsity_reached,2,2,3.984599970863201e-05,3.0,True,,0,0,1.6302968832942923,0.0,0.0,0.0,0.0,0.0,0.0,0.0,1384.0,1024.0,0.0,256.0,0.0,0.0,64.0,32.0,0.0,0.0,0.0,8.0,0.0,1.5315999917220324e-05,2.834399856510572e-05,3.984599970863201e-05,1.4394001482287422e-05,0.0
5,8,Improved-gOMP,baseline,Improved-gOMP (baseline),128,256,0.5,gaussian,gaussian,clean,0.0,0.001699362516632298,0.041223324909962056,0.75,0.75,0,0.0009594319999450818,3,8.0,0.10437485758812381,target_sparsity_reached,2,2,8.301300476887263e-05,19.0,False,,0,0,1.5534267207253447,1.0,1.0,1.0,1.0,1.0,1.0,0.0,3328.0,1024.0,2048.0,0.0,0.0,0.0,128.0,32.0,24.0,24.0,24.0,24.0,0.0,1.5776997315697372e-05,0.0005725880000682082,5.512199641088955e-05,1.7696998838800937e-05,0.00016386800416512415
5,8,Improved-gOMP,optimized,Improved-gOMP (optimized),128,256,0.5,gaussian,gaussian,clean,0.0,0.001708303577317465,0.041331629260379574,0.75,0.75,0,0.0005688680030289106,3,8.0,0.10364547719731844,target_sparsity_reached,2,2,6.602200301131234e-05,0.0,True,,0,0,1.6256052794768656,1.0,1.0,0.0,0.0,1.0,0.0,1.0,3776.0,1024.0,2048.0,0.0,512.0,64.0,64.0,32.0,24.0,0.0,0.0,8.0,0.0,1.3651995686814189e-05,0.00024079399736365303,9.939499796018936e-05,2.0064002455910668e-05,0.00011365500176907517
6,8,OMP,baseline,OMP (baseline),128,256,0.5,gaussian,gaussian,clean,0.0,1.4326233581959077e-31,3.7850011336800255e-16,1.0,1.0,1,0.0003804850020969752,8,8.0,1.1115138300829392e-15,target_sparsity_reached,0,0,0.00013105100515531376,1.0,False,,0,0,1.4420723203307737,0.0,0.0,0.0,0.0,0.0,0.0,0.0,3496.0,1024.0,2048.0,0.0,0.0,0.0,288.0,72.0,0.0,0.0,0.0,64.0,0.0,3.161000131512992e-05,5.1043003622908145e-05,0.00013105100515531376,4.4428001274354756e-05,0.0
6,8,OMP,optimized,OMP (optimized),128,256,0.5,gaussian,gaussian,clean,0.0,1.0303863588742827e-20,1.0150794840180165e-10,1.0,1.0,1,0.00023722200057818554,8,8.0,2.891922617428375e-10,target_sparsity_reached,0,0,8.69370014697779e-05,1.0,True,,0,0,1.4420723203307737,0.0,0.0,0.0,0.0,0.0,0.0,0.0,2000.0,1024.0,0.0,256.0,512.0,64.0,64.0,72.0,0.0,0.0,0.0,8.0,0.0,2.6063000404974446e-05,1.058199632097967e-05,8.69370014697779e-05,3.081500108237378e-05,4.618499951902777e-05
6,8,gOMP,baseline,gOMP (baseline),128,256,0.5,gaussian,gaussian,clean,0.0,1.4326233581959077e-31,3.7850011336800255e-16,1.0,1.0,1,0.00018079399887938052,3,8.0,1.1115138300829392e-15,target_sparsity_reached,0,0,6.295699859037995e-05,3.0,False,,0,0,1.4420723203307737,0.0,0.0,0.0,0.0,0.0,0.0,0.0,3520.0,1024.0,2048.0,256.0,0.0,0.0,136.0,32.0,0.0,0.0,0.0,24.0,0.0,1.1323998478474095e-05,3.237099735997617e-05,6.295699859037995e-05,1.6408997908001766e-05,0.0
6,8,gOMP,optimized,gOMP (optimized),128,256,0.5,gaussian,gaussian,clean,0.0,1.0303872272540577e-20,1.0150799117577186e-10,1.0,1.0,1,0.00011055600043619052,3,8.0,2.891923657934493e-10,target_sparsity_reached,0,0,3.542099875630811e-05,3.0,True,,0,0,1.4420723203307737,0.0,0.0,0.0,0.0,0.0,0.0,0.0,1384.0,1024.0,0.0,256.0,0.0,0.0,64.0,32.0,0.0,0.0,0.0,8.0,0.0,1.0738993296399713e-05,2.4216999008785933e-05,3.542099875630811e-05,1.1758998880395666e-05,0.0
6,8,Improved-gOMP,baseline,Improved-gOMP (baseline),128,256,0.5,gaussian,gaussian,clean,0.0,1.4326233581959077e-31,3.7850011336800255e-16,1.0,1.0,1,0.0013146589990356006,3,8.0,1.1115138300829392e-15,residual_tol,0,0,8.192699533537962e-05,17.666666666666668,False,,0,0,1.484962840941297,1.0,1.0,1.0,1.0,1.0,1.0,0.0,3344.0,1024.0,2048.0,0.0,0.0,0.0,144.0,32.0,24.0,24.0,24.0,24.0,0.0,3.692799873533659e-05,0.000772771003539674,5.275599687593058e-05,1.6711001080693677e-05,0.00028749600096489303
6,8,Improved-gOMP,optimized,Improved-gOMP (optimized),128,256,0.5,gaussian,gaussian,clean,0.0,1.0303863588742827e-20,1.0150794840180165e-10,1.0,1.0,1,0.00046295100037241355,3,8.0,2.891922617428375e-10,residual_tol,0,0,5.1939998229499906e-05,0.0,True,,0,0,1.4420723203307737,0.0,0.0,0.0,0.0,1.0,0.0,1.0,3776.0,1024.0,2048.0,0.0,512.0,64.0,64.0,32.0,24.0,0.0,0.0,8.0,0.0,1.1821997759398073e-05,0.0002530959973228164,0.00010875300358748063,1.7992002540268004e-05,1.3979988580103964e-06
7,8,OMP,baseline,OMP (baseline),128,256,0.5,gaussian,gaussian,clean,0.0,3.0429582064869744e-31,5.516301484225617e-16,1.0,1.0,1,0.00041670100108603947,8,8.0,1.4836166115443467e-15,target_sparsity_reached,0,0,0.00014893100160406902,1.0,False,,0,0,1.4647264684101926,0.0,0.0,0.0,0.0,0.0,0.0,0.0,3496.0,1024.0,2048.0,0.0,0.0,0.0,288.0,72.0,0.0,0.0,0.0,64.0,0.0,3.631000072346069e-05,4.8342997615691274e-05,0.00014893100160406902,5.0269998610019684e-05,0.0
7,8,OMP,optimized,OMP (optimized),128,256,0.5,gaussian,gaussian,clean,0.0,8.985776610236062e-21,9.479333631767616e-11,1.0,1.0,1,0.0002458509989082813,8,8.0,2.359377326370076e-10,target_sparsity_reached,0,0,8.832600360619836e-05,1.0,True,,0,0,1.4647264684101926,0.0,0.0,0.0,0.0,0.0,0.0,0.0,2000.0,1024.0,0.0,256.0,512.0,64.0,64.0,72.0,0.0,0.0,0.0,8.0,0.0,3.252699752920307e-05,1.0863997886190191e-05,8.832600360619836e-05,3.17049962177407e-05,4.8091002099681646e-05
7,8,gOMP,baseline,gOMP (baseline),128,256,0.5,gaussian,gaussian,clean,0.0,4.453072509012094e-31,6.673134577552062e-16,1.0,1.0,1,0.00016032200073823333,3,8.0,1.6039035994833243e-15,target_sparsity_reached,0,0,5.173099634703249e-05,3.0,False,,0,0,1.4647264684101922,0.0,0.0,0.0,0.0,0.0,0.0,0.0,3520.0,1024.0,2048.0,256.0,0.0,0.0,136.0,32.0,0.0,0.0,0.0,24.0,0.0,1.2744996638502926e-05,2.707699968595989e-05,5.173099634703249e-05,1.626800440135412e-05,0.0
7,8,gOMP,optimized,gOMP (optimized),128,256,0.5,gaussian,gaussian,clean,0.0,8.985742893073365e-21,9.479315847187161e-11,1.0,1.0,1,0.0001141540014941711,3,8.0,2.359372691711849e-10,target_sparsity_reached,0,0,3.409400233067572e-05,3.0,True,,0,0,1.4647264684101922,0.0,0.0,0.0,0.0,0.0,0.0,0.0,1384.0,1024.0,0.0,256.0,0.0,0.0,64.0,32.0,0.0,0.0,0.0,8.0,0.0,1.2678003258770332e-05,2.6747995434561744e-05,3.409400233067572e-05,1.1659001756925136e-05,0.0
7,8,Improved-gOMP,baseline,Improved-gOMP (baseline),128,256,0.5,gaussian,gaussian,clean,0.0,4.453072509012094e-31,6.673134577552062e-16,1.0,1.0,1,0.0019688120009959675,3,8.0,1.6039035994833243e-15,residual_tol,0,0,9.186600073007867e-05,19.333333333333332,False,,0,0,1.4647264684101922,1.0,1.0,1.0,1.0,1.0,1.0,0.0,3328.0,1024.0,2048.0,0.0,0.0,0.0,128.0,32.0,24.0,24.0,24.0,24.0,0.0,2.1966003259876743e-05,0.0010614839993650094,6.56789998174645e-05,0.00015681999866501428,0.00015624100342392921
7,8,Improved-gOMP,optimized,Improved-gOMP (optimized),128,256,0.5,gaussian,gaussian,clean,0.0,8.985792298442134e-21,9.479341906715958e-11,1.0,1.0,1,0.000657511998724658,3,8.0,2.3593796446216494e-10,residual_tol,0,0,7.777700375299901e-05,0.0,True,,0,0,1.4647264684101922,1.0,1.0,0.0,0.0,1.0,0.0,1.0,3776.0,1024.0,2048.0,0.0,512.0,64.0,64.0,32.0,24.0,0.0,0.0,8.0,0.0,1.554199479869567e-05,0.00029816800088156015,0.0001195030017697718,2.3191005311673507e-05,0.00010844700227607973
8,8,OMP,baseline,OMP (baseline),128,256,0.5,gaussian,gaussian,clean,0.0,5.8276078457410716e-31,7.633877026610445e-16,1.0,1.0,1,0.0004130300003453158,8,8.0,1.642380084245328e-15,target_sparsity_reached,0,0,0.00014302100680652075,1.0,False,,0,0,1.3322679866225369,0.0,0.0,0.0,0.0,0.0,0.0,0.0,3496.0,1024.0,2048.0,0.0,0.0,0.0,288.0,72.0,0.0,0.0,0.0,64.0,0.0,3.6686000385088846e-05,5.208699803915806e-05,0.00014302100680652075,4.852399797528051e-05,0.0
8,8,OMP,optimized,OMP (optimized),128,256,0.5,gaussian,gaussian,clean,0.0,9.82560228891397e-21,9.912417610711309e-11,1.0,1.0,1,0.0002815869993355591,8,8.0,2.190291458227253e-10,target_sparsity_reached,0,0,0.00010647199815139174,1.0,True,,0,0,1.3322679866225369,0.0,0.0,0.0,0.0,0.0,0.0,0.0,2000.0,1024.0,0.0,256.0,512.0,64.0,64.0,72.0,0.0,0.0,0.0,8.0,0.0,3.0712999432580546e-05,1.2841996067436412e-05,0.00010647199815139174,3.5458004276733845e-05,5.29429926245939e-05
8,8,gOMP,baseline,gOMP (baseline),128,256,0.5,gaussian,gaussian,clean,0.0,0.0029126110798035174,0.05396861198700146,0.875,0.875,0,0.00019573900135583244,3,8.0,0.11193298193803905,target_sparsity_reached,1,1,6.648899579886347e-05,3.0,False,,0,0,1.6457762495262511,0.0,0.0,0.0,0.0,0.0,0.0,0.0,3520.0,1024.0,2048.0,256.0,0.0,0.0,136.0,32.0,0.0,0.0,0.0,24.0,0.0,1.2689997674897313e-05,3.4398002753732726e-05,6.648899579886347e-05,1.839700053096749e-05,0.0
8,8,gOMP,optimized,gOMP (optimized),128,256,0.5,gaussian,gaussian,clean,0.0,0.0029126110791663513,0.05396861198109834,0.875,0.875,0,0.00012187199899926782,3,8.0,0.11193298193803905,target_sparsity_reached,1,1,3.869400461553596e-05,3.0,True,,0,0,1.6457762495262511,0.0,0.0,0.0,0.0,0.0,0.0,0.0,1384.0,1024.0,0.0,256.0,0.0,0.0,64.0,32.0,0.0,0.0,0.0,8.0,0.0,1.20959994092118e-05,2.8160000510979444e-05,3.869400461553596e-05,1.2857002730015665e-05,0.0
8,8,Improved-gOMP,baseline,Improved-gOMP (baseline),128,256,0.5,gaussian,gaussian,clean,0.0,0.002985986498112644,0.054644180825707725,0.875,0.875,0,0.0015072099995450117,3,8.0,0.11021158419755737,target_sparsity_reached,1,1,0.00011792300210800022,18.0,False,,0,0,1.5001042063215277,1.0,1.0,1.0,1.0,1.0,1.0,0.0,3344.0,1024.0,2048.0,0.0,0.0,0.0,144.0,32.0,24.0,24.0,24.0,24.0,0.0,2.1533000108320266e-05,0.0008578170018154196,5.463299748953432e-05,1.8306000129086897e-05,0.0003499249978631269
8,8,Improved-gOMP,optimized,Improved-gOMP (optimized),128,256,0.5,gaussian,gaussian,clean,0.0,0.002912611079166355,0.053968611981098376,0.875,0.875,0,0.0005049629980931059,3,8.0,0.11193298193803908,target_sparsity_reached,1,1,5.7045002904487774e-05,0.0,True,,0,0,1.6457762495262511,0.0,0.0,0.0,0.0,1.0,0.0,1.0,3776.0,1024.0,2048.0,0.0,512.0,64.0,64.0,32.0,24.0,0.0,0.0,8.0,0.0,1.2697000784100965e-05,0.0002776709989120718,0.00011651900058495812,2.0598999981302768e-05,1.6189951566047966e-06
9,8,OMP,baseline,OMP (baseline),128,256,0.5,gaussian,gaussian,clean,0.0,4.0274669031376874e-30,2.0068549781032228e-15,1.0,1.0,1,0.0004401439982757438,8,8.0,5.523118729516494e-15,target_sparsity_reached,0,0,0.0001490360009483993,1.0,False,,0,0,1.4394587536474857,0.0,0.0,0.0,0.0,0.0,0.0,0.0,3496.0,1024.0,2048.0,0.0,0.0,0.0,288.0,72.0,0.0,0.0,0.0,64.0,0.0,4.2553001549094915e-05,5.6474003940820694e-05,0.0001490360009483993,5.7688001106726006e-05,0.0
9,8,OMP,optimized,OMP (optimized),128,256,0.5,gaussian,gaussian,clean,0.0,8.650419784187824e-21,9.30076329350867e-11,1.0,1.0,1,0.0002712220011744648,8,8.0,2.471034465146849e-10,target_sparsity_reached,0,0,9.475100159761496e-05,1.0,True,,0,0,1.4394587536474857,0.0,0.0,0.0,0.0,0.0,0.0,0.0,2000.0,1024.0,0.0,256.0,512.0,64.0,64.0,72.0,0.0,0.0,0.0,8.0,0.0,3.618299524532631e-05,1.2549997336464003e-05,9.475100159761496e-05,3.487399953883141e-05,5.225600034464151e-05
9,8,gOMP,baseline,gOMP (baseline),128,256,0.5,gaussian,gaussian,clean,0.0,2.7264903167863877e-30,1.6512087441587716e-15,1.0,1.0,1,0.0001936210028361529,3,8.0,4.2806620823043156e-15,target_sparsity_reached,0,0,6.303300324361771e-05,3.0,False,,0,0,1.4394587536474852,0.0,0.0,0.0,0.0,0.0,0.0,0.0,3520.0,1024.0,2048.0,256.0,0.0,0.0,136.0,32.0,0.0,0.0,0.0,24.0,0.0,1.454499943065457e-05,3.448300049058162e-05,6.303300324361771e-05,2.138199852197431e-05,0.0
9,8,gOMP,optimized,gOMP (optimized),128,256,0.5,gaussian,gaussian,clean,0.0,8.650401962646777e-21,9.300753712816386e-11,1.0,1.0,1,0.00011822400119854137,3,8.0,2.471033138716511e-10,target_sparsity_reached,0,0,3.812599607044831e-05,3.0,True,,0,0,1.4394587536474852,0.0,0.0,0.0,0.0,0.0,0.0,0.0,1384.0,1024.0,0.0,256.0,0.0,0.0,64.0,32.0,0.0,0.0,0.0,8.0,0.0,1.3488999684341252e-05,2.5053002900676802e-05,3.812599607044831e-05,1.2505002814577892e-05,0.0
9,8,Improved-gOMP,baseline,Improved-gOMP (baseline),128,256,0.5,gaussian,gaussian,clean,0.0,2.5059079213612293e-30,1.583005976413617e-15,1.0,1.0,1,0.0014061360016057733,3,8.0,4.422192252915812e-15,residual_tol,0,0,7.443100184900686e-05,17.333333333333332,False,,0,0,1.4394587536474857,1.0,1.0,1.0,1.0,1.0,1.0,0.0,3344.0,1024.0,2048.0,0.0,0.0,0.0,144.0,32.0,24.0,24.0,24.0,24.0,0.0,1.8026999896392226e-05,0.0008020380009838846,5.618199793389067e-05,2.0367999240988865e-05,0.00033172700204886496
9,8,Improved-gOMP,optimized,Improved-gOMP (optimized),128,256,0.5,gaussian,gaussian,clean,0.0,8.65042836089458e-21,9.300767904261766e-11,1.0,1.0,1,0.000462626001535682,3,8.0,2.4710352543857115e-10,residual_tol,0,0,5.0766004278557375e-05,0.0,True,,0,0,1.4394587536474852,0.0,0.0,0.0,0.0,1.0,0.0,1.0,3776.0,1024.0,2048.0,0.0,512.0,64.0,64.0,32.0,24.0,0.0,0.0,8.0,0.0,1.4368004485731944e-05,0.00024945599943748675,0.00010339000073145144,2.0301999029470608e-05,1.390999386785552e-06
10,8,OMP,baseline,OMP (baseline),128,256,0.5,gaussian,gaussian,clean,0.0,5.715679579861259e-31,7.560211359387553e-16,1.0,1.0,1,0.0003649720019893721,8,8.0,2.244367005006221e-15,target_sparsity_reached,0,0,0.00012549099483294412,1.0,False,,0,0,1.485584767670531,0.0,0.0,0.0,0.0,0.0,0.0,0.0,3496.0,1024.0,2048.0,0.0,0.0,0.0,288.0,72.0,0.0,0.0,0.0,64.0,0.0,3.0349001463036984e-05,4.60339906567242e-05,0.00012549099483294412,4.3503001506906e-05,0.0
10,8,OMP,optimized,OMP (optimized),128,256,0.5,gaussian,gaussian,clean,0.0,1.0083444136459865e-20,1.00416353929327e-10,1.0,1.0,1,0.00023919099839986302,8,8.0,2.6809903099271616e-10,target_sparsity_reached,0,0,8.66230002429802e-05,1.0,True,,0,0,1.485584767670531,0.0,0.0,0.0,0.0,0.0,0.0,0.0,2000.0,1024.0,0.0,256.0,512.0,64.0,64.0,72.0,0.0,0.0,0.0,8.0,0.0,2.7560996386455372e-05,1.0455998562974855e-05,8.66230002429802e-05,3.110400211880915e-05,4.865400114795193e-05
10,8,gOMP,baseline,gOMP (baseline),128,256,0.5,gaussian,gaussian,clean,0.0,0.003405110622214609,0.058353325716831335,0.75,0.75,0,0.00016543200035812333,3,8.0,0.15524824197884463,target_sparsity_reached,2,2,5.542400322156027e-05,3.0,False,,0,0,1.591760325280325,0.0,0.0,0.0,0.0,0.0,0.0,0.0,3520.0,1024.0,2048.0,256.0,0.0,0.0,136.0,32.0,0.0,0.0,0.0,24.0,0.0,1.149200033978559e-05,3.0320003133965656e-05,5.542400322156027e-05,1.5110003005247563e-05,0.0
10,8,gOMP,optimized,gOMP (optimized),128,256,0.5,gaussian,gaussian,clean,0.0,0.00340511062291485,0.05835332572283134,0.75,0.75,0,0.0001138420011557173,3,8.0,0.15524824197884468,target_sparsity_reached,2,2,3.6560999433277175e-05,3.0,True,,0,0,1.591760325280325,0.0,0.0,0.0,0.0,0.0,0.0,0.0,1384.0,1024.0,0.0,256.0,0.0,0.0,64.0,32.0,0.0,0.0,0.0,8.0,0.0,1.068000347004272e-05,2.697200034162961e-05,3.6560999433277175e-05,1.1527004971867427e-05,0.0
10,8,Improved-gOMP,baseline,Improved-gOMP (baseline),128,256,0.5,gaussian,gaussian,clean,0.0,0.00014562716636220565,0.012067608145867418,0.875,0.875,0,0.0011628739994193893,3,8.0,0.03001619287447765,target_sparsity_reached,1,1,7.876699964981526e-05,18.333333333333332,False,,0,0,1.5038798957082944,1.0,1.0,1.0,1.0,1.0,1.0,0.0,3328.0,1024.0,2048.0,0.0,0.0,0.0,128.0,32.0,24.0,24.0,24.0,24.0,0.0,1.5340003301389515e-05,0.000786846001574304,5.675400097970851e-05,1.809100285754539e-05,0.00012458700075512752
10,8,Improved-gOMP,optimized,Improved-gOMP (optimized),128,256,0.5,gaussian,gaussian,clean,0.0,0.0001454061966542792,0.01205844918114594,0.875,0.875,0,0.0007001209996815305,3,8.0,0.03017604413585985,target_sparsity_reached,1,1,8.462899859296158e-05,0.0,True,,0,0,1.625805347317739,1.0,1.0,0.0,0.0,1.0,0.0,1.0,3776.0,1024.0,2048.0,0.0,512.0,64.0,64.0,32.0,24.0,0.0,0.0,8.0,0.0,1.3534001482184976e-05,0.00028083899815101177,0.00012237099508638494,2.3504999262513593e-05,0.00016627500008326024
11,8,OMP,baseline,OMP (baseline),128,256,0.5,gaussian,gaussian,clean,0.0,6.0941069755935205e-31,7.806476142020496e-16,1.0,1.0,1,0.0004251749996910803,8,8.0,2.5547608100257677e-15,target_sparsity_reached,0,0,0.00014070299948798493,1.0,False,,0,0,1.529427585100618,0.0,0.0,0.0,0.0,0.0,0.0,0.0,3496.0,1024.0,2048.0,0.0,0.0,0.0,288.0,72.0,0.0,0.0,0.0,64.0,0.0,4.2531999497441575e-05,5.0549999286886305e-05,0.00014070299948798493,5.781599975307472e-05,0.0
11,8,OMP,optimized,OMP (optimized),128,256,0.5,gaussian,gaussian,clean,0.0,1.3627011058304193e-20,1.1673478940874565e-10,1.0,1.0,1,0.00026526199872023426,8,8.0,3.400757209233984e-10,target_sparsity_reached,0,0,9.586100350134075e-05,1.0,True,,0,0,1.529427585100618,0.0,0.0,0.0,0.0,0.0,0.0,0.0,2000.0,1024.0,0.0,256.0,512.0,64.0,64.0,72.0,0.0,0.0,0.0,8.0,0.0,3.563400969142094e-05,1.2682994565693662e-05,9.586100350134075e-05,3.268700311309658e-05,5.073500142316334e-05
11,8,gOMP,baseline,gOMP (baseline),128,256,0.5,gaussian,gaussian,clean,0.0,0.00017675260165131944,0.013294833645116416,0.875,0.875,0,0.00017865100016933866,3,8.0,0.0400602876717068,target_sparsity_reached,1,1,5.803599924547598e-05,3.0,False,,0,0,1.641860653202941,0.0,0.0,0.0,0.0,0.0,0.0,0.0,3520.0,1024.0,2048.0,256.0,0.0,0.0,136.0,32.0,0.0,0.0,0.0,24.0,0.0,1.4292996638687328e-05,3.05640023725573e-05,5.803599924547598e-05,1.9463997887214646e-05,0.0
11,8,gOMP,optimized,gOMP (optimized),128,256,0.5,gaussian,gaussian,clean,0.0,0.00017675260158940727,0.013294833642787987,0.875,0.875,0,0.00011370199717930518,3,8.0,0.04006028767170681,target_sparsity_reached,1,1,3.654299507616088e-05,3.0,True,,0,0,1.641860653202941,0.0,0.0,0.0,0.0,0.0,0.0,0.0,1384.0,1024.0,0.0,256.0,0.0,0.0,64.0,32.0,0.0,0.0,0.0,8.0,0.0,1.3585999113274738e-05,2.3705000785412267e-05,3.654299507616088e-05,1.2290998711250722e-05,0.0
11,8,Improved-gOMP,baseline,Improved-gOMP (baseline),128,256,0.5,gaussian,gaussian,clean,0.0,0.0001790376316041744,0.013380494445429676,0.875,0.875,0,0.0013205850009399,3,8.0,0.039858956329627375,target_sparsity_reached,1,1,7.949599603307433e-05,16.666666666666668,False,,0,0,1.5793094404222088,1.0,1.0,1.0,1.0,1.0,1.0,0.0,3344.0,1024.0,2048.0,0.0,0.0,0.0,144.0,32.0,24.0,24.0,24.0,24.0,0.0,1.5588997484883294e-05,0.0008162069971149322,6.062199827283621e-05,2.0650004444178194e-05,0.0002632949981489219
11,8,Improved-gOMP,optimized,Improved-gOMP (optimized),128,256,0.5,gaussian,gaussian,clean,0.0,0.0001767526015894075,0.013294833642787995,0.875,0.875,0,0.0004745959995489102,3,8.0,0.04006028767170681,target_sparsity_reached,1,1,5.215799683355726e-05,0.0,True,,0,0,1.641860653202941,0.0,0.0,0.0,0.0,1.0,0.0,1.0,3776.0,1024.0,2048.0,0.0,512.0,64.0,64.0,32.0,24.0,0.0,0.0,8.0,0.0,1.3606004358734936e-05,0.0002625949964567553,0.00010720800128183328,2.0208997739246115e-05,1.4640027075074613e-06
12,8,OMP,baseline,OMP (baseline),128,256,0.5,gaussian,gaussian,clean,0.0,1.6441389410357758e-31,4.054798319319687e-16,1.0,1.0,1,0.00044713099850923754,8,8.0,1.193277935042125e-15,target_sparsity_reached,0,0,0.00014243199984775856,1.0,False,,0,0,1.439529626603264,0.0,0.0,0.0,0.0,0.0,0.0,0.0,3496.0,1024.0,2048.0,0.0,0.0,0.0,288.0,72.0,0.0,0.0,0.0,64.0,0.0,4.0394996176473796e-05,7.864699728088453e-05,0.00014243199984775856,5.283300197334029e-05,0.0
12,8,OMP,optimized,OMP (optimized),128,256,0.5,gaussian,gaussian,clean,0.0,1.1180778279294015e-20,1.0573919935054367e-10,1.0,1.0,1,0.00027569200028665364,8,8.0,3.112825200828298e-10,target_sparsity_reached,0,0,0.00010496700269868597,1.0,True,,0,0,1.439529626603264,0.0,0.0,0.0,0.0,0.0,0.0,0.0,2000.0,1024.0,0.0,256.0,512.0,64.0,64.0,72.0,0.0,0.0,0.0,8.0,0.0,2.9219991120044142e-05,1.5031993825687096e-05,0.00010496700269868597,3.452099554124288e-05,5.1068996981484815e-05
12,8,gOMP,baseline,gOMP (baseline),128,256,0.5,gaussian,gaussian,clean,0.0,6.03292917880063e-31,7.767193301830868e-16,1.0,1.0,1,0.00019002499902853742,3,8.0,2.4984595377199136e-15,target_sparsity_reached,0,0,6.979399768169969e-05,3.0,False,,0,0,1.4395296266032642,0.0,0.0,0.0,0.0,0.0,0.0,0.0,3520.0,1024.0,2048.0,256.0,0.0,0.0,136.0,32.0,0.0,0.0,0.0,24.0,0.0,1.1845997505588457e-05,3.202199877705425e-05,6.979399768169969e-05,1.70660023286473e-05,0.0
12,8,gOMP,optimized,gOMP (optimized),128,256,0.5,gaussian,gaussian,clean,0.0,1.1180779439146774e-20,1.0573920483504107e-10,1.0,1.0,1,0.00011015299969585612,3,8.0,3.112825032654057e-10,target_sparsity_reached,0,0,3.577600000426173e-05,3.0,True,,0,0,1.4395296266032642,0.0,0.0,0.0,0.0,0.0,0.0,0.0,1384.0,1024.0,0.0,256.0,0.0,0.0,64.0,32.0,0.0,0.0,0.0,8.0,0.0,1.1165000614710152e-05,2.376300108153373e-05,3.577600000426173e-05,1.1725998774636537e-05,0.0
12,8,Improved-gOMP,baseline,Improved-gOMP (baseline),128,256,0.5,gaussian,gaussian,clean,0.0,0.003268999257198876,0.05717516293985419,0.875,0.875,0,0.0009687869969638996,3,8.0,0.16501533381942673,target_sparsity_reached,1,1,7.621999611728825e-05,18.333333333333332,False,,0,0,1.423978233757766,1.0,1.0,1.0,1.0,1.0,1.0,0.0,3328.0,1024.0,2048.0,0.0,0.0,0.0,128.0,32.0,24.0,24.0,24.0,24.0,0.0,1.3744000170845538e-05,0.0006330819996946957,5.701500049326569e-05,1.821999831008725e-05,0.00010613100312184542
12,8,Improved-gOMP,optimized,Improved-gOMP (optimized),128,256,0.5,gaussian,gaussian,clean,0.0,1.1180774428635756e-20,1.057391811422604e-10,1.0,1.0,1,0.0005801139996037818,3,8.0,3.11282441365673e-10,residual_tol,0,0,7.154099512263201e-05,0.0,True,,0,0,1.439529626603264,1.0,1.0,0.0,0.0,1.0,0.0,1.0,3776.0,1024.0,2048.0,0.0,512.0,64.0,64.0,32.0,24.0,0.0,0.0,8.0,0.0,1.3542001397581771e-05,0.000259169999480946,0.00010882700007641688,1.9259001419413835e-05,0.00010094400204252452
13,8,OMP,baseline,OMP (baseline),128,256,0.5,gaussian,gaussian,clean,0.0,9.890720842061574e-31,9.945210325609798e-16,1.0,1.0,1,0.0003930669990950264,8,8.0,2.4131856989911594e-15,target_sparsity_reached,0,0,0.00013312800365383737,1.0,False,,0,0,1.4921793162722514,0.0,0.0,0.0,0.0,0.0,0.0,0.0,3496.0,1024.0,2048.0,0.0,0.0,0.0,288.0,72.0,0.0,0.0,0.0,64.0,0.0,3.559299511834979e-05,4.835099389310926e-05,0.00013312800365383737,4.8855003115022555e-05,0.0
13,8,OMP,optimized,OMP (optimized),128,256,0.5,gaussian,gaussian,clean,0.0,8.628170726867979e-21,9.288794715606529e-11,1.0,1.0,1,0.00027998599762213416,8,8.0,2.1389338898900163e-10,target_sparsity_reached,0,0,9.980899267247878e-05,1.0,True,,0,0,1.4921793162722514,0.0,0.0,0.0,0.0,0.0,0.0,0.0,2000.0,1024.0,0.0,256.0,512.0,64.0,64.0,72.0,0.0,0.0,0.0,8.0,0.0,3.9870006730780005e-05,1.1801006621681154e-05,9.980899267247878e-05,3.3774005714803934e-05,5.396999404183589e-05
13,8,gOMP,baseline,gOMP (baseline),128,256,0.5,gaussian,gaussian,clean,0.0,0.00012461214489646637,0.0111629810040359,0.875,0.875,0,0.00021280300279613584,3,8.0,0.02294593232764266,target_sparsity_reached,1,1,7.076800102367997e-05,3.0,False,,0,0,1.599530177686516,0.0,0.0,0.0,0.0,0.0,0.0,0.0,3520.0,1024.0,2048.0,256.0,0.0,0.0,136.0,32.0,0.0,0.0,0.0,24.0,0.0,1.424699803465046e-05,3.223199746571481e-05,7.076800102367997e-05,3.075799759244546e-05,0.0
13,8,gOMP,optimized,gOMP (optimized),128,256,0.5,gaussian,gaussian,clean,0.0,0.00012461214490660673,0.011162981004490096,0.875,0.875,0,0.00012087199866073206,3,8.0,0.022945932327642648,target_sparsity_reached,1,1,3.755800207727589e-05,3.0,True,,0,0,1.599530177686516,0.0,0.0,0.0,0.0,0.0,0.0,0.0,1384.0,1024.0,0.0,256.0,0.0,0.0,64.0,32.0,0.0,0.0,0.0,8.0,0.0,1.3745004252996296e-05,2.524400406400673e-05,3.755800207727589e-05,1.5833997167646885e-05,0.0
13,8,Improved-gOMP,baseline,Improved-gOMP (baseline),128,256,0.5,gaussian,gaussian,clean,0.0,9.890720842061574e-31,9.945210325609798e-16,1.0,1.0,1,0.001217634002387058,3,8.0,2.4131856989911594e-15,residual_tol,0,0,6.955200296943076e-05,16.333333333333332,False,,0,0,1.4921793162722514,1.0,1.0,1.0,1.0,1.0,1.0,0.0,3344.0,1024.0,2048.0,0.0,0.0,0.0,144.0,32.0,24.0,24.0,24.0,24.0,0.0,2.9075999918859452e-05,0.0006800760020269081,5.2061001042602584e-05,1.8588001694297418e-05,0.00030115699701127596
13,8,Improved-gOMP,optimized,Improved-gOMP (optimized),128,256,0.5,gaussian,gaussian,clean,0.0,0.00012461214490660767,0.01116298100449014,0.875,0.875,0,0.0005016219984099735,3,8.0,0.022945932327642665,target_sparsity_reached,1,1,5.542100188904442e-05,0.0,True,,0,0,1.599530177686516,0.0,0.0,0.0,0.0,1.0,0.0,1.0,3776.0,1024.0,2048.0,0.0,512.0,64.0,64.0,32.0,24.0,0.0,0.0,8.0,0.0,1.5659999917261302e-05,0.00026969499958795495,0.0001143849985965062,2.2841995814815164e-05,1.4729994290973991e-06
14,8,OMP,baseline,OMP (baseline),128,256,0.5,gaussian,gaussian,clean,0.0,4.574099303945332e-31,6.76320878277858e-16,1.0,1.0,1,0.00039061200004653074,8,8.0,1.6440072402477137e-15,target_sparsity_reached,0,0,0.0001316439957008697,1.0,False,,0,0,1.3861290843513214,0.0,0.0,0.0,0.0,0.0,0.0,0.0,3496.0,1024.0,2048.0,0.0,0.0,0.0,288.0,72.0,0.0,0.0,0.0,64.0,0.0,3.075700442423113e-05,4.843500573770143e-05,0.0001316439957008697,4.22429948230274e-05,0.0
14,8,OMP,optimized,OMP (optimized),128,256,0.5,gaussian,gaussian,clean,0.0,1.122296256527775e-20,1.0593848481679239e-10,1.0,1.0,1,0.00024325800040969625,8,8.0,2.5042178611714427e-10,target_sparsity_reached,0,0,9.01830026123207e-05,1.0,True,,0,0,1.3861290843513214,0.0,0.0,0.0,0.0,0.0,0.0,0.0,2000.0,1024.0,0.0,256.0,512.0,64.0,64.0,72.0,0.0,0.0,0.0,8.0,0.0,2.5741002900758758e-05,1.039900234900415e-05,9.01830026123207e-05,3.185600144206546e-05,4.86149983771611e-05
14,8,gOMP,baseline,gOMP (baseline),128,256,0.5,gaussian,gaussian,clean,0.0,4.574099303945332e-31,6.76320878277858e-16,1.0,1.0,1,0.00016729499839129858,3,8.0,1.6440072402477137e-15,target_sparsity_reached,0,0,5.677299850503914e-05,3.0,False,,0,0,1.3861290843513214,0.0,0.0,0.0,0.0,0.0,0.0,0.0,3520.0,1024.0,2048.0,256.0,0.0,0.0,136.0,32.0,0.0,0.0,0.0,24.0,0.0,1.0599000233924016e-05,2.9828999686287716e-05,5.677299850503914e-05,1.5665998944314197e-05,0.0
14,8,gOMP,optimized,gOMP (optimized),128,256,0.5,gaussian,gaussian,clean,0.0,1.122302885393785e-20,1.0593879768025429e-10,1.0,1.0,1,0.00012498700016294606,3,8.0,2.5042260818171096e-10,target_sparsity_reached,0,0,3.311899854452349e-05,3.0,True,,0,0,1.3861290843513214,0.0,0.0,0.0,0.0,0.0,0.0,0.0,1384.0,1024.0,0.0,256.0,0.0,0.0,64.0,32.0,0.0,0.0,0.0,8.0,0.0,1.0091000149259344e-05,2.2893997083883733e-05,3.311899854452349e-05,1.146899739978835e-05,0.0
14,8,Improved-gOMP,baseline,Improved-gOMP (baseline),128,256,0.5,gaussian,gaussian,clean,0.0,4.574099303945332e-31,6.76320878277858e-16,1.0,1.0,1,0.0012523860023065936,3,8.0,1.6440072402477137e-15,residual_tol,0,0,7.093900057952851e-05,18.333333333333332,False,,0,0,1.3861290843513214,1.0,1.0,1.0,1.0,1.0,1.0,0.0,3344.0,1024.0,2048.0,0.0,0.0,0.0,144.0,32.0,24.0,24.0,24.0,24.0,0.0,1.2786003935616463e-05,0.0007519929931731895,5.219200102146715e-05,1.609500395716168e-05,0.00028039300013915636
14,8,Improved-gOMP,optimized,Improved-gOMP (optimized),128,256,0.5,gaussian,gaussian,clean,0.0,1.122296256527775e-20,1.0593848481679239e-10,1.0,1.0,1,0.0004888979965471663,3,8.0,2.5042178611714427e-10,residual_tol,0,0,7.669699698453769e-05,0.0,True,,0,0,1.3861290843513214,0.0,0.0,0.0,0.0,1.0,0.0,1.0,3776.0,1024.0,2048.0,0.0,512.0,64.0,64.0,32.0,24.0,0.0,0.0,8.0,0.0,1.2665997928706929e-05,0.0002521560018067248,0.00013247600145405158,1.8981998437084258e-05,1.4839970390312374e-06
15,8,OMP,baseline,OMP (baseline),128,256,0.5,gaussian,gaussian,clean,0.0,7.4260506499769925e-31,8.61745359719273e-16,1.0,1.0,1,0.00042272399878129363,8,8.0,3.2500052424282178e-15,target_sparsity_reached,0,0,0.00014577200636267662,1.0,False,,0,0,1.3577382384822836,0.0,0.0,0.0,0.0,0.0,0.0,0.0,3496.0,1024.0,2048.0,0.0,0.0,0.0,288.0,72.0,0.0,0.0,0.0,64.0,0.0,4.0017999708652496e-05,5.213599433773197e-05,0.00014577200636267662,5.132899968884885e-05,0.0
15,8,OMP,optimized,OMP (optimized),128,256,0.5,gaussian,gaussian,clean,0.0,1.0691110053757222e-20,1.0339782422158224e-10,1.0,1.0,1,0.0003212529991287738,8,8.0,3.6826124390348937e-10,target_sparsity_reached,0,0,0.00011949999316129833,1.0,True,,0,0,1.3577382384822836,0.0,0.0,0.0,0.0,0.0,0.0,0.0,2000.0,1024.0,0.0,256.0,512.0,64.0,64.0,72.0,0.0,0.0,0.0,8.0,0.0,4.0790997445583344e-05,1.3337001291802153e-05,0.00011949999316129833,4.049199924338609e-05,6.202899385243654e-05
15,8,gOMP,baseline,gOMP (baseline),128,256,0.5,gaussian,gaussian,clean,0.0,0.0019356116451241803,0.04399558665507462,0.875,0.875,0,0.00020622800002456643,3,8.0,0.15701093651223344,target_sparsity_reached,1,1,6.72979986120481e-05,3.0,False,,0,0,1.437596806619284,0.0,0.0,0.0,0.0,0.0,0.0,0.0,3520.0,1024.0,2048.0,256.0,0.0,0.0,136.0,32.0,0.0,0.0,0.0,24.0,0.0,1.4831999578746036e-05,3.9509999623987824e-05,6.72979986120481e-05,2.0259998564142734e-05,0.0
15,8,gOMP,optimized,gOMP (optimized),128,256,0.5,gaussian,gaussian,clean,0.0,0.0019356116450813684,0.043995586654588074,0.875,0.875,0,0.0001253160007763654,3,8.0,0.15701093651223344,target_sparsity_reached,1,1,3.945000207750127e-05,3.0,True,,0,0,1.437596806619284,0.0,0.0,0.0,0.0,0.0,0.0,0.0,1384.0,1024.0,0.0,256.0,0.0,0.0,64.0,32.0,0.0,0.0,0.0,8.0,0.0,1.4909001038176939e-05,2.6914000045508146e-05,3.945000207750127e-05,1.3150998711353168e-05,0.0
15,8,Improved-gOMP,baseline,Improved-gOMP (baseline),128,256,0.5,gaussian,gaussian,clean,0.0,0.0019534830764361497,0.04419822481091463,0.875,0.875,0,0.0012226469989400357,3,8.0,0.15629597712327586,target_sparsity_reached,1,1,7.408199599012733e-05,16.333333333333332,False,,0,0,1.546793689370086,1.0,1.0,1.0,1.0,1.0,1.0,0.0,3344.0,1024.0,2048.0,0.0,0.0,0.0,144.0,32.0,24.0,24.0,24.0,24.0,0.0,1.4886998542351648e-05,0.0007319490032386966,5.470299583976157e-05,2.1328000002540648e-05,0.00026628699924913235
15,8,Improved-gOMP,optimized,Improved-gOMP (optimized),128,256,0.5,gaussian,gaussian,clean,0.0,0.001935611645081367,0.04399558665458806,0.875,0.875,0,0.0004674539995903615,3,8.0,0.1570109365122334,target_sparsity_reached,1,1,5.337000038707629e-05,0.0,True,,0,0,1.437596806619284,0.0,0.0,0.0,0.0,1.0,0.0,1.0,3776.0,1024.0,2048.0,0.0,512.0,64.0,64.0,32.0,24.0,0.0,0.0,8.0,0.0,1.5640998753951862e-05,0.000250968001637375,0.00010881800335482694,2.0619001588784158e-05,1.424999936716631e-06
16,8,OMP,baseline,OMP (baseline),128,256,0.5,gaussian,gaussian,clean,0.0,1.3146056209617188e-29,3.6257490549701846e-15,1.0,1.0,1,0.0003585129998100456,8,8.0,1.1699395419621606e-14,target_sparsity_reached,0,0,0.00012502300523919985,1.0,False,,0,0,1.3822264116918241,0.0,0.0,0.0,0.0,0.0,0.0,0.0,3496.0,1024.0,2048.0,0.0,0.0,0.0,288.0,72.0,0.0,0.0,0.0,64.0,0.0,2.8326005121925846e-05,4.545599949778989e-05,0.00012502300523919985,4.041100692120381e-05,0.0
16,8,OMP,optimized,OMP (optimized),128,256,0.5,gaussian,gaussian,clean,0.0,1.3074769777573342e-20,1.1434495956347766e-10,1.0,1.0,1,0.0002421709978079889,8,8.0,3.1626575614354064e-10,target_sparsity_reached,0,0,9.037699419423006e-05,1.0,True,,0,0,1.3822264116918241,0.0,0.0,0.0,0.0,0.0,0.0,0.0,2000.0,1024.0,0.0,256.0,512.0,64.0,64.0,72.0,0.0,0.0,0.0,8.0,0.0,2.574400423327461e-05,1.0739990102592856e-05,9.037699419423006e-05,3.221700171707198e-05,4.8335004976252094e-05
16,8,gOMP,baseline,gOMP (baseline),128,256,0.5,gaussian,gaussian,clean,0.0,0.0013119331028489747,0.036220617096468344,0.875,0.875,0,0.0001584029996593017,3,8.0,0.10030574225181059,target_sparsity_reached,1,1,5.214500197325833e-05,3.0,False,,0,0,1.5373553643668207,0.0,0.0,0.0,0.0,0.0,0.0,0.0,3520.0,1024.0,2048.0,256.0,0.0,0.0,136.0,32.0,0.0,0.0,0.0,24.0,0.0,1.0730000212788582e-05,2.7104000764666125e-05,5.214500197325833e-05,1.5224995877360925e-05,0.0
16,8,gOMP,optimized,gOMP (optimized),128,256,0.5,gaussian,gaussian,clean,0.0,0.0013119331015299196,0.036220617078259715,0.875,0.875,0,0.00013045800005784258,3,8.0,0.10030574225181058,target_sparsity_reached,1,1,5.067999882157892e-05,3.0,True,,0,0,1.5373553643668207,0.0,0.0,0.0,0.0,0.0,0.0,0.0,1384.0,1024.0,0.0,256.0,0.0,0.0,64.0,32.0,0.0,0.0,0.0,8.0,0.0,1.0089999705087394e-05,2.302799839526415e-05,5.067999882157892e-05,1.4804998500039801e-05,0.0
16,8,Improved-gOMP,baseline,Improved-gOMP (baseline),128,256,0.5,gaussian,gaussian,clean,0.0,1.8135378962974016e-29,4.258565364412529e-15,1.0,1.0,1,0.0011022760008927435,3,8.0,1.3703358913484262e-14,residual_tol,0,0,6.703999315504916e-05,17.0,False,,0,0,1.3822264116918241,1.0,1.0,1.0,1.0,1.0,1.0,0.0,3344.0,1024.0,2048.0,0.0,0.0,0.0,144.0,32.0,24.0,24.0,24.0,24.0,0.0,1.1810996511485428e-05,0.0006582969981536735,4.9396003305446357e-05,1.5753001207485795e-05,0.0002424649974273052
16,8,Improved-gOMP,optimized,Improved-gOMP (optimized),128,256,0.5,gaussian,gaussian,clean,0.0,0.0013119331015299213,0.03622061707825974,0.875,0.875,0,0.0004620990002877079,3,8.0,0.10030574225181058,target_sparsity_reached,1,1,5.267899905447848e-05,0.0,True,,0,0,1.5373553643668207,0.0,0.0,0.0,0.0,1.0,0.0,1.0,3776.0,1024.0,2048.0,0.0,512.0,64.0,64.0,32.0,24.0,0.0,0.0,8.0,0.0,1.1783002264564857e-05,0.0002575719991000369,0.00010662400018190965,1.770499875419773e-05,1.3940043572802097e-06
17,8,OMP,baseline,OMP (baseline),128,256,0.5,gaussian,gaussian,clean,0.0,6.178031154322984e-30,2.4855645544469336e-15,1.0,1.0,1,0.0004490310020628385,8,8.0,5.5471417264209485e-15,target_sparsity_reached,0,0,0.00015253299352480099,1.0,False,,0,0,1.4950231556518743,0.0,0.0,0.0,0.0,0.0,0.0,0.0,3496.0,1024.0,2048.0,0.0,0.0,0.0,288.0,72.0,0.0,0.0,0.0,64.0,0.0,3.8051010051276535e-05,5.2095998398726806e-05,0.00015253299352480099,5.4320000344887376e-05,0.0
17,8,OMP,optimized,OMP (optimized),128,256,0.5,gaussian,gaussian,clean,0.0,9.664063071244547e-21,9.830596661060073e-11,1.0,1.0,1,0.00026944999990519136,8,8.0,2.261409384076229e-10,target_sparsity_reached,0,0,9.543799751554616e-05,1.0,True,,0,0,1.4950231556518743,0.0,0.0,0.0,0.0,0.0,0.0,0.0,2000.0,1024.0,0.0,256.0,512.0,64.0,64.0,72.0,0.0,0.0,0.0,8.0,0.0,3.322101110825315e-05,1.209699985338375e-05,9.543799751554616e-05,3.424299939069897e-05,5.459300155052915e-05
17,8,gOMP,baseline,gOMP (baseline),128,256,0.5,gaussian,gaussian,clean,0.0,4.7875850272139946e-30,2.188055078651814e-15,1.0,1.0,1,0.00017612699957680888,3,8.0,4.760256963059933e-15,target_sparsity_reached,0,0,5.9459001931827515e-05,3.0,False,,0,0,1.4950231556518743,0.0,0.0,0.0,0.0,0.0,0.0,0.0,3520.0,1024.0,2048.0,256.0,0.0,0.0,136.0,32.0,0.0,0.0,0.0,24.0,0.0,1.298099959967658e-05,2.9470003937603906e-05,5.9459001931827515e-05,1.8306003767065704e-05,0.0
17,8,gOMP,optimized,gOMP (optimized),128,256,0.5,gaussian,gaussian,clean,0.0,9.664054204694723e-21,9.830592151388807e-11,1.0,1.0,1,0.00010950800060527399,3,8.0,2.2614088476131194e-10,target_sparsity_reached,0,0,3.381899659871124e-05,3.0,True,,0,0,1.4950231556518743,0.0,0.0,0.0,0.0,0.0,0.0,0.0,1384.0,1024.0,0.0,256.0,0.0,0.0,64.0,32.0,0.0,0.0,0.0,8.0,0.0,1.2246997357578948e-05,2.3053999029798433e-05,3.381899659871124e-05,1.2020998838124797e-05,0.0
17,8,Improved-gOMP,baseline,Improved-gOMP (baseline),128,256,0.5,gaussian,gaussian,clean,0.0,5.0158672271871125e-30,2.2396131869559778e-15,1.0,1.0,1,0.0012407379981596023,3,8.0,4.871146764882015e-15,residual_tol,0,0,0.00010750100045697764,16.666666666666668,False,,0,0,1.4950231556518747,1.0,1.0,1.0,1.0,1.0,1.0,0.0,3344.0,1024.0,2048.0,0.0,0.0,0.0,144.0,32.0,24.0,24.0,24.0,24.0,0.0,1.492299634264782e-05,0.0007214789984573144,5.2961000619689e-05,1.8516002455726266e-05,0.00029139700200175866
17,8,Improved-gOMP,optimized,Improved-gOMP (optimized),128,256,0.5,gaussian,gaussian,clean,0.0,9.664056192108603e-21,9.83059316221997e-11,1.0,1.0,1,0.00045647599836229347,3,8.0,2.261408418072791e-10,residual_tol,0,0,5.112399594509043e-05,0.0,True,,0,0,1.4950231556518743,0.0,0.0,0.0,0.0,1.0,0.0,1.0,3776.0,1024.0,2048.0,0.0,512.0,64.0,64.0,32.0,24.0,0.0,0.0,8.0,0.0,1.4483000995824113e-05,0.00024739300351939164,0.00010530700456001796,1.9967996195191517e-05,1.5419973351527005e-06
18,8,OMP,baseline,OMP (baseline),128,256,0.5,gaussian,gaussian,clean,0.0,3.4142131208457714e-31,5.84312683487683e-16,1.0,1.0,1,0.00042248899990227073,8,8.0,2.077077657262131e-15,target_sparsity_reached,0,0,0.00014366900359163992,1.0,False,,0,0,1.5098549009057947,0.0,0.0,0.0,0.0,0.0,0.0,0.0,3496.0,1024.0,2048.0,0.0,0.0,0.0,288.0,72.0,0.0,0.0,0.0,64.0,0.0,3.14779972541146e-05,5.9890000557061285e-05,0.00014366900359163992,4.636899757315405e-05,0.0
18,8,OMP,optimized,OMP (optimized),128,256,0.5,gaussian,gaussian,clean,0.0,8.909968975883071e-21,9.439263199997693e-11,1.0,1.0,1,0.0002620030027173925,8,8.0,3.1337073119948175e-10,target_sparsity_reached,0,0,9.808998947846703e-05,1.0,True,,0,0,1.5098549009057947,0.0,0.0,0.0,0.0,0.0,0.0,0.0,2000.0,1024.0,0.0,256.0,512.0,64.0,64.0,72.0,0.0,0.0,0.0,8.0,0.0,2.8553004085551947e-05,1.1569005437195301e-05,9.808998947846703e-05,3.328099410282448e-05,5.034599234932102e-05
18,8,gOMP,baseline,gOMP (baseline),128,256,0.5,gaussian,gaussian,clean,0.0,1.185579001573964e-30,1.0888429646069096e-15,1.0,1.0,1,0.00016514099843334407,3,8.0,3.965106689168062e-15,target_sparsity_reached,0,0,5.6380999012617394e-05,3.0,False,,0,0,1.5098549009057947,0.0,0.0,0.0,0.0,0.0,0.0,0.0,3520.0,1024.0,2048.0,256.0,0.0,0.0,136.0,32.0,0.0,0.0,0.0,24.0,0.0,1.0744002793217078e-05,2.882499757106416e-05,5.6380999012617394e-05,1.572600012877956e-05,0.0
18,8,gOMP,optimized,gOMP (optimized),128,256,0.5,gaussian,gaussian,clean,0.0,8.90996194910637e-21,9.439259477896753e-11,1.0,1.0,1,0.00010498299889150076,3,8.0,3.133705398686462e-10,target_sparsity_reached,0,0,3.360000118846074e-05,3.0,True,,0,0,1.5098549009057947,0.0,0.0,0.0,0.0,0.0,0.0,0.0,1384.0,1024.0,0.0,256.0,0.0,0.0,64.0,32.0,0.0,0.0,0.0,8.0,0.0,1.0144995030714199e-05,2.343700180063024e-05,3.360000118846074e-05,1.1301002814434469e-05,0.0
18,8,Improved-gOMP,baseline,Improved-gOMP (baseline),128,256,0.5,gaussian,gaussian,clean,0.0,1.227497790949293e-30,1.1079249933769401e-15,1.0,1.0,1,0.0011516859995026607,3,8.0,3.8446611080744626e-15,residual_tol,0,0,6.775000292691402e-05,17.333333333333332,False,,0,0,1.5098549009057949,1.0,1.0,1.0,1.0,1.0,1.0,0.0,3344.0,1024.0,2048.0,0.0,0.0,0.0,144.0,32.0,24.0,24.0,24.0,24.0,0.0,1.1922005796805024e-05,0.0006949980015633628,5.053200584370643e-05,1.6123995010275394e-05,0.0002503700052329805
18,8,Improved-gOMP,optimized,Improved-gOMP (optimized),128,256,0.5,gaussian,gaussian,clean,0.0,8.909963814089787e-21,9.43926046578321e-11,1.0,1.0,1,0.0005036270013079047,3,8.0,3.1337060687357006e-10,residual_tol,0,0,5.515100201591849e-05,0.0,True,,0,0,1.5098549009057947,0.0,0.0,0.0,0.0,1.0,0.0,1.0,3776.0,1024.0,2048.0,0.0,512.0,64.0,64.0,32.0,24.0,0.0,0.0,8.0,0.0,1.207799869007431e-05,0.00028516599923023023,0.00011340499986545183,1.973600228666328e-05,1.525000698165968e-06
19,8,OMP,baseline,OMP (baseline),128,256,0.5,gaussian,gaussian,clean,0.0,1.1165388581872782e-30,1.0566640233240074e-15,1.0,1.0,1,0.00048147199777304195,8,8.0,3.197254904094514e-15,target_sparsity_reached,0,0,0.00015602699932060204,1.0,False,,0,0,1.5057226207702716,0.0,0.0,0.0,0.0,0.0,0.0,0.0,3496.0,1024.0,2048.0,0.0,0.0,0.0,288.0,72.0,0.0,0.0,0.0,64.0,0.0,3.9361002563964576e-05,7.595699935336597e-05,0.00015602699932060204,5.4479001846630126e-05,0.0
19,8,OMP,optimized,OMP (optimized),128,256,0.5,gaussian,gaussian,clean,0.0,8.718148757392267e-21,9.337102739818315e-11,1.0,1.0,1,0.00028394099717843346,8,8.0,2.836719639185507e-10,target_sparsity_reached,0,0,9.889900320558809e-05,1.0,True,,0,0,1.5057226207702716,0.0,0.0,0.0,0.0,0.0,0.0,0.0,2000.0,1024.0,0.0,256.0,512.0,64.0,64.0,72.0,0.0,0.0,0.0,8.0,0.0,3.581999408197589e-05,1.5997000446077436e-05,9.889900320558809e-05,3.580400152713992e-05,5.752099968958646e-05
19,8,gOMP,baseline,gOMP (baseline),128,256,0.5,gaussian,gaussian,clean,0.0,0.0015300584078845848,0.03911596103746634,0.875,0.875,0,0.00019002399858436547,3,8.0,0.10032318197688325,target_sparsity_reached,1,1,6.549699901370332e-05,3.0,False,,0,0,1.5602844901143342,0.0,0.0,0.0,0.0,0.0,0.0,0.0,3520.0,1024.0,2048.0,256.0,0.0,0.0,136.0,32.0,0.0,0.0,0.0,24.0,0.0,1.4639997971244156e-05,3.395400199224241e-05,6.549699901370332e-05,1.837100353441201e-05,0.0
19,8,gOMP,optimized,gOMP (optimized),128,256,0.5,gaussian,gaussian,clean,0.0,0.0015300584070257273,0.03911596102648799,0.875,0.875,0,0.0001640880000195466,3,8.0,0.10032318197688324,target_sparsity_reached,1,1,6.616999962716363e-05,3.0,True,,0,0,1.5602844901143342,0.0,0.0,0.0,0.0,0.0,0.0,0.0,1384.0,1024.0,0.0,256.0,0.0,0.0,64.0,32.0,0.0,0.0,0.0,8.0,0.0,1.7533999198349193e-05,2.5450000975979492e-05,6.616999962716363e-05,1.6906997188925743e-05,0.0
19,8,Improved-gOMP,baseline,Improved-gOMP (baseline),128,256,0.5,gaussian,gaussian,clean,0.0,0.0014821089330410114,0.03849816791798035,0.875,0.875,0,0.0009589820001565386,3,8.0,0.10073651993680137,target_sparsity_reached,1,1,7.680900307605043e-05,18.666666666666668,False,,0,0,1.3908615902695274,1.0,1.0,1.0,1.0,1.0,1.0,0.0,3328.0,1024.0,2048.0,0.0,0.0,0.0,128.0,32.0,24.0,24.0,24.0,24.0,0.0,1.45800004247576e-05,0.0005931060004513711,5.143400267115794e-05,1.7569000192452222e-05,0.00014680799358757213
19,8,Improved-gOMP,optimized,Improved-gOMP (optimized),128,256,0.5,gaussian,gaussian,clean,0.0,0.0015300584070257347,0.03911596102648809,0.875,0.875,0,0.0005257740012893919,3,8.0,0.10032318197688321,target_sparsity_reached,1,1,6.22670013399329e-05,0.0,True,,0,0,1.5602844901143347,1.0,1.0,0.0,0.0,1.0,0.0,1.0,3776.0,1024.0,2048.0,0.0,512.0,64.0,64.0,32.0,24.0,0.0,0.0,8.0,0.0,1.3260003470350057e-05,0.000226294003368821,9.626400060369633e-05,1.9295002857688814e-05,9.534600030747242e-05
20,8,OMP,baseline,OMP (baseline),128,256,0.5,gaussian,gaussian,clean,0.0,1.1488793794007964e-30,1.0718579100798745e-15,1.0,1.0,1,0.0003631470026448369,8,8.0,4.020242520858412e-15,target_sparsity_reached,0,0,0.0001267649968212936,1.0,False,,0,0,1.435982519109376,0.0,0.0,0.0,0.0,0.0,0.0,0.0,3496.0,1024.0,2048.0,0.0,0.0,0.0,288.0,72.0,0.0,0.0,0.0,64.0,0.0,2.9513998015318066e-05,4.566099960356951e-05,0.0001267649968212936,4.074599564773962e-05,0.0
20,8,OMP,optimized,OMP (optimized),128,256,0.5,gaussian,gaussian,clean,0.0,1.2769255662075062e-20,1.1300113124245731e-10,1.0,1.0,1,0.0002585700021882076,8,8.0,3.767911761788837e-10,target_sparsity_reached,0,0,9.505500202067196e-05,1.0,True,,0,0,1.435982519109376,0.0,0.0,0.0,0.0,0.0,0.0,0.0,2000.0,1024.0,0.0,256.0,512.0,64.0,64.0,72.0,0.0,0.0,0.0,8.0,0.0,2.7860995032824576e-05,1.484599124523811e-05,9.505500202067196e-05,3.289500455139205e-05,5.122099901200272e-05
20,8,gOMP,baseline,gOMP (baseline),128,256,0.5,gaussian,gaussian,clean,0.0,0.00023950393977688816,0.015475914828432216,0.875,0.875,0,0.00020248400323907845,3,8.0,0.05200898762151429,target_sparsity_reached,1,1,6.0551003116415814e-05,3.0,False,,0,0,1.6137145963419768,0.0,0.0,0.0,0.0,0.0,0.0,0.0,3520.0,1024.0,2048.0,256.0,0.0,0.0,136.0,32.0,0.0,0.0,0.0,24.0,0.0,1.33239955175668e-05,3.248299253755249e-05,6.0551003116415814e-05,1.8026999896392226e-05,0.0
20,8,gOMP,optimized,gOMP (optimized),128,256,0.5,gaussian,gaussian,clean,0.0,0.0002395039398493536,0.015475914830773449,0.875,0.875,0,0.00011612899834290147,3,8.0,0.052008987621514284,target_sparsity_reached,1,1,3.8224996387725696e-05,3.0,True,,0,0,1.6137145963419768,0.0,0.0,0.0,0.0,0.0,0.0,0.0,1384.0,1024.0,0.0,256.0,0.0,0.0,64.0,32.0,0.0,0.0,0.0,8.0,0.0,1.188699752674438e-05,2.447900260449387e-05,3.8224996387725696e-05,1.2855001841671765e-05,0.0
20,8,Improved-gOMP,baseline,Improved-gOMP (baseline),128,256,0.5,gaussian,gaussian,clean,0.0,1.1488793794007964e-30,1.0718579100798745e-15,1.0,1.0,1,0.0009351740009151399,3,8.0,4.020242520858412e-15,residual_tol,0,0,7.483200533897616e-05,18.333333333333332,False,,0,0,1.435982519109376,1.0,1.0,1.0,1.0,1.0,1.0,0.0,3328.0,1024.0,2048.0,0.0,0.0,0.0,128.0,32.0,24.0,24.0,24.0,24.0,0.0,1.217100361827761e-05,0.0005864350059709977,5.047900413046591e-05,1.6037996829254553e-05,0.0001361519971396774
20,8,Improved-gOMP,optimized,Improved-gOMP (optimized),128,256,0.5,gaussian,gaussian,clean,0.0,1.2769255662075062e-20,1.1300113124245731e-10,1.0,1.0,1,0.0005489249997481238,3,8.0,3.767911761788837e-10,residual_tol,0,0,6.505200508399867e-05,0.0,True,,0,0,1.435982519109376,1.0,1.0,0.0,0.0,1.0,0.0,1.0,3776.0,1024.0,2048.0,0.0,512.0,64.0,64.0,32.0,24.0,0.0,0.0,8.0,0.0,1.1790998541982844e-05,0.00023092899937182665,0.00010011199628934264,1.8183003703597933e-05,9.257800047635101e-05
21,8,OMP,baseline,OMP (baseline),128,256,0.5,gaussian,gaussian,clean,0.0,5.091229257364767e-31,7.135285038009881e-16,1.0,1.0,1,0.0004080479993717745,8,8.0,1.9124285853617894e-15,target_sparsity_reached,0,0,0.00013385599595494568,1.0,False,,0,0,1.6027535415104996,0.0,0.0,0.0,0.0,0.0,0.0,0.0,3496.0,1024.0,2048.0,0.0,0.0,0.0,288.0,72.0,0.0,0.0,0.0,64.0,0.0,3.674600520753302e-05,5.080899427412078e-05,0.00013385599595494568,5.004500053473748e-05,0.0
21,8,OMP,optimized,OMP (optimized),128,256,0.5,gaussian,gaussian,clean,0.0,1.1675110861051495e-20,1.0805142692741959e-10,1.0,1.0,1,0.0002490339975338429,8,8.0,2.783972113467496e-10,target_sparsity_reached,0,0,9.044199759955518e-05,1.0,True,,0,0,1.6027535415104996,0.0,0.0,0.0,0.0,0.0,0.0,0.0,2000.0,1024.0,0.0,256.0,512.0,64.0,64.0,72.0,0.0,0.0,0.0,8.0,0.0,3.1608997232979164e-05,1.0700012353481725e-05,9.044199759955518e-05,3.2271997042698786e-05,4.9285001296084374e-05
21,8,gOMP,baseline,gOMP (baseline),128,256,0.5,gaussian,gaussian,clean,0.0,0.00897364540275629,0.09472932704688813,0.875,0.875,0,0.0001687420008238405,3,8.0,0.2216901933071674,target_sparsity_reached,1,1,5.642800169880502e-05,3.0,False,,0,0,1.5719295485940286,0.0,0.0,0.0,0.0,0.0,0.0,0.0,3520.0,1024.0,2048.0,256.0,0.0,0.0,136.0,32.0,0.0,0.0,0.0,24.0,0.0,1.314300243393518e-05,2.7513997338246554e-05,5.642800169880502e-05,1.697399784461595e-05,0.0
21,8,gOMP,optimized,gOMP (optimized),128,256,0.5,gaussian,gaussian,clean,0.0,0.00897364540631341,0.09472932706566331,0.875,0.875,0,0.00010965500041493215,3,8.0,0.22169019330716747,target_sparsity_reached,1,1,3.560099867172539e-05,3.0,True,,0,0,1.5719295485940286,0.0,0.0,0.0,0.0,0.0,0.0,0.0,1384.0,1024.0,0.0,256.0,0.0,0.0,64.0,32.0,0.0,0.0,0.0,8.0,0.0,1.2192998838145286e-05,2.2838001314084977e-05,3.560099867172539e-05,1.2283995602047071e-05,0.0
21,8,Improved-gOMP,baseline,Improved-gOMP (baseline),128,256,0.5,gaussian,gaussian,clean,0.0,2.081635607691013e-31,4.56249450157588e-16,1.0,1.0,1,0.0011671139982354362,3,8.0,1.3117515070154846e-15,residual_tol,0,0,6.928099901415408e-05,19.0,False,,0,0,1.6027535415104988,1.0,1.0,1.0,1.0,1.0,1.0,0.0,3344.0,1024.0,2048.0,0.0,0.0,0.0,144.0,32.0,24.0,24.0,24.0,24.0,0.0,1.4013996405992657e-05,0.0007009270011621993,5.038699964643456e-05,1.764899934642017e-05,0.0002574889986135531
21,8,Improved-gOMP,optimized,Improved-gOMP (optimized),128,256,0.5,gaussian,gaussian,clean,0.0,0.008973645406313404,0.09472932706566327,0.875,0.875,0,0.00046909600132494234,3,8.0,0.2216901933071675,target_sparsity_reached,1,1,5.751100252382457e-05,0.0,True,,0,0,1.5719295485940286,0.0,0.0,0.0,0.0,1.0,0.0,1.0,3776.0,1024.0,2048.0,0.0,512.0,64.0,64.0,32.0,24.0,0.0,0.0,8.0,0.0,1.3517001207219437e-05,0.00025168099818984047,0.00011188500138814561,2.0779996702913195e-05,1.2950040400028229e-06
22,8,OMP,baseline,OMP (baseline),128,256,0.5,gaussian,gaussian,clean,0.0,6.8393926052161875e-31,8.270062034359953e-16,1.0,1.0,1,0.0005050440013292246,8,8.0,2.9165154195341855e-15,target_sparsity_reached,0,0,0.00016209699970204383,1.0,False,,0,0,1.319972069714741,0.0,0.0,0.0,0.0,0.0,0.0,0.0,3496.0,1024.0,2048.0,0.0,0.0,0.0,288.0,72.0,0.0,0.0,0.0,64.0,0.0,3.724799898918718e-05,5.480500476551242e-05,0.00016209699970204383,4.8690995754441246e-05,0.0
22,8,OMP,optimized,OMP (optimized),128,256,0.5,gaussian,gaussian,clean,0.0,1.3155376123071641e-20,1.146968880269715e-10,1.0,1.0,1,0.0002518089968361892,8,8.0,3.7964353419092567e-10,target_sparsity_reached,0,0,9.809599941945635e-05,1.0,True,,0,0,1.319972069714741,0.0,0.0,0.0,0.0,0.0,0.0,0.0,2000.0,1024.0,0.0,256.0,512.0,64.0,64.0,72.0,0.0,0.0,0.0,8.0,0.0,2.690999463084154e-05,1.123300171457231e-05,9.809599941945635e-05,3.1866005883784965e-05,4.8541991418460384e-05
22,8,gOMP,baseline,gOMP (baseline),128,256,0.5,gaussian,gaussian,clean,0.0,9.127380888751421e-05,0.009553732720121189,0.875,0.875,0,0.00036297599945100956,3,8.0,0.032523897585527504,target_sparsity_reached,1,1,0.0001581169963174034,3.0,False,,0,0,1.5549232883044617,0.0,0.0,0.0,0.0,0.0,0.0,0.0,3520.0,1024.0,2048.0,256.0,0.0,0.0,136.0,32.0,0.0,0.0,0.0,24.0,0.0,1.4623998140450567e-05,4.141500176046975e-05,0.0001581169963174034,2.8979004127904773e-05,0.0
22,8,gOMP,optimized,gOMP (optimized),128,256,0.5,gaussian,gaussian,clean,0.0,9.127380876244256e-05,0.009553732713575494,0.875,0.875,0,0.00012665499889408238,3,8.0,0.03252389758552747,target_sparsity_reached,1,1,4.198499664198607e-05,3.0,True,,0,0,1.5549232883044617,0.0,0.0,0.0,0.0,0.0,0.0,0.0,1384.0,1024.0,0.0,256.0,0.0,0.0,64.0,32.0,0.0,0.0,0.0,8.0,0.0,1.2299002264626324e-05,2.7095997211290523e-05,4.198499664198607e-05,1.3642998965224251e-05,0.0
22,8,Improved-gOMP,baseline,Improved-gOMP (baseline),128,256,0.5,gaussian,gaussian,clean,0.0,1.0501724351710851e-30,1.024779212889823e-15,1.0,1.0,1,0.0012886600015917793,3,8.0,3.868251317865839e-15,residual_tol,0,0,7.501899744966067e-05,17.666666666666668,False,,0,0,1.3199720697147408,1.0,1.0,1.0,1.0,1.0,1.0,0.0,3344.0,1024.0,2048.0,0.0,0.0,0.0,144.0,32.0,24.0,24.0,24.0,24.0,0.0,1.328200232819654e-05,0.0007603199992445298,5.489899558597244e-05,1.8408998585073277e-05,0.0002936749988293741
22,8,Improved-gOMP,optimized,Improved-gOMP (optimized),128,256,0.5,gaussian,gaussian,clean,0.0,9.127380876244249e-05,0.00955373271357549,0.875,0.875,0,0.00045838000005460344,3,8.0,0.03252389758552753,target_sparsity_reached,1,1,5.2870997024001554e-05,0.0,True,,0,0,1.5549232883044617,0.0,0.0,0.0,0.0,1.0,0.0,1.0,3776.0,1024.0,2048.0,0.0,512.0,64.0,64.0,32.0,24.0,0.0,0.0,8.0,0.0,1.237600008607842e-05,0.00025147800624836236,0.00010735000250861049,1.8549999367678538e-05,1.420994522050023e-06
23,8,OMP,baseline,OMP (baseline),128,256,0.5,gaussian,gaussian,clean,0.0,4.450797096314918e-31,6.671429454258598e-16,1.0,1.0,1,0.00045198199950391427,8,8.0,2.534570508599632e-15,target_sparsity_reached,0,0,0.0001455409947084263,1.0,False,,0,0,1.5033512757899563,0.0,0.0,0.0,0.0,0.0,0.0,0.0,3496.0,1024.0,2048.0,0.0,0.0,0.0,288.0,72.0,0.0,0.0,0.0,64.0,0.0,4.1809002141235396e-05,5.657000292558223e-05,0.0001455409947084263,6.0405996919143945e-05,0.0
23,8,OMP,optimized,OMP (optimized),128,256,0.5,gaussian,gaussian,clean,0.0,8.85183866074999e-21,9.408421047524389e-11,1.0,1.0,1,0.0002503689975128509,8,8.0,3.6050901020256755e-10,target_sparsity_reached,0,0,8.918899402488023e-05,1.0,True,,0,0,1.5033512757899563,0.0,0.0,0.0,0.0,0.0,0.0,0.0,2000.0,1024.0,0.0,256.0,512.0,64.0,64.0,72.0,0.0,0.0,0.0,8.0,0.0,3.263999315095134e-05,1.1368003470124677e-05,8.918899402488023e-05,3.141600245726295e-05,4.865000300924294e-05
23,8,gOMP,baseline,gOMP (baseline),128,256,0.5,gaussian,gaussian,clean,0.0,0.00039368638148502345,0.01984153173232912,0.875,0.875,0,0.00020915799905196764,3,8.0,0.07190522749317173,target_sparsity_reached,1,1,7.734100290690549e-05,3.0,False,,0,0,1.5532084448737231,0.0,0.0,0.0,0.0,0.0,0.0,0.0,3520.0,1024.0,2048.0,256.0,0.0,0.0,136.0,32.0,0.0,0.0,0.0,24.0,0.0,1.4219000149751082e-05,3.3188996894750744e-05,7.734100290690549e-05,2.2657000954495743e-05,0.0
23,8,gOMP,optimized,gOMP (optimized),128,256,0.5,gaussian,gaussian,clean,0.0,0.00039368638151967026,0.01984153173320221,0.875,0.875,0,0.0001100349982152693,3,8.0,0.07190522749317176,target_sparsity_reached,1,1,3.5073000617558137e-05,3.0,True,,0,0,1.5532084448737231,0.0,0.0,0.0,0.0,0.0,0.0,0.0,1384.0,1024.0,0.0,256.0,0.0,0.0,64.0,32.0,0.0,0.0,0.0,8.0,0.0,1.3215998478699476e-05,2.301499989698641e-05,3.5073000617558137e-05,1.16259980131872e-05,0.0
23,8,Improved-gOMP,baseline,Improved-gOMP (baseline),128,256,0.5,gaussian,gaussian,clean,0.0,0.0003936220017887811,0.019839909319066484,0.875,0.875,0,0.0011256559992034454,3,8.0,0.07191485088207752,target_sparsity_reached,1,1,6.844700328656472e-05,16.666666666666668,False,,0,0,1.5222336488178445,1.0,1.0,1.0,1.0,1.0,1.0,0.0,3344.0,1024.0,2048.0,0.0,0.0,0.0,144.0,32.0,24.0,24.0,24.0,24.0,0.0,1.399200118612498e-05,0.0006691580019833054,5.073099964647554e-05,1.7712001863401383e-05,0.00024759599909884855
23,8,Improved-gOMP,optimized,Improved-gOMP (optimized),128,256,0.5,gaussian,gaussian,clean,0.0,0.0003936863815196723,0.019841531733202262,0.875,0.875,0,0.0005108280020067468,3,8.0,0.07190522749317174,target_sparsity_reached,1,1,5.3416999435285106e-05,0.0,True,,0,0,1.5532084448737231,0.0,0.0,0.0,0.0,1.0,0.0,1.0,3776.0,1024.0,2048.0,0.0,512.0,64.0,64.0,32.0,24.0,0.0,0.0,8.0,0.0,1.5665002138121054e-05,0.00026782499844557606,0.00010928500341833569,2.219300586148165e-05,1.5099976735655218e-06
24,8,OMP,baseline,OMP (baseline),128,256,0.5,gaussian,gaussian,clean,0.0,8.22504844363926e-31,9.069205281412071e-16,1.0,1.0,1,0.00036081400321563706,8,8.0,1.9860159584258097e-15,target_sparsity_reached,0,0,0.00012626999887288548,1.0,False,,0,0,1.4450918646032451,0.0,0.0,0.0,0.0,0.0,0.0,0.0,3496.0,1024.0,2048.0,0.0,0.0,0.0,288.0,72.0,0.0,0.0,0.0,64.0,0.0,3.0108993087196723e-05,4.5560005673905835e-05,0.00012626999887288548,3.9388000004692e-05,0.0
24,8,OMP,optimized,OMP (optimized),128,256,0.5,gaussian,gaussian,clean,0.0,1.2827934473350511e-20,1.1326047180437891e-10,1.0,1.0,1,0.00025822700263233855,8,8.0,2.459943482815822e-10,target_sparsity_reached,0,0,9.148499884759076e-05,1.0,True,,0,0,1.4450918646032451,0.0,0.0,0.0,0.0,0.0,0.0,0.0,2000.0,1024.0,0.0,256.0,512.0,64.0,64.0,72.0,0.0,0.0,0.0,8.0,0.0,2.782099909381941e-05,1.1241998436162248e-05,9.148499884759076e-05,3.344800279592164e-05,5.6045995734166354e-05
24,8,gOMP,baseline,gOMP (baseline),128,256,0.5,gaussian,gaussian,clean,0.0,6.951616047959245e-05,0.008337635185086503,0.875,0.875,0,0.00018436000027577393,3,8.0,0.018609529744465378,target_sparsity_reached,1,1,5.987099575577304e-05,3.0,False,,0,0,1.4902559723372975,0.0,0.0,0.0,0.0,0.0,0.0,0.0,3520.0,1024.0,2048.0,256.0,0.0,0.0,136.0,32.0,0.0,0.0,0.0,24.0,0.0,1.1950996849918738e-05,2.9096998332533985e-05,5.987099575577304e-05,1.6562997188884765e-05,0.0
24,8,gOMP,optimized,gOMP (optimized),128,256,0.5,gaussian,gaussian,clean,0.0,6.951616065221452e-05,0.008337635195438483,0.875,0.875,0,0.0001447869981348049,3,8.0,0.018609529744465336,target_sparsity_reached,1,1,5.108299956191331e-05,3.0,True,,0,0,1.4902559723372975,0.0,0.0,0.0,0.0,0.0,0.0,0.0,1384.0,1024.0,0.0,256.0,0.0,0.0,64.0,32.0,0.0,0.0,0.0,8.0,0.0,1.2522003089543432e-05,3.299299714853987e-05,5.108299956191331e-05,1.5755991626065224e-05,0.0
24,8,Improved-gOMP,baseline,Improved-gOMP (baseline),128,256,0.5,gaussian,gaussian,clean,0.0,8.22504844363926e-31,9.069205281412071e-16,1.0,1.0,1,0.0008607269992353395,3,8.0,1.9860159584258097e-15,residual_tol,0,0,6.984600622672588e-05,18.333333333333332,False,,0,0,1.4450918646032451,1.0,1.0,1.0,1.0,1.0,1.0,0.0,3328.0,1024.0,2048.0,0.0,0.0,0.0,128.0,32.0,24.0,24.0,24.0,24.0,0.0,1.1914999049622566e-05,0.000556617000256665,4.982699829270132e-05,1.565500133438036e-05,0.0001056300025084056
24,8,Improved-gOMP,optimized,Improved-gOMP (optimized),128,256,0.5,gaussian,gaussian,clean,0.0,1.2827934473350511e-20,1.1326047180437891e-10,1.0,1.0,1,0.0005403780014603399,3,8.0,2.459943482815822e-10,residual_tol,0,0,6.425899482565e-05,0.0,True,,0,0,1.4450918646032451,1.0,1.0,0.0,0.0,1.0,0.0,1.0,3776.0,1024.0,2048.0,0.0,512.0,64.0,64.0,32.0,24.0,0.0,0.0,8.0,0.0,1.1813001037808135e-05,0.0002383680002822075,9.873100134427659e-05,1.773799885995686e-05,9.735499770613387e-05
25,8,OMP,baseline,OMP (baseline),128,256,0.5,gaussian,gaussian,clean,0.0,4.68241891266728e-31,6.842820261169571e-16,1.0,1.0,1,0.00038572099947487004,8,8.0,2.141115435015124e-15,target_sparsity_reached,0,0,0.00013716800458496436,1.0,False,,0,0,1.4167215956415096,0.0,0.0,0.0,0.0,0.0,0.0,0.0,3496.0,1024.0,2048.0,0.0,0.0,0.0,288.0,72.0,0.0,0.0,0.0,64.0,0.0,3.396400643396191e-05,4.601000182447024e-05,0.00013716800458496436,4.686400279751979e-05,0.0
25,8,OMP,optimized,OMP (optimized),128,256,0.5,gaussian,gaussian,clean,0.0,1.1257313852028575e-20,1.0610048940522648e-10,1.0,1.0,1,0.0002482130003045313,8,8.0,3.208584888964393e-10,target_sparsity_reached,0,0,9.253799726138823e-05,1.0,True,,0,0,1.4167215956415096,0.0,0.0,0.0,0.0,0.0,0.0,0.0,2000.0,1024.0,0.0,256.0,512.0,64.0,64.0,72.0,0.0,0.0,0.0,8.0,0.0,3.165399539284408e-05,1.0617990483297035e-05,9.253799726138823e-05,3.098099841736257e-05,4.7313005779869854e-05
25,8,gOMP,baseline,gOMP (baseline),128,256,0.5,gaussian,gaussian,clean,0.0,0.0010921438032508116,0.033047599054255236,0.875,0.875,0,0.00017197700071847066,3,8.0,0.09808524379573155,target_sparsity_reached,1,1,5.8050001825904474e-05,3.0,False,,0,0,1.4972291923469148,0.0,0.0,0.0,0.0,0.0,0.0,0.0,3520.0,1024.0,2048.0,256.0,0.0,0.0,136.0,32.0,0.0,0.0,0.0,24.0,0.0,1.3213000784162432e-05,2.8238002414582297e-05,5.8050001825904474e-05,1.732700184220448e-05,0.0
25,8,gOMP,optimized,gOMP (optimized),128,256,0.5,gaussian,gaussian,clean,0.0,0.001092143802849343,0.033047599048181144,0.875,0.875,0,0.00010927800030913204,3,8.0,0.09808524379573147,target_sparsity_reached,1,1,3.5472003219183534e-05,3.0,True,,0,0,1.4972291923469148,0.0,0.0,0.0,0.0,0.0,0.0,0.0,1384.0,1024.0,0.0,256.0,0.0,0.0,64.0,32.0,0.0,0.0,0.0,8.0,0.0,1.2222000805195421e-05,2.2767999325878918e-05,3.5472003219183534e-05,1.19440010166727e-05,0.0
25,8,Improved-gOMP,baseline,Improved-gOMP (baseline),128,256,0.5,gaussian,gaussian,clean,0.0,4.68241891266728e-31,6.842820261169571e-16,1.0,1.0,1,0.001260611999896355,3,8.0,2.141115435015124e-15,residual_tol,0,0,7.510400246246718e-05,18.0,False,,0,0,1.4167215956415096,1.0,1.0,1.0,1.0,1.0,1.0,0.0,3344.0,1024.0,2048.0,0.0,0.0,0.0,144.0,32.0,24.0,24.0,24.0,24.0,0.0,1.5255005564540625e-05,0.0007404320022033062,5.8044995967065915e-05,1.962599708349444e-05,0.000270417000137968
25,8,Improved-gOMP,optimized,Improved-gOMP (optimized),128,256,0.5,gaussian,gaussian,clean,0.0,0.0010921438028493413,0.033047599048181116,0.875,0.875,0,0.000483596002595732,3,8.0,0.09808524379573154,target_sparsity_reached,1,1,5.291799607221037e-05,0.0,True,,0,0,1.4972291923469148,0.0,0.0,0.0,0.0,1.0,0.0,1.0,3776.0,1024.0,2048.0,0.0,512.0,64.0,64.0,32.0,24.0,0.0,0.0,8.0,0.0,1.4736997400177643e-05,0.00026119900212506764,0.00010993100295308977,2.0953997591277584e-05,1.4980032574385405e-06
26,8,OMP,baseline,OMP (baseline),128,256,0.5,gaussian,gaussian,clean,0.0,3.984889970653584e-31,6.312598490838446e-16,1.0,1.0,1,0.0003883700010192115,8,8.0,1.176914956997021e-15,target_sparsity_reached,0,0,0.00014296699737315066,1.0,False,,0,0,1.4134161060351202,0.0,0.0,0.0,0.0,0.0,0.0,0.0,3496.0,1024.0,2048.0,0.0,0.0,0.0,288.0,72.0,0.0,0.0,0.0,64.0,0.0,2.8755999665008858e-05,4.602500484907068e-05,0.00014296699737315066,4.391099719214253e-05,0.0
26,8,OMP,optimized,OMP (optimized),128,256,0.5,gaussian,gaussian,clean,0.0,1.325591602350131e-20,1.1513433902837723e-10,1.0,1.0,1,0.0002891250005632173,8,8.0,1.9448574587701288e-10,target_sparsity_reached,0,0,8.841700400807895e-05,1.0,True,,0,0,1.4134161060351202,0.0,0.0,0.0,0.0,0.0,0.0,0.0,2000.0,1024.0,0.0,256.0,512.0,64.0,64.0,72.0,0.0,0.0,0.0,8.0,0.0,2.623799809953198e-05,1.0826006473507732e-05,8.841700400807895e-05,3.175400706822984e-05,4.824599818675779e-05
26,8,gOMP,baseline,gOMP (baseline),128,256,0.5,gaussian,gaussian,clean,0.0,0.0021134313578156103,0.04597207149798244,0.875,0.875,0,0.00016107199917314574,3,8.0,0.08072178538977287,target_sparsity_reached,1,1,5.333499939297326e-05,3.0,False,,0,0,1.5152218253740248,0.0,0.0,0.0,0.0,0.0,0.0,0.0,3520.0,1024.0,2048.0,256.0,0.0,0.0,136.0,32.0,0.0,0.0,0.0,24.0,0.0,1.1037995136575773e-05,2.8195001505082473e-05,5.333499939297326e-05,1.5085999621078372e-05,0.0
26,8,gOMP,optimized,gOMP (optimized),128,256,0.5,gaussian,gaussian,clean,0.0,0.00211343135790531,0.04597207149895804,0.875,0.875,0,0.00012717899880954064,3,8.0,0.08072178538977284,target_sparsity_reached,1,1,3.9948001358425245e-05,3.0,True,,0,0,1.5152218253740248,0.0,0.0,0.0,0.0,0.0,0.0,0.0,1384.0,1024.0,0.0,256.0,0.0,0.0,64.0,32.0,0.0,0.0,0.0,8.0,0.0,1.1467000149423257e-05,2.6460002118255943e-05,3.9948001358425245e-05,1.2917000276502222e-05,0.0
26,8,Improved-gOMP,baseline,Improved-gOMP (baseline),128,256,0.5,gaussian,gaussian,clean,0.0,0.0021105526890995295,0.04594075194312267,0.875,0.875,0,0.0012628699987544678,3,8.0,0.08081139345548054,target_sparsity_reached,1,1,7.744400500087067e-05,18.333333333333332,False,,0,0,1.5243600722238835,1.0,1.0,1.0,1.0,1.0,1.0,0.0,3344.0,1024.0,2048.0,0.0,0.0,0.0,144.0,32.0,24.0,24.0,24.0,24.0,0.0,1.3117001799400896e-05,0.0007530189977842383,5.6424003560096025e-05,1.6387995856348425e-05,0.00028055299844709225
26,8,Improved-gOMP,optimized,Improved-gOMP (optimized),128,256,0.5,gaussian,gaussian,clean,0.0,0.0021134313579053063,0.045972071498957996,0.875,0.875,0,0.0005224999986239709,3,8.0,0.08072178538977283,target_sparsity_reached,1,1,5.947599856881425e-05,0.0,True,,0,0,1.5152218253740248,0.0,0.0,0.0,0.0,1.0,0.0,1.0,3776.0,1024.0,2048.0,0.0,512.0,64.0,64.0,32.0,24.0,0.0,0.0,8.0,0.0,1.3757999113295227e-05,0.00027167800362803973,0.00011862000246765092,2.9129998438293114e-05,1.495998731115833e-06
27,8,OMP,baseline,OMP (baseline),128,256,0.5,gaussian,gaussian,clean,0.0,5.483007979638415e-31,7.404733607388193e-16,1.0,1.0,1,0.0003891519991157111,8,8.0,1.6304711999529934e-15,target_sparsity_reached,0,0,0.0001313010034209583,1.0,False,,0,0,1.3848110102374973,0.0,0.0,0.0,0.0,0.0,0.0,0.0,3496.0,1024.0,2048.0,0.0,0.0,0.0,288.0,72.0,0.0,0.0,0.0,64.0,0.0,3.693899998324923e-05,4.719300341093913e-05,0.0001313010034209583,4.8803001845953986e-05,0.0
27,8,OMP,optimized,OMP (optimized),128,256,0.5,gaussian,gaussian,clean,0.0,1.2044743508397335e-20,1.0974854672567349e-10,1.0,1.0,1,0.0002868810006475542,8,8.0,2.2996477107261402e-10,target_sparsity_reached,0,0,9.556899385643192e-05,1.0,True,,0,0,1.3848110102374973,0.0,0.0,0.0,0.0,0.0,0.0,0.0,2000.0,1024.0,0.0,256.0,512.0,64.0,64.0,72.0,0.0,0.0,0.0,8.0,0.0,3.5656998079502955e-05,1.2790002074325457e-05,9.556899385643192e-05,4.8608999350108206e-05,5.421899913926609e-05
27,8,gOMP,baseline,gOMP (baseline),128,256,0.5,gaussian,gaussian,clean,0.0,5.483007979638415e-31,7.404733607388193e-16,1.0,1.0,1,0.00017189999925903976,3,8.0,1.6304711999529934e-15,target_sparsity_reached,0,0,5.669800520990975e-05,3.0,False,,0,0,1.3848110102374973,0.0,0.0,0.0,0.0,0.0,0.0,0.0,3520.0,1024.0,2048.0,256.0,0.0,0.0,136.0,32.0,0.0,0.0,0.0,24.0,0.0,1.3581000530393794e-05,2.8598002245416865e-05,5.669800520990975e-05,1.7773003492038697e-05,0.0
27,8,gOMP,optimized,gOMP (optimized),128,256,0.5,gaussian,gaussian,clean,0.0,1.2044772574949085e-20,1.0974867914899516e-10,1.0,1.0,1,0.00012871299986727536,3,8.0,2.2996508073436217e-10,target_sparsity_reached,0,0,3.891400046995841e-05,3.0,True,,0,0,1.3848110102374973,0.0,0.0,0.0,0.0,0.0,0.0,0.0,1384.0,1024.0,0.0,256.0,0.0,0.0,64.0,32.0,0.0,0.0,0.0,8.0,0.0,1.3958997442387044e-05,2.7048998163081706e-05,3.891400046995841e-05,1.2803000572603196e-05,0.0
27,8,Improved-gOMP,baseline,Improved-gOMP (baseline),128,256,0.5,gaussian,gaussian,clean,0.0,5.483007979638415e-31,7.404733607388193e-16,1.0,1.0,1,0.001198614998429548,3,8.0,1.6304711999529934e-15,residual_tol,0,0,7.154099876061082e-05,17.666666666666668,False,,0,0,1.4311800557715724,1.0,1.0,1.0,1.0,1.0,1.0,0.0,3344.0,1024.0,2048.0,0.0,0.0,0.0,144.0,32.0,24.0,24.0,24.0,24.0,0.0,1.479500497225672e-05,0.0007159020024118945,5.3329000365920365e-05,1.8776001525111496e-05,0.00026247900314047
27,8,Improved-gOMP,optimized,Improved-gOMP (optimized),128,256,0.5,gaussian,gaussian,clean,0.0,1.2044743508397335e-20,1.0974854672567349e-10,1.0,1.0,1,0.0004819329988094978,3,8.0,2.2996477107261402e-10,residual_tol,0,0,5.0789996748790145e-05,0.0,True,,0,0,1.3848110102374973,0.0,0.0,0.0,0.0,1.0,0.0,1.0,3776.0,1024.0,2048.0,0.0,512.0,64.0,64.0,32.0,24.0,0.0,0.0,8.0,0.0,1.3689001207239926e-05,0.00027061700166086666,0.00010549100261414424,2.0763000065926462e-05,1.4639990695286542e-06
28,8,OMP,baseline,OMP (baseline),128,256,0.5,gaussian,gaussian,clean,0.0,2.1101056521912852e-30,1.45262027116218e-15,1.0,1.0,1,0.0003907370009983424,8,8.0,4.774161343982444e-15,target_sparsity_reached,0,0,0.0001365060052194167,1.0,False,,0,0,1.563455560977034,0.0,0.0,0.0,0.0,0.0,0.0,0.0,3496.0,1024.0,2048.0,0.0,0.0,0.0,288.0,72.0,0.0,0.0,0.0,64.0,0.0,3.120600013062358e-05,4.959199941367842e-05,0.0001365060052194167,4.3882999307243153e-05,0.0
28,8,OMP,optimized,OMP (optimized),128,256,0.5,gaussian,gaussian,clean,0.0,9.23052685054518e-21,9.607563088809347e-11,1.0,1.0,1,0.00047858900143182836,8,8.0,2.641622540419492e-10,target_sparsity_reached,0,0,0.00012459700155886821,1.0,True,,0,0,1.563455560977034,0.0,0.0,0.0,0.0,0.0,0.0,0.0,2000.0,1024.0,0.0,256.0,512.0,64.0,64.0,72.0,0.0,0.0,0.0,8.0,0.0,3.424700116738677e-05,2.592599776107818e-05,0.00012459700155886821,4.387100489111617e-05,9.339100142824464e-05
28,8,gOMP,baseline,gOMP (baseline),128,256,0.5,gaussian,gaussian,clean,0.0,2.5307776680807166e-05,0.005030683520239289,0.875,0.875,0,0.0002482429990777746,3,8.0,0.013610571920135239,target_sparsity_reached,1,1,8.374499884666875e-05,3.0,False,,0,0,1.7470129737065292,0.0,0.0,0.0,0.0,0.0,0.0,0.0,3520.0,1024.0,2048.0,256.0,0.0,0.0,136.0,32.0,0.0,0.0,0.0,24.0,0.0,1.3331999070942402e-05,4.058299964526668e-05,8.374499884666875e-05,2.3384996893582866e-05,0.0
28,8,gOMP,optimized,gOMP (optimized),128,256,0.5,gaussian,gaussian,clean,0.0,2.5307776583032452e-05,0.0050306835105214534,0.875,0.875,0,0.0001663510010985192,3,8.0,0.013610571920135293,target_sparsity_reached,1,1,5.4618001740891486e-05,3.0,True,,0,0,1.7470129737065292,0.0,0.0,0.0,0.0,0.0,0.0,0.0,1384.0,1024.0,0.0,256.0,0.0,0.0,64.0,32.0,0.0,0.0,0.0,8.0,0.0,1.4835004549240693e-05,3.864999962388538e-05,5.4618001740891486e-05,1.710100332275033e-05,0.0
28,8,Improved-gOMP,baseline,Improved-gOMP (baseline),128,256,0.5,gaussian,gaussian,clean,0.0,1.62346352849179e-30,1.2741520821675056e-15,1.0,1.0,1,0.0011462769980425946,3,8.0,4.258788529812463e-15,residual_tol,0,0,8.456499926978722e-05,18.666666666666668,False,,0,0,1.5634555609770344,1.0,1.0,1.0,1.0,1.0,1.0,0.0,3328.0,1024.0,2048.0,0.0,0.0,0.0,128.0,32.0,24.0,24.0,24.0,24.0,0.0,1.7090005712816492e-05,0.0007606569997733459,6.594399746973068e-05,2.509700061636977e-05,0.00011199599975952879
28,8,Improved-gOMP,optimized,Improved-gOMP (optimized),128,256,0.5,gaussian,gaussian,clean,0.0,9.230535716569901e-21,9.607567702894371e-11,1.0,1.0,1,0.000553415000467794,3,8.0,2.6416227564578424e-10,residual_tol,0,0,6.618400220759213e-05,0.0,True,,0,0,1.5634555609770344,1.0,1.0,0.0,0.0,1.0,0.0,1.0,3776.0,1024.0,2048.0,0.0,512.0,64.0,64.0,32.0,24.0,0.0,0.0,8.0,0.0,1.2026001058984548e-05,0.00024405499789281748,0.0001025950004986953,1.8758000805974007e-05,9.439699715585448e-05
29,8,OMP,baseline,OMP (baseline),128,256,0.5,gaussian,gaussian,clean,0.0,3.250352751478234e-30,1.8028734707344924e-15,1.0,1.0,1,0.0004990300003555603,8,8.0,6.1163968530651225e-15,target_sparsity_reached,0,0,0.0001684050112089608,1.0,False,,0,0,1.4548543833834044,0.0,0.0,0.0,0.0,0.0,0.0,0.0,3496.0,1024.0,2048.0,0.0,0.0,0.0,288.0,72.0,0.0,0.0,0.0,64.0,0.0,4.529500438366085e-05,6.103199120843783e-05,0.0001684050112089608,5.7008001022040844e-05,0.0
29,8,OMP,optimized,OMP (optimized),128,256,0.5,gaussian,gaussian,clean,0.0,9.307478591076612e-21,9.647527450635533e-11,1.0,1.0,1,0.0002543900009186473,8,8.0,3.2939763846999075e-10,target_sparsity_reached,0,0,9.066200072993524e-05,1.0,True,,0,0,1.4548543833834044,0.0,0.0,0.0,0.0,0.0,0.0,0.0,2000.0,1024.0,0.0,256.0,512.0,64.0,64.0,72.0,0.0,0.0,0.0,8.0,0.0,3.3612999686738476e-05,1.156999496743083e-05,9.066200072993524e-05,3.2542004191782326e-05,4.858600368606858e-05
29,8,gOMP,baseline,gOMP (baseline),128,256,0.5,gaussian,gaussian,clean,0.0,2.6868555605865087e-30,1.6391630671127595e-15,1.0,1.0,1,0.0002055730001302436,3,8.0,5.700309788668142e-15,target_sparsity_reached,0,0,6.7632005084306e-05,3.0,False,,0,0,1.454854383383405,0.0,0.0,0.0,0.0,0.0,0.0,0.0,3520.0,1024.0,2048.0,256.0,0.0,0.0,136.0,32.0,0.0,0.0,0.0,24.0,0.0,1.5235000319080427e-05,3.3158998121507466e-05,6.7632005084306e-05,2.0248004148015752e-05,0.0
29,8,gOMP,optimized,gOMP (optimized),128,256,0.5,gaussian,gaussian,clean,0.0,9.307436225006537e-21,9.647505493653028e-11,1.0,1.0,1,0.00011284100037300959,3,8.0,3.2939692528761217e-10,target_sparsity_reached,0,0,3.62049977411516e-05,3.0,True,,0,0,1.454854383383405,0.0,0.0,0.0,0.0,0.0,0.0,0.0,1384.0,1024.0,0.0,256.0,0.0,0.0,64.0,32.0,0.0,0.0,0.0,8.0,0.0,1.2675998732447624e-05,2.441399556118995e-05,3.62049977411516e-05,1.1634001566562802e-05,0.0
29,8,Improved-gOMP,baseline,Improved-gOMP (baseline),128,256,0.5,gaussian,gaussian,clean,0.0,5.9613848335288024e-05,0.0077210004750218756,0.875,0.875,0,0.0008891659999790136,3,8.0,0.025577962930288353,target_sparsity_reached,1,1,6.942999971215613e-05,18.333333333333332,False,,0,0,1.603228636572504,1.0,1.0,1.0,1.0,1.0,1.0,0.0,3328.0,1024.0,2048.0,0.0,0.0,0.0,128.0,32.0,24.0,24.0,24.0,24.0,0.0,1.4684999769087881e-05,0.0005739009939134121,5.0468002882553264e-05,1.6963997040875256e-05,0.00010490600107004866
29,8,Improved-gOMP,optimized,Improved-gOMP (optimized),128,256,0.5,gaussian,gaussian,clean,0.0,9.307479890339467e-21,9.647528124001229e-11,1.0,1.0,1,0.0005831369999214076,3,8.0,3.2939762886109023e-10,residual_tol,0,0,6.696799755445682e-05,0.0,True,,0,0,1.454854383383405,1.0,1.0,0.0,0.0,1.0,0.0,1.0,3776.0,1024.0,2048.0,0.0,512.0,64.0,64.0,32.0,24.0,0.0,0.0,8.0,0.0,1.438599792891182e-05,0.00026659899958758615,0.00010306400508852676,2.3004999093245715e-05,9.71649969869759e-05
0,12,OMP,baseline,OMP (baseline),128,256,0.5,gaussian,gaussian,clean,0.0,3.0097826035502482e-30,1.7348725035431994e-15,1.0,1.0,1,0.0007418290006171446,12,12.0,4.478627688443951e-15,target_sparsity_reached,0,0,0.00027061899891123176,1.0,False,,0,0,1.7242959768190036,0.0,0.0,0.0,0.0,0.0,0.0,0.0,3896.0,1024.0,2048.0,0.0,0.0,0.0,624.0,104.0,0.0,0.0,0.0,96.0,0.0,6.1957001889823e-05,8.477599840261973e-05,0.00027061899891123176,8.804999743006192e-05,0.0
0,12,OMP,optimized,OMP (optimized),128,256,0.5,gaussian,gaussian,clean,0.0,1.390354789053375e-20,1.179133066728847e-10,1.0,1.0,1,0.0004648440008168109,12,12.0,2.3988409474434385e-10,target_sparsity_reached,0,0,0.0001771689931047149,1.0,True,,0,0,1.7242959768190036,0.0,0.0,0.0,0.0,0.0,0.0,0.0,2736.0,1024.0,0.0,256.0,1152.0,96.0,96.0,104.0,0.0,0.0,0.0,8.0,0.0,5.3554998885374516e-05,1.8355003703618422e-05,0.0001771689931047149,6.537399531225674e-05,9.000899808597751e-05
0,12,gOMP,baseline,gOMP (baseline),128,256,0.5,gaussian,gaussian,clean,0.0,0.002334079336366148,0.04831231040186495,0.9166666666666666,0.9166666666666666,0,0.0003073959996982012,4,12.0,0.10135486059220643,target_sparsity_reached,1,1,0.00010079000276164152,3.0,False,,0,0,1.782419602616329,0.0,0.0,0.0,0.0,0.0,0.0,0.0,3640.0,1024.0,2048.0,256.0,0.0,0.0,240.0,40.0,0.0,0.0,0.0,32.0,0.0,2.0330997358541936e-05,4.45160003437195e-05,0.00010079000276164152,2.6522997359279543e-05,0.0
0,12,gOMP,optimized,gOMP (optimized),128,256,0.5,gaussian,gaussian,clean,0.0,0.0023340793368086315,0.04831231040644436,0.9166666666666666,0.9166666666666666,0,0.0001575620008225087,4,12.0,0.1013548605922064,target_sparsity_reached,1,1,5.556300311582163e-05,3.0,True,,0,0,1.782419602616329,0.0,0.0,0.0,0.0,0.0,0.0,0.0,1424.0,1024.0,0.0,256.0,0.0,0.0,96.0,40.0,0.0,0.0,0.0,8.0,0.0,1.716399856377393e-05,3.2105002901516855e-05,5.556300311582163e-05,1.6909998521441594e-05,0.0
0,12,Improved-gOMP,baseline,Improved-gOMP (baseline),128,256,0.5,gaussian,gaussian,clean,0.0,1.862991499502248e-30,1.364914466002265e-15,1.0,1.0,1,0.0013306709988682996,4,12.0,3.621457854793446e-15,residual_tol,0,0,0.00010999300138792023,19.75,False,,0,0,1.7242959768190032,1.0,1.0,1.0,1.0,1.0,1.0,0.0,3480.0,1024.0,2048.0,0.0,0.0,0.0,240.0,40.0,32.0,32.0,32.0,32.0,0.0,1.9062998035224155e-05,0.0008835270018607844,8.30710050649941e-05,2.3466996935894713e-05,0.00012080600208719261
0,12,Improved-gOMP,optimized,Improved-gOMP (optimized),128,256,0.5,gaussian,gaussian,clean,0.0,1.3903608881582682e-20,1.1791356529925928e-10,1.0,1.0,1,0.0008142230035446119,4,12.0,2.398844519531171e-10,residual_tol,0,0,9.371900523547083e-05,0.0,True,,0,0,1.7242959768190032,1.0,1.0,0.0,0.0,1.0,0.0,1.0,4496.0,1024.0,2048.0,0.0,1152.0,96.0,96.0,40.0,32.0,0.0,0.0,8.0,0.0,3.008100247825496e-05,0.0003911669955414254,0.00015697699927841313,2.883100023609586e-05,0.00010418000238132663
1,12,OMP,baseline,OMP (baseline),128,256,0.5,gaussian,gaussian,clean,0.0,3.189690797794865e-30,1.7859705478520256e-15,1.0,1.0,1,0.0006316860017250292,12,12.0,9.033419222913768e-15,target_sparsity_reached,0,0,0.00022497599638882093,1.0,False,,0,0,1.6725537598841271,0.0,0.0,0.0,0.0,0.0,0.0,0.0,3896.0,1024.0,2048.0,0.0,0.0,0.0,624.0,104.0,0.0,0.0,0.0,96.0,0.0,4.7442998038604856e-05,6.69619876134675e-05,0.00022497599638882093,8.03179937065579e-05,0.0
1,12,OMP,optimized,OMP (optimized),128,256,0.5,gaussian,gaussian,clean,0.0,1.166395848783135e-20,1.0799980781386303e-10,1.0,1.0,1,0.0003600230011215899,12,12.0,4.5419498964197577e-10,target_sparsity_reached,0,0,0.00013708200640394352,1.0,True,,0,0,1.6725537598841271,0.0,0.0,0.0,0.0,0.0,0.0,0.0,2736.0,1024.0,0.0,256.0,1152.0,96.0,96.0,104.0,0.0,0.0,0.0,8.0,0.0,3.911100066034123e-05,1.4929002645658329e-05,0.00013708200640394352,4.8807007260620594e-05,7.288499182322994e-05
1,12,gOMP,baseline,gOMP (baseline),128,256,0.5,gaussian,gaussian,clean,0.0,0.000626096302927653,0.02502191645193575,0.9166666666666666,0.9166666666666666,0,0.0002446170001348946,4,12.0,0.10470471934104725,target_sparsity_reached,1,1,8.954300210461952e-05,3.0,False,,0,0,1.7161177699626065,0.0,0.0,0.0,0.0,0.0,0.0,0.0,3640.0,1024.0,2048.0,256.0,0.0,0.0,240.0,40.0,0.0,0.0,0.0,32.0,0.0,1.511798836872913e-05,3.755799480131827e-05,8.954300210461952e-05,2.0987998141208664e-05,0.0
1,12,gOMP,optimized,gOMP (optimized),128,256,0.5,gaussian,gaussian,clean,0.0,0.0006260963031616949,0.02502191645661249,0.9166666666666666,0.9166666666666666,0,0.0001382730006298516,4,12.0,0.10470471934104719,target_sparsity_reached,1,1,4.5529995986726135e-05,3.0,True,,0,0,1.7161177699626065,0.0,0.0,0.0,0.0,0.0,0.0,0.0,1424.0,1024.0,0.0,256.0,0.0,0.0,96.0,40.0,0.0,0.0,0.0,8.0,0.0,1.399000029778108e-05,2.9040998924756423e-05,4.5529995986726135e-05,1.570200765854679e-05,0.0
1,12,Improved-gOMP,baseline,Improved-gOMP (baseline),128,256,0.5,gaussian,gaussian,clean,0.0,3.493856548761305e-30,1.8691860658482627e-15,1.0,1.0,1,0.0031012699982966296,5,12.0,9.099919545981572e-15,residual_tol,0,0,0.00021023000226705335,17.0,False,,0,0,1.6725537598841265,1.0,1.0,1.0,1.0,1.0,1.0,0.0,3600.0,1024.0,2048.0,0.0,0.0,0.0,320.0,48.0,40.0,40.0,40.0,40.0,0.0,3.4197008062619716e-05,0.00213886200072011,0.00018585800353321247,5.759199848398566e-05,0.00033900899506988935
1,12,Improved-gOMP,optimized,Improved-gOMP (optimized),128,256,0.5,gaussian,gaussian,clean,0.0,1.166397487720544e-20,1.079998836907033e-10,1.0,1.0,1,0.0010607989970594645,5,12.0,4.5419527106617616e-10,residual_tol,0,0,0.00010938099876511842,0.0,True,,0,0,1.6725537598841265,1.0,1.0,0.0,0.0,1.0,0.0,1.0,4512.0,1024.0,2048.0,0.0,1152.0,96.0,96.0,48.0,40.0,0.0,0.0,8.0,0.0,2.006099748541601e-05,0.0004432360037753824,0.00017923999985214323,3.082200782955624e-05,0.00027302400121698156
2,12,OMP,baseline,OMP (baseline),128,256,0.5,gaussian,gaussian,clean,0.0,7.485655064761607e-31,8.651968021647796e-16,1.0,1.0,1,0.0006662390005658381,12,12.0,3.8386200807426384e-15,target_sparsity_reached,0,0,0.00022347499907482415,1.0,False,,0,0,1.6224601528677405,0.0,0.0,0.0,0.0,0.0,0.0,0.0,3896.0,1024.0,2048.0,0.0,0.0,0.0,624.0,104.0,0.0,0.0,0.0,96.0,0.0,5.852399772265926e-05,7.0369009335991e-05,0.00022347499907482415,8.639099542051554e-05,0.0
2,12,OMP,optimized,OMP (optimized),128,256,0.5,gaussian,gaussian,clean,0.0,1.6084854037894053e-20,1.2682607790945067e-10,1.0,1.0,1,0.0004262649999873247,12,12.0,4.658454679515182e-10,target_sparsity_reached,0,0,0.0001613020031072665,1.0,True,,0,0,1.6224601528677405,0.0,0.0,0.0,0.0,0.0,0.0,0.0,2736.0,1024.0,0.0,256.0,1152.0,96.0,96.0,104.0,0.0,0.0,0.0,8.0,0.0,5.260800389805809e-05,1.7373004084220156e-05,0.0001613020031072665,5.938100366620347e-05,7.950100189191289e-05
2,12,gOMP,baseline,gOMP (baseline),128,256,0.5,gaussian,gaussian,clean,0.0,0.0007097578649177948,0.026641281217647826,0.9166666666666666,0.9166666666666666,0,0.00029168000037316233,4,12.0,0.10466019490319085,target_sparsity_reached,1,1,9.998599853133783e-05,3.0,False,,0,0,1.7470855757163886,0.0,0.0,0.0,0.0,0.0,0.0,0.0,3640.0,1024.0,2048.0,256.0,0.0,0.0,240.0,40.0,0.0,0.0,0.0,32.0,0.0,2.025700086960569e-05,4.625900328392163e-05,9.998599853133783e-05,2.7336995117366314e-05,0.0
2,12,gOMP,optimized,gOMP (optimized),128,256,0.5,gaussian,gaussian,clean,0.0,0.0007097578659237231,0.026641281236526954,0.9166666666666666,0.9166666666666666,0,0.00017489200035925023,4,12.0,0.10466019490319078,target_sparsity_reached,1,1,5.87860013183672e-05,3.0,True,,0,0,1.7470855757163886,0.0,0.0,0.0,0.0,0.0,0.0,0.0,1424.0,1024.0,0.0,256.0,0.0,0.0,96.0,40.0,0.0,0.0,0.0,8.0,0.0,2.2148004063637927e-05,3.4729004255495965e-05,5.87860013183672e-05,2.006700378842652e-05,0.0
2,12,Improved-gOMP,baseline,Improved-gOMP (baseline),128,256,0.5,gaussian,gaussian,clean,0.0,1.7518544203890582e-30,1.3235763749739033e-15,1.0,1.0,1,0.0021893930024816655,5,12.0,5.938009136506221e-15,residual_tol,0,0,0.00013427399971988052,16.4,False,,0,0,1.6224601528677403,1.0,1.0,1.0,1.0,1.0,1.0,0.0,3600.0,1024.0,2048.0,0.0,0.0,0.0,320.0,48.0,40.0,40.0,40.0,40.0,0.0,3.1773000955581665e-05,0.0013854779972461984,0.00011179900320712477,3.416199979255907e-05,0.00033598399386391975
2,12,Improved-gOMP,optimized,Improved-gOMP (optimized),128,256,0.5,gaussian,gaussian,clean,0.0,1.6084921827787876e-20,1.2682634516451177e-10,1.0,1.0,1,0.001080674999684561,5,12.0,4.658464095945656e-10,residual_tol,0,0,0.00010326799747417681,0.0,True,,0,0,1.6224601528677403,1.0,1.0,0.0,0.0,1.0,0.0,1.0,4512.0,1024.0,2048.0,0.0,1152.0,96.0,96.0,48.0,40.0,0.0,0.0,8.0,0.0,2.4505996407242492e-05,0.0004277950065443292,0.000168087994097732,3.6181001632940024e-05,0.00030898199838702567
3,12,OMP,baseline,OMP (baseline),128,256,0.5,gaussian,gaussian,clean,0.0,5.719078122363515e-31,7.562458675829915e-16,1.0,1.0,1,0.0006359260005410761,12,12.0,2.971590934807316e-15,target_sparsity_reached,0,0,0.00023749400133965537,1.0,False,,0,0,1.5619325178876164,0.0,0.0,0.0,0.0,0.0,0.0,0.0,3896.0,1024.0,2048.0,0.0,0.0,0.0,624.0,104.0,0.0,0.0,0.0,96.0,0.0,4.626100053428672e-05,7.094900502124801e-05,0.00023749400133965537,6.930900417501107e-05,0.0
3,12,OMP,optimized,OMP (optimized),128,256,0.5,gaussian,gaussian,clean,0.0,9.523536772730427e-21,9.758860985140851e-11,1.0,1.0,1,0.0003689260011014994,12,12.0,3.387537963038456e-10,target_sparsity_reached,0,0,0.00013874199794372544,1.0,True,,0,0,1.5619325178876164,0.0,0.0,0.0,0.0,0.0,0.0,0.0,2736.0,1024.0,0.0,256.0,1152.0,96.0,96.0,104.0,0.0,0.0,0.0,8.0,0.0,4.077299308846705e-05,1.5531000826740637e-05,0.00013874199794372544,4.9538008170202374e-05,7.454499427694827e-05
3,12,gOMP,baseline,gOMP (baseline),128,256,0.5,gaussian,gaussian,clean,0.0,8.12678443607237e-05,0.009014867961358263,0.9166666666666666,0.9166666666666666,0,0.00026397200053907,4,12.0,0.029016666486946945,target_sparsity_reached,1,1,9.594600487616844e-05,3.0,False,,0,0,1.896658385410108,0.0,0.0,0.0,0.0,0.0,0.0,0.0,3640.0,1024.0,2048.0,256.0,0.0,0.0,240.0,40.0,0.0,0.0,0.0,32.0,0.0,1.6226000298047438e-05,4.105500192963518e-05,9.594600487616844e-05,2.326999674551189e-05,0.0
3,12,gOMP,optimized,gOMP (optimized),128,256,0.5,gaussian,gaussian,clean,0.0,8.126784433655332e-05,0.00901486796001768,0.9166666666666666,0.9166666666666666,0,0.00014559700139216147,4,12.0,0.029016666486946924,target_sparsity_reached,1,1,4.824799907510169e-05,3.0,True,,0,0,1.896658385410108,0.0,0.0,0.0,0.0,0.0,0.0,0.0,1424.0,1024.0,0.0,256.0,0.0,0.0,96.0,40.0,0.0,0.0,0.0,8.0,0.0,1.4590004866477102e-05,3.0409995815716684e-05,4.824799907510169e-05,1.662700015003793e-05,0.0
3,12,Improved-gOMP,baseline,Improved-gOMP (baseline),128,256,0.5,gaussian,gaussian,clean,0.0,3.4086754629320177e-31,5.838386303536293e-16,1.0,1.0,1,0.002036476998910075,5,12.0,2.1047736710459225e-15,residual_tol,0,0,0.00012806000449927524,16.8,False,,0,0,1.5619325178876162,1.0,1.0,1.0,1.0,1.0,1.0,0.0,3600.0,1024.0,2048.0,0.0,0.0,0.0,320.0,48.0,40.0,40.0,40.0,40.0,0.0,2.252000558655709e-05,0.0013235560072644148,0.00010502599980100058,2.7793008484877646e-05,0.0003228920031688176
3,12,Improved-gOMP,optimized,Improved-gOMP (optimized),128,256,0.5,gaussian,gaussian,clean,0.0,9.523536909998186e-21,9.758861055470656e-11,1.0,1.0,1,0.0019448269995336886,5,12.0,3.387538547053079e-10,residual_tol,0,0,0.00015817600433365442,0.0,True,,0,0,1.5619325178876162,1.0,1.0,0.0,0.0,1.0,0.0,1.0,4512.0,1024.0,2048.0,0.0,1152.0,96.0,96.0,48.0,40.0,0.0,0.0,8.0,0.0,2.5070996343856677e-05,0.0010432149974803906,0.00023708200387773104,4.5104003220330924e-05,0.0004443569960130844
4,12,OMP,baseline,OMP (baseline),128,256,0.5,gaussian,gaussian,clean,0.0,1.4646953398446859e-30,1.2102459831970878e-15,1.0,1.0,1,0.0009734079976624344,12,12.0,4.494491435017514e-15,target_sparsity_reached,0,0,0.00039106199983507395,1.0,False,,0,0,1.548253620216068,0.0,0.0,0.0,0.0,0.0,0.0,0.0,3896.0,1024.0,2048.0,0.0,0.0,0.0,624.0,104.0,0.0,0.0,0.0,96.0,0.0,6.851600119262002e-05,8.761499702814035e-05,0.00039106199983507395,0.00012556199726532213,0.0
4,12,OMP,optimized,OMP (optimized),128,256,0.5,gaussian,gaussian,clean,0.0,8.35066769744025e-21,9.138198781729499e-11,1.0,1.0,1,0.00047567900037392974,12,12.0,3.091269692573862e-10,target_sparsity_reached,0,0,0.00018755100245471112,1.0,True,,0,0,1.548253620216068,0.0,0.0,0.0,0.0,0.0,0.0,0.0,2736.0,1024.0,0.0,256.0,1152.0,96.0,96.0,104.0,0.0,0.0,0.0,8.0,0.0,5.975200474495068e-05,1.9225000869482756e-05,0.00018755100245471112,6.069599839975126e-05,8.75389960128814e-05
4,12,gOMP,baseline,gOMP (baseline),128,256,0.5,gaussian,gaussian,clean,0.0,0.0008175371588008953,0.028592606715738517,0.9166666666666666,0.9166666666666666,0,0.0003163090004818514,4,12.0,0.08766187221476493,target_sparsity_reached,1,1,0.00012132800475228578,3.0,False,,0,0,1.651373504408004,0.0,0.0,0.0,0.0,0.0,0.0,0.0,3640.0,1024.0,2048.0,256.0,0.0,0.0,240.0,40.0,0.0,0.0,0.0,32.0,0.0,1.9458999304333702e-05,4.7979996452340856e-05,0.00012132800475228578,3.1490002584178e-05,0.0
4,12,gOMP,optimized,gOMP (optimized),128,256,0.5,gaussian,gaussian,clean,0.0,0.0008175371595161088,0.02859260672824548,0.9166666666666666,0.9166666666666666,0,0.00016264399891952053,4,12.0,0.08766187221476499,target_sparsity_reached,1,1,5.38749955012463e-05,3.0,True,,0,0,1.651373504408004,0.0,0.0,0.0,0.0,0.0,0.0,0.0,1424.0,1024.0,0.0,256.0,0.0,0.0,96.0,40.0,0.0,0.0,0.0,8.0,0.0,1.830899782362394e-05,3.2812000426929444e-05,5.38749955012463e-05,1.7334001313429326e-05,0.0
4,12,Improved-gOMP,baseline,Improved-gOMP (baseline),128,256,0.5,gaussian,gaussian,clean,0.0,0.0008000184392910197,0.028284597209276636,0.9166666666666666,0.9166666666666666,0,0.0014034090017958079,4,12.0,0.08877378850267602,target_sparsity_reached,1,1,0.0001123649999499321,20.25,False,,0,0,1.6864014687802769,1.0,1.0,1.0,1.0,1.0,1.0,0.0,3480.0,1024.0,2048.0,0.0,0.0,0.0,240.0,40.0,32.0,32.0,32.0,32.0,0.0,1.9967999833170325e-05,0.0009677550006017555,8.419500227319077e-05,2.407600186415948e-05,0.00012086499555152841
4,12,Improved-gOMP,optimized,Improved-gOMP (optimized),128,256,0.5,gaussian,gaussian,clean,0.0,8.350668382094733e-21,9.138199156340779e-11,1.0,1.0,1,0.0008335300008184277,4,12.0,3.091269681145519e-10,residual_tol,0,0,8.914399950299412e-05,0.0,True,,0,0,1.5482536202160675,1.0,1.0,0.0,0.0,1.0,0.0,1.0,4496.0,1024.0,2048.0,0.0,1152.0,96.0,96.0,40.0,32.0,0.0,0.0,8.0,0.0,1.8410999473417178e-05,0.000397738996980479,0.0001463250046072062,2.7104000764666125e-05,0.00014187900524120778
5,12,OMP,baseline,OMP (baseline),128,256,0.5,gaussian,gaussian,clean,0.0,4.017635176767323e-31,6.338481818832742e-16,1.0,1.0,1,0.0006833080005890224,12,12.0,2.522638672202762e-15,target_sparsity_reached,0,0,0.0002515889973437879,1.0,False,,0,0,1.576243616367739,0.0,0.0,0.0,0.0,0.0,0.0,0.0,3896.0,1024.0,2048.0,0.0,0.0,0.0,624.0,104.0,0.0,0.0,0.0,96.0,0.0,5.4236992582445964e-05,7.092199666658416e-05,0.0002515889973437879,7.93069921201095e-05,0.0
5,12,OMP,optimized,OMP (optimized),128,256,0.5,gaussian,gaussian,clean,0.0,1.4262362460861088e-20,1.1942513328801894e-10,1.0,1.0,1,0.000376035000954289,12,12.0,4.2726778108553734e-10,target_sparsity_reached,0,0,0.00014150000060908496,1.0,True,,0,0,1.576243616367739,0.0,0.0,0.0,0.0,0.0,0.0,0.0,2736.0,1024.0,0.0,256.0,1152.0,96.0,96.0,104.0,0.0,0.0,0.0,8.0,0.0,4.251400241628289e-05,1.5227011317620054e-05,0.00014150000060908496,5.064999277237803e-05,7.515200195484795e-05
5,12,gOMP,baseline,gOMP (baseline),128,256,0.5,gaussian,gaussian,clean,0.0,0.0009099319036678045,0.030165077551165098,0.9166666666666666,0.9166666666666666,0,0.00030157000219332986,4,12.0,0.11154593207559554,target_sparsity_reached,1,1,0.00010436500451760367,3.0,False,,0,0,1.582707218713177,0.0,0.0,0.0,0.0,0.0,0.0,0.0,3640.0,1024.0,2048.0,256.0,0.0,0.0,240.0,40.0,0.0,0.0,0.0,32.0,0.0,3.0057002732064575e-05,4.5328000851441175e-05,0.00010436500451760367,2.8137998015154153e-05,0.0
5,12,gOMP,optimized,gOMP (optimized),128,256,0.5,gaussian,gaussian,clean,0.0,0.0009099319037124562,0.03016507755190522,0.9166666666666666,0.9166666666666666,0,0.00015611599883413874,4,12.0,0.1115459320755956,target_sparsity_reached,1,1,5.1250004617031664e-05,3.0,True,,0,0,1.582707218713177,0.0,0.0,0.0,0.0,0.0,0.0,0.0,1424.0,1024.0,0.0,256.0,0.0,0.0,96.0,40.0,0.0,0.0,0.0,8.0,0.0,1.4729001122759655e-05,3.196699981344864e-05,5.1250004617031664e-05,1.755999619490467e-05,0.0
5,12,Improved-gOMP,baseline,Improved-gOMP (baseline),128,256,0.5,gaussian,gaussian,clean,0.0,1.2613911382791607e-30,1.1231167073279431e-15,1.0,1.0,1,0.0013027639979554806,4,12.0,4.700085280940174e-15,residual_tol,0,0,0.00011071199696743861,20.25,False,,0,0,1.5762436163677391,1.0,1.0,1.0,1.0,1.0,1.0,0.0,3480.0,1024.0,2048.0,0.0,0.0,0.0,240.0,40.0,32.0,32.0,32.0,32.0,0.0,1.723500099615194e-05,0.0008807140002318192,8.558899935451336e-05,2.218500230810605e-05,0.00011479099703137763
5,12,Improved-gOMP,optimized,Improved-gOMP (optimized),128,256,0.5,gaussian,gaussian,clean,0.0,1.4262375811609086e-20,1.194251891838949e-10,1.0,1.0,1,0.0007436410014634021,4,12.0,4.272680233654786e-10,residual_tol,0,0,8.343100489582866e-05,0.0,True,,0,0,1.5762436163677391,1.0,1.0,0.0,0.0,1.0,0.0,1.0,4496.0,1024.0,2048.0,0.0,1152.0,96.0,96.0,40.0,32.0,0.0,0.0,8.0,0.0,1.6779002180555835e-05,0.00036157200156594627,0.00014172700321068987,2.4995999410748482e-05,0.00010181399920838885
6,12,OMP,baseline,OMP (baseline),128,256,0.5,gaussian,gaussian,clean,0.0,5.159819072339247e-31,7.183188061257513e-16,1.0,1.0,1,0.0006990530018811114,12,12.0,2.6500329881016875e-15,target_sparsity_reached,0,0,0.0002424340054858476,1.0,False,,0,0,1.6626006253192116,0.0,0.0,0.0,0.0,0.0,0.0,0.0,3896.0,1024.0,2048.0,0.0,0.0,0.0,624.0,104.0,0.0,0.0,0.0,96.0,0.0,5.303700527292676e-05,7.667599857086316e-05,0.0002424340054858476,8.81890046002809e-05,0.0
6,12,OMP,optimized,OMP (optimized),128,256,0.5,gaussian,gaussian,clean,0.0,1.9286886661653545e-20,1.388772359375486e-10,1.0,1.0,1,0.000366616000974318,12,12.0,4.024936244282094e-10,target_sparsity_reached,0,0,0.00013566699999500997,1.0,True,,0,0,1.6626006253192116,0.0,0.0,0.0,0.0,0.0,0.0,0.0,2736.0,1024.0,0.0,256.0,1152.0,96.0,96.0,104.0,0.0,0.0,0.0,8.0,0.0,4.675600939663127e-05,1.5226989489747211e-05,0.00013566699999500997,4.948500281898305e-05,7.238199032144621e-05
6,12,gOMP,baseline,gOMP (baseline),128,256,0.5,gaussian,gaussian,clean,0.0,0.0005753127584247827,0.023985678193971977,0.9166666666666666,0.9166666666666666,0,0.00024042899894993752,4,12.0,0.07453739284084933,target_sparsity_reached,1,1,8.635400081402622e-05,3.0,False,,0,0,1.644764710300196,0.0,0.0,0.0,0.0,0.0,0.0,0.0,3640.0,1024.0,2048.0,256.0,0.0,0.0,240.0,40.0,0.0,0.0,0.0,32.0,0.0,1.8014001398114488e-05,3.60730045940727e-05,8.635400081402622e-05,2.2630003513768315e-05,0.0
6,12,gOMP,optimized,gOMP (optimized),128,256,0.5,gaussian,gaussian,clean,0.0,0.0005753127576378081,0.02398567817756688,0.9166666666666666,0.9166666666666666,0,0.00014189899957273155,4,12.0,0.07453739284084933,target_sparsity_reached,1,1,4.692699803854339e-05,3.0,True,,0,0,1.644764710300196,0.0,0.0,0.0,0.0,0.0,0.0,0.0,1424.0,1024.0,0.0,256.0,0.0,0.0,96.0,40.0,0.0,0.0,0.0,8.0,0.0,1.6740003047743812e-05,2.8974998713238165e-05,4.692699803854339e-05,1.6116999177029356e-05,0.0
6,12,Improved-gOMP,baseline,Improved-gOMP (baseline),128,256,0.5,gaussian,gaussian,clean,0.0,5.159819072339247e-31,7.183188061257513e-16,1.0,1.0,1,0.002036138997937087,5,12.0,2.6500329881016875e-15,residual_tol,0,0,0.0001306650010519661,17.2,False,,0,0,1.6626006253192116,1.0,1.0,1.0,1.0,1.0,1.0,0.0,3600.0,1024.0,2048.0,0.0,0.0,0.0,320.0,48.0,40.0,40.0,40.0,40.0,0.0,2.488799873390235e-05,0.0013185799980419688,0.00010753000242402777,3.2672000088496134e-05,0.00031754000156070106
6,12,Improved-gOMP,optimized,Improved-gOMP (optimized),128,256,0.5,gaussian,gaussian,clean,0.0,1.928688958725864e-20,1.3887724647061029e-10,1.0,1.0,1,0.0012022650007565971,5,12.0,4.0249368214263744e-10,residual_tol,0,0,0.00012097900253138505,0.0,True,,0,0,1.662600625319211,1.0,1.0,0.0,0.0,1.0,0.0,1.0,4512.0,1024.0,2048.0,0.0,1152.0,96.0,96.0,48.0,40.0,0.0,0.0,8.0,0.0,2.535800012992695e-05,0.0004963250030414201,0.00020033500186400488,4.212500061839819e-05,0.0003099980021943338
7,12,OMP,baseline,OMP (baseline),128,256,0.5,gaussian,gaussian,clean,0.0,1.23922377939726e-30,1.1132042846653349e-15,1.0,1.0,1,0.0006387579996953718,12,12.0,2.8283526527279585e-15,target_sparsity_reached,0,0,0.00022883199926582165,1.0,False,,0,0,1.5097611832030629,0.0,0.0,0.0,0.0,0.0,0.0,0.0,3896.0,1024.0,2048.0,0.0,0.0,0.0,624.0,104.0,0.0,0.0,0.0,96.0,0.0,4.944800821249373e-05,7.645900768693537e-05,0.00022883199926582165,7.148800068534911e-05,0.0
7,12,OMP,optimized,OMP (optimized),128,256,0.5,gaussian,gaussian,clean,0.0,1.3129560909024634e-20,1.1458429608382047e-10,1.0,1.0,1,0.0004054220007674303,12,12.0,2.4686051902653576e-10,target_sparsity_reached,0,0,0.00015583600907120854,1.0,True,,0,0,1.5097611832030629,0.0,0.0,0.0,0.0,0.0,0.0,0.0,2736.0,1024.0,0.0,256.0,1152.0,96.0,96.0,104.0,0.0,0.0,0.0,8.0,0.0,4.424299913807772e-05,1.6853002307470888e-05,0.00015583600907120854,5.476500155054964e-05,8.198800423997454e-05
7,12,gOMP,baseline,gOMP (baseline),128,256,0.5,gaussian,gaussian,clean,0.0,0.00014787787130656553,0.012160504566282006,0.9166666666666666,0.9166666666666666,0,0.00024284300161525607,4,12.0,0.025769610521791476,target_sparsity_reached,1,1,8.989699927042238e-05,3.0,False,,0,0,1.6418851305997217,0.0,0.0,0.0,0.0,0.0,0.0,0.0,3640.0,1024.0,2048.0,256.0,0.0,0.0,240.0,40.0,0.0,0.0,0.0,32.0,0.0,1.4748999092262238e-05,3.745899812201969e-05,8.989699927042238e-05,2.0559004042297602e-05,0.0
7,12,gOMP,optimized,gOMP (optimized),128,256,0.5,gaussian,gaussian,clean,0.0,0.000147877871682868,0.012160504581754328,0.9166666666666666,0.9166666666666666,0,0.00014047199874767102,4,12.0,0.025769610521791428,target_sparsity_reached,1,1,4.617200102075003e-05,3.0,True,,0,0,1.6418851305997217,0.0,0.0,0.0,0.0,0.0,0.0,0.0,1424.0,1024.0,0.0,256.0,0.0,0.0,96.0,40.0,0.0,0.0,0.0,8.0,0.0,1.3772001693723723e-05,2.935100201284513e-05,4.617200102075003e-05,1.5731999155832455e-05,0.0
7,12,Improved-gOMP,baseline,Improved-gOMP (baseline),128,256,0.5,gaussian,gaussian,clean,0.0,0.00014727828253923139,0.012135826405285773,0.9166666666666666,0.9166666666666666,0,0.0013905769992561545,4,12.0,0.025890192360842865,target_sparsity_reached,1,1,0.00012445800166460685,20.0,False,,0,0,1.5945188619777393,1.0,1.0,1.0,1.0,1.0,1.0,0.0,3480.0,1024.0,2048.0,0.0,0.0,0.0,240.0,40.0,32.0,32.0,32.0,32.0,0.0,1.714999962132424e-05,0.0009110589999181684,9.081799726118334e-05,2.369500361965038e-05,0.00015921199883450754
7,12,Improved-gOMP,optimized,Improved-gOMP (optimized),128,256,0.5,gaussian,gaussian,clean,0.0,0.00014787787168286788,0.012160504581754323,0.9166666666666666,0.9166666666666666,0,0.0009389760016347282,4,12.0,0.025769610521791414,target_sparsity_reached,1,1,9.729600060381927e-05,0.0,True,,0,0,1.6418851305997217,1.0,1.0,0.0,0.0,1.0,0.0,1.0,4496.0,1024.0,2048.0,0.0,1152.0,96.0,96.0,40.0,32.0,0.0,0.0,8.0,0.0,1.895400055218488e-05,0.0004806079996342305,0.00016938299813773483,3.4299995604669675e-05,0.00011939199976040982
8,12,OMP,baseline,OMP (baseline),128,256,0.5,gaussian,gaussian,clean,0.0,1.4201804656677387e-30,1.1917132480877012e-15,1.0,1.0,1,0.0006612770011997782,12,12.0,3.843657147800141e-15,target_sparsity_reached,0,0,0.0002357640041736886,1.0,False,,0,0,1.5675150463166894,0.0,0.0,0.0,0.0,0.0,0.0,0.0,3896.0,1024.0,2048.0,0.0,0.0,0.0,624.0,104.0,0.0,0.0,0.0,96.0,0.0,5.605000478681177e-05,6.929801020305604e-05,0.0002357640041736886,7.472499419236556e-05,0.0
8,12,OMP,optimized,OMP (optimized),128,256,0.5,gaussian,gaussian,clean,0.0,1.029445030680197e-20,1.0146157059104678e-10,1.0,1.0,1,0.0003614189990912564,12,12.0,2.973190399626735e-10,target_sparsity_reached,0,0,0.00013100900105200708,1.0,True,,0,0,1.5675150463166894,0.0,0.0,0.0,0.0,0.0,0.0,0.0,2736.0,1024.0,0.0,256.0,1152.0,96.0,96.0,104.0,0.0,0.0,0.0,8.0,0.0,4.6430996007984504e-05,1.4834000467089936e-05,0.00013100900105200708,4.8902998969424516e-05,7.267799810506403e-05
8,12,gOMP,baseline,gOMP (baseline),128,256,0.5,gaussian,gaussian,clean,0.0,0.0013327519179191219,0.03650687494047008,0.9166666666666666,0.9166666666666666,0,0.00024678999761817977,4,12.0,0.10018362001151054,target_sparsity_reached,1,1,8.723899372853339e-05,3.0,False,,0,0,1.592032688854542,0.0,0.0,0.0,0.0,0.0,0.0,0.0,3640.0,1024.0,2048.0,256.0,0.0,0.0,240.0,40.0,0.0,0.0,0.0,32.0,0.0,1.7539998225402087e-05,3.663100505946204e-05,8.723899372853339e-05,2.412699905107729e-05,0.0
8,12,gOMP,optimized,gOMP (optimized),128,256,0.5,gaussian,gaussian,clean,0.0,0.0013327519184874732,0.03650687494825424,0.9166666666666666,0.9166666666666666,0,0.0001499479985795915,4,12.0,0.1001836200115105,target_sparsity_reached,1,1,4.77760040666908e-05,3.0,True,,0,0,1.592032688854542,0.0,0.0,0.0,0.0,0.0,0.0,0.0,1424.0,1024.0,0.0,256.0,0.0,0.0,96.0,40.0,0.0,0.0,0.0,8.0,0.0,1.7345999367535114e-05,2.9623999580508098e-05,4.77760040666908e-05,1.7463997210143134e-05,0.0
8,12,Improved-gOMP,baseline,Improved-gOMP (baseline),128,256,0.5,gaussian,gaussian,clean,0.0,8.807764924440282e-31,9.384969325703884e-16,1.0,1.0,1,0.0020589550003933255,5,12.0,3.264530660088309e-15,residual_tol,0,0,0.00013974700050312094,16.4,False,,0,0,1.5675150463166896,1.0,1.0,1.0,1.0,1.0,1.0,0.0,3600.0,1024.0,2048.0,0.0,0.0,0.0,320.0,48.0,40.0,40.0,40.0,40.0,0.0,2.6505003916099668e-05,0.0013313169984030537,0.00011479599561425857,3.261000165366568e-05,0.00030647699531982653
8,12,Improved-gOMP,optimized,Improved-gOMP (optimized),128,256,0.5,gaussian,gaussian,clean,0.0,1.0294439671410823e-20,1.0146151818010029e-10,1.0,1.0,1,0.0009376019988849293,4,12.0,2.973189343746419e-10,residual_tol,0,0,9.856399992713705e-05,0.0,True,,0,0,1.5675150463166898,1.0,1.0,0.0,0.0,1.0,0.0,1.0,4496.0,1024.0,2048.0,0.0,1152.0,96.0,96.0,40.0,32.0,0.0,0.0,8.0,0.0,2.0571995264617726e-05,0.0004756879970955197,0.00017011900490615517,3.173899676767178e-05,0.00010798999574035406
9,12,OMP,baseline,OMP (baseline),128,256,0.5,gaussian,gaussian,clean,0.0,7.5180701915223366e-31,8.670680591235232e-16,1.0,1.0,1,0.0006652689990005456,12,12.0,3.7192163863354314e-15,target_sparsity_reached,0,0,0.00024585399660281837,1.0,False,,0,0,1.5892397757432033,0.0,0.0,0.0,0.0,0.0,0.0,0.0,3896.0,1024.0,2048.0,0.0,0.0,0.0,624.0,104.0,0.0,0.0,0.0,96.0,0.0,4.748999708681367e-05,7.195799480541609e-05,0.00024585399660281837,6.644199675065465e-05,0.0
9,12,OMP,optimized,OMP (optimized),128,256,0.5,gaussian,gaussian,clean,0.0,8.815308231242783e-21,9.388987288969339e-11,1.0,1.0,1,0.000374134997400688,12,12.0,3.8137689124587595e-10,target_sparsity_reached,0,0,0.00014553599248756655,1.0,True,,0,0,1.5892397757432033,0.0,0.0,0.0,0.0,0.0,0.0,0.0,2736.0,1024.0,0.0,256.0,1152.0,96.0,96.0,104.0,0.0,0.0,0.0,8.0,0.0,3.9798003854230046e-05,1.5044002793729305e-05,0.00014553599248756655,4.981200254405849e-05,7.468900003004819e-05
9,12,gOMP,baseline,gOMP (baseline),128,256,0.5,gaussian,gaussian,clean,0.0,1.7657226239290343e-30,1.3288049608309844e-15,1.0,1.0,1,0.00026502100081415847,4,12.0,5.58856399920518e-15,target_sparsity_reached,0,0,9.588600005372427e-05,3.0,False,,0,0,1.589239775743204,0.0,0.0,0.0,0.0,0.0,0.0,0.0,3640.0,1024.0,2048.0,256.0,0.0,0.0,240.0,40.0,0.0,0.0,0.0,32.0,0.0,1.5088000509422272e-05,3.814400406554341e-05,9.588600005372427e-05,2.322300133528188e-05,0.0
9,12,gOMP,optimized,gOMP (optimized),128,256,0.5,gaussian,gaussian,clean,0.0,8.815372883859538e-21,9.389021718932988e-11,1.0,1.0,1,0.0001464549968659412,4,12.0,3.813782894859822e-10,target_sparsity_reached,0,0,4.9604994273977354e-05,3.0,True,,0,0,1.589239775743204,0.0,0.0,0.0,0.0,0.0,0.0,0.0,1424.0,1024.0,0.0,256.0,0.0,0.0,96.0,40.0,0.0,0.0,0.0,8.0,0.0,1.4279998140409589e-05,3.107400334556587e-05,4.9604994273977354e-05,1.6412002878496423e-05,0.0
9,12,Improved-gOMP,baseline,Improved-gOMP (baseline),128,256,0.5,gaussian,gaussian,clean,0.0,1.2868956643625284e-30,1.1344142384343243e-15,1.0,1.0,1,0.0019937279976147693,5,12.0,4.389493840327342e-15,residual_tol,0,0,0.00014025399650563486,17.4,False,,0,0,1.6267918656822224,1.0,1.0,1.0,1.0,1.0,1.0,0.0,3600.0,1024.0,2048.0,0.0,0.0,0.0,320.0,48.0,40.0,40.0,40.0,40.0,0.0,2.3070999304763973e-05,0.0013022250059293583,0.0001134289959736634,2.9183000151533633e-05,0.000300805000733817
9,12,Improved-gOMP,optimized,Improved-gOMP (optimized),128,256,0.5,gaussian,gaussian,clean,0.0,8.815316146420571e-21,9.388991504107653e-11,1.0,1.0,1,0.0010929310010396875,5,12.0,3.813769945748975e-10,residual_tol,0,0,0.00010673800352378748,0.0,True,,0,0,1.5892397757432035,1.0,1.0,0.0,0.0,1.0,0.0,1.0,4512.0,1024.0,2048.0,0.0,1152.0,96.0,96.0,48.0,40.0,0.0,0.0,8.0,0.0,2.133000089088455e-05,0.00045956999747431837,0.00017478500376455486,3.254900002502836e-05,0.0002927449968410656
10,12,OMP,baseline,OMP (baseline),128,256,0.5,gaussian,gaussian,clean,0.0,6.958614833631668e-31,8.341831233986737e-16,1.0,1.0,1,0.0006631519972870592,12,12.0,4.170373372528138e-15,target_sparsity_reached,0,0,0.00023137499374570325,1.0,False,,0,0,1.63578878611388,0.0,0.0,0.0,0.0,0.0,0.0,0.0,3896.0,1024.0,2048.0,0.0,0.0,0.0,624.0,104.0,0.0,0.0,0.0,96.0,0.0,5.5108004744397476e-05,7.000000550760888e-05,0.00023137499374570325,7.345499398070388e-05,0.0
10,12,OMP,optimized,OMP (optimized),128,256,0.5,gaussian,gaussian,clean,0.0,1.2155640019871102e-20,1.1025261910662759e-10,1.0,1.0,1,0.00040662700121174566,12,12.0,5.385283138323691e-10,target_sparsity_reached,0,0,0.00015378400712506846,1.0,True,,0,0,1.63578878611388,0.0,0.0,0.0,0.0,0.0,0.0,0.0,2736.0,1024.0,0.0,256.0,1152.0,96.0,96.0,104.0,0.0,0.0,0.0,8.0,0.0,4.891099888482131e-05,2.0315997971920297e-05,0.00015378400712506846,5.30139914189931e-05,7.773600736982189e-05
10,12,gOMP,baseline,gOMP (baseline),128,256,0.5,gaussian,gaussian,clean,0.0,1.3625420436793505e-30,1.167279762387471e-15,1.0,1.0,1,0.0002454589994158596,4,12.0,6.298146213576972e-15,target_sparsity_reached,0,0,8.736499876249582e-05,3.0,False,,0,0,1.63578878611388,0.0,0.0,0.0,0.0,0.0,0.0,0.0,3640.0,1024.0,2048.0,256.0,0.0,0.0,240.0,40.0,0.0,0.0,0.0,32.0,0.0,1.705000249785371e-05,3.7467001675395295e-05,8.736499876249582e-05,2.2975000320002437e-05,0.0
10,12,gOMP,optimized,gOMP (optimized),128,256,0.5,gaussian,gaussian,clean,0.0,1.2155654026810793e-20,1.1025268262863627e-10,1.0,1.0,1,0.0001429270014341455,4,12.0,5.385282591746801e-10,target_sparsity_reached,0,0,4.5482000132324174e-05,3.0,True,,0,0,1.63578878611388,0.0,0.0,0.0,0.0,0.0,0.0,0.0,1424.0,1024.0,0.0,256.0,0.0,0.0,96.0,40.0,0.0,0.0,0.0,8.0,0.0,1.6136000340338796e-05,2.9391001589829102e-05,4.5482000132324174e-05,1.5967001672834158e-05,0.0
10,12,Improved-gOMP,baseline,Improved-gOMP (baseline),128,256,0.5,gaussian,gaussian,clean,0.0,7.972916349844119e-31,8.929118853416679e-16,1.0,1.0,1,0.0019561850022000726,5,12.0,4.416631861156224e-15,residual_tol,0,0,0.00012973200136912055,17.0,False,,0,0,1.6357887861138796,1.0,1.0,1.0,1.0,1.0,1.0,0.0,3600.0,1024.0,2048.0,0.0,0.0,0.0,320.0,48.0,40.0,40.0,40.0,40.0,0.0,2.4423996364930645e-05,0.0012728889960271772,0.00010226800077361986,2.9105001885909587e-05,0.000314982004056219
10,12,Improved-gOMP,optimized,Improved-gOMP (optimized),128,256,0.5,gaussian,gaussian,clean,0.0,1.2155640931800968e-20,1.1025262324226562e-10,1.0,1.0,1,0.0011108920007245615,5,12.0,5.3852824966463e-10,residual_tol,0,0,0.00010246799865853973,0.0,True,,0,0,1.63578878611388,1.0,1.0,0.0,0.0,1.0,0.0,1.0,4512.0,1024.0,2048.0,0.0,1152.0,96.0,96.0,48.0,40.0,0.0,0.0,8.0,0.0,2.4331995518878102e-05,0.0004531249978754204,0.00016764099564170465,3.404200469958596e-05,0.0003026520098501351
11,12,OMP,baseline,OMP (baseline),128,256,0.5,gaussian,gaussian,clean,0.0,2.180657893411596e-30,1.4767050800385282e-15,1.0,1.0,1,0.0008155020004778635,12,12.0,6.07311105462396e-15,target_sparsity_reached,0,0,0.00035841299904859625,1.0,False,,0,0,1.712725962217756,0.0,0.0,0.0,0.0,0.0,0.0,0.0,3896.0,1024.0,2048.0,0.0,0.0,0.0,624.0,104.0,0.0,0.0,0.0,96.0,0.0,4.98489971505478e-05,6.99480042385403e-05,0.00035841299904859625,8.107200483209454e-05,0.0
11,12,OMP,optimized,OMP (optimized),128,256,0.5,gaussian,gaussian,clean,0.0,1.3137235567766012e-20,1.1461778032995584e-10,1.0,1.0,1,0.0007299929966393393,12,12.0,3.998094023060804e-10,target_sparsity_reached,0,0,0.0003191479918314144,1.0,True,,0,0,1.712725962217756,0.0,0.0,0.0,0.0,0.0,0.0,0.0,2736.0,1024.0,0.0,256.0,1152.0,96.0,96.0,104.0,0.0,0.0,0.0,8.0,0.0,8.467899169772863e-05,3.116099105682224e-05,0.0003191479918314144,9.771099576028064e-05,0.00011652600733214058
11,12,gOMP,baseline,gOMP (baseline),128,256,0.5,gaussian,gaussian,clean,0.0,0.002507317009053426,0.050073116630118264,0.9166666666666666,0.9166666666666666,0,0.00039201199979288504,4,12.0,0.1706557500823391,target_sparsity_reached,1,1,0.0001224450024892576,3.0,False,,0,0,1.7045990273228961,0.0,0.0,0.0,0.0,0.0,0.0,0.0,3640.0,1024.0,2048.0,256.0,0.0,0.0,240.0,40.0,0.0,0.0,0.0,32.0,0.0,2.1789001038996503e-05,5.793799209641293e-05,0.0001224450024892576,5.2490995585685596e-05,0.0
11,12,gOMP,optimized,gOMP (optimized),128,256,0.5,gaussian,gaussian,clean,0.0,0.002507317011167077,0.05007311665122391,0.9166666666666666,0.9166666666666666,0,0.0001707620031083934,4,12.0,0.17065575008233916,target_sparsity_reached,1,1,5.469599273055792e-05,3.0,True,,0,0,1.7045990273228961,0.0,0.0,0.0,0.0,0.0,0.0,0.0,1424.0,1024.0,0.0,256.0,0.0,0.0,96.0,40.0,0.0,0.0,0.0,8.0,0.0,2.190899249399081e-05,3.4860000596381724e-05,5.469599273055792e-05,1.743999746395275e-05,0.0
11,12,Improved-gOMP,baseline,Improved-gOMP (baseline),128,256,0.5,gaussian,gaussian,clean,0.0,2.0335831423272923e-30,1.4260375669411002e-15,1.0,1.0,1,0.002008258001296781,5,12.0,5.679068184280155e-15,residual_tol,0,0,0.00013610799942398444,16.4,False,,0,0,1.7127259622177555,1.0,1.0,1.0,1.0,1.0,1.0,0.0,3600.0,1024.0,2048.0,0.0,0.0,0.0,320.0,48.0,40.0,40.0,40.0,40.0,0.0,2.280799890286289e-05,0.0013224100002844352,0.000111039997136686,2.9503004043363035e-05,0.0002898760030802805
11,12,Improved-gOMP,optimized,Improved-gOMP (optimized),128,256,0.5,gaussian,gaussian,clean,0.0,1.3137217783877564e-20,1.1461770275082974e-10,1.0,1.0,1,0.001088717002858175,5,12.0,3.9980903051190326e-10,residual_tol,0,0,0.00010335000115446746,0.0,True,,0,0,1.7127259622177553,1.0,1.0,0.0,0.0,1.0,0.0,1.0,4512.0,1024.0,2048.0,0.0,1152.0,96.0,96.0,48.0,40.0,0.0,0.0,8.0,0.0,2.0224997570039704e-05,0.0004382739971333649,0.00016618800509604625,3.048400321858935e-05,0.0003180700005032122
12,12,OMP,baseline,OMP (baseline),128,256,0.5,gaussian,gaussian,clean,0.0,4.2659175821039e-30,2.0654097855156735e-15,1.0,1.0,1,0.0006304400012595579,12,12.0,8.148285528321536e-15,target_sparsity_reached,0,0,0.0002309299961780198,1.0,False,,0,0,1.6537437161469297,0.0,0.0,0.0,0.0,0.0,0.0,0.0,3896.0,1024.0,2048.0,0.0,0.0,0.0,624.0,104.0,0.0,0.0,0.0,96.0,0.0,5.310000415192917e-05,6.893799945828505e-05,0.0002309299961780198,6.938001024536788e-05,0.0
12,12,OMP,optimized,OMP (optimized),128,256,0.5,gaussian,gaussian,clean,0.0,1.2818688745546148e-20,1.1321964823097689e-10,1.0,1.0,1,0.00039408100201399066,12,12.0,4.0337121460134553e-10,target_sparsity_reached,0,0,0.00014876799104968086,1.0,True,,0,0,1.6537437161469297,0.0,0.0,0.0,0.0,0.0,0.0,0.0,2736.0,1024.0,0.0,256.0,1152.0,96.0,96.0,104.0,0.0,0.0,0.0,8.0,0.0,4.847799937124364e-05,1.5860001440159976e-05,0.00014876799104968086,5.2365005103638396e-05,7.617300070705824e-05
12,12,gOMP,baseline,gOMP (baseline),128,256,0.5,gaussian,gaussian,clean,0.0,0.0002115900106097316,0.014546133871573285,0.9166666666666666,0.9166666666666666,0,0.00029813799847033806,4,12.0,0.05315428853391634,target_sparsity_reached,1,1,0.00010455199662828818,3.0,False,,0,0,1.7191442903258571,0.0,0.0,0.0,0.0,0.0,0.0,0.0,3640.0,1024.0,2048.0,256.0,0.0,0.0,240.0,40.0,0.0,0.0,0.0,32.0,0.0,1.921900184242986e-05,4.11040018661879e-05,0.00010455199662828818,2.7104004402644932e-05,0.0
12,12,gOMP,optimized,gOMP (optimized),128,256,0.5,gaussian,gaussian,clean,0.0,0.00021159001058437108,0.014546133870701557,0.9166666666666666,0.9166666666666666,0,0.00014716700025019236,4,12.0,0.05315428853391642,target_sparsity_reached,1,1,4.9967002269113436e-05,3.0,True,,0,0,1.7191442903258571,0.0,0.0,0.0,0.0,0.0,0.0,0.0,1424.0,1024.0,0.0,256.0,0.0,0.0,96.0,40.0,0.0,0.0,0.0,8.0,0.0,1.6630005120532587e-05,2.9659000574611127e-05,4.9967002269113436e-05,1.639999754843302e-05,0.0
12,12,Improved-gOMP,baseline,Improved-gOMP (baseline),128,256,0.5,gaussian,gaussian,clean,0.0,3.524854958170598e-30,1.877459708800857e-15,1.0,1.0,1,0.0019270160009909887,5,12.0,7.553689592487116e-15,residual_tol,0,0,0.00012516900096670724,18.2,False,,0,0,1.8315076242707857,1.0,1.0,1.0,1.0,1.0,1.0,0.0,3600.0,1024.0,2048.0,0.0,0.0,0.0,320.0,48.0,40.0,40.0,40.0,40.0,0.0,2.4299995857290924e-05,0.0012529619962151628,0.00010244099757983349,2.982600562972948e-05,0.00029450299916788936
12,12,Improved-gOMP,optimized,Improved-gOMP (optimized),128,256,0.5,gaussian,gaussian,clean,0.0,1.2818706021492087e-20,1.1321972452489049e-10,1.0,1.0,1,0.0010837779991561547,5,12.0,4.0337141913826717e-10,residual_tol,0,0,0.00010215600195806473,0.0,True,,0,0,1.65374371614693,1.0,1.0,0.0,0.0,1.0,0.0,1.0,4512.0,1024.0,2048.0,0.0,1152.0,96.0,96.0,48.0,40.0,0.0,0.0,8.0,0.0,2.4002001737244427e-05,0.00043385800381656736,0.00016834999769343995,3.316800211905502e-05,0.0003035019981325604
13,12,OMP,baseline,OMP (baseline),128,256,0.5,gaussian,gaussian,clean,0.0,1.5149932138206602e-30,1.2308506058091129e-15,1.0,1.0,1,0.0007167969997681212,12,12.0,2.8962069545962838e-15,target_sparsity_reached,0,0,0.0002648150075401645,1.0,False,,0,0,1.6863065837898918,0.0,0.0,0.0,0.0,0.0,0.0,0.0,3896.0,1024.0,2048.0,0.0,0.0,0.0,624.0,104.0,0.0,0.0,0.0,96.0,0.0,6.490900705102831e-05,7.968300633365288e-05,0.0002648150075401645,7.674699736526236e-05,0.0
13,12,OMP,optimized,OMP (optimized),128,256,0.5,gaussian,gaussian,clean,0.0,1.0018479451935907e-20,1.00092354612807e-10,1.0,1.0,1,0.00037139000050956383,12,12.0,2.122673942203631e-10,target_sparsity_reached,0,0,0.00013593200128525496,1.0,True,,0,0,1.6863065837898918,0.0,0.0,0.0,0.0,0.0,0.0,0.0,2736.0,1024.0,0.0,256.0,1152.0,96.0,96.0,104.0,0.0,0.0,0.0,8.0,0.0,4.226900637149811e-05,1.657200846238993e-05,0.00013593200128525496,4.810800601262599e-05,7.300800643861294e-05
13,12,gOMP,baseline,gOMP (baseline),128,256,0.5,gaussian,gaussian,clean,0.0,2.2797178417892955e-30,1.5098734522433646e-15,1.0,1.0,1,0.00024208600007114,4,12.0,3.3150960497825656e-15,target_sparsity_reached,0,0,8.904899732442573e-05,3.0,False,,0,0,1.6863065837898918,0.0,0.0,0.0,0.0,0.0,0.0,0.0,3640.0,1024.0,2048.0,256.0,0.0,0.0,240.0,40.0,0.0,0.0,0.0,32.0,0.0,1.4731991541339085e-05,3.814500450971536e-05,8.904899732442573e-05,2.0243001927156e-05,0.0
13,12,gOMP,optimized,gOMP (optimized),128,256,0.5,gaussian,gaussian,clean,0.0,1.0018441284898632e-20,1.0009216395352152e-10,1.0,1.0,1,0.00013825199857819825,4,12.0,2.122670659869695e-10,target_sparsity_reached,0,0,4.624999928637408e-05,3.0,True,,0,0,1.6863065837898918,0.0,0.0,0.0,0.0,0.0,0.0,0.0,1424.0,1024.0,0.0,256.0,0.0,0.0,96.0,40.0,0.0,0.0,0.0,8.0,0.0,1.369199890177697e-05,2.9077000363031402e-05,4.624999928637408e-05,1.5816000086488202e-05,0.0
13,12,Improved-gOMP,baseline,Improved-gOMP (baseline),128,256,0.5,gaussian,gaussian,clean,0.0,2.2797178417892955e-30,1.5098734522433646e-15,1.0,1.0,1,0.0019138409988954663,5,12.0,3.3150960497825656e-15,residual_tol,0,0,0.00012992900519748218,16.6,False,,0,0,1.6863065837898918,1.0,1.0,1.0,1.0,1.0,1.0,0.0,3600.0,1024.0,2048.0,0.0,0.0,0.0,320.0,48.0,40.0,40.0,40.0,40.0,0.0,2.175000190618448e-05,0.00124700599553762,0.00010753300011856481,2.9091996111674234e-05,0.0002884799978346564
13,12,Improved-gOMP,optimized,Improved-gOMP (optimized),128,256,0.5,gaussian,gaussian,clean,0.0,2.2797178417892955e-30,1.5098734522433646e-15,1.0,1.0,1,0.001183547999971779,5,12.0,3.3150960497825656e-15,residual_tol,0,0,0.00010300300345988944,0.0,True,,0,0,1.6863065837898918,1.0,1.0,0.0,0.0,1.0,0.0,1.0,4512.0,1024.0,2048.0,0.0,1152.0,96.0,96.0,48.0,40.0,0.0,0.0,8.0,0.0,2.140600554412231e-05,0.00046578600085922517,0.00017025100169121288,3.166800524923019e-05,0.0003675239931908436
14,12,OMP,baseline,OMP (baseline),128,256,0.5,gaussian,gaussian,clean,0.0,1.1569083607393466e-30,1.0755967463410004e-15,1.0,1.0,1,0.0007724079987383448,12,12.0,4.221682585605897e-15,target_sparsity_reached,0,0,0.00028418599686119705,1.0,False,,0,0,1.5666733075197021,0.0,0.0,0.0,0.0,0.0,0.0,0.0,3896.0,1024.0,2048.0,0.0,0.0,0.0,624.0,104.0,0.0,0.0,0.0,96.0,0.0,7.105399708962068e-05,9.192200377583504e-05,0.00028418599686119705,8.56810002005659e-05,0.0
14,12,OMP,optimized,OMP (optimized),128,256,0.5,gaussian,gaussian,clean,0.0,1.2180846805895255e-20,1.1036687367999175e-10,1.0,1.0,1,0.0006005370014463551,12,12.0,3.602963975655003e-10,target_sparsity_reached,0,0,0.0001891850115498528,1.0,True,,0,0,1.5666733075197021,0.0,0.0,0.0,0.0,0.0,0.0,0.0,2736.0,1024.0,0.0,256.0,1152.0,96.0,96.0,104.0,0.0,0.0,0.0,8.0,0.0,0.0001254700000572484,2.7259004127699882e-05,0.0001891850115498528,6.926200876478106e-05,0.00012019599671475589
14,12,gOMP,baseline,gOMP (baseline),128,256,0.5,gaussian,gaussian,clean,0.0,9.929059799684402e-31,9.964466769318066e-16,1.0,1.0,1,0.0003079999987676274,4,12.0,3.817552158408926e-15,target_sparsity_reached,0,0,0.00010218700117547996,3.0,False,,0,0,1.5666733075197021,0.0,0.0,0.0,0.0,0.0,0.0,0.0,3640.0,1024.0,2048.0,256.0,0.0,0.0,240.0,40.0,0.0,0.0,0.0,32.0,0.0,1.883700315374881e-05,4.494899985729717e-05,0.00010218700117547996,2.8661997930612415e-05,0.0
14,12,gOMP,optimized,gOMP (optimized),128,256,0.5,gaussian,gaussian,clean,0.0,1.2180815797758638e-20,1.1036673320234969e-10,1.0,1.0,1,0.00042098199992324226,4,12.0,3.6029595890645036e-10,target_sparsity_reached,0,0,0.00010671799464034848,3.0,True,,0,0,1.5666733075197021,0.0,0.0,0.0,0.0,0.0,0.0,0.0,1424.0,1024.0,0.0,256.0,0.0,0.0,96.0,40.0,0.0,0.0,0.0,8.0,0.0,3.040699812117964e-05,0.0001994340018427465,0.00010671799464034848,2.5035998987732455e-05,0.0
14,12,Improved-gOMP,baseline,Improved-gOMP (baseline),128,256,0.5,gaussian,gaussian,clean,0.0,9.929059799684402e-31,9.964466769318066e-16,1.0,1.0,1,0.0018243790000269655,4,12.0,3.817552158408926e-15,residual_tol,0,0,0.00011890900350408629,19.25,False,,0,0,1.5666733075197021,1.0,1.0,1.0,1.0,1.0,1.0,0.0,3480.0,1024.0,2048.0,0.0,0.0,0.0,240.0,40.0,32.0,32.0,32.0,32.0,0.0,2.8578997444128618e-05,0.0013241330052551348,9.347599916509353e-05,2.730100095504895e-05,0.00012204299491713755
14,12,Improved-gOMP,optimized,Improved-gOMP (optimized),128,256,0.5,gaussian,gaussian,clean,0.0,1.2180848251616748e-20,1.103668802296085e-10,1.0,1.0,1,0.0008013039987417869,4,12.0,3.6029637881770454e-10,residual_tol,0,0,9.165899609797634e-05,0.0,True,,0,0,1.5666733075197021,1.0,1.0,0.0,0.0,1.0,0.0,1.0,4496.0,1024.0,2048.0,0.0,1152.0,96.0,96.0,40.0,32.0,0.0,0.0,8.0,0.0,1.8814003851730376e-05,0.00038139399475767277,0.0001497410012234468,2.7616999432211742e-05,0.00011864300540764816
15,12,OMP,baseline,OMP (baseline),128,256,0.5,gaussian,gaussian,clean,0.0,3.0418602032141407e-30,1.7440929456924424e-15,1.0,1.0,1,0.0007127550015866291,12,12.0,6.738523461936336e-15,target_sparsity_reached,0,0,0.0002510640006221365,1.0,False,,0,0,1.5213088700940598,0.0,0.0,0.0,0.0,0.0,0.0,0.0,3896.0,1024.0,2048.0,0.0,0.0,0.0,624.0,104.0,0.0,0.0,0.0,96.0,0.0,6.132199268904515e-05,8.086299931164831e-05,0.0002510640006221365,8.047699884627946e-05,0.0
15,12,OMP,optimized,OMP (optimized),128,256,0.5,gaussian,gaussian,clean,0.0,9.54350132641969e-21,9.7690845663346e-11,1.0,1.0,1,0.00043510000250535086,12,12.0,3.627429970307895e-10,target_sparsity_reached,0,0,0.00016092399891931564,1.0,True,,0,0,1.5213088700940598,0.0,0.0,0.0,0.0,0.0,0.0,0.0,2736.0,1024.0,0.0,256.0,1152.0,96.0,96.0,104.0,0.0,0.0,0.0,8.0,0.0,4.4740001612808555e-05,1.8676004401640967e-05,0.00016092399891931564,6.789700273657218e-05,8.630100273876451e-05
15,12,gOMP,baseline,gOMP (baseline),128,256,0.5,gaussian,gaussian,clean,0.0,2.9370222853687884e-30,1.7137742807525116e-15,1.0,1.0,1,0.00025886699950206093,4,12.0,6.455092297600941e-15,target_sparsity_reached,0,0,9.533900083624758e-05,3.0,False,,0,0,1.52130887009406,0.0,0.0,0.0,0.0,0.0,0.0,0.0,3640.0,1024.0,2048.0,256.0,0.0,0.0,240.0,40.0,0.0,0.0,0.0,32.0,0.0,1.53419969137758e-05,3.8886999391252175e-05,9.533900083624758e-05,2.2453001292888075e-05,0.0
15,12,gOMP,optimized,gOMP (optimized),128,256,0.5,gaussian,gaussian,clean,0.0,9.54350302774809e-21,9.769085437106225e-11,1.0,1.0,1,0.00014885199925629422,4,12.0,3.6274305363279607e-10,target_sparsity_reached,0,0,5.047599915997125e-05,3.0,True,,0,0,1.52130887009406,0.0,0.0,0.0,0.0,0.0,0.0,0.0,1424.0,1024.0,0.0,256.0,0.0,0.0,96.0,40.0,0.0,0.0,0.0,8.0,0.0,1.501700171502307e-05,3.173999357386492e-05,5.047599915997125e-05,1.638099638512358e-05,0.0
15,12,Improved-gOMP,baseline,Improved-gOMP (baseline),128,256,0.5,gaussian,gaussian,clean,0.0,2.3315707693910834e-30,1.526948188181604e-15,1.0,1.0,1,0.0019747920014197007,5,12.0,5.916515951249142e-15,residual_tol,0,0,0.00014235699563869275,16.2,False,,0,0,1.619631690286477,1.0,1.0,1.0,1.0,1.0,1.0,0.0,3600.0,1024.0,2048.0,0.0,0.0,0.0,320.0,48.0,40.0,40.0,40.0,40.0,0.0,2.065700027742423e-05,0.001292565000767354,0.00011813699893536977,2.9322000045794994e-05,0.00029191300563979894
15,12,Improved-gOMP,optimized,Improved-gOMP (optimized),128,256,0.5,gaussian,gaussian,clean,0.0,1.5833813971656657e-30,1.2583248376971924e-15,1.0,1.0,1,0.0013081069992040284,5,12.0,4.764942788829867e-15,residual_tol,0,0,0.00010919199849013239,0.0,True,,0,0,1.5213088700940596,1.0,1.0,0.0,0.0,1.0,0.0,1.0,4512.0,1024.0,2048.0,0.0,1152.0,96.0,96.0,48.0,40.0,0.0,0.0,8.0,0.0,2.00829999812413e-05,0.0004369670059531927,0.00017167900296044536,4.930599243380129e-05,0.0005023840058129281
16,12,OMP,baseline,OMP (baseline),128,256,0.5,gaussian,gaussian,clean,0.0,6.375680842357377e-31,7.984786059975168e-16,1.0,1.0,1,0.000707125996996183,12,12.0,3.0403038258738613e-15,target_sparsity_reached,0,0,0.00025186900893459097,1.0,False,,0,0,1.5509845588105862,0.0,0.0,0.0,0.0,0.0,0.0,0.0,3896.0,1024.0,2048.0,0.0,0.0,0.0,624.0,104.0,0.0,0.0,0.0,96.0,0.0,6.4033993112389e-05,7.959899448906071e-05,0.00025186900893459097,8.089899711194448e-05,0.0
16,12,OMP,optimized,OMP (optimized),128,256,0.5,gaussian,gaussian,clean,0.0,9.988318330141712e-21,9.994157458306184e-11,1.0,1.0,1,0.0004488910017244052,12,12.0,3.558397214040702e-10,target_sparsity_reached,0,0,0.00017771200145944022,1.0,True,,0,0,1.5509845588105862,0.0,0.0,0.0,0.0,0.0,0.0,0.0,2736.0,1024.0,0.0,256.0,1152.0,96.0,96.0,104.0,0.0,0.0,0.0,8.0,0.0,5.287100429995917e-05,1.879099363577552e-05,0.00017771200145944022,6.0198995925020427e-05,8.441600220976397e-05
16,12,gOMP,baseline,gOMP (baseline),128,256,0.5,gaussian,gaussian,clean,0.0,0.0007054209411764962,0.026559761692765547,0.8333333333333334,0.8333333333333334,0,0.0002703440004552249,4,12.0,0.09049938850508661,target_sparsity_reached,2,2,9.619100092095323e-05,3.0,False,,0,0,1.821155289847035,0.0,0.0,0.0,0.0,0.0,0.0,0.0,3640.0,1024.0,2048.0,256.0,0.0,0.0,240.0,40.0,0.0,0.0,0.0,32.0,0.0,1.7308997485088184e-05,4.825900396099314e-05,9.619100092095323e-05,2.4326003767782822e-05,0.0
16,12,gOMP,optimized,gOMP (optimized),128,256,0.5,gaussian,gaussian,clean,0.0,0.0007054209411408865,0.026559761692095177,0.8333333333333334,0.8333333333333334,0,0.00014189899957273155,4,12.0,0.0904993885050866,target_sparsity_reached,2,2,4.750700099975802e-05,3.0,True,,0,0,1.821155289847035,0.0,0.0,0.0,0.0,0.0,0.0,0.0,1424.0,1024.0,0.0,256.0,0.0,0.0,96.0,40.0,0.0,0.0,0.0,8.0,0.0,1.600199902895838e-05,2.863900226657279e-05,4.750700099975802e-05,1.569300002302043e-05,0.0
16,12,Improved-gOMP,baseline,Improved-gOMP (baseline),128,256,0.5,gaussian,gaussian,clean,0.0,0.00030824192556992973,0.0175568199162015,0.9166666666666666,0.9166666666666666,0,0.0014420990009966772,4,12.0,0.057344306339101356,target_sparsity_reached,1,1,0.00011687099686241709,21.5,False,,0,0,1.6202573503279265,1.0,1.0,1.0,1.0,1.0,1.0,0.0,3480.0,1024.0,2048.0,0.0,0.0,0.0,240.0,40.0,32.0,32.0,32.0,32.0,0.0,1.9767001504078507e-05,0.0009443009985261597,8.560000060242601e-05,2.4740002118051052e-05,0.00013308199777384289
16,12,Improved-gOMP,optimized,Improved-gOMP (optimized),128,256,0.5,gaussian,gaussian,clean,0.0,4.467226968250496e-31,6.683731718322106e-16,1.0,1.0,1,0.0011572939984034747,5,12.0,2.2810764470292715e-15,residual_tol,0,0,0.0001065339965862222,0.0,True,,0,0,1.5509845588105866,1.0,1.0,0.0,0.0,1.0,0.0,1.0,4512.0,1024.0,2048.0,0.0,1152.0,96.0,96.0,48.0,40.0,0.0,0.0,8.0,0.0,2.5201003154506907e-05,0.0004583039990393445,0.00017308099631918594,3.424199530854821e-05,0.00035097500222036615
17,12,OMP,baseline,OMP (baseline),128,256,0.5,gaussian,gaussian,clean,0.0,1.4033568041850345e-30,1.1846336160117333e-15,1.0,1.0,1,0.0006508850019599777,12,12.0,4.240850775867279e-15,target_sparsity_reached,0,0,0.0002432449982734397,1.0,False,,0,0,1.5672142022912434,0.0,0.0,0.0,0.0,0.0,0.0,0.0,3896.0,1024.0,2048.0,0.0,0.0,0.0,624.0,104.0,0.0,0.0,0.0,96.0,0.0,4.9761005357140675e-05,7.259799167513847e-05,0.0002432449982734397,6.860799112473615e-05,0.0
17,12,OMP,optimized,OMP (optimized),128,256,0.5,gaussian,gaussian,clean,0.0,1.190209586084149e-20,1.0909672708583649e-10,1.0,1.0,1,0.0003585940030461643,12,12.0,3.8164310492618304e-10,target_sparsity_reached,0,0,0.00013359600052353926,1.0,True,,0,0,1.5672142022912434,0.0,0.0,0.0,0.0,0.0,0.0,0.0,2736.0,1024.0,0.0,256.0,1152.0,96.0,96.0,104.0,0.0,0.0,0.0,8.0,0.0,3.9533002563985065e-05,1.469899871153757e-05,0.00013359600052353926,4.884900772594847e-05,7.218999598990194e-05
17,12,gOMP,baseline,gOMP (baseline),128,256,0.5,gaussian,gaussian,clean,0.0,1.674759383104693e-30,1.2941249487992623e-15,1.0,1.0,1,0.0002635829987411853,4,12.0,5.022172766138008e-15,target_sparsity_reached,0,0,9.540799874230288e-05,3.0,False,,0,0,1.5672142022912432,0.0,0.0,0.0,0.0,0.0,0.0,0.0,3640.0,1024.0,2048.0,256.0,0.0,0.0,240.0,40.0,0.0,0.0,0.0,32.0,0.0,1.5494002582272515e-05,4.014801015728153e-05,9.540799874230288e-05,2.326600588276051e-05,0.0
17,12,gOMP,optimized,gOMP (optimized),128,256,0.5,gaussian,gaussian,clean,0.0,1.190207071861168e-20,1.0909661185670103e-10,1.0,1.0,1,0.00015233600061037578,4,12.0,3.816427385036307e-10,target_sparsity_reached,0,0,5.121299909660593e-05,3.0,True,,0,0,1.5672142022912432,0.0,0.0,0.0,0.0,0.0,0.0,0.0,1424.0,1024.0,0.0,256.0,0.0,0.0,96.0,40.0,0.0,0.0,0.0,8.0,0.0,1.5145000361371785e-05,3.233699681004509e-05,5.121299909660593e-05,1.696000254014507e-05,0.0
17,12,Improved-gOMP,baseline,Improved-gOMP (baseline),128,256,0.5,gaussian,gaussian,clean,0.0,1.7373039042034837e-30,1.3180682471721574e-15,1.0,1.0,1,0.002568240997788962,5,12.0,5.0066223260489236e-15,residual_tol,0,0,0.00016023799980757758,16.8,False,,0,0,1.5672142022912428,1.0,1.0,1.0,1.0,1.0,1.0,0.0,3600.0,1024.0,2048.0,0.0,0.0,0.0,320.0,48.0,40.0,40.0,40.0,40.0,0.0,2.7716003387467936e-05,0.0017711489999783225,0.00013374199625104666,3.424799797357991e-05,0.0003145299924653955
17,12,Improved-gOMP,optimized,Improved-gOMP (optimized),128,256,0.5,gaussian,gaussian,clean,0.0,2.5309080757990502e-30,1.5908827976312554e-15,1.0,1.0,1,0.0013143819996912498,5,12.0,6.3219111958476334e-15,residual_tol,0,0,0.0001105619958252646,0.0,True,,0,0,1.567214202291243,1.0,1.0,0.0,0.0,1.0,0.0,1.0,4512.0,1024.0,2048.0,0.0,1152.0,96.0,96.0,48.0,40.0,0.0,0.0,8.0,0.0,2.1578998712357134e-05,0.0005794429962406866,0.0001900000061141327,3.502099571051076e-05,0.0003612750042520929
18,12,OMP,baseline,OMP (baseline),128,256,0.5,gaussian,gaussian,clean,0.0,9.470106375154964e-30,3.077353794277636e-15,1.0,1.0,1,0.0009286869972129352,12,12.0,1.0410078325524264e-14,target_sparsity_reached,0,0,0.0003051449893973768,1.0,False,,0,0,1.5377509682771977,0.0,0.0,0.0,0.0,0.0,0.0,0.0,3896.0,1024.0,2048.0,0.0,0.0,0.0,624.0,104.0,0.0,0.0,0.0,96.0,0.0,8.478200470563024e-05,9.860199861577712e-05,0.0003051449893973768,0.00010173800546908751,0.0
18,12,OMP,optimized,OMP (optimized),128,256,0.5,gaussian,gaussian,clean,0.0,9.013637811799762e-21,9.494018017572835e-11,1.0,1.0,1,0.0003931070023099892,12,12.0,2.854741450903452e-10,target_sparsity_reached,0,0,0.00014591699437005445,1.0,True,,0,0,1.5377509682771977,0.0,0.0,0.0,0.0,0.0,0.0,0.0,2736.0,1024.0,0.0,256.0,1152.0,96.0,96.0,104.0,0.0,0.0,0.0,8.0,0.0,5.044099816586822e-05,1.641999915591441e-05,0.00014591699437005445,5.228500594967045e-05,7.75139924371615e-05
18,12,gOMP,baseline,gOMP (baseline),128,256,0.5,gaussian,gaussian,clean,0.0,0.008354101924062624,0.09140077638654184,0.9166666666666666,0.9166666666666666,0,0.0002612770003906917,4,12.0,0.25199469607354635,target_sparsity_reached,1,1,9.33679984882474e-05,3.0,False,,0,0,1.711012182980002,0.0,0.0,0.0,0.0,0.0,0.0,0.0,3640.0,1024.0,2048.0,256.0,0.0,0.0,240.0,40.0,0.0,0.0,0.0,32.0,0.0,1.8907998310169205e-05,4.065100438310765e-05,9.33679984882474e-05,2.597000275272876e-05,0.0
18,12,gOMP,optimized,gOMP (optimized),128,256,0.5,gaussian,gaussian,clean,0.0,0.008354101922913366,0.09140077638025493,0.9166666666666666,0.9166666666666666,0,0.00027801000032923184,4,12.0,0.2519946960735463,target_sparsity_reached,1,1,6.943000335013494e-05,3.0,True,,0,0,1.711012182980002,0.0,0.0,0.0,0.0,0.0,0.0,0.0,1424.0,1024.0,0.0,256.0,0.0,0.0,96.0,40.0,0.0,0.0,0.0,8.0,0.0,2.895299985539168e-05,4.428800457390025e-05,6.943000335013494e-05,8.388800051761791e-05,0.0
18,12,Improved-gOMP,baseline,Improved-gOMP (baseline),128,256,0.5,gaussian,gaussian,clean,0.0,0.008364971146635957,0.09146021619609238,0.9166666666666666,0.9166666666666666,0,0.001378586999635445,4,12.0,0.25216545157354225,target_sparsity_reached,1,1,0.0001156430043920409,20.0,False,,0,0,1.5559284768463144,1.0,1.0,1.0,1.0,1.0,1.0,0.0,3480.0,1024.0,2048.0,0.0,0.0,0.0,240.0,40.0,32.0,32.0,32.0,32.0,0.0,2.1284999093040824e-05,0.0009333580055681523,8.595199687988497e-05,2.5038003514055163e-05,0.0001248949956789147
18,12,Improved-gOMP,optimized,Improved-gOMP (optimized),128,256,0.5,gaussian,gaussian,clean,0.0,0.008354101922913354,0.09140077638025486,0.9166666666666666,0.9166666666666666,0,0.0008362529988517053,4,12.0,0.2519946960735463,target_sparsity_reached,1,1,0.0001011260028462857,0.0,True,,0,0,1.711012182980002,1.0,1.0,0.0,0.0,1.0,0.0,1.0,4496.0,1024.0,2048.0,0.0,1152.0,96.0,96.0,40.0,32.0,0.0,0.0,8.0,0.0,1.89440070244018e-05,0.0003675179978017695,0.0001554810005472973,2.8296999516896904e-05,0.0001618329988559708
19,12,OMP,baseline,OMP (baseline),128,256,0.5,gaussian,gaussian,clean,0.0,3.967037268017729e-30,1.9917422694760807e-15,1.0,1.0,1,0.0007075210014590994,12,12.0,8.629516145038129e-15,target_sparsity_reached,0,0,0.00025329700656584464,1.0,False,,0,0,1.6612760560644002,0.0,0.0,0.0,0.0,0.0,0.0,0.0,3896.0,1024.0,2048.0,0.0,0.0,0.0,624.0,104.0,0.0,0.0,0.0,96.0,0.0,5.593099558609538e-05,7.372600884991698e-05,0.00025329700656584464,7.36760011932347e-05,0.0
19,12,OMP,optimized,OMP (optimized),128,256,0.5,gaussian,gaussian,clean,0.0,1.269479872622823e-20,1.126711974118862e-10,1.0,1.0,1,0.00039546700281789526,12,12.0,4.1074614251034196e-10,target_sparsity_reached,0,0,0.0001484280037402641,1.0,True,,0,0,1.6612760560644002,0.0,0.0,0.0,0.0,0.0,0.0,0.0,2736.0,1024.0,0.0,256.0,1152.0,96.0,96.0,104.0,0.0,0.0,0.0,8.0,0.0,4.475000241654925e-05,1.6415000573033467e-05,0.0001484280037402641,5.344599412637763e-05,8.18639928183984e-05
19,12,gOMP,baseline,gOMP (baseline),128,256,0.5,gaussian,gaussian,clean,0.0,5.717800226531338e-05,0.007561613734204715,0.9166666666666666,0.9166666666666666,0,0.00027000099726137705,4,12.0,0.02675547417799817,target_sparsity_reached,1,1,0.0001015759989968501,3.0,False,,0,0,1.771304088126636,0.0,0.0,0.0,0.0,0.0,0.0,0.0,3640.0,1024.0,2048.0,256.0,0.0,0.0,240.0,40.0,0.0,0.0,0.0,32.0,0.0,1.5752997569506988e-05,4.1388000681763515e-05,0.0001015759989968501,2.3477998183807358e-05,0.0
19,12,gOMP,optimized,gOMP (optimized),128,256,0.5,gaussian,gaussian,clean,0.0,5.717800259088268e-05,0.007561613755732481,0.9166666666666666,0.9166666666666666,0,0.00014979600018705241,4,12.0,0.026755474177998107,target_sparsity_reached,1,1,5.00089990964625e-05,3.0,True,,0,0,1.771304088126636,0.0,0.0,0.0,0.0,0.0,0.0,0.0,1424.0,1024.0,0.0,256.0,0.0,0.0,96.0,40.0,0.0,0.0,0.0,8.0,0.0,1.4575995010090992e-05,3.0315000913105905e-05,5.00089990964625e-05,1.6734004020690918e-05,0.0
19,12,Improved-gOMP,baseline,Improved-gOMP (baseline),128,256,0.5,gaussian,gaussian,clean,0.0,5.8889071642433764e-05,0.007673921529598395,0.9166666666666666,0.9166666666666666,0,0.0014120710002316628,4,12.0,0.02656434927518524,target_sparsity_reached,1,1,0.00011687499863910489,20.5,False,,0,0,1.721108388205706,1.0,1.0,1.0,1.0,1.0,1.0,0.0,3480.0,1024.0,2048.0,0.0,0.0,0.0,240.0,40.0,32.0,32.0,32.0,32.0,0.0,1.8684997485252097e-05,0.0009597029966244008,8.564000017940998e-05,2.3837001208448783e-05,0.00013530200158129446
19,12,Improved-gOMP,optimized,Improved-gOMP (optimized),128,256,0.5,gaussian,gaussian,clean,0.0,1.2694790470888941e-20,1.1267116077723234e-10,1.0,1.0,1,0.0011238970000704285,5,12.0,4.107459353034292e-10,residual_tol,0,0,0.00012373299614409916,0.0,True,,0,0,1.6612760560644009,1.0,1.0,0.0,0.0,1.0,0.0,1.0,4512.0,1024.0,2048.0,0.0,1152.0,96.0,96.0,48.0,40.0,0.0,0.0,8.0,0.0,2.1716998162446544e-05,0.00044820299808634445,0.00019110899665975012,3.669099532999098e-05,0.0003089150050072931
20,12,OMP,baseline,OMP (baseline),128,256,0.5,gaussian,gaussian,clean,0.0,6.0377507009660855e-31,7.770296455712668e-16,1.0,1.0,1,0.0006105320026108529,12,12.0,2.148613119230931e-15,target_sparsity_reached,0,0,0.0002162449964089319,1.0,False,,0,0,1.512323060940099,0.0,0.0,0.0,0.0,0.0,0.0,0.0,3896.0,1024.0,2048.0,0.0,0.0,0.0,624.0,104.0,0.0,0.0,0.0,96.0,0.0,5.343899465515278e-05,6.9042005634401e-05,0.0002162449964089319,6.886299888719805e-05,0.0
20,12,OMP,optimized,OMP (optimized),128,256,0.5,gaussian,gaussian,clean,0.0,1.0672721058494228e-20,1.0330886243926136e-10,1.0,1.0,1,0.0003740739994100295,12,12.0,2.616677899652405e-10,target_sparsity_reached,0,0,0.00013829899762640707,1.0,True,,0,0,1.512323060940099,0.0,0.0,0.0,0.0,0.0,0.0,0.0,2736.0,1024.0,0.0,256.0,1152.0,96.0,96.0,104.0,0.0,0.0,0.0,8.0,0.0,4.748100400320254e-05,1.4948000170988962e-05,0.00013829899762640707,4.921299478155561e-05,7.446300151059404e-05
20,12,gOMP,baseline,gOMP (baseline),128,256,0.5,gaussian,gaussian,clean,0.0,0.0039308740973405245,0.06269668330414715,0.9166666666666666,0.9166666666666666,0,0.0003786810011661146,4,12.0,0.15334247720634614,target_sparsity_reached,1,1,0.00010054499944089912,3.0,False,,0,0,1.6972430795737623,0.0,0.0,0.0,0.0,0.0,0.0,0.0,3640.0,1024.0,2048.0,256.0,0.0,0.0,240.0,40.0,0.0,0.0,0.0,32.0,0.0,2.1479998395079747e-05,4.316900594858453e-05,0.00010054499944089912,2.910900002461858e-05,0.0
20,12,gOMP,optimized,gOMP (optimized),128,256,0.5,gaussian,gaussian,clean,0.0,0.003930874096430044,0.06269668329688616,0.9166666666666666,0.9166666666666666,0,0.00018420500055071898,4,12.0,0.15334247720634617,target_sparsity_reached,1,1,5.851300011272542e-05,3.0,True,,0,0,1.6972430795737623,0.0,0.0,0.0,0.0,0.0,0.0,0.0,1424.0,1024.0,0.0,256.0,0.0,0.0,96.0,40.0,0.0,0.0,0.0,8.0,0.0,2.0233001123415306e-05,3.792800271185115e-05,5.851300011272542e-05,1.8967002688441426e-05,0.0
20,12,Improved-gOMP,baseline,Improved-gOMP (baseline),128,256,0.5,gaussian,gaussian,clean,0.0,0.0038758657403224284,0.06225645139519621,0.9166666666666666,0.9166666666666666,0,0.0021090970003569964,4,12.0,0.15349665643041874,target_sparsity_reached,1,1,0.0001595840039954055,19.75,False,,0,0,1.7104901341361896,1.0,1.0,1.0,1.0,1.0,1.0,0.0,3480.0,1024.0,2048.0,0.0,0.0,0.0,240.0,40.0,32.0,32.0,32.0,32.0,0.0,3.645199831225909e-05,0.0014615810032410081,0.0001313880020461511,3.736399958143011e-05,0.00014075199942453764
20,12,Improved-gOMP,optimized,Improved-gOMP (optimized),128,256,0.5,gaussian,gaussian,clean,0.0,0.003930874096430033,0.06269668329688607,0.9166666666666666,0.9166666666666666,0,0.0008090570008789655,4,12.0,0.15334247720634614,target_sparsity_reached,1,1,9.035200127982534e-05,0.0,True,,0,0,1.6972430795737623,1.0,1.0,0.0,0.0,1.0,0.0,1.0,4496.0,1024.0,2048.0,0.0,1152.0,96.0,96.0,40.0,32.0,0.0,0.0,8.0,0.0,3.4413002140354365e-05,0.0003793399955611676,0.00015266199989127927,2.7477995899971575e-05,0.00010706199464038946
21,12,OMP,baseline,OMP (baseline),128,256,0.5,gaussian,gaussian,clean,0.0,8.974222009915856e-31,9.473237044387654e-16,1.0,1.0,1,0.0006432430018321611,12,12.0,2.1145816669043905e-15,target_sparsity_reached,0,0,0.00023089899696060456,1.0,False,,0,0,1.8050424235234304,0.0,0.0,0.0,0.0,0.0,0.0,0.0,3896.0,1024.0,2048.0,0.0,0.0,0.0,624.0,104.0,0.0,0.0,0.0,96.0,0.0,5.531000715564005e-05,6.775899601052515e-05,0.00023089899696060456,7.939399074530229e-05,0.0
21,12,OMP,optimized,OMP (optimized),128,256,0.5,gaussian,gaussian,clean,0.0,1.8860431566638522e-20,1.373332864481096e-10,1.0,1.0,1,0.00037171000076341443,12,12.0,3.179030664516975e-10,target_sparsity_reached,0,0,0.00013612000839202665,1.0,True,,0,0,1.8050424235234304,0.0,0.0,0.0,0.0,0.0,0.0,0.0,2736.0,1024.0,0.0,256.0,1152.0,96.0,96.0,104.0,0.0,0.0,0.0,8.0,0.0,4.856200030189939e-05,1.6137004422489554e-05,0.00013612000839202665,5.0252001528861e-05,7.307900887099095e-05
21,12,gOMP,baseline,gOMP (baseline),128,256,0.5,gaussian,gaussian,clean,0.0,0.0007810004076172112,0.02794638451780858,0.9166666666666666,0.9166666666666666,0,0.0002824280018103309,4,12.0,0.06676086534215915,target_sparsity_reached,1,1,9.627500185160898e-05,3.0,False,,0,0,1.8200557325341844,0.0,0.0,0.0,0.0,0.0,0.0,0.0,3640.0,1024.0,2048.0,256.0,0.0,0.0,240.0,40.0,0.0,0.0,0.0,32.0,0.0,1.9599992810981348e-05,4.729200009023771e-05,9.627500185160898e-05,2.82869950751774e-05,0.0
21,12,gOMP,optimized,gOMP (optimized),128,256,0.5,gaussian,gaussian,clean,0.0,0.0007810004062310264,0.027946384493007792,0.9166666666666666,0.9166666666666666,0,0.00021026900139986537,4,12.0,0.06676086534215914,target_sparsity_reached,1,1,5.9146001149201766e-05,3.0,True,,0,0,1.8200557325341844,0.0,0.0,0.0,0.0,0.0,0.0,0.0,1424.0,1024.0,0.0,256.0,0.0,0.0,96.0,40.0,0.0,0.0,0.0,8.0,0.0,4.66759993287269e-05,3.941800241591409e-05,5.9146001149201766e-05,2.2012998670106754e-05,0.0
21,12,Improved-gOMP,baseline,Improved-gOMP (baseline),128,256,0.5,gaussian,gaussian,clean,0.0,0.0007617267406726011,0.02759939746937605,0.9166666666666666,0.9166666666666666,0,0.0019293929981358815,5,12.0,0.06750744758432599,target_sparsity_reached,1,1,0.00013232399578555487,16.6,False,,0,0,1.7791791294579553,1.0,1.0,1.0,1.0,1.0,1.0,0.0,3600.0,1024.0,2048.0,0.0,0.0,0.0,320.0,48.0,40.0,40.0,40.0,40.0,0.0,2.2960004571359605e-05,0.001252479003596818,0.00010374000339652412,2.676600342965685e-05,0.0003059010050492361
21,12,Improved-gOMP,optimized,Improved-gOMP (optimized),128,256,0.5,gaussian,gaussian,clean,0.0,1.8860453225768098e-20,1.3733336530416817e-10,1.0,1.0,1,0.00102287499976228,5,12.0,3.1790316217021414e-10,residual_tol,0,0,9.655799658503383e-05,0.0,True,,0,0,1.8050424235234306,1.0,1.0,0.0,0.0,1.0,0.0,1.0,4512.0,1024.0,2048.0,0.0,1152.0,96.0,96.0,48.0,40.0,0.0,0.0,8.0,0.0,2.0153998775640503e-05,0.00042950400529662147,0.00016151999807334505,3.542700142133981e-05,0.0002678860037121922
22,12,OMP,baseline,OMP (baseline),128,256,0.5,gaussian,gaussian,clean,0.0,1.1103339999922224e-30,1.0537238727447636e-15,1.0,1.0,1,0.0006853590020909905,12,12.0,4.572896918179114e-15,target_sparsity_reached,0,0,0.00026133099891012534,1.0,False,,0,0,1.7031311220813636,0.0,0.0,0.0,0.0,0.0,0.0,0.0,3896.0,1024.0,2048.0,0.0,0.0,0.0,624.0,104.0,0.0,0.0,0.0,96.0,0.0,5.81519961997401e-05,7.141500464058481e-05,0.00026133099891012534,7.629001265740953e-05,0.0
22,12,OMP,optimized,OMP (optimized),128,256,0.5,gaussian,gaussian,clean,0.0,2.0759287501478894e-20,1.4408083669065396e-10,1.0,1.0,1,0.0003733199991984293,12,12.0,4.968419336940237e-10,target_sparsity_reached,0,0,0.0001376430045638699,1.0,True,,0,0,1.7031311220813636,0.0,0.0,0.0,0.0,0.0,0.0,0.0,2736.0,1024.0,0.0,256.0,1152.0,96.0,96.0,104.0,0.0,0.0,0.0,8.0,0.0,4.746500781038776e-05,1.6044010408222675e-05,0.0001376430045638699,5.0419002946000546e-05,7.460000415449031e-05
22,12,gOMP,baseline,gOMP (baseline),128,256,0.5,gaussian,gaussian,clean,0.0,6.094578800892038e-06,0.002468720073417,0.9166666666666666,0.9166666666666666,0,0.0002534099985496141,4,12.0,0.009278128477558746,target_sparsity_reached,1,1,8.973800140665844e-05,3.0,False,,0,0,1.7863520992091302,0.0,0.0,0.0,0.0,0.0,0.0,0.0,3640.0,1024.0,2048.0,256.0,0.0,0.0,240.0,40.0,0.0,0.0,0.0,32.0,0.0,1.7513997590867803e-05,4.280700159142725e-05,8.973800140665844e-05,2.3578002583235502e-05,0.0
22,12,gOMP,optimized,gOMP (optimized),128,256,0.5,gaussian,gaussian,clean,0.0,6.094578763599094e-06,0.002468720065863907,0.9166666666666666,0.9166666666666666,0,0.00016979800057015382,4,12.0,0.009278128477558758,target_sparsity_reached,1,1,6.349000614136457e-05,3.0,True,,0,0,1.7863520992091302,0.0,0.0,0.0,0.0,0.0,0.0,0.0,1424.0,1024.0,0.0,256.0,0.0,0.0,96.0,40.0,0.0,0.0,0.0,8.0,0.0,1.716099723125808e-05,3.2472005841555074e-05,6.349000614136457e-05,1.999300002353266e-05,0.0
22,12,Improved-gOMP,baseline,Improved-gOMP (baseline),128,256,0.5,gaussian,gaussian,clean,0.0,6.1314638693886685e-06,0.0024761792886196002,0.9166666666666666,0.9166666666666666,0,0.0013533870005630888,4,12.0,0.009250989715759666,target_sparsity_reached,1,1,0.00011111600178992376,20.5,False,,0,0,1.7276793004063784,1.0,1.0,1.0,1.0,1.0,1.0,0.0,3480.0,1024.0,2048.0,0.0,0.0,0.0,240.0,40.0,32.0,32.0,32.0,32.0,0.0,2.1078001736896113e-05,0.000923550996958511,8.565600364818238e-05,2.5541001377860084e-05,0.00011566399552975781
22,12,Improved-gOMP,optimized,Improved-gOMP (optimized),128,256,0.5,gaussian,gaussian,clean,0.0,2.0759308220034157e-20,1.4408090858970232e-10,1.0,1.0,1,0.0007455720005964395,4,12.0,4.96842158961782e-10,residual_tol,0,0,8.480800170218572e-05,0.0,True,,0,0,1.7031311220813623,1.0,1.0,0.0,0.0,1.0,0.0,1.0,4496.0,1024.0,2048.0,0.0,1152.0,96.0,96.0,40.0,32.0,0.0,0.0,8.0,0.0,1.8178001482738182e-05,0.000361585000064224,0.00014368800111697055,2.738900002441369e-05,9.991500701289624e-05
23,12,OMP,baseline,OMP (baseline),128,256,0.5,gaussian,gaussian,clean,0.0,6.120858166914238e-31,7.823591353665041e-16,1.0,1.0,1,0.0006430370012822095,12,12.0,3.3676232903596637e-15,target_sparsity_reached,0,0,0.00023546599913970567,1.0,False,,0,0,1.651411288683709,0.0,0.0,0.0,0.0,0.0,0.0,0.0,3896.0,1024.0,2048.0,0.0,0.0,0.0,624.0,104.0,0.0,0.0,0.0,96.0,0.0,5.671000326401554e-05,7.03919904481154e-05,0.00023546599913970567,6.517000292660668e-05,0.0
23,12,OMP,optimized,OMP (optimized),128,256,0.5,gaussian,gaussian,clean,0.0,1.0025620669213627e-20,1.0012802139867554e-10,1.0,1.0,1,0.0005126869982632343,12,12.0,4.083032286939546e-10,target_sparsity_reached,0,0,0.0001667039905441925,1.0,True,,0,0,1.651411288683709,0.0,0.0,0.0,0.0,0.0,0.0,0.0,2736.0,1024.0,0.0,256.0,1152.0,96.0,96.0,104.0,0.0,0.0,0.0,8.0,0.0,0.00011598899072851054,2.0528994355117902e-05,0.0001667039905441925,5.696700100088492e-05,9.315200441051275e-05
23,12,gOMP,baseline,gOMP (baseline),128,256,0.5,gaussian,gaussian,clean,0.0,1.8807886578506803e-30,1.3714184838519133e-15,1.0,1.0,1,0.00028055499933543615,4,12.0,6.588972116166536e-15,target_sparsity_reached,0,0,0.00010541799565544352,3.0,False,,0,0,1.6514112886837091,0.0,0.0,0.0,0.0,0.0,0.0,0.0,3640.0,1024.0,2048.0,256.0,0.0,0.0,240.0,40.0,0.0,0.0,0.0,32.0,0.0,1.62840005941689e-05,4.230899867252447e-05,0.00010541799565544352,2.4253000447060913e-05,0.0
23,12,gOMP,optimized,gOMP (optimized),128,256,0.5,gaussian,gaussian,clean,0.0,1.0025571531991798e-20,1.0012777602639438e-10,1.0,1.0,1,0.0001552420035295654,4,12.0,4.0830255302373026e-10,target_sparsity_reached,0,0,5.23449998581782e-05,3.0,True,,0,0,1.6514112886837091,0.0,0.0,0.0,0.0,0.0,0.0,0.0,1424.0,1024.0,0.0,256.0,0.0,0.0,96.0,40.0,0.0,0.0,0.0,8.0,0.0,1.4763998478883877e-05,3.2275998819386587e-05,5.23449998581782e-05,1.7819998902268708e-05,0.0
23,12,Improved-gOMP,baseline,Improved-gOMP (baseline),128,256,0.5,gaussian,gaussian,clean,0.0,0.006867668713109122,0.08287139864337467,0.9166666666666666,0.9166666666666666,0,0.0017791669997677673,4,12.0,0.3266352806867594,target_sparsity_reached,1,1,0.00013709099584957585,20.25,False,,0,0,1.706549831640064,1.0,1.0,1.0,1.0,1.0,1.0,0.0,3480.0,1024.0,2048.0,0.0,0.0,0.0,240.0,40.0,32.0,32.0,32.0,32.0,0.0,2.0061004761373624e-05,0.0012563929994939826,0.00010352200479246676,2.6214998797513545e-05,0.00015830600023036823
23,12,Improved-gOMP,optimized,Improved-gOMP (optimized),128,256,0.5,gaussian,gaussian,clean,0.0,1.8807886578506803e-30,1.3714184838519133e-15,1.0,1.0,1,0.0014000170012877788,5,12.0,6.588972116166536e-15,residual_tol,0,0,0.00012113500270061195,0.0,True,,0,0,1.6514112886837091,1.0,1.0,0.0,0.0,1.0,0.0,1.0,4512.0,1024.0,2048.0,0.0,1152.0,96.0,96.0,48.0,40.0,0.0,0.0,8.0,0.0,2.2074000298744068e-05,0.0005376170011004433,0.00020528700042632408,3.4893997508333996e-05,0.00046702600229764357
24,12,OMP,baseline,OMP (baseline),128,256,0.5,gaussian,gaussian,clean,0.0,7.913487766142546e-31,8.89577864278476e-16,1.0,1.0,1,0.0006171059976622928,12,12.0,3.2002013938324424e-15,target_sparsity_reached,0,0,0.00021784899581689388,1.0,False,,0,0,1.7129699981008168,0.0,0.0,0.0,0.0,0.0,0.0,0.0,3896.0,1024.0,2048.0,0.0,0.0,0.0,624.0,104.0,0.0,0.0,0.0,96.0,0.0,5.696699736290611e-05,6.725700222887099e-05,0.00021784899581689388,7.347799328272231e-05,0.0
24,12,OMP,optimized,OMP (optimized),128,256,0.5,gaussian,gaussian,clean,0.0,9.85019979953573e-21,9.9248172776811e-11,1.0,1.0,1,0.00041426100142416544,12,12.0,3.386381984236996e-10,target_sparsity_reached,0,0,0.00014741799532203004,1.0,True,,0,0,1.7129699981008168,0.0,0.0,0.0,0.0,0.0,0.0,0.0,2736.0,1024.0,0.0,256.0,1152.0,96.0,96.0,104.0,0.0,0.0,0.0,8.0,0.0,5.2422998123802245e-05,1.7571001080796123e-05,0.00014741799532203004,6.586499148397706e-05,7.965000986587256e-05
24,12,gOMP,baseline,gOMP (baseline),128,256,0.5,gaussian,gaussian,clean,0.0,0.002288840253043206,0.047841825352333764,0.9166666666666666,0.9166666666666666,0,0.00025109899797826074,4,12.0,0.1515517900457279,target_sparsity_reached,1,1,9.022600352182053e-05,3.0,False,,0,0,1.688110243730176,0.0,0.0,0.0,0.0,0.0,0.0,0.0,3640.0,1024.0,2048.0,256.0,0.0,0.0,240.0,40.0,0.0,0.0,0.0,32.0,0.0,1.826700463425368e-05,3.750499672605656e-05,9.022600352182053e-05,2.3981003323569894e-05,0.0
24,12,gOMP,optimized,gOMP (optimized),128,256,0.5,gaussian,gaussian,clean,0.0,0.002288840252249791,0.0478418253440417,0.9166666666666666,0.9166666666666666,0,0.00014652499885414727,4,12.0,0.1515517900457279,target_sparsity_reached,1,1,4.827299926546402e-05,3.0,True,,0,0,1.688110243730176,0.0,0.0,0.0,0.0,0.0,0.0,0.0,1424.0,1024.0,0.0,256.0,0.0,0.0,96.0,40.0,0.0,0.0,0.0,8.0,0.0,1.7129004845628515e-05,2.935200245701708e-05,4.827299926546402e-05,1.632100247661583e-05,0.0
24,12,Improved-gOMP,baseline,Improved-gOMP (baseline),128,256,0.5,gaussian,gaussian,clean,0.0,6.114967819291968e-31,7.819825969477817e-16,1.0,1.0,1,0.0014359189990500454,4,12.0,2.9556939221272342e-15,residual_tol,0,0,0.00011182599337189458,20.25,False,,0,0,1.7129699981008164,1.0,1.0,1.0,1.0,1.0,1.0,0.0,3480.0,1024.0,2048.0,0.0,0.0,0.0,240.0,40.0,32.0,32.0,32.0,32.0,0.0,2.030600080615841e-05,0.0009995940017688554,8.562700168113224e-05,2.4264001694973558e-05,0.0001213529976666905
24,12,Improved-gOMP,optimized,Improved-gOMP (optimized),128,256,0.5,gaussian,gaussian,clean,0.0,9.850194339169793e-21,9.924814526816001e-11,1.0,1.0,1,0.0007818019985279534,4,12.0,3.3863822166620553e-10,residual_tol,0,0,8.732799688004889e-05,0.0,True,,0,0,1.7129699981008164,1.0,1.0,0.0,0.0,1.0,0.0,1.0,4496.0,1024.0,2048.0,0.0,1152.0,96.0,96.0,40.0,32.0,0.0,0.0,8.0,0.0,1.9573002646211535e-05,0.00038073899850132875,0.00014844800170976669,2.7528007194632664e-05,0.00010335200568079017
25,12,OMP,baseline,OMP (baseline),128,256,0.5,gaussian,gaussian,clean,0.0,1.1507959632747973e-30,1.072751585072144e-15,1.0,1.0,1,0.0006470359985542018,12,12.0,2.9047912231305785e-15,target_sparsity_reached,0,0,0.0002500420050637331,1.0,False,,0,0,1.8990852253686172,0.0,0.0,0.0,0.0,0.0,0.0,0.0,3896.0,1024.0,2048.0,0.0,0.0,0.0,624.0,104.0,0.0,0.0,0.0,96.0,0.0,4.52130007033702e-05,7.035699672996998e-05,0.0002500420050637331,6.57299933664035e-05,0.0
25,12,OMP,optimized,OMP (optimized),128,256,0.5,gaussian,gaussian,clean,0.0,1.3077082631057592e-20,1.1435507260746063e-10,1.0,1.0,1,0.0003557370000635274,12,12.0,2.5443313337168987e-10,target_sparsity_reached,0,0,0.0001353659936285112,1.0,True,,0,0,1.8990852253686172,0.0,0.0,0.0,0.0,0.0,0.0,0.0,2736.0,1024.0,0.0,256.0,1152.0,96.0,96.0,104.0,0.0,0.0,0.0,8.0,0.0,3.8961003156146035e-05,1.5380999684566632e-05,0.0001353659936285112,4.867001189268194e-05,7.272100629052147e-05
25,12,gOMP,baseline,gOMP (baseline),128,256,0.5,gaussian,gaussian,clean,0.0,8.53997538784223e-31,9.241198725188324e-16,1.0,1.0,1,0.00023919000159366988,4,12.0,2.0916219248132016e-15,target_sparsity_reached,0,0,8.699499812792055e-05,3.0,False,,0,0,1.8990852253686175,0.0,0.0,0.0,0.0,0.0,0.0,0.0,3640.0,1024.0,2048.0,256.0,0.0,0.0,240.0,40.0,0.0,0.0,0.0,32.0,0.0,1.5264999092323706e-05,3.6199002352077514e-05,8.699499812792055e-05,2.152500019292347e-05,0.0
25,12,gOMP,optimized,gOMP (optimized),128,256,0.5,gaussian,gaussian,clean,0.0,1.3077052546910678e-20,1.1435494106907089e-10,1.0,1.0,1,0.00014196800111676566,4,12.0,2.54432766505834e-10,target_sparsity_reached,0,0,4.886700480710715e-05,3.0,True,,0,0,1.8990852253686175,0.0,0.0,0.0,0.0,0.0,0.0,0.0,1424.0,1024.0,0.0,256.0,0.0,0.0,96.0,40.0,0.0,0.0,0.0,8.0,0.0,1.384899951517582e-05,2.9480001103365794e-05,4.886700480710715e-05,1.6215999494306743e-05,0.0
25,12,Improved-gOMP,baseline,Improved-gOMP (baseline),128,256,0.5,gaussian,gaussian,clean,0.0,1.02001513725971e-30,1.0099579878686589e-15,1.0,1.0,1,0.0019367909990251064,5,12.0,2.570244419577049e-15,residual_tol,0,0,0.0001332990032096859,17.0,False,,0,0,1.8990852253686181,1.0,1.0,1.0,1.0,1.0,1.0,0.0,3600.0,1024.0,2048.0,0.0,0.0,0.0,320.0,48.0,40.0,40.0,40.0,40.0,0.0,2.242600021418184e-05,0.001257825002539903,0.00011037900185328908,2.874100027838722e-05,0.0002817230015352834
25,12,Improved-gOMP,optimized,Improved-gOMP (optimized),128,256,0.5,gaussian,gaussian,clean,0.0,1.02001513725971e-30,1.0099579878686589e-15,1.0,1.0,1,0.001104312999814283,5,12.0,2.570244419577049e-15,residual_tol,0,0,9.825199595070444e-05,0.0,True,,0,0,1.8990852253686181,1.0,1.0,0.0,0.0,1.0,0.0,1.0,4512.0,1024.0,2048.0,0.0,1152.0,96.0,96.0,48.0,40.0,0.0,0.0,8.0,0.0,2.072099960059859e-05,0.00042541300354059786,0.00016154400145751424,4.296100087231025e-05,0.00033706599788274616
26,12,OMP,baseline,OMP (baseline),128,256,0.5,gaussian,gaussian,clean,0.0,8.52561394967483e-31,9.23342512271304e-16,1.0,1.0,1,0.0006864030001452193,12,12.0,2.5947752296843243e-15,target_sparsity_reached,0,0,0.00023689699082751758,1.0,False,,0,0,1.7148852607408138,0.0,0.0,0.0,0.0,0.0,0.0,0.0,3896.0,1024.0,2048.0,0.0,0.0,0.0,624.0,104.0,0.0,0.0,0.0,96.0,0.0,6.057300925021991e-05,7.756100603728555e-05,0.00023689699082751758,7.912600267445669e-05,0.0
26,12,OMP,optimized,OMP (optimized),128,256,0.5,gaussian,gaussian,clean,0.0,9.937473147665523e-21,9.96868755035763e-11,1.0,1.0,1,0.00045869799942011014,12,12.0,2.682779310829635e-10,target_sparsity_reached,0,0,0.0001756149904394988,1.0,True,,0,0,1.7148852607408138,0.0,0.0,0.0,0.0,0.0,0.0,0.0,2736.0,1024.0,0.0,256.0,1152.0,96.0,96.0,104.0,0.0,0.0,0.0,8.0,0.0,5.675700231222436e-05,1.7900998500408605e-05,0.0001756149904394988,6.687399218208157e-05,8.557599721825682e-05
26,12,gOMP,baseline,gOMP (baseline),128,256,0.5,gaussian,gaussian,clean,0.0,1.0605358545051721e-30,1.0298232151710176e-15,1.0,1.0,1,0.00031698699967819266,4,12.0,2.792741016384894e-15,target_sparsity_reached,0,0,0.0001003520010272041,3.0,False,,0,0,1.7148852607408143,0.0,0.0,0.0,0.0,0.0,0.0,0.0,3640.0,1024.0,2048.0,256.0,0.0,0.0,240.0,40.0,0.0,0.0,0.0,32.0,0.0,2.826000127242878e-05,4.6247001591837034e-05,0.0001003520010272041,2.697099989745766e-05,0.0
26,12,gOMP,optimized,gOMP (optimized),128,256,0.5,gaussian,gaussian,clean,0.0,9.937512736851792e-21,9.968707407107399e-11,1.0,1.0,1,0.00014279500101110898,4,12.0,2.6827855967763874e-10,target_sparsity_reached,0,0,4.7301997255999595e-05,3.0,True,,0,0,1.7148852607408143,0.0,0.0,0.0,0.0,0.0,0.0,0.0,1424.0,1024.0,0.0,256.0,0.0,0.0,96.0,40.0,0.0,0.0,0.0,8.0,0.0,1.659500048845075e-05,2.888000017264858e-05,4.7301997255999595e-05,1.673400038271211e-05,0.0
26,12,Improved-gOMP,baseline,Improved-gOMP (baseline),128,256,0.5,gaussian,gaussian,clean,0.0,1.0605358545051721e-30,1.0298232151710176e-15,1.0,1.0,1,0.001988551000977168,5,12.0,2.792741016384894e-15,residual_tol,0,0,0.00012416999743436463,17.0,False,,0,0,1.7148852607408143,1.0,1.0,1.0,1.0,1.0,1.0,0.0,3600.0,1024.0,2048.0,0.0,0.0,0.0,320.0,48.0,40.0,40.0,40.0,40.0,0.0,2.4619996111141518e-05,0.001324513999861665,0.00010129500151379034,3.0240997148212045e-05,0.00028490100157796405
26,12,Improved-gOMP,optimized,Improved-gOMP (optimized),128,256,0.5,gaussian,gaussian,clean,0.0,1.0605358545051721e-30,1.0298232151710176e-15,1.0,1.0,1,0.00109890100065968,5,12.0,2.792741016384894e-15,residual_tol,0,0,0.00010001499686040916,0.0,True,,0,0,1.7148852607408143,1.0,1.0,0.0,0.0,1.0,0.0,1.0,4512.0,1024.0,2048.0,0.0,1152.0,96.0,96.0,48.0,40.0,0.0,0.0,8.0,0.0,2.3399999918183312e-05,0.0004144020022067707,0.00015800399705767632,3.226499757147394e-05,0.0003601280004659202
27,12,OMP,baseline,OMP (baseline),128,256,0.5,gaussian,gaussian,clean,0.0,9.085654271829101e-31,9.531869843755264e-16,1.0,1.0,1,0.0006944819979253225,12,12.0,3.2101197366104886e-15,target_sparsity_reached,0,0,0.0002577579944045283,1.0,False,,0,0,1.6479953403209742,0.0,0.0,0.0,0.0,0.0,0.0,0.0,3896.0,1024.0,2048.0,0.0,0.0,0.0,624.0,104.0,0.0,0.0,0.0,96.0,0.0,5.257800512481481e-05,8.924500070861541e-05,0.0002577579944045283,7.084000026225112e-05,0.0
27,12,OMP,optimized,OMP (optimized),128,256,0.5,gaussian,gaussian,clean,0.0,1.2163138241500014e-20,1.1028661859672738e-10,1.0,1.0,1,0.0004397369993967004,12,12.0,3.3074517727209576e-10,target_sparsity_reached,0,0,0.00016001200492610224,1.0,True,,0,0,1.6479953403209742,0.0,0.0,0.0,0.0,0.0,0.0,0.0,2736.0,1024.0,0.0,256.0,1152.0,96.0,96.0,104.0,0.0,0.0,0.0,8.0,0.0,6.13510019320529e-05,1.903599695651792e-05,0.00016001200492610224,5.555499956244603e-05,8.388900096178986e-05
27,12,gOMP,baseline,gOMP (baseline),128,256,0.5,gaussian,gaussian,clean,0.0,0.0005237559659910162,0.022885715326181444,0.9166666666666666,0.9166666666666666,0,0.00026277800134266727,4,12.0,0.06509414030380398,target_sparsity_reached,1,1,9.670599683886394e-05,3.0,False,,0,0,1.6572205669591071,0.0,0.0,0.0,0.0,0.0,0.0,0.0,3640.0,1024.0,2048.0,256.0,0.0,0.0,240.0,40.0,0.0,0.0,0.0,32.0,0.0,1.6637997759971768e-05,4.1271003283327445e-05,9.670599683886394e-05,2.41919988184236e-05,0.0
27,12,gOMP,optimized,gOMP (optimized),128,256,0.5,gaussian,gaussian,clean,0.0,0.0005237559652884089,0.022885715310831098,0.9166666666666666,0.9166666666666666,0,0.00015082200116012245,4,12.0,0.06509414030380407,target_sparsity_reached,1,1,4.98670015076641e-05,3.0,True,,0,0,1.6572205669591071,0.0,0.0,0.0,0.0,0.0,0.0,0.0,1424.0,1024.0,0.0,256.0,0.0,0.0,96.0,40.0,0.0,0.0,0.0,8.0,0.0,1.4552999346051365e-05,3.0847997550154105e-05,4.98670015076641e-05,1.6947000403888524e-05,0.0
27,12,Improved-gOMP,baseline,Improved-gOMP (baseline),128,256,0.5,gaussian,gaussian,clean,0.0,9.085654271829101e-31,9.531869843755264e-16,1.0,1.0,1,0.0019028060014534276,5,12.0,3.2101197366104886e-15,residual_tol,0,0,0.00013351099914871156,16.0,False,,0,0,1.7022068798586978,1.0,1.0,1.0,1.0,1.0,1.0,0.0,3600.0,1024.0,2048.0,0.0,0.0,0.0,320.0,48.0,40.0,40.0,40.0,40.0,0.0,2.140900687663816e-05,0.0012292180035728961,0.00010958000348182395,2.8333997761365026e-05,0.00029258799986564554
27,12,Improved-gOMP,optimized,Improved-gOMP (optimized),128,256,0.5,gaussian,gaussian,clean,0.0,1.216313853395752e-20,1.102866199226249e-10,1.0,1.0,1,0.0010625100003380794,5,12.0,3.307451298176743e-10,residual_tol,0,0,9.88080028037075e-05,0.0,True,,0,0,1.6479953403209742,1.0,1.0,0.0,0.0,1.0,0.0,1.0,4512.0,1024.0,2048.0,0.0,1152.0,96.0,96.0,48.0,40.0,0.0,0.0,8.0,0.0,2.0078001398360357e-05,0.00043136999738635495,0.00017153299995698035,3.223800376872532e-05,0.00029073200494167395
28,12,OMP,baseline,OMP (baseline),128,256,0.5,gaussian,gaussian,clean,0.0,2.000059061337319e-30,1.4142344435549994e-15,1.0,1.0,1,0.0006578950014954899,12,12.0,2.896803819721861e-15,target_sparsity_reached,0,0,0.0002308189941686578,1.0,False,,0,0,1.5749629996252938,0.0,0.0,0.0,0.0,0.0,0.0,0.0,3896.0,1024.0,2048.0,0.0,0.0,0.0,624.0,104.0,0.0,0.0,0.0,96.0,0.0,5.796399636892602e-05,7.431199628626928e-05,0.0002308189941686578,7.880300108809024e-05,0.0
28,12,OMP,optimized,OMP (optimized),128,256,0.5,gaussian,gaussian,clean,0.0,9.277196936406588e-21,9.631820667146263e-11,1.0,1.0,1,0.0004014410005765967,12,12.0,1.9895278951060737e-10,target_sparsity_reached,0,0,0.00015468799756490625,1.0,True,,0,0,1.5749629996252938,0.0,0.0,0.0,0.0,0.0,0.0,0.0,2736.0,1024.0,0.0,256.0,1152.0,96.0,96.0,104.0,0.0,0.0,0.0,8.0,0.0,5.125700408825651e-05,1.601099211256951e-05,0.00015468799756490625,5.262399645289406e-05,7.908499173936434e-05
28,12,gOMP,baseline,gOMP (baseline),128,256,0.5,gaussian,gaussian,clean,0.0,0.000626838802908271,0.02503674904831438,0.8333333333333334,0.8333333333333334,0,0.0002821829984895885,4,12.0,0.04471726273671162,target_sparsity_reached,2,2,0.0001069550053216517,3.0,False,,0,0,1.7419606430072276,0.0,0.0,0.0,0.0,0.0,0.0,0.0,3640.0,1024.0,2048.0,256.0,0.0,0.0,240.0,40.0,0.0,0.0,0.0,32.0,0.0,1.798300218069926e-05,4.007999814348295e-05,0.0001069550053216517,2.70589989668224e-05,0.0
28,12,gOMP,optimized,gOMP (optimized),128,256,0.5,gaussian,gaussian,clean,0.0,0.0006268388024357716,0.025036749038878262,0.8333333333333334,0.8333333333333334,0,0.0001457010002923198,4,12.0,0.04471726273671161,target_sparsity_reached,2,2,4.7176996304187924e-05,3.0,True,,0,0,1.7419606430072276,0.0,0.0,0.0,0.0,0.0,0.0,0.0,1424.0,1024.0,0.0,256.0,0.0,0.0,96.0,40.0,0.0,0.0,0.0,8.0,0.0,1.67479993251618e-05,3.1124996894504875e-05,4.7176996304187924e-05,1.62150026881136e-05,0.0
28,12,Improved-gOMP,baseline,Improved-gOMP (baseline),128,256,0.5,gaussian,gaussian,clean,0.0,1.103089018698348e-30,1.0502804476416515e-15,1.0,1.0,1,0.0020021009986521676,5,12.0,2.252350558575153e-15,residual_tol,0,0,0.00013070200293441303,16.8,False,,0,0,1.5749629996252943,1.0,1.0,1.0,1.0,1.0,1.0,0.0,3600.0,1024.0,2048.0,0.0,0.0,0.0,320.0,48.0,40.0,40.0,40.0,40.0,0.0,2.53650032391306e-05,0.0012844389966630843,0.0001029070008371491,3.0375998903764412e-05,0.00033490799614810385
28,12,Improved-gOMP,optimized,Improved-gOMP (optimized),128,256,0.5,gaussian,gaussian,clean,0.0,9.277209994370734e-21,9.631827445698316e-11,1.0,1.0,1,0.0010202240009675734,5,12.0,1.9895290170965366e-10,residual_tol,0,0,9.781399785424583e-05,0.0,True,,0,0,1.5749629996252943,1.0,1.0,0.0,0.0,1.0,0.0,1.0,4512.0,1024.0,2048.0,0.0,1152.0,96.0,96.0,48.0,40.0,0.0,0.0,8.0,0.0,2.3004999093245715e-05,0.0004285279974283185,0.00016090599820017815,3.253700560890138e-05,0.0002660910067788791
29,12,OMP,baseline,OMP (baseline),128,256,0.5,gaussian,gaussian,clean,0.0,1.231206641327355e-30,1.109597513212496e-15,1.0,1.0,1,0.0007072650005284231,12,12.0,4.791274837151183e-15,target_sparsity_reached,0,0,0.000242014997638762,1.0,False,,0,0,1.6416281926706109,0.0,0.0,0.0,0.0,0.0,0.0,0.0,3896.0,1024.0,2048.0,0.0,0.0,0.0,624.0,104.0,0.0,0.0,0.0,96.0,0.0,4.8390993470093235e-05,7.341199670918286e-05,0.000242014997638762,6.680199294351041e-05,0.0
29,12,OMP,optimized,OMP (optimized),128,256,0.5,gaussian,gaussian,clean,0.0,8.664805692451404e-21,9.308493805364756e-11,1.0,1.0,1,0.00038734400004614145,12,12.0,3.61877572542661e-10,target_sparsity_reached,0,0,0.00014594899403164163,1.0,True,,0,0,1.6416281926706109,0.0,0.0,0.0,0.0,0.0,0.0,0.0,2736.0,1024.0,0.0,256.0,1152.0,96.0,96.0,104.0,0.0,0.0,0.0,8.0,0.0,4.4421998609323055e-05,1.6143003449542448e-05,0.00014594899403164163,5.208600123296492e-05,7.781100066495128e-05
29,12,gOMP,baseline,gOMP (baseline),128,256,0.5,gaussian,gaussian,clean,0.0,0.0012248963700983307,0.03499851954152248,0.9166666666666666,0.9166666666666666,0,0.000282887998764636,4,12.0,0.12071270600927823,target_sparsity_reached,1,1,0.00010003200441133231,3.0,False,,0,0,1.8940944342575015,0.0,0.0,0.0,0.0,0.0,0.0,0.0,3640.0,1024.0,2048.0,256.0,0.0,0.0,240.0,40.0,0.0,0.0,0.0,32.0,0.0,1.6487996617797762e-05,4.576299761538394e-05,0.00010003200441133231,2.98509985441342e-05,0.0
29,12,gOMP,optimized,gOMP (optimized),128,256,0.5,gaussian,gaussian,clean,0.0,0.0012248963707386126,0.034998519550669745,0.9166666666666666,0.9166666666666666,0,0.00014247500075725839,4,12.0,0.1207127060092782,target_sparsity_reached,1,1,4.6599001507274806e-05,3.0,True,,0,0,1.8940944342575015,0.0,0.0,0.0,0.0,0.0,0.0,0.0,1424.0,1024.0,0.0,256.0,0.0,0.0,96.0,40.0,0.0,0.0,0.0,8.0,0.0,1.4190998626872897e-05,3.044700133614242e-05,4.6599001507274806e-05,1.6035002772696316e-05,0.0
29,12,Improved-gOMP,baseline,Improved-gOMP (baseline),128,256,0.5,gaussian,gaussian,clean,0.0,5.041866078073146e-31,7.10060988794142e-16,1.0,1.0,1,0.0019272730023658369,5,12.0,2.5359545087201107e-15,residual_tol,0,0,0.00013306500477483496,16.0,False,,0,0,1.713207052983365,1.0,1.0,1.0,1.0,1.0,1.0,0.0,3600.0,1024.0,2048.0,0.0,0.0,0.0,320.0,48.0,40.0,40.0,40.0,40.0,0.0,2.3276996216736734e-05,0.001243882994458545,0.00011012300092261285,2.7246001991443336e-05,0.00030225099908420816
29,12,Improved-gOMP,optimized,Improved-gOMP (optimized),128,256,0.5,gaussian,gaussian,clean,0.0,8.239666973256961e-31,9.077261136078965e-16,1.0,1.0,1,0.0010637330015015323,5,12.0,3.853267187305045e-15,residual_tol,0,0,9.97340030153282e-05,0.0,True,,0,0,1.6416281926706118,1.0,1.0,0.0,0.0,1.0,0.0,1.0,4512.0,1024.0,2048.0,0.0,1152.0,96.0,96.0,48.0,40.0,0.0,0.0,8.0,0.0,1.99269998120144e-05,0.00041055300243897364,0.00016613799743936397,3.113899947493337e-05,0.00032497600477654487
0,16,OMP,baseline,OMP (baseline),128,256,0.5,gaussian,gaussian,clean,0.0,2.9997258988766467e-30,1.7319716795827369e-15,1.0,1.0,1,0.0009706529999675695,16,16.0,8.046227197949959e-15,target_sparsity_reached,0,0,0.00038965399653534405,1.0,False,,0,0,1.9898667685138227,0.0,0.0,0.0,0.0,0.0,0.0,0.0,4424.0,1024.0,2048.0,0.0,0.0,0.0,1088.0,136.0,0.0,0.0,0.0,128.0,0.0,6.245200711418875e-05,9.806700109038502e-05,0.00038965399653534405,9.540999235468917e-05,0.0
0,16,OMP,optimized,OMP (optimized),128,256,0.5,gaussian,gaussian,clean,0.0,1.611151355021209e-20,1.2693113703978268e-10,1.0,1.0,1,0.0005332020009518601,16,16.0,5.053124982304962e-10,target_sparsity_reached,0,0,0.00021283200840116479,1.0,True,,0,0,1.9898667685138227,0.0,0.0,0.0,0.0,0.0,0.0,0.0,3728.0,1024.0,0.0,256.0,2048.0,128.0,128.0,136.0,0.0,0.0,0.0,8.0,0.0,5.228400186751969e-05,2.4651995772728696e-05,0.00021283200840116479,7.225301305879839e-05,0.00010570400991127826
0,16,gOMP,baseline,gOMP (baseline),128,256,0.5,gaussian,gaussian,clean,0.0,1.4437732277843549e-30,1.2015711496970767e-15,1.0,1.0,1,0.00042247700184816495,6,16.0,5.8058030481782536e-15,target_sparsity_reached,0,0,0.0001690279932518024,3.0,False,,0,0,1.9898667685138227,0.0,0.0,0.0,0.0,0.0,0.0,0.0,3920.0,1024.0,2048.0,256.0,0.0,0.0,488.0,56.0,0.0,0.0,0.0,48.0,0.0,2.245100768050179e-05,5.7148001360474154e-05,0.0001690279932518024,3.228299101465382e-05,0.0
0,16,gOMP,optimized,gOMP (optimized),128,256,0.5,gaussian,gaussian,clean,0.0,1.6111650501725978e-20,1.269316765103415e-10,1.0,1.0,1,0.0002309160008735489,6,16.0,5.053142586662509e-10,target_sparsity_reached,0,0,8.152699956553988e-05,3.0,True,,0,0,1.9898667685138227,0.0,0.0,0.0,0.0,0.0,0.0,0.0,1472.0,1024.0,0.0,256.0,0.0,0.0,128.0,56.0,0.0,0.0,0.0,8.0,0.0,2.1655003365594894e-05,4.687099135480821e-05,8.152699956553988e-05,3.176099562551826e-05,0.0
0,16,Improved-gOMP,baseline,Improved-gOMP (baseline),128,256,0.5,gaussian,gaussian,clean,0.0,0.0002722788582084116,0.016500874467991436,0.9375,0.9375,0,0.0021784589989692904,6,16.0,0.06876927232665235,target_sparsity_reached,1,1,0.00019656000586110167,18.833333333333332,False,,0,0,1.9794364296552929,1.0,1.0,1.0,1.0,1.0,1.0,0.0,3784.0,1024.0,2048.0,0.0,0.0,0.0,464.0,56.0,48.0,48.0,48.0,48.0,0.0,2.7908004994969815e-05,0.001517717002570862,0.00015832099961698987,3.538299279171042e-05,0.0001449410010536667
0,16,Improved-gOMP,optimized,Improved-gOMP (optimized),128,256,0.5,gaussian,gaussian,clean,0.0,1.4437732277843549e-30,1.2015711496970767e-15,1.0,1.0,1,0.0015568170019832905,7,16.0,5.8058030481782536e-15,residual_tol,0,0,0.00014197900964063592,0.0,True,,0,0,1.9898667685138227,1.0,1.0,0.0,0.0,1.0,0.0,1.0,5504.0,1024.0,2048.0,0.0,2048.0,128.0,128.0,64.0,56.0,0.0,0.0,8.0,0.0,2.8667003789450973e-05,0.0006748020023223944,0.00024249899797723629,4.810199243365787e-05,0.00041030600186786614
1,16,OMP,baseline,OMP (baseline),128,256,0.5,gaussian,gaussian,clean,0.0,1.8687377475210957e-30,1.3670178299938505e-15,1.0,1.0,1,0.001015621000988176,16,16.0,5.752368156877424e-15,target_sparsity_reached,0,0,0.000384244995075278,1.0,False,,0,0,2.0207329221949215,0.0,0.0,0.0,0.0,0.0,0.0,0.0,4424.0,1024.0,2048.0,0.0,0.0,0.0,1088.0,136.0,0.0,0.0,0.0,128.0,0.0,7.739599823253229e-05,9.507499999017455e-05,0.000384244995075278,9.91649976640474e-05,0.0
1,16,OMP,optimized,OMP (optimized),128,256,0.5,gaussian,gaussian,clean,0.0,1.575991266253795e-20,1.2553849076095326e-10,1.0,1.0,1,0.0005069370017736219,16,16.0,4.4180944181934693e-10,target_sparsity_reached,0,0,0.00018532899775891565,1.0,True,,0,0,2.0207329221949215,0.0,0.0,0.0,0.0,0.0,0.0,0.0,3728.0,1024.0,0.0,256.0,2048.0,128.0,128.0,136.0,0.0,0.0,0.0,8.0,0.0,6.482900062110275e-05,2.0469000446610153e-05,0.00018532899775891565,7.022500358289108e-05,0.00010048399053630419
1,16,gOMP,baseline,gOMP (baseline),128,256,0.5,gaussian,gaussian,clean,0.0,2.02985742452688e-30,1.424730649816617e-15,1.0,1.0,1,0.0004811750004591886,6,16.0,5.842871086013067e-15,target_sparsity_reached,0,0,0.00017887100329971872,3.0,False,,0,0,2.0207329221949215,0.0,0.0,0.0,0.0,0.0,0.0,0.0,3920.0,1024.0,2048.0,256.0,0.0,0.0,488.0,56.0,0.0,0.0,0.0,48.0,0.0,2.9694001568714157e-05,6.168799882289022e-05,0.00017887100329971872,3.989599645137787e-05,0.0
1,16,gOMP,optimized,gOMP (optimized),128,256,0.5,gaussian,gaussian,clean,0.0,1.5759826630149804e-20,1.2553814810705868e-10,1.0,1.0,1,0.00022297800023807213,6,16.0,4.4180837109789085e-10,target_sparsity_reached,0,0,7.727700358373113e-05,3.0,True,,0,0,2.0207329221949215,0.0,0.0,0.0,0.0,0.0,0.0,0.0,1472.0,1024.0,0.0,256.0,0.0,0.0,128.0,56.0,0.0,0.0,0.0,8.0,0.0,2.5512003048788756e-05,4.384299973025918e-05,7.727700358373113e-05,2.9896000341977924e-05,0.0
1,16,Improved-gOMP,baseline,Improved-gOMP (baseline),128,256,0.5,gaussian,gaussian,clean,0.0,1.5444849828407551e-30,1.2427731019139234e-15,1.0,1.0,1,0.0030647410021629184,7,16.0,4.671388402338335e-15,residual_tol,0,0,0.00022016099319444038,16.428571428571427,False,,0,0,2.020732922194922,1.0,1.0,1.0,1.0,1.0,1.0,0.0,3920.0,1024.0,2048.0,0.0,0.0,0.0,560.0,64.0,56.0,56.0,56.0,56.0,0.0,4.2722000216599554e-05,0.0020861489974777214,0.00018606099911266938,4.4790001993533224e-05,0.0003564380058378447
1,16,Improved-gOMP,optimized,Improved-gOMP (optimized),128,256,0.5,gaussian,gaussian,clean,0.0,1.5759863722957295e-20,1.2553829584217436e-10,1.0,1.0,1,0.0014740899969183374,7,16.0,4.4180869273083593e-10,residual_tol,0,0,0.0001615290020708926,0.0,True,,0,0,2.0207329221949215,1.0,1.0,0.0,0.0,1.0,0.0,1.0,5504.0,1024.0,2048.0,0.0,2048.0,128.0,128.0,64.0,56.0,0.0,0.0,8.0,0.0,3.566800296539441e-05,0.0006333800010906998,0.00027963299362454563,5.075900480733253e-05,0.00032246399496216327
2,16,OMP,baseline,OMP (baseline),128,256,0.5,gaussian,gaussian,clean,0.0,2.3028779932649424e-30,1.517523638453432e-15,1.0,1.0,1,0.0010043719994428102,16,16.0,6.052203343890853e-15,target_sparsity_reached,0,0,0.0004050879906571936,1.0,False,,0,0,1.733627702316637,0.0,0.0,0.0,0.0,0.0,0.0,0.0,4424.0,1024.0,2048.0,0.0,0.0,0.0,1088.0,136.0,0.0,0.0,0.0,128.0,0.0,6.751999899279326e-05,9.939100345945917e-05,0.0004050879906571936,9.801498890738003e-05,0.0
2,16,OMP,optimized,OMP (optimized),128,256,0.5,gaussian,gaussian,clean,0.0,1.6555406601137285e-20,1.2866781493884663e-10,1.0,1.0,1,0.0004957150013069622,16,16.0,4.006671771618775e-10,target_sparsity_reached,0,0,0.00018984501002705656,1.0,True,,0,0,1.733627702316637,0.0,0.0,0.0,0.0,0.0,0.0,0.0,3728.0,1024.0,0.0,256.0,2048.0,128.0,128.0,136.0,0.0,0.0,0.0,8.0,0.0,5.423199763754383e-05,2.077601311611943e-05,0.00018984501002705656,7.020299744908698e-05,0.00010056200335384347
2,16,gOMP,baseline,gOMP (baseline),128,256,0.5,gaussian,gaussian,clean,0.0,0.00011957033430690582,0.010934822097634045,0.9375,0.9375,0,0.0007198829989647493,6,16.0,0.03529775488807557,target_sparsity_reached,1,1,0.0002141660006600432,3.0,False,,0,0,1.8124334663979096,0.0,0.0,0.0,0.0,0.0,0.0,0.0,3920.0,1024.0,2048.0,256.0,0.0,0.0,488.0,56.0,0.0,0.0,0.0,48.0,0.0,3.5331002436578274e-05,7.493899829569273e-05,0.0002141660006600432,5.444300040835515e-05,0.0
2,16,gOMP,optimized,gOMP (optimized),128,256,0.5,gaussian,gaussian,clean,0.0,0.0001195703344364979,0.010934822103559706,0.9375,0.9375,0,0.00027608700111159123,6,16.0,0.035297754888075586,target_sparsity_reached,1,1,0.00010375899728387594,3.0,True,,0,0,1.8124334663979096,0.0,0.0,0.0,0.0,0.0,0.0,0.0,1472.0,1024.0,0.0,256.0,0.0,0.0,128.0,56.0,0.0,0.0,0.0,8.0,0.0,2.4720997316762805e-05,5.346100078895688e-05,0.00010375899728387594,3.60730045940727e-05,0.0
2,16,Improved-gOMP,baseline,Improved-gOMP (baseline),128,256,0.5,gaussian,gaussian,clean,0.0,2.2120915677017498e-30,1.4873101787124803e-15,1.0,1.0,1,0.002769860002445057,6,16.0,5.491331211419362e-15,residual_tol,0,0,0.00020781400598934852,18.333333333333332,False,,0,0,1.7336277023166373,1.0,1.0,1.0,1.0,1.0,1.0,0.0,3808.0,1024.0,2048.0,0.0,0.0,0.0,488.0,56.0,48.0,48.0,48.0,48.0,0.0,2.9635997634613886e-05,0.0018110139935743064,0.0001651660022616852,3.5847999242832884e-05,0.00042284399751224555
2,16,Improved-gOMP,optimized,Improved-gOMP (optimized),128,256,0.5,gaussian,gaussian,clean,0.0,1.6555383682816846e-20,1.2866772587877989e-10,1.0,1.0,1,0.0013416190013231244,6,16.0,4.0066689941576116e-10,residual_tol,0,0,0.00013209800090407953,0.0,True,,0,0,1.7336277023166378,1.0,1.0,0.0,0.0,1.0,0.0,1.0,5488.0,1024.0,2048.0,0.0,2048.0,128.0,128.0,56.0,48.0,0.0,0.0,8.0,0.0,2.435900387354195e-05,0.000565203998121433,0.00023925500136101618,4.011100099887699e-05,0.0003367400022398215
3,16,OMP,baseline,OMP (baseline),128,256,0.5,gaussian,gaussian,clean,0.0,2.1694787577130747e-30,1.4729150544797466e-15,1.0,1.0,1,0.0014689849995193072,16,16.0,6.122307833466149e-15,target_sparsity_reached,0,0,0.0005300070006342139,1.0,False,,0,0,1.7298385833688907,0.0,0.0,0.0,0.0,0.0,0.0,0.0,4424.0,1024.0,2048.0,0.0,0.0,0.0,1088.0,136.0,0.0,0.0,0.0,128.0,0.0,0.0001099459987017326,0.00017381599900545552,0.0005300070006342139,0.0001516919983259868,0.0
3,16,OMP,optimized,OMP (optimized),128,256,0.5,gaussian,gaussian,clean,0.0,1.5738040434061128e-20,1.2545134688021939e-10,1.0,1.0,1,0.0005211489988141693,16,16.0,4.6092344242923814e-10,target_sparsity_reached,0,0,0.00019454399807727896,1.0,True,,0,0,1.7298385833688907,0.0,0.0,0.0,0.0,0.0,0.0,0.0,3728.0,1024.0,0.0,256.0,2048.0,128.0,128.0,136.0,0.0,0.0,0.0,8.0,0.0,6.336899605230428e-05,2.680699253687635e-05,0.00019454399807727896,6.94130030751694e-05,0.00010463199578225613
3,16,gOMP,baseline,gOMP (baseline),128,256,0.5,gaussian,gaussian,clean,0.0,0.000826652706508651,0.02875156876604564,0.9375,0.9375,0,0.0004593580015352927,6,16.0,0.10843399384990517,target_sparsity_reached,1,1,0.00018710999938775785,3.0,False,,0,0,1.9112363115973428,0.0,0.0,0.0,0.0,0.0,0.0,0.0,3920.0,1024.0,2048.0,256.0,0.0,0.0,488.0,56.0,0.0,0.0,0.0,48.0,0.0,2.65909984591417e-05,5.7597000704845414e-05,0.00018710999938775785,3.93190020986367e-05,0.0
3,16,gOMP,optimized,gOMP (optimized),128,256,0.5,gaussian,gaussian,clean,0.0,0.0008266527060922417,0.028751568758804132,0.9375,0.9375,0,0.0002341719991818536,6,16.0,0.10843399384990511,target_sparsity_reached,1,1,8.691200127941556e-05,3.0,True,,0,0,1.9112363115973428,0.0,0.0,0.0,0.0,0.0,0.0,0.0,1472.0,1024.0,0.0,256.0,0.0,0.0,128.0,56.0,0.0,0.0,0.0,8.0,0.0,2.4803004635032266e-05,4.60439950984437e-05,8.691200127941556e-05,2.963300357805565e-05,0.0
3,16,Improved-gOMP,baseline,Improved-gOMP (baseline),128,256,0.5,gaussian,gaussian,clean,0.0,1.9167439901853172e-30,1.3844652361779682e-15,1.0,1.0,1,0.002682702001038706,6,16.0,5.6850760468292434e-15,residual_tol,0,0,0.0001959080036613159,17.833333333333332,False,,0,0,1.7695312017749765,1.0,1.0,1.0,1.0,1.0,1.0,0.0,3808.0,1024.0,2048.0,0.0,0.0,0.0,488.0,56.0,48.0,48.0,48.0,48.0,0.0,3.0314000468933955e-05,0.001771806004398968,0.00016292599684675224,3.6240995541447774e-05,0.0003861780023726169
3,16,Improved-gOMP,optimized,Improved-gOMP (optimized),128,256,0.5,gaussian,gaussian,clean,0.0,1.5738026242107747e-20,1.2545129031663145e-10,1.0,1.0,1,0.0011639020012808032,6,16.0,4.60923288925294e-10,residual_tol,0,0,0.00013149900405551307,0.0,True,,0,0,1.729838583368891,1.0,1.0,0.0,0.0,1.0,0.0,1.0,5488.0,1024.0,2048.0,0.0,2048.0,128.0,128.0,56.0,48.0,0.0,0.0,8.0,0.0,2.862899418687448e-05,0.000606565001362469,0.00022685599833494052,4.1489998693577945e-05,0.00011678999726427719
4,16,OMP,baseline,OMP (baseline),128,256,0.5,gaussian,gaussian,clean,0.0,6.831324779696105e-30,2.6136803132166153e-15,1.0,1.0,1,0.0009585429979779292,16,16.0,1.2265782087158291e-14,target_sparsity_reached,0,0,0.00037755198718514293,1.0,False,,0,0,1.789572187149423,0.0,0.0,0.0,0.0,0.0,0.0,0.0,4424.0,1024.0,2048.0,0.0,0.0,0.0,1088.0,136.0,0.0,0.0,0.0,128.0,0.0,6.08950067544356e-05,0.00010538501010159962,0.00037755198718514293,9.231699732481502e-05,0.0
4,16,OMP,optimized,OMP (optimized),128,256,0.5,gaussian,gaussian,clean,0.0,2.0963296301864428e-20,1.4478707228846237e-10,1.0,1.0,1,0.0005043060009484179,16,16.0,4.989529700365551e-10,target_sparsity_reached,0,0,0.0001904740092868451,1.0,True,,0,0,1.789572187149423,0.0,0.0,0.0,0.0,0.0,0.0,0.0,3728.0,1024.0,0.0,256.0,2048.0,128.0,128.0,136.0,0.0,0.0,0.0,8.0,0.0,5.2621991926571354e-05,1.9186012650607154e-05,0.0001904740092868451,7.128101060516201e-05,0.00010756999108707532
4,16,gOMP,baseline,gOMP (baseline),128,256,0.5,gaussian,gaussian,clean,0.0,4.199545445855845e-30,2.049279250335553e-15,1.0,1.0,1,0.00044722399979946204,6,16.0,9.6076296844526e-15,target_sparsity_reached,0,0,0.00017332399511360563,3.0,False,,0,0,1.7895721871494226,0.0,0.0,0.0,0.0,0.0,0.0,0.0,3920.0,1024.0,2048.0,256.0,0.0,0.0,488.0,56.0,0.0,0.0,0.0,48.0,0.0,2.396899799350649e-05,5.709000106435269e-05,0.00017332399511360563,3.989399556303397e-05,0.0
4,16,gOMP,optimized,gOMP (optimized),128,256,0.5,gaussian,gaussian,clean,0.0,2.0963412422780735e-20,1.4478747329372362e-10,1.0,1.0,1,0.0002091999995172955,6,16.0,4.989538742324924e-10,target_sparsity_reached,0,0,7.400000322377309e-05,3.0,True,,0,0,1.7895721871494226,0.0,0.0,0.0,0.0,0.0,0.0,0.0,1472.0,1024.0,0.0,256.0,0.0,0.0,128.0,56.0,0.0,0.0,0.0,8.0,0.0,2.0581002900144085e-05,4.1360006434842944e-05,7.400000322377309e-05,2.5240999093512073e-05,0.0
4,16,Improved-gOMP,baseline,Improved-gOMP (baseline),128,256,0.5,gaussian,gaussian,clean,0.0,0.00022089756769882465,0.014862623176910079,0.9375,0.9375,0,0.0024197439997806214,6,16.0,0.055023157326565326,target_sparsity_reached,1,1,0.00019800800509983674,18.166666666666668,False,,0,0,1.8233432321609475,1.0,1.0,1.0,1.0,1.0,1.0,0.0,3784.0,1024.0,2048.0,0.0,0.0,0.0,464.0,56.0,48.0,48.0,48.0,48.0,0.0,3.516199649311602e-05,0.0016498189979756717,0.0001606250043550972,6.470799417002127e-05,0.00014630000077886507
4,16,Improved-gOMP,optimized,Improved-gOMP (optimized),128,256,0.5,gaussian,gaussian,clean,0.0,2.096332350285296e-20,1.4478716622288372e-10,1.0,1.0,1,0.0013451429986162111,6,16.0,4.989532176087483e-10,residual_tol,0,0,0.00014257000657380559,0.0,True,,0,0,1.7895721871494226,1.0,1.0,0.0,0.0,1.0,0.0,1.0,5488.0,1024.0,2048.0,0.0,2048.0,128.0,128.0,56.0,48.0,0.0,0.0,8.0,0.0,2.5862995244096965e-05,0.0007016260024101939,0.0002559119930083398,4.2121002479689196e-05,0.00011529499170137569
5,16,OMP,baseline,OMP (baseline),128,256,0.5,gaussian,gaussian,clean,0.0,1.4774255504043182e-30,1.2154939532569951e-15,1.0,1.0,1,0.0009571000009600539,16,16.0,6.751048115029091e-15,target_sparsity_reached,0,0,0.000361319998773979,1.0,False,,0,0,1.8500123025330621,0.0,0.0,0.0,0.0,0.0,0.0,0.0,4424.0,1024.0,2048.0,0.0,0.0,0.0,1088.0,136.0,0.0,0.0,0.0,128.0,0.0,7.025099694146775e-05,9.397700341651216e-05,0.000361319998773979,0.00011072899724240415,0.0
5,16,OMP,optimized,OMP (optimized),128,256,0.5,gaussian,gaussian,clean,0.0,1.1049936127425059e-20,1.0511867639684709e-10,1.0,1.0,1,0.0004980889971193392,16,16.0,4.793050514747106e-10,target_sparsity_reached,0,0,0.000186823006515624,1.0,True,,0,0,1.8500123025330621,0.0,0.0,0.0,0.0,0.0,0.0,0.0,3728.0,1024.0,0.0,256.0,2048.0,128.0,128.0,136.0,0.0,0.0,0.0,8.0,0.0,6.286299685598351e-05,1.88470003195107e-05,0.000186823006515624,6.768000093870796e-05,9.99229923763778e-05
5,16,gOMP,baseline,gOMP (baseline),128,256,0.5,gaussian,gaussian,clean,0.0,1.581355516831929e-30,1.2575195890450094e-15,1.0,1.0,1,0.0004198540009383578,6,16.0,7.1020146893536345e-15,target_sparsity_reached,0,0,0.00016068799595814198,3.0,False,,0,0,1.8500123025330621,0.0,0.0,0.0,0.0,0.0,0.0,0.0,3920.0,1024.0,2048.0,256.0,0.0,0.0,488.0,56.0,0.0,0.0,0.0,48.0,0.0,2.5817997084232047e-05,5.521500497707166e-05,0.00016068799595814198,3.594600275391713e-05,0.0
5,16,gOMP,optimized,gOMP (optimized),128,256,0.5,gaussian,gaussian,clean,0.0,1.1049955445211857e-20,1.0511876828241405e-10,1.0,1.0,1,0.0002140910000889562,6,16.0,4.793053498979633e-10,target_sparsity_reached,0,0,7.548799840151332e-05,3.0,True,,0,0,1.8500123025330621,0.0,0.0,0.0,0.0,0.0,0.0,0.0,1472.0,1024.0,0.0,256.0,0.0,0.0,128.0,56.0,0.0,0.0,0.0,8.0,0.0,2.422599573037587e-05,4.2760002543218434e-05,7.548799840151332e-05,2.5733002985361964e-05,0.0
5,16,Improved-gOMP,baseline,Improved-gOMP (baseline),128,256,0.5,gaussian,gaussian,clean,0.0,0.0012692486894038293,0.03562651666110271,0.875,0.875,0,0.002244547998998314,6,16.0,0.1483965714062133,target_sparsity_reached,2,2,0.00020011300148325972,18.166666666666668,False,,0,0,2.1524185177583552,1.0,1.0,1.0,1.0,1.0,1.0,0.0,3784.0,1024.0,2048.0,0.0,0.0,0.0,464.0,56.0,48.0,48.0,48.0,48.0,0.0,3.155500235152431e-05,0.0015456140026799403,0.00016560400035814382,3.986799856647849e-05,0.0001391949990647845
5,16,Improved-gOMP,optimized,Improved-gOMP (optimized),128,256,0.5,gaussian,gaussian,clean,0.0,1.4156946778247511e-30,1.1898296843770335e-15,1.0,1.0,1,0.001454991001082817,7,16.0,6.098450911938802e-15,residual_tol,0,0,0.00013627299267682247,0.0,True,,0,0,1.8500123025330624,1.0,1.0,0.0,0.0,1.0,0.0,1.0,5504.0,1024.0,2048.0,0.0,2048.0,128.0,128.0,64.0,56.0,0.0,0.0,8.0,0.0,3.1836007110541686e-05,0.0006090359929658007,0.00022719700064044446,4.5560995204141364e-05,0.00039900699630379677
6,16,OMP,baseline,OMP (baseline),128,256,0.5,gaussian,gaussian,clean,0.0,3.441314342022208e-30,1.8550779881240057e-15,1.0,1.0,1,0.000905126998986816,16,16.0,7.393781370443529e-15,target_sparsity_reached,0,0,0.0003610679959820118,1.0,False,,0,0,1.716417051236355,0.0,0.0,0.0,0.0,0.0,0.0,0.0,4424.0,1024.0,2048.0,0.0,0.0,0.0,1088.0,136.0,0.0,0.0,0.0,128.0,0.0,5.975300518912263e-05,8.812399755697697e-05,0.0003610679959820118,9.074499757844023e-05,0.0
6,16,OMP,optimized,OMP (optimized),128,256,0.5,gaussian,gaussian,clean,0.0,2.3802724448205576e-20,1.5428131594008906e-10,1.0,1.0,1,0.0005154119971848559,16,16.0,5.793737842725074e-10,target_sparsity_reached,0,0,0.00019244400027673692,1.0,True,,0,0,1.716417051236355,0.0,0.0,0.0,0.0,0.0,0.0,0.0,3728.0,1024.0,0.0,256.0,2048.0,128.0,128.0,136.0,0.0,0.0,0.0,8.0,0.0,5.2729992603417486e-05,2.022500120801851e-05,0.00019244400027673692,7.04749982105568e-05,0.00011565799650270492
6,16,gOMP,baseline,gOMP (baseline),128,256,0.5,gaussian,gaussian,clean,0.0,4.615861026585121e-31,6.794012824969586e-16,1.0,1.0,1,0.0006646310030191671,6,16.0,3.144758467622375e-15,target_sparsity_reached,0,0,0.00031935100560076535,3.0,False,,0,0,1.7164170512363548,0.0,0.0,0.0,0.0,0.0,0.0,0.0,3920.0,1024.0,2048.0,256.0,0.0,0.0,488.0,56.0,0.0,0.0,0.0,48.0,0.0,2.622399915708229e-05,8.4609000623459e-05,0.00031935100560076535,5.037499431637116e-05,0.0
6,16,gOMP,optimized,gOMP (optimized),128,256,0.5,gaussian,gaussian,clean,0.0,2.3802789742011508e-20,1.5428152754627335e-10,1.0,1.0,1,0.0003065790006075986,6,16.0,5.793747235736372e-10,target_sparsity_reached,0,0,9.990399121306837e-05,3.0,True,,0,0,1.7164170512363548,0.0,0.0,0.0,0.0,0.0,0.0,0.0,1472.0,1024.0,0.0,256.0,0.0,0.0,128.0,56.0,0.0,0.0,0.0,8.0,0.0,3.579500480554998e-05,6.737600415362976e-05,9.990399121306837e-05,3.468099021119997e-05,0.0
6,16,Improved-gOMP,baseline,Improved-gOMP (baseline),128,256,0.5,gaussian,gaussian,clean,0.0,1.017153833306246e-30,1.0085404470353411e-15,1.0,1.0,1,0.002795039999909932,6,16.0,4.44841550980168e-15,residual_tol,0,0,0.0002036400001088623,18.333333333333332,False,,0,0,1.7541704069410675,1.0,1.0,1.0,1.0,1.0,1.0,0.0,3808.0,1024.0,2048.0,0.0,0.0,0.0,488.0,56.0,48.0,48.0,48.0,48.0,0.0,3.079199814237654e-05,0.0018736179990810342,0.00016836299255373888,3.443699824856594e-05,0.00035577899689087644
6,16,Improved-gOMP,optimized,Improved-gOMP (optimized),128,256,0.5,gaussian,gaussian,clean,0.0,2.3802719068605605e-20,1.5428129850570224e-10,1.0,1.0,1,0.00117367200073204,6,16.0,5.793739320428512e-10,residual_tol,0,0,0.00012663600136875175,0.0,True,,0,0,1.7164170512363548,1.0,1.0,0.0,0.0,1.0,0.0,1.0,5488.0,1024.0,2048.0,0.0,2048.0,128.0,128.0,56.0,48.0,0.0,0.0,8.0,0.0,2.502299685147591e-05,0.0006083080006646924,0.0002199119990109466,3.6714998714160174e-05,0.00010573799954727292
7,16,OMP,baseline,OMP (baseline),128,256,0.5,gaussian,gaussian,clean,0.0,1.16930303167053e-30,1.0813431609209586e-15,1.0,1.0,1,0.0011948510000365786,16,16.0,4.0423628063175294e-15,target_sparsity_reached,0,0,0.00045821599996997975,1.0,False,,0,0,1.7679492685918257,0.0,0.0,0.0,0.0,0.0,0.0,0.0,4424.0,1024.0,2048.0,0.0,0.0,0.0,1088.0,136.0,0.0,0.0,0.0,128.0,0.0,8.463900303468108e-05,0.00010856899461941794,0.00045821599996997975,0.00015084199912962504,0.0
7,16,OMP,optimized,OMP (optimized),128,256,0.5,gaussian,gaussian,clean,0.0,1.0343599388952441e-20,1.0170348759483345e-10,1.0,1.0,1,0.0006390470007318072,16,16.0,3.6037812860273994e-10,target_sparsity_reached,0,0,0.0002575780017650686,1.0,True,,0,0,1.7679492685918257,0.0,0.0,0.0,0.0,0.0,0.0,0.0,3728.0,1024.0,0.0,256.0,2048.0,128.0,128.0,136.0,0.0,0.0,0.0,8.0,0.0,7.105999975465238e-05,2.3940996470628306e-05,0.0002575780017650686,8.556099419365637e-05,0.00011847499990835786
7,16,gOMP,baseline,gOMP (baseline),128,256,0.5,gaussian,gaussian,clean,0.0,1.9670165273326984e-30,1.4025036639284399e-15,1.0,1.0,1,0.0004384419989946764,6,16.0,5.078834268231399e-15,target_sparsity_reached,0,0,0.00016972099911072291,3.0,False,,0,0,1.7679492685918254,0.0,0.0,0.0,0.0,0.0,0.0,0.0,3920.0,1024.0,2048.0,256.0,0.0,0.0,488.0,56.0,0.0,0.0,0.0,48.0,0.0,2.6569992769509554e-05,5.858900840394199e-05,0.00016972099911072291,3.8748999941162765e-05,0.0
7,16,gOMP,optimized,gOMP (optimized),128,256,0.5,gaussian,gaussian,clean,0.0,1.0343537055032465e-20,1.0170318114509725e-10,1.0,1.0,1,0.00020900299932691269,6,16.0,3.6037703628622173e-10,target_sparsity_reached,0,0,7.36559995857533e-05,3.0,True,,0,0,1.7679492685918254,0.0,0.0,0.0,0.0,0.0,0.0,0.0,1472.0,1024.0,0.0,256.0,0.0,0.0,128.0,56.0,0.0,0.0,0.0,8.0,0.0,2.3565000446978956e-05,4.106099731870927e-05,7.36559995857533e-05,2.501299968571402e-05,0.0
7,16,Improved-gOMP,baseline,Improved-gOMP (baseline),128,256,0.5,gaussian,gaussian,clean,0.0,2.6089173840078797e-30,1.6152143461497238e-15,1.0,1.0,1,0.0022290920023806393,6,16.0,6.156879427002804e-15,residual_tol,0,0,0.000183216998266289,18.5,False,,0,0,1.767949268591825,1.0,1.0,1.0,1.0,1.0,1.0,0.0,3784.0,1024.0,2048.0,0.0,0.0,0.0,464.0,56.0,48.0,48.0,48.0,48.0,0.0,3.1493000278715044e-05,0.0015564700042887125,0.00014915599604137242,3.675899642985314e-05,0.0001374869971186854
7,16,Improved-gOMP,optimized,Improved-gOMP (optimized),128,256,0.5,gaussian,gaussian,clean,0.0,1.0343591685586901e-20,1.017034497231382e-10,1.0,1.0,1,0.0014150570023048203,6,16.0,3.60378127257465e-10,residual_tol,0,0,0.00015456600158358924,0.0,True,,0,0,1.7679492685918257,1.0,1.0,0.0,0.0,1.0,0.0,1.0,5488.0,1024.0,2048.0,0.0,2048.0,128.0,128.0,56.0,48.0,0.0,0.0,8.0,0.0,3.175900565111078e-05,0.0007760219996271189,0.00026912100656772964,4.8431997129227966e-05,0.0001263029989786446
8,16,OMP,baseline,OMP (baseline),128,256,0.5,gaussian,gaussian,clean,0.0,1.3158867082258257e-29,3.6275152766402314e-15,1.0,1.0,1,0.0009877320007944945,16,16.0,1.2401160435226464e-14,target_sparsity_reached,0,0,0.0003887599959853105,1.0,False,,0,0,1.8485375716198544,0.0,0.0,0.0,0.0,0.0,0.0,0.0,4424.0,1024.0,2048.0,0.0,0.0,0.0,1088.0,136.0,0.0,0.0,0.0,128.0,0.0,6.467199273174629e-05,9.55420036916621e-05,0.0003887599959853105,9.549599781166762e-05,0.0
8,16,OMP,optimized,OMP (optimized),128,256,0.5,gaussian,gaussian,clean,0.0,1.6934371753285905e-20,1.3013213190171712e-10,1.0,1.0,1,0.00048755199895822443,16,16.0,3.9793894729446287e-10,target_sparsity_reached,0,0,0.00019060500926570967,1.0,True,,0,0,1.8485375716198544,0.0,0.0,0.0,0.0,0.0,0.0,0.0,3728.0,1024.0,0.0,256.0,2048.0,128.0,128.0,136.0,0.0,0.0,0.0,8.0,0.0,5.274299837765284e-05,1.908699414343573e-05,0.00019060500926570967,6.764300633221865e-05,9.970499741029926e-05
8,16,gOMP,baseline,gOMP (baseline),128,256,0.5,gaussian,gaussian,clean,0.0,0.0003480087844433198,0.018654993552486683,0.9375,0.9375,0,0.000460690996987978,6,16.0,0.05946029045034143,target_sparsity_reached,1,1,0.0001808660053939093,3.0,False,,0,0,1.8949245489845645,0.0,0.0,0.0,0.0,0.0,0.0,0.0,3920.0,1024.0,2048.0,256.0,0.0,0.0,488.0,56.0,0.0,0.0,0.0,48.0,0.0,3.457500133663416e-05,5.779599814559333e-05,0.0001808660053939093,3.7200996302999556e-05,0.0
8,16,gOMP,optimized,gOMP (optimized),128,256,0.5,gaussian,gaussian,clean,0.0,0.0003480087848783406,0.01865499356414632,0.9375,0.9375,0,0.00021470100182341412,6,16.0,0.059460290450341395,target_sparsity_reached,1,1,7.635000292793848e-05,3.0,True,,0,0,1.8949245489845645,0.0,0.0,0.0,0.0,0.0,0.0,0.0,1472.0,1024.0,0.0,256.0,0.0,0.0,128.0,56.0,0.0,0.0,0.0,8.0,0.0,2.194899570895359e-05,4.273999365977943e-05,7.635000292793848e-05,2.5862991606118158e-05,0.0
8,16,Improved-gOMP,baseline,Improved-gOMP (baseline),128,256,0.5,gaussian,gaussian,clean,0.0,1.1567207938892529e-29,3.401059825832608e-15,1.0,1.0,1,0.002244398001494119,6,16.0,1.1542332761104726e-14,residual_tol,0,0,0.00019954600065830164,18.333333333333332,False,,0,0,1.848537571619854,1.0,1.0,1.0,1.0,1.0,1.0,0.0,3784.0,1024.0,2048.0,0.0,0.0,0.0,464.0,56.0,48.0,48.0,48.0,48.0,0.0,2.723599027376622e-05,0.0015516190032940358,0.00015815000369912013,3.337299494887702e-05,0.00017103600475820713
8,16,Improved-gOMP,optimized,Improved-gOMP (optimized),128,256,0.5,gaussian,gaussian,clean,0.0,1.6934389859804787e-20,1.3013220147144515e-10,1.0,1.0,1,0.0011067679988627788,6,16.0,3.9793920076659297e-10,residual_tol,0,0,0.00012503099787863903,0.0,True,,0,0,1.848537571619854,1.0,1.0,0.0,0.0,1.0,0.0,1.0,5488.0,1024.0,2048.0,0.0,2048.0,128.0,128.0,56.0,48.0,0.0,0.0,8.0,0.0,2.412800313322805e-05,0.0005776469952252228,0.000217506993067218,3.738099985639565e-05,0.00011315500159980729
9,16,OMP,baseline,OMP (baseline),128,256,0.5,gaussian,gaussian,clean,0.0,6.670374611139487e-31,8.167236136625099e-16,1.0,1.0,1,0.0009971969993785024,16,16.0,3.4437280245929446e-15,target_sparsity_reached,0,0,0.00038985200808383524,1.0,False,,0,0,1.7546996232013365,0.0,0.0,0.0,0.0,0.0,0.0,0.0,4424.0,1024.0,2048.0,0.0,0.0,0.0,1088.0,136.0,0.0,0.0,0.0,128.0,0.0,7.406701115542091e-05,0.00010066899631056003,0.00038985200808383524,0.00010050799755845219,0.0
9,16,OMP,optimized,OMP (optimized),128,256,0.5,gaussian,gaussian,clean,0.0,1.031254404596969e-20,1.0155069692508118e-10,1.0,1.0,1,0.0006738810006936546,16,16.0,4.0997206842913123e-10,target_sparsity_reached,0,0,0.0002239130080852192,1.0,True,,0,0,1.7546996232013365,0.0,0.0,0.0,0.0,0.0,0.0,0.0,3728.0,1024.0,0.0,256.0,2048.0,128.0,128.0,136.0,0.0,0.0,0.0,8.0,0.0,0.000135426005726913,2.6621004508342594e-05,0.0002239130080852192,8.571300350013189e-05,0.0001278060080949217
9,16,gOMP,baseline,gOMP (baseline),128,256,0.5,gaussian,gaussian,clean,0.0,7.974364251409862e-31,8.92992959177723e-16,1.0,1.0,1,0.000449507002485916,6,16.0,3.72228974509986e-15,target_sparsity_reached,0,0,0.00017420499716536142,3.0,False,,0,0,1.7546996232013368,0.0,0.0,0.0,0.0,0.0,0.0,0.0,3920.0,1024.0,2048.0,256.0,0.0,0.0,488.0,56.0,0.0,0.0,0.0,48.0,0.0,2.665499778231606e-05,6.35840005998034e-05,0.00017420499716536142,3.6430003092391416e-05,0.0
9,16,gOMP,optimized,gOMP (optimized),128,256,0.5,gaussian,gaussian,clean,0.0,1.031247348382909e-20,1.0155034950126508e-10,1.0,1.0,1,0.00023988199973246083,6,16.0,4.0997075788707467e-10,target_sparsity_reached,0,0,8.091000199783593e-05,3.0,True,,0,0,1.7546996232013368,0.0,0.0,0.0,0.0,0.0,0.0,0.0,1472.0,1024.0,0.0,256.0,0.0,0.0,128.0,56.0,0.0,0.0,0.0,8.0,0.0,2.540299465181306e-05,4.637700112652965e-05,8.091000199783593e-05,3.9873997593531385e-05,0.0
9,16,Improved-gOMP,baseline,Improved-gOMP (baseline),128,256,0.5,gaussian,gaussian,clean,0.0,9.85535607350488e-31,9.927414604772423e-16,1.0,1.0,1,0.0026453919999767095,6,16.0,4.241033846150225e-15,residual_tol,0,0,0.00020415300241438672,17.833333333333332,False,,0,0,1.7546996232013363,1.0,1.0,1.0,1.0,1.0,1.0,0.0,3784.0,1024.0,2048.0,0.0,0.0,0.0,464.0,56.0,48.0,48.0,48.0,48.0,0.0,3.253400427638553e-05,0.0018393240025034174,0.00016085099559859373,3.93109985452611e-05,0.00018523300605011173
9,16,Improved-gOMP,optimized,Improved-gOMP (optimized),128,256,0.5,gaussian,gaussian,clean,0.0,1.0312540812200708e-20,1.015506810031361e-10,1.0,1.0,1,0.001147061000665417,6,16.0,4.099720203983336e-10,residual_tol,0,0,0.0001286590013478417,0.0,True,,0,0,1.754699623201336,1.0,1.0,0.0,0.0,1.0,0.0,1.0,5488.0,1024.0,2048.0,0.0,2048.0,128.0,128.0,56.0,48.0,0.0,0.0,8.0,0.0,2.8384998586261645e-05,0.0005940569972153753,0.0002206030003435444,4.014900332549587e-05,0.00012643999798456207
10,16,OMP,baseline,OMP (baseline),128,256,0.5,gaussian,gaussian,clean,0.0,1.9626041413014646e-30,1.4009297417434839e-15,1.0,1.0,1,0.001331076000496978,16,16.0,5.609159085548423e-15,target_sparsity_reached,0,0,0.0004586490031215362,1.0,False,,0,0,2.120207543146216,0.0,0.0,0.0,0.0,0.0,0.0,0.0,4424.0,1024.0,2048.0,0.0,0.0,0.0,1088.0,136.0,0.0,0.0,0.0,128.0,0.0,7.946300320327282e-05,0.00012394300210871734,0.0004586490031215362,0.00021223499061306939,0.0
10,16,OMP,optimized,OMP (optimized),128,256,0.5,gaussian,gaussian,clean,0.0,1.4175042890109355e-20,1.1905898911929897e-10,1.0,1.0,1,0.0008573029990657233,16,16.0,4.469031578668972e-10,target_sparsity_reached,0,0,0.00027659199986374006,1.0,True,,0,0,2.120207543146216,0.0,0.0,0.0,0.0,0.0,0.0,0.0,3728.0,1024.0,0.0,256.0,2048.0,128.0,128.0,136.0,0.0,0.0,0.0,8.0,0.0,7.60280090617016e-05,2.995999966515228e-05,0.00027659199986374006,0.00014727199959452264,0.00020983299691579305
10,16,gOMP,baseline,gOMP (baseline),128,256,0.5,gaussian,gaussian,clean,0.0,1.8620750920187305e-30,1.3645787232764297e-15,1.0,1.0,1,0.0008546959979867097,6,16.0,5.493119601732807e-15,target_sparsity_reached,0,0,0.00030063799567869864,3.0,False,,0,0,2.1202075431462157,0.0,0.0,0.0,0.0,0.0,0.0,0.0,3920.0,1024.0,2048.0,256.0,0.0,0.0,488.0,56.0,0.0,0.0,0.0,48.0,0.0,3.5625002055894583e-05,8.772200089879334e-05,0.00030063799567869864,0.00015415300003951415,0.0
10,16,gOMP,optimized,gOMP (optimized),128,256,0.5,gaussian,gaussian,clean,0.0,1.4175024993562133e-20,1.190589139609552e-10,1.0,1.0,1,0.00027291199876344763,6,16.0,4.469033257837795e-10,target_sparsity_reached,0,0,9.77790004981216e-05,3.0,True,,0,0,2.1202075431462157,0.0,0.0,0.0,0.0,0.0,0.0,0.0,1472.0,1024.0,0.0,256.0,0.0,0.0,128.0,56.0,0.0,0.0,0.0,8.0,0.0,2.4883003789000213e-05,5.639999653794803e-05,9.77790004981216e-05,3.4539003536337987e-05,0.0
10,16,Improved-gOMP,baseline,Improved-gOMP (baseline),128,256,0.5,gaussian,gaussian,clean,0.0,1.4863799911736446e-30,1.2191718464489098e-15,1.0,1.0,1,0.0025993310009653214,6,16.0,5.539015250143349e-15,residual_tol,0,0,0.0002663120030774735,18.5,False,,0,0,2.1202075431462153,1.0,1.0,1.0,1.0,1.0,1.0,0.0,3784.0,1024.0,2048.0,0.0,0.0,0.0,464.0,56.0,48.0,48.0,48.0,48.0,0.0,3.100000321865082e-05,0.0018214060000900645,0.0001655020023463294,3.661500522866845e-05,0.00021518600624403916
10,16,Improved-gOMP,optimized,Improved-gOMP (optimized),128,256,0.5,gaussian,gaussian,clean,0.0,1.417503859867224e-20,1.1905897109698303e-10,1.0,1.0,1,0.0011337270007061306,6,16.0,4.46903110947089e-10,residual_tol,0,0,0.0001273299967579078,0.0,True,,0,0,2.1202075431462157,1.0,1.0,0.0,0.0,1.0,0.0,1.0,5488.0,1024.0,2048.0,0.0,2048.0,128.0,128.0,56.0,48.0,0.0,0.0,8.0,0.0,2.4603999918326735e-05,0.0005913310051255394,0.00022432200057664886,3.725299393408932e-05,0.00011335800081724301
11,16,OMP,baseline,OMP (baseline),128,256,0.5,gaussian,gaussian,clean,0.0,9.068869760536813e-31,9.52306135679951e-16,1.0,1.0,1,0.0009611050008970778,16,16.0,2.817635252610434e-15,target_sparsity_reached,0,0,0.0003619680028350558,1.0,False,,0,0,1.6931260275166031,0.0,0.0,0.0,0.0,0.0,0.0,0.0,4424.0,1024.0,2048.0,0.0,0.0,0.0,1088.0,136.0,0.0,0.0,0.0,128.0,0.0,7.394299973384477e-05,9.29180096136406e-05,0.0003619680028350558,9.699500515125692e-05,0.0
11,16,OMP,optimized,OMP (optimized),128,256,0.5,gaussian,gaussian,clean,0.0,1.3400893144223251e-20,1.157622267590912e-10,1.0,1.0,1,0.0005278499993437435,16,16.0,3.6742021003512826e-10,target_sparsity_reached,0,0,0.00019849100135616027,1.0,True,,0,0,1.6931260275166031,0.0,0.0,0.0,0.0,0.0,0.0,0.0,3728.0,1024.0,0.0,256.0,2048.0,128.0,128.0,136.0,0.0,0.0,0.0,8.0,0.0,6.495399793493561e-05,2.088700421154499e-05,0.00019849100135616027,7.010099216131493e-05,0.00011100000119768083
11,16,gOMP,baseline,gOMP (baseline),128,256,0.5,gaussian,gaussian,clean,0.0,5.310811082284067e-31,7.287531188464354e-16,1.0,1.0,1,0.00044736600102623925,6,16.0,2.733589560948252e-15,target_sparsity_reached,0,0,0.00017996999667957425,3.0,False,,0,0,1.693126027516603,0.0,0.0,0.0,0.0,0.0,0.0,0.0,3920.0,1024.0,2048.0,256.0,0.0,0.0,488.0,56.0,0.0,0.0,0.0,48.0,0.0,2.678099917829968e-05,5.563300146604888e-05,0.00017996999667957425,3.90819986932911e-05,0.0
11,16,gOMP,optimized,gOMP (optimized),128,256,0.5,gaussian,gaussian,clean,0.0,1.3401017415703113e-20,1.1576276351099741e-10,1.0,1.0,1,0.00020920300084981136,6,16.0,3.6742175666743995e-10,target_sparsity_reached,0,0,7.405799988191575e-05,3.0,True,,0,0,1.693126027516603,0.0,0.0,0.0,0.0,0.0,0.0,0.0,1472.0,1024.0,0.0,256.0,0.0,0.0,128.0,56.0,0.0,0.0,0.0,8.0,0.0,2.414399932604283e-05,4.2711002606665716e-05,7.405799988191575e-05,2.5521996576571837e-05,0.0
11,16,Improved-gOMP,baseline,Improved-gOMP (baseline),128,256,0.5,gaussian,gaussian,clean,0.0,0.00040121246761926923,0.02003028875526434,0.9375,0.9375,0,0.002174469002056867,6,16.0,0.06329389470013493,target_sparsity_reached,1,1,0.0001851780034485273,18.166666666666668,False,,0,0,1.897607225075672,1.0,1.0,1.0,1.0,1.0,1.0,0.0,3784.0,1024.0,2048.0,0.0,0.0,0.0,464.0,56.0,48.0,48.0,48.0,48.0,0.0,2.9914997867308557e-05,0.0015476980006496888,0.00015000100393081084,3.670200385386124e-05,0.00013750899597653188
11,16,Improved-gOMP,optimized,Improved-gOMP (optimized),128,256,0.5,gaussian,gaussian,clean,0.0,1.3400893015030416e-20,1.1576222620108174e-10,1.0,1.0,1,0.0012521409989858512,6,16.0,3.6742020594100267e-10,residual_tol,0,0,0.00013593799667432904,0.0,True,,0,0,1.6931260275166025,1.0,1.0,0.0,0.0,1.0,0.0,1.0,5488.0,1024.0,2048.0,0.0,2048.0,128.0,128.0,56.0,48.0,0.0,0.0,8.0,0.0,3.226399712730199e-05,0.0006695709998894017,0.0002470280014676973,4.80029993923381e-05,0.00011534299846971408
12,16,OMP,baseline,OMP (baseline),128,256,0.5,gaussian,gaussian,clean,0.0,8.77975675474556e-31,9.370035621461405e-16,1.0,1.0,1,0.0010035919985966757,16,16.0,4.794484466131857e-15,target_sparsity_reached,0,0,0.0004094319992873352,1.0,False,,0,0,1.7582141222422252,0.0,0.0,0.0,0.0,0.0,0.0,0.0,4424.0,1024.0,2048.0,0.0,0.0,0.0,1088.0,136.0,0.0,0.0,0.0,128.0,0.0,6.472600216511637e-05,9.586300438968465e-05,0.0004094319992873352,9.666900950833224e-05,0.0
12,16,OMP,optimized,OMP (optimized),128,256,0.5,gaussian,gaussian,clean,0.0,1.0579965908140456e-20,1.0285896124373635e-10,1.0,1.0,1,0.0006324880014290102,16,16.0,5.03741601098635e-10,target_sparsity_reached,0,0,0.00021995901261107065,1.0,True,,0,0,1.7582141222422252,0.0,0.0,0.0,0.0,0.0,0.0,0.0,3728.0,1024.0,0.0,256.0,2048.0,128.0,128.0,136.0,0.0,0.0,0.0,8.0,0.0,6.328499875962734e-05,7.15549940650817e-05,0.00021995901261107065,8.151000656653196e-05,0.00012004099335172214
12,16,gOMP,baseline,gOMP (baseline),128,256,0.5,gaussian,gaussian,clean,0.0,3.1319017384714134e-05,0.0055963396416509725,0.9375,0.9375,0,0.0014014779990247916,6,16.0,0.026437921247428497,target_sparsity_reached,1,1,0.00042322700392105617,3.0,False,,0,0,1.896454088021033,0.0,0.0,0.0,0.0,0.0,0.0,0.0,3920.0,1024.0,2048.0,256.0,0.0,0.0,488.0,56.0,0.0,0.0,0.0,48.0,0.0,0.00012993999916943721,0.00017316199955530465,0.00042322700392105617,0.00016326999684679322,0.0
12,16,gOMP,optimized,gOMP (optimized),128,256,0.5,gaussian,gaussian,clean,0.0,3.131901723487736e-05,0.005596339628263939,0.9375,0.9375,0,0.0005621500022243708,6,16.0,0.026437921247428477,target_sparsity_reached,1,1,0.00019988500207546167,3.0,True,,0,0,1.896454088021033,0.0,0.0,0.0,0.0,0.0,0.0,0.0,1472.0,1024.0,0.0,256.0,0.0,0.0,128.0,56.0,0.0,0.0,0.0,8.0,0.0,6.753599882358685e-05,0.00012387499737087637,0.00019988500207546167,9.179399785352871e-05,0.0
12,16,Improved-gOMP,baseline,Improved-gOMP (baseline),128,256,0.5,gaussian,gaussian,clean,0.0,3.142460754550006e-05,0.005605765562837967,0.9375,0.9375,0,0.0027910229982808232,6,16.0,0.026445370851937093,target_sparsity_reached,1,1,0.00020779900296474807,18.5,False,,0,0,1.8117120345043687,1.0,1.0,1.0,1.0,1.0,1.0,0.0,3784.0,1024.0,2048.0,0.0,0.0,0.0,464.0,56.0,48.0,48.0,48.0,48.0,0.0,3.472099706414156e-05,0.001994913000089582,0.0001711490003799554,3.799699334194884e-05,0.0001612899977772031
12,16,Improved-gOMP,optimized,Improved-gOMP (optimized),128,256,0.5,gaussian,gaussian,clean,0.0,1.057996249634076e-20,1.028589446588908e-10,1.0,1.0,1,0.0012243679993844125,6,16.0,5.037415066579982e-10,residual_tol,0,0,0.00013954799942439422,0.0,True,,0,0,1.7582141222422252,1.0,1.0,0.0,0.0,1.0,0.0,1.0,5488.0,1024.0,2048.0,0.0,2048.0,128.0,128.0,56.0,48.0,0.0,0.0,8.0,0.0,2.5665001885499805e-05,0.0006253460014704615,0.0002663099985511508,3.927500802092254e-05,0.00012346500807325356
13,16,OMP,baseline,OMP (baseline),128,256,0.5,gaussian,gaussian,clean,0.0,1.0665428990255594e-30,1.0327356384988171e-15,1.0,1.0,1,0.0010754200011433568,16,16.0,3.1406295409809178e-15,target_sparsity_reached,0,0,0.00041574200440663844,1.0,False,,0,0,1.8811099648865064,0.0,0.0,0.0,0.0,0.0,0.0,0.0,4424.0,1024.0,2048.0,0.0,0.0,0.0,1088.0,136.0,0.0,0.0,0.0,128.0,0.0,8.810699364403263e-05,9.839300400926732e-05,0.00041574200440663844,0.00011325200830469839,0.0
13,16,OMP,optimized,OMP (optimized),128,256,0.5,gaussian,gaussian,clean,0.0,1.0926302210843915e-20,1.0452895393547146e-10,1.0,1.0,1,0.0005629209990729578,16,16.0,3.194940382806362e-10,target_sparsity_reached,0,0,0.00021451999782584608,1.0,True,,0,0,1.8811099648865064,0.0,0.0,0.0,0.0,0.0,0.0,0.0,3728.0,1024.0,0.0,256.0,2048.0,128.0,128.0,136.0,0.0,0.0,0.0,8.0,0.0,6.99400006851647e-05,2.220800524810329e-05,0.00021451999782584608,7.467900650226511e-05,0.0001146380054706242
13,16,gOMP,baseline,gOMP (baseline),128,256,0.5,gaussian,gaussian,clean,0.0,1.725320164013984e-05,0.004153697345755928,0.875,0.875,0,0.0004510970029514283,6,16.0,0.011029868558704685,target_sparsity_reached,2,2,0.00017849100549938157,3.0,False,,0,0,1.909664291523044,0.0,0.0,0.0,0.0,0.0,0.0,0.0,3920.0,1024.0,2048.0,256.0,0.0,0.0,488.0,56.0,0.0,0.0,0.0,48.0,0.0,2.772900552372448e-05,5.7428002037340775e-05,0.00017849100549938157,3.778099562623538e-05,0.0
13,16,gOMP,optimized,gOMP (optimized),128,256,0.5,gaussian,gaussian,clean,0.0,1.7253201783102003e-05,0.004153697362964953,0.875,0.875,0,0.0002737499999057036,6,16.0,0.011029868558704612,target_sparsity_reached,2,2,8.897600127966143e-05,3.0,True,,0,0,1.909664291523044,0.0,0.0,0.0,0.0,0.0,0.0,0.0,1472.0,1024.0,0.0,256.0,0.0,0.0,128.0,56.0,0.0,0.0,0.0,8.0,0.0,2.727300307014957e-05,5.5744003475410864e-05,8.897600127966143e-05,2.9627008188981563e-05,0.0
13,16,Improved-gOMP,baseline,Improved-gOMP (baseline),128,256,0.5,gaussian,gaussian,clean,0.0,1.6881534200059613e-30,1.299289582812839e-15,1.0,1.0,1,0.0022826290005468763,6,16.0,4.249142036063452e-15,residual_tol,0,0,0.00019678399985423312,18.833333333333332,False,,0,0,1.8811099648865064,1.0,1.0,1.0,1.0,1.0,1.0,0.0,3784.0,1024.0,2048.0,0.0,0.0,0.0,464.0,56.0,48.0,48.0,48.0,48.0,0.0,3.312099943286739e-05,0.0015911260052234866,0.00015806399824214168,3.935200220439583e-05,0.00014512699999613687
13,16,Improved-gOMP,optimized,Improved-gOMP (optimized),128,256,0.5,gaussian,gaussian,clean,0.0,1.0926310422936786e-20,1.0452899321689072e-10,1.0,1.0,1,0.0010996489982062485,6,16.0,3.194942169282642e-10,residual_tol,0,0,0.0001230730013048742,0.0,True,,0,0,1.8811099648865057,1.0,1.0,0.0,0.0,1.0,0.0,1.0,5488.0,1024.0,2048.0,0.0,2048.0,128.0,128.0,56.0,48.0,0.0,0.0,8.0,0.0,2.8256003133719787e-05,0.0005779919956694357,0.00021699699937016703,3.9501992432633415e-05,0.00010637000377755612
14,16,OMP,baseline,OMP (baseline),128,256,0.5,gaussian,gaussian,clean,0.0,1.1264671137952162e-30,1.0613515505218882e-15,1.0,1.0,1,0.001010519998089876,16,16.0,4.939839458714461e-15,target_sparsity_reached,0,0,0.00039860700780991465,1.0,False,,0,0,1.8843972321133793,0.0,0.0,0.0,0.0,0.0,0.0,0.0,4424.0,1024.0,2048.0,0.0,0.0,0.0,1088.0,136.0,0.0,0.0,0.0,128.0,0.0,6.473800021922216e-05,0.00010308799755875953,0.00039860700780991465,9.388300532009453e-05,0.0
14,16,OMP,optimized,OMP (optimized),128,256,0.5,gaussian,gaussian,clean,0.0,1.0899648134770906e-20,1.0440137994667937e-10,1.0,1.0,1,0.0007518579986935947,16,16.0,4.805187981154721e-10,target_sparsity_reached,0,0,0.00025204100529663265,1.0,True,,0,0,1.8843972321133793,0.0,0.0,0.0,0.0,0.0,0.0,0.0,3728.0,1024.0,0.0,256.0,2048.0,128.0,128.0,136.0,0.0,0.0,0.0,8.0,0.0,6.287499127211049e-05,2.8983002266613767e-05,0.00025204100529663265,0.0001612960077181924,0.00016352399688912556
14,16,gOMP,baseline,gOMP (baseline),128,256,0.5,gaussian,gaussian,clean,0.0,1.1251347694195677e-30,1.0607237007909119e-15,1.0,1.0,1,0.0004850059995078482,6,16.0,5.608022681674086e-15,target_sparsity_reached,0,0,0.00018754300253931433,3.0,False,,0,0,1.8843972321133793,0.0,0.0,0.0,0.0,0.0,0.0,0.0,3920.0,1024.0,2048.0,256.0,0.0,0.0,488.0,56.0,0.0,0.0,0.0,48.0,0.0,2.556600156822242e-05,6.475999180111103e-05,0.00018754300253931433,4.0326998714590445e-05,0.0
14,16,gOMP,optimized,gOMP (optimized),128,256,0.5,gaussian,gaussian,clean,0.0,1.0899678372401771e-20,1.0440152476090456e-10,1.0,1.0,1,0.0004465219972189516,6,16.0,4.805196626989992e-10,target_sparsity_reached,0,0,0.00015590999464620836,3.0,True,,0,0,1.8843972321133793,0.0,0.0,0.0,0.0,0.0,0.0,0.0,1472.0,1024.0,0.0,256.0,0.0,0.0,128.0,56.0,0.0,0.0,0.0,8.0,0.0,4.200199691695161e-05,8.19609995232895e-05,0.00015590999464620836,6.509299782919697e-05,0.0
14,16,Improved-gOMP,baseline,Improved-gOMP (baseline),128,256,0.5,gaussian,gaussian,clean,0.0,3.7083812708154407e-06,0.001925715781421402,0.9375,0.9375,0,0.003563998998288298,7,16.0,0.008225433008749615,target_sparsity_reached,1,1,0.00023882099048933014,17.0,False,,0,0,1.8907708786674224,1.0,1.0,1.0,1.0,1.0,1.0,0.0,3920.0,1024.0,2048.0,0.0,0.0,0.0,560.0,64.0,56.0,56.0,56.0,56.0,0.0,0.0002181779927923344,0.00233134499649168,0.00020737500381073914,5.101100032334216e-05,0.00036204800562700257
14,16,Improved-gOMP,optimized,Improved-gOMP (optimized),128,256,0.5,gaussian,gaussian,clean,0.0,1.0899644407157534e-20,1.0440136209435934e-10,1.0,1.0,1,0.0014980359992478043,7,16.0,4.805187215275751e-10,residual_tol,0,0,0.00014391900185728446,0.0,True,,0,0,1.8843972321133793,1.0,1.0,0.0,0.0,1.0,0.0,1.0,5504.0,1024.0,2048.0,0.0,2048.0,128.0,128.0,64.0,56.0,0.0,0.0,8.0,0.0,2.7993002731818706e-05,0.00066076599250664,0.0002478499991411809,4.424600410857238e-05,0.00036407598963705823
15,16,OMP,baseline,OMP (baseline),128,256,0.5,gaussian,gaussian,clean,0.0,1.0673739221365732e-29,3.2670689036758515e-15,1.0,1.0,1,0.0009389490005560219,16,16.0,1.5299051030809164e-14,target_sparsity_reached,0,0,0.0003721699940797407,1.0,False,,0,0,1.8858882105597583,0.0,0.0,0.0,0.0,0.0,0.0,0.0,4424.0,1024.0,2048.0,0.0,0.0,0.0,1088.0,136.0,0.0,0.0,0.0,128.0,0.0,7.066799298627302e-05,9.230399882653728e-05,0.0003721699940797407,9.726699136081152e-05,0.0
15,16,OMP,optimized,OMP (optimized),128,256,0.5,gaussian,gaussian,clean,0.0,1.368306799099262e-20,1.1697464678721033e-10,1.0,1.0,1,0.0005168259995116387,16,16.0,4.596142411198016e-10,target_sparsity_reached,0,0,0.00018965900017064996,1.0,True,,0,0,1.8858882105597583,0.0,0.0,0.0,0.0,0.0,0.0,0.0,3728.0,1024.0,0.0,256.0,2048.0,128.0,128.0,136.0,0.0,0.0,0.0,8.0,0.0,6.326200309558772e-05,2.9478014766937122e-05,0.00018965900017064996,6.94270092935767e-05,0.000100917986856075
15,16,gOMP,baseline,gOMP (baseline),128,256,0.5,gaussian,gaussian,clean,0.0,1.0879988724288111e-29,3.298482791267541e-15,1.0,1.0,1,0.0004895089987257961,6,16.0,1.547660360123522e-14,target_sparsity_reached,0,0,0.00018005300080403686,3.0,False,,0,0,1.8858882105597594,0.0,0.0,0.0,0.0,0.0,0.0,0.0,3920.0,1024.0,2048.0,256.0,0.0,0.0,488.0,56.0,0.0,0.0,0.0,48.0,0.0,4.425100269145332e-05,6.134600334917195e-05,0.00018005300080403686,3.885599289787933e-05,0.0
15,16,gOMP,optimized,gOMP (optimized),128,256,0.5,gaussian,gaussian,clean,0.0,1.3683039765873933e-20,1.1697452614083944e-10,1.0,1.0,1,0.00023283700284082443,6,16.0,4.5961356338219575e-10,target_sparsity_reached,0,0,8.046200673561543e-05,3.0,True,,0,0,1.8858882105597594,0.0,0.0,0.0,0.0,0.0,0.0,0.0,1472.0,1024.0,0.0,256.0,0.0,0.0,128.0,56.0,0.0,0.0,0.0,8.0,0.0,2.480900366208516e-05,5.257999509922229e-05,8.046200673561543e-05,2.732300345087424e-05,0.0
15,16,Improved-gOMP,baseline,Improved-gOMP (baseline),128,256,0.5,gaussian,gaussian,clean,0.0,9.284880691268064e-30,3.0471102197439565e-15,1.0,1.0,1,0.0023022289969958365,6,16.0,1.4363684690408553e-14,residual_tol,0,0,0.00019253399295848794,18.833333333333332,False,,0,0,1.8858882105597587,1.0,1.0,1.0,1.0,1.0,1.0,0.0,3784.0,1024.0,2048.0,0.0,0.0,0.0,464.0,56.0,48.0,48.0,48.0,48.0,0.0,3.206800465704873e-05,0.001638748995901551,0.0001567089930176735,3.820999336312525e-05,0.00013773399768979289
15,16,Improved-gOMP,optimized,Improved-gOMP (optimized),128,256,0.5,gaussian,gaussian,clean,0.0,1.3683068183709924e-20,1.1697464761096706e-10,1.0,1.0,1,0.0010777899988170248,6,16.0,4.5961417253820065e-10,residual_tol,0,0,0.0001223760009452235,0.0,True,,0,0,1.8858882105597587,1.0,1.0,0.0,0.0,1.0,0.0,1.0,5488.0,1024.0,2048.0,0.0,2048.0,128.0,128.0,56.0,48.0,0.0,0.0,8.0,0.0,2.7566005883272737e-05,0.000561072003620211,0.00021455599562614225,3.892100721714087e-05,0.00010710099741118029
16,16,OMP,baseline,OMP (baseline),128,256,0.5,gaussian,gaussian,clean,0.0,1.5756417108382946e-30,1.255245677482418e-15,1.0,1.0,1,0.0010839319984370377,16,16.0,4.855768346374484e-15,target_sparsity_reached,0,0,0.0004181409894954413,1.0,False,,0,0,1.6041908987296958,0.0,0.0,0.0,0.0,0.0,0.0,0.0,4424.0,1024.0,2048.0,0.0,0.0,0.0,1088.0,136.0,0.0,0.0,0.0,128.0,0.0,0.00013657399540534243,0.00010355001359130256,0.0004181409894954413,9.309500092058443e-05,0.0
16,16,OMP,optimized,OMP (optimized),128,256,0.5,gaussian,gaussian,clean,0.0,1.0820186458626459e-20,1.0402012525769453e-10,1.0,1.0,1,0.0005971979990135878,16,16.0,4.1119680751653217e-10,target_sparsity_reached,0,0,0.0002442979966872372,1.0,True,,0,0,1.6041908987296958,0.0,0.0,0.0,0.0,0.0,0.0,0.0,3728.0,1024.0,0.0,256.0,2048.0,128.0,128.0,136.0,0.0,0.0,0.0,8.0,0.0,5.697400774806738e-05,2.8802001907024533e-05,0.0002442979966872372,8.254600106738508e-05,0.0001144319903687574
16,16,gOMP,baseline,gOMP (baseline),128,256,0.5,gaussian,gaussian,clean,0.0,3.094552841135279e-30,1.7591341168697967e-15,1.0,1.0,1,0.00048044900177046657,6,16.0,7.54634620482655e-15,target_sparsity_reached,0,0,0.00018088199794874527,3.0,False,,0,0,1.6041908987296951,0.0,0.0,0.0,0.0,0.0,0.0,0.0,3920.0,1024.0,2048.0,256.0,0.0,0.0,488.0,56.0,0.0,0.0,0.0,48.0,0.0,2.4442993890261278e-05,5.9156998759135604e-05,0.00018088199794874527,3.6435998481465504e-05,0.0
16,16,gOMP,optimized,gOMP (optimized),128,256,0.5,gaussian,gaussian,clean,0.0,1.0820186239138326e-20,1.0402012420266728e-10,1.0,1.0,1,0.0002414920018054545,6,16.0,4.1119699660253897e-10,target_sparsity_reached,0,0,8.642300235806033e-05,3.0,True,,0,0,1.6041908987296951,0.0,0.0,0.0,0.0,0.0,0.0,0.0,1472.0,1024.0,0.0,256.0,0.0,0.0,128.0,56.0,0.0,0.0,0.0,8.0,0.0,2.4953002139227465e-05,4.972899841959588e-05,8.642300235806033e-05,2.863299596356228e-05,0.0
16,16,Improved-gOMP,baseline,Improved-gOMP (baseline),128,256,0.5,gaussian,gaussian,clean,0.0,2.3215758795796337e-30,1.523671841171725e-15,1.0,1.0,1,0.0034423690012772568,7,16.0,6.1277073089572845e-15,residual_tol,0,0,0.00023173999215941876,16.142857142857142,False,,0,0,1.6041908987296953,1.0,1.0,1.0,1.0,1.0,1.0,0.0,3920.0,1024.0,2048.0,0.0,0.0,0.0,560.0,64.0,56.0,56.0,56.0,56.0,0.0,9.457299529458396e-05,0.0022985340001469012,0.0001955659972736612,4.805800199392252e-05,0.0003975890031142626
16,16,Improved-gOMP,optimized,Improved-gOMP (optimized),128,256,0.5,gaussian,gaussian,clean,0.0,1.0820187450811825e-20,1.0402013002689347e-10,1.0,1.0,1,0.0015361490004579537,7,16.0,4.1119676868146306e-10,residual_tol,0,0,0.0001522510065115057,0.0,True,,0,0,1.6041908987296953,1.0,1.0,0.0,0.0,1.0,0.0,1.0,5504.0,1024.0,2048.0,0.0,2048.0,128.0,128.0,64.0,56.0,0.0,0.0,8.0,0.0,2.988299820572138e-05,0.0007244730004458688,0.0002572529992903583,4.4244006858207285e-05,0.0003135859951726161
17,16,OMP,baseline,OMP (baseline),128,256,0.5,gaussian,gaussian,clean,0.0,1.2233740876137682e-30,1.1060624248268125e-15,1.0,1.0,1,0.001025311001285445,16,16.0,3.1575798672261362e-15,target_sparsity_reached,0,0,0.00039357699643005617,1.0,False,,0,0,1.827679260284448,0.0,0.0,0.0,0.0,0.0,0.0,0.0,4424.0,1024.0,2048.0,0.0,0.0,0.0,1088.0,136.0,0.0,0.0,0.0,128.0,0.0,8.297899330500513e-05,9.606400271877646e-05,0.00039357699643005617,0.00012335399151197635,0.0
17,16,OMP,optimized,OMP (optimized),128,256,0.5,gaussian,gaussian,clean,0.0,2.6092553273369778e-20,1.61531895529551e-10,1.0,1.0,1,0.0005335780006134883,16,16.0,3.9368109335651346e-10,target_sparsity_reached,0,0,0.00020681898968177848,1.0,True,,0,0,1.827679260284448,0.0,0.0,0.0,0.0,0.0,0.0,0.0,3728.0,1024.0,0.0,256.0,2048.0,128.0,128.0,136.0,0.0,0.0,0.0,8.0,0.0,6.240800576051697e-05,2.158901043003425e-05,0.00020681898968177848,7.207800081232563e-05,0.00010550801016506739
17,16,gOMP,baseline,gOMP (baseline),128,256,0.5,gaussian,gaussian,clean,0.0,1.3600246614283137e-30,1.1662009524212858e-15,1.0,1.0,1,0.00043316099981893785,6,16.0,3.568921107634035e-15,target_sparsity_reached,0,0,0.00016659500397508964,3.0,False,,0,0,1.8276792602844483,0.0,0.0,0.0,0.0,0.0,0.0,0.0,3920.0,1024.0,2048.0,256.0,0.0,0.0,488.0,56.0,0.0,0.0,0.0,48.0,0.0,2.766599936876446e-05,5.859099837834947e-05,0.00016659500397508964,3.7839996366528794e-05,0.0
17,16,gOMP,optimized,gOMP (optimized),128,256,0.5,gaussian,gaussian,clean,0.0,2.609247846705704e-20,1.6153166397662423e-10,1.0,1.0,1,0.00021039599960204214,6,16.0,3.936808276396699e-10,target_sparsity_reached,0,0,7.480000203941017e-05,3.0,True,,0,0,1.8276792602844483,0.0,0.0,0.0,0.0,0.0,0.0,0.0,1472.0,1024.0,0.0,256.0,0.0,0.0,128.0,56.0,0.0,0.0,0.0,8.0,0.0,2.5561002985341474e-05,4.193700078758411e-05,7.480000203941017e-05,2.5110999558819458e-05,0.0
17,16,Improved-gOMP,baseline,Improved-gOMP (baseline),128,256,0.5,gaussian,gaussian,clean,0.0,0.003808534594106116,0.06171332590377961,0.875,0.875,0,0.002145939000911312,6,16.0,0.16738454556950366,target_sparsity_reached,2,2,0.00018489399735699408,17.833333333333332,False,,0,0,1.983672550458663,1.0,1.0,1.0,1.0,1.0,1.0,0.0,3784.0,1024.0,2048.0,0.0,0.0,0.0,464.0,56.0,48.0,48.0,48.0,48.0,0.0,3.217599805793725e-05,0.001507302004029043,0.0001501500046288129,3.665699841803871e-05,0.0001355640015390236
17,16,Improved-gOMP,optimized,Improved-gOMP (optimized),128,256,0.5,gaussian,gaussian,clean,0.0,2.609253204865633e-20,1.6153182983132561e-10,1.0,1.0,1,0.0011706020013662055,6,16.0,3.9368096286890035e-10,residual_tol,0,0,0.00013991499872645363,0.0,True,,0,0,1.8276792602844483,1.0,1.0,0.0,0.0,1.0,0.0,1.0,5488.0,1024.0,2048.0,0.0,2048.0,128.0,128.0,56.0,48.0,0.0,0.0,8.0,0.0,2.944999869214371e-05,0.0006042409913789015,0.00023945899738464504,4.797300789505243e-05,0.00011182598973391578
18,16,OMP,baseline,OMP (baseline),128,256,0.5,gaussian,gaussian,clean,0.0,9.09251821268147e-31,9.535469685695335e-16,1.0,1.0,1,0.0009460199980821926,16,16.0,3.91638941846951e-15,target_sparsity_reached,0,0,0.0003728400006366428,1.0,False,,0,0,1.9467534091050116,0.0,0.0,0.0,0.0,0.0,0.0,0.0,4424.0,1024.0,2048.0,0.0,0.0,0.0,1088.0,136.0,0.0,0.0,0.0,128.0,0.0,6.106699947849847e-05,9.845300155575387e-05,0.0003728400006366428,8.597100168117322e-05,0.0
18,16,OMP,optimized,OMP (optimized),128,256,0.5,gaussian,gaussian,clean,0.0,1.2262941658819645e-20,1.1073816712777779e-10,1.0,1.0,1,0.0004785550008818973,16,16.0,4.466596624024819e-10,target_sparsity_reached,0,0,0.0001829919892770704,1.0,True,,0,0,1.9467534091050116,0.0,0.0,0.0,0.0,0.0,0.0,0.0,3728.0,1024.0,0.0,256.0,2048.0,128.0,128.0,136.0,0.0,0.0,0.0,8.0,0.0,5.2450992370722815e-05,1.9082996004726738e-05,0.0001829919892770704,6.62079946778249e-05,9.729599696584046e-05
18,16,gOMP,baseline,gOMP (baseline),128,256,0.5,gaussian,gaussian,clean,0.0,1.8026317712139616e-30,1.3426212314774265e-15,1.0,1.0,1,0.00040757100214250386,6,16.0,6.001401160561232e-15,target_sparsity_reached,0,0,0.00016319400310749188,3.0,False,,0,0,1.9467534091050107,0.0,0.0,0.0,0.0,0.0,0.0,0.0,3920.0,1024.0,2048.0,256.0,0.0,0.0,488.0,56.0,0.0,0.0,0.0,48.0,0.0,2.1768995793536305e-05,5.2734998462256044e-05,0.00016319400310749188,3.232700328226201e-05,0.0
18,16,gOMP,optimized,gOMP (optimized),128,256,0.5,gaussian,gaussian,clean,0.0,1.2263026511179213e-20,1.1073855024867904e-10,1.0,1.0,1,0.00020603400116669945,6,16.0,4.4666101500818744e-10,target_sparsity_reached,0,0,7.317199560930021e-05,3.0,True,,0,0,1.9467534091050107,0.0,0.0,0.0,0.0,0.0,0.0,0.0,1472.0,1024.0,0.0,256.0,0.0,0.0,128.0,56.0,0.0,0.0,0.0,8.0,0.0,2.3538999812444672e-05,4.13450034102425e-05,7.317199560930021e-05,2.5020002794917673e-05,0.0
18,16,Improved-gOMP,baseline,Improved-gOMP (baseline),128,256,0.5,gaussian,gaussian,clean,0.0,0.0005609117860819979,0.023683576294174783,0.9375,0.9375,0,0.0022705069968651515,6,16.0,0.09024972613221287,target_sparsity_reached,1,1,0.0001994700032810215,18.333333333333332,False,,0,0,2.0077010638697175,1.0,1.0,1.0,1.0,1.0,1.0,0.0,3784.0,1024.0,2048.0,0.0,0.0,0.0,464.0,56.0,48.0,48.0,48.0,48.0,0.0,2.8892001864733174e-05,0.0015779169989400543,0.00016379999942728318,3.642399678938091e-05,0.0001509970061306376
18,16,Improved-gOMP,optimized,Improved-gOMP (optimized),128,256,0.5,gaussian,gaussian,clean,0.0,1.2262923910490737e-20,1.1073808699129103e-10,1.0,1.0,1,0.001649462999921525,6,16.0,4.4665934497583915e-10,residual_tol,0,0,0.00015636499665561132,0.0,True,,0,0,1.9467534091050107,1.0,1.0,0.0,0.0,1.0,0.0,1.0,5488.0,1024.0,2048.0,0.0,2048.0,128.0,128.0,56.0,48.0,0.0,0.0,8.0,0.0,3.848799678962678e-05,0.0009480270018684678,0.00031452300390810706,4.77659996249713e-05,0.00011757699758163653
19,16,OMP,baseline,OMP (baseline),128,256,0.5,gaussian,gaussian,clean,0.0,2.7668781102878522e-30,1.6633935524366603e-15,1.0,1.0,1,0.0011163739982293919,16,16.0,8.621149139482744e-15,target_sparsity_reached,0,0,0.0004127550018893089,1.0,False,,0,0,1.8825765732719877,0.0,0.0,0.0,0.0,0.0,0.0,0.0,4424.0,1024.0,2048.0,0.0,0.0,0.0,1088.0,136.0,0.0,0.0,0.0,128.0,0.0,0.00014152000221656635,0.00010742499944171868,0.0004127550018893089,0.00011240099047427066,0.0
19,16,OMP,optimized,OMP (optimized),128,256,0.5,gaussian,gaussian,clean,0.0,1.64370819937107e-20,1.2820718386155552e-10,1.0,1.0,1,0.000500224999996135,16,16.0,4.519380915709126e-10,target_sparsity_reached,0,0,0.00018682200243347324,1.0,True,,0,0,1.8825765732719877,0.0,0.0,0.0,0.0,0.0,0.0,0.0,3728.0,1024.0,0.0,256.0,2048.0,128.0,128.0,136.0,0.0,0.0,0.0,8.0,0.0,6.387699977494776e-05,1.936300759552978e-05,0.00018682200243347324,6.763100100215524e-05,9.980400136555545e-05
19,16,gOMP,baseline,gOMP (baseline),128,256,0.5,gaussian,gaussian,clean,0.0,1.3997824261828733e-30,1.183124011328852e-15,1.0,1.0,1,0.0004569200027617626,6,16.0,5.186094442080793e-15,target_sparsity_reached,0,0,0.00016615599452052265,3.0,False,,0,0,1.8825765732719881,0.0,0.0,0.0,0.0,0.0,0.0,0.0,3920.0,1024.0,2048.0,256.0,0.0,0.0,488.0,56.0,0.0,0.0,0.0,48.0,0.0,2.7683996449923143e-05,5.880700337002054e-05,0.00016615599452052265,5.0765003834385425e-05,0.0
19,16,gOMP,optimized,gOMP (optimized),128,256,0.5,gaussian,gaussian,clean,0.0,1.643703988094564e-20,1.2820701962429997e-10,1.0,1.0,1,0.00021712300076615065,6,16.0,4.5193725857697275e-10,target_sparsity_reached,0,0,7.684700540266931e-05,3.0,True,,0,0,1.8825765732719881,0.0,0.0,0.0,0.0,0.0,0.0,0.0,1472.0,1024.0,0.0,256.0,0.0,0.0,128.0,56.0,0.0,0.0,0.0,8.0,0.0,2.546299947425723e-05,4.3809995986521244e-05,7.684700540266931e-05,2.582399611128494e-05,0.0
19,16,Improved-gOMP,baseline,Improved-gOMP (baseline),128,256,0.5,gaussian,gaussian,clean,0.0,0.00011714506346870904,0.01082335731040554,0.9375,0.9375,0,0.002864883001166163,6,16.0,0.03767598551851594,target_sparsity_reached,1,1,0.00023328300085267983,18.833333333333332,False,,0,0,1.9093110765705719,1.0,1.0,1.0,1.0,1.0,1.0,0.0,3784.0,1024.0,2048.0,0.0,0.0,0.0,464.0,56.0,48.0,48.0,48.0,48.0,0.0,3.802999708568677e-05,0.0019388430046092253,0.00019776999761234038,6.695300180581398e-05,0.00015996701040421613
19,16,Improved-gOMP,optimized,Improved-gOMP (optimized),128,256,0.5,gaussian,gaussian,clean,0.0,1.643709418743062e-20,1.2820723141629188e-10,1.0,1.0,1,0.0014439229998970404,7,16.0,4.519382683378214e-10,residual_tol,0,0,0.00013949100684840232,0.0,True,,0,0,1.8825765732719881,1.0,1.0,0.0,0.0,1.0,0.0,1.0,5504.0,1024.0,2048.0,0.0,2048.0,128.0,128.0,64.0,56.0,0.0,0.0,8.0,0.0,3.2524003472644836e-05,0.0006376620003720745,0.0002333530028408859,4.6523997298209e-05,0.00034329999834881164
20,16,OMP,baseline,OMP (baseline),128,256,0.5,gaussian,gaussian,clean,0.0,1.0864175616989544e-30,1.0423135620814662e-15,1.0,1.0,1,0.0010248620019410737,16,16.0,4.2668851969370806e-15,target_sparsity_reached,0,0,0.00039550900328322314,1.0,False,,0,0,1.8903856357847977,0.0,0.0,0.0,0.0,0.0,0.0,0.0,4424.0,1024.0,2048.0,0.0,0.0,0.0,1088.0,136.0,0.0,0.0,0.0,128.0,0.0,6.690301597700454e-05,0.00010586799180600792,0.00039550900328322314,9.704899639473297e-05,0.0
20,16,OMP,optimized,OMP (optimized),128,256,0.5,gaussian,gaussian,clean,0.0,1.147886423031807e-20,1.0713946159244067e-10,1.0,1.0,1,0.0005637719987134915,16,16.0,3.862408417800838e-10,target_sparsity_reached,0,0,0.0002044569955614861,1.0,True,,0,0,1.8903856357847977,0.0,0.0,0.0,0.0,0.0,0.0,0.0,3728.0,1024.0,0.0,256.0,2048.0,128.0,128.0,136.0,0.0,0.0,0.0,8.0,0.0,6.853400191175751e-05,2.674800271051936e-05,0.0002044569955614861,7.615399590576999e-05,0.00011030301175196655
20,16,gOMP,baseline,gOMP (baseline),128,256,0.5,gaussian,gaussian,clean,0.0,0.0003706122883821475,0.019251293161295622,0.9375,0.9375,0,0.0004450189990166109,6,16.0,0.062339476120748104,target_sparsity_reached,1,1,0.0001783500010787975,3.0,False,,0,0,1.8225906484704604,0.0,0.0,0.0,0.0,0.0,0.0,0.0,3920.0,1024.0,2048.0,256.0,0.0,0.0,488.0,56.0,0.0,0.0,0.0,48.0,0.0,2.362400118727237e-05,5.8222998632118106e-05,0.0001783500010787975,3.47380009770859e-05,0.0
20,16,gOMP,optimized,gOMP (optimized),128,256,0.5,gaussian,gaussian,clean,0.0,0.0003706122887866879,0.019251293171802457,0.9375,0.9375,0,0.00023090299873729236,6,16.0,0.06233947612074813,target_sparsity_reached,1,1,8.292100028484128e-05,3.0,True,,0,0,1.8225906484704604,0.0,0.0,0.0,0.0,0.0,0.0,0.0,1472.0,1024.0,0.0,256.0,0.0,0.0,128.0,56.0,0.0,0.0,0.0,8.0,0.0,2.2996002371655777e-05,4.699100099969655e-05,8.292100028484128e-05,2.9432987503241748e-05,0.0
20,16,Improved-gOMP,baseline,Improved-gOMP (baseline),128,256,0.5,gaussian,gaussian,clean,0.0,0.00038242973385963213,0.019555810744114704,0.9375,0.9375,0,0.0022400019988708664,6,16.0,0.062006320768789765,target_sparsity_reached,1,1,0.00019559300199034624,18.5,False,,0,0,1.9828081780738134,1.0,1.0,1.0,1.0,1.0,1.0,0.0,3784.0,1024.0,2048.0,0.0,0.0,0.0,464.0,56.0,48.0,48.0,48.0,48.0,0.0,2.7003003197023645e-05,0.0015764770032546949,0.0001579729978402611,3.4950000554090366e-05,0.00015267600247170776
20,16,Improved-gOMP,optimized,Improved-gOMP (optimized),128,256,0.5,gaussian,gaussian,clean,0.0,1.1478853004789804e-20,1.0713940920496904e-10,1.0,1.0,1,0.0014282340016507078,6,16.0,3.8624067021446207e-10,residual_tol,0,0,0.00019569800133467652,0.0,True,,0,0,1.8903856357847977,1.0,1.0,0.0,0.0,1.0,0.0,1.0,5488.0,1024.0,2048.0,0.0,2048.0,128.0,128.0,56.0,48.0,0.0,0.0,8.0,0.0,2.4562010366935283e-05,0.0005631120002362877,0.00021383199782576412,3.646199547802098e-05,0.00041419200351811014
21,16,OMP,baseline,OMP (baseline),128,256,0.5,gaussian,gaussian,clean,0.0,8.764369816638277e-31,9.361821306048453e-16,1.0,1.0,1,0.0012867869991168845,16,16.0,4.07283518728154e-15,target_sparsity_reached,0,0,0.0004970839945599437,1.0,False,,0,0,1.912063268072084,0.0,0.0,0.0,0.0,0.0,0.0,0.0,4424.0,1024.0,2048.0,0.0,0.0,0.0,1088.0,136.0,0.0,0.0,0.0,128.0,0.0,8.658499791636132e-05,0.00011718601308530197,0.0004970839945599437,0.0002008660048886668,0.0
21,16,OMP,optimized,OMP (optimized),128,256,0.5,gaussian,gaussian,clean,0.0,2.1312732324176626e-20,1.4598880890046547e-10,1.0,1.0,1,0.0006207620026543736,16,16.0,4.831143372737579e-10,target_sparsity_reached,0,0,0.0002175169975089375,1.0,True,,0,0,1.912063268072084,0.0,0.0,0.0,0.0,0.0,0.0,0.0,3728.0,1024.0,0.0,256.0,2048.0,128.0,128.0,136.0,0.0,0.0,0.0,8.0,0.0,6.698200013488531e-05,2.194300395785831e-05,0.0002175169975089375,7.904900485300459e-05,0.00010870000187424012
21,16,gOMP,baseline,gOMP (baseline),128,256,0.5,gaussian,gaussian,clean,0.0,0.0001000497332612343,0.010002486353963913,0.9375,0.9375,0,0.0005064549986855127,6,16.0,0.03543945508381701,target_sparsity_reached,1,1,0.0001876339956652373,3.0,False,,0,0,1.9483219963506229,0.0,0.0,0.0,0.0,0.0,0.0,0.0,3920.0,1024.0,2048.0,256.0,0.0,0.0,488.0,56.0,0.0,0.0,0.0,48.0,0.0,3.56519922206644e-05,6.788300379412249e-05,0.0001876339956652373,4.147800063947216e-05,0.0
21,16,gOMP,optimized,gOMP (optimized),128,256,0.5,gaussian,gaussian,clean,0.0,0.00010004973296335755,0.010002486339073777,0.9375,0.9375,0,0.00023075299759511836,6,16.0,0.03543945508381702,target_sparsity_reached,1,1,8.094100121525116e-05,3.0,True,,0,0,1.9483219963506229,0.0,0.0,0.0,0.0,0.0,0.0,0.0,1472.0,1024.0,0.0,256.0,0.0,0.0,128.0,56.0,0.0,0.0,0.0,8.0,0.0,2.4601995392004028e-05,5.132400110596791e-05,8.094100121525116e-05,2.681099431356415e-05,0.0
21,16,Improved-gOMP,baseline,Improved-gOMP (baseline),128,256,0.5,gaussian,gaussian,clean,0.0,0.00044874566129530656,0.021183617757486718,0.875,0.875,0,0.002246223000838654,6,16.0,0.07597189414200071,target_sparsity_reached,2,2,0.0001890700004878454,18.666666666666668,False,,0,0,2.016655130711781,1.0,1.0,1.0,1.0,1.0,1.0,0.0,3784.0,1024.0,2048.0,0.0,0.0,0.0,464.0,56.0,48.0,48.0,48.0,48.0,0.0,3.0383998819161206e-05,0.0015721420058980584,0.00015202099893940613,3.686799755087122e-05,0.000160726995090954
21,16,Improved-gOMP,optimized,Improved-gOMP (optimized),128,256,0.5,gaussian,gaussian,clean,0.0,2.131272986074611e-20,1.4598880046341265e-10,1.0,1.0,1,0.0014858930007903837,7,16.0,4.831143633910433e-10,residual_tol,0,0,0.00014277599257184193,0.0,True,,0,0,1.9120632680720853,1.0,1.0,0.0,0.0,1.0,0.0,1.0,5504.0,1024.0,2048.0,0.0,2048.0,128.0,128.0,64.0,56.0,0.0,0.0,8.0,0.0,3.416099934838712e-05,0.0006779679933970328,0.0002560889988671988,4.9356000090483576e-05,0.00031551800202578306
22,16,OMP,baseline,OMP (baseline),128,256,0.5,gaussian,gaussian,clean,0.0,2.6395846878190517e-30,1.6246798724115013e-15,1.0,1.0,1,0.0009145090007223189,16,16.0,6.300490828349486e-15,target_sparsity_reached,0,0,0.00035415599631960504,1.0,False,,0,0,1.919930604997961,0.0,0.0,0.0,0.0,0.0,0.0,0.0,4424.0,1024.0,2048.0,0.0,0.0,0.0,1088.0,136.0,0.0,0.0,0.0,128.0,0.0,6.156900417408906e-05,9.05659981071949e-05,0.00035415599631960504,8.442900070804171e-05,0.0
22,16,OMP,optimized,OMP (optimized),128,256,0.5,gaussian,gaussian,clean,0.0,1.449459203405358e-20,1.2039348833742453e-10,1.0,1.0,1,0.00048279800103046,16,16.0,4.123565810062003e-10,target_sparsity_reached,0,0,0.00018609098697197624,1.0,True,,0,0,1.919930604997961,0.0,0.0,0.0,0.0,0.0,0.0,0.0,3728.0,1024.0,0.0,256.0,2048.0,128.0,128.0,136.0,0.0,0.0,0.0,8.0,0.0,5.1633996918099e-05,1.9189003069186583e-05,0.00018609098697197624,6.72510068397969e-05,9.855100142885931e-05
22,16,gOMP,baseline,gOMP (baseline),128,256,0.5,gaussian,gaussian,clean,0.0,3.2283466252220934e-30,1.7967600355145073e-15,1.0,1.0,1,0.0004442770004970953,6,16.0,6.5687773139759764e-15,target_sparsity_reached,0,0,0.00016877000234671868,3.0,False,,0,0,1.9199306049979608,0.0,0.0,0.0,0.0,0.0,0.0,0.0,3920.0,1024.0,2048.0,256.0,0.0,0.0,488.0,56.0,0.0,0.0,0.0,48.0,0.0,2.2742005967302248e-05,7.177900261012837e-05,0.00016877000234671868,3.595200178097002e-05,0.0
22,16,gOMP,optimized,gOMP (optimized),128,256,0.5,gaussian,gaussian,clean,0.0,1.4494594669991848e-20,1.203934992846036e-10,1.0,1.0,1,0.0002224670024588704,6,16.0,4.1235659822973083e-10,target_sparsity_reached,0,0,7.773499237373471e-05,3.0,True,,0,0,1.9199306049979608,0.0,0.0,0.0,0.0,0.0,0.0,0.0,1472.0,1024.0,0.0,256.0,0.0,0.0,128.0,56.0,0.0,0.0,0.0,8.0,0.0,2.207899888162501e-05,4.5344000682234764e-05,7.773499237373471e-05,2.8162998205516487e-05,0.0
22,16,Improved-gOMP,baseline,Improved-gOMP (baseline),128,256,0.5,gaussian,gaussian,clean,0.0,2.757662245855354e-30,1.6606210422174452e-15,1.0,1.0,1,0.003002422999998089,7,16.0,6.2307592572662045e-15,residual_tol,0,0,0.00022796499615651555,16.142857142857142,False,,0,0,1.9199306049979608,1.0,1.0,1.0,1.0,1.0,1.0,0.0,3920.0,1024.0,2048.0,0.0,0.0,0.0,560.0,64.0,56.0,56.0,56.0,56.0,0.0,3.285700222477317e-05,0.002049897997494554,0.000196181998035172,4.0794999222271144e-05,0.0003446750015427824
22,16,Improved-gOMP,optimized,Improved-gOMP (optimized),128,256,0.5,gaussian,gaussian,clean,0.0,1.449459543874045e-20,1.2039350247725352e-10,1.0,1.0,1,0.002312381999217905,7,16.0,4.123566303351545e-10,residual_tol,0,0,0.00019466499725240283,0.0,True,,0,0,1.919930604997961,1.0,1.0,0.0,0.0,1.0,0.0,1.0,5504.0,1024.0,2048.0,0.0,2048.0,128.0,128.0,64.0,56.0,0.0,0.0,8.0,0.0,3.702099638758227e-05,0.0013394080015132204,0.0003428999953030143,6.0779002524213865e-05,0.0003478069957054686
23,16,OMP,baseline,OMP (baseline),128,256,0.5,gaussian,gaussian,clean,0.0,1.0816165455078477e-30,1.0400079545406602e-15,1.0,1.0,1,0.0011081379998358898,16,16.0,3.946010536684484e-15,target_sparsity_reached,0,0,0.00045318299817154184,1.0,False,,0,0,1.8987889888208942,0.0,0.0,0.0,0.0,0.0,0.0,0.0,4424.0,1024.0,2048.0,0.0,0.0,0.0,1088.0,136.0,0.0,0.0,0.0,128.0,0.0,7.926100079203025e-05,0.0001024449993565213,0.00045318299817154184,0.00011266199726378545,0.0
23,16,OMP,optimized,OMP (optimized),128,256,0.5,gaussian,gaussian,clean,0.0,1.3162387448087347e-20,1.1472744853820879e-10,1.0,1.0,1,0.0006129829998826608,16,16.0,3.626523455029048e-10,target_sparsity_reached,0,0,0.00023534599677077495,1.0,True,,0,0,1.8987889888208942,0.0,0.0,0.0,0.0,0.0,0.0,0.0,3728.0,1024.0,0.0,256.0,2048.0,128.0,128.0,136.0,0.0,0.0,0.0,8.0,0.0,6.779798786737956e-05,2.735800080699846e-05,0.00023534599677077495,8.318999607581645e-05,0.00012775900177075528
23,16,gOMP,baseline,gOMP (baseline),128,256,0.5,gaussian,gaussian,clean,0.0,1.371748130866848e-05,0.003703711828513185,0.9375,0.9375,0,0.0004770339983224403,6,16.0,0.011885343848361356,target_sparsity_reached,1,1,0.00018253300004289486,3.0,False,,0,0,2.0111312360476408,0.0,0.0,0.0,0.0,0.0,0.0,0.0,3920.0,1024.0,2048.0,256.0,0.0,0.0,488.0,56.0,0.0,0.0,0.0,48.0,0.0,2.9503000405384228e-05,5.998100095894188e-05,0.00018253300004289486,4.2363000829936936e-05,0.0
23,16,gOMP,optimized,gOMP (optimized),128,256,0.5,gaussian,gaussian,clean,0.0,1.3717481377269415e-05,0.003703711837774291,0.9375,0.9375,0,0.0002937419994850643,6,16.0,0.01188534384836144,target_sparsity_reached,1,1,9.952400068868883e-05,3.0,True,,0,0,2.0111312360476408,0.0,0.0,0.0,0.0,0.0,0.0,0.0,1472.0,1024.0,0.0,256.0,0.0,0.0,128.0,56.0,0.0,0.0,0.0,8.0,0.0,2.8503000066848472e-05,5.657799920300022e-05,9.952400068868883e-05,5.165100083104335e-05,0.0
23,16,Improved-gOMP,baseline,Improved-gOMP (baseline),128,256,0.5,gaussian,gaussian,clean,0.0,0.0004589884249168872,0.021424015144619533,0.875,0.875,0,0.0024074140019365586,6,16.0,0.06315405343303558,target_sparsity_reached,2,2,0.0002112299989676103,17.666666666666668,False,,0,0,1.9659026145836722,1.0,1.0,1.0,1.0,1.0,1.0,0.0,3784.0,1024.0,2048.0,0.0,0.0,0.0,464.0,56.0,48.0,48.0,48.0,48.0,0.0,3.2238000130746514e-05,0.00172431699684239,0.00017546399976708926,3.980500332545489e-05,0.0001384290080750361
23,16,Improved-gOMP,optimized,Improved-gOMP (optimized),128,256,0.5,gaussian,gaussian,clean,0.0,1.3732301489878217e-05,0.0037057120084915147,0.9375,0.9375,0,0.0011278559977654368,6,16.0,0.011888417498582906,target_sparsity_reached,1,1,0.00012521399912657216,0.0,True,,0,0,2.1541886525579734,1.0,1.0,0.0,0.0,1.0,0.0,1.0,5488.0,1024.0,2048.0,0.0,2048.0,128.0,128.0,56.0,48.0,0.0,0.0,8.0,0.0,2.7797999791800976e-05,0.0005908699931751471,0.00021668299814336933,3.960199319408275e-05,0.00011847399946418591
24,16,OMP,baseline,OMP (baseline),128,256,0.5,gaussian,gaussian,clean,0.0,5.345596285178967e-30,2.3120545592997946e-15,1.0,1.0,1,0.0015021389990579337,16,16.0,1.1119139596791338e-14,target_sparsity_reached,0,0,0.0007334069996431936,1.0,False,,0,0,1.8075798316911722,0.0,0.0,0.0,0.0,0.0,0.0,0.0,4424.0,1024.0,2048.0,0.0,0.0,0.0,1088.0,136.0,0.0,0.0,0.0,128.0,0.0,7.69740145187825e-05,0.00011146100587211549,0.0007334069996431936,0.00014566900790669024,0.0
24,16,OMP,optimized,OMP (optimized),128,256,0.5,gaussian,gaussian,clean,0.0,1.8269640686535487e-20,1.3516523475559641e-10,1.0,1.0,1,0.0005774839992227498,16,16.0,5.052367780063107e-10,target_sparsity_reached,0,0,0.00025493899374851026,1.0,True,,0,0,1.8075798316911722,0.0,0.0,0.0,0.0,0.0,0.0,0.0,3728.0,1024.0,0.0,256.0,2048.0,128.0,128.0,136.0,0.0,0.0,0.0,8.0,0.0,5.343299562809989e-05,2.061899795080535e-05,0.00025493899374851026,7.442100832122378e-05,0.00010641100016073324
24,16,gOMP,baseline,gOMP (baseline),128,256,0.5,gaussian,gaussian,clean,0.0,0.00010092378207960436,0.01004608292219432,0.9375,0.9375,0,0.00045149700235924684,6,16.0,0.039270965653013586,target_sparsity_reached,1,1,0.0001743949978845194,3.0,False,,0,0,1.8842295782921847,0.0,0.0,0.0,0.0,0.0,0.0,0.0,3920.0,1024.0,2048.0,256.0,0.0,0.0,488.0,56.0,0.0,0.0,0.0,48.0,0.0,2.2732005163561553e-05,5.749000047217123e-05,0.0001743949978845194,3.641500370576978e-05,0.0
24,16,gOMP,optimized,gOMP (optimized),128,256,0.5,gaussian,gaussian,clean,0.0,0.00010092378150068338,0.010046082893381051,0.9375,0.9375,0,0.00020596700051100925,6,16.0,0.03927096565301355,target_sparsity_reached,1,1,7.433599967043847e-05,3.0,True,,0,0,1.8842295782921847,0.0,0.0,0.0,0.0,0.0,0.0,0.0,1472.0,1024.0,0.0,256.0,0.0,0.0,128.0,56.0,0.0,0.0,0.0,8.0,0.0,2.033599594142288e-05,4.2080999264726415e-05,7.433599967043847e-05,2.5592999008949846e-05,0.0
24,16,Improved-gOMP,baseline,Improved-gOMP (baseline),128,256,0.5,gaussian,gaussian,clean,0.0,0.00010094320975257414,0.010047049803428574,0.9375,0.9375,0,0.00220619000174338,6,16.0,0.03932435477774336,target_sparsity_reached,1,1,0.00018852799621527083,18.166666666666668,False,,0,0,1.9062788065526441,1.0,1.0,1.0,1.0,1.0,1.0,0.0,3784.0,1024.0,2048.0,0.0,0.0,0.0,464.0,56.0,48.0,48.0,48.0,48.0,0.0,2.8267004381632432e-05,0.0015394750007544644,0.00015224999879137613,3.3771004382288083e-05,0.00015521800742135383
24,16,Improved-gOMP,optimized,Improved-gOMP (optimized),128,256,0.5,gaussian,gaussian,clean,0.0,1.826962260243481e-20,1.3516516785930763e-10,1.0,1.0,1,0.0011096470007032622,6,16.0,5.052366132963551e-10,residual_tol,0,0,0.00012752700422424823,0.0,True,,0,0,1.807579831691172,1.0,1.0,0.0,0.0,1.0,0.0,1.0,5488.0,1024.0,2048.0,0.0,2048.0,128.0,128.0,56.0,48.0,0.0,0.0,8.0,0.0,2.435500209685415e-05,0.0005759250016126316,0.00021659600315615535,3.688499782583676e-05,0.00011711299885064363
25,16,OMP,baseline,OMP (baseline),128,256,0.5,gaussian,gaussian,clean,0.0,6.617732032183981e-30,2.5724952929371867e-15,1.0,1.0,1,0.0017134509980678558,16,16.0,9.690310051289725e-15,target_sparsity_reached,0,0,0.0007560410012956709,1.0,False,,0,0,1.6624184325711642,0.0,0.0,0.0,0.0,0.0,0.0,0.0,4424.0,1024.0,2048.0,0.0,0.0,0.0,1088.0,136.0,0.0,0.0,0.0,128.0,0.0,0.0001229089975822717,0.0001396449952153489,0.0007560410012956709,0.0001437799983250443,0.0
25,16,OMP,optimized,OMP (optimized),128,256,0.5,gaussian,gaussian,clean,0.0,1.219668212401484e-20,1.1043858983170167e-10,1.0,1.0,1,0.0006412779985112138,16,16.0,4.2607011967661547e-10,target_sparsity_reached,0,0,0.0002369539979554247,1.0,True,,0,0,1.6624184325711642,0.0,0.0,0.0,0.0,0.0,0.0,0.0,3728.0,1024.0,0.0,256.0,2048.0,128.0,128.0,136.0,0.0,0.0,0.0,8.0,0.0,7.537999408668838e-05,2.5023000489454716e-05,0.0002369539979554247,9.660200157668442e-05,0.00012842100113630295
25,16,gOMP,baseline,gOMP (baseline),128,256,0.5,gaussian,gaussian,clean,0.0,0.00013048189375843895,0.011422867142641508,0.9375,0.9375,0,0.0004799579983227886,6,16.0,0.04357062318428835,target_sparsity_reached,1,1,0.000190681003005011,3.0,False,,0,0,1.787068946358066,0.0,0.0,0.0,0.0,0.0,0.0,0.0,3920.0,1024.0,2048.0,256.0,0.0,0.0,488.0,56.0,0.0,0.0,0.0,48.0,0.0,2.8238995582796633e-05,6.408899571397342e-05,0.000190681003005011,4.0255996282212436e-05,0.0
25,16,gOMP,optimized,gOMP (optimized),128,256,0.5,gaussian,gaussian,clean,0.0,0.0001304818938030621,0.011422867144594746,0.9375,0.9375,0,0.00021655100135831162,6,16.0,0.043570623184288344,target_sparsity_reached,1,1,7.652800559299067e-05,3.0,True,,0,0,1.787068946358066,0.0,0.0,0.0,0.0,0.0,0.0,0.0,1472.0,1024.0,0.0,256.0,0.0,0.0,128.0,56.0,0.0,0.0,0.0,8.0,0.0,2.4426000891253352e-05,4.294199970900081e-05,7.652800559299067e-05,2.564400710980408e-05,0.0
25,16,Improved-gOMP,baseline,Improved-gOMP (baseline),128,256,0.5,gaussian,gaussian,clean,0.0,0.00013306271030254528,0.011535281110685828,0.9375,0.9375,0,0.0025095299970416818,6,16.0,0.043241708299638644,target_sparsity_reached,1,1,0.0002743039949564263,19.333333333333332,False,,0,0,1.729349120370099,1.0,1.0,1.0,1.0,1.0,1.0,0.0,3784.0,1024.0,2048.0,0.0,0.0,0.0,464.0,56.0,48.0,48.0,48.0,48.0,0.0,3.43510000675451e-05,0.0016809780026960652,0.00024012400172068737,5.805600085295737e-05,0.0001492060073360335
25,16,Improved-gOMP,optimized,Improved-gOMP (optimized),128,256,0.5,gaussian,gaussian,clean,0.0,3.774877066390191e-30,1.9429042864717223e-15,1.0,1.0,1,0.0017723560013109818,7,16.0,7.246899247158539e-15,residual_tol,0,0,0.00015388699830509722,0.0,True,,0,0,1.662418432571165,1.0,1.0,0.0,0.0,1.0,0.0,1.0,5504.0,1024.0,2048.0,0.0,2048.0,128.0,128.0,64.0,56.0,0.0,0.0,8.0,0.0,4.6139997721184045e-05,0.0007327579951379448,0.0002592469973023981,0.00011367400293238461,0.0004468829974939581
26,16,OMP,baseline,OMP (baseline),128,256,0.5,gaussian,gaussian,clean,0.0,1.3356902563285058e-30,1.1557206653549577e-15,1.0,1.0,1,0.0009914010006468743,16,16.0,3.400213780434077e-15,target_sparsity_reached,0,0,0.00042978999772458337,1.0,False,,0,0,2.195738819355229,0.0,0.0,0.0,0.0,0.0,0.0,0.0,4424.0,1024.0,2048.0,0.0,0.0,0.0,1088.0,136.0,0.0,0.0,0.0,128.0,0.0,6.052700337022543e-05,9.220400534104556e-05,0.00042978999772458337,9.151499762083404e-05,0.0
26,16,OMP,optimized,OMP (optimized),128,256,0.5,gaussian,gaussian,clean,0.0,2.5100413431767063e-20,1.584310999512629e-10,1.0,1.0,1,0.0005343009979696944,16,16.0,3.504893187206017e-10,target_sparsity_reached,0,0,0.00021411799752968363,1.0,True,,0,0,2.195738819355229,0.0,0.0,0.0,0.0,0.0,0.0,0.0,3728.0,1024.0,0.0,256.0,2048.0,128.0,128.0,136.0,0.0,0.0,0.0,8.0,0.0,5.374799366109073e-05,2.0252002286724746e-05,0.00021411799752968363,7.246101085911505e-05,0.00010362100147176534
26,16,gOMP,baseline,gOMP (baseline),128,256,0.5,gaussian,gaussian,clean,0.0,9.629167280107572e-31,9.812832047939867e-16,1.0,1.0,1,0.0006366710003931075,6,16.0,2.6474358303813415e-15,target_sparsity_reached,0,0,0.00023159399643191136,3.0,False,,0,0,2.1957388193552294,0.0,0.0,0.0,0.0,0.0,0.0,0.0,3920.0,1024.0,2048.0,256.0,0.0,0.0,488.0,56.0,0.0,0.0,0.0,48.0,0.0,3.4609995054779574e-05,8.114999945973977e-05,0.00023159399643191136,6.500599192804657e-05,0.0
26,16,gOMP,optimized,gOMP (optimized),128,256,0.5,gaussian,gaussian,clean,0.0,2.510047249864634e-20,1.5843128636303607e-10,1.0,1.0,1,0.0002437369985273108,6,16.0,3.5049016234989427e-10,target_sparsity_reached,0,0,8.870099918567576e-05,3.0,True,,0,0,2.1957388193552294,0.0,0.0,0.0,0.0,0.0,0.0,0.0,1472.0,1024.0,0.0,256.0,0.0,0.0,128.0,56.0,0.0,0.0,0.0,8.0,0.0,2.3573004000354558e-05,4.964700565324165e-05,8.870099918567576e-05,3.0782000976614654e-05,0.0
26,16,Improved-gOMP,baseline,Improved-gOMP (baseline),128,256,0.5,gaussian,gaussian,clean,0.0,0.0014620139430130796,0.038236290916001246,0.9375,0.9375,0,0.002922221003245795,6,16.0,0.09967469411728772,target_sparsity_reached,1,1,0.00019919900296372361,18.0,False,,0,0,2.3638919792610076,1.0,1.0,1.0,1.0,1.0,1.0,0.0,3808.0,1024.0,2048.0,0.0,0.0,0.0,488.0,56.0,48.0,48.0,48.0,48.0,0.0,2.9548999009421095e-05,0.0020263470032659825,0.00016551700173295103,3.611499778344296e-05,0.00034831100128940307
26,16,Improved-gOMP,optimized,Improved-gOMP (optimized),128,256,0.5,gaussian,gaussian,clean,0.0,2.5100404414568646e-20,1.5843107149346888e-10,1.0,1.0,1,0.0011215820013603661,6,16.0,3.5048926326531843e-10,residual_tol,0,0,0.00013123499957146123,0.0,True,,0,0,2.1957388193552307,1.0,1.0,0.0,0.0,1.0,0.0,1.0,5488.0,1024.0,2048.0,0.0,2048.0,128.0,128.0,56.0,48.0,0.0,0.0,8.0,0.0,2.3994001821847633e-05,0.000568859999475535,0.00022134900063974783,3.730200114659965e-05,0.00013549200593843125
27,16,OMP,baseline,OMP (baseline),128,256,0.5,gaussian,gaussian,clean,0.0,1.9968541105772624e-30,1.4131008847839784e-15,1.0,1.0,1,0.0009973800006264355,16,16.0,5.7176527873118796e-15,target_sparsity_reached,0,0,0.0003807259927270934,1.0,False,,0,0,1.8195143289658517,0.0,0.0,0.0,0.0,0.0,0.0,0.0,4424.0,1024.0,2048.0,0.0,0.0,0.0,1088.0,136.0,0.0,0.0,0.0,128.0,0.0,7.207700036815368e-05,0.00010287799887009896,0.0003807259927270934,9.764999413164333e-05,0.0
27,16,OMP,optimized,OMP (optimized),128,256,0.5,gaussian,gaussian,clean,0.0,1.3695629148786214e-20,1.170283262667044e-10,1.0,1.0,1,0.001048001999151893,16,16.0,4.376851624567248e-10,target_sparsity_reached,0,0,0.0003583699945011176,1.0,True,,0,0,1.8195143289658517,0.0,0.0,0.0,0.0,0.0,0.0,0.0,3728.0,1024.0,0.0,256.0,2048.0,128.0,128.0,136.0,0.0,0.0,0.0,8.0,0.0,0.00010339500659029,3.803800427704118e-05,0.0003583699945011176,0.00016244999278569594,0.00029431299481075257
27,16,gOMP,baseline,gOMP (baseline),128,256,0.5,gaussian,gaussian,clean,0.0,0.0008845558469048558,0.029741483602955247,0.9375,0.9375,0,0.0006378859980031848,6,16.0,0.11384600116573902,target_sparsity_reached,1,1,0.0002487069978087675,3.0,False,,0,0,1.8722750514043156,0.0,0.0,0.0,0.0,0.0,0.0,0.0,3920.0,1024.0,2048.0,256.0,0.0,0.0,488.0,56.0,0.0,0.0,0.0,48.0,0.0,3.401600042707287e-05,0.00010212199413217604,0.0002487069978087675,5.552299990085885e-05,0.0
27,16,gOMP,optimized,gOMP (optimized),128,256,0.5,gaussian,gaussian,clean,0.0,0.0008845558468390783,0.029741483601849427,0.9375,0.9375,0,0.00024809800015646033,6,16.0,0.11384600116573901,target_sparsity_reached,1,1,8.705900108907372e-05,3.0,True,,0,0,1.8722750514043156,0.0,0.0,0.0,0.0,0.0,0.0,0.0,1472.0,1024.0,0.0,256.0,0.0,0.0,128.0,56.0,0.0,0.0,0.0,8.0,0.0,2.6851994334720075e-05,5.03799928992521e-05,8.705900108907372e-05,3.018800271092914e-05,0.0
27,16,Improved-gOMP,baseline,Improved-gOMP (baseline),128,256,0.5,gaussian,gaussian,clean,0.0,1.9553729340993474e-30,1.3983465000132647e-15,1.0,1.0,1,0.0024434930019197054,6,16.0,5.98964421464719e-15,residual_tol,0,0,0.00020199599748593755,18.5,False,,0,0,1.8195143289658526,1.0,1.0,1.0,1.0,1.0,1.0,0.0,3784.0,1024.0,2048.0,0.0,0.0,0.0,464.0,56.0,48.0,48.0,48.0,48.0,0.0,3.6581001040758565e-05,0.001631727001949912,0.00022077800531405956,5.0954004109371454e-05,0.00015223599984892644
27,16,Improved-gOMP,optimized,Improved-gOMP (optimized),128,256,0.5,gaussian,gaussian,clean,0.0,1.3695660164648235e-20,1.1702845878096589e-10,1.0,1.0,1,0.0011971769999945536,6,16.0,4.376855788954412e-10,residual_tol,0,0,0.00014704500790685415,0.0,True,,0,0,1.8195143289658526,1.0,1.0,0.0,0.0,1.0,0.0,1.0,5488.0,1024.0,2048.0,0.0,2048.0,128.0,128.0,56.0,48.0,0.0,0.0,8.0,0.0,2.9480997909558937e-05,0.0006122309969214257,0.000240021003264701,4.355400233180262e-05,0.00012790700202458538
28,16,OMP,baseline,OMP (baseline),128,256,0.5,gaussian,gaussian,clean,0.0,2.1233117789618873e-29,4.607940731999368e-15,1.0,1.0,1,0.0009337159972346853,16,16.0,1.961813803786646e-14,target_sparsity_reached,0,0,0.0003607019934861455,1.0,False,,0,0,1.835142207764812,0.0,0.0,0.0,0.0,0.0,0.0,0.0,4424.0,1024.0,2048.0,0.0,0.0,0.0,1088.0,136.0,0.0,0.0,0.0,128.0,0.0,6.234600732568651e-05,9.051299639395438e-05,0.0003607019934861455,0.00010424500214867294,0.0
28,16,OMP,optimized,OMP (optimized),128,256,0.5,gaussian,gaussian,clean,0.0,7.751739265445661e-21,8.804396211805589e-11,1.0,1.0,1,0.0005382689996622503,16,16.0,3.5270220263242647e-10,target_sparsity_reached,0,0,0.00019842999972752295,1.0,True,,0,0,1.835142207764812,0.0,0.0,0.0,0.0,0.0,0.0,0.0,3728.0,1024.0,0.0,256.0,2048.0,128.0,128.0,136.0,0.0,0.0,0.0,8.0,0.0,5.602199234999716e-05,2.1303989342413843e-05,0.00019842999972752295,7.402700430247933e-05,0.00011556200115592219
28,16,gOMP,baseline,gOMP (baseline),128,256,0.5,gaussian,gaussian,clean,0.0,1.7600807883204026e-29,4.195331677377133e-15,1.0,1.0,1,0.00041891499859048054,6,16.0,1.7885061965103484e-14,target_sparsity_reached,0,0,0.00016672999481670558,3.0,False,,0,0,1.835142207764812,0.0,0.0,0.0,0.0,0.0,0.0,0.0,3920.0,1024.0,2048.0,256.0,0.0,0.0,488.0,56.0,0.0,0.0,0.0,48.0,0.0,2.2527001419803128e-05,5.546000102185644e-05,0.00016672999481670558,3.431400182307698e-05,0.0
28,16,gOMP,optimized,gOMP (optimized),128,256,0.5,gaussian,gaussian,clean,0.0,7.751739265994076e-21,8.804396212117033e-11,1.0,1.0,1,0.00021747999926446937,6,16.0,3.527022409116759e-10,target_sparsity_reached,0,0,7.523199747083709e-05,3.0,True,,0,0,1.835142207764812,0.0,0.0,0.0,0.0,0.0,0.0,0.0,1472.0,1024.0,0.0,256.0,0.0,0.0,128.0,56.0,0.0,0.0,0.0,8.0,0.0,2.117299663950689e-05,4.3045001802966e-05,7.523199747083709e-05,3.2698004361009225e-05,0.0
28,16,Improved-gOMP,baseline,Improved-gOMP (baseline),128,256,0.5,gaussian,gaussian,clean,0.0,0.0006984428961345295,0.026428070230997372,0.9375,0.9375,0,0.002183767999667907,6,16.0,0.08676861991974728,target_sparsity_reached,1,1,0.00019411599714658223,18.666666666666668,False,,0,0,1.7891477695755142,1.0,1.0,1.0,1.0,1.0,1.0,0.0,3784.0,1024.0,2048.0,0.0,0.0,0.0,464.0,56.0,48.0,48.0,48.0,48.0,0.0,2.863900226657279e-05,0.0015259740066539962,0.000157284001033986,4.332499884185381e-05,0.00014007600111654028
28,16,Improved-gOMP,optimized,Improved-gOMP (optimized),128,256,0.5,gaussian,gaussian,clean,0.0,7.751738793969043e-21,8.804395944054903e-11,1.0,1.0,1,0.001444169000023976,7,16.0,3.527021805527796e-10,residual_tol,0,0,0.00016362899987143464,0.0,True,,0,0,1.8351422077648119,1.0,1.0,0.0,0.0,1.0,0.0,1.0,5504.0,1024.0,2048.0,0.0,2048.0,128.0,128.0,64.0,56.0,0.0,0.0,8.0,0.0,2.9324990464374423e-05,0.0006771369990019593,0.0002603760003694333,4.928000635118224e-05,0.0002772820043901447
29,16,OMP,baseline,OMP (baseline),128,256,0.5,gaussian,gaussian,clean,0.0,8.90781233730684e-31,9.438120754316951e-16,1.0,1.0,1,0.0009629090018279385,16,16.0,4.738680332866031e-15,target_sparsity_reached,0,0,0.00037708500894950703,1.0,False,,0,0,1.6148135555029683,0.0,0.0,0.0,0.0,0.0,0.0,0.0,4424.0,1024.0,2048.0,0.0,0.0,0.0,1088.0,136.0,0.0,0.0,0.0,128.0,0.0,7.463699512300082e-05,9.531299656373449e-05,0.00037708500894950703,9.770499673322774e-05,0.0
29,16,OMP,optimized,OMP (optimized),128,256,0.5,gaussian,gaussian,clean,0.0,1.3203292645495043e-20,1.1490558143752219e-10,1.0,1.0,1,0.0006649470014963299,16,16.0,5.194542335770512e-10,target_sparsity_reached,0,0,0.00020664100884459913,1.0,True,,0,0,1.6148135555029683,0.0,0.0,0.0,0.0,0.0,0.0,0.0,3728.0,1024.0,0.0,256.0,2048.0,128.0,128.0,136.0,0.0,0.0,0.0,8.0,0.0,6.42669947410468e-05,2.0448991563171148e-05,0.00020664100884459913,7.713901504757814e-05,0.00020972800120944157
29,16,gOMP,baseline,gOMP (baseline),128,256,0.5,gaussian,gaussian,clean,0.0,0.0004298562976784129,0.02073297609313272,0.9375,0.9375,0,0.0004907060028926935,6,16.0,0.09293790263975844,target_sparsity_reached,1,1,0.0001879579976957757,3.0,False,,0,0,1.8043573434418319,0.0,0.0,0.0,0.0,0.0,0.0,0.0,3920.0,1024.0,2048.0,256.0,0.0,0.0,488.0,56.0,0.0,0.0,0.0,48.0,0.0,3.0153998523019254e-05,6.758100062143058e-05,0.0001879579976957757,4.20199976360891e-05,0.0
29,16,gOMP,optimized,gOMP (optimized),128,256,0.5,gaussian,gaussian,clean,0.0,0.0004298562983750363,0.02073297610993261,0.9375,0.9375,0,0.00026655200053937733,6,16.0,0.09293790263975846,target_sparsity_reached,1,1,0.00010055899474537,3.0,True,,0,0,1.8043573434418319,0.0,0.0,0.0,0.0,0.0,0.0,0.0,1472.0,1024.0,0.0,256.0,0.0,0.0,128.0,56.0,0.0,0.0,0.0,8.0,0.0,2.838699583662674e-05,5.207100184634328e-05,0.00010055899474537,3.311600084998645e-05,0.0
29,16,Improved-gOMP,baseline,Improved-gOMP (baseline),128,256,0.5,gaussian,gaussian,clean,0.0,0.00042985629767841924,0.020732976093132873,0.9375,0.9375,0,0.0031672389995947015,6,16.0,0.0929379026397584,target_sparsity_reached,1,1,0.000297080994641874,17.666666666666668,False,,0,0,1.804357343441832,1.0,1.0,1.0,1.0,1.0,1.0,0.0,3808.0,1024.0,2048.0,0.0,0.0,0.0,488.0,56.0,48.0,48.0,48.0,48.0,0.0,4.635399818653241e-05,0.0020882710014120676,0.00026385399905848317,5.7697998272487894e-05,0.0003516440046951175
29,16,Improved-gOMP,optimized,Improved-gOMP (optimized),128,256,0.5,gaussian,gaussian,clean,0.0,0.0004298562983750362,0.020732976109932605,0.9375,0.9375,0,0.001104809001844842,6,16.0,0.09293790263975844,target_sparsity_reached,1,1,0.0001429819967597723,0.0,True,,0,0,1.8043573434418316,1.0,1.0,0.0,0.0,1.0,0.0,1.0,5488.0,1024.0,2048.0,0.0,2048.0,128.0,128.0,56.0,48.0,0.0,0.0,8.0,0.0,2.8213999030413106e-05,0.0005574959977820981,0.0002344759959669318,4.222000279696658e-05,0.00011028899461962283
0,20,OMP,baseline,OMP (baseline),128,256,0.5,gaussian,gaussian,clean,0.0,6.269927399277961e-30,2.5039823081000314e-15,1.0,1.0,1,0.0020080089998373296,20,20.0,9.056147125118168e-15,target_sparsity_reached,0,0,0.0009458619970246218,1.0,False,,0,0,2.268530348183002,0.0,0.0,0.0,0.0,0.0,0.0,0.0,5080.0,1024.0,2048.0,0.0,0.0,0.0,1680.0,168.0,0.0,0.0,0.0,160.0,0.0,0.00011085699225077406,0.00017146001482615247,0.0009458619970246218,0.00019368100038263947,0.0
0,20,OMP,optimized,OMP (optimized),128,256,0.5,gaussian,gaussian,clean,0.0,1.2488842627006064e-20,1.1175349044663466e-10,1.0,1.0,1,0.0008861969981808215,20,20.0,3.492544359133551e-10,target_sparsity_reached,0,0,0.00037115300438017584,1.0,True,,0,0,2.268530348183002,0.0,0.0,0.0,0.0,0.0,0.0,0.0,4976.0,1024.0,0.0,256.0,3200.0,160.0,160.0,168.0,0.0,0.0,0.0,8.0,0.0,9.271100134355947e-05,3.0856001103529707e-05,0.00037115300438017584,0.00011727301171049476,0.00017616100376471877
0,20,gOMP,baseline,gOMP (baseline),128,256,0.5,gaussian,gaussian,clean,0.0,3.8933056013484054e-05,0.006239635887893143,0.95,0.95,0,0.0007144219998735934,7,20.0,0.01770111844422518,target_sparsity_reached,1,1,0.0002995670001837425,3.0,False,,0,0,2.249375071218729,0.0,0.0,0.0,0.0,0.0,0.0,0.0,4112.0,1024.0,2048.0,256.0,0.0,0.0,664.0,64.0,0.0,0.0,0.0,56.0,0.0,4.581200118991546e-05,8.54479985719081e-05,0.0002995670001837425,5.50479962839745e-05,0.0
0,20,gOMP,optimized,gOMP (optimized),128,256,0.5,gaussian,gaussian,clean,0.0,3.893305589828101e-05,0.006239635878661591,0.95,0.95,0,0.00026875100229517557,7,20.0,0.01770111844422513,target_sparsity_reached,1,1,9.967800724552944e-05,3.0,True,,0,0,2.249375071218729,0.0,0.0,0.0,0.0,0.0,0.0,0.0,1512.0,1024.0,0.0,256.0,0.0,0.0,160.0,64.0,0.0,0.0,0.0,8.0,0.0,2.8533992008306086e-05,5.00210007885471e-05,9.967800724552944e-05,3.2850002753548324e-05,0.0
0,20,Improved-gOMP,baseline,Improved-gOMP (baseline),128,256,0.5,gaussian,gaussian,clean,0.0,3.915983014417234e-05,0.006257781567310603,0.95,0.95,0,0.003927701000066008,8,20.0,0.01770659073257337,target_sparsity_reached,1,1,0.000305220004520379,17.625,False,,0,0,2.170869646019456,1.0,1.0,1.0,1.0,1.0,1.0,0.0,4192.0,1024.0,2048.0,0.0,0.0,0.0,792.0,72.0,64.0,64.0,64.0,64.0,0.0,4.218500544084236e-05,0.0027183720048924442,0.0002579240099294111,5.0372997066006064e-05,0.00042956899778801017
0,20,Improved-gOMP,optimized,Improved-gOMP (optimized),128,256,0.5,gaussian,gaussian,clean,0.0,1.2488868290340396e-20,1.1175360526775142e-10,1.0,1.0,1,0.0019765600009122863,8,20.0,3.492547221791083e-10,residual_tol,0,0,0.0001916210021590814,0.0,True,,0,0,2.2685303481830017,1.0,1.0,0.0,0.0,1.0,0.0,1.0,6736.0,1024.0,2048.0,0.0,3200.0,160.0,160.0,72.0,64.0,0.0,0.0,8.0,0.0,4.502500087255612e-05,0.0009414099913556129,0.00034312799471081235,6.310400203801692e-05,0.00039660399852436967
1,20,OMP,baseline,OMP (baseline),128,256,0.5,gaussian,gaussian,clean,0.0,1.0189816033958613e-30,1.009446186478438e-15,1.0,1.0,1,0.0013940419994469266,20,20.0,4.613633978396073e-15,target_sparsity_reached,0,0,0.0005948900034127291,1.0,False,,0,0,2.2417228992786127,0.0,0.0,0.0,0.0,0.0,0.0,0.0,5080.0,1024.0,2048.0,0.0,0.0,0.0,1680.0,168.0,0.0,0.0,0.0,160.0,0.0,8.254198473878205e-05,0.00011588700726861134,0.0005948900034127291,0.00012471099762478843,0.0
1,20,OMP,optimized,OMP (optimized),128,256,0.5,gaussian,gaussian,clean,0.0,2.2640126928955466e-20,1.5046636477617003e-10,1.0,1.0,1,0.0006702760001644492,20,20.0,5.700869362529824e-10,target_sparsity_reached,0,0,0.0002576279948698357,1.0,True,,0,0,2.2417228992786127,0.0,0.0,0.0,0.0,0.0,0.0,0.0,4976.0,1024.0,0.0,256.0,3200.0,160.0,160.0,168.0,0.0,0.0,0.0,8.0,0.0,7.518799611716531e-05,2.547699841670692e-05,0.0002576279948698357,9.295900235883892e-05,0.00013471699639922008
1,20,gOMP,baseline,gOMP (baseline),128,256,0.5,gaussian,gaussian,clean,0.0,3.656566396220444e-30,1.9122150496794143e-15,1.0,1.0,1,0.0006772130000172183,7,20.0,9.280541675003252e-15,target_sparsity_reached,0,0,0.0002673460039659403,3.0,False,,0,0,2.241722899278613,0.0,0.0,0.0,0.0,0.0,0.0,0.0,4112.0,1024.0,2048.0,256.0,0.0,0.0,664.0,64.0,0.0,0.0,0.0,56.0,0.0,5.2300998504506424e-05,8.774500383879058e-05,0.0002673460039659403,5.017199509893544e-05,0.0
1,20,gOMP,optimized,gOMP (optimized),128,256,0.5,gaussian,gaussian,clean,0.0,2.264022991219875e-20,1.5046670698928301e-10,1.0,1.0,1,0.0002678780001588166,7,20.0,5.700879583524757e-10,target_sparsity_reached,0,0,9.663999662734568e-05,3.0,True,,0,0,2.241722899278613,0.0,0.0,0.0,0.0,0.0,0.0,0.0,1512.0,1024.0,0.0,256.0,0.0,0.0,160.0,64.0,0.0,0.0,0.0,8.0,0.0,2.588200368336402e-05,5.464300193125382e-05,9.663999662734568e-05,3.187700713169761e-05,0.0
1,20,Improved-gOMP,baseline,Improved-gOMP (baseline),128,256,0.5,gaussian,gaussian,clean,0.0,2.474837890758072e-30,1.5731617497123657e-15,1.0,1.0,1,0.004425050999998348,8,20.0,7.545976136078178e-15,residual_tol,0,0,0.00047896399701130576,17.5,False,,0,0,2.241722899278613,1.0,1.0,1.0,1.0,1.0,1.0,0.0,4152.0,1024.0,2048.0,0.0,0.0,0.0,752.0,72.0,64.0,64.0,64.0,64.0,0.0,5.279199467622675e-05,0.003029943003639346,0.00043250000453554094,7.953000022098422e-05,0.0001687360017967876
1,20,Improved-gOMP,optimized,Improved-gOMP (optimized),128,256,0.5,gaussian,gaussian,clean,0.0,2.2640098255781183e-20,1.5046626949513032e-10,1.0,1.0,1,0.001646254000661429,8,20.0,5.700865933537814e-10,residual_tol,0,0,0.00019199800590286031,0.0,True,,0,0,2.2417228992786136,1.0,1.0,0.0,0.0,1.0,0.0,1.0,6736.0,1024.0,2048.0,0.0,3200.0,160.0,160.0,72.0,64.0,0.0,0.0,8.0,0.0,3.4658001823117957e-05,0.000909354002942564,0.0003295439964858815,5.821798913530074e-05,0.00011949301187996753
2,20,OMP,baseline,OMP (baseline),128,256,0.5,gaussian,gaussian,clean,0.0,6.625189235515694e-30,2.573944295340459e-15,1.0,1.0,1,0.0012950789969181642,20,20.0,1.0187564127268503e-14,target_sparsity_reached,0,0,0.0005412259961303789,1.0,False,,0,0,2.1295623749012402,0.0,0.0,0.0,0.0,0.0,0.0,0.0,5080.0,1024.0,2048.0,0.0,0.0,0.0,1680.0,168.0,0.0,0.0,0.0,160.0,0.0,8.6215997725958e-05,0.00011175600229762495,0.0005412259961303789,0.00011809199713752605,0.0
2,20,OMP,optimized,OMP (optimized),128,256,0.5,gaussian,gaussian,clean,0.0,1.590651590860857e-20,1.2612103674093615e-10,1.0,1.0,1,0.0006721110003127251,20,20.0,4.1853747140070483e-10,target_sparsity_reached,0,0,0.00025420299425604753,1.0,True,,0,0,2.1295623749012402,0.0,0.0,0.0,0.0,0.0,0.0,0.0,4976.0,1024.0,0.0,256.0,3200.0,160.0,160.0,168.0,0.0,0.0,0.0,8.0,0.0,7.958399510243908e-05,2.5670007744338363e-05,0.00025420299425604753,0.00010106799891218543,0.00013445998774841428
2,20,gOMP,baseline,gOMP (baseline),128,256,0.5,gaussian,gaussian,clean,0.0,1.564160870696153e-06,0.001250664171828774,0.95,0.95,0,0.0009314139970229007,7,20.0,0.004019291145019521,target_sparsity_reached,1,1,0.0002878840059565846,3.0,False,,0,0,2.211079983896031,0.0,0.0,0.0,0.0,0.0,0.0,0.0,4112.0,1024.0,2048.0,256.0,0.0,0.0,664.0,64.0,0.0,0.0,0.0,56.0,0.0,4.758999784826301e-05,9.074999252334237e-05,0.0002878840059565846,5.406900163507089e-05,0.0
2,20,gOMP,optimized,gOMP (optimized),128,256,0.5,gaussian,gaussian,clean,0.0,1.5641608648371143e-06,0.001250664169486403,0.95,0.95,0,0.00031358499836642295,7,20.0,0.004019291145019534,target_sparsity_reached,1,1,0.00011589100176934153,3.0,True,,0,0,2.211079983896031,0.0,0.0,0.0,0.0,0.0,0.0,0.0,1512.0,1024.0,0.0,256.0,0.0,0.0,160.0,64.0,0.0,0.0,0.0,8.0,0.0,3.443099922151305e-05,5.9648002206813544e-05,0.00011589100176934153,3.7835005059605464e-05,0.0
2,20,Improved-gOMP,baseline,Improved-gOMP (baseline),128,256,0.5,gaussian,gaussian,clean,0.0,4.7475473685853114e-30,2.1788867268826323e-15,1.0,1.0,1,0.004165500999079086,8,20.0,8.281569147575299e-15,residual_tol,0,0,0.0003616440008045174,17.375,False,,0,0,2.1295623749012402,1.0,1.0,1.0,1.0,1.0,1.0,0.0,4152.0,1024.0,2048.0,0.0,0.0,0.0,752.0,72.0,64.0,64.0,64.0,64.0,0.0,0.00015720400551799685,0.0029542179981945083,0.0003094730091106612,6.187500184751116e-05,0.00018645100499270484
2,20,Improved-gOMP,optimized,Improved-gOMP (optimized),128,256,0.5,gaussian,gaussian,clean,0.0,1.590651511161747e-20,1.261210335813082e-10,1.0,1.0,1,0.001889569997729268,8,20.0,4.185374926043416e-10,residual_tol,0,0,0.00019748999693547376,0.0,True,,0,0,2.1295623749012402,1.0,1.0,0.0,0.0,1.0,0.0,1.0,6736.0,1024.0,2048.0,0.0,3200.0,160.0,160.0,72.0,64.0,0.0,0.0,8.0,0.0,6.25689972366672e-05,0.0010304440038453322,0.0003456329941400327,6.308799493126571e-05,0.00013277900143293664
3,20,OMP,baseline,OMP (baseline),128,256,0.5,gaussian,gaussian,clean,0.0,4.327762457097665e-29,6.578573140961241e-15,1.0,1.0,1,0.0013946250001026783,20,20.0,3.559195225579811e-14,target_sparsity_reached,0,0,0.0005763789995398838,1.0,False,,0,0,2.0447045984853864,0.0,0.0,0.0,0.0,0.0,0.0,0.0,5080.0,1024.0,2048.0,0.0,0.0,0.0,1680.0,168.0,0.0,0.0,0.0,160.0,0.0,7.755101250950247e-05,0.0001311570122197736,0.0005763789995398838,0.00013270200361148454,0.0
3,20,OMP,optimized,OMP (optimized),128,256,0.5,gaussian,gaussian,clean,0.0,1.4051687660121166e-20,1.1853981466208376e-10,1.0,1.0,1,0.0006138940007076599,20,20.0,4.660226538531362e-10,target_sparsity_reached,0,0,0.00024172199846361764,1.0,True,,0,0,2.0447045984853864,0.0,0.0,0.0,0.0,0.0,0.0,0.0,4976.0,1024.0,0.0,256.0,3200.0,160.0,160.0,168.0,0.0,0.0,0.0,8.0,0.0,6.476601265603676e-05,2.2579995857086033e-05,0.00024172199846361764,8.576200343668461e-05,0.00012621200221474282
3,20,gOMP,baseline,gOMP (baseline),128,256,0.5,gaussian,gaussian,clean,0.0,2.8910803348877025e-29,5.376876728071514e-15,1.0,1.0,1,0.0005625970006803982,7,20.0,2.9057385219178795e-14,target_sparsity_reached,0,0,0.00023212499581859447,3.0,False,,0,0,2.0447045984853873,0.0,0.0,0.0,0.0,0.0,0.0,0.0,4112.0,1024.0,2048.0,256.0,0.0,0.0,664.0,64.0,0.0,0.0,0.0,56.0,0.0,2.8930000553373247e-05,7.154799823183566e-05,0.00023212499581859447,4.3309995817253366e-05,0.0
3,20,gOMP,optimized,gOMP (optimized),128,256,0.5,gaussian,gaussian,clean,0.0,1.405168288049329e-20,1.1853979450164948e-10,1.0,1.0,1,0.0002525849995436147,7,20.0,4.660226870844205e-10,target_sparsity_reached,0,0,9.207799666910432e-05,3.0,True,,0,0,2.0447045984853873,0.0,0.0,0.0,0.0,0.0,0.0,0.0,1512.0,1024.0,0.0,256.0,0.0,0.0,160.0,64.0,0.0,0.0,0.0,8.0,0.0,2.4201999622164294e-05,4.904799789073877e-05,9.207799666910432e-05,3.1170002330327407e-05,0.0
3,20,Improved-gOMP,baseline,Improved-gOMP (baseline),128,256,0.5,gaussian,gaussian,clean,0.0,3.201410743442097e-05,0.005658101044910825,0.95,0.95,0,0.0036350199989101384,8,20.0,0.020349264025327902,target_sparsity_reached,1,1,0.00031204100014292635,18.25,False,,0,0,2.1783928224120945,1.0,1.0,1.0,1.0,1.0,1.0,0.0,4152.0,1024.0,2048.0,0.0,0.0,0.0,752.0,72.0,64.0,64.0,64.0,64.0,0.0,5.1546991016948596e-05,0.0026076399990415666,0.0002640409984451253,5.82390021008905e-05,0.0001756999954523053
3,20,Improved-gOMP,optimized,Improved-gOMP (optimized),128,256,0.5,gaussian,gaussian,clean,0.0,1.405169136845431e-20,1.1853983030380258e-10,1.0,1.0,1,0.00139818499883404,8,20.0,4.660226319923008e-10,residual_tol,0,0,0.0001642119932512287,0.0,True,,0,0,2.0447045984853873,1.0,1.0,0.0,0.0,1.0,0.0,1.0,6736.0,1024.0,2048.0,0.0,3200.0,160.0,160.0,72.0,64.0,0.0,0.0,8.0,0.0,3.201100116712041e-05,0.0007532180025009438,0.00028507500974228606,4.7773999540368095e-05,0.00011545800225576386
4,20,OMP,baseline,OMP (baseline),128,256,0.5,gaussian,gaussian,clean,0.0,1.476786118418679e-30,1.2152308909909587e-15,1.0,1.0,1,0.001521647998742992,20,20.0,5.318348718399619e-15,target_sparsity_reached,0,0,0.0006258889989112504,1.0,False,,0,0,2.2050815998365008,0.0,0.0,0.0,0.0,0.0,0.0,0.0,5080.0,1024.0,2048.0,0.0,0.0,0.0,1680.0,168.0,0.0,0.0,0.0,160.0,0.0,9.670301005826332e-05,0.0001297490089200437,0.0006258889989112504,0.00014023901167092845,0.0
4,20,OMP,optimized,OMP (optimized),128,256,0.5,gaussian,gaussian,clean,0.0,2.484444224031193e-20,1.5762119857529295e-10,1.0,1.0,1,0.0006676119992334861,20,20.0,5.274510201074749e-10,target_sparsity_reached,0,0,0.00026082899785251357,1.0,True,,0,0,2.2050815998365008,0.0,0.0,0.0,0.0,0.0,0.0,0.0,4976.0,1024.0,0.0,256.0,3200.0,160.0,160.0,168.0,0.0,0.0,0.0,8.0,0.0,7.675100641790777e-05,3.077800647588447e-05,0.00026082899785251357,9.232399315806106e-05,0.00012979899474885315
4,20,gOMP,baseline,gOMP (baseline),128,256,0.5,gaussian,gaussian,clean,0.0,1.2246224365568701e-06,0.0011066266021368138,0.95,0.95,0,0.0005382410017773509,7,20.0,0.004286385971363715,target_sparsity_reached,1,1,0.000222454997128807,3.0,False,,0,0,2.1931341204350128,0.0,0.0,0.0,0.0,0.0,0.0,0.0,4112.0,1024.0,2048.0,256.0,0.0,0.0,664.0,64.0,0.0,0.0,0.0,56.0,0.0,3.0143000913085416e-05,6.497099820990115e-05,0.000222454997128807,4.1534003685228527e-05,0.0
4,20,gOMP,optimized,gOMP (optimized),128,256,0.5,gaussian,gaussian,clean,0.0,1.2246224642172837e-06,0.001106626614634441,0.95,0.95,0,0.0002506019991415087,7,20.0,0.004286385971363757,target_sparsity_reached,1,1,8.942999920691364e-05,3.0,True,,0,0,2.1931341204350128,0.0,0.0,0.0,0.0,0.0,0.0,0.0,1512.0,1024.0,0.0,256.0,0.0,0.0,160.0,64.0,0.0,0.0,0.0,8.0,0.0,2.7778001822298393e-05,4.775899651576765e-05,8.942999920691364e-05,3.065200871787965e-05,0.0
4,20,Improved-gOMP,baseline,Improved-gOMP (baseline),128,256,0.5,gaussian,gaussian,clean,0.0,5.790348962377032e-05,0.007609434251228558,0.9,0.9,0,0.003381346999958623,8,20.0,0.026762393853153186,target_sparsity_reached,2,2,0.00031948700052453205,17.75,False,,0,0,2.221578299457258,1.0,1.0,1.0,1.0,1.0,1.0,0.0,4152.0,1024.0,2048.0,0.0,0.0,0.0,752.0,72.0,64.0,64.0,64.0,64.0,0.0,4.115199772058986e-05,0.0024167110059352126,0.00026502900072955526,5.095199594506994e-05,0.0001909040001919493
4,20,Improved-gOMP,optimized,Improved-gOMP (optimized),128,256,0.5,gaussian,gaussian,clean,0.0,2.4844460345383783e-20,1.5762125600750612e-10,1.0,1.0,1,0.0016585900011705235,8,20.0,5.27451309243457e-10,residual_tol,0,0,0.00018177299716626294,0.0,True,,0,0,2.2050815998365003,1.0,1.0,0.0,0.0,1.0,0.0,1.0,6736.0,1024.0,2048.0,0.0,3200.0,160.0,160.0,72.0,64.0,0.0,0.0,8.0,0.0,4.297000850783661e-05,0.0008965400047600269,0.00033082300433306955,6.500599920400418e-05,0.00011813199671451002
5,20,OMP,baseline,OMP (baseline),128,256,0.5,gaussian,gaussian,clean,0.0,1.7119895509590406e-30,1.3084301857413107e-15,1.0,1.0,1,0.001336182998784352,20,20.0,6.829214822257056e-15,target_sparsity_reached,0,0,0.0005598949974228162,1.0,False,,0,0,2.073386194101476,0.0,0.0,0.0,0.0,0.0,0.0,0.0,5080.0,1024.0,2048.0,0.0,0.0,0.0,1680.0,168.0,0.0,0.0,0.0,160.0,0.0,8.031499237404205e-05,0.00011435000124038197,0.0005598949974228162,0.00013171300088288262,0.0
5,20,OMP,optimized,OMP (optimized),128,256,0.5,gaussian,gaussian,clean,0.0,1.3353334033712697e-20,1.1555662695714469e-10,1.0,1.0,1,0.000667313997837482,20,20.0,4.694084346874528e-10,target_sparsity_reached,0,0,0.0002590629992482718,1.0,True,,0,0,2.073386194101476,0.0,0.0,0.0,0.0,0.0,0.0,0.0,4976.0,1024.0,0.0,256.0,3200.0,160.0,160.0,168.0,0.0,0.0,0.0,8.0,0.0,6.946600478840992e-05,2.6383997465018183e-05,0.0002590629992482718,9.672899977886118e-05,0.00013617398872156627
5,20,gOMP,baseline,gOMP (baseline),128,256,0.5,gaussian,gaussian,clean,0.0,0.0005899500972725307,0.02428888834987165,0.95,0.95,0,0.0008761079989199061,7,20.0,0.09399207844773645,target_sparsity_reached,1,1,0.00041459999920334667,3.0,False,,0,0,2.1067698473029814,0.0,0.0,0.0,0.0,0.0,0.0,0.0,4112.0,1024.0,2048.0,256.0,0.0,0.0,664.0,64.0,0.0,0.0,0.0,56.0,0.0,2.998899799422361e-05,7.440999979735352e-05,0.00041459999920334667,0.0001237479955307208,0.0
5,20,gOMP,optimized,gOMP (optimized),128,256,0.5,gaussian,gaussian,clean,0.0,0.000589950096474297,0.024288888333439573,0.95,0.95,0,0.0003615610003180336,7,20.0,0.09399207844773648,target_sparsity_reached,1,1,0.00011716600056388415,3.0,True,,0,0,2.1067698473029814,0.0,0.0,0.0,0.0,0.0,0.0,0.0,1512.0,1024.0,0.0,256.0,0.0,0.0,160.0,64.0,0.0,0.0,0.0,8.0,0.0,4.169999738223851e-05,7.613201159983873e-05,0.00011716600056388415,4.0468999941367656e-05,0.0
5,20,Improved-gOMP,baseline,Improved-gOMP (baseline),128,256,0.5,gaussian,gaussian,clean,0.0,9.459888894561802e-31,9.726196016203766e-16,1.0,1.0,1,0.004106009000679478,8,20.0,4.564083509149711e-15,residual_tol,0,0,0.00031834200490266085,17.5,False,,0,0,2.073386194101476,1.0,1.0,1.0,1.0,1.0,1.0,0.0,4192.0,1024.0,2048.0,0.0,0.0,0.0,792.0,72.0,64.0,64.0,64.0,64.0,0.0,4.612799239112064e-05,0.0027750769986596424,0.0002607450005598366,4.938799611409195e-05,0.000472155003080843
5,20,Improved-gOMP,optimized,Improved-gOMP (optimized),128,256,0.5,gaussian,gaussian,clean,0.0,1.2633529039834149e-30,1.1239897259243142e-15,1.0,1.0,1,0.002383489001658745,8,20.0,5.594693793423393e-15,residual_tol,0,0,0.00022328299746732228,0.0,True,,0,0,2.073386194101476,1.0,1.0,0.0,0.0,1.0,0.0,1.0,6736.0,1024.0,2048.0,0.0,3200.0,160.0,160.0,72.0,64.0,0.0,0.0,8.0,0.0,3.7563997466349974e-05,0.0010890649973589461,0.0003651189945230726,6.155499431770295e-05,0.0006265130068641156
6,20,OMP,baseline,OMP (baseline),128,256,0.5,gaussian,gaussian,clean,0.0,3.646633708880527e-30,1.9096161155793923e-15,1.0,1.0,1,0.0014970459997130092,20,20.0,5.868619514741942e-15,target_sparsity_reached,0,0,0.0005989949859213084,1.0,False,,0,0,2.1300703611892744,0.0,0.0,0.0,0.0,0.0,0.0,0.0,5080.0,1024.0,2048.0,0.0,0.0,0.0,1680.0,168.0,0.0,0.0,0.0,160.0,0.0,0.00010887799726333469,0.00013372700414038263,0.0005989949859213084,0.00015165800505201332,0.0
6,20,OMP,optimized,OMP (optimized),128,256,0.5,gaussian,gaussian,clean,0.0,1.460360921965144e-20,1.2084539387023174e-10,1.0,1.0,1,0.0006798479989811312,20,20.0,3.511841071035396e-10,target_sparsity_reached,0,0,0.0002549679993535392,1.0,True,,0,0,2.1300703611892744,0.0,0.0,0.0,0.0,0.0,0.0,0.0,4976.0,1024.0,0.0,256.0,3200.0,160.0,160.0,168.0,0.0,0.0,0.0,8.0,0.0,8.211298700189218e-05,2.602200402179733e-05,0.0002549679993535392,0.00010407501395093277,0.00013352300811675377
6,20,gOMP,baseline,gOMP (baseline),128,256,0.5,gaussian,gaussian,clean,0.0,4.067449848810204e-30,2.0167919696414412e-15,1.0,1.0,1,0.0005329849991539959,7,20.0,7.023999676786163e-15,target_sparsity_reached,0,0,0.00021825700241606683,3.0,False,,0,0,2.1300703611892744,0.0,0.0,0.0,0.0,0.0,0.0,0.0,4112.0,1024.0,2048.0,256.0,0.0,0.0,664.0,64.0,0.0,0.0,0.0,56.0,0.0,3.0469997000182047e-05,6.29760033916682e-05,0.00021825700241606683,4.268999691703357e-05,0.0
6,20,gOMP,optimized,gOMP (optimized),128,256,0.5,gaussian,gaussian,clean,0.0,1.4603550345107164e-20,1.2084515027549582e-10,1.0,1.0,1,0.0003062249998038169,7,20.0,3.511837416880414e-10,target_sparsity_reached,0,0,0.00011582100341911428,3.0,True,,0,0,2.1300703611892744,0.0,0.0,0.0,0.0,0.0,0.0,0.0,1512.0,1024.0,0.0,256.0,0.0,0.0,160.0,64.0,0.0,0.0,0.0,8.0,0.0,3.169800402247347e-05,5.518600301002152e-05,0.00011582100341911428,3.8771002436988056e-05,0.0
6,20,Improved-gOMP,baseline,Improved-gOMP (baseline),128,256,0.5,gaussian,gaussian,clean,0.0,0.002428286066752402,0.04927764266634923,0.85,0.85,0,0.0034763530020427424,8,20.0,0.12695668752651162,target_sparsity_reached,3,3,0.00037125899689272046,17.625,False,,0,0,2.2310776571837794,1.0,1.0,1.0,1.0,1.0,1.0,0.0,4152.0,1024.0,2048.0,0.0,0.0,0.0,752.0,72.0,64.0,64.0,64.0,64.0,0.0,4.510000144364312e-05,0.002371396003582049,0.00032376099989051,7.276599717442878e-05,0.00018032099615084007
6,20,Improved-gOMP,optimized,Improved-gOMP (optimized),128,256,0.5,gaussian,gaussian,clean,0.0,1.460359833703551e-20,1.2084534884320336e-10,1.0,1.0,1,0.001834080001572147,8,20.0,3.5118396913278087e-10,residual_tol,0,0,0.00020563499492709525,0.0,True,,0,0,2.130070361189274,1.0,1.0,0.0,0.0,1.0,0.0,1.0,6736.0,1024.0,2048.0,0.0,3200.0,160.0,160.0,72.0,64.0,0.0,0.0,8.0,0.0,5.1823990361299366e-05,0.0008942210042732768,0.00034120100099244155,9.28129957173951e-05,0.0002329620037926361
7,20,OMP,baseline,OMP (baseline),128,256,0.5,gaussian,gaussian,clean,0.0,5.3619286622624095e-30,2.315583870703544e-15,1.0,1.0,1,0.001740091000101529,20,20.0,1.3044637483731872e-14,target_sparsity_reached,0,0,0.0006816709974373225,1.0,False,,0,0,1.9658886109406877,0.0,0.0,0.0,0.0,0.0,0.0,0.0,5080.0,1024.0,2048.0,0.0,0.0,0.0,1680.0,168.0,0.0,0.0,0.0,160.0,0.0,0.00012592099665198475,0.0002095440031553153,0.0006816709974373225,0.00014812799417995848,0.0
7,20,OMP,optimized,OMP (optimized),128,256,0.5,gaussian,gaussian,clean,0.0,9.357585081381705e-21,9.673461159989068e-11,1.0,1.0,1,0.0012443350024113897,20,20.0,4.937696794159277e-10,target_sparsity_reached,0,0,0.0006434300012188032,1.0,True,,0,0,1.9658886109406877,0.0,0.0,0.0,0.0,0.0,0.0,0.0,4976.0,1024.0,0.0,256.0,3200.0,160.0,160.0,168.0,0.0,0.0,0.0,8.0,0.0,8.346899994648993e-05,3.551599365891889e-05,0.0006434300012188032,0.00014191300579113886,0.0002438689989503473
7,20,gOMP,baseline,gOMP (baseline),128,256,0.5,gaussian,gaussian,clean,0.0,0.0003020503109112174,0.017379594670509937,0.95,0.95,0,0.0009785109978110995,7,20.0,0.07499651928232688,target_sparsity_reached,1,1,0.0004349220071162563,3.0,False,,0,0,2.180104885698577,0.0,0.0,0.0,0.0,0.0,0.0,0.0,4112.0,1024.0,2048.0,256.0,0.0,0.0,664.0,64.0,0.0,0.0,0.0,56.0,0.0,5.329300256562419e-05,0.00011009899753844365,0.0004349220071162563,8.720300320419483e-05,0.0
7,20,gOMP,optimized,gOMP (optimized),128,256,0.5,gaussian,gaussian,clean,0.0,0.00030205031102609154,0.017379594673814794,0.95,0.95,0,0.00026131299819098786,7,20.0,0.07499651928232699,target_sparsity_reached,1,1,9.59859971771948e-05,3.0,True,,0,0,2.180104885698577,0.0,0.0,0.0,0.0,0.0,0.0,0.0,1512.0,1024.0,0.0,256.0,0.0,0.0,160.0,64.0,0.0,0.0,0.0,8.0,0.0,2.543799564591609e-05,5.143200542079285e-05,9.59859971771948e-05,3.2558993552811444e-05,0.0
7,20,Improved-gOMP,baseline,Improved-gOMP (baseline),128,256,0.5,gaussian,gaussian,clean,0.0,2.9830457932353383e-30,1.7271496151854761e-15,1.0,1.0,1,0.0038206639983400237,8,20.0,9.361864649871164e-15,residual_tol,0,0,0.000294431003567297,17.5,False,,0,0,1.9733500310655538,1.0,1.0,1.0,1.0,1.0,1.0,0.0,4192.0,1024.0,2048.0,0.0,0.0,0.0,792.0,72.0,64.0,64.0,64.0,64.0,0.0,3.889299841830507e-05,0.0026550609909463674,0.0002522450049582403,4.98670015076641e-05,0.0004082099985680543
7,20,Improved-gOMP,optimized,Improved-gOMP (optimized),128,256,0.5,gaussian,gaussian,clean,0.0,9.35757611692095e-21,9.673456526454724e-11,1.0,1.0,1,0.0014414520010177512,8,20.0,4.93769283030785e-10,residual_tol,0,0,0.00016865600264281966,0.0,True,,0,0,1.9658886109406877,1.0,1.0,0.0,0.0,1.0,0.0,1.0,6736.0,1024.0,2048.0,0.0,3200.0,160.0,160.0,72.0,64.0,0.0,0.0,8.0,0.0,3.195099634467624e-05,0.0007752859928586986,0.00029114599965396337,5.109599442221224e-05,0.0001160200008598622
8,20,OMP,baseline,OMP (baseline),128,256,0.5,gaussian,gaussian,clean,0.0,2.3770823067298015e-30,1.5417789422384137e-15,1.0,1.0,1,0.0014082150009926409,20,20.0,8.962228197156196e-15,target_sparsity_reached,0,0,0.0005718770080420654,1.0,False,,0,0,2.1150580071923017,0.0,0.0,0.0,0.0,0.0,0.0,0.0,5080.0,1024.0,2048.0,0.0,0.0,0.0,1680.0,168.0,0.0,0.0,0.0,160.0,0.0,9.458699787501246e-05,0.00012510098895290866,0.0005718770080420654,0.00014252700930228457,0.0
8,20,OMP,optimized,OMP (optimized),128,256,0.5,gaussian,gaussian,clean,0.0,1.6196587075611935e-20,1.2726581267415037e-10,1.0,1.0,1,0.0006259980000322685,20,20.0,5.84414366480895e-10,target_sparsity_reached,0,0,0.00023962900013430044,1.0,True,,0,0,2.1150580071923017,0.0,0.0,0.0,0.0,0.0,0.0,0.0,4976.0,1024.0,0.0,256.0,3200.0,160.0,160.0,168.0,0.0,0.0,0.0,8.0,0.0,7.636799273313954e-05,2.3326989321503788e-05,0.00023962900013430044,8.731900015845895e-05,0.00012558098387671635
8,20,gOMP,baseline,gOMP (baseline),128,256,0.5,gaussian,gaussian,clean,0.0,1.5025638924764803e-30,1.225791129220831e-15,1.0,1.0,1,0.0005292399982863571,7,20.0,6.549514589253137e-15,target_sparsity_reached,0,0,0.00021621100313495845,3.0,False,,0,0,2.1150580071923004,0.0,0.0,0.0,0.0,0.0,0.0,0.0,4112.0,1024.0,2048.0,256.0,0.0,0.0,664.0,64.0,0.0,0.0,0.0,56.0,0.0,3.054800254176371e-05,6.235999899217859e-05,0.00021621100313495845,4.141699901083484e-05,0.0
8,20,gOMP,optimized,gOMP (optimized),128,256,0.5,gaussian,gaussian,clean,0.0,1.61966593004607e-20,1.272660964297275e-10,1.0,1.0,1,0.00027688000045600347,7,20.0,5.844149260352838e-10,target_sparsity_reached,0,0,8.97859936230816e-05,3.0,True,,0,0,2.1150580071923004,0.0,0.0,0.0,0.0,0.0,0.0,0.0,1512.0,1024.0,0.0,256.0,0.0,0.0,160.0,64.0,0.0,0.0,0.0,8.0,0.0,2.924900036305189e-05,5.346799662220292e-05,8.97859936230816e-05,3.1490999390371144e-05,0.0
8,20,Improved-gOMP,baseline,Improved-gOMP (baseline),128,256,0.5,gaussian,gaussian,clean,0.0,1.3983590086439461e-30,1.1825223078842724e-15,1.0,1.0,1,0.003954623000026913,8,20.0,6.394728163530099e-15,residual_tol,0,0,0.0003115819963568356,17.25,False,,0,0,2.1150580071923017,1.0,1.0,1.0,1.0,1.0,1.0,0.0,4152.0,1024.0,2048.0,0.0,0.0,0.0,752.0,72.0,64.0,64.0,64.0,64.0,0.0,6.860199573566206e-05,0.002894784000091022,0.0002609690054669045,5.34959981450811e-05,0.00016896800298127346
8,20,Improved-gOMP,optimized,Improved-gOMP (optimized),128,256,0.5,gaussian,gaussian,clean,0.0,1.6196583640624572e-20,1.2726579917882324e-10,1.0,1.0,1,0.0018490840011509135,8,20.0,5.844139742549668e-10,residual_tol,0,0,0.0001833989990700502,0.0,True,,0,0,2.115058007192301,1.0,1.0,0.0,0.0,1.0,0.0,1.0,6736.0,1024.0,2048.0,0.0,3200.0,160.0,160.0,72.0,64.0,0.0,0.0,8.0,0.0,3.847900006803684e-05,0.0008856329986883793,0.00031969799965736456,5.5877997510833666e-05,0.0003671129888971336
9,20,OMP,baseline,OMP (baseline),128,256,0.5,gaussian,gaussian,clean,0.0,1.3255251317428833e-30,1.1513145233787695e-15,1.0,1.0,1,0.001348349996987963,20,20.0,5.010041173235522e-15,target_sparsity_reached,0,0,0.0005612170025415253,1.0,False,,0,0,2.037903254150594,0.0,0.0,0.0,0.0,0.0,0.0,0.0,5080.0,1024.0,2048.0,0.0,0.0,0.0,1680.0,168.0,0.0,0.0,0.0,160.0,0.0,8.447899745078757e-05,0.00011366998660378158,0.0005612170025415253,0.00012813799912692048,0.0
9,20,OMP,optimized,OMP (optimized),128,256,0.5,gaussian,gaussian,clean,0.0,2.0069182750425514e-20,1.416657430377066e-10,1.0,1.0,1,0.0009924699988914654,20,20.0,4.609257476072547e-10,target_sparsity_reached,0,0,0.0004162599980190862,1.0,True,,0,0,2.037903254150594,0.0,0.0,0.0,0.0,0.0,0.0,0.0,4976.0,1024.0,0.0,256.0,3200.0,160.0,160.0,168.0,0.0,0.0,0.0,8.0,0.0,0.00010173299961024895,3.292099427198991e-05,0.0004162599980190862,0.00013219999891589396,0.0002119630044035148
9,20,gOMP,baseline,gOMP (baseline),128,256,0.5,gaussian,gaussian,clean,0.0,1.6261356679646678e-30,1.2752002462220073e-15,1.0,1.0,1,0.0009589840010448825,7,20.0,5.051286002120634e-15,target_sparsity_reached,0,0,0.00039538000055472367,3.0,False,,0,0,2.037903254150593,0.0,0.0,0.0,0.0,0.0,0.0,0.0,4112.0,1024.0,2048.0,256.0,0.0,0.0,664.0,64.0,0.0,0.0,0.0,56.0,0.0,7.245900269481353e-05,9.9098000646336e-05,0.00039538000055472367,8.661199535708874e-05,0.0
9,20,gOMP,optimized,gOMP (optimized),128,256,0.5,gaussian,gaussian,clean,0.0,2.006915363477887e-20,1.4166564027589353e-10,1.0,1.0,1,0.0003438040002947673,7,20.0,4.6092525430797924e-10,target_sparsity_reached,0,0,0.00011749899931601249,3.0,True,,0,0,2.037903254150593,0.0,0.0,0.0,0.0,0.0,0.0,0.0,1512.0,1024.0,0.0,256.0,0.0,0.0,160.0,64.0,0.0,0.0,0.0,8.0,0.0,3.471199670457281e-05,6.64690014673397e-05,0.00011749899931601249,5.359199712984264e-05,0.0
9,20,Improved-gOMP,baseline,Improved-gOMP (baseline),128,256,0.5,gaussian,gaussian,clean,0.0,1.5725498524971215e-30,1.2540134977332267e-15,1.0,1.0,1,0.004388757999549853,8,20.0,5.311867180826571e-15,residual_tol,0,0,0.0003353219981363509,17.125,False,,0,0,2.038870369628214,1.0,1.0,1.0,1.0,1.0,1.0,0.0,4192.0,1024.0,2048.0,0.0,0.0,0.0,792.0,72.0,64.0,64.0,64.0,64.0,0.0,4.4106996938353404e-05,0.0029820020026818383,0.0002818280008796137,6.360900442814454e-05,0.0005596089940809179
9,20,Improved-gOMP,optimized,Improved-gOMP (optimized),128,256,0.5,gaussian,gaussian,clean,0.0,2.0069189247458125e-20,1.4166576596855758e-10,1.0,1.0,1,0.001842546000261791,8,20.0,4.609258177770478e-10,residual_tol,0,0,0.0001934369938680902,0.0,True,,0,0,2.0379032541505935,1.0,1.0,0.0,0.0,1.0,0.0,1.0,6736.0,1024.0,2048.0,0.0,3200.0,160.0,160.0,72.0,64.0,0.0,0.0,8.0,0.0,3.510199530865066e-05,0.000835040002129972,0.00036009299947181717,5.561099897022359e-05,0.0003692360005516093
10,20,OMP,baseline,OMP (baseline),128,256,0.5,gaussian,gaussian,clean,0.0,1.0321112818354367e-30,1.0159287779344755e-15,1.0,1.0,1,0.0014397929990082048,20,20.0,5.4922353418061195e-15,target_sparsity_reached,0,0,0.0005820230107929092,1.0,False,,0,0,1.872478424190867,0.0,0.0,0.0,0.0,0.0,0.0,0.0,5080.0,1024.0,2048.0,0.0,0.0,0.0,1680.0,168.0,0.0,0.0,0.0,160.0,0.0,9.964199489331804e-05,0.00012181600322946906,0.0005820230107929092,0.00013566299821832217,0.0
10,20,OMP,optimized,OMP (optimized),128,256,0.5,gaussian,gaussian,clean,0.0,1.6514160167776756e-20,1.28507432344502e-10,1.0,1.0,1,0.0009903210011543706,20,20.0,5.58541758517957e-10,target_sparsity_reached,0,0,0.0003352349958731793,1.0,True,,0,0,1.872478424190867,0.0,0.0,0.0,0.0,0.0,0.0,0.0,4976.0,1024.0,0.0,256.0,3200.0,160.0,160.0,168.0,0.0,0.0,0.0,8.0,0.0,0.00013102500088280067,4.806499418918975e-05,0.0003352349958731793,0.00012935899576405063,0.00022925399389350787
10,20,gOMP,baseline,gOMP (baseline),128,256,0.5,gaussian,gaussian,clean,0.0,2.0491663405082005e-30,1.431490950201293e-15,1.0,1.0,1,0.0005888189989491366,7,20.0,7.044655436142768e-15,target_sparsity_reached,0,0,0.00024571599715272896,3.0,False,,0,0,1.872478424190867,0.0,0.0,0.0,0.0,0.0,0.0,0.0,4112.0,1024.0,2048.0,256.0,0.0,0.0,664.0,64.0,0.0,0.0,0.0,56.0,0.0,3.333200220367871e-05,7.181099863373674e-05,0.00024571599715272896,4.541500311461277e-05,0.0
10,20,gOMP,optimized,gOMP (optimized),128,256,0.5,gaussian,gaussian,clean,0.0,1.651411492757737e-20,1.2850725632265818e-10,1.0,1.0,1,0.00026579499899526127,7,20.0,5.585411202442928e-10,target_sparsity_reached,0,0,9.637999755796045e-05,3.0,True,,0,0,1.872478424190867,0.0,0.0,0.0,0.0,0.0,0.0,0.0,1512.0,1024.0,0.0,256.0,0.0,0.0,160.0,64.0,0.0,0.0,0.0,8.0,0.0,2.9249997169245034e-05,5.021000106353313e-05,9.637999755796045e-05,3.2312000257661566e-05,0.0
10,20,Improved-gOMP,baseline,Improved-gOMP (baseline),128,256,0.5,gaussian,gaussian,clean,0.0,6.517053300649011e-31,8.072826828719301e-16,1.0,1.0,1,0.004390066002088133,8,20.0,4.482005820360412e-15,residual_tol,0,0,0.0003171700045641046,17.75,False,,0,0,1.9742007427823285,1.0,1.0,1.0,1.0,1.0,1.0,0.0,4192.0,1024.0,2048.0,0.0,0.0,0.0,792.0,72.0,64.0,64.0,64.0,64.0,0.0,4.422100755618885e-05,0.003142727004160406,0.00026915800117421895,5.361199873732403e-05,0.0004381580001791008
10,20,Improved-gOMP,optimized,Improved-gOMP (optimized),128,256,0.5,gaussian,gaussian,clean,0.0,1.6514164163946082e-20,1.2850744789289873e-10,1.0,1.0,1,0.001545098999486072,8,20.0,5.585418499743692e-10,residual_tol,0,0,0.00017874400509754196,0.0,True,,0,0,1.8724784241908663,1.0,1.0,0.0,0.0,1.0,0.0,1.0,6736.0,1024.0,2048.0,0.0,3200.0,160.0,160.0,72.0,64.0,0.0,0.0,8.0,0.0,4.150999666308053e-05,0.0008039980020839721,0.00030743399838684127,5.468299787025899e-05,0.0001263639933313243
11,20,OMP,baseline,OMP (baseline),128,256,0.5,gaussian,gaussian,clean,0.0,1.1879625388557681e-30,1.0899369426052903e-15,1.0,1.0,1,0.0013894839976273943,20,20.0,4.735687065111061e-15,target_sparsity_reached,0,0,0.0005779879975307267,1.0,False,,0,0,2.0261276106273507,0.0,0.0,0.0,0.0,0.0,0.0,0.0,5080.0,1024.0,2048.0,0.0,0.0,0.0,1680.0,168.0,0.0,0.0,0.0,160.0,0.0,9.642201257520355e-05,0.00012111201067455113,0.0005779879975307267,0.00012032199447276071,0.0
11,20,OMP,optimized,OMP (optimized),128,256,0.5,gaussian,gaussian,clean,0.0,1.437057982269312e-20,1.198773532519513e-10,1.0,1.0,1,0.0006368590002239216,20,20.0,4.640536210733635e-10,target_sparsity_reached,0,0,0.00024006700550671667,1.0,True,,0,0,2.0261276106273507,0.0,0.0,0.0,0.0,0.0,0.0,0.0,4976.0,1024.0,0.0,256.0,3200.0,160.0,160.0,168.0,0.0,0.0,0.0,8.0,0.0,6.531799954245798e-05,2.331300129299052e-05,0.00024006700550671667,9.907799903885461e-05,0.00012711699309875257
11,20,gOMP,baseline,gOMP (baseline),128,256,0.5,gaussian,gaussian,clean,0.0,2.8431493536684065e-06,0.0016861640945259172,0.95,0.95,0,0.0005484319990500808,7,20.0,0.006250529333434586,target_sparsity_reached,1,1,0.0002275440056109801,3.0,False,,0,0,2.0999264392300794,0.0,0.0,0.0,0.0,0.0,0.0,0.0,4112.0,1024.0,2048.0,256.0,0.0,0.0,664.0,64.0,0.0,0.0,0.0,56.0,0.0,2.6822999643627554e-05,6.498199581983499e-05,0.0002275440056109801,4.0333005017600954e-05,0.0
11,20,gOMP,optimized,gOMP (optimized),128,256,0.5,gaussian,gaussian,clean,0.0,2.8431492939028375e-06,0.0016861640768035706,0.95,0.95,0,0.0003002639969054144,7,20.0,0.0062505293334346075,target_sparsity_reached,1,1,0.00010106499757966958,3.0,True,,0,0,2.0999264392300794,0.0,0.0,0.0,0.0,0.0,0.0,0.0,1512.0,1024.0,0.0,256.0,0.0,0.0,160.0,64.0,0.0,0.0,0.0,8.0,0.0,2.6139998226426542e-05,6.325600043055601e-05,0.00010106499757966958,4.503099626163021e-05,0.0
11,20,Improved-gOMP,baseline,Improved-gOMP (baseline),128,256,0.5,gaussian,gaussian,clean,0.0,3.0072107914640488e-06,0.0017341311344486173,0.95,0.95,0,0.003742106997378869,8,20.0,0.0061178856583046755,target_sparsity_reached,1,1,0.0003271329987910576,17.25,False,,0,0,1.958532370286946,1.0,1.0,1.0,1.0,1.0,1.0,0.0,4192.0,1024.0,2048.0,0.0,0.0,0.0,792.0,72.0,64.0,64.0,64.0,64.0,0.0,3.73820003005676e-05,0.0025200560048688203,0.0002872120021493174,6.059999577701092e-05,0.00043036499482695945
11,20,Improved-gOMP,optimized,Improved-gOMP (optimized),128,256,0.5,gaussian,gaussian,clean,0.0,1.4370567358123815e-20,1.1987730126309908e-10,1.0,1.0,1,0.0016875359979167115,8,20.0,4.640532961254375e-10,residual_tol,0,0,0.00016859899915289134,0.0,True,,0,0,2.0261276106273507,1.0,1.0,0.0,0.0,1.0,0.0,1.0,6736.0,1024.0,2048.0,0.0,3200.0,160.0,160.0,72.0,64.0,0.0,0.0,8.0,0.0,3.303099219920114e-05,0.0007546039996668696,0.0002900079962273594,4.962599268765189e-05,0.00038593999124714173
12,20,OMP,baseline,OMP (baseline),128,256,0.5,gaussian,gaussian,clean,0.0,2.4448188692372672e-30,1.5635916568072586e-15,1.0,1.0,1,0.0014053820013941731,20,20.0,7.161091472156219e-15,target_sparsity_reached,0,0,0.0005954279949946795,1.0,False,,0,0,2.2816696526542737,0.0,0.0,0.0,0.0,0.0,0.0,0.0,5080.0,1024.0,2048.0,0.0,0.0,0.0,1680.0,168.0,0.0,0.0,0.0,160.0,0.0,9.312600741395727e-05,0.00011958700633840635,0.0005954279949946795,0.00012413200238370337,0.0
12,20,OMP,optimized,OMP (optimized),128,256,0.5,gaussian,gaussian,clean,0.0,1.3037894634021866e-20,1.1418360054763497e-10,1.0,1.0,1,0.0007799140003044158,20,20.0,4.357413111880924e-10,target_sparsity_reached,0,0,0.0003042879870918114,1.0,True,,0,0,2.2816696526542737,0.0,0.0,0.0,0.0,0.0,0.0,0.0,4976.0,1024.0,0.0,256.0,3200.0,160.0,160.0,168.0,0.0,0.0,0.0,8.0,0.0,9.142398994299583e-05,2.8946004022145644e-05,0.0003042879870918114,0.00011299199832137674,0.00015547199654974975
12,20,gOMP,baseline,gOMP (baseline),128,256,0.5,gaussian,gaussian,clean,0.0,0.0002758204758184346,0.016607843804011244,0.95,0.95,0,0.0005980639980407432,7,20.0,0.05816079512859066,target_sparsity_reached,1,1,0.00024764499539742246,3.0,False,,0,0,2.3710767649782842,0.0,0.0,0.0,0.0,0.0,0.0,0.0,4112.0,1024.0,2048.0,256.0,0.0,0.0,664.0,64.0,0.0,0.0,0.0,56.0,0.0,3.344900324009359e-05,7.006700252532028e-05,0.00024764499539742246,4.7585999709554017e-05,0.0
12,20,gOMP,optimized,gOMP (optimized),128,256,0.5,gaussian,gaussian,clean,0.0,0.0002758204764947233,0.016607843824371762,0.95,0.95,0,0.00037331300336518325,7,20.0,0.05816079512859073,target_sparsity_reached,1,1,0.0001489060050516855,3.0,True,,0,0,2.3710767649782842,0.0,0.0,0.0,0.0,0.0,0.0,0.0,1512.0,1024.0,0.0,256.0,0.0,0.0,160.0,64.0,0.0,0.0,0.0,8.0,0.0,3.489200753392652e-05,7.793300756020471e-05,0.0001489060050516855,4.641300984076224e-05,0.0
12,20,Improved-gOMP,baseline,Improved-gOMP (baseline),128,256,0.5,gaussian,gaussian,clean,0.0,0.00016513157205192094,0.012850352993280805,0.95,0.95,0,0.0033024469994415995,8,20.0,0.046538866629218675,target_sparsity_reached,1,1,0.0002969630004372448,17.875,False,,0,0,2.2744787640152557,1.0,1.0,1.0,1.0,1.0,1.0,0.0,4152.0,1024.0,2048.0,0.0,0.0,0.0,752.0,72.0,64.0,64.0,64.0,64.0,0.0,4.428599640959874e-05,0.0023719249984424096,0.0002414679984212853,4.950699440087192e-05,0.0001754119984980207
12,20,Improved-gOMP,optimized,Improved-gOMP (optimized),128,256,0.5,gaussian,gaussian,clean,0.0,1.3037908520545366e-20,1.1418366135549064e-10,1.0,1.0,1,0.0017552410026837606,9,20.0,4.357416427162346e-10,residual_tol,0,0,0.00017503499475424178,0.0,True,,0,0,2.281669652654273,1.0,1.0,0.0,0.0,1.0,0.0,1.0,6752.0,1024.0,2048.0,0.0,3200.0,160.0,160.0,80.0,72.0,0.0,0.0,8.0,0.0,4.122200334677473e-05,0.0007947129997774027,0.00029998599711689167,5.996999971102923e-05,0.0003799309997702949
13,20,OMP,baseline,OMP (baseline),128,256,0.5,gaussian,gaussian,clean,0.0,9.221970685823636e-31,9.603109228694441e-16,1.0,1.0,1,0.0012416389981808607,20,20.0,5.169713458719664e-15,target_sparsity_reached,0,0,0.0005090550039312802,1.0,False,,0,0,1.9342528201140332,0.0,0.0,0.0,0.0,0.0,0.0,0.0,5080.0,1024.0,2048.0,0.0,0.0,0.0,1680.0,168.0,0.0,0.0,0.0,160.0,0.0,7.272100629052147e-05,0.00011610200090217404,0.0005090550039312802,0.00010677700629457831,0.0
13,20,OMP,optimized,OMP (optimized),128,256,0.5,gaussian,gaussian,clean,0.0,2.0742209296514624e-20,1.440215584435699e-10,1.0,1.0,1,0.0007020189987088088,20,20.0,6.421553049492099e-10,target_sparsity_reached,0,0,0.0002760230017884169,1.0,True,,0,0,1.9342528201140332,0.0,0.0,0.0,0.0,0.0,0.0,0.0,4976.0,1024.0,0.0,256.0,3200.0,160.0,160.0,168.0,0.0,0.0,0.0,8.0,0.0,6.681400191155262e-05,3.0975003028288484e-05,0.0002760230017884169,0.00010422500781714916,0.00014036699212738313
13,20,gOMP,baseline,gOMP (baseline),128,256,0.5,gaussian,gaussian,clean,0.0,0.00213951373208475,0.04625487792746566,0.9,0.9,0,0.000579605002712924,7,20.0,0.2253411398569552,target_sparsity_reached,2,2,0.00024211199706769548,3.0,False,,0,0,2.1543252765344296,0.0,0.0,0.0,0.0,0.0,0.0,0.0,4112.0,1024.0,2048.0,256.0,0.0,0.0,664.0,64.0,0.0,0.0,0.0,56.0,0.0,3.072099934797734e-05,6.759999814676121e-05,0.00024211199706769548,4.5378998038358986e-05,0.0
13,20,gOMP,optimized,gOMP (optimized),128,256,0.5,gaussian,gaussian,clean,0.0,0.0021395137319096895,0.04625487792557331,0.9,0.9,0,0.00028810599906137213,7,20.0,0.2253411398569551,target_sparsity_reached,2,2,0.0001085379917640239,3.0,True,,0,0,2.1543252765344296,0.0,0.0,0.0,0.0,0.0,0.0,0.0,1512.0,1024.0,0.0,256.0,0.0,0.0,160.0,64.0,0.0,0.0,0.0,8.0,0.0,2.8881004254799336e-05,5.2605992095777765e-05,0.0001085379917640239,3.5500997910276055e-05,0.0
13,20,Improved-gOMP,baseline,Improved-gOMP (baseline),128,256,0.5,gaussian,gaussian,clean,0.0,0.0019495193814562412,0.044153362062885324,0.9,0.9,0,0.0038092260001576506,8,20.0,0.2112885085511939,target_sparsity_reached,2,2,0.0003022700038854964,17.75,False,,0,0,2.2252794030079293,1.0,1.0,1.0,1.0,1.0,1.0,0.0,4192.0,1024.0,2048.0,0.0,0.0,0.0,792.0,72.0,64.0,64.0,64.0,64.0,0.0,3.964998904848471e-05,0.0025818419962888584,0.00025884900605888106,6.265500269364566e-05,0.00043773600191343576
13,20,Improved-gOMP,optimized,Improved-gOMP (optimized),128,256,0.5,gaussian,gaussian,clean,0.0,1.0086215496922488e-30,1.0043015232947964e-15,1.0,1.0,1,0.0019835029997921083,8,20.0,4.805543484785465e-15,residual_tol,0,0,0.0001820310062612407,0.0,True,,0,0,1.9342528201140332,1.0,1.0,0.0,0.0,1.0,0.0,1.0,6736.0,1024.0,2048.0,0.0,3200.0,160.0,160.0,72.0,64.0,0.0,0.0,8.0,0.0,3.53579998773057e-05,0.0008430179987044539,0.0003092700026172679,5.559499913943e-05,0.0005570359971898142
14,20,OMP,baseline,OMP (baseline),128,256,0.5,gaussian,gaussian,clean,0.0,9.784925839201408e-31,9.891878405642383e-16,1.0,1.0,1,0.0013951449982414488,20,20.0,3.3229260981337098e-15,target_sparsity_reached,0,0,0.0005465310023282655,1.0,False,,0,0,2.0516471213594887,0.0,0.0,0.0,0.0,0.0,0.0,0.0,5080.0,1024.0,2048.0,0.0,0.0,0.0,1680.0,168.0,0.0,0.0,0.0,160.0,0.0,9.695200060377829e-05,0.00011828700371552259,0.0005465310023282655,0.00012614999650395475,0.0
14,20,OMP,optimized,OMP (optimized),128,256,0.5,gaussian,gaussian,clean,0.0,2.1966453437379698e-20,1.4821084116008417e-10,1.0,1.0,1,0.0006386019995261449,20,20.0,4.2034805217873593e-10,target_sparsity_reached,0,0,0.0002460970026731957,1.0,True,,0,0,2.0516471213594887,0.0,0.0,0.0,0.0,0.0,0.0,0.0,4976.0,1024.0,0.0,256.0,3200.0,160.0,160.0,168.0,0.0,0.0,0.0,8.0,0.0,7.803099651937373e-05,2.3672000679653138e-05,0.0002460970026731957,8.84649962245021e-05,0.00012738900841213763
14,20,gOMP,baseline,gOMP (baseline),128,256,0.5,gaussian,gaussian,clean,0.0,0.0012149330696615058,0.03485589002825069,0.9,0.9,0,0.0005552530019485857,7,20.0,0.09869942688634989,target_sparsity_reached,2,2,0.00023169300038716756,3.0,False,,0,0,2.060690898367904,0.0,0.0,0.0,0.0,0.0,0.0,0.0,4112.0,1024.0,2048.0,256.0,0.0,0.0,664.0,64.0,0.0,0.0,0.0,56.0,0.0,3.180400744895451e-05,6.268200377235189e-05,0.00023169300038716756,4.49010003649164e-05,0.0
14,20,gOMP,optimized,gOMP (optimized),128,256,0.5,gaussian,gaussian,clean,0.0,0.0012149330698359724,0.03485589003075337,0.9,0.9,0,0.0002568380004959181,7,20.0,0.09869942688634992,target_sparsity_reached,2,2,9.068999861483462e-05,3.0,True,,0,0,2.060690898367904,0.0,0.0,0.0,0.0,0.0,0.0,0.0,1512.0,1024.0,0.0,256.0,0.0,0.0,160.0,64.0,0.0,0.0,0.0,8.0,0.0,2.9373000870691612e-05,4.855899896938354e-05,9.068999861483462e-05,3.1096002203412354e-05,0.0
14,20,Improved-gOMP,baseline,Improved-gOMP (baseline),128,256,0.5,gaussian,gaussian,clean,0.0,1.1221875968177494e-30,1.0593335625843964e-15,1.0,1.0,1,0.0037995270031387918,8,20.0,3.66652755970283e-15,residual_tol,0,0,0.00029773899586871266,18.0,False,,0,0,2.051647121359489,1.0,1.0,1.0,1.0,1.0,1.0,0.0,4192.0,1024.0,2048.0,0.0,0.0,0.0,792.0,72.0,64.0,64.0,64.0,64.0,0.0,4.2160994780715555e-05,0.0026274029987689573,0.0002517080065445043,4.890999844064936e-05,0.0004238170004100539
14,20,Improved-gOMP,optimized,Improved-gOMP (optimized),128,256,0.5,gaussian,gaussian,clean,0.0,8.879423005837244e-05,0.009423069036061044,0.95,0.95,0,0.0014040690002730116,8,20.0,0.029115947365696004,target_sparsity_reached,1,1,0.00015948800137266517,0.0,True,,0,0,2.0912067982236846,1.0,1.0,0.0,0.0,1.0,0.0,1.0,6736.0,1024.0,2048.0,0.0,3200.0,160.0,160.0,72.0,64.0,0.0,0.0,8.0,0.0,3.65149971912615e-05,0.000746662997698877,0.0002874429919756949,5.2924995543435216e-05,0.00011419100337661803
15,20,OMP,baseline,OMP (baseline),128,256,0.5,gaussian,gaussian,clean,0.0,1.675110294255858e-30,1.2942605202415231e-15,1.0,1.0,1,0.00134064799931366,20,20.0,6.375854130699338e-15,target_sparsity_reached,0,0,0.00056602900440339,1.0,False,,0,0,2.0858985502453256,0.0,0.0,0.0,0.0,0.0,0.0,0.0,5080.0,1024.0,2048.0,0.0,0.0,0.0,1680.0,168.0,0.0,0.0,0.0,160.0,0.0,8.645400157547556e-05,0.00012061999950674362,0.00056602900440339,0.00011062699559261091,0.0
15,20,OMP,optimized,OMP (optimized),128,256,0.5,gaussian,gaussian,clean,0.0,1.4377971270329655e-20,1.199081784964214e-10,1.0,1.0,1,0.000645460000669118,20,20.0,5.325684631185225e-10,target_sparsity_reached,0,0,0.0002482940108166076,1.0,True,,0,0,2.0858985502453256,0.0,0.0,0.0,0.0,0.0,0.0,0.0,4976.0,1024.0,0.0,256.0,3200.0,160.0,160.0,168.0,0.0,0.0,0.0,8.0,0.0,6.484400000772439e-05,2.440401294734329e-05,0.0002482940108166076,0.00010226500307908282,0.00012975400750292465
15,20,gOMP,baseline,gOMP (baseline),128,256,0.5,gaussian,gaussian,clean,0.0,2.049626666092997e-05,0.004527280271965716,0.95,0.95,0,0.0011035429997718893,7,20.0,0.01882407038880388,target_sparsity_reached,1,1,0.000333826999849407,3.0,False,,0,0,1.92984890295054,0.0,0.0,0.0,0.0,0.0,0.0,0.0,4112.0,1024.0,2048.0,256.0,0.0,0.0,664.0,64.0,0.0,0.0,0.0,56.0,0.0,3.839200144284405e-05,0.0003891700071108062,0.000333826999849407,6.965100328670815e-05,0.0
15,20,gOMP,optimized,gOMP (optimized),128,256,0.5,gaussian,gaussian,clean,0.0,2.0496266445748194e-05,0.0045272802482007,0.95,0.95,0,0.0007327439998334739,7,20.0,0.01882407038880402,target_sparsity_reached,1,1,0.00024166000002878718,3.0,True,,0,0,1.92984890295054,0.0,0.0,0.0,0.0,0.0,0.0,0.0,1512.0,1024.0,0.0,256.0,0.0,0.0,160.0,64.0,0.0,0.0,0.0,8.0,0.0,6.098499579820782e-05,0.000181377003173111,0.00024166000002878718,0.00011888499648193829,0.0
15,20,Improved-gOMP,baseline,Improved-gOMP (baseline),128,256,0.5,gaussian,gaussian,clean,0.0,2.0871100171268508e-05,0.004568489922421687,0.95,0.95,0,0.005538535002415301,8,20.0,0.01864920967354062,target_sparsity_reached,1,1,0.00040794400410959497,17.625,False,,0,0,2.045497410446047,1.0,1.0,1.0,1.0,1.0,1.0,0.0,4192.0,1024.0,2048.0,0.0,0.0,0.0,792.0,72.0,64.0,64.0,64.0,64.0,0.0,5.8472003729548305e-05,0.004004583999630995,0.0003652070045063738,8.250099926954135e-05,0.00042308699994464405
15,20,Improved-gOMP,optimized,Improved-gOMP (optimized),128,256,0.5,gaussian,gaussian,clean,0.0,1.4378014772813063e-20,1.1990835989543456e-10,1.0,1.0,1,0.001739559000270674,8,20.0,5.325688282091552e-10,residual_tol,0,0,0.00017187800040119328,0.0,True,,0,0,2.085898550245326,1.0,1.0,0.0,0.0,1.0,0.0,1.0,6736.0,1024.0,2048.0,0.0,3200.0,160.0,160.0,72.0,64.0,0.0,0.0,8.0,0.0,3.2522992114536464e-05,0.0008164529972418677,0.0002965949970530346,4.8616995627526194e-05,0.0003763429958780762
16,20,OMP,baseline,OMP (baseline),128,256,0.5,gaussian,gaussian,clean,0.0,2.568083946467051e-30,1.6025242420840475e-15,1.0,1.0,1,0.0015346580003097188,20,20.0,8.443670249188655e-15,target_sparsity_reached,0,0,0.0006327230148599483,1.0,False,,0,0,1.9358146228701527,0.0,0.0,0.0,0.0,0.0,0.0,0.0,5080.0,1024.0,2048.0,0.0,0.0,0.0,1680.0,168.0,0.0,0.0,0.0,160.0,0.0,9.621999561204575e-05,0.00011843300308100879,0.0006327230148599483,0.00015670599168515764,0.0
16,20,OMP,optimized,OMP (optimized),128,256,0.5,gaussian,gaussian,clean,0.0,1.1978302446173928e-20,1.0944543136272948e-10,1.0,1.0,1,0.000781655002356274,20,20.0,4.669398411829979e-10,target_sparsity_reached,0,0,0.000300065988994902,1.0,True,,0,0,1.9358146228701527,0.0,0.0,0.0,0.0,0.0,0.0,0.0,4976.0,1024.0,0.0,256.0,3200.0,160.0,160.0,168.0,0.0,0.0,0.0,8.0,0.0,9.681499432190321e-05,3.001101140398532e-05,0.000300065988994902,0.00010940199717879295,0.0001569700107211247
16,20,gOMP,baseline,gOMP (baseline),128,256,0.5,gaussian,gaussian,clean,0.0,0.0005380426873922795,0.023195747183315296,0.9,0.9,0,0.0006294250015344005,7,20.0,0.08886687066172753,target_sparsity_reached,2,2,0.0002427180006634444,3.0,False,,0,0,2.101567658788029,0.0,0.0,0.0,0.0,0.0,0.0,0.0,4112.0,1024.0,2048.0,256.0,0.0,0.0,664.0,64.0,0.0,0.0,0.0,56.0,0.0,3.2496998755959794e-05,7.179699605330825e-05,0.0002427180006634444,6.386699169524945e-05,0.0
16,20,gOMP,optimized,gOMP (optimized),128,256,0.5,gaussian,gaussian,clean,0.0,0.0005380426878810955,0.023195747193852055,0.9,0.9,0,0.0002570430006016977,7,20.0,0.08886687066172753,target_sparsity_reached,2,2,9.159200271824375e-05,3.0,True,,0,0,2.101567658788029,0.0,0.0,0.0,0.0,0.0,0.0,0.0,1512.0,1024.0,0.0,256.0,0.0,0.0,160.0,64.0,0.0,0.0,0.0,8.0,0.0,2.896599835366942e-05,4.913999873679131e-05,9.159200271824375e-05,3.137199382763356e-05,0.0
16,20,Improved-gOMP,baseline,Improved-gOMP (baseline),128,256,0.5,gaussian,gaussian,clean,0.0,2.568083946467051e-30,1.6025242420840475e-15,1.0,1.0,1,0.0041592609995859675,9,20.0,8.443670249188655e-15,residual_tol,0,0,0.00032695100526325405,16.11111111111111,False,,0,0,1.9358146228701527,1.0,1.0,1.0,1.0,1.0,1.0,0.0,4304.0,1024.0,2048.0,0.0,0.0,0.0,864.0,80.0,72.0,72.0,72.0,72.0,0.0,4.832099875784479e-05,0.002904681008658372,0.000283689998468617,6.045500049367547e-05,0.00041895999675034545
16,20,Improved-gOMP,optimized,Improved-gOMP (optimized),128,256,0.5,gaussian,gaussian,clean,0.0,1.1978302446173928e-20,1.0944543136272948e-10,1.0,1.0,1,0.0019109879976895172,9,20.0,4.669398411829979e-10,residual_tol,0,0,0.00020514799689408392,0.0,True,,0,0,1.9358146228701527,1.0,1.0,0.0,0.0,1.0,0.0,1.0,6752.0,1024.0,2048.0,0.0,3200.0,160.0,160.0,80.0,72.0,0.0,0.0,8.0,0.0,4.942199666402303e-05,0.000849381998705212,0.00033597399306017905,0.00010303599628969096,0.0003827399959845934
17,20,OMP,baseline,OMP (baseline),128,256,0.5,gaussian,gaussian,clean,0.0,3.538103231442411e-30,1.8809846441272216e-15,1.0,1.0,1,0.001868172999820672,20,20.0,9.824655375599528e-15,target_sparsity_reached,0,0,0.000715162001142744,1.0,False,,0,0,2.082395682788339,0.0,0.0,0.0,0.0,0.0,0.0,0.0,5080.0,1024.0,2048.0,0.0,0.0,0.0,1680.0,168.0,0.0,0.0,0.0,160.0,0.0,0.00010913800360867754,0.00014778400145587511,0.000715162001142744,0.00020019800649606623,0.0
17,20,OMP,optimized,OMP (optimized),128,256,0.5,gaussian,gaussian,clean,0.0,1.170034439693735e-20,1.0816813022761071e-10,1.0,1.0,1,0.0008593330021540169,20,20.0,4.6534662679015803e-10,target_sparsity_reached,0,0,0.0003046769925276749,1.0,True,,0,0,2.082395682788339,0.0,0.0,0.0,0.0,0.0,0.0,0.0,4976.0,1024.0,0.0,256.0,3200.0,160.0,160.0,168.0,0.0,0.0,0.0,8.0,0.0,8.854100451571867e-05,3.2437004847452044e-05,0.0003046769925276749,0.00017395399845554493,0.00016568700084462762
17,20,gOMP,baseline,gOMP (baseline),128,256,0.5,gaussian,gaussian,clean,0.0,3.87580118630479e-30,1.9687054595100787e-15,1.0,1.0,1,0.000536608997208532,7,20.0,1.047137947187594e-14,target_sparsity_reached,0,0,0.00022215300487005152,3.0,False,,0,0,2.0823956827883396,0.0,0.0,0.0,0.0,0.0,0.0,0.0,4112.0,1024.0,2048.0,256.0,0.0,0.0,664.0,64.0,0.0,0.0,0.0,56.0,0.0,2.7153000701218843e-05,6.633999873884022e-05,0.00022215300487005152,3.9359001675620675e-05,0.0
17,20,gOMP,optimized,gOMP (optimized),128,256,0.5,gaussian,gaussian,clean,0.0,1.1700354382419099e-20,1.0816817638482725e-10,1.0,1.0,1,0.0002519390000088606,7,20.0,4.6534642810141775e-10,target_sparsity_reached,0,0,9.281099119107239e-05,3.0,True,,0,0,2.0823956827883396,0.0,0.0,0.0,0.0,0.0,0.0,0.0,1512.0,1024.0,0.0,256.0,0.0,0.0,160.0,64.0,0.0,0.0,0.0,8.0,0.0,2.3757002054480836e-05,4.8794998292578384e-05,9.281099119107239e-05,3.1094001315068454e-05,0.0
17,20,Improved-gOMP,baseline,Improved-gOMP (baseline),128,256,0.5,gaussian,gaussian,clean,0.0,5.2123588553988194e-30,2.283059100286022e-15,1.0,1.0,1,0.0032801449997350574,8,20.0,1.0776942194915175e-14,residual_tol,0,0,0.0003054859989788383,17.625,False,,0,0,2.08239568278834,1.0,1.0,1.0,1.0,1.0,1.0,0.0,4152.0,1024.0,2048.0,0.0,0.0,0.0,752.0,72.0,64.0,64.0,64.0,64.0,0.0,3.818199911620468e-05,0.0023528570054622833,0.0002541369976825081,4.71620041935239e-05,0.00017201900845975615
17,20,Improved-gOMP,optimized,Improved-gOMP (optimized),128,256,0.5,gaussian,gaussian,clean,0.0,1.1700366595823493e-20,1.081682328404393e-10,1.0,1.0,1,0.0014032360013516154,8,20.0,4.653469269517569e-10,residual_tol,0,0,0.00015943298785714433,0.0,True,,0,0,2.08239568278834,1.0,1.0,0.0,0.0,1.0,0.0,1.0,6736.0,1024.0,2048.0,0.0,3200.0,160.0,160.0,72.0,64.0,0.0,0.0,8.0,0.0,3.185399327776395e-05,0.0007597580042784102,0.00028078200193704106,4.703699960373342e-05,0.000118550997285638
18,20,OMP,baseline,OMP (baseline),128,256,0.5,gaussian,gaussian,clean,0.0,5.8810650885804955e-31,7.668810265341355e-16,1.0,1.0,1,0.0013676890011993237,20,20.0,4.120283415255948e-15,target_sparsity_reached,0,0,0.0005729430085921194,1.0,False,,0,0,1.9683323461110918,0.0,0.0,0.0,0.0,0.0,0.0,0.0,5080.0,1024.0,2048.0,0.0,0.0,0.0,1680.0,168.0,0.0,0.0,0.0,160.0,0.0,9.255000986740924e-05,0.00012059498840244487,0.0005729430085921194,0.00011974499648204073,0.0
18,20,OMP,optimized,OMP (optimized),128,256,0.5,gaussian,gaussian,clean,0.0,2.2013422798192166e-20,1.4836921108569717e-10,1.0,1.0,1,0.000621931001660414,20,20.0,5.925151343172735e-10,target_sparsity_reached,0,0,0.00023851800506236032,1.0,True,,0,0,1.9683323461110918,0.0,0.0,0.0,0.0,0.0,0.0,0.0,4976.0,1024.0,0.0,256.0,3200.0,160.0,160.0,168.0,0.0,0.0,0.0,8.0,0.0,7.734499376965687e-05,2.3018998035695404e-05,0.00023851800506236032,8.632099343230948e-05,0.00012330199388088658
18,20,gOMP,baseline,gOMP (baseline),128,256,0.5,gaussian,gaussian,clean,0.0,5.626896924167503e-31,7.501264509512715e-16,1.0,1.0,1,0.0006173000001581386,7,20.0,3.665496565409477e-15,target_sparsity_reached,0,0,0.00025665500288596377,3.0,False,,0,0,1.9683323461110929,0.0,0.0,0.0,0.0,0.0,0.0,0.0,4112.0,1024.0,2048.0,256.0,0.0,0.0,664.0,64.0,0.0,0.0,0.0,56.0,0.0,3.3230000553885475e-05,6.9862995587755e-05,0.00025665500288596377,4.853200152865611e-05,0.0
18,20,gOMP,optimized,gOMP (optimized),128,256,0.5,gaussian,gaussian,clean,0.0,2.2013485504752642e-20,1.4836942240486292e-10,1.0,1.0,1,0.00028096599999116734,7,20.0,5.925158910261449e-10,target_sparsity_reached,0,0,9.768899326445535e-05,3.0,True,,0,0,1.9683323461110929,0.0,0.0,0.0,0.0,0.0,0.0,0.0,1512.0,1024.0,0.0,256.0,0.0,0.0,160.0,64.0,0.0,0.0,0.0,8.0,0.0,2.959300036309287e-05,5.1998002163600177e-05,9.768899326445535e-05,3.2876996556296945e-05,0.0
18,20,Improved-gOMP,baseline,Improved-gOMP (baseline),128,256,0.5,gaussian,gaussian,clean,0.0,0.00150753278197458,0.038826959473728814,0.95,0.95,0,0.003329377999762073,8,20.0,0.150573242677142,target_sparsity_reached,1,1,0.0003064600059587974,17.5,False,,0,0,1.9721688615251165,1.0,1.0,1.0,1.0,1.0,1.0,0.0,4152.0,1024.0,2048.0,0.0,0.0,0.0,752.0,72.0,64.0,64.0,64.0,64.0,0.0,5.4611999075859785e-05,0.0023557950007671025,0.0002588769966678228,5.3608000598615035e-05,0.00018081700545735657
18,20,Improved-gOMP,optimized,Improved-gOMP (optimized),128,256,0.5,gaussian,gaussian,clean,0.0,2.2013444584834545e-20,1.4836928450604103e-10,1.0,1.0,1,0.0014216599993233103,8,20.0,5.925153038891469e-10,residual_tol,0,0,0.00015823600551811978,0.0,True,,0,0,1.9683323461110929,1.0,1.0,0.0,0.0,1.0,0.0,1.0,6736.0,1024.0,2048.0,0.0,3200.0,160.0,160.0,72.0,64.0,0.0,0.0,8.0,0.0,3.848900814773515e-05,0.0007437870044668671,0.0002787379999062978,6.987399683566764e-05,0.00011997700130450539
19,20,OMP,baseline,OMP (baseline),128,256,0.5,gaussian,gaussian,clean,0.0,9.187355956134386e-31,9.585069616927352e-16,1.0,1.0,1,0.001314189998083748,20,20.0,5.7375296481962065e-15,target_sparsity_reached,0,0,0.0005591210028796922,1.0,False,,0,0,2.111664466852902,0.0,0.0,0.0,0.0,0.0,0.0,0.0,5080.0,1024.0,2048.0,0.0,0.0,0.0,1680.0,168.0,0.0,0.0,0.0,160.0,0.0,7.819300662958995e-05,0.00011644900951068848,0.0005591210028796922,0.00011013001494575292,0.0
19,20,OMP,optimized,OMP (optimized),128,256,0.5,gaussian,gaussian,clean,0.0,2.009486209027935e-20,1.4175634761900205e-10,1.0,1.0,1,0.0006431250003515743,20,20.0,6.633027311026783e-10,target_sparsity_reached,0,0,0.00024720899818930775,1.0,True,,0,0,2.111664466852902,0.0,0.0,0.0,0.0,0.0,0.0,0.0,4976.0,1024.0,0.0,256.0,3200.0,160.0,160.0,168.0,0.0,0.0,0.0,8.0,0.0,6.458300049416721e-05,2.4406996089965105e-05,0.00024720899818930775,9.016599142341875e-05,0.00014027299039298669
19,20,gOMP,baseline,gOMP (baseline),128,256,0.5,gaussian,gaussian,clean,0.0,5.91594694743882e-05,0.007691519321589734,0.95,0.95,0,0.0005356030014809221,7,20.0,0.0347104836175425,target_sparsity_reached,1,1,0.00022245400032261387,3.0,False,,0,0,2.0870579195624583,0.0,0.0,0.0,0.0,0.0,0.0,0.0,4112.0,1024.0,2048.0,256.0,0.0,0.0,664.0,64.0,0.0,0.0,0.0,56.0,0.0,2.55799968726933e-05,6.731400571879931e-05,0.00022245400032261387,3.887700222549029e-05,0.0
19,20,gOMP,optimized,gOMP (optimized),128,256,0.5,gaussian,gaussian,clean,0.0,5.915946983606502e-05,0.007691519345101137,0.95,0.95,0,0.0002692649977689143,7,20.0,0.03471048361754243,target_sparsity_reached,1,1,0.00010485799430171028,3.0,True,,0,0,2.0870579195624583,0.0,0.0,0.0,0.0,0.0,0.0,0.0,1512.0,1024.0,0.0,256.0,0.0,0.0,160.0,64.0,0.0,0.0,0.0,8.0,0.0,2.3735003196634352e-05,5.180799780646339e-05,0.00010485799430171028,3.453199678915553e-05,0.0
19,20,Improved-gOMP,baseline,Improved-gOMP (baseline),128,256,0.5,gaussian,gaussian,clean,0.0,1.6732858710630732e-30,1.2935555152613564e-15,1.0,1.0,1,0.0031613140017725527,8,20.0,7.422109621734805e-15,residual_tol,0,0,0.0003136850027658511,17.5,False,,0,0,2.1116644668529014,1.0,1.0,1.0,1.0,1.0,1.0,0.0,4152.0,1024.0,2048.0,0.0,0.0,0.0,752.0,72.0,64.0,64.0,64.0,64.0,0.0,3.635399480117485e-05,0.002243675997306127,0.0002565549984865356,4.7875008021946996e-05,0.0001811339934647549
19,20,Improved-gOMP,optimized,Improved-gOMP (optimized),128,256,0.5,gaussian,gaussian,clean,0.0,2.0094882037394844e-20,1.4175641797602972e-10,1.0,1.0,1,0.0015425189994857647,8,20.0,6.633029891115952e-10,residual_tol,0,0,0.00016615500499028713,0.0,True,,0,0,2.111664466852901,1.0,1.0,0.0,0.0,1.0,0.0,1.0,6736.0,1024.0,2048.0,0.0,3200.0,160.0,160.0,72.0,64.0,0.0,0.0,8.0,0.0,3.850899884128012e-05,0.0007927409969852306,0.0002923480024037417,9.860899444902316e-05,0.0001202810053655412
20,20,OMP,baseline,OMP (baseline),128,256,0.5,gaussian,gaussian,clean,0.0,1.686287025313901e-30,1.2985711475748648e-15,1.0,1.0,1,0.0013045739979133941,20,20.0,5.853689103899673e-15,target_sparsity_reached,0,0,0.0005274359937175177,1.0,False,,0,0,2.1468424372421757,0.0,0.0,0.0,0.0,0.0,0.0,0.0,5080.0,1024.0,2048.0,0.0,0.0,0.0,1680.0,168.0,0.0,0.0,0.0,160.0,0.0,8.687700756127015e-05,0.00011038800221285783,0.0005274359937175177,0.00013428698002826422,0.0
20,20,OMP,optimized,OMP (optimized),128,256,0.5,gaussian,gaussian,clean,0.0,1.4791399158274328e-20,1.2161989622703322e-10,1.0,1.0,1,0.0006167940009618178,20,20.0,4.4034024861420967e-10,target_sparsity_reached,0,0,0.00023628601047676057,1.0,True,,0,0,2.1468424372421757,0.0,0.0,0.0,0.0,0.0,0.0,0.0,4976.0,1024.0,0.0,256.0,3200.0,160.0,160.0,168.0,0.0,0.0,0.0,8.0,0.0,7.594098497065715e-05,2.1789008314954117e-05,0.00023628601047676057,8.567301119910553e-05,0.00012381099804770201
20,20,gOMP,baseline,gOMP (baseline),128,256,0.5,gaussian,gaussian,clean,0.0,2.7199841011110052e-05,0.00521534668177582,0.95,0.95,0,0.0005546119973587338,7,20.0,0.018004728067234778,target_sparsity_reached,1,1,0.00022956599786994047,3.0,False,,0,0,2.143591165337705,0.0,0.0,0.0,0.0,0.0,0.0,0.0,4112.0,1024.0,2048.0,256.0,0.0,0.0,664.0,64.0,0.0,0.0,0.0,56.0,0.0,2.9746996005997062e-05,6.441800360335037e-05,0.00022956599786994047,4.48769933427684e-05,0.0
20,20,gOMP,optimized,gOMP (optimized),128,256,0.5,gaussian,gaussian,clean,0.0,2.7199841114558023e-05,0.00521534669169347,0.95,0.95,0,0.0002751540014287457,7,20.0,0.018004728067234806,target_sparsity_reached,1,1,0.00010334900071029551,3.0,True,,0,0,2.143591165337705,0.0,0.0,0.0,0.0,0.0,0.0,0.0,1512.0,1024.0,0.0,256.0,0.0,0.0,160.0,64.0,0.0,0.0,0.0,8.0,0.0,2.851399767678231e-05,5.232699913904071e-05,0.00010334900071029551,3.5018001653952524e-05,0.0
20,20,Improved-gOMP,baseline,Improved-gOMP (baseline),128,256,0.5,gaussian,gaussian,clean,0.0,1.907003191835369e-30,1.380942863349302e-15,1.0,1.0,1,0.00391680900065694,8,20.0,5.7722631066278215e-15,residual_tol,0,0,0.0002978829979838338,17.375,False,,0,0,2.350047456580057,1.0,1.0,1.0,1.0,1.0,1.0,0.0,4192.0,1024.0,2048.0,0.0,0.0,0.0,792.0,72.0,64.0,64.0,64.0,64.0,0.0,4.6476001443807036e-05,0.002742445001786109,0.00025756000104593113,5.303800571709871e-05,0.0004104250001546461
20,20,Improved-gOMP,optimized,Improved-gOMP (optimized),128,256,0.5,gaussian,gaussian,clean,0.0,1.4791376100787042e-20,1.216198014337593e-10,1.0,1.0,1,0.0017879379993246403,8,20.0,4.4034013532563566e-10,residual_tol,0,0,0.00016956299805315211,0.0,True,,0,0,2.146842437242175,1.0,1.0,0.0,0.0,1.0,0.0,1.0,6736.0,1024.0,2048.0,0.0,3200.0,160.0,160.0,72.0,64.0,0.0,0.0,8.0,0.0,3.700800152728334e-05,0.0008117889992718119,0.0002893699966080021,5.316700116964057e-05,0.000420082997152349
21,20,OMP,baseline,OMP (baseline),128,256,0.5,gaussian,gaussian,clean,0.0,9.768207413497348e-31,9.883424211019858e-16,1.0,1.0,1,0.0013344859980861656,20,20.0,4.0568146926214744e-15,target_sparsity_reached,0,0,0.000549687996681314,1.0,False,,0,0,2.193512099980914,0.0,0.0,0.0,0.0,0.0,0.0,0.0,5080.0,1024.0,2048.0,0.0,0.0,0.0,1680.0,168.0,0.0,0.0,0.0,160.0,0.0,8.186899503925815e-05,0.00012036599946441129,0.000549687996681314,0.00011409801300032996,0.0
21,20,OMP,optimized,OMP (optimized),128,256,0.5,gaussian,gaussian,clean,0.0,1.541915276339999e-20,1.2417388116427702e-10,1.0,1.0,1,0.0006071079988032579,20,20.0,4.4688038252197675e-10,target_sparsity_reached,0,0,0.00023609400159330107,1.0,True,,0,0,2.193512099980914,0.0,0.0,0.0,0.0,0.0,0.0,0.0,4976.0,1024.0,0.0,256.0,3200.0,160.0,160.0,168.0,0.0,0.0,0.0,8.0,0.0,6.385499727912247e-05,2.2459007595898584e-05,0.00023609400159330107,8.665400673635304e-05,0.00012494299880927429
21,20,gOMP,baseline,gOMP (baseline),128,256,0.5,gaussian,gaussian,clean,0.0,2.1996035161374894e-05,0.004689993087561526,0.95,0.95,0,0.000557727998966584,7,20.0,0.01628518346767089,target_sparsity_reached,1,1,0.0002329989983991254,3.0,False,,0,0,2.2168594637884325,0.0,0.0,0.0,0.0,0.0,0.0,0.0,4112.0,1024.0,2048.0,256.0,0.0,0.0,664.0,64.0,0.0,0.0,0.0,56.0,0.0,2.7072994271293283e-05,6.492699685622938e-05,0.0002329989983991254,4.097599594388157e-05,0.0
21,20,gOMP,optimized,gOMP (optimized),128,256,0.5,gaussian,gaussian,clean,0.0,2.1996035041336322e-05,0.004689993074764218,0.95,0.95,0,0.0002842699977918528,7,20.0,0.01628518346767096,target_sparsity_reached,1,1,0.00011029000233975239,3.0,True,,0,0,2.2168594637884325,0.0,0.0,0.0,0.0,0.0,0.0,0.0,1512.0,1024.0,0.0,256.0,0.0,0.0,160.0,64.0,0.0,0.0,0.0,8.0,0.0,2.482900526956655e-05,5.4575993999606e-05,0.00011029000233975239,3.612300133681856e-05,0.0
21,20,Improved-gOMP,baseline,Improved-gOMP (baseline),128,256,0.5,gaussian,gaussian,clean,0.0,1.5328050685971746e-30,1.2380650502284501e-15,1.0,1.0,1,0.003778783000598196,8,20.0,5.36286725490871e-15,residual_tol,0,0,0.00031351400684798136,18.0,False,,0,0,2.193512099980914,1.0,1.0,1.0,1.0,1.0,1.0,0.0,4192.0,1024.0,2048.0,0.0,0.0,0.0,792.0,72.0,64.0,64.0,64.0,64.0,0.0,3.664700125227682e-05,0.002587418999610236,0.0002620790073706303,4.7275003453250974e-05,0.0004376219912956003
21,20,Improved-gOMP,optimized,Improved-gOMP (optimized),128,256,0.5,gaussian,gaussian,clean,0.0,1.541915753429327e-20,1.2417390037481011e-10,1.0,1.0,1,0.00138708699887502,8,20.0,4.468805357454456e-10,residual_tol,0,0,0.00015869700291659683,0.0,True,,0,0,2.193512099980914,1.0,1.0,0.0,0.0,1.0,0.0,1.0,6736.0,1024.0,2048.0,0.0,3200.0,160.0,160.0,72.0,64.0,0.0,0.0,8.0,0.0,3.197900150553323e-05,0.0007377349975286052,0.0002774440035864245,4.6050008677411824e-05,0.0001138199950219132
22,20,OMP,baseline,OMP (baseline),128,256,0.5,gaussian,gaussian,clean,0.0,2.9680635340263134e-30,1.7228068765901514e-15,1.0,1.0,1,0.0015160210023168474,20,20.0,8.161423946315468e-15,target_sparsity_reached,0,0,0.0006166940038383473,1.0,False,,0,0,1.9225651009131877,0.0,0.0,0.0,0.0,0.0,0.0,0.0,5080.0,1024.0,2048.0,0.0,0.0,0.0,1680.0,168.0,0.0,0.0,0.0,160.0,0.0,0.00011985200762865134,0.0001344479896943085,0.0006166940038383473,0.00013939498603576794,0.0
22,20,OMP,optimized,OMP (optimized),128,256,0.5,gaussian,gaussian,clean,0.0,1.3117269046545826e-20,1.1453064675686514e-10,1.0,1.0,1,0.0007337530005315784,20,20.0,4.5835187920119083e-10,target_sparsity_reached,0,0,0.0002812019956763834,1.0,True,,0,0,1.9225651009131877,0.0,0.0,0.0,0.0,0.0,0.0,0.0,4976.0,1024.0,0.0,256.0,3200.0,160.0,160.0,168.0,0.0,0.0,0.0,8.0,0.0,8.88739996298682e-05,2.6270001399097964e-05,0.0002812019956763834,0.00010039300468633883,0.0001543910002510529
22,20,gOMP,baseline,gOMP (baseline),128,256,0.5,gaussian,gaussian,clean,0.0,3.526674611200637e-30,1.8779442513558905e-15,1.0,1.0,1,0.000546666000445839,7,20.0,8.047906269680448e-15,target_sparsity_reached,0,0,0.0002275139995617792,3.0,False,,0,0,1.922565100913187,0.0,0.0,0.0,0.0,0.0,0.0,0.0,4112.0,1024.0,2048.0,256.0,0.0,0.0,664.0,64.0,0.0,0.0,0.0,56.0,0.0,3.0627001251559705e-05,6.570500045199879e-05,0.0002275139995617792,4.217500099912286e-05,0.0
22,20,gOMP,optimized,gOMP (optimized),128,256,0.5,gaussian,gaussian,clean,0.0,1.3117225715913825e-20,1.1453045759060697e-10,1.0,1.0,1,0.0002679069984878879,7,20.0,4.583511173939368e-10,target_sparsity_reached,0,0,9.074300396605395e-05,3.0,True,,0,0,1.922565100913187,0.0,0.0,0.0,0.0,0.0,0.0,0.0,1512.0,1024.0,0.0,256.0,0.0,0.0,160.0,64.0,0.0,0.0,0.0,8.0,0.0,2.7770001906901598e-05,4.910800271318294e-05,9.074300396605395e-05,3.0720006179763004e-05,0.0
22,20,Improved-gOMP,baseline,Improved-gOMP (baseline),128,256,0.5,gaussian,gaussian,clean,0.0,1.7016803783133653e-30,1.3044847175468808e-15,1.0,1.0,1,0.0032437110021419358,8,20.0,5.7445639652608294e-15,residual_tol,0,0,0.00029247699785628356,17.625,False,,0,0,1.9225651009131874,1.0,1.0,1.0,1.0,1.0,1.0,0.0,4152.0,1024.0,2048.0,0.0,0.0,0.0,752.0,72.0,64.0,64.0,64.0,64.0,0.0,4.494399399845861e-05,0.0023053259974403773,0.00024488699637004174,5.179899380891584e-05,0.0001573959998495411
22,20,Improved-gOMP,optimized,Improved-gOMP (optimized),128,256,0.5,gaussian,gaussian,clean,0.0,1.3117261029683253e-20,1.1453061175809397e-10,1.0,1.0,1,0.001961366997420555,8,20.0,4.5835172216170473e-10,residual_tol,0,0,0.0003131100020254962,0.0,True,,0,0,1.922565100913188,1.0,1.0,0.0,0.0,1.0,0.0,1.0,6736.0,1024.0,2048.0,0.0,3200.0,160.0,160.0,72.0,64.0,0.0,0.0,8.0,0.0,3.9671002014074475e-05,0.0007931979998829775,0.0004037139988213312,6.576099985977635e-05,0.00044313199759926647
23,20,OMP,baseline,OMP (baseline),128,256,0.5,gaussian,gaussian,clean,0.0,2.1109658308182514e-30,1.4529163192759076e-15,1.0,1.0,1,0.0014197389973560348,20,20.0,8.724607150654966e-15,target_sparsity_reached,0,0,0.0005946850033069495,1.0,False,,0,0,2.096769251875051,0.0,0.0,0.0,0.0,0.0,0.0,0.0,5080.0,1024.0,2048.0,0.0,0.0,0.0,1680.0,168.0,0.0,0.0,0.0,160.0,0.0,8.753799556870945e-05,0.000132771998323733,0.0005946850033069495,0.00012437700934242457,0.0
23,20,OMP,optimized,OMP (optimized),128,256,0.5,gaussian,gaussian,clean,0.0,1.7748102760213608e-20,1.3322200554042718e-10,1.0,1.0,1,0.00061949999872013,20,20.0,5.639079711961186e-10,target_sparsity_reached,0,0,0.00024193800709326752,1.0,True,,0,0,2.096769251875051,0.0,0.0,0.0,0.0,0.0,0.0,0.0,4976.0,1024.0,0.0,256.0,3200.0,160.0,160.0,168.0,0.0,0.0,0.0,8.0,0.0,6.518600275740027e-05,2.3912016331451014e-05,0.00024193800709326752,8.620300286565907e-05,0.0001279199968848843
23,20,gOMP,baseline,gOMP (baseline),128,256,0.5,gaussian,gaussian,clean,0.0,2.4232424836186976e-30,1.5566767434566168e-15,1.0,1.0,1,0.0005176049999136012,7,20.0,8.509341879936148e-15,target_sparsity_reached,0,0,0.00021744900004705414,3.0,False,,0,0,2.096769251875051,0.0,0.0,0.0,0.0,0.0,0.0,0.0,4112.0,1024.0,2048.0,256.0,0.0,0.0,664.0,64.0,0.0,0.0,0.0,56.0,0.0,2.469399623805657e-05,6.183300138218328e-05,0.00021744900004705414,3.7347002944443375e-05,0.0
23,20,gOMP,optimized,gOMP (optimized),128,256,0.5,gaussian,gaussian,clean,0.0,1.7748049014439765e-20,1.3322180382519884e-10,1.0,1.0,1,0.00024922500233515166,7,20.0,5.639069920848102e-10,target_sparsity_reached,0,0,9.111399776884355e-05,3.0,True,,0,0,2.096769251875051,0.0,0.0,0.0,0.0,0.0,0.0,0.0,1512.0,1024.0,0.0,256.0,0.0,0.0,160.0,64.0,0.0,0.0,0.0,8.0,0.0,2.3849002900533378e-05,4.7342000470962375e-05,9.111399776884355e-05,3.10869982058648e-05,0.0
23,20,Improved-gOMP,baseline,Improved-gOMP (baseline),128,256,0.5,gaussian,gaussian,clean,0.0,2.1607261558581053e-30,1.4699408681501802e-15,1.0,1.0,1,0.004621842999767978,9,20.0,8.302974441913588e-15,residual_tol,0,0,0.0003931599967472721,16.444444444444443,False,,0,0,2.0967692518750503,1.0,1.0,1.0,1.0,1.0,1.0,0.0,4304.0,1024.0,2048.0,0.0,0.0,0.0,864.0,80.0,72.0,72.0,72.0,72.0,0.0,4.577900472213514e-05,0.0032103749981615692,0.0003550770088622812,6.500699964817613e-05,0.0004310790027375333
23,20,Improved-gOMP,optimized,Improved-gOMP (optimized),128,256,0.5,gaussian,gaussian,clean,0.0,1.7748122397008637e-20,1.3322207923992417e-10,1.0,1.0,1,0.0018602540003485046,9,20.0,5.639082362307334e-10,residual_tol,0,0,0.0001875160014606081,0.0,True,,0,0,2.0967692518750503,1.0,1.0,0.0,0.0,1.0,0.0,1.0,6752.0,1024.0,2048.0,0.0,3200.0,160.0,160.0,80.0,72.0,0.0,0.0,8.0,0.0,3.617800393840298e-05,0.0008238069967774209,0.00037609899663948454,5.7274002756457776e-05,0.00037983100628480315
24,20,OMP,baseline,OMP (baseline),128,256,0.5,gaussian,gaussian,clean,0.0,1.4640193599116749e-30,1.2099666771906054e-15,1.0,1.0,1,0.0014972329990996514,20,20.0,5.458625725364872e-15,target_sparsity_reached,0,0,0.0006137450000096578,1.0,False,,0,0,2.0630573914701626,0.0,0.0,0.0,0.0,0.0,0.0,0.0,5080.0,1024.0,2048.0,0.0,0.0,0.0,1680.0,168.0,0.0,0.0,0.0,160.0,0.0,0.00010240700066788122,0.00014683700283057988,0.0006137450000096578,0.00013912100257584825,0.0
24,20,OMP,optimized,OMP (optimized),128,256,0.5,gaussian,gaussian,clean,0.0,1.8865939891824776e-20,1.373533395728869e-10,1.0,1.0,1,0.0006488210019597318,20,20.0,4.991376365633043e-10,target_sparsity_reached,0,0,0.00024253900483017787,1.0,True,,0,0,2.0630573914701626,0.0,0.0,0.0,0.0,0.0,0.0,0.0,4976.0,1024.0,0.0,256.0,3200.0,160.0,160.0,168.0,0.0,0.0,0.0,8.0,0.0,8.267301382147707e-05,2.305899397470057e-05,0.00024253900483017787,8.962100400822237e-05,0.000136034006573027
24,20,gOMP,baseline,gOMP (baseline),128,256,0.5,gaussian,gaussian,clean,0.0,2.8870820139488318e-05,0.0053731573715543,0.9,0.9,0,0.000603856002271641,7,20.0,0.020989123598949843,target_sparsity_reached,2,2,0.00023753499772283249,3.0,False,,0,0,2.127350221898935,0.0,0.0,0.0,0.0,0.0,0.0,0.0,4112.0,1024.0,2048.0,256.0,0.0,0.0,664.0,64.0,0.0,0.0,0.0,56.0,0.0,3.613601074903272e-05,7.114399340935051e-05,0.00023753499772283249,5.1431998144835234e-05,0.0
24,20,gOMP,optimized,gOMP (optimized),128,256,0.5,gaussian,gaussian,clean,0.0,2.8870819977307157e-05,0.005373157356462507,0.9,0.9,0,0.0002740659983828664,7,20.0,0.020989123598949822,target_sparsity_reached,2,2,9.857499753707089e-05,3.0,True,,0,0,2.127350221898935,0.0,0.0,0.0,0.0,0.0,0.0,0.0,1512.0,1024.0,0.0,256.0,0.0,0.0,160.0,64.0,0.0,0.0,0.0,8.0,0.0,3.06089932564646e-05,5.296100425766781e-05,9.857499753707089e-05,3.2047999411588535e-05,0.0
24,20,Improved-gOMP,baseline,Improved-gOMP (baseline),128,256,0.5,gaussian,gaussian,clean,0.0,4.736342971513897e-06,0.002176314079243595,0.95,0.95,0,0.004703440001321724,8,20.0,0.008289106968975982,target_sparsity_reached,1,1,0.00036097599513595924,18.0,False,,0,0,2.1512037057641393,1.0,1.0,1.0,1.0,1.0,1.0,0.0,4192.0,1024.0,2048.0,0.0,0.0,0.0,792.0,72.0,64.0,64.0,64.0,64.0,0.0,0.00010170099994866177,0.0033005260047502816,0.000316120007482823,5.85409979976248e-05,0.00043304300925228745
24,20,Improved-gOMP,optimized,Improved-gOMP (optimized),128,256,0.5,gaussian,gaussian,clean,0.0,4.770548109055233e-06,0.0021841584441279057,0.95,0.95,0,0.0018417709979985375,8,20.0,0.008277283227435279,target_sparsity_reached,1,1,0.00017369300985592417,0.0,True,,0,0,2.1922756746681396,1.0,1.0,0.0,0.0,1.0,0.0,1.0,6736.0,1024.0,2048.0,0.0,3200.0,160.0,160.0,72.0,64.0,0.0,0.0,8.0,0.0,3.7244004488456994e-05,0.000802929003839381,0.00029977100348332897,5.250699905445799e-05,0.0004802719995495863
25,20,OMP,baseline,OMP (baseline),128,256,0.5,gaussian,gaussian,clean,0.0,7.062918739453654e-31,8.404117288242504e-16,1.0,1.0,1,0.0014082230009080376,20,20.0,3.9475171656411534e-15,target_sparsity_reached,0,0,0.0005732360004913062,1.0,False,,0,0,2.28601710891247,0.0,0.0,0.0,0.0,0.0,0.0,0.0,5080.0,1024.0,2048.0,0.0,0.0,0.0,1680.0,168.0,0.0,0.0,0.0,160.0,0.0,8.148898996296339e-05,0.000121442000818206,0.0005732360004913062,0.00012142201012466103,0.0
25,20,OMP,optimized,OMP (optimized),128,256,0.5,gaussian,gaussian,clean,0.0,1.5481209933525016e-20,1.2442351037293962e-10,1.0,1.0,1,0.000632922998192953,20,20.0,4.718941922058081e-10,target_sparsity_reached,0,0,0.00024319300428032875,1.0,True,,0,0,2.28601710891247,0.0,0.0,0.0,0.0,0.0,0.0,0.0,4976.0,1024.0,0.0,256.0,3200.0,160.0,160.0,168.0,0.0,0.0,0.0,8.0,0.0,6.583100548596121e-05,2.3658998543396592e-05,0.00024319300428032875,8.739400072954595e-05,0.000128391995531274
25,20,gOMP,baseline,gOMP (baseline),128,256,0.5,gaussian,gaussian,clean,0.0,8.507536992911785e-31,9.223631059898148e-16,1.0,1.0,1,0.0005573330017796252,7,20.0,4.2214943990729124e-15,target_sparsity_reached,0,0,0.00023530500038759783,3.0,False,,0,0,2.2860171089124703,0.0,0.0,0.0,0.0,0.0,0.0,0.0,4112.0,1024.0,2048.0,256.0,0.0,0.0,664.0,64.0,0.0,0.0,0.0,56.0,0.0,2.718700488912873e-05,6.610299897147343e-05,0.00023530500038759783,4.1032006265595555e-05,0.0
25,20,gOMP,optimized,gOMP (optimized),128,256,0.5,gaussian,gaussian,clean,0.0,1.5481260695672354e-20,1.2442371436214381e-10,1.0,1.0,1,0.0002643890002218541,7,20.0,4.718946136684107e-10,target_sparsity_reached,0,0,9.392299762112089e-05,3.0,True,,0,0,2.2860171089124703,0.0,0.0,0.0,0.0,0.0,0.0,0.0,1512.0,1024.0,0.0,256.0,0.0,0.0,160.0,64.0,0.0,0.0,0.0,8.0,0.0,2.4590004613855854e-05,5.0208003813168034e-05,9.392299762112089e-05,3.5784003557637334e-05,0.0
25,20,Improved-gOMP,baseline,Improved-gOMP (baseline),128,256,0.5,gaussian,gaussian,clean,0.0,0.00047097644817106126,0.02170199180193056,0.95,0.95,0,0.003403859998797998,8,20.0,0.08640886509699662,target_sparsity_reached,1,1,0.0003412169899092987,17.5,False,,0,0,2.319515008225165,1.0,1.0,1.0,1.0,1.0,1.0,0.0,4152.0,1024.0,2048.0,0.0,0.0,0.0,752.0,72.0,64.0,64.0,64.0,64.0,0.0,4.2414001654833555e-05,0.0023894959995232057,0.00029069599622744136,5.7094999647233635e-05,0.00017777400353224948
25,20,Improved-gOMP,optimized,Improved-gOMP (optimized),128,256,0.5,gaussian,gaussian,clean,0.0,1.5481233572861374e-20,1.2442360536835994e-10,1.0,1.0,1,0.0014865770026517566,8,20.0,4.718943934051768e-10,residual_tol,0,0,0.00016780100486357696,0.0,True,,0,0,2.2860171089124703,1.0,1.0,0.0,0.0,1.0,0.0,1.0,6736.0,1024.0,2048.0,0.0,3200.0,160.0,160.0,72.0,64.0,0.0,0.0,8.0,0.0,3.1900992325972766e-05,0.0008079859944700729,0.0002913749995059334,4.836200241697952e-05,0.0001327339923591353
26,20,OMP,baseline,OMP (baseline),128,256,0.5,gaussian,gaussian,clean,0.0,1.3384835984914865e-30,1.156928519179766e-15,1.0,1.0,1,0.0012718399993900675,20,20.0,7.556226072950801e-15,target_sparsity_reached,0,0,0.0005348000086087268,1.0,False,,0,0,1.9778364444472527,0.0,0.0,0.0,0.0,0.0,0.0,0.0,5080.0,1024.0,2048.0,0.0,0.0,0.0,1680.0,168.0,0.0,0.0,0.0,160.0,0.0,8.635101039544679e-05,0.00011059699318138883,0.0005348000086087268,0.00011472700498416089,0.0
26,20,OMP,optimized,OMP (optimized),128,256,0.5,gaussian,gaussian,clean,0.0,1.2640733177735404e-20,1.1243101519480913e-10,1.0,1.0,1,0.000683477999700699,20,20.0,5.933583977979068e-10,target_sparsity_reached,0,0,0.00025695401200209744,1.0,True,,0,0,1.9778364444472527,0.0,0.0,0.0,0.0,0.0,0.0,0.0,4976.0,1024.0,0.0,256.0,3200.0,160.0,160.0,168.0,0.0,0.0,0.0,8.0,0.0,7.75480002630502e-05,3.773599746637046e-05,0.00025695401200209744,9.956400754163042e-05,0.00013444601063383743
26,20,gOMP,baseline,gOMP (baseline),128,256,0.5,gaussian,gaussian,clean,0.0,1.7402710431194717e-30,1.319193330455954e-15,1.0,1.0,1,0.0012130510003771633,7,20.0,7.654804593978396e-15,target_sparsity_reached,0,0,0.0004040079984406475,3.0,False,,0,0,1.9778364444472534,0.0,0.0,0.0,0.0,0.0,0.0,0.0,4112.0,1024.0,2048.0,256.0,0.0,0.0,664.0,64.0,0.0,0.0,0.0,56.0,0.0,9.220000356435776e-05,0.0002009390009334311,0.0004040079984406475,9.480501103098504e-05,0.0
26,20,gOMP,optimized,gOMP (optimized),128,256,0.5,gaussian,gaussian,clean,0.0,1.2640787640039659e-20,1.1243125739775242e-10,1.0,1.0,1,0.00030273500306066126,7,20.0,5.933595907866819e-10,target_sparsity_reached,0,0,0.00011424300100770779,3.0,True,,0,0,1.9778364444472534,0.0,0.0,0.0,0.0,0.0,0.0,0.0,1512.0,1024.0,0.0,256.0,0.0,0.0,160.0,64.0,0.0,0.0,0.0,8.0,0.0,3.331700281705707e-05,5.638200309476815e-05,0.00011424300100770779,3.512399780447595e-05,0.0
26,20,Improved-gOMP,baseline,Improved-gOMP (baseline),128,256,0.5,gaussian,gaussian,clean,0.0,0.000681026325295534,0.026096481090283685,0.95,0.95,0,0.0034012449978035875,8,20.0,0.1400750428706034,target_sparsity_reached,1,1,0.0002946699969470501,16.875,False,,0,0,1.948223739377655,1.0,1.0,1.0,1.0,1.0,1.0,0.0,4152.0,1024.0,2048.0,0.0,0.0,0.0,752.0,72.0,64.0,64.0,64.0,64.0,0.0,4.5912998757557943e-05,0.0024726049960008822,0.0002469710016157478,4.976400305167772e-05,0.00015761200484121218
26,20,Improved-gOMP,optimized,Improved-gOMP (optimized),128,256,0.5,gaussian,gaussian,clean,0.0,1.26407534888731e-20,1.1243110552188437e-10,1.0,1.0,1,0.001493892999860691,8,20.0,5.933589266783905e-10,residual_tol,0,0,0.00017174100139527582,0.0,True,,0,0,1.9778364444472527,1.0,1.0,0.0,0.0,1.0,0.0,1.0,6736.0,1024.0,2048.0,0.0,3200.0,160.0,160.0,72.0,64.0,0.0,0.0,8.0,0.0,4.2381991079309955e-05,0.0007955710025271401,0.0002963820043078158,5.428200893220492e-05,0.0001293259992962703
27,20,OMP,baseline,OMP (baseline),128,256,0.5,gaussian,gaussian,clean,0.0,1.4631680069227643e-30,1.2096148175856497e-15,1.0,1.0,1,0.0013125559999025427,20,20.0,4.564774770821201e-15,target_sparsity_reached,0,0,0.0005676320070051588,1.0,False,,0,0,2.255083778546713,0.0,0.0,0.0,0.0,0.0,0.0,0.0,5080.0,1024.0,2048.0,0.0,0.0,0.0,1680.0,168.0,0.0,0.0,0.0,160.0,0.0,7.523699969169684e-05,0.00010989298971253447,0.0005676320070051588,0.00011515999722178094,0.0
27,20,OMP,optimized,OMP (optimized),128,256,0.5,gaussian,gaussian,clean,0.0,2.90108316581382e-20,1.7032566353353272e-10,1.0,1.0,1,0.0006175239977892488,20,20.0,5.706210150295684e-10,target_sparsity_reached,0,0,0.00024123000548570417,1.0,True,,0,0,2.255083778546713,0.0,0.0,0.0,0.0,0.0,0.0,0.0,4976.0,1024.0,0.0,256.0,3200.0,160.0,160.0,168.0,0.0,0.0,0.0,8.0,0.0,6.546599615830928e-05,2.6793004508363083e-05,0.00024123000548570417,8.662800246383995e-05,0.0001246900028490927
27,20,gOMP,baseline,gOMP (baseline),128,256,0.5,gaussian,gaussian,clean,0.0,1.5653985742573665e-30,1.251158892490225e-15,1.0,1.0,1,0.0005557859985856339,7,20.0,5.1852370420759154e-15,target_sparsity_reached,0,0,0.00024247600231319666,3.0,False,,0,0,2.255083778546713,0.0,0.0,0.0,0.0,0.0,0.0,0.0,4112.0,1024.0,2048.0,256.0,0.0,0.0,664.0,64.0,0.0,0.0,0.0,56.0,0.0,2.612999378470704e-05,6.135899820947088e-05,0.00024247600231319666,4.108600478502922e-05,0.0
27,20,gOMP,optimized,gOMP (optimized),128,256,0.5,gaussian,gaussian,clean,0.0,2.901089282465399e-20,1.703258430909825e-10,1.0,1.0,1,0.0002707290004764218,7,20.0,5.706215676893547e-10,target_sparsity_reached,0,0,0.00010016400119639002,3.0,True,,0,0,2.255083778546713,0.0,0.0,0.0,0.0,0.0,0.0,0.0,1512.0,1024.0,0.0,256.0,0.0,0.0,160.0,64.0,0.0,0.0,0.0,8.0,0.0,2.4386998120462522e-05,5.2732997573912144e-05,0.00010016400119639002,3.273500260547735e-05,0.0
27,20,Improved-gOMP,baseline,Improved-gOMP (baseline),128,256,0.5,gaussian,gaussian,clean,0.0,0.0019404090863709164,0.044050074760105876,0.95,0.95,0,0.004003858000942273,8,20.0,0.15818818567315518,target_sparsity_reached,1,1,0.0003549659995769616,17.875,False,,0,0,2.191069684645567,1.0,1.0,1.0,1.0,1.0,1.0,0.0,4152.0,1024.0,2048.0,0.0,0.0,0.0,752.0,72.0,64.0,64.0,64.0,64.0,0.0,9.668999700807035e-05,0.0028857540019089356,0.00030322499878820963,5.3763000323669985e-05,0.00021442400247906335
27,20,Improved-gOMP,optimized,Improved-gOMP (optimized),128,256,0.5,gaussian,gaussian,clean,0.0,2.901084944651028e-20,1.7032571575223242e-10,1.0,1.0,1,0.0017349260015180334,8,20.0,5.706211808217616e-10,residual_tol,0,0,0.00019934400188503787,0.0,True,,0,0,2.255083778546713,1.0,1.0,0.0,0.0,1.0,0.0,1.0,6736.0,1024.0,2048.0,0.0,3200.0,160.0,160.0,72.0,64.0,0.0,0.0,8.0,0.0,5.0359998567728326e-05,0.0008632870012661442,0.0003217569974367507,0.00012760500248987228,0.00015793300190125592
28,20,OMP,baseline,OMP (baseline),128,256,0.5,gaussian,gaussian,clean,0.0,1.9075890555702876e-30,1.3811549715981504e-15,1.0,1.0,1,0.0017042030012817122,20,20.0,5.238916594252118e-15,target_sparsity_reached,0,0,0.0006599910084332805,1.0,False,,0,0,1.9228297764152407,0.0,0.0,0.0,0.0,0.0,0.0,0.0,5080.0,1024.0,2048.0,0.0,0.0,0.0,1680.0,168.0,0.0,0.0,0.0,160.0,0.0,0.00010641500557539985,0.0002527209981053602,0.0006599910084332805,0.00015893099043751135,0.0
28,20,OMP,optimized,OMP (optimized),128,256,0.5,gaussian,gaussian,clean,0.0,1.536865468348307e-20,1.2397037825014116e-10,1.0,1.0,1,0.0006546680015162565,20,20.0,4.277275474145543e-10,target_sparsity_reached,0,0,0.00024523300453438424,1.0,True,,0,0,1.9228297764152407,0.0,0.0,0.0,0.0,0.0,0.0,0.0,4976.0,1024.0,0.0,256.0,3200.0,160.0,160.0,168.0,0.0,0.0,0.0,8.0,0.0,7.735800318187103e-05,2.38819993683137e-05,0.00024523300453438424,8.773800800554454e-05,0.00012956799400853924
28,20,gOMP,baseline,gOMP (baseline),128,256,0.5,gaussian,gaussian,clean,0.0,1.892800091107017e-30,1.375790714864371e-15,1.0,1.0,1,0.0005409359982877504,7,20.0,5.054104269232332e-15,target_sparsity_reached,0,0,0.0002230929967481643,3.0,False,,0,0,1.9228297764152402,0.0,0.0,0.0,0.0,0.0,0.0,0.0,4112.0,1024.0,2048.0,256.0,0.0,0.0,664.0,64.0,0.0,0.0,0.0,56.0,0.0,3.0193998100003228e-05,6.502100222860463e-05,0.0002230929967481643,4.2357998609077185e-05,0.0
28,20,gOMP,optimized,gOMP (optimized),128,256,0.5,gaussian,gaussian,clean,0.0,1.5368686411511155e-20,1.2397050621624143e-10,1.0,1.0,1,0.0002826810014084913,7,20.0,4.277281511982494e-10,target_sparsity_reached,0,0,9.326600047643296e-05,3.0,True,,0,0,1.9228297764152402,0.0,0.0,0.0,0.0,0.0,0.0,0.0,1512.0,1024.0,0.0,256.0,0.0,0.0,160.0,64.0,0.0,0.0,0.0,8.0,0.0,2.7844005671795458e-05,5.973600491415709e-05,9.326600047643296e-05,3.216000186512247e-05,0.0
28,20,Improved-gOMP,baseline,Improved-gOMP (baseline),128,256,0.5,gaussian,gaussian,clean,0.0,2.849686062054879e-30,1.6881013186580004e-15,1.0,1.0,1,0.003772792002564529,8,20.0,6.171779474686248e-15,residual_tol,0,0,0.0003175649981130846,17.25,False,,0,0,1.92282977641524,1.0,1.0,1.0,1.0,1.0,1.0,0.0,4192.0,1024.0,2048.0,0.0,0.0,0.0,792.0,72.0,64.0,64.0,64.0,64.0,0.0,4.475899913813919e-05,0.002549174001615029,0.00025655300487414934,5.113500446896069e-05,0.0004429679975146428
28,20,Improved-gOMP,optimized,Improved-gOMP (optimized),128,256,0.5,gaussian,gaussian,clean,0.0,1.5368634005649142e-20,1.2397029485182787e-10,1.0,1.0,1,0.0018044409989670385,8,20.0,4.2772724946915693e-10,residual_tol,0,0,0.00017264100097236224,0.0,True,,0,0,1.9228297764152393,1.0,1.0,0.0,0.0,1.0,0.0,1.0,6736.0,1024.0,2048.0,0.0,3200.0,160.0,160.0,72.0,64.0,0.0,0.0,8.0,0.0,3.853500311379321e-05,0.0008075779951468576,0.00034130399944842793,6.015199687681161e-05,0.00037878399962210096
29,20,OMP,baseline,OMP (baseline),128,256,0.5,gaussian,gaussian,clean,0.0,1.1115792366127427e-30,1.054314581428495e-15,1.0,1.0,1,0.0012929969998367596,20,20.0,2.862760495621115e-15,target_sparsity_reached,0,0,0.0005399590045271907,1.0,False,,0,0,2.1555715238446305,0.0,0.0,0.0,0.0,0.0,0.0,0.0,5080.0,1024.0,2048.0,0.0,0.0,0.0,1680.0,168.0,0.0,0.0,0.0,160.0,0.0,7.955999535624869e-05,0.00012260800576768816,0.0005399590045271907,0.0001133920050051529,0.0
29,20,OMP,optimized,OMP (optimized),128,256,0.5,gaussian,gaussian,clean,0.0,1.1590050931604972e-20,1.07657098844456e-10,1.0,1.0,1,0.0006556980006280355,20,20.0,2.660279463583227e-10,target_sparsity_reached,0,0,0.00024784699780866504,1.0,True,,0,0,2.1555715238446305,0.0,0.0,0.0,0.0,0.0,0.0,0.0,4976.0,1024.0,0.0,256.0,3200.0,160.0,160.0,168.0,0.0,0.0,0.0,8.0,0.0,6.614099038415588e-05,2.370799847994931e-05,0.00024784699780866504,0.00010843799827853218,0.0001292489941988606
29,20,gOMP,baseline,gOMP (baseline),128,256,0.5,gaussian,gaussian,clean,0.0,1.246998946800361e-30,1.1166910704399677e-15,1.0,1.0,1,0.0005563839986280072,7,20.0,3.0624532322980856e-15,target_sparsity_reached,0,0,0.00023589300326420926,3.0,False,,0,0,2.155571523844632,0.0,0.0,0.0,0.0,0.0,0.0,0.0,4112.0,1024.0,2048.0,256.0,0.0,0.0,664.0,64.0,0.0,0.0,0.0,56.0,0.0,2.5794997782213613e-05,6.66900014039129e-05,0.00023589300326420926,4.3162992369616404e-05,0.0
29,20,gOMP,optimized,gOMP (optimized),128,256,0.5,gaussian,gaussian,clean,0.0,1.1589964581881254e-20,1.0765669780316157e-10,1.0,1.0,1,0.000749478000216186,7,20.0,2.660272023343e-10,target_sparsity_reached,0,0,0.0002673579911061097,3.0,True,,0,0,2.155571523844632,0.0,0.0,0.0,0.0,0.0,0.0,0.0,1512.0,1024.0,0.0,256.0,0.0,0.0,160.0,64.0,0.0,0.0,0.0,8.0,0.0,6.870500146760605e-05,0.00014314700456452556,0.0002673579911061097,0.00011711399929481559,0.0
29,20,Improved-gOMP,baseline,Improved-gOMP (baseline),128,256,0.5,gaussian,gaussian,clean,0.0,2.3979570975225896e-30,1.548533854173873e-15,1.0,1.0,1,0.004043286000523949,8,20.0,3.966723938359949e-15,residual_tol,0,0,0.000315376997605199,17.5,False,,0,0,2.155571523844632,1.0,1.0,1.0,1.0,1.0,1.0,0.0,4192.0,1024.0,2048.0,0.0,0.0,0.0,792.0,72.0,64.0,64.0,64.0,64.0,0.0,4.815200009034015e-05,0.0027781199969467707,0.00027237999893259257,4.719999560620636e-05,0.0004143310070503503
29,20,Improved-gOMP,optimized,Improved-gOMP (optimized),128,256,0.5,gaussian,gaussian,clean,0.0,1.657742898136796e-30,1.2875336493221432e-15,1.0,1.0,1,0.0018970189994433895,8,20.0,3.5202138737407644e-15,residual_tol,0,0,0.00017014900004141964,0.0,True,,0,0,2.1555715238446322,1.0,1.0,0.0,0.0,1.0,0.0,1.0,6736.0,1024.0,2048.0,0.0,3200.0,160.0,160.0,72.0,64.0,0.0,0.0,8.0,0.0,3.402999936952256e-05,0.0008341850007127505,0.000300189003610285,5.797900303150527e-05,0.000492720995680429
0,24,OMP,baseline,OMP (baseline),128,256,0.5,gaussian,gaussian,clean,0.0,1.8601688779361508e-30,1.3638800819486112e-15,1.0,1.0,1,0.0018437869985064026,24,24.0,7.1013231446737045e-15,target_sparsity_reached,0,0,0.000815858002169989,1.0,False,,0,0,2.368126252474103,0.0,0.0,0.0,0.0,0.0,0.0,0.0,5864.0,1024.0,2048.0,0.0,0.0,0.0,2400.0,200.0,0.0,0.0,0.0,192.0,0.0,9.745399438543245e-05,0.00015718400027253665,0.000815858002169989,0.00014270299288909882,0.0
0,24,OMP,optimized,OMP (optimized),128,256,0.5,gaussian,gaussian,clean,0.0,1.7617576025701584e-20,1.3273121722376235e-10,1.0,1.0,1,0.0008517380010744091,24,24.0,5.66512629567649e-10,target_sparsity_reached,0,0,0.00033096099650720134,1.0,True,,0,0,2.368126252474103,0.0,0.0,0.0,0.0,0.0,0.0,0.0,6480.0,1024.0,0.0,256.0,4608.0,192.0,192.0,200.0,0.0,0.0,0.0,8.0,0.0,8.219001028919592e-05,3.418800770305097e-05,0.00033096099650720134,0.00011959999028476886,0.00018158500461140648
0,24,gOMP,baseline,gOMP (baseline),128,256,0.5,gaussian,gaussian,clean,0.0,0.00021171282371203626,0.01455035476241168,0.9166666666666666,0.9166666666666666,0,0.0007477189974451903,8,24.0,0.05675906028450931,target_sparsity_reached,2,2,0.0003350180049892515,3.0,False,,0,0,2.4929226372344018,0.0,0.0,0.0,0.0,0.0,0.0,0.0,4328.0,1024.0,2048.0,256.0,0.0,0.0,864.0,72.0,0.0,0.0,0.0,64.0,0.0,3.340399780427106e-05,8.014699415070936e-05,0.0003350180049892515,5.145799514139071e-05,0.0
0,24,gOMP,optimized,gOMP (optimized),128,256,0.5,gaussian,gaussian,clean,0.0,0.00021171282370685673,0.014550354762233693,0.9166666666666666,0.9166666666666666,0,0.00033958799758693203,8,24.0,0.05675906028450928,target_sparsity_reached,2,2,0.00012428199988789856,3.0,True,,0,0,2.4929226372344018,0.0,0.0,0.0,0.0,0.0,0.0,0.0,1552.0,1024.0,0.0,256.0,0.0,0.0,192.0,72.0,0.0,0.0,0.0,8.0,0.0,4.02449986722786e-05,6.182999277370982e-05,0.00012428199988789856,4.097199780517258e-05,0.0
0,24,Improved-gOMP,baseline,Improved-gOMP (baseline),128,256,0.5,gaussian,gaussian,clean,0.0,2.131703047102571e-30,1.4600352896771265e-15,1.0,1.0,1,0.00525752900284715,10,24.0,7.961194705120205e-15,residual_tol,0,0,0.00047697400077595375,16.5,False,,0,0,2.3681262524741027,1.0,1.0,1.0,1.0,1.0,1.0,0.0,4640.0,1024.0,2048.0,0.0,0.0,0.0,1160.0,88.0,80.0,80.0,80.0,80.0,0.0,4.7398003516718745e-05,0.0036361149977892637,0.00039972599552129395,6.271700476645492e-05,0.0005580900069617201
0,24,Improved-gOMP,optimized,Improved-gOMP (optimized),128,256,0.5,gaussian,gaussian,clean,0.0,1.0165973504271971e-30,1.0082645240348373e-15,1.0,1.0,1,0.0023289169985218905,10,24.0,5.572566897786455e-15,residual_tol,0,0,0.00022512599753099494,0.0,True,,0,0,2.3681262524741027,1.0,1.0,0.0,0.0,1.0,0.0,1.0,8240.0,1024.0,2048.0,0.0,4608.0,192.0,192.0,88.0,80.0,0.0,0.0,8.0,0.0,4.276099571143277e-05,0.0010256889945594594,0.0004088670029886998,6.768500679754652e-05,0.0005735880040447228
1,24,OMP,baseline,OMP (baseline),128,256,0.5,gaussian,gaussian,clean,0.0,1.750354237416609e-30,1.3230095379159627e-15,1.0,1.0,1,0.0020125930022913963,24,24.0,6.0223563224837634e-15,target_sparsity_reached,0,0,0.00085405800564331,1.0,False,,0,0,2.1779914857891307,0.0,0.0,0.0,0.0,0.0,0.0,0.0,5864.0,1024.0,2048.0,0.0,0.0,0.0,2400.0,200.0,0.0,0.0,0.0,192.0,0.0,0.0001268130108655896,0.0001515379990451038,0.00085405800564331,0.00017602700609131716,0.0
1,24,OMP,optimized,OMP (optimized),128,256,0.5,gaussian,gaussian,clean,0.0,9.03079323078782e-21,9.503048579686321e-11,1.0,1.0,1,0.0008272800005215686,24,24.0,3.992105821894636e-10,target_sparsity_reached,0,0,0.00031759600460645743,1.0,True,,0,0,2.1779914857891307,0.0,0.0,0.0,0.0,0.0,0.0,0.0,6480.0,1024.0,0.0,256.0,4608.0,192.0,192.0,200.0,0.0,0.0,0.0,8.0,0.0,9.88730025710538e-05,3.1252002372639254e-05,0.00031759600460645743,0.00012324799172347412,0.00016467298701172695
1,24,gOMP,baseline,gOMP (baseline),128,256,0.5,gaussian,gaussian,clean,0.0,2.4130619184733687e-30,1.5534033341258699e-15,1.0,1.0,1,0.0006754539972462226,8,24.0,6.493396932002345e-15,target_sparsity_reached,0,0,0.00029721600367338397,3.0,False,,0,0,2.1779914857891307,0.0,0.0,0.0,0.0,0.0,0.0,0.0,4328.0,1024.0,2048.0,256.0,0.0,0.0,864.0,72.0,0.0,0.0,0.0,64.0,0.0,3.527600347297266e-05,6.92349967721384e-05,0.00029721600367338397,4.875499871559441e-05,0.0
1,24,gOMP,optimized,gOMP (optimized),128,256,0.5,gaussian,gaussian,clean,0.0,9.03082786002201e-21,9.503066799734711e-11,1.0,1.0,1,0.0002998790005221963,8,24.0,3.9921088252067637e-10,target_sparsity_reached,0,0,0.00010908799958997406,3.0,True,,0,0,2.1779914857891307,0.0,0.0,0.0,0.0,0.0,0.0,0.0,1552.0,1024.0,0.0,256.0,0.0,0.0,192.0,72.0,0.0,0.0,0.0,8.0,0.0,3.486799687379971e-05,5.6321994634345174e-05,0.00010908799958997406,3.6533991078613326e-05,0.0
1,24,Improved-gOMP,baseline,Improved-gOMP (baseline),128,256,0.5,gaussian,gaussian,clean,0.0,2.1742802760069206e-30,1.4745440908995976e-15,1.0,1.0,1,0.005575594997935696,11,24.0,6.1917099886445474e-15,residual_tol,0,0,0.0004788739970535971,15.545454545454545,False,,0,0,2.1779914857891303,1.0,1.0,1.0,1.0,1.0,1.0,0.0,4752.0,1024.0,2048.0,0.0,0.0,0.0,1232.0,96.0,88.0,88.0,88.0,88.0,0.0,7.090500366757624e-05,0.00392384099541232,0.000406773997383425,7.12489927536808e-05,0.0005112689868838061
1,24,Improved-gOMP,optimized,Improved-gOMP (optimized),128,256,0.5,gaussian,gaussian,clean,0.0,9.030791248155492e-21,9.503047536530318e-11,1.0,1.0,1,0.0026610929999151267,11,24.0,3.992104478095944e-10,residual_tol,0,0,0.00028065600417903624,0.0,True,,0,0,2.1779914857891307,1.0,1.0,0.0,0.0,1.0,0.0,1.0,8256.0,1024.0,2048.0,0.0,4608.0,192.0,192.0,96.0,88.0,0.0,0.0,8.0,0.0,5.772999793407507e-05,0.001237888998730341,0.00047395300862262957,9.294400297221728e-05,0.0005493690005096141
2,24,OMP,baseline,OMP (baseline),128,256,0.5,gaussian,gaussian,clean,0.0,4.0248157990436614e-30,2.006194357245494e-15,1.0,1.0,1,0.0018326210010854993,24,24.0,8.1762668428577e-15,target_sparsity_reached,0,0,0.0008202609860745724,1.0,False,,0,0,2.2927911697784373,0.0,0.0,0.0,0.0,0.0,0.0,0.0,5864.0,1024.0,2048.0,0.0,0.0,0.0,2400.0,200.0,0.0,0.0,0.0,192.0,0.0,9.992800914915279e-05,0.00014473700139205903,0.0008202609860745724,0.00014121000640443526,0.0
2,24,OMP,optimized,OMP (optimized),128,256,0.5,gaussian,gaussian,clean,0.0,1.6482134761586636e-20,1.2838276660668534e-10,1.0,1.0,1,0.0008024240014492534,24,24.0,4.5702496320382107e-10,target_sparsity_reached,0,0,0.0003162059983878862,1.0,True,,0,0,2.2927911697784373,0.0,0.0,0.0,0.0,0.0,0.0,0.0,6480.0,1024.0,0.0,256.0,4608.0,192.0,192.0,200.0,0.0,0.0,0.0,8.0,0.0,7.959600407048129e-05,2.7757017960539088e-05,0.0003162059983878862,0.00011135499516967684,0.0001614439970580861
2,24,gOMP,baseline,gOMP (baseline),128,256,0.5,gaussian,gaussian,clean,0.0,2.7792205989177376e-05,0.005271831369569533,0.9583333333333334,0.9583333333333334,0,0.0007859569996071514,8,24.0,0.017643147335536975,target_sparsity_reached,1,1,0.00034783000592142344,3.0,False,,0,0,2.450967488866524,0.0,0.0,0.0,0.0,0.0,0.0,0.0,4328.0,1024.0,2048.0,256.0,0.0,0.0,864.0,72.0,0.0,0.0,0.0,64.0,0.0,3.866399129037745e-05,7.711600483162329e-05,0.00034783000592142344,5.225100176176056e-05,0.0
2,24,gOMP,optimized,gOMP (optimized),128,256,0.5,gaussian,gaussian,clean,0.0,2.7792205821945144e-05,0.005271831353708609,0.9583333333333334,0.9583333333333334,0,0.00030752900056540966,8,24.0,0.017643147335536964,target_sparsity_reached,1,1,0.00011366600301698782,3.0,True,,0,0,2.450967488866524,0.0,0.0,0.0,0.0,0.0,0.0,0.0,1552.0,1024.0,0.0,256.0,0.0,0.0,192.0,72.0,0.0,0.0,0.0,8.0,0.0,2.873500488931313e-05,5.783700180472806e-05,0.00011366600301698782,3.8292997487587854e-05,0.0
2,24,Improved-gOMP,baseline,Improved-gOMP (baseline),128,256,0.5,gaussian,gaussian,clean,0.0,2.8681592965219253e-05,0.005355519859473892,0.9583333333333334,0.9583333333333334,0,0.005335273999662604,10,24.0,0.017289738062224416,target_sparsity_reached,1,1,0.0004618239981937222,17.1,False,,0,0,2.2674123372090165,1.0,1.0,1.0,1.0,1.0,1.0,0.0,4640.0,1024.0,2048.0,0.0,0.0,0.0,1160.0,88.0,80.0,80.0,80.0,80.0,0.0,5.136700929142535e-05,0.0037183079948590603,0.00039923900476424024,6.560799738508649e-05,0.000512957001774339
2,24,Improved-gOMP,optimized,Improved-gOMP (optimized),128,256,0.5,gaussian,gaussian,clean,0.0,1.648211522974805e-20,1.2838269053789163e-10,1.0,1.0,1,0.0023287600015464704,10,24.0,4.5702464303677564e-10,residual_tol,0,0,0.00022884600184625015,0.0,True,,0,0,2.2927911697784364,1.0,1.0,0.0,0.0,1.0,0.0,1.0,8240.0,1024.0,2048.0,0.0,4608.0,192.0,192.0,88.0,80.0,0.0,0.0,8.0,0.0,4.2968000343535095e-05,0.0010388350019638892,0.0003998139945906587,7.103500320226885e-05,0.0005143510061316192
3,24,OMP,baseline,OMP (baseline),128,256,0.5,gaussian,gaussian,clean,0.0,2.6519685767718303e-30,1.628486590909434e-15,1.0,1.0,1,0.002051962001132779,24,24.0,1.006143444414522e-14,target_sparsity_reached,0,0,0.0008718469835002907,1.0,False,,0,0,2.4660945124320492,0.0,0.0,0.0,0.0,0.0,0.0,0.0,5864.0,1024.0,2048.0,0.0,0.0,0.0,2400.0,200.0,0.0,0.0,0.0,192.0,0.0,0.00015130101746763103,0.00016343499737558886,0.0008718469835002907,0.00017984999794862233,0.0
3,24,OMP,optimized,OMP (optimized),128,256,0.5,gaussian,gaussian,clean,0.0,1.4684522655781373e-20,1.2117971222849712e-10,1.0,1.0,1,0.0008248939993791282,24,24.0,5.850967981259394e-10,target_sparsity_reached,0,0,0.0003134900107397698,1.0,True,,0,0,2.4660945124320492,0.0,0.0,0.0,0.0,0.0,0.0,0.0,6480.0,1024.0,0.0,256.0,4608.0,192.0,192.0,200.0,0.0,0.0,0.0,8.0,0.0,9.774799764272757e-05,3.817600372713059e-05,0.0003134900107397698,0.00011171899677719921,0.00016385799608542584
3,24,gOMP,baseline,gOMP (baseline),128,256,0.5,gaussian,gaussian,clean,0.0,9.168386703526563e-05,0.009575169295384057,0.9583333333333334,0.9583333333333334,0,0.0007889609987614676,8,24.0,0.04134260691173835,target_sparsity_reached,1,1,0.00034765600503305905,3.0,False,,0,0,2.5223449280987897,0.0,0.0,0.0,0.0,0.0,0.0,0.0,4328.0,1024.0,2048.0,256.0,0.0,0.0,864.0,72.0,0.0,0.0,0.0,64.0,0.0,4.0625000110594556e-05,8.83149987203069e-05,0.00034765600503305905,6.282700633164495e-05,0.0
3,24,gOMP,optimized,gOMP (optimized),128,256,0.5,gaussian,gaussian,clean,0.0,9.168386713910615e-05,0.009575169300806444,0.9583333333333334,0.9583333333333334,0,0.0003477949976513628,8,24.0,0.041342606911738286,target_sparsity_reached,1,1,0.000123413006804185,3.0,True,,0,0,2.5223449280987897,0.0,0.0,0.0,0.0,0.0,0.0,0.0,1552.0,1024.0,0.0,256.0,0.0,0.0,192.0,72.0,0.0,0.0,0.0,8.0,0.0,3.8185007724678144e-05,6.175199814606458e-05,0.000123413006804185,4.447699757292867e-05,0.0
3,24,Improved-gOMP,baseline,Improved-gOMP (baseline),128,256,0.5,gaussian,gaussian,clean,0.0,3.1727283626639475e-30,1.7812154172541703e-15,1.0,1.0,1,0.004743050001707161,10,24.0,1.2547492695467358e-14,residual_tol,0,0,0.0004519039976003114,17.0,False,,0,0,2.4660945124320492,1.0,1.0,1.0,1.0,1.0,1.0,0.0,4584.0,1024.0,2048.0,0.0,0.0,0.0,1104.0,88.0,80.0,80.0,80.0,80.0,0.0,6.092500552767888e-05,0.003466857011517277,0.00038906201007193886,6.944701090105809e-05,0.00020349799888208508
3,24,Improved-gOMP,optimized,Improved-gOMP (optimized),128,256,0.5,gaussian,gaussian,clean,0.0,1.468456188535996e-20,1.2117987409367925e-10,1.0,1.0,1,0.001972910999029409,10,24.0,5.850973340937464e-10,residual_tol,0,0,0.00022879099924466573,0.0,True,,0,0,2.4660945124320497,1.0,1.0,0.0,0.0,1.0,0.0,1.0,8240.0,1024.0,2048.0,0.0,4608.0,192.0,192.0,88.0,80.0,0.0,0.0,8.0,0.0,5.1617003919091076e-05,0.001078062992746709,0.0004006259987363592,7.919899871922098e-05,0.00014223599282559007
4,24,OMP,baseline,OMP (baseline),128,256,0.5,gaussian,gaussian,clean,0.0,1.0045804726835044e-29,3.1695117489662417e-15,1.0,1.0,1,0.0017909879970829934,24,24.0,1.2457670466088846e-14,target_sparsity_reached,0,0,0.0008226690006267745,1.0,False,,0,0,2.1805532638951064,0.0,0.0,0.0,0.0,0.0,0.0,0.0,5864.0,1024.0,2048.0,0.0,0.0,0.0,2400.0,200.0,0.0,0.0,0.0,192.0,0.0,9.060999582288787e-05,0.00014383798770722933,0.0008226690006267745,0.0001341519928246271,0.0
4,24,OMP,optimized,OMP (optimized),128,256,0.5,gaussian,gaussian,clean,0.0,2.373872679227306e-20,1.5407377061743202e-10,1.0,1.0,1,0.0010303919989382848,24,24.0,5.1488340172491e-10,target_sparsity_reached,0,0,0.00044391900883056223,1.0,True,,0,0,2.1805532638951064,0.0,0.0,0.0,0.0,0.0,0.0,0.0,6480.0,1024.0,0.0,256.0,4608.0,192.0,192.0,200.0,0.0,0.0,0.0,8.0,0.0,9.421399590792134e-05,3.6295994505053386e-05,0.00044391900883056223,0.0001515220064902678,0.0001966989948414266
4,24,gOMP,baseline,gOMP (baseline),128,256,0.5,gaussian,gaussian,clean,0.0,0.0027517627779733867,0.05245724714444503,0.9166666666666666,0.9166666666666666,0,0.0007668590005778242,8,24.0,0.1968229102981339,target_sparsity_reached,2,2,0.00032923900289461017,3.0,False,,0,0,2.4173499249585926,0.0,0.0,0.0,0.0,0.0,0.0,0.0,4328.0,1024.0,2048.0,256.0,0.0,0.0,864.0,72.0,0.0,0.0,0.0,64.0,0.0,3.898700379068032e-05,7.928300328785554e-05,0.00032923900289461017,5.248799061519094e-05,0.0
4,24,gOMP,optimized,gOMP (optimized),128,256,0.5,gaussian,gaussian,clean,0.0,0.0027517627815037476,0.05245724717809492,0.9166666666666666,0.9166666666666666,0,0.00031124900124268606,8,24.0,0.19682291029813392,target_sparsity_reached,2,2,0.0001174039971374441,3.0,True,,0,0,2.4173499249585926,0.0,0.0,0.0,0.0,0.0,0.0,0.0,1552.0,1024.0,0.0,256.0,0.0,0.0,192.0,72.0,0.0,0.0,0.0,8.0,0.0,2.8928992833243683e-05,6.0255002608755603e-05,0.0001174039971374441,3.743300476344302e-05,0.0
4,24,Improved-gOMP,baseline,Improved-gOMP (baseline),128,256,0.5,gaussian,gaussian,clean,0.0,2.3422964440763504e-30,1.5304562862350397e-15,1.0,1.0,1,0.005382454000937287,10,24.0,6.46031332001203e-15,residual_tol,0,0,0.00047684801029390655,17.1,False,,0,0,2.301623947586648,1.0,1.0,1.0,1.0,1.0,1.0,0.0,4640.0,1024.0,2048.0,0.0,0.0,0.0,1160.0,88.0,80.0,80.0,80.0,80.0,0.0,5.0904003728646785e-05,0.0037001099954068195,0.0004020239975943696,6.368599861161783e-05,0.0005672119877999648
4,24,Improved-gOMP,optimized,Improved-gOMP (optimized),128,256,0.5,gaussian,gaussian,clean,0.0,0.00011991981224226913,0.010950790484812917,0.9583333333333334,0.9583333333333334,0,0.001746343001286732,9,24.0,0.03708484450607204,target_sparsity_reached,1,1,0.00019914900258299895,0.0,True,,0,0,2.3138371403694524,1.0,1.0,0.0,0.0,1.0,0.0,1.0,8224.0,1024.0,2048.0,0.0,4608.0,192.0,192.0,80.0,72.0,0.0,0.0,8.0,0.0,3.7535999581450596e-05,0.0009495099984633271,0.00035981299879495054,5.818200224894099e-05,0.00014118400213192217
5,24,OMP,baseline,OMP (baseline),128,256,0.5,gaussian,gaussian,clean,0.0,2.0140092184826972e-30,1.4191579258428913e-15,1.0,1.0,1,0.0017983459983952343,24,24.0,8.984042946655303e-15,target_sparsity_reached,0,0,0.000798980996478349,1.0,False,,0,0,2.4752013616423247,0.0,0.0,0.0,0.0,0.0,0.0,0.0,5864.0,1024.0,2048.0,0.0,0.0,0.0,2400.0,200.0,0.0,0.0,0.0,192.0,0.0,0.00010917001054622233,0.00013626400323119015,0.000798980996478349,0.00015522000467171893,0.0
5,24,OMP,optimized,OMP (optimized),128,256,0.5,gaussian,gaussian,clean,0.0,3.1209851667980944e-20,1.7666310216901816e-10,1.0,1.0,1,0.0008038589985517319,24,24.0,6.726456426535428e-10,target_sparsity_reached,0,0,0.00031404299807036296,1.0,True,,0,0,2.4752013616423247,0.0,0.0,0.0,0.0,0.0,0.0,0.0,6480.0,1024.0,0.0,256.0,4608.0,192.0,192.0,200.0,0.0,0.0,0.0,8.0,0.0,9.814700388233177e-05,2.7677004254655913e-05,0.00031404299807036296,0.00011275098586338572,0.00015967398940119892
5,24,gOMP,baseline,gOMP (baseline),128,256,0.5,gaussian,gaussian,clean,0.0,1.494753972727785e-05,0.0038662048222097402,0.9583333333333334,0.9583333333333334,0,0.0007366840000031516,8,24.0,0.016041490218613213,target_sparsity_reached,1,1,0.0003145239970763214,3.0,False,,0,0,2.505137269736822,0.0,0.0,0.0,0.0,0.0,0.0,0.0,4328.0,1024.0,2048.0,256.0,0.0,0.0,864.0,72.0,0.0,0.0,0.0,64.0,0.0,4.351000097813085e-05,8.114899537758902e-05,0.0003145239970763214,5.7288001698907465e-05,0.0
5,24,gOMP,optimized,gOMP (optimized),128,256,0.5,gaussian,gaussian,clean,0.0,1.4947539543724e-05,0.003866204798471493,0.9583333333333334,0.9583333333333334,0,0.0003441139997448772,8,24.0,0.016041490218613258,target_sparsity_reached,1,1,0.0001291779990424402,3.0,True,,0,0,2.505137269736822,0.0,0.0,0.0,0.0,0.0,0.0,0.0,1552.0,1024.0,0.0,256.0,0.0,0.0,192.0,72.0,0.0,0.0,0.0,8.0,0.0,3.6105007893638685e-05,6.812799256294966e-05,0.0001291779990424402,4.253000224707648e-05,0.0
5,24,Improved-gOMP,baseline,Improved-gOMP (baseline),128,256,0.5,gaussian,gaussian,clean,0.0,1.5325713198306795e-05,0.0039148069171169595,0.9583333333333334,0.9583333333333334,0,0.005957779001619201,10,24.0,0.01567018220824472,target_sparsity_reached,1,1,0.0006393750009010546,16.8,False,,0,0,2.6713720433395767,1.0,1.0,1.0,1.0,1.0,1.0,0.0,4640.0,1024.0,2048.0,0.0,0.0,0.0,1160.0,88.0,80.0,80.0,80.0,80.0,0.0,7.127500794013031e-05,0.003952162995119579,0.0005829359943163581,0.00012523600162239745,0.0005124680028529838
5,24,Improved-gOMP,optimized,Improved-gOMP (optimized),128,256,0.5,gaussian,gaussian,clean,0.0,3.1209805309166394e-20,1.7666297096213002e-10,1.0,1.0,1,0.002175460002035834,10,24.0,6.726451336892673e-10,residual_tol,0,0,0.0002217980036220979,0.0,True,,0,0,2.475201361642326,1.0,1.0,0.0,0.0,1.0,0.0,1.0,8240.0,1024.0,2048.0,0.0,4608.0,192.0,192.0,88.0,80.0,0.0,0.0,8.0,0.0,4.751599772134796e-05,0.000999260002572555,0.0003780370025197044,6.641501022386365e-05,0.0004722090088762343
6,24,OMP,baseline,OMP (baseline),128,256,0.5,gaussian,gaussian,clean,0.0,2.3870313955475267e-30,1.5450020697550949e-15,1.0,1.0,1,0.0032353440001315903,24,24.0,8.725567346813383e-15,target_sparsity_reached,0,0,0.001326690999121638,1.0,False,,0,0,2.1576535760614175,0.0,0.0,0.0,0.0,0.0,0.0,0.0,5864.0,1024.0,2048.0,0.0,0.0,0.0,2400.0,200.0,0.0,0.0,0.0,192.0,0.0,0.00022289000116870739,0.00022872099361848086,0.001326690999121638,0.00021909801216679625,0.0
6,24,OMP,optimized,OMP (optimized),128,256,0.5,gaussian,gaussian,clean,0.0,1.9824616909270413e-20,1.4079991800164664e-10,1.0,1.0,1,0.0009362230011902284,24,24.0,6.57743559381074e-10,target_sparsity_reached,0,0,0.0003351139930600766,1.0,True,,0,0,2.1576535760614175,0.0,0.0,0.0,0.0,0.0,0.0,0.0,6480.0,1024.0,0.0,256.0,4608.0,192.0,192.0,200.0,0.0,0.0,0.0,8.0,0.0,8.32759942568373e-05,4.015200102003291e-05,0.0003351139930600766,0.0002001939974434208,0.00017078399832826108
6,24,gOMP,baseline,gOMP (baseline),128,256,0.5,gaussian,gaussian,clean,0.0,0.00224997718338628,0.0474339243936898,0.9166666666666666,0.9166666666666666,0,0.0007226109992188867,8,24.0,0.2270308340206857,target_sparsity_reached,2,2,0.0003057189969695173,3.0,False,,0,0,2.4352056772954818,0.0,0.0,0.0,0.0,0.0,0.0,0.0,4328.0,1024.0,2048.0,256.0,0.0,0.0,864.0,72.0,0.0,0.0,0.0,64.0,0.0,3.540499892551452e-05,8.255899592768401e-05,0.0003057189969695173,4.764900222653523e-05,0.0
6,24,gOMP,optimized,gOMP (optimized),128,256,0.5,gaussian,gaussian,clean,0.0,0.002249977183540446,0.04743392439531486,0.9166666666666666,0.9166666666666666,0,0.0003141939996567089,8,24.0,0.22703083402068575,target_sparsity_reached,2,2,0.00011962000644416548,3.0,True,,0,0,2.4352056772954818,0.0,0.0,0.0,0.0,0.0,0.0,0.0,1552.0,1024.0,0.0,256.0,0.0,0.0,192.0,72.0,0.0,0.0,0.0,8.0,0.0,2.863999907276593e-05,5.9097004850627854e-05,0.00011962000644416548,3.857899355352856e-05,0.0
6,24,Improved-gOMP,baseline,Improved-gOMP (baseline),128,256,0.5,gaussian,gaussian,clean,0.0,0.004182859490295938,0.06467502988245107,0.875,0.875,0,0.005219399001362035,9,24.0,0.31388885062269567,target_sparsity_reached,3,3,0.000514036015374586,18.333333333333332,False,,0,0,2.3463113185483717,1.0,1.0,1.0,1.0,1.0,1.0,0.0,4448.0,1024.0,2048.0,0.0,0.0,0.0,1008.0,80.0,72.0,72.0,72.0,72.0,0.0,4.835400977754034e-05,0.0038740780000807717,0.00045393700202112086,7.588500011479482e-05,0.00018884699602494948
6,24,Improved-gOMP,optimized,Improved-gOMP (optimized),128,256,0.5,gaussian,gaussian,clean,0.0,3.3701811534375144e-30,1.8358053146882203e-15,1.0,1.0,1,0.0023866740011726506,10,24.0,1.0399510837298429e-14,residual_tol,0,0,0.0002454530076647643,0.0,True,,0,0,2.1576535760614175,1.0,1.0,0.0,0.0,1.0,0.0,1.0,8240.0,1024.0,2048.0,0.0,4608.0,192.0,192.0,88.0,80.0,0.0,0.0,8.0,0.0,4.10210013797041e-05,0.0010250300038023852,0.00041680199865368195,6.426199979614466e-05,0.000628877998678945
7,24,OMP,baseline,OMP (baseline),128,256,0.5,gaussian,gaussian,clean,0.0,3.772404845787028e-30,1.9422679644650035e-15,1.0,1.0,1,0.00178798100023414,24,24.0,8.530133295729046e-15,target_sparsity_reached,0,0,0.0007796289937687106,1.0,False,,0,0,2.5033361434056975,0.0,0.0,0.0,0.0,0.0,0.0,0.0,5864.0,1024.0,2048.0,0.0,0.0,0.0,2400.0,200.0,0.0,0.0,0.0,192.0,0.0,0.00010963400200125761,0.00014294500215328299,0.0007796289937687106,0.00014454099800786935,0.0
7,24,OMP,optimized,OMP (optimized),128,256,0.5,gaussian,gaussian,clean,0.0,2.038127453330544e-20,1.4276300127590987e-10,1.0,1.0,1,0.0008896250001271255,24,24.0,5.365752122202849e-10,target_sparsity_reached,0,0,0.0003552000052877702,1.0,True,,0,0,2.5033361434056975,0.0,0.0,0.0,0.0,0.0,0.0,0.0,6480.0,1024.0,0.0,256.0,4608.0,192.0,192.0,200.0,0.0,0.0,0.0,8.0,0.0,0.00010165300409425981,3.059199661947787e-05,0.0003552000052877702,0.00012336800500634126,0.0001770879971445538
7,24,gOMP,baseline,gOMP (baseline),128,256,0.5,gaussian,gaussian,clean,0.0,4.544835140822812e-07,0.0006741539246212851,0.9583333333333334,0.9583333333333334,0,0.0007973280007718131,8,24.0,0.0026387234268456274,target_sparsity_reached,1,1,0.00033067500044126064,3.0,False,,0,0,2.529946651212515,0.0,0.0,0.0,0.0,0.0,0.0,0.0,4328.0,1024.0,2048.0,256.0,0.0,0.0,864.0,72.0,0.0,0.0,0.0,64.0,0.0,4.4992008042754605e-05,8.205300036934204e-05,0.00033067500044126064,6.038499850546941e-05,0.0
7,24,gOMP,optimized,gOMP (optimized),128,256,0.5,gaussian,gaussian,clean,0.0,4.5448353539755924e-07,0.0006741539404301952,0.9583333333333334,0.9583333333333334,0,0.0003758230013772845,8,24.0,0.0026387234268457015,target_sparsity_reached,1,1,0.0001444629961042665,3.0,True,,0,0,2.529946651212515,0.0,0.0,0.0,0.0,0.0,0.0,0.0,1552.0,1024.0,0.0,256.0,0.0,0.0,192.0,72.0,0.0,0.0,0.0,8.0,0.0,3.974000355810858e-05,6.580199988093227e-05,0.0001444629961042665,4.6235003537731245e-05,0.0
7,24,Improved-gOMP,baseline,Improved-gOMP (baseline),128,256,0.5,gaussian,gaussian,clean,0.0,4.701938211378315e-07,0.0006857068040626631,0.9583333333333334,0.9583333333333334,0,0.005634778997773537,10,24.0,0.0026164060329986923,target_sparsity_reached,1,1,0.0005095820015412755,17.7,False,,0,0,2.5316793435388183,1.0,1.0,1.0,1.0,1.0,1.0,0.0,4584.0,1024.0,2048.0,0.0,0.0,0.0,1104.0,88.0,80.0,80.0,80.0,80.0,0.0,6.0428999859141186e-05,0.00413866899907589,0.00040473000262863934,7.185499634942971e-05,0.00028366900369292125
7,24,Improved-gOMP,optimized,Improved-gOMP (optimized),128,256,0.5,gaussian,gaussian,clean,0.0,4.5462078495308726e-07,0.0006742557266742992,0.9583333333333334,0.9583333333333334,0,0.002065413998934673,10,24.0,0.0026420639193366164,target_sparsity_reached,1,1,0.0002353509953536559,0.0,True,,0,0,2.5088148800574848,1.0,1.0,0.0,0.0,1.0,0.0,1.0,8240.0,1024.0,2048.0,0.0,4608.0,192.0,192.0,88.0,80.0,0.0,0.0,8.0,0.0,5.115800377097912e-05,0.0011577229961403646,0.00043363300210330635,7.405200449284166e-05,0.0001286609985982068
8,24,OMP,baseline,OMP (baseline),128,256,0.5,gaussian,gaussian,clean,0.0,1.224501096298853e-07,0.0003499287207845124,0.9583333333333334,0.9583333333333334,0,0.0018373159982729703,24,24.0,0.0010842449431960326,target_sparsity_reached,1,1,0.0008432470021944027,1.0,False,,0,0,2.3984695992013534,0.0,0.0,0.0,0.0,0.0,0.0,0.0,5864.0,1024.0,2048.0,0.0,0.0,0.0,2400.0,200.0,0.0,0.0,0.0,192.0,0.0,9.421598588232882e-05,0.00014496400399366394,0.0008432470021944027,0.00014658700092695653,0.0
8,24,OMP,optimized,OMP (optimized),128,256,0.5,gaussian,gaussian,clean,0.0,1.224501144060166e-07,0.00034992872760894694,0.9583333333333334,0.9583333333333334,0,0.0008003389993973542,24,24.0,0.0010842449431961512,target_sparsity_reached,1,1,0.0003157339961035177,1.0,True,,0,0,2.3984695992013534,0.0,0.0,0.0,0.0,0.0,0.0,0.0,6480.0,1024.0,0.0,256.0,4608.0,192.0,192.0,200.0,0.0,0.0,0.0,8.0,0.0,7.875298979342915e-05,2.8179998480482027e-05,0.0003157339961035177,0.00011296100274194032,0.0001743180037010461
8,24,gOMP,baseline,gOMP (baseline),128,256,0.5,gaussian,gaussian,clean,0.0,0.00044512261963743495,0.021097929273685485,0.875,0.875,0,0.0007010529989202041,8,24.0,0.06836718806491289,target_sparsity_reached,3,3,0.0003035469962924253,3.0,False,,0,0,2.4911325020426647,0.0,0.0,0.0,0.0,0.0,0.0,0.0,4328.0,1024.0,2048.0,256.0,0.0,0.0,864.0,72.0,0.0,0.0,0.0,64.0,0.0,2.982999649248086e-05,7.276499673025683e-05,0.0003035469962924253,4.903100125375204e-05,0.0
8,24,gOMP,optimized,gOMP (optimized),128,256,0.5,gaussian,gaussian,clean,0.0,0.00044512262072640745,0.021097929299493053,0.875,0.875,0,0.00032594000003882684,8,24.0,0.068367188064913,target_sparsity_reached,3,3,0.00011948599785682745,3.0,True,,0,0,2.4911325020426647,0.0,0.0,0.0,0.0,0.0,0.0,0.0,1552.0,1024.0,0.0,256.0,0.0,0.0,192.0,72.0,0.0,0.0,0.0,8.0,0.0,3.08559974655509e-05,6.145100269350223e-05,0.00011948599785682745,4.02369987568818e-05,0.0
8,24,Improved-gOMP,baseline,Improved-gOMP (baseline),128,256,0.5,gaussian,gaussian,clean,0.0,5.524472133573614e-06,0.002350419565433715,0.9166666666666666,0.9166666666666666,0,0.004764321998663945,9,24.0,0.006840843115675698,target_sparsity_reached,2,2,0.00041485498877591453,18.666666666666668,False,,0,0,2.484686362425702,1.0,1.0,1.0,1.0,1.0,1.0,0.0,4480.0,1024.0,2048.0,0.0,0.0,0.0,1040.0,80.0,72.0,72.0,72.0,72.0,0.0,4.540599911706522e-05,0.0033396699946024455,0.00036192800325807184,5.355800021789037e-05,0.00047604399878764525
8,24,Improved-gOMP,optimized,Improved-gOMP (optimized),128,256,0.5,gaussian,gaussian,clean,0.0,0.0004441563699329272,0.021075017673371645,0.875,0.875,0,0.001973678001377266,9,24.0,0.06841429993930882,target_sparsity_reached,3,3,0.00021642100909957662,0.0,True,,0,0,2.4596820490968643,1.0,1.0,0.0,0.0,1.0,0.0,1.0,8224.0,1024.0,2048.0,0.0,4608.0,192.0,192.0,80.0,72.0,0.0,0.0,8.0,0.0,4.167401493759826e-05,0.001099845005228417,0.0003939469934266526,7.044800440780818e-05,0.00013989099170430563
9,24,OMP,baseline,OMP (baseline),128,256,0.5,gaussian,gaussian,clean,0.0,5.719130692722478e-30,2.3914704038985046e-15,1.0,1.0,1,0.0018193920004705433,24,24.0,1.038971233732109e-14,target_sparsity_reached,0,0,0.0007922850018076133,1.0,False,,0,0,2.279372394959049,0.0,0.0,0.0,0.0,0.0,0.0,0.0,5864.0,1024.0,2048.0,0.0,0.0,0.0,2400.0,200.0,0.0,0.0,0.0,192.0,0.0,0.00010819200178957544,0.00013833800767315552,0.0007922850018076133,0.0001534750008431729,0.0
9,24,OMP,optimized,OMP (optimized),128,256,0.5,gaussian,gaussian,clean,0.0,1.571583259159517e-20,1.253628038598179e-10,1.0,1.0,1,0.0008542969990230631,24,24.0,4.953588255920206e-10,target_sparsity_reached,0,0,0.00033125601112260483,1.0,True,,0,0,2.279372394959049,0.0,0.0,0.0,0.0,0.0,0.0,0.0,6480.0,1024.0,0.0,256.0,4608.0,192.0,192.0,200.0,0.0,0.0,0.0,8.0,0.0,9.83360041573178e-05,4.318799983593635e-05,0.00033125601112260483,0.00011613901369855739,0.00016786599735496566
9,24,gOMP,baseline,gOMP (baseline),128,256,0.5,gaussian,gaussian,clean,0.0,6.556568592069642e-07,0.0008097264100960053,0.9583333333333334,0.9583333333333334,0,0.0007531090013799258,8,24.0,0.003299967038384829,target_sparsity_reached,1,1,0.00033631200494710356,3.0,False,,0,0,2.3978476232111006,0.0,0.0,0.0,0.0,0.0,0.0,0.0,4328.0,1024.0,2048.0,256.0,0.0,0.0,864.0,72.0,0.0,0.0,0.0,64.0,0.0,3.9031991036608815e-05,7.399099922622554e-05,0.00033631200494710356,5.99550039623864e-05,0.0
9,24,gOMP,optimized,gOMP (optimized),128,256,0.5,gaussian,gaussian,clean,0.0,6.55656873590654e-07,0.000809726418977826,0.9583333333333334,0.9583333333333334,0,0.00030147100187605247,8,24.0,0.003299967038384884,target_sparsity_reached,1,1,0.00010946300608338788,3.0,True,,0,0,2.3978476232111006,0.0,0.0,0.0,0.0,0.0,0.0,0.0,1552.0,1024.0,0.0,256.0,0.0,0.0,192.0,72.0,0.0,0.0,0.0,8.0,0.0,3.3382999390596524e-05,5.589999636868015e-05,0.00010946300608338788,3.6852008634014055e-05,0.0
9,24,Improved-gOMP,baseline,Improved-gOMP (baseline),128,256,0.5,gaussian,gaussian,clean,0.0,6.556568592069102e-07,0.0008097264100959719,0.9583333333333334,0.9583333333333334,0,0.005488814000273123,10,24.0,0.0032999670383849606,target_sparsity_reached,1,1,0.00046014100007596426,16.7,False,,0,0,2.4358999796089194,1.0,1.0,1.0,1.0,1.0,1.0,0.0,4640.0,1024.0,2048.0,0.0,0.0,0.0,1160.0,88.0,80.0,80.0,80.0,80.0,0.0,6.104899148340337e-05,0.0038340219907695428,0.0004007170027762186,7.1644000854576e-05,0.0005260469988570549
9,24,Improved-gOMP,optimized,Improved-gOMP (optimized),128,256,0.5,gaussian,gaussian,clean,0.0,1.5715817917688137e-20,1.2536274533404306e-10,1.0,1.0,1,0.0020280230019125156,10,24.0,4.953585051002522e-10,residual_tol,0,0,0.00024280800062115304,0.0,True,,0,0,2.2793723949590485,1.0,1.0,0.0,0.0,1.0,0.0,1.0,8240.0,1024.0,2048.0,0.0,4608.0,192.0,192.0,88.0,80.0,0.0,0.0,8.0,0.0,5.291799607221037e-05,0.0011018969962606207,0.0004243910007062368,7.668400576221757e-05,0.0001454980083508417
10,24,OMP,baseline,OMP (baseline),128,256,0.5,gaussian,gaussian,clean,0.0,1.0806239728016809e-30,1.0395306502463893e-15,1.0,1.0,1,0.001900466999359196,24,24.0,5.2615670092283234e-15,target_sparsity_reached,0,0,0.0008454679991700687,1.0,False,,0,0,2.2124567051725585,0.0,0.0,0.0,0.0,0.0,0.0,0.0,5864.0,1024.0,2048.0,0.0,0.0,0.0,2400.0,200.0,0.0,0.0,0.0,192.0,0.0,0.00012138500096625648,0.00014056400686968118,0.0008454679991700687,0.00015562200132990256,0.0
10,24,OMP,optimized,OMP (optimized),128,256,0.5,gaussian,gaussian,clean,0.0,2.7518713023172105e-20,1.6588765181041085e-10,1.0,1.0,1,0.0010803449986269698,24,24.0,6.025449591380178e-10,target_sparsity_reached,0,0,0.00038402899735956453,1.0,True,,0,0,2.2124567051725585,0.0,0.0,0.0,0.0,0.0,0.0,0.0,6480.0,1024.0,0.0,256.0,4608.0,192.0,192.0,200.0,0.0,0.0,0.0,8.0,0.0,0.0001788400004443247,5.0472004659241065e-05,0.00038402899735956453,0.00014086700321058743,0.00021516800916288048
10,24,gOMP,baseline,gOMP (baseline),128,256,0.5,gaussian,gaussian,clean,0.0,0.0007037700969990888,0.02652866557139821,0.9583333333333334,0.9583333333333334,0,0.000721761000022525,8,24.0,0.10363337094827996,target_sparsity_reached,1,1,0.000313569005811587,3.0,False,,0,0,2.3142009363653115,0.0,0.0,0.0,0.0,0.0,0.0,0.0,4328.0,1024.0,2048.0,256.0,0.0,0.0,864.0,72.0,0.0,0.0,0.0,64.0,0.0,3.4114000300178304e-05,8.470499597024173e-05,0.000313569005811587,5.113800580147654e-05,0.0
10,24,gOMP,optimized,gOMP (optimized),128,256,0.5,gaussian,gaussian,clean,0.0,0.0007037700973579141,0.026528665578161185,0.9583333333333334,0.9583333333333334,0,0.0003295440001238603,8,24.0,0.10363337094827996,target_sparsity_reached,1,1,0.00012784400314558297,3.0,True,,0,0,2.3142009363653115,0.0,0.0,0.0,0.0,0.0,0.0,0.0,1552.0,1024.0,0.0,256.0,0.0,0.0,192.0,72.0,0.0,0.0,0.0,8.0,0.0,2.899400715250522e-05,5.809199865325354e-05,0.00012784400314558297,4.1163002606481314e-05,0.0
10,24,Improved-gOMP,baseline,Improved-gOMP (baseline),128,256,0.5,gaussian,gaussian,clean,0.0,0.0008528043175025435,0.029202813520319296,0.9166666666666666,0.9166666666666666,0,0.0042262370006938,9,24.0,0.11427287184299835,target_sparsity_reached,2,2,0.00039395700150635093,18.555555555555557,False,,0,0,2.3654075374223695,1.0,1.0,1.0,1.0,1.0,1.0,0.0,4448.0,1024.0,2048.0,0.0,0.0,0.0,1008.0,80.0,72.0,72.0,72.0,72.0,0.0,4.6057000872679055e-05,0.0030708660051459447,0.00033723600063240156,5.167299968888983e-05,0.0001845560000219848
10,24,Improved-gOMP,optimized,Improved-gOMP (optimized),128,256,0.5,gaussian,gaussian,clean,0.0,2.751866427813744e-20,1.6588750488851607e-10,1.0,1.0,1,0.0021454769994306844,10,24.0,6.02544468063336e-10,residual_tol,0,0,0.00022367899509845302,0.0,True,,0,0,2.2124567051725563,1.0,1.0,0.0,0.0,1.0,0.0,1.0,8240.0,1024.0,2048.0,0.0,4608.0,192.0,192.0,88.0,80.0,0.0,0.0,8.0,0.0,4.478600021684542e-05,0.000980723005341133,0.0003824880041065626,6.816999666625634e-05,0.000446795005700551
11,24,OMP,baseline,OMP (baseline),128,256,0.5,gaussian,gaussian,clean,0.0,2.5759732221490107e-30,1.6049838697472977e-15,1.0,1.0,1,0.0017549730000609998,24,24.0,8.991240962649331e-15,target_sparsity_reached,0,0,0.0007728899981884751,1.0,False,,0,0,2.1118842084584935,0.0,0.0,0.0,0.0,0.0,0.0,0.0,5864.0,1024.0,2048.0,0.0,0.0,0.0,2400.0,200.0,0.0,0.0,0.0,192.0,0.0,0.00010652698983903974,0.00013752299491898157,0.0007728899981884751,0.00014248499428504147,0.0
11,24,OMP,optimized,OMP (optimized),128,256,0.5,gaussian,gaussian,clean,0.0,1.3404373022916949e-20,1.1577725606921658e-10,1.0,1.0,1,0.0009035859984578565,24,24.0,5.166001258663399e-10,target_sparsity_reached,0,0,0.00035393700090935454,1.0,True,,0,0,2.1118842084584935,0.0,0.0,0.0,0.0,0.0,0.0,0.0,6480.0,1024.0,0.0,256.0,4608.0,192.0,192.0,200.0,0.0,0.0,0.0,8.0,0.0,0.00010157599172089249,4.265401730663143e-05,0.00035393700090935454,0.00012838600014219992,0.00018139999519917183
11,24,gOMP,baseline,gOMP (baseline),128,256,0.5,gaussian,gaussian,clean,0.0,6.868863435375811e-06,0.002620851662222761,0.9583333333333334,0.9583333333333334,0,0.0006980670004850253,8,24.0,0.01104096943085291,target_sparsity_reached,1,1,0.0002995549984916579,3.0,False,,0,0,2.2880927154477857,0.0,0.0,0.0,0.0,0.0,0.0,0.0,4328.0,1024.0,2048.0,256.0,0.0,0.0,864.0,72.0,0.0,0.0,0.0,64.0,0.0,3.652300438261591e-05,7.090600047376938e-05,0.0002995549984916579,5.043499550083652e-05,0.0
11,24,gOMP,optimized,gOMP (optimized),128,256,0.5,gaussian,gaussian,clean,0.0,6.868863503629185e-06,0.002620851675243982,0.9583333333333334,0.9583333333333334,0,0.0003267879983468447,8,24.0,0.011040969430853038,target_sparsity_reached,1,1,0.00011527099923114292,3.0,True,,0,0,2.2880927154477857,0.0,0.0,0.0,0.0,0.0,0.0,0.0,1552.0,1024.0,0.0,256.0,0.0,0.0,192.0,72.0,0.0,0.0,0.0,8.0,0.0,4.661000275518745e-05,6.060300438548438e-05,0.00011527099923114292,3.773599746637046e-05,0.0
11,24,Improved-gOMP,baseline,Improved-gOMP (baseline),128,256,0.5,gaussian,gaussian,clean,0.0,0.0002145149410680229,0.014646328586646652,0.9166666666666666,0.9166666666666666,0,0.004685611002059886,10,24.0,0.05871679599473184,target_sparsity_reached,2,2,0.0004563429902191274,17.5,False,,0,0,2.167038715320239,1.0,1.0,1.0,1.0,1.0,1.0,0.0,4584.0,1024.0,2048.0,0.0,0.0,0.0,1104.0,88.0,80.0,80.0,80.0,80.0,0.0,5.280500772641972e-05,0.003328042999783065,0.00036416100192582235,7.89399964560289e-05,0.0002931910094048362
11,24,Improved-gOMP,optimized,Improved-gOMP (optimized),128,256,0.5,gaussian,gaussian,clean,0.0,1.3404366511952428e-20,1.1577722795071762e-10,1.0,1.0,1,0.0019121210025332402,10,24.0,5.166000159277938e-10,residual_tol,0,0,0.00021886200192966498,0.0,True,,0,0,2.111884208458494,1.0,1.0,0.0,0.0,1.0,0.0,1.0,8240.0,1024.0,2048.0,0.0,4608.0,192.0,192.0,88.0,80.0,0.0,0.0,8.0,0.0,5.11599937453866e-05,0.0010383379994891584,0.00038540299283340573,6.905399277457036e-05,0.00012791898916475475
12,24,OMP,baseline,OMP (baseline),128,256,0.5,gaussian,gaussian,clean,0.0,2.8070770470054824e-30,1.6754333907993724e-15,1.0,1.0,1,0.001986138999200193,24,24.0,8.908807483859377e-15,target_sparsity_reached,0,0,0.0008603019959991798,1.0,False,,0,0,2.3803403540607952,0.0,0.0,0.0,0.0,0.0,0.0,0.0,5864.0,1024.0,2048.0,0.0,0.0,0.0,2400.0,200.0,0.0,0.0,0.0,192.0,0.0,0.00013323501116246916,0.00015540700405836105,0.0008603019959991798,0.00015518599320785142,0.0
12,24,OMP,optimized,OMP (optimized),128,256,0.5,gaussian,gaussian,clean,0.0,2.695697275050909e-20,1.6418578729752796e-10,1.0,1.0,1,0.002141904999007238,24,24.0,5.86087550793892e-10,target_sparsity_reached,0,0,0.0008590140023443382,1.0,True,,0,0,2.3803403540607952,0.0,0.0,0.0,0.0,0.0,0.0,0.0,6480.0,1024.0,0.0,256.0,4608.0,192.0,192.0,200.0,0.0,0.0,0.0,8.0,0.0,0.000181672989128856,8.744800652493723e-05,0.0008590140023443382,0.0003293860027042683,0.0005016579962102696
12,24,gOMP,baseline,gOMP (baseline),128,256,0.5,gaussian,gaussian,clean,0.0,7.26783142107635e-05,0.008525157723512422,0.9583333333333334,0.9583333333333334,0,0.0012573819985846058,8,24.0,0.03296192358197216,target_sparsity_reached,1,1,0.00046913900223444216,3.0,False,,0,0,2.393872260757014,0.0,0.0,0.0,0.0,0.0,0.0,0.0,4328.0,1024.0,2048.0,256.0,0.0,0.0,864.0,72.0,0.0,0.0,0.0,64.0,0.0,6.781799675081857e-05,0.0001915280008688569,0.00046913900223444216,0.00010127699715667404,0.0
12,24,gOMP,optimized,gOMP (optimized),128,256,0.5,gaussian,gaussian,clean,0.0,7.26783141394531e-05,0.008525157719330071,0.9583333333333334,0.9583333333333334,0,0.0007164700000430457,8,24.0,0.03296192358197213,target_sparsity_reached,1,1,0.00025930499759851955,3.0,True,,0,0,2.393872260757014,0.0,0.0,0.0,0.0,0.0,0.0,0.0,1552.0,1024.0,0.0,256.0,0.0,0.0,192.0,72.0,0.0,0.0,0.0,8.0,0.0,6.333399142022245e-05,0.00016560400399612263,0.00025930499759851955,0.00010382000255049206,0.0
12,24,Improved-gOMP,baseline,Improved-gOMP (baseline),128,256,0.5,gaussian,gaussian,clean,0.0,0.0007153461309278027,0.026745955412506815,0.9166666666666666,0.9166666666666666,0,0.005112759001349332,9,24.0,0.09866003551455069,target_sparsity_reached,2,2,0.00046377400212804787,18.555555555555557,False,,0,0,2.369434373575367,1.0,1.0,1.0,1.0,1.0,1.0,0.0,4448.0,1024.0,2048.0,0.0,0.0,0.0,1008.0,80.0,72.0,72.0,72.0,72.0,0.0,5.543299266719259e-05,0.0037976250059728045,0.0003946250071749091,7.201400512713008e-05,0.00019420599710429087
12,24,Improved-gOMP,optimized,Improved-gOMP (optimized),128,256,0.5,gaussian,gaussian,clean,0.0,2.695699849969608e-20,1.6418586571229594e-10,1.0,1.0,1,0.0023675010015722364,10,24.0,5.860877763026801e-10,residual_tol,0,0,0.00022836100470158271,0.0,True,,0,0,2.3803403540607952,1.0,1.0,0.0,0.0,1.0,0.0,1.0,8240.0,1024.0,2048.0,0.0,4608.0,192.0,192.0,88.0,80.0,0.0,0.0,8.0,0.0,4.1362996853422374e-05,0.0010767729982035235,0.0004117010030313395,6.528100129798986e-05,0.0005463409979711287
13,24,OMP,baseline,OMP (baseline),128,256,0.5,gaussian,gaussian,clean,0.0,1.2705003749676473e-30,1.1271647505877955e-15,1.0,1.0,1,0.0019089030029135756,24,24.0,6.172960291985122e-15,target_sparsity_reached,0,0,0.0008352199838554952,1.0,False,,0,0,2.1841820984219313,0.0,0.0,0.0,0.0,0.0,0.0,0.0,5864.0,1024.0,2048.0,0.0,0.0,0.0,2400.0,200.0,0.0,0.0,0.0,192.0,0.0,0.00011654199261101894,0.00015012699805083685,0.0008352199838554952,0.00015862299187574536,0.0
13,24,OMP,optimized,OMP (optimized),128,256,0.5,gaussian,gaussian,clean,0.0,2.5931899718419437e-20,1.610338464994842e-10,1.0,1.0,1,0.0007798990009177942,24,24.0,6.678828070908493e-10,target_sparsity_reached,0,0,0.000306494996038964,1.0,True,,0,0,2.1841820984219313,0.0,0.0,0.0,0.0,0.0,0.0,0.0,6480.0,1024.0,0.0,256.0,4608.0,192.0,192.0,200.0,0.0,0.0,0.0,8.0,0.0,9.453499660594389e-05,2.6911999157164246e-05,0.000306494996038964,0.00010840499453479424,0.00015595999502693303
13,24,gOMP,baseline,gOMP (baseline),128,256,0.5,gaussian,gaussian,clean,0.0,9.847974453570162e-05,0.009923696112623644,0.9583333333333334,0.9583333333333334,0,0.0007374279994110111,8,24.0,0.04453170765491931,target_sparsity_reached,1,1,0.0003175710044160951,3.0,False,,0,0,2.4300275140182683,0.0,0.0,0.0,0.0,0.0,0.0,0.0,4328.0,1024.0,2048.0,256.0,0.0,0.0,864.0,72.0,0.0,0.0,0.0,64.0,0.0,3.574099173420109e-05,7.839201134629548e-05,0.0003175710044160951,5.596199844148941e-05,0.0
13,24,gOMP,optimized,gOMP (optimized),128,256,0.5,gaussian,gaussian,clean,0.0,9.847974466154135e-05,0.00992369611896401,0.9583333333333334,0.9583333333333334,0,0.00031543499790132046,8,24.0,0.044531707654919164,target_sparsity_reached,1,1,0.00011329399785608985,3.0,True,,0,0,2.4300275140182683,0.0,0.0,0.0,0.0,0.0,0.0,0.0,1552.0,1024.0,0.0,256.0,0.0,0.0,192.0,72.0,0.0,0.0,0.0,8.0,0.0,3.3486998290754855e-05,6.0539005062310025e-05,0.00011329399785608985,3.6675006413133815e-05,0.0
13,24,Improved-gOMP,baseline,Improved-gOMP (baseline),128,256,0.5,gaussian,gaussian,clean,0.0,0.002043855334866122,0.04520901829133345,0.8333333333333334,0.8333333333333334,0,0.004260376001184341,9,24.0,0.1921595722917662,target_sparsity_reached,4,4,0.00042458000825718045,18.444444444444443,False,,0,0,2.4958596893079656,1.0,1.0,1.0,1.0,1.0,1.0,0.0,4448.0,1024.0,2048.0,0.0,0.0,0.0,1008.0,80.0,72.0,72.0,72.0,72.0,0.0,5.370399958337657e-05,0.0030729879945283756,0.0003586839993658941,6.422399383154698e-05,0.00018920299771707505
13,24,Improved-gOMP,optimized,Improved-gOMP (optimized),128,256,0.5,gaussian,gaussian,clean,0.0,2.5931908056431058e-20,1.6103387238848558e-10,1.0,1.0,1,0.0029434079988277517,10,24.0,6.678830666573627e-10,residual_tol,0,0,0.00024059800125542097,0.0,True,,0,0,2.184182098421932,1.0,1.0,0.0,0.0,1.0,0.0,1.0,8240.0,1024.0,2048.0,0.0,4608.0,192.0,192.0,88.0,80.0,0.0,0.0,8.0,0.0,5.139600034453906e-05,0.001331375002337154,0.00038320299427141435,6.712500180583447e-05,0.0008421220009040553
14,24,OMP,baseline,OMP (baseline),128,256,0.5,gaussian,gaussian,clean,0.0,6.749528899119615e-31,8.215551654709266e-16,1.0,1.0,1,0.0020334020009613596,24,24.0,4.2808307967421706e-15,target_sparsity_reached,0,0,0.0008588999953644816,1.0,False,,0,0,2.3579483613821632,0.0,0.0,0.0,0.0,0.0,0.0,0.0,5864.0,1024.0,2048.0,0.0,0.0,0.0,2400.0,200.0,0.0,0.0,0.0,192.0,0.0,0.00012102000255254097,0.0001748789982229937,0.0008588999953644816,0.0001781619939720258,0.0
14,24,OMP,optimized,OMP (optimized),128,256,0.5,gaussian,gaussian,clean,0.0,2.870295959975431e-20,1.6941947821828016e-10,1.0,1.0,1,0.0008035200007725507,24,24.0,6.554668675103334e-10,target_sparsity_reached,0,0,0.0003163270084769465,1.0,True,,0,0,2.3579483613821632,0.0,0.0,0.0,0.0,0.0,0.0,0.0,6480.0,1024.0,0.0,256.0,4608.0,192.0,192.0,200.0,0.0,0.0,0.0,8.0,0.0,7.82049901317805e-05,2.7373993361834437e-05,0.0003163270084769465,0.00011092799104517326,0.00016780201258370653
14,24,gOMP,baseline,gOMP (baseline),128,256,0.5,gaussian,gaussian,clean,0.0,0.00011762134073649631,0.01084533728090078,0.9166666666666666,0.9166666666666666,0,0.000678744003380416,8,24.0,0.048428130673957674,target_sparsity_reached,2,2,0.00029727499713771977,3.0,False,,0,0,2.394899057945763,0.0,0.0,0.0,0.0,0.0,0.0,0.0,4328.0,1024.0,2048.0,256.0,0.0,0.0,864.0,72.0,0.0,0.0,0.0,64.0,0.0,3.12329939333722e-05,7.357600043178536e-05,0.00029727499713771977,4.561899550026283e-05,0.0
14,24,gOMP,optimized,gOMP (optimized),128,256,0.5,gaussian,gaussian,clean,0.0,0.0001176213409233652,0.010845337289515951,0.9166666666666666,0.9166666666666666,0,0.0003511020004225429,8,24.0,0.04842813067395765,target_sparsity_reached,2,2,0.0001286550068471115,3.0,True,,0,0,2.394899057945763,0.0,0.0,0.0,0.0,0.0,0.0,0.0,1552.0,1024.0,0.0,256.0,0.0,0.0,192.0,72.0,0.0,0.0,0.0,8.0,0.0,3.3039999834727496e-05,6.48380046186503e-05,0.0001286550068471115,4.318800347391516e-05,0.0
14,24,Improved-gOMP,baseline,Improved-gOMP (baseline),128,256,0.5,gaussian,gaussian,clean,0.0,8.994762374194867e-06,0.00299912693532549,0.9583333333333334,0.9583333333333334,0,0.004308953997679055,9,24.0,0.012272939643937117,target_sparsity_reached,1,1,0.0004003469912277069,18.88888888888889,False,,0,0,2.358568115090525,1.0,1.0,1.0,1.0,1.0,1.0,0.0,4448.0,1024.0,2048.0,0.0,0.0,0.0,1008.0,80.0,72.0,72.0,72.0,72.0,0.0,4.879800326307304e-05,0.0030622060075984336,0.0003427440096857026,7.696299508097582e-05,0.00019071498900302686
14,24,Improved-gOMP,optimized,Improved-gOMP (optimized),128,256,0.5,gaussian,gaussian,clean,0.0,9.510609311908815e-06,0.0030839275789014266,0.9583333333333334,0.9583333333333334,0,0.0018643500006874092,9,24.0,0.012048229147958146,target_sparsity_reached,1,1,0.00021358300000429153,0.0,True,,0,0,2.2381866392601757,1.0,1.0,0.0,0.0,1.0,0.0,1.0,8224.0,1024.0,2048.0,0.0,4608.0,192.0,192.0,80.0,72.0,0.0,0.0,8.0,0.0,4.0183997043641284e-05,0.0010131150011147838,0.00037843099562451243,7.10259992047213e-05,0.00015559600433334708
15,24,OMP,baseline,OMP (baseline),128,256,0.5,gaussian,gaussian,clean,0.0,4.406303902131475e-30,2.099119792229942e-15,1.0,1.0,1,0.0018026539983111434,24,24.0,8.632393981565991e-15,target_sparsity_reached,0,0,0.0007864549988880754,1.0,False,,0,0,2.3123021898093272,0.0,0.0,0.0,0.0,0.0,0.0,0.0,5864.0,1024.0,2048.0,0.0,0.0,0.0,2400.0,200.0,0.0,0.0,0.0,192.0,0.0,0.00012589299512910657,0.00013677699098479934,0.0007864549988880754,0.00015288499344023876,0.0
15,24,OMP,optimized,OMP (optimized),128,256,0.5,gaussian,gaussian,clean,0.0,1.2922418684983979e-20,1.1367681683168288e-10,1.0,1.0,1,0.0008103670006676111,24,24.0,3.7897849168538144e-10,target_sparsity_reached,0,0,0.0003183450025971979,1.0,True,,0,0,2.3123021898093272,0.0,0.0,0.0,0.0,0.0,0.0,0.0,6480.0,1024.0,0.0,256.0,4608.0,192.0,192.0,200.0,0.0,0.0,0.0,8.0,0.0,9.573699935572222e-05,2.8848004149040207e-05,0.0003183450025971979,0.0001113399957830552,0.00016021298506530002
15,24,gOMP,baseline,gOMP (baseline),128,256,0.5,gaussian,gaussian,clean,0.0,3.0560990910920307e-07,0.0005528199608454845,0.9583333333333334,0.9583333333333334,0,0.0007211629999801517,8,24.0,0.0017461449836655937,target_sparsity_reached,1,1,0.00030199300090316683,3.0,False,,0,0,2.3172491204598407,0.0,0.0,0.0,0.0,0.0,0.0,0.0,4328.0,1024.0,2048.0,256.0,0.0,0.0,864.0,72.0,0.0,0.0,0.0,64.0,0.0,3.64419975085184e-05,7.724299575784244e-05,0.00030199300090316683,6.74359907861799e-05,0.0
15,24,gOMP,optimized,gOMP (optimized),128,256,0.5,gaussian,gaussian,clean,0.0,3.056099135937843e-07,0.00055281996490158,0.9583333333333334,0.9583333333333334,0,0.0003198429985786788,8,24.0,0.0017461449836655375,target_sparsity_reached,1,1,0.00011322499631205574,3.0,True,,0,0,2.3172491204598407,0.0,0.0,0.0,0.0,0.0,0.0,0.0,1552.0,1024.0,0.0,256.0,0.0,0.0,192.0,72.0,0.0,0.0,0.0,8.0,0.0,3.3269992854911834e-05,6.482599201262929e-05,0.00011322499631205574,3.7641002563759685e-05,0.0
15,24,Improved-gOMP,baseline,Improved-gOMP (baseline),128,256,0.5,gaussian,gaussian,clean,0.0,3.1306460859206937e-07,0.0005595217677553478,0.9583333333333334,0.9583333333333334,0,0.0055429919993912335,10,24.0,0.0017306790296381781,target_sparsity_reached,1,1,0.00046142900464474224,17.2,False,,0,0,2.3190387370444463,1.0,1.0,1.0,1.0,1.0,1.0,0.0,4640.0,1024.0,2048.0,0.0,0.0,0.0,1160.0,88.0,80.0,80.0,80.0,80.0,0.0,5.6485998356947675e-05,0.003938602996640839,0.0003984340037277434,6.822300201747566e-05,0.0005087940007797442
15,24,Improved-gOMP,optimized,Improved-gOMP (optimized),128,256,0.5,gaussian,gaussian,clean,0.0,1.2922408635804701e-20,1.1367677263102037e-10,1.0,1.0,1,0.002370526002778206,10,24.0,3.7897844940169844e-10,residual_tol,0,0,0.00023249900186783634,0.0,True,,0,0,2.3123021898093263,1.0,1.0,0.0,0.0,1.0,0.0,1.0,8240.0,1024.0,2048.0,0.0,4608.0,192.0,192.0,88.0,80.0,0.0,0.0,8.0,0.0,5.096800668979995e-05,0.0011711419974744786,0.00041405000956729054,7.457999890903011e-05,0.0004356849894975312
16,24,OMP,baseline,OMP (baseline),128,256,0.5,gaussian,gaussian,clean,0.0,2.8909402749735353e-30,1.700276528972136e-15,1.0,1.0,1,0.0017310690018348396,24,24.0,8.661043316550863e-15,target_sparsity_reached,0,0,0.00076893199729966,1.0,False,,0,0,2.305943032680948,0.0,0.0,0.0,0.0,0.0,0.0,0.0,5864.0,1024.0,2048.0,0.0,0.0,0.0,2400.0,200.0,0.0,0.0,0.0,192.0,0.0,9.90189946605824e-05,0.00013453599240165204,0.00076893199729966,0.00012631298886844888,0.0
16,24,OMP,optimized,OMP (optimized),128,256,0.5,gaussian,gaussian,clean,0.0,2.148022407380481e-20,1.4656133212346565e-10,1.0,1.0,1,0.0008027770018088631,24,24.0,4.929045534167913e-10,target_sparsity_reached,0,0,0.00032047200147644617,1.0,True,,0,0,2.305943032680948,0.0,0.0,0.0,0.0,0.0,0.0,0.0,6480.0,1024.0,0.0,256.0,4608.0,192.0,192.0,200.0,0.0,0.0,0.0,8.0,0.0,7.876300151110627e-05,2.9128997994121164e-05,0.00032047200147644617,0.00011785000242525712,0.0001649370024097152
16,24,gOMP,baseline,gOMP (baseline),128,256,0.5,gaussian,gaussian,clean,0.0,1.561161177159388e-06,0.0012494643560979992,0.9583333333333334,0.9583333333333334,0,0.0007331859997066204,8,24.0,0.004216573690543056,target_sparsity_reached,1,1,0.00032460700458614156,3.0,False,,0,0,2.2567211696874847,0.0,0.0,0.0,0.0,0.0,0.0,0.0,4328.0,1024.0,2048.0,256.0,0.0,0.0,864.0,72.0,0.0,0.0,0.0,64.0,0.0,3.316999936942011e-05,7.376099893008359e-05,0.00032460700458614156,5.1762996008619666e-05,0.0
16,24,gOMP,optimized,gOMP (optimized),128,256,0.5,gaussian,gaussian,clean,0.0,1.5611612498358247e-06,0.0012494643851810362,0.9583333333333334,0.9583333333333334,0,0.00036409399763215333,8,24.0,0.004216573690543071,target_sparsity_reached,1,1,0.00013906399908591993,3.0,True,,0,0,2.2567211696874847,0.0,0.0,0.0,0.0,0.0,0.0,0.0,1552.0,1024.0,0.0,256.0,0.0,0.0,192.0,72.0,0.0,0.0,0.0,8.0,0.0,3.379000918357633e-05,6.807300451328047e-05,0.00013906399908591993,4.780500239576213e-05,0.0
16,24,Improved-gOMP,baseline,Improved-gOMP (baseline),128,256,0.5,gaussian,gaussian,clean,0.0,4.1033859194539285e-05,0.006405767650683194,0.9166666666666666,0.9166666666666666,0,0.0041084369986492675,9,24.0,0.024695688021693012,target_sparsity_reached,2,2,0.00041285299812443554,18.88888888888889,False,,0,0,2.490933226889801,1.0,1.0,1.0,1.0,1.0,1.0,0.0,4448.0,1024.0,2048.0,0.0,0.0,0.0,1008.0,80.0,72.0,72.0,72.0,72.0,0.0,4.329699731897563e-05,0.0029732150032941718,0.00035280699739814736,5.529400004888885e-05,0.0001790389942470938
16,24,Improved-gOMP,optimized,Improved-gOMP (optimized),128,256,0.5,gaussian,gaussian,clean,0.0,2.148022429337668e-20,1.465613328725441e-10,1.0,1.0,1,0.0021930120019533206,10,24.0,4.929043783583183e-10,residual_tol,0,0,0.00021934499818598852,0.0,True,,0,0,2.3059430326809474,1.0,1.0,0.0,0.0,1.0,0.0,1.0,8240.0,1024.0,2048.0,0.0,4608.0,192.0,192.0,88.0,80.0,0.0,0.0,8.0,0.0,4.392700066091493e-05,0.0010298519919160753,0.00038628600304946303,6.383099753293209e-05,0.00044830200204160064
17,24,OMP,baseline,OMP (baseline),128,256,0.5,gaussian,gaussian,clean,0.0,1.9616292825910017e-30,1.4005817657641418e-15,1.0,1.0,1,0.0018126319992006756,24,24.0,6.639372134932517e-15,target_sparsity_reached,0,0,0.0008150300091074314,1.0,False,,0,0,2.163983278778887,0.0,0.0,0.0,0.0,0.0,0.0,0.0,5864.0,1024.0,2048.0,0.0,0.0,0.0,2400.0,200.0,0.0,0.0,0.0,192.0,0.0,0.00010853301137103699,0.0001432009958080016,0.0008150300091074314,0.00014765101150260307,0.0
17,24,OMP,optimized,OMP (optimized),128,256,0.5,gaussian,gaussian,clean,0.0,1.420146249776911e-20,1.1916988922445597e-10,1.0,1.0,1,0.0008643800028949045,24,24.0,5.259469703461952e-10,target_sparsity_reached,0,0,0.0003359299989824649,1.0,True,,0,0,2.163983278778887,0.0,0.0,0.0,0.0,0.0,0.0,0.0,6480.0,1024.0,0.0,256.0,4608.0,192.0,192.0,200.0,0.0,0.0,0.0,8.0,0.0,0.00010724800085881725,3.609400300774723e-05,0.0003359299989824649,0.00011968199760303833,0.00017182298688567244
17,24,gOMP,baseline,gOMP (baseline),128,256,0.5,gaussian,gaussian,clean,0.0,1.3332023111221155e-05,0.003651304302741851,0.9166666666666666,0.9166666666666666,0,0.0007147750002332032,8,24.0,0.014570753056638306,target_sparsity_reached,2,2,0.0003119429966318421,3.0,False,,0,0,2.2149251942965207,0.0,0.0,0.0,0.0,0.0,0.0,0.0,4328.0,1024.0,2048.0,256.0,0.0,0.0,864.0,72.0,0.0,0.0,0.0,64.0,0.0,3.9230995753314346e-05,7.151899626478553e-05,0.0003119429966318421,5.262900231173262e-05,0.0
17,24,gOMP,optimized,gOMP (optimized),128,256,0.5,gaussian,gaussian,clean,0.0,1.3332023079465387e-05,0.0036513042983933,0.9166666666666666,0.9166666666666666,0,0.0005925959994783625,8,24.0,0.014570753056638285,target_sparsity_reached,2,2,0.00028622399986488745,3.0,True,,0,0,2.2149251942965207,0.0,0.0,0.0,0.0,0.0,0.0,0.0,1552.0,1024.0,0.0,256.0,0.0,0.0,192.0,72.0,0.0,0.0,0.0,8.0,0.0,4.359100785222836e-05,6.908601062605157e-05,0.00028622399986488745,7.356400237767957e-05,0.0
17,24,Improved-gOMP,baseline,Improved-gOMP (baseline),128,256,0.5,gaussian,gaussian,clean,0.0,2.174862590483146e-06,0.0014747415334502333,0.9583333333333334,0.9583333333333334,0,0.004919961000268813,10,24.0,0.006378349085544491,target_sparsity_reached,1,1,0.0004498469970712904,17.9,False,,0,0,2.1204059183098805,1.0,1.0,1.0,1.0,1.0,1.0,0.0,4584.0,1024.0,2048.0,0.0,0.0,0.0,1104.0,88.0,80.0,80.0,80.0,80.0,0.0,5.9407000662758946e-05,0.003607471997383982,0.0003899279981851578,7.105199983925559e-05,0.00021257000480545685
17,24,Improved-gOMP,optimized,Improved-gOMP (optimized),128,256,0.5,gaussian,gaussian,clean,0.0,2.2636998309300537e-06,0.0015045596800825328,0.9583333333333334,0.9583333333333334,0,0.0020139979969826527,10,24.0,0.0063035229662842885,target_sparsity_reached,1,1,0.0002329099952476099,0.0,True,,0,0,2.1770252298776014,1.0,1.0,0.0,0.0,1.0,0.0,1.0,8240.0,1024.0,2048.0,0.0,4608.0,192.0,192.0,88.0,80.0,0.0,0.0,8.0,0.0,5.582099765888415e-05,0.0011153259947604965,0.0004055339923070278,7.606799408677034e-05,0.0001336270070169121
18,24,OMP,baseline,OMP (baseline),128,256,0.5,gaussian,gaussian,clean,0.0,1.4989311329830236e-30,1.2243084304957733e-15,1.0,1.0,1,0.0017360719975840766,24,24.0,5.127627804023382e-15,target_sparsity_reached,0,0,0.0007637640046596061,1.0,False,,0,0,2.228904085272494,0.0,0.0,0.0,0.0,0.0,0.0,0.0,5864.0,1024.0,2048.0,0.0,0.0,0.0,2400.0,200.0,0.0,0.0,0.0,192.0,0.0,9.787100134417415e-05,0.00013448300887830555,0.0007637640046596061,0.0001297939925279934,0.0
18,24,OMP,optimized,OMP (optimized),128,256,0.5,gaussian,gaussian,clean,0.0,1.631154405229014e-20,1.277166553441255e-10,1.0,1.0,1,0.0008204309997381642,24,24.0,4.892567083959747e-10,target_sparsity_reached,0,0,0.0003277790092397481,1.0,True,,0,0,2.228904085272494,0.0,0.0,0.0,0.0,0.0,0.0,0.0,6480.0,1024.0,0.0,256.0,4608.0,192.0,192.0,200.0,0.0,0.0,0.0,8.0,0.0,8.119000267470255e-05,2.9778988391626626e-05,0.0003277790092397481,0.00011061699478887022,0.00015961700046318583
18,24,gOMP,baseline,gOMP (baseline),128,256,0.5,gaussian,gaussian,clean,0.0,1.1708771664091262e-05,0.00342180824478685,0.9583333333333334,0.9583333333333334,0,0.000729113002307713,8,24.0,0.011708600989073021,target_sparsity_reached,1,1,0.0003079859998251777,3.0,False,,0,0,2.3161244236521794,0.0,0.0,0.0,0.0,0.0,0.0,0.0,4328.0,1024.0,2048.0,256.0,0.0,0.0,864.0,72.0,0.0,0.0,0.0,64.0,0.0,3.327699960209429e-05,7.941500734887086e-05,0.0003079859998251777,5.312699431669898e-05,0.0
18,24,gOMP,optimized,gOMP (optimized),128,256,0.5,gaussian,gaussian,clean,0.0,1.1708771680389795e-05,0.003421808247168417,0.9583333333333334,0.9583333333333334,0,0.0003129069991700817,8,24.0,0.011708600989073033,target_sparsity_reached,1,1,0.00011801200162153691,3.0,True,,0,0,2.3161244236521794,0.0,0.0,0.0,0.0,0.0,0.0,0.0,1552.0,1024.0,0.0,256.0,0.0,0.0,192.0,72.0,0.0,0.0,0.0,8.0,0.0,3.046700294362381e-05,5.771800351794809e-05,0.00011801200162153691,3.935099812224507e-05,0.0
18,24,Improved-gOMP,baseline,Improved-gOMP (baseline),128,256,0.5,gaussian,gaussian,clean,0.0,1.0859352320583909e-05,0.003295353140497071,0.9583333333333334,0.9583333333333334,0,0.004821155998797622,10,24.0,0.01202549905308286,target_sparsity_reached,1,1,0.00045117300760466605,17.3,False,,0,0,2.1780584010559267,1.0,1.0,1.0,1.0,1.0,1.0,0.0,4584.0,1024.0,2048.0,0.0,0.0,0.0,1104.0,88.0,80.0,80.0,80.0,80.0,0.0,4.5891007175669074e-05,0.00356555600228603,0.0003764380053326022,6.120400576037355e-05,0.00022972499937168323
18,24,Improved-gOMP,optimized,Improved-gOMP (optimized),128,256,0.5,gaussian,gaussian,clean,0.0,1.63115495150911e-20,1.2771667673053156e-10,1.0,1.0,1,0.00213232999885804,10,24.0,4.892567381669938e-10,residual_tol,0,0,0.00023857200358179398,0.0,True,,0,0,2.2289040852724944,1.0,1.0,0.0,0.0,1.0,0.0,1.0,8240.0,1024.0,2048.0,0.0,4608.0,192.0,192.0,88.0,80.0,0.0,0.0,8.0,0.0,8.228599472204223e-05,0.0011584769890760072,0.00041948800571844913,7.112599996617064e-05,0.00015242498920997605
19,24,OMP,baseline,OMP (baseline),128,256,0.5,gaussian,gaussian,clean,0.0,2.750910521780999e-05,0.005244912317456793,0.9583333333333334,0.9583333333333334,0,0.0018492899980628863,24,24.0,0.018197259711904647,target_sparsity_reached,1,1,0.0008170590044755954,1.0,False,,0,0,2.2484563540085927,0.0,0.0,0.0,0.0,0.0,0.0,0.0,5864.0,1024.0,2048.0,0.0,0.0,0.0,2400.0,200.0,0.0,0.0,0.0,192.0,0.0,0.00011644299229374155,0.00013692600623471662,0.0008170590044755954,0.0001683630071056541,0.0
19,24,OMP,optimized,OMP (optimized),128,256,0.5,gaussian,gaussian,clean,0.0,2.7509105365845078e-05,0.005244912331569048,0.9583333333333334,0.9583333333333334,0,0.0008692650008015335,24,24.0,0.01819725971190473,target_sparsity_reached,1,1,0.0003339600079925731,1.0,True,,0,0,2.2484563540085927,0.0,0.0,0.0,0.0,0.0,0.0,0.0,6480.0,1024.0,0.0,256.0,4608.0,192.0,192.0,200.0,0.0,0.0,0.0,8.0,0.0,0.00010405001012259163,3.081099930568598e-05,0.0003339600079925731,0.00012768901069648564,0.00017347501125186682
19,24,gOMP,baseline,gOMP (baseline),128,256,0.5,gaussian,gaussian,clean,0.0,0.00011931104283521413,0.010922959435757973,0.9166666666666666,0.9166666666666666,0,0.0007956109984661452,8,24.0,0.03615898901742296,target_sparsity_reached,2,2,0.000342672999977367,3.0,False,,0,0,2.2568035775481374,0.0,0.0,0.0,0.0,0.0,0.0,0.0,4328.0,1024.0,2048.0,256.0,0.0,0.0,864.0,72.0,0.0,0.0,0.0,64.0,0.0,4.478500341065228e-05,8.837900168146007e-05,0.000342672999977367,6.363400098052807e-05,0.0
19,24,gOMP,optimized,gOMP (optimized),128,256,0.5,gaussian,gaussian,clean,0.0,0.00011931104349825887,0.010922959466108939,0.9166666666666666,0.9166666666666666,0,0.00036745599936693907,8,24.0,0.0361589890174229,target_sparsity_reached,2,2,0.0001266350009245798,3.0,True,,0,0,2.2568035775481374,0.0,0.0,0.0,0.0,0.0,0.0,0.0,1552.0,1024.0,0.0,256.0,0.0,0.0,192.0,72.0,0.0,0.0,0.0,8.0,0.0,3.573999856598675e-05,8.313499711221084e-05,0.0001266350009245798,4.221200288156979e-05,0.0
19,24,Improved-gOMP,baseline,Improved-gOMP (baseline),128,256,0.5,gaussian,gaussian,clean,0.0,2.7509105217812687e-05,0.00524491231745705,0.9583333333333334,0.9583333333333334,0,0.006552384998940397,10,24.0,0.01819725971190474,target_sparsity_reached,1,1,0.0005010120003134944,17.1,False,,0,0,2.2484563540085927,1.0,1.0,1.0,1.0,1.0,1.0,0.0,4640.0,1024.0,2048.0,0.0,0.0,0.0,1160.0,88.0,80.0,80.0,80.0,80.0,0.0,5.998399865347892e-05,0.004816323002160061,0.00043547400855459273,7.62229974498041e-05,0.000531275993125746
19,24,Improved-gOMP,optimized,Improved-gOMP (optimized),128,256,0.5,gaussian,gaussian,clean,0.0,3.869399360933953e-30,1.9670788903686483e-15,1.0,1.0,1,0.0023170209969975986,10,24.0,9.762431901541739e-15,residual_tol,0,0,0.0002197700014221482,0.0,True,,0,0,2.2046251399777996,1.0,1.0,0.0,0.0,1.0,0.0,1.0,8240.0,1024.0,2048.0,0.0,4608.0,192.0,192.0,88.0,80.0,0.0,0.0,8.0,0.0,4.6722005208721384e-05,0.000993286997982068,0.000375516992789926,6.52290036669001e-05,0.0006248969948501326
20,24,OMP,baseline,OMP (baseline),128,256,0.5,gaussian,gaussian,clean,0.0,2.5542764516186048e-30,1.5982103902861492e-15,1.0,1.0,1,0.0019873439996445086,24,24.0,7.737025393421532e-15,target_sparsity_reached,0,0,0.0008561490103602409,1.0,False,,0,0,2.270480133172358,0.0,0.0,0.0,0.0,0.0,0.0,0.0,5864.0,1024.0,2048.0,0.0,0.0,0.0,2400.0,200.0,0.0,0.0,0.0,192.0,0.0,0.00011516400991240516,0.00015630500638508238,0.0008561490103602409,0.00017289899915340357,0.0
20,24,OMP,optimized,OMP (optimized),128,256,0.5,gaussian,gaussian,clean,0.0,1.7765883215038305e-20,1.3328872125967111e-10,1.0,1.0,1,0.0008045430004131049,24,24.0,5.131745110377102e-10,target_sparsity_reached,0,0,0.0003172009892296046,1.0,True,,0,0,2.270480133172358,0.0,0.0,0.0,0.0,0.0,0.0,0.0,6480.0,1024.0,0.0,256.0,4608.0,192.0,192.0,200.0,0.0,0.0,0.0,8.0,0.0,7.782998727634549e-05,4.4666998292086646e-05,0.0003172009892296046,0.00011000999438692816,0.0001627849997021258
20,24,gOMP,baseline,gOMP (baseline),128,256,0.5,gaussian,gaussian,clean,0.0,3.0685646795315584e-05,0.005539462681101443,0.9583333333333334,0.9583333333333334,0,0.0007220389998110477,8,24.0,0.01978041395565522,target_sparsity_reached,1,1,0.00030645299921161495,3.0,False,,0,0,2.334320743654042,0.0,0.0,0.0,0.0,0.0,0.0,0.0,4328.0,1024.0,2048.0,256.0,0.0,0.0,864.0,72.0,0.0,0.0,0.0,64.0,0.0,3.2289997761836275e-05,8.67589988047257e-05,0.00030645299921161495,5.881499600945972e-05,0.0
20,24,gOMP,optimized,gOMP (optimized),128,256,0.5,gaussian,gaussian,clean,0.0,3.0685646593216207e-05,0.005539462662859658,0.9583333333333334,0.9583333333333334,0,0.00030198899912647903,8,24.0,0.019780413955655184,target_sparsity_reached,1,1,0.0001108719952753745,3.0,True,,0,0,2.334320743654042,0.0,0.0,0.0,0.0,0.0,0.0,0.0,1552.0,1024.0,0.0,256.0,0.0,0.0,192.0,72.0,0.0,0.0,0.0,8.0,0.0,2.905600194935687e-05,5.73069992242381e-05,0.0001108719952753745,3.725100032170303e-05,0.0
20,24,Improved-gOMP,baseline,Improved-gOMP (baseline),128,256,0.5,gaussian,gaussian,clean,0.0,3.0315274068570487e-30,1.7411281994319226e-15,1.0,1.0,1,0.005707703003281495,10,24.0,8.717869009018405e-15,residual_tol,0,0,0.0005287749954732135,17.9,False,,0,0,2.2704801331723594,1.0,1.0,1.0,1.0,1.0,1.0,0.0,4584.0,1024.0,2048.0,0.0,0.0,0.0,1104.0,88.0,80.0,80.0,80.0,80.0,0.0,5.76189995626919e-05,0.004162616995017743,0.00045224899804452434,7.90470076026395e-05,0.0003099630012002308
20,24,Improved-gOMP,optimized,Improved-gOMP (optimized),128,256,0.5,gaussian,gaussian,clean,0.0,1.7765897565024785e-20,1.3328877509012072e-10,1.0,1.0,1,0.0019523890005075373,10,24.0,5.13174744046656e-10,residual_tol,0,0,0.00022392699975171126,0.0,True,,0,0,2.270480133172359,1.0,1.0,0.0,0.0,1.0,0.0,1.0,8240.0,1024.0,2048.0,0.0,4608.0,192.0,192.0,88.0,80.0,0.0,0.0,8.0,0.0,4.2589002987369895e-05,0.001101451001886744,0.0003896180023730267,6.374700024025515e-05,0.0001345450000371784
21,24,OMP,baseline,OMP (baseline),128,256,0.5,gaussian,gaussian,clean,0.0,1.2448703516333737e-30,1.1157375818862488e-15,1.0,1.0,1,0.0017399600001226645,24,24.0,5.447553211565405e-15,target_sparsity_reached,0,0,0.0007561059974250384,1.0,False,,0,0,2.108519689543334,0.0,0.0,0.0,0.0,0.0,0.0,0.0,5864.0,1024.0,2048.0,0.0,0.0,0.0,2400.0,200.0,0.0,0.0,0.0,192.0,0.0,0.00010659999315976165,0.00013220200344221666,0.0007561059974250384,0.0001408210191584658,0.0
21,24,OMP,optimized,OMP (optimized),128,256,0.5,gaussian,gaussian,clean,0.0,1.083040109166629e-20,1.0406921298667676e-10,1.0,1.0,1,0.000864673998876242,24,24.0,4.855472429246508e-10,target_sparsity_reached,0,0,0.00035036300687352195,1.0,True,,0,0,2.108519689543334,0.0,0.0,0.0,0.0,0.0,0.0,0.0,6480.0,1024.0,0.0,256.0,4608.0,192.0,192.0,200.0,0.0,0.0,0.0,8.0,0.0,9.703400428406894e-05,2.9716004064539447e-05,0.00035036300687352195,0.00011802300286944956,0.0001688010015641339
21,24,gOMP,baseline,gOMP (baseline),128,256,0.5,gaussian,gaussian,clean,0.0,3.149643250151008e-09,5.6121682531362225e-05,0.9583333333333334,0.9583333333333334,0,0.0007054560010146815,8,24.0,0.000222256636065208,target_sparsity_reached,1,1,0.0003064420016016811,3.0,False,,0,0,2.1305178912088976,0.0,0.0,0.0,0.0,0.0,0.0,0.0,4328.0,1024.0,2048.0,256.0,0.0,0.0,864.0,72.0,0.0,0.0,0.0,64.0,0.0,3.5708999348571524e-05,7.892498979344964e-05,0.0003064420016016811,5.204399349167943e-05,0.0
21,24,gOMP,optimized,gOMP (optimized),128,256,0.5,gaussian,gaussian,clean,0.0,3.1496432352900636e-09,5.612168239896291e-05,0.9583333333333334,0.9583333333333334,0,0.00029650899887201376,8,24.0,0.00022225663606574767,target_sparsity_reached,1,1,0.00010882499918807298,3.0,True,,0,0,2.1305178912088976,0.0,0.0,0.0,0.0,0.0,0.0,0.0,1552.0,1024.0,0.0,256.0,0.0,0.0,192.0,72.0,0.0,0.0,0.0,8.0,0.0,3.213999661966227e-05,5.462501212605275e-05,0.00010882499918807298,3.7394998798845336e-05,0.0
21,24,Improved-gOMP,baseline,Improved-gOMP (baseline),128,256,0.5,gaussian,gaussian,clean,0.0,3.1683532370438956e-09,5.628812696336498e-05,0.9583333333333334,0.9583333333333334,0,0.004950864000420552,10,24.0,0.00022154294561688078,target_sparsity_reached,1,1,0.0004702869919128716,18.0,False,,0,0,2.1771567441125796,1.0,1.0,1.0,1.0,1.0,1.0,0.0,4584.0,1024.0,2048.0,0.0,0.0,0.0,1104.0,88.0,80.0,80.0,80.0,80.0,0.0,7.480299609596841e-05,0.0035473010066198185,0.0003940210008295253,7.409099998767488e-05,0.0002910069924837444
21,24,Improved-gOMP,optimized,Improved-gOMP (optimized),128,256,0.5,gaussian,gaussian,clean,0.0,1.0830401240605868e-20,1.0406921370225619e-10,1.0,1.0,1,0.002464553999743657,10,24.0,4.855471291465728e-10,residual_tol,0,0,0.0003183129956596531,0.0,True,,0,0,2.1085196895433342,1.0,1.0,0.0,0.0,1.0,0.0,1.0,8240.0,1024.0,2048.0,0.0,4608.0,192.0,192.0,88.0,80.0,0.0,0.0,8.0,0.0,5.990600766381249e-05,0.001163007997092791,0.00044265700125833973,8.740499833947979e-05,0.0002915879995271098
22,24,OMP,baseline,OMP (baseline),128,256,0.5,gaussian,gaussian,clean,0.0,2.12181906281483e-30,1.456646512649802e-15,1.0,1.0,1,0.002035364999755984,24,24.0,7.139079905513226e-15,target_sparsity_reached,0,0,0.0008668039954500273,1.0,False,,0,0,2.092871721147127,0.0,0.0,0.0,0.0,0.0,0.0,0.0,5864.0,1024.0,2048.0,0.0,0.0,0.0,2400.0,200.0,0.0,0.0,0.0,192.0,0.0,0.00011560900384210981,0.00015656299001420848,0.0008668039954500273,0.00016137799684656784,0.0
22,24,OMP,optimized,OMP (optimized),128,256,0.5,gaussian,gaussian,clean,0.0,1.8604834635418393e-20,1.3639954045163933e-10,1.0,1.0,1,0.00079783199907979,24,24.0,5.084148486283953e-10,target_sparsity_reached,0,0,0.00031351399593404494,1.0,True,,0,0,2.092871721147127,0.0,0.0,0.0,0.0,0.0,0.0,0.0,6480.0,1024.0,0.0,256.0,4608.0,192.0,192.0,200.0,0.0,0.0,0.0,8.0,0.0,8.157499905792065e-05,2.857701838365756e-05,0.00031351399593404494,0.00011174199971719645,0.00016176798817468807
22,24,gOMP,baseline,gOMP (baseline),128,256,0.5,gaussian,gaussian,clean,0.0,8.195189365809308e-08,0.00028627241162587267,0.9583333333333334,0.9583333333333334,0,0.0007639840005140286,8,24.0,0.00109517956815447,target_sparsity_reached,1,1,0.00031927799864206463,3.0,False,,0,0,2.3882842043849863,0.0,0.0,0.0,0.0,0.0,0.0,0.0,4328.0,1024.0,2048.0,256.0,0.0,0.0,864.0,72.0,0.0,0.0,0.0,64.0,0.0,4.114200419280678e-05,0.00010128700523637235,0.00031927799864206463,5.3391006076708436e-05,0.0
22,24,gOMP,optimized,gOMP (optimized),128,256,0.5,gaussian,gaussian,clean,0.0,8.195189092421766e-08,0.00028627240685091826,0.9583333333333334,0.9583333333333334,0,0.0003526350010361057,8,24.0,0.001095179568154763,target_sparsity_reached,1,1,0.00012319199595367536,3.0,True,,0,0,2.3882842043849863,0.0,0.0,0.0,0.0,0.0,0.0,0.0,1552.0,1024.0,0.0,256.0,0.0,0.0,192.0,72.0,0.0,0.0,0.0,8.0,0.0,3.5566994483815506e-05,7.856400407035835e-05,0.00012319199595367536,4.2447001760592684e-05,0.0
22,24,Improved-gOMP,baseline,Improved-gOMP (baseline),128,256,0.5,gaussian,gaussian,clean,0.0,1.3073460970045521e-30,1.1433923635412964e-15,1.0,1.0,1,0.005412524002167629,10,24.0,4.847849175549023e-15,residual_tol,0,0,0.0004345130037108902,17.2,False,,0,0,2.0928717211471266,1.0,1.0,1.0,1.0,1.0,1.0,0.0,4640.0,1024.0,2048.0,0.0,0.0,0.0,1160.0,88.0,80.0,80.0,80.0,80.0,0.0,4.880799679085612e-05,0.0035992969969811384,0.00037940900801913813,5.757199687650427e-05,0.0007084229982865509
22,24,Improved-gOMP,optimized,Improved-gOMP (optimized),128,256,0.5,gaussian,gaussian,clean,0.0,1.860482030498024e-20,1.363994879205206e-10,1.0,1.0,1,0.0027936799997405615,10,24.0,5.084146777238725e-10,residual_tol,0,0,0.0002848639996955171,0.0,True,,0,0,2.092871721147125,1.0,1.0,0.0,0.0,1.0,0.0,1.0,8240.0,1024.0,2048.0,0.0,4608.0,192.0,192.0,88.0,80.0,0.0,0.0,8.0,0.0,5.1499006076483056e-05,0.0013068230109638534,0.0005741770000895485,0.00010533599925111048,0.0004911029973300174
23,24,OMP,baseline,OMP (baseline),128,256,0.5,gaussian,gaussian,clean,0.0,2.6695796714060508e-30,1.6338848403134325e-15,1.0,1.0,1,0.0018598099995870143,24,24.0,8.351041693373037e-15,target_sparsity_reached,0,0,0.0007986119999259245,1.0,False,,0,0,2.2084348915430247,0.0,0.0,0.0,0.0,0.0,0.0,0.0,5864.0,1024.0,2048.0,0.0,0.0,0.0,2400.0,200.0,0.0,0.0,0.0,192.0,0.0,0.00011769198681577109,0.00013787900388706475,0.0007986119999259245,0.00015009599883342162,0.0
23,24,OMP,optimized,OMP (optimized),128,256,0.5,gaussian,gaussian,clean,0.0,1.7100846281354583e-20,1.3077020410381938e-10,1.0,1.0,1,0.0010403460000816267,24,24.0,4.895749441973965e-10,target_sparsity_reached,0,0,0.0003723760091816075,1.0,True,,0,0,2.2084348915430247,0.0,0.0,0.0,0.0,0.0,0.0,0.0,6480.0,1024.0,0.0,256.0,4608.0,192.0,192.0,200.0,0.0,0.0,0.0,8.0,0.0,0.00013254398800199851,6.527400910272263e-05,0.0003723760091816075,0.00013473299259203486,0.00022086699391365983
23,24,gOMP,baseline,gOMP (baseline),128,256,0.5,gaussian,gaussian,clean,0.0,3.3627836131574583e-06,0.0018337894135252984,0.9583333333333334,0.9583333333333334,0,0.0007564490006188862,8,24.0,0.006591317424182165,target_sparsity_reached,1,1,0.0003334419925522525,3.0,False,,0,0,2.1810408466329854,0.0,0.0,0.0,0.0,0.0,0.0,0.0,4328.0,1024.0,2048.0,256.0,0.0,0.0,864.0,72.0,0.0,0.0,0.0,64.0,0.0,3.915400156984106e-05,8.119800259009935e-05,0.0003334419925522525,5.759899795521051e-05,0.0
23,24,gOMP,optimized,gOMP (optimized),128,256,0.5,gaussian,gaussian,clean,0.0,3.3627836112652668e-06,0.0018337894130093747,0.9583333333333334,0.9583333333333334,0,0.0003027729981113225,8,24.0,0.006591317424182324,target_sparsity_reached,1,1,0.00011109200204373337,3.0,True,,0,0,2.1810408466329854,0.0,0.0,0.0,0.0,0.0,0.0,0.0,1552.0,1024.0,0.0,256.0,0.0,0.0,192.0,72.0,0.0,0.0,0.0,8.0,0.0,3.542800550349057e-05,5.582200174103491e-05,0.00011109200204373337,3.795099473791197e-05,0.0
23,24,Improved-gOMP,baseline,Improved-gOMP (baseline),128,256,0.5,gaussian,gaussian,clean,0.0,3.358873298586559e-06,0.001832722919206981,0.9583333333333334,0.9583333333333334,0,0.005465328998980112,10,24.0,0.006588038259741518,target_sparsity_reached,1,1,0.0004769480074173771,16.8,False,,0,0,2.2003488403799882,1.0,1.0,1.0,1.0,1.0,1.0,0.0,4640.0,1024.0,2048.0,0.0,0.0,0.0,1160.0,88.0,80.0,80.0,80.0,80.0,0.0,5.924299330217764e-05,0.003781299998081522,0.0004168490013398696,7.245700180646963e-05,0.0005536380085686687
23,24,Improved-gOMP,optimized,Improved-gOMP (optimized),128,256,0.5,gaussian,gaussian,clean,0.0,1.710082881406162e-20,1.3077013731759106e-10,1.0,1.0,1,0.002738097999099409,10,24.0,4.895747300502031e-10,residual_tol,0,0,0.00023845199757488444,0.0,True,,0,0,2.2084348915430234,1.0,1.0,0.0,0.0,1.0,0.0,1.0,8240.0,1024.0,2048.0,0.0,4608.0,192.0,192.0,88.0,80.0,0.0,0.0,8.0,0.0,5.0325001211604103e-05,0.001352595991193084,0.00041201600106433034,7.557200297014788e-05,0.0005131040015839972
24,24,OMP,baseline,OMP (baseline),128,256,0.5,gaussian,gaussian,clean,0.0,2.063265048614708e-30,1.4364069926781573e-15,1.0,1.0,1,0.00224378300117678,24,24.0,7.672189112619601e-15,target_sparsity_reached,0,0,0.0009905729966703802,1.0,False,,0,0,2.3913173922477653,0.0,0.0,0.0,0.0,0.0,0.0,0.0,5864.0,1024.0,2048.0,0.0,0.0,0.0,2400.0,200.0,0.0,0.0,0.0,192.0,0.0,0.00012255599722266197,0.0001870540036179591,0.0009905729966703802,0.0001775290038494859,0.0
24,24,OMP,optimized,OMP (optimized),128,256,0.5,gaussian,gaussian,clean,0.0,1.7991197639894648e-20,1.341312701792339e-10,1.0,1.0,1,0.000808430999313714,24,24.0,5.335548430392565e-10,target_sparsity_reached,0,0,0.0003152410063194111,1.0,True,,0,0,2.3913173922477653,0.0,0.0,0.0,0.0,0.0,0.0,0.0,6480.0,1024.0,0.0,256.0,4608.0,192.0,192.0,200.0,0.0,0.0,0.0,8.0,0.0,9.145899821305647e-05,3.0233008146751672e-05,0.0003152410063194111,0.0001137899853347335,0.00016555698675801978
24,24,gOMP,baseline,gOMP (baseline),128,256,0.5,gaussian,gaussian,clean,0.0,2.316537317716919e-06,0.001522017515574942,0.9583333333333334,0.9583333333333334,0,0.0006780580006306991,8,24.0,0.006047775396992403,target_sparsity_reached,1,1,0.00030187599986675195,3.0,False,,0,0,2.2994437632694535,0.0,0.0,0.0,0.0,0.0,0.0,0.0,4328.0,1024.0,2048.0,256.0,0.0,0.0,864.0,72.0,0.0,0.0,0.0,64.0,0.0,2.9403992812149227e-05,6.970599861233495e-05,0.00030187599986675195,4.6770001063123345e-05,0.0
24,24,gOMP,optimized,gOMP (optimized),128,256,0.5,gaussian,gaussian,clean,0.0,2.316537262591405e-06,0.001522017497465586,0.9583333333333334,0.9583333333333334,0,0.0003017130002263002,8,24.0,0.006047775396992417,target_sparsity_reached,1,1,0.0001106610034184996,3.0,True,,0,0,2.2994437632694535,0.0,0.0,0.0,0.0,0.0,0.0,0.0,1552.0,1024.0,0.0,256.0,0.0,0.0,192.0,72.0,0.0,0.0,0.0,8.0,0.0,2.7540005248738453e-05,5.7074998039752245e-05,0.0001106610034184996,3.736299913725816e-05,0.0
24,24,Improved-gOMP,baseline,Improved-gOMP (baseline),128,256,0.5,gaussian,gaussian,clean,0.0,2.5184740952419756e-06,0.0015869700990384084,0.9583333333333334,0.9583333333333334,0,0.005308012998284539,10,24.0,0.005692821253005534,target_sparsity_reached,1,1,0.00044398801037459634,17.0,False,,0,0,2.30587905729998,1.0,1.0,1.0,1.0,1.0,1.0,0.0,4640.0,1024.0,2048.0,0.0,0.0,0.0,1160.0,88.0,80.0,80.0,80.0,80.0,0.0,5.025900463806465e-05,0.003685426003357861,0.0003865260005113669,5.852700269315392e-05,0.0005377939996833447
24,24,Improved-gOMP,optimized,Improved-gOMP (optimized),128,256,0.5,gaussian,gaussian,clean,0.0,1.7991193404751734e-20,1.3413125439192662e-10,1.0,1.0,1,0.00223342399840476,10,24.0,5.335550127680902e-10,residual_tol,0,0,0.00022179700317792594,0.0,True,,0,0,2.3913173922477653,1.0,1.0,0.0,0.0,1.0,0.0,1.0,8240.0,1024.0,2048.0,0.0,4608.0,192.0,192.0,88.0,80.0,0.0,0.0,8.0,0.0,4.1276009142166004e-05,0.0010915659950114787,0.0003917920003004838,6.373099313350394e-05,0.0004393169983814005
25,24,OMP,baseline,OMP (baseline),128,256,0.5,gaussian,gaussian,clean,0.0,2.4986221649974197e-30,1.5807030603492294e-15,1.0,1.0,1,0.0019164309996995144,24,24.0,7.329383851477282e-15,target_sparsity_reached,0,0,0.0008296449959743768,1.0,False,,0,0,2.2256390380138518,0.0,0.0,0.0,0.0,0.0,0.0,0.0,5864.0,1024.0,2048.0,0.0,0.0,0.0,2400.0,200.0,0.0,0.0,0.0,192.0,0.0,0.00012055800107191317,0.00014697100050398149,0.0008296449959743768,0.00017099999968195334,0.0
25,24,OMP,optimized,OMP (optimized),128,256,0.5,gaussian,gaussian,clean,0.0,1.5427725816905697e-20,1.2420839672464057e-10,1.0,1.0,1,0.0008482699995511211,24,24.0,4.532333393047313e-10,target_sparsity_reached,0,0,0.0003375999913259875,1.0,True,,0,0,2.2256390380138518,0.0,0.0,0.0,0.0,0.0,0.0,0.0,6480.0,1024.0,0.0,256.0,4608.0,192.0,192.0,200.0,0.0,0.0,0.0,8.0,0.0,9.867100743576884e-05,2.9188009648351e-05,0.0003375999913259875,0.00011812799493782222,0.00016870599938556552
25,24,gOMP,baseline,gOMP (baseline),128,256,0.5,gaussian,gaussian,clean,0.0,0.0001899270843139361,0.013781403568357473,0.9166666666666666,0.9166666666666666,0,0.0007202400011010468,8,24.0,0.04635914362926217,target_sparsity_reached,2,2,0.00031458199737244286,3.0,False,,0,0,2.5045342860183917,0.0,0.0,0.0,0.0,0.0,0.0,0.0,4328.0,1024.0,2048.0,256.0,0.0,0.0,864.0,72.0,0.0,0.0,0.0,64.0,0.0,3.73310103896074e-05,7.680500493734144e-05,0.00031458199737244286,5.232099647400901e-05,0.0
25,24,gOMP,optimized,gOMP (optimized),128,256,0.5,gaussian,gaussian,clean,0.0,0.0001899270844174386,0.013781403572112624,0.9166666666666666,0.9166666666666666,0,0.00036913299845764413,8,24.0,0.04635914362926215,target_sparsity_reached,2,2,0.00014490800458588637,3.0,True,,0,0,2.5045342860183917,0.0,0.0,0.0,0.0,0.0,0.0,0.0,1552.0,1024.0,0.0,256.0,0.0,0.0,192.0,72.0,0.0,0.0,0.0,8.0,0.0,3.701099558384158e-05,6.502399992314167e-05,0.00014490800458588637,4.58310023532249e-05,0.0
25,24,Improved-gOMP,baseline,Improved-gOMP (baseline),128,256,0.5,gaussian,gaussian,clean,0.0,3.0221332622677698e-30,1.7384283885934934e-15,1.0,1.0,1,0.005597651001153281,10,24.0,7.437723956096947e-15,residual_tol,0,0,0.0004992500034859404,16.8,False,,0,0,2.2256390380138518,1.0,1.0,1.0,1.0,1.0,1.0,0.0,4640.0,1024.0,2048.0,0.0,0.0,0.0,1160.0,88.0,80.0,80.0,80.0,80.0,0.0,6.026999471941963e-05,0.00387891499849502,0.0004283889938960783,8.500500916852616e-05,0.0005624539953714702
25,24,Improved-gOMP,optimized,Improved-gOMP (optimized),128,256,0.5,gaussian,gaussian,clean,0.0,1.54277396051314e-20,1.242084522290307e-10,1.0,1.0,1,0.002145075999578694,10,24.0,4.532336425882426e-10,residual_tol,0,0,0.00021031100550317205,0.0,True,,0,0,2.2256390380138518,1.0,1.0,0.0,0.0,1.0,0.0,1.0,8240.0,1024.0,2048.0,0.0,4608.0,192.0,192.0,88.0,80.0,0.0,0.0,8.0,0.0,4.7490997530985624e-05,0.000986996998108225,0.00038275099359452724,6.626100366702303e-05,0.0004573659934976604
26,24,OMP,baseline,OMP (baseline),128,256,0.5,gaussian,gaussian,clean,0.0,2.295477784167868e-30,1.5150834248211774e-15,1.0,1.0,1,0.0023566310010210145,24,24.0,6.878946586549422e-15,target_sparsity_reached,0,0,0.0008546589888283052,1.0,False,,0,0,2.476089620210923,0.0,0.0,0.0,0.0,0.0,0.0,0.0,5864.0,1024.0,2048.0,0.0,0.0,0.0,2400.0,200.0,0.0,0.0,0.0,192.0,0.0,0.0001190550065075513,0.0002482410054653883,0.0008546589888283052,0.00015025399989099242,0.0
26,24,OMP,optimized,OMP (optimized),128,256,0.5,gaussian,gaussian,clean,0.0,1.4399557183815825e-20,1.1999815491838124e-10,1.0,1.0,1,0.0008821390001685359,24,24.0,5.129128057928423e-10,target_sparsity_reached,0,0,0.0003504270061966963,1.0,True,,0,0,2.476089620210923,0.0,0.0,0.0,0.0,0.0,0.0,0.0,6480.0,1024.0,0.0,256.0,4608.0,192.0,192.0,200.0,0.0,0.0,0.0,8.0,0.0,8.874799459590577e-05,3.3018997783074155e-05,0.0003504270061966963,0.00012362599227344617,0.00018945099145639688
26,24,gOMP,baseline,gOMP (baseline),128,256,0.5,gaussian,gaussian,clean,0.0,6.487773024095528e-06,0.002547110720815946,0.9583333333333334,0.9583333333333334,0,0.0007483580011466984,8,24.0,0.009647141107460434,target_sparsity_reached,1,1,0.00033745499968063086,3.0,False,,0,0,2.43451031473894,0.0,0.0,0.0,0.0,0.0,0.0,0.0,4328.0,1024.0,2048.0,256.0,0.0,0.0,864.0,72.0,0.0,0.0,0.0,64.0,0.0,3.278800431871787e-05,7.689499761909246e-05,0.00033745499968063086,5.19519999215845e-05,0.0
26,24,gOMP,optimized,gOMP (optimized),128,256,0.5,gaussian,gaussian,clean,0.0,6.487773030387459e-06,0.0025471107220510574,0.9583333333333334,0.9583333333333334,0,0.00036835500213783234,8,24.0,0.009647141107460388,target_sparsity_reached,1,1,0.00014816600014455616,3.0,True,,0,0,2.43451031473894,0.0,0.0,0.0,0.0,0.0,0.0,0.0,1552.0,1024.0,0.0,256.0,0.0,0.0,192.0,72.0,0.0,0.0,0.0,8.0,0.0,3.0176004656823352e-05,6.959400707273744e-05,0.00014816600014455616,4.7044999519130215e-05,0.0
26,24,Improved-gOMP,baseline,Improved-gOMP (baseline),128,256,0.5,gaussian,gaussian,clean,0.0,0.017237148957101472,0.13129032316626185,0.8333333333333334,0.8333333333333334,0,0.004074662996572442,9,24.0,0.47714195775475077,target_sparsity_reached,4,4,0.00041470900396234356,18.22222222222222,False,,0,0,2.3370375705430826,1.0,1.0,1.0,1.0,1.0,1.0,0.0,4448.0,1024.0,2048.0,0.0,0.0,0.0,1008.0,80.0,72.0,72.0,72.0,72.0,0.0,4.200599869363941e-05,0.0029477870011760388,0.00034436800706316717,5.269000757834874e-05,0.00020212700110278092
26,24,Improved-gOMP,optimized,Improved-gOMP (optimized),128,256,0.5,gaussian,gaussian,clean,0.0,1.439956706721977e-20,1.1999819609985713e-10,1.0,1.0,1,0.002130614000634523,10,24.0,5.129127834234134e-10,residual_tol,0,0,0.00021179200120968744,0.0,True,,0,0,2.476089620210923,1.0,1.0,0.0,0.0,1.0,0.0,1.0,8240.0,1024.0,2048.0,0.0,4608.0,192.0,192.0,88.0,80.0,0.0,0.0,8.0,0.0,4.085199543624185e-05,0.0010060969907499384,0.00038624800072284415,6.265300180530176e-05,0.0004296549923310522
27,24,OMP,baseline,OMP (baseline),128,256,0.5,gaussian,gaussian,clean,0.0,2.3636296138915458e-30,1.5374100344057685e-15,1.0,1.0,1,0.0018301990021427628,24,24.0,7.282520391359647e-15,target_sparsity_reached,0,0,0.0007942920092318673,1.0,False,,0,0,2.1418317114705974,0.0,0.0,0.0,0.0,0.0,0.0,0.0,5864.0,1024.0,2048.0,0.0,0.0,0.0,2400.0,200.0,0.0,0.0,0.0,192.0,0.0,0.00011225000343983993,0.0001427870120096486,0.0007942920092318673,0.0001471090035920497,0.0
27,24,OMP,optimized,OMP (optimized),128,256,0.5,gaussian,gaussian,clean,0.0,1.716711757263766e-20,1.3102334743333976e-10,1.0,1.0,1,0.001594588000443764,24,24.0,5.542151928906797e-10,target_sparsity_reached,0,0,0.0005560109857469797,1.0,True,,0,0,2.1418317114705974,0.0,0.0,0.0,0.0,0.0,0.0,0.0,6480.0,1024.0,0.0,256.0,4608.0,192.0,192.0,200.0,0.0,0.0,0.0,8.0,0.0,0.00029891198573750444,5.608499486697838e-05,0.0005560109857469797,0.00018489499052520841,0.0003043970027647447
27,24,gOMP,baseline,gOMP (baseline),128,256,0.5,gaussian,gaussian,clean,0.0,9.962386979471603e-07,0.000998117577215811,0.9583333333333334,0.9583333333333334,0,0.0007460130000254139,8,24.0,0.004063503941785064,target_sparsity_reached,1,1,0.0003142360037600156,3.0,False,,0,0,2.146234333630534,0.0,0.0,0.0,0.0,0.0,0.0,0.0,4328.0,1024.0,2048.0,256.0,0.0,0.0,864.0,72.0,0.0,0.0,0.0,64.0,0.0,4.335099583840929e-05,8.412900206167251e-05,0.0003142360037600156,5.454799611470662e-05,0.0
27,24,gOMP,optimized,gOMP (optimized),128,256,0.5,gaussian,gaussian,clean,0.0,9.962386914955536e-07,0.0009981175739839237,0.9583333333333334,0.9583333333333334,0,0.00037544299993896857,8,24.0,0.004063503941785089,target_sparsity_reached,1,1,0.00014724799621035345,3.0,True,,0,0,2.146234333630534,0.0,0.0,0.0,0.0,0.0,0.0,0.0,1552.0,1024.0,0.0,256.0,0.0,0.0,192.0,72.0,0.0,0.0,0.0,8.0,0.0,3.471500167506747e-05,6.819099871790968e-05,0.00014724799621035345,4.885300586465746e-05,0.0
27,24,Improved-gOMP,baseline,Improved-gOMP (baseline),128,256,0.5,gaussian,gaussian,clean,0.0,1.6871936403323404e-30,1.2989201824332164e-15,1.0,1.0,1,0.006361875999573385,10,24.0,6.636779064302386e-15,residual_tol,0,0,0.000454799006547546,17.2,False,,0,0,2.1418317114705983,1.0,1.0,1.0,1.0,1.0,1.0,0.0,4640.0,1024.0,2048.0,0.0,0.0,0.0,1160.0,88.0,80.0,80.0,80.0,80.0,0.0,5.455200152937323e-05,0.0044772279979952145,0.00039066201134119183,6.561099871760234e-05,0.0007616659931954928
27,24,Improved-gOMP,optimized,Improved-gOMP (optimized),128,256,0.5,gaussian,gaussian,clean,0.0,1.7167090007152838e-20,1.3102324224027139e-10,1.0,1.0,1,0.0027668069997162092,10,24.0,5.542148304147983e-10,residual_tol,0,0,0.0002696049996302463,0.0,True,,0,0,2.1418317114705974,1.0,1.0,0.0,0.0,1.0,0.0,1.0,8240.0,1024.0,2048.0,0.0,4608.0,192.0,192.0,88.0,80.0,0.0,0.0,8.0,0.0,6.290600140346214e-05,0.001316841004154412,0.0004967349996150006,8.39830026961863e-05,0.00047645299855503254
28,24,OMP,baseline,OMP (baseline),128,256,0.5,gaussian,gaussian,clean,0.0,3.270622113055216e-30,1.8084861384747235e-15,1.0,1.0,1,0.0020071440012543462,24,24.0,8.022066616059094e-15,target_sparsity_reached,0,0,0.0008787219994701445,1.0,False,,0,0,2.13187968143171,0.0,0.0,0.0,0.0,0.0,0.0,0.0,5864.0,1024.0,2048.0,0.0,0.0,0.0,2400.0,200.0,0.0,0.0,0.0,192.0,0.0,0.00010974101314786822,0.00018747699505183846,0.0008787219994701445,0.00015587899906677194,0.0
28,24,OMP,optimized,OMP (optimized),128,256,0.5,gaussian,gaussian,clean,0.0,1.2010185409820652e-20,1.0959099146289649e-10,1.0,1.0,1,0.0010103079985128716,24,24.0,4.1283345173168563e-10,target_sparsity_reached,0,0,0.000372785005311016,1.0,True,,0,0,2.13187968143171,0.0,0.0,0.0,0.0,0.0,0.0,0.0,6480.0,1024.0,0.0,256.0,4608.0,192.0,192.0,200.0,0.0,0.0,0.0,8.0,0.0,9.176099410979077e-05,3.444799949647859e-05,0.000372785005311016,0.000149449009768432,0.0002584909998404328
28,24,gOMP,baseline,gOMP (baseline),128,256,0.5,gaussian,gaussian,clean,0.0,4.688346527545843e-05,0.0068471501572156595,0.9583333333333334,0.9583333333333334,0,0.0007306029983737972,8,24.0,0.023123757274837026,target_sparsity_reached,1,1,0.0002970810019178316,3.0,False,,0,0,2.046130490551901,0.0,0.0,0.0,0.0,0.0,0.0,0.0,4328.0,1024.0,2048.0,256.0,0.0,0.0,864.0,72.0,0.0,0.0,0.0,64.0,0.0,3.05620014842134e-05,7.367600846919231e-05,0.0002970810019178316,4.540699956123717e-05,0.0
28,24,gOMP,optimized,gOMP (optimized),128,256,0.5,gaussian,gaussian,clean,0.0,4.688346546134926e-05,0.00684715017078998,0.9583333333333334,0.9583333333333334,0,0.000358035002136603,8,24.0,0.023123757274837016,target_sparsity_reached,1,1,0.00012567300655064173,3.0,True,,0,0,2.046130490551901,0.0,0.0,0.0,0.0,0.0,0.0,0.0,1552.0,1024.0,0.0,256.0,0.0,0.0,192.0,72.0,0.0,0.0,0.0,8.0,0.0,3.184199522365816e-05,6.293600017670542e-05,0.00012567300655064173,4.156700742896646e-05,0.0
28,24,Improved-gOMP,baseline,Improved-gOMP (baseline),128,256,0.5,gaussian,gaussian,clean,0.0,4.7338926423592936e-05,0.006880328947339141,0.9583333333333334,0.9583333333333334,0,0.00485434899746906,10,24.0,0.023035532944676532,target_sparsity_reached,1,1,0.00047109399747569114,17.6,False,,0,0,2.096540618823921,1.0,1.0,1.0,1.0,1.0,1.0,0.0,4584.0,1024.0,2048.0,0.0,0.0,0.0,1104.0,88.0,80.0,80.0,80.0,80.0,0.0,6.92510002409108e-05,0.003515156997309532,0.0004047999973408878,6.533400301123038e-05,0.0002052790041489061
28,24,Improved-gOMP,optimized,Improved-gOMP (optimized),128,256,0.5,gaussian,gaussian,clean,0.0,4.659312222444392e-05,0.006825915486177947,0.9583333333333334,0.9583333333333334,0,0.001964674000191735,10,24.0,0.023168761768823806,target_sparsity_reached,1,1,0.0002594260004116222,0.0,True,,0,0,2.091680253259834,1.0,1.0,0.0,0.0,1.0,0.0,1.0,8240.0,1024.0,2048.0,0.0,4608.0,192.0,192.0,88.0,80.0,0.0,0.0,8.0,0.0,4.360599996289238e-05,0.0010500819989829324,0.0004337899954407476,7.096299304976128e-05,0.00013271200441522524
29,24,OMP,baseline,OMP (baseline),128,256,0.5,gaussian,gaussian,clean,0.0,3.0351843501944914e-30,1.7421780477880242e-15,1.0,1.0,1,0.0019462939999357332,24,24.0,7.492051991489188e-15,target_sparsity_reached,0,0,0.0008327899995492771,1.0,False,,0,0,2.3569122913784066,0.0,0.0,0.0,0.0,0.0,0.0,0.0,5864.0,1024.0,2048.0,0.0,0.0,0.0,2400.0,200.0,0.0,0.0,0.0,192.0,0.0,0.00011640200682450086,0.0001361270078632515,0.0008327899995492771,0.000177466994500719,0.0
29,24,OMP,optimized,OMP (optimized),128,256,0.5,gaussian,gaussian,clean,0.0,2.1275459506282164e-20,1.4586109661689151e-10,1.0,1.0,1,0.0009821649982768577,24,24.0,5.343083664099257e-10,target_sparsity_reached,0,0,0.0003675419866340235,1.0,True,,0,0,2.3569122913784066,0.0,0.0,0.0,0.0,0.0,0.0,0.0,6480.0,1024.0,0.0,256.0,4608.0,192.0,192.0,200.0,0.0,0.0,0.0,8.0,0.0,0.00011675300629576668,4.1010993300005794e-05,0.0003675419866340235,0.00014252300024963915,0.00020647199926315807
29,24,gOMP,baseline,gOMP (baseline),128,256,0.5,gaussian,gaussian,clean,0.0,1.2872770514535359e-05,0.0035878643389257846,0.9166666666666666,0.9166666666666666,0,0.001120670000091195,8,24.0,0.013533800746850984,target_sparsity_reached,2,2,0.00047326200001407415,3.0,False,,0,0,2.281217272885943,0.0,0.0,0.0,0.0,0.0,0.0,0.0,4328.0,1024.0,2048.0,256.0,0.0,0.0,864.0,72.0,0.0,0.0,0.0,64.0,0.0,5.0571001338539645e-05,0.0001101829984690994,0.00047326200001407415,0.00013397899238043465,0.0
29,24,gOMP,optimized,gOMP (optimized),128,256,0.5,gaussian,gaussian,clean,0.0,1.2872770598139654e-05,0.003587864350576768,0.9166666666666666,0.9166666666666666,0,0.0003507859983074013,8,24.0,0.013533800746851166,target_sparsity_reached,2,2,0.0001343850017292425,3.0,True,,0,0,2.281217272885943,0.0,0.0,0.0,0.0,0.0,0.0,0.0,1552.0,1024.0,0.0,256.0,0.0,0.0,192.0,72.0,0.0,0.0,0.0,8.0,0.0,3.4211996535304934e-05,6.748300074832514e-05,0.0001343850017292425,4.0775998058961704e-05,0.0
29,24,Improved-gOMP,baseline,Improved-gOMP (baseline),128,256,0.5,gaussian,gaussian,clean,0.0,1.25327264175641e-05,0.003540159094950974,0.9166666666666666,0.9166666666666666,0,0.004456812999706017,10,24.0,0.013675314797080859,target_sparsity_reached,2,2,0.0004336889978731051,17.6,False,,0,0,2.454447680372796,1.0,1.0,1.0,1.0,1.0,1.0,0.0,4584.0,1024.0,2048.0,0.0,0.0,0.0,1104.0,88.0,80.0,80.0,80.0,80.0,0.0,5.3266994655132294e-05,0.0032272880016535055,0.00037743400389445014,6.59019970044028e-05,0.0001795899988792371
29,24,Improved-gOMP,optimized,Improved-gOMP (optimized),128,256,0.5,gaussian,gaussian,clean,0.0,2.1275492101923866e-20,1.4586120835206275e-10,1.0,1.0,1,0.0019355749973328784,10,24.0,5.34308818229701e-10,residual_tol,0,0,0.00022134299797471613,0.0,True,,0,0,2.356912291378408,1.0,1.0,0.0,0.0,1.0,0.0,1.0,8240.0,1024.0,2048.0,0.0,4608.0,192.0,192.0,88.0,80.0,0.0,0.0,8.0,0.0,4.967099812347442e-05,0.0010476809948158916,0.00040801300201565027,7.069499406497926e-05,0.00013408099403022788
0,28,OMP,baseline,OMP (baseline),128,256,0.5,gaussian,gaussian,clean,0.0,2.175929407007836e-30,1.4751031852069997e-15,1.0,1.0,1,0.004921274998196168,28,28.0,8.215067236578134e-15,target_sparsity_reached,0,0,0.0032756179971329402,1.0,False,,0,0,2.2999366818869134,0.0,0.0,0.0,0.0,0.0,0.0,0.0,6776.0,1024.0,2048.0,0.0,0.0,0.0,3248.0,232.0,0.0,0.0,0.0,224.0,0.0,0.00015697299386374652,0.00019455399888101965,0.0032756179971329402,0.00022031800835975446,0.0
0,28,OMP,optimized,OMP (optimized),128,256,0.5,gaussian,gaussian,clean,0.0,1.7190344155658508e-20,1.311119527566366e-10,1.0,1.0,1,0.0011517759994603693,28,28.0,6.451742590980261e-10,target_sparsity_reached,0,0,0.00047242700748029165,1.0,True,,0,0,2.2999366818869134,0.0,0.0,0.0,0.0,0.0,0.0,0.0,8240.0,1024.0,0.0,256.0,6272.0,224.0,224.0,232.0,0.0,0.0,0.0,8.0,0.0,0.00011907000589417294,3.9301008655456826e-05,0.00047242700748029165,0.0001566319915582426,0.0002262919988424983
0,28,gOMP,baseline,gOMP (baseline),128,256,0.5,gaussian,gaussian,clean,0.0,0.0007023763905764906,0.026502384620567462,0.9285714285714286,0.9285714285714286,0,0.001003389999823412,10,28.0,0.114876310672974,target_sparsity_reached,2,2,0.00046088299495750107,3.0,False,,0,0,2.4684108435347114,0.0,0.0,0.0,0.0,0.0,0.0,0.0,4800.0,1024.0,2048.0,256.0,0.0,0.0,1304.0,88.0,0.0,0.0,0.0,80.0,0.0,4.613199780578725e-05,9.109300299314782e-05,0.00046088299495750107,6.508200021926314e-05,0.0
0,28,gOMP,optimized,gOMP (optimized),128,256,0.5,gaussian,gaussian,clean,0.0,0.000702376392179034,0.02650238465080141,0.9285714285714286,0.9285714285714286,0,0.00040636899939272553,10,28.0,0.11487631067297395,target_sparsity_reached,2,2,0.00015698100469307974,3.0,True,,0,0,2.4684108435347114,0.0,0.0,0.0,0.0,0.0,0.0,0.0,1600.0,1024.0,0.0,256.0,0.0,0.0,224.0,88.0,0.0,0.0,0.0,8.0,0.0,4.151100438321009e-05,7.151399768190458e-05,0.00015698100469307974,5.211900133872405e-05,0.0
0,28,Improved-gOMP,baseline,Improved-gOMP (baseline),128,256,0.5,gaussian,gaussian,clean,0.0,0.0014372411354721362,0.03791096326225616,0.8928571428571429,0.8928571428571429,0,0.006927932001417503,12,28.0,0.18471608016828897,target_sparsity_reached,3,3,0.0008521849958924577,16.833333333333332,False,,0,0,2.663099047640328,1.0,1.0,1.0,1.0,1.0,1.0,0.0,5080.0,1024.0,2048.0,0.0,0.0,0.0,1520.0,104.0,96.0,96.0,96.0,96.0,0.0,8.999400233733468e-05,0.004744817993923789,0.0007734080027148593,0.00014612199811381288,0.00024791200485196896
0,28,Improved-gOMP,optimized,Improved-gOMP (optimized),128,256,0.5,gaussian,gaussian,clean,0.0,0.0007023763921790313,0.026502384650801358,0.9285714285714286,0.9285714285714286,0,0.0022646659999736585,12,28.0,0.11487631067297388,target_sparsity_reached,2,2,0.00029297300352482125,0.0,True,,0,0,2.468410843534712,1.0,1.0,0.0,0.0,1.0,0.0,1.0,10000.0,1024.0,2048.0,0.0,6272.0,224.0,224.0,104.0,96.0,0.0,0.0,8.0,0.0,5.7416993513470516e-05,0.0012305670024943538,0.0004947039997205138,8.184800753952004e-05,0.0001446390015189536
1,28,OMP,baseline,OMP (baseline),128,256,0.5,gaussian,gaussian,clean,0.0,1.9713321888068967e-30,1.4040413771705224e-15,1.0,1.0,1,0.0027208870014874265,28,28.0,7.059198378927532e-15,target_sparsity_reached,0,0,0.0012586569973791484,1.0,False,,0,0,2.395894373145064,0.0,0.0,0.0,0.0,0.0,0.0,0.0,6776.0,1024.0,2048.0,0.0,0.0,0.0,3248.0,232.0,0.0,0.0,0.0,224.0,0.0,0.000119112002721522,0.0002702280071389396,0.0012586569973791484,0.0001901949872262776,0.0
1,28,OMP,optimized,OMP (optimized),128,256,0.5,gaussian,gaussian,clean,0.0,1.902799489873295e-20,1.3794199831354102e-10,1.0,1.0,1,0.0010100349973072298,28,28.0,4.944362431108897e-10,target_sparsity_reached,0,0,0.00040472800174029544,1.0,True,,0,0,2.395894373145064,0.0,0.0,0.0,0.0,0.0,0.0,0.0,8240.0,1024.0,0.0,256.0,6272.0,224.0,224.0,232.0,0.0,0.0,0.0,8.0,0.0,0.00010061299326480366,3.4727014281088486e-05,0.00040472800174029544,0.00014837200433248654,0.00020445500558707863
1,28,gOMP,baseline,gOMP (baseline),128,256,0.5,gaussian,gaussian,clean,0.0,1.2784729127950351e-30,1.1306957649142563e-15,1.0,1.0,1,0.0011646829989331309,10,28.0,6.001413194800998e-15,target_sparsity_reached,0,0,0.000514724993990967,3.0,False,,0,0,2.395894373145065,0.0,0.0,0.0,0.0,0.0,0.0,0.0,4800.0,1024.0,2048.0,256.0,0.0,0.0,1304.0,88.0,0.0,0.0,0.0,80.0,0.0,4.625800283974968e-05,0.00013466799646266736,0.000514724993990967,7.022399950074032e-05,0.0
1,28,gOMP,optimized,gOMP (optimized),128,256,0.5,gaussian,gaussian,clean,0.0,1.9028124758976626e-20,1.3794246901870588e-10,1.0,1.0,1,0.000405359998694621,10,28.0,4.944382294722088e-10,target_sparsity_reached,0,0,0.0001494130010541994,3.0,True,,0,0,2.395894373145065,0.0,0.0,0.0,0.0,0.0,0.0,0.0,1600.0,1024.0,0.0,256.0,0.0,0.0,224.0,88.0,0.0,0.0,0.0,8.0,0.0,3.614500383264385e-05,7.144000483094715e-05,0.0001494130010541994,5.204000626690686e-05,0.0
1,28,Improved-gOMP,baseline,Improved-gOMP (baseline),128,256,0.5,gaussian,gaussian,clean,0.0,2.686494887416308e-30,1.639053045943391e-15,1.0,1.0,1,0.00796484800230246,12,28.0,6.25282225937478e-15,residual_tol,0,0,0.0007198159983090591,16.833333333333332,False,,0,0,2.3958943731450657,1.0,1.0,1.0,1.0,1.0,1.0,0.0,5152.0,1024.0,2048.0,0.0,0.0,0.0,1592.0,104.0,96.0,96.0,96.0,96.0,0.0,7.348500002990477e-05,0.005561221005336847,0.0006492589964182116,0.0001239099983649794,0.0006493080036307219
1,28,Improved-gOMP,optimized,Improved-gOMP (optimized),128,256,0.5,gaussian,gaussian,clean,0.0,1.9028045402377287e-20,1.3794218137457913e-10,1.0,1.0,1,0.002299452000443125,12,28.0,4.944371437068215e-10,residual_tol,0,0,0.00027002499336958863,0.0,True,,0,0,2.3958943731450644,1.0,1.0,0.0,0.0,1.0,0.0,1.0,10000.0,1024.0,2048.0,0.0,6272.0,224.0,224.0,104.0,96.0,0.0,0.0,8.0,0.0,5.080999471829273e-05,0.001289926003664732,0.0004692479851655662,7.457299579982646e-05,0.00014501699843094684
2,28,OMP,baseline,OMP (baseline),128,256,0.5,gaussian,gaussian,clean,0.0,3.7686131109157844e-30,1.941291608933543e-15,1.0,1.0,1,0.002475235000019893,28,28.0,1.2570119922633807e-14,target_sparsity_reached,0,0,0.001147998005762929,1.0,False,,0,0,2.4306459291268614,0.0,0.0,0.0,0.0,0.0,0.0,0.0,6776.0,1024.0,2048.0,0.0,0.0,0.0,3248.0,232.0,0.0,0.0,0.0,224.0,0.0,0.0001312360072915908,0.00016614399646641687,0.001147998005762929,0.00019338001584401354,0.0
2,28,OMP,optimized,OMP (optimized),128,256,0.5,gaussian,gaussian,clean,0.0,1.6784762546660436e-20,1.2955602088154927e-10,1.0,1.0,1,0.0009934789995895699,28,28.0,6.043448024918673e-10,target_sparsity_reached,0,0,0.00040209600774687715,1.0,True,,0,0,2.4306459291268614,0.0,0.0,0.0,0.0,0.0,0.0,0.0,8240.0,1024.0,0.0,256.0,6272.0,224.0,224.0,232.0,0.0,0.0,0.0,8.0,0.0,0.00011235501006012782,3.4005006455117837e-05,0.00040209600774687715,0.0001418089959770441,0.00019475900262477808
2,28,gOMP,baseline,gOMP (baseline),128,256,0.5,gaussian,gaussian,clean,0.0,0.00014984349077791642,0.012241057584127133,0.9285714285714286,0.9285714285714286,0,0.0014895550011715386,10,28.0,0.05438857805236943,target_sparsity_reached,2,2,0.0005555290044867434,3.0,False,,0,0,2.399957560978364,0.0,0.0,0.0,0.0,0.0,0.0,0.0,4800.0,1024.0,2048.0,256.0,0.0,0.0,1304.0,88.0,0.0,0.0,0.0,80.0,0.0,7.265000022016466e-05,0.00011720100155798718,0.0005555290044867434,7.377599831670523e-05,0.0
2,28,gOMP,optimized,gOMP (optimized),128,256,0.5,gaussian,gaussian,clean,0.0,0.00014984349108463103,0.012241057596655244,0.9285714285714286,0.9285714285714286,0,0.0008281180016638245,10,28.0,0.05438857805236949,target_sparsity_reached,2,2,0.0002962910039059352,3.0,True,,0,0,2.399957560978364,0.0,0.0,0.0,0.0,0.0,0.0,0.0,1600.0,1024.0,0.0,256.0,0.0,0.0,224.0,88.0,0.0,0.0,0.0,8.0,0.0,9.915000555338338e-05,0.00020909299928462133,0.0002962910039059352,9.723700350150466e-05,0.0
2,28,Improved-gOMP,baseline,Improved-gOMP (baseline),128,256,0.5,gaussian,gaussian,clean,0.0,3.2860350836666654e-30,1.8127424206617623e-15,1.0,1.0,1,0.00790926199988462,12,28.0,1.1096929400567575e-14,residual_tol,0,0,0.0007038560070213862,17.166666666666668,False,,0,0,2.490041410516989,1.0,1.0,1.0,1.0,1.0,1.0,0.0,5152.0,1024.0,2048.0,0.0,0.0,0.0,1592.0,104.0,96.0,96.0,96.0,96.0,0.0,7.699700290686451e-05,0.005615992002276471,0.000625106997176772,9.124500502366573e-05,0.0006102679944888223
2,28,Improved-gOMP,optimized,Improved-gOMP (optimized),128,256,0.5,gaussian,gaussian,clean,0.0,3.621363499190581e-30,1.902988044941581e-15,1.0,1.0,1,0.0028856009994342458,12,28.0,1.2439143588687348e-14,residual_tol,0,0,0.0002868619958462659,0.0,True,,0,0,2.4306459291268614,1.0,1.0,0.0,0.0,1.0,0.0,1.0,10000.0,1024.0,2048.0,0.0,6272.0,224.0,224.0,104.0,96.0,0.0,0.0,8.0,0.0,6.1001999711152166e-05,0.0012953349942108616,0.0004974660005245823,8.387299021705985e-05,0.0006886500050313771
3,28,OMP,baseline,OMP (baseline),128,256,0.5,gaussian,gaussian,clean,0.0,2.7472504344386016e-30,1.6574831626410573e-15,1.0,1.0,1,0.0026520600004005246,28,28.0,8.059760495355038e-15,target_sparsity_reached,0,0,0.001229004996275762,1.0,False,,0,0,2.6306374833080555,0.0,0.0,0.0,0.0,0.0,0.0,0.0,6776.0,1024.0,2048.0,0.0,0.0,0.0,3248.0,232.0,0.0,0.0,0.0,224.0,0.0,0.00012929600052302703,0.0001796000033209566,0.001229004996275762,0.000209060002816841,0.0
3,28,OMP,optimized,OMP (optimized),128,256,0.5,gaussian,gaussian,clean,0.0,1.3611022281386688e-20,1.1666628596722657e-10,1.0,1.0,1,0.0009736630017869174,28,28.0,5.757160218216639e-10,target_sparsity_reached,0,0,0.00039682000351604074,1.0,True,,0,0,2.6306374833080555,0.0,0.0,0.0,0.0,0.0,0.0,0.0,8240.0,1024.0,0.0,256.0,6272.0,224.0,224.0,232.0,0.0,0.0,0.0,8.0,0.0,9.646299804444425e-05,3.386999014765024e-05,0.00039682000351604074,0.00014152599760564044,0.00019957898621214554
3,28,gOMP,baseline,gOMP (baseline),128,256,0.5,gaussian,gaussian,clean,0.0,1.120662775451105e-30,1.058613610082123e-15,1.0,1.0,1,0.0010183859994867817,10,28.0,6.092273768019758e-15,target_sparsity_reached,0,0,0.00046946899965405464,3.0,False,,0,0,2.630637483308054,0.0,0.0,0.0,0.0,0.0,0.0,0.0,4800.0,1024.0,2048.0,256.0,0.0,0.0,1304.0,88.0,0.0,0.0,0.0,80.0,0.0,4.166999497101642e-05,9.030200453707948e-05,0.00046946899965405464,5.915600195294246e-05,0.0
3,28,gOMP,optimized,gOMP (optimized),128,256,0.5,gaussian,gaussian,clean,0.0,1.361108758702909e-20,1.1666656584912874e-10,1.0,1.0,1,0.00039098700290196575,10,28.0,5.757175223140672e-10,target_sparsity_reached,0,0,0.00014956199811422266,3.0,True,,0,0,2.630637483308054,0.0,0.0,0.0,0.0,0.0,0.0,0.0,1600.0,1024.0,0.0,256.0,0.0,0.0,224.0,88.0,0.0,0.0,0.0,8.0,0.0,3.7544996303040534e-05,7.176698636612855e-05,0.00014956199811422266,5.069899634690955e-05,0.0
3,28,Improved-gOMP,baseline,Improved-gOMP (baseline),128,256,0.5,gaussian,gaussian,clean,0.0,2.7223492155649572e-30,1.649954307114278e-15,1.0,1.0,1,0.008618865002063103,12,28.0,9.330191145980908e-15,residual_tol,0,0,0.0007824639869795647,16.916666666666668,False,,0,0,2.6306374833080537,1.0,1.0,1.0,1.0,1.0,1.0,0.0,5152.0,1024.0,2048.0,0.0,0.0,0.0,1592.0,104.0,96.0,96.0,96.0,96.0,0.0,7.368599835899659e-05,0.006108478002715856,0.000617271005467046,8.409099609707482e-05,0.0008273159983218648
3,28,Improved-gOMP,optimized,Improved-gOMP (optimized),128,256,0.5,gaussian,gaussian,clean,0.0,1.3611066737855344e-20,1.1666647649541553e-10,1.0,1.0,1,0.0030254970006353687,12,28.0,5.757169237486459e-10,residual_tol,0,0,0.00036667798849521205,0.0,True,,0,0,2.6306374833080537,1.0,1.0,0.0,0.0,1.0,0.0,1.0,10000.0,1024.0,2048.0,0.0,6272.0,224.0,224.0,104.0,96.0,0.0,0.0,8.0,0.0,5.8477009588386863e-05,0.0014288070051406976,0.0006134910072432831,9.289500667364337e-05,0.0005539180019695777
4,28,OMP,baseline,OMP (baseline),128,256,0.5,gaussian,gaussian,clean,0.0,1.651159427670505e-30,1.2849744852215958e-15,1.0,1.0,1,0.0025953170006687287,28,28.0,5.370076296412169e-15,target_sparsity_reached,0,0,0.0011851400013256352,1.0,False,,0,0,2.2874358563476878,0.0,0.0,0.0,0.0,0.0,0.0,0.0,6776.0,1024.0,2048.0,0.0,0.0,0.0,3248.0,232.0,0.0,0.0,0.0,224.0,0.0,0.0001390590077789966,0.0001879130104498472,0.0011851400013256352,0.0002042500018433202,0.0
4,28,OMP,optimized,OMP (optimized),128,256,0.5,gaussian,gaussian,clean,0.0,2.5601774335212656e-20,1.6000554470146543e-10,1.0,1.0,1,0.0010377559992775787,28,28.0,5.331812449473286e-10,target_sparsity_reached,0,0,0.0004356639983598143,1.0,True,,0,0,2.2874358563476878,0.0,0.0,0.0,0.0,0.0,0.0,0.0,8240.0,1024.0,0.0,256.0,6272.0,224.0,224.0,232.0,0.0,0.0,0.0,8.0,0.0,0.00011329099288559519,3.432300582062453e-05,0.0004356639983598143,0.00014552101129083894,0.00019865101057803258
4,28,gOMP,baseline,gOMP (baseline),128,256,0.5,gaussian,gaussian,clean,0.0,0.0007053855575837683,0.02655909557164491,0.9285714285714286,0.9285714285714286,0,0.0011292990020592697,10,28.0,0.0953418548790658,target_sparsity_reached,2,2,0.0005442330038931686,3.0,False,,0,0,2.2828989403868305,0.0,0.0,0.0,0.0,0.0,0.0,0.0,4800.0,1024.0,2048.0,256.0,0.0,0.0,1304.0,88.0,0.0,0.0,0.0,80.0,0.0,5.189599687582813e-05,9.621100616641343e-05,0.0005442330038931686,7.080000432324596e-05,0.0
4,28,gOMP,optimized,gOMP (optimized),128,256,0.5,gaussian,gaussian,clean,0.0,0.0007053855575797619,0.026559095571569484,0.9285714285714286,0.9285714285714286,0,0.0005225999993854202,10,28.0,0.0953418548790657,target_sparsity_reached,2,2,0.00020002099336124957,3.0,True,,0,0,2.2828989403868305,0.0,0.0,0.0,0.0,0.0,0.0,0.0,1600.0,1024.0,0.0,256.0,0.0,0.0,224.0,88.0,0.0,0.0,0.0,8.0,0.0,7.167500007199124e-05,9.06389941519592e-05,0.00020002099336124957,6.555599247803912e-05,0.0
4,28,Improved-gOMP,baseline,Improved-gOMP (baseline),128,256,0.5,gaussian,gaussian,clean,0.0,0.0007315182883412315,0.027046594764244012,0.9285714285714286,0.9285714285714286,0,0.007195597998361336,11,28.0,0.09454842896488745,target_sparsity_reached,2,2,0.0007320309960050508,18.0,False,,0,0,2.343685977825917,1.0,1.0,1.0,1.0,1.0,1.0,0.0,4944.0,1024.0,2048.0,0.0,0.0,0.0,1424.0,96.0,88.0,88.0,88.0,88.0,0.0,7.542900493717752e-05,0.005260316000203602,0.0006551119950017892,9.687999408924952e-05,0.0002279779982927721
4,28,Improved-gOMP,optimized,Improved-gOMP (optimized),128,256,0.5,gaussian,gaussian,clean,0.0,2.5601788249930732e-20,1.6000558818344667e-10,1.0,1.0,1,0.0026987800010829233,12,28.0,5.331814754231323e-10,residual_tol,0,0,0.00027979499645880423,0.0,True,,0,0,2.2874358563476873,1.0,1.0,0.0,0.0,1.0,0.0,1.0,10000.0,1024.0,2048.0,0.0,6272.0,224.0,224.0,104.0,96.0,0.0,0.0,8.0,0.0,7.263700172188692e-05,0.0012762369951815344,0.0004847470008826349,8.150599751388654e-05,0.0005210819981584791
5,28,OMP,baseline,OMP (baseline),128,256,0.5,gaussian,gaussian,clean,0.0,1.9223107988038815e-30,1.386474233011159e-15,1.0,1.0,1,0.002431429002172081,28,28.0,5.1175271639014574e-15,target_sparsity_reached,0,0,0.0011325650120852515,1.0,False,,0,0,2.5898922233357267,0.0,0.0,0.0,0.0,0.0,0.0,0.0,6776.0,1024.0,2048.0,0.0,0.0,0.0,3248.0,232.0,0.0,0.0,0.0,224.0,0.0,0.00012443198284017853,0.00016628100274829194,0.0011325650120852515,0.00016864300778252073,0.0
5,28,OMP,optimized,OMP (optimized),128,256,0.5,gaussian,gaussian,clean,0.0,1.817732395528961e-20,1.3482330642470393e-10,1.0,1.0,1,0.001033890999678988,28,28.0,4.2989673681534817e-10,target_sparsity_reached,0,0,0.0003976179832534399,1.0,True,,0,0,2.5898922233357267,0.0,0.0,0.0,0.0,0.0,0.0,0.0,8240.0,1024.0,0.0,256.0,6272.0,224.0,224.0,232.0,0.0,0.0,0.0,8.0,0.0,0.000134521000290988,3.485399793135002e-05,0.0003976179832534399,0.0001428989962732885,0.0002145770013157744
5,28,gOMP,baseline,gOMP (baseline),128,256,0.5,gaussian,gaussian,clean,0.0,2.1478330704883957e-30,1.4655487267533605e-15,1.0,1.0,1,0.0009749719974934123,10,28.0,5.430225376224435e-15,target_sparsity_reached,0,0,0.00045590200534206815,3.0,False,,0,0,2.5898922233357253,0.0,0.0,0.0,0.0,0.0,0.0,0.0,4800.0,1024.0,2048.0,256.0,0.0,0.0,1304.0,88.0,0.0,0.0,0.0,80.0,0.0,4.0034999983618036e-05,8.824700489640236e-05,0.00045590200534206815,5.842499740538187e-05,0.0
5,28,gOMP,optimized,gOMP (optimized),128,256,0.5,gaussian,gaussian,clean,0.0,1.8177413737128463e-20,1.3482363938541513e-10,1.0,1.0,1,0.0004539279980235733,10,28.0,4.298977937662033e-10,target_sparsity_reached,0,0,0.00017501599722891115,3.0,True,,0,0,2.5898922233357253,0.0,0.0,0.0,0.0,0.0,0.0,0.0,1600.0,1024.0,0.0,256.0,0.0,0.0,224.0,88.0,0.0,0.0,0.0,8.0,0.0,3.789699621847831e-05,8.464400161756203e-05,0.00017501599722891115,5.822300954605453e-05,0.0
5,28,Improved-gOMP,baseline,Improved-gOMP (baseline),128,256,0.5,gaussian,gaussian,clean,0.0,0.0001464040960272811,0.012099756031725644,0.9642857142857143,0.9642857142857143,0,0.0058965769967471715,11,28.0,0.03423161634768146,target_sparsity_reached,1,1,0.0006324519890767988,18.272727272727273,False,,0,0,2.654011350359289,1.0,1.0,1.0,1.0,1.0,1.0,0.0,4944.0,1024.0,2048.0,0.0,0.0,0.0,1424.0,96.0,88.0,88.0,88.0,88.0,0.0,6.1014008679194376e-05,0.004144504993746523,0.0005041450021963101,6.853200466139242e-05,0.00031668499286752194
5,28,Improved-gOMP,optimized,Improved-gOMP (optimized),128,256,0.5,gaussian,gaussian,clean,0.0,1.817733543906695e-20,1.3482334901294713e-10,1.0,1.0,1,0.0025206610007444397,11,28.0,4.298970538003685e-10,residual_tol,0,0,0.0002819840010488406,0.0,True,,0,0,2.5898922233357253,1.0,1.0,0.0,0.0,1.0,0.0,1.0,9984.0,1024.0,2048.0,0.0,6272.0,224.0,224.0,96.0,88.0,0.0,0.0,8.0,0.0,6.570499681401998e-05,0.0014472840011876542,0.0005136809922987595,7.805800487403758e-05,0.00014279300376074389
6,28,OMP,baseline,OMP (baseline),128,256,0.5,gaussian,gaussian,clean,0.0,1.7885676727896807e-30,1.3373734230908287e-15,1.0,1.0,1,0.002600219999294495,28,28.0,5.7709116558466854e-15,target_sparsity_reached,0,0,0.001160389987489907,1.0,False,,0,0,2.550224794683897,0.0,0.0,0.0,0.0,0.0,0.0,0.0,6776.0,1024.0,2048.0,0.0,0.0,0.0,3248.0,232.0,0.0,0.0,0.0,224.0,0.0,0.00014218100113794208,0.00017280000247410499,0.001160389987489907,0.00020983600916224532,0.0
6,28,OMP,optimized,OMP (optimized),128,256,0.5,gaussian,gaussian,clean,0.0,2.2439950004149516e-20,1.4979969961301495e-10,1.0,1.0,1,0.00136757199652493,28,28.0,5.450620691609299e-10,target_sparsity_reached,0,0,0.0005039959978603292,1.0,True,,0,0,2.550224794683897,0.0,0.0,0.0,0.0,0.0,0.0,0.0,8240.0,1024.0,0.0,256.0,6272.0,224.0,224.0,232.0,0.0,0.0,0.0,8.0,0.0,0.00016139200670295395,4.860101034864783e-05,0.0005039959978603292,0.00019862499175360426,0.00029575500229839236
6,28,gOMP,baseline,gOMP (baseline),128,256,0.5,gaussian,gaussian,clean,0.0,0.00042158954591911237,0.020532645857733782,0.9642857142857143,0.9642857142857143,0,0.0012877159970230423,10,28.0,0.07195479591385263,target_sparsity_reached,1,1,0.000577136997890193,3.0,False,,0,0,2.5459270349655436,0.0,0.0,0.0,0.0,0.0,0.0,0.0,4800.0,1024.0,2048.0,256.0,0.0,0.0,1304.0,88.0,0.0,0.0,0.0,80.0,0.0,6.149400360300206e-05,0.00012120000610593706,0.000577136997890193,8.277999586425722e-05,0.0
6,28,gOMP,optimized,gOMP (optimized),128,256,0.5,gaussian,gaussian,clean,0.0,0.0004215895466328627,0.02053264587511465,0.9642857142857143,0.9642857142857143,0,0.0004205629993521143,10,28.0,0.07195479591385266,target_sparsity_reached,1,1,0.00016012600099202245,3.0,True,,0,0,2.5459270349655436,0.0,0.0,0.0,0.0,0.0,0.0,0.0,1600.0,1024.0,0.0,256.0,0.0,0.0,224.0,88.0,0.0,0.0,0.0,8.0,0.0,4.378400626592338e-05,7.737499618087895e-05,0.00016012600099202245,5.240400059847161e-05,0.0
6,28,Improved-gOMP,baseline,Improved-gOMP (baseline),128,256,0.5,gaussian,gaussian,clean,0.0,0.0015058329511651802,0.038805063473278584,0.9285714285714286,0.9285714285714286,0,0.00730613700216054,12,28.0,0.12584294183908976,target_sparsity_reached,2,2,0.000626321998424828,16.5,False,,0,0,2.7490200019167093,1.0,1.0,1.0,1.0,1.0,1.0,0.0,5152.0,1024.0,2048.0,0.0,0.0,0.0,1592.0,104.0,96.0,96.0,96.0,96.0,0.0,6.686800043098629e-05,0.005202997999731451,0.000556718008738244,7.87210010457784e-05,0.0006521729956148192
6,28,Improved-gOMP,optimized,Improved-gOMP (optimized),128,256,0.5,gaussian,gaussian,clean,0.0,1.556821887969619e-30,1.247726688008884e-15,1.0,1.0,1,0.003161186999932397,12,28.0,5.10957550892122e-15,residual_tol,0,0,0.00035087399010080844,0.0,True,,0,0,2.550224794683897,1.0,1.0,0.0,0.0,1.0,0.0,1.0,10000.0,1024.0,2048.0,0.0,6272.0,224.0,224.0,104.0,96.0,0.0,0.0,8.0,0.0,6.433400994865224e-05,0.0013967710074211936,0.0005674370004271623,0.00010823400225490332,0.0006747709958290216
7,28,OMP,baseline,OMP (baseline),128,256,0.5,gaussian,gaussian,clean,0.0,8.252688801612618e-31,9.08443107828587e-16,1.0,1.0,1,0.002488704998540925,28,28.0,6.099000587714851e-15,target_sparsity_reached,0,0,0.0011027069995179772,1.0,False,,0,0,2.48236757952468,0.0,0.0,0.0,0.0,0.0,0.0,0.0,6776.0,1024.0,2048.0,0.0,0.0,0.0,3248.0,232.0,0.0,0.0,0.0,224.0,0.0,0.00011600899597397074,0.00016691600467311218,0.0011027069995179772,0.000156940001033945,0.0
7,28,OMP,optimized,OMP (optimized),128,256,0.5,gaussian,gaussian,clean,0.0,2.4438716251734743e-20,1.5632887209896558e-10,1.0,1.0,1,0.001187899997603381,28,28.0,7.17324623858994e-10,target_sparsity_reached,0,0,0.0004436959825397935,1.0,True,,0,0,2.48236757952468,0.0,0.0,0.0,0.0,0.0,0.0,0.0,8240.0,1024.0,0.0,256.0,6272.0,224.0,224.0,232.0,0.0,0.0,0.0,8.0,0.0,0.00010400799874332733,4.743099634652026e-05,0.0004436959825397935,0.0001602970041858498,0.000317000005452428
7,28,gOMP,baseline,gOMP (baseline),128,256,0.5,gaussian,gaussian,clean,0.0,4.401317281964765e-09,6.634242445045827e-05,0.9642857142857143,0.9642857142857143,0,0.0010341380002500955,10,28.0,0.0003239923973216891,target_sparsity_reached,1,1,0.0004853269965678919,3.0,False,,0,0,2.675147054403182,0.0,0.0,0.0,0.0,0.0,0.0,0.0,4800.0,1024.0,2048.0,256.0,0.0,0.0,1304.0,88.0,0.0,0.0,0.0,80.0,0.0,4.035999518237077e-05,9.495999256614596e-05,0.0004853269965678919,6.532300176331773e-05,0.0
7,28,gOMP,optimized,gOMP (optimized),128,256,0.5,gaussian,gaussian,clean,0.0,4.4013125266509424e-09,6.634238861128639e-05,0.9642857142857143,0.9642857142857143,0,0.00039908799953991547,10,28.0,0.0003239923973226971,target_sparsity_reached,1,1,0.00014778400145587511,3.0,True,,0,0,2.675147054403182,0.0,0.0,0.0,0.0,0.0,0.0,0.0,1600.0,1024.0,0.0,256.0,0.0,0.0,224.0,88.0,0.0,0.0,0.0,8.0,0.0,3.501499304547906e-05,7.071299478411674e-05,0.00014778400145587511,4.980299490853213e-05,0.0
7,28,Improved-gOMP,baseline,Improved-gOMP (baseline),128,256,0.5,gaussian,gaussian,clean,0.0,1.4676792892783817e-05,0.003831030265187658,0.9285714285714286,0.9285714285714286,0,0.0058678239984146785,11,28.0,0.019784852592670946,target_sparsity_reached,2,2,0.0006247250021260697,18.272727272727273,False,,0,0,2.596473050528433,1.0,1.0,1.0,1.0,1.0,1.0,0.0,4944.0,1024.0,2048.0,0.0,0.0,0.0,1424.0,96.0,88.0,88.0,88.0,88.0,0.0,5.9986006817780435e-05,0.004236403005052125,0.0005373690000851639,7.89459991210606e-05,0.00024719699285924435
7,28,Improved-gOMP,optimized,Improved-gOMP (optimized),128,256,0.5,gaussian,gaussian,clean,0.0,4.324071035104761e-09,6.575766902122338e-05,0.9642857142857143,0.9642857142857143,0,0.0021774289998575114,11,28.0,0.00032479868444461297,target_sparsity_reached,1,1,0.0002571540062490385,0.0,True,,0,0,2.551186591867179,1.0,1.0,0.0,0.0,1.0,0.0,1.0,9984.0,1024.0,2048.0,0.0,6272.0,224.0,224.0,96.0,88.0,0.0,0.0,8.0,0.0,4.902299042441882e-05,0.001211723003507359,0.0004596570033754688,7.004600774962455e-05,0.00014004100012243725
8,28,OMP,baseline,OMP (baseline),128,256,0.5,gaussian,gaussian,clean,0.0,2.4885004127179437e-29,4.988487158165232e-15,1.0,1.0,1,0.002525342999433633,28,28.0,2.584691688451728e-14,target_sparsity_reached,0,0,0.0011630420085566584,1.0,False,,0,0,2.448274616268517,0.0,0.0,0.0,0.0,0.0,0.0,0.0,6776.0,1024.0,2048.0,0.0,0.0,0.0,3248.0,232.0,0.0,0.0,0.0,224.0,0.0,0.00013882900748285465,0.00017218200082425028,0.0011630420085566584,0.00019036500816582702,0.0
8,28,OMP,optimized,OMP (optimized),128,256,0.5,gaussian,gaussian,clean,0.0,1.1013189676528246e-20,1.0494374529493527e-10,1.0,1.0,1,0.000962550999247469,28,28.0,4.1858004865653257e-10,target_sparsity_reached,0,0,0.00038506300188601017,1.0,True,,0,0,2.448274616268517,0.0,0.0,0.0,0.0,0.0,0.0,0.0,8240.0,1024.0,0.0,256.0,6272.0,224.0,224.0,232.0,0.0,0.0,0.0,8.0,0.0,0.00011149099373142235,3.3853000786621124e-05,0.00038506300188601017,0.00013520799984689802,0.00019127900304738432
8,28,gOMP,baseline,gOMP (baseline),128,256,0.5,gaussian,gaussian,clean,0.0,2.6743023248373796e-29,5.171365704373826e-15,1.0,1.0,1,0.0010682559986889828,10,28.0,2.7062933418197613e-14,target_sparsity_reached,0,0,0.000466741003037896,3.0,False,,0,0,2.4482746162685163,0.0,0.0,0.0,0.0,0.0,0.0,0.0,4800.0,1024.0,2048.0,256.0,0.0,0.0,1304.0,88.0,0.0,0.0,0.0,80.0,0.0,4.841900590690784e-05,9.812399730435573e-05,0.000466741003037896,8.557699402444996e-05,0.0
8,28,gOMP,optimized,gOMP (optimized),128,256,0.5,gaussian,gaussian,clean,0.0,1.1013224952680184e-20,1.0494391336652252e-10,1.0,1.0,1,0.0003929049998987466,10,28.0,4.185806810033775e-10,target_sparsity_reached,0,0,0.00015152299602050334,3.0,True,,0,0,2.4482746162685163,0.0,0.0,0.0,0.0,0.0,0.0,0.0,1600.0,1024.0,0.0,256.0,0.0,0.0,224.0,88.0,0.0,0.0,0.0,8.0,0.0,4.10370048484765e-05,6.992300041019917e-05,0.00015152299602050334,4.9676993512548506e-05,0.0
8,28,Improved-gOMP,baseline,Improved-gOMP (baseline),128,256,0.5,gaussian,gaussian,clean,0.0,2.8412048720186176e-29,5.330295368944031e-15,1.0,1.0,1,0.008375688001251547,12,28.0,2.8003665089947552e-14,residual_tol,0,0,0.0007608230007463135,16.916666666666668,False,,0,0,2.448274616268517,1.0,1.0,1.0,1.0,1.0,1.0,0.0,5152.0,1024.0,2048.0,0.0,0.0,0.0,1592.0,104.0,96.0,96.0,96.0,96.0,0.0,7.062500662868842e-05,0.00589502099683159,0.0006738099982612766,9.434399908059277e-05,0.0007794089942763094
8,28,Improved-gOMP,optimized,Improved-gOMP (optimized),128,256,0.5,gaussian,gaussian,clean,0.0,1.1013193234334117e-20,1.0494376224594828e-10,1.0,1.0,1,0.0027705740030796733,12,28.0,4.1858004038131474e-10,residual_tol,0,0,0.00029015499967499636,0.0,True,,0,0,2.4482746162685163,1.0,1.0,0.0,0.0,1.0,0.0,1.0,10000.0,1024.0,2048.0,0.0,6272.0,224.0,224.0,104.0,96.0,0.0,0.0,8.0,0.0,5.934199725743383e-05,0.0012658990017371252,0.000492946997837862,8.753400106797926e-05,0.0005963480070931837
9,28,OMP,baseline,OMP (baseline),128,256,0.5,gaussian,gaussian,clean,0.0,1.057665650709083e-30,1.0284287290372062e-15,1.0,1.0,1,0.00243959200088284,28,28.0,5.150029105197658e-15,target_sparsity_reached,0,0,0.0011219039879506454,1.0,False,,0,0,2.433174038571859,0.0,0.0,0.0,0.0,0.0,0.0,0.0,6776.0,1024.0,2048.0,0.0,0.0,0.0,3248.0,232.0,0.0,0.0,0.0,224.0,0.0,0.00011796698890975676,0.0001905329991132021,0.0011219039879506454,0.0001721360022202134,0.0
9,28,OMP,optimized,OMP (optimized),128,256,0.5,gaussian,gaussian,clean,0.0,1.9222556723080412e-20,1.3864543527675337e-10,1.0,1.0,1,0.0010079769999720156,28,28.0,5.895004843238909e-10,target_sparsity_reached,0,0,0.0004110890004085377,1.0,True,,0,0,2.433174038571859,0.0,0.0,0.0,0.0,0.0,0.0,0.0,8240.0,1024.0,0.0,256.0,6272.0,224.0,224.0,232.0,0.0,0.0,0.0,8.0,0.0,9.610801134840585e-05,3.396400643396191e-05,0.0004110890004085377,0.00014612901577493176,0.00020539800243568607
9,28,gOMP,baseline,gOMP (baseline),128,256,0.5,gaussian,gaussian,clean,0.0,2.0893988956572426e-07,0.0004570994307212866,0.9642857142857143,0.9642857142857143,0,0.0010145039996132255,10,28.0,0.0018042472214175953,target_sparsity_reached,1,1,0.00046515300709870644,3.0,False,,0,0,2.564050178716494,0.0,0.0,0.0,0.0,0.0,0.0,0.0,4800.0,1024.0,2048.0,256.0,0.0,0.0,1304.0,88.0,0.0,0.0,0.0,80.0,0.0,3.932699837605469e-05,9.155699808616191e-05,0.00046515300709870644,6.31219991191756e-05,0.0
9,28,gOMP,optimized,gOMP (optimized),128,256,0.5,gaussian,gaussian,clean,0.0,2.0893989400384156e-07,0.0004570994355759385,0.9642857142857143,0.9642857142857143,0,0.00038821300040581264,10,28.0,0.0018042472214177135,target_sparsity_reached,1,1,0.00014972400094848126,3.0,True,,0,0,2.564050178716494,0.0,0.0,0.0,0.0,0.0,0.0,0.0,1600.0,1024.0,0.0,256.0,0.0,0.0,224.0,88.0,0.0,0.0,0.0,8.0,0.0,3.580700285965577e-05,7.1360009314958e-05,0.00014972400094848126,5.159000647836365e-05,0.0
9,28,Improved-gOMP,baseline,Improved-gOMP (baseline),128,256,0.5,gaussian,gaussian,clean,0.0,2.1475968081908417e-07,0.0004634217094818543,0.9642857142857143,0.9642857142857143,0,0.005877285999304149,11,28.0,0.0017906576585495764,target_sparsity_reached,1,1,0.0005868879998160992,18.181818181818183,False,,0,0,2.35999479799283,1.0,1.0,1.0,1.0,1.0,1.0,0.0,4944.0,1024.0,2048.0,0.0,0.0,0.0,1424.0,96.0,88.0,88.0,88.0,88.0,0.0,0.0001482579937146511,0.0042374769946036395,0.0004998360018362291,6.756800212315284e-05,0.0002250220022688154
9,28,Improved-gOMP,optimized,Improved-gOMP (optimized),128,256,0.5,gaussian,gaussian,clean,0.0,2.0893989400389487e-07,0.0004570994355759968,0.9642857142857143,0.9642857142857143,0,0.00238806700144778,11,28.0,0.0018042472214177348,target_sparsity_reached,1,1,0.00027580599999055266,0.0,True,,0,0,2.5640501787164935,1.0,1.0,0.0,0.0,1.0,0.0,1.0,9984.0,1024.0,2048.0,0.0,6272.0,224.0,224.0,96.0,88.0,0.0,0.0,8.0,0.0,5.368199708755128e-05,0.0013017810015298892,0.0004905919959128369,7.849900430301204e-05,0.0001833729984355159
10,28,OMP,baseline,OMP (baseline),128,256,0.5,gaussian,gaussian,clean,0.0,1.8944973797836745e-30,1.3764074178032007e-15,1.0,1.0,1,0.002621498999360483,28,28.0,6.863828847505536e-15,target_sparsity_reached,0,0,0.0011836160083475988,1.0,False,,0,0,2.467644516729021,0.0,0.0,0.0,0.0,0.0,0.0,0.0,6776.0,1024.0,2048.0,0.0,0.0,0.0,3248.0,232.0,0.0,0.0,0.0,224.0,0.0,0.00016037901514209807,0.00018433899094816297,0.0011836160083475988,0.00020341599883977324,0.0
10,28,OMP,optimized,OMP (optimized),128,256,0.5,gaussian,gaussian,clean,0.0,1.6815107623585782e-20,1.2967307979525196e-10,1.0,1.0,1,0.001178179998532869,28,28.0,5.846450029895909e-10,target_sparsity_reached,0,0,0.00046932500117691234,1.0,True,,0,0,2.467644516729021,0.0,0.0,0.0,0.0,0.0,0.0,0.0,8240.0,1024.0,0.0,256.0,6272.0,224.0,224.0,232.0,0.0,0.0,0.0,8.0,0.0,0.00013100999422022142,4.7877998440526426e-05,0.00046932500117691234,0.000167001984664239,0.00024302099700435065
10,28,gOMP,baseline,gOMP (baseline),128,256,0.5,gaussian,gaussian,clean,0.0,0.000425984255075554,0.020639386014984894,0.9642857142857143,0.9642857142857143,0,0.0010995220000040717,10,28.0,0.08740775269974625,target_sparsity_reached,1,1,0.0004955940057698172,3.0,False,,0,0,2.598694338760077,0.0,0.0,0.0,0.0,0.0,0.0,0.0,4800.0,1024.0,2048.0,256.0,0.0,0.0,1304.0,88.0,0.0,0.0,0.0,80.0,0.0,5.3324998589232564e-05,0.00010231200212729163,0.0004955940057698172,7.487100083380938e-05,0.0
10,28,gOMP,optimized,gOMP (optimized),128,256,0.5,gaussian,gaussian,clean,0.0,0.0004259842541529786,0.02063938599263502,0.9642857142857143,0.9642857142857143,0,0.0005244159983703867,10,28.0,0.08740775269974624,target_sparsity_reached,1,1,0.00019277899627923034,3.0,True,,0,0,2.598694338760077,0.0,0.0,0.0,0.0,0.0,0.0,0.0,1600.0,1024.0,0.0,256.0,0.0,0.0,224.0,88.0,0.0,0.0,0.0,8.0,0.0,5.25619943800848e-05,0.00012394299483275972,0.00019277899627923034,6.596000457648188e-05,0.0
10,28,Improved-gOMP,baseline,Improved-gOMP (baseline),128,256,0.5,gaussian,gaussian,clean,0.0,0.00043450810719961557,0.020844858051798185,0.9642857142857143,0.9642857142857143,0,0.006404096002370352,11,28.0,0.08623661073612983,target_sparsity_reached,1,1,0.0005875950046174694,17.90909090909091,False,,0,0,2.5013704468454505,1.0,1.0,1.0,1.0,1.0,1.0,0.0,4944.0,1024.0,2048.0,0.0,0.0,0.0,1424.0,96.0,88.0,88.0,88.0,88.0,0.0,6.525100252474658e-05,0.004822735005291179,0.0005135890023666434,7.715700485277921e-05,0.00021900100182392634
10,28,Improved-gOMP,optimized,Improved-gOMP (optimized),128,256,0.5,gaussian,gaussian,clean,0.0,1.681509430612506e-20,1.2967302844510518e-10,1.0,1.0,1,0.003171291999024106,12,28.0,5.846446243404617e-10,residual_tol,0,0,0.0003593260080378968,0.0,True,,0,0,2.4676445167290204,1.0,1.0,0.0,0.0,1.0,0.0,1.0,10000.0,1024.0,2048.0,0.0,6272.0,224.0,224.0,104.0,96.0,0.0,0.0,8.0,0.0,6.538400339195505e-05,0.0014923609996913,0.0006242639974516351,0.00010470899724168703,0.000578805003897287
11,28,OMP,baseline,OMP (baseline),128,256,0.5,gaussian,gaussian,clean,0.0,8.228096876361996e-30,2.8684659447798914e-15,1.0,1.0,1,0.0026044059995911084,28,28.0,1.4405095696936157e-14,target_sparsity_reached,0,0,0.0011904009988938924,1.0,False,,0,0,2.4847513853455454,0.0,0.0,0.0,0.0,0.0,0.0,0.0,6776.0,1024.0,2048.0,0.0,0.0,0.0,3248.0,232.0,0.0,0.0,0.0,224.0,0.0,0.00013773099999525584,0.00017873898832476698,0.0011904009988938924,0.00019370500012882985,0.0
11,28,OMP,optimized,OMP (optimized),128,256,0.5,gaussian,gaussian,clean,0.0,2.3538579801547e-20,1.5342287900292771e-10,1.0,1.0,1,0.0010339959990233183,28,28.0,5.985790993870445e-10,target_sparsity_reached,0,0,0.00042401500468258746,1.0,True,,0,0,2.4847513853455454,0.0,0.0,0.0,0.0,0.0,0.0,0.0,8240.0,1024.0,0.0,256.0,6272.0,224.0,224.0,232.0,0.0,0.0,0.0,8.0,0.0,0.00010232699787593447,3.541300247889012e-05,0.00042401500468258746,0.00015457899644388817,0.00020234502153471112
11,28,gOMP,baseline,gOMP (baseline),128,256,0.5,gaussian,gaussian,clean,0.0,7.565514229787315e-30,2.750547987181339e-15,1.0,1.0,1,0.001153044999227859,10,28.0,1.424867396367332e-14,target_sparsity_reached,0,0,0.0005237149962340482,3.0,False,,0,0,2.4847513853455454,0.0,0.0,0.0,0.0,0.0,0.0,0.0,4800.0,1024.0,2048.0,256.0,0.0,0.0,1304.0,88.0,0.0,0.0,0.0,80.0,0.0,4.9880003643920645e-05,0.00010606299838400446,0.0005237149962340482,7.354899935307913e-05,0.0
11,28,gOMP,optimized,gOMP (optimized),128,256,0.5,gaussian,gaussian,clean,0.0,2.353859910602469e-20,1.5342294191555802e-10,1.0,1.0,1,0.0004044109991809819,10,28.0,5.985793918668759e-10,target_sparsity_reached,0,0,0.00015251399963744916,3.0,True,,0,0,2.4847513853455454,0.0,0.0,0.0,0.0,0.0,0.0,0.0,1600.0,1024.0,0.0,256.0,0.0,0.0,224.0,88.0,0.0,0.0,0.0,8.0,0.0,4.1808001697063446e-05,7.36050023988355e-05,0.00015251399963744916,5.3230003686621785e-05,0.0
11,28,Improved-gOMP,baseline,Improved-gOMP (baseline),128,256,0.5,gaussian,gaussian,clean,0.0,0.0002917590124067204,0.01708095466906696,0.9642857142857143,0.9642857142857143,0,0.00615515199751826,11,28.0,0.06463130216302403,target_sparsity_reached,1,1,0.0005898459967283998,18.0,False,,0,0,2.5011844738463407,1.0,1.0,1.0,1.0,1.0,1.0,0.0,4944.0,1024.0,2048.0,0.0,0.0,0.0,1424.0,96.0,88.0,88.0,88.0,88.0,0.0,5.849100853083655e-05,0.004573058999085333,0.0005071489867987111,7.049700798233971e-05,0.0002442250079184305
11,28,Improved-gOMP,optimized,Improved-gOMP (optimized),128,256,0.5,gaussian,gaussian,clean,0.0,2.353852886788545e-20,1.5342271301174887e-10,1.0,1.0,1,0.0022482679996755905,11,28.0,5.985784750219653e-10,residual_tol,0,0,0.0002600560037535615,0.0,True,,0,0,2.4847513853455454,1.0,1.0,0.0,0.0,1.0,0.0,1.0,9984.0,1024.0,2048.0,0.0,6272.0,224.0,224.0,96.0,88.0,0.0,0.0,8.0,0.0,5.101300121168606e-05,0.0012398080070852302,0.00046861999726388603,8.880799941834994e-05,0.00015274500401574187
12,28,OMP,baseline,OMP (baseline),128,256,0.5,gaussian,gaussian,clean,0.0,1.4597346220067674e-30,1.2081947781739364e-15,1.0,1.0,1,0.0024632879976707045,28,28.0,7.523517914299394e-15,target_sparsity_reached,0,0,0.0011525739828357473,1.0,False,,0,0,2.258815360984035,0.0,0.0,0.0,0.0,0.0,0.0,0.0,6776.0,1024.0,2048.0,0.0,0.0,0.0,3248.0,232.0,0.0,0.0,0.0,224.0,0.0,0.00013740999202127568,0.00016313499509124085,0.0011525739828357473,0.00019213899213355035,0.0
12,28,OMP,optimized,OMP (optimized),128,256,0.5,gaussian,gaussian,clean,0.0,1.8100267906387446e-20,1.3453723613330046e-10,1.0,1.0,1,0.0010048390031442977,28,28.0,6.967987419239319e-10,target_sparsity_reached,0,0,0.0003943840019928757,1.0,True,,0,0,2.258815360984035,0.0,0.0,0.0,0.0,0.0,0.0,0.0,8240.0,1024.0,0.0,256.0,6272.0,224.0,224.0,232.0,0.0,0.0,0.0,8.0,0.0,0.00010967900379910134,4.075899414601736e-05,0.0003943840019928757,0.0001476359939260874,0.00019638798767118715
12,28,gOMP,baseline,gOMP (baseline),128,256,0.5,gaussian,gaussian,clean,0.0,0.0001233926673605385,0.011108225212001171,0.9642857142857143,0.9642857142857143,0,0.001265073999093147,10,28.0,0.06059301664295551,target_sparsity_reached,1,1,0.000530267003341578,3.0,False,,0,0,2.292155328055659,0.0,0.0,0.0,0.0,0.0,0.0,0.0,4800.0,1024.0,2048.0,256.0,0.0,0.0,1304.0,88.0,0.0,0.0,0.0,80.0,0.0,0.00016561200391151942,0.0001110459998017177,0.000530267003341578,7.597800140501931e-05,0.0
12,28,gOMP,optimized,gOMP (optimized),128,256,0.5,gaussian,gaussian,clean,0.0,0.00012339266733384929,0.011108225210799846,0.9642857142857143,0.9642857142857143,0,0.00046030700104893185,10,28.0,0.06059301664295528,target_sparsity_reached,1,1,0.00016824499834910966,3.0,True,,0,0,2.292155328055659,0.0,0.0,0.0,0.0,0.0,0.0,0.0,1600.0,1024.0,0.0,256.0,0.0,0.0,224.0,88.0,0.0,0.0,0.0,8.0,0.0,4.871200872003101e-05,8.710199836059473e-05,0.00016824499834910966,5.630099985864945e-05,0.0
12,28,Improved-gOMP,baseline,Improved-gOMP (baseline),128,256,0.5,gaussian,gaussian,clean,0.0,0.00046544520162577997,0.02157417904870959,0.9285714285714286,0.9285714285714286,0,0.005761558000813238,11,28.0,0.11310803762251777,target_sparsity_reached,2,2,0.0006173689980641939,18.181818181818183,False,,0,0,2.404119289848365,1.0,1.0,1.0,1.0,1.0,1.0,0.0,4944.0,1024.0,2048.0,0.0,0.0,0.0,1424.0,96.0,88.0,88.0,88.0,88.0,0.0,6.302700057858601e-05,0.004172503995505394,0.0005128129887452815,7.583200567751192e-05,0.0002491679879312869
12,28,Improved-gOMP,optimized,Improved-gOMP (optimized),128,256,0.5,gaussian,gaussian,clean,0.0,0.00012339266733384796,0.011108225210799787,0.9642857142857143,0.9642857142857143,0,0.0022816769997007214,11,28.0,0.06059301664295532,target_sparsity_reached,1,1,0.0002646450084284879,0.0,True,,0,0,2.2921553280556597,1.0,1.0,0.0,0.0,1.0,0.0,1.0,9984.0,1024.0,2048.0,0.0,6272.0,224.0,224.0,96.0,88.0,0.0,0.0,8.0,0.0,7.026100138318725e-05,0.001225304997205967,0.0004874619990005158,8.372599768335931e-05,0.0001436200000171084
13,28,OMP,baseline,OMP (baseline),128,256,0.5,gaussian,gaussian,clean,0.0,1.3235132811167912e-30,1.1504404726524495e-15,1.0,1.0,1,0.002424990998406429,28,28.0,5.413694829505812e-15,target_sparsity_reached,0,0,0.001129052987380419,1.0,False,,0,0,2.307013690177553,0.0,0.0,0.0,0.0,0.0,0.0,0.0,6776.0,1024.0,2048.0,0.0,0.0,0.0,3248.0,232.0,0.0,0.0,0.0,224.0,0.0,0.00012512401008279994,0.00016692701319698244,0.001129052987380419,0.00017688600564724766,0.0
13,28,OMP,optimized,OMP (optimized),128,256,0.5,gaussian,gaussian,clean,0.0,1.73688030756082e-20,1.3179075489429523e-10,1.0,1.0,1,0.0012025309988530353,28,28.0,4.918249369082146e-10,target_sparsity_reached,0,0,0.00047120399540290236,1.0,True,,0,0,2.307013690177553,0.0,0.0,0.0,0.0,0.0,0.0,0.0,8240.0,1024.0,0.0,256.0,6272.0,224.0,224.0,232.0,0.0,0.0,0.0,8.0,0.0,0.00011350897693773732,4.6685003326274455e-05,0.00047120399540290236,0.00018102400281350128,0.00024309700529556721
13,28,gOMP,baseline,gOMP (baseline),128,256,0.5,gaussian,gaussian,clean,0.0,1.9576560024297597e-06,0.0013991626075727437,0.9642857142857143,0.9642857142857143,0,0.001299736999499146,10,28.0,0.004895949008061005,target_sparsity_reached,1,1,0.0005718959982914384,3.0,False,,0,0,2.375660409674325,0.0,0.0,0.0,0.0,0.0,0.0,0.0,4800.0,1024.0,2048.0,256.0,0.0,0.0,1304.0,88.0,0.0,0.0,0.0,80.0,0.0,5.892199988011271e-05,0.0001238979893969372,0.0005718959982914384,9.108300218940713e-05,0.0
13,28,gOMP,optimized,gOMP (optimized),128,256,0.5,gaussian,gaussian,clean,0.0,1.957655961498055e-06,0.0013991625929455286,0.9642857142857143,0.9642857142857143,0,0.0003942340008507017,10,28.0,0.004895949008061052,target_sparsity_reached,1,1,0.00014925799769116566,3.0,True,,0,0,2.375660409674325,0.0,0.0,0.0,0.0,0.0,0.0,0.0,1600.0,1024.0,0.0,256.0,0.0,0.0,224.0,88.0,0.0,0.0,0.0,8.0,0.0,3.681700400193222e-05,7.28270060790237e-05,0.00014925799769116566,5.16600048285909e-05,0.0
13,28,Improved-gOMP,baseline,Improved-gOMP (baseline),128,256,0.5,gaussian,gaussian,clean,0.0,6.171193964274155e-05,0.007855694726931638,0.9285714285714286,0.9285714285714286,0,0.007679039001232013,12,28.0,0.029575450765760777,target_sparsity_reached,2,2,0.0007252729956235271,17.083333333333332,False,,0,0,2.5275529406541075,1.0,1.0,1.0,1.0,1.0,1.0,0.0,5152.0,1024.0,2048.0,0.0,0.0,0.0,1592.0,104.0,96.0,96.0,96.0,96.0,0.0,7.196999649750069e-05,0.005168633993889671,0.0006550729958689772,0.00016362599490093999,0.00065725899185054
13,28,Improved-gOMP,optimized,Improved-gOMP (optimized),128,256,0.5,gaussian,gaussian,clean,0.0,1.7368855908689977e-20,1.3179095533719292e-10,1.0,1.0,1,0.0022854929993627593,12,28.0,4.918254764738723e-10,residual_tol,0,0,0.00027556699569686316,0.0,True,,0,0,2.3070136901775533,1.0,1.0,0.0,0.0,1.0,0.0,1.0,10000.0,1024.0,2048.0,0.0,6272.0,224.0,224.0,104.0,96.0,0.0,0.0,8.0,0.0,5.442899782792665e-05,0.0012843119984609075,0.0004791779938386753,7.681900024181232e-05,0.0001389010067214258
14,28,OMP,baseline,OMP (baseline),128,256,0.5,gaussian,gaussian,clean,0.0,1.7526997076730995e-05,0.0041865256570013986,0.9642857142857143,0.9642857142857143,0,0.002793046998704085,28,28.0,0.017241207142031235,target_sparsity_reached,1,1,0.0012377029925119132,1.0,False,,0,0,2.6144207518834826,0.0,0.0,0.0,0.0,0.0,0.0,0.0,6776.0,1024.0,2048.0,0.0,0.0,0.0,3248.0,232.0,0.0,0.0,0.0,224.0,0.0,0.0001482170082454104,0.0001882959986687638,0.0012377029925119132,0.00021144300626474433,0.0
14,28,OMP,optimized,OMP (optimized),128,256,0.5,gaussian,gaussian,clean,0.0,1.7526997279560943e-05,0.004186525681225536,0.9642857142857143,0.9642857142857143,0,0.00107168499744148,28,28.0,0.017241207142031267,target_sparsity_reached,1,1,0.00042312900404795073,1.0,True,,0,0,2.6144207518834826,0.0,0.0,0.0,0.0,0.0,0.0,0.0,8240.0,1024.0,0.0,256.0,6272.0,224.0,224.0,232.0,0.0,0.0,0.0,8.0,0.0,0.0001208849971590098,3.5353004932403564e-05,0.00042312900404795073,0.00016318799316650257,0.00021123098485986702
14,28,gOMP,baseline,gOMP (baseline),128,256,0.5,gaussian,gaussian,clean,0.0,0.05347550619231721,0.2312477160802182,0.75,0.75,0,0.0011772630023187958,10,28.0,0.6743421211836413,target_sparsity_reached,7,7,0.0005543000042962376,3.0,False,,0,0,2.8353069326145293,0.0,0.0,0.0,0.0,0.0,0.0,0.0,4800.0,1024.0,2048.0,256.0,0.0,0.0,1304.0,88.0,0.0,0.0,0.0,80.0,0.0,5.039299503550865e-05,0.00010367799768573605,0.0005543000042962376,8.670099487062544e-05,0.0
14,28,gOMP,optimized,gOMP (optimized),128,256,0.5,gaussian,gaussian,clean,0.0,0.05347550621143514,0.23124771612155468,0.75,0.75,0,0.00040328399700229056,10,28.0,0.6743421211836412,target_sparsity_reached,7,7,0.0001494349962740671,3.0,True,,0,0,2.8353069326145293,0.0,0.0,0.0,0.0,0.0,0.0,0.0,1600.0,1024.0,0.0,256.0,0.0,0.0,224.0,88.0,0.0,0.0,0.0,8.0,0.0,4.330899901106022e-05,7.53639942558948e-05,0.0001494349962740671,5.2707000577356666e-05,0.0
14,28,Improved-gOMP,baseline,Improved-gOMP (baseline),128,256,0.5,gaussian,gaussian,clean,0.0,0.002372490694577103,0.04870821998982413,0.8928571428571429,0.8928571428571429,0,0.00728122600048664,11,28.0,0.22189414776724287,target_sparsity_reached,3,3,0.0007127069911803119,17.727272727272727,False,,0,0,2.823185336241565,1.0,1.0,1.0,1.0,1.0,1.0,0.0,4992.0,1024.0,2048.0,0.0,0.0,0.0,1472.0,96.0,88.0,88.0,88.0,88.0,0.0,7.190000178525224e-05,0.005033726996771293,0.000639513000351144,9.472600140725262e-05,0.000623078001808608
14,28,Improved-gOMP,optimized,Improved-gOMP (optimized),128,256,0.5,gaussian,gaussian,clean,0.0,0.007444656997357991,0.08628242577349104,0.8571428571428571,0.8571428571428571,0,0.003509540001687128,11,28.0,0.3444770727297532,target_sparsity_reached,4,4,0.0003646079967438709,0.0,True,,0,0,2.910086654270483,1.0,1.0,0.0,0.0,1.0,0.0,1.0,9984.0,1024.0,2048.0,0.0,6272.0,224.0,224.0,96.0,88.0,0.0,0.0,8.0,0.0,6.836100146756507e-05,0.0015716309935669415,0.0006817479916207958,9.461499939789064e-05,0.000765966993640177
15,28,OMP,baseline,OMP (baseline),128,256,0.5,gaussian,gaussian,clean,0.0,1.1611783845820385e-30,1.077579873875732e-15,1.0,1.0,1,0.0024681389986653812,28,28.0,5.510285703866631e-15,target_sparsity_reached,0,0,0.0011818730163213331,1.0,False,,0,0,2.5244792446837945,0.0,0.0,0.0,0.0,0.0,0.0,0.0,6776.0,1024.0,2048.0,0.0,0.0,0.0,3248.0,232.0,0.0,0.0,0.0,224.0,0.0,0.00011866100976476446,0.00016713000513846055,0.0011818730163213331,0.0001785309832484927,0.0
15,28,OMP,optimized,OMP (optimized),128,256,0.5,gaussian,gaussian,clean,0.0,2.016773303521083e-20,1.4201314388186337e-10,1.0,1.0,1,0.0010237310016236734,28,28.0,5.094758568459176e-10,target_sparsity_reached,0,0,0.00041498900100123137,1.0,True,,0,0,2.5244792446837945,0.0,0.0,0.0,0.0,0.0,0.0,0.0,8240.0,1024.0,0.0,256.0,6272.0,224.0,224.0,232.0,0.0,0.0,0.0,8.0,0.0,0.00010488100087968633,3.53929863194935e-05,0.00041498900100123137,0.00014818400450167246,0.0002028969938692171
15,28,gOMP,baseline,gOMP (baseline),128,256,0.5,gaussian,gaussian,clean,0.0,0.00010765439421368864,0.010375663555343756,0.9642857142857143,0.9642857142857143,0,0.00108685799932573,10,28.0,0.04009051462505237,target_sparsity_reached,1,1,0.0004981010024494026,3.0,False,,0,0,2.612531089765826,0.0,0.0,0.0,0.0,0.0,0.0,0.0,4800.0,1024.0,2048.0,256.0,0.0,0.0,1304.0,88.0,0.0,0.0,0.0,80.0,0.0,5.115900785312988e-05,0.00010589499652269296,0.0004981010024494026,7.061500218696892e-05,0.0
15,28,gOMP,optimized,gOMP (optimized),128,256,0.5,gaussian,gaussian,clean,0.0,0.00010765439377071509,0.010375663533997,0.9642857142857143,0.9642857142857143,0,0.00042205800127703696,10,28.0,0.04009051462505239,target_sparsity_reached,1,1,0.0001674879931670148,3.0,True,,0,0,2.612531089765826,0.0,0.0,0.0,0.0,0.0,0.0,0.0,1600.0,1024.0,0.0,256.0,0.0,0.0,224.0,88.0,0.0,0.0,0.0,8.0,0.0,3.765000292332843e-05,7.785499838064425e-05,0.0001674879931670148,5.524399603018537e-05,0.0
15,28,Improved-gOMP,baseline,Improved-gOMP (baseline),128,256,0.5,gaussian,gaussian,clean,0.0,2.6040734152557327e-30,1.6137141677681748e-15,1.0,1.0,1,0.008137210999848321,12,28.0,8.698439754759167e-15,residual_tol,0,0,0.0006607740069739521,16.833333333333332,False,,0,0,2.718414572818387,1.0,1.0,1.0,1.0,1.0,1.0,0.0,5152.0,1024.0,2048.0,0.0,0.0,0.0,1592.0,104.0,96.0,96.0,96.0,96.0,0.0,8.164400423993357e-05,0.005990187000861624,0.0005809329995827284,7.989099322003312e-05,0.0006046750022505876
15,28,Improved-gOMP,optimized,Improved-gOMP (optimized),128,256,0.5,gaussian,gaussian,clean,0.0,2.0167693831342387e-20,1.4201300585278232e-10,1.0,1.0,1,0.003161538999847835,12,28.0,5.094754732257415e-10,residual_tol,0,0,0.00031098799081519246,0.0,True,,0,0,2.5244792446837945,1.0,1.0,0.0,0.0,1.0,0.0,1.0,10000.0,1024.0,2048.0,0.0,6272.0,224.0,224.0,104.0,96.0,0.0,0.0,8.0,0.0,6.661800944129936e-05,0.0015309439986594953,0.0005492290001711808,8.504200013703667e-05,0.0005503419997694436
16,28,OMP,baseline,OMP (baseline),128,256,0.5,gaussian,gaussian,clean,0.0,1.5547084683799224e-30,1.2468794923247082e-15,1.0,1.0,1,0.002414695998595562,28,28.0,4.539198251760303e-15,target_sparsity_reached,0,0,0.001095698982680915,1.0,False,,0,0,2.378688442544065,0.0,0.0,0.0,0.0,0.0,0.0,0.0,6776.0,1024.0,2048.0,0.0,0.0,0.0,3248.0,232.0,0.0,0.0,0.0,224.0,0.0,0.00012882299415650778,0.00018930499209091067,0.001095698982680915,0.00018671300131245516,0.0
16,28,OMP,optimized,OMP (optimized),128,256,0.5,gaussian,gaussian,clean,0.0,2.7078605870769768e-20,1.6455578346193053e-10,1.0,1.0,1,0.0012072080025973264,28,28.0,5.349658357818494e-10,target_sparsity_reached,0,0,0.000505566018546233,1.0,True,,0,0,2.378688442544065,0.0,0.0,0.0,0.0,0.0,0.0,0.0,8240.0,1024.0,0.0,256.0,6272.0,224.0,224.0,232.0,0.0,0.0,0.0,8.0,0.0,0.00012607900862349197,5.661699833581224e-05,0.000505566018546233,0.00016745601169532165,0.00022369500948116183
16,28,gOMP,baseline,gOMP (baseline),128,256,0.5,gaussian,gaussian,clean,0.0,0.0027438229948919175,0.0523815138659806,0.9285714285714286,0.9285714285714286,0,0.0013330059991858434,10,28.0,0.17295071120090966,target_sparsity_reached,2,2,0.0006241669980227016,3.0,False,,0,0,2.53402311170931,0.0,0.0,0.0,0.0,0.0,0.0,0.0,4800.0,1024.0,2048.0,256.0,0.0,0.0,1304.0,88.0,0.0,0.0,0.0,80.0,0.0,6.0525006119860336e-05,0.00011320500561851077,0.0006241669980227016,8.710199836059473e-05,0.0
16,28,gOMP,optimized,gOMP (optimized),128,256,0.5,gaussian,gaussian,clean,0.0,0.0027438229917985738,0.05238151383645354,0.9285714285714286,0.9285714285714286,0,0.000397154002712341,10,28.0,0.1729507112009096,target_sparsity_reached,2,2,0.00015009400158305652,3.0,True,,0,0,2.53402311170931,0.0,0.0,0.0,0.0,0.0,0.0,0.0,1600.0,1024.0,0.0,256.0,0.0,0.0,224.0,88.0,0.0,0.0,0.0,8.0,0.0,4.180600444669835e-05,7.340799493249506e-05,0.00015009400158305652,4.977201024303213e-05,0.0
16,28,Improved-gOMP,baseline,Improved-gOMP (baseline),128,256,0.5,gaussian,gaussian,clean,0.0,0.0071241212552814,0.084404509685688,0.8571428571428571,0.8571428571428571,0,0.007963055999425706,11,28.0,0.2661625369130881,target_sparsity_reached,4,4,0.0006342009983200114,17.636363636363637,False,,0,0,2.773241116641539,1.0,1.0,1.0,1.0,1.0,1.0,0.0,4992.0,1024.0,2048.0,0.0,0.0,0.0,1472.0,96.0,88.0,88.0,88.0,88.0,0.0,9.720900197862647e-05,0.005486619000294013,0.0005467250011861324,8.171299487003125e-05,0.0006917020036780741
16,28,Improved-gOMP,optimized,Improved-gOMP (optimized),128,256,0.5,gaussian,gaussian,clean,0.0,0.0027438229917985694,0.052381513836453494,0.9285714285714286,0.9285714285714286,0,0.0027011889978894033,11,28.0,0.1729507112009096,target_sparsity_reached,2,2,0.00032099600502988324,0.0,True,,0,0,2.5340231117093124,1.0,1.0,0.0,0.0,1.0,0.0,1.0,9984.0,1024.0,2048.0,0.0,6272.0,224.0,224.0,96.0,88.0,0.0,0.0,8.0,0.0,6.215799658093601e-05,0.0014265609934227541,0.000677034000545973,9.518498700344935e-05,0.0001583680095791351
17,28,OMP,baseline,OMP (baseline),128,256,0.5,gaussian,gaussian,clean,0.0,1.919488535552842e-30,1.3854560749272571e-15,1.0,1.0,1,0.002396991003479343,28,28.0,6.165081301368385e-15,target_sparsity_reached,0,0,0.0011212589997739997,1.0,False,,0,0,2.32768171548253,0.0,0.0,0.0,0.0,0.0,0.0,0.0,6776.0,1024.0,2048.0,0.0,0.0,0.0,3248.0,232.0,0.0,0.0,0.0,224.0,0.0,0.0001181210063805338,0.00016067100659711286,0.0011212589997739997,0.0001688799929979723,0.0
17,28,OMP,optimized,OMP (optimized),128,256,0.5,gaussian,gaussian,clean,0.0,2.5203789778604226e-20,1.5875701489573375e-10,1.0,1.0,1,0.0010289679994457401,28,28.0,5.073591666597194e-10,target_sparsity_reached,0,0,0.00041324799531139433,1.0,True,,0,0,2.32768171548253,0.0,0.0,0.0,0.0,0.0,0.0,0.0,8240.0,1024.0,0.0,256.0,6272.0,224.0,224.0,232.0,0.0,0.0,0.0,8.0,0.0,0.00010062899309559725,3.658598507172428e-05,0.00041324799531139433,0.00015637701289961115,0.00020501100516412407
17,28,gOMP,baseline,gOMP (baseline),128,256,0.5,gaussian,gaussian,clean,0.0,1.6400362414449648e-30,1.2806389973153888e-15,1.0,1.0,1,0.0010110219991474878,10,28.0,6.311380796408588e-15,target_sparsity_reached,0,0,0.0004637629972421564,3.0,False,,0,0,2.327681715482529,0.0,0.0,0.0,0.0,0.0,0.0,0.0,4800.0,1024.0,2048.0,256.0,0.0,0.0,1304.0,88.0,0.0,0.0,0.0,80.0,0.0,4.068399721290916e-05,9.647099432186224e-05,0.0004637629972421564,5.9797996073029935e-05,0.0
17,28,gOMP,optimized,gOMP (optimized),128,256,0.5,gaussian,gaussian,clean,0.0,2.5203821998866438e-20,1.5875711637235806e-10,1.0,1.0,1,0.0003797049976128619,10,28.0,5.073593003000585e-10,target_sparsity_reached,0,0,0.0001455710007576272,3.0,True,,0,0,2.327681715482529,0.0,0.0,0.0,0.0,0.0,0.0,0.0,1600.0,1024.0,0.0,256.0,0.0,0.0,224.0,88.0,0.0,0.0,0.0,8.0,0.0,3.451000520726666e-05,6.921599924680777e-05,0.0001455710007576272,4.930300929117948e-05,0.0
17,28,Improved-gOMP,baseline,Improved-gOMP (baseline),128,256,0.5,gaussian,gaussian,clean,0.0,7.291189201317251e-05,0.00853884605864121,0.9642857142857143,0.9642857142857143,0,0.0065612850012257695,11,28.0,0.02963058572944873,target_sparsity_reached,1,1,0.0006344170033116825,17.90909090909091,False,,0,0,2.2974592280307413,1.0,1.0,1.0,1.0,1.0,1.0,0.0,4944.0,1024.0,2048.0,0.0,0.0,0.0,1424.0,96.0,88.0,88.0,88.0,88.0,0.0,8.830400111037306e-05,0.0046624989990959875,0.0005704779978259467,8.354000601684675e-05,0.00021819400353706442
17,28,Improved-gOMP,optimized,Improved-gOMP (optimized),128,256,0.5,gaussian,gaussian,clean,0.0,2.520378225139401e-20,1.5875699118903083e-10,1.0,1.0,1,0.0022893320019647945,11,28.0,5.073591618094148e-10,residual_tol,0,0,0.0003286649916844908,0.0,True,,0,0,2.327681715482529,1.0,1.0,0.0,0.0,1.0,0.0,1.0,9984.0,1024.0,2048.0,0.0,6272.0,224.0,224.0,96.0,88.0,0.0,0.0,8.0,0.0,4.6818997361697257e-05,0.0011303809951641597,0.00046254799235612154,6.873100210214034e-05,0.0002498300054867286
18,28,OMP,baseline,OMP (baseline),128,256,0.5,gaussian,gaussian,clean,0.0,3.3573716384748684e-30,1.8323131933364633e-15,1.0,1.0,1,0.0027178489981452003,28,28.0,1.3532645325809481e-14,target_sparsity_reached,0,0,0.0011960660012846347,1.0,False,,0,0,2.6322077747441783,0.0,0.0,0.0,0.0,0.0,0.0,0.0,6776.0,1024.0,2048.0,0.0,0.0,0.0,3248.0,232.0,0.0,0.0,0.0,224.0,0.0,0.00015290698502212763,0.00020706199211417697,0.0011960660012846347,0.00021814401407027617,0.0
18,28,OMP,optimized,OMP (optimized),128,256,0.5,gaussian,gaussian,clean,0.0,1.655237270651484e-20,1.2865602475793676e-10,1.0,1.0,1,0.0011073989990109112,28,28.0,7.479876552742867e-10,target_sparsity_reached,0,0,0.0004496469991863705,1.0,True,,0,0,2.6322077747441783,0.0,0.0,0.0,0.0,0.0,0.0,0.0,8240.0,1024.0,0.0,256.0,6272.0,224.0,224.0,232.0,0.0,0.0,0.0,8.0,0.0,0.0001197729907289613,3.6268989788368344e-05,0.0004496469991863705,0.00018204099615104496,0.0002071130002150312
18,28,gOMP,baseline,gOMP (baseline),128,256,0.5,gaussian,gaussian,clean,0.0,0.00023355246480416013,0.015282423394349475,0.9642857142857143,0.9642857142857143,0,0.0010504410020075738,10,28.0,0.07589981764547805,target_sparsity_reached,1,1,0.0004847959899052512,3.0,False,,0,0,2.6090341134462585,0.0,0.0,0.0,0.0,0.0,0.0,0.0,4800.0,1024.0,2048.0,256.0,0.0,0.0,1304.0,88.0,0.0,0.0,0.0,80.0,0.0,4.786599674844183e-05,9.541300096316263e-05,0.0004847959899052512,6.877599298604764e-05,0.0
18,28,gOMP,optimized,gOMP (optimized),128,256,0.5,gaussian,gaussian,clean,0.0,0.00023355246425474572,0.015282423376374105,0.9642857142857143,0.9642857142857143,0,0.0004721789991890546,10,28.0,0.07589981764547797,target_sparsity_reached,1,1,0.00018800399266183376,3.0,True,,0,0,2.6090341134462585,0.0,0.0,0.0,0.0,0.0,0.0,0.0,1600.0,1024.0,0.0,256.0,0.0,0.0,224.0,88.0,0.0,0.0,0.0,8.0,0.0,4.7721008741064e-05,8.394199539907277e-05,0.00018800399266183376,6.128601307864301e-05,0.0
18,28,Improved-gOMP,baseline,Improved-gOMP (baseline),128,256,0.5,gaussian,gaussian,clean,0.0,2.0437607112683738e-30,1.4296015917969501e-15,1.0,1.0,1,0.007383647996903164,12,28.0,9.667034791173639e-15,residual_tol,0,0,0.0006466180020652246,16.75,False,,0,0,2.632207774744178,1.0,1.0,1.0,1.0,1.0,1.0,0.0,5152.0,1024.0,2048.0,0.0,0.0,0.0,1592.0,104.0,96.0,96.0,96.0,96.0,0.0,6.808300167904235e-05,0.005280939996737288,0.0005713250029657502,8.417800563620403e-05,0.000632849994872231
18,28,Improved-gOMP,optimized,Improved-gOMP (optimized),128,256,0.5,gaussian,gaussian,clean,0.0,1.6552408802561423e-20,1.2865616503907392e-10,1.0,1.0,1,0.0021717410018027294,11,28.0,7.479881724665846e-10,residual_tol,0,0,0.00024441300411126576,0.0,True,,0,0,2.6322077747441766,1.0,1.0,0.0,0.0,1.0,0.0,1.0,9984.0,1024.0,2048.0,0.0,6272.0,224.0,224.0,96.0,88.0,0.0,0.0,8.0,0.0,5.718700049328618e-05,0.001187057001516223,0.00043847700726473704,7.425200237776153e-05,0.00014900099995429628
19,28,OMP,baseline,OMP (baseline),128,256,0.5,gaussian,gaussian,clean,0.0,1.5566752482319032e-30,1.2476679238611142e-15,1.0,1.0,1,0.0026806579990079626,28,28.0,6.77040149345897e-15,target_sparsity_reached,0,0,0.0012152929994044825,1.0,False,,0,0,2.621897481370649,0.0,0.0,0.0,0.0,0.0,0.0,0.0,6776.0,1024.0,2048.0,0.0,0.0,0.0,3248.0,232.0,0.0,0.0,0.0,224.0,0.0,0.00015240799621096812,0.00019353701281943358,0.0012152929994044825,0.0002015189893427305,0.0
19,28,OMP,optimized,OMP (optimized),128,256,0.5,gaussian,gaussian,clean,0.0,1.4572298506798175e-20,1.2071577571634195e-10,1.0,1.0,1,0.0010670749979908578,28,28.0,5.285093838760724e-10,target_sparsity_reached,0,0,0.00043202800952713005,1.0,True,,0,0,2.621897481370649,0.0,0.0,0.0,0.0,0.0,0.0,0.0,8240.0,1024.0,0.0,256.0,6272.0,224.0,224.0,232.0,0.0,0.0,0.0,8.0,0.0,0.0001059869937307667,4.717799311038107e-05,0.00043202800952713005,0.00015253399760695174,0.000210245001653675
19,28,gOMP,baseline,gOMP (baseline),128,256,0.5,gaussian,gaussian,clean,0.0,2.628247944981514e-06,0.0016211872023247388,0.9642857142857143,0.9642857142857143,0,0.0010964949979097582,10,28.0,0.006305748550172161,target_sparsity_reached,1,1,0.0005067089950898662,3.0,False,,0,0,2.6686862666904183,0.0,0.0,0.0,0.0,0.0,0.0,0.0,4800.0,1024.0,2048.0,256.0,0.0,0.0,1304.0,88.0,0.0,0.0,0.0,80.0,0.0,4.331400486989878e-05,0.00010820899842656218,0.0005067089950898662,6.941899846424349e-05,0.0
19,28,gOMP,optimized,gOMP (optimized),128,256,0.5,gaussian,gaussian,clean,0.0,2.6282479502717203e-06,0.0016211872039563228,0.9642857142857143,0.9642857142857143,0,0.00047700600043754093,10,28.0,0.006305748550172217,target_sparsity_reached,1,1,0.00020812898583244532,3.0,True,,0,0,2.6686862666904183,0.0,0.0,0.0,0.0,0.0,0.0,0.0,1600.0,1024.0,0.0,256.0,0.0,0.0,224.0,88.0,0.0,0.0,0.0,8.0,0.0,3.825199746643193e-05,8.035300197661854e-05,0.00020812898583244532,5.890699685551226e-05,0.0
19,28,Improved-gOMP,baseline,Improved-gOMP (baseline),128,256,0.5,gaussian,gaussian,clean,0.0,0.00016944307642446262,0.013017030245968649,0.9285714285714286,0.9285714285714286,0,0.005922625998209696,11,28.0,0.04618737265177892,target_sparsity_reached,2,2,0.000610749008046696,18.181818181818183,False,,0,0,2.5369210552321535,1.0,1.0,1.0,1.0,1.0,1.0,0.0,4944.0,1024.0,2048.0,0.0,0.0,0.0,1424.0,96.0,88.0,88.0,88.0,88.0,0.0,6.088899681344628e-05,0.004223622003337368,0.0005602080018434208,9.516199497738853e-05,0.00025751800421858206
19,28,Improved-gOMP,optimized,Improved-gOMP (optimized),128,256,0.5,gaussian,gaussian,clean,0.0,1.4572302863064722e-20,1.2071579375982549e-10,1.0,1.0,1,0.0023177869989012834,11,28.0,5.285093440800348e-10,residual_tol,0,0,0.0002790629987430293,0.0,True,,0,0,2.6218974813706506,1.0,1.0,0.0,0.0,1.0,0.0,1.0,9984.0,1024.0,2048.0,0.0,6272.0,224.0,224.0,96.0,88.0,0.0,0.0,8.0,0.0,5.326000609784387e-05,0.0012791700028174091,0.000506708998727845,8.106500172289088e-05,0.0001398390049871523
20,28,OMP,baseline,OMP (baseline),128,256,0.5,gaussian,gaussian,clean,0.0,1.3613359838736391e-30,1.1667630367275264e-15,1.0,1.0,1,0.0025046269984159153,28,28.0,5.6015400252035016e-15,target_sparsity_reached,0,0,0.0011246710128034465,1.0,False,,0,0,2.506820739553252,0.0,0.0,0.0,0.0,0.0,0.0,0.0,6776.0,1024.0,2048.0,0.0,0.0,0.0,3248.0,232.0,0.0,0.0,0.0,224.0,0.0,0.0001509280082245823,0.0001738359969749581,0.0011246710128034465,0.00019263898866483942,0.0
20,28,OMP,optimized,OMP (optimized),128,256,0.5,gaussian,gaussian,clean,0.0,1.8875177217994872e-20,1.373869616011464e-10,1.0,1.0,1,0.0010538959977566265,28,28.0,5.883154933979562e-10,target_sparsity_reached,0,0,0.0004205290060781408,1.0,True,,0,0,2.506820739553252,0.0,0.0,0.0,0.0,0.0,0.0,0.0,8240.0,1024.0,0.0,256.0,6272.0,224.0,224.0,232.0,0.0,0.0,0.0,8.0,0.0,0.00012830701234634034,3.726800059666857e-05,0.0004205290060781408,0.0001486389992351178,0.0002060919941868633
20,28,gOMP,baseline,gOMP (baseline),128,256,0.5,gaussian,gaussian,clean,0.0,1.7610094102174948e-05,0.004196438263834576,0.9642857142857143,0.9642857142857143,0,0.0011050729990529362,10,28.0,0.017046739048029277,target_sparsity_reached,1,1,0.0005239519887254573,3.0,False,,0,0,2.5842065778412104,0.0,0.0,0.0,0.0,0.0,0.0,0.0,4800.0,1024.0,2048.0,256.0,0.0,0.0,1304.0,88.0,0.0,0.0,0.0,80.0,0.0,4.711100336862728e-05,9.82670026132837e-05,0.0005239519887254573,7.247199391713366e-05,0.0
20,28,gOMP,optimized,gOMP (optimized),128,256,0.5,gaussian,gaussian,clean,0.0,1.761009411872104e-05,0.00419643826580602,0.9642857142857143,0.9642857142857143,0,0.0004032889992231503,10,28.0,0.017046739048029363,target_sparsity_reached,1,1,0.00015396200615214184,3.0,True,,0,0,2.5842065778412104,0.0,0.0,0.0,0.0,0.0,0.0,0.0,1600.0,1024.0,0.0,256.0,0.0,0.0,224.0,88.0,0.0,0.0,0.0,8.0,0.0,4.198700480628759e-05,7.231199560919777e-05,0.00015396200615214184,5.2303999837022275e-05,0.0
20,28,Improved-gOMP,baseline,Improved-gOMP (baseline),128,256,0.5,gaussian,gaussian,clean,0.0,0.00015972911056475,0.012638398259461125,0.9285714285714286,0.9285714285714286,0,0.006183847999636782,11,28.0,0.049601773650554404,target_sparsity_reached,2,2,0.0006056349920982029,18.272727272727273,False,,0,0,2.6987649011362707,1.0,1.0,1.0,1.0,1.0,1.0,0.0,4944.0,1024.0,2048.0,0.0,0.0,0.0,1424.0,96.0,88.0,88.0,88.0,88.0,0.0,7.79710098868236e-05,0.004590299988194602,0.0005278299977362622,7.756101331324317e-05,0.0002187770041928161
20,28,Improved-gOMP,optimized,Improved-gOMP (optimized),128,256,0.5,gaussian,gaussian,clean,0.0,1.8875167113510412e-20,1.3738692482732996e-10,1.0,1.0,1,0.002701385001273593,12,28.0,5.883153734194738e-10,residual_tol,0,0,0.00027620100081549026,0.0,True,,0,0,2.50682073955325,1.0,1.0,0.0,0.0,1.0,0.0,1.0,10000.0,1024.0,2048.0,0.0,6272.0,224.0,224.0,104.0,96.0,0.0,0.0,8.0,0.0,5.957500252407044e-05,0.0012489619875850622,0.0005168530115042813,8.39649947010912e-05,0.0005389079924498219
21,28,OMP,baseline,OMP (baseline),128,256,0.5,gaussian,gaussian,clean,0.0,1.1550605526711893e-30,1.0747374342932274e-15,1.0,1.0,1,0.0023716879986750428,28,28.0,5.493518403497404e-15,target_sparsity_reached,0,0,0.0010910129858530127,1.0,False,,0,0,2.6953609630129955,0.0,0.0,0.0,0.0,0.0,0.0,0.0,6776.0,1024.0,2048.0,0.0,0.0,0.0,3248.0,232.0,0.0,0.0,0.0,224.0,0.0,0.00011713600179064088,0.00016181598766706884,0.0010910129858530127,0.00017163800293928944,0.0
21,28,OMP,optimized,OMP (optimized),128,256,0.5,gaussian,gaussian,clean,0.0,2.283576321725229e-20,1.5111506614911794e-10,1.0,1.0,1,0.0015425659985339735,28,28.0,6.531570948602048e-10,target_sparsity_reached,0,0,0.0005346979960449971,1.0,True,,0,0,2.6953609630129955,0.0,0.0,0.0,0.0,0.0,0.0,0.0,8240.0,1024.0,0.0,256.0,6272.0,224.0,224.0,232.0,0.0,0.0,0.0,8.0,0.0,0.00029192300280556083,6.684698746539652e-05,0.0005346979960449971,0.0001867769897216931,0.00031498300450039096
21,28,gOMP,baseline,gOMP (baseline),128,256,0.5,gaussian,gaussian,clean,0.0,2.0139053809555795e-30,1.419121341166984e-15,1.0,1.0,1,0.0012611950005521066,10,28.0,7.502330676994763e-15,target_sparsity_reached,0,0,0.0005664849995810073,3.0,False,,0,0,2.695360963012996,0.0,0.0,0.0,0.0,0.0,0.0,0.0,4800.0,1024.0,2048.0,256.0,0.0,0.0,1304.0,88.0,0.0,0.0,0.0,80.0,0.0,5.112699727760628e-05,0.0001152359982370399,0.0005664849995810073,9.070799933397211e-05,0.0
21,28,gOMP,optimized,gOMP (optimized),128,256,0.5,gaussian,gaussian,clean,0.0,2.283574479091148e-20,1.5111500518119132e-10,1.0,1.0,1,0.0004017550018033944,10,28.0,6.531571154323866e-10,target_sparsity_reached,0,0,0.00015405100202769972,3.0,True,,0,0,2.695360963012996,0.0,0.0,0.0,0.0,0.0,0.0,0.0,1600.0,1024.0,0.0,256.0,0.0,0.0,224.0,88.0,0.0,0.0,0.0,8.0,0.0,3.66569911420811e-05,7.372600884991698e-05,0.00015405100202769972,5.1858001825166866e-05,0.0
21,28,Improved-gOMP,baseline,Improved-gOMP (baseline),128,256,0.5,gaussian,gaussian,clean,0.0,1.1415026198716578e-30,1.0684112597083849e-15,1.0,1.0,1,0.007060970998281846,12,28.0,5.395185232870377e-15,residual_tol,0,0,0.0006325510003080126,16.75,False,,0,0,2.729621615433078,1.0,1.0,1.0,1.0,1.0,1.0,0.0,5152.0,1024.0,2048.0,0.0,0.0,0.0,1592.0,104.0,96.0,96.0,96.0,96.0,0.0,6.067400681786239e-05,0.005026670994993765,0.0005590819928329438,7.3283001256641e-05,0.0005964870033494662
21,28,Improved-gOMP,optimized,Improved-gOMP (optimized),128,256,0.5,gaussian,gaussian,clean,0.0,2.2835707648406586e-20,1.5111488228631417e-10,1.0,1.0,1,0.0029760910001641605,12,28.0,6.531562593230884e-10,residual_tol,0,0,0.0003086159995291382,0.0,True,,0,0,2.6953609630129964,1.0,1.0,0.0,0.0,1.0,0.0,1.0,10000.0,1024.0,2048.0,0.0,6272.0,224.0,224.0,104.0,96.0,0.0,0.0,8.0,0.0,5.5276002967730165e-05,0.0013362630052142777,0.0005677679910149891,8.626499766251072e-05,0.0006357229940476827
22,28,OMP,baseline,OMP (baseline),128,256,0.5,gaussian,gaussian,clean,0.0,1.4884330293904014e-30,1.2200135365603127e-15,1.0,1.0,1,0.002939703997981269,28,28.0,6.708342333209857e-15,target_sparsity_reached,0,0,0.0012810759908461478,1.0,False,,0,0,2.6058307897336013,0.0,0.0,0.0,0.0,0.0,0.0,0.0,6776.0,1024.0,2048.0,0.0,0.0,0.0,3248.0,232.0,0.0,0.0,0.0,224.0,0.0,0.00015335500211222097,0.0002491160048521124,0.0012810759908461478,0.0002585749934951309,0.0
22,28,OMP,optimized,OMP (optimized),128,256,0.5,gaussian,gaussian,clean,0.0,2.0001340374245623e-20,1.414260950965048e-10,1.0,1.0,1,0.0011259659986535553,28,28.0,5.865419630346739e-10,target_sparsity_reached,0,0,0.0004371730101411231,1.0,True,,0,0,2.6058307897336013,0.0,0.0,0.0,0.0,0.0,0.0,0.0,8240.0,1024.0,0.0,256.0,6272.0,224.0,224.0,232.0,0.0,0.0,0.0,8.0,0.0,0.0001354119995085057,3.965701398556121e-05,0.0004371730101411231,0.00016385200069635175,0.00023111200061975978
22,28,gOMP,baseline,gOMP (baseline),128,256,0.5,gaussian,gaussian,clean,0.0,0.0001021932770809875,0.0101090690511534,0.9642857142857143,0.9642857142857143,0,0.0011558000005607028,10,28.0,0.04265488835029441,target_sparsity_reached,1,1,0.0005200400009925943,3.0,False,,0,0,2.5784960574544633,0.0,0.0,0.0,0.0,0.0,0.0,0.0,4800.0,1024.0,2048.0,256.0,0.0,0.0,1304.0,88.0,0.0,0.0,0.0,80.0,0.0,5.3527994168689474e-05,0.00010741200094344094,0.0005200400009925943,8.068400347838178e-05,0.0
22,28,gOMP,optimized,gOMP (optimized),128,256,0.5,gaussian,gaussian,clean,0.0,0.00010219327718734204,0.010109069056413752,0.9642857142857143,0.9642857142857143,0,0.00048155100012081675,10,28.0,0.04265488835029424,target_sparsity_reached,1,1,0.0001692870027909521,3.0,True,,0,0,2.5784960574544633,0.0,0.0,0.0,0.0,0.0,0.0,0.0,1600.0,1024.0,0.0,256.0,0.0,0.0,224.0,88.0,0.0,0.0,0.0,8.0,0.0,4.7003006329759955e-05,9.225300527759828e-05,0.0001692870027909521,5.89969968132209e-05,0.0
22,28,Improved-gOMP,baseline,Improved-gOMP (baseline),128,256,0.5,gaussian,gaussian,clean,0.0,1.9561828351573802e-30,1.3986360624398974e-15,1.0,1.0,1,0.005819936999614583,11,28.0,6.4341471338936995e-15,residual_tol,0,0,0.000574359994061524,18.272727272727273,False,,0,0,2.6058307897336013,1.0,1.0,1.0,1.0,1.0,1.0,0.0,4944.0,1024.0,2048.0,0.0,0.0,0.0,1424.0,96.0,88.0,88.0,88.0,88.0,0.0,6.253600440686569e-05,0.004267932010407094,0.0004962029925081879,7.461100176442415e-05,0.00022089399135438725
22,28,Improved-gOMP,optimized,Improved-gOMP (optimized),128,256,0.5,gaussian,gaussian,clean,0.0,2.0001285846172033e-20,1.414259023169802e-10,1.0,1.0,1,0.002484763001120882,11,28.0,5.865412879493375e-10,residual_tol,0,0,0.0002705919978325255,0.0,True,,0,0,2.6058307897336013,1.0,1.0,0.0,0.0,1.0,0.0,1.0,9984.0,1024.0,2048.0,0.0,6272.0,224.0,224.0,96.0,88.0,0.0,0.0,8.0,0.0,5.1798997446894646e-05,0.0014065519972064067,0.0004735589973279275,7.963100506458431e-05,0.00021614600336761214
23,28,OMP,baseline,OMP (baseline),128,256,0.5,gaussian,gaussian,clean,0.0,1.7382630742208823e-30,1.3184320514235394e-15,1.0,1.0,1,0.0028547219990286976,28,28.0,6.857656573388955e-15,target_sparsity_reached,0,0,0.0012874499880126677,1.0,False,,0,0,2.6026954122632544,0.0,0.0,0.0,0.0,0.0,0.0,0.0,6776.0,1024.0,2048.0,0.0,0.0,0.0,3248.0,232.0,0.0,0.0,0.0,224.0,0.0,0.00015195499872788787,0.00020039499941049144,0.0012874499880126677,0.0002606939960969612,0.0
23,28,OMP,optimized,OMP (optimized),128,256,0.5,gaussian,gaussian,clean,0.0,1.4999506572700775e-20,1.224724727140788e-10,1.0,1.0,1,0.0010206630031461827,28,28.0,5.855494696256116e-10,target_sparsity_reached,0,0,0.00040663700565346517,1.0,True,,0,0,2.6026954122632544,0.0,0.0,0.0,0.0,0.0,0.0,0.0,8240.0,1024.0,0.0,256.0,6272.0,224.0,224.0,232.0,0.0,0.0,0.0,8.0,0.0,9.460200817557052e-05,3.445199763518758e-05,0.00040663700565346517,0.00015213299775496125,0.00022147400886751711
23,28,gOMP,baseline,gOMP (baseline),128,256,0.5,gaussian,gaussian,clean,0.0,5.096293881774798e-05,0.007138833155197562,0.9642857142857143,0.9642857142857143,0,0.0010129110014531761,10,28.0,0.03147898868092897,target_sparsity_reached,1,1,0.00047135100612649694,3.0,False,,0,0,2.5974802904727,0.0,0.0,0.0,0.0,0.0,0.0,0.0,4800.0,1024.0,2048.0,256.0,0.0,0.0,1304.0,88.0,0.0,0.0,0.0,80.0,0.0,3.961800393881276e-05,9.591000343789347e-05,0.00047135100612649694,6.17199948464986e-05,0.0
23,28,gOMP,optimized,gOMP (optimized),128,256,0.5,gaussian,gaussian,clean,0.0,5.096293864612463e-05,0.007138833143177156,0.9642857142857143,0.9642857142857143,0,0.00039441300032194704,10,28.0,0.0314789886809289,target_sparsity_reached,1,1,0.00015034600437502377,3.0,True,,0,0,2.5974802904727,0.0,0.0,0.0,0.0,0.0,0.0,0.0,1600.0,1024.0,0.0,256.0,0.0,0.0,224.0,88.0,0.0,0.0,0.0,8.0,0.0,3.738099985639565e-05,7.054700472508557e-05,0.00015034600437502377,5.155800317879766e-05,0.0
23,28,Improved-gOMP,baseline,Improved-gOMP (baseline),128,256,0.5,gaussian,gaussian,clean,0.0,1.7304012158591395e-30,1.3154471543392154e-15,1.0,1.0,1,0.0056632929990882985,11,28.0,7.130566868493732e-15,residual_tol,0,0,0.000572031996853184,18.454545454545453,False,,0,0,2.6026954122632544,1.0,1.0,1.0,1.0,1.0,1.0,0.0,4944.0,1024.0,2048.0,0.0,0.0,0.0,1424.0,96.0,88.0,88.0,88.0,88.0,0.0,5.8016990806208923e-05,0.004116956999496324,0.0004933210038871039,6.917700738995336e-05,0.00021650700000463985
23,28,Improved-gOMP,optimized,Improved-gOMP (optimized),128,256,0.5,gaussian,gaussian,clean,0.0,1.499950040356074e-20,1.2247244752825322e-10,1.0,1.0,1,0.0022866349972900935,11,28.0,5.855493641794582e-10,residual_tol,0,0,0.00027549199512577616,0.0,True,,0,0,2.6026954122632526,1.0,1.0,0.0,0.0,1.0,0.0,1.0,9984.0,1024.0,2048.0,0.0,6272.0,224.0,224.0,96.0,88.0,0.0,0.0,8.0,0.0,5.2228995627956465e-05,0.0012350450015219394,0.0005029289968661033,7.595100396429189e-05,0.00015470799917238764
24,28,OMP,baseline,OMP (baseline),128,256,0.5,gaussian,gaussian,clean,0.0,1.1162056007405112e-30,1.0565063183627967e-15,1.0,1.0,1,0.00245636299951002,28,28.0,4.366158044783876e-15,target_sparsity_reached,0,0,0.0011214200058020651,1.0,False,,0,0,2.349339642666234,0.0,0.0,0.0,0.0,0.0,0.0,0.0,6776.0,1024.0,2048.0,0.0,0.0,0.0,3248.0,232.0,0.0,0.0,0.0,224.0,0.0,0.0001373009945382364,0.00016543400852242485,0.0011214200058020651,0.00021470000137924217,0.0
24,28,OMP,optimized,OMP (optimized),128,256,0.5,gaussian,gaussian,clean,0.0,2.5184168843173227e-20,1.5869520737304335e-10,1.0,1.0,1,0.001031906002026517,28,28.0,5.524154037978798e-10,target_sparsity_reached,0,0,0.00039757799459039234,1.0,True,,0,0,2.349339642666234,0.0,0.0,0.0,0.0,0.0,0.0,0.0,8240.0,1024.0,0.0,256.0,6272.0,224.0,224.0,232.0,0.0,0.0,0.0,8.0,0.0,0.00011559499762370251,4.1178998799296096e-05,0.00039757799459039234,0.00014480600657407194,0.0002137100018444471
24,28,gOMP,baseline,gOMP (baseline),128,256,0.5,gaussian,gaussian,clean,0.0,1.2887369925561087e-30,1.1352255249755922e-15,1.0,1.0,1,0.0012109030030842405,10,28.0,5.1330617148524194e-15,target_sparsity_reached,0,0,0.000564172998565482,3.0,False,,0,0,2.349339642666233,0.0,0.0,0.0,0.0,0.0,0.0,0.0,4800.0,1024.0,2048.0,256.0,0.0,0.0,1304.0,88.0,0.0,0.0,0.0,80.0,0.0,5.46060036867857e-05,0.00010744500104920007,0.000564172998565482,9.105900244321674e-05,0.0
24,28,gOMP,optimized,gOMP (optimized),128,256,0.5,gaussian,gaussian,clean,0.0,2.518415384938186e-20,1.5869516013219137e-10,1.0,1.0,1,0.000435480000305688,10,28.0,5.524153325954364e-10,target_sparsity_reached,0,0,0.0001683429982222151,3.0,True,,0,0,2.349339642666233,0.0,0.0,0.0,0.0,0.0,0.0,0.0,1600.0,1024.0,0.0,256.0,0.0,0.0,224.0,88.0,0.0,0.0,0.0,8.0,0.0,4.448699837666936e-05,8.313800935866311e-05,0.0001683429982222151,5.325100937625393e-05,0.0
24,28,Improved-gOMP,baseline,Improved-gOMP (baseline),128,256,0.5,gaussian,gaussian,clean,0.0,0.0001400337723840562,0.011833586623845545,0.9642857142857143,0.9642857142857143,0,0.005672047002008185,11,28.0,0.0377004474291868,target_sparsity_reached,1,1,0.0005877989933651406,18.272727272727273,False,,0,0,2.401776391864729,1.0,1.0,1.0,1.0,1.0,1.0,0.0,4944.0,1024.0,2048.0,0.0,0.0,0.0,1424.0,96.0,88.0,88.0,88.0,88.0,0.0,6.369499897118658e-05,0.004149946002144134,0.0005131580001034308,7.45719917176757e-05,0.00020681199748651125
24,28,Improved-gOMP,optimized,Improved-gOMP (optimized),128,256,0.5,gaussian,gaussian,clean,0.0,0.00013254185752539476,0.01151268246436923,0.9642857142857143,0.9642857142857143,0,0.002436684000713285,11,28.0,0.03823205073688086,target_sparsity_reached,1,1,0.0003004360041813925,0.0,True,,0,0,2.654319276846211,1.0,1.0,0.0,0.0,1.0,0.0,1.0,9984.0,1024.0,2048.0,0.0,6272.0,224.0,224.0,96.0,88.0,0.0,0.0,8.0,0.0,5.874600537936203e-05,0.0011259659986535553,0.00047865400119917467,8.651099778944626e-05,0.00036531000296236016
25,28,OMP,baseline,OMP (baseline),128,256,0.5,gaussian,gaussian,clean,0.0,1.3697562369239544e-30,1.1703658560142443e-15,1.0,1.0,1,0.0027870049998455215,28,28.0,6.045130757727596e-15,target_sparsity_reached,0,0,0.0012461659935070202,1.0,False,,0,0,2.1787207126104637,0.0,0.0,0.0,0.0,0.0,0.0,0.0,6776.0,1024.0,2048.0,0.0,0.0,0.0,3248.0,232.0,0.0,0.0,0.0,224.0,0.0,0.00016801700621726923,0.00019566601258702576,0.0012461659935070202,0.00023294499260373414,0.0
25,28,OMP,optimized,OMP (optimized),128,256,0.5,gaussian,gaussian,clean,0.0,2.0226640451103253e-20,1.4222039393526956e-10,1.0,1.0,1,0.0009923780016833916,28,28.0,5.50222986065422e-10,target_sparsity_reached,0,0,0.00039327899139607325,1.0,True,,0,0,2.1787207126104637,0.0,0.0,0.0,0.0,0.0,0.0,0.0,8240.0,1024.0,0.0,256.0,6272.0,224.0,224.0,232.0,0.0,0.0,0.0,8.0,0.0,0.00010473000293131918,3.4123993827961385e-05,0.00039327899139607325,0.00014030400416231714,0.0002036669793596957
25,28,gOMP,baseline,gOMP (baseline),128,256,0.5,gaussian,gaussian,clean,0.0,1.5056279956340135e-30,1.227040339856035e-15,1.0,1.0,1,0.0010113050011568703,10,28.0,6.376133712784111e-15,target_sparsity_reached,0,0,0.0004595620011969004,3.0,False,,0,0,2.178720712610465,0.0,0.0,0.0,0.0,0.0,0.0,0.0,4800.0,1024.0,2048.0,256.0,0.0,0.0,1304.0,88.0,0.0,0.0,0.0,80.0,0.0,4.28589919465594e-05,9.337300070910715e-05,0.0004595620011969004,6.133599526947364e-05,0.0
25,28,gOMP,optimized,gOMP (optimized),128,256,0.5,gaussian,gaussian,clean,0.0,2.0226690964737484e-20,1.4222057152443696e-10,1.0,1.0,1,0.0004204459983156994,10,28.0,5.502235876620182e-10,target_sparsity_reached,0,0,0.00015836300008231774,3.0,True,,0,0,2.178720712610465,0.0,0.0,0.0,0.0,0.0,0.0,0.0,1600.0,1024.0,0.0,256.0,0.0,0.0,224.0,88.0,0.0,0.0,0.0,8.0,0.0,3.700900197145529e-05,7.67190103942994e-05,0.00015836300008231774,6.460598888224922e-05,0.0
25,28,Improved-gOMP,baseline,Improved-gOMP (baseline),128,256,0.5,gaussian,gaussian,clean,0.0,0.00010220514485680978,0.010109656020696738,0.9642857142857143,0.9642857142857143,0,0.0055112709997047205,11,28.0,0.038380866749556396,target_sparsity_reached,1,1,0.0005730509983550292,18.181818181818183,False,,0,0,2.236714635907421,1.0,1.0,1.0,1.0,1.0,1.0,0.0,4944.0,1024.0,2048.0,0.0,0.0,0.0,1424.0,96.0,88.0,88.0,88.0,88.0,0.0,5.487200178322382e-05,0.004002721998404013,0.0004929729984723963,8.017800428206101e-05,0.0002179119983338751
25,28,Improved-gOMP,optimized,Improved-gOMP (optimized),128,256,0.5,gaussian,gaussian,clean,0.0,2.0226658802995498e-20,1.422204584544555e-10,1.0,1.0,1,0.0027144060004502535,11,28.0,5.502232638967668e-10,residual_tol,0,0,0.00028476900479290634,0.0,True,,0,0,2.178720712610464,1.0,1.0,0.0,0.0,1.0,0.0,1.0,9984.0,1024.0,2048.0,0.0,6272.0,224.0,224.0,96.0,88.0,0.0,0.0,8.0,0.0,5.0312992243561894e-05,0.0011889609959325753,0.00046925800052122213,0.00037466600406332873,0.000362493003194686
26,28,OMP,baseline,OMP (baseline),128,256,0.5,gaussian,gaussian,clean,0.0,1.5067044358839087e-30,1.2274788942722839e-15,1.0,1.0,1,0.002646205000928603,28,28.0,5.308326399589447e-15,target_sparsity_reached,0,0,0.0011922200064873323,1.0,False,,0,0,2.3848142592717645,0.0,0.0,0.0,0.0,0.0,0.0,0.0,6776.0,1024.0,2048.0,0.0,0.0,0.0,3248.0,232.0,0.0,0.0,0.0,224.0,0.0,0.00014673700206913054,0.00019576999693526886,0.0011922200064873323,0.00021801399634568952,0.0
26,28,OMP,optimized,OMP (optimized),128,256,0.5,gaussian,gaussian,clean,0.0,1.4050547590080486e-20,1.1853500575813243e-10,1.0,1.0,1,0.0014423289976548404,28,28.0,5.32881270520159e-10,target_sparsity_reached,0,0,0.0005252419869066216,1.0,True,,0,0,2.3848142592717645,0.0,0.0,0.0,0.0,0.0,0.0,0.0,8240.0,1024.0,0.0,256.0,6272.0,224.0,224.0,232.0,0.0,0.0,0.0,8.0,0.0,0.00021449099949677475,4.937799531035125e-05,0.0005252419869066216,0.00018573199849925004,0.00033173300107591785
26,28,gOMP,baseline,gOMP (baseline),128,256,0.5,gaussian,gaussian,clean,0.0,2.1087602971619046e-05,0.004592124015269954,0.9642857142857143,0.9642857142857143,0,0.00123914799769409,10,28.0,0.019599251362842872,target_sparsity_reached,1,1,0.0005715069964935537,3.0,False,,0,0,2.3430242275292246,0.0,0.0,0.0,0.0,0.0,0.0,0.0,4800.0,1024.0,2048.0,256.0,0.0,0.0,1304.0,88.0,0.0,0.0,0.0,80.0,0.0,5.240400059847161e-05,0.0001180400031444151,0.0005715069964935537,8.629999865661375e-05,0.0
26,28,gOMP,optimized,gOMP (optimized),128,256,0.5,gaussian,gaussian,clean,0.0,2.108760300374373e-05,0.004592124018767756,0.9642857142857143,0.9642857142857143,0,0.0004092619965376798,10,28.0,0.019599251362842872,target_sparsity_reached,1,1,0.00015336500291596167,3.0,True,,0,0,2.3430242275292246,0.0,0.0,0.0,0.0,0.0,0.0,0.0,1600.0,1024.0,0.0,256.0,0.0,0.0,224.0,88.0,0.0,0.0,0.0,8.0,0.0,4.2904004658339545e-05,7.453099169651978e-05,0.00015336500291596167,5.195799531065859e-05,0.0
26,28,Improved-gOMP,baseline,Improved-gOMP (baseline),128,256,0.5,gaussian,gaussian,clean,0.0,0.00025431077061362694,0.015947124211393944,0.9285714285714286,0.9285714285714286,0,0.006402689999958966,11,28.0,0.0642868011240573,target_sparsity_reached,2,2,0.0006056340062059462,18.272727272727273,False,,0,0,2.3716157289112894,1.0,1.0,1.0,1.0,1.0,1.0,0.0,4944.0,1024.0,2048.0,0.0,0.0,0.0,1424.0,96.0,88.0,88.0,88.0,88.0,0.0,8.818999413051642e-05,0.004765660007251427,0.0005289170003379695,7.859000106691383e-05,0.00022200800231075846
26,28,Improved-gOMP,optimized,Improved-gOMP (optimized),128,256,0.5,gaussian,gaussian,clean,0.0,1.4050565920997482e-20,1.1853508308090682e-10,1.0,1.0,1,0.002931074999651173,12,28.0,5.328815890102942e-10,residual_tol,0,0,0.00031119800041778944,0.0,True,,0,0,2.3848142592717645,1.0,1.0,0.0,0.0,1.0,0.0,1.0,10000.0,1024.0,2048.0,0.0,6272.0,224.0,224.0,104.0,96.0,0.0,0.0,8.0,0.0,6.26190121693071e-05,0.0014294479842646979,0.0005611930027953349,8.9107001258526e-05,0.0005154469945409801
27,28,OMP,baseline,OMP (baseline),128,256,0.5,gaussian,gaussian,clean,0.0,1.6317665207248426e-30,1.2774061690491566e-15,1.0,1.0,1,0.0025461519981035963,28,28.0,6.9163475023093865e-15,target_sparsity_reached,0,0,0.0011698180169332772,1.0,False,,0,0,2.547460864109874,0.0,0.0,0.0,0.0,0.0,0.0,0.0,6776.0,1024.0,2048.0,0.0,0.0,0.0,3248.0,232.0,0.0,0.0,0.0,224.0,0.0,0.00012006900215055794,0.00019269800395704806,0.0011698180169332772,0.00017926000873558223,0.0
27,28,OMP,optimized,OMP (optimized),128,256,0.5,gaussian,gaussian,clean,0.0,2.157374372820836e-20,1.4688003175451847e-10,1.0,1.0,1,0.0009805329973460175,28,28.0,5.79968636475174e-10,target_sparsity_reached,0,0,0.00040090500260703266,1.0,True,,0,0,2.547460864109874,0.0,0.0,0.0,0.0,0.0,0.0,0.0,8240.0,1024.0,0.0,256.0,6272.0,224.0,224.0,232.0,0.0,0.0,0.0,8.0,0.0,9.377698734169826e-05,3.856698822346516e-05,0.00040090500260703266,0.00014036899301572703,0.00019413098925724626
27,28,gOMP,baseline,gOMP (baseline),128,256,0.5,gaussian,gaussian,clean,0.0,1.5522055608569051e-30,1.2458754194769656e-15,1.0,1.0,1,0.0010084019995701965,10,28.0,6.183161883800649e-15,target_sparsity_reached,0,0,0.00046570299673476256,3.0,False,,0,0,2.547460864109874,0.0,0.0,0.0,0.0,0.0,0.0,0.0,4800.0,1024.0,2048.0,256.0,0.0,0.0,1304.0,88.0,0.0,0.0,0.0,80.0,0.0,4.1195999074261636e-05,9.281800521421246e-05,0.00046570299673476256,6.277699867496267e-05,0.0
27,28,gOMP,optimized,gOMP (optimized),128,256,0.5,gaussian,gaussian,clean,0.0,2.1573820171458855e-20,1.4688029197771516e-10,1.0,1.0,1,0.0005792750016553327,10,28.0,5.799701237989479e-10,target_sparsity_reached,0,0,0.0002411860004940536,3.0,True,,0,0,2.547460864109874,0.0,0.0,0.0,0.0,0.0,0.0,0.0,1600.0,1024.0,0.0,256.0,0.0,0.0,224.0,88.0,0.0,0.0,0.0,8.0,0.0,3.897200440405868e-05,8.06909920356702e-05,0.0002411860004940536,6.623700028285384e-05,0.0
27,28,Improved-gOMP,baseline,Improved-gOMP (baseline),128,256,0.5,gaussian,gaussian,clean,0.0,1.1101451206584809e-30,1.0536342442510499e-15,1.0,1.0,1,0.007242404000862734,12,28.0,4.875924753161008e-15,residual_tol,0,0,0.0006637530022999272,16.666666666666668,False,,0,0,2.5953110751255677,1.0,1.0,1.0,1.0,1.0,1.0,0.0,5152.0,1024.0,2048.0,0.0,0.0,0.0,1592.0,104.0,96.0,96.0,96.0,96.0,0.0,6.761300755897537e-05,0.005041283995524282,0.0005862449943379033,9.597399912308902e-05,0.0006250979968172032
27,28,Improved-gOMP,optimized,Improved-gOMP (optimized),128,256,0.5,gaussian,gaussian,clean,0.0,2.1573747185714655e-20,1.46880043524349e-10,1.0,1.0,1,0.0027001179987564683,12,28.0,5.799686985625668e-10,residual_tol,0,0,0.00034553500154288486,0.0,True,,0,0,2.547460864109873,1.0,1.0,0.0,0.0,1.0,0.0,1.0,10000.0,1024.0,2048.0,0.0,6272.0,224.0,224.0,104.0,96.0,0.0,0.0,8.0,0.0,5.789499482489191e-05,0.0014862549978715833,0.0005969900012132712,9.517400030745193e-05,0.00016548701023566537
28,28,OMP,baseline,OMP (baseline),128,256,0.5,gaussian,gaussian,clean,0.0,1.1057196917896135e-30,1.0515320688355697e-15,1.0,1.0,1,0.00269827199736028,28,28.0,7.076882608877623e-15,target_sparsity_reached,0,0,0.0012262190030014608,1.0,False,,0,0,2.576079946937204,0.0,0.0,0.0,0.0,0.0,0.0,0.0,6776.0,1024.0,2048.0,0.0,0.0,0.0,3248.0,232.0,0.0,0.0,0.0,224.0,0.0,0.00013900798876420595,0.0002451270083838608,0.0012262190030014608,0.00021237000328255817,0.0
28,28,OMP,optimized,OMP (optimized),128,256,0.5,gaussian,gaussian,clean,0.0,2.268690610475403e-20,1.5062173184754592e-10,1.0,1.0,1,0.0013814129997626878,28,28.0,7.194145204429393e-10,target_sparsity_reached,0,0,0.0005207419853832107,1.0,True,,0,0,2.576079946937204,0.0,0.0,0.0,0.0,0.0,0.0,0.0,8240.0,1024.0,0.0,256.0,6272.0,224.0,224.0,232.0,0.0,0.0,0.0,8.0,0.0,0.00013138499707565643,4.187599552096799e-05,0.0005207419853832107,0.00019363799583516084,0.00036285200258134864
28,28,gOMP,baseline,gOMP (baseline),128,256,0.5,gaussian,gaussian,clean,0.0,0.00026552673748954614,0.016294991177952387,0.9285714285714286,0.9285714285714286,0,0.0019355219992576167,10,28.0,0.08857468673292831,target_sparsity_reached,2,2,0.0008183179998013657,3.0,False,,0,0,2.7933785196350187,0.0,0.0,0.0,0.0,0.0,0.0,0.0,4800.0,1024.0,2048.0,256.0,0.0,0.0,1304.0,88.0,0.0,0.0,0.0,80.0,0.0,8.079400868155062e-05,0.00018552300753071904,0.0008183179998013657,0.00018294200708623976,0.0
28,28,gOMP,optimized,gOMP (optimized),128,256,0.5,gaussian,gaussian,clean,0.0,0.00026552673806920117,0.01629499119573868,0.9285714285714286,0.9285714285714286,0,0.00044030100252712145,10,28.0,0.08857468673292848,target_sparsity_reached,2,2,0.00016495200543431565,3.0,True,,0,0,2.7933785196350187,0.0,0.0,0.0,0.0,0.0,0.0,0.0,1600.0,1024.0,0.0,256.0,0.0,0.0,224.0,88.0,0.0,0.0,0.0,8.0,0.0,4.581300527206622e-05,7.906100654508919e-05,0.00016495200543431565,5.9726007748395205e-05,0.0
28,28,Improved-gOMP,baseline,Improved-gOMP (baseline),128,256,0.5,gaussian,gaussian,clean,0.0,7.313950274517231e-05,0.008552163629466657,0.9642857142857143,0.9642857142857143,0,0.006031725999491755,11,28.0,0.036337456472724364,target_sparsity_reached,1,1,0.0005869319975317921,18.272727272727273,False,,0,0,2.4149419823490645,1.0,1.0,1.0,1.0,1.0,1.0,0.0,4944.0,1024.0,2048.0,0.0,0.0,0.0,1424.0,96.0,88.0,88.0,88.0,88.0,0.0,6.869199933134951e-05,0.004422987003636081,0.0005040689939050935,7.927000115159899e-05,0.00024986499920487404
28,28,Improved-gOMP,optimized,Improved-gOMP (optimized),128,256,0.5,gaussian,gaussian,clean,0.0,2.2686948122612102e-20,1.5062187132887475e-10,1.0,1.0,1,0.0026658690003387164,12,28.0,7.194153562775183e-10,residual_tol,0,0,0.0002718900104810018,0.0,True,,0,0,2.5760799469372033,1.0,1.0,0.0,0.0,1.0,0.0,1.0,10000.0,1024.0,2048.0,0.0,6272.0,224.0,224.0,104.0,96.0,0.0,0.0,8.0,0.0,5.7819008361548185e-05,0.001254508999409154,0.0004723740021290723,8.214500121539459e-05,0.0005300050070218276
29,28,OMP,baseline,OMP (baseline),128,256,0.5,gaussian,gaussian,clean,0.0,1.185099880325632e-29,3.4425279669534014e-15,1.0,1.0,1,0.002456889000313822,28,28.0,2.1919064141102295e-14,target_sparsity_reached,0,0,0.0011239370141993277,1.0,False,,0,0,2.3113663001384865,0.0,0.0,0.0,0.0,0.0,0.0,0.0,6776.0,1024.0,2048.0,0.0,0.0,0.0,3248.0,232.0,0.0,0.0,0.0,224.0,0.0,0.00012583598800119944,0.0001723159984976519,0.0011239370141993277,0.00017111600755015388,0.0
29,28,OMP,optimized,OMP (optimized),128,256,0.5,gaussian,gaussian,clean,0.0,1.2041394158380778e-20,1.0973328646486797e-10,1.0,1.0,1,0.0010158069999306463,28,28.0,5.915350506266128e-10,target_sparsity_reached,0,0,0.00039984899922274053,1.0,True,,0,0,2.3113663001384865,0.0,0.0,0.0,0.0,0.0,0.0,0.0,8240.0,1024.0,0.0,256.0,6272.0,224.0,224.0,232.0,0.0,0.0,0.0,8.0,0.0,0.0001132970028265845,3.586199818528257e-05,0.00039984899922274053,0.00014550700143445283,0.00020634101019822992
29,28,gOMP,baseline,gOMP (baseline),128,256,0.5,gaussian,gaussian,clean,0.0,1.5617727136001978e-06,0.0012497090515796857,0.9642857142857143,0.9642857142857143,0,0.0010591030004434288,10,28.0,0.005510180597989965,target_sparsity_reached,1,1,0.0004938539968861733,3.0,False,,0,0,2.350354276578339,0.0,0.0,0.0,0.0,0.0,0.0,0.0,4800.0,1024.0,2048.0,256.0,0.0,0.0,1304.0,88.0,0.0,0.0,0.0,80.0,0.0,5.2277006034273654e-05,9.48109918681439e-05,0.0004938539968861733,6.610000127693638e-05,0.0
29,28,gOMP,optimized,gOMP (optimized),128,256,0.5,gaussian,gaussian,clean,0.0,1.5617727225273879e-06,0.001249709055151393,0.9642857142857143,0.9642857142857143,0,0.0004503819982346613,10,28.0,0.005510180597990025,target_sparsity_reached,1,1,0.00017296398800681345,3.0,True,,0,0,2.350354276578339,0.0,0.0,0.0,0.0,0.0,0.0,0.0,1600.0,1024.0,0.0,256.0,0.0,0.0,224.0,88.0,0.0,0.0,0.0,8.0,0.0,3.92339970858302e-05,8.889199671102688e-05,0.00017296398800681345,5.8082987379748374e-05,0.0
29,28,Improved-gOMP,baseline,Improved-gOMP (baseline),128,256,0.5,gaussian,gaussian,clean,0.0,1.2370293984492933e-29,3.5171428723458097e-15,1.0,1.0,1,0.007438802997057792,12,28.0,2.2548616647466113e-14,residual_tol,0,0,0.0006549899990204722,16.916666666666668,False,,0,0,2.311366300138486,1.0,1.0,1.0,1.0,1.0,1.0,0.0,5152.0,1024.0,2048.0,0.0,0.0,0.0,1592.0,104.0,96.0,96.0,96.0,96.0,0.0,6.771199696231633e-05,0.005314108999300515,0.0005827580025652424,8.130699643515982e-05,0.0006072190044505987
29,28,Improved-gOMP,optimized,Improved-gOMP (optimized),128,256,0.5,gaussian,gaussian,clean,0.0,1.2041419778047717e-20,1.0973340320088372e-10,1.0,1.0,1,0.002549663000536384,12,28.0,5.915358676926734e-10,residual_tol,0,0,0.000273876004939666,0.0,True,,0,0,2.311366300138486,1.0,1.0,0.0,0.0,1.0,0.0,1.0,10000.0,1024.0,2048.0,0.0,6272.0,224.0,224.0,104.0,96.0,0.0,0.0,8.0,0.0,5.1443992560962215e-05,0.0011838139980682172,0.00046845999895595014,8.008900476852432e-05,0.0005166289993212558
0,32,OMP,baseline,OMP (baseline),128,256,0.5,gaussian,gaussian,clean,0.0,1.5423564129636424e-30,1.2419164275278923e-15,1.0,1.0,1,0.0033524710015626624,32,32.0,6.259805367700911e-15,target_sparsity_reached,0,0,0.0015662799996789545,1.0,False,,0,0,2.727061532176442,0.0,0.0,0.0,0.0,0.0,0.0,0.0,7816.0,1024.0,2048.0,0.0,0.0,0.0,4224.0,264.0,0.0,0.0,0.0,256.0,0.0,0.00020109599790885113,0.0002381309968768619,0.0015662799996789545,0.00024599101379862987,0.0
0,32,OMP,optimized,OMP (optimized),128,256,0.5,gaussian,gaussian,clean,0.0,2.79934390100708e-20,1.6731239945105922e-10,1.0,1.0,1,0.0013679920011782087,32,32.0,5.668417050537789e-10,target_sparsity_reached,0,0,0.000531794001290109,1.0,True,,0,0,2.727061532176442,0.0,0.0,0.0,0.0,0.0,0.0,0.0,10256.0,1024.0,0.0,256.0,8192.0,256.0,256.0,264.0,0.0,0.0,0.0,8.0,0.0,0.00014437500794883817,5.0693000957835466e-05,0.000531794001290109,0.00021907599875703454,0.00027145199055667035
0,32,gOMP,baseline,gOMP (baseline),128,256,0.5,gaussian,gaussian,clean,0.0,8.237497266329197e-08,0.0002870104051481269,0.96875,0.96875,0,0.0015575469988107216,11,32.0,0.0010633108704717533,target_sparsity_reached,1,1,0.0006852059959783219,3.0,False,,0,0,2.733150152062437,0.0,0.0,0.0,0.0,0.0,0.0,0.0,5088.0,1024.0,2048.0,256.0,0.0,0.0,1576.0,96.0,0.0,0.0,0.0,88.0,0.0,6.581400157301687e-05,0.0002029530078289099,0.0006852059959783219,9.279199366574176e-05,0.0
0,32,gOMP,optimized,gOMP (optimized),128,256,0.5,gaussian,gaussian,clean,0.0,8.237500056682633e-08,0.00028701045375878963,0.96875,0.96875,0,0.000500075999298133,11,32.0,0.0010633108704718888,target_sparsity_reached,1,1,0.00019077799879596569,3.0,True,,0,0,2.733150152062437,0.0,0.0,0.0,0.0,0.0,0.0,0.0,1640.0,1024.0,0.0,256.0,0.0,0.0,256.0,96.0,0.0,0.0,0.0,8.0,0.0,5.8303998230258e-05,9.094799679587595e-05,0.00019077799879596569,6.11120012763422e-05,0.0
0,32,Improved-gOMP,baseline,Improved-gOMP (baseline),128,256,0.5,gaussian,gaussian,clean,0.0,1.2897368277081947e-30,1.135665808109144e-15,1.0,1.0,1,0.008495427999150706,13,32.0,4.68870051679535e-15,residual_tol,0,0,0.0010536640111240558,18.076923076923077,False,,0,0,2.727061532176442,1.0,1.0,1.0,1.0,1.0,1.0,0.0,5504.0,1024.0,2048.0,0.0,0.0,0.0,1904.0,112.0,104.0,104.0,104.0,104.0,0.0,8.829499711282551e-05,0.005990576999465702,0.0009629170090192929,0.00012880200301879086,0.00032410299172624946
0,32,Improved-gOMP,optimized,Improved-gOMP (optimized),128,256,0.5,gaussian,gaussian,clean,0.0,2.799339358795232e-20,1.6731226371056103e-10,1.0,1.0,1,0.0027812469998025335,13,32.0,5.66841411904631e-10,residual_tol,0,0,0.0003309620005893521,0.0,True,,0,0,2.7270615321764407,1.0,1.0,0.0,0.0,1.0,0.0,1.0,12000.0,1024.0,2048.0,0.0,8192.0,256.0,256.0,112.0,104.0,0.0,0.0,8.0,0.0,6.56990087009035e-05,0.00159855999663705,0.0005772630065621343,9.206400500261225e-05,0.00015503299437114038
1,32,OMP,baseline,OMP (baseline),128,256,0.5,gaussian,gaussian,clean,0.0,3.5086755388917545e-30,1.8731458936483713e-15,1.0,1.0,1,0.003161874999932479,32,32.0,8.992584302199406e-15,target_sparsity_reached,0,0,0.0015334750059992075,1.0,False,,0,0,2.8138997938424035,0.0,0.0,0.0,0.0,0.0,0.0,0.0,7816.0,1024.0,2048.0,0.0,0.0,0.0,4224.0,264.0,0.0,0.0,0.0,256.0,0.0,0.00013292997755343094,0.00022844300110591576,0.0015334750059992075,0.0001943789902725257,0.0
1,32,OMP,optimized,OMP (optimized),128,256,0.5,gaussian,gaussian,clean,0.0,3.7288379022288004e-20,1.9310199124371556e-10,1.0,1.0,1,0.0011864999978570268,32,32.0,7.227299946610014e-10,target_sparsity_reached,0,0,0.0005009460037399549,1.0,True,,0,0,2.8138997938424035,0.0,0.0,0.0,0.0,0.0,0.0,0.0,10256.0,1024.0,0.0,256.0,8192.0,256.0,256.0,264.0,0.0,0.0,0.0,8.0,0.0,0.0001081930058717262,3.8937021599849686e-05,0.0005009460037399549,0.00017714301066007465,0.00023641199368285015
1,32,gOMP,baseline,gOMP (baseline),128,256,0.5,gaussian,gaussian,clean,0.0,0.00032187438287409526,0.01794085791912124,0.96875,0.96875,0,0.0012168189969088417,11,32.0,0.0737763607674482,target_sparsity_reached,1,1,0.0005801420047646388,3.0,False,,0,0,2.9349024341881282,0.0,0.0,0.0,0.0,0.0,0.0,0.0,5088.0,1024.0,2048.0,256.0,0.0,0.0,1576.0,96.0,0.0,0.0,0.0,88.0,0.0,4.3477994040586054e-05,0.00010101100633619353,0.0005801420047646388,7.58219975978136e-05,0.0
1,32,gOMP,optimized,gOMP (optimized),128,256,0.5,gaussian,gaussian,clean,0.0,0.0003218743819782538,0.01794085789415472,0.96875,0.96875,0,0.00042825600030482747,11,32.0,0.07377636076744816,target_sparsity_reached,1,1,0.00016753300587879494,3.0,True,,0,0,2.9349024341881282,0.0,0.0,0.0,0.0,0.0,0.0,0.0,1640.0,1024.0,0.0,256.0,0.0,0.0,256.0,96.0,0.0,0.0,0.0,8.0,0.0,3.864499376504682e-05,7.504899986088276e-05,0.00016753300587879494,5.5182008509291336e-05,0.0
1,32,Improved-gOMP,baseline,Improved-gOMP (baseline),128,256,0.5,gaussian,gaussian,clean,0.0,0.001677589554193257,0.040958388080993335,0.90625,0.90625,0,0.007726948002527934,13,32.0,0.18327883922331364,target_sparsity_reached,3,3,0.0008016540014068596,17.615384615384617,False,,0,0,3.0461411944373435,1.0,1.0,1.0,1.0,1.0,1.0,0.0,5504.0,1024.0,2048.0,0.0,0.0,0.0,1904.0,112.0,104.0,104.0,104.0,104.0,0.0,7.455200466210954e-05,0.005649904993333621,0.0007054469933791552,8.125500608002767e-05,0.00024404099531238899
1,32,Improved-gOMP,optimized,Improved-gOMP (optimized),128,256,0.5,gaussian,gaussian,clean,0.0,0.0003218743819782553,0.01794085789415476,0.96875,0.96875,0,0.002582274999440415,13,32.0,0.07377636076744817,target_sparsity_reached,1,1,0.0003165499983879272,0.0,True,,0,0,2.9349024341881287,1.0,1.0,0.0,0.0,1.0,0.0,1.0,12000.0,1024.0,2048.0,0.0,8192.0,256.0,256.0,112.0,104.0,0.0,0.0,8.0,0.0,6.792100612074137e-05,0.0014239150004868861,0.0005565390092669986,8.101800631266087e-05,0.00017214300532941706
2,32,OMP,baseline,OMP (baseline),128,256,0.5,gaussian,gaussian,clean,0.0,4.6757062547466925e-30,2.162338145329424e-15,1.0,1.0,1,0.0035332890001882333,32,32.0,1.3844308895662628e-14,target_sparsity_reached,0,0,0.0016476379933010321,1.0,False,,0,0,2.6573993259898003,0.0,0.0,0.0,0.0,0.0,0.0,0.0,7816.0,1024.0,2048.0,0.0,0.0,0.0,4224.0,264.0,0.0,0.0,0.0,256.0,0.0,0.00017663200196693651,0.00021407799431472085,0.0016476379933010321,0.00023702300313743763,0.0
2,32,OMP,optimized,OMP (optimized),128,256,0.5,gaussian,gaussian,clean,0.0,2.2895623657912668e-20,1.5131299897204029e-10,1.0,1.0,1,0.0012032020022161305,32,32.0,7.06758964766586e-10,target_sparsity_reached,0,0,0.0004887959912593942,1.0,True,,0,0,2.6573993259898003,0.0,0.0,0.0,0.0,0.0,0.0,0.0,10256.0,1024.0,0.0,256.0,8192.0,256.0,256.0,264.0,0.0,0.0,0.0,8.0,0.0,0.00013623799168271944,3.845198079943657e-05,0.0004887959912593942,0.00016934100131038576,0.00024755599588388577
2,32,gOMP,baseline,gOMP (baseline),128,256,0.5,gaussian,gaussian,clean,0.0,1.9129551372707e-06,0.0013830962140323787,0.96875,0.96875,0,0.001210012000228744,11,32.0,0.006575697992366706,target_sparsity_reached,1,1,0.0005840150006406475,3.0,False,,0,0,2.8456512314781186,0.0,0.0,0.0,0.0,0.0,0.0,0.0,5088.0,1024.0,2048.0,256.0,0.0,0.0,1576.0,96.0,0.0,0.0,0.0,88.0,0.0,5.052000778960064e-05,9.873300223262049e-05,0.0005840150006406475,7.140600428101607e-05,0.0
2,32,gOMP,optimized,gOMP (optimized),128,256,0.5,gaussian,gaussian,clean,0.0,1.9129551257138877e-06,0.0013830962098545017,0.96875,0.96875,0,0.0004864820002694614,11,32.0,0.006575697992366587,target_sparsity_reached,1,1,0.0001629189973755274,3.0,True,,0,0,2.8456512314781186,0.0,0.0,0.0,0.0,0.0,0.0,0.0,1640.0,1024.0,0.0,256.0,0.0,0.0,256.0,96.0,0.0,0.0,0.0,8.0,0.0,4.5328000851441175e-05,7.386799916275777e-05,0.0001629189973755274,5.4863005061633885e-05,0.0
2,32,Improved-gOMP,baseline,Improved-gOMP (baseline),128,256,0.5,gaussian,gaussian,clean,0.0,1.888114842095094e-06,0.0013740869121329604,0.96875,0.96875,0,0.01013864500055206,14,32.0,0.006535893151064252,target_sparsity_reached,1,1,0.0011694930035446305,16.642857142857142,False,,0,0,3.1731829131492764,1.0,1.0,1.0,1.0,1.0,1.0,0.0,5728.0,1024.0,2048.0,0.0,0.0,0.0,2088.0,120.0,112.0,112.0,112.0,112.0,0.0,8.16959909570869e-05,0.0068595659868151415,0.0010555549997661728,0.00014627299606218003,0.0009462869966228027
2,32,Improved-gOMP,optimized,Improved-gOMP (optimized),128,256,0.5,gaussian,gaussian,clean,0.0,2.2895647223218935e-20,1.5131307684142483e-10,1.0,1.0,1,0.0034837519997381605,14,32.0,7.067591319774082e-10,residual_tol,0,0,0.0004165860009379685,0.0,True,,0,0,2.6573993259898003,1.0,1.0,0.0,0.0,1.0,0.0,1.0,12016.0,1024.0,2048.0,0.0,8192.0,256.0,256.0,120.0,112.0,0.0,0.0,8.0,0.0,7.309400461963378e-05,0.001652567010751227,0.0006900910011609085,0.0001087689925043378,0.0006411879840015899
3,32,OMP,baseline,OMP (baseline),128,256,0.5,gaussian,gaussian,clean,0.0,9.881928634484457e-31,9.940789020235998e-16,1.0,1.0,1,0.0033682510002108756,32,32.0,5.47828639983713e-15,target_sparsity_reached,0,0,0.0015831379969313275,1.0,False,,0,0,2.641576215733632,0.0,0.0,0.0,0.0,0.0,0.0,0.0,7816.0,1024.0,2048.0,0.0,0.0,0.0,4224.0,264.0,0.0,0.0,0.0,256.0,0.0,0.0001570149906910956,0.00020208899513818324,0.0015831379969313275,0.00021590700271190144,0.0
3,32,OMP,optimized,OMP (optimized),128,256,0.5,gaussian,gaussian,clean,0.0,2.0184597748767048e-20,1.4207250877198955e-10,1.0,1.0,1,0.0013739669993810821,32,32.0,6.267396945512922e-10,target_sparsity_reached,0,0,0.0006003150047035888,1.0,True,,0,0,2.641576215733632,0.0,0.0,0.0,0.0,0.0,0.0,0.0,10256.0,1024.0,0.0,256.0,8192.0,256.0,256.0,264.0,0.0,0.0,0.0,8.0,0.0,0.00012467299166019075,5.851301102666184e-05,0.0006003150047035888,0.00019950000933022238,0.00025824301337706856
3,32,gOMP,baseline,gOMP (baseline),128,256,0.5,gaussian,gaussian,clean,0.0,1.34047449248071e-06,0.001157788621675265,0.96875,0.96875,0,0.0013658699972438626,11,32.0,0.004724972840430737,target_sparsity_reached,1,1,0.0006513140033348463,3.0,False,,0,0,2.644387461169253,0.0,0.0,0.0,0.0,0.0,0.0,0.0,5088.0,1024.0,2048.0,256.0,0.0,0.0,1576.0,96.0,0.0,0.0,0.0,88.0,0.0,5.4320000344887376e-05,0.00011651200475171208,0.0006513140033348463,7.441199340973981e-05,0.0
3,32,gOMP,optimized,gOMP (optimized),128,256,0.5,gaussian,gaussian,clean,0.0,1.340474429242365e-06,0.0011577885943652947,0.96875,0.96875,0,0.0004958450008416548,11,32.0,0.004724972840430869,target_sparsity_reached,1,1,0.00018877900583902374,3.0,True,,0,0,2.644387461169253,0.0,0.0,0.0,0.0,0.0,0.0,0.0,1640.0,1024.0,0.0,256.0,0.0,0.0,256.0,96.0,0.0,0.0,0.0,8.0,0.0,4.435098890098743e-05,8.659400191390887e-05,0.00018877900583902374,6.863099770271219e-05,0.0
3,32,Improved-gOMP,baseline,Improved-gOMP (baseline),128,256,0.5,gaussian,gaussian,clean,0.0,2.022849986293042e-30,1.4222693086377988e-15,1.0,1.0,1,0.009531353000056697,14,32.0,8.869187677321854e-15,residual_tol,0,0,0.0009238390011887532,16.785714285714285,False,,0,0,2.6415762157336324,1.0,1.0,1.0,1.0,1.0,1.0,0.0,5728.0,1024.0,2048.0,0.0,0.0,0.0,2088.0,120.0,112.0,112.0,112.0,112.0,0.0,0.00010036299499915913,0.006553861992870225,0.0008210150081140455,0.00010723599552875385,0.0008623540052212775
3,32,Improved-gOMP,optimized,Improved-gOMP (optimized),128,256,0.5,gaussian,gaussian,clean,0.0,2.0184587672398625e-20,1.4207247330992243e-10,1.0,1.0,1,0.0032100899989018217,14,32.0,6.267399853077661e-10,residual_tol,0,0,0.000355644995579496,0.0,True,,0,0,2.641576215733631,1.0,1.0,0.0,0.0,1.0,0.0,1.0,12016.0,1024.0,2048.0,0.0,8192.0,256.0,256.0,120.0,112.0,0.0,0.0,8.0,0.0,5.916300506214611e-05,0.0015338589983002748,0.0005949519982095808,9.459499779040925e-05,0.0006356269987009
4,32,OMP,baseline,OMP (baseline),128,256,0.5,gaussian,gaussian,clean,0.0,2.2337803569805616e-30,1.494583673462467e-15,1.0,1.0,1,0.003129959000943927,32,32.0,8.681976107182476e-15,target_sparsity_reached,0,0,0.0015140370014705695,1.0,False,,0,0,2.6550626142005287,0.0,0.0,0.0,0.0,0.0,0.0,0.0,7816.0,1024.0,2048.0,0.0,0.0,0.0,4224.0,264.0,0.0,0.0,0.0,256.0,0.0,0.00014869698497932404,0.00019619898739620112,0.0015140370014705695,0.00021127100262674503,0.0
4,32,OMP,optimized,OMP (optimized),128,256,0.5,gaussian,gaussian,clean,0.0,2.8331134360862825e-20,1.6831855025772657e-10,1.0,1.0,1,0.0011649350017250981,32,32.0,6.168049187814283e-10,target_sparsity_reached,0,0,0.0004725430080725346,1.0,True,,0,0,2.6550626142005287,0.0,0.0,0.0,0.0,0.0,0.0,0.0,10256.0,1024.0,0.0,256.0,8192.0,256.0,256.0,264.0,0.0,0.0,0.0,8.0,0.0,0.0001365750067634508,3.694999759318307e-05,0.0004725430080725346,0.00016160500672413036,0.00023517998852184974
4,32,gOMP,baseline,gOMP (baseline),128,256,0.5,gaussian,gaussian,clean,0.0,6.131559349264997e-05,0.007830427414429558,0.90625,0.90625,0,0.002433678000670625,11,32.0,0.03137770048393345,target_sparsity_reached,3,3,0.0010506520047783852,3.0,False,,0,0,3.460805559862299,0.0,0.0,0.0,0.0,0.0,0.0,0.0,5088.0,1024.0,2048.0,256.0,0.0,0.0,1576.0,96.0,0.0,0.0,0.0,88.0,0.0,0.0001516270021966193,0.00018156499936594628,0.0010506520047783852,0.00020581700664479285,0.0
4,32,gOMP,optimized,gOMP (optimized),128,256,0.5,gaussian,gaussian,clean,0.0,6.131559394038463e-05,0.007830427443018971,0.90625,0.90625,0,0.000464655997348018,11,32.0,0.03137770048393334,target_sparsity_reached,3,3,0.00017815799947129562,3.0,True,,0,0,3.460805559862299,0.0,0.0,0.0,0.0,0.0,0.0,0.0,1640.0,1024.0,0.0,256.0,0.0,0.0,256.0,96.0,0.0,0.0,0.0,8.0,0.0,4.676299067796208e-05,7.978100620675832e-05,0.00017815799947129562,5.813399548060261e-05,0.0
4,32,Improved-gOMP,baseline,Improved-gOMP (baseline),128,256,0.5,gaussian,gaussian,clean,0.0,6.711058357635318e-05,0.008192104953939077,0.90625,0.90625,0,0.00944326700118836,14,32.0,0.031148940585883998,target_sparsity_reached,3,3,0.0008307960015372373,16.785714285714285,False,,0,0,2.800593489091416,1.0,1.0,1.0,1.0,1.0,1.0,0.0,5728.0,1024.0,2048.0,0.0,0.0,0.0,2088.0,120.0,112.0,112.0,112.0,112.0,0.0,9.420501010026783e-05,0.006803945998399286,0.0007443069953296799,9.374599903821945e-05,0.0006534079948323779
4,32,Improved-gOMP,optimized,Improved-gOMP (optimized),128,256,0.5,gaussian,gaussian,clean,0.0,3.844861758090135e-06,0.0019608319045981825,0.9375,0.9375,0,0.003046697998797754,14,32.0,0.007514925595225265,target_sparsity_reached,2,2,0.00032082000325317495,0.0,True,,0,0,3.2496768334523085,1.0,1.0,0.0,0.0,1.0,0.0,1.0,12016.0,1024.0,2048.0,0.0,8192.0,256.0,256.0,120.0,112.0,0.0,0.0,8.0,0.0,6.801600466133095e-05,0.0014567760008503683,0.0005654160086123738,9.316000432590954e-05,0.000578117003897205
5,32,OMP,baseline,OMP (baseline),128,256,0.5,gaussian,gaussian,clean,0.0,3.383272134164409e-30,1.8393673189888987e-15,1.0,1.0,1,0.003958453999075573,32,32.0,1.087007352275407e-14,target_sparsity_reached,0,0,0.0018990319986187387,1.0,False,,0,0,2.7331648502141466,0.0,0.0,0.0,0.0,0.0,0.0,0.0,7816.0,1024.0,2048.0,0.0,0.0,0.0,4224.0,264.0,0.0,0.0,0.0,256.0,0.0,0.00019415600763750263,0.00024902400764403865,0.0018990319986187387,0.0002681010009837337,0.0
5,32,OMP,optimized,OMP (optimized),128,256,0.5,gaussian,gaussian,clean,0.0,2.1039445012785032e-20,1.4504980183642109e-10,1.0,1.0,1,0.0012998259990126826,32,32.0,5.85409880235917e-10,target_sparsity_reached,0,0,0.0005571269975916948,1.0,True,,0,0,2.7331648502141466,0.0,0.0,0.0,0.0,0.0,0.0,0.0,10256.0,1024.0,0.0,256.0,8192.0,256.0,256.0,264.0,0.0,0.0,0.0,8.0,0.0,0.00011967001046286896,4.621499465429224e-05,0.0005571269975916948,0.00018811401241691783,0.00024988099903566763
5,32,gOMP,baseline,gOMP (baseline),128,256,0.5,gaussian,gaussian,clean,0.0,2.3650702670862346e-06,0.00153787849555361,0.96875,0.96875,0,0.00130480599909788,11,32.0,0.005647934897680635,target_sparsity_reached,1,1,0.0006269610094022937,3.0,False,,0,0,2.600004358948819,0.0,0.0,0.0,0.0,0.0,0.0,0.0,5088.0,1024.0,2048.0,256.0,0.0,0.0,1576.0,96.0,0.0,0.0,0.0,88.0,0.0,5.103099101688713e-05,0.0001099680048355367,0.0006269610094022937,7.037800969555974e-05,0.0
5,32,gOMP,optimized,gOMP (optimized),128,256,0.5,gaussian,gaussian,clean,0.0,2.365070197337095e-06,0.0015378784728765453,0.96875,0.96875,0,0.0004250589990988374,11,32.0,0.005647934897680666,target_sparsity_reached,1,1,0.0001656199965509586,3.0,True,,0,0,2.600004358948819,0.0,0.0,0.0,0.0,0.0,0.0,0.0,1640.0,1024.0,0.0,256.0,0.0,0.0,256.0,96.0,0.0,0.0,0.0,8.0,0.0,3.7223002436803654e-05,7.435300722136162e-05,0.0001656199965509586,5.491900083143264e-05,0.0
5,32,Improved-gOMP,baseline,Improved-gOMP (baseline),128,256,0.5,gaussian,gaussian,clean,0.0,2.376571337640898e-06,0.0015416132256960233,0.96875,0.96875,0,0.008709932000783738,13,32.0,0.005651652463798403,target_sparsity_reached,1,1,0.0008305560077133123,18.0,False,,0,0,2.564332769158876,1.0,1.0,1.0,1.0,1.0,1.0,0.0,5504.0,1024.0,2048.0,0.0,0.0,0.0,1904.0,112.0,104.0,104.0,104.0,104.0,0.0,7.370700041064993e-05,0.006320545006019529,0.0007144330047594849,8.45280046632979e-05,0.00034012900505331345
5,32,Improved-gOMP,optimized,Improved-gOMP (optimized),128,256,0.5,gaussian,gaussian,clean,0.0,2.1039452047692796e-20,1.4504982608639278e-10,1.0,1.0,1,0.003072725001402432,13,32.0,5.854099424625291e-10,residual_tol,0,0,0.00036185199132887647,0.0,True,,0,0,2.7331648502141483,1.0,1.0,0.0,0.0,1.0,0.0,1.0,12000.0,1024.0,2048.0,0.0,8192.0,256.0,256.0,112.0,104.0,0.0,0.0,8.0,0.0,6.32479896012228e-05,0.0017480879905633628,0.0006382200117514003,9.867999688140117e-05,0.00016809100634418428
6,32,OMP,baseline,OMP (baseline),128,256,0.5,gaussian,gaussian,clean,0.0,1.4325527958251867e-30,1.1968929759277506e-15,1.0,1.0,1,0.003183544999046717,32,32.0,7.181735287288115e-15,target_sparsity_reached,0,0,0.001504452000517631,1.0,False,,0,0,2.8385864991369583,0.0,0.0,0.0,0.0,0.0,0.0,0.0,7816.0,1024.0,2048.0,0.0,0.0,0.0,4224.0,264.0,0.0,0.0,0.0,256.0,0.0,0.0001629370017326437,0.0001913820015033707,0.001504452000517631,0.0002113740010827314,0.0
6,32,OMP,optimized,OMP (optimized),128,256,0.5,gaussian,gaussian,clean,0.0,1.8567407935128094e-20,1.362622762731054e-10,1.0,1.0,1,0.0013189009987399913,32,32.0,6.82083241763959e-10,target_sparsity_reached,0,0,0.0005206349815125577,1.0,True,,0,0,2.8385864991369583,0.0,0.0,0.0,0.0,0.0,0.0,0.0,10256.0,1024.0,0.0,256.0,8192.0,256.0,256.0,264.0,0.0,0.0,0.0,8.0,0.0,0.0001646960008656606,4.312499731895514e-05,0.0005206349815125577,0.0001887280013761483,0.0002517159991839435
6,32,gOMP,baseline,gOMP (baseline),128,256,0.5,gaussian,gaussian,clean,0.0,7.841635627029911e-05,0.008855301026520731,0.9375,0.9375,0,0.002003307999984827,11,32.0,0.0386116135279456,target_sparsity_reached,2,2,0.000818879998405464,3.0,False,,0,0,2.9894756361183488,0.0,0.0,0.0,0.0,0.0,0.0,0.0,5088.0,1024.0,2048.0,256.0,0.0,0.0,1576.0,96.0,0.0,0.0,0.0,88.0,0.0,8.994000381790102e-05,0.00022362900563166477,0.000818879998405464,0.0001215940028487239,0.0
6,32,gOMP,optimized,gOMP (optimized),128,256,0.5,gaussian,gaussian,clean,0.0,7.841635604633295e-05,0.00885530101387485,0.9375,0.9375,0,0.0005021440010750666,11,32.0,0.0386116135279455,target_sparsity_reached,2,2,0.00018720700245467015,3.0,True,,0,0,2.9894756361183488,0.0,0.0,0.0,0.0,0.0,0.0,0.0,1640.0,1024.0,0.0,256.0,0.0,0.0,256.0,96.0,0.0,0.0,0.0,8.0,0.0,4.747599450638518e-05,9.94649926724378e-05,0.00018720700245467015,6.122400372987613e-05,0.0
6,32,Improved-gOMP,baseline,Improved-gOMP (baseline),128,256,0.5,gaussian,gaussian,clean,0.0,1.3416354364625576e-05,0.003662834198353179,0.96875,0.96875,0,0.008030271001189249,13,32.0,0.017290436898305665,target_sparsity_reached,1,1,0.0008408039975620341,18.0,False,,0,0,2.8440908763612187,1.0,1.0,1.0,1.0,1.0,1.0,0.0,5504.0,1024.0,2048.0,0.0,0.0,0.0,1904.0,112.0,104.0,104.0,104.0,104.0,0.0,8.252699626609683e-05,0.00583142100731493,0.000749053004255984,0.00015002000873209909,0.00025531500432407483
6,32,Improved-gOMP,optimized,Improved-gOMP (optimized),128,256,0.5,gaussian,gaussian,clean,0.0,8.305597381917041e-05,0.009113505023818795,0.9375,0.9375,0,0.0025145670006168075,13,32.0,0.037112296402636163,target_sparsity_reached,2,2,0.0003120099972875323,0.0,True,,0,0,2.8706953559431927,1.0,1.0,0.0,0.0,1.0,0.0,1.0,12000.0,1024.0,2048.0,0.0,8192.0,256.0,256.0,112.0,104.0,0.0,0.0,8.0,0.0,6.298199878074229e-05,0.0013787319985567592,0.0005550019996007904,8.704099309397861e-05,0.00015296300261979923
7,32,OMP,baseline,OMP (baseline),128,256,0.5,gaussian,gaussian,clean,0.0,1.8692868748506398e-30,1.3672186638759138e-15,1.0,1.0,1,0.003465009001956787,32,32.0,7.613851329471758e-15,target_sparsity_reached,0,0,0.001631391998671461,1.0,False,,0,0,2.5121942865598443,0.0,0.0,0.0,0.0,0.0,0.0,0.0,7816.0,1024.0,2048.0,0.0,0.0,0.0,4224.0,264.0,0.0,0.0,0.0,256.0,0.0,0.00015389999680337496,0.00021147398729226552,0.001631391998671461,0.00020890299492748454,0.0
7,32,OMP,optimized,OMP (optimized),128,256,0.5,gaussian,gaussian,clean,0.0,2.202331308533534e-20,1.484025373278211e-10,1.0,1.0,1,0.0012641659996006638,32,32.0,6.510159942353099e-10,target_sparsity_reached,0,0,0.0005170460026420187,1.0,True,,0,0,2.5121942865598443,0.0,0.0,0.0,0.0,0.0,0.0,0.0,10256.0,1024.0,0.0,256.0,8192.0,256.0,256.0,264.0,0.0,0.0,0.0,8.0,0.0,0.0001176009864138905,6.403400402632542e-05,0.0005170460026420187,0.0001749909970385488,0.00025788600760279223
7,32,gOMP,baseline,gOMP (baseline),128,256,0.5,gaussian,gaussian,clean,0.0,3.2305914143445286e-30,1.7973846039021612e-15,1.0,1.0,1,0.0013752579980064183,11,32.0,1.0983272881125714e-14,target_sparsity_reached,0,0,0.0006494580011349171,3.0,False,,0,0,2.512194286559845,0.0,0.0,0.0,0.0,0.0,0.0,0.0,5088.0,1024.0,2048.0,256.0,0.0,0.0,1576.0,96.0,0.0,0.0,0.0,88.0,0.0,4.52860003861133e-05,0.00010968799688271247,0.0006494580011349171,7.814700074959546e-05,0.0
7,32,gOMP,optimized,gOMP (optimized),128,256,0.5,gaussian,gaussian,clean,0.0,2.2023318754323163e-20,1.484025564278566e-10,1.0,1.0,1,0.000485851000121329,11,32.0,6.510160180212341e-10,target_sparsity_reached,0,0,0.00018736699712462723,3.0,True,,0,0,2.512194286559845,0.0,0.0,0.0,0.0,0.0,0.0,0.0,1640.0,1024.0,0.0,256.0,0.0,0.0,256.0,96.0,0.0,0.0,0.0,8.0,0.0,4.220100527163595e-05,9.072500688489527e-05,0.00018736699712462723,6.136098818387836e-05,0.0
7,32,Improved-gOMP,baseline,Improved-gOMP (baseline),128,256,0.5,gaussian,gaussian,clean,0.0,1.7817438694049977e-30,1.3348197891119975e-15,1.0,1.0,1,0.008718984998267842,13,32.0,8.767891720178307e-15,residual_tol,0,0,0.0008036899998842273,17.615384615384617,False,,0,0,2.7505761235634916,1.0,1.0,1.0,1.0,1.0,1.0,0.0,5568.0,1024.0,2048.0,0.0,0.0,0.0,1968.0,112.0,104.0,104.0,104.0,104.0,0.0,6.990899782977067e-05,0.006250716000067769,0.0007032730027276557,8.260599861387163e-05,0.0007132859973353334
7,32,Improved-gOMP,optimized,Improved-gOMP (optimized),128,256,0.5,gaussian,gaussian,clean,0.0,2.202329592717662e-20,1.4840247951829045e-10,1.0,1.0,1,0.002618107999296626,13,32.0,6.510157554400119e-10,residual_tol,0,0,0.00031986400426831096,0.0,True,,0,0,2.5121942865598443,1.0,1.0,0.0,0.0,1.0,0.0,1.0,12000.0,1024.0,2048.0,0.0,8192.0,256.0,256.0,112.0,104.0,0.0,0.0,8.0,0.0,5.3766001656185836e-05,0.0014820549949945416,0.0005470240066642873,8.247600999311544e-05,0.00016554799731238745
8,32,OMP,baseline,OMP (baseline),128,256,0.5,gaussian,gaussian,clean,0.0,1.9672431570224447e-30,1.4025844562886205e-15,1.0,1.0,1,0.00379013600104372,32,32.0,8.604869145499946e-15,target_sparsity_reached,0,0,0.0017539890031912364,1.0,False,,0,0,2.528178267240474,0.0,0.0,0.0,0.0,0.0,0.0,0.0,7816.0,1024.0,2048.0,0.0,0.0,0.0,4224.0,264.0,0.0,0.0,0.0,256.0,0.0,0.00019338300262461416,0.0002406309977232013,0.0017539890031912364,0.0002664059938979335,0.0
8,32,OMP,optimized,OMP (optimized),128,256,0.5,gaussian,gaussian,clean,0.0,1.6140407635671698e-20,1.270449040129973e-10,1.0,1.0,1,0.0015235310020216275,32,32.0,6.456165730822383e-10,target_sparsity_reached,0,0,0.0006774299981771037,1.0,True,,0,0,2.528178267240474,0.0,0.0,0.0,0.0,0.0,0.0,0.0,10256.0,1024.0,0.0,256.0,8192.0,256.0,256.0,264.0,0.0,0.0,0.0,8.0,0.0,0.0001517529999546241,4.704200182459317e-05,0.0006774299981771037,0.0002091249916702509,0.0002927409987023566
8,32,gOMP,baseline,gOMP (baseline),128,256,0.5,gaussian,gaussian,clean,0.0,1.571431785562418e-30,1.2535676230512728e-15,1.0,1.0,1,0.0014032699982635677,11,32.0,7.74873462203434e-15,target_sparsity_reached,0,0,0.0006104700005380437,3.0,False,,0,0,2.5281782672404747,0.0,0.0,0.0,0.0,0.0,0.0,0.0,5088.0,1024.0,2048.0,256.0,0.0,0.0,1576.0,96.0,0.0,0.0,0.0,88.0,0.0,6.312700497801416e-05,0.00011781499051721767,0.0006104700005380437,8.203000106732361e-05,0.0
8,32,gOMP,optimized,gOMP (optimized),128,256,0.5,gaussian,gaussian,clean,0.0,1.614039683777082e-20,1.270448615165951e-10,1.0,1.0,1,0.00044689399874187075,11,32.0,6.456161381397548e-10,target_sparsity_reached,0,0,0.00017082600243156776,3.0,True,,0,0,2.5281782672404747,0.0,0.0,0.0,0.0,0.0,0.0,0.0,1640.0,1024.0,0.0,256.0,0.0,0.0,256.0,96.0,0.0,0.0,0.0,8.0,0.0,4.441600322024897e-05,7.701899448875338e-05,0.00017082600243156776,5.689500176231377e-05,0.0
8,32,Improved-gOMP,baseline,Improved-gOMP (baseline),128,256,0.5,gaussian,gaussian,clean,0.0,0.00026372789698357336,0.0162397012590618,0.9375,0.9375,0,0.00773133100301493,13,32.0,0.07823986199662103,target_sparsity_reached,2,2,0.0008402229977946263,17.846153846153847,False,,0,0,2.631449884574193,1.0,1.0,1.0,1.0,1.0,1.0,0.0,5504.0,1024.0,2048.0,0.0,0.0,0.0,1904.0,112.0,104.0,104.0,104.0,104.0,0.0,7.771199670969509e-05,0.005664379998052027,0.0007455780032614712,9.289400259149261e-05,0.0002588929928606376
8,32,Improved-gOMP,optimized,Improved-gOMP (optimized),128,256,0.5,gaussian,gaussian,clean,0.0,1.6140445484867198e-20,1.270450529728222e-10,1.0,1.0,1,0.0036841180008195806,14,32.0,6.456173095850804e-10,residual_tol,0,0,0.0003875119946314953,0.0,True,,0,0,2.528178267240473,1.0,1.0,0.0,0.0,1.0,0.0,1.0,12016.0,1024.0,2048.0,0.0,8192.0,256.0,256.0,120.0,112.0,0.0,0.0,8.0,0.0,8.678400263306685e-05,0.001690263998170849,0.0007684320044063497,0.0001147010007116478,0.0006961730105103925
9,32,OMP,baseline,OMP (baseline),128,256,0.5,gaussian,gaussian,clean,0.0,0.00015168766405164786,0.012316154596774428,0.96875,0.96875,0,0.0033165040003950708,32,32.0,0.04786636528473775,target_sparsity_reached,1,1,0.0016033990068535786,1.0,False,,0,0,2.5064743732754677,0.0,0.0,0.0,0.0,0.0,0.0,0.0,7816.0,1024.0,2048.0,0.0,0.0,0.0,4224.0,264.0,0.0,0.0,0.0,256.0,0.0,0.00014924200513632968,0.00020954100909875706,0.0016033990068535786,0.00020732099073939025,0.0
9,32,OMP,optimized,OMP (optimized),128,256,0.5,gaussian,gaussian,clean,0.0,0.0001516876639558697,0.012316154592886114,0.96875,0.96875,0,0.0011926560000574682,32,32.0,0.04786636528473781,target_sparsity_reached,1,1,0.0004997350115445442,1.0,True,,0,0,2.5064743732754677,0.0,0.0,0.0,0.0,0.0,0.0,0.0,10256.0,1024.0,0.0,256.0,8192.0,256.0,256.0,264.0,0.0,0.0,0.0,8.0,0.0,0.00011018199802492745,4.74399930681102e-05,0.0004997350115445442,0.0001726569862512406,0.00022877899027662352
9,32,gOMP,baseline,gOMP (baseline),128,256,0.5,gaussian,gaussian,clean,0.0,0.00015168766405164366,0.012316154596774256,0.96875,0.96875,0,0.0013186149990360718,11,32.0,0.04786636528473778,target_sparsity_reached,1,1,0.0006066930036467966,3.0,False,,0,0,2.506474373275467,0.0,0.0,0.0,0.0,0.0,0.0,0.0,5088.0,1024.0,2048.0,256.0,0.0,0.0,1576.0,96.0,0.0,0.0,0.0,88.0,0.0,4.994000482838601e-05,0.00010927899347734638,0.0006066930036467966,9.915999908116646e-05,0.0
9,32,gOMP,optimized,gOMP (optimized),128,256,0.5,gaussian,gaussian,clean,0.0,0.00015168766395587188,0.012316154592886201,0.96875,0.96875,0,0.00043220700172241777,11,32.0,0.047866365284737866,target_sparsity_reached,1,1,0.00017023599502863362,3.0,True,,0,0,2.506474373275467,0.0,0.0,0.0,0.0,0.0,0.0,0.0,1640.0,1024.0,0.0,256.0,0.0,0.0,256.0,96.0,0.0,0.0,0.0,8.0,0.0,3.85530038329307e-05,7.593900227220729e-05,0.00017023599502863362,5.484999928739853e-05,0.0
9,32,Improved-gOMP,baseline,Improved-gOMP (baseline),128,256,0.5,gaussian,gaussian,clean,0.0,0.0002959939653493723,0.01720447515471984,0.9375,0.9375,0,0.008162943999195704,13,32.0,0.06628799912676236,target_sparsity_reached,2,2,0.0008376569967367686,17.615384615384617,False,,0,0,2.535666515797042,1.0,1.0,1.0,1.0,1.0,1.0,0.0,5504.0,1024.0,2048.0,0.0,0.0,0.0,1904.0,112.0,104.0,104.0,104.0,104.0,0.0,7.149699376896024e-05,0.006005303996062139,0.0007264220002980437,8.689499736647122e-05,0.00032006200854084454
9,32,Improved-gOMP,optimized,Improved-gOMP (optimized),128,256,0.5,gaussian,gaussian,clean,0.0,0.00015168766395586887,0.01231615459288608,0.96875,0.96875,0,0.0027651969976432156,13,32.0,0.04786636528473794,target_sparsity_reached,1,1,0.00033306199475191534,0.0,True,,0,0,2.506474373275467,1.0,1.0,0.0,0.0,1.0,0.0,1.0,12000.0,1024.0,2048.0,0.0,8192.0,256.0,256.0,112.0,104.0,0.0,0.0,8.0,0.0,6.800899427616969e-05,0.0014786620013182983,0.0005734870028391015,0.00016867400336195715,0.00015532400720985606
10,32,OMP,baseline,OMP (baseline),128,256,0.5,gaussian,gaussian,clean,0.0,2.7788868831006408e-30,1.6669993650570599e-15,1.0,1.0,1,0.0031866310018813238,32,32.0,1.009417092547867e-14,target_sparsity_reached,0,0,0.0015667010047764052,1.0,False,,0,0,2.770875418851044,0.0,0.0,0.0,0.0,0.0,0.0,0.0,7816.0,1024.0,2048.0,0.0,0.0,0.0,4224.0,264.0,0.0,0.0,0.0,256.0,0.0,0.00015132500266190618,0.00018952299433294684,0.0015667010047764052,0.0002083020081045106,0.0
10,32,OMP,optimized,OMP (optimized),128,256,0.5,gaussian,gaussian,clean,0.0,1.1971487690969149e-20,1.094142938146984e-10,1.0,1.0,1,0.0011655580019578338,32,32.0,5.586529394939385e-10,target_sparsity_reached,0,0,0.00048763799713924527,1.0,True,,0,0,2.770875418851044,0.0,0.0,0.0,0.0,0.0,0.0,0.0,10256.0,1024.0,0.0,256.0,8192.0,256.0,256.0,264.0,0.0,0.0,0.0,8.0,0.0,0.00012688300921581686,3.697099964483641e-05,0.00048763799713924527,0.00016174300253624097,0.00023043099645292386
10,32,gOMP,baseline,gOMP (baseline),128,256,0.5,gaussian,gaussian,clean,0.0,3.2149749992028634e-30,1.7930351360759397e-15,1.0,1.0,1,0.0012038649983878713,11,32.0,1.0980443882942109e-14,target_sparsity_reached,0,0,0.0005804190004710108,3.0,False,,0,0,2.7708754188510443,0.0,0.0,0.0,0.0,0.0,0.0,0.0,5088.0,1024.0,2048.0,256.0,0.0,0.0,1576.0,96.0,0.0,0.0,0.0,88.0,0.0,5.141099609318189e-05,9.834000957198441e-05,0.0005804190004710108,7.111299419193529e-05,0.0
10,32,gOMP,optimized,gOMP (optimized),128,256,0.5,gaussian,gaussian,clean,0.0,1.1971383530434835e-20,1.0941381782222406e-10,1.0,1.0,1,0.00044334399717627093,11,32.0,5.586514468694916e-10,target_sparsity_reached,0,0,0.00016391400276916102,3.0,True,,0,0,2.7708754188510443,0.0,0.0,0.0,0.0,0.0,0.0,0.0,1640.0,1024.0,0.0,256.0,0.0,0.0,256.0,96.0,0.0,0.0,0.0,8.0,0.0,4.526299744611606e-05,7.297799675143324e-05,0.00016391400276916102,5.3688007028540596e-05,0.0
10,32,Improved-gOMP,baseline,Improved-gOMP (baseline),128,256,0.5,gaussian,gaussian,clean,0.0,3.44040183763261e-05,0.005865493873181192,0.96875,0.96875,0,0.008193895999283995,14,32.0,0.025822004726387363,target_sparsity_reached,1,1,0.0008821930023259483,16.857142857142858,False,,0,0,2.799680884584758,1.0,1.0,1.0,1.0,1.0,1.0,0.0,5640.0,1024.0,2048.0,0.0,0.0,0.0,2000.0,120.0,112.0,112.0,112.0,112.0,0.0,0.00011952099885093048,0.005943573993135942,0.000791264003055403,0.00011173100210726261,0.0002485650074959267
10,32,Improved-gOMP,optimized,Improved-gOMP (optimized),128,256,0.5,gaussian,gaussian,clean,0.0,1.1971470684846755e-20,1.0941421610031649e-10,1.0,1.0,1,0.0031123350017878693,14,32.0,5.586528651855905e-10,residual_tol,0,0,0.0003434860009292606,0.0,True,,0,0,2.7708754188510443,1.0,1.0,0.0,0.0,1.0,0.0,1.0,12016.0,1024.0,2048.0,0.0,8192.0,256.0,256.0,120.0,112.0,0.0,0.0,8.0,0.0,7.150500823627226e-05,0.0017704759993648622,0.0006312080004136078,0.00010051699791802093,0.00014570999337593094
11,32,OMP,baseline,OMP (baseline),128,256,0.5,gaussian,gaussian,clean,0.0,1.9722851760695415e-30,1.4043807090919263e-15,1.0,1.0,1,0.003357523000886431,32,32.0,7.3341055912631e-15,target_sparsity_reached,0,0,0.0016401859902543947,1.0,False,,0,0,2.678781331366068,0.0,0.0,0.0,0.0,0.0,0.0,0.0,7816.0,1024.0,2048.0,0.0,0.0,0.0,4224.0,264.0,0.0,0.0,0.0,256.0,0.0,0.00014461598402704112,0.00021800099784741178,0.0016401859902543947,0.0002243859962618444,0.0
11,32,OMP,optimized,OMP (optimized),128,256,0.5,gaussian,gaussian,clean,0.0,2.0638067376678546e-20,1.436595537257392e-10,1.0,1.0,1,0.0012181450001662597,32,32.0,5.795912544585329e-10,target_sparsity_reached,0,0,0.0004931680050503928,1.0,True,,0,0,2.678781331366068,0.0,0.0,0.0,0.0,0.0,0.0,0.0,10256.0,1024.0,0.0,256.0,8192.0,256.0,256.0,264.0,0.0,0.0,0.0,8.0,0.0,0.00011178902059327811,3.980299152317457e-05,0.0004931680050503928,0.00017189000209327787,0.00026402799267088994
11,32,gOMP,baseline,gOMP (baseline),128,256,0.5,gaussian,gaussian,clean,0.0,1.4311862313403802e-30,1.1963219597334073e-15,1.0,1.0,1,0.0012677209997491445,11,32.0,6.3662451379671636e-15,target_sparsity_reached,0,0,0.0005958439978712704,3.0,False,,0,0,2.6787813313660687,0.0,0.0,0.0,0.0,0.0,0.0,0.0,5088.0,1024.0,2048.0,256.0,0.0,0.0,1576.0,96.0,0.0,0.0,0.0,88.0,0.0,4.743700264953077e-05,0.00012573400090332143,0.0005958439978712704,7.008400643826462e-05,0.0
11,32,gOMP,optimized,gOMP (optimized),128,256,0.5,gaussian,gaussian,clean,0.0,2.0638037255848396e-20,1.4365944889163537e-10,1.0,1.0,1,0.0004776560017489828,11,32.0,5.79591536987148e-10,target_sparsity_reached,0,0,0.00018940200243378058,3.0,True,,0,0,2.6787813313660687,0.0,0.0,0.0,0.0,0.0,0.0,0.0,1640.0,1024.0,0.0,256.0,0.0,0.0,256.0,96.0,0.0,0.0,0.0,8.0,0.0,3.9137990825111046e-05,8.197801071219146e-05,0.00018940200243378058,6.056799247744493e-05,0.0
11,32,Improved-gOMP,baseline,Improved-gOMP (baseline),128,256,0.5,gaussian,gaussian,clean,0.0,0.002027398619270137,0.04502664343774847,0.9375,0.9375,0,0.008300900000904221,13,32.0,0.1814658631870045,target_sparsity_reached,2,2,0.0008687049994478002,17.846153846153847,False,,0,0,2.8176678204467254,1.0,1.0,1.0,1.0,1.0,1.0,0.0,5504.0,1024.0,2048.0,0.0,0.0,0.0,1904.0,112.0,104.0,104.0,104.0,104.0,0.0,6.777500311727636e-05,0.0062080120005703066,0.0007773569959681481,0.0001083410024875775,0.00024497399499523453
11,32,Improved-gOMP,optimized,Improved-gOMP (optimized),128,256,0.5,gaussian,gaussian,clean,0.0,0.0009031723808763904,0.030052826503947853,0.96875,0.96875,0,0.0031578560010530055,13,32.0,0.12441235280679509,target_sparsity_reached,1,1,0.0003512520015647169,0.0,True,,0,0,2.833077701606354,1.0,1.0,0.0,0.0,1.0,0.0,1.0,12000.0,1024.0,2048.0,0.0,8192.0,256.0,256.0,112.0,104.0,0.0,0.0,8.0,0.0,6.315100108622573e-05,0.0016977080013020895,0.0006185220045153983,0.00016071400386863388,0.00016441300613223575
12,32,OMP,baseline,OMP (baseline),128,256,0.5,gaussian,gaussian,clean,0.0,2.5978577764953836e-30,1.6117871374643066e-15,1.0,1.0,1,0.0037500580001506023,32,32.0,7.847382836257412e-15,target_sparsity_reached,0,0,0.0018563590019766707,1.0,False,,0,0,2.6284244787761177,0.0,0.0,0.0,0.0,0.0,0.0,0.0,7816.0,1024.0,2048.0,0.0,0.0,0.0,4224.0,264.0,0.0,0.0,0.0,256.0,0.0,0.0001943079914781265,0.00023172298824647442,0.0018563590019766707,0.0002271349985676352,0.0
12,32,OMP,optimized,OMP (optimized),128,256,0.5,gaussian,gaussian,clean,0.0,1.635936308941001e-20,1.2790372586211086e-10,1.0,1.0,1,0.0012880909998784773,32,32.0,5.727415272355121e-10,target_sparsity_reached,0,0,0.0004891619973932393,1.0,True,,0,0,2.6284244787761177,0.0,0.0,0.0,0.0,0.0,0.0,0.0,10256.0,1024.0,0.0,256.0,8192.0,256.0,256.0,264.0,0.0,0.0,0.0,8.0,0.0,0.00014855900735710748,4.4165000872453675e-05,0.0004891619973932393,0.00022910500047146343,0.00024699799905647524
12,32,gOMP,baseline,gOMP (baseline),128,256,0.5,gaussian,gaussian,clean,0.0,0.002566320962323382,0.05065886854562962,0.875,0.875,0,0.0018085470001096837,11,32.0,0.2207328286239771,target_sparsity_reached,4,4,0.0008329029988090042,3.0,False,,0,0,2.8117886907049443,0.0,0.0,0.0,0.0,0.0,0.0,0.0,5088.0,1024.0,2048.0,256.0,0.0,0.0,1576.0,96.0,0.0,0.0,0.0,88.0,0.0,5.479600440594368e-05,0.00024007700631045736,0.0008329029988090042,9.75439943431411e-05,0.0
12,32,gOMP,optimized,gOMP (optimized),128,256,0.5,gaussian,gaussian,clean,0.0,0.0025663209619859037,0.05065886854229873,0.875,0.875,0,0.0008410580012423452,11,32.0,0.22073282862397722,target_sparsity_reached,4,4,0.00032861099316505715,3.0,True,,0,0,2.8117886907049443,0.0,0.0,0.0,0.0,0.0,0.0,0.0,1640.0,1024.0,0.0,256.0,0.0,0.0,256.0,96.0,0.0,0.0,0.0,8.0,0.0,9.612900248612277e-05,0.00016604800111963414,0.00032861099316505715,0.00010672399366740137,0.0
12,32,Improved-gOMP,baseline,Improved-gOMP (baseline),128,256,0.5,gaussian,gaussian,clean,0.0,2.6837692153018066e-30,1.6382213572352811e-15,1.0,1.0,1,0.008516331999999238,13,32.0,8.81006195087422e-15,residual_tol,0,0,0.0009186040006170515,17.76923076923077,False,,0,0,2.6284244787761164,1.0,1.0,1.0,1.0,1.0,1.0,0.0,5504.0,1024.0,2048.0,0.0,0.0,0.0,1904.0,112.0,104.0,104.0,104.0,104.0,0.0,0.00010150199523195624,0.006070322011510143,0.0008218120055971667,0.0001635549997445196,0.00025664500208222307
12,32,Improved-gOMP,optimized,Improved-gOMP (optimized),128,256,0.5,gaussian,gaussian,clean,0.0,0.00041404479252661174,0.020348090635895343,0.9375,0.9375,0,0.002818021002894966,13,32.0,0.09312103955450306,target_sparsity_reached,2,2,0.0003339319991937373,0.0,True,,0,0,2.6719210698015856,1.0,1.0,0.0,0.0,1.0,0.0,1.0,12000.0,1024.0,2048.0,0.0,8192.0,256.0,256.0,112.0,104.0,0.0,0.0,8.0,0.0,6.59120014461223e-05,0.0015526469942415133,0.0005985979914839845,9.743899499881081e-05,0.00017135701273218729
13,32,OMP,baseline,OMP (baseline),128,256,0.5,gaussian,gaussian,clean,0.0,1.732751503018123e-30,1.3163401927382308e-15,1.0,1.0,1,0.0035219689998484682,32,32.0,7.059989528797514e-15,target_sparsity_reached,0,0,0.0016864370154507924,1.0,False,,0,0,2.72513239346647,0.0,0.0,0.0,0.0,0.0,0.0,0.0,7816.0,1024.0,2048.0,0.0,0.0,0.0,4224.0,264.0,0.0,0.0,0.0,256.0,0.0,0.0001380500034429133,0.00019275100567028858,0.0016864370154507924,0.0002393449867668096,0.0
13,32,OMP,optimized,OMP (optimized),128,256,0.5,gaussian,gaussian,clean,0.0,2.3766480022205557e-20,1.541638090545429e-10,1.0,1.0,1,0.0012808029969164636,32,32.0,6.186616278397585e-10,target_sparsity_reached,0,0,0.0005417679785750806,1.0,True,,0,0,2.72513239346647,0.0,0.0,0.0,0.0,0.0,0.0,0.0,10256.0,1024.0,0.0,256.0,8192.0,256.0,256.0,264.0,0.0,0.0,0.0,8.0,0.0,0.00011928499588975683,4.0418002754449844e-05,0.0005417679785750806,0.0001830729997891467,0.00024705300165805966
13,32,gOMP,baseline,gOMP (baseline),128,256,0.5,gaussian,gaussian,clean,0.0,2.762728020631539e-05,0.005256165922639371,0.96875,0.96875,0,0.00153968699669349,11,32.0,0.02080043813351569,target_sparsity_reached,1,1,0.0006635980025748722,3.0,False,,0,0,2.6558425276019015,0.0,0.0,0.0,0.0,0.0,0.0,0.0,5088.0,1024.0,2048.0,256.0,0.0,0.0,1576.0,96.0,0.0,0.0,0.0,88.0,0.0,5.355400571716018e-05,0.00012816100206691772,0.0006635980025748722,0.00013840800238540396,0.0
13,32,gOMP,optimized,gOMP (optimized),128,256,0.5,gaussian,gaussian,clean,0.0,2.7627279838084154e-05,0.005256165887610869,0.96875,0.96875,0,0.0004900389976683073,11,32.0,0.020800438133515658,target_sparsity_reached,1,1,0.00019072099530603737,3.0,True,,0,0,2.6558425276019015,0.0,0.0,0.0,0.0,0.0,0.0,0.0,1640.0,1024.0,0.0,256.0,0.0,0.0,256.0,96.0,0.0,0.0,0.0,8.0,0.0,4.2717994801932946e-05,8.773799345362931e-05,0.00019072099530603737,6.148800093797036e-05,0.0
13,32,Improved-gOMP,baseline,Improved-gOMP (baseline),128,256,0.5,gaussian,gaussian,clean,0.0,2.7537220796899857e-30,1.6594342649499516e-15,1.0,1.0,1,0.008747207000851631,14,32.0,9.939369093651235e-15,residual_tol,0,0,0.0008582230002502911,16.785714285714285,False,,0,0,2.747269619055609,1.0,1.0,1.0,1.0,1.0,1.0,0.0,5728.0,1024.0,2048.0,0.0,0.0,0.0,2088.0,120.0,112.0,112.0,112.0,112.0,0.0,7.291599831660278e-05,0.00617227099428419,0.000772715993662132,9.073000910575502e-05,0.0006763120036339387
13,32,Improved-gOMP,optimized,Improved-gOMP (optimized),128,256,0.5,gaussian,gaussian,clean,0.0,2.3766508221130015e-20,1.541639005121822e-10,1.0,1.0,1,0.003312372999062063,14,32.0,6.186621173933627e-10,residual_tol,0,0,0.00035236899930168875,0.0,True,,0,0,2.72513239346647,1.0,1.0,0.0,0.0,1.0,0.0,1.0,12016.0,1024.0,2048.0,0.0,8192.0,256.0,256.0,120.0,112.0,0.0,0.0,8.0,0.0,6.75470000714995e-05,0.0016118189960252494,0.0006395770105882548,9.657999908085912e-05,0.0005906120059080422
14,32,OMP,baseline,OMP (baseline),128,256,0.5,gaussian,gaussian,clean,0.0,2.5405406281288712e-30,1.5939073461556264e-15,1.0,1.0,1,0.003731611999683082,32,32.0,9.624235839099266e-15,target_sparsity_reached,0,0,0.0016777989985712338,1.0,False,,0,0,2.6523684089765656,0.0,0.0,0.0,0.0,0.0,0.0,0.0,7816.0,1024.0,2048.0,0.0,0.0,0.0,4224.0,264.0,0.0,0.0,0.0,256.0,0.0,0.00017108301472035237,0.00021744899640907533,0.0016777989985712338,0.00031394798861583695,0.0
14,32,OMP,optimized,OMP (optimized),128,256,0.5,gaussian,gaussian,clean,0.0,1.6417495786791523e-20,1.2813077611093879e-10,1.0,1.0,1,0.0014301589981187135,32,32.0,5.922172470906519e-10,target_sparsity_reached,0,0,0.0006392219947883859,1.0,True,,0,0,2.6523684089765656,0.0,0.0,0.0,0.0,0.0,0.0,0.0,10256.0,1024.0,0.0,256.0,8192.0,256.0,256.0,264.0,0.0,0.0,0.0,8.0,0.0,0.0001448219954909291,4.3860007281182334e-05,0.0006392219947883859,0.00020722699991893023,0.000254374994256068
14,32,gOMP,baseline,gOMP (baseline),128,256,0.5,gaussian,gaussian,clean,0.0,8.886753923481324e-06,0.0029810659039144582,0.96875,0.96875,0,0.0012896909975097515,11,32.0,0.011623693446049412,target_sparsity_reached,1,1,0.0006132119924586732,3.0,False,,0,0,2.572999300013876,0.0,0.0,0.0,0.0,0.0,0.0,0.0,5088.0,1024.0,2048.0,256.0,0.0,0.0,1576.0,96.0,0.0,0.0,0.0,88.0,0.0,5.208099537412636e-05,0.00010595400090096518,0.0006132119924586732,7.789500523358583e-05,0.0
14,32,gOMP,optimized,gOMP (optimized),128,256,0.5,gaussian,gaussian,clean,0.0,8.88675398438773e-06,0.0029810659141299998,0.96875,0.96875,0,0.00047210699995048344,11,32.0,0.011623693446049405,target_sparsity_reached,1,1,0.00018547000217949972,3.0,True,,0,0,2.572999300013876,0.0,0.0,0.0,0.0,0.0,0.0,0.0,1640.0,1024.0,0.0,256.0,0.0,0.0,256.0,96.0,0.0,0.0,0.0,8.0,0.0,4.677199467550963e-05,8.349999552592635e-05,0.00018547000217949972,6.098699304857291e-05,0.0
14,32,Improved-gOMP,baseline,Improved-gOMP (baseline),128,256,0.5,gaussian,gaussian,clean,0.0,0.0007252909172689718,0.02693122569191703,0.9375,0.9375,0,0.008900729000743013,13,32.0,0.11600513319038272,target_sparsity_reached,2,2,0.0008044699934544042,17.76923076923077,False,,0,0,2.8762114515561614,1.0,1.0,1.0,1.0,1.0,1.0,0.0,5568.0,1024.0,2048.0,0.0,0.0,0.0,1968.0,112.0,104.0,104.0,104.0,104.0,0.0,0.00010005699732573703,0.006291232999501517,0.000715554015187081,9.155100269708782e-05,0.0006701160054944921
14,32,Improved-gOMP,optimized,Improved-gOMP (optimized),128,256,0.5,gaussian,gaussian,clean,0.0,9.836203451644543e-06,0.0031362722221842513,0.96875,0.96875,0,0.0043379019989515655,13,32.0,0.010830307652673064,target_sparsity_reached,1,1,0.0003827330110652838,0.0,True,,0,0,2.7645563333732506,1.0,1.0,0.0,0.0,1.0,0.0,1.0,12000.0,1024.0,2048.0,0.0,8192.0,256.0,256.0,112.0,104.0,0.0,0.0,8.0,0.0,7.063100565574132e-05,0.0019374340008653235,0.0008088340000540484,0.00014774599912925623,0.001008900009765057
15,32,OMP,baseline,OMP (baseline),128,256,0.5,gaussian,gaussian,clean,0.0,1.743448243598769e-30,1.3203970022681698e-15,1.0,1.0,1,0.0034906100008811336,32,32.0,1.0048184446258233e-14,target_sparsity_reached,0,0,0.0017365370076731779,1.0,False,,0,0,2.9458934627024393,0.0,0.0,0.0,0.0,0.0,0.0,0.0,7816.0,1024.0,2048.0,0.0,0.0,0.0,4224.0,264.0,0.0,0.0,0.0,256.0,0.0,0.000138998992042616,0.0002026960028160829,0.0017365370076731779,0.00023912400138215162,0.0
15,32,OMP,optimized,OMP (optimized),128,256,0.5,gaussian,gaussian,clean,0.0,2.0160820040649144e-20,1.4198880251854067e-10,1.0,1.0,1,0.0012770070024998859,32,32.0,7.870935562640568e-10,target_sparsity_reached,0,0,0.000483663006889401,1.0,True,,0,0,2.9458934627024393,0.0,0.0,0.0,0.0,0.0,0.0,0.0,10256.0,1024.0,0.0,256.0,8192.0,256.0,256.0,264.0,0.0,0.0,0.0,8.0,0.0,0.00011039198216167279,3.694701081258245e-05,0.000483663006889401,0.0002503080031601712,0.0002332740077690687
15,32,gOMP,baseline,gOMP (baseline),128,256,0.5,gaussian,gaussian,clean,0.0,0.0014994623906018146,0.038722892332595904,0.96875,0.96875,0,0.0012950060008734,11,32.0,0.20897687370431525,target_sparsity_reached,1,1,0.0006149389992060605,3.0,False,,0,0,2.9370001524384097,0.0,0.0,0.0,0.0,0.0,0.0,0.0,5088.0,1024.0,2048.0,256.0,0.0,0.0,1576.0,96.0,0.0,0.0,0.0,88.0,0.0,4.641900159185752e-05,0.00010800700329127721,0.0006149389992060605,9.696599227027036e-05,0.0
15,32,gOMP,optimized,gOMP (optimized),128,256,0.5,gaussian,gaussian,clean,0.0,0.0014994623911100012,0.03872289233915774,0.96875,0.96875,0,0.0004548840006464161,11,32.0,0.20897687370431525,target_sparsity_reached,1,1,0.00017252399629796855,3.0,True,,0,0,2.9370001524384097,0.0,0.0,0.0,0.0,0.0,0.0,0.0,1640.0,1024.0,0.0,256.0,0.0,0.0,256.0,96.0,0.0,0.0,0.0,8.0,0.0,3.816700336756185e-05,8.006800271687098e-05,0.00017252399629796855,5.747901013819501e-05,0.0
15,32,Improved-gOMP,baseline,Improved-gOMP (baseline),128,256,0.5,gaussian,gaussian,clean,0.0,0.0014378550843184626,0.03791905964443821,0.96875,0.96875,0,0.008866358999512158,14,32.0,0.21204217764385486,target_sparsity_reached,1,1,0.0008133240007737186,16.428571428571427,False,,0,0,3.0060566488975753,1.0,1.0,1.0,1.0,1.0,1.0,0.0,5728.0,1024.0,2048.0,0.0,0.0,0.0,2088.0,120.0,112.0,112.0,112.0,112.0,0.0,6.969699825276621e-05,0.0063737679993209895,0.0007275670031958725,8.224000339396298e-05,0.0007403930030704942
15,32,Improved-gOMP,optimized,Improved-gOMP (optimized),128,256,0.5,gaussian,gaussian,clean,0.0,1.227593671639612e-30,1.1079682629207445e-15,1.0,1.0,1,0.0033859830000437796,14,32.0,7.368373504189942e-15,residual_tol,0,0,0.000349765999999363,0.0,True,,0,0,2.945893462702443,1.0,1.0,0.0,0.0,1.0,0.0,1.0,12016.0,1024.0,2048.0,0.0,8192.0,256.0,256.0,120.0,112.0,0.0,0.0,8.0,0.0,6.693300019833259e-05,0.0015565460016659927,0.0005954209991614334,0.00010946700058411807,0.0007574880146421492
16,32,OMP,baseline,OMP (baseline),128,256,0.5,gaussian,gaussian,clean,0.0,2.1645497811104207e-30,1.4712408983951e-15,1.0,1.0,1,0.0031249020030372776,32,32.0,8.93304911560043e-15,target_sparsity_reached,0,0,0.001508854009443894,1.0,False,,0,0,2.595810972831935,0.0,0.0,0.0,0.0,0.0,0.0,0.0,7816.0,1024.0,2048.0,0.0,0.0,0.0,4224.0,264.0,0.0,0.0,0.0,256.0,0.0,0.000154997000208823,0.0001891129941213876,0.001508854009443894,0.00021973499679006636,0.0
16,32,OMP,optimized,OMP (optimized),128,256,0.5,gaussian,gaussian,clean,0.0,1.9598017657859808e-20,1.3999292002762073e-10,1.0,1.0,1,0.0011816460028057918,32,32.0,6.821426938683408e-10,target_sparsity_reached,0,0,0.00047049601562321186,1.0,True,,0,0,2.595810972831935,0.0,0.0,0.0,0.0,0.0,0.0,0.0,10256.0,1024.0,0.0,256.0,8192.0,256.0,256.0,264.0,0.0,0.0,0.0,8.0,0.0,0.0001285860016650986,3.819899575319141e-05,0.00047049601562321186,0.000175967001268873,0.0002358450037718285
16,32,gOMP,baseline,gOMP (baseline),128,256,0.5,gaussian,gaussian,clean,0.0,3.667145475809325e-05,0.006055696058926112,0.9375,0.9375,0,0.001244139999471372,11,32.0,0.02514298392597347,target_sparsity_reached,2,2,0.0005759650048275944,3.0,False,,0,0,2.5336934396656003,0.0,0.0,0.0,0.0,0.0,0.0,0.0,5088.0,1024.0,2048.0,256.0,0.0,0.0,1576.0,96.0,0.0,0.0,0.0,88.0,0.0,5.1918996177846566e-05,0.00010450899571878836,0.0005759650048275944,7.302500671357848e-05,0.0
16,32,gOMP,optimized,gOMP (optimized),128,256,0.5,gaussian,gaussian,clean,0.0,3.667145474692831e-05,0.006055696058004258,0.9375,0.9375,0,0.0005631169988191687,11,32.0,0.02514298392597337,target_sparsity_reached,2,2,0.00019887099915649742,3.0,True,,0,0,2.5336934396656003,0.0,0.0,0.0,0.0,0.0,0.0,0.0,1640.0,1024.0,0.0,256.0,0.0,0.0,256.0,96.0,0.0,0.0,0.0,8.0,0.0,5.8973000705009326e-05,9.375199078931473e-05,0.00019887099915649742,6.59809993521776e-05,0.0
16,32,Improved-gOMP,baseline,Improved-gOMP (baseline),128,256,0.5,gaussian,gaussian,clean,0.0,6.705657008732214e-08,0.00025895283371170537,0.96875,0.96875,0,0.008163353999407263,13,32.0,0.0012972317662189104,target_sparsity_reached,1,1,0.0008321840032294858,18.53846153846154,False,,0,0,2.676060653021067,1.0,1.0,1.0,1.0,1.0,1.0,0.0,5504.0,1024.0,2048.0,0.0,0.0,0.0,1904.0,112.0,104.0,104.0,104.0,104.0,0.0,0.0001563259975227993,0.0060076179943280295,0.0007420129986712709,9.389300248585641e-05,0.0002456869951856788
16,32,Improved-gOMP,optimized,Improved-gOMP (optimized),128,256,0.5,gaussian,gaussian,clean,0.0,7.093920690959787e-08,0.00026634415125847586,0.96875,0.96875,0,0.002739505001954967,13,32.0,0.0012456766630745636,target_sparsity_reached,1,1,0.000345428994478425,0.0,True,,0,0,2.620296414667177,1.0,1.0,0.0,0.0,1.0,0.0,1.0,12000.0,1024.0,2048.0,0.0,8192.0,256.0,256.0,112.0,104.0,0.0,0.0,8.0,0.0,7.419900066452101e-05,0.0014500419965770561,0.0006381040075211786,9.240499275620095e-05,0.00018582899429020472
17,32,OMP,baseline,OMP (baseline),128,256,0.5,gaussian,gaussian,clean,0.0,2.0122587666301734e-30,1.4185410697720998e-15,1.0,1.0,1,0.003188493999914499,32,32.0,6.7458825951428345e-15,target_sparsity_reached,0,0,0.0014868519938318059,1.0,False,,0,0,2.8111419579486765,0.0,0.0,0.0,0.0,0.0,0.0,0.0,7816.0,1024.0,2048.0,0.0,0.0,0.0,4224.0,264.0,0.0,0.0,0.0,256.0,0.0,0.0002589170035207644,0.0002023330125666689,0.0014868519938318059,0.00018845899467123672,0.0
17,32,OMP,optimized,OMP (optimized),128,256,0.5,gaussian,gaussian,clean,0.0,2.5329862554866384e-20,1.5915358165893213e-10,1.0,1.0,1,0.0012478610005928203,32,32.0,5.887994256853045e-10,target_sparsity_reached,0,0,0.0004965090010955464,1.0,True,,0,0,2.8111419579486765,0.0,0.0,0.0,0.0,0.0,0.0,0.0,10256.0,1024.0,0.0,256.0,8192.0,256.0,256.0,264.0,0.0,0.0,0.0,8.0,0.0,0.00011290099791949615,4.9086007493315265e-05,0.0004965090010955464,0.00021786900470033288,0.00024143200062098913
17,32,gOMP,baseline,gOMP (baseline),128,256,0.5,gaussian,gaussian,clean,0.0,2.5117873841105883e-05,0.005011773522527318,0.9375,0.9375,0,0.0012333659979049116,11,32.0,0.019843637551838086,target_sparsity_reached,2,2,0.000596195000980515,3.0,False,,0,0,2.741998009484082,0.0,0.0,0.0,0.0,0.0,0.0,0.0,5088.0,1024.0,2048.0,256.0,0.0,0.0,1576.0,96.0,0.0,0.0,0.0,88.0,0.0,4.552899190457538e-05,0.00010355499398428947,0.000596195000980515,6.534200656460598e-05,0.0
17,32,gOMP,optimized,gOMP (optimized),128,256,0.5,gaussian,gaussian,clean,0.0,2.5117873843147893e-05,0.005011773522731039,0.9375,0.9375,0,0.00043330299740773626,11,32.0,0.019843637551838128,target_sparsity_reached,2,2,0.00016900899936445057,3.0,True,,0,0,2.741998009484082,0.0,0.0,0.0,0.0,0.0,0.0,0.0,1640.0,1024.0,0.0,256.0,0.0,0.0,256.0,96.0,0.0,0.0,0.0,8.0,0.0,3.905500489054248e-05,7.651600026292726e-05,0.00016900899936445057,5.595299808192067e-05,0.0
17,32,Improved-gOMP,baseline,Improved-gOMP (baseline),128,256,0.5,gaussian,gaussian,clean,0.0,2.496900057998002e-05,0.004996899096437712,0.9375,0.9375,0,0.007851588001358323,13,32.0,0.019883671730103428,target_sparsity_reached,2,2,0.000787704990216298,18.076923076923077,False,,0,0,2.7549675982330974,1.0,1.0,1.0,1.0,1.0,1.0,0.0,5504.0,1024.0,2048.0,0.0,0.0,0.0,1904.0,112.0,104.0,104.0,104.0,104.0,0.0,6.762999328202568e-05,0.005914586003200384,0.0006873970014567021,8.005299605429173e-05,0.00024380099421250634
17,32,Improved-gOMP,optimized,Improved-gOMP (optimized),128,256,0.5,gaussian,gaussian,clean,0.0,2.51178738431474e-05,0.00501177352273099,0.9375,0.9375,0,0.00329099099690211,13,32.0,0.019843637551838152,target_sparsity_reached,2,2,0.0004229579972161446,0.0,True,,0,0,2.741998009484082,1.0,1.0,0.0,0.0,1.0,0.0,1.0,12000.0,1024.0,2048.0,0.0,8192.0,256.0,256.0,112.0,104.0,0.0,0.0,8.0,0.0,6.249900980037637e-05,0.001865083999291528,0.0007506830006605014,0.00010491000648471527,0.00016707900067558512
18,32,OMP,baseline,OMP (baseline),128,256,0.5,gaussian,gaussian,clean,0.0,1.811427675851251e-30,1.3458928916712694e-15,1.0,1.0,1,0.0032303680018230807,32,32.0,6.5599379634562065e-15,target_sparsity_reached,0,0,0.0015455680004379246,1.0,False,,0,0,2.7277183260253794,0.0,0.0,0.0,0.0,0.0,0.0,0.0,7816.0,1024.0,2048.0,0.0,0.0,0.0,4224.0,264.0,0.0,0.0,0.0,256.0,0.0,0.0001616449881112203,0.00019849300224450417,0.0015455680004379246,0.0002334420059924014,0.0
18,32,OMP,optimized,OMP (optimized),128,256,0.5,gaussian,gaussian,clean,0.0,2.2630609693571727e-20,1.5043473566158758e-10,1.0,1.0,1,0.0012754589988617226,32,32.0,5.559294857204491e-10,target_sparsity_reached,0,0,0.0004997309879399836,1.0,True,,0,0,2.7277183260253794,0.0,0.0,0.0,0.0,0.0,0.0,0.0,10256.0,1024.0,0.0,256.0,8192.0,256.0,256.0,264.0,0.0,0.0,0.0,8.0,0.0,0.00016442999913124368,4.4420998165151104e-05,0.0004997309879399836,0.00017443099204683676,0.0002604500041343272
18,32,gOMP,baseline,gOMP (baseline),128,256,0.5,gaussian,gaussian,clean,0.0,0.00018547194593747845,0.01361880853589911,0.96875,0.96875,0,0.0012575649998325389,11,32.0,0.045666093462248314,target_sparsity_reached,1,1,0.0005829449983139057,3.0,False,,0,0,2.8628724436671806,0.0,0.0,0.0,0.0,0.0,0.0,0.0,5088.0,1024.0,2048.0,256.0,0.0,0.0,1576.0,96.0,0.0,0.0,0.0,88.0,0.0,5.751700155087747e-05,0.00011431199527578428,0.0005829449983139057,7.783000182826072e-05,0.0
18,32,gOMP,optimized,gOMP (optimized),128,256,0.5,gaussian,gaussian,clean,0.0,0.00018547194618568393,0.013618808545011709,0.96875,0.96875,0,0.000448556002083933,11,32.0,0.045666093462248245,target_sparsity_reached,1,1,0.0001724579997244291,3.0,True,,0,0,2.8628724436671806,0.0,0.0,0.0,0.0,0.0,0.0,0.0,1640.0,1024.0,0.0,256.0,0.0,0.0,256.0,96.0,0.0,0.0,0.0,8.0,0.0,4.771300154970959e-05,7.727199044893496e-05,0.0001724579997244291,5.78760082134977e-05,0.0
18,32,Improved-gOMP,baseline,Improved-gOMP (baseline),128,256,0.5,gaussian,gaussian,clean,0.0,0.001092018193244104,0.03304569855887607,0.9375,0.9375,0,0.00925385099981213,13,32.0,0.13793735391003523,target_sparsity_reached,2,2,0.0009585140069248155,17.46153846153846,False,,0,0,3.1401164324590414,1.0,1.0,1.0,1.0,1.0,1.0,0.0,5568.0,1024.0,2048.0,0.0,0.0,0.0,1968.0,112.0,104.0,104.0,104.0,104.0,0.0,7.955300316098146e-05,0.0064430770034960005,0.0008400139922741801,0.0001654110055824276,0.0008016349966055714
18,32,Improved-gOMP,optimized,Improved-gOMP (optimized),128,256,0.5,gaussian,gaussian,clean,0.0,0.00018547194618568057,0.013618808545011586,0.96875,0.96875,0,0.002668178996827919,13,32.0,0.04566609346224828,target_sparsity_reached,1,1,0.0003406089927011635,0.0,True,,0,0,2.8628724436671797,1.0,1.0,0.0,0.0,1.0,0.0,1.0,12000.0,1024.0,2048.0,0.0,8192.0,256.0,256.0,112.0,104.0,0.0,0.0,8.0,0.0,6.858800043119118e-05,0.0014593000087188557,0.0006028329917171504,0.00010376899081165902,0.00014514800204779021
19,32,OMP,baseline,OMP (baseline),128,256,0.5,gaussian,gaussian,clean,0.0,2.7234774405421538e-30,1.6502961675233186e-15,1.0,1.0,1,0.003240702997572953,32,32.0,1.0404454349658022e-14,target_sparsity_reached,0,0,0.001574590973177692,1.0,False,,0,0,2.769117516562528,0.0,0.0,0.0,0.0,0.0,0.0,0.0,7816.0,1024.0,2048.0,0.0,0.0,0.0,4224.0,264.0,0.0,0.0,0.0,256.0,0.0,0.00014013899635756388,0.00020068100639036857,0.001574590973177692,0.00019751600848394446,0.0
19,32,OMP,optimized,OMP (optimized),128,256,0.5,gaussian,gaussian,clean,0.0,1.1745791515568719e-20,1.0837800291373116e-10,1.0,1.0,1,0.0012384049987304024,32,32.0,6.435209792349216e-10,target_sparsity_reached,0,0,0.0005397240056481678,1.0,True,,0,0,2.769117516562528,0.0,0.0,0.0,0.0,0.0,0.0,0.0,10256.0,1024.0,0.0,256.0,8192.0,256.0,256.0,264.0,0.0,0.0,0.0,8.0,0.0,0.00010778598880278878,4.183300552540459e-05,0.0005397240056481678,0.00017592999938642606,0.0002327470101590734
19,32,gOMP,baseline,gOMP (baseline),128,256,0.5,gaussian,gaussian,clean,0.0,1.3499843291924287e-06,0.0011618882602007943,0.96875,0.96875,0,0.001267852003365988,11,32.0,0.00509186138042822,target_sparsity_reached,1,1,0.0006072500000300352,3.0,False,,0,0,2.8157467749229053,0.0,0.0,0.0,0.0,0.0,0.0,0.0,5088.0,1024.0,2048.0,256.0,0.0,0.0,1576.0,96.0,0.0,0.0,0.0,88.0,0.0,4.7110996092669666e-05,0.00010737400225480087,0.0006072500000300352,7.386600191239268e-05,0.0
19,32,gOMP,optimized,gOMP (optimized),128,256,0.5,gaussian,gaussian,clean,0.0,1.3499843322743585e-06,0.0011618882615270535,0.96875,0.96875,0,0.0005105240015836898,11,32.0,0.005091861380428353,target_sparsity_reached,1,1,0.00019873500423273072,3.0,True,,0,0,2.8157467749229053,0.0,0.0,0.0,0.0,0.0,0.0,0.0,1640.0,1024.0,0.0,256.0,0.0,0.0,256.0,96.0,0.0,0.0,0.0,8.0,0.0,4.7844001528574154e-05,8.518100730725564e-05,0.00019873500423273072,6.937199577805586e-05,0.0
19,32,Improved-gOMP,baseline,Improved-gOMP (baseline),128,256,0.5,gaussian,gaussian,clean,0.0,5.502825645980833e-06,0.00234581023230372,0.9375,0.9375,0,0.010097200000018347,14,32.0,0.010318217671980219,target_sparsity_reached,2,2,0.0009197180115734227,16.928571428571427,False,,0,0,2.8024359914177794,1.0,1.0,1.0,1.0,1.0,1.0,0.0,5728.0,1024.0,2048.0,0.0,0.0,0.0,2088.0,120.0,112.0,112.0,112.0,112.0,0.0,0.00010504901001695544,0.006887106992508052,0.0008298610046040267,9.74950053205248e-05,0.000698431995260762
19,32,Improved-gOMP,optimized,Improved-gOMP (optimized),128,256,0.5,gaussian,gaussian,clean,0.0,1.1745776687523614e-20,1.0837793450478568e-10,1.0,1.0,1,0.0031130570023378823,14,32.0,6.435205557932385e-10,residual_tol,0,0,0.0003429079988563899,0.0,True,,0,0,2.7691175165625284,1.0,1.0,0.0,0.0,1.0,0.0,1.0,12016.0,1024.0,2048.0,0.0,8192.0,256.0,256.0,120.0,112.0,0.0,0.0,8.0,0.0,6.03079934080597e-05,0.0015156839945120737,0.0005982479997328483,8.822800737107173e-05,0.0005584139944403432
20,32,OMP,baseline,OMP (baseline),128,256,0.5,gaussian,gaussian,clean,0.0,1.3512003465988236e-30,1.1624114360237616e-15,1.0,1.0,1,0.0035467060006340034,32,32.0,8.384512931473442e-15,target_sparsity_reached,0,0,0.0016780519908934366,1.0,False,,0,0,2.4777629737805773,0.0,0.0,0.0,0.0,0.0,0.0,0.0,7816.0,1024.0,2048.0,0.0,0.0,0.0,4224.0,264.0,0.0,0.0,0.0,256.0,0.0,0.0001783519983291626,0.00022643899501417764,0.0016780519908934366,0.000261492001300212,0.0
20,32,OMP,optimized,OMP (optimized),128,256,0.5,gaussian,gaussian,clean,0.0,1.5540674833687175e-20,1.2466224301562673e-10,1.0,1.0,1,0.0012879979985882528,32,32.0,7.431761972699966e-10,target_sparsity_reached,0,0,0.000521933012350928,1.0,True,,0,0,2.4777629737805773,0.0,0.0,0.0,0.0,0.0,0.0,0.0,10256.0,1024.0,0.0,256.0,8192.0,256.0,256.0,264.0,0.0,0.0,0.0,8.0,0.0,0.00014618601562688127,5.0072005251422524e-05,0.000521933012350928,0.00018737399659585208,0.00024540599406464025
20,32,gOMP,baseline,gOMP (baseline),128,256,0.5,gaussian,gaussian,clean,0.0,1.7206509956163322e-06,0.0013117358711327261,0.96875,0.96875,0,0.0012978300001122989,11,32.0,0.0075200098821044566,target_sparsity_reached,1,1,0.000610449005762348,3.0,False,,0,0,2.6587300308588513,0.0,0.0,0.0,0.0,0.0,0.0,0.0,5088.0,1024.0,2048.0,256.0,0.0,0.0,1576.0,96.0,0.0,0.0,0.0,88.0,0.0,5.3217994718579575e-05,0.00011047200678149238,0.000610449005762348,7.701799768256024e-05,0.0
20,32,gOMP,optimized,gOMP (optimized),128,256,0.5,gaussian,gaussian,clean,0.0,1.7206509982727537e-06,0.0013117358721452857,0.96875,0.96875,0,0.00048184700062847696,11,32.0,0.00752000988210464,target_sparsity_reached,1,1,0.00018446398462401703,3.0,True,,0,0,2.6587300308588513,0.0,0.0,0.0,0.0,0.0,0.0,0.0,1640.0,1024.0,0.0,256.0,0.0,0.0,256.0,96.0,0.0,0.0,0.0,8.0,0.0,4.751500455313362e-05,9.015199611894786e-05,0.00018446398462401703,5.867499567102641e-05,0.0
20,32,Improved-gOMP,baseline,Improved-gOMP (baseline),128,256,0.5,gaussian,gaussian,clean,0.0,1.7324137277607076e-06,0.0013162118855870842,0.96875,0.96875,0,0.008816568999463925,13,32.0,0.007483966537229273,target_sparsity_reached,1,1,0.0008150680005201139,18.0,False,,0,0,2.687430675540384,1.0,1.0,1.0,1.0,1.0,1.0,0.0,5568.0,1024.0,2048.0,0.0,0.0,0.0,1968.0,112.0,104.0,104.0,104.0,104.0,0.0,7.927199840196408e-05,0.006262871993385488,0.000721381999028381,9.023400343721732e-05,0.0007503569941036403
20,32,Improved-gOMP,optimized,Improved-gOMP (optimized),128,256,0.5,gaussian,gaussian,clean,0.0,1.5540636434657008e-20,1.2466208900326116e-10,1.0,1.0,1,0.0027985570013697725,13,32.0,7.431751227037271e-10,residual_tol,0,0,0.0003392180005903356,0.0,True,,0,0,2.477762973780578,1.0,1.0,0.0,0.0,1.0,0.0,1.0,12000.0,1024.0,2048.0,0.0,8192.0,256.0,256.0,112.0,104.0,0.0,0.0,8.0,0.0,6.90280030539725e-05,0.0015376819974335376,0.0005896660004509613,9.54690003709402e-05,0.00018929200450656936
21,32,OMP,baseline,OMP (baseline),128,256,0.5,gaussian,gaussian,clean,0.0,3.225672702112221e-30,1.7960157855966134e-15,1.0,1.0,1,0.0031326010030170437,32,32.0,1.0888362763282552e-14,target_sparsity_reached,0,0,0.0015190949961834121,1.0,False,,0,0,2.8213044252423836,0.0,0.0,0.0,0.0,0.0,0.0,0.0,7816.0,1024.0,2048.0,0.0,0.0,0.0,4224.0,264.0,0.0,0.0,0.0,256.0,0.0,0.00014296401059255004,0.00018556600116426125,0.0015190949961834121,0.00020447800488909706,0.0
21,32,OMP,optimized,OMP (optimized),128,256,0.5,gaussian,gaussian,clean,0.0,1.620704754794939e-20,1.2730690298624577e-10,1.0,1.0,1,0.001239335000718711,32,32.0,6.166469452953487e-10,target_sparsity_reached,0,0,0.0005314549925969914,1.0,True,,0,0,2.8213044252423836,0.0,0.0,0.0,0.0,0.0,0.0,0.0,10256.0,1024.0,0.0,256.0,8192.0,256.0,256.0,264.0,0.0,0.0,0.0,8.0,0.0,0.00011660298696369864,4.25890066253487e-05,0.0005314549925969914,0.00017781100905267522,0.00023816799512133002
21,32,gOMP,baseline,gOMP (baseline),128,256,0.5,gaussian,gaussian,clean,0.0,1.2316690252620336e-06,0.0011098058502558156,0.9375,0.9375,0,0.0012794590002158657,11,32.0,0.004938304755199972,target_sparsity_reached,2,2,0.0005959510053799022,3.0,False,,0,0,2.7605046315078954,0.0,0.0,0.0,0.0,0.0,0.0,0.0,5088.0,1024.0,2048.0,256.0,0.0,0.0,1576.0,96.0,0.0,0.0,0.0,88.0,0.0,4.91459941258654e-05,0.00011312100104987621,0.0005959510053799022,7.058900519041345e-05,0.0
21,32,gOMP,optimized,gOMP (optimized),128,256,0.5,gaussian,gaussian,clean,0.0,1.2316690927123993e-06,0.0011098058806441778,0.9375,0.9375,0,0.0005467329974635504,11,32.0,0.004938304755199964,target_sparsity_reached,2,2,0.00019997998970211484,3.0,True,,0,0,2.7605046315078954,0.0,0.0,0.0,0.0,0.0,0.0,0.0,1640.0,1024.0,0.0,256.0,0.0,0.0,256.0,96.0,0.0,0.0,0.0,8.0,0.0,5.069899998488836e-05,9.340899850940332e-05,0.00019997998970211484,6.327400478767231e-05,0.0
21,32,Improved-gOMP,baseline,Improved-gOMP (baseline),128,256,0.5,gaussian,gaussian,clean,0.0,1.271733908072935e-06,0.00112771180186825,0.9375,0.9375,0,0.009412038998561911,14,32.0,0.004858174393432999,target_sparsity_reached,2,2,0.0009012180016725324,16.785714285714285,False,,0,0,2.7730738246585473,1.0,1.0,1.0,1.0,1.0,1.0,0.0,5728.0,1024.0,2048.0,0.0,0.0,0.0,2088.0,120.0,112.0,112.0,112.0,112.0,0.0,7.856699448893778e-05,0.0066099610085075255,0.0007971270060807001,9.496500206296332e-05,0.0008200100091926288
21,32,Improved-gOMP,optimized,Improved-gOMP (optimized),128,256,0.5,gaussian,gaussian,clean,0.0,1.620703485295531e-20,1.2730685312643348e-10,1.0,1.0,1,0.004287315998226404,14,32.0,6.166459101761565e-10,residual_tol,0,0,0.000464723001641687,0.0,True,,0,0,2.821304425242385,1.0,1.0,0.0,0.0,1.0,0.0,1.0,12016.0,1024.0,2048.0,0.0,8192.0,256.0,256.0,120.0,112.0,0.0,0.0,8.0,0.0,7.231799827422947e-05,0.0021987459949741606,0.0008174969952960964,0.00012667700138990767,0.0006582490095752291
22,32,OMP,baseline,OMP (baseline),128,256,0.5,gaussian,gaussian,clean,0.0,2.7459150220708538e-30,1.6570802702557452e-15,1.0,1.0,1,0.003699779997987207,32,32.0,1.0582238628729705e-14,target_sparsity_reached,0,0,0.0017156550056824926,1.0,False,,0,0,2.544558254752966,0.0,0.0,0.0,0.0,0.0,0.0,0.0,7816.0,1024.0,2048.0,0.0,0.0,0.0,4224.0,264.0,0.0,0.0,0.0,256.0,0.0,0.0002282839959661942,0.0002327209986106027,0.0017156550056824926,0.00024698800552869216,0.0
22,32,OMP,optimized,OMP (optimized),128,256,0.5,gaussian,gaussian,clean,0.0,1.7019087001937834e-20,1.3045722288144045e-10,1.0,1.0,1,0.0012063360009051394,32,32.0,6.12099459725954e-10,target_sparsity_reached,0,0,0.0005027039878768846,1.0,True,,0,0,2.544558254752966,0.0,0.0,0.0,0.0,0.0,0.0,0.0,10256.0,1024.0,0.0,256.0,8192.0,256.0,256.0,264.0,0.0,0.0,0.0,8.0,0.0,0.00013384100384428166,3.9068003388820216e-05,0.0005027039878768846,0.00016711098942323588,0.00023689701265539043
22,32,gOMP,baseline,gOMP (baseline),128,256,0.5,gaussian,gaussian,clean,0.0,4.6622841808097535e-08,0.0002159232312839393,0.9375,0.9375,0,0.001328335998550756,11,32.0,0.0009639797791657525,target_sparsity_reached,2,2,0.0006362429994624108,3.0,False,,0,0,2.8820765130517336,0.0,0.0,0.0,0.0,0.0,0.0,0.0,5088.0,1024.0,2048.0,256.0,0.0,0.0,1576.0,96.0,0.0,0.0,0.0,88.0,0.0,5.348300328478217e-05,0.00011215699851163663,0.0006362429994624108,8.27490002848208e-05,0.0
22,32,gOMP,optimized,gOMP (optimized),128,256,0.5,gaussian,gaussian,clean,0.0,4.662284868925927e-08,0.000215923247218217,0.9375,0.9375,0,0.0005421440000645816,11,32.0,0.0009639797791661019,target_sparsity_reached,2,2,0.00020980600311304443,3.0,True,,0,0,2.8820765130517336,0.0,0.0,0.0,0.0,0.0,0.0,0.0,1640.0,1024.0,0.0,256.0,0.0,0.0,256.0,96.0,0.0,0.0,0.0,8.0,0.0,5.299099939293228e-05,0.00010299499626853503,0.00020980600311304443,7.189299140009098e-05,0.0
22,32,Improved-gOMP,baseline,Improved-gOMP (baseline),128,256,0.5,gaussian,gaussian,clean,0.0,4.570530619849129e-08,0.00021378799357889882,0.9375,0.9375,0,0.007878772001276957,13,32.0,0.0009792639184665543,target_sparsity_reached,2,2,0.0008372929987672251,18.076923076923077,False,,0,0,2.6261058068273164,1.0,1.0,1.0,1.0,1.0,1.0,0.0,5504.0,1024.0,2048.0,0.0,0.0,0.0,1904.0,112.0,104.0,104.0,104.0,104.0,0.0,9.467199924984016e-05,0.005774983004812384,0.0007283039958565496,9.599900658940896e-05,0.00030124399927444756
22,32,Improved-gOMP,optimized,Improved-gOMP (optimized),128,256,0.5,gaussian,gaussian,clean,0.0,7.789323655313473e-10,2.7909359819446723e-05,0.96875,0.96875,0,0.004115800998988561,14,32.0,0.00012591334024699896,target_sparsity_reached,1,1,0.00038663500163238496,0.0,True,,0,0,2.576943350492072,1.0,1.0,0.0,0.0,1.0,0.0,1.0,12016.0,1024.0,2048.0,0.0,8192.0,256.0,256.0,120.0,112.0,0.0,0.0,8.0,0.0,8.41369983390905e-05,0.001843979007389862,0.0006475459995272104,0.00018537701180321164,0.0009421369977644645
23,32,OMP,baseline,OMP (baseline),128,256,0.5,gaussian,gaussian,clean,0.0,1.8626954180145283e-30,1.3648060001386748e-15,1.0,1.0,1,0.003077386998484144,32,32.0,6.184793044027637e-15,target_sparsity_reached,0,0,0.0014888580044498667,1.0,False,,0,0,3.008799891885669,0.0,0.0,0.0,0.0,0.0,0.0,0.0,7816.0,1024.0,2048.0,0.0,0.0,0.0,4224.0,264.0,0.0,0.0,0.0,256.0,0.0,0.000126698003441561,0.0001852289969974663,0.0014888580044498667,0.00018762800027616322,0.0
23,32,OMP,optimized,OMP (optimized),128,256,0.5,gaussian,gaussian,clean,0.0,2.5860790805385132e-20,1.6081290621521998e-10,1.0,1.0,1,0.001184386001114035,32,32.0,6.353906828311132e-10,target_sparsity_reached,0,0,0.0004952010021952447,1.0,True,,0,0,3.008799891885669,0.0,0.0,0.0,0.0,0.0,0.0,0.0,10256.0,1024.0,0.0,256.0,8192.0,256.0,256.0,264.0,0.0,0.0,0.0,8.0,0.0,0.00010863300121854991,3.87490181310568e-05,0.0004952010021952447,0.00016892399071366526,0.0002288229952682741
23,32,gOMP,baseline,gOMP (baseline),128,256,0.5,gaussian,gaussian,clean,0.0,7.034219487443332e-07,0.0008387025388922661,0.96875,0.96875,0,0.0016184300002350938,11,32.0,0.0033360294394448715,target_sparsity_reached,1,1,0.0007723659982730169,3.0,False,,0,0,3.061052636526464,0.0,0.0,0.0,0.0,0.0,0.0,0.0,5088.0,1024.0,2048.0,256.0,0.0,0.0,1576.0,96.0,0.0,0.0,0.0,88.0,0.0,5.7339002523804083e-05,0.00013346398918656632,0.0007723659982730169,0.00011706200166372582,0.0
23,32,gOMP,optimized,gOMP (optimized),128,256,0.5,gaussian,gaussian,clean,0.0,7.034219298443293e-07,0.0008387025276248601,0.96875,0.96875,0,0.0006767880004190374,11,32.0,0.0033360294394448988,target_sparsity_reached,1,1,0.0002530169913370628,3.0,True,,0,0,3.061052636526464,0.0,0.0,0.0,0.0,0.0,0.0,0.0,1640.0,1024.0,0.0,256.0,0.0,0.0,256.0,96.0,0.0,0.0,0.0,8.0,0.0,5.444700218504295e-05,0.00011821999942185357,0.0002530169913370628,0.00012824700388591737,0.0
23,32,Improved-gOMP,baseline,Improved-gOMP (baseline),128,256,0.5,gaussian,gaussian,clean,0.0,5.446008581964631e-05,0.0073797077055698015,0.9375,0.9375,0,0.007738093001535162,13,32.0,0.027369646195897643,target_sparsity_reached,2,2,0.0008429140143562108,17.923076923076923,False,,0,0,2.935831252296569,1.0,1.0,1.0,1.0,1.0,1.0,0.0,5504.0,1024.0,2048.0,0.0,0.0,0.0,1904.0,112.0,104.0,104.0,104.0,104.0,0.0,6.422300066333264e-05,0.005661527993652271,0.0007355349989666138,8.660400635562837e-05,0.00030288499692687765
23,32,Improved-gOMP,optimized,Improved-gOMP (optimized),128,256,0.5,gaussian,gaussian,clean,0.0,2.5860742661660812e-20,1.6081275652652936e-10,1.0,1.0,1,0.0027405559994804207,13,32.0,6.353903341669718e-10,residual_tol,0,0,0.00032043899773270823,0.0,True,,0,0,3.0087998918856695,1.0,1.0,0.0,0.0,1.0,0.0,1.0,12000.0,1024.0,2048.0,0.0,8192.0,256.0,256.0,112.0,104.0,0.0,0.0,8.0,0.0,5.9801011957461014e-05,0.0015596810044371523,0.0005851349960721564,9.428699195268564e-05,0.00015032099690870382
24,32,OMP,baseline,OMP (baseline),128,256,0.5,gaussian,gaussian,clean,0.0,1.0824042272391508e-30,1.0403865758645442e-15,1.0,1.0,1,0.00320031299997936,32,32.0,6.604434697760236e-15,target_sparsity_reached,0,0,0.001525614999991376,1.0,False,,0,0,2.9057845286795394,0.0,0.0,0.0,0.0,0.0,0.0,0.0,7816.0,1024.0,2048.0,0.0,0.0,0.0,4224.0,264.0,0.0,0.0,0.0,256.0,0.0,0.00016632399274385534,0.0002062599996861536,0.001525614999991376,0.0002211270111729391,0.0
24,32,OMP,optimized,OMP (optimized),128,256,0.5,gaussian,gaussian,clean,0.0,2.2560129099685798e-20,1.502002966031885e-10,1.0,1.0,1,0.0011907400003110524,32,32.0,6.634095332459199e-10,target_sparsity_reached,0,0,0.00048654100464773364,1.0,True,,0,0,2.9057845286795394,0.0,0.0,0.0,0.0,0.0,0.0,0.0,10256.0,1024.0,0.0,256.0,8192.0,256.0,256.0,264.0,0.0,0.0,0.0,8.0,0.0,0.00014027598808752373,3.915400156984106e-05,0.00048654100464773364,0.00017136400492745452,0.00023103502098820172
24,32,gOMP,baseline,gOMP (baseline),128,256,0.5,gaussian,gaussian,clean,0.0,0.0003431303623653688,0.018523778296162176,0.9375,0.9375,0,0.0012723519976134412,11,32.0,0.0763081740627173,target_sparsity_reached,2,2,0.0005987150070723146,3.0,False,,0,0,2.903041327870953,0.0,0.0,0.0,0.0,0.0,0.0,0.0,5088.0,1024.0,2048.0,256.0,0.0,0.0,1576.0,96.0,0.0,0.0,0.0,88.0,0.0,5.251399852568284e-05,0.00012090498421457596,0.0005987150070723146,7.788599396008067e-05,0.0
24,32,gOMP,optimized,gOMP (optimized),128,256,0.5,gaussian,gaussian,clean,0.0,0.00034313036312839777,0.018523778316758107,0.9375,0.9375,0,0.0004308560019126162,11,32.0,0.07630817406271745,target_sparsity_reached,2,2,0.00016536500334041193,3.0,True,,0,0,2.903041327870953,0.0,0.0,0.0,0.0,0.0,0.0,0.0,1640.0,1024.0,0.0,256.0,0.0,0.0,256.0,96.0,0.0,0.0,0.0,8.0,0.0,4.4691005314234644e-05,7.443300637532957e-05,0.00016536500334041193,5.515900193131529e-05,0.0
24,32,Improved-gOMP,baseline,Improved-gOMP (baseline),128,256,0.5,gaussian,gaussian,clean,0.0,0.0007450973917872366,0.02729647214911181,0.90625,0.90625,0,0.007625395999639295,13,32.0,0.10712463313067266,target_sparsity_reached,3,3,0.0008713560018804856,17.846153846153847,False,,0,0,2.916734205724324,1.0,1.0,1.0,1.0,1.0,1.0,0.0,5504.0,1024.0,2048.0,0.0,0.0,0.0,1904.0,112.0,104.0,104.0,104.0,104.0,0.0,7.795599958626553e-05,0.005503094009327469,0.0007682909999857657,0.00010846200893865898,0.0002613620017655194
24,32,Improved-gOMP,optimized,Improved-gOMP (optimized),128,256,0.5,gaussian,gaussian,clean,0.0,0.00035638907872752285,0.018878270014159742,0.9375,0.9375,0,0.0024967250028566923,13,32.0,0.07544780640207076,target_sparsity_reached,2,2,0.0003315049907541834,0.0,True,,0,0,2.963144327215261,1.0,1.0,0.0,0.0,1.0,0.0,1.0,12000.0,1024.0,2048.0,0.0,8192.0,256.0,256.0,112.0,104.0,0.0,0.0,8.0,0.0,6.563998977071606e-05,0.0013623589984490536,0.0005577370029641315,9.097999645746313e-05,0.0001429579933756031
25,32,OMP,baseline,OMP (baseline),128,256,0.5,gaussian,gaussian,clean,0.0,1.45829474098503e-30,1.2075987499931548e-15,1.0,1.0,1,0.003128284999547759,32,32.0,6.318102002941546e-15,target_sparsity_reached,0,0,0.0015266090013028588,1.0,False,,0,0,2.821900991417125,0.0,0.0,0.0,0.0,0.0,0.0,0.0,7816.0,1024.0,2048.0,0.0,0.0,0.0,4224.0,264.0,0.0,0.0,0.0,256.0,0.0,0.00012889900244772434,0.00018494000687496737,0.0015266090013028588,0.00019184099073754624,0.0
25,32,OMP,optimized,OMP (optimized),128,256,0.5,gaussian,gaussian,clean,0.0,1.9726918039198232e-20,1.404525472862569e-10,1.0,1.0,1,0.001316853999014711,32,32.0,6.212550436411412e-10,target_sparsity_reached,0,0,0.0005132379992573988,1.0,True,,0,0,2.821900991417125,0.0,0.0,0.0,0.0,0.0,0.0,0.0,10256.0,1024.0,0.0,256.0,8192.0,256.0,256.0,264.0,0.0,0.0,0.0,8.0,0.0,0.0001206399938382674,4.194900975562632e-05,0.0005132379992573988,0.00018533500769990496,0.00031916099396767095
25,32,gOMP,baseline,gOMP (baseline),128,256,0.5,gaussian,gaussian,clean,0.0,2.570873738154187e-30,1.6033944424732758e-15,1.0,1.0,1,0.001390590001392411,11,32.0,8.816366470152701e-15,target_sparsity_reached,0,0,0.0006622659930144437,3.0,False,,0,0,2.821900991417126,0.0,0.0,0.0,0.0,0.0,0.0,0.0,5088.0,1024.0,2048.0,256.0,0.0,0.0,1576.0,96.0,0.0,0.0,0.0,88.0,0.0,5.351100116968155e-05,0.00012642900037462823,0.0006622659930144437,8.15010025689844e-05,0.0
25,32,gOMP,optimized,gOMP (optimized),128,256,0.5,gaussian,gaussian,clean,0.0,1.9726914108764235e-20,1.404525332942209e-10,1.0,1.0,1,0.0004330259980633855,11,32.0,6.212546992166326e-10,target_sparsity_reached,0,0,0.00017071900583687238,3.0,True,,0,0,2.821900991417126,0.0,0.0,0.0,0.0,0.0,0.0,0.0,1640.0,1024.0,0.0,256.0,0.0,0.0,256.0,96.0,0.0,0.0,0.0,8.0,0.0,3.906300480593927e-05,7.633500354131684e-05,0.00017071900583687238,5.6008004321483895e-05,0.0
25,32,Improved-gOMP,baseline,Improved-gOMP (baseline),128,256,0.5,gaussian,gaussian,clean,0.0,0.001943269556482223,0.04408253119413883,0.90625,0.90625,0,0.007428254000842571,13,32.0,0.18788512796577125,target_sparsity_reached,3,3,0.0007974590007506777,17.53846153846154,False,,0,0,2.8562921541722845,1.0,1.0,1.0,1.0,1.0,1.0,0.0,5504.0,1024.0,2048.0,0.0,0.0,0.0,1904.0,112.0,104.0,104.0,104.0,104.0,0.0,6.665199543931521e-05,0.005425038994872011,0.0006924999979673885,9.140599286183715e-05,0.0002707919993554242
25,32,Improved-gOMP,optimized,Improved-gOMP (optimized),128,256,0.5,gaussian,gaussian,clean,0.0,1.9726827802096648e-20,1.4045222604891902e-10,1.0,1.0,1,0.0028880030004074797,13,32.0,6.212535695443963e-10,residual_tol,0,0,0.0003571539928088896,0.0,True,,0,0,2.8219009914171256,1.0,1.0,0.0,0.0,1.0,0.0,1.0,12000.0,1024.0,2048.0,0.0,8192.0,256.0,256.0,112.0,104.0,0.0,0.0,8.0,0.0,7.078600174281746e-05,0.0016106289986055344,0.0006288770018727519,0.0001014829940686468,0.00016394501653849147
26,32,OMP,baseline,OMP (baseline),128,256,0.5,gaussian,gaussian,clean,0.0,1.825265601460311e-30,1.3510239085450379e-15,1.0,1.0,1,0.0032251269985863473,32,32.0,7.303732189513446e-15,target_sparsity_reached,0,0,0.0015292160023818724,1.0,False,,0,0,2.6796287800165204,0.0,0.0,0.0,0.0,0.0,0.0,0.0,7816.0,1024.0,2048.0,0.0,0.0,0.0,4224.0,264.0,0.0,0.0,0.0,256.0,0.0,0.00015947499559842981,0.00019794901163550094,0.0015292160023818724,0.000220487989281537,0.0
26,32,OMP,optimized,OMP (optimized),128,256,0.5,gaussian,gaussian,clean,0.0,2.0837426844145136e-20,1.4435174693832123e-10,1.0,1.0,1,0.0011709389982570428,32,32.0,6.242370326807557e-10,target_sparsity_reached,0,0,0.00047970999003155157,1.0,True,,0,0,2.6796287800165204,0.0,0.0,0.0,0.0,0.0,0.0,0.0,10256.0,1024.0,0.0,256.0,8192.0,256.0,256.0,264.0,0.0,0.0,0.0,8.0,0.0,0.0001283020101254806,4.566100687952712e-05,0.00047970999003155157,0.0001618509995751083,0.00022609900770476088
26,32,gOMP,baseline,gOMP (baseline),128,256,0.5,gaussian,gaussian,clean,0.0,0.001041231374026787,0.03226811698917039,0.96875,0.96875,0,0.001225453001097776,11,32.0,0.1423931173544659,target_sparsity_reached,1,1,0.0005734439910156652,3.0,False,,0,0,2.6641001078050266,0.0,0.0,0.0,0.0,0.0,0.0,0.0,5088.0,1024.0,2048.0,256.0,0.0,0.0,1576.0,96.0,0.0,0.0,0.0,88.0,0.0,5.161999797564931e-05,0.00010640400796546601,0.0005734439910156652,7.252200157381594e-05,0.0
26,32,gOMP,optimized,gOMP (optimized),128,256,0.5,gaussian,gaussian,clean,0.0,0.0010412313734953008,0.03226811698093492,0.96875,0.96875,0,0.00043277999793644994,11,32.0,0.1423931173544658,target_sparsity_reached,1,1,0.00016794300245237537,3.0,True,,0,0,2.6641001078050266,0.0,0.0,0.0,0.0,0.0,0.0,0.0,1640.0,1024.0,0.0,256.0,0.0,0.0,256.0,96.0,0.0,0.0,0.0,8.0,0.0,4.5001001126365736e-05,7.328799983952194e-05,0.00016794300245237537,5.5024996981956065e-05,0.0
26,32,Improved-gOMP,baseline,Improved-gOMP (baseline),128,256,0.5,gaussian,gaussian,clean,0.0,0.0022975934449370287,0.04793321859563604,0.9375,0.9375,0,0.008606375999079319,13,32.0,0.21693521812423402,target_sparsity_reached,2,2,0.0008762700017541647,17.384615384615383,False,,0,0,2.753466395068734,1.0,1.0,1.0,1.0,1.0,1.0,0.0,5504.0,1024.0,2048.0,0.0,0.0,0.0,1904.0,112.0,104.0,104.0,104.0,104.0,0.0,0.00010623701018630527,0.006248026998946443,0.0007688939913350623,0.00010178101001656614,0.0002680929974303581
26,32,Improved-gOMP,optimized,Improved-gOMP (optimized),128,256,0.5,gaussian,gaussian,clean,0.0,0.0010412313734952969,0.03226811698093486,0.96875,0.96875,0,0.0025084279986913316,13,32.0,0.14239311735446578,target_sparsity_reached,1,1,0.0003150280062982347,0.0,True,,0,0,2.664100107805026,1.0,1.0,0.0,0.0,1.0,0.0,1.0,12000.0,1024.0,2048.0,0.0,8192.0,256.0,256.0,112.0,104.0,0.0,0.0,8.0,0.0,6.214599125087261e-05,0.0013735419961449225,0.0005528729925572407,8.838200301397592e-05,0.00016037299792515114
27,32,OMP,baseline,OMP (baseline),128,256,0.5,gaussian,gaussian,clean,0.0,2.831903941031727e-30,1.6828261767133665e-15,1.0,1.0,1,0.003851195000606822,32,32.0,7.14257345218966e-15,target_sparsity_reached,0,0,0.001764223005011445,1.0,False,,0,0,2.67785383221124,0.0,0.0,0.0,0.0,0.0,0.0,0.0,7816.0,1024.0,2048.0,0.0,0.0,0.0,4224.0,264.0,0.0,0.0,0.0,256.0,0.0,0.00017013698379741982,0.00023916498685139231,0.001764223005011445,0.00023782700736774132,0.0
27,32,OMP,optimized,OMP (optimized),128,256,0.5,gaussian,gaussian,clean,0.0,2.0074385083984058e-20,1.4168410314493315e-10,1.0,1.0,1,0.0013799320004181936,32,32.0,5.180058714306662e-10,target_sparsity_reached,0,0,0.0006122240010881796,1.0,True,,0,0,2.67785383221124,0.0,0.0,0.0,0.0,0.0,0.0,0.0,10256.0,1024.0,0.0,256.0,8192.0,256.0,256.0,264.0,0.0,0.0,0.0,8.0,0.0,0.00011949300824198872,4.595400605467148e-05,0.0006122240010881796,0.00019518200497259386,0.00025646001085988246
27,32,gOMP,baseline,gOMP (baseline),128,256,0.5,gaussian,gaussian,clean,0.0,0.0006715382638979017,0.025914055334854514,0.90625,0.90625,0,0.001411723998899106,11,32.0,0.0880428254987609,target_sparsity_reached,3,3,0.0006582940040971152,3.0,False,,0,0,2.9722589924592904,0.0,0.0,0.0,0.0,0.0,0.0,0.0,5088.0,1024.0,2048.0,256.0,0.0,0.0,1576.0,96.0,0.0,0.0,0.0,88.0,0.0,5.409200457506813e-05,0.00012861500363214873,0.0006582940040971152,7.638000897713937e-05,0.0
27,32,gOMP,optimized,gOMP (optimized),128,256,0.5,gaussian,gaussian,clean,0.0,0.0006715382645269564,0.02591405534699184,0.90625,0.90625,0,0.00044550800157594495,11,32.0,0.08804282549876098,target_sparsity_reached,3,3,0.0001727760027279146,3.0,True,,0,0,2.9722589924592904,0.0,0.0,0.0,0.0,0.0,0.0,0.0,1640.0,1024.0,0.0,256.0,0.0,0.0,256.0,96.0,0.0,0.0,0.0,8.0,0.0,3.885699334205128e-05,7.888399341027252e-05,0.0001727760027279146,5.654699998558499e-05,0.0
27,32,Improved-gOMP,baseline,Improved-gOMP (baseline),128,256,0.5,gaussian,gaussian,clean,0.0,9.909721961601533e-12,3.147971086525658e-06,0.96875,0.96875,0,0.00751502400089521,13,32.0,1.0486899818932992e-05,target_sparsity_reached,1,1,0.0008278759960376192,18.076923076923077,False,,0,0,2.695050764028957,1.0,1.0,1.0,1.0,1.0,1.0,0.0,5504.0,1024.0,2048.0,0.0,0.0,0.0,1904.0,112.0,104.0,104.0,104.0,104.0,0.0,6.642699736403301e-05,0.005519092999747954,0.0007363270015048329,8.736699965083972e-05,0.00023858199710957706
27,32,Improved-gOMP,optimized,Improved-gOMP (optimized),128,256,0.5,gaussian,gaussian,clean,0.0,3.6244862231860184e-05,0.006020370605856435,0.9375,0.9375,0,0.003165230999002233,13,32.0,0.020985055937183146,target_sparsity_reached,2,2,0.0003188010086887516,0.0,True,,0,0,2.8131452794015024,1.0,1.0,0.0,0.0,1.0,0.0,1.0,12000.0,1024.0,2048.0,0.0,8192.0,256.0,256.0,112.0,104.0,0.0,0.0,8.0,0.0,5.3570998716168106e-05,0.0014201999947545119,0.00054290999105433,8.064900976023637e-05,0.0007897430150478613
28,32,OMP,baseline,OMP (baseline),128,256,0.5,gaussian,gaussian,clean,0.0,1.9628269707497214e-30,1.401009268616636e-15,1.0,1.0,1,0.00426675500057172,32,32.0,7.323712430536554e-15,target_sparsity_reached,0,0,0.0019199919952370692,1.0,False,,0,0,2.602031485180325,0.0,0.0,0.0,0.0,0.0,0.0,0.0,7816.0,1024.0,2048.0,0.0,0.0,0.0,4224.0,264.0,0.0,0.0,0.0,256.0,0.0,0.00026239700309815817,0.00035012999796890654,0.0019199919952370692,0.00035165599911124445,0.0
28,32,OMP,optimized,OMP (optimized),128,256,0.5,gaussian,gaussian,clean,0.0,1.926874050119923e-20,1.3881188890437025e-10,1.0,1.0,1,0.0014409800023713615,32,32.0,5.989721339790188e-10,target_sparsity_reached,0,0,0.0006573770042450633,1.0,True,,0,0,2.602031485180325,0.0,0.0,0.0,0.0,0.0,0.0,0.0,10256.0,1024.0,0.0,256.0,8192.0,256.0,256.0,264.0,0.0,0.0,0.0,8.0,0.0,0.00014125498637440614,4.383400664664805e-05,0.0006573770042450633,0.0001993260048038792,0.00025494001238257624
28,32,gOMP,baseline,gOMP (baseline),128,256,0.5,gaussian,gaussian,clean,0.0,1.084028334767174e-05,0.0032924585567128614,0.96875,0.96875,0,0.001235367999470327,11,32.0,0.013295182238943935,target_sparsity_reached,1,1,0.0005781790168839507,3.0,False,,0,0,2.7049945342382484,0.0,0.0,0.0,0.0,0.0,0.0,0.0,5088.0,1024.0,2048.0,256.0,0.0,0.0,1576.0,96.0,0.0,0.0,0.0,88.0,0.0,5.2953004342271015e-05,0.0001143709996540565,0.0005781790168839507,7.276400356204249e-05,0.0
28,32,gOMP,optimized,gOMP (optimized),128,256,0.5,gaussian,gaussian,clean,0.0,1.0840283405073394e-05,0.003292458565430003,0.96875,0.96875,0,0.0004426140003488399,11,32.0,0.013295182238943956,target_sparsity_reached,1,1,0.00016793898976175115,3.0,True,,0,0,2.7049945342382484,0.0,0.0,0.0,0.0,0.0,0.0,0.0,1640.0,1024.0,0.0,256.0,0.0,0.0,256.0,96.0,0.0,0.0,0.0,8.0,0.0,4.50590014224872e-05,7.813599586370401e-05,0.00016793898976175115,5.687600059900433e-05,0.0
28,32,Improved-gOMP,baseline,Improved-gOMP (baseline),128,256,0.5,gaussian,gaussian,clean,0.0,1.6979503094552933e-30,1.3030542235284354e-15,1.0,1.0,1,0.00885945100162644,14,32.0,7.439183591444789e-15,residual_tol,0,0,0.0008412829993176274,16.928571428571427,False,,0,0,2.6020314851803237,1.0,1.0,1.0,1.0,1.0,1.0,0.0,5728.0,1024.0,2048.0,0.0,0.0,0.0,2088.0,120.0,112.0,112.0,112.0,112.0,0.0,7.932999142212793e-05,0.006276635009271558,0.0007407080083794426,9.358000170323066e-05,0.0007623619967489503
28,32,Improved-gOMP,optimized,Improved-gOMP (optimized),128,256,0.5,gaussian,gaussian,clean,0.0,1.9268733940255137e-20,1.3881186527186764e-10,1.0,1.0,1,0.0031664369998907205,14,32.0,5.989718465257764e-10,residual_tol,0,0,0.00033998299841186963,0.0,True,,0,0,2.602031485180324,1.0,1.0,0.0,0.0,1.0,0.0,1.0,12016.0,1024.0,2048.0,0.0,8192.0,256.0,256.0,120.0,112.0,0.0,0.0,8.0,0.0,7.214200377347879e-05,0.0015254000027198344,0.0005730609918828122,9.797800157684833e-05,0.0005671840008290019
29,32,OMP,baseline,OMP (baseline),128,256,0.5,gaussian,gaussian,clean,0.0,3.861486987774246e-30,1.96506666242503e-15,1.0,1.0,1,0.0031148880007094704,32,32.0,8.319100064494977e-15,target_sparsity_reached,0,0,0.0014978980034356937,1.0,False,,0,0,2.7537342639770532,0.0,0.0,0.0,0.0,0.0,0.0,0.0,7816.0,1024.0,2048.0,0.0,0.0,0.0,4224.0,264.0,0.0,0.0,0.0,256.0,0.0,0.00014606500189984217,0.00019661700571305119,0.0014978980034356937,0.00019793799583567306,0.0
29,32,OMP,optimized,OMP (optimized),128,256,0.5,gaussian,gaussian,clean,0.0,2.5156211674492316e-20,1.5860709843664727e-10,1.0,1.0,1,0.0011320169978716876,32,32.0,5.969214402710136e-10,target_sparsity_reached,0,0,0.00046759499673498794,1.0,True,,0,0,2.7537342639770532,0.0,0.0,0.0,0.0,0.0,0.0,0.0,10256.0,1024.0,0.0,256.0,8192.0,256.0,256.0,264.0,0.0,0.0,0.0,8.0,0.0,0.00010822600233950652,3.783299689530395e-05,0.00046759499673498794,0.00016165999477379955,0.00023718501688563265
29,32,gOMP,baseline,gOMP (baseline),128,256,0.5,gaussian,gaussian,clean,0.0,2.835073045986342e-06,0.0016837675154208025,0.96875,0.96875,0,0.001202649000333622,11,32.0,0.006371411832908676,target_sparsity_reached,1,1,0.0005880090029677376,3.0,False,,0,0,2.8594044087480244,0.0,0.0,0.0,0.0,0.0,0.0,0.0,5088.0,1024.0,2048.0,256.0,0.0,0.0,1576.0,96.0,0.0,0.0,0.0,88.0,0.0,4.277300831745379e-05,0.00010242400094284676,0.0005880090029677376,6.751899854862131e-05,0.0
29,32,gOMP,optimized,gOMP (optimized),128,256,0.5,gaussian,gaussian,clean,0.0,2.8350730072051575e-06,0.001683767503904609,0.96875,0.96875,0,0.0006763950004824437,11,32.0,0.006371411832908726,target_sparsity_reached,1,1,0.00031038599627208896,3.0,True,,0,0,2.8594044087480244,0.0,0.0,0.0,0.0,0.0,0.0,0.0,1640.0,1024.0,0.0,256.0,0.0,0.0,256.0,96.0,0.0,0.0,0.0,8.0,0.0,4.891299977316521e-05,9.247200068784878e-05,0.00031038599627208896,9.901799785438925e-05,0.0
29,32,Improved-gOMP,baseline,Improved-gOMP (baseline),128,256,0.5,gaussian,gaussian,clean,0.0,0.005328694502730073,0.07299790752295625,0.84375,0.84375,0,0.007674445001612185,12,32.0,0.26434807273124006,target_sparsity_reached,5,5,0.0007800879902788438,19.083333333333332,False,,0,0,2.805945999581758,1.0,1.0,1.0,1.0,1.0,1.0,0.0,5320.0,1024.0,2048.0,0.0,0.0,0.0,1760.0,104.0,96.0,96.0,96.0,96.0,0.0,7.053500303300098e-05,0.0053627500019501895,0.000685950002662139,9.59310054895468e-05,0.0003990559926023707
29,32,Improved-gOMP,optimized,Improved-gOMP (optimized),128,256,0.5,gaussian,gaussian,clean,0.0,2.779253991491923e-06,0.0016671094719579525,0.96875,0.96875,0,0.003744264002307318,13,32.0,0.006446417084744235,target_sparsity_reached,1,1,0.0003739829953701701,0.0,True,,0,0,2.7718438835863517,1.0,1.0,0.0,0.0,1.0,0.0,1.0,12000.0,1024.0,2048.0,0.0,8192.0,256.0,256.0,112.0,104.0,0.0,0.0,8.0,0.0,7.510100840590894e-05,0.0017760949995135888,0.000675475996104069,0.00010520100477151573,0.0007554510048066732
0,36,OMP,baseline,OMP (baseline),128,256,0.5,gaussian,gaussian,clean,0.0,0.0001616001429014946,0.012712204486299556,0.9444444444444444,0.9444444444444444,0,0.004166603001067415,36,36.0,0.04696398702484876,target_sparsity_reached,2,2,0.0020773320029547904,1.0,False,,0,0,3.065227732926121,0.0,0.0,0.0,0.0,0.0,0.0,0.0,8984.0,1024.0,2048.0,0.0,0.0,0.0,5328.0,296.0,0.0,0.0,0.0,288.0,0.0,0.00019674600844155066,0.00022030600666766986,0.0020773320029547904,0.000245713978074491,0.0
0,36,OMP,optimized,OMP (optimized),128,256,0.5,gaussian,gaussian,clean,0.0,0.00016160014102566133,0.012712204412518755,0.9444444444444444,0.9444444444444444,0,0.001397192001604708,36,36.0,0.04696398702484879,target_sparsity_reached,2,2,0.0005890100183023605,1.0,True,,0,0,3.065227732926121,0.0,0.0,0.0,0.0,0.0,0.0,0.0,12528.0,1024.0,0.0,256.0,10368.0,288.0,288.0,296.0,0.0,0.0,0.0,8.0,0.0,0.00014903899500495754,4.3261010432615876e-05,0.0005890100183023605,0.00020505399515968747,0.000272279983619228
0,36,gOMP,baseline,gOMP (baseline),128,256,0.5,gaussian,gaussian,clean,0.0,0.0008736738400453321,0.02955797422093287,0.8888888888888888,0.8888888888888888,0,0.0015562869994028006,12,36.0,0.11794367060195035,target_sparsity_reached,4,4,0.0007764780020806938,3.0,False,,0,0,3.1927957448369426,0.0,0.0,0.0,0.0,0.0,0.0,0.0,5400.0,1024.0,2048.0,256.0,0.0,0.0,1872.0,104.0,0.0,0.0,0.0,96.0,0.0,5.8967008953914046e-05,0.00012112800686736591,0.0007764780020806938,8.912900011637248e-05,0.0
0,36,gOMP,optimized,gOMP (optimized),128,256,0.5,gaussian,gaussian,clean,0.0,0.0008736738391966755,0.029557974206577072,0.8888888888888888,0.8888888888888888,0,0.0004918220001854934,12,36.0,0.11794367060195027,target_sparsity_reached,4,4,0.0001983339971047826,3.0,True,,0,0,3.1927957448369426,0.0,0.0,0.0,0.0,0.0,0.0,0.0,1680.0,1024.0,0.0,256.0,0.0,0.0,288.0,104.0,0.0,0.0,0.0,8.0,0.0,4.90140009787865e-05,7.929200000944547e-05,0.0001983339971047826,6.289999873843044e-05,0.0
0,36,Improved-gOMP,baseline,Improved-gOMP (baseline),128,256,0.5,gaussian,gaussian,clean,0.0,0.00015942849425485415,0.01262649968339817,0.9444444444444444,0.9444444444444444,0,0.012457033997634426,15,36.0,0.048343560928756434,target_sparsity_reached,2,2,0.0011873940093209967,17.733333333333334,False,,0,0,3.0098945917154754,1.0,1.0,1.0,1.0,1.0,1.0,0.0,6208.0,1024.0,2048.0,0.0,0.0,0.0,2528.0,128.0,120.0,120.0,120.0,120.0,0.0,0.00010288000339642167,0.008879364002496004,0.0010781990058603697,0.00019149799845763482,0.0009202680048474576
0,36,Improved-gOMP,optimized,Improved-gOMP (optimized),128,256,0.5,gaussian,gaussian,clean,0.0,0.00015498239672974033,0.012449192613568975,0.9444444444444444,0.9444444444444444,0,0.00397387400153093,15,36.0,0.04737280683552087,target_sparsity_reached,2,2,0.00041396999586140737,0.0,True,,0,0,3.0392958928013103,1.0,1.0,0.0,0.0,1.0,0.0,1.0,14272.0,1024.0,2048.0,0.0,10368.0,288.0,288.0,128.0,120.0,0.0,0.0,8.0,0.0,7.590801396872848e-05,0.0017451229941798374,0.000728313003492076,0.00011983600052190013,0.0009757610059750732
1,36,OMP,baseline,OMP (baseline),128,256,0.5,gaussian,gaussian,clean,0.0,4.626526434111625e-30,2.150936176205985e-15,1.0,1.0,1,0.0049695999987307005,36,36.0,1.097073578745265e-14,target_sparsity_reached,0,0,0.002438492992951069,1.0,False,,0,0,2.8315665523539737,0.0,0.0,0.0,0.0,0.0,0.0,0.0,8984.0,1024.0,2048.0,0.0,0.0,0.0,5328.0,296.0,0.0,0.0,0.0,288.0,0.0,0.00020629700156860054,0.00027835299260914326,0.002438492992951069,0.0003475909979897551,0.0
1,36,OMP,optimized,OMP (optimized),128,256,0.5,gaussian,gaussian,clean,0.0,2.5877079409162063e-20,1.6086354282174088e-10,1.0,1.0,1,0.0017327489986200817,36,36.0,5.677468103823779e-10,target_sparsity_reached,0,0,0.0007110189908416942,1.0,True,,0,0,2.8315665523539737,0.0,0.0,0.0,0.0,0.0,0.0,0.0,12528.0,1024.0,0.0,256.0,10368.0,288.0,288.0,296.0,0.0,0.0,0.0,8.0,0.0,0.00018723901303019375,5.754900848842226e-05,0.0007110189908416942,0.00025754898888408206,0.00035887299964088015
1,36,gOMP,baseline,gOMP (baseline),128,256,0.5,gaussian,gaussian,clean,0.0,0.00033738873685123914,0.018368144621905586,0.9444444444444444,0.9444444444444444,0,0.0017238660002476536,12,36.0,0.0641351373048363,target_sparsity_reached,2,2,0.0008190029984689318,3.0,False,,0,0,2.9525618748071145,0.0,0.0,0.0,0.0,0.0,0.0,0.0,5400.0,1024.0,2048.0,256.0,0.0,0.0,1872.0,104.0,0.0,0.0,0.0,96.0,0.0,6.449100328609347e-05,0.00014250900494516827,0.0008190029984689318,8.703000276000239e-05,0.0
1,36,gOMP,optimized,gOMP (optimized),128,256,0.5,gaussian,gaussian,clean,0.0,0.0003373887368319592,0.018368144621380766,0.9444444444444444,0.9444444444444444,0,0.000604393000685377,12,36.0,0.06413513730483629,target_sparsity_reached,2,2,0.00022499199621961452,3.0,True,,0,0,2.9525618748071145,0.0,0.0,0.0,0.0,0.0,0.0,0.0,1680.0,1024.0,0.0,256.0,0.0,0.0,288.0,104.0,0.0,0.0,0.0,8.0,0.0,4.567999712890014e-05,0.00011357699986547232,0.00022499199621961452,7.298000855371356e-05,0.0
1,36,Improved-gOMP,baseline,Improved-gOMP (baseline),128,256,0.5,gaussian,gaussian,clean,0.0,0.0015396942027286454,0.039238937329247915,0.8888888888888888,0.8888888888888888,0,0.009817409001698252,15,36.0,0.15238381900581532,target_sparsity_reached,4,4,0.0011759210101445206,17.4,False,,0,0,3.0281093053237957,1.0,1.0,1.0,1.0,1.0,1.0,0.0,6128.0,1024.0,2048.0,0.0,0.0,0.0,2448.0,128.0,120.0,120.0,120.0,120.0,0.0,8.433998664258979e-05,0.007084154007316101,0.0010594239975034725,0.00012942599641974084,0.00031444400156033225
1,36,Improved-gOMP,optimized,Improved-gOMP (optimized),128,256,0.5,gaussian,gaussian,clean,0.0,2.587711827104631e-20,1.6086366361315505e-10,1.0,1.0,1,0.004120748002605978,16,36.0,5.677471617085351e-10,residual_tol,0,0,0.00047689500206615776,0.0,True,,0,0,2.8315665523539737,1.0,1.0,0.0,0.0,1.0,0.0,1.0,14288.0,1024.0,2048.0,0.0,10368.0,288.0,288.0,136.0,128.0,0.0,0.0,8.0,0.0,7.406600707327016e-05,0.0019938059958803933,0.0007796020036039408,0.0001137650033342652,0.000756797002395615
2,36,OMP,baseline,OMP (baseline),128,256,0.5,gaussian,gaussian,clean,0.0,0.00012232798642589895,0.011060198299573972,0.9722222222222222,0.9722222222222222,0,0.004236368997226236,36,36.0,0.046076373269090184,target_sparsity_reached,1,1,0.0021784190030302852,1.0,False,,0,0,3.079336238526422,0.0,0.0,0.0,0.0,0.0,0.0,0.0,8984.0,1024.0,2048.0,0.0,0.0,0.0,5328.0,296.0,0.0,0.0,0.0,288.0,0.0,0.00019011499171028845,0.00022125200484879315,0.0021784190030302852,0.00025810100487433374,0.0
2,36,OMP,optimized,OMP (optimized),128,256,0.5,gaussian,gaussian,clean,0.0,0.00012232798616519455,0.01106019828778827,0.9722222222222222,0.9722222222222222,0,0.0016827860017656349,36,36.0,0.046076373269090205,target_sparsity_reached,1,1,0.0007180159991548862,1.0,True,,0,0,3.079336238526422,0.0,0.0,0.0,0.0,0.0,0.0,0.0,12528.0,1024.0,0.0,256.0,10368.0,288.0,288.0,296.0,0.0,0.0,0.0,8.0,0.0,0.00017518400272820145,5.408899232861586e-05,0.0007180159991548862,0.0002444019919494167,0.0003224580104870256
2,36,gOMP,baseline,gOMP (baseline),128,256,0.5,gaussian,gaussian,clean,0.0,0.001265624826055123,0.03557562123217419,0.9444444444444444,0.9444444444444444,0,0.0016155479970620945,12,36.0,0.15478382941244026,target_sparsity_reached,2,2,0.000808999000582844,3.0,False,,0,0,3.0610216192395163,0.0,0.0,0.0,0.0,0.0,0.0,0.0,5400.0,1024.0,2048.0,256.0,0.0,0.0,1872.0,104.0,0.0,0.0,0.0,96.0,0.0,6.106600994826294e-05,0.00012871899889432825,0.000808999000582844,9.323099220637232e-05,0.0
2,36,gOMP,optimized,gOMP (optimized),128,256,0.5,gaussian,gaussian,clean,0.0,0.001265624824184028,0.035575621205876755,0.9444444444444444,0.9444444444444444,0,0.0005018589981773403,12,36.0,0.15478382941244023,target_sparsity_reached,2,2,0.00019520800196914934,3.0,True,,0,0,3.0610216192395163,0.0,0.0,0.0,0.0,0.0,0.0,0.0,1680.0,1024.0,0.0,256.0,0.0,0.0,288.0,104.0,0.0,0.0,0.0,8.0,0.0,5.038399831391871e-05,8.6061998445075e-05,0.00019520800196914934,6.34340030956082e-05,0.0
2,36,Improved-gOMP,baseline,Improved-gOMP (baseline),128,256,0.5,gaussian,gaussian,clean,0.0,0.0007377941674262784,0.027162366749351543,0.9444444444444444,0.9444444444444444,0,0.011963980996370083,15,36.0,0.1157072611539424,target_sparsity_reached,2,2,0.00112188500497723,17.533333333333335,False,,0,0,3.0620202359095563,1.0,1.0,1.0,1.0,1.0,1.0,0.0,6208.0,1024.0,2048.0,0.0,0.0,0.0,2528.0,128.0,120.0,120.0,120.0,120.0,0.0,9.510900054010563e-05,0.008751874993322417,0.001016157999401912,0.00011471699326648377,0.0008331019926117733
2,36,Improved-gOMP,optimized,Improved-gOMP (optimized),128,256,0.5,gaussian,gaussian,clean,0.0,5.221689544206065e-30,2.28510164855003e-15,1.0,1.0,1,0.004258083998138318,15,36.0,1.4328498365447415e-14,residual_tol,0,0,0.0005098069959785789,0.0,True,,0,0,2.9754076788111057,1.0,1.0,0.0,0.0,1.0,0.0,1.0,14272.0,1024.0,2048.0,0.0,10368.0,288.0,288.0,128.0,120.0,0.0,0.0,8.0,0.0,8.676099969306961e-05,0.0019470100014586933,0.0008132469956763089,0.00014335700689116493,0.0009057950010173954
3,36,OMP,baseline,OMP (baseline),128,256,0.5,gaussian,gaussian,clean,0.0,1.9537499656383224e-30,1.3977660625577953e-15,1.0,1.0,1,0.004043680997710908,36,36.0,8.31088619232478e-15,target_sparsity_reached,0,0,0.002012360990192974,1.0,False,,0,0,2.9581284913879498,0.0,0.0,0.0,0.0,0.0,0.0,0.0,8984.0,1024.0,2048.0,0.0,0.0,0.0,5328.0,296.0,0.0,0.0,0.0,288.0,0.0,0.00016256998787866905,0.00022739199266652577,0.002012360990192974,0.00022561799778486602,0.0
3,36,OMP,optimized,OMP (optimized),128,256,0.5,gaussian,gaussian,clean,0.0,4.526719275010257e-20,2.127608816256e-10,1.0,1.0,1,0.001540369001304498,36,36.0,9.51943635836756e-10,target_sparsity_reached,0,0,0.0006466770173574332,1.0,True,,0,0,2.9581284913879498,0.0,0.0,0.0,0.0,0.0,0.0,0.0,12528.0,1024.0,0.0,256.0,10368.0,288.0,288.0,296.0,0.0,0.0,0.0,8.0,0.0,0.00013963600940769538,4.5085002057021484e-05,0.0006466770173574332,0.0002272140045533888,0.0003021000047738198
3,36,gOMP,baseline,gOMP (baseline),128,256,0.5,gaussian,gaussian,clean,0.0,2.0398783513917332e-30,1.4282430995428379e-15,1.0,1.0,1,0.0024276359981740825,12,36.0,8.419063229986776e-15,target_sparsity_reached,0,0,0.0011654400041152257,3.0,False,,0,0,2.9581284913879493,0.0,0.0,0.0,0.0,0.0,0.0,0.0,5400.0,1024.0,2048.0,256.0,0.0,0.0,1872.0,104.0,0.0,0.0,0.0,96.0,0.0,0.00012389100447762758,0.00021886299873585813,0.0011654400041152257,0.00014585000099032186,0.0
3,36,gOMP,optimized,gOMP (optimized),128,256,0.5,gaussian,gaussian,clean,0.0,4.5267178363795145e-20,2.127608478169683e-10,1.0,1.0,1,0.0006672189992968924,12,36.0,9.519436680361753e-10,target_sparsity_reached,0,0,0.0002492439962225035,3.0,True,,0,0,2.9581284913879493,0.0,0.0,0.0,0.0,0.0,0.0,0.0,1680.0,1024.0,0.0,256.0,0.0,0.0,288.0,104.0,0.0,0.0,0.0,8.0,0.0,7.834700591047294e-05,0.00013323700477485545,0.0002492439962225035,7.714698949712329e-05,0.0
3,36,Improved-gOMP,baseline,Improved-gOMP (baseline),128,256,0.5,gaussian,gaussian,clean,0.0,0.0017994904459908633,0.0424204012945524,0.8888888888888888,0.8888888888888888,0,0.009659598999860464,14,36.0,0.2323371877153561,target_sparsity_reached,4,4,0.0010189029962930363,18.214285714285715,False,,0,0,3.4648173943429743,1.0,1.0,1.0,1.0,1.0,1.0,0.0,5944.0,1024.0,2048.0,0.0,0.0,0.0,2304.0,120.0,112.0,112.0,112.0,112.0,0.0,8.428598448517732e-05,0.007079971994244261,0.0008953120013757143,9.20570055313874e-05,0.0002912019917857833
3,36,Improved-gOMP,optimized,Improved-gOMP (optimized),128,256,0.5,gaussian,gaussian,clean,0.0,4.5267198647064307e-20,2.1276089548379023e-10,1.0,1.0,1,0.00366070000018226,15,36.0,9.51943839964786e-10,residual_tol,0,0,0.0003984950053563807,0.0,True,,0,0,2.9581284913879493,1.0,1.0,0.0,0.0,1.0,0.0,1.0,14272.0,1024.0,2048.0,0.0,10368.0,288.0,288.0,128.0,120.0,0.0,0.0,8.0,0.0,7.069300045259297e-05,0.001769147998857079,0.0006921679887454957,0.00011578199701034464,0.0006686140077363234
4,36,OMP,baseline,OMP (baseline),128,256,0.5,gaussian,gaussian,clean,0.0,0.0006647532879908091,0.025782809932022713,0.9722222222222222,0.9722222222222222,0,0.004048048998811282,36,36.0,0.09846541922003536,target_sparsity_reached,1,1,0.001983960988582112,1.0,False,,0,0,2.9510329967516498,0.0,0.0,0.0,0.0,0.0,0.0,0.0,8984.0,1024.0,2048.0,0.0,0.0,0.0,5328.0,296.0,0.0,0.0,0.0,288.0,0.0,0.0001908049925987143,0.00022895999427419156,0.001983960988582112,0.00025908801035257056,0.0
4,36,OMP,optimized,OMP (optimized),128,256,0.5,gaussian,gaussian,clean,0.0,0.0006647532876545468,0.025782809925501658,0.9722222222222222,0.9722222222222222,0,0.0014099969994276762,36,36.0,0.09846541922003535,target_sparsity_reached,1,1,0.0006181470016599633,1.0,True,,0,0,2.9510329967516498,0.0,0.0,0.0,0.0,0.0,0.0,0.0,12528.0,1024.0,0.0,256.0,10368.0,288.0,288.0,296.0,0.0,0.0,0.0,8.0,0.0,0.00014865399862173945,4.095299664186314e-05,0.0006181470016599633,0.000192873012565542,0.0002588509851193521
4,36,gOMP,baseline,gOMP (baseline),128,256,0.5,gaussian,gaussian,clean,0.0,2.0144563190133897e-30,1.419315440278654e-15,1.0,1.0,1,0.0015017670011729933,12,36.0,6.425404514899347e-15,target_sparsity_reached,0,0,0.0007327750136028044,3.0,False,,0,0,2.9573527275399436,0.0,0.0,0.0,0.0,0.0,0.0,0.0,5400.0,1024.0,2048.0,256.0,0.0,0.0,1872.0,104.0,0.0,0.0,0.0,96.0,0.0,5.8528996305540204e-05,0.00012504300320870243,0.0007327750136028044,8.32210062071681e-05,0.0
4,36,gOMP,optimized,gOMP (optimized),128,256,0.5,gaussian,gaussian,clean,0.0,1.7032860673940113e-20,1.3051000219883575e-10,1.0,1.0,1,0.0005545710009755567,12,36.0,5.918567977209528e-10,target_sparsity_reached,0,0,0.00022971500584390014,3.0,True,,0,0,2.9573527275399436,0.0,0.0,0.0,0.0,0.0,0.0,0.0,1680.0,1024.0,0.0,256.0,0.0,0.0,288.0,104.0,0.0,0.0,0.0,8.0,0.0,5.229400267126039e-05,9.016400872496888e-05,0.00022971500584390014,7.265798922162503e-05,0.0
4,36,Improved-gOMP,baseline,Improved-gOMP (baseline),128,256,0.5,gaussian,gaussian,clean,0.0,0.0014585795076866041,0.03819135383416781,0.9444444444444444,0.9444444444444444,0,0.009768268002517289,15,36.0,0.15153810052300773,target_sparsity_reached,2,2,0.0010546029916440602,17.533333333333335,False,,0,0,3.1752626408030387,1.0,1.0,1.0,1.0,1.0,1.0,0.0,6128.0,1024.0,2048.0,0.0,0.0,0.0,2448.0,128.0,120.0,120.0,120.0,120.0,0.0,9.532499825581908e-05,0.007201640997664072,0.0009318760021415073,0.00011119700138806365,0.00029651900695171207
4,36,Improved-gOMP,optimized,Improved-gOMP (optimized),128,256,0.5,gaussian,gaussian,clean,0.0,0.0014822653891379055,0.03850019985841509,0.9444444444444444,0.9444444444444444,0,0.0031307899989769794,15,36.0,0.15039112100344346,target_sparsity_reached,2,2,0.0004067209993081633,0.0,True,,0,0,2.9995249175316006,1.0,1.0,0.0,0.0,1.0,0.0,1.0,14272.0,1024.0,2048.0,0.0,10368.0,288.0,288.0,128.0,120.0,0.0,0.0,8.0,0.0,7.694300802540965e-05,0.0017087300075218081,0.0007002949932939373,0.00011609800276346505,0.00016301099458360113
5,36,OMP,baseline,OMP (baseline),128,256,0.5,gaussian,gaussian,clean,0.0,2.5328836446272997e-30,1.5915035798348994e-15,1.0,1.0,1,0.004012828001577873,36,36.0,1.1526235909338808e-14,target_sparsity_reached,0,0,0.002014198005781509,1.0,False,,0,0,2.9054264610861558,0.0,0.0,0.0,0.0,0.0,0.0,0.0,8984.0,1024.0,2048.0,0.0,0.0,0.0,5328.0,296.0,0.0,0.0,0.0,288.0,0.0,0.00015628498658770695,0.0002236419968539849,0.002014198005781509,0.00023321400294662453,0.0
5,36,OMP,optimized,OMP (optimized),128,256,0.5,gaussian,gaussian,clean,0.0,1.7121429968145167e-20,1.3084888218148891e-10,1.0,1.0,1,0.0014241200005926657,36,36.0,8.123268464231673e-10,target_sparsity_reached,0,0,0.000609471997449873,1.0,True,,0,0,2.9054264610861558,0.0,0.0,0.0,0.0,0.0,0.0,0.0,12528.0,1024.0,0.0,256.0,10368.0,288.0,288.0,296.0,0.0,0.0,0.0,8.0,0.0,0.00012427799447323196,4.6361008571693674e-05,0.000609471997449873,0.00020336800298537128,0.00027531299929250963
5,36,gOMP,baseline,gOMP (baseline),128,256,0.5,gaussian,gaussian,clean,0.0,0.0002028874849165352,0.01424385779613568,0.9444444444444444,0.9444444444444444,0,0.0014482629994745366,12,36.0,0.07331754269138872,target_sparsity_reached,2,2,0.0007081089970597532,3.0,False,,0,0,2.811231798828339,0.0,0.0,0.0,0.0,0.0,0.0,0.0,5400.0,1024.0,2048.0,256.0,0.0,0.0,1872.0,104.0,0.0,0.0,0.0,96.0,0.0,5.119300476508215e-05,0.00011169900244567543,0.0007081089970597532,7.42839984013699e-05,0.0
5,36,gOMP,optimized,gOMP (optimized),128,256,0.5,gaussian,gaussian,clean,0.0,0.00020288748495678356,0.014243857797548514,0.9444444444444444,0.9444444444444444,0,0.0005334579982445575,12,36.0,0.07331754269138861,target_sparsity_reached,2,2,0.00021413600552477874,3.0,True,,0,0,2.811231798828339,0.0,0.0,0.0,0.0,0.0,0.0,0.0,1680.0,1024.0,0.0,256.0,0.0,0.0,288.0,104.0,0.0,0.0,0.0,8.0,0.0,4.6818997361697257e-05,8.6606993136229e-05,0.00021413600552477874,6.866600233479403e-05,0.0
5,36,Improved-gOMP,baseline,Improved-gOMP (baseline),128,256,0.5,gaussian,gaussian,clean,0.0,2.403111551011273e-30,1.5501972619674159e-15,1.0,1.0,1,0.010253218999423552,15,36.0,1.2373525127547878e-14,residual_tol,0,0,0.001132706009229878,17.733333333333334,False,,0,0,2.9054264610861558,1.0,1.0,1.0,1.0,1.0,1.0,0.0,6128.0,1024.0,2048.0,0.0,0.0,0.0,2448.0,128.0,120.0,120.0,120.0,120.0,0.0,0.00011254999844823033,0.007389260001218645,0.0010183480044361204,0.00015251999502652325,0.00028026099971611984
5,36,Improved-gOMP,optimized,Improved-gOMP (optimized),128,256,0.5,gaussian,gaussian,clean,0.0,7.221161051401543e-05,0.00849774149489236,0.9722222222222222,0.9722222222222222,0,0.00410226000167313,15,36.0,0.04321421958137266,target_sparsity_reached,1,1,0.0005016809882363304,0.0,True,,0,0,2.771759644739296,1.0,1.0,0.0,0.0,1.0,0.0,1.0,14272.0,1024.0,2048.0,0.0,10368.0,288.0,288.0,128.0,120.0,0.0,0.0,8.0,0.0,8.501199044985697e-05,0.0023652030031371396,0.0008790660067461431,0.0001619060021766927,0.0001799669989850372
6,36,OMP,baseline,OMP (baseline),128,256,0.5,gaussian,gaussian,clean,0.0,8.473360254633056e-05,0.009205085689244318,0.9722222222222222,0.9722222222222222,0,0.004561927999020554,36,36.0,0.03064471377804977,target_sparsity_reached,1,1,0.002170152001781389,1.0,False,,0,0,2.910117188761255,0.0,0.0,0.0,0.0,0.0,0.0,0.0,8984.0,1024.0,2048.0,0.0,0.0,0.0,5328.0,296.0,0.0,0.0,0.0,288.0,0.0,0.00021967398788547143,0.0002608960021461826,0.002170152001781389,0.0003630909923231229,0.0
6,36,OMP,optimized,OMP (optimized),128,256,0.5,gaussian,gaussian,clean,0.0,8.473360294349078e-05,0.009205085710817188,0.9722222222222222,0.9722222222222222,0,0.0014881200004310813,36,36.0,0.030644713778049865,target_sparsity_reached,1,1,0.0005998580018058419,1.0,True,,0,0,2.910117188761255,0.0,0.0,0.0,0.0,0.0,0.0,0.0,12528.0,1024.0,0.0,256.0,10368.0,288.0,288.0,296.0,0.0,0.0,0.0,8.0,0.0,0.00015048000204842538,5.181101005291566e-05,0.0005998580018058419,0.00024149599994416349,0.0002965540006698575
6,36,gOMP,baseline,gOMP (baseline),128,256,0.5,gaussian,gaussian,clean,0.0,8.473360254632725e-05,0.00920508568924414,0.9722222222222222,0.9722222222222222,0,0.0014729560025443789,12,36.0,0.030644713778049903,target_sparsity_reached,1,1,0.0007170549906732049,3.0,False,,0,0,2.9101171887612542,0.0,0.0,0.0,0.0,0.0,0.0,0.0,5400.0,1024.0,2048.0,256.0,0.0,0.0,1872.0,104.0,0.0,0.0,0.0,96.0,0.0,6.0330003179842606e-05,0.0001127660034399014,0.0007170549906732049,8.479400275973603e-05,0.0
6,36,gOMP,optimized,gOMP (optimized),128,256,0.5,gaussian,gaussian,clean,0.0,8.47336029434889e-05,0.009205085710817086,0.9722222222222222,0.9722222222222222,0,0.0005096759996376932,12,36.0,0.030644713778049868,target_sparsity_reached,1,1,0.00019574700127122924,3.0,True,,0,0,2.9101171887612542,0.0,0.0,0.0,0.0,0.0,0.0,0.0,1680.0,1024.0,0.0,256.0,0.0,0.0,288.0,104.0,0.0,0.0,0.0,8.0,0.0,5.235999924479984e-05,8.720100231585093e-05,0.00019574700127122924,6.310199751169421e-05,0.0
6,36,Improved-gOMP,baseline,Improved-gOMP (baseline),128,256,0.5,gaussian,gaussian,clean,0.0,0.022353513988045894,0.14951091594945798,0.75,0.75,0,0.010468309999851044,14,36.0,0.46141756409662354,target_sparsity_reached,9,9,0.0010877979948418215,18.142857142857142,False,,0,0,3.4313337545869693,1.0,1.0,1.0,1.0,1.0,1.0,0.0,6000.0,1024.0,2048.0,0.0,0.0,0.0,2360.0,120.0,112.0,112.0,112.0,112.0,0.0,8.284999421448447e-05,0.007315068993193563,0.0009815650118980557,0.00012628399781533517,0.0008584720017097425
6,36,Improved-gOMP,optimized,Improved-gOMP (optimized),128,256,0.5,gaussian,gaussian,clean,0.0,3.860168344599073e-30,1.9647311125441755e-15,1.0,1.0,1,0.0038992570007394534,15,36.0,8.444611074470795e-15,residual_tol,0,0,0.0004027599861728959,0.0,True,,0,0,2.8635890731967506,1.0,1.0,0.0,0.0,1.0,0.0,1.0,14272.0,1024.0,2048.0,0.0,10368.0,288.0,288.0,128.0,120.0,0.0,0.0,8.0,0.0,7.788500442984514e-05,0.001796798995201243,0.0006949280032131355,0.00010731300790212117,0.0008858120017976034
7,36,OMP,baseline,OMP (baseline),128,256,0.5,gaussian,gaussian,clean,0.0,2.798579235405119e-30,1.6728954645778435e-15,1.0,1.0,1,0.0040978940014611,36,36.0,8.26883271772128e-15,target_sparsity_reached,0,0,0.0020625160104827955,1.0,False,,0,0,2.740872865594991,0.0,0.0,0.0,0.0,0.0,0.0,0.0,8984.0,1024.0,2048.0,0.0,0.0,0.0,5328.0,296.0,0.0,0.0,0.0,288.0,0.0,0.00016058799155871384,0.00023723899721517228,0.0020625160104827955,0.0002342610059713479,0.0
7,36,OMP,optimized,OMP (optimized),128,256,0.5,gaussian,gaussian,clean,0.0,1.87328564459987e-20,1.368680256524463e-10,1.0,1.0,1,0.0013156519999029115,36,36.0,6.318901605276385e-10,target_sparsity_reached,0,0,0.0005584570062637795,1.0,True,,0,0,2.740872865594991,0.0,0.0,0.0,0.0,0.0,0.0,0.0,12528.0,1024.0,0.0,256.0,10368.0,288.0,288.0,296.0,0.0,0.0,0.0,8.0,0.0,0.00011757699394365773,4.8809994041221216e-05,0.0005584570062637795,0.00018889999046223238,0.0002682050035218708
7,36,gOMP,baseline,gOMP (baseline),128,256,0.5,gaussian,gaussian,clean,0.0,0.000420888783152058,0.020515574160916334,0.9722222222222222,0.9722222222222222,0,0.0016210759968089405,12,36.0,0.0860711049798755,target_sparsity_reached,1,1,0.0007748600110062398,3.0,False,,0,0,2.7704848072427186,0.0,0.0,0.0,0.0,0.0,0.0,0.0,5400.0,1024.0,2048.0,256.0,0.0,0.0,1872.0,104.0,0.0,0.0,0.0,96.0,0.0,5.6129993026843295e-05,0.0001277070005016867,0.0007748600110062398,7.988900324562564e-05,0.0
7,36,gOMP,optimized,gOMP (optimized),128,256,0.5,gaussian,gaussian,clean,0.0,0.00042088878347822524,0.020515574168865593,0.9722222222222222,0.9722222222222222,0,0.0005157980012882035,12,36.0,0.08607110497987552,target_sparsity_reached,1,1,0.0002086079985019751,3.0,True,,0,0,2.7704848072427186,0.0,0.0,0.0,0.0,0.0,0.0,0.0,1680.0,1024.0,0.0,256.0,0.0,0.0,288.0,104.0,0.0,0.0,0.0,8.0,0.0,4.5598997530760244e-05,9.018099444801919e-05,0.0002086079985019751,6.626800677622668e-05,0.0
7,36,Improved-gOMP,baseline,Improved-gOMP (baseline),128,256,0.5,gaussian,gaussian,clean,0.0,0.0023936789570756217,0.04892523844679371,0.9166666666666666,0.9166666666666666,0,0.010173687001952203,15,36.0,0.20487608455195,target_sparsity_reached,3,3,0.001093011989723891,17.4,False,,0,0,3.134182344249795,1.0,1.0,1.0,1.0,1.0,1.0,0.0,6128.0,1024.0,2048.0,0.0,0.0,0.0,2448.0,128.0,120.0,120.0,120.0,120.0,0.0,0.0001247809996129945,0.007372533000307158,0.0009865899992291816,0.00010943598681478761,0.00026996699307346717
7,36,Improved-gOMP,optimized,Improved-gOMP (optimized),128,256,0.5,gaussian,gaussian,clean,0.0,0.00042088878347823055,0.02051557416886572,0.9722222222222222,0.9722222222222222,0,0.002948771998489974,15,36.0,0.08607110497987537,target_sparsity_reached,1,1,0.0003763229942705948,0.0,True,,0,0,2.770484807242717,1.0,1.0,0.0,0.0,1.0,0.0,1.0,14272.0,1024.0,2048.0,0.0,10368.0,288.0,288.0,128.0,120.0,0.0,0.0,8.0,0.0,6.337000377243385e-05,0.0016475280099257361,0.0006631719988945406,9.540700557408854e-05,0.00016808699001558125
8,36,OMP,baseline,OMP (baseline),128,256,0.5,gaussian,gaussian,clean,0.0,3.308786366541387e-30,1.81900697264782e-15,1.0,1.0,1,0.005253463001281489,36,36.0,1.0027174677256055e-14,target_sparsity_reached,0,0,0.002664412015292328,1.0,False,,0,0,3.137046043599377,0.0,0.0,0.0,0.0,0.0,0.0,0.0,8984.0,1024.0,2048.0,0.0,0.0,0.0,5328.0,296.0,0.0,0.0,0.0,288.0,0.0,0.00026111199986189604,0.0003017530070792418,0.002664412015292328,0.0003263829930801876,0.0
8,36,OMP,optimized,OMP (optimized),128,256,0.5,gaussian,gaussian,clean,0.0,2.5898462808993683e-20,1.609299935033668e-10,1.0,1.0,1,0.0014673650002805516,36,36.0,7.471863682724498e-10,target_sparsity_reached,0,0,0.0005851290006830823,1.0,True,,0,0,3.137046043599377,0.0,0.0,0.0,0.0,0.0,0.0,0.0,12528.0,1024.0,0.0,256.0,10368.0,288.0,288.0,296.0,0.0,0.0,0.0,8.0,0.0,0.00014392301090992987,4.4210006308276206e-05,0.0005851290006830823,0.00019170399173162878,0.00026842200168175623
8,36,gOMP,baseline,gOMP (baseline),128,256,0.5,gaussian,gaussian,clean,0.0,7.87922102296154e-05,0.00887649763305412,0.9722222222222222,0.9722222222222222,0,0.0015882869993220083,12,36.0,0.03994270148861555,target_sparsity_reached,1,1,0.0007676829955016728,3.0,False,,0,0,3.1292373100533992,0.0,0.0,0.0,0.0,0.0,0.0,0.0,5400.0,1024.0,2048.0,256.0,0.0,0.0,1872.0,104.0,0.0,0.0,0.0,96.0,0.0,6.369799666572362e-05,0.00012140300896135159,0.0007676829955016728,9.552400297252461e-05,0.0
8,36,gOMP,optimized,gOMP (optimized),128,256,0.5,gaussian,gaussian,clean,0.0,7.879221024031893e-05,0.008876497633657035,0.9722222222222222,0.9722222222222222,0,0.0005833969989907928,12,36.0,0.039942701488615645,target_sparsity_reached,1,1,0.00024141200628946535,3.0,True,,0,0,3.1292373100533992,0.0,0.0,0.0,0.0,0.0,0.0,0.0,1680.0,1024.0,0.0,256.0,0.0,0.0,288.0,104.0,0.0,0.0,0.0,8.0,0.0,5.389799480326474e-05,9.903600584948435e-05,0.00024141200628946535,7.22820041119121e-05,0.0
8,36,Improved-gOMP,baseline,Improved-gOMP (baseline),128,256,0.5,gaussian,gaussian,clean,0.0,0.0001921727390755576,0.013862638243695087,0.9444444444444444,0.9444444444444444,0,0.01124997499937308,15,36.0,0.06269741310583808,target_sparsity_reached,2,2,0.0011264579989074264,17.4,False,,0,0,3.280752743667375,1.0,1.0,1.0,1.0,1.0,1.0,0.0,6208.0,1024.0,2048.0,0.0,0.0,0.0,2528.0,128.0,120.0,120.0,120.0,120.0,0.0,9.168799806502648e-05,0.00796344500122359,0.0009541420004097745,0.00010455899609951302,0.0010109339964401443
8,36,Improved-gOMP,optimized,Improved-gOMP (optimized),128,256,0.5,gaussian,gaussian,clean,0.0,7.706330589796469e-05,0.008778570834592879,0.9722222222222222,0.9722222222222222,0,0.004613854998751776,15,36.0,0.04033841618647414,target_sparsity_reached,1,1,0.0005155759972694796,0.0,True,,0,0,3.191923783630983,1.0,1.0,0.0,0.0,1.0,0.0,1.0,14272.0,1024.0,2048.0,0.0,10368.0,288.0,288.0,128.0,120.0,0.0,0.0,8.0,0.0,8.361200161743909e-05,0.00196810700072092,0.0010680950035748538,0.00012757000513374805,0.0009992400046030525
9,36,OMP,baseline,OMP (baseline),128,256,0.5,gaussian,gaussian,clean,0.0,2.5404271785679656e-30,1.593871757252749e-15,1.0,1.0,1,0.003927264999219915,36,36.0,1.1149064406204272e-14,target_sparsity_reached,0,0,0.001983233989449218,1.0,False,,0,0,2.9235594835999064,0.0,0.0,0.0,0.0,0.0,0.0,0.0,8984.0,1024.0,2048.0,0.0,0.0,0.0,5328.0,296.0,0.0,0.0,0.0,288.0,0.0,0.00015498399807256646,0.00021164898862480186,0.001983233989449218,0.0002236929867649451,0.0
9,36,OMP,optimized,OMP (optimized),128,256,0.5,gaussian,gaussian,clean,0.0,2.2997262365998763e-20,1.516484829004193e-10,1.0,1.0,1,0.0013518489977286663,36,36.0,8.118503756483855e-10,target_sparsity_reached,0,0,0.0005881599827262107,1.0,True,,0,0,2.9235594835999064,0.0,0.0,0.0,0.0,0.0,0.0,0.0,12528.0,1024.0,0.0,256.0,10368.0,288.0,288.0,296.0,0.0,0.0,0.0,8.0,0.0,0.000123356996482471,4.296300539863296e-05,0.0005881599827262107,0.00019472298299660906,0.0002636110002640635
9,36,gOMP,baseline,gOMP (baseline),128,256,0.5,gaussian,gaussian,clean,0.0,3.596632738259015e-05,0.005997193292081734,0.9722222222222222,0.9722222222222222,0,0.0014449099980993196,12,36.0,0.033237217697841256,target_sparsity_reached,1,1,0.0007135440064303111,3.0,False,,0,0,2.983229272413118,0.0,0.0,0.0,0.0,0.0,0.0,0.0,5400.0,1024.0,2048.0,256.0,0.0,0.0,1872.0,104.0,0.0,0.0,0.0,96.0,0.0,5.045700163464062e-05,0.0001111879937525373,0.0007135440064303111,7.371500396402553e-05,0.0
9,36,gOMP,optimized,gOMP (optimized),128,256,0.5,gaussian,gaussian,clean,0.0,3.59663274128836e-05,0.00599719329460737,0.9722222222222222,0.9722222222222222,0,0.0005924529978074133,12,36.0,0.033237217697841416,target_sparsity_reached,1,1,0.00024664800002938136,3.0,True,,0,0,2.983229272413118,0.0,0.0,0.0,0.0,0.0,0.0,0.0,1680.0,1024.0,0.0,256.0,0.0,0.0,288.0,104.0,0.0,0.0,0.0,8.0,0.0,4.9225993279833347e-05,0.00010690400813473389,0.00024664800002938136,7.315899347304367e-05,0.0
9,36,Improved-gOMP,baseline,Improved-gOMP (baseline),128,256,0.5,gaussian,gaussian,clean,0.0,0.0007543060622578006,0.027464632935063973,0.9166666666666666,0.9166666666666666,0,0.012321809001150541,15,36.0,0.12654510715605516,target_sparsity_reached,3,3,0.0012516860042524058,17.666666666666668,False,,0,0,3.3023572094181874,1.0,1.0,1.0,1.0,1.0,1.0,0.0,6208.0,1024.0,2048.0,0.0,0.0,0.0,2528.0,128.0,120.0,120.0,120.0,120.0,0.0,9.378800314152613e-05,0.008869612000125926,0.0011517069942783564,0.00011293499483144842,0.0008289660072478
9,36,Improved-gOMP,optimized,Improved-gOMP (optimized),128,256,0.5,gaussian,gaussian,clean,0.0,2.2997276430329932e-20,1.5164852927189875e-10,1.0,1.0,1,0.003111355003056815,15,36.0,8.118503907289344e-10,residual_tol,0,0,0.00039258400283870287,0.0,True,,0,0,2.923559483599907,1.0,1.0,0.0,0.0,1.0,0.0,1.0,14272.0,1024.0,2048.0,0.0,10368.0,288.0,288.0,128.0,120.0,0.0,0.0,8.0,0.0,6.411700451280922e-05,0.0017680640012258664,0.000662674992781831,9.518999286228791e-05,0.00019540200810297392
10,36,OMP,baseline,OMP (baseline),128,256,0.5,gaussian,gaussian,clean,0.0,8.819912464320411e-30,2.9698337435486877e-15,1.0,1.0,1,0.004227427001751494,36,36.0,1.6241396879780883e-14,target_sparsity_reached,0,0,0.002066890989226522,1.0,False,,0,0,2.9866647847487493,0.0,0.0,0.0,0.0,0.0,0.0,0.0,8984.0,1024.0,2048.0,0.0,0.0,0.0,5328.0,296.0,0.0,0.0,0.0,288.0,0.0,0.00019288301700726151,0.00024875100280041806,0.002066890989226522,0.0002676719923329074,0.0
10,36,OMP,optimized,OMP (optimized),128,256,0.5,gaussian,gaussian,clean,0.0,2.4614740083039936e-20,1.568908540452245e-10,1.0,1.0,1,0.0022168060022522695,36,36.0,7.475271115106733e-10,target_sparsity_reached,0,0,0.0008813519962131977,1.0,True,,0,0,2.9866647847487493,0.0,0.0,0.0,0.0,0.0,0.0,0.0,12528.0,1024.0,0.0,256.0,10368.0,288.0,288.0,296.0,0.0,0.0,0.0,8.0,0.0,0.00021664299492840655,7.210300100268796e-05,0.0008813519962131977,0.00040888200237532146,0.0004186999976809602
10,36,gOMP,baseline,gOMP (baseline),128,256,0.5,gaussian,gaussian,clean,0.0,0.0006201032140460339,0.024901871697646225,0.9166666666666666,0.9166666666666666,0,0.0017895660021167714,12,36.0,0.11865847925590751,target_sparsity_reached,3,3,0.0008730010049475823,3.0,False,,0,0,3.117722147037275,0.0,0.0,0.0,0.0,0.0,0.0,0.0,5400.0,1024.0,2048.0,256.0,0.0,0.0,1872.0,104.0,0.0,0.0,0.0,96.0,0.0,6.647799455095083e-05,0.00014251899483497255,0.0008730010049475823,0.00011239000741625205,0.0
10,36,gOMP,optimized,gOMP (optimized),128,256,0.5,gaussian,gaussian,clean,0.0,0.0006201032142551424,0.02490187170184487,0.9166666666666666,0.9166666666666666,0,0.0005230850001680665,12,36.0,0.11865847925590742,target_sparsity_reached,3,3,0.00021062699670437723,3.0,True,,0,0,3.117722147037275,0.0,0.0,0.0,0.0,0.0,0.0,0.0,1680.0,1024.0,0.0,256.0,0.0,0.0,288.0,104.0,0.0,0.0,0.0,8.0,0.0,5.1524999435059726e-05,8.637700011604466e-05,0.00021062699670437723,6.730099994456396e-05,0.0
10,36,Improved-gOMP,baseline,Improved-gOMP (baseline),128,256,0.5,gaussian,gaussian,clean,0.0,1.54114006365141e-29,3.925735680928366e-15,1.0,1.0,1,0.011467018997791456,16,36.0,1.9698560447586754e-14,residual_tol,0,0,0.001094024999474641,16.6875,False,,0,0,2.98666478474875,1.0,1.0,1.0,1.0,1.0,1.0,0.0,6368.0,1024.0,2048.0,0.0,0.0,0.0,2648.0,136.0,128.0,128.0,128.0,128.0,0.0,9.267198765883222e-05,0.008318140997289447,0.0009884719947876874,0.00012723801046377048,0.0008226350000768434
10,36,Improved-gOMP,optimized,Improved-gOMP (optimized),128,256,0.5,gaussian,gaussian,clean,0.0,2.4614678519145544e-20,1.5689065784534638e-10,1.0,1.0,1,0.004875770999205997,16,36.0,7.475256760201125e-10,residual_tol,0,0,0.0005082370043965057,0.0,True,,0,0,2.9866647847487497,1.0,1.0,0.0,0.0,1.0,0.0,1.0,14288.0,1024.0,2048.0,0.0,10368.0,288.0,288.0,136.0,128.0,0.0,0.0,8.0,0.0,0.00011456098945927806,0.0024714620049053337,0.0008782900040387176,0.0001721259941405151,0.0007724809911451302
11,36,OMP,baseline,OMP (baseline),128,256,0.5,gaussian,gaussian,clean,0.0,2.4478085062435865e-30,1.5645473806323626e-15,1.0,1.0,1,0.0043939860006503295,36,36.0,7.779091180633022e-15,target_sparsity_reached,0,0,0.0021857079955225345,1.0,False,,0,0,2.8286165704422537,0.0,0.0,0.0,0.0,0.0,0.0,0.0,8984.0,1024.0,2048.0,0.0,0.0,0.0,5328.0,296.0,0.0,0.0,0.0,288.0,0.0,0.00017176799519802444,0.0002431150060147047,0.0021857079955225345,0.0002954099945782218,0.0
11,36,OMP,optimized,OMP (optimized),128,256,0.5,gaussian,gaussian,clean,0.0,2.4311470300904092e-20,1.5592135934792287e-10,1.0,1.0,1,0.0014521570010401774,36,36.0,6.811442355636268e-10,target_sparsity_reached,0,0,0.0006345280016830657,1.0,True,,0,0,2.8286165704422537,0.0,0.0,0.0,0.0,0.0,0.0,0.0,12528.0,1024.0,0.0,256.0,10368.0,288.0,288.0,296.0,0.0,0.0,0.0,8.0,0.0,0.00012656900071306154,4.695700772572309e-05,0.0006345280016830657,0.00020556498930091038,0.0002960019919555634
11,36,gOMP,baseline,gOMP (baseline),128,256,0.5,gaussian,gaussian,clean,0.0,1.829975297247599e-30,1.352765795416043e-15,1.0,1.0,1,0.0015247990013449453,12,36.0,9.618968937639803e-15,target_sparsity_reached,0,0,0.0007139480039768387,3.0,False,,0,0,2.828616570442255,0.0,0.0,0.0,0.0,0.0,0.0,0.0,5400.0,1024.0,2048.0,256.0,0.0,0.0,1872.0,104.0,0.0,0.0,0.0,96.0,0.0,5.048899765824899e-05,0.00011632200767053291,0.0007139480039768387,0.00013921099889557809,0.0
11,36,gOMP,optimized,gOMP (optimized),128,256,0.5,gaussian,gaussian,clean,0.0,2.4311597758188102e-20,1.5592176807036311e-10,1.0,1.0,1,0.0005036269976699259,12,36.0,6.811464409755082e-10,target_sparsity_reached,0,0,0.00019863500347128138,3.0,True,,0,0,2.828616570442255,0.0,0.0,0.0,0.0,0.0,0.0,0.0,1680.0,1024.0,0.0,256.0,0.0,0.0,288.0,104.0,0.0,0.0,0.0,8.0,0.0,4.2724001104943454e-05,8.787200204096735e-05,0.00019863500347128138,6.406500688171946e-05,0.0
11,36,Improved-gOMP,baseline,Improved-gOMP (baseline),128,256,0.5,gaussian,gaussian,clean,0.0,0.0016216656464394974,0.04026990993830874,0.8888888888888888,0.8888888888888888,0,0.00916274300107034,14,36.0,0.15783709628893833,target_sparsity_reached,4,4,0.0010374539997428656,18.571428571428573,False,,0,0,2.907493127494552,1.0,1.0,1.0,1.0,1.0,1.0,0.0,5944.0,1024.0,2048.0,0.0,0.0,0.0,2304.0,120.0,112.0,112.0,112.0,112.0,0.0,7.679899499635212e-05,0.006572033002157696,0.000875189001817489,9.738699372974224e-05,0.00041369400059920736
11,36,Improved-gOMP,optimized,Improved-gOMP (optimized),128,256,0.5,gaussian,gaussian,clean,0.0,2.4311506822233166e-20,1.5592147646245904e-10,1.0,1.0,1,0.003742206001334125,15,36.0,6.811448705307144e-10,residual_tol,0,0,0.0003955670035793446,0.0,True,,0,0,2.828616570442254,1.0,1.0,0.0,0.0,1.0,0.0,1.0,14272.0,1024.0,2048.0,0.0,10368.0,288.0,288.0,128.0,120.0,0.0,0.0,8.0,0.0,6.49110006634146e-05,0.0018228629996883683,0.0006972820046939887,0.00010096999903908,0.0007281670041265897
12,36,OMP,baseline,OMP (baseline),128,256,0.5,gaussian,gaussian,clean,0.0,0.00017138646294365085,0.013091465271070723,0.9444444444444444,0.9444444444444444,0,0.003950401998736197,36,36.0,0.06283651267446799,target_sparsity_reached,2,2,0.0019581239903345704,1.0,False,,0,0,2.9776283110975106,0.0,0.0,0.0,0.0,0.0,0.0,0.0,8984.0,1024.0,2048.0,0.0,0.0,0.0,5328.0,296.0,0.0,0.0,0.0,288.0,0.0,0.00017522699636174366,0.00021735000336775556,0.0019581239903345704,0.0002478290116414428,0.0
12,36,OMP,optimized,OMP (optimized),128,256,0.5,gaussian,gaussian,clean,0.0,0.00017138646273672225,0.013091465263167536,0.9444444444444444,0.9444444444444444,0,0.0018356900000071619,36,36.0,0.06283651267446777,target_sparsity_reached,2,2,0.0007954779975989368,1.0,True,,0,0,2.9776283110975106,0.0,0.0,0.0,0.0,0.0,0.0,0.0,12528.0,1024.0,0.0,256.0,10368.0,288.0,288.0,296.0,0.0,0.0,0.0,8.0,0.0,0.00017159799972432666,5.441800385597162e-05,0.0007954779975989368,0.00025857999207801186,0.0003637069858086761
12,36,gOMP,baseline,gOMP (baseline),128,256,0.5,gaussian,gaussian,clean,0.0,0.0008957770758699476,0.029929535176309495,0.9166666666666666,0.9166666666666666,0,0.0015751250030007213,12,36.0,0.16863648165479928,target_sparsity_reached,3,3,0.0007581500067317393,3.0,False,,0,0,3.0686853000261034,0.0,0.0,0.0,0.0,0.0,0.0,0.0,5400.0,1024.0,2048.0,256.0,0.0,0.0,1872.0,104.0,0.0,0.0,0.0,96.0,0.0,6.0970003687543795e-05,0.00012423899897839874,0.0007581500067317393,0.00010478099648025818,0.0
12,36,gOMP,optimized,gOMP (optimized),128,256,0.5,gaussian,gaussian,clean,0.0,0.0008957770754424748,0.029929535169168176,0.9166666666666666,0.9166666666666666,0,0.000517232998390682,12,36.0,0.1686364816547993,target_sparsity_reached,3,3,0.00020163399312878028,3.0,True,,0,0,3.0686853000261034,0.0,0.0,0.0,0.0,0.0,0.0,0.0,1680.0,1024.0,0.0,256.0,0.0,0.0,288.0,104.0,0.0,0.0,0.0,8.0,0.0,5.0476995966164395e-05,8.409700603806414e-05,0.00020163399312878028,7.542100865975954e-05,0.0
12,36,Improved-gOMP,baseline,Improved-gOMP (baseline),128,256,0.5,gaussian,gaussian,clean,0.0,0.0015968031633759514,0.03996001956175636,0.8888888888888888,0.8888888888888888,0,0.009639724001317518,15,36.0,0.19307276009952526,target_sparsity_reached,4,4,0.00105742799496511,17.6,False,,0,0,3.033652544467278,1.0,1.0,1.0,1.0,1.0,1.0,0.0,6128.0,1024.0,2048.0,0.0,0.0,0.0,2448.0,128.0,120.0,120.0,120.0,120.0,0.0,8.897400402929634e-05,0.0071386519994121045,0.0009393139989697374,0.00011080900367232971,0.0002940009981102776
12,36,Improved-gOMP,optimized,Improved-gOMP (optimized),128,256,0.5,gaussian,gaussian,clean,0.0,1.04674810483144e-05,0.003235348674921205,0.9722222222222222,0.9722222222222222,0,0.0039111119986046106,16,36.0,0.017068387662768834,target_sparsity_reached,1,1,0.000395044990000315,0.0,True,,0,0,2.8405589305375893,1.0,1.0,0.0,0.0,1.0,0.0,1.0,14288.0,1024.0,2048.0,0.0,10368.0,288.0,288.0,136.0,128.0,0.0,0.0,8.0,0.0,7.78889843786601e-05,0.0017355929921905044,0.0006752680128556676,0.00011043900667573325,0.0009604340048099402
13,36,OMP,baseline,OMP (baseline),128,256,0.5,gaussian,gaussian,clean,0.0,2.8849772041328572e-30,1.698522064658819e-15,1.0,1.0,1,0.004655815999285551,36,36.0,9.120148605502245e-15,target_sparsity_reached,0,0,0.0022080199923948385,1.0,False,,0,0,2.9033298334821045,0.0,0.0,0.0,0.0,0.0,0.0,0.0,8984.0,1024.0,2048.0,0.0,0.0,0.0,5328.0,296.0,0.0,0.0,0.0,288.0,0.0,0.00021190501138335094,0.0002512539977033157,0.0022080199923948385,0.00026700001035351306,0.0
13,36,OMP,optimized,OMP (optimized),128,256,0.5,gaussian,gaussian,clean,0.0,1.9917029450766585e-20,1.4112770617694664e-10,1.0,1.0,1,0.0014003840005898383,36,36.0,6.290870139175085e-10,target_sparsity_reached,0,0,0.0006040810076228809,1.0,True,,0,0,2.9033298334821045,0.0,0.0,0.0,0.0,0.0,0.0,0.0,12528.0,1024.0,0.0,256.0,10368.0,288.0,288.0,296.0,0.0,0.0,0.0,8.0,0.0,0.00013300399587024003,5.6267002946697176e-05,0.0006040810076228809,0.00019160000010742806,0.0002752720029093325
13,36,gOMP,baseline,gOMP (baseline),128,256,0.5,gaussian,gaussian,clean,0.0,3.651633281278239e-30,1.9109247188935096e-15,1.0,1.0,1,0.001465826997446129,12,36.0,1.0451899976537468e-14,target_sparsity_reached,0,0,0.0007241680032166187,3.0,False,,0,0,2.9033298334821027,0.0,0.0,0.0,0.0,0.0,0.0,0.0,5400.0,1024.0,2048.0,256.0,0.0,0.0,1872.0,104.0,0.0,0.0,0.0,96.0,0.0,4.730100044980645e-05,0.00012135999713791534,0.0007241680032166187,7.671299681533128e-05,0.0
13,36,gOMP,optimized,gOMP (optimized),128,256,0.5,gaussian,gaussian,clean,0.0,1.9917046827533877e-20,1.411277677409158e-10,1.0,1.0,1,0.0004826930016861297,12,36.0,6.290877033078977e-10,target_sparsity_reached,0,0,0.00019023599816136993,3.0,True,,0,0,2.9033298334821027,0.0,0.0,0.0,0.0,0.0,0.0,0.0,1680.0,1024.0,0.0,256.0,0.0,0.0,288.0,104.0,0.0,0.0,0.0,8.0,0.0,4.143500336795114e-05,8.216300193453208e-05,0.00019023599816136993,6.164200749481097e-05,0.0
13,36,Improved-gOMP,baseline,Improved-gOMP (baseline),128,256,0.5,gaussian,gaussian,clean,0.0,0.0002079659682796663,0.014421025215970822,0.9444444444444444,0.9444444444444444,0,0.009961533000023337,15,36.0,0.05397795958394119,target_sparsity_reached,2,2,0.0011104260083811823,18.0,False,,0,0,2.788780382691956,1.0,1.0,1.0,1.0,1.0,1.0,0.0,6128.0,1024.0,2048.0,0.0,0.0,0.0,2448.0,128.0,120.0,120.0,120.0,120.0,0.0,8.593899474362843e-05,0.007386764009424951,0.0009544139938952867,9.825500819715671e-05,0.00034177400448243134
13,36,Improved-gOMP,optimized,Improved-gOMP (optimized),128,256,0.5,gaussian,gaussian,clean,0.0,1.99169966364211e-20,1.4112758991926808e-10,1.0,1.0,1,0.002952691000245977,15,36.0,6.290864386885065e-10,residual_tol,0,0,0.00039448600364266895,0.0,True,,0,0,2.9033298334821027,1.0,1.0,0.0,0.0,1.0,0.0,1.0,14272.0,1024.0,2048.0,0.0,10368.0,288.0,288.0,128.0,120.0,0.0,0.0,8.0,0.0,6.365399895003065e-05,0.0016313890082528815,0.0006616900027438533,0.00010181800098507665,0.00017193699386552908
14,36,OMP,baseline,OMP (baseline),128,256,0.5,gaussian,gaussian,clean,0.0,5.102598745416978e-05,0.007143247682543969,0.9444444444444444,0.9444444444444444,0,0.003960806003306061,36,36.0,0.02824318913020196,target_sparsity_reached,2,2,0.001987200004805345,1.0,False,,0,0,2.9667725916293124,0.0,0.0,0.0,0.0,0.0,0.0,0.0,8984.0,1024.0,2048.0,0.0,0.0,0.0,5328.0,296.0,0.0,0.0,0.0,288.0,0.0,0.00017752701751305722,0.00021333799304557033,0.001987200004805345,0.00024365300487261266,0.0
14,36,OMP,optimized,OMP (optimized),128,256,0.5,gaussian,gaussian,clean,0.0,5.1025987417785686e-05,0.007143247679997221,0.9444444444444444,0.9444444444444444,0,0.0014963609974074643,36,36.0,0.028243189130201917,target_sparsity_reached,2,2,0.0006517179936054163,1.0,True,,0,0,2.9667725916293124,0.0,0.0,0.0,0.0,0.0,0.0,0.0,12528.0,1024.0,0.0,256.0,10368.0,288.0,288.0,296.0,0.0,0.0,0.0,8.0,0.0,0.00015563198394374922,4.24499849032145e-05,0.0006517179936054163,0.0002051029950962402,0.00028794200261472724
14,36,gOMP,baseline,gOMP (baseline),128,256,0.5,gaussian,gaussian,clean,0.0,0.0003759400738216616,0.019389174139752875,0.9166666666666666,0.9166666666666666,0,0.0014667279974673875,12,36.0,0.0741327130091907,target_sparsity_reached,3,3,0.0007070699939504266,3.0,False,,0,0,2.9953194125909115,0.0,0.0,0.0,0.0,0.0,0.0,0.0,5400.0,1024.0,2048.0,256.0,0.0,0.0,1872.0,104.0,0.0,0.0,0.0,96.0,0.0,5.819600119139068e-05,0.0001139939995482564,0.0007070699939504266,8.567101031076163e-05,0.0
14,36,gOMP,optimized,gOMP (optimized),128,256,0.5,gaussian,gaussian,clean,0.0,0.00037594007451930615,0.019389174157743442,0.9166666666666666,0.9166666666666666,0,0.0004999600023438688,12,36.0,0.07413271300919064,target_sparsity_reached,3,3,0.0001972660029423423,3.0,True,,0,0,2.9953194125909115,0.0,0.0,0.0,0.0,0.0,0.0,0.0,1680.0,1024.0,0.0,256.0,0.0,0.0,288.0,104.0,0.0,0.0,0.0,8.0,0.0,5.1716000598389655e-05,8.192798486561514e-05,0.0001972660029423423,6.388499969034456e-05,0.0
14,36,Improved-gOMP,baseline,Improved-gOMP (baseline),128,256,0.5,gaussian,gaussian,clean,0.0,1.7477932568803273e-05,0.004180661738146639,0.9722222222222222,0.9722222222222222,0,0.009688907000963809,15,36.0,0.016481771645497228,target_sparsity_reached,1,1,0.001085143998352578,17.6,False,,0,0,2.9414624601672434,1.0,1.0,1.0,1.0,1.0,1.0,0.0,6128.0,1024.0,2048.0,0.0,0.0,0.0,2448.0,128.0,120.0,120.0,120.0,120.0,0.0,9.555700307828374e-05,0.00713491900023655,0.0009633120062062517,0.00010614999700919725,0.0003125909970549401
14,36,Improved-gOMP,optimized,Improved-gOMP (optimized),128,256,0.5,gaussian,gaussian,clean,0.0,1.7363340149572845e-05,0.004166934142696864,0.9722222222222222,0.9722222222222222,0,0.003864160000375705,15,36.0,0.01686610094037983,target_sparsity_reached,1,1,0.00038665499960188754,0.0,True,,0,0,2.9986396752999753,1.0,1.0,0.0,0.0,1.0,0.0,1.0,14272.0,1024.0,2048.0,0.0,10368.0,288.0,288.0,128.0,120.0,0.0,0.0,8.0,0.0,7.556999480584636e-05,0.0017431579981348477,0.0006535340035043191,0.0001078529967344366,0.0009460869987378828
15,36,OMP,baseline,OMP (baseline),128,256,0.5,gaussian,gaussian,clean,0.0,2.6910368464085738e-30,1.6404380044392331e-15,1.0,1.0,1,0.0040489959974365775,36,36.0,8.402585090510506e-15,target_sparsity_reached,0,0,0.0020303479905123822,1.0,False,,0,0,2.7025368229165867,0.0,0.0,0.0,0.0,0.0,0.0,0.0,8984.0,1024.0,2048.0,0.0,0.0,0.0,5328.0,296.0,0.0,0.0,0.0,288.0,0.0,0.00015658498887205496,0.00022603102479479276,0.0020303479905123822,0.0002281010092701763,0.0
15,36,OMP,optimized,OMP (optimized),128,256,0.5,gaussian,gaussian,clean,0.0,3.1381997434853054e-20,1.771496470074187e-10,1.0,1.0,1,0.0017061750004359055,36,36.0,6.68167097145818e-10,target_sparsity_reached,0,0,0.0007219330109364819,1.0,True,,0,0,2.7025368229165867,0.0,0.0,0.0,0.0,0.0,0.0,0.0,12528.0,1024.0,0.0,256.0,10368.0,288.0,288.0,296.0,0.0,0.0,0.0,8.0,0.0,0.00015095799244591035,5.395299740484916e-05,0.0007219330109364819,0.00031878799200057983,0.0003077020119235385
15,36,gOMP,baseline,gOMP (baseline),128,256,0.5,gaussian,gaussian,clean,0.0,4.06319706419799e-08,0.00020157373500032168,0.9722222222222222,0.9722222222222222,0,0.0014932279991626274,12,36.0,0.0008589783045332219,target_sparsity_reached,1,1,0.0007313489986700006,3.0,False,,0,0,2.7409015021881684,0.0,0.0,0.0,0.0,0.0,0.0,0.0,5400.0,1024.0,2048.0,256.0,0.0,0.0,1872.0,104.0,0.0,0.0,0.0,96.0,0.0,5.19050081493333e-05,0.00011968799663009122,0.0007313489986700006,7.750100121484138e-05,0.0
15,36,gOMP,optimized,gOMP (optimized),128,256,0.5,gaussian,gaussian,clean,0.0,4.0631966989466876e-08,0.000201573725940329,0.9722222222222222,0.9722222222222222,0,0.0005363769996620249,12,36.0,0.0008589783045335333,target_sparsity_reached,1,1,0.00021261499205138534,3.0,True,,0,0,2.7409015021881684,0.0,0.0,0.0,0.0,0.0,0.0,0.0,1680.0,1024.0,0.0,256.0,0.0,0.0,288.0,104.0,0.0,0.0,0.0,8.0,0.0,4.2079998820554465e-05,8.816199988359585e-05,0.00021261499205138534,6.842799484729767e-05,0.0
15,36,Improved-gOMP,baseline,Improved-gOMP (baseline),128,256,0.5,gaussian,gaussian,clean,0.0,4.121599949498915e-08,0.00020301723940342888,0.9722222222222222,0.9722222222222222,0,0.010290235997672426,16,36.0,0.0008571818223686182,target_sparsity_reached,1,1,0.001099954988603713,17.0625,False,,0,0,2.8311405347636756,1.0,1.0,1.0,1.0,1.0,1.0,0.0,6264.0,1024.0,2048.0,0.0,0.0,0.0,2544.0,136.0,128.0,128.0,128.0,128.0,0.0,8.366500333067961e-05,0.0076977499993517995,0.0009866130021691788,0.00011376000111340545,0.0002757780021056533
15,36,Improved-gOMP,optimized,Improved-gOMP (optimized),128,256,0.5,gaussian,gaussian,clean,0.0,4.076083519774341e-08,0.00020189312815879448,0.9722222222222222,0.9722222222222222,0,0.0031649199991079513,16,36.0,0.0008576252333778668,target_sparsity_reached,1,1,0.0003926939971279353,0.0,True,,0,0,2.6857005415761472,1.0,1.0,0.0,0.0,1.0,0.0,1.0,14288.0,1024.0,2048.0,0.0,10368.0,288.0,288.0,136.0,128.0,0.0,0.0,8.0,0.0,0.00010422700142953545,0.0017780070011212956,0.0006632409931626171,9.94950023596175e-05,0.00016463098654639907
16,36,OMP,baseline,OMP (baseline),128,256,0.5,gaussian,gaussian,clean,0.0,2.3729595672976262e-07,0.000487130328279571,0.9722222222222222,0.9722222222222222,0,0.004911307998554548,36,36.0,0.0020007630253774523,target_sparsity_reached,1,1,0.002437368002574658,1.0,False,,0,0,2.6828709288441663,0.0,0.0,0.0,0.0,0.0,0.0,0.0,8984.0,1024.0,2048.0,0.0,0.0,0.0,5328.0,296.0,0.0,0.0,0.0,288.0,0.0,0.00019105901446891949,0.00023708199660177343,0.002437368002574658,0.00033041901406249963,0.0
16,36,OMP,optimized,OMP (optimized),128,256,0.5,gaussian,gaussian,clean,0.0,2.3729594902357262e-07,0.0004871303203697883,0.9722222222222222,0.9722222222222222,0,0.001955440002348041,36,36.0,0.002000763025377553,target_sparsity_reached,1,1,0.000826626994239632,1.0,True,,0,0,2.6828709288441663,0.0,0.0,0.0,0.0,0.0,0.0,0.0,12528.0,1024.0,0.0,256.0,10368.0,288.0,288.0,296.0,0.0,0.0,0.0,8.0,0.0,0.00017288700473727658,6.513100743177347e-05,0.000826626994239632,0.00023137500829761848,0.0004961119957442861
16,36,gOMP,baseline,gOMP (baseline),128,256,0.5,gaussian,gaussian,clean,0.0,5.9848669451563785e-05,0.007736192180366501,0.9444444444444444,0.9444444444444444,0,0.0015401960008603055,12,36.0,0.03053044420529664,target_sparsity_reached,2,2,0.0007471670032828115,3.0,False,,0,0,2.8374823181136866,0.0,0.0,0.0,0.0,0.0,0.0,0.0,5400.0,1024.0,2048.0,256.0,0.0,0.0,1872.0,104.0,0.0,0.0,0.0,96.0,0.0,6.852600199636072e-05,0.00012801599223166704,0.0007471670032828115,8.653998884255998e-05,0.0
16,36,gOMP,optimized,gOMP (optimized),128,256,0.5,gaussian,gaussian,clean,0.0,5.984866979747185e-05,0.007736192202722981,0.9444444444444444,0.9444444444444444,0,0.0004896020000160206,12,36.0,0.030530444205296704,target_sparsity_reached,2,2,0.00018958600048790686,3.0,True,,0,0,2.8374823181136866,0.0,0.0,0.0,0.0,0.0,0.0,0.0,1680.0,1024.0,0.0,256.0,0.0,0.0,288.0,104.0,0.0,0.0,0.0,8.0,0.0,4.8616999265505e-05,8.282799535663798e-05,0.00018958600048790686,6.199400377226993e-05,0.0
16,36,Improved-gOMP,baseline,Improved-gOMP (baseline),128,256,0.5,gaussian,gaussian,clean,0.0,2.4180446294121723e-07,0.0004917361720894826,0.9722222222222222,0.9722222222222222,0,0.011055580001993803,15,36.0,0.001988731949388038,target_sparsity_reached,1,1,0.001119343996833777,17.733333333333334,False,,0,0,2.7397801773102914,1.0,1.0,1.0,1.0,1.0,1.0,0.0,6208.0,1024.0,2048.0,0.0,0.0,0.0,2528.0,128.0,120.0,120.0,120.0,120.0,0.0,8.995501048048027e-05,0.0076398749952204525,0.0009963599986804184,0.00011026700303773396,0.000983292000455549
16,36,Improved-gOMP,optimized,Improved-gOMP (optimized),128,256,0.5,gaussian,gaussian,clean,0.0,2.4180446294125355e-07,0.0004917361720895195,0.9722222222222222,0.9722222222222222,0,0.0047824920002312865,15,36.0,0.0019887319493878956,target_sparsity_reached,1,1,0.0004919629973301198,0.0,True,,0,0,2.7397801773102923,1.0,1.0,0.0,0.0,1.0,0.0,1.0,14272.0,1024.0,2048.0,0.0,10368.0,288.0,288.0,128.0,120.0,0.0,0.0,8.0,0.0,9.322900950792246e-05,0.002307492988620652,0.0008407410023210105,0.00012633599908440374,0.0009852639996097423
17,36,OMP,baseline,OMP (baseline),128,256,0.5,gaussian,gaussian,clean,0.0,1.599308485968506e-30,1.264637689604618e-15,1.0,1.0,1,0.005493057997227879,36,36.0,8.952875423725046e-15,target_sparsity_reached,0,0,0.0024011510140553582,1.0,False,,0,0,2.7086494309603295,0.0,0.0,0.0,0.0,0.0,0.0,0.0,8984.0,1024.0,2048.0,0.0,0.0,0.0,5328.0,296.0,0.0,0.0,0.0,288.0,0.0,0.00025037999512278475,0.0006384129992511589,0.0024011510140553582,0.0003909399893018417,0.0
17,36,OMP,optimized,OMP (optimized),128,256,0.5,gaussian,gaussian,clean,0.0,2.8710514131908374e-20,1.694417720985837e-10,1.0,1.0,1,0.0013891589987906627,36,36.0,7.423328630882425e-10,target_sparsity_reached,0,0,0.000615202010521898,1.0,True,,0,0,2.7086494309603295,0.0,0.0,0.0,0.0,0.0,0.0,0.0,12528.0,1024.0,0.0,256.0,10368.0,288.0,288.0,296.0,0.0,0.0,0.0,8.0,0.0,0.000123976991744712,4.351601091912016e-05,0.000615202010521898,0.00020119900727877393,0.0002656779943208676
17,36,gOMP,baseline,gOMP (baseline),128,256,0.5,gaussian,gaussian,clean,0.0,4.827246488278607e-07,0.0006947838864192668,0.9444444444444444,0.9444444444444444,0,0.0015378389980469365,12,36.0,0.0031270077842879707,target_sparsity_reached,2,2,0.0007570360030513257,3.0,False,,0,0,3.0333171589882055,0.0,0.0,0.0,0.0,0.0,0.0,0.0,5400.0,1024.0,2048.0,256.0,0.0,0.0,1872.0,104.0,0.0,0.0,0.0,96.0,0.0,5.273299393593334e-05,0.0001217479984916281,0.0007570360030513257,8.159400022123009e-05,0.0
17,36,gOMP,optimized,gOMP (optimized),128,256,0.5,gaussian,gaussian,clean,0.0,4.827246393342453e-07,0.0006947838795872032,0.9444444444444444,0.9444444444444444,0,0.0005755249985668343,12,36.0,0.003127007784288192,target_sparsity_reached,2,2,0.0002620489976834506,3.0,True,,0,0,3.0333171589882055,0.0,0.0,0.0,0.0,0.0,0.0,0.0,1680.0,1024.0,0.0,256.0,0.0,0.0,288.0,104.0,0.0,0.0,0.0,8.0,0.0,4.404698120197281e-05,8.83470056578517e-05,0.0002620489976834506,7.251500937854871e-05,0.0
17,36,Improved-gOMP,baseline,Improved-gOMP (baseline),128,256,0.5,gaussian,gaussian,clean,0.0,4.7367186346208825e-07,0.0006882382316190291,0.9444444444444444,0.9444444444444444,0,0.01270017199931317,15,36.0,0.0031525402058590886,target_sparsity_reached,2,2,0.0012911370031361002,17.8,False,,0,0,2.983373636280946,1.0,1.0,1.0,1.0,1.0,1.0,0.0,6208.0,1024.0,2048.0,0.0,0.0,0.0,2528.0,128.0,120.0,120.0,120.0,120.0,0.0,0.00010786101120174862,0.009064754009159515,0.0011835159930342343,0.0001377809967380017,0.0007849640169297345
17,36,Improved-gOMP,optimized,Improved-gOMP (optimized),128,256,0.5,gaussian,gaussian,clean,0.0,1.6446394362790588e-07,0.00040554154365231917,0.9722222222222222,0.9722222222222222,0,0.003148038998915581,15,36.0,0.0020500379987348867,target_sparsity_reached,1,1,0.0003953950072173029,0.0,True,,0,0,2.7986918598322608,1.0,1.0,0.0,0.0,1.0,0.0,1.0,14272.0,1024.0,2048.0,0.0,10368.0,288.0,288.0,128.0,120.0,0.0,0.0,8.0,0.0,8.555400199838914e-05,0.0017794490013329778,0.0006911660057085101,9.615098679205403e-05,0.00016922300346777774
18,36,OMP,baseline,OMP (baseline),128,256,0.5,gaussian,gaussian,clean,0.0,3.461334152869793e-30,1.8604661117230252e-15,1.0,1.0,1,0.0061617610008397605,36,36.0,1.1548698200836951e-14,target_sparsity_reached,0,0,0.002664329014805844,1.0,False,,0,0,2.887268110158388,0.0,0.0,0.0,0.0,0.0,0.0,0.0,8984.0,1024.0,2048.0,0.0,0.0,0.0,5328.0,296.0,0.0,0.0,0.0,288.0,0.0,0.00042174301415798254,0.00040450501182931475,0.002664329014805844,0.00039674799336353317,0.0
18,36,OMP,optimized,OMP (optimized),128,256,0.5,gaussian,gaussian,clean,0.0,3.6291439036200384e-20,1.9050312080435948e-10,1.0,1.0,1,0.0013748150013270788,36,36.0,8.139259421108451e-10,target_sparsity_reached,0,0,0.000578906990995165,1.0,True,,0,0,2.887268110158388,0.0,0.0,0.0,0.0,0.0,0.0,0.0,12528.0,1024.0,0.0,256.0,10368.0,288.0,288.0,296.0,0.0,0.0,0.0,8.0,0.0,0.00014368600022862665,4.280500070308335e-05,0.000578906990995165,0.00019281299682916142,0.00026754699501907453
18,36,gOMP,baseline,gOMP (baseline),128,256,0.5,gaussian,gaussian,clean,0.0,4.371093675591961e-30,2.090716067664847e-15,1.0,1.0,1,0.0016733979973651003,12,36.0,1.3021190779852576e-14,target_sparsity_reached,0,0,0.0008225770034187008,3.0,False,,0,0,2.887268110158386,0.0,0.0,0.0,0.0,0.0,0.0,0.0,5400.0,1024.0,2048.0,256.0,0.0,0.0,1872.0,104.0,0.0,0.0,0.0,96.0,0.0,5.745999078499153e-05,0.00011461200847406872,0.0008225770034187008,0.00010323099922970869,0.0
18,36,gOMP,optimized,gOMP (optimized),128,256,0.5,gaussian,gaussian,clean,0.0,3.6291477594448296e-20,1.9050322200542514e-10,1.0,1.0,1,0.000534964998223586,12,36.0,8.139266046296821e-10,target_sparsity_reached,0,0,0.00020963600763934664,3.0,True,,0,0,2.887268110158386,0.0,0.0,0.0,0.0,0.0,0.0,0.0,1680.0,1024.0,0.0,256.0,0.0,0.0,288.0,104.0,0.0,0.0,0.0,8.0,0.0,5.483500717673451e-05,9.340699762105942e-05,0.00020963600763934664,6.679399302811362e-05,0.0
18,36,Improved-gOMP,baseline,Improved-gOMP (baseline),128,256,0.5,gaussian,gaussian,clean,0.0,0.0021536900181249314,0.04640786590789251,0.9166666666666666,0.9166666666666666,0,0.011808237999503035,15,36.0,0.19228529218053236,target_sparsity_reached,3,3,0.0011727579949365463,17.4,False,,0,0,3.1878333070728138,1.0,1.0,1.0,1.0,1.0,1.0,0.0,6208.0,1024.0,2048.0,0.0,0.0,0.0,2528.0,128.0,120.0,120.0,120.0,120.0,0.0,9.25619933695998e-05,0.008513314995070687,0.0010562359966570511,0.00012645999595406465,0.0008510859988746233
18,36,Improved-gOMP,optimized,Improved-gOMP (optimized),128,256,0.5,gaussian,gaussian,clean,0.0,3.629143883714589e-20,1.905031202819153e-10,1.0,1.0,1,0.0031743619983899407,15,36.0,8.139259640648352e-10,residual_tol,0,0,0.0004459100018721074,0.0,True,,0,0,2.887268110158386,1.0,1.0,0.0,0.0,1.0,0.0,1.0,14272.0,1024.0,2048.0,0.0,10368.0,288.0,288.0,128.0,120.0,0.0,0.0,8.0,0.0,7.874399670981802e-05,0.0017274900055781472,0.0007233530013763811,0.00012330499885138124,0.00017930700050783344
19,36,OMP,baseline,OMP (baseline),128,256,0.5,gaussian,gaussian,clean,0.0,1.7954416610336727e-30,1.3399409169936086e-15,1.0,1.0,1,0.003985217997978907,36,36.0,8.024194034341023e-15,target_sparsity_reached,0,0,0.002039423994574463,1.0,False,,0,0,2.9416111201992017,0.0,0.0,0.0,0.0,0.0,0.0,0.0,8984.0,1024.0,2048.0,0.0,0.0,0.0,5328.0,296.0,0.0,0.0,0.0,288.0,0.0,0.00015500498921028338,0.00021639700571540743,0.002039423994574463,0.0002225960124633275,0.0
19,36,OMP,optimized,OMP (optimized),128,256,0.5,gaussian,gaussian,clean,0.0,4.1025004080033375e-20,2.0254630107714477e-10,1.0,1.0,1,0.0013170190031814855,36,36.0,8.828788273879382e-10,target_sparsity_reached,0,0,0.0005625579979096074,1.0,True,,0,0,2.9416111201992017,0.0,0.0,0.0,0.0,0.0,0.0,0.0,12528.0,1024.0,0.0,256.0,10368.0,288.0,288.0,296.0,0.0,0.0,0.0,8.0,0.0,0.0001171389922092203,4.590699609252624e-05,0.0005625579979096074,0.00019838900698232464,0.00025857198852463625
19,36,gOMP,baseline,gOMP (baseline),128,256,0.5,gaussian,gaussian,clean,0.0,2.5988482441962106e-06,0.0016120943657851456,0.9722222222222222,0.9722222222222222,0,0.0018069760008074809,12,36.0,0.007369514749908047,target_sparsity_reached,1,1,0.000876153997523943,3.0,False,,0,0,2.999431231347577,0.0,0.0,0.0,0.0,0.0,0.0,0.0,5400.0,1024.0,2048.0,256.0,0.0,0.0,1872.0,104.0,0.0,0.0,0.0,96.0,0.0,5.6255994422826916e-05,0.0001405300026817713,0.000876153997523943,0.00011318099859636277,0.0
19,36,gOMP,optimized,gOMP (optimized),128,256,0.5,gaussian,gaussian,clean,0.0,2.5988481607113385e-06,0.0016120943398918498,0.9722222222222222,0.9722222222222222,0,0.0005847850006830413,12,36.0,0.007369514749908248,target_sparsity_reached,1,1,0.00023096299992175773,3.0,True,,0,0,2.999431231347577,0.0,0.0,0.0,0.0,0.0,0.0,0.0,1680.0,1024.0,0.0,256.0,0.0,0.0,288.0,104.0,0.0,0.0,0.0,8.0,0.0,5.482300548464991e-05,9.637199400458485e-05,0.00023096299992175773,8.136899850796908e-05,0.0
19,36,Improved-gOMP,baseline,Improved-gOMP (baseline),128,256,0.5,gaussian,gaussian,clean,0.0,0.0005592779052413674,0.023649057174470346,0.9166666666666666,0.9166666666666666,0,0.011124976001156028,15,36.0,0.11446325093870066,target_sparsity_reached,3,3,0.001096299005439505,17.533333333333335,False,,0,0,3.2899872625532494,1.0,1.0,1.0,1.0,1.0,1.0,0.0,6208.0,1024.0,2048.0,0.0,0.0,0.0,2528.0,128.0,120.0,120.0,120.0,120.0,0.0,8.510700354236178e-05,0.008028087009734008,0.0009906669947667979,0.00010329098950023763,0.0008048870076891035
19,36,Improved-gOMP,optimized,Improved-gOMP (optimized),128,256,0.5,gaussian,gaussian,clean,0.0,4.102500051615154e-20,2.025462922794479e-10,1.0,1.0,1,0.003293170997494599,15,36.0,8.82878307154165e-10,residual_tol,0,0,0.00040021400127443485,0.0,True,,0,0,2.941611120199203,1.0,1.0,0.0,0.0,1.0,0.0,1.0,14272.0,1024.0,2048.0,0.0,10368.0,288.0,288.0,128.0,120.0,0.0,0.0,8.0,0.0,7.466399620170705e-05,0.0018339669950364623,0.0006911369964655023,0.00011968699254794046,0.00016438000238849781
20,36,OMP,baseline,OMP (baseline),128,256,0.5,gaussian,gaussian,clean,0.0,3.352020545373764e-30,1.8308524095004938e-15,1.0,1.0,1,0.004116832002182491,36,36.0,7.887022872496139e-15,target_sparsity_reached,0,0,0.002031917993008392,1.0,False,,0,0,3.046809412715791,0.0,0.0,0.0,0.0,0.0,0.0,0.0,8984.0,1024.0,2048.0,0.0,0.0,0.0,5328.0,296.0,0.0,0.0,0.0,288.0,0.0,0.00018186699890065938,0.00022653899577562697,0.002031917993008392,0.00025636699501774274,0.0
20,36,OMP,optimized,OMP (optimized),128,256,0.5,gaussian,gaussian,clean,0.0,2.4530579528994186e-20,1.566224106856812e-10,1.0,1.0,1,0.0014015090018801857,36,36.0,5.43907333712325e-10,target_sparsity_reached,0,0,0.0005768210066889878,1.0,True,,0,0,3.046809412715791,0.0,0.0,0.0,0.0,0.0,0.0,0.0,12528.0,1024.0,0.0,256.0,10368.0,288.0,288.0,296.0,0.0,0.0,0.0,8.0,0.0,0.00016258599862339906,4.311200973461382e-05,0.0005768210066889878,0.000195705026271753,0.00027072298689745367
20,36,gOMP,baseline,gOMP (baseline),128,256,0.5,gaussian,gaussian,clean,0.0,4.2938032597233775e-30,2.0721494298730913e-15,1.0,1.0,1,0.0014563010008714627,12,36.0,8.86462910369871e-15,target_sparsity_reached,0,0,0.000706087001162814,3.0,False,,0,0,3.0468094127157914,0.0,0.0,0.0,0.0,0.0,0.0,0.0,5400.0,1024.0,2048.0,256.0,0.0,0.0,1872.0,104.0,0.0,0.0,0.0,96.0,0.0,5.664701166097075e-05,0.00011175201143487357,0.000706087001162814,8.080799307208508e-05,0.0
20,36,gOMP,optimized,gOMP (optimized),128,256,0.5,gaussian,gaussian,clean,0.0,2.4530619401877505e-20,1.5662253797546986e-10,1.0,1.0,1,0.0005148809977981728,12,36.0,5.439081326594802e-10,target_sparsity_reached,0,0,0.00020274400230846368,3.0,True,,0,0,3.0468094127157914,0.0,0.0,0.0,0.0,0.0,0.0,0.0,1680.0,1024.0,0.0,256.0,0.0,0.0,288.0,104.0,0.0,0.0,0.0,8.0,0.0,4.977500066161156e-05,8.681200415594503e-05,0.00020274400230846368,6.42990016785916e-05,0.0
20,36,Improved-gOMP,baseline,Improved-gOMP (baseline),128,256,0.5,gaussian,gaussian,clean,0.0,0.0032016516341530398,0.05658313913307603,0.8888888888888888,0.8888888888888888,0,0.011224394998862408,15,36.0,0.19834510634097213,target_sparsity_reached,4,4,0.001087372005713405,17.4,False,,0,0,3.059993888652749,1.0,1.0,1.0,1.0,1.0,1.0,0.0,6208.0,1024.0,2048.0,0.0,0.0,0.0,2528.0,128.0,120.0,120.0,120.0,120.0,0.0,9.070900341612287e-05,0.008128716006467585,0.0009736430038174149,0.00011486999937915243,0.0007993090075615328
20,36,Improved-gOMP,optimized,Improved-gOMP (optimized),128,256,0.5,gaussian,gaussian,clean,0.0,2.4530590328506765e-20,1.5662244516194594e-10,1.0,1.0,1,0.0033819179989222903,15,36.0,5.439075301833697e-10,residual_tol,0,0,0.0004179070019745268,0.0,True,,0,0,3.046809412715791,1.0,1.0,0.0,0.0,1.0,0.0,1.0,14272.0,1024.0,2048.0,0.0,10368.0,288.0,288.0,128.0,120.0,0.0,0.0,8.0,0.0,8.236799840233289e-05,0.0019168040016666055,0.0007299320059246384,0.00011452599937911145,0.00018481699589756317
21,36,OMP,baseline,OMP (baseline),128,256,0.5,gaussian,gaussian,clean,0.0,1.9163345800658076e-30,1.3843173697045803e-15,1.0,1.0,1,0.005061892999947304,36,36.0,8.395958399878114e-15,target_sparsity_reached,0,0,0.0023376710087177344,1.0,False,,0,0,3.0305522860538705,0.0,0.0,0.0,0.0,0.0,0.0,0.0,8984.0,1024.0,2048.0,0.0,0.0,0.0,5328.0,296.0,0.0,0.0,0.0,288.0,0.0,0.00020526800653897226,0.0002900830077123828,0.0023376710087177344,0.0002668999986781273,0.0
21,36,OMP,optimized,OMP (optimized),128,256,0.5,gaussian,gaussian,clean,0.0,3.089951607095978e-20,1.7578258181901804e-10,1.0,1.0,1,0.0015517710016865749,36,36.0,7.626550987696377e-10,target_sparsity_reached,0,0,0.0007095060027495492,1.0,True,,0,0,3.0305522860538705,0.0,0.0,0.0,0.0,0.0,0.0,0.0,12528.0,1024.0,0.0,256.0,10368.0,288.0,288.0,296.0,0.0,0.0,0.0,8.0,0.0,0.00013469199620885774,4.709000131697394e-05,0.0007095060027495492,0.00022478998653241433,0.0002893030068662483
21,36,gOMP,baseline,gOMP (baseline),128,256,0.5,gaussian,gaussian,clean,0.0,0.0005029370381074887,0.02242625778206183,0.9444444444444444,0.9444444444444444,0,0.0015638929980923422,12,36.0,0.10195562647000855,target_sparsity_reached,2,2,0.0007333559951803181,3.0,False,,0,0,3.037351124328346,0.0,0.0,0.0,0.0,0.0,0.0,0.0,5400.0,1024.0,2048.0,256.0,0.0,0.0,1872.0,104.0,0.0,0.0,0.0,96.0,0.0,4.9757003580452874e-05,0.00011959899711655453,0.0007333559951803181,7.844100036891177e-05,0.0
21,36,gOMP,optimized,gOMP (optimized),128,256,0.5,gaussian,gaussian,clean,0.0,0.0005029370375224843,0.022426257769018982,0.9444444444444444,0.9444444444444444,0,0.0005075919980299659,12,36.0,0.1019556264700085,target_sparsity_reached,2,2,0.0002064090149360709,3.0,True,,0,0,3.037351124328346,0.0,0.0,0.0,0.0,0.0,0.0,0.0,1680.0,1024.0,0.0,256.0,0.0,0.0,288.0,104.0,0.0,0.0,0.0,8.0,0.0,4.256200554664247e-05,8.694900316186249e-05,0.0002064090149360709,6.58369972370565e-05,0.0
21,36,Improved-gOMP,baseline,Improved-gOMP (baseline),128,256,0.5,gaussian,gaussian,clean,0.0,7.3249786928904175e-06,0.0027064697842189957,0.9722222222222222,0.9722222222222222,0,0.010881885998969665,15,36.0,0.012303179416161653,target_sparsity_reached,1,1,0.0014098600004217587,17.666666666666668,False,,0,0,3.019915338919743,1.0,1.0,1.0,1.0,1.0,1.0,0.0,6128.0,1024.0,2048.0,0.0,0.0,0.0,2448.0,128.0,120.0,120.0,120.0,120.0,0.0,0.00010720900900196284,0.007630470990989124,0.0012753439950756729,0.00012713799878838472,0.0004211570012557786
21,36,Improved-gOMP,optimized,Improved-gOMP (optimized),128,256,0.5,gaussian,gaussian,clean,0.0,9.075838850808645e-06,0.003012613292609698,0.9722222222222222,0.9722222222222222,0,0.004524747000687057,15,36.0,0.011630748008864024,target_sparsity_reached,1,1,0.0005473590063047595,0.0,True,,0,0,3.196645297364337,1.0,1.0,0.0,0.0,1.0,0.0,1.0,14272.0,1024.0,2048.0,0.0,10368.0,288.0,288.0,128.0,120.0,0.0,0.0,8.0,0.0,7.057099719531834e-05,0.0021646650093316566,0.0008671509931446053,0.00012521599637693726,0.0009249649992852937
22,36,OMP,baseline,OMP (baseline),128,256,0.5,gaussian,gaussian,clean,0.0,5.1094141731759925e-08,0.00022604013301128612,0.9722222222222222,0.9722222222222222,0,0.004308978001063224,36,36.0,0.0010849267808630996,target_sparsity_reached,1,1,0.0021413070244307164,1.0,False,,0,0,2.9973204083643643,0.0,0.0,0.0,0.0,0.0,0.0,0.0,8984.0,1024.0,2048.0,0.0,0.0,0.0,5328.0,296.0,0.0,0.0,0.0,288.0,0.0,0.00018871401334763505,0.00023604099260410294,0.0021413070244307164,0.00028722202114295214,0.0
22,36,OMP,optimized,OMP (optimized),128,256,0.5,gaussian,gaussian,clean,0.0,5.1094142761266e-08,0.00022604013528855003,0.9722222222222222,0.9722222222222222,0,0.001986449002288282,36,36.0,0.0010849267808632828,target_sparsity_reached,1,1,0.0007627640006830916,1.0,True,,0,0,2.9973204083643643,0.0,0.0,0.0,0.0,0.0,0.0,0.0,12528.0,1024.0,0.0,256.0,10368.0,288.0,288.0,296.0,0.0,0.0,0.0,8.0,0.0,0.00017987801766139455,5.526400127564557e-05,0.0007627640006830916,0.00029039398941677064,0.0005191420023038518
22,36,gOMP,baseline,gOMP (baseline),128,256,0.5,gaussian,gaussian,clean,0.0,5.1094141731741456e-08,0.00022604013301124527,0.9722222222222222,0.9722222222222222,0,0.0016023759999370668,12,36.0,0.0010849267808631252,target_sparsity_reached,1,1,0.0007584810009575449,3.0,False,,0,0,2.9973204083643634,0.0,0.0,0.0,0.0,0.0,0.0,0.0,5400.0,1024.0,2048.0,256.0,0.0,0.0,1872.0,104.0,0.0,0.0,0.0,96.0,0.0,6.234299144125544e-05,0.0001175339930341579,0.0007584810009575449,0.00011968200124101713,0.0
22,36,gOMP,optimized,gOMP (optimized),128,256,0.5,gaussian,gaussian,clean,0.0,5.10941427612655e-08,0.00022604013528854892,0.9722222222222222,0.9722222222222222,0,0.0005173760000616312,12,36.0,0.0010849267808633492,target_sparsity_reached,1,1,0.0002017070037254598,3.0,True,,0,0,2.9973204083643634,0.0,0.0,0.0,0.0,0.0,0.0,0.0,1680.0,1024.0,0.0,256.0,0.0,0.0,288.0,104.0,0.0,0.0,0.0,8.0,0.0,5.312200664775446e-05,8.458398951916024e-05,0.0002017070037254598,6.573000428033993e-05,0.0
22,36,Improved-gOMP,baseline,Improved-gOMP (baseline),128,256,0.5,gaussian,gaussian,clean,0.0,5.222696462338914e-08,0.00022853219603239527,0.9722222222222222,0.9722222222222222,0,0.011579269001231296,15,36.0,0.001068899336302369,target_sparsity_reached,1,1,0.0011389919891371392,17.466666666666665,False,,0,0,3.086056565807009,1.0,1.0,1.0,1.0,1.0,1.0,0.0,6208.0,1024.0,2048.0,0.0,0.0,0.0,2528.0,128.0,120.0,120.0,120.0,120.0,0.0,9.535700883134268e-05,0.008350127005542163,0.0010189119930146262,0.00011366499529685825,0.0008467340048810001
22,36,Improved-gOMP,optimized,Improved-gOMP (optimized),128,256,0.5,gaussian,gaussian,clean,0.0,2.189820585771149e-20,1.4798042390029667e-10,1.0,1.0,1,0.004090479000296909,15,36.0,6.890460852126256e-10,residual_tol,0,0,0.000433157998486422,0.0,True,,0,0,3.005287786376539,1.0,1.0,0.0,0.0,1.0,0.0,1.0,14272.0,1024.0,2048.0,0.0,10368.0,288.0,288.0,128.0,120.0,0.0,0.0,8.0,0.0,8.13430015114136e-05,0.0020308640087023377,0.0007483729968953412,0.00013162299001123756,0.0007520379949710332
23,36,OMP,baseline,OMP (baseline),128,256,0.5,gaussian,gaussian,clean,0.0,3.121452444623016e-30,1.7667632678497185e-15,1.0,1.0,1,0.003823250997811556,36,36.0,9.769137109717428e-15,target_sparsity_reached,0,0,0.0019004030036740005,1.0,False,,0,0,3.16940714255031,0.0,0.0,0.0,0.0,0.0,0.0,0.0,8984.0,1024.0,2048.0,0.0,0.0,0.0,5328.0,296.0,0.0,0.0,0.0,288.0,0.0,0.00015921900558169,0.00021056200421298854,0.0019004030036740005,0.0002249770077469293,0.0
23,36,OMP,optimized,OMP (optimized),128,256,0.5,gaussian,gaussian,clean,0.0,2.3865837523438354e-20,1.5448571948059911e-10,1.0,1.0,1,0.0014455320015258621,36,36.0,6.190558697654467e-10,target_sparsity_reached,0,0,0.0006069310111342929,1.0,True,,0,0,3.16940714255031,0.0,0.0,0.0,0.0,0.0,0.0,0.0,12528.0,1024.0,0.0,256.0,10368.0,288.0,288.0,296.0,0.0,0.0,0.0,8.0,0.0,0.0001339270020253025,4.589799209497869e-05,0.0006069310111342929,0.00020918099107802846,0.00029441100559779443
23,36,gOMP,baseline,gOMP (baseline),128,256,0.5,gaussian,gaussian,clean,0.0,0.0006038888645937373,0.02457415033309875,0.9166666666666666,0.9166666666666666,0,0.0014763209983357228,12,36.0,0.09791409160069131,target_sparsity_reached,3,3,0.0007189820025814697,3.0,False,,0,0,3.6658635695667083,0.0,0.0,0.0,0.0,0.0,0.0,0.0,5400.0,1024.0,2048.0,256.0,0.0,0.0,1872.0,104.0,0.0,0.0,0.0,96.0,0.0,4.9508009396959096e-05,0.00011952499335166067,0.0007189820025814697,7.365700002992526e-05,0.0
23,36,gOMP,optimized,gOMP (optimized),128,256,0.5,gaussian,gaussian,clean,0.0,0.0006038888656180625,0.024574150353940265,0.9166666666666666,0.9166666666666666,0,0.0005084129988972563,12,36.0,0.09791409160069128,target_sparsity_reached,3,3,0.00020114500148338266,3.0,True,,0,0,3.6658635695667083,0.0,0.0,0.0,0.0,0.0,0.0,0.0,1680.0,1024.0,0.0,256.0,0.0,0.0,288.0,104.0,0.0,0.0,0.0,8.0,0.0,4.315999831305817e-05,8.592300218879245e-05,0.00020114500148338266,6.941700848983601e-05,0.0
23,36,Improved-gOMP,baseline,Improved-gOMP (baseline),128,256,0.5,gaussian,gaussian,clean,0.0,3.102210740925501e-05,0.005569749312963287,0.9444444444444444,0.9444444444444444,0,0.009582349000993418,15,36.0,0.020172086635883123,target_sparsity_reached,2,2,0.001069987007213058,17.4,False,,0,0,3.2559876839781756,1.0,1.0,1.0,1.0,1.0,1.0,0.0,6128.0,1024.0,2048.0,0.0,0.0,0.0,2448.0,128.0,120.0,120.0,120.0,120.0,0.0,8.706800508662127e-05,0.007068143007927574,0.0009653799897932913,0.00011495199942146428,0.0002586149967100937
23,36,Improved-gOMP,optimized,Improved-gOMP (optimized),128,256,0.5,gaussian,gaussian,clean,0.0,5.370300306361759e-06,0.0023173908402256533,0.9722222222222222,0.9722222222222222,0,0.0030467079996014945,15,36.0,0.008666794845566818,target_sparsity_reached,1,1,0.00039969100544112734,0.0,True,,0,0,3.1929517560616505,1.0,1.0,0.0,0.0,1.0,0.0,1.0,14272.0,1024.0,2048.0,0.0,10368.0,288.0,288.0,128.0,120.0,0.0,0.0,8.0,0.0,6.369400580297224e-05,0.0017104010003095027,0.000678786000207765,0.00010214499343419448,0.00016740800492698327
24,36,OMP,baseline,OMP (baseline),128,256,0.5,gaussian,gaussian,clean,0.0,3.649024908188537e-30,1.9102421072179665e-15,1.0,1.0,1,0.004313931000069715,36,36.0,1.2381693530739535e-14,target_sparsity_reached,0,0,0.002053134987363592,1.0,False,,0,0,2.7974503522961993,0.0,0.0,0.0,0.0,0.0,0.0,0.0,8984.0,1024.0,2048.0,0.0,0.0,0.0,5328.0,296.0,0.0,0.0,0.0,288.0,0.0,0.00019020100444322452,0.00025372301024617627,0.002053134987363592,0.00033647200689301826,0.0
24,36,OMP,optimized,OMP (optimized),128,256,0.5,gaussian,gaussian,clean,0.0,1.6691999821195674e-20,1.2919752250409323e-10,1.0,1.0,1,0.0015115749993128702,36,36.0,7.096822354261382e-10,target_sparsity_reached,0,0,0.0006449850006902125,1.0,True,,0,0,2.7974503522961993,0.0,0.0,0.0,0.0,0.0,0.0,0.0,12528.0,1024.0,0.0,256.0,10368.0,288.0,288.0,296.0,0.0,0.0,0.0,8.0,0.0,0.00015592301133438013,5.5723998229950666e-05,0.0006449850006902125,0.00021125900093466043,0.0002905710134655237
24,36,gOMP,baseline,gOMP (baseline),128,256,0.5,gaussian,gaussian,clean,0.0,0.005960877067832965,0.07720671646840684,0.8611111111111112,0.8611111111111112,0,0.0015770610007166397,12,36.0,0.3191424643697944,target_sparsity_reached,5,5,0.0007393950036203023,3.0,False,,0,0,3.3555123672359084,0.0,0.0,0.0,0.0,0.0,0.0,0.0,5400.0,1024.0,2048.0,256.0,0.0,0.0,1872.0,104.0,0.0,0.0,0.0,96.0,0.0,6.112700430094264e-05,0.00012424199303495698,0.0007393950036203023,9.87879975582473e-05,0.0
24,36,gOMP,optimized,gOMP (optimized),128,256,0.5,gaussian,gaussian,clean,0.0,0.005960877070869688,0.07720671648807303,0.8611111111111112,0.8611111111111112,0,0.0004866760027653072,12,36.0,0.3191424643697943,target_sparsity_reached,5,5,0.00018936699052574113,3.0,True,,0,0,3.3555123672359084,0.0,0.0,0.0,0.0,0.0,0.0,0.0,1680.0,1024.0,0.0,256.0,0.0,0.0,288.0,104.0,0.0,0.0,0.0,8.0,0.0,4.961499143973924e-05,8.044600326684304e-05,0.00018936699052574113,6.245800614124164e-05,0.0
24,36,Improved-gOMP,baseline,Improved-gOMP (baseline),128,256,0.5,gaussian,gaussian,clean,0.0,0.0005250322035541326,0.0229135812031671,0.9444444444444444,0.9444444444444444,0,0.011690796000038972,15,36.0,0.12500615773007578,target_sparsity_reached,2,2,0.0011140969836560544,17.266666666666666,False,,0,0,2.855182286241087,1.0,1.0,1.0,1.0,1.0,1.0,0.0,6208.0,1024.0,2048.0,0.0,0.0,0.0,2528.0,128.0,120.0,120.0,120.0,120.0,0.0,9.115799912251532e-05,0.008513950997439679,0.0010222509954473935,0.0001224020052177366,0.0008375110119231977
24,36,Improved-gOMP,optimized,Improved-gOMP (optimized),128,256,0.5,gaussian,gaussian,clean,0.0,0.0019156392801039145,0.04376801663434059,0.9166666666666666,0.9166666666666666,0,0.004786389003129443,15,36.0,0.20439243900659687,target_sparsity_reached,3,3,0.000661445996229304,0.0,True,,0,0,3.1345392940095937,1.0,1.0,0.0,0.0,1.0,0.0,1.0,14272.0,1024.0,2048.0,0.0,10368.0,288.0,288.0,128.0,120.0,0.0,0.0,8.0,0.0,7.621300028404221e-05,0.0017086520056182053,0.0008945429945015348,0.00015855799574637786,0.0015744470110803377
25,36,OMP,baseline,OMP (baseline),128,256,0.5,gaussian,gaussian,clean,0.0,4.322494246899556e-30,2.0790609050481317e-15,1.0,1.0,1,0.0040468150000378955,36,36.0,1.2727656567621389e-14,target_sparsity_reached,0,0,0.0020284329948481172,1.0,False,,0,0,2.775769575443248,0.0,0.0,0.0,0.0,0.0,0.0,0.0,8984.0,1024.0,2048.0,0.0,0.0,0.0,5328.0,296.0,0.0,0.0,0.0,288.0,0.0,0.00016335100735886954,0.00022475100195151754,0.0020284329948481172,0.00023439199867425486,0.0
25,36,OMP,optimized,OMP (optimized),128,256,0.5,gaussian,gaussian,clean,0.0,2.3006067234338362e-20,1.516775106412891e-10,1.0,1.0,1,0.0014059499990253244,36,36.0,7.613339257025206e-10,target_sparsity_reached,0,0,0.0005952600076852832,1.0,True,,0,0,2.775769575443248,0.0,0.0,0.0,0.0,0.0,0.0,0.0,12528.0,1024.0,0.0,256.0,10368.0,288.0,288.0,296.0,0.0,0.0,0.0,8.0,0.0,0.0001215189986396581,5.467201117426157e-05,0.0005952600076852832,0.0002152010056306608,0.00027699299971573055
25,36,gOMP,baseline,gOMP (baseline),128,256,0.5,gaussian,gaussian,clean,0.0,0.00025880460137430654,0.016087405054088323,0.9444444444444444,0.9444444444444444,0,0.001432159999239957,12,36.0,0.07784431397597708,target_sparsity_reached,2,2,0.0007121349917724729,3.0,False,,0,0,2.907060497723353,0.0,0.0,0.0,0.0,0.0,0.0,0.0,5400.0,1024.0,2048.0,256.0,0.0,0.0,1872.0,104.0,0.0,0.0,0.0,96.0,0.0,4.925499888486229e-05,0.0001097510103136301,0.0007121349917724729,7.461699351551943e-05,0.0
25,36,gOMP,optimized,gOMP (optimized),128,256,0.5,gaussian,gaussian,clean,0.0,0.0002588046008288833,0.016087405037136453,0.9444444444444444,0.9444444444444444,0,0.000473611999041168,12,36.0,0.07784431397597694,target_sparsity_reached,2,2,0.00018935299522127025,3.0,True,,0,0,2.907060497723353,0.0,0.0,0.0,0.0,0.0,0.0,0.0,1680.0,1024.0,0.0,256.0,0.0,0.0,288.0,104.0,0.0,0.0,0.0,8.0,0.0,4.2325988033553585e-05,7.818599988240749e-05,0.00018935299522127025,6.048300565453246e-05,0.0
25,36,Improved-gOMP,baseline,Improved-gOMP (baseline),128,256,0.5,gaussian,gaussian,clean,0.0,0.0010061573746183328,0.03171998383698095,0.9166666666666666,0.9166666666666666,0,0.012287777997698868,15,36.0,0.13443037155913826,target_sparsity_reached,3,3,0.0012289920014154632,17.466666666666665,False,,0,0,2.9174717385399584,1.0,1.0,1.0,1.0,1.0,1.0,0.0,6208.0,1024.0,2048.0,0.0,0.0,0.0,2528.0,128.0,120.0,120.0,120.0,120.0,0.0,0.0001019509945763275,0.008540232007362647,0.0011217199971724767,0.0001287689956370741,0.0008394219985348172
25,36,Improved-gOMP,optimized,Improved-gOMP (optimized),128,256,0.5,gaussian,gaussian,clean,0.0,8.993563033704871e-07,0.0009483439794560237,0.9722222222222222,0.9722222222222222,0,0.0031065389994182624,15,36.0,0.004692431664801586,target_sparsity_reached,1,1,0.00039101799120544456,0.0,True,,0,0,2.7935443047122077,1.0,1.0,0.0,0.0,1.0,0.0,1.0,14272.0,1024.0,2048.0,0.0,10368.0,288.0,288.0,128.0,120.0,0.0,0.0,8.0,0.0,6.582800415344536e-05,0.0017757280111254659,0.0006711949936288875,0.00010812999607878737,0.0001589499952387996
26,36,OMP,baseline,OMP (baseline),128,256,0.5,gaussian,gaussian,clean,0.0,2.9786113461881502e-30,1.7258653905180874e-15,1.0,1.0,1,0.004312457000196446,36,36.0,7.427210003232129e-15,target_sparsity_reached,0,0,0.002083285005937796,1.0,False,,0,0,3.018696239226508,0.0,0.0,0.0,0.0,0.0,0.0,0.0,8984.0,1024.0,2048.0,0.0,0.0,0.0,5328.0,296.0,0.0,0.0,0.0,288.0,0.0,0.000213096005609259,0.00026685200282372534,0.002083285005937796,0.0002725320046010893,0.0
26,36,OMP,optimized,OMP (optimized),128,256,0.5,gaussian,gaussian,clean,0.0,2.3835293896172967e-20,1.54386832003811e-10,1.0,1.0,1,0.0014113030010776129,36,36.0,5.60786030859937e-10,target_sparsity_reached,0,0,0.0005876399991393555,1.0,True,,0,0,3.018696239226508,0.0,0.0,0.0,0.0,0.0,0.0,0.0,12528.0,1024.0,0.0,256.0,10368.0,288.0,288.0,296.0,0.0,0.0,0.0,8.0,0.0,0.00014644100883742794,4.7755009290995076e-05,0.0005876399991393555,0.00021026298418291844,0.0002733750043262262
26,36,gOMP,baseline,gOMP (baseline),128,256,0.5,gaussian,gaussian,clean,0.0,6.844325526052459e-05,0.008273043893303394,0.9444444444444444,0.9444444444444444,0,0.001522212001873413,12,36.0,0.03028353641597425,target_sparsity_reached,2,2,0.0007416240077873226,3.0,False,,0,0,2.846595240793753,0.0,0.0,0.0,0.0,0.0,0.0,0.0,5400.0,1024.0,2048.0,256.0,0.0,0.0,1872.0,104.0,0.0,0.0,0.0,96.0,0.0,5.9389003581600264e-05,0.00011116199675598182,0.0007416240077873226,8.819600043352693e-05,0.0
26,36,gOMP,optimized,gOMP (optimized),128,256,0.5,gaussian,gaussian,clean,0.0,6.844325549143538e-05,0.008273043907259008,0.9444444444444444,0.9444444444444444,0,0.0006242279996513389,12,36.0,0.03028353641597434,target_sparsity_reached,2,2,0.0002438369920128025,3.0,True,,0,0,2.846595240793753,0.0,0.0,0.0,0.0,0.0,0.0,0.0,1680.0,1024.0,0.0,256.0,0.0,0.0,288.0,104.0,0.0,0.0,0.0,8.0,0.0,6.444199971156195e-05,0.00011198799620615318,0.0002438369920128025,7.668098987778649e-05,0.0
26,36,Improved-gOMP,baseline,Improved-gOMP (baseline),128,256,0.5,gaussian,gaussian,clean,0.0,6.607706356522348e-05,0.008128779955517524,0.9444444444444444,0.9444444444444444,0,0.010329256998375058,15,36.0,0.030372324169635347,target_sparsity_reached,2,2,0.0011942509991058614,17.933333333333334,False,,0,0,2.807231751519368,1.0,1.0,1.0,1.0,1.0,1.0,0.0,6128.0,1024.0,2048.0,0.0,0.0,0.0,2448.0,128.0,120.0,120.0,120.0,120.0,0.0,9.408600089955144e-05,0.007609187006892171,0.0010674330005713273,0.00012269599028513767,0.00030586198772653006
26,36,Improved-gOMP,optimized,Improved-gOMP (optimized),128,256,0.5,gaussian,gaussian,clean,0.0,1.8667213270325417e-05,0.004320557055557237,0.9722222222222222,0.9722222222222222,0,0.0032720309973228723,15,36.0,0.013542831125493161,target_sparsity_reached,1,1,0.0003994690123363398,0.0,True,,0,0,2.89496816100056,1.0,1.0,0.0,0.0,1.0,0.0,1.0,14272.0,1024.0,2048.0,0.0,10368.0,288.0,288.0,128.0,120.0,0.0,0.0,8.0,0.0,8.388499190914445e-05,0.0018308649996470194,0.0007081979965732899,0.00011612499656621367,0.00019099599376204424
27,36,OMP,baseline,OMP (baseline),128,256,0.5,gaussian,gaussian,clean,0.0,3.790061533182123e-30,1.9468080370653196e-15,1.0,1.0,1,0.0044743649996235035,36,36.0,1.0672275984279057e-14,target_sparsity_reached,0,0,0.0021715430048061535,1.0,False,,0,0,3.120031466810942,0.0,0.0,0.0,0.0,0.0,0.0,0.0,8984.0,1024.0,2048.0,0.0,0.0,0.0,5328.0,296.0,0.0,0.0,0.0,288.0,0.0,0.00017915999342221767,0.0002658909979800228,0.0021715430048061535,0.0002417250107100699,0.0
27,36,OMP,optimized,OMP (optimized),128,256,0.5,gaussian,gaussian,clean,0.0,3.7561214931667447e-20,1.9380715913419568e-10,1.0,1.0,1,0.0013551000010920689,36,36.0,6.6212831647143e-10,target_sparsity_reached,0,0,0.0005959740192338359,1.0,True,,0,0,3.120031466810942,0.0,0.0,0.0,0.0,0.0,0.0,0.0,12528.0,1024.0,0.0,256.0,10368.0,288.0,288.0,296.0,0.0,0.0,0.0,8.0,0.0,0.00012190699635539204,4.3546006054384634e-05,0.0005959740192338359,0.0001936590051627718,0.0002643730185809545
27,36,gOMP,baseline,gOMP (baseline),128,256,0.5,gaussian,gaussian,clean,0.0,0.0008651213320961031,0.029412944974893333,0.9166666666666666,0.9166666666666666,0,0.0019521139984135516,12,36.0,0.11835414498748574,target_sparsity_reached,3,3,0.0009418670051672962,3.0,False,,0,0,3.1727629257184495,0.0,0.0,0.0,0.0,0.0,0.0,0.0,5400.0,1024.0,2048.0,256.0,0.0,0.0,1872.0,104.0,0.0,0.0,0.0,96.0,0.0,7.184299829532392e-05,0.00016882899581105448,0.0009418670051672962,0.00010047099931398407,0.0
27,36,gOMP,optimized,gOMP (optimized),128,256,0.5,gaussian,gaussian,clean,0.0,0.0008651213321504284,0.02941294497581683,0.9166666666666666,0.9166666666666666,0,0.0005429400007415097,12,36.0,0.11835414498748573,target_sparsity_reached,3,3,0.00021753800319856964,3.0,True,,0,0,3.1727629257184495,0.0,0.0,0.0,0.0,0.0,0.0,0.0,1680.0,1024.0,0.0,256.0,0.0,0.0,288.0,104.0,0.0,0.0,0.0,8.0,0.0,4.672299473895691e-05,9.343000419903547e-05,0.00021753800319856964,6.859500717837363e-05,0.0
27,36,Improved-gOMP,baseline,Improved-gOMP (baseline),128,256,0.5,gaussian,gaussian,clean,0.0,0.0028322501376386163,0.05321888891773875,0.8611111111111112,0.8611111111111112,0,0.008978509998996742,14,36.0,0.18290640027047841,target_sparsity_reached,5,5,0.0009796420017664786,18.5,False,,0,0,3.0865525156577185,1.0,1.0,1.0,1.0,1.0,1.0,0.0,5944.0,1024.0,2048.0,0.0,0.0,0.0,2304.0,120.0,112.0,112.0,112.0,112.0,0.0,7.510900468332693e-05,0.006674560991086764,0.0008682680054334924,9.17799879971426e-05,0.0002673190028872341
27,36,Improved-gOMP,optimized,Improved-gOMP (optimized),128,256,0.5,gaussian,gaussian,clean,0.0,9.044709435087977e-06,0.003007442341107802,0.9722222222222222,0.9722222222222222,0,0.006404894000297645,15,36.0,0.009651966224123808,target_sparsity_reached,1,1,0.0005594379981630482,0.0,True,,0,0,2.903682930177941,1.0,1.0,0.0,0.0,1.0,0.0,1.0,14272.0,1024.0,2048.0,0.0,10368.0,288.0,288.0,128.0,120.0,0.0,0.0,8.0,0.0,8.245299977716058e-05,0.002818838991515804,0.0010029479963122867,0.00014154699965729378,0.0018185410008300096
28,36,OMP,baseline,OMP (baseline),128,256,0.5,gaussian,gaussian,clean,0.0,1.2917146112612658e-30,1.1365362340291952e-15,1.0,1.0,1,0.0043872780006495304,36,36.0,7.717600508472064e-15,target_sparsity_reached,0,0,0.0022373759893525857,1.0,False,,0,0,2.8772133159118543,0.0,0.0,0.0,0.0,0.0,0.0,0.0,8984.0,1024.0,2048.0,0.0,0.0,0.0,5328.0,296.0,0.0,0.0,0.0,288.0,0.0,0.00019399899974814616,0.00023134599177865312,0.0022373759893525857,0.00029702301253564656,0.0
28,36,OMP,optimized,OMP (optimized),128,256,0.5,gaussian,gaussian,clean,0.0,2.3599519149054223e-20,1.536213499128758e-10,1.0,1.0,1,0.0014724169996043202,36,36.0,8.151894963039401e-10,target_sparsity_reached,0,0,0.0005909819992666598,1.0,True,,0,0,2.8772133159118543,0.0,0.0,0.0,0.0,0.0,0.0,0.0,12528.0,1024.0,0.0,256.0,10368.0,288.0,288.0,296.0,0.0,0.0,0.0,8.0,0.0,0.00016644197967252694,5.687900193152018e-05,0.0005909819992666598,0.0002017350088863168,0.00030649500695290044
28,36,gOMP,baseline,gOMP (baseline),128,256,0.5,gaussian,gaussian,clean,0.0,6.683961692774062e-07,0.0008175549946501496,0.9722222222222222,0.9722222222222222,0,0.0015887090012256522,12,36.0,0.004638702865108452,target_sparsity_reached,1,1,0.000731236988940509,3.0,False,,0,0,2.8762033465525665,0.0,0.0,0.0,0.0,0.0,0.0,0.0,5400.0,1024.0,2048.0,256.0,0.0,0.0,1872.0,104.0,0.0,0.0,0.0,96.0,0.0,6.679699436062947e-05,0.00017988300169236027,0.000731236988940509,9.32889997784514e-05,0.0
28,36,gOMP,optimized,gOMP (optimized),128,256,0.5,gaussian,gaussian,clean,0.0,6.683961963379653e-07,0.0008175550111998369,0.9722222222222222,0.9722222222222222,0,0.0005021259967179503,12,36.0,0.004638702865108684,target_sparsity_reached,1,1,0.00019280899869045243,3.0,True,,0,0,2.8762033465525665,0.0,0.0,0.0,0.0,0.0,0.0,0.0,1680.0,1024.0,0.0,256.0,0.0,0.0,288.0,104.0,0.0,0.0,0.0,8.0,0.0,5.115299791214056e-05,8.66799964569509e-05,0.00019280899869045243,6.21679937466979e-05,0.0
28,36,Improved-gOMP,baseline,Improved-gOMP (baseline),128,256,0.5,gaussian,gaussian,clean,0.0,0.008855362741732127,0.09410293694530543,0.8055555555555556,0.8055555555555556,0,0.010780543001601472,14,36.0,0.42899237033230336,target_sparsity_reached,7,7,0.001123191999795381,18.571428571428573,False,,0,0,3.2373430787344115,1.0,1.0,1.0,1.0,1.0,1.0,0.0,5944.0,1024.0,2048.0,0.0,0.0,0.0,2304.0,120.0,112.0,112.0,112.0,112.0,0.0,8.809700375422835e-05,0.008107804995233892,0.001017974009300815,0.000141377004183596,0.0002810929909173865
28,36,Improved-gOMP,optimized,Improved-gOMP (optimized),128,256,0.5,gaussian,gaussian,clean,0.0,2.3599486683677537e-20,1.5362124424596208e-10,1.0,1.0,1,0.003151551998598734,15,36.0,8.151892651563457e-10,residual_tol,0,0,0.0004010259945061989,0.0,True,,0,0,2.8772133159118534,1.0,1.0,0.0,0.0,1.0,0.0,1.0,14272.0,1024.0,2048.0,0.0,10368.0,288.0,288.0,128.0,120.0,0.0,0.0,8.0,0.0,8.072701166383922e-05,0.0017485820026195142,0.0006704429870296735,0.00012412900105118752,0.00017641000158619136
29,36,OMP,baseline,OMP (baseline),128,256,0.5,gaussian,gaussian,clean,0.0,0.000442062255977499,0.021025276596932062,0.9444444444444444,0.9444444444444444,0,0.003808446002949495,36,36.0,0.07870255988073925,target_sparsity_reached,2,2,0.001913187024911167,1.0,False,,0,0,3.2635868340830023,0.0,0.0,0.0,0.0,0.0,0.0,0.0,8984.0,1024.0,2048.0,0.0,0.0,0.0,5328.0,296.0,0.0,0.0,0.0,288.0,0.0,0.00015234199963742867,0.00020744600260513835,0.001913187024911167,0.00021633499636664055,0.0
29,36,OMP,optimized,OMP (optimized),128,256,0.5,gaussian,gaussian,clean,0.0,0.0004420622555951411,0.021025276587839245,0.9444444444444444,0.9444444444444444,0,0.0018408869982522447,36,36.0,0.0787025598807393,target_sparsity_reached,2,2,0.0007632240049133543,1.0,True,,0,0,3.2635868340830023,0.0,0.0,0.0,0.0,0.0,0.0,0.0,12528.0,1024.0,0.0,256.0,10368.0,288.0,288.0,296.0,0.0,0.0,0.0,8.0,0.0,0.0001851660017564427,7.578401346108876e-05,0.0007632240049133543,0.0002842019821400754,0.00032989398459903896
29,36,gOMP,baseline,gOMP (baseline),128,256,0.5,gaussian,gaussian,clean,0.0,3.571447645051754e-05,0.00597615900478874,0.9722222222222222,0.9722222222222222,0,0.0018398930005787406,12,36.0,0.02496206856693144,target_sparsity_reached,1,1,0.0008764540034462698,3.0,False,,0,0,3.0487500199493334,0.0,0.0,0.0,0.0,0.0,0.0,0.0,5400.0,1024.0,2048.0,256.0,0.0,0.0,1872.0,104.0,0.0,0.0,0.0,96.0,0.0,6.88580003043171e-05,0.00018605899458634667,0.0008764540034462698,0.0001200439983222168,0.0
29,36,gOMP,optimized,gOMP (optimized),128,256,0.5,gaussian,gaussian,clean,0.0,3.571447655818046e-05,0.005976159013796442,0.9722222222222222,0.9722222222222222,0,0.0006257910026761238,12,36.0,0.024962068566931516,target_sparsity_reached,1,1,0.00024182099878089502,3.0,True,,0,0,3.0487500199493334,0.0,0.0,0.0,0.0,0.0,0.0,0.0,1680.0,1024.0,0.0,256.0,0.0,0.0,288.0,104.0,0.0,0.0,0.0,8.0,0.0,5.3572999604512006e-05,0.00012423700900399126,0.00024182099878089502,7.131299935281277e-05,0.0
29,36,Improved-gOMP,baseline,Improved-gOMP (baseline),128,256,0.5,gaussian,gaussian,clean,0.0,0.000442062255977499,0.021025276596932062,0.9444444444444444,0.9444444444444444,0,0.010134870997717371,15,36.0,0.07870255988073932,target_sparsity_reached,2,2,0.0010894280021602754,17.333333333333332,False,,0,0,3.2635868340830023,1.0,1.0,1.0,1.0,1.0,1.0,0.0,6128.0,1024.0,2048.0,0.0,0.0,0.0,2448.0,128.0,120.0,120.0,120.0,120.0,0.0,8.06520038167946e-05,0.0073529320034140255,0.0009543760024826042,0.00010192900299443863,0.0005395040061557665
29,36,Improved-gOMP,optimized,Improved-gOMP (optimized),128,256,0.5,gaussian,gaussian,clean,0.0,3.6518581302346284e-05,0.00604306059065655,0.9722222222222222,0.9722222222222222,0,0.0034169430000474676,15,36.0,0.024603372865871182,target_sparsity_reached,1,1,0.0004329780022089835,0.0,True,,0,0,3.1394556338596296,1.0,1.0,0.0,0.0,1.0,0.0,1.0,14272.0,1024.0,2048.0,0.0,10368.0,288.0,288.0,128.0,120.0,0.0,0.0,8.0,0.0,8.190999869839288e-05,0.0019234149949625134,0.0007469329939340241,0.00011180499859619886,0.00018094799816026352
0,40,OMP,baseline,OMP (baseline),128,256,0.5,gaussian,gaussian,clean,0.0,5.6597037292403646e-30,2.3790131839147855e-15,1.0,1.0,1,0.005411387999629369,40,40.0,1.22345293580102e-14,target_sparsity_reached,0,0,0.0028376519949233625,1.0,False,,0,0,3.193177480955058,0.0,0.0,0.0,0.0,0.0,0.0,0.0,10280.0,1024.0,2048.0,0.0,0.0,0.0,6560.0,328.0,0.0,0.0,0.0,320.0,0.0,0.00018348499725107104,0.0002732330103754066,0.0028376519949233625,0.0002889969910029322,0.0
0,40,OMP,optimized,OMP (optimized),128,256,0.5,gaussian,gaussian,clean,0.0,2.0463178676354642e-20,1.4304956720086448e-10,1.0,1.0,1,0.0016424179993919097,40,40.0,5.784875998304562e-10,target_sparsity_reached,0,0,0.0007364610064541921,1.0,True,,0,0,3.193177480955058,0.0,0.0,0.0,0.0,0.0,0.0,0.0,15056.0,1024.0,0.0,256.0,12800.0,320.0,320.0,328.0,0.0,0.0,0.0,8.0,0.0,0.00013565499102696776,5.5881002481328323e-05,0.0007364610064541921,0.00023539200265076943,0.00031399601357406937
0,40,gOMP,baseline,gOMP (baseline),128,256,0.5,gaussian,gaussian,clean,0.0,3.5040766863921385e-30,1.8719179165743725e-15,1.0,1.0,1,0.002382388000114588,14,40.0,9.934879932598865e-15,target_sparsity_reached,0,0,0.001162964996183291,3.0,False,,0,0,3.1931774809550566,0.0,0.0,0.0,0.0,0.0,0.0,0.0,6064.0,1024.0,2048.0,256.0,0.0,0.0,2504.0,120.0,0.0,0.0,0.0,112.0,0.0,6.664600005024113e-05,0.00023530399266746826,0.001162964996183291,0.00012232899098307826,0.0
0,40,gOMP,optimized,gOMP (optimized),128,256,0.5,gaussian,gaussian,clean,0.0,2.0463109117900717e-20,1.4304932407355415e-10,1.0,1.0,1,0.0006551970000145957,14,40.0,5.784862276977837e-10,target_sparsity_reached,0,0,0.0002679820026969537,3.0,True,,0,0,3.1931774809550566,0.0,0.0,0.0,0.0,0.0,0.0,0.0,1728.0,1024.0,0.0,256.0,0.0,0.0,320.0,120.0,0.0,0.0,0.0,8.0,0.0,5.308900654199533e-05,0.00010652200944605283,0.0002679820026969537,8.462899495498277e-05,0.0
0,40,Improved-gOMP,baseline,Improved-gOMP (baseline),128,256,0.5,gaussian,gaussian,clean,0.0,0.0009864122439120417,0.031407200510584224,0.95,0.95,0,0.014642809001088608,17,40.0,0.11075040143939756,target_sparsity_reached,2,2,0.0015715789959358517,17.352941176470587,False,,0,0,3.196743427831313,1.0,1.0,1.0,1.0,1.0,1.0,0.0,6912.0,1024.0,2048.0,0.0,0.0,0.0,3152.0,144.0,136.0,136.0,136.0,136.0,0.0,9.555999713484198e-05,0.010358809002354974,0.0014442220017372165,0.00013821800166624598,0.0011115139895991888
0,40,Improved-gOMP,optimized,Improved-gOMP (optimized),128,256,0.5,gaussian,gaussian,clean,0.0,2.046319238173878e-20,1.4304961510517524e-10,1.0,1.0,1,0.004406634001497878,17,40.0,5.784874841378015e-10,residual_tol,0,0,0.0005024300080549438,0.0,True,,0,0,3.1931774809550584,1.0,1.0,0.0,0.0,1.0,0.0,1.0,16800.0,1024.0,2048.0,0.0,12800.0,320.0,320.0,144.0,136.0,0.0,0.0,8.0,0.0,7.725699106231332e-05,0.0020768419963133056,0.0008132929979183245,0.0001435430021956563,0.0009091939973586705
1,40,OMP,baseline,OMP (baseline),128,256,0.5,gaussian,gaussian,clean,0.0,2.40552336926657e-30,1.5509749737718433e-15,1.0,1.0,1,0.005532207000214839,40,40.0,7.75031273904527e-15,target_sparsity_reached,0,0,0.0028112509935454,1.0,False,,0,0,3.179084213041276,0.0,0.0,0.0,0.0,0.0,0.0,0.0,10280.0,1024.0,2048.0,0.0,0.0,0.0,6560.0,328.0,0.0,0.0,0.0,320.0,0.0,0.0002204789998359047,0.00026721900212578475,0.0028112509935454,0.000384251990908524,0.0
1,40,OMP,optimized,OMP (optimized),128,256,0.5,gaussian,gaussian,clean,0.0,1.5693857680919176e-20,1.2527512794213852e-10,1.0,1.0,1,0.0018853300025511999,40,40.0,5.085268136747799e-10,target_sparsity_reached,0,0,0.0008623000139778014,1.0,True,,0,0,3.179084213041276,0.0,0.0,0.0,0.0,0.0,0.0,0.0,15056.0,1024.0,0.0,256.0,12800.0,320.0,320.0,328.0,0.0,0.0,0.0,8.0,0.0,0.0001938030000019353,5.369600694393739e-05,0.0008623000139778014,0.0002605199879326392,0.0003457380080362782
1,40,gOMP,baseline,gOMP (baseline),128,256,0.5,gaussian,gaussian,clean,0.0,5.8725143157713695e-05,0.007663233205228306,0.975,0.975,0,0.0021781889990961645,14,40.0,0.026041726852805768,target_sparsity_reached,1,1,0.0011237059989070985,3.0,False,,0,0,3.2792407797916026,0.0,0.0,0.0,0.0,0.0,0.0,0.0,6064.0,1024.0,2048.0,256.0,0.0,0.0,2504.0,120.0,0.0,0.0,0.0,112.0,0.0,7.338300201809034e-05,0.00014828099665464833,0.0011237059989070985,0.00011058000745833851,0.0
1,40,gOMP,optimized,gOMP (optimized),128,256,0.5,gaussian,gaussian,clean,0.0,5.872514319721261e-05,0.007663233207805476,0.975,0.975,0,0.0006268079996516462,14,40.0,0.026041726852805848,target_sparsity_reached,1,1,0.00025540499700582586,3.0,True,,0,0,3.2792407797916026,0.0,0.0,0.0,0.0,0.0,0.0,0.0,1728.0,1024.0,0.0,256.0,0.0,0.0,320.0,120.0,0.0,0.0,0.0,8.0,0.0,6.301800021901727e-05,9.999800386140123e-05,0.00025540499700582586,8.161000005202368e-05,0.0
1,40,Improved-gOMP,baseline,Improved-gOMP (baseline),128,256,0.5,gaussian,gaussian,clean,0.0,5.588023070350485e-05,0.007475308067464835,0.975,0.975,0,0.014171804999932647,18,40.0,0.02656130629832334,target_sparsity_reached,1,1,0.001442927990865428,16.72222222222222,False,,0,0,3.213392191048992,1.0,1.0,1.0,1.0,1.0,1.0,0.0,7072.0,1024.0,2048.0,0.0,0.0,0.0,3272.0,152.0,144.0,144.0,144.0,144.0,0.0,0.0001251439971383661,0.01021376000426244,0.001311982992774574,0.00013563000175054185,0.0009271599919884466
1,40,Improved-gOMP,optimized,Improved-gOMP (optimized),128,256,0.5,gaussian,gaussian,clean,0.0,1.569391197422542e-20,1.252753446382225e-10,1.0,1.0,1,0.0043423239985713735,18,40.0,5.085277237774559e-10,residual_tol,0,0,0.000496321987156989,0.0,True,,0,0,3.1790842130412753,1.0,1.0,0.0,0.0,1.0,0.0,1.0,16816.0,1024.0,2048.0,0.0,12800.0,320.0,320.0,152.0,144.0,0.0,0.0,8.0,0.0,9.680799848865718e-05,0.0020636539920815267,0.0008598650056228507,0.00013995599874760956,0.0007757820058031939
2,40,OMP,baseline,OMP (baseline),128,256,0.5,gaussian,gaussian,clean,0.0,0.00013392293086288034,0.011572507544299997,0.925,0.925,0,0.005232745999819599,40,40.0,0.05053310887362453,target_sparsity_reached,3,3,0.0026629870080796536,1.0,False,,0,0,3.3870288511904953,0.0,0.0,0.0,0.0,0.0,0.0,0.0,10280.0,1024.0,2048.0,0.0,0.0,0.0,6560.0,328.0,0.0,0.0,0.0,320.0,0.0,0.00020378900444484316,0.00027976899946224876,0.0026629870080796536,0.0003082410075876396,0.0
2,40,OMP,optimized,OMP (optimized),128,256,0.5,gaussian,gaussian,clean,0.0,0.00013392293011034543,0.011572507511786088,0.925,0.925,0,0.0015593009993608575,40,40.0,0.05053310887362449,target_sparsity_reached,3,3,0.0006792579843022395,1.0,True,,0,0,3.3870288511904953,0.0,0.0,0.0,0.0,0.0,0.0,0.0,15056.0,1024.0,0.0,256.0,12800.0,320.0,320.0,328.0,0.0,0.0,0.0,8.0,0.0,0.00013625098654301837,4.9617025069892406e-05,0.0006792579843022395,0.0002361189981456846,0.00030142800096655264
2,40,gOMP,baseline,gOMP (baseline),128,256,0.5,gaussian,gaussian,clean,0.0,2.7348687344605575e-05,0.005229597244970742,0.95,0.95,0,0.0019984310019935947,14,40.0,0.02108149525620171,target_sparsity_reached,2,2,0.0010212179913651198,3.0,False,,0,0,3.3511748113681294,0.0,0.0,0.0,0.0,0.0,0.0,0.0,6064.0,1024.0,2048.0,256.0,0.0,0.0,2504.0,120.0,0.0,0.0,0.0,112.0,0.0,6.265699630603194e-05,0.00013314701209310442,0.0010212179913651198,9.472000238019973e-05,0.0
2,40,gOMP,optimized,gOMP (optimized),128,256,0.5,gaussian,gaussian,clean,0.0,2.7348686911515373e-05,0.005229597203563136,0.95,0.95,0,0.0006689930014545098,14,40.0,0.02108149525620177,target_sparsity_reached,2,2,0.0002705750011955388,3.0,True,,0,0,3.3511748113681294,0.0,0.0,0.0,0.0,0.0,0.0,0.0,1728.0,1024.0,0.0,256.0,0.0,0.0,320.0,120.0,0.0,0.0,0.0,8.0,0.0,5.5517000873805955e-05,0.0001294350040552672,0.0002705750011955388,8.306600284413435e-05,0.0
2,40,Improved-gOMP,baseline,Improved-gOMP (baseline),128,256,0.5,gaussian,gaussian,clean,0.0,0.012338101416266073,0.11107700669475241,0.8,0.8,0,0.011432211998908315,16,40.0,0.39236938745678,target_sparsity_reached,8,8,0.0013274619923322462,18.4375,False,,0,0,4.04193134758865,1.0,1.0,1.0,1.0,1.0,1.0,0.0,6632.0,1024.0,2048.0,0.0,0.0,0.0,2912.0,136.0,128.0,128.0,128.0,128.0,0.0,8.967699977802113e-05,0.008395509990805294,0.0012021539987472352,0.00011413399988668971,0.00034287499147467315
2,40,Improved-gOMP,optimized,Improved-gOMP (optimized),128,256,0.5,gaussian,gaussian,clean,0.0,6.322760373419963e-06,0.0025145099668563583,0.975,0.975,0,0.004449708001629915,17,40.0,0.011623222511263964,target_sparsity_reached,1,1,0.0004739260039059445,0.0,True,,0,0,3.1758441697515707,1.0,1.0,0.0,0.0,1.0,0.0,1.0,16800.0,1024.0,2048.0,0.0,12800.0,320.0,320.0,144.0,136.0,0.0,0.0,8.0,0.0,7.638199531356804e-05,0.001983150992600713,0.0008043769994401373,0.00013449099424178712,0.0010463019934832118
3,40,OMP,baseline,OMP (baseline),128,256,0.5,gaussian,gaussian,clean,0.0,2.927871737740557e-30,1.7111024918866073e-15,1.0,1.0,1,0.004950668000674341,40,40.0,1.3436309389827805e-14,target_sparsity_reached,0,0,0.0025402429928362835,1.0,False,,0,0,3.267041795715797,0.0,0.0,0.0,0.0,0.0,0.0,0.0,10280.0,1024.0,2048.0,0.0,0.0,0.0,6560.0,328.0,0.0,0.0,0.0,320.0,0.0,0.00020093899001949467,0.00025207200087606907,0.0025402429928362835,0.0002827030075422954,0.0
3,40,OMP,optimized,OMP (optimized),128,256,0.5,gaussian,gaussian,clean,0.0,1.948144958197435e-20,1.3957596348216392e-10,1.0,1.0,1,0.0016868069978954736,40,40.0,8.282882057961004e-10,target_sparsity_reached,0,0,0.0007170140052039642,1.0,True,,0,0,3.267041795715797,0.0,0.0,0.0,0.0,0.0,0.0,0.0,15056.0,1024.0,0.0,256.0,12800.0,320.0,320.0,328.0,0.0,0.0,0.0,8.0,0.0,0.00018864998855860904,5.638100628857501e-05,0.0007170140052039642,0.0002492680032446515,0.0003168239854858257
3,40,gOMP,baseline,gOMP (baseline),128,256,0.5,gaussian,gaussian,clean,0.0,0.0038231881194901495,0.061831934463432,0.875,0.875,0,0.001990991997445235,14,40.0,0.3301743990671971,target_sparsity_reached,5,5,0.0009935460038832389,3.0,False,,0,0,3.3378617525245713,0.0,0.0,0.0,0.0,0.0,0.0,0.0,6064.0,1024.0,2048.0,256.0,0.0,0.0,2504.0,120.0,0.0,0.0,0.0,112.0,0.0,6.915199992363341e-05,0.0001387770098517649,0.0009935460038832389,9.565800792188384e-05,0.0
3,40,gOMP,optimized,gOMP (optimized),128,256,0.5,gaussian,gaussian,clean,0.0,0.003823188118778597,0.061831934457678074,0.875,0.875,0,0.0006183810000948142,14,40.0,0.33017439906719714,target_sparsity_reached,5,5,0.0002474310058460105,3.0,True,,0,0,3.3378617525245713,0.0,0.0,0.0,0.0,0.0,0.0,0.0,1728.0,1024.0,0.0,256.0,0.0,0.0,320.0,120.0,0.0,0.0,0.0,8.0,0.0,6.072299584047869e-05,0.00010135799675481394,0.0002474310058460105,8.253700070781633e-05,0.0
3,40,Improved-gOMP,baseline,Improved-gOMP (baseline),128,256,0.5,gaussian,gaussian,clean,0.0,0.00046618660721570057,0.02159135491847838,0.975,0.975,0,0.012954221998370485,17,40.0,0.11045596212362548,target_sparsity_reached,1,1,0.0014849180006422102,17.764705882352942,False,,0,0,3.4214029240002053,1.0,1.0,1.0,1.0,1.0,1.0,0.0,6816.0,1024.0,2048.0,0.0,0.0,0.0,3056.0,144.0,136.0,136.0,136.0,136.0,0.0,0.00013926899555372074,0.00953604500318761,0.001331099989329232,0.0001386179901601281,0.0003393010010768194
3,40,Improved-gOMP,optimized,Improved-gOMP (optimized),128,256,0.5,gaussian,gaussian,clean,0.0,0.00121489108829574,0.03485528780968162,0.95,0.95,0,0.004836043997784145,17,40.0,0.17473492066670102,target_sparsity_reached,2,2,0.000464145985461073,0.0,True,,0,0,3.157220517617457,1.0,1.0,0.0,0.0,1.0,0.0,1.0,16800.0,1024.0,2048.0,0.0,12800.0,320.0,320.0,144.0,136.0,0.0,0.0,8.0,0.0,8.38410051073879e-05,0.0020368949917610735,0.0007811200011929031,0.00011878899385919794,0.001418355001078453
4,40,OMP,baseline,OMP (baseline),128,256,0.5,gaussian,gaussian,clean,0.0,7.036088378611639e-05,0.008388139471069637,0.95,0.95,0,0.0067561759969976265,40,40.0,0.03151184300486556,target_sparsity_reached,2,2,0.003120566005236469,1.0,False,,0,0,3.5420682340725844,0.0,0.0,0.0,0.0,0.0,0.0,0.0,10280.0,1024.0,2048.0,0.0,0.0,0.0,6560.0,328.0,0.0,0.0,0.0,320.0,0.0,0.00024145800489350222,0.0003974290120822843,0.003120566005236469,0.0005470230025821365,0.0
4,40,OMP,optimized,OMP (optimized),128,256,0.5,gaussian,gaussian,clean,0.0,7.036088368826411e-05,0.008388139465236859,0.95,0.95,0,0.001575063000927912,40,40.0,0.031511843004865425,target_sparsity_reached,2,2,0.0006973330018809065,1.0,True,,0,0,3.5420682340725844,0.0,0.0,0.0,0.0,0.0,0.0,0.0,15056.0,1024.0,0.0,256.0,12800.0,320.0,320.0,328.0,0.0,0.0,0.0,8.0,0.0,0.00013500798377208412,4.873700163443573e-05,0.0006973330018809065,0.00022949399499339052,0.00030384100682567805
4,40,gOMP,baseline,gOMP (baseline),128,256,0.5,gaussian,gaussian,clean,0.0,1.799254752351106e-05,0.004241762313415388,0.975,0.975,0,0.0023139279983297456,14,40.0,0.014841193453265329,target_sparsity_reached,1,1,0.0011615470066317357,3.0,False,,0,0,3.400581808456805,0.0,0.0,0.0,0.0,0.0,0.0,0.0,6064.0,1024.0,2048.0,256.0,0.0,0.0,2504.0,120.0,0.0,0.0,0.0,112.0,0.0,8.211999738705344e-05,0.00018161300249630585,0.0011615470066317357,0.00011645499398582615,0.0
4,40,gOMP,optimized,gOMP (optimized),128,256,0.5,gaussian,gaussian,clean,0.0,1.799254761582879e-05,0.004241762324297389,0.975,0.975,0,0.0007685929995204788,14,40.0,0.014841193453265445,target_sparsity_reached,1,1,0.0003401000030862633,3.0,True,,0,0,3.400581808456805,0.0,0.0,0.0,0.0,0.0,0.0,0.0,1728.0,1024.0,0.0,256.0,0.0,0.0,320.0,120.0,0.0,0.0,0.0,8.0,0.0,5.3968997235642746e-05,0.00014630599252996035,0.0003401000030862633,9.236800178769045e-05,0.0
4,40,Improved-gOMP,baseline,Improved-gOMP (baseline),128,256,0.5,gaussian,gaussian,clean,0.0,0.0002672595707971959,0.01634807544627795,0.925,0.925,0,0.014960270000301534,17,40.0,0.06508421599369243,target_sparsity_reached,3,3,0.0014752739953109995,17.470588235294116,False,,0,0,3.6465198783161106,1.0,1.0,1.0,1.0,1.0,1.0,0.0,6912.0,1024.0,2048.0,0.0,0.0,0.0,3152.0,144.0,136.0,136.0,136.0,136.0,0.0,9.20329948712606e-05,0.010989460999553557,0.0013376340066315606,0.0001369190104014706,0.0010020109984907322
4,40,Improved-gOMP,optimized,Improved-gOMP (optimized),128,256,0.5,gaussian,gaussian,clean,0.0,6.958681435014986e-05,0.008341871154012742,0.95,0.95,0,0.005315269001584966,17,40.0,0.03155364968173961,target_sparsity_reached,2,2,0.0005385159929574002,0.0,True,,0,0,3.608917564676933,1.0,1.0,0.0,0.0,1.0,0.0,1.0,16800.0,1024.0,2048.0,0.0,12800.0,320.0,320.0,144.0,136.0,0.0,0.0,8.0,0.0,8.282598719233647e-05,0.002562878005846869,0.0009303989972977433,0.00013955300528323278,0.0011901370016857982
5,40,OMP,baseline,OMP (baseline),128,256,0.5,gaussian,gaussian,clean,0.0,5.696785631989805e-05,0.007547705367851746,0.975,0.975,0,0.0056659229994693305,40,40.0,0.028285709945387927,target_sparsity_reached,1,1,0.002871740984119242,1.0,False,,0,0,3.0285754127955067,0.0,0.0,0.0,0.0,0.0,0.0,0.0,10280.0,1024.0,2048.0,0.0,0.0,0.0,6560.0,328.0,0.0,0.0,0.0,320.0,0.0,0.0002242740010842681,0.00027264500386081636,0.002871740984119242,0.0003686560012283735,0.0
5,40,OMP,optimized,OMP (optimized),128,256,0.5,gaussian,gaussian,clean,0.0,5.69678558428071e-05,0.007547705336246712,0.975,0.975,0,0.0019189790000382345,40,40.0,0.02828570994538784,target_sparsity_reached,1,1,0.0007780599880788941,1.0,True,,0,0,3.0285754127955067,0.0,0.0,0.0,0.0,0.0,0.0,0.0,15056.0,1024.0,0.0,256.0,12800.0,320.0,320.0,328.0,0.0,0.0,0.0,8.0,0.0,0.00018656100291991606,5.481898915604688e-05,0.0007780599880788941,0.00025708698740345426,0.0004504020034801215
5,40,gOMP,baseline,gOMP (baseline),128,256,0.5,gaussian,gaussian,clean,0.0,1.03746632320449e-30,1.0185609079502757e-15,1.0,1.0,1,0.0022115430001576897,14,40.0,5.259604912064069e-15,target_sparsity_reached,0,0,0.0011023479964933358,3.0,False,,0,0,3.050414911464587,0.0,0.0,0.0,0.0,0.0,0.0,0.0,6064.0,1024.0,2048.0,256.0,0.0,0.0,2504.0,120.0,0.0,0.0,0.0,112.0,0.0,7.798100341460668e-05,0.00017822300651459955,0.0011023479964933358,0.00011385499965399504,0.0
5,40,gOMP,optimized,gOMP (optimized),128,256,0.5,gaussian,gaussian,clean,0.0,4.2137700832729435e-20,2.0527469603613945e-10,1.0,1.0,1,0.0006640570027229842,14,40.0,7.277232894894859e-10,target_sparsity_reached,0,0,0.00026673299362300895,3.0,True,,0,0,3.050414911464587,0.0,0.0,0.0,0.0,0.0,0.0,0.0,1728.0,1024.0,0.0,256.0,0.0,0.0,320.0,120.0,0.0,0.0,0.0,8.0,0.0,6.007399861118756e-05,0.00011292501221760176,0.00026673299362300895,8.548199912183918e-05,0.0
5,40,Improved-gOMP,baseline,Improved-gOMP (baseline),128,256,0.5,gaussian,gaussian,clean,0.0,2.6407004548117776e-30,1.6250232166993116e-15,1.0,1.0,1,0.015550838001217926,17,40.0,8.641272479320435e-15,residual_tol,0,0,0.0014462280087172985,17.58823529411765,False,,0,0,3.1645409206527395,1.0,1.0,1.0,1.0,1.0,1.0,0.0,6912.0,1024.0,2048.0,0.0,0.0,0.0,3152.0,144.0,136.0,136.0,136.0,136.0,0.0,0.0001402770030836109,0.011443965009675594,0.0013200550056353677,0.00013361000674194656,0.000905033008166356
5,40,Improved-gOMP,optimized,Improved-gOMP (optimized),128,256,0.5,gaussian,gaussian,clean,0.0,4.2137593615935985e-20,2.0527443488154093e-10,1.0,1.0,1,0.004614175999449799,17,40.0,7.277223508398835e-10,residual_tol,0,0,0.000529024993738858,0.0,True,,0,0,3.050414911464585,1.0,1.0,0.0,0.0,1.0,0.0,1.0,16800.0,1024.0,2048.0,0.0,12800.0,320.0,320.0,144.0,136.0,0.0,0.0,8.0,0.0,9.673000386101194e-05,0.002258266002172604,0.0009073360051843338,0.00015498700304306112,0.0007652640088053886
6,40,OMP,baseline,OMP (baseline),128,256,0.5,gaussian,gaussian,clean,0.0,1.931279312500214e-30,1.3897047573136582e-15,1.0,1.0,1,0.005755398997280281,40,40.0,8.942605687818107e-15,target_sparsity_reached,0,0,0.0029270649938553106,1.0,False,,0,0,3.17210906547375,0.0,0.0,0.0,0.0,0.0,0.0,0.0,10280.0,1024.0,2048.0,0.0,0.0,0.0,6560.0,328.0,0.0,0.0,0.0,320.0,0.0,0.000193290994502604,0.00027666997630149126,0.0029270649938553106,0.00032515898419660516,0.0
6,40,OMP,optimized,OMP (optimized),128,256,0.5,gaussian,gaussian,clean,0.0,1.783341833903607e-20,1.3354182243415757e-10,1.0,1.0,1,0.0017073559974960517,40,40.0,6.709357816784047e-10,target_sparsity_reached,0,0,0.0007469269839930348,1.0,True,,0,0,3.17210906547375,0.0,0.0,0.0,0.0,0.0,0.0,0.0,15056.0,1024.0,0.0,256.0,12800.0,320.0,320.0,328.0,0.0,0.0,0.0,8.0,0.0,0.0001476480028941296,6.301398389041424e-05,0.0007469269839930348,0.00024213299911934882,0.0003443249879637733
6,40,gOMP,baseline,gOMP (baseline),128,256,0.5,gaussian,gaussian,clean,0.0,0.00012065443663372295,0.010984281343525526,0.975,0.975,0,0.0020081779985048342,14,40.0,0.04730681027637157,target_sparsity_reached,1,1,0.0010032659993157722,3.0,False,,0,0,3.187270671108561,0.0,0.0,0.0,0.0,0.0,0.0,0.0,6064.0,1024.0,2048.0,256.0,0.0,0.0,2504.0,120.0,0.0,0.0,0.0,112.0,0.0,5.916499503655359e-05,0.00015626999447704293,0.0010032659993157722,8.777400216786191e-05,0.0
6,40,gOMP,optimized,gOMP (optimized),128,256,0.5,gaussian,gaussian,clean,0.0,0.0001206544368726272,0.01098428135440035,0.975,0.975,0,0.0007990279991645366,14,40.0,0.04730681027637159,target_sparsity_reached,1,1,0.0002944759980891831,3.0,True,,0,0,3.187270671108561,0.0,0.0,0.0,0.0,0.0,0.0,0.0,1728.0,1024.0,0.0,256.0,0.0,0.0,320.0,120.0,0.0,0.0,0.0,8.0,0.0,8.446699575870298e-05,0.00012489700384321623,0.0002944759980891831,0.0001509549983893521,0.0
6,40,Improved-gOMP,baseline,Improved-gOMP (baseline),128,256,0.5,gaussian,gaussian,clean,0.0,0.001194798057818128,0.03456585103564106,0.925,0.925,0,0.013984582001285162,17,40.0,0.13698193952653864,target_sparsity_reached,3,3,0.0015451000072062016,17.352941176470587,False,,0,0,3.2587883766048282,1.0,1.0,1.0,1.0,1.0,1.0,0.0,6912.0,1024.0,2048.0,0.0,0.0,0.0,3152.0,144.0,136.0,136.0,136.0,136.0,0.0,9.581000631442294e-05,0.0099610949982889,0.0014419859944609925,0.0001246859937964473,0.000998378985968884
6,40,Improved-gOMP,optimized,Improved-gOMP (optimized),128,256,0.5,gaussian,gaussian,clean,0.0,0.00012065443687262923,0.010984281354400443,0.975,0.975,0,0.0036007449998578522,17,40.0,0.04730681027637146,target_sparsity_reached,1,1,0.0004599459898599889,0.0,True,,0,0,3.1872706711085605,1.0,1.0,0.0,0.0,1.0,0.0,1.0,16800.0,1024.0,2048.0,0.0,12800.0,320.0,320.0,144.0,136.0,0.0,0.0,8.0,0.0,7.684900629101321e-05,0.0020615999928850215,0.0007871310081100091,0.0001209720030601602,0.00017743399439495988
7,40,OMP,baseline,OMP (baseline),128,256,0.5,gaussian,gaussian,clean,0.0,2.7374625097587727e-30,1.6545278812273828e-15,1.0,1.0,1,0.005237091001617955,40,40.0,9.592355142054175e-15,target_sparsity_reached,0,0,0.002651705995958764,1.0,False,,0,0,3.122322514462299,0.0,0.0,0.0,0.0,0.0,0.0,0.0,10280.0,1024.0,2048.0,0.0,0.0,0.0,6560.0,328.0,0.0,0.0,0.0,320.0,0.0,0.0002257529995404184,0.000274216006800998,0.002651705995958764,0.0003124370050500147,0.0
7,40,OMP,optimized,OMP (optimized),128,256,0.5,gaussian,gaussian,clean,0.0,1.8305934164111045e-20,1.352994241085713e-10,1.0,1.0,1,0.0016738550002628472,40,40.0,6.299421439117002e-10,target_sparsity_reached,0,0,0.000724302986782277,1.0,True,,0,0,3.122322514462299,0.0,0.0,0.0,0.0,0.0,0.0,0.0,15056.0,1024.0,0.0,256.0,12800.0,320.0,320.0,328.0,0.0,0.0,0.0,8.0,0.0,0.0001693299927865155,5.56699960725382e-05,0.000724302986782277,0.00023672399402130395,0.00032486600684933364
7,40,gOMP,baseline,gOMP (baseline),128,256,0.5,gaussian,gaussian,clean,0.0,3.7957684207232433e-06,0.0019482731894483493,0.975,0.975,0,0.002042847998382058,14,40.0,0.007514021368833403,target_sparsity_reached,1,1,0.001047120000293944,3.0,False,,0,0,3.055674490933798,0.0,0.0,0.0,0.0,0.0,0.0,0.0,6064.0,1024.0,2048.0,256.0,0.0,0.0,2504.0,120.0,0.0,0.0,0.0,112.0,0.0,6.932799442438409e-05,0.0001410509976267349,0.001047120000293944,0.00010373700570198707,0.0
7,40,gOMP,optimized,gOMP (optimized),128,256,0.5,gaussian,gaussian,clean,0.0,3.795768381470879e-06,0.0019482731793747199,0.975,0.975,0,0.0009339450007246342,14,40.0,0.007514021368833404,target_sparsity_reached,1,1,0.0003205479952157475,3.0,True,,0,0,3.055674490933798,0.0,0.0,0.0,0.0,0.0,0.0,0.0,1728.0,1024.0,0.0,256.0,0.0,0.0,320.0,120.0,0.0,0.0,0.0,8.0,0.0,6.50060064799618e-05,0.00011728499521268532,0.0003205479952157475,0.00011141300274175592,0.0
7,40,Improved-gOMP,baseline,Improved-gOMP (baseline),128,256,0.5,gaussian,gaussian,clean,0.0,3.893670664653705e-06,0.001973238623343286,0.975,0.975,0,0.015260209998814389,17,40.0,0.007416760012766824,target_sparsity_reached,1,1,0.001460890009184368,17.823529411764707,False,,0,0,3.165781567617159,1.0,1.0,1.0,1.0,1.0,1.0,0.0,6912.0,1024.0,2048.0,0.0,0.0,0.0,3152.0,144.0,136.0,136.0,136.0,136.0,0.0,0.00013831700198352337,0.011040536992368288,0.0013480119996529538,0.00014736100274603814,0.0009423850096936803
7,40,Improved-gOMP,optimized,Improved-gOMP (optimized),128,256,0.5,gaussian,gaussian,clean,0.0,3.793250423479601e-06,0.0019476268696748875,0.975,0.975,0,0.0045420450005622115,17,40.0,0.00744586890117683,target_sparsity_reached,1,1,0.0004873630023212172,0.0,True,,0,0,3.0235403430017094,1.0,1.0,0.0,0.0,1.0,0.0,1.0,16800.0,1024.0,2048.0,0.0,12800.0,320.0,320.0,144.0,136.0,0.0,0.0,8.0,0.0,8.625199188827537e-05,0.0020768469912582077,0.0008278150089608971,0.00014606001059291884,0.0010213160057901405
8,40,OMP,baseline,OMP (baseline),128,256,0.5,gaussian,gaussian,clean,0.0,0.00010726066698692503,0.010356672582780873,0.975,0.975,0,0.005161783999938052,40,40.0,0.04425890046243702,target_sparsity_reached,1,1,0.002632968007674208,1.0,False,,0,0,3.446058955269633,0.0,0.0,0.0,0.0,0.0,0.0,0.0,10280.0,1024.0,2048.0,0.0,0.0,0.0,6560.0,328.0,0.0,0.0,0.0,320.0,0.0,0.00020888001017738134,0.0002610630035633221,0.002632968007674208,0.0002997680057887919,0.0
8,40,OMP,optimized,OMP (optimized),128,256,0.5,gaussian,gaussian,clean,0.0,0.0001072606673518913,0.010356672600400733,0.975,0.975,0,0.0016317879999405704,40,40.0,0.04425890046243696,target_sparsity_reached,1,1,0.0007083700002112892,1.0,True,,0,0,3.446058955269633,0.0,0.0,0.0,0.0,0.0,0.0,0.0,15056.0,1024.0,0.0,256.0,12800.0,320.0,320.0,328.0,0.0,0.0,0.0,8.0,0.0,0.00014547899627359584,5.120700370753184e-05,0.0007083700002112892,0.0002304980080225505,0.00033501701182103716
8,40,gOMP,baseline,gOMP (baseline),128,256,0.5,gaussian,gaussian,clean,0.0,4.356282870477652e-30,2.0871710208983e-15,1.0,1.0,1,0.002293973997439025,14,40.0,1.5038688305912438e-14,target_sparsity_reached,0,0,0.0011428440011513885,3.0,False,,0,0,3.4939900847894783,0.0,0.0,0.0,0.0,0.0,0.0,0.0,6064.0,1024.0,2048.0,256.0,0.0,0.0,2504.0,120.0,0.0,0.0,0.0,112.0,0.0,8.990100468508899e-05,0.0001573670051584486,0.0011428440011513885,0.00011089900363003835,0.0
8,40,gOMP,optimized,gOMP (optimized),128,256,0.5,gaussian,gaussian,clean,0.0,3.2947730911095037e-20,1.815150983006511e-10,1.0,1.0,1,0.000666351003019372,14,40.0,7.957385135857016e-10,target_sparsity_reached,0,0,0.0002717810020840261,3.0,True,,0,0,3.4939900847894783,0.0,0.0,0.0,0.0,0.0,0.0,0.0,1728.0,1024.0,0.0,256.0,0.0,0.0,320.0,120.0,0.0,0.0,0.0,8.0,0.0,5.2845000027446076e-05,0.00011162899318151176,0.0002717810020840261,9.81130033324007e-05,0.0
8,40,Improved-gOMP,baseline,Improved-gOMP (baseline),128,256,0.5,gaussian,gaussian,clean,0.0,3.406548210554593e-30,1.845683670230246e-15,1.0,1.0,1,0.01169180700162542,17,40.0,1.2201085541391853e-14,residual_tol,0,0,0.0013263070031825919,17.58823529411765,False,,0,0,3.4939900847894774,1.0,1.0,1.0,1.0,1.0,1.0,0.0,6816.0,1024.0,2048.0,0.0,0.0,0.0,3056.0,144.0,136.0,136.0,136.0,136.0,0.0,9.510599920758978e-05,0.00870400800704374,0.0011950150001212023,0.00010998599100275896,0.00029444199753925204
8,40,Improved-gOMP,optimized,Improved-gOMP (optimized),128,256,0.5,gaussian,gaussian,clean,0.0,3.294796404657167e-20,1.8151574049258557e-10,1.0,1.0,1,0.003935902001103386,17,40.0,7.957404907141978e-10,residual_tol,0,0,0.0005085560005682055,0.0,True,,0,0,3.4939900847894783,1.0,1.0,0.0,0.0,1.0,0.0,1.0,16800.0,1024.0,2048.0,0.0,12800.0,320.0,320.0,144.0,136.0,0.0,0.0,8.0,0.0,7.889699190855026e-05,0.002215162996435538,0.0008939449944591615,0.00012625100134755485,0.00023050199524732307
9,40,OMP,baseline,OMP (baseline),128,256,0.5,gaussian,gaussian,clean,0.0,8.891659315238171e-07,0.0009429559541801607,0.975,0.975,0,0.005073788001027424,40,40.0,0.004902151720438208,target_sparsity_reached,1,1,0.0025091319912462495,1.0,False,,0,0,3.5276873876282426,0.0,0.0,0.0,0.0,0.0,0.0,0.0,10280.0,1024.0,2048.0,0.0,0.0,0.0,6560.0,328.0,0.0,0.0,0.0,320.0,0.0,0.00021615999867208302,0.0002540339992265217,0.0025091319912462495,0.00029889199504395947,0.0
9,40,OMP,optimized,OMP (optimized),128,256,0.5,gaussian,gaussian,clean,0.0,8.891659605084704e-07,0.0009429559695491992,0.975,0.975,0,0.0015755799977341667,40,40.0,0.004902151720438005,target_sparsity_reached,1,1,0.0006699510013277177,1.0,True,,0,0,3.5276873876282426,0.0,0.0,0.0,0.0,0.0,0.0,0.0,15056.0,1024.0,0.0,256.0,12800.0,320.0,320.0,328.0,0.0,0.0,0.0,8.0,0.0,0.00016239702017628588,6.512600157293491e-05,0.0006699510013277177,0.00022312299915938638,0.00029984199500177056
9,40,gOMP,baseline,gOMP (baseline),128,256,0.5,gaussian,gaussian,clean,0.0,8.94009239090412e-07,0.0009455206180144419,0.975,0.975,0,0.001992089000850683,14,40.0,0.004899476171610665,target_sparsity_reached,1,1,0.001008485003694659,3.0,False,,0,0,3.549995918381924,0.0,0.0,0.0,0.0,0.0,0.0,0.0,6064.0,1024.0,2048.0,256.0,0.0,0.0,2504.0,120.0,0.0,0.0,0.0,112.0,0.0,7.556600030511618e-05,0.00013901399870519526,0.001008485003694659,9.706200944492593e-05,0.0
9,40,gOMP,optimized,gOMP (optimized),128,256,0.5,gaussian,gaussian,clean,0.0,8.940092689873161e-07,0.0009455206338241995,0.975,0.975,0,0.0006255949992919341,14,40.0,0.004899476171610833,target_sparsity_reached,1,1,0.00025475400252616964,3.0,True,,0,0,3.549995918381924,0.0,0.0,0.0,0.0,0.0,0.0,0.0,1728.0,1024.0,0.0,256.0,0.0,0.0,320.0,120.0,0.0,0.0,0.0,8.0,0.0,5.867300205864012e-05,0.00010191599722020328,0.00025475400252616964,8.309800978167914e-05,0.0
9,40,Improved-gOMP,baseline,Improved-gOMP (baseline),128,256,0.5,gaussian,gaussian,clean,0.0,0.0001462183476169908,0.01209207788665748,0.925,0.925,0,0.01576540600217413,17,40.0,0.0537616860172884,target_sparsity_reached,3,3,0.0016804159895400517,17.705882352941178,False,,0,0,3.4469468683976765,1.0,1.0,1.0,1.0,1.0,1.0,0.0,6912.0,1024.0,2048.0,0.0,0.0,0.0,3152.0,144.0,136.0,136.0,136.0,136.0,0.0,0.00011842900130432099,0.010892610996961594,0.0015319160083890893,0.0001941130103659816,0.0014390930045919959
9,40,Improved-gOMP,optimized,Improved-gOMP (optimized),128,256,0.5,gaussian,gaussian,clean,0.0,8.841397413419706e-07,0.000940287052629127,0.975,0.975,0,0.0044837810019089375,17,40.0,0.004908395850975427,target_sparsity_reached,1,1,0.000639663001493318,0.0,True,,0,0,3.4996872499814202,1.0,1.0,0.0,0.0,1.0,0.0,1.0,16800.0,1024.0,2048.0,0.0,12800.0,320.0,320.0,144.0,136.0,0.0,0.0,8.0,0.0,9.525400309939869e-05,0.002544696006225422,0.001054282005497953,0.0001885479869088158,0.00018131300748791546
10,40,OMP,baseline,OMP (baseline),128,256,0.5,gaussian,gaussian,clean,0.0,5.503554906443177e-30,2.345965666083623e-15,1.0,1.0,1,0.004865282997343456,40,40.0,1.4958185675462704e-14,target_sparsity_reached,0,0,0.002512884013412986,1.0,False,,0,0,2.991617844180419,0.0,0.0,0.0,0.0,0.0,0.0,0.0,10280.0,1024.0,2048.0,0.0,0.0,0.0,6560.0,328.0,0.0,0.0,0.0,320.0,0.0,0.00016845900245243683,0.00024870498964446597,0.002512884013412986,0.00026121100381715223,0.0
10,40,OMP,optimized,OMP (optimized),128,256,0.5,gaussian,gaussian,clean,0.0,2.00675013636598e-20,1.4165980856848497e-10,1.0,1.0,1,0.0025805449986364692,40,40.0,6.343398911674084e-10,target_sparsity_reached,0,0,0.001191611991089303,1.0,True,,0,0,2.991617844180419,0.0,0.0,0.0,0.0,0.0,0.0,0.0,15056.0,1024.0,0.0,256.0,12800.0,320.0,320.0,328.0,0.0,0.0,0.0,8.0,0.0,0.00023068799782777205,7.342600656556897e-05,0.001191611991089303,0.00033759401412680745,0.0005574030001298524
10,40,gOMP,baseline,gOMP (baseline),128,256,0.5,gaussian,gaussian,clean,0.0,3.0864479263826194e-08,0.00017568289405581352,0.975,0.975,0,0.002115701001457637,14,40.0,0.0006315852545973435,target_sparsity_reached,1,1,0.00110167400634964,3.0,False,,0,0,3.025463119185057,0.0,0.0,0.0,0.0,0.0,0.0,0.0,6064.0,1024.0,2048.0,256.0,0.0,0.0,2504.0,120.0,0.0,0.0,0.0,112.0,0.0,6.034599937265739e-05,0.00014979299885453656,0.00110167400634964,0.00010153500261367299,0.0
10,40,gOMP,optimized,gOMP (optimized),128,256,0.5,gaussian,gaussian,clean,0.0,3.086448287808495e-08,0.000175682904342127,0.975,0.975,0,0.0006138149983598851,14,40.0,0.00063158525459785,target_sparsity_reached,1,1,0.00026120300390175544,3.0,True,,0,0,3.025463119185057,0.0,0.0,0.0,0.0,0.0,0.0,0.0,1728.0,1024.0,0.0,256.0,0.0,0.0,320.0,120.0,0.0,0.0,0.0,8.0,0.0,4.919500133837573e-05,0.00010099700011778623,0.00026120300390175544,8.020300083444454e-05,0.0
10,40,Improved-gOMP,baseline,Improved-gOMP (baseline),128,256,0.5,gaussian,gaussian,clean,0.0,1.0240433090185461e-05,0.003200067669625982,0.95,0.95,0,0.011379135001334362,17,40.0,0.012481644794773488,target_sparsity_reached,2,2,0.0013176129941712134,17.88235294117647,False,,0,0,2.9044724999661153,1.0,1.0,1.0,1.0,1.0,1.0,0.0,6816.0,1024.0,2048.0,0.0,0.0,0.0,3056.0,144.0,136.0,136.0,136.0,136.0,0.0,8.703400089871138e-05,0.008446006995654898,0.0011913150010514073,0.00010789899170049466,0.0002962600010505412
10,40,Improved-gOMP,optimized,Improved-gOMP (optimized),128,256,0.5,gaussian,gaussian,clean,0.0,3.0864482878079404e-08,0.00017568290434211124,0.975,0.975,0,0.005583250000199769,17,40.0,0.0006315852545977508,target_sparsity_reached,1,1,0.0007430009973177221,0.0,True,,0,0,3.025463119185059,1.0,1.0,0.0,0.0,1.0,0.0,1.0,16800.0,1024.0,2048.0,0.0,12800.0,320.0,320.0,144.0,136.0,0.0,0.0,8.0,0.0,0.00014012600877322257,0.0034201849884993862,0.0011801269974967,0.00014402299711946398,0.00017739899340085685
11,40,OMP,baseline,OMP (baseline),128,256,0.5,gaussian,gaussian,clean,0.0,7.100906062222525e-05,0.008426687405037953,0.975,0.975,0,0.005071587998827454,40,40.0,0.03622537075385065,target_sparsity_reached,1,1,0.002573893994849641,1.0,False,,0,0,3.279396923529853,0.0,0.0,0.0,0.0,0.0,0.0,0.0,10280.0,1024.0,2048.0,0.0,0.0,0.0,6560.0,328.0,0.0,0.0,0.0,320.0,0.0,0.000211722006497439,0.00024792200929368846,0.002573893994849641,0.00029753399212495424,0.0
11,40,OMP,optimized,OMP (optimized),128,256,0.5,gaussian,gaussian,clean,0.0,7.100906085187551e-05,0.008426687418664319,0.975,0.975,0,0.0015996909969544504,40,40.0,0.03622537075385075,target_sparsity_reached,1,1,0.0006706479980493896,1.0,True,,0,0,3.279396923529853,0.0,0.0,0.0,0.0,0.0,0.0,0.0,15056.0,1024.0,0.0,256.0,12800.0,320.0,320.0,328.0,0.0,0.0,0.0,8.0,0.0,0.00017414697504136711,4.781401003128849e-05,0.0006706479980493896,0.00022280599660007283,0.000324692991853226
11,40,gOMP,baseline,gOMP (baseline),128,256,0.5,gaussian,gaussian,clean,0.0,0.0018390028185610685,0.04288359614772377,0.9,0.9,0,0.002254499999253312,14,40.0,0.195060234058777,target_sparsity_reached,4,4,0.0011401109986763913,3.0,False,,0,0,3.2511711328910398,0.0,0.0,0.0,0.0,0.0,0.0,0.0,6064.0,1024.0,2048.0,256.0,0.0,0.0,2504.0,120.0,0.0,0.0,0.0,112.0,0.0,7.506599649786949e-05,0.0001450889940315392,0.0011401109986763913,0.0001346649951301515,0.0
11,40,gOMP,optimized,gOMP (optimized),128,256,0.5,gaussian,gaussian,clean,0.0,0.001839002820518583,0.04288359617054734,0.9,0.9,0,0.0006945019995328039,14,40.0,0.19506023405877693,target_sparsity_reached,4,4,0.0002903280073951464,3.0,True,,0,0,3.2511711328910398,0.0,0.0,0.0,0.0,0.0,0.0,0.0,1728.0,1024.0,0.0,256.0,0.0,0.0,320.0,120.0,0.0,0.0,0.0,8.0,0.0,6.84870065015275e-05,0.00011102700227638707,0.0002903280073951464,9.758899250300601e-05,0.0
11,40,Improved-gOMP,baseline,Improved-gOMP (baseline),128,256,0.5,gaussian,gaussian,clean,0.0,0.0007084292702891792,0.02661633465166042,0.925,0.925,0,0.014155261000269093,16,40.0,0.12205864292845496,target_sparsity_reached,3,3,0.0014429039911192376,18.375,False,,0,0,3.5859692380622135,1.0,1.0,1.0,1.0,1.0,1.0,0.0,6704.0,1024.0,2048.0,0.0,0.0,0.0,2984.0,136.0,128.0,128.0,128.0,128.0,0.0,0.00010332500096410513,0.010324281989596784,0.001316964000579901,0.0001744679939292837,0.0009085019955819007
11,40,Improved-gOMP,optimized,Improved-gOMP (optimized),128,256,0.5,gaussian,gaussian,clean,0.0,0.002691475706866313,0.051879434334486656,0.875,0.875,0,0.003712618999998085,16,40.0,0.2423881273201093,target_sparsity_reached,5,5,0.00047009699846967123,0.0,True,,0,0,3.3045352707649305,1.0,1.0,0.0,0.0,1.0,0.0,1.0,16784.0,1024.0,2048.0,0.0,12800.0,320.0,320.0,136.0,128.0,0.0,0.0,8.0,0.0,8.649799929116853e-05,0.002083293999021407,0.0008246799916378222,0.00014245701095205732,0.00019252999845775776
12,40,OMP,baseline,OMP (baseline),128,256,0.5,gaussian,gaussian,clean,0.0,1.409241442657576e-29,3.753986471282996e-15,1.0,1.0,1,0.00599261299794307,40,40.0,1.8478236683880214e-14,target_sparsity_reached,0,0,0.003162822002195753,1.0,False,,0,0,3.4289017981277072,0.0,0.0,0.0,0.0,0.0,0.0,0.0,10280.0,1024.0,2048.0,0.0,0.0,0.0,6560.0,328.0,0.0,0.0,0.0,320.0,0.0,0.00020981097986805253,0.0002982769983645994,0.003162822002195753,0.0003271500136179384,0.0
12,40,OMP,optimized,OMP (optimized),128,256,0.5,gaussian,gaussian,clean,0.0,2.966615129205676e-20,1.7223864633715848e-10,1.0,1.0,1,0.0017265110000153072,40,40.0,6.728143800827e-10,target_sparsity_reached,0,0,0.0007212580094346777,1.0,True,,0,0,3.4289017981277072,0.0,0.0,0.0,0.0,0.0,0.0,0.0,15056.0,1024.0,0.0,256.0,12800.0,320.0,320.0,328.0,0.0,0.0,0.0,8.0,0.0,0.0001532259993837215,6.0798993217758834e-05,0.0007212580094346777,0.0002713429930736311,0.0003278929980297107
12,40,gOMP,baseline,gOMP (baseline),128,256,0.5,gaussian,gaussian,clean,0.0,8.283741847082457e-06,0.0028781490314232264,0.975,0.975,0,0.002287672999955248,14,40.0,0.011398230211971156,target_sparsity_reached,1,1,0.0010929979944194201,3.0,False,,0,0,3.383777609315594,0.0,0.0,0.0,0.0,0.0,0.0,0.0,6064.0,1024.0,2048.0,256.0,0.0,0.0,2504.0,120.0,0.0,0.0,0.0,112.0,0.0,7.26790094631724e-05,0.00016327299454133026,0.0010929979944194201,0.00010262600335408933,0.0
12,40,gOMP,optimized,gOMP (optimized),128,256,0.5,gaussian,gaussian,clean,0.0,8.283741716463939e-06,0.0028781490087318165,0.975,0.975,0,0.0006426949985325336,14,40.0,0.011398230211971179,target_sparsity_reached,1,1,0.00025569000354153104,3.0,True,,0,0,3.383777609315594,0.0,0.0,0.0,0.0,0.0,0.0,0.0,1728.0,1024.0,0.0,256.0,0.0,0.0,320.0,120.0,0.0,0.0,0.0,8.0,0.0,5.195399353397079e-05,0.00010445099542266689,0.00025569000354153104,0.00010310000652680174,0.0
12,40,Improved-gOMP,baseline,Improved-gOMP (baseline),128,256,0.5,gaussian,gaussian,clean,0.0,0.0002049071713776052,0.01431457898010295,0.875,0.875,0,0.01500549499905901,17,40.0,0.0553324673035605,target_sparsity_reached,5,5,0.001507354998466326,17.58823529411765,False,,0,0,3.5835738601607594,1.0,1.0,1.0,1.0,1.0,1.0,0.0,6912.0,1024.0,2048.0,0.0,0.0,0.0,3152.0,144.0,136.0,136.0,136.0,136.0,0.0,9.536600191495381e-05,0.010763050006062258,0.0013899349942221306,0.00013948000560048968,0.0012207420040795114
12,40,Improved-gOMP,optimized,Improved-gOMP (optimized),128,256,0.5,gaussian,gaussian,clean,0.0,1.285361054634209e-29,3.585193236959772e-15,1.0,1.0,1,0.004439423999428982,17,40.0,1.7059692254974502e-14,residual_tol,0,0,0.0005161230074008927,0.0,True,,0,0,3.4289017981277072,1.0,1.0,0.0,0.0,1.0,0.0,1.0,16800.0,1024.0,2048.0,0.0,12800.0,320.0,320.0,144.0,136.0,0.0,0.0,8.0,0.0,7.629099854966626e-05,0.0019996389928564895,0.0008445980092801619,0.00011415399058023468,0.0010264659904350992
13,40,OMP,baseline,OMP (baseline),128,256,0.5,gaussian,gaussian,clean,0.0,0.00013489569208381802,0.011614460473212606,0.975,0.975,0,0.004994819999410538,40,40.0,0.0425297250724902,target_sparsity_reached,1,1,0.002525480002077529,1.0,False,,0,0,2.715506271714784,0.0,0.0,0.0,0.0,0.0,0.0,0.0,10280.0,1024.0,2048.0,0.0,0.0,0.0,6560.0,328.0,0.0,0.0,0.0,320.0,0.0,0.00020868000865448266,0.0002442759905534331,0.002525480002077529,0.0002900050094467588,0.0
13,40,OMP,optimized,OMP (optimized),128,256,0.5,gaussian,gaussian,clean,0.0,0.000134895692995409,0.0116144605124564,0.975,0.975,0,0.0017310490002273582,40,40.0,0.04252972507249025,target_sparsity_reached,1,1,0.0007549519978056196,1.0,True,,0,0,2.715506271714784,0.0,0.0,0.0,0.0,0.0,0.0,0.0,15056.0,1024.0,0.0,256.0,12800.0,320.0,320.0,328.0,0.0,0.0,0.0,8.0,0.0,0.0001710210090095643,5.038000381318852e-05,0.0007549519978056196,0.0002697630079637747,0.00031808700441615656
13,40,gOMP,baseline,gOMP (baseline),128,256,0.5,gaussian,gaussian,clean,0.0,0.0005180182202146833,0.022760013625098805,0.925,0.925,0,0.0029877989982196596,14,40.0,0.08307046243737747,target_sparsity_reached,3,3,0.0012302070099394768,3.0,False,,0,0,3.1532899991273378,0.0,0.0,0.0,0.0,0.0,0.0,0.0,6064.0,1024.0,2048.0,256.0,0.0,0.0,2504.0,120.0,0.0,0.0,0.0,112.0,0.0,0.0002696619994821958,0.00018138999803340994,0.0012302070099394768,0.00013021399354329333,0.0
13,40,gOMP,optimized,gOMP (optimized),128,256,0.5,gaussian,gaussian,clean,0.0,0.0005180182219029984,0.022760013662188307,0.925,0.925,0,0.0010501810029381886,14,40.0,0.08307046243737742,target_sparsity_reached,3,3,0.0003928700061806012,3.0,True,,0,0,3.1532899991273378,0.0,0.0,0.0,0.0,0.0,0.0,0.0,1728.0,1024.0,0.0,256.0,0.0,0.0,320.0,120.0,0.0,0.0,0.0,8.0,0.0,0.00012055400293320417,0.0001838489988585934,0.0003928700061806012,0.00016104901078506373,0.0
13,40,Improved-gOMP,baseline,Improved-gOMP (baseline),128,256,0.5,gaussian,gaussian,clean,0.0,0.0006738508718754803,0.02595863771224292,0.9,0.9,0,0.014237428000342334,16,40.0,0.09310849385803584,target_sparsity_reached,4,4,0.0017098220050684176,18.25,False,,0,0,3.127698156195553,1.0,1.0,1.0,1.0,1.0,1.0,0.0,6704.0,1024.0,2048.0,0.0,0.0,0.0,2984.0,136.0,128.0,128.0,128.0,128.0,0.0,0.0001088090029952582,0.009629406995372847,0.0015653759910492226,0.0001812250011425931,0.0013177730033930857
13,40,Improved-gOMP,optimized,Improved-gOMP (optimized),128,256,0.5,gaussian,gaussian,clean,0.0,3.392779857719421e-30,1.8419500149893917e-15,1.0,1.0,1,0.004685035000875359,17,40.0,9.124832805467e-15,residual_tol,0,0,0.00048084999798447825,0.0,True,,0,0,2.9511762613868284,1.0,1.0,0.0,0.0,1.0,0.0,1.0,16800.0,1024.0,2048.0,0.0,12800.0,320.0,320.0,144.0,136.0,0.0,0.0,8.0,0.0,9.081200187210925e-05,0.0021728960127802566,0.0008378860075026751,0.0001263150006707292,0.0010624349961290136
14,40,OMP,baseline,OMP (baseline),128,256,0.5,gaussian,gaussian,clean,0.0,1.8038763955332818e-05,0.004247206606151014,0.975,0.975,0,0.004915723999147303,40,40.0,0.01937225725326016,target_sparsity_reached,1,1,0.002529165994928917,1.0,False,,0,0,2.9080721065271913,0.0,0.0,0.0,0.0,0.0,0.0,0.0,10280.0,1024.0,2048.0,0.0,0.0,0.0,6560.0,328.0,0.0,0.0,0.0,320.0,0.0,0.00017718599701765925,0.00024408800163655542,0.002529165994928917,0.0002525289928598795,0.0
14,40,OMP,optimized,OMP (optimized),128,256,0.5,gaussian,gaussian,clean,0.0,1.8038764253682572e-05,0.004247206641274071,0.975,0.975,0,0.0015748509977129288,40,40.0,0.01937225725326032,target_sparsity_reached,1,1,0.0007108080062607769,1.0,True,,0,0,2.9080721065271913,0.0,0.0,0.0,0.0,0.0,0.0,0.0,15056.0,1024.0,0.0,256.0,12800.0,320.0,320.0,328.0,0.0,0.0,0.0,8.0,0.0,0.00013025800581090152,4.55310037068557e-05,0.0007108080062607769,0.00022297200121101923,0.00029327001902856864
14,40,gOMP,baseline,gOMP (baseline),128,256,0.5,gaussian,gaussian,clean,0.0,0.0010541680123399347,0.032467953621069724,0.9,0.9,0,0.002025156001764117,14,40.0,0.1416433273635717,target_sparsity_reached,4,4,0.0010436270022182725,3.0,False,,0,0,3.2991878490596114,0.0,0.0,0.0,0.0,0.0,0.0,0.0,6064.0,1024.0,2048.0,256.0,0.0,0.0,2504.0,120.0,0.0,0.0,0.0,112.0,0.0,5.8224999520462006e-05,0.00014457099314313382,0.0010436270022182725,9.715999840409495e-05,0.0
14,40,gOMP,optimized,gOMP (optimized),128,256,0.5,gaussian,gaussian,clean,0.0,0.0010541680137520592,0.03246795364281616,0.9,0.9,0,0.0006025590009812731,14,40.0,0.14164332736357158,target_sparsity_reached,4,4,0.00023797600078978576,3.0,True,,0,0,3.2991878490596114,0.0,0.0,0.0,0.0,0.0,0.0,0.0,1728.0,1024.0,0.0,256.0,0.0,0.0,320.0,120.0,0.0,0.0,0.0,8.0,0.0,4.717700358014554e-05,9.385800149175338e-05,0.00023797600078978576,7.578399527119473e-05,0.0
14,40,Improved-gOMP,baseline,Improved-gOMP (baseline),128,256,0.5,gaussian,gaussian,clean,0.0,1.7635742812668356e-05,0.004199493161402737,0.975,0.975,0,0.015196895998087712,18,40.0,0.019491584809011153,target_sparsity_reached,1,1,0.0016085649986052886,16.88888888888889,False,,0,0,2.988629962169857,1.0,1.0,1.0,1.0,1.0,1.0,0.0,7072.0,1024.0,2048.0,0.0,0.0,0.0,3272.0,152.0,144.0,144.0,144.0,144.0,0.0,0.00010840699906111695,0.011092295997514157,0.0014821510012552608,0.00014003800970385782,0.0009185100025206339
14,40,Improved-gOMP,optimized,Improved-gOMP (optimized),128,256,0.5,gaussian,gaussian,clean,0.0,1.8501763156347986e-05,0.0043013675914002035,0.975,0.975,0,0.004578590000164695,18,40.0,0.01901012430947011,target_sparsity_reached,1,1,0.0004988449909433257,0.0,True,,0,0,2.904800195092696,1.0,1.0,0.0,0.0,1.0,0.0,1.0,16816.0,1024.0,2048.0,0.0,12800.0,320.0,320.0,152.0,144.0,0.0,0.0,8.0,0.0,7.864300278015435e-05,0.0020209790018270724,0.0008637990067654755,0.0001197159981529694,0.0010891930032812525
15,40,OMP,baseline,OMP (baseline),128,256,0.5,gaussian,gaussian,clean,0.0,0.07462897761141163,0.2731830478111913,0.725,0.725,0,0.0060809240021626465,40,40.0,0.924282551902939,target_sparsity_reached,11,11,0.002972359990963014,1.0,False,,0,0,3.8423804510038417,0.0,0.0,0.0,0.0,0.0,0.0,0.0,10280.0,1024.0,2048.0,0.0,0.0,0.0,6560.0,328.0,0.0,0.0,0.0,320.0,0.0,0.00026294798954040743,0.0003047010104637593,0.002972359990963014,0.0003921629977412522,0.0
15,40,OMP,optimized,OMP (optimized),128,256,0.5,gaussian,gaussian,clean,0.0,0.07462897761074935,0.27318304780997915,0.725,0.725,0,0.0017941910009540152,40,40.0,0.9242825519029391,target_sparsity_reached,11,11,0.0008213049986807164,1.0,True,,0,0,3.8423804510038417,0.0,0.0,0.0,0.0,0.0,0.0,0.0,15056.0,1024.0,0.0,256.0,12800.0,320.0,320.0,328.0,0.0,0.0,0.0,8.0,0.0,0.0001722000124573242,5.003299520467408e-05,0.0008213049986807164,0.00025572498998371884,0.000322769999911543
15,40,gOMP,baseline,gOMP (baseline),128,256,0.5,gaussian,gaussian,clean,0.0,0.023629139853448694,0.15371772784376136,0.825,0.825,0,0.0021376570002757944,14,40.0,0.707638648794513,target_sparsity_reached,7,7,0.0010843870004464407,3.0,False,,0,0,3.638870704952883,0.0,0.0,0.0,0.0,0.0,0.0,0.0,6064.0,1024.0,2048.0,256.0,0.0,0.0,2504.0,120.0,0.0,0.0,0.0,112.0,0.0,6.940400635357946e-05,0.00015708800856373273,0.0010843870004464407,0.0001141299981100019,0.0
15,40,gOMP,optimized,gOMP (optimized),128,256,0.5,gaussian,gaussian,clean,0.0,0.023629139857591606,0.15371772785723709,0.825,0.825,0,0.0007114420004654676,14,40.0,0.7076386487945128,target_sparsity_reached,7,7,0.0002977450094476808,3.0,True,,0,0,3.638870704952883,0.0,0.0,0.0,0.0,0.0,0.0,0.0,1728.0,1024.0,0.0,256.0,0.0,0.0,320.0,120.0,0.0,0.0,0.0,8.0,0.0,6.399000267265365e-05,0.00010882699280045927,0.0002977450094476808,9.171200144919567e-05,0.0
15,40,Improved-gOMP,baseline,Improved-gOMP (baseline),128,256,0.5,gaussian,gaussian,clean,0.0,0.03227316285879635,0.17964732911679024,0.85,0.85,0,0.011632851001195377,16,40.0,0.6628045480028567,target_sparsity_reached,6,6,0.0013333310052985325,18.25,False,,0,0,3.1151413222199698,1.0,1.0,1.0,1.0,1.0,1.0,0.0,6632.0,1024.0,2048.0,0.0,0.0,0.0,2912.0,136.0,128.0,128.0,128.0,128.0,0.0,9.905899787554517e-05,0.008642467997560743,0.0012077630053681787,0.0001205400112667121,0.00030189000244718045
15,40,Improved-gOMP,optimized,Improved-gOMP (optimized),128,256,0.5,gaussian,gaussian,clean,0.0,0.017148188453387492,0.13095109183732487,0.85,0.85,0,0.004398034001496853,16,40.0,0.6001632538128066,target_sparsity_reached,6,6,0.00046180000936146826,0.0,True,,0,0,3.3019063079347566,1.0,1.0,0.0,0.0,1.0,0.0,1.0,16784.0,1024.0,2048.0,0.0,12800.0,320.0,320.0,136.0,128.0,0.0,0.0,8.0,0.0,7.978600842761807e-05,0.001962041998922359,0.0007801319989084732,0.00012315700587350875,0.0010782140016090125
16,40,OMP,baseline,OMP (baseline),128,256,0.5,gaussian,gaussian,clean,0.0,0.00027955125335260073,0.01671978628310185,0.95,0.95,0,0.005920841998886317,40,40.0,0.05723780188132758,target_sparsity_reached,2,2,0.0030359949851117563,1.0,False,,0,0,3.250699466447765,0.0,0.0,0.0,0.0,0.0,0.0,0.0,10280.0,1024.0,2048.0,0.0,0.0,0.0,6560.0,328.0,0.0,0.0,0.0,320.0,0.0,0.0002104660015902482,0.00027857300301548094,0.0030359949851117563,0.0003356310262461193,0.0
16,40,OMP,optimized,OMP (optimized),128,256,0.5,gaussian,gaussian,clean,0.0,0.0002795512542985394,0.01671978631138985,0.95,0.95,0,0.0016771569971751887,40,40.0,0.05723780188132759,target_sparsity_reached,2,2,0.0007608580053783953,1.0,True,,0,0,3.250699466447765,0.0,0.0,0.0,0.0,0.0,0.0,0.0,15056.0,1024.0,0.0,256.0,12800.0,320.0,320.0,328.0,0.0,0.0,0.0,8.0,0.0,0.00013637300799018703,4.742600140161812e-05,0.0007608580053783953,0.00024046100588748232,0.00030785700801061466
16,40,gOMP,baseline,gOMP (baseline),128,256,0.5,gaussian,gaussian,clean,0.0,1.0129313168959486e-06,0.0010064448901434934,0.975,0.975,0,0.0020559080003295094,14,40.0,0.0039966088730575165,target_sparsity_reached,1,1,0.001059090001945151,3.0,False,,0,0,3.4786049598679285,0.0,0.0,0.0,0.0,0.0,0.0,0.0,6064.0,1024.0,2048.0,256.0,0.0,0.0,2504.0,120.0,0.0,0.0,0.0,112.0,0.0,6.26139881205745e-05,0.0001434559926565271,0.001059090001945151,9.824500375543721e-05,0.0
16,40,gOMP,optimized,gOMP (optimized),128,256,0.5,gaussian,gaussian,clean,0.0,1.01293134483508e-06,0.0010064449040236034,0.975,0.975,0,0.0006156330018711742,14,40.0,0.003996608873057557,target_sparsity_reached,1,1,0.00025667900263215415,3.0,True,,0,0,3.4786049598679285,0.0,0.0,0.0,0.0,0.0,0.0,0.0,1728.0,1024.0,0.0,256.0,0.0,0.0,320.0,120.0,0.0,0.0,0.0,8.0,0.0,5.3283005399862304e-05,0.00010060700515168719,0.00025667900263215415,8.134100426104851e-05,0.0
16,40,Improved-gOMP,baseline,Improved-gOMP (baseline),128,256,0.5,gaussian,gaussian,clean,0.0,0.0029856598841649855,0.05464119219201742,0.85,0.85,0,0.014038083001651103,17,40.0,0.16588918430577704,target_sparsity_reached,6,6,0.0016346529955626465,17.294117647058822,False,,0,0,3.545805384668083,1.0,1.0,1.0,1.0,1.0,1.0,0.0,6912.0,1024.0,2048.0,0.0,0.0,0.0,3152.0,144.0,136.0,136.0,136.0,136.0,0.0,9.340500764665194e-05,0.009976521985663567,0.0014830370018898975,0.0001373310042254161,0.00099331700039329
16,40,Improved-gOMP,optimized,Improved-gOMP (optimized),128,256,0.5,gaussian,gaussian,clean,0.0,1.0129313168958351e-06,0.001006444890143437,0.975,0.975,0,0.004834164999920176,17,40.0,0.0039966088730575035,target_sparsity_reached,1,1,0.00047659500341978855,0.0,True,,0,0,3.4786049598679276,1.0,1.0,0.0,0.0,1.0,0.0,1.0,16800.0,1024.0,2048.0,0.0,12800.0,320.0,320.0,144.0,136.0,0.0,0.0,8.0,0.0,8.027601143112406e-05,0.0021413200011011213,0.0008056589831539895,0.00011836599514936097,0.0012808470128220506
17,40,OMP,baseline,OMP (baseline),128,256,0.5,gaussian,gaussian,clean,0.0,0.35771582781255296,0.5980934942068447,0.55,0.55,0,0.00667398299992783,40,40.0,0.9897015954817138,target_sparsity_reached,18,18,0.0034493900056986604,1.0,False,,0,0,3.2624050812437924,0.0,0.0,0.0,0.0,0.0,0.0,0.0,10280.0,1024.0,2048.0,0.0,0.0,0.0,6560.0,328.0,0.0,0.0,0.0,320.0,0.0,0.00034027198489638977,0.000326245015457971,0.0034493900056986604,0.00038117899021017365,0.0
17,40,OMP,optimized,OMP (optimized),128,256,0.5,gaussian,gaussian,clean,0.0,0.35771582768102833,0.5980934940968915,0.55,0.55,0,0.0020694519989774562,40,40.0,0.9897015954817137,target_sparsity_reached,18,18,0.0008914880163501948,1.0,True,,0,0,3.2624050812437924,0.0,0.0,0.0,0.0,0.0,0.0,0.0,15056.0,1024.0,0.0,256.0,12800.0,320.0,320.0,328.0,0.0,0.0,0.0,8.0,0.0,0.00022052699569030665,7.3461007559672e-05,0.0008914880163501948,0.000320446997648105,0.00037440798405441456
17,40,gOMP,baseline,gOMP (baseline),128,256,0.5,gaussian,gaussian,clean,0.0,0.0007740023503196193,0.027820897726702123,0.925,0.925,0,0.001977836996957194,14,40.0,0.1316852032326958,target_sparsity_reached,3,3,0.0010123279971594457,3.0,False,,0,0,3.4463746075737376,0.0,0.0,0.0,0.0,0.0,0.0,0.0,6064.0,1024.0,2048.0,256.0,0.0,0.0,2504.0,120.0,0.0,0.0,0.0,112.0,0.0,6.828299592598341e-05,0.00013662699711858295,0.0010123279971594457,9.733899059938267e-05,0.0
17,40,gOMP,optimized,gOMP (optimized),128,256,0.5,gaussian,gaussian,clean,0.0,0.0007740023519957713,0.027820897756826096,0.925,0.925,0,0.0006369449984049425,14,40.0,0.13168520323269586,target_sparsity_reached,3,3,0.00025346599795739166,3.0,True,,0,0,3.4463746075737376,0.0,0.0,0.0,0.0,0.0,0.0,0.0,1728.0,1024.0,0.0,256.0,0.0,0.0,320.0,120.0,0.0,0.0,0.0,8.0,0.0,5.9400997997727245e-05,0.00010357200153521262,0.00025346599795739166,8.087100650300272e-05,0.0
17,40,Improved-gOMP,baseline,Improved-gOMP (baseline),128,256,0.5,gaussian,gaussian,clean,0.0,0.07249430978855144,0.2692476736919958,0.775,0.775,0,0.01173939100044663,16,40.0,0.8682606610377729,target_sparsity_reached,9,9,0.0014207649983291049,18.1875,False,,0,0,3.6736390849772755,1.0,1.0,1.0,1.0,1.0,1.0,0.0,6632.0,1024.0,2048.0,0.0,0.0,0.0,2912.0,136.0,128.0,128.0,128.0,128.0,0.0,0.00011266300498391502,0.008531172999937553,0.001174587003333727,0.00011837501006084494,0.0005263220082269982
17,40,Improved-gOMP,optimized,Improved-gOMP (optimized),128,256,0.5,gaussian,gaussian,clean,0.0,6.0396895016148484e-05,0.007771543927441219,0.975,0.975,0,0.004727272997115506,17,40.0,0.04079169318517105,target_sparsity_reached,1,1,0.0004688459957833402,0.0,True,,0,0,3.4592952720931227,1.0,1.0,0.0,0.0,1.0,0.0,1.0,16800.0,1024.0,2048.0,0.0,12800.0,320.0,320.0,144.0,136.0,0.0,0.0,8.0,0.0,9.09000045794528e-05,0.002203501993790269,0.000812561993370764,0.0001237339893123135,0.0010835080029210076
18,40,OMP,baseline,OMP (baseline),128,256,0.5,gaussian,gaussian,clean,0.0,0.0004783166934250625,0.02187045251989685,0.925,0.925,0,0.0048194000009971205,40,40.0,0.0916802089113635,target_sparsity_reached,3,3,0.0024722319867578335,1.0,False,,0,0,3.262097240281978,0.0,0.0,0.0,0.0,0.0,0.0,0.0,10280.0,1024.0,2048.0,0.0,0.0,0.0,6560.0,328.0,0.0,0.0,0.0,320.0,0.0,0.00016916000095079653,0.0002381590020377189,0.0024722319867578335,0.00024485500034643337,0.0
18,40,OMP,optimized,OMP (optimized),128,256,0.5,gaussian,gaussian,clean,0.0,0.0004783166929551478,0.02187045250915371,0.925,0.925,0,0.0015012449985079002,40,40.0,0.0916802089113634,target_sparsity_reached,3,3,0.0006536500186484773,1.0,True,,0,0,3.262097240281978,0.0,0.0,0.0,0.0,0.0,0.0,0.0,15056.0,1024.0,0.0,256.0,12800.0,320.0,320.0,328.0,0.0,0.0,0.0,8.0,0.0,0.0001371400103380438,4.446000821189955e-05,0.0006536500186484773,0.00022257199088926427,0.00029122401247150265
18,40,gOMP,baseline,gOMP (baseline),128,256,0.5,gaussian,gaussian,clean,0.0,0.002995305753065114,0.05472938655845792,0.85,0.85,0,0.002425668000796577,14,40.0,0.27174585360047165,target_sparsity_reached,6,6,0.0012041030058753677,3.0,False,,0,0,3.4113269576451324,0.0,0.0,0.0,0.0,0.0,0.0,0.0,6064.0,1024.0,2048.0,256.0,0.0,0.0,2504.0,120.0,0.0,0.0,0.0,112.0,0.0,7.400299728033133e-05,0.00024986900098156184,0.0012041030058753677,0.00013579598817159422,0.0
18,40,gOMP,optimized,gOMP (optimized),128,256,0.5,gaussian,gaussian,clean,0.0,0.0029953057556805465,0.054729386582352144,0.85,0.85,0,0.0005820049991598353,14,40.0,0.2717458536004717,target_sparsity_reached,6,6,0.0002439840027363971,3.0,True,,0,0,3.4113269576451324,0.0,0.0,0.0,0.0,0.0,0.0,0.0,1728.0,1024.0,0.0,256.0,0.0,0.0,320.0,120.0,0.0,0.0,0.0,8.0,0.0,4.7382003685925156e-05,9.512700489722192e-05,0.0002439840027363971,7.574501069029793e-05,0.0
18,40,Improved-gOMP,baseline,Improved-gOMP (baseline),128,256,0.5,gaussian,gaussian,clean,0.0,0.0004639966733751052,0.02154058201105776,0.925,0.925,0,0.01383056799750193,17,40.0,0.09424026292911851,target_sparsity_reached,3,3,0.001439273008145392,17.294117647058822,False,,0,0,3.217618351534138,1.0,1.0,1.0,1.0,1.0,1.0,0.0,6912.0,1024.0,2048.0,0.0,0.0,0.0,3152.0,144.0,136.0,136.0,136.0,136.0,0.0,9.253298776457086e-05,0.009977113997592824,0.0013117669986968394,0.00012344900824245997,0.0009982739975384902
18,40,Improved-gOMP,optimized,Improved-gOMP (optimized),128,256,0.5,gaussian,gaussian,clean,0.0,0.0011182970187675824,0.03344094823367876,0.9,0.9,0,0.004327653001382714,17,40.0,0.1373253499067639,target_sparsity_reached,4,4,0.0004779699993378017,0.0,True,,0,0,3.3365940385191797,1.0,1.0,0.0,0.0,1.0,0.0,1.0,16800.0,1024.0,2048.0,0.0,12800.0,320.0,320.0,144.0,136.0,0.0,0.0,8.0,0.0,7.382300100289285e-05,0.001929537011164939,0.0007944709941511974,0.00011766099487431347,0.0010469090011611115
19,40,OMP,baseline,OMP (baseline),128,256,0.5,gaussian,gaussian,clean,0.0,0.0011669704564882556,0.0341609492913803,0.9,0.9,0,0.0049414160021115094,40,40.0,0.15189140042851196,target_sparsity_reached,4,4,0.0024945820041466504,1.0,False,,0,0,3.294986035496478,0.0,0.0,0.0,0.0,0.0,0.0,0.0,10280.0,1024.0,2048.0,0.0,0.0,0.0,6560.0,328.0,0.0,0.0,0.0,320.0,0.0,0.0001963520044228062,0.0002542990005167667,0.0024945820041466504,0.00028299400946707465,0.0
19,40,OMP,optimized,OMP (optimized),128,256,0.5,gaussian,gaussian,clean,0.0,0.0011669704566559097,0.034160949293834175,0.9,0.9,0,0.001627831003133906,40,40.0,0.15189140042851182,target_sparsity_reached,4,4,0.000686594004946528,1.0,True,,0,0,3.294986035496478,0.0,0.0,0.0,0.0,0.0,0.0,0.0,15056.0,1024.0,0.0,256.0,12800.0,320.0,320.0,328.0,0.0,0.0,0.0,8.0,0.0,0.00015978599185473286,4.937698395224288e-05,0.000686594004946528,0.00024754300466156565,0.00031407301503350027
19,40,gOMP,baseline,gOMP (baseline),128,256,0.5,gaussian,gaussian,clean,0.0,1.5830239949947226e-05,0.003978723407067552,0.975,0.975,0,0.0023498920018028002,14,40.0,0.01967856710996001,target_sparsity_reached,1,1,0.001146721999248257,3.0,False,,0,0,3.224217370275718,0.0,0.0,0.0,0.0,0.0,0.0,0.0,6064.0,1024.0,2048.0,256.0,0.0,0.0,2504.0,120.0,0.0,0.0,0.0,112.0,0.0,0.00010244099394185469,0.00017805701281758957,0.001146721999248257,0.00012913599857711233,0.0
19,40,gOMP,optimized,gOMP (optimized),128,256,0.5,gaussian,gaussian,clean,0.0,1.5830239735775152e-05,0.00397872338015288,0.975,0.975,0,0.0006126959997345693,14,40.0,0.019678567109960014,target_sparsity_reached,1,1,0.00024156600920832716,3.0,True,,0,0,3.224217370275718,0.0,0.0,0.0,0.0,0.0,0.0,0.0,1728.0,1024.0,0.0,256.0,0.0,0.0,320.0,120.0,0.0,0.0,0.0,8.0,0.0,5.664300624630414e-05,9.536000652587973e-05,0.00024156600920832716,9.097299698623829e-05,0.0
19,40,Improved-gOMP,baseline,Improved-gOMP (baseline),128,256,0.5,gaussian,gaussian,clean,0.0,0.016458898464930573,0.128292238521785,0.75,0.75,0,0.013900505000492558,16,40.0,0.47544356747230493,target_sparsity_reached,10,10,0.0013933680093032308,18.25,False,,0,0,3.500585429724225,1.0,1.0,1.0,1.0,1.0,1.0,0.0,6704.0,1024.0,2048.0,0.0,0.0,0.0,2984.0,136.0,128.0,128.0,128.0,128.0,0.0,0.00011624699618550949,0.009968676000426058,0.0012663150009757373,0.00019853500270983204,0.0009111819963436574
19,40,Improved-gOMP,optimized,Improved-gOMP (optimized),128,256,0.5,gaussian,gaussian,clean,0.0,1.5830239735775383e-05,0.003978723380152908,0.975,0.975,0,0.003416388000914594,16,40.0,0.019678567109959993,target_sparsity_reached,1,1,0.00044580200119526125,0.0,True,,0,0,3.224217370275718,1.0,1.0,0.0,0.0,1.0,0.0,1.0,16784.0,1024.0,2048.0,0.0,12800.0,320.0,320.0,136.0,128.0,0.0,0.0,8.0,0.0,7.996400017873384e-05,0.0019137560011586174,0.0007575009949505329,0.0001191830015159212,0.00019762399824685417
20,40,OMP,baseline,OMP (baseline),128,256,0.5,gaussian,gaussian,clean,0.0,3.767879161470576e-30,1.941102563356861e-15,1.0,1.0,1,0.006657883997831959,40,40.0,1.2646997902720454e-14,target_sparsity_reached,0,0,0.003213338990462944,1.0,False,,0,0,3.1584674420622254,0.0,0.0,0.0,0.0,0.0,0.0,0.0,10280.0,1024.0,2048.0,0.0,0.0,0.0,6560.0,328.0,0.0,0.0,0.0,320.0,0.0,0.000205406999157276,0.00031776601099409163,0.003213338990462944,0.0008610029835836031,0.0
20,40,OMP,optimized,OMP (optimized),128,256,0.5,gaussian,gaussian,clean,0.0,4.134555812181625e-20,2.0333607186580608e-10,1.0,1.0,1,0.001756375000695698,40,40.0,9.33189269868456e-10,target_sparsity_reached,0,0,0.0007388370067928918,1.0,True,,0,0,3.1584674420622254,0.0,0.0,0.0,0.0,0.0,0.0,0.0,15056.0,1024.0,0.0,256.0,12800.0,320.0,320.0,328.0,0.0,0.0,0.0,8.0,0.0,0.0002115809911629185,6.405799649655819e-05,0.0007388370067928918,0.000234072984312661,0.0003351310115249362
20,40,gOMP,baseline,gOMP (baseline),128,256,0.5,gaussian,gaussian,clean,0.0,1.9827213188988867e-05,0.004452775897009513,0.975,0.975,0,0.0020146880015090574,14,40.0,0.02359205150457233,target_sparsity_reached,1,1,0.0010310260113328695,3.0,False,,0,0,3.324596072113197,0.0,0.0,0.0,0.0,0.0,0.0,0.0,6064.0,1024.0,2048.0,256.0,0.0,0.0,2504.0,120.0,0.0,0.0,0.0,112.0,0.0,5.898300150875002e-05,0.0001429350013495423,0.0010310260113328695,9.532900367048569e-05,0.0
20,40,gOMP,optimized,gOMP (optimized),128,256,0.5,gaussian,gaussian,clean,0.0,1.982721315461982e-05,0.004452775893150229,0.975,0.975,0,0.0005965380005363841,14,40.0,0.023592051504572248,target_sparsity_reached,1,1,0.0002402119935140945,3.0,True,,0,0,3.324596072113197,0.0,0.0,0.0,0.0,0.0,0.0,0.0,1728.0,1024.0,0.0,256.0,0.0,0.0,320.0,120.0,0.0,0.0,0.0,8.0,0.0,4.8608988436171785e-05,9.762400804902427e-05,0.0002402119935140945,7.763400208204985e-05,0.0
20,40,Improved-gOMP,baseline,Improved-gOMP (baseline),128,256,0.5,gaussian,gaussian,clean,0.0,0.004807899531889758,0.06933901882699062,0.875,0.875,0,0.014302021001640242,16,40.0,0.3120755742595968,target_sparsity_reached,5,5,0.0014878989932185505,18.1875,False,,0,0,3.4673072260424553,1.0,1.0,1.0,1.0,1.0,1.0,0.0,6704.0,1024.0,2048.0,0.0,0.0,0.0,2984.0,136.0,128.0,128.0,128.0,128.0,0.0,8.780200005276129e-05,0.010399063998193014,0.0012262029922567308,0.00011966300007770769,0.0011394790053600445
20,40,Improved-gOMP,optimized,Improved-gOMP (optimized),128,256,0.5,gaussian,gaussian,clean,0.0,1.4445896772941635e-30,1.20191084415366e-15,1.0,1.0,1,0.004470904998015612,17,40.0,8.231236388208686e-15,residual_tol,0,0,0.0004924330023641232,0.0,True,,0,0,3.1584674420622245,1.0,1.0,0.0,0.0,1.0,0.0,1.0,16800.0,1024.0,2048.0,0.0,12800.0,320.0,320.0,144.0,136.0,0.0,0.0,8.0,0.0,7.62330055295024e-05,0.00203183199846535,0.0008275919935840648,0.00011214698679395951,0.0010457900025357958
21,40,OMP,baseline,OMP (baseline),128,256,0.5,gaussian,gaussian,clean,0.0,0.0021175956586261344,0.046017340846969144,0.875,0.875,0,0.005931619001785293,40,40.0,0.17818535426494678,target_sparsity_reached,5,5,0.0030061230099818204,1.0,False,,0,0,4.291760294147943,0.0,0.0,0.0,0.0,0.0,0.0,0.0,10280.0,1024.0,2048.0,0.0,0.0,0.0,6560.0,328.0,0.0,0.0,0.0,320.0,0.0,0.00024610801483504474,0.00027520799267222174,0.0030061230099818204,0.0003385839954717085,0.0
21,40,OMP,optimized,OMP (optimized),128,256,0.5,gaussian,gaussian,clean,0.0,0.00211759566466424,0.04601734091257599,0.875,0.875,0,0.0016806319981697015,40,40.0,0.17818535426494683,target_sparsity_reached,5,5,0.000722642016626196,1.0,True,,0,0,4.291760294147943,0.0,0.0,0.0,0.0,0.0,0.0,0.0,15056.0,1024.0,0.0,256.0,12800.0,320.0,320.0,328.0,0.0,0.0,0.0,8.0,0.0,0.00017494300482212566,5.50259901501704e-05,0.000722642016626196,0.0002408680011285469,0.00032319001547875814
21,40,gOMP,baseline,gOMP (baseline),128,256,0.5,gaussian,gaussian,clean,0.0,0.03491526898404014,0.18685627895267565,0.775,0.775,0,0.002479621001839405,14,40.0,0.5461607695906412,target_sparsity_reached,9,9,0.0011928710082429461,3.0,False,,0,0,4.246311043899855,0.0,0.0,0.0,0.0,0.0,0.0,0.0,6064.0,1024.0,2048.0,256.0,0.0,0.0,2504.0,120.0,0.0,0.0,0.0,112.0,0.0,9.281600432586856e-05,0.00020735600992338732,0.0011928710082429461,0.0001246719984919764,0.0
21,40,gOMP,optimized,gOMP (optimized),128,256,0.5,gaussian,gaussian,clean,0.0,0.03491526902516715,0.1868562790627255,0.775,0.775,0,0.0006918639992363751,14,40.0,0.5461607695906412,target_sparsity_reached,9,9,0.0002837750071194023,3.0,True,,0,0,4.246311043899855,0.0,0.0,0.0,0.0,0.0,0.0,0.0,1728.0,1024.0,0.0,256.0,0.0,0.0,320.0,120.0,0.0,0.0,0.0,8.0,0.0,6.476300040958449e-05,0.00011184800314367749,0.0002837750071194023,9.11189999897033e-05,0.0
21,40,Improved-gOMP,baseline,Improved-gOMP (baseline),128,256,0.5,gaussian,gaussian,clean,0.0,0.001715391282738179,0.04141728241613854,0.9,0.9,0,0.013629936998768244,17,40.0,0.18608618258908674,target_sparsity_reached,4,4,0.0013924009981565177,17.470588235294116,False,,0,0,3.5933470001416064,1.0,1.0,1.0,1.0,1.0,1.0,0.0,6912.0,1024.0,2048.0,0.0,0.0,0.0,3152.0,144.0,136.0,136.0,136.0,136.0,0.0,0.00010848100282601081,0.009870670990494546,0.0012638109983527102,0.00012170199261163361,0.0008818029964459129
21,40,Improved-gOMP,optimized,Improved-gOMP (optimized),128,256,0.5,gaussian,gaussian,clean,0.0,0.007604969843179071,0.08720647821795736,0.825,0.825,0,0.003674764000606956,17,40.0,0.35226875489397613,target_sparsity_reached,7,7,0.0005226960056461394,0.0,True,,0,0,4.653510684362393,1.0,1.0,0.0,0.0,1.0,0.0,1.0,16800.0,1024.0,2048.0,0.0,12800.0,320.0,320.0,144.0,136.0,0.0,0.0,8.0,0.0,0.00010107100388268009,0.0020033009968756232,0.0008643849978398066,0.00014853399625280872,0.00017911200484377332
22,40,OMP,baseline,OMP (baseline),128,256,0.5,gaussian,gaussian,clean,0.0,0.0038899778326734347,0.06236968680916583,0.9,0.9,0,0.0050119449988415,40,40.0,0.22344196116954665,target_sparsity_reached,4,4,0.0025471280059718993,1.0,False,,0,0,3.305209574230738,0.0,0.0,0.0,0.0,0.0,0.0,0.0,10280.0,1024.0,2048.0,0.0,0.0,0.0,6560.0,328.0,0.0,0.0,0.0,320.0,0.0,0.00018145601643482223,0.0002451519976602867,0.0025471280059718993,0.0002615930061438121,0.0
22,40,OMP,optimized,OMP (optimized),128,256,0.5,gaussian,gaussian,clean,0.0,0.0038899778285864084,0.06236968677640131,0.9,0.9,0,0.0015372640009445604,40,40.0,0.22344196116954668,target_sparsity_reached,4,4,0.0006831869941379409,1.0,True,,0,0,3.305209574230738,0.0,0.0,0.0,0.0,0.0,0.0,0.0,15056.0,1024.0,0.0,256.0,12800.0,320.0,320.0,328.0,0.0,0.0,0.0,8.0,0.0,0.00013118400602252223,4.543500836007297e-05,0.0006831869941379409,0.00022219200036488473,0.00029387601171038114
22,40,gOMP,baseline,gOMP (baseline),128,256,0.5,gaussian,gaussian,clean,0.0,0.00015318603211252751,0.012376834494834595,0.95,0.95,0,0.002065029999357648,14,40.0,0.044682689398865626,target_sparsity_reached,2,2,0.0010445999942021444,3.0,False,,0,0,2.906953547897676,0.0,0.0,0.0,0.0,0.0,0.0,0.0,6064.0,1024.0,2048.0,256.0,0.0,0.0,2504.0,120.0,0.0,0.0,0.0,112.0,0.0,8.828000500216149e-05,0.00014497599840979092,0.0010445999942021444,9.502599277766421e-05,0.0
22,40,gOMP,optimized,gOMP (optimized),128,256,0.5,gaussian,gaussian,clean,0.0,0.0001531860321144814,0.012376834494913528,0.95,0.95,0,0.0006150080007500947,14,40.0,0.04468268939886551,target_sparsity_reached,2,2,0.00026478100335225463,3.0,True,,0,0,2.906953547897676,0.0,0.0,0.0,0.0,0.0,0.0,0.0,1728.0,1024.0,0.0,256.0,0.0,0.0,320.0,120.0,0.0,0.0,0.0,8.0,0.0,4.809700112673454e-05,9.893801325233653e-05,0.00026478100335225463,8.207200153265148e-05,0.0
22,40,Improved-gOMP,baseline,Improved-gOMP (baseline),128,256,0.5,gaussian,gaussian,clean,0.0,0.031446444942004506,0.17733145502703265,0.775,0.775,0,0.01108554700113018,15,40.0,0.5177105563967249,target_sparsity_reached,9,9,0.001252521004062146,19.333333333333332,False,,0,0,3.325330172406039,1.0,1.0,1.0,1.0,1.0,1.0,0.0,6400.0,1024.0,2048.0,0.0,0.0,0.0,2720.0,128.0,120.0,120.0,120.0,120.0,0.0,8.659601007821038e-05,0.008179918004316278,0.001105765000829706,0.00016642299306113273,0.000312700001813937
22,40,Improved-gOMP,optimized,Improved-gOMP (optimized),128,256,0.5,gaussian,gaussian,clean,0.0,0.00014824384101732655,0.012175542740154402,0.95,0.95,0,0.00333152799794334,16,40.0,0.04493447445851026,target_sparsity_reached,2,2,0.00044192999848746695,0.0,True,,0,0,2.8714526948452765,1.0,1.0,0.0,0.0,1.0,0.0,1.0,16784.0,1024.0,2048.0,0.0,12800.0,320.0,320.0,136.0,128.0,0.0,0.0,8.0,0.0,6.733299596817233e-05,0.0018550719942140859,0.0007440340050379746,0.00011070899199694395,0.00019529900237102993
23,40,OMP,baseline,OMP (baseline),128,256,0.5,gaussian,gaussian,clean,0.0,1.3557953800114478e-30,1.1643862675295719e-15,1.0,1.0,1,0.0068422289987211116,40,40.0,5.670566669345251e-15,target_sparsity_reached,0,0,0.0031200919911498204,1.0,False,,0,0,2.9580038360382983,0.0,0.0,0.0,0.0,0.0,0.0,0.0,10280.0,1024.0,2048.0,0.0,0.0,0.0,6560.0,328.0,0.0,0.0,0.0,320.0,0.0,0.0003417710031499155,0.0004282850059098564,0.0031200919911498204,0.00042941001083818264,0.0
23,40,OMP,optimized,OMP (optimized),128,256,0.5,gaussian,gaussian,clean,0.0,2.0622366475882107e-20,1.436048971166447e-10,1.0,1.0,1,0.0016537970004719682,40,40.0,5.536915973406705e-10,target_sparsity_reached,0,0,0.0007279009951162152,1.0,True,,0,0,2.9580038360382983,0.0,0.0,0.0,0.0,0.0,0.0,0.0,15056.0,1024.0,0.0,256.0,12800.0,320.0,320.0,328.0,0.0,0.0,0.0,8.0,0.0,0.00016775099720689468,5.973300358164124e-05,0.0007279009951162152,0.00023235600019688718,0.00030795499333180487
23,40,gOMP,baseline,gOMP (baseline),128,256,0.5,gaussian,gaussian,clean,0.0,3.887356665005453e-06,0.0019716380664324407,0.975,0.975,0,0.0020713039994006976,14,40.0,0.006515750866290995,target_sparsity_reached,1,1,0.0010302020018571056,3.0,False,,0,0,2.9597693522421165,0.0,0.0,0.0,0.0,0.0,0.0,0.0,6064.0,1024.0,2048.0,256.0,0.0,0.0,2504.0,120.0,0.0,0.0,0.0,112.0,0.0,7.116800043149851e-05,0.0001570699896547012,0.0010302020018571056,0.00010236799789709039,0.0
23,40,gOMP,optimized,gOMP (optimized),128,256,0.5,gaussian,gaussian,clean,0.0,3.887356713329202e-06,0.0019716380786871613,0.975,0.975,0,0.0006787640013499185,14,40.0,0.006515750866290999,target_sparsity_reached,1,1,0.00027632499404717237,3.0,True,,0,0,2.9597693522421165,0.0,0.0,0.0,0.0,0.0,0.0,0.0,1728.0,1024.0,0.0,256.0,0.0,0.0,320.0,120.0,0.0,0.0,0.0,8.0,0.0,6.086200301069766e-05,0.0001138620100391563,0.00027632499404717237,9.905099432216957e-05,0.0
23,40,Improved-gOMP,baseline,Improved-gOMP (baseline),128,256,0.5,gaussian,gaussian,clean,0.0,3.5179705860456426e-06,0.0018756253853170262,0.975,0.975,0,0.012611119000212057,17,40.0,0.006647815827183854,target_sparsity_reached,1,1,0.0013821200009260792,18.058823529411764,False,,0,0,2.96403949536152,1.0,1.0,1.0,1.0,1.0,1.0,0.0,6816.0,1024.0,2048.0,0.0,0.0,0.0,3056.0,144.0,136.0,136.0,136.0,136.0,0.0,0.0001029739978548605,0.009457690008275677,0.0012510040032793768,0.00012605900701601058,0.0003026169870281592
23,40,Improved-gOMP,optimized,Improved-gOMP (optimized),128,256,0.5,gaussian,gaussian,clean,0.0,2.0622379290547214e-20,1.4360494173442366e-10,1.0,1.0,1,0.004366214998299256,18,40.0,5.536920195539428e-10,residual_tol,0,0,0.0004961140039085876,0.0,True,,0,0,2.9580038360382974,1.0,1.0,0.0,0.0,1.0,0.0,1.0,16816.0,1024.0,2048.0,0.0,12800.0,320.0,320.0,152.0,144.0,0.0,0.0,8.0,0.0,8.80960033100564e-05,0.0020044719822180923,0.0007944220124045387,0.00012805799997295253,0.000919333007914247
24,40,OMP,baseline,OMP (baseline),128,256,0.5,gaussian,gaussian,clean,0.0,5.317325428108742e-30,2.3059326590576626e-15,1.0,1.0,1,0.005649511000228813,40,40.0,1.6391359440227856e-14,target_sparsity_reached,0,0,0.002820166013407288,1.0,False,,0,0,3.0365553480125813,0.0,0.0,0.0,0.0,0.0,0.0,0.0,10280.0,1024.0,2048.0,0.0,0.0,0.0,6560.0,328.0,0.0,0.0,0.0,320.0,0.0,0.00021413099966594018,0.00029846200050087646,0.002820166013407288,0.0002939180048997514,0.0
24,40,OMP,optimized,OMP (optimized),128,256,0.5,gaussian,gaussian,clean,0.0,2.006829053923142e-20,1.4166259400149153e-10,1.0,1.0,1,0.0015378150019387249,40,40.0,7.55118121768726e-10,target_sparsity_reached,0,0,0.0006880079927213956,1.0,True,,0,0,3.0365553480125813,0.0,0.0,0.0,0.0,0.0,0.0,0.0,15056.0,1024.0,0.0,256.0,12800.0,320.0,320.0,328.0,0.0,0.0,0.0,8.0,0.0,0.00013006600420339964,4.7131998144323006e-05,0.0006880079927213956,0.00021980199380777776,0.0002950999951281119
24,40,gOMP,baseline,gOMP (baseline),128,256,0.5,gaussian,gaussian,clean,0.0,5.802552675764982e-30,2.4088488279186354e-15,1.0,1.0,1,0.0020228109970048536,14,40.0,1.7982116441671227e-14,target_sparsity_reached,0,0,0.001024792993121082,3.0,False,,0,0,3.036555348012584,0.0,0.0,0.0,0.0,0.0,0.0,0.0,6064.0,1024.0,2048.0,256.0,0.0,0.0,2504.0,120.0,0.0,0.0,0.0,112.0,0.0,5.944900112808682e-05,0.00015087399879121222,0.001024792993121082,8.825599434203468e-05,0.0
24,40,gOMP,optimized,gOMP (optimized),128,256,0.5,gaussian,gaussian,clean,0.0,2.006825986362707e-20,1.416624857314987e-10,1.0,1.0,1,0.0007933109991427045,14,40.0,7.551184249884902e-10,target_sparsity_reached,0,0,0.00033558699942659587,3.0,True,,0,0,3.036555348012584,0.0,0.0,0.0,0.0,0.0,0.0,0.0,1728.0,1024.0,0.0,256.0,0.0,0.0,320.0,120.0,0.0,0.0,0.0,8.0,0.0,7.374499182333238e-05,0.00013333200695342384,0.00033558699942659587,0.00010818400187417865,0.0
24,40,Improved-gOMP,baseline,Improved-gOMP (baseline),128,256,0.5,gaussian,gaussian,clean,0.0,0.000129490745975895,0.011379400071000889,0.95,0.95,0,0.012953738998476183,17,40.0,0.04728723641736399,target_sparsity_reached,2,2,0.0013752800005022436,17.88235294117647,False,,0,0,3.010779918905734,1.0,1.0,1.0,1.0,1.0,1.0,0.0,6816.0,1024.0,2048.0,0.0,0.0,0.0,3056.0,144.0,136.0,136.0,136.0,136.0,0.0,0.0001180360050057061,0.009475022994593019,0.00125270900389296,0.0001253260015801061,0.00029521000033128075
24,40,Improved-gOMP,optimized,Improved-gOMP (optimized),128,256,0.5,gaussian,gaussian,clean,0.0,2.006826695455043e-20,1.4166251075902343e-10,1.0,1.0,1,0.0045726230018772185,18,40.0,7.551179766191035e-10,residual_tol,0,0,0.0005386450029618572,0.0,True,,0,0,3.0365553480125818,1.0,1.0,0.0,0.0,1.0,0.0,1.0,16816.0,1024.0,2048.0,0.0,12800.0,320.0,320.0,152.0,144.0,0.0,0.0,8.0,0.0,8.212098691728897e-05,0.0021214289918134455,0.0009225010035152081,0.0001324989898421336,0.0007699340058024973
25,40,OMP,baseline,OMP (baseline),128,256,0.5,gaussian,gaussian,clean,0.0,2.1150927542966115e-30,1.4543358464593422e-15,1.0,1.0,1,0.0055304460001934785,40,40.0,9.22491171111944e-15,target_sparsity_reached,0,0,0.0027809530110971536,1.0,False,,0,0,3.1803082839255925,0.0,0.0,0.0,0.0,0.0,0.0,0.0,10280.0,1024.0,2048.0,0.0,0.0,0.0,6560.0,328.0,0.0,0.0,0.0,320.0,0.0,0.00024946898702182807,0.0002980430035677273,0.0027809530110971536,0.0003337360030855052,0.0
25,40,OMP,optimized,OMP (optimized),128,256,0.5,gaussian,gaussian,clean,0.0,2.2705196334573278e-20,1.506824353883799e-10,1.0,1.0,1,0.001679775999946287,40,40.0,6.961525613211982e-10,target_sparsity_reached,0,0,0.0007200549989647698,1.0,True,,0,0,3.1803082839255925,0.0,0.0,0.0,0.0,0.0,0.0,0.0,15056.0,1024.0,0.0,256.0,12800.0,320.0,320.0,328.0,0.0,0.0,0.0,8.0,0.0,0.00018713501413003542,5.05989883095026e-05,0.0007200549989647698,0.00023403099839924835,0.0003210290124116
25,40,gOMP,baseline,gOMP (baseline),128,256,0.5,gaussian,gaussian,clean,0.0,4.771598192801736e-05,0.006907675580686846,0.95,0.95,0,0.002304295998328598,14,40.0,0.031218659253555013,target_sparsity_reached,2,2,0.0011711299994203728,3.0,False,,0,0,3.235214285401719,0.0,0.0,0.0,0.0,0.0,0.0,0.0,6064.0,1024.0,2048.0,256.0,0.0,0.0,2504.0,120.0,0.0,0.0,0.0,112.0,0.0,7.255000309669413e-05,0.00014153499796520919,0.0011711299994203728,0.00012796500232070684,0.0
25,40,gOMP,optimized,gOMP (optimized),128,256,0.5,gaussian,gaussian,clean,0.0,4.771598116090698e-05,0.006907675525160905,0.95,0.95,0,0.0011096269990957808,14,40.0,0.031218659253555128,target_sparsity_reached,2,2,0.00037031899773865007,3.0,True,,0,0,3.235214285401719,0.0,0.0,0.0,0.0,0.0,0.0,0.0,1728.0,1024.0,0.0,256.0,0.0,0.0,320.0,120.0,0.0,0.0,0.0,8.0,0.0,0.00015212700600386597,0.00023611399956280366,0.00037031899773865007,0.00011417800487834029,0.0
25,40,Improved-gOMP,baseline,Improved-gOMP (baseline),128,256,0.5,gaussian,gaussian,clean,0.0,0.0009246744763863695,0.03040846060533761,0.875,0.875,0,0.014756065997062251,17,40.0,0.12995524730089078,target_sparsity_reached,5,5,0.001472130992624443,17.352941176470587,False,,0,0,3.2097881572236453,1.0,1.0,1.0,1.0,1.0,1.0,0.0,6912.0,1024.0,2048.0,0.0,0.0,0.0,3152.0,144.0,136.0,136.0,136.0,136.0,0.0,0.00011309500041534193,0.010649342995748157,0.001350209004158387,0.00016306200996041298,0.0009753179911058396
25,40,Improved-gOMP,optimized,Improved-gOMP (optimized),128,256,0.5,gaussian,gaussian,clean,0.0,1.9045161686213285e-05,0.004364076269522943,0.975,0.975,0,0.004651438997825608,17,40.0,0.019113528711276872,target_sparsity_reached,1,1,0.0004931160001433454,0.0,True,,0,0,3.1435559871530856,1.0,1.0,0.0,0.0,1.0,0.0,1.0,16800.0,1024.0,2048.0,0.0,12800.0,320.0,320.0,144.0,136.0,0.0,0.0,8.0,0.0,8.899898602976464e-05,0.00203880299886805,0.000843823014292866,0.00013210500401328318,0.001132323988713324
26,40,OMP,baseline,OMP (baseline),128,256,0.5,gaussian,gaussian,clean,0.0,0.003121415570478873,0.05586963012656226,0.9,0.9,0,0.00528215799931786,40,40.0,0.20757143497114175,target_sparsity_reached,4,4,0.002693071000976488,1.0,False,,0,0,3.384794361055296,0.0,0.0,0.0,0.0,0.0,0.0,0.0,10280.0,1024.0,2048.0,0.0,0.0,0.0,6560.0,328.0,0.0,0.0,0.0,320.0,0.0,0.00018649999037734233,0.00028637200011871755,0.002693071000976488,0.0002917630008596461,0.0
26,40,OMP,optimized,OMP (optimized),128,256,0.5,gaussian,gaussian,clean,0.0,0.003121415569661806,0.055869630119249995,0.9,0.9,0,0.0017205049989570398,40,40.0,0.20757143497114172,target_sparsity_reached,4,4,0.0007888689979154151,1.0,True,,0,0,3.384794361055296,0.0,0.0,0.0,0.0,0.0,0.0,0.0,15056.0,1024.0,0.0,256.0,12800.0,320.0,320.0,328.0,0.0,0.0,0.0,8.0,0.0,0.0001432510107406415,5.167499330127612e-05,0.0007888689979154151,0.00024358199152629822,0.0003271080022386741
26,40,gOMP,baseline,gOMP (baseline),128,256,0.5,gaussian,gaussian,clean,0.0,0.0014397368345081861,0.03794386425376554,0.925,0.925,0,0.0019608410002547316,14,40.0,0.1362076137392015,target_sparsity_reached,3,3,0.001023255998006789,3.0,False,,0,0,3.3609677282753094,0.0,0.0,0.0,0.0,0.0,0.0,0.0,6064.0,1024.0,2048.0,256.0,0.0,0.0,2504.0,120.0,0.0,0.0,0.0,112.0,0.0,5.61540036869701e-05,0.00013166499775252305,0.001023255998006789,8.92959906195756e-05,0.0
26,40,gOMP,optimized,gOMP (optimized),128,256,0.5,gaussian,gaussian,clean,0.0,0.0014397368342585592,0.03794386425047611,0.925,0.925,0,0.000724885001545772,14,40.0,0.1362076137392015,target_sparsity_reached,3,3,0.0002852990037354175,3.0,True,,0,0,3.3609677282753094,0.0,0.0,0.0,0.0,0.0,0.0,0.0,1728.0,1024.0,0.0,256.0,0.0,0.0,320.0,120.0,0.0,0.0,0.0,8.0,0.0,5.0385006034048274e-05,0.00012148000314482488,0.0002852990037354175,9.05699998838827e-05,0.0
26,40,Improved-gOMP,baseline,Improved-gOMP (baseline),128,256,0.5,gaussian,gaussian,clean,0.0,0.003723846667301282,0.06102332887757994,0.9,0.9,0,0.011905236002348829,16,40.0,0.22775947608549843,target_sparsity_reached,4,4,0.0014288270031102002,18.4375,False,,0,0,3.2617271310964844,1.0,1.0,1.0,1.0,1.0,1.0,0.0,6632.0,1024.0,2048.0,0.0,0.0,0.0,2912.0,136.0,128.0,128.0,128.0,128.0,0.0,0.0001016630012600217,0.00868204399739625,0.0012896310036012437,0.00013967399354442023,0.00034537300234660506
26,40,Improved-gOMP,optimized,Improved-gOMP (optimized),128,256,0.5,gaussian,gaussian,clean,0.0,0.0014397368342585599,0.03794386425047612,0.925,0.925,0,0.003312304997962201,16,40.0,0.1362076137392014,target_sparsity_reached,3,3,0.0004349630034994334,0.0,True,,0,0,3.3609677282753077,1.0,1.0,0.0,0.0,1.0,0.0,1.0,16784.0,1024.0,2048.0,0.0,12800.0,320.0,320.0,136.0,128.0,0.0,0.0,8.0,0.0,8.296499436255544e-05,0.0018547929939813912,0.0007389009988401085,0.00010273398947902024,0.00017960499098990113
27,40,OMP,baseline,OMP (baseline),128,256,0.5,gaussian,gaussian,clean,0.0,3.528848045057524e-30,1.878522835915902e-15,1.0,1.0,1,0.005182114000490401,40,40.0,1.1383663083572848e-14,target_sparsity_reached,0,0,0.002603614000690868,1.0,False,,0,0,3.030706244260231,0.0,0.0,0.0,0.0,0.0,0.0,0.0,10280.0,1024.0,2048.0,0.0,0.0,0.0,6560.0,328.0,0.0,0.0,0.0,320.0,0.0,0.00021426800958579406,0.00026362700009485707,0.002603614000690868,0.0003323170058138203,0.0
27,40,OMP,optimized,OMP (optimized),128,256,0.5,gaussian,gaussian,clean,0.0,3.3892682747677633e-20,1.8409965439315097e-10,1.0,1.0,1,0.0018750439994619228,40,40.0,7.302610001233285e-10,target_sparsity_reached,0,0,0.0008441209865850396,1.0,True,,0,0,3.030706244260231,0.0,0.0,0.0,0.0,0.0,0.0,0.0,15056.0,1024.0,0.0,256.0,12800.0,320.0,320.0,328.0,0.0,0.0,0.0,8.0,0.0,0.0001698560117802117,5.1220020395703614e-05,0.0008441209865850396,0.0002752390028035734,0.00036127101702732034
27,40,gOMP,baseline,gOMP (baseline),128,256,0.5,gaussian,gaussian,clean,0.0,0.0007725574484670269,0.02779491767332702,0.975,0.975,0,0.0022661830007564276,14,40.0,0.10944530821537864,target_sparsity_reached,1,1,0.0011379589886928443,3.0,False,,0,0,3.1332350591732068,0.0,0.0,0.0,0.0,0.0,0.0,0.0,6064.0,1024.0,2048.0,256.0,0.0,0.0,2504.0,120.0,0.0,0.0,0.0,112.0,0.0,7.457699757651426e-05,0.00014931401165085845,0.0011379589886928443,0.00012354399950709194,0.0
27,40,gOMP,optimized,gOMP (optimized),128,256,0.5,gaussian,gaussian,clean,0.0,0.0007725574454672774,0.027794917619364826,0.975,0.975,0,0.0005975569984002504,14,40.0,0.10944530821537875,target_sparsity_reached,1,1,0.00024354299966944382,3.0,True,,0,0,3.1332350591732068,0.0,0.0,0.0,0.0,0.0,0.0,0.0,1728.0,1024.0,0.0,256.0,0.0,0.0,320.0,120.0,0.0,0.0,0.0,8.0,0.0,5.83709916099906e-05,9.620199853088707e-05,0.00024354299966944382,7.834399002604187e-05,0.0
27,40,Improved-gOMP,baseline,Improved-gOMP (baseline),128,256,0.5,gaussian,gaussian,clean,0.0,0.05833321208537955,0.24152269476258242,0.75,0.75,0,0.013993911998113617,16,40.0,0.8360674538022441,target_sparsity_reached,10,10,0.00145425400842214,17.9375,False,,0,0,3.6492734047943958,1.0,1.0,1.0,1.0,1.0,1.0,0.0,6704.0,1024.0,2048.0,0.0,0.0,0.0,2984.0,136.0,128.0,128.0,128.0,128.0,0.0,9.998199675465003e-05,0.010108346006745705,0.0013269230039441027,0.00013330600268091075,0.0010132779898412991
27,40,Improved-gOMP,optimized,Improved-gOMP (optimized),128,256,0.5,gaussian,gaussian,clean,0.0,3.3892653939823064e-20,1.8409957615329552e-10,1.0,1.0,1,0.004236722998030018,17,40.0,7.302604705407782e-10,residual_tol,0,0,0.0004938279926136602,0.0,True,,0,0,3.0307062442602306,1.0,1.0,0.0,0.0,1.0,0.0,1.0,16800.0,1024.0,2048.0,0.0,12800.0,320.0,320.0,144.0,136.0,0.0,0.0,8.0,0.0,8.810899817035533e-05,0.002005239002755843,0.0008220769923354965,0.00012426200191839598,0.0008162490012182388
28,40,OMP,baseline,OMP (baseline),128,256,0.5,gaussian,gaussian,clean,0.0,3.894103004832219e-30,1.9733481712136404e-15,1.0,1.0,1,0.005278730997815728,40,40.0,1.243658285410711e-14,target_sparsity_reached,0,0,0.0026530549985182006,1.0,False,,0,0,2.842399651671697,0.0,0.0,0.0,0.0,0.0,0.0,0.0,10280.0,1024.0,2048.0,0.0,0.0,0.0,6560.0,328.0,0.0,0.0,0.0,320.0,0.0,0.00019442399207036942,0.00031238999144989066,0.0026530549985182006,0.00027668700204230845,0.0
28,40,OMP,optimized,OMP (optimized),128,256,0.5,gaussian,gaussian,clean,0.0,2.4024349296052738e-20,1.5499790094079577e-10,1.0,1.0,1,0.0016330280013789888,40,40.0,7.734616487483036e-10,target_sparsity_reached,0,0,0.0007105610093276482,1.0,True,,0,0,2.842399651671697,0.0,0.0,0.0,0.0,0.0,0.0,0.0,15056.0,1024.0,0.0,256.0,12800.0,320.0,320.0,328.0,0.0,0.0,0.0,8.0,0.0,0.00013927397958468646,5.056899681221694e-05,0.0007105610093276482,0.00023570700068376027,0.0003353829961270094
28,40,gOMP,baseline,gOMP (baseline),128,256,0.5,gaussian,gaussian,clean,0.0,8.08077495311926e-06,0.0028426703912200688,0.975,0.975,0,0.0020053360021847766,14,40.0,0.014408860916045275,target_sparsity_reached,1,1,0.001020920004521031,3.0,False,,0,0,3.4554307270414273,0.0,0.0,0.0,0.0,0.0,0.0,0.0,6064.0,1024.0,2048.0,256.0,0.0,0.0,2504.0,120.0,0.0,0.0,0.0,112.0,0.0,6.414399103960022e-05,0.0001407550007570535,0.001020920004521031,9.395400775247253e-05,0.0
28,40,gOMP,optimized,gOMP (optimized),128,256,0.5,gaussian,gaussian,clean,0.0,8.080775105244119e-06,0.002842670417977455,0.975,0.975,0,0.0005913429995416664,14,40.0,0.014408860916045116,target_sparsity_reached,1,1,0.00024230800408986397,3.0,True,,0,0,3.4554307270414273,0.0,0.0,0.0,0.0,0.0,0.0,0.0,1728.0,1024.0,0.0,256.0,0.0,0.0,320.0,120.0,0.0,0.0,0.0,8.0,0.0,4.895100209978409e-05,9.754499842529185e-05,0.00024230800408986397,8.322299618157558e-05,0.0
28,40,Improved-gOMP,baseline,Improved-gOMP (baseline),128,256,0.5,gaussian,gaussian,clean,0.0,0.0012572210881923018,0.035457313606536825,0.875,0.875,0,0.015364908998890314,17,40.0,0.16271057094663244,target_sparsity_reached,5,5,0.0015242699992086273,17.294117647058822,False,,0,0,3.411014412792104,1.0,1.0,1.0,1.0,1.0,1.0,0.0,6912.0,1024.0,2048.0,0.0,0.0,0.0,3152.0,144.0,136.0,136.0,136.0,136.0,0.0,0.00010327700147172436,0.011086485992564121,0.0013938530064478982,0.00023593299556523561,0.0009327579900855199
28,40,Improved-gOMP,optimized,Improved-gOMP (optimized),128,256,0.5,gaussian,gaussian,clean,0.0,2.402438220052676e-20,1.5499800708566146e-10,1.0,1.0,1,0.003934817999834195,17,40.0,7.734618390115369e-10,residual_tol,0,0,0.0005142559966770932,0.0,True,,0,0,2.842399651671698,1.0,1.0,0.0,0.0,1.0,0.0,1.0,16800.0,1024.0,2048.0,0.0,12800.0,320.0,320.0,144.0,136.0,0.0,0.0,8.0,0.0,7.66669945733156e-05,0.002195205986936344,0.0008976619865279645,0.000151597003423376,0.0002090090019919444
29,40,OMP,baseline,OMP (baseline),128,256,0.5,gaussian,gaussian,clean,0.0,4.694480339926697e-30,2.1666749502236595e-15,1.0,1.0,1,0.005020606000471162,40,40.0,1.3204837249356493e-14,target_sparsity_reached,0,0,0.002573810012108879,1.0,False,,0,0,2.948848513279188,0.0,0.0,0.0,0.0,0.0,0.0,0.0,10280.0,1024.0,2048.0,0.0,0.0,0.0,6560.0,328.0,0.0,0.0,0.0,320.0,0.0,0.00019949499983340502,0.00024849998590070754,0.002573810012108879,0.0002956870011985302,0.0
29,40,OMP,optimized,OMP (optimized),128,256,0.5,gaussian,gaussian,clean,0.0,2.7012253536810826e-20,1.6435404934716645e-10,1.0,1.0,1,0.0016009009996196255,40,40.0,6.644609457061896e-10,target_sparsity_reached,0,0,0.0006948820009711199,1.0,True,,0,0,2.948848513279188,0.0,0.0,0.0,0.0,0.0,0.0,0.0,15056.0,1024.0,0.0,256.0,12800.0,320.0,320.0,328.0,0.0,0.0,0.0,8.0,0.0,0.00016684400907251984,5.527101893676445e-05,0.0006948820009711199,0.0002231190046586562,0.0003011859953403473
29,40,gOMP,baseline,gOMP (baseline),128,256,0.5,gaussian,gaussian,clean,0.0,0.013198338029447448,0.11488401990463011,0.85,0.85,0,0.0020403239977895282,14,40.0,0.3740914571370137,target_sparsity_reached,6,6,0.0010383780136180576,3.0,False,,0,0,3.7919027747426814,0.0,0.0,0.0,0.0,0.0,0.0,0.0,6064.0,1024.0,2048.0,256.0,0.0,0.0,2504.0,120.0,0.0,0.0,0.0,112.0,0.0,6.638599734287709e-05,0.0001444569934392348,0.0010383780136180576,0.00010907799151027575,0.0
29,40,gOMP,optimized,gOMP (optimized),128,256,0.5,gaussian,gaussian,clean,0.0,0.013198338035064625,0.11488401992907728,0.85,0.85,0,0.0005844570005137939,14,40.0,0.37409145713701386,target_sparsity_reached,6,6,0.0002393629947619047,3.0,True,,0,0,3.7919027747426814,0.0,0.0,0.0,0.0,0.0,0.0,0.0,1728.0,1024.0,0.0,256.0,0.0,0.0,320.0,120.0,0.0,0.0,0.0,8.0,0.0,5.7470995670882985e-05,9.426099495613016e-05,0.0002393629947619047,7.52669875510037e-05,0.0
29,40,Improved-gOMP,baseline,Improved-gOMP (baseline),128,256,0.5,gaussian,gaussian,clean,0.0,0.22931913306575452,0.4788727733602679,0.625,0.625,0,0.011270740997133544,16,40.0,1.0014963232543879,target_sparsity_reached,15,15,0.001296085993089946,18.0,False,,0,0,3.5678059692169763,1.0,1.0,1.0,1.0,1.0,1.0,0.0,6632.0,1024.0,2048.0,0.0,0.0,0.0,2912.0,136.0,128.0,128.0,128.0,128.0,0.0,0.00011539400657056831,0.008368985993001843,0.001163945002190303,0.00011531099517014809,0.0003067719990212936
29,40,Improved-gOMP,optimized,Improved-gOMP (optimized),128,256,0.5,gaussian,gaussian,clean,0.0,0.016315323631943077,0.12773145122460278,0.825,0.825,0,0.003372366998519283,16,40.0,0.4006975450170285,target_sparsity_reached,7,7,0.0004566769966913853,0.0,True,,0,0,4.083679241442885,1.0,1.0,0.0,0.0,1.0,0.0,1.0,16784.0,1024.0,2048.0,0.0,12800.0,320.0,320.0,136.0,128.0,0.0,0.0,8.0,0.0,7.956000627018511e-05,0.0018219289886474144,0.0007999589943210594,0.00011769099364755675,0.00019358399731572717
